{
"type": "FeatureCollection",
"name": "state_23_tracts_simplified",
"crs": { "type": "name", "properties": { "name": "urn:ogc:def:crs:OGC:1.3:CRS84" } },
"features": [
{ "type": "Feature", "properties": { "GEOIDFQ": "1400000US23017965900", "NAME": "9659", "NAMELSAD": "Census Tract 9659" }, "geometry": { "type": "Polygon", "coordinates": [ [ [ -70.788, 44.4866 ], [ -70.7582, 44.5001 ], [ -70.7043, 44.5225 ], [ -70.6806, 44.4902 ], [ -70.6762, 44.4832 ], [ -70.6689, 44.4696 ], [ -70.6697, 44.4676 ], [ -70.661, 44.4572 ], [ -70.5558, 44.499 ], [ -70.5515, 44.4937 ], [ -70.5591, 44.4906 ], [ -70.5501, 44.4791 ], [ -70.5606, 44.4751 ], [ -70.5508, 44.4535 ], [ -70.6213, 44.4229 ], [ -70.6241, 44.4268 ], [ -70.6205, 44.4283 ], [ -70.6236, 44.4323 ], [ -70.6369, 44.4266 ], [ -70.6406, 44.4311 ], [ -70.7474, 44.3886 ], [ -70.8386, 44.3513 ], [ -70.8912, 44.418 ], [ -70.788, 44.4866 ] ] ] } },
{ "type": "Feature", "properties": { "GEOIDFQ": "1400000US23017966200", "NAME": "9662", "NAMELSAD": "Census Tract 9662" }, "geometry": { "type": "Polygon", "coordinates": [ [ [ -70.5289, 44.2878 ], [ -70.5264, 44.2877 ], [ -70.4686, 44.3124 ], [ -70.4568, 44.312 ], [ -70.4474, 44.2964 ], [ -70.4571, 44.2932 ], [ -70.415, 44.2236 ], [ -70.4245, 44.2196 ], [ -70.4225, 44.2154 ], [ -70.4346, 44.2104 ], [ -70.4313, 44.2048 ], [ -70.4692, 44.1891 ], [ -70.5035, 44.1754 ], [ -70.5074, 44.1815 ], [ -70.5126, 44.1794 ], [ -70.5241, 44.2002 ], [ -70.5254, 44.2032 ], [ -70.5268, 44.2044 ], [ -70.5228, 44.2051 ], [ -70.5202, 44.2063 ], [ -70.5276, 44.2087 ], [ -70.5264, 44.2108 ], [ -70.5286, 44.2128 ], [ -70.5273, 44.2191 ], [ -70.5276, 44.2199 ], [ -70.5287, 44.2209 ], [ -70.531, 44.222 ], [ -70.5368, 44.2198 ], [ -70.5536, 44.2501 ], [ -70.5662, 44.2709 ], [ -70.5289, 44.2878 ] ] ] } },
{ "type": "Feature", "properties": { "GEOIDFQ": "1400000US23011014002", "NAME": "140.02", "NAMELSAD": "Census Tract 140.02" }, "geometry": { "type": "Polygon", "coordinates": [ [ [ -70.0043, 44.2784 ], [ -70.0057, 44.2786 ], [ -69.9928, 44.2912 ], [ -69.9764, 44.3011 ], [ -69.9727, 44.3024 ], [ -69.9662, 44.3031 ], [ -69.9619, 44.3042 ], [ -69.9541, 44.3082 ], [ -69.9547, 44.3087 ], [ -69.9596, 44.3075 ], [ -69.9609, 44.3075 ], [ -69.9575, 44.3101 ], [ -69.9567, 44.3127 ], [ -69.9542, 44.3163 ], [ -69.9513, 44.3176 ], [ -69.9499, 44.3187 ], [ -69.9443, 44.3197 ], [ -69.9404, 44.3222 ], [ -69.9408, 44.3242 ], [ -69.9406, 44.3273 ], [ -69.9431, 44.335 ], [ -69.9431, 44.3367 ], [ -69.9413, 44.3375 ], [ -69.9391, 44.3378 ], [ -69.9382, 44.3383 ], [ -69.9338, 44.344 ], [ -69.9328, 44.3491 ], [ -69.8793, 44.3411 ], [ -69.8812, 44.3388 ], [ -69.8799, 44.3348 ], [ -69.8771, 44.3343 ], [ -69.8775, 44.333 ], [ -69.8765, 44.3328 ], [ -69.8802, 44.3215 ], [ -69.9107, 44.2688 ], [ -69.9232, 44.2709 ], [ -69.9374, 44.2677 ], [ -69.955, 44.2703 ], [ -69.9829, 44.2751 ], [ -69.9843, 44.2738 ], [ -69.9859, 44.2732 ], [ -69.988, 44.2729 ], [ -69.9891, 44.2722 ], [ -69.9898, 44.2713 ], [ -69.9903, 44.2688 ], [ -69.9897, 44.2671 ], [ -69.9905, 44.268 ], [ -69.9918, 44.2672 ], [ -70.006, 44.2695 ], [ -70.0043, 44.2784 ] ] ] } },
{ "type": "Feature", "properties": { "GEOIDFQ": "1400000US23011014001", "NAME": "140.01", "NAMELSAD": "Census Tract 140.01" }, "geometry": { "type": "Polygon", "coordinates": [ [ [ -70.0456, 44.2935 ], [ -70.0458, 44.2957 ], [ -70.0449, 44.2981 ], [ -70.0454, 44.3024 ], [ -70.0447, 44.3061 ], [ -70.044, 44.3068 ], [ -70.0436, 44.3101 ], [ -70.0298, 44.3085 ], [ -70.0221, 44.34 ], [ -70.017, 44.3593 ], [ -69.9995, 44.3558 ], [ -69.9566, 44.3488 ], [ -69.9526, 44.3491 ], [ -69.9354, 44.3494 ], [ -69.9328, 44.3491 ], [ -69.9338, 44.344 ], [ -69.9382, 44.3383 ], [ -69.9391, 44.3378 ], [ -69.9413, 44.3375 ], [ -69.9431, 44.3367 ], [ -69.9431, 44.335 ], [ -69.9406, 44.3273 ], [ -69.9408, 44.3242 ], [ -69.9404, 44.3222 ], [ -69.9443, 44.3197 ], [ -69.9499, 44.3187 ], [ -69.9513, 44.3176 ], [ -69.9542, 44.3163 ], [ -69.9567, 44.3127 ], [ -69.9575, 44.3101 ], [ -69.9609, 44.3075 ], [ -69.9596, 44.3075 ], [ -69.9547, 44.3087 ], [ -69.9541, 44.3082 ], [ -69.9617, 44.3043 ], [ -69.9662, 44.3031 ], [ -69.9734, 44.3022 ], [ -69.9764, 44.3011 ], [ -69.9795, 44.2995 ], [ -69.993, 44.2911 ], [ -70.0057, 44.2786 ], [ -70.0279, 44.2817 ], [ -70.0413, 44.2841 ], [ -70.0414, 44.2848 ], [ -70.0406, 44.2858 ], [ -70.039, 44.2864 ], [ -70.0409, 44.2865 ], [ -70.0433, 44.2878 ], [ -70.0448, 44.288 ], [ -70.0459, 44.2924 ], [ -70.0456, 44.2935 ] ] ] } },
{ "type": "Feature", "properties": { "GEOIDFQ": "1400000US23011010601", "NAME": "106.01", "NAMELSAD": "Census Tract 106.01" }, "geometry": { "type": "Polygon", "coordinates": [ [ [ -69.77, 44.2386 ], [ -69.7676, 44.2433 ], [ -69.7676, 44.2445 ], [ -69.7686, 44.2466 ], [ -69.7461, 44.2429 ], [ -69.7466, 44.2406 ], [ -69.6894, 44.2313 ], [ -69.6882, 44.2349 ], [ -69.6815, 44.234 ], [ -69.6817, 44.2334 ], [ -69.6799, 44.233 ], [ -69.6802, 44.2323 ], [ -69.6738, 44.2314 ], [ -69.6746, 44.229 ], [ -69.6654, 44.2276 ], [ -69.6567, 44.1224 ], [ -69.7582, 44.1393 ], [ -69.7588, 44.1447 ], [ -69.7601, 44.148 ], [ -69.7639, 44.1539 ], [ -69.764, 44.1609 ], [ -69.7634, 44.164 ], [ -69.7624, 44.1656 ], [ -69.761, 44.1671 ], [ -69.757, 44.1687 ], [ -69.7546, 44.1729 ], [ -69.7538, 44.1754 ], [ -69.7537, 44.1797 ], [ -69.7522, 44.1841 ], [ -69.7535, 44.1907 ], [ -69.7545, 44.1929 ], [ -69.7617, 44.2011 ], [ -69.7629, 44.2041 ], [ -69.7624, 44.2081 ], [ -69.7606, 44.2144 ], [ -69.7605, 44.2199 ], [ -69.7629, 44.2243 ], [ -69.7684, 44.2296 ], [ -69.7695, 44.2319 ], [ -69.7704, 44.2357 ], [ -69.77, 44.2386 ] ] ] } },
{ "type": "Feature", "properties": { "GEOIDFQ": "1400000US23011025001", "NAME": "250.01", "NAMELSAD": "Census Tract 250.01" }, "geometry": { "type": "Polygon", "coordinates": [ [ [ -69.7873, 44.5941 ], [ -69.7763, 44.6082 ], [ -69.7443, 44.6026 ], [ -69.7421, 44.5982 ], [ -69.6655, 44.5864 ], [ -69.6676, 44.5857 ], [ -69.6688, 44.5846 ], [ -69.669, 44.5821 ], [ -69.6702, 44.58 ], [ -69.6705, 44.5801 ], [ -69.6734, 44.5779 ], [ -69.6761, 44.5766 ], [ -69.6807, 44.5737 ], [ -69.6827, 44.5696 ], [ -69.684, 44.5689 ], [ -69.685, 44.5676 ], [ -69.6867, 44.5667 ], [ -69.6871, 44.5661 ], [ -69.687, 44.5637 ], [ -69.6883, 44.5626 ], [ -69.6915, 44.5618 ], [ -69.693, 44.5605 ], [ -69.6949, 44.5602 ], [ -69.6937, 44.5594 ], [ -69.6945, 44.5582 ], [ -69.7001, 44.555 ], [ -69.702, 44.5526 ], [ -69.7046, 44.551 ], [ -69.7091, 44.5492 ], [ -69.7098, 44.5492 ], [ -69.7118, 44.5479 ], [ -69.7125, 44.5474 ], [ -69.7121, 44.5471 ], [ -69.7133, 44.5465 ], [ -69.7145, 44.5451 ], [ -69.7146, 44.5442 ], [ -69.717, 44.5438 ], [ -69.7177, 44.5427 ], [ -69.7194, 44.542 ], [ -69.7212, 44.5402 ], [ -69.7222, 44.5401 ], [ -69.7221, 44.5399 ], [ -69.7251, 44.54 ], [ -69.7265, 44.5395 ], [ -69.7281, 44.5383 ], [ -69.7335, 44.5327 ], [ -69.7434, 44.5274 ], [ -69.745, 44.526 ], [ -69.7494, 44.521 ], [ -69.7536, 44.5185 ], [ -69.7585, 44.5167 ], [ -69.7596, 44.5158 ], [ -69.7605, 44.5141 ], [ -69.7879, 44.5185 ], [ -69.7843, 44.523 ], [ -69.7819, 44.5268 ], [ -69.781, 44.5297 ], [ -69.7807, 44.5329 ], [ -69.7798, 44.5347 ], [ -69.7779, 44.5361 ], [ -69.7738, 44.5373 ], [ -69.7726, 44.5383 ], [ -69.7707, 44.5434 ], [ -69.7704, 44.5477 ], [ -69.7662, 44.5586 ], [ -69.779, 44.5604 ], [ -69.7782, 44.563 ], [ -69.7797, 44.5684 ], [ -69.783, 44.5689 ], [ -69.7827, 44.5706 ], [ -69.7836, 44.5707 ], [ -69.7823, 44.5759 ], [ -69.7928, 44.5773 ], [ -69.7873, 44.5941 ] ] ] } },
{ "type": "Feature", "properties": { "GEOIDFQ": "1400000US23011025002", "NAME": "250.02", "NAMELSAD": "Census Tract 250.02" }, "geometry": { "type": "Polygon", "coordinates": [ [ [ -69.7585, 44.5167 ], [ -69.7536, 44.5185 ], [ -69.7507, 44.5201 ], [ -69.7483, 44.5221 ], [ -69.745, 44.526 ], [ -69.7434, 44.5274 ], [ -69.7335, 44.5327 ], [ -69.7281, 44.5383 ], [ -69.7265, 44.5395 ], [ -69.7251, 44.54 ], [ -69.7221, 44.5399 ], [ -69.7222, 44.5401 ], [ -69.7212, 44.5402 ], [ -69.7194, 44.542 ], [ -69.7177, 44.5427 ], [ -69.717, 44.5438 ], [ -69.7146, 44.5442 ], [ -69.7145, 44.5451 ], [ -69.7133, 44.5465 ], [ -69.7121, 44.5471 ], [ -69.7125, 44.5474 ], [ -69.7118, 44.5479 ], [ -69.7098, 44.5492 ], [ -69.7091, 44.5492 ], [ -69.7046, 44.551 ], [ -69.702, 44.5526 ], [ -69.7001, 44.555 ], [ -69.6945, 44.5582 ], [ -69.6937, 44.5594 ], [ -69.6949, 44.5602 ], [ -69.693, 44.5605 ], [ -69.6915, 44.5618 ], [ -69.6883, 44.5626 ], [ -69.687, 44.5637 ], [ -69.6871, 44.5661 ], [ -69.6867, 44.5667 ], [ -69.685, 44.5676 ], [ -69.684, 44.5689 ], [ -69.6827, 44.5696 ], [ -69.6807, 44.5737 ], [ -69.6761, 44.5766 ], [ -69.6734, 44.5779 ], [ -69.6705, 44.5801 ], [ -69.6673, 44.5786 ], [ -69.6671, 44.5782 ], [ -69.6712, 44.5662 ], [ -69.667, 44.5658 ], [ -69.667, 44.5639 ], [ -69.6683, 44.5617 ], [ -69.6697, 44.5577 ], [ -69.7184, 44.5134 ], [ -69.7199, 44.5075 ], [ -69.7605, 44.5141 ], [ -69.7601, 44.515 ], [ -69.7585, 44.5167 ] ] ] } },
{ "type": "Feature", "properties": { "GEOIDFQ": "1400000US23011010804", "NAME": "108.04", "NAMELSAD": "Census Tract 108.04" }, "geometry": { "type": "Polygon", "coordinates": [ [ [ -69.9374, 44.2677 ], [ -69.9232, 44.2709 ], [ -69.9014, 44.2673 ], [ -69.9021, 44.2659 ], [ -69.8887, 44.2638 ], [ -69.8902, 44.2604 ], [ -69.8762, 44.258 ], [ -69.8774, 44.2563 ], [ -69.8626, 44.254 ], [ -69.8619, 44.2545 ], [ -69.8579, 44.2532 ], [ -69.8482, 44.2516 ], [ -69.8555, 44.2465 ], [ -69.8457, 44.2434 ], [ -69.8472, 44.2386 ], [ -69.8, 44.2425 ], [ -69.8073, 44.221 ], [ -69.8058, 44.2211 ], [ -69.8015, 44.2133 ], [ -69.8045, 44.2122 ], [ -69.8058, 44.2112 ], [ -69.8062, 44.2094 ], [ -69.806, 44.2069 ], [ -69.8069, 44.2054 ], [ -69.8085, 44.204 ], [ -69.8114, 44.2024 ], [ -69.8173, 44.1978 ], [ -69.824, 44.1936 ], [ -69.8271, 44.1925 ], [ -69.8311, 44.1919 ], [ -69.8327, 44.1911 ], [ -69.834, 44.1896 ], [ -69.836, 44.1852 ], [ -69.84, 44.1818 ], [ -69.8408, 44.18 ], [ -69.8448, 44.1755 ], [ -69.8456, 44.1732 ], [ -69.8477, 44.172 ], [ -69.8482, 44.1705 ], [ -69.8517, 44.1738 ], [ -69.852, 44.1761 ], [ -69.8532, 44.1776 ], [ -69.8559, 44.1793 ], [ -69.8567, 44.1794 ], [ -69.8603, 44.1789 ], [ -69.863, 44.1801 ], [ -69.8643, 44.1803 ], [ -69.8652, 44.1813 ], [ -69.8674, 44.1816 ], [ -69.872, 44.1809 ], [ -69.876, 44.1814 ], [ -69.879, 44.1801 ], [ -69.8804, 44.18 ], [ -69.8849, 44.1817 ], [ -69.8903, 44.1816 ], [ -69.8927, 44.1821 ], [ -69.8942, 44.1828 ], [ -69.895, 44.1855 ], [ -69.8975, 44.1885 ], [ -69.898, 44.1896 ], [ -69.8973, 44.1923 ], [ -69.8952, 44.1946 ], [ -69.8953, 44.1955 ], [ -69.8969, 44.1979 ], [ -69.8969, 44.202 ], [ -69.8997, 44.2033 ], [ -69.9, 44.2057 ], [ -69.9007, 44.2071 ], [ -69.9031, 44.2076 ], [ -69.9051, 44.2087 ], [ -69.9104, 44.2096 ], [ -69.9116, 44.2102 ], [ -69.9125, 44.2112 ], [ -69.9136, 44.2155 ], [ -69.9146, 44.2174 ], [ -69.9153, 44.2181 ], [ -69.9184, 44.2197 ], [ -69.9192, 44.2212 ], [ -69.9211, 44.2224 ], [ -69.9221, 44.2239 ], [ -69.9221, 44.2252 ], [ -69.9205, 44.2267 ], [ -69.9179, 44.2272 ], [ -69.9176, 44.2263 ], [ -69.9172, 44.226 ], [ -69.9156, 44.2271 ], [ -69.9142, 44.2298 ], [ -69.9139, 44.2313 ], [ -69.913, 44.2326 ], [ -69.9472, 44.2383 ], [ -69.9374, 44.2677 ] ] ] } },
{ "type": "Feature", "properties": { "GEOIDFQ": "1400000US23011010803", "NAME": "108.03", "NAMELSAD": "Census Tract 108.03" }, "geometry": { "type": "Polygon", "coordinates": [ [ [ -69.8689, 44.268 ], [ -69.867, 44.2718 ], [ -69.868, 44.2734 ], [ -69.8673, 44.2759 ], [ -69.8655, 44.2763 ], [ -69.8646, 44.2777 ], [ -69.8628, 44.2791 ], [ -69.8556, 44.2804 ], [ -69.8477, 44.2858 ], [ -69.819, 44.2812 ], [ -69.8185, 44.281 ], [ -69.8208, 44.2739 ], [ -69.7926, 44.269 ], [ -69.7947, 44.262 ], [ -69.7882, 44.2669 ], [ -69.786, 44.2679 ], [ -69.7785, 44.2666 ], [ -69.7756, 44.2637 ], [ -69.773, 44.2621 ], [ -69.7677, 44.2532 ], [ -69.7675, 44.2524 ], [ -69.769, 44.2483 ], [ -69.7676, 44.2433 ], [ -69.77, 44.2386 ], [ -69.7702, 44.2348 ], [ -69.7739, 44.2354 ], [ -69.7739, 44.2358 ], [ -69.7773, 44.2364 ], [ -69.7772, 44.2369 ], [ -69.7791, 44.2372 ], [ -69.7813, 44.2381 ], [ -69.785, 44.2387 ], [ -69.7859, 44.2364 ], [ -69.7935, 44.2378 ], [ -69.7986, 44.2369 ], [ -69.8017, 44.2375 ], [ -69.8, 44.2425 ], [ -69.8472, 44.2386 ], [ -69.8457, 44.2434 ], [ -69.8555, 44.2465 ], [ -69.8482, 44.2516 ], [ -69.8579, 44.2532 ], [ -69.8619, 44.2545 ], [ -69.8626, 44.254 ], [ -69.8774, 44.2563 ], [ -69.8689, 44.268 ] ] ] } },
{ "type": "Feature", "properties": { "GEOIDFQ": "1400000US23011024202", "NAME": "242.02", "NAMELSAD": "Census Tract 242.02" }, "geometry": { "type": "Polygon", "coordinates": [ [ [ -69.7184, 44.5134 ], [ -69.6765, 44.5513 ], [ -69.6695, 44.558 ], [ -69.6683, 44.5617 ], [ -69.667, 44.5639 ], [ -69.667, 44.5658 ], [ -69.6712, 44.5662 ], [ -69.6671, 44.5782 ], [ -69.6673, 44.5786 ], [ -69.6702, 44.58 ], [ -69.669, 44.5821 ], [ -69.6691, 44.5838 ], [ -69.6687, 44.5848 ], [ -69.6673, 44.5859 ], [ -69.6657, 44.5864 ], [ -69.6645, 44.5858 ], [ -69.6615, 44.5815 ], [ -69.6593, 44.5797 ], [ -69.6585, 44.5793 ], [ -69.6573, 44.58 ], [ -69.6567, 44.58 ], [ -69.6562, 44.5795 ], [ -69.6543, 44.5763 ], [ -69.6542, 44.5727 ], [ -69.6516, 44.5696 ], [ -69.6502, 44.5662 ], [ -69.647, 44.5615 ], [ -69.6441, 44.5585 ], [ -69.6443, 44.5575 ], [ -69.6411, 44.5542 ], [ -69.6422, 44.5544 ], [ -69.6437, 44.5566 ], [ -69.647, 44.5585 ], [ -69.6474, 44.5584 ], [ -69.6483, 44.5552 ], [ -69.656, 44.5567 ], [ -69.6564, 44.555 ], [ -69.6542, 44.5537 ], [ -69.6556, 44.5521 ], [ -69.6562, 44.5504 ], [ -69.6575, 44.5487 ], [ -69.6559, 44.5479 ], [ -69.6567, 44.5471 ], [ -69.6602, 44.5476 ], [ -69.6608, 44.5466 ], [ -69.6634, 44.5443 ], [ -69.6634, 44.5439 ], [ -69.6628, 44.5438 ], [ -69.6615, 44.5439 ], [ -69.6611, 44.5429 ], [ -69.6614, 44.5427 ], [ -69.6577, 44.5421 ], [ -69.6594, 44.5366 ], [ -69.655, 44.5358 ], [ -69.6547, 44.5351 ], [ -69.6537, 44.5349 ], [ -69.6522, 44.5366 ], [ -69.6514, 44.5364 ], [ -69.6525, 44.5347 ], [ -69.6517, 44.5336 ], [ -69.6571, 44.5282 ], [ -69.6581, 44.5258 ], [ -69.6593, 44.5244 ], [ -69.6592, 44.5241 ], [ -69.6573, 44.5228 ], [ -69.6688, 44.5127 ], [ -69.6734, 44.5079 ], [ -69.6751, 44.505 ], [ -69.6766, 44.5005 ], [ -69.7199, 44.5075 ], [ -69.7184, 44.5134 ] ] ] } },
{ "type": "Feature", "properties": { "GEOIDFQ": "1400000US23011024201", "NAME": "242.01", "NAMELSAD": "Census Tract 242.01" }, "geometry": { "type": "Polygon", "coordinates": [ [ [ -69.6608, 44.5466 ], [ -69.6602, 44.5476 ], [ -69.6567, 44.5471 ], [ -69.6559, 44.5479 ], [ -69.6575, 44.5487 ], [ -69.6562, 44.5504 ], [ -69.6556, 44.5521 ], [ -69.6542, 44.5537 ], [ -69.6564, 44.555 ], [ -69.656, 44.5567 ], [ -69.6483, 44.5552 ], [ -69.6474, 44.5584 ], [ -69.647, 44.5585 ], [ -69.6437, 44.5566 ], [ -69.6422, 44.5544 ], [ -69.641, 44.5541 ], [ -69.6405, 44.553 ], [ -69.6407, 44.5509 ], [ -69.6433, 44.5465 ], [ -69.6424, 44.5464 ], [ -69.639, 44.5475 ], [ -69.6383, 44.5474 ], [ -69.638, 44.547 ], [ -69.6404, 44.546 ], [ -69.6417, 44.5444 ], [ -69.6434, 44.5446 ], [ -69.6474, 44.5417 ], [ -69.6485, 44.5402 ], [ -69.6491, 44.5403 ], [ -69.6537, 44.5349 ], [ -69.6547, 44.5351 ], [ -69.655, 44.5358 ], [ -69.6594, 44.5366 ], [ -69.6577, 44.5421 ], [ -69.6614, 44.5427 ], [ -69.6611, 44.5429 ], [ -69.6615, 44.5439 ], [ -69.6628, 44.5438 ], [ -69.6634, 44.5439 ], [ -69.6634, 44.5443 ], [ -69.6608, 44.5466 ] ] ] } },
{ "type": "Feature", "properties": { "GEOIDFQ": "1400000US23011010602", "NAME": "106.02", "NAMELSAD": "Census Tract 106.02" }, "geometry": { "type": "Polygon", "coordinates": [ [ [ -69.7879, 44.2878 ], [ -69.7871, 44.2887 ], [ -69.7848, 44.2896 ], [ -69.7837, 44.2905 ], [ -69.78, 44.2951 ], [ -69.6738, 44.2778 ], [ -69.6515, 44.275 ], [ -69.662, 44.2402 ], [ -69.6654, 44.2276 ], [ -69.6746, 44.229 ], [ -69.6738, 44.2314 ], [ -69.6802, 44.2323 ], [ -69.6799, 44.233 ], [ -69.6817, 44.2334 ], [ -69.6815, 44.234 ], [ -69.6882, 44.2349 ], [ -69.6894, 44.2313 ], [ -69.7466, 44.2406 ], [ -69.7461, 44.2429 ], [ -69.7686, 44.2466 ], [ -69.7689, 44.249 ], [ -69.7675, 44.252 ], [ -69.7677, 44.2532 ], [ -69.7725, 44.2613 ], [ -69.7734, 44.2625 ], [ -69.7756, 44.2637 ], [ -69.7781, 44.2664 ], [ -69.7837, 44.2694 ], [ -69.7856, 44.2711 ], [ -69.7888, 44.2775 ], [ -69.7895, 44.2807 ], [ -69.7879, 44.2878 ] ] ] } },
{ "type": "Feature", "properties": { "GEOIDFQ": "1400000US23019007100", "NAME": "71", "NAMELSAD": "Census Tract 71" }, "geometry": { "type": "Polygon", "coordinates": [ [ [ -68.6918, 44.9554 ], [ -68.6901, 44.9559 ], [ -68.6873, 44.9553 ], [ -68.6853, 44.9563 ], [ -68.6846, 44.9572 ], [ -68.683, 44.9558 ], [ -68.6805, 44.9554 ], [ -68.6769, 44.957 ], [ -68.6735, 44.9593 ], [ -68.6725, 44.9593 ], [ -68.6692, 44.9579 ], [ -68.6669, 44.9543 ], [ -68.6643, 44.9528 ], [ -68.6634, 44.9513 ], [ -68.664, 44.95 ], [ -68.6648, 44.9498 ], [ -68.664, 44.9485 ], [ -68.6596, 44.9491 ], [ -68.6582, 44.945 ], [ -68.6569, 44.9438 ], [ -68.6561, 44.9436 ], [ -68.6541, 44.9413 ], [ -68.649, 44.9402 ], [ -68.6456, 44.9417 ], [ -68.648, 44.9434 ], [ -68.6456, 44.9419 ], [ -68.6418, 44.9377 ], [ -68.6396, 44.9363 ], [ -68.6366, 44.935 ], [ -68.6361, 44.9335 ], [ -68.6401, 44.9312 ], [ -68.641, 44.9296 ], [ -68.6409, 44.9283 ], [ -68.6395, 44.9264 ], [ -68.6324, 44.9212 ], [ -68.631, 44.9194 ], [ -68.6307, 44.918 ], [ -68.6313, 44.9165 ], [ -68.6365, 44.9133 ], [ -68.6381, 44.9114 ], [ -68.6388, 44.909 ], [ -68.6387, 44.9077 ], [ -68.6376, 44.904 ], [ -68.6568, 44.9013 ], [ -68.66, 44.9124 ], [ -68.665, 44.9117 ], [ -68.6643, 44.9119 ], [ -68.664, 44.9125 ], [ -68.6661, 44.9245 ], [ -68.6673, 44.9247 ], [ -68.6689, 44.9255 ], [ -68.6613, 44.9305 ], [ -68.6866, 44.9323 ], [ -68.6925, 44.9432 ], [ -68.6933, 44.9473 ], [ -68.6924, 44.9488 ], [ -68.6952, 44.9503 ], [ -68.6918, 44.9554 ] ] ] } },
{ "type": "Feature", "properties": { "GEOIDFQ": "1400000US23019012000", "NAME": "120", "NAMELSAD": "Census Tract 120" }, "geometry": { "type": "Polygon", "coordinates": [ [ [ -68.964, 44.7608 ], [ -68.9589, 44.7612 ], [ -68.9601, 44.7076 ], [ -68.9607, 44.7078 ], [ -68.9617, 44.7077 ], [ -68.9625, 44.7081 ], [ -68.9652, 44.707 ], [ -68.9617, 44.6881 ], [ -68.9621, 44.6807 ], [ -69.061, 44.6639 ], [ -69.0814, 44.7458 ], [ -68.964, 44.7608 ] ] ] } },
{ "type": "Feature", "properties": { "GEOIDFQ": "1400000US23027043000", "NAME": "430", "NAMELSAD": "Census Tract 430" }, "geometry": { "type": "Polygon", "coordinates": [ [ [ -69.0761, 44.4495 ], [ -68.9974, 44.4845 ], [ -68.9812, 44.492 ], [ -68.9782, 44.4889 ], [ -68.9815, 44.4873 ], [ -68.978, 44.4749 ], [ -68.9768, 44.475 ], [ -68.9745, 44.4662 ], [ -68.9715, 44.4665 ], [ -68.9691, 44.4572 ], [ -68.9662, 44.4575 ], [ -68.9637, 44.4478 ], [ -68.9631, 44.4479 ], [ -68.9578, 44.4286 ], [ -68.9555, 44.4005 ], [ -68.9875, 44.3932 ], [ -68.989, 44.3946 ], [ -68.9902, 44.3951 ], [ -68.9967, 44.3931 ], [ -68.9973, 44.3935 ], [ -68.9982, 44.3953 ], [ -68.999, 44.3961 ], [ -68.9995, 44.396 ], [ -69.0067, 44.3906 ], [ -69.0418, 44.3751 ], [ -69.0606, 44.3674 ], [ -69.1028, 44.4137 ], [ -69.1183, 44.4298 ], [ -69.0761, 44.4495 ] ] ] } },
{ "type": "Feature", "properties": { "GEOIDFQ": "1400000US23031022000", "NAME": "220", "NAMELSAD": "Census Tract 220" }, "geometry": { "type": "Polygon", "coordinates": [ [ [ -70.7699, 43.7575 ], [ -70.7632, 43.7734 ], [ -70.7661, 43.7924 ], [ -70.7639, 43.7914 ], [ -70.7594, 43.7904 ], [ -70.7555, 43.7891 ], [ -70.7532, 43.7888 ], [ -70.7506, 43.7894 ], [ -70.7453, 43.788 ], [ -70.7409, 43.7889 ], [ -70.7332, 43.7896 ], [ -70.7314, 43.7902 ], [ -70.7294, 43.7928 ], [ -70.7266, 43.7942 ], [ -70.7186, 43.7949 ], [ -70.7173, 43.7957 ], [ -70.7171, 43.7966 ], [ -70.7161, 43.7977 ], [ -70.7126, 43.7996 ], [ -70.7081, 43.8002 ], [ -70.7033, 43.798 ], [ -70.7022, 43.7978 ], [ -70.7015, 43.7979 ], [ -70.7006, 43.7987 ], [ -70.7006, 43.8009 ], [ -70.6989, 43.804 ], [ -70.6982, 43.8046 ], [ -70.6965, 43.8052 ], [ -70.6952, 43.8052 ], [ -70.6933, 43.8042 ], [ -70.6926, 43.8023 ], [ -70.6941, 43.799 ], [ -70.6941, 43.798 ], [ -70.6905, 43.7973 ], [ -70.6896, 43.7958 ], [ -70.688, 43.7964 ], [ -70.6843, 43.7968 ], [ -70.6817, 43.7966 ], [ -70.6812, 43.7955 ], [ -70.6772, 43.7931 ], [ -70.6762, 43.7918 ], [ -70.6755, 43.7894 ], [ -70.6746, 43.7887 ], [ -70.673, 43.7884 ], [ -70.6716, 43.7892 ], [ -70.671, 43.7905 ], [ -70.6714, 43.7934 ], [ -70.6709, 43.7939 ], [ -70.6697, 43.7942 ], [ -70.6686, 43.7936 ], [ -70.6674, 43.7911 ], [ -70.6625, 43.7912 ], [ -70.6594, 43.7904 ], [ -70.656, 43.7883 ], [ -70.653, 43.7875 ], [ -70.6529, 43.7862 ], [ -70.6539, 43.7855 ], [ -70.6553, 43.7834 ], [ -70.6557, 43.7801 ], [ -70.6545, 43.779 ], [ -70.6531, 43.7766 ], [ -70.6522, 43.7726 ], [ -70.6499, 43.769 ], [ -70.6498, 43.7684 ], [ -70.6505, 43.7676 ], [ -70.6555, 43.7663 ], [ -70.6563, 43.7655 ], [ -70.6564, 43.7646 ], [ -70.6527, 43.762 ], [ -70.6521, 43.7597 ], [ -70.6511, 43.7584 ], [ -70.6478, 43.758 ], [ -70.6452, 43.757 ], [ -70.6436, 43.7549 ], [ -70.6431, 43.7509 ], [ -70.6439, 43.7491 ], [ -70.6457, 43.7473 ], [ -70.6456, 43.7417 ], [ -70.6461, 43.74 ], [ -70.6469, 43.7392 ], [ -70.6485, 43.7387 ], [ -70.651, 43.7368 ], [ -70.6534, 43.7314 ], [ -70.6562, 43.7207 ], [ -70.6565, 43.7173 ], [ -70.6587, 43.7139 ], [ -70.6595, 43.7116 ], [ -70.659, 43.7079 ], [ -70.6592, 43.7039 ], [ -70.6583, 43.7024 ], [ -70.657, 43.7013 ], [ -70.652, 43.6995 ], [ -70.6497, 43.6991 ], [ -70.6481, 43.6997 ], [ -70.6467, 43.701 ], [ -70.6426, 43.703 ], [ -70.6412, 43.7032 ], [ -70.6381, 43.7027 ], [ -70.6335, 43.7039 ], [ -70.6836, 43.6559 ], [ -70.6923, 43.6745 ], [ -70.6936, 43.6739 ], [ -70.6967, 43.6733 ], [ -70.6968, 43.6728 ], [ -70.6959, 43.6718 ], [ -70.6963, 43.6711 ], [ -70.7003, 43.6704 ], [ -70.7036, 43.6686 ], [ -70.7114, 43.6657 ], [ -70.7134, 43.6653 ], [ -70.7157, 43.666 ], [ -70.7196, 43.6656 ], [ -70.7439, 43.696 ], [ -70.7553, 43.7516 ], [ -70.7763, 43.7456 ], [ -70.7699, 43.7575 ] ] ] } },
{ "type": "Feature", "properties": { "GEOIDFQ": "1400000US23031005100", "NAME": "51", "NAMELSAD": "Census Tract 51" }, "geometry": { "type": "Polygon", "coordinates": [ [ [ -70.492, 43.6068 ], [ -70.4518, 43.5875 ], [ -70.4535, 43.5859 ], [ -70.413, 43.5651 ], [ -70.4546, 43.5258 ], [ -70.4682, 43.5159 ], [ -70.4685, 43.5159 ], [ -70.484, 43.504 ], [ -70.4863, 43.5017 ], [ -70.4883, 43.4989 ], [ -70.5001, 43.4982 ], [ -70.5021, 43.4984 ], [ -70.5041, 43.4991 ], [ -70.5062, 43.501 ], [ -70.5099, 43.5061 ], [ -70.5147, 43.5084 ], [ -70.5179, 43.5154 ], [ -70.521, 43.5164 ], [ -70.5229, 43.5175 ], [ -70.5258, 43.5199 ], [ -70.5269, 43.5217 ], [ -70.5287, 43.5256 ], [ -70.5284, 43.5266 ], [ -70.5257, 43.5294 ], [ -70.5232, 43.531 ], [ -70.5189, 43.5377 ], [ -70.514, 43.5405 ], [ -70.5122, 43.5437 ], [ -70.5124, 43.5445 ], [ -70.5133, 43.5451 ], [ -70.5154, 43.5454 ], [ -70.5198, 43.5452 ], [ -70.5239, 43.5506 ], [ -70.5271, 43.5532 ], [ -70.5295, 43.5546 ], [ -70.5312, 43.5545 ], [ -70.5327, 43.5539 ], [ -70.537, 43.5509 ], [ -70.5417, 43.5493 ], [ -70.5452, 43.549 ], [ -70.5477, 43.55 ], [ -70.492, 43.6068 ] ] ] } },
{ "type": "Feature", "properties": { "GEOIDFQ": "1400000US23031005200", "NAME": "52", "NAMELSAD": "Census Tract 52" }, "geometry": { "type": "Polygon", "coordinates": [ [ [ -70.4541, 43.5263 ], [ -70.413, 43.5651 ], [ -70.3901, 43.5537 ], [ -70.4253, 43.5177 ], [ -70.4226, 43.5178 ], [ -70.4216, 43.5184 ], [ -70.4196, 43.5185 ], [ -70.4188, 43.5182 ], [ -70.4168, 43.5186 ], [ -70.4152, 43.5184 ], [ -70.4148, 43.5179 ], [ -70.4158, 43.5175 ], [ -70.4174, 43.5142 ], [ -70.4164, 43.5126 ], [ -70.417, 43.5119 ], [ -70.4166, 43.5095 ], [ -70.4149, 43.5081 ], [ -70.4151, 43.5067 ], [ -70.4144, 43.5054 ], [ -70.4147, 43.5045 ], [ -70.4143, 43.5039 ], [ -70.4166, 43.5021 ], [ -70.4233, 43.4999 ], [ -70.4276, 43.4957 ], [ -70.4331, 43.4986 ], [ -70.442, 43.5002 ], [ -70.443, 43.5007 ], [ -70.4457, 43.5033 ], [ -70.4479, 43.5079 ], [ -70.4517, 43.5143 ], [ -70.4561, 43.5186 ], [ -70.4573, 43.521 ], [ -70.459, 43.5225 ], [ -70.4541, 43.5263 ] ] ] } },
{ "type": "Feature", "properties": { "GEOIDFQ": "1400000US23011010400", "NAME": "104", "NAMELSAD": "Census Tract 104" }, "geometry": { "type": "Polygon", "coordinates": [ [ [ -69.8314, 44.3212 ], [ -69.8206, 44.3196 ], [ -69.8125, 44.3167 ], [ -69.8068, 44.316 ], [ -69.8006, 44.3143 ], [ -69.7937, 44.3129 ], [ -69.7797, 44.3107 ], [ -69.7781, 44.3102 ], [ -69.7726, 44.3125 ], [ -69.7738, 44.3062 ], [ -69.7796, 44.2956 ], [ -69.8017, 44.2993 ], [ -69.8005, 44.3027 ], [ -69.8106, 44.3043 ], [ -69.8089, 44.3097 ], [ -69.8187, 44.3113 ], [ -69.8195, 44.312 ], [ -69.8192, 44.3126 ], [ -69.8271, 44.314 ], [ -69.8264, 44.3177 ], [ -69.8324, 44.3187 ], [ -69.8314, 44.3212 ] ] ] } },
{ "type": "Feature", "properties": { "GEOIDFQ": "1400000US23019027000", "NAME": "270", "NAMELSAD": "Census Tract 270" }, "geometry": { "type": "Polygon", "coordinates": [ [ [ -68.5983, 45.3293 ], [ -68.5987, 45.3289 ], [ -68.5978, 45.3294 ], [ -68.5974, 45.3293 ], [ -68.5976, 45.3296 ], [ -68.5955, 45.3307 ], [ -68.5935, 45.3312 ], [ -68.5893, 45.3333 ], [ -68.5867, 45.3365 ], [ -68.5863, 45.3378 ], [ -68.5844, 45.3392 ], [ -68.5763, 45.34 ], [ -68.5718, 45.3412 ], [ -68.5713, 45.3411 ], [ -68.5719, 45.3399 ], [ -68.5714, 45.3396 ], [ -68.5709, 45.3413 ], [ -68.5677, 45.3439 ], [ -68.5626, 45.3505 ], [ -68.5614, 45.3513 ], [ -68.56, 45.3515 ], [ -68.5608, 45.3516 ], [ -68.5574, 45.3548 ], [ -68.5567, 45.3549 ], [ -68.5567, 45.3552 ], [ -68.5555, 45.3558 ], [ -68.5535, 45.3561 ], [ -68.5518, 45.357 ], [ -68.5482, 45.3603 ], [ -68.5443, 45.3634 ], [ -68.5412, 45.3648 ], [ -68.5366, 45.3683 ], [ -68.5348, 45.3708 ], [ -68.5305, 45.3719 ], [ -68.5256, 45.3715 ], [ -68.5221, 45.3726 ], [ -68.5205, 45.3737 ], [ -68.515, 45.3745 ], [ -68.5126, 45.3757 ], [ -68.5093, 45.3755 ], [ -68.507, 45.3764 ], [ -68.5049, 45.3797 ], [ -68.5035, 45.3803 ], [ -68.5029, 45.3809 ], [ -68.5025, 45.3824 ], [ -68.503, 45.3836 ], [ -68.5012, 45.3852 ], [ -68.4984, 45.3896 ], [ -68.4966, 45.3911 ], [ -68.4949, 45.3949 ], [ -68.4949, 45.3963 ], [ -68.4956, 45.397 ], [ -68.4964, 45.3991 ], [ -68.4961, 45.4012 ], [ -68.4951, 45.4025 ], [ -68.4935, 45.407 ], [ -68.4921, 45.4088 ], [ -68.4912, 45.4111 ], [ -68.4885, 45.413 ], [ -68.4868, 45.4147 ], [ -68.486, 45.4163 ], [ -68.4847, 45.4172 ], [ -68.4847, 45.4169 ], [ -68.4829, 45.4175 ], [ -68.4811, 45.417 ], [ -68.4791, 45.417 ], [ -68.4766, 45.418 ], [ -68.4703, 45.4234 ], [ -68.4648, 45.426 ], [ -68.4638, 45.4272 ], [ -68.4628, 45.4297 ], [ -68.461, 45.4305 ], [ -68.4577, 45.4327 ], [ -68.4535, 45.4344 ], [ -68.4514, 45.4359 ], [ -68.4507, 45.437 ], [ -68.4481, 45.438 ], [ -68.4452, 45.4378 ], [ -68.4449, 45.4375 ], [ -68.4447, 45.4378 ], [ -68.4425, 45.4383 ], [ -68.3846, 45.4128 ], [ -68.3686, 45.4061 ], [ -68.3578, 45.3729 ], [ -68.3411, 45.318 ], [ -68.4583, 45.2978 ], [ -68.514, 45.2887 ], [ -68.6003, 45.3277 ], [ -68.5983, 45.3293 ] ] ] } },
{ "type": "Feature", "properties": { "GEOIDFQ": "1400000US23019015500", "NAME": "155", "NAMELSAD": "Census Tract 155" }, "geometry": { "type": "Polygon", "coordinates": [ [ [ -69.1094, 45.1072 ], [ -69.0817, 45.0001 ], [ -69.0797, 44.9905 ], [ -69.0624, 44.927 ], [ -69.1209, 44.9194 ], [ -69.1835, 44.9108 ], [ -69.2085, 45.0044 ], [ -69.232, 45.0902 ], [ -69.1094, 45.1072 ] ] ] } },
{ "type": "Feature", "properties": { "GEOIDFQ": "1400000US23019006200", "NAME": "62", "NAMELSAD": "Census Tract 62" }, "geometry": { "type": "Polygon", "coordinates": [ [ [ -68.8022, 44.9008 ], [ -68.8012, 44.9 ], [ -68.8002, 44.9009 ], [ -68.7967, 44.9016 ], [ -68.7956, 44.9027 ], [ -68.794, 44.9028 ], [ -68.7935, 44.9022 ], [ -68.7926, 44.9018 ], [ -68.7923, 44.901 ], [ -68.7915, 44.9007 ], [ -68.7911, 44.898 ], [ -68.788, 44.8979 ], [ -68.7872, 44.8976 ], [ -68.7862, 44.8983 ], [ -68.7868, 44.8988 ], [ -68.7875, 44.9007 ], [ -68.7871, 44.9013 ], [ -68.7129, 44.9129 ], [ -68.7134, 44.9119 ], [ -68.7113, 44.9114 ], [ -68.6812, 44.9048 ], [ -68.6807, 44.9056 ], [ -68.6773, 44.9033 ], [ -68.676, 44.9012 ], [ -68.676, 44.8991 ], [ -68.6771, 44.8974 ], [ -68.6779, 44.8969 ], [ -68.6768, 44.8924 ], [ -68.6717, 44.886 ], [ -68.6708, 44.8857 ], [ -68.6727, 44.8827 ], [ -68.6785, 44.8758 ], [ -68.6859, 44.8642 ], [ -68.6915, 44.8573 ], [ -68.6964, 44.8522 ], [ -68.699, 44.8474 ], [ -68.7404, 44.8782 ], [ -68.7444, 44.8802 ], [ -68.7952, 44.8735 ], [ -68.8028, 44.9007 ], [ -68.8022, 44.9008 ] ] ] } },
{ "type": "Feature", "properties": { "GEOIDFQ": "1400000US23019000700", "NAME": "7", "NAMELSAD": "Census Tract 7" }, "geometry": { "type": "Polygon", "coordinates": [ [ [ -68.8428, 44.8216 ], [ -68.8399, 44.8244 ], [ -68.836, 44.8226 ], [ -68.8371, 44.8215 ], [ -68.8344, 44.8202 ], [ -68.8337, 44.8208 ], [ -68.8296, 44.8189 ], [ -68.8302, 44.8182 ], [ -68.8292, 44.8177 ], [ -68.8285, 44.8184 ], [ -68.8273, 44.8178 ], [ -68.8261, 44.819 ], [ -68.8244, 44.8182 ], [ -68.8206, 44.8221 ], [ -68.8011, 44.8126 ], [ -68.8036, 44.8105 ], [ -68.7997, 44.8083 ], [ -68.7994, 44.8073 ], [ -68.8009, 44.8057 ], [ -68.8024, 44.806 ], [ -68.8042, 44.804 ], [ -68.8066, 44.8036 ], [ -68.806, 44.8011 ], [ -68.8063, 44.8001 ], [ -68.8052, 44.7994 ], [ -68.8048, 44.7982 ], [ -68.7794, 44.8011 ], [ -68.7848, 44.7955 ], [ -68.7824, 44.7944 ], [ -68.7842, 44.7925 ], [ -68.7776, 44.7894 ], [ -68.7745, 44.7953 ], [ -68.7716, 44.7942 ], [ -68.77, 44.794 ], [ -68.7722, 44.7911 ], [ -68.7752, 44.7841 ], [ -68.7763, 44.7825 ], [ -68.7812, 44.7783 ], [ -68.7918, 44.7834 ], [ -68.8364, 44.7775 ], [ -68.8484, 44.8242 ], [ -68.8428, 44.8216 ] ] ] } },
{ "type": "Feature", "properties": { "GEOIDFQ": "1400000US23019015000", "NAME": "150", "NAMELSAD": "Census Tract 150" }, "geometry": { "type": "Polygon", "coordinates": [ [ [ -69.232, 45.0902 ], [ -69.2085, 45.0044 ], [ -69.3184, 44.989 ], [ -69.3309, 44.9869 ], [ -69.3557, 45.0735 ], [ -69.232, 45.0902 ] ] ] } },
{ "type": "Feature", "properties": { "GEOIDFQ": "1400000US23019014000", "NAME": "140", "NAMELSAD": "Census Tract 140" }, "geometry": { "type": "Polygon", "coordinates": [ [ [ -69.3184, 44.989 ], [ -69.2085, 45.0044 ], [ -69.1835, 44.9108 ], [ -69.2421, 44.9043 ], [ -69.3055, 44.896 ], [ -69.3309, 44.9869 ], [ -69.3184, 44.989 ] ] ] } },
{ "type": "Feature", "properties": { "GEOIDFQ": "1400000US23019012500", "NAME": "125", "NAMELSAD": "Census Tract 125" }, "geometry": { "type": "Polygon", "coordinates": [ [ [ -69.1906, 44.821 ], [ -69.1668, 44.7492 ], [ -69.1524, 44.751 ], [ -69.1481, 44.7369 ], [ -69.0814, 44.7458 ], [ -69.061, 44.6639 ], [ -69.1837, 44.644 ], [ -69.198, 44.6996 ], [ -69.2052, 44.7296 ], [ -69.2668, 44.7219 ], [ -69.2863, 44.808 ], [ -69.1906, 44.821 ] ] ] } },
{ "type": "Feature", "properties": { "GEOIDFQ": "1400000US23019004200", "NAME": "42", "NAMELSAD": "Census Tract 42" }, "geometry": { "type": "Polygon", "coordinates": [ [ [ -68.7811, 44.7678 ], [ -68.7796, 44.769 ], [ -68.7788, 44.7733 ], [ -68.7778, 44.7748 ], [ -68.7708, 44.7815 ], [ -68.7618, 44.7928 ], [ -68.7608, 44.7953 ], [ -68.7614, 44.7971 ], [ -68.753, 44.7856 ], [ -68.7515, 44.7841 ], [ -68.7131, 44.7677 ], [ -68.7277, 44.7502 ], [ -68.7351, 44.7401 ], [ -68.7568, 44.7491 ], [ -68.7676, 44.7539 ], [ -68.7638, 44.756 ], [ -68.7854, 44.7662 ], [ -68.7811, 44.7678 ] ] ] } },
{ "type": "Feature", "properties": { "GEOIDFQ": "1400000US23019026500", "NAME": "265", "NAMELSAD": "Census Tract 265" }, "geometry": { "type": "Polygon", "coordinates": [ [ [ -68.6041, 45.3727 ], [ -68.6033, 45.3741 ], [ -68.6013, 45.3749 ], [ -68.6012, 45.3752 ], [ -68.6027, 45.3759 ], [ -68.6038, 45.3773 ], [ -68.6039, 45.381 ], [ -68.6035, 45.3861 ], [ -68.5894, 45.4215 ], [ -68.5881, 45.4263 ], [ -68.588, 45.4323 ], [ -68.5903, 45.4518 ], [ -68.5896, 45.4557 ], [ -68.5875, 45.46 ], [ -68.5709, 45.4629 ], [ -68.5715, 45.4647 ], [ -68.5127, 45.4711 ], [ -68.5064, 45.4722 ], [ -68.539, 45.573 ], [ -68.5629, 45.5697 ], [ -68.5616, 45.6693 ], [ -68.4325, 45.6678 ], [ -68.433, 45.5785 ], [ -68.4269, 45.577 ], [ -68.4144, 45.5728 ], [ -68.4109, 45.5733 ], [ -68.4104, 45.5731 ], [ -68.41, 45.5722 ], [ -68.4125, 45.5704 ], [ -68.4104, 45.5691 ], [ -68.4099, 45.5695 ], [ -68.4097, 45.5692 ], [ -68.4089, 45.5692 ], [ -68.4078, 45.5687 ], [ -68.4026, 45.5629 ], [ -68.3943, 45.5584 ], [ -68.3885, 45.5534 ], [ -68.3869, 45.5527 ], [ -68.383, 45.5489 ], [ -68.3811, 45.5462 ], [ -68.3774, 45.5441 ], [ -68.3752, 45.5413 ], [ -68.3734, 45.5374 ], [ -68.3707, 45.5353 ], [ -68.3688, 45.5324 ], [ -68.3684, 45.5293 ], [ -68.3668, 45.526 ], [ -68.365, 45.524 ], [ -68.3632, 45.5162 ], [ -68.3606, 45.5114 ], [ -68.3617, 45.5084 ], [ -68.3602, 45.5031 ], [ -68.3622, 45.5016 ], [ -68.3638, 45.501 ], [ -68.3649, 45.4997 ], [ -68.3672, 45.4985 ], [ -68.3694, 45.4962 ], [ -68.3699, 45.4964 ], [ -68.3711, 45.4939 ], [ -68.3709, 45.4916 ], [ -68.3715, 45.4902 ], [ -68.3724, 45.4898 ], [ -68.3743, 45.4896 ], [ -68.3777, 45.4884 ], [ -68.3834, 45.4855 ], [ -68.3849, 45.4838 ], [ -68.3859, 45.4805 ], [ -68.3895, 45.4797 ], [ -68.3936, 45.4777 ], [ -68.3958, 45.4738 ], [ -68.3965, 45.4713 ], [ -68.3978, 45.4704 ], [ -68.3976, 45.4717 ], [ -68.3978, 45.4707 ], [ -68.4007, 45.4676 ], [ -68.4075, 45.4647 ], [ -68.4109, 45.4621 ], [ -68.418, 45.4588 ], [ -68.42, 45.4582 ], [ -68.4235, 45.4548 ], [ -68.4274, 45.4531 ], [ -68.4266, 45.4538 ], [ -68.4272, 45.4537 ], [ -68.4304, 45.4513 ], [ -68.435, 45.4492 ], [ -68.4372, 45.4475 ], [ -68.4423, 45.4421 ], [ -68.4447, 45.4403 ], [ -68.4497, 45.4389 ], [ -68.4519, 45.4379 ], [ -68.4539, 45.4365 ], [ -68.4544, 45.4365 ], [ -68.4564, 45.4346 ], [ -68.4567, 45.4349 ], [ -68.4608, 45.4322 ], [ -68.467, 45.4296 ], [ -68.4686, 45.4294 ], [ -68.4724, 45.4266 ], [ -68.4727, 45.4267 ], [ -68.4734, 45.4266 ], [ -68.4728, 45.4266 ], [ -68.4768, 45.4242 ], [ -68.4807, 45.4213 ], [ -68.4803, 45.4222 ], [ -68.481, 45.4212 ], [ -68.482, 45.4205 ], [ -68.4857, 45.419 ], [ -68.487, 45.4181 ], [ -68.4869, 45.419 ], [ -68.4883, 45.417 ], [ -68.4888, 45.4154 ], [ -68.4931, 45.4114 ], [ -68.4954, 45.4078 ], [ -68.4955, 45.4068 ], [ -68.4958, 45.4068 ], [ -68.4993, 45.3978 ], [ -68.4976, 45.3956 ], [ -68.4978, 45.3932 ], [ -68.5009, 45.3892 ], [ -68.5029, 45.388 ], [ -68.5043, 45.3861 ], [ -68.5053, 45.3857 ], [ -68.5067, 45.386 ], [ -68.5097, 45.384 ], [ -68.5126, 45.3847 ], [ -68.5125, 45.3851 ], [ -68.5137, 45.3858 ], [ -68.5161, 45.3858 ], [ -68.5154, 45.3869 ], [ -68.5156, 45.3881 ], [ -68.5151, 45.3885 ], [ -68.5151, 45.3889 ], [ -68.5161, 45.3896 ], [ -68.5177, 45.3921 ], [ -68.5177, 45.3913 ], [ -68.5163, 45.3894 ], [ -68.5152, 45.3888 ], [ -68.5159, 45.3881 ], [ -68.5156, 45.3872 ], [ -68.5164, 45.3861 ], [ -68.5157, 45.3849 ], [ -68.5172, 45.3848 ], [ -68.5198, 45.3841 ], [ -68.5283, 45.3812 ], [ -68.5314, 45.3782 ], [ -68.5363, 45.3762 ], [ -68.5399, 45.3741 ], [ -68.5433, 45.3714 ], [ -68.5474, 45.3666 ], [ -68.6047, 45.3578 ], [ -68.6041, 45.3727 ] ] ] } },
{ "type": "Feature", "properties": { "GEOIDFQ": "1400000US23019000900", "NAME": "9", "NAMELSAD": "Census Tract 9" }, "geometry": { "type": "Polygon", "coordinates": [ [ [ -68.8386, 44.8677 ], [ -68.8377, 44.8662 ], [ -68.8354, 44.8642 ], [ -68.8341, 44.8636 ], [ -68.8318, 44.8633 ], [ -68.8314, 44.863 ], [ -68.831, 44.8621 ], [ -68.8313, 44.8605 ], [ -68.8294, 44.8593 ], [ -68.8287, 44.8575 ], [ -68.829, 44.8564 ], [ -68.8286, 44.8545 ], [ -68.8261, 44.8535 ], [ -68.8253, 44.8536 ], [ -68.8239, 44.8544 ], [ -68.8223, 44.8545 ], [ -68.8186, 44.8527 ], [ -68.8167, 44.8524 ], [ -68.8135, 44.8504 ], [ -68.8105, 44.8502 ], [ -68.8097, 44.8498 ], [ -68.8084, 44.8467 ], [ -68.8097, 44.844 ], [ -68.8091, 44.8426 ], [ -68.8066, 44.8406 ], [ -68.8078, 44.8374 ], [ -68.8079, 44.8355 ], [ -68.8068, 44.831 ], [ -68.8078, 44.8293 ], [ -68.8071, 44.828 ], [ -68.8069, 44.8265 ], [ -68.8052, 44.825 ], [ -68.8019, 44.8241 ], [ -68.8007, 44.8233 ], [ -68.7991, 44.8213 ], [ -68.795, 44.8188 ], [ -68.7932, 44.8172 ], [ -68.7885, 44.8147 ], [ -68.7902, 44.8121 ], [ -68.7944, 44.8076 ], [ -68.7999, 44.8031 ], [ -68.8018, 44.7986 ], [ -68.8048, 44.7982 ], [ -68.8052, 44.7994 ], [ -68.8063, 44.8001 ], [ -68.806, 44.8011 ], [ -68.8066, 44.8036 ], [ -68.8042, 44.804 ], [ -68.8024, 44.806 ], [ -68.8009, 44.8057 ], [ -68.7994, 44.8073 ], [ -68.7997, 44.8083 ], [ -68.8036, 44.8105 ], [ -68.8011, 44.8126 ], [ -68.8206, 44.8221 ], [ -68.8244, 44.8182 ], [ -68.8261, 44.819 ], [ -68.8273, 44.8178 ], [ -68.8285, 44.8184 ], [ -68.8292, 44.8177 ], [ -68.8302, 44.8182 ], [ -68.8296, 44.8189 ], [ -68.8337, 44.8208 ], [ -68.8344, 44.8202 ], [ -68.8371, 44.8215 ], [ -68.836, 44.8226 ], [ -68.8399, 44.8244 ], [ -68.8428, 44.8216 ], [ -68.8484, 44.8242 ], [ -68.859, 44.8649 ], [ -68.8386, 44.8677 ] ] ] } },
{ "type": "Feature", "properties": { "GEOIDFQ": "1400000US23019007200", "NAME": "72", "NAMELSAD": "Census Tract 72" }, "geometry": { "type": "Polygon", "coordinates": [ [ [ -68.684, 44.9988 ], [ -68.6753, 45.0001 ], [ -68.6502, 45.003 ], [ -68.6485, 44.9995 ], [ -68.6466, 44.9931 ], [ -68.6428, 44.987 ], [ -68.6426, 44.9864 ], [ -68.6431, 44.9865 ], [ -68.6432, 44.986 ], [ -68.6429, 44.9856 ], [ -68.6425, 44.9859 ], [ -68.6422, 44.9852 ], [ -68.6414, 44.9788 ], [ -68.6393, 44.9747 ], [ -68.6398, 44.9735 ], [ -68.642, 44.971 ], [ -68.6431, 44.9672 ], [ -68.6459, 44.9671 ], [ -68.6481, 44.9684 ], [ -68.6516, 44.9695 ], [ -68.6525, 44.9734 ], [ -68.6544, 44.976 ], [ -68.6563, 44.977 ], [ -68.6587, 44.9773 ], [ -68.6618, 44.9788 ], [ -68.6657, 44.9821 ], [ -68.6688, 44.9856 ], [ -68.6719, 44.9875 ], [ -68.6739, 44.9883 ], [ -68.6769, 44.988 ], [ -68.6782, 44.9874 ], [ -68.6793, 44.9849 ], [ -68.6794, 44.9797 ], [ -68.6811, 44.9789 ], [ -68.6841, 44.9753 ], [ -68.6833, 44.9741 ], [ -68.6833, 44.9732 ], [ -68.6838, 44.9719 ], [ -68.6876, 44.9669 ], [ -68.6884, 44.9644 ], [ -68.6878, 44.9637 ], [ -68.6879, 44.9632 ], [ -68.6968, 44.9512 ], [ -68.6961, 44.9505 ], [ -68.6952, 44.9503 ], [ -68.6924, 44.9488 ], [ -68.6933, 44.9473 ], [ -68.6925, 44.9432 ], [ -68.6866, 44.9323 ], [ -68.6613, 44.9305 ], [ -68.6689, 44.9255 ], [ -68.6673, 44.9247 ], [ -68.6661, 44.9245 ], [ -68.664, 44.9125 ], [ -68.6643, 44.9119 ], [ -68.6784, 44.9098 ], [ -68.6812, 44.9048 ], [ -68.7134, 44.9119 ], [ -68.7129, 44.9129 ], [ -68.7871, 44.9013 ], [ -68.7875, 44.9007 ], [ -68.7863, 44.898 ], [ -68.7872, 44.8976 ], [ -68.7883, 44.898 ], [ -68.7909, 44.8979 ], [ -68.8131, 44.9814 ], [ -68.684, 44.9988 ] ] ] } },
{ "type": "Feature", "properties": { "GEOIDFQ": "1400000US23019030000", "NAME": "300", "NAMELSAD": "Census Tract 300" }, "geometry": { "type": "Polygon", "coordinates": [ [ [ -68.6863, 45.6773 ], [ -68.686, 45.6766 ], [ -68.6823, 45.6771 ], [ -68.6801, 45.6721 ], [ -68.6736, 45.6727 ], [ -68.6713, 45.657 ], [ -68.6731, 45.657 ], [ -68.6681, 45.6389 ], [ -68.6702, 45.6365 ], [ -68.6705, 45.6349 ], [ -68.6702, 45.6321 ], [ -68.6719, 45.6303 ], [ -68.6757, 45.6281 ], [ -68.6768, 45.627 ], [ -68.6796, 45.6185 ], [ -68.6824, 45.6133 ], [ -68.6837, 45.6117 ], [ -68.6866, 45.6109 ], [ -68.6896, 45.611 ], [ -68.6919, 45.6124 ], [ -68.6931, 45.6127 ], [ -68.6939, 45.6136 ], [ -68.6949, 45.614 ], [ -68.6999, 45.6107 ], [ -68.7008, 45.6107 ], [ -68.7037, 45.613 ], [ -68.7045, 45.6143 ], [ -68.7073, 45.6149 ], [ -68.7111, 45.6165 ], [ -68.712, 45.6175 ], [ -68.7115, 45.6187 ], [ -68.7121, 45.6206 ], [ -68.7136, 45.6213 ], [ -68.7139, 45.6232 ], [ -68.7168, 45.6249 ], [ -68.7181, 45.6261 ], [ -68.7185, 45.627 ], [ -68.7186, 45.6297 ], [ -68.7234, 45.6368 ], [ -68.7262, 45.6373 ], [ -68.7287, 45.6382 ], [ -68.7352, 45.6393 ], [ -68.7409, 45.6388 ], [ -68.7533, 45.6654 ], [ -68.6863, 45.6773 ] ] ] } },
{ "type": "Feature", "properties": { "GEOIDFQ": "1400000US23019000200", "NAME": "2", "NAMELSAD": "Census Tract 2" }, "geometry": { "type": "Polygon", "coordinates": [ [ [ -68.7783, 44.8082 ], [ -68.7772, 44.8071 ], [ -68.7731, 44.8048 ], [ -68.772, 44.8058 ], [ -68.771, 44.806 ], [ -68.7716, 44.808 ], [ -68.756, 44.8102 ], [ -68.7553, 44.8077 ], [ -68.7478, 44.8107 ], [ -68.7408, 44.8125 ], [ -68.7385, 44.814 ], [ -68.7382, 44.8139 ], [ -68.7389, 44.813 ], [ -68.7414, 44.8119 ], [ -68.7424, 44.811 ], [ -68.7439, 44.8112 ], [ -68.7465, 44.8103 ], [ -68.7513, 44.8067 ], [ -68.7564, 44.8036 ], [ -68.7566, 44.8041 ], [ -68.757, 44.8035 ], [ -68.7576, 44.8034 ], [ -68.7574, 44.8031 ], [ -68.7632, 44.8005 ], [ -68.763, 44.7995 ], [ -68.7672, 44.797 ], [ -68.77, 44.794 ], [ -68.7716, 44.7942 ], [ -68.7745, 44.7953 ], [ -68.7727, 44.7988 ], [ -68.7736, 44.7993 ], [ -68.7731, 44.7999 ], [ -68.774, 44.8001 ], [ -68.774, 44.8006 ], [ -68.7735, 44.8014 ], [ -68.772, 44.8015 ], [ -68.7722, 44.8029 ], [ -68.7742, 44.8036 ], [ -68.7753, 44.8045 ], [ -68.7781, 44.8069 ], [ -68.7783, 44.8082 ] ] ] } },
{ "type": "Feature", "properties": { "GEOIDFQ": "1400000US23019021500", "NAME": "215", "NAMELSAD": "Census Tract 215" }, "geometry": { "type": "Polygon", "coordinates": [ [ [ -68.8319, 45.2319 ], [ -68.7761, 45.2403 ], [ -68.7648, 45.202 ], [ -68.6826, 45.2135 ], [ -68.6472, 45.2191 ], [ -68.64, 45.2104 ], [ -68.6371, 45.2084 ], [ -68.6339, 45.2075 ], [ -68.6303, 45.2049 ], [ -68.6285, 45.2029 ], [ -68.6269, 45.2003 ], [ -68.6245, 45.1945 ], [ -68.6236, 45.1913 ], [ -68.6234, 45.189 ], [ -68.6247, 45.1839 ], [ -68.6253, 45.1829 ], [ -68.6285, 45.1801 ], [ -68.6304, 45.1756 ], [ -68.6315, 45.1744 ], [ -68.6332, 45.1735 ], [ -68.633, 45.1743 ], [ -68.6333, 45.1745 ], [ -68.6334, 45.1734 ], [ -68.6346, 45.1723 ], [ -68.6348, 45.1709 ], [ -68.636, 45.1695 ], [ -68.6396, 45.1695 ], [ -68.6417, 45.1681 ], [ -68.6418, 45.1669 ], [ -68.6398, 45.1634 ], [ -68.6384, 45.1622 ], [ -68.6351, 45.1563 ], [ -68.6299, 45.1518 ], [ -68.6267, 45.1503 ], [ -68.6259, 45.1493 ], [ -68.6256, 45.1476 ], [ -68.624, 45.1442 ], [ -68.6244, 45.1418 ], [ -68.6261, 45.1396 ], [ -68.6264, 45.137 ], [ -68.6296, 45.1334 ], [ -68.6313, 45.1306 ], [ -68.632, 45.1304 ], [ -68.6351, 45.1279 ], [ -68.6361, 45.1279 ], [ -68.638, 45.1259 ], [ -68.6417, 45.1256 ], [ -68.6429, 45.1252 ], [ -68.6441, 45.1233 ], [ -68.6454, 45.1222 ], [ -68.6454, 45.1214 ], [ -68.6462, 45.1211 ], [ -68.6463, 45.1209 ], [ -68.6456, 45.121 ], [ -68.6461, 45.1202 ], [ -68.6457, 45.1184 ], [ -68.6435, 45.1132 ], [ -68.6435, 45.112 ], [ -68.6457, 45.1069 ], [ -68.6484, 45.1057 ], [ -68.6523, 45.1061 ], [ -68.6557, 45.1059 ], [ -68.6557, 45.1062 ], [ -68.6628, 45.1025 ], [ -68.6644, 45.1012 ], [ -68.6644, 45.0996 ], [ -68.6626, 45.0955 ], [ -68.6625, 45.0931 ], [ -68.6628, 45.0921 ], [ -68.6648, 45.0905 ], [ -68.6671, 45.0874 ], [ -68.668, 45.0783 ], [ -68.6676, 45.0765 ], [ -68.6662, 45.075 ], [ -68.6684, 45.0731 ], [ -68.6698, 45.0705 ], [ -68.6703, 45.0703 ], [ -68.6696, 45.0681 ], [ -68.6675, 45.0651 ], [ -68.6666, 45.063 ], [ -68.6651, 45.0566 ], [ -68.6672, 45.0483 ], [ -68.6673, 45.0433 ], [ -68.6664, 45.0404 ], [ -68.6644, 45.0364 ], [ -68.6558, 45.0278 ], [ -68.6528, 45.0233 ], [ -68.6504, 45.0173 ], [ -68.6493, 45.0123 ], [ -68.6502, 45.003 ], [ -68.6753, 45.0001 ], [ -68.684, 44.9988 ], [ -68.8131, 44.9814 ], [ -68.818, 45.0001 ], [ -68.8174, 45.0001 ], [ -68.8248, 45.0293 ], [ -68.8408, 45.0897 ], [ -68.8505, 45.123 ], [ -68.8667, 45.1757 ], [ -68.8809, 45.2249 ], [ -68.8319, 45.2319 ] ] ] } },
{ "type": "Feature", "properties": { "GEOIDFQ": "1400000US23019025500", "NAME": "255", "NAMELSAD": "Census Tract 255" }, "geometry": { "type": "Polygon", "coordinates": [ [ [ -68.3139, 45.5882 ], [ -68.2576, 45.5979 ], [ -68.2601, 45.6045 ], [ -68.1384, 45.6251 ], [ -68.0989, 45.6309 ], [ -68.048, 45.6399 ], [ -68.043, 45.6251 ], [ -68.0147, 45.5356 ], [ -67.9989, 45.4836 ], [ -67.9727, 45.4043 ], [ -67.9579, 45.3532 ], [ -67.9669, 45.3519 ], [ -67.9398, 45.2678 ], [ -67.9985, 45.2598 ], [ -68.0026, 45.2598 ], [ -68.0346, 45.256 ], [ -68.055, 45.2526 ], [ -68.1235, 45.2449 ], [ -68.1807, 45.2372 ], [ -68.1877, 45.2599 ], [ -68.19, 45.263 ], [ -68.2087, 45.3265 ], [ -68.2247, 45.3747 ], [ -68.2497, 45.4524 ], [ -68.2618, 45.4945 ], [ -68.2668, 45.5099 ], [ -68.3134, 45.5034 ], [ -68.3632, 45.4955 ], [ -68.3633, 45.4979 ], [ -68.3614, 45.5001 ], [ -68.36, 45.501 ], [ -68.3582, 45.5031 ], [ -68.3577, 45.5043 ], [ -68.3592, 45.5072 ], [ -68.3595, 45.5087 ], [ -68.3589, 45.5103 ], [ -68.359, 45.5122 ], [ -68.3596, 45.5129 ], [ -68.3601, 45.513 ], [ -68.3601, 45.5136 ], [ -68.3624, 45.5181 ], [ -68.3623, 45.5219 ], [ -68.3631, 45.5236 ], [ -68.3652, 45.5258 ], [ -68.3663, 45.5283 ], [ -68.3695, 45.5401 ], [ -68.373, 45.5429 ], [ -68.3742, 45.5447 ], [ -68.3803, 45.5486 ], [ -68.3813, 45.5497 ], [ -68.382, 45.5515 ], [ -68.3843, 45.5532 ], [ -68.3844, 45.554 ], [ -68.3849, 45.5536 ], [ -68.3865, 45.5547 ], [ -68.3912, 45.5599 ], [ -68.3929, 45.5609 ], [ -68.395, 45.5614 ], [ -68.4004, 45.5645 ], [ -68.4029, 45.5677 ], [ -68.4083, 45.5709 ], [ -68.4102, 45.5724 ], [ -68.4104, 45.573 ], [ -68.4109, 45.5733 ], [ -68.3139, 45.5882 ] ] ] } },
{ "type": "Feature", "properties": { "GEOIDFQ": "1400000US23019010000", "NAME": "100", "NAMELSAD": "Census Tract 100" }, "geometry": { "type": "Polygon", "coordinates": [ [ [ -68.9328, 44.8547 ], [ -68.859, 44.8649 ], [ -68.8364, 44.7775 ], [ -68.9208, 44.7666 ], [ -68.9218, 44.7691 ], [ -68.9211, 44.7701 ], [ -68.9235, 44.772 ], [ -68.9246, 44.7723 ], [ -68.9262, 44.7719 ], [ -68.9283, 44.7722 ], [ -68.9308, 44.7742 ], [ -68.9314, 44.7757 ], [ -68.9325, 44.7763 ], [ -68.9329, 44.7771 ], [ -68.9388, 44.7791 ], [ -68.9403, 44.7782 ], [ -68.9421, 44.7784 ], [ -68.9441, 44.7772 ], [ -68.9462, 44.7774 ], [ -68.9459, 44.7759 ], [ -68.9425, 44.7754 ], [ -68.9411, 44.7725 ], [ -68.9416, 44.7717 ], [ -68.9427, 44.7711 ], [ -68.9445, 44.7718 ], [ -68.9446, 44.7708 ], [ -68.9466, 44.7691 ], [ -68.9473, 44.7676 ], [ -68.9462, 44.7631 ], [ -68.9589, 44.7612 ], [ -68.9831, 44.8483 ], [ -68.9328, 44.8547 ] ] ] } },
{ "type": "Feature", "properties": { "GEOIDFQ": "1400000US23011016000", "NAME": "160", "NAMELSAD": "Census Tract 160" }, "geometry": { "type": "Polygon", "coordinates": [ [ [ -69.9147, 44.5032 ], [ -69.9096, 44.5124 ], [ -69.8889, 44.5303 ], [ -69.8891, 44.5319 ], [ -69.8878, 44.5321 ], [ -69.8881, 44.5305 ], [ -69.8875, 44.5304 ], [ -69.8881, 44.53 ], [ -69.8876, 44.5292 ], [ -69.8865, 44.529 ], [ -69.8847, 44.5278 ], [ -69.8832, 44.5277 ], [ -69.8829, 44.5286 ], [ -69.8837, 44.5298 ], [ -69.8832, 44.5299 ], [ -69.8824, 44.5291 ], [ -69.8807, 44.5283 ], [ -69.8795, 44.527 ], [ -69.8792, 44.5257 ], [ -69.8768, 44.5269 ], [ -69.8745, 44.5286 ], [ -69.8732, 44.5303 ], [ -69.8723, 44.532 ], [ -69.8719, 44.5341 ], [ -69.8721, 44.5396 ], [ -69.8735, 44.5434 ], [ -69.8766, 44.5474 ], [ -69.8779, 44.5526 ], [ -69.8778, 44.5566 ], [ -69.8772, 44.5595 ], [ -69.8759, 44.5631 ], [ -69.8745, 44.5648 ], [ -69.8715, 44.5658 ], [ -69.8701, 44.5659 ], [ -69.8677, 44.5653 ], [ -69.8657, 44.5642 ], [ -69.8638, 44.5617 ], [ -69.8622, 44.5575 ], [ -69.8603, 44.5538 ], [ -69.8581, 44.5515 ], [ -69.8555, 44.5497 ], [ -69.8539, 44.5488 ], [ -69.85, 44.5477 ], [ -69.8432, 44.5472 ], [ -69.8411, 44.5478 ], [ -69.8387, 44.5497 ], [ -69.8348, 44.5585 ], [ -69.8302, 44.5637 ], [ -69.8263, 44.5688 ], [ -69.823, 44.5718 ], [ -69.8205, 44.573 ], [ -69.817, 44.574 ], [ -69.817, 44.5745 ], [ -69.818, 44.5757 ], [ -69.8175, 44.5764 ], [ -69.8182, 44.5769 ], [ -69.8184, 44.5782 ], [ -69.819, 44.5783 ], [ -69.819, 44.5789 ], [ -69.8197, 44.5796 ], [ -69.8187, 44.5802 ], [ -69.8199, 44.5802 ], [ -69.8197, 44.5813 ], [ -69.8189, 44.5811 ], [ -69.8185, 44.5813 ], [ -69.7823, 44.5759 ], [ -69.7836, 44.5707 ], [ -69.7827, 44.5706 ], [ -69.783, 44.5689 ], [ -69.7797, 44.5684 ], [ -69.7782, 44.563 ], [ -69.779, 44.5604 ], [ -69.7662, 44.5586 ], [ -69.7704, 44.5477 ], [ -69.7707, 44.5434 ], [ -69.7726, 44.5383 ], [ -69.7738, 44.5373 ], [ -69.7779, 44.5361 ], [ -69.7798, 44.5347 ], [ -69.7807, 44.5329 ], [ -69.781, 44.5297 ], [ -69.7819, 44.5268 ], [ -69.7843, 44.523 ], [ -69.7879, 44.5185 ], [ -69.7605, 44.5141 ], [ -69.7625, 44.5098 ], [ -69.7648, 44.5072 ], [ -69.767, 44.5055 ], [ -69.7727, 44.503 ], [ -69.7762, 44.5004 ], [ -69.7777, 44.4977 ], [ -69.7807, 44.4943 ], [ -69.7832, 44.4903 ], [ -69.7922, 44.4841 ], [ -69.8321, 44.3939 ], [ -69.8783, 44.4013 ], [ -69.8878, 44.4032 ], [ -69.8825, 44.4081 ], [ -69.8897, 44.4097 ], [ -69.8861, 44.4221 ], [ -69.8871, 44.4234 ], [ -69.8831, 44.4371 ], [ -69.9044, 44.441 ], [ -69.9056, 44.4438 ], [ -69.9052, 44.4462 ], [ -69.9057, 44.4477 ], [ -69.9052, 44.4491 ], [ -69.9041, 44.4507 ], [ -69.9048, 44.4519 ], [ -69.9048, 44.4541 ], [ -69.9059, 44.4559 ], [ -69.9055, 44.4575 ], [ -69.9057, 44.4596 ], [ -69.9072, 44.4609 ], [ -69.9076, 44.4646 ], [ -69.907, 44.4756 ], [ -69.9074, 44.4786 ], [ -69.913, 44.4932 ], [ -69.9153, 44.5005 ], [ -69.9147, 44.5032 ] ] ] } },
{ "type": "Feature", "properties": { "GEOIDFQ": "1400000US23011024102", "NAME": "241.02", "NAMELSAD": "Census Tract 241.02" }, "geometry": { "type": "Polygon", "coordinates": [ [ [ -69.6581, 44.5258 ], [ -69.6571, 44.5282 ], [ -69.6517, 44.5336 ], [ -69.6525, 44.5347 ], [ -69.6514, 44.5364 ], [ -69.6522, 44.5366 ], [ -69.6491, 44.5403 ], [ -69.6485, 44.5402 ], [ -69.6474, 44.5417 ], [ -69.6454, 44.5428 ], [ -69.6437, 44.5444 ], [ -69.6417, 44.5444 ], [ -69.6404, 44.546 ], [ -69.638, 44.547 ], [ -69.6383, 44.5474 ], [ -69.639, 44.5475 ], [ -69.6424, 44.5464 ], [ -69.6433, 44.5465 ], [ -69.6407, 44.5509 ], [ -69.6405, 44.553 ], [ -69.641, 44.5541 ], [ -69.6442, 44.5577 ], [ -69.6401, 44.5561 ], [ -69.6368, 44.5556 ], [ -69.6335, 44.5562 ], [ -69.63, 44.5579 ], [ -69.6282, 44.5588 ], [ -69.6233, 44.5672 ], [ -69.622, 44.5686 ], [ -69.6097, 44.5779 ], [ -69.6057, 44.5773 ], [ -69.607, 44.5758 ], [ -69.611, 44.5725 ], [ -69.6142, 44.5674 ], [ -69.617, 44.5652 ], [ -69.6214, 44.5631 ], [ -69.625, 44.5582 ], [ -69.6259, 44.5561 ], [ -69.6258, 44.5525 ], [ -69.6272, 44.5454 ], [ -69.6296, 44.5422 ], [ -69.6332, 44.5399 ], [ -69.6351, 44.5375 ], [ -69.6377, 44.535 ], [ -69.6486, 44.5296 ], [ -69.651, 44.5278 ], [ -69.6531, 44.5255 ], [ -69.6573, 44.5228 ], [ -69.6592, 44.5241 ], [ -69.6593, 44.5244 ], [ -69.6581, 44.5258 ] ] ] } },
{ "type": "Feature", "properties": { "GEOIDFQ": "1400000US23011014500", "NAME": "145", "NAMELSAD": "Census Tract 145" }, "geometry": { "type": "Polygon", "coordinates": [ [ [ -70.1201, 44.3727 ], [ -70.1222, 44.3811 ], [ -70.1005, 44.3839 ], [ -70.1294, 44.4872 ], [ -70.0423, 44.4852 ], [ -70.042, 44.4822 ], [ -70.0429, 44.4801 ], [ -70.0423, 44.4796 ], [ -70.0416, 44.4799 ], [ -70.0399, 44.4819 ], [ -70.0396, 44.483 ], [ -70.0384, 44.4842 ], [ -70.0382, 44.4864 ], [ -70.0375, 44.4879 ], [ -70.0362, 44.4881 ], [ -70.0361, 44.4891 ], [ -70.0347, 44.49 ], [ -70.0324, 44.4899 ], [ -70.0311, 44.4888 ], [ -70.0306, 44.4872 ], [ -70.0308, 44.4852 ], [ -70.0317, 44.4832 ], [ -70.0308, 44.4756 ], [ -70.0323, 44.4707 ], [ -70.0322, 44.4692 ], [ -70.0318, 44.4683 ], [ -70.0331, 44.4674 ], [ -70.0337, 44.4655 ], [ -70.0344, 44.4648 ], [ -70.0358, 44.461 ], [ -70.0353, 44.4595 ], [ -70.0338, 44.4584 ], [ -70.0334, 44.4595 ], [ -70.0343, 44.4604 ], [ -70.0331, 44.4614 ], [ -70.0326, 44.4626 ], [ -70.0303, 44.464 ], [ -70.0299, 44.4646 ], [ -70.0294, 44.4647 ], [ -70.0291, 44.4656 ], [ -70.0269, 44.466 ], [ -70.0256, 44.4667 ], [ -70.0231, 44.4657 ], [ -70.0212, 44.4682 ], [ -70.0201, 44.4683 ], [ -70.0189, 44.4672 ], [ -70.0184, 44.4671 ], [ -70.0157, 44.464 ], [ -70.0252, 44.4445 ], [ -70.0306, 44.4266 ], [ -70.0168, 44.4244 ], [ -70.0178, 44.4215 ], [ -70.017, 44.4181 ], [ -70.0174, 44.4172 ], [ -70.0187, 44.4161 ], [ -70.019, 44.4154 ], [ -70.0172, 44.4033 ], [ -70.018, 44.4013 ], [ -70.0176, 44.4005 ], [ -70.0177, 44.3993 ], [ -70.0193, 44.3956 ], [ -70.021, 44.3941 ], [ -70.0219, 44.392 ], [ -70.0218, 44.3909 ], [ -70.023, 44.3907 ], [ -70.0256, 44.3812 ], [ -70.0112, 44.379 ], [ -70.017, 44.3593 ], [ -70.0218, 44.3412 ], [ -70.0298, 44.3085 ], [ -70.0434, 44.3102 ], [ -70.0436, 44.31 ], [ -70.044, 44.3068 ], [ -70.0447, 44.3061 ], [ -70.0454, 44.3024 ], [ -70.0449, 44.2981 ], [ -70.0458, 44.2956 ], [ -70.0456, 44.2935 ], [ -70.0459, 44.2923 ], [ -70.0448, 44.288 ], [ -70.0433, 44.2878 ], [ -70.0409, 44.2865 ], [ -70.039, 44.2864 ], [ -70.0406, 44.2858 ], [ -70.0414, 44.2848 ], [ -70.0413, 44.2841 ], [ -70.0559, 44.2864 ], [ -70.0743, 44.2902 ], [ -70.0746, 44.2986 ], [ -70.0991, 44.3195 ], [ -70.1005, 44.3333 ], [ -70.1002, 44.3346 ], [ -70.1022, 44.336 ], [ -70.1024, 44.337 ], [ -70.1138, 44.3508 ], [ -70.1289, 44.3682 ], [ -70.1296, 44.3677 ], [ -70.1317, 44.3675 ], [ -70.1326, 44.3714 ], [ -70.1201, 44.3727 ] ] ] } },
{ "type": "Feature", "properties": { "GEOIDFQ": "1400000US23011018000", "NAME": "180", "NAMELSAD": "Census Tract 180" }, "geometry": { "type": "Polygon", "coordinates": [ [ [ -69.729, 44.3943 ], [ -69.7279, 44.3977 ], [ -69.726, 44.4013 ], [ -69.7232, 44.4053 ], [ -69.7209, 44.4078 ], [ -69.7154, 44.4102 ], [ -69.7134, 44.4119 ], [ -69.7062, 44.4216 ], [ -69.7012, 44.4275 ], [ -69.6997, 44.432 ], [ -69.6973, 44.4366 ], [ -69.6962, 44.4421 ], [ -69.6906, 44.451 ], [ -69.6868, 44.4585 ], [ -69.6833, 44.4756 ], [ -69.6831, 44.4775 ], [ -69.6838, 44.4807 ], [ -69.6818, 44.4877 ], [ -69.6794, 44.4922 ], [ -69.6783, 44.4968 ], [ -69.6766, 44.5005 ], [ -69.5656, 44.4826 ], [ -69.6136, 44.3825 ], [ -69.6146, 44.3828 ], [ -69.6153, 44.3824 ], [ -69.6161, 44.3788 ], [ -69.615, 44.3743 ], [ -69.616, 44.3741 ], [ -69.6163, 44.3746 ], [ -69.6173, 44.3746 ], [ -69.6176, 44.3745 ], [ -69.6171, 44.3744 ], [ -69.6177, 44.3735 ], [ -69.617, 44.3719 ], [ -69.6159, 44.3714 ], [ -69.616, 44.3707 ], [ -69.6154, 44.3699 ], [ -69.6135, 44.369 ], [ -69.6119, 44.3685 ], [ -69.6133, 44.3671 ], [ -69.6134, 44.3629 ], [ -69.6124, 44.3614 ], [ -69.6129, 44.3608 ], [ -69.6127, 44.3603 ], [ -69.6115, 44.3595 ], [ -69.6104, 44.3592 ], [ -69.6245, 44.3616 ], [ -69.729, 44.3778 ], [ -69.7272, 44.3797 ], [ -69.727, 44.3806 ], [ -69.7287, 44.3835 ], [ -69.7298, 44.3887 ], [ -69.729, 44.3943 ] ] ] } },
{ "type": "Feature", "properties": { "GEOIDFQ": "1400000US23011010900", "NAME": "109", "NAMELSAD": "Census Tract 109" }, "geometry": { "type": "MultiPolygon", "coordinates": [ [ [ [ -69.8017, 44.2375 ], [ -69.7986, 44.2369 ], [ -69.7935, 44.2378 ], [ -69.7859, 44.2364 ], [ -69.785, 44.2387 ], [ -69.7813, 44.2381 ], [ -69.7791, 44.2372 ], [ -69.7772, 44.2369 ], [ -69.7773, 44.2364 ], [ -69.7739, 44.2358 ], [ -69.7739, 44.2354 ], [ -69.7702, 44.2348 ], [ -69.7692, 44.2311 ], [ -69.7726, 44.2303 ], [ -69.7757, 44.2307 ], [ -69.7768, 44.2303 ], [ -69.779, 44.2284 ], [ -69.7798, 44.2285 ], [ -69.7809, 44.2283 ], [ -69.7845, 44.2253 ], [ -69.7864, 44.2213 ], [ -69.789, 44.2207 ], [ -69.7913, 44.2195 ], [ -69.7939, 44.2191 ], [ -69.7948, 44.2184 ], [ -69.7959, 44.2152 ], [ -69.798, 44.2137 ], [ -69.7981, 44.2133 ], [ -69.7995, 44.213 ], [ -69.7998, 44.2122 ], [ -69.8001, 44.2122 ], [ -69.8001, 44.2129 ], [ -69.8007, 44.2131 ], [ -69.8036, 44.2119 ], [ -69.805, 44.2119 ], [ -69.8045, 44.2122 ], [ -69.8015, 44.2133 ], [ -69.8058, 44.2211 ], [ -69.8073, 44.221 ], [ -69.8017, 44.2375 ] ] ], [ [ [ -69.806, 44.2109 ], [ -69.8056, 44.2115 ], [ -69.805, 44.2119 ], [ -69.806, 44.2109 ] ] ] ] } },
{ "type": "Feature", "properties": { "GEOIDFQ": "1400000US23003951600", "NAME": "9516", "NAMELSAD": "Census Tract 9516" }, "geometry": { "type": "Polygon", "coordinates": [ [ [ -67.8745, 46.9586 ], [ -67.7897, 46.9592 ], [ -67.7894, 46.8722 ], [ -67.8718, 46.8682 ], [ -67.9016, 46.8663 ], [ -67.9267, 46.8658 ], [ -67.9286, 46.9149 ], [ -67.9293, 46.9579 ], [ -67.8745, 46.9586 ] ] ] } },
{ "type": "Feature", "properties": { "GEOIDFQ": "1400000US23003951700", "NAME": "9517", "NAMELSAD": "Census Tract 9517" }, "geometry": { "type": "Polygon", "coordinates": [ [ [ -67.9192, 46.7789 ], [ -67.9191, 46.866 ], [ -67.9016, 46.8663 ], [ -67.8718, 46.8682 ], [ -67.7894, 46.8722 ], [ -67.7897, 46.8059 ], [ -67.7883, 46.5999 ], [ -67.9205, 46.5969 ], [ -67.9207, 46.6416 ], [ -67.9216, 46.6865 ], [ -67.9261, 46.7788 ], [ -67.9192, 46.7789 ] ] ] } },
{ "type": "Feature", "properties": { "GEOIDFQ": "1400000US23011010300", "NAME": "103", "NAMELSAD": "Census Tract 103" }, "geometry": { "type": "Polygon", "coordinates": [ [ [ -69.8295, 44.3443 ], [ -69.8268, 44.344 ], [ -69.8248, 44.3451 ], [ -69.8247, 44.3455 ], [ -69.8254, 44.346 ], [ -69.8252, 44.3463 ], [ -69.822, 44.3462 ], [ -69.8201, 44.3439 ], [ -69.8195, 44.3437 ], [ -69.82, 44.3448 ], [ -69.8192, 44.3455 ], [ -69.8202, 44.3462 ], [ -69.8202, 44.3466 ], [ -69.8186, 44.3472 ], [ -69.8175, 44.3453 ], [ -69.8151, 44.345 ], [ -69.8155, 44.3436 ], [ -69.8131, 44.3423 ], [ -69.8131, 44.3417 ], [ -69.8122, 44.341 ], [ -69.8118, 44.3401 ], [ -69.8104, 44.3394 ], [ -69.8081, 44.3393 ], [ -69.8084, 44.3382 ], [ -69.807, 44.3366 ], [ -69.8051, 44.3356 ], [ -69.8049, 44.3349 ], [ -69.8039, 44.335 ], [ -69.8035, 44.3345 ], [ -69.8026, 44.3346 ], [ -69.8006, 44.3335 ], [ -69.799, 44.3331 ], [ -69.7978, 44.3322 ], [ -69.7951, 44.3315 ], [ -69.793, 44.3293 ], [ -69.7921, 44.3292 ], [ -69.7907, 44.3303 ], [ -69.7898, 44.3304 ], [ -69.7887, 44.3297 ], [ -69.7845, 44.329 ], [ -69.7823, 44.3273 ], [ -69.7785, 44.3257 ], [ -69.7772, 44.3241 ], [ -69.7767, 44.3232 ], [ -69.7771, 44.3227 ], [ -69.7764, 44.322 ], [ -69.7748, 44.323 ], [ -69.7744, 44.3228 ], [ -69.7741, 44.3212 ], [ -69.7735, 44.3207 ], [ -69.7712, 44.32 ], [ -69.7725, 44.3147 ], [ -69.7726, 44.3125 ], [ -69.7774, 44.3102 ], [ -69.7783, 44.3102 ], [ -69.7797, 44.3107 ], [ -69.7937, 44.3129 ], [ -69.8006, 44.3143 ], [ -69.8068, 44.316 ], [ -69.8125, 44.3167 ], [ -69.82, 44.3195 ], [ -69.8314, 44.3212 ], [ -69.8297, 44.3253 ], [ -69.8263, 44.3248 ], [ -69.8245, 44.3286 ], [ -69.8311, 44.3299 ], [ -69.8306, 44.3316 ], [ -69.8338, 44.3321 ], [ -69.8295, 44.3443 ] ] ] } },
{ "type": "Feature", "properties": { "GEOIDFQ": "1400000US23011013000", "NAME": "130", "NAMELSAD": "Census Tract 130" }, "geometry": { "type": "Polygon", "coordinates": [ [ [ -70.0743, 44.2902 ], [ -70.0559, 44.2864 ], [ -70.0279, 44.2817 ], [ -70.0043, 44.2784 ], [ -70.006, 44.2695 ], [ -69.9918, 44.2672 ], [ -69.9905, 44.268 ], [ -69.9897, 44.2671 ], [ -69.9903, 44.2688 ], [ -69.9898, 44.2713 ], [ -69.9891, 44.2722 ], [ -69.988, 44.2729 ], [ -69.9859, 44.2732 ], [ -69.9843, 44.2738 ], [ -69.9829, 44.2751 ], [ -69.955, 44.2703 ], [ -69.9374, 44.2677 ], [ -69.9684, 44.1762 ], [ -70.0116, 44.1838 ], [ -70.0605, 44.1918 ], [ -70.058, 44.196 ], [ -70.0555, 44.1991 ], [ -70.0659, 44.2008 ], [ -70.0757, 44.2062 ], [ -70.0743, 44.2902 ] ] ] } },
{ "type": "Feature", "properties": { "GEOIDFQ": "1400000US23011021000", "NAME": "210", "NAMELSAD": "Census Tract 210" }, "geometry": { "type": "Polygon", "coordinates": [ [ [ -69.5809, 44.7078 ], [ -69.4838, 44.7202 ], [ -69.4704, 44.7182 ], [ -69.4732, 44.7087 ], [ -69.4675, 44.708 ], [ -69.4717, 44.6929 ], [ -69.4773, 44.6921 ], [ -69.4756, 44.6767 ], [ -69.4429, 44.6724 ], [ -69.4452, 44.668 ], [ -69.4463, 44.6642 ], [ -69.4479, 44.6622 ], [ -69.449, 44.6618 ], [ -69.4504, 44.6629 ], [ -69.4511, 44.663 ], [ -69.4546, 44.6628 ], [ -69.4559, 44.6622 ], [ -69.4571, 44.6586 ], [ -69.4596, 44.657 ], [ -69.4609, 44.6546 ], [ -69.4596, 44.6512 ], [ -69.4613, 44.6487 ], [ -69.4615, 44.6477 ], [ -69.4591, 44.6462 ], [ -69.4588, 44.6452 ], [ -69.4605, 44.6438 ], [ -69.4642, 44.6431 ], [ -69.4574, 44.6164 ], [ -69.5503, 44.6294 ], [ -69.5873, 44.6341 ], [ -69.5921, 44.6395 ], [ -69.5969, 44.6426 ], [ -69.5992, 44.6445 ], [ -69.6056, 44.651 ], [ -69.6071, 44.6518 ], [ -69.6131, 44.6536 ], [ -69.616, 44.6553 ], [ -69.618, 44.6576 ], [ -69.6222, 44.6655 ], [ -69.6279, 44.671 ], [ -69.6292, 44.6741 ], [ -69.63, 44.6845 ], [ -69.632, 44.6883 ], [ -69.6327, 44.6907 ], [ -69.6325, 44.6952 ], [ -69.6331, 44.7004 ], [ -69.5809, 44.7078 ] ] ] } },
{ "type": "Feature", "properties": { "GEOIDFQ": "1400000US23011010200", "NAME": "102", "NAMELSAD": "Census Tract 102" }, "geometry": { "type": "Polygon", "coordinates": [ [ [ -69.8236, 44.3807 ], [ -69.8221, 44.3807 ], [ -69.8185, 44.3917 ], [ -69.7495, 44.3807 ], [ -69.729, 44.3778 ], [ -69.7336, 44.372 ], [ -69.7423, 44.3652 ], [ -69.7461, 44.3611 ], [ -69.7495, 44.3546 ], [ -69.7522, 44.3517 ], [ -69.7648, 44.3351 ], [ -69.768, 44.3289 ], [ -69.7712, 44.32 ], [ -69.7735, 44.3207 ], [ -69.7741, 44.3212 ], [ -69.7742, 44.3225 ], [ -69.7746, 44.323 ], [ -69.7764, 44.322 ], [ -69.7771, 44.3227 ], [ -69.7767, 44.3232 ], [ -69.7772, 44.3241 ], [ -69.7785, 44.3257 ], [ -69.7823, 44.3273 ], [ -69.7845, 44.329 ], [ -69.7887, 44.3297 ], [ -69.7898, 44.3304 ], [ -69.7907, 44.3303 ], [ -69.7921, 44.3292 ], [ -69.793, 44.3293 ], [ -69.7951, 44.3315 ], [ -69.7978, 44.3322 ], [ -69.799, 44.3331 ], [ -69.8006, 44.3335 ], [ -69.8026, 44.3346 ], [ -69.8035, 44.3345 ], [ -69.8039, 44.335 ], [ -69.8049, 44.3349 ], [ -69.8051, 44.3356 ], [ -69.807, 44.3366 ], [ -69.8084, 44.3382 ], [ -69.8081, 44.3393 ], [ -69.8104, 44.3394 ], [ -69.8118, 44.3401 ], [ -69.8122, 44.341 ], [ -69.8131, 44.3417 ], [ -69.8131, 44.3423 ], [ -69.8155, 44.3436 ], [ -69.8151, 44.345 ], [ -69.8175, 44.3453 ], [ -69.8186, 44.3472 ], [ -69.8202, 44.3466 ], [ -69.8202, 44.3462 ], [ -69.8192, 44.3455 ], [ -69.82, 44.3448 ], [ -69.8194, 44.344 ], [ -69.8198, 44.3437 ], [ -69.822, 44.3462 ], [ -69.8252, 44.3463 ], [ -69.8254, 44.346 ], [ -69.8247, 44.3455 ], [ -69.8248, 44.3451 ], [ -69.8269, 44.344 ], [ -69.8295, 44.3443 ], [ -69.8292, 44.3452 ], [ -69.8283, 44.3459 ], [ -69.829, 44.3463 ], [ -69.8285, 44.3466 ], [ -69.8286, 44.3468 ], [ -69.8305, 44.347 ], [ -69.8317, 44.3463 ], [ -69.8324, 44.3467 ], [ -69.8331, 44.3466 ], [ -69.8333, 44.347 ], [ -69.834, 44.3467 ], [ -69.8342, 44.3472 ], [ -69.8236, 44.3807 ] ] ] } },
{ "type": "Feature", "properties": { "GEOIDFQ": "1400000US23011020000", "NAME": "200", "NAMELSAD": "Census Tract 200" }, "geometry": { "type": "Polygon", "coordinates": [ [ [ -69.6171, 44.3744 ], [ -69.6176, 44.3745 ], [ -69.6173, 44.3746 ], [ -69.6163, 44.3746 ], [ -69.6161, 44.3741 ], [ -69.615, 44.3742 ], [ -69.6161, 44.3788 ], [ -69.6153, 44.3824 ], [ -69.6146, 44.3828 ], [ -69.6136, 44.3825 ], [ -69.565, 44.4839 ], [ -69.5433, 44.4806 ], [ -69.5386, 44.4981 ], [ -69.514, 44.4945 ], [ -69.5153, 44.4904 ], [ -69.4964, 44.4873 ], [ -69.4697, 44.4822 ], [ -69.4697, 44.4672 ], [ -69.4455, 44.4638 ], [ -69.5064, 44.3429 ], [ -69.583, 44.3547 ], [ -69.6115, 44.3595 ], [ -69.6129, 44.3604 ], [ -69.6124, 44.3614 ], [ -69.6133, 44.3627 ], [ -69.6131, 44.3641 ], [ -69.6136, 44.3647 ], [ -69.6132, 44.3672 ], [ -69.6118, 44.3685 ], [ -69.6154, 44.3699 ], [ -69.616, 44.3707 ], [ -69.6159, 44.3714 ], [ -69.617, 44.3719 ], [ -69.6177, 44.3735 ], [ -69.6171, 44.3744 ] ] ] } },
{ "type": "Feature", "properties": { "GEOIDFQ": "1400000US23011012000", "NAME": "120", "NAMELSAD": "Census Tract 120" }, "geometry": { "type": "Polygon", "coordinates": [ [ [ -70.0185, 44.1579 ], [ -70.014, 44.1576 ], [ -70.0103, 44.1687 ], [ -69.9988, 44.1668 ], [ -69.9938, 44.1806 ], [ -69.9684, 44.1762 ], [ -69.9472, 44.2383 ], [ -69.913, 44.2326 ], [ -69.9139, 44.2313 ], [ -69.9142, 44.2298 ], [ -69.9156, 44.2271 ], [ -69.9172, 44.226 ], [ -69.9176, 44.2263 ], [ -69.9179, 44.2272 ], [ -69.9205, 44.2267 ], [ -69.9221, 44.2252 ], [ -69.9221, 44.2239 ], [ -69.9211, 44.2224 ], [ -69.9192, 44.2212 ], [ -69.9184, 44.2197 ], [ -69.9153, 44.2181 ], [ -69.9146, 44.2174 ], [ -69.9136, 44.2155 ], [ -69.9125, 44.2112 ], [ -69.9116, 44.2102 ], [ -69.9104, 44.2096 ], [ -69.9051, 44.2087 ], [ -69.9031, 44.2076 ], [ -69.9007, 44.2071 ], [ -69.9, 44.2057 ], [ -69.8997, 44.2033 ], [ -69.8969, 44.202 ], [ -69.8969, 44.1979 ], [ -69.8953, 44.1955 ], [ -69.8952, 44.1946 ], [ -69.8973, 44.1923 ], [ -69.898, 44.1896 ], [ -69.8975, 44.1885 ], [ -69.895, 44.1855 ], [ -69.8942, 44.1828 ], [ -69.8927, 44.1821 ], [ -69.8903, 44.1816 ], [ -69.8849, 44.1817 ], [ -69.8804, 44.18 ], [ -69.879, 44.1801 ], [ -69.876, 44.1814 ], [ -69.872, 44.1809 ], [ -69.8674, 44.1816 ], [ -69.8652, 44.1813 ], [ -69.8643, 44.1803 ], [ -69.863, 44.1801 ], [ -69.8603, 44.1789 ], [ -69.8567, 44.1794 ], [ -69.8559, 44.1793 ], [ -69.8532, 44.1776 ], [ -69.852, 44.1761 ], [ -69.8517, 44.1738 ], [ -69.8481, 44.1705 ], [ -69.8493, 44.1696 ], [ -69.8528, 44.1691 ], [ -69.855, 44.1679 ], [ -69.856, 44.168 ], [ -69.8564, 44.1674 ], [ -69.859, 44.1654 ], [ -69.8662, 44.1621 ], [ -69.8674, 44.1613 ], [ -69.8679, 44.1598 ], [ -69.8701, 44.1576 ], [ -69.8729, 44.1558 ], [ -69.8751, 44.1552 ], [ -69.8772, 44.154 ], [ -69.8796, 44.1517 ], [ -69.8884, 44.1367 ], [ -69.8945, 44.1239 ], [ -69.894, 44.1185 ], [ -69.8948, 44.116 ], [ -69.896, 44.1143 ], [ -69.8959, 44.1132 ], [ -69.897, 44.1127 ], [ -69.8984, 44.1113 ], [ -69.8984, 44.1093 ], [ -69.8978, 44.1077 ], [ -69.9845, 44.1216 ], [ -70.0124, 44.1254 ], [ -70.0117, 44.128 ], [ -70.0274, 44.1306 ], [ -70.0185, 44.1579 ] ] ] } },
{ "type": "Feature", "properties": { "GEOIDFQ": "1400000US23011010500", "NAME": "105", "NAMELSAD": "Census Tract 105" }, "geometry": { "type": "Polygon", "coordinates": [ [ [ -69.7738, 44.3062 ], [ -69.7728, 44.3109 ], [ -69.7721, 44.3168 ], [ -69.7616, 44.316 ], [ -69.7547, 44.3199 ], [ -69.7497, 44.3198 ], [ -69.7287, 44.3169 ], [ -69.7237, 44.317 ], [ -69.7219, 44.3165 ], [ -69.7196, 44.315 ], [ -69.7179, 44.3145 ], [ -69.7077, 44.3142 ], [ -69.7006, 44.3132 ], [ -69.6933, 44.3127 ], [ -69.6759, 44.3095 ], [ -69.6725, 44.3099 ], [ -69.6675, 44.3115 ], [ -69.6639, 44.3118 ], [ -69.6599, 44.3125 ], [ -69.6555, 44.3143 ], [ -69.6464, 44.3134 ], [ -69.6434, 44.3128 ], [ -69.6406, 44.3118 ], [ -69.6515, 44.275 ], [ -69.6738, 44.2778 ], [ -69.7799, 44.2952 ], [ -69.7738, 44.3062 ] ] ] } },
{ "type": "Feature", "properties": { "GEOIDFQ": "1400000US23011017000", "NAME": "170", "NAMELSAD": "Census Tract 170" }, "geometry": { "type": "Polygon", "coordinates": [ [ [ -69.7922, 44.4841 ], [ -69.7832, 44.4903 ], [ -69.7807, 44.4943 ], [ -69.7777, 44.4977 ], [ -69.7762, 44.5004 ], [ -69.7727, 44.503 ], [ -69.767, 44.5055 ], [ -69.7648, 44.5072 ], [ -69.7625, 44.5098 ], [ -69.7605, 44.5141 ], [ -69.6766, 44.5005 ], [ -69.6783, 44.4968 ], [ -69.6794, 44.4922 ], [ -69.6818, 44.4877 ], [ -69.6837, 44.4811 ], [ -69.6838, 44.48 ], [ -69.6831, 44.4775 ], [ -69.6833, 44.4756 ], [ -69.687, 44.458 ], [ -69.6906, 44.451 ], [ -69.6962, 44.4421 ], [ -69.6973, 44.4366 ], [ -69.6997, 44.432 ], [ -69.7016, 44.4269 ], [ -69.7062, 44.4216 ], [ -69.7134, 44.4119 ], [ -69.7154, 44.4102 ], [ -69.7209, 44.4078 ], [ -69.7232, 44.4053 ], [ -69.7267, 44.4001 ], [ -69.7285, 44.3962 ], [ -69.7296, 44.3909 ], [ -69.7296, 44.3872 ], [ -69.7285, 44.383 ], [ -69.7276, 44.382 ], [ -69.727, 44.3806 ], [ -69.7272, 44.3797 ], [ -69.729, 44.3778 ], [ -69.7495, 44.3807 ], [ -69.8321, 44.3939 ], [ -69.7922, 44.4841 ] ] ] } },
{ "type": "Feature", "properties": { "GEOIDFQ": "1400000US23011010801", "NAME": "108.01", "NAMELSAD": "Census Tract 108.01" }, "geometry": { "type": "Polygon", "coordinates": [ [ [ -69.8802, 44.3215 ], [ -69.8765, 44.3328 ], [ -69.8775, 44.333 ], [ -69.8771, 44.3343 ], [ -69.8799, 44.3348 ], [ -69.8812, 44.3388 ], [ -69.8793, 44.3411 ], [ -69.8784, 44.3431 ], [ -69.8827, 44.344 ], [ -69.8743, 44.3693 ], [ -69.8765, 44.3934 ], [ -69.8798, 44.3963 ], [ -69.8783, 44.4013 ], [ -69.8185, 44.3917 ], [ -69.8221, 44.3807 ], [ -69.8236, 44.3807 ], [ -69.8342, 44.3472 ], [ -69.834, 44.3467 ], [ -69.8333, 44.347 ], [ -69.8331, 44.3466 ], [ -69.8324, 44.3467 ], [ -69.8317, 44.3463 ], [ -69.8307, 44.3469 ], [ -69.8294, 44.3471 ], [ -69.8285, 44.3468 ], [ -69.829, 44.3463 ], [ -69.8283, 44.3461 ], [ -69.8294, 44.3449 ], [ -69.8292, 44.3445 ], [ -69.8338, 44.3321 ], [ -69.8306, 44.3316 ], [ -69.8311, 44.3299 ], [ -69.8245, 44.3286 ], [ -69.8263, 44.3248 ], [ -69.8297, 44.3253 ], [ -69.8324, 44.3187 ], [ -69.8264, 44.3177 ], [ -69.827, 44.3143 ], [ -69.8271, 44.314 ], [ -69.8313, 44.3148 ], [ -69.8348, 44.3054 ], [ -69.8353, 44.3047 ], [ -69.8373, 44.3051 ], [ -69.8401, 44.298 ], [ -69.8392, 44.2978 ], [ -69.8402, 44.2953 ], [ -69.8486, 44.2969 ], [ -69.8498, 44.2935 ], [ -69.8508, 44.2937 ], [ -69.8525, 44.2893 ], [ -69.8469, 44.2864 ], [ -69.8556, 44.2804 ], [ -69.8628, 44.2791 ], [ -69.8646, 44.2777 ], [ -69.8655, 44.2763 ], [ -69.8673, 44.2759 ], [ -69.868, 44.2734 ], [ -69.867, 44.2718 ], [ -69.8689, 44.268 ], [ -69.8762, 44.258 ], [ -69.8902, 44.2604 ], [ -69.8887, 44.2638 ], [ -69.9021, 44.2659 ], [ -69.9014, 44.2673 ], [ -69.9107, 44.2688 ], [ -69.8802, 44.3215 ] ] ] } },
{ "type": "Feature", "properties": { "GEOIDFQ": "1400000US23011010100", "NAME": "101", "NAMELSAD": "Census Tract 101" }, "geometry": { "type": "Polygon", "coordinates": [ [ [ -69.768, 44.3289 ], [ -69.7648, 44.3351 ], [ -69.7522, 44.3517 ], [ -69.7495, 44.3546 ], [ -69.7461, 44.3611 ], [ -69.7423, 44.3652 ], [ -69.7336, 44.372 ], [ -69.729, 44.3778 ], [ -69.6257, 44.3618 ], [ -69.6406, 44.3118 ], [ -69.6434, 44.3128 ], [ -69.6464, 44.3134 ], [ -69.6555, 44.3143 ], [ -69.6599, 44.3125 ], [ -69.6639, 44.3118 ], [ -69.6675, 44.3115 ], [ -69.6725, 44.3099 ], [ -69.6759, 44.3095 ], [ -69.6933, 44.3127 ], [ -69.7006, 44.3132 ], [ -69.7077, 44.3142 ], [ -69.7179, 44.3145 ], [ -69.7194, 44.3149 ], [ -69.7217, 44.3164 ], [ -69.7234, 44.317 ], [ -69.7293, 44.317 ], [ -69.7501, 44.3199 ], [ -69.7552, 44.3198 ], [ -69.7616, 44.316 ], [ -69.771, 44.3166 ], [ -69.7721, 44.3168 ], [ -69.768, 44.3289 ] ] ] } },
{ "type": "Feature", "properties": { "GEOIDFQ": "1400000US23011015500", "NAME": "155", "NAMELSAD": "Census Tract 155" }, "geometry": { "type": "Polygon", "coordinates": [ [ [ -70.0716, 44.5313 ], [ -70.072, 44.5323 ], [ -70.0714, 44.5326 ], [ -70.0714, 44.5338 ], [ -70.071, 44.5343 ], [ -70.0712, 44.535 ], [ -70.0706, 44.5352 ], [ -70.0708, 44.5359 ], [ -70.0702, 44.5359 ], [ -70.0701, 44.5364 ], [ -70.0694, 44.5364 ], [ -70.0688, 44.5368 ], [ -70.0674, 44.5385 ], [ -70.0653, 44.5391 ], [ -70.0654, 44.5398 ], [ -70.0648, 44.54 ], [ -70.0647, 44.5408 ], [ -70.0638, 44.5411 ], [ -70.0638, 44.5424 ], [ -70.0628, 44.5434 ], [ -70.0629, 44.5437 ], [ -70.0622, 44.5441 ], [ -70.0616, 44.544 ], [ -70.0609, 44.5446 ], [ -70.061, 44.545 ], [ -70.0601, 44.5453 ], [ -70.0608, 44.5458 ], [ -70.0606, 44.5463 ], [ -70.0598, 44.5462 ], [ -70.0601, 44.5469 ], [ -70.0592, 44.5471 ], [ -70.0598, 44.5483 ], [ -70.0595, 44.549 ], [ -70.0598, 44.5495 ], [ -70.0579, 44.5519 ], [ -70.0585, 44.5525 ], [ -70.0551, 44.5528 ], [ -70.0543, 44.5547 ], [ -70.0548, 44.5553 ], [ -70.0545, 44.556 ], [ -70.0528, 44.5572 ], [ -70.0518, 44.5573 ], [ -70.0521, 44.5583 ], [ -70.0506, 44.5596 ], [ -70.051, 44.5603 ], [ -70.0508, 44.5607 ], [ -70.0488, 44.5622 ], [ -70.0488, 44.564 ], [ -70.0482, 44.5649 ], [ -70.0459, 44.566 ], [ -70.0462, 44.5677 ], [ -70.0445, 44.5676 ], [ -70.0435, 44.569 ], [ -70.0433, 44.5696 ], [ -70.0436, 44.5699 ], [ -70.0425, 44.5705 ], [ -70.0424, 44.571 ], [ -70.0411, 44.5714 ], [ -70.0415, 44.5733 ], [ -70.0403, 44.5743 ], [ -70.0412, 44.5759 ], [ -70.0408, 44.5766 ], [ -70.0413, 44.5773 ], [ -70.04, 44.5775 ], [ -70.0404, 44.5781 ], [ -70.0395, 44.5785 ], [ -70.0399, 44.5797 ], [ -70.0393, 44.5797 ], [ -70.039, 44.5811 ], [ -70.0375, 44.5836 ], [ -70.0402, 44.5887 ], [ -69.9929, 44.5809 ], [ -69.9535, 44.5747 ], [ -69.9277, 44.6041 ], [ -69.9305, 44.6109 ], [ -69.8745, 44.6183 ], [ -69.8533, 44.6215 ], [ -69.8282, 44.6082 ], [ -69.8264, 44.6079 ], [ -69.8254, 44.6067 ], [ -69.8247, 44.6069 ], [ -69.8239, 44.6078 ], [ -69.8224, 44.6076 ], [ -69.8227, 44.6071 ], [ -69.822, 44.6067 ], [ -69.8227, 44.606 ], [ -69.8228, 44.6052 ], [ -69.8217, 44.6049 ], [ -69.8227, 44.6046 ], [ -69.8208, 44.6041 ], [ -69.8204, 44.6032 ], [ -69.8211, 44.6028 ], [ -69.8214, 44.6021 ], [ -69.8224, 44.6019 ], [ -69.8223, 44.6009 ], [ -69.8212, 44.6004 ], [ -69.8204, 44.6006 ], [ -69.8204, 44.5996 ], [ -69.8194, 44.5995 ], [ -69.8194, 44.5991 ], [ -69.8188, 44.5992 ], [ -69.8184, 44.5978 ], [ -69.8179, 44.5975 ], [ -69.8175, 44.598 ], [ -69.8172, 44.5978 ], [ -69.8171, 44.5964 ], [ -69.8176, 44.5964 ], [ -69.8175, 44.596 ], [ -69.8184, 44.5953 ], [ -69.8178, 44.5946 ], [ -69.8187, 44.5943 ], [ -69.8187, 44.5937 ], [ -69.818, 44.5929 ], [ -69.8188, 44.5925 ], [ -69.818, 44.5917 ], [ -69.8173, 44.5916 ], [ -69.8183, 44.5911 ], [ -69.8181, 44.5905 ], [ -69.8185, 44.5903 ], [ -69.8175, 44.5889 ], [ -69.8181, 44.5883 ], [ -69.8186, 44.5883 ], [ -69.8184, 44.5874 ], [ -69.8174, 44.5865 ], [ -69.8177, 44.5855 ], [ -69.817, 44.5856 ], [ -69.8173, 44.585 ], [ -69.8179, 44.5851 ], [ -69.818, 44.5848 ], [ -69.8174, 44.5843 ], [ -69.8166, 44.5842 ], [ -69.8174, 44.5834 ], [ -69.817, 44.583 ], [ -69.8178, 44.5824 ], [ -69.8177, 44.582 ], [ -69.8188, 44.5819 ], [ -69.8185, 44.5813 ], [ -69.8189, 44.5811 ], [ -69.8197, 44.5813 ], [ -69.82, 44.581 ], [ -69.8196, 44.5808 ], [ -69.8198, 44.5801 ], [ -69.8187, 44.5802 ], [ -69.8197, 44.5796 ], [ -69.819, 44.5789 ], [ -69.819, 44.5783 ], [ -69.8184, 44.5782 ], [ -69.8182, 44.5769 ], [ -69.8175, 44.5764 ], [ -69.818, 44.5757 ], [ -69.817, 44.5745 ], [ -69.817, 44.574 ], [ -69.8205, 44.573 ], [ -69.823, 44.5718 ], [ -69.8263, 44.5688 ], [ -69.8302, 44.5637 ], [ -69.8348, 44.5585 ], [ -69.8387, 44.5497 ], [ -69.8411, 44.5478 ], [ -69.8432, 44.5472 ], [ -69.85, 44.5477 ], [ -69.8539, 44.5488 ], [ -69.8555, 44.5497 ], [ -69.8581, 44.5515 ], [ -69.8603, 44.5538 ], [ -69.8622, 44.5575 ], [ -69.8638, 44.5617 ], [ -69.8657, 44.5642 ], [ -69.8677, 44.5653 ], [ -69.8701, 44.5659 ], [ -69.8715, 44.5658 ], [ -69.8745, 44.5648 ], [ -69.8759, 44.5631 ], [ -69.8772, 44.5595 ], [ -69.8778, 44.5566 ], [ -69.8779, 44.5526 ], [ -69.8766, 44.5474 ], [ -69.8735, 44.5434 ], [ -69.8721, 44.5396 ], [ -69.8719, 44.5341 ], [ -69.8723, 44.532 ], [ -69.8732, 44.5303 ], [ -69.8745, 44.5286 ], [ -69.8768, 44.5269 ], [ -69.8792, 44.5257 ], [ -69.8795, 44.527 ], [ -69.8807, 44.5283 ], [ -69.8824, 44.5291 ], [ -69.8832, 44.5299 ], [ -69.8837, 44.5298 ], [ -69.8829, 44.5286 ], [ -69.8832, 44.5277 ], [ -69.8847, 44.5278 ], [ -69.8865, 44.529 ], [ -69.8876, 44.5292 ], [ -69.8881, 44.53 ], [ -69.8875, 44.5304 ], [ -69.8881, 44.5305 ], [ -69.8878, 44.5321 ], [ -69.8891, 44.5319 ], [ -69.8889, 44.5303 ], [ -69.9096, 44.5124 ], [ -69.9149, 44.5026 ], [ -69.9154, 44.5001 ], [ -69.9145, 44.4985 ], [ -69.913, 44.4932 ], [ -69.9074, 44.4786 ], [ -69.907, 44.4756 ], [ -69.9076, 44.4646 ], [ -69.9072, 44.4609 ], [ -69.9057, 44.4596 ], [ -69.9055, 44.4575 ], [ -69.9059, 44.4559 ], [ -69.9048, 44.4541 ], [ -69.9048, 44.4519 ], [ -69.9041, 44.4507 ], [ -69.9052, 44.4491 ], [ -69.9057, 44.4477 ], [ -69.9052, 44.4462 ], [ -69.9056, 44.4438 ], [ -69.9044, 44.441 ], [ -69.8831, 44.4371 ], [ -69.8871, 44.4234 ], [ -69.8861, 44.4221 ], [ -69.8897, 44.4097 ], [ -69.8825, 44.4081 ], [ -69.8878, 44.4032 ], [ -69.924, 44.4099 ], [ -69.9393, 44.4117 ], [ -69.9395, 44.4112 ], [ -69.9415, 44.4116 ], [ -69.9406, 44.4151 ], [ -69.9828, 44.421 ], [ -69.9833, 44.4191 ], [ -70.0306, 44.4266 ], [ -70.0252, 44.4445 ], [ -70.0158, 44.4642 ], [ -70.0184, 44.4671 ], [ -70.0189, 44.4672 ], [ -70.0201, 44.4683 ], [ -70.0212, 44.4682 ], [ -70.0231, 44.4657 ], [ -70.0256, 44.4667 ], [ -70.0269, 44.466 ], [ -70.0291, 44.4656 ], [ -70.0294, 44.4647 ], [ -70.0299, 44.4646 ], [ -70.0303, 44.464 ], [ -70.0326, 44.4626 ], [ -70.0331, 44.4614 ], [ -70.0343, 44.4604 ], [ -70.0334, 44.4595 ], [ -70.0338, 44.4584 ], [ -70.0353, 44.4595 ], [ -70.0358, 44.461 ], [ -70.0344, 44.4648 ], [ -70.0337, 44.4655 ], [ -70.0331, 44.4674 ], [ -70.0318, 44.4683 ], [ -70.0322, 44.4692 ], [ -70.0323, 44.4707 ], [ -70.0307, 44.4765 ], [ -70.0317, 44.4832 ], [ -70.0308, 44.4852 ], [ -70.0308, 44.4882 ], [ -70.0318, 44.4896 ], [ -70.0328, 44.49 ], [ -70.0347, 44.49 ], [ -70.0361, 44.4891 ], [ -70.0362, 44.4881 ], [ -70.0374, 44.488 ], [ -70.0378, 44.4875 ], [ -70.0382, 44.4845 ], [ -70.0396, 44.483 ], [ -70.0398, 44.482 ], [ -70.0416, 44.4799 ], [ -70.0423, 44.4796 ], [ -70.0429, 44.4801 ], [ -70.042, 44.4822 ], [ -70.0424, 44.4851 ], [ -70.042, 44.4873 ], [ -70.0422, 44.4884 ], [ -70.0445, 44.4905 ], [ -70.0458, 44.4905 ], [ -70.0464, 44.4909 ], [ -70.0458, 44.4941 ], [ -70.0453, 44.4948 ], [ -70.0439, 44.4943 ], [ -70.0423, 44.4945 ], [ -70.0389, 44.4997 ], [ -70.0375, 44.5008 ], [ -70.0371, 44.502 ], [ -70.0373, 44.5035 ], [ -70.0369, 44.5038 ], [ -70.0373, 44.5041 ], [ -70.0372, 44.5048 ], [ -70.0355, 44.5081 ], [ -70.0369, 44.5089 ], [ -70.0375, 44.5107 ], [ -70.04, 44.5132 ], [ -70.0407, 44.5151 ], [ -70.0414, 44.5141 ], [ -70.0722, 44.5293 ], [ -70.0719, 44.5298 ], [ -70.0725, 44.5303 ], [ -70.0716, 44.5313 ] ] ] } },
{ "type": "Feature", "properties": { "GEOIDFQ": "1400000US23011010700", "NAME": "107", "NAMELSAD": "Census Tract 107" }, "geometry": { "type": "Polygon", "coordinates": [ [ [ -69.8508, 44.2937 ], [ -69.8498, 44.2935 ], [ -69.8486, 44.2969 ], [ -69.8402, 44.2953 ], [ -69.8392, 44.2978 ], [ -69.8401, 44.298 ], [ -69.8373, 44.3051 ], [ -69.8353, 44.3047 ], [ -69.8348, 44.3054 ], [ -69.8313, 44.3148 ], [ -69.8192, 44.3126 ], [ -69.8195, 44.312 ], [ -69.8187, 44.3113 ], [ -69.8089, 44.3097 ], [ -69.8106, 44.3043 ], [ -69.8005, 44.3027 ], [ -69.8017, 44.2993 ], [ -69.7796, 44.2956 ], [ -69.7837, 44.2905 ], [ -69.7848, 44.2896 ], [ -69.7871, 44.2887 ], [ -69.7879, 44.2878 ], [ -69.789, 44.2838 ], [ -69.7895, 44.2801 ], [ -69.7879, 44.2753 ], [ -69.7856, 44.2711 ], [ -69.7837, 44.2694 ], [ -69.7785, 44.2666 ], [ -69.786, 44.2679 ], [ -69.7882, 44.2669 ], [ -69.7947, 44.262 ], [ -69.7926, 44.269 ], [ -69.8208, 44.2739 ], [ -69.8185, 44.281 ], [ -69.8477, 44.2858 ], [ -69.8469, 44.2864 ], [ -69.8525, 44.2893 ], [ -69.8508, 44.2937 ] ] ] } },
{ "type": "Feature", "properties": { "GEOIDFQ": "1400000US23031024001", "NAME": "240.01", "NAMELSAD": "Census Tract 240.01" }, "geometry": { "type": "Polygon", "coordinates": [ [ [ -70.8133, 43.6422 ], [ -70.8115, 43.642 ], [ -70.8057, 43.6407 ], [ -70.8013, 43.6386 ], [ -70.7968, 43.6381 ], [ -70.7948, 43.6418 ], [ -70.7924, 43.6451 ], [ -70.7928, 43.6485 ], [ -70.7935, 43.6498 ], [ -70.7952, 43.6511 ], [ -70.7952, 43.6527 ], [ -70.7947, 43.6531 ], [ -70.7909, 43.654 ], [ -70.7888, 43.6528 ], [ -70.7877, 43.6526 ], [ -70.7873, 43.6534 ], [ -70.7855, 43.6549 ], [ -70.7845, 43.6571 ], [ -70.7838, 43.6576 ], [ -70.7813, 43.6576 ], [ -70.7757, 43.6565 ], [ -70.7733, 43.6548 ], [ -70.7676, 43.6532 ], [ -70.7658, 43.6521 ], [ -70.7641, 43.6523 ], [ -70.7624, 43.6531 ], [ -70.7608, 43.653 ], [ -70.7598, 43.6523 ], [ -70.7566, 43.6487 ], [ -70.7565, 43.6476 ], [ -70.7551, 43.6479 ], [ -70.7547, 43.6477 ], [ -70.7548, 43.6469 ], [ -70.7532, 43.6461 ], [ -70.7489, 43.6457 ], [ -70.7453, 43.6423 ], [ -70.7445, 43.6408 ], [ -70.744, 43.6441 ], [ -70.7431, 43.6442 ], [ -70.7416, 43.6439 ], [ -70.7407, 43.6442 ], [ -70.7373, 43.6478 ], [ -70.7356, 43.6478 ], [ -70.7335, 43.6471 ], [ -70.7329, 43.6475 ], [ -70.7356, 43.6496 ], [ -70.7356, 43.6508 ], [ -70.7347, 43.6528 ], [ -70.7368, 43.6537 ], [ -70.7379, 43.656 ], [ -70.7393, 43.6564 ], [ -70.7409, 43.656 ], [ -70.7421, 43.6564 ], [ -70.7438, 43.6575 ], [ -70.7442, 43.6589 ], [ -70.7471, 43.6586 ], [ -70.7478, 43.6592 ], [ -70.7485, 43.6609 ], [ -70.7485, 43.6633 ], [ -70.7452, 43.6673 ], [ -70.7431, 43.6687 ], [ -70.7402, 43.6689 ], [ -70.7392, 43.6685 ], [ -70.7372, 43.6669 ], [ -70.7299, 43.6649 ], [ -70.7269, 43.6644 ], [ -70.7236, 43.6649 ], [ -70.7218, 43.6654 ], [ -70.7216, 43.6651 ], [ -70.7199, 43.6623 ], [ -70.7187, 43.6566 ], [ -70.7177, 43.6553 ], [ -70.7164, 43.6548 ], [ -70.7166, 43.6415 ], [ -70.7145, 43.6384 ], [ -70.7138, 43.6377 ], [ -70.7124, 43.6373 ], [ -70.7136, 43.635 ], [ -70.7178, 43.6316 ], [ -70.7202, 43.6304 ], [ -70.7212, 43.6288 ], [ -70.7215, 43.627 ], [ -70.7226, 43.6256 ], [ -70.7255, 43.6248 ], [ -70.73, 43.6245 ], [ -70.7346, 43.6205 ], [ -70.7392, 43.6196 ], [ -70.7447, 43.6174 ], [ -70.7508, 43.6173 ], [ -70.7537, 43.6179 ], [ -70.7578, 43.6137 ], [ -70.7601, 43.6127 ], [ -70.7608, 43.6119 ], [ -70.7603, 43.6105 ], [ -70.7608, 43.6082 ], [ -70.7605, 43.6057 ], [ -70.7616, 43.6035 ], [ -70.7611, 43.6016 ], [ -70.7634, 43.5991 ], [ -70.7621, 43.5966 ], [ -70.7577, 43.5925 ], [ -70.757, 43.5891 ], [ -70.7544, 43.5835 ], [ -70.7548, 43.5824 ], [ -70.7578, 43.5783 ], [ -70.7573, 43.5762 ], [ -70.7579, 43.5742 ], [ -70.7577, 43.5722 ], [ -70.755, 43.5692 ], [ -70.7542, 43.5671 ], [ -70.7522, 43.5652 ], [ -70.7507, 43.5632 ], [ -70.7474, 43.5607 ], [ -70.7454, 43.5575 ], [ -70.743, 43.5562 ], [ -70.741, 43.5537 ], [ -70.7387, 43.5524 ], [ -70.735, 43.5463 ], [ -70.7345, 43.5436 ], [ -70.733, 43.5415 ], [ -70.733, 43.5399 ], [ -70.7346, 43.5382 ], [ -70.7354, 43.5381 ], [ -70.7356, 43.5373 ], [ -70.7323, 43.5319 ], [ -70.7312, 43.5287 ], [ -70.7313, 43.5266 ], [ -70.7282, 43.5221 ], [ -70.728, 43.5205 ], [ -70.7293, 43.518 ], [ -70.7649, 43.5354 ], [ -70.7651, 43.536 ], [ -70.7665, 43.537 ], [ -70.7669, 43.538 ], [ -70.7661, 43.5408 ], [ -70.7665, 43.5416 ], [ -70.7664, 43.5426 ], [ -70.7659, 43.5431 ], [ -70.7667, 43.5444 ], [ -70.7665, 43.5468 ], [ -70.7673, 43.5478 ], [ -70.7672, 43.5481 ], [ -70.7683, 43.5488 ], [ -70.7695, 43.5505 ], [ -70.7706, 43.551 ], [ -70.7719, 43.5511 ], [ -70.7728, 43.5517 ], [ -70.7731, 43.5534 ], [ -70.7784, 43.5583 ], [ -70.7799, 43.5655 ], [ -70.7838, 43.565 ], [ -70.7882, 43.5712 ], [ -70.7906, 43.571 ], [ -70.7921, 43.5755 ], [ -70.7984, 43.5747 ], [ -70.8147, 43.642 ], [ -70.8133, 43.6422 ] ] ] } },
{ "type": "Feature", "properties": { "GEOIDFQ": "1400000US23031034004", "NAME": "340.04", "NAMELSAD": "Census Tract 340.04" }, "geometry": { "type": "Polygon", "coordinates": [ [ [ -70.6144, 43.3104 ], [ -70.6132, 43.3139 ], [ -70.6083, 43.3228 ], [ -70.6047, 43.3222 ], [ -70.6013, 43.321 ], [ -70.5999, 43.3209 ], [ -70.592, 43.3216 ], [ -70.5866, 43.3229 ], [ -70.581, 43.3222 ], [ -70.5846, 43.3137 ], [ -70.5847, 43.3067 ], [ -70.5855, 43.303 ], [ -70.5881, 43.2959 ], [ -70.5909, 43.2904 ], [ -70.5939, 43.2866 ], [ -70.5952, 43.2792 ], [ -70.5981, 43.2732 ], [ -70.5977, 43.2708 ], [ -70.5985, 43.2711 ], [ -70.599, 43.2699 ], [ -70.5999, 43.2702 ], [ -70.6028, 43.2691 ], [ -70.6044, 43.2693 ], [ -70.6061, 43.269 ], [ -70.6077, 43.2677 ], [ -70.6081, 43.2655 ], [ -70.6095, 43.2645 ], [ -70.6102, 43.2646 ], [ -70.612, 43.2661 ], [ -70.6131, 43.2677 ], [ -70.6144, 43.2676 ], [ -70.6168, 43.2664 ], [ -70.618, 43.2668 ], [ -70.6189, 43.2665 ], [ -70.6144, 43.3104 ] ] ] } },
{ "type": "Feature", "properties": { "GEOIDFQ": "1400000US23031034003", "NAME": "340.03", "NAMELSAD": "Census Tract 340.03" }, "geometry": { "type": "Polygon", "coordinates": [ [ [ -70.5964, 43.3441 ], [ -70.5783, 43.3767 ], [ -70.576, 43.3745 ], [ -70.5759, 43.3738 ], [ -70.5749, 43.3732 ], [ -70.5751, 43.372 ], [ -70.5733, 43.371 ], [ -70.5693, 43.3697 ], [ -70.569, 43.3693 ], [ -70.5683, 43.3693 ], [ -70.5681, 43.3682 ], [ -70.5663, 43.3675 ], [ -70.5649, 43.3676 ], [ -70.5637, 43.3647 ], [ -70.5633, 43.3645 ], [ -70.5623, 43.3648 ], [ -70.5617, 43.3641 ], [ -70.562, 43.3632 ], [ -70.5616, 43.3628 ], [ -70.5611, 43.3625 ], [ -70.5599, 43.363 ], [ -70.5594, 43.3607 ], [ -70.5582, 43.3601 ], [ -70.5571, 43.3603 ], [ -70.5572, 43.3595 ], [ -70.5555, 43.3584 ], [ -70.5549, 43.3574 ], [ -70.5539, 43.3569 ], [ -70.5534, 43.3553 ], [ -70.5519, 43.3549 ], [ -70.5521, 43.3547 ], [ -70.551, 43.3541 ], [ -70.5515, 43.3534 ], [ -70.5504, 43.3534 ], [ -70.5501, 43.3529 ], [ -70.5494, 43.3533 ], [ -70.5495, 43.3526 ], [ -70.5504, 43.3518 ], [ -70.5486, 43.3512 ], [ -70.5489, 43.3509 ], [ -70.5481, 43.3508 ], [ -70.5485, 43.3503 ], [ -70.5477, 43.3504 ], [ -70.5485, 43.3498 ], [ -70.547, 43.3493 ], [ -70.5477, 43.3485 ], [ -70.5469, 43.3485 ], [ -70.5458, 43.3494 ], [ -70.5454, 43.3493 ], [ -70.5454, 43.3471 ], [ -70.5441, 43.3469 ], [ -70.5447, 43.346 ], [ -70.5456, 43.3461 ], [ -70.546, 43.3458 ], [ -70.5451, 43.3454 ], [ -70.5436, 43.3461 ], [ -70.5445, 43.3442 ], [ -70.5435, 43.3436 ], [ -70.546, 43.3428 ], [ -70.5464, 43.3419 ], [ -70.5451, 43.3409 ], [ -70.5434, 43.3381 ], [ -70.5428, 43.3376 ], [ -70.5422, 43.3378 ], [ -70.542, 43.3397 ], [ -70.5435, 43.3415 ], [ -70.5412, 43.3433 ], [ -70.5407, 43.3429 ], [ -70.5405, 43.3406 ], [ -70.5392, 43.3389 ], [ -70.539, 43.3375 ], [ -70.5394, 43.3366 ], [ -70.5406, 43.3361 ], [ -70.5406, 43.3355 ], [ -70.5365, 43.3356 ], [ -70.5352, 43.3351 ], [ -70.5484, 43.3239 ], [ -70.5545, 43.3173 ], [ -70.5561, 43.319 ], [ -70.5606, 43.3214 ], [ -70.5707, 43.3197 ], [ -70.5725, 43.3199 ], [ -70.5743, 43.321 ], [ -70.5764, 43.3214 ], [ -70.5774, 43.3222 ], [ -70.5806, 43.3228 ], [ -70.581, 43.3222 ], [ -70.587, 43.3229 ], [ -70.5913, 43.3218 ], [ -70.5996, 43.3209 ], [ -70.6013, 43.321 ], [ -70.6047, 43.3222 ], [ -70.6083, 43.3228 ], [ -70.5964, 43.3441 ] ] ] } },
{ "type": "Feature", "properties": { "GEOIDFQ": "1400000US23031005302", "NAME": "53.02", "NAMELSAD": "Census Tract 53.02" }, "geometry": { "type": "Polygon", "coordinates": [ [ [ -70.4863, 43.5017 ], [ -70.484, 43.504 ], [ -70.4685, 43.5159 ], [ -70.459, 43.5225 ], [ -70.4573, 43.521 ], [ -70.4561, 43.5186 ], [ -70.4517, 43.5143 ], [ -70.4478, 43.5077 ], [ -70.4602, 43.5013 ], [ -70.4638, 43.4986 ], [ -70.4663, 43.4989 ], [ -70.4686, 43.4995 ], [ -70.4711, 43.5006 ], [ -70.4734, 43.5025 ], [ -70.4747, 43.5027 ], [ -70.4765, 43.5022 ], [ -70.4817, 43.4991 ], [ -70.4883, 43.4989 ], [ -70.4863, 43.5017 ] ] ] } },
{ "type": "Feature", "properties": { "GEOIDFQ": "1400000US23031006104", "NAME": "61.04", "NAMELSAD": "Census Tract 61.04" }, "geometry": { "type": "Polygon", "coordinates": [ [ [ -70.4072, 43.523 ], [ -70.4058, 43.53 ], [ -70.4039, 43.5302 ], [ -70.4002, 43.5298 ], [ -70.3966, 43.5303 ], [ -70.3943, 43.5302 ], [ -70.3919, 43.5307 ], [ -70.3967, 43.5325 ], [ -70.4004, 43.5356 ], [ -70.4039, 43.5395 ], [ -70.3901, 43.5537 ], [ -70.35, 43.5337 ], [ -70.352, 43.5325 ], [ -70.3631, 43.5225 ], [ -70.3658, 43.519 ], [ -70.371, 43.5214 ], [ -70.3736, 43.5182 ], [ -70.3742, 43.5189 ], [ -70.3783, 43.5209 ], [ -70.38, 43.5207 ], [ -70.3813, 43.5194 ], [ -70.3828, 43.5196 ], [ -70.3832, 43.5199 ], [ -70.3823, 43.5204 ], [ -70.3826, 43.5213 ], [ -70.383, 43.5214 ], [ -70.3843, 43.5207 ], [ -70.3838, 43.5201 ], [ -70.3854, 43.5194 ], [ -70.385, 43.5191 ], [ -70.3853, 43.5187 ], [ -70.3889, 43.515 ], [ -70.3893, 43.5138 ], [ -70.3906, 43.5132 ], [ -70.3987, 43.5173 ], [ -70.4008, 43.5189 ], [ -70.4025, 43.5184 ], [ -70.4038, 43.5198 ], [ -70.407, 43.5211 ], [ -70.408, 43.5222 ], [ -70.4072, 43.523 ] ] ] } },
{ "type": "Feature", "properties": { "GEOIDFQ": "1400000US23031006106", "NAME": "61.06", "NAMELSAD": "Census Tract 61.06" }, "geometry": { "type": "Polygon", "coordinates": [ [ [ -70.3903, 43.5106 ], [ -70.3913, 43.5111 ], [ -70.3897, 43.5128 ], [ -70.3906, 43.5132 ], [ -70.3893, 43.5138 ], [ -70.3889, 43.515 ], [ -70.3853, 43.5187 ], [ -70.385, 43.5191 ], [ -70.3854, 43.5194 ], [ -70.3838, 43.5201 ], [ -70.3843, 43.5207 ], [ -70.3839, 43.5211 ], [ -70.3827, 43.5215 ], [ -70.3823, 43.5204 ], [ -70.3832, 43.5198 ], [ -70.3813, 43.5194 ], [ -70.38, 43.5207 ], [ -70.3782, 43.5209 ], [ -70.3742, 43.5189 ], [ -70.3736, 43.5182 ], [ -70.371, 43.5214 ], [ -70.3706, 43.5213 ], [ -70.3745, 43.5159 ], [ -70.3787, 43.5109 ], [ -70.3826, 43.508 ], [ -70.3849, 43.507 ], [ -70.3858, 43.5076 ], [ -70.3881, 43.5075 ], [ -70.3914, 43.5095 ], [ -70.3903, 43.5106 ] ] ] } },
{ "type": "Feature", "properties": { "GEOIDFQ": "1400000US23031006103", "NAME": "61.03", "NAMELSAD": "Census Tract 61.03" }, "geometry": { "type": "Polygon", "coordinates": [ [ [ -70.4039, 43.5395 ], [ -70.4004, 43.5356 ], [ -70.3967, 43.5325 ], [ -70.3919, 43.5307 ], [ -70.3943, 43.5302 ], [ -70.3966, 43.5303 ], [ -70.4002, 43.5298 ], [ -70.4039, 43.5302 ], [ -70.4058, 43.53 ], [ -70.4072, 43.523 ], [ -70.4081, 43.5221 ], [ -70.407, 43.5211 ], [ -70.4038, 43.5198 ], [ -70.4025, 43.5184 ], [ -70.4008, 43.5189 ], [ -70.3987, 43.5173 ], [ -70.3897, 43.5128 ], [ -70.3913, 43.5111 ], [ -70.3903, 43.5106 ], [ -70.3914, 43.5095 ], [ -70.3881, 43.5075 ], [ -70.3858, 43.5076 ], [ -70.3849, 43.507 ], [ -70.4144, 43.5028 ], [ -70.4146, 43.5035 ], [ -70.4143, 43.504 ], [ -70.4147, 43.5045 ], [ -70.4144, 43.5054 ], [ -70.4151, 43.5067 ], [ -70.4149, 43.5081 ], [ -70.4166, 43.5095 ], [ -70.417, 43.5119 ], [ -70.4164, 43.5126 ], [ -70.4174, 43.5142 ], [ -70.4158, 43.5175 ], [ -70.4148, 43.5179 ], [ -70.4152, 43.5184 ], [ -70.4168, 43.5186 ], [ -70.4188, 43.5182 ], [ -70.4196, 43.5185 ], [ -70.4216, 43.5184 ], [ -70.4226, 43.5178 ], [ -70.4253, 43.5177 ], [ -70.4039, 43.5395 ] ] ] } },
{ "type": "Feature", "properties": { "GEOIDFQ": "1400000US23031035002", "NAME": "350.02", "NAMELSAD": "Census Tract 350.02" }, "geometry": { "type": "Polygon", "coordinates": [ [ [ -70.8278, 43.1886 ], [ -70.8263, 43.1899 ], [ -70.8238, 43.1909 ], [ -70.8204, 43.1917 ], [ -70.8193, 43.193 ], [ -70.8191, 43.1951 ], [ -70.8206, 43.1984 ], [ -70.8207, 43.1995 ], [ -70.8188, 43.2067 ], [ -70.8166, 43.2113 ], [ -70.8169, 43.2145 ], [ -70.8162, 43.2155 ], [ -70.8129, 43.2174 ], [ -70.8125, 43.2185 ], [ -70.8135, 43.22 ], [ -70.811, 43.2223 ], [ -70.8095, 43.2249 ], [ -70.8098, 43.2259 ], [ -70.8112, 43.2267 ], [ -70.8115, 43.228 ], [ -70.8123, 43.2287 ], [ -70.8141, 43.2291 ], [ -70.8165, 43.2288 ], [ -70.8172, 43.2293 ], [ -70.8174, 43.2303 ], [ -70.8155, 43.2335 ], [ -70.8176, 43.2369 ], [ -70.8176, 43.2377 ], [ -70.8135, 43.2397 ], [ -70.808, 43.245 ], [ -70.8018, 43.2425 ], [ -70.8009, 43.2431 ], [ -70.8019, 43.2394 ], [ -70.8037, 43.2381 ], [ -70.8029, 43.2378 ], [ -70.8003, 43.2377 ], [ -70.7981, 43.2383 ], [ -70.7967, 43.234 ], [ -70.7969, 43.2328 ], [ -70.7956, 43.2307 ], [ -70.7945, 43.2297 ], [ -70.7895, 43.2282 ], [ -70.7874, 43.228 ], [ -70.7863, 43.2269 ], [ -70.7857, 43.2268 ], [ -70.7856, 43.2261 ], [ -70.786, 43.2257 ], [ -70.7855, 43.2253 ], [ -70.7874, 43.2242 ], [ -70.787, 43.2219 ], [ -70.7877, 43.2215 ], [ -70.7888, 43.2217 ], [ -70.7891, 43.2214 ], [ -70.7863, 43.2167 ], [ -70.7864, 43.2162 ], [ -70.7876, 43.2169 ], [ -70.7896, 43.2161 ], [ -70.7903, 43.2167 ], [ -70.7914, 43.2167 ], [ -70.7917, 43.2162 ], [ -70.7892, 43.2123 ], [ -70.7869, 43.2117 ], [ -70.7843, 43.2097 ], [ -70.7775, 43.2055 ], [ -70.7738, 43.204 ], [ -70.7681, 43.2028 ], [ -70.7638, 43.2001 ], [ -70.7565, 43.1972 ], [ -70.8103, 43.1818 ], [ -70.8127, 43.1825 ], [ -70.8191, 43.1812 ], [ -70.8201, 43.1812 ], [ -70.8198, 43.1818 ], [ -70.8203, 43.1817 ], [ -70.8247, 43.1798 ], [ -70.8283, 43.1876 ], [ -70.8278, 43.1886 ] ] ] } },
{ "type": "Feature", "properties": { "GEOIDFQ": "1400000US23005001200", "NAME": "12", "NAMELSAD": "Census Tract 12" }, "geometry": { "type": "Polygon", "coordinates": [ [ [ -70.2682, 43.6515 ], [ -70.2655, 43.6501 ], [ -70.2663, 43.6492 ], [ -70.2631, 43.6476 ], [ -70.2656, 43.646 ], [ -70.2665, 43.6471 ], [ -70.2677, 43.6465 ], [ -70.2697, 43.6485 ], [ -70.2698, 43.65 ], [ -70.2682, 43.6515 ] ] ] } },
{ "type": "Feature", "properties": { "GEOIDFQ": "1400000US23009965300", "NAME": "9653", "NAMELSAD": "Census Tract 9653" }, "geometry": { "type": "Polygon", "coordinates": [ [ [ -68.8469, 44.6253 ], [ -68.8464, 44.6265 ], [ -68.8372, 44.6378 ], [ -68.834, 44.6433 ], [ -68.8319, 44.6512 ], [ -68.825, 44.6597 ], [ -68.823, 44.6634 ], [ -68.8207, 44.6651 ], [ -68.8135, 44.6682 ], [ -68.8121, 44.6693 ], [ -68.8119, 44.6719 ], [ -68.815, 44.6787 ], [ -68.8158, 44.6838 ], [ -68.7978, 44.6888 ], [ -68.797, 44.6871 ], [ -68.7943, 44.6878 ], [ -68.7938, 44.6865 ], [ -68.7932, 44.6866 ], [ -68.7929, 44.6855 ], [ -68.786, 44.6867 ], [ -68.7851, 44.6784 ], [ -68.781, 44.6788 ], [ -68.7809, 44.6783 ], [ -68.7663, 44.6757 ], [ -68.7719, 44.6644 ], [ -68.7578, 44.662 ], [ -68.7576, 44.6626 ], [ -68.744, 44.6606 ], [ -68.7269, 44.6961 ], [ -68.7139, 44.7036 ], [ -68.691, 44.7217 ], [ -68.6379, 44.6665 ], [ -68.7271, 44.5943 ], [ -68.7285, 44.5942 ], [ -68.7298, 44.5936 ], [ -68.7322, 44.5901 ], [ -68.7342, 44.5893 ], [ -68.7364, 44.5898 ], [ -68.7368, 44.5893 ], [ -68.7373, 44.5867 ], [ -68.7383, 44.5846 ], [ -68.7415, 44.5819 ], [ -68.7449, 44.5817 ], [ -68.7463, 44.5813 ], [ -68.7733, 44.5655 ], [ -68.7767, 44.5667 ], [ -68.7906, 44.5698 ], [ -68.7928, 44.5698 ], [ -68.7983, 44.5681 ], [ -68.7989, 44.5689 ], [ -68.8003, 44.5697 ], [ -68.8025, 44.5703 ], [ -68.8066, 44.5708 ], [ -68.8105, 44.5728 ], [ -68.8126, 44.5748 ], [ -68.815, 44.5778 ], [ -68.8188, 44.5877 ], [ -68.8236, 44.596 ], [ -68.8307, 44.6043 ], [ -68.8359, 44.608 ], [ -68.8417, 44.611 ], [ -68.8448, 44.6135 ], [ -68.847, 44.6172 ], [ -68.8475, 44.6215 ], [ -68.8469, 44.6253 ] ] ] } },
{ "type": "Feature", "properties": { "GEOIDFQ": "1400000US23005004100", "NAME": "41", "NAMELSAD": "Census Tract 41" }, "geometry": { "type": "Polygon", "coordinates": [ [ [ -70.5243, 43.7362 ], [ -70.5215, 43.7397 ], [ -70.5189, 43.7418 ], [ -70.5049, 43.7567 ], [ -70.4987, 43.7629 ], [ -70.4777, 43.7856 ], [ -70.4801, 43.7866 ], [ -70.478, 43.7889 ], [ -70.4756, 43.7878 ], [ -70.4485, 43.817 ], [ -70.449, 43.8135 ], [ -70.4496, 43.8129 ], [ -70.4502, 43.8112 ], [ -70.4508, 43.8083 ], [ -70.4501, 43.8025 ], [ -70.4476, 43.801 ], [ -70.4474, 43.7996 ], [ -70.4483, 43.7967 ], [ -70.4499, 43.795 ], [ -70.4504, 43.7937 ], [ -70.4526, 43.7925 ], [ -70.4537, 43.7914 ], [ -70.4549, 43.7859 ], [ -70.455, 43.7829 ], [ -70.4545, 43.7812 ], [ -70.4527, 43.7797 ], [ -70.4523, 43.7773 ], [ -70.4514, 43.7769 ], [ -70.4475, 43.7762 ], [ -70.4464, 43.7738 ], [ -70.4454, 43.7727 ], [ -70.4443, 43.7732 ], [ -70.4436, 43.7728 ], [ -70.4439, 43.7719 ], [ -70.4465, 43.769 ], [ -70.4456, 43.7679 ], [ -70.4457, 43.7673 ], [ -70.4462, 43.7668 ], [ -70.4472, 43.7667 ], [ -70.4479, 43.7662 ], [ -70.4484, 43.7652 ], [ -70.4478, 43.7638 ], [ -70.4492, 43.7626 ], [ -70.4474, 43.7608 ], [ -70.4468, 43.7593 ], [ -70.4483, 43.7565 ], [ -70.4482, 43.7527 ], [ -70.4465, 43.7501 ], [ -70.4445, 43.7488 ], [ -70.443, 43.7485 ], [ -70.4385, 43.7485 ], [ -70.4386, 43.7472 ], [ -70.4396, 43.7457 ], [ -70.4376, 43.7396 ], [ -70.4369, 43.739 ], [ -70.4359, 43.7388 ], [ -70.4353, 43.7404 ], [ -70.4323, 43.7412 ], [ -70.4278, 43.7379 ], [ -70.4273, 43.7346 ], [ -70.4269, 43.7342 ], [ -70.4248, 43.734 ], [ -70.4237, 43.7336 ], [ -70.4235, 43.7318 ], [ -70.4222, 43.7287 ], [ -70.4185, 43.7264 ], [ -70.4155, 43.7224 ], [ -70.413, 43.7207 ], [ -70.4126, 43.7189 ], [ -70.4117, 43.7178 ], [ -70.4096, 43.7166 ], [ -70.4103, 43.7156 ], [ -70.408, 43.7152 ], [ -70.4073, 43.7149 ], [ -70.4071, 43.7144 ], [ -70.4076, 43.7137 ], [ -70.4093, 43.7134 ], [ -70.4103, 43.7136 ], [ -70.4156, 43.7132 ], [ -70.4167, 43.7134 ], [ -70.4187, 43.7146 ], [ -70.4209, 43.7184 ], [ -70.4241, 43.7208 ], [ -70.4249, 43.7208 ], [ -70.4264, 43.7195 ], [ -70.4286, 43.7185 ], [ -70.4295, 43.717 ], [ -70.4314, 43.7159 ], [ -70.4295, 43.714 ], [ -70.4315, 43.7123 ], [ -70.4315, 43.7117 ], [ -70.4299, 43.7098 ], [ -70.4307, 43.7087 ], [ -70.4324, 43.7077 ], [ -70.4328, 43.7067 ], [ -70.4349, 43.7064 ], [ -70.435, 43.7055 ], [ -70.4354, 43.7052 ], [ -70.4367, 43.7063 ], [ -70.4383, 43.7068 ], [ -70.4393, 43.7065 ], [ -70.4407, 43.7076 ], [ -70.442, 43.7082 ], [ -70.4419, 43.7074 ], [ -70.4423, 43.7075 ], [ -70.4441, 43.7084 ], [ -70.4483, 43.7089 ], [ -70.4493, 43.7093 ], [ -70.453, 43.7112 ], [ -70.4549, 43.7137 ], [ -70.4585, 43.7096 ], [ -70.4611, 43.7091 ], [ -70.4619, 43.7078 ], [ -70.4633, 43.7075 ], [ -70.4646, 43.7076 ], [ -70.4661, 43.7083 ], [ -70.4667, 43.7082 ], [ -70.4674, 43.7066 ], [ -70.4697, 43.7052 ], [ -70.4694, 43.7044 ], [ -70.4711, 43.7039 ], [ -70.4714, 43.7036 ], [ -70.4711, 43.702 ], [ -70.4717, 43.7019 ], [ -70.4739, 43.6984 ], [ -70.4758, 43.6967 ], [ -70.4755, 43.6956 ], [ -70.4773, 43.6946 ], [ -70.4774, 43.6936 ], [ -70.4763, 43.6926 ], [ -70.4769, 43.6909 ], [ -70.4754, 43.6889 ], [ -70.4762, 43.6874 ], [ -70.4759, 43.6864 ], [ -70.4766, 43.6865 ], [ -70.477, 43.6854 ], [ -70.4767, 43.6849 ], [ -70.4774, 43.6826 ], [ -70.4773, 43.6815 ], [ -70.4783, 43.6811 ], [ -70.4787, 43.6804 ], [ -70.4779, 43.6797 ], [ -70.4782, 43.6788 ], [ -70.4787, 43.6787 ], [ -70.4789, 43.678 ], [ -70.4797, 43.6778 ], [ -70.4796, 43.677 ], [ -70.4803, 43.6775 ], [ -70.4812, 43.6767 ], [ -70.4809, 43.6753 ], [ -70.4814, 43.6747 ], [ -70.4819, 43.6745 ], [ -70.4833, 43.675 ], [ -70.483, 43.6743 ], [ -70.4852, 43.6735 ], [ -70.4864, 43.6725 ], [ -70.4871, 43.6716 ], [ -70.4873, 43.6707 ], [ -70.488, 43.6703 ], [ -70.4878, 43.6689 ], [ -70.4892, 43.6688 ], [ -70.4907, 43.6688 ], [ -70.5466, 43.7132 ], [ -70.5243, 43.7362 ] ] ] } },
{ "type": "Feature", "properties": { "GEOIDFQ": "1400000US23005003400", "NAME": "34", "NAMELSAD": "Census Tract 34" }, "geometry": { "type": "Polygon", "coordinates": [ [ [ -70.283, 43.6078 ], [ -70.2806, 43.6102 ], [ -70.2797, 43.6123 ], [ -70.2774, 43.6155 ], [ -70.2717, 43.6185 ], [ -70.2633, 43.6246 ], [ -70.2583, 43.6272 ], [ -70.2516, 43.6317 ], [ -70.2522, 43.6345 ], [ -70.2501, 43.6348 ], [ -70.2483, 43.636 ], [ -70.2464, 43.6351 ], [ -70.2438, 43.6347 ], [ -70.2347, 43.6356 ], [ -70.2288, 43.6344 ], [ -70.2274, 43.6338 ], [ -70.2318, 43.6329 ], [ -70.2336, 43.6336 ], [ -70.2348, 43.6322 ], [ -70.2409, 43.6289 ], [ -70.2418, 43.627 ], [ -70.2438, 43.6251 ], [ -70.2451, 43.6243 ], [ -70.2453, 43.6245 ], [ -70.2475, 43.6224 ], [ -70.2484, 43.6206 ], [ -70.249, 43.6221 ], [ -70.2519, 43.6185 ], [ -70.255, 43.6198 ], [ -70.2573, 43.6203 ], [ -70.2584, 43.6217 ], [ -70.2615, 43.618 ], [ -70.2658, 43.6186 ], [ -70.2658, 43.6177 ], [ -70.2697, 43.6152 ], [ -70.2663, 43.6134 ], [ -70.2663, 43.6113 ], [ -70.2682, 43.6091 ], [ -70.2688, 43.6103 ], [ -70.2718, 43.6099 ], [ -70.2761, 43.6054 ], [ -70.2758, 43.6031 ], [ -70.2811, 43.5975 ], [ -70.2879, 43.6009 ], [ -70.283, 43.6078 ] ] ] } },
{ "type": "Feature", "properties": { "GEOIDFQ": "1400000US23005002600", "NAME": "26", "NAMELSAD": "Census Tract 26" }, "geometry": { "type": "Polygon", "coordinates": [ [ [ -70.361, 43.6886 ], [ -70.3577, 43.6866 ], [ -70.3555, 43.6879 ], [ -70.3546, 43.6888 ], [ -70.3542, 43.6907 ], [ -70.3498, 43.694 ], [ -70.3487, 43.6952 ], [ -70.3408, 43.697 ], [ -70.3393, 43.697 ], [ -70.3389, 43.6976 ], [ -70.3386, 43.6995 ], [ -70.3405, 43.7017 ], [ -70.3425, 43.7 ], [ -70.3438, 43.7 ], [ -70.3446, 43.7002 ], [ -70.3444, 43.7009 ], [ -70.3449, 43.7011 ], [ -70.3458, 43.7022 ], [ -70.3494, 43.7027 ], [ -70.3491, 43.7037 ], [ -70.3499, 43.7059 ], [ -70.3488, 43.7069 ], [ -70.3491, 43.7073 ], [ -70.3499, 43.7071 ], [ -70.3507, 43.7078 ], [ -70.3502, 43.7085 ], [ -70.3504, 43.7095 ], [ -70.3517, 43.7122 ], [ -70.3526, 43.7123 ], [ -70.3539, 43.7131 ], [ -70.3529, 43.715 ], [ -70.3538, 43.7153 ], [ -70.3538, 43.7156 ], [ -70.3527, 43.7173 ], [ -70.3536, 43.7203 ], [ -70.3531, 43.7216 ], [ -70.3523, 43.7216 ], [ -70.3527, 43.723 ], [ -70.3522, 43.7235 ], [ -70.352, 43.7248 ], [ -70.3513, 43.7251 ], [ -70.3517, 43.7259 ], [ -70.3508, 43.7262 ], [ -70.3516, 43.7279 ], [ -70.3508, 43.7295 ], [ -70.3517, 43.7302 ], [ -70.3506, 43.7317 ], [ -70.3519, 43.7341 ], [ -70.3523, 43.7357 ], [ -70.3522, 43.7365 ], [ -70.351, 43.7376 ], [ -70.352, 43.738 ], [ -70.3517, 43.7388 ], [ -70.3527, 43.7394 ], [ -70.3527, 43.74 ], [ -70.3541, 43.7399 ], [ -70.3541, 43.7402 ], [ -70.3519, 43.7424 ], [ -70.3522, 43.743 ], [ -70.3521, 43.7445 ], [ -70.3516, 43.7445 ], [ -70.3512, 43.7453 ], [ -70.3514, 43.746 ], [ -70.3519, 43.7462 ], [ -70.3537, 43.7461 ], [ -70.354, 43.7471 ], [ -70.3551, 43.7481 ], [ -70.3547, 43.7501 ], [ -70.3533, 43.7493 ], [ -70.3533, 43.7518 ], [ -70.3516, 43.7522 ], [ -70.3511, 43.7503 ], [ -70.3505, 43.7505 ], [ -70.3502, 43.7481 ], [ -70.3478, 43.749 ], [ -70.3483, 43.7495 ], [ -70.3479, 43.7496 ], [ -70.3482, 43.7502 ], [ -70.3445, 43.7503 ], [ -70.3443, 43.7506 ], [ -70.3404, 43.7503 ], [ -70.339, 43.7523 ], [ -70.336, 43.7518 ], [ -70.3375, 43.7492 ], [ -70.3349, 43.7493 ], [ -70.3321, 43.7433 ], [ -70.3334, 43.7431 ], [ -70.3353, 43.7438 ], [ -70.3376, 43.7406 ], [ -70.3273, 43.7353 ], [ -70.3283, 43.7341 ], [ -70.3266, 43.733 ], [ -70.3274, 43.7322 ], [ -70.3234, 43.7281 ], [ -70.3203, 43.7285 ], [ -70.3188, 43.7269 ], [ -70.3183, 43.7273 ], [ -70.3111, 43.7198 ], [ -70.3145, 43.7182 ], [ -70.316, 43.7181 ], [ -70.3169, 43.7177 ], [ -70.3172, 43.7154 ], [ -70.3177, 43.7143 ], [ -70.323, 43.7103 ], [ -70.3254, 43.7081 ], [ -70.3251, 43.7073 ], [ -70.3228, 43.7063 ], [ -70.3228, 43.7053 ], [ -70.3253, 43.703 ], [ -70.3264, 43.7009 ], [ -70.3286, 43.6997 ], [ -70.3294, 43.6986 ], [ -70.3298, 43.6973 ], [ -70.3294, 43.6955 ], [ -70.3299, 43.6931 ], [ -70.3324, 43.692 ], [ -70.3336, 43.6908 ], [ -70.336, 43.6903 ], [ -70.3364, 43.6899 ], [ -70.3361, 43.6892 ], [ -70.3369, 43.6881 ], [ -70.3403, 43.6883 ], [ -70.3472, 43.6865 ], [ -70.3492, 43.6858 ], [ -70.3517, 43.6831 ], [ -70.3535, 43.6827 ], [ -70.3552, 43.6818 ], [ -70.3633, 43.686 ], [ -70.361, 43.6886 ] ] ] } },
{ "type": "Feature", "properties": { "GEOIDFQ": "1400000US23021960500", "NAME": "9605", "NAMELSAD": "Census Tract 9605" }, "geometry": { "type": "Polygon", "coordinates": [ [ [ -69.6273, 45.2019 ], [ -69.5469, 45.2127 ], [ -69.5506, 45.2253 ], [ -69.4245, 45.2432 ], [ -69.4021, 45.1609 ], [ -69.3887, 45.1626 ], [ -69.3882, 45.163 ], [ -69.3811, 45.1637 ], [ -69.3557, 45.0735 ], [ -69.4999, 45.0538 ], [ -69.4952, 45.0374 ], [ -69.5186, 45.0343 ], [ -69.5156, 45.025 ], [ -69.5935, 45.0144 ], [ -69.621, 45.011 ], [ -69.6458, 45.1013 ], [ -69.6548, 45.1 ], [ -69.6828, 45.1949 ], [ -69.6273, 45.2019 ] ] ] } },
{ "type": "Feature", "properties": { "GEOIDFQ": "1400000US23021960900", "NAME": "9609", "NAMELSAD": "Census Tract 9609" }, "geometry": { "type": "Polygon", "coordinates": [ [ [ -69.0011, 45.4184 ], [ -68.8312, 45.4424 ], [ -68.8136, 45.3751 ], [ -68.8009, 45.3291 ], [ -68.8636, 45.3221 ], [ -68.9203, 45.3147 ], [ -68.9419, 45.3117 ], [ -68.9995, 45.3029 ], [ -69.0521, 45.2954 ], [ -69.0824, 45.4058 ], [ -69.0011, 45.4184 ] ] ] } },
{ "type": "Feature", "properties": { "GEOIDFQ": "1400000US23011023002", "NAME": "230.02", "NAMELSAD": "Census Tract 230.02" }, "geometry": { "type": "Polygon", "coordinates": [ [ [ -69.6744, 44.5065 ], [ -69.6688, 44.5127 ], [ -69.6579, 44.5223 ], [ -69.6529, 44.5257 ], [ -69.6498, 44.5289 ], [ -69.6377, 44.535 ], [ -69.6343, 44.5386 ], [ -69.6273, 44.5387 ], [ -69.6239, 44.5398 ], [ -69.6182, 44.5384 ], [ -69.6145, 44.5385 ], [ -69.6107, 44.5357 ], [ -69.6058, 44.538 ], [ -69.6007, 44.5411 ], [ -69.595, 44.5422 ], [ -69.5885, 44.5458 ], [ -69.584, 44.5511 ], [ -69.5812, 44.5534 ], [ -69.5766, 44.5563 ], [ -69.5691, 44.5681 ], [ -69.5677, 44.5693 ], [ -69.5632, 44.571 ], [ -69.4935, 44.5609 ], [ -69.514, 44.4945 ], [ -69.5386, 44.4981 ], [ -69.5433, 44.4806 ], [ -69.565, 44.4839 ], [ -69.5656, 44.4826 ], [ -69.6766, 44.5005 ], [ -69.6744, 44.5065 ] ] ] } },
{ "type": "Feature", "properties": { "GEOIDFQ": "1400000US23015975500", "NAME": "9755", "NAMELSAD": "Census Tract 9755" }, "geometry": { "type": "Polygon", "coordinates": [ [ [ -69.8132, 44.0283 ], [ -69.8122, 44.0299 ], [ -69.8072, 44.0326 ], [ -69.7955, 44.0378 ], [ -69.7918, 44.0405 ], [ -69.7901, 44.0429 ], [ -69.7892, 44.0467 ], [ -69.7892, 44.0482 ], [ -69.7859, 44.0573 ], [ -69.7865, 44.0645 ], [ -69.7851, 44.0668 ], [ -69.7836, 44.0683 ], [ -69.7829, 44.0699 ], [ -69.7833, 44.0719 ], [ -69.7869, 44.0743 ], [ -69.7874, 44.0753 ], [ -69.7874, 44.0768 ], [ -69.7855, 44.0799 ], [ -69.7845, 44.0828 ], [ -69.7845, 44.0838 ], [ -69.7858, 44.0868 ], [ -69.7857, 44.088 ], [ -69.7844, 44.0897 ], [ -69.7802, 44.0926 ], [ -69.7778, 44.096 ], [ -69.7744, 44.099 ], [ -69.7727, 44.1017 ], [ -69.7707, 44.1064 ], [ -69.7681, 44.1103 ], [ -69.7672, 44.1124 ], [ -69.7664, 44.1146 ], [ -69.7663, 44.1184 ], [ -69.7654, 44.1202 ], [ -69.7613, 44.1255 ], [ -69.7613, 44.1293 ], [ -69.7582, 44.1393 ], [ -69.6663, 44.124 ], [ -69.6749, 44.1045 ], [ -69.6847, 44.0881 ], [ -69.6732, 44.087 ], [ -69.6786, 44.0785 ], [ -69.6677, 44.0766 ], [ -69.6687, 44.0735 ], [ -69.6742, 44.0751 ], [ -69.6768, 44.0717 ], [ -69.6663, 44.0693 ], [ -69.6685, 44.066 ], [ -69.6683, 44.0564 ], [ -69.6678, 44.0562 ], [ -69.6726, 44.051 ], [ -69.6705, 44.0501 ], [ -69.6465, 44.0467 ], [ -69.6496, 44.0427 ], [ -69.6376, 44.0366 ], [ -69.6236, 44.0288 ], [ -69.6252, 44.0246 ], [ -69.6299, 44.019 ], [ -69.6321, 44.0173 ], [ -69.6339, 44.0167 ], [ -69.6351, 44.0166 ], [ -69.6367, 44.0174 ], [ -69.6377, 44.0172 ], [ -69.6386, 44.0164 ], [ -69.6407, 44.0119 ], [ -69.6421, 44.0104 ], [ -69.6448, 44.0087 ], [ -69.6521, 44.0052 ], [ -69.6555, 44.003 ], [ -69.6586, 44.0001 ], [ -69.6623, 43.9949 ], [ -69.6636, 43.9921 ], [ -69.6541, 43.9907 ], [ -69.6532, 43.9899 ], [ -69.6585, 43.9813 ], [ -69.6611, 43.9744 ], [ -69.6674, 43.9653 ], [ -69.6674, 43.964 ], [ -69.6663, 43.9609 ], [ -69.668, 43.9532 ], [ -69.6701, 43.9489 ], [ -69.6735, 43.9435 ], [ -69.6743, 43.9409 ], [ -69.6742, 43.9265 ], [ -69.6761, 43.9231 ], [ -69.6804, 43.9182 ], [ -69.6846, 43.9122 ], [ -69.6869, 43.9065 ], [ -69.688, 43.901 ], [ -69.6908, 43.8925 ], [ -69.6918, 43.8878 ], [ -69.6918, 43.8827 ], [ -69.6898, 43.8738 ], [ -69.6902, 43.8697 ], [ -69.6929, 43.861 ], [ -69.6928, 43.8589 ], [ -69.6921, 43.8572 ], [ -69.7047, 43.8541 ], [ -69.7144, 43.8506 ], [ -69.7184, 43.8506 ], [ -69.72, 43.8511 ], [ -69.7222, 43.8524 ], [ -69.7235, 43.8541 ], [ -69.7242, 43.8582 ], [ -69.7248, 43.8598 ], [ -69.7277, 43.8626 ], [ -69.7302, 43.8678 ], [ -69.7305, 43.8698 ], [ -69.7291, 43.8751 ], [ -69.7292, 43.8762 ], [ -69.7302, 43.8774 ], [ -69.732, 43.8784 ], [ -69.7329, 43.8793 ], [ -69.7339, 43.8819 ], [ -69.7356, 43.884 ], [ -69.7367, 43.8867 ], [ -69.7411, 43.8907 ], [ -69.7435, 43.8935 ], [ -69.7365, 43.8999 ], [ -69.7347, 43.902 ], [ -69.7314, 43.9073 ], [ -69.7299, 43.9086 ], [ -69.7266, 43.911 ], [ -69.7196, 43.9137 ], [ -69.7152, 43.9172 ], [ -69.7128, 43.9198 ], [ -69.7074, 43.9273 ], [ -69.7237, 43.9324 ], [ -69.7248, 43.9333 ], [ -69.725, 43.9346 ], [ -69.7228, 43.9402 ], [ -69.7229, 43.943 ], [ -69.7222, 43.9495 ], [ -69.7232, 43.9528 ], [ -69.7223, 43.9549 ], [ -69.722, 43.9586 ], [ -69.7189, 43.9627 ], [ -69.721, 43.965 ], [ -69.7197, 43.9711 ], [ -69.7175, 43.974 ], [ -69.7169, 43.976 ], [ -69.7163, 43.9764 ], [ -69.7154, 43.98 ], [ -69.7127, 43.985 ], [ -69.7124, 43.9854 ], [ -69.7115, 43.9852 ], [ -69.7117, 43.9872 ], [ -69.7104, 43.9885 ], [ -69.7101, 43.9904 ], [ -69.709, 43.9911 ], [ -69.7075, 43.9936 ], [ -69.7076, 43.9958 ], [ -69.7057, 43.998 ], [ -69.7051, 43.9981 ], [ -69.7052, 43.9986 ], [ -69.7042, 43.9997 ], [ -69.7025, 44.0009 ], [ -69.7019, 44.002 ], [ -69.702, 44.0035 ], [ -69.7015, 44.0048 ], [ -69.7001, 44.0067 ], [ -69.7495, 44.0143 ], [ -69.7495, 44.0152 ], [ -69.8136, 44.026 ], [ -69.8132, 44.0283 ] ] ] } },
{ "type": "Feature", "properties": { "GEOIDFQ": "1400000US23015975800", "NAME": "9758", "NAMELSAD": "Census Tract 9758" }, "geometry": { "type": "Polygon", "coordinates": [ [ [ -69.6908, 43.8925 ], [ -69.6883, 43.8999 ], [ -69.6859, 43.9097 ], [ -69.6812, 43.9172 ], [ -69.6767, 43.9223 ], [ -69.6708, 43.9256 ], [ -69.6655, 43.928 ], [ -69.6582, 43.9296 ], [ -69.6552, 43.9315 ], [ -69.6507, 43.935 ], [ -69.649, 43.9353 ], [ -69.6457, 43.9351 ], [ -69.6373, 43.9355 ], [ -69.6361, 43.9403 ], [ -69.6348, 43.9413 ], [ -69.5956, 43.9362 ], [ -69.593, 43.9357 ], [ -69.5849, 43.9331 ], [ -69.5849, 43.928 ], [ -69.5844, 43.927 ], [ -69.5837, 43.9267 ], [ -69.5798, 43.927 ], [ -69.5782, 43.9267 ], [ -69.5753, 43.922 ], [ -69.5718, 43.9193 ], [ -69.5707, 43.9169 ], [ -69.5727, 43.9053 ], [ -69.5742, 43.9025 ], [ -69.5768, 43.8999 ], [ -69.5799, 43.8961 ], [ -69.5801, 43.8923 ], [ -69.5807, 43.8906 ], [ -69.582, 43.8883 ], [ -69.5844, 43.8859 ], [ -69.5839, 43.8779 ], [ -69.5831, 43.8755 ], [ -69.5803, 43.8705 ], [ -69.5771, 43.8659 ], [ -69.5741, 43.8631 ], [ -69.57, 43.8605 ], [ -69.5687, 43.8585 ], [ -69.5689, 43.8559 ], [ -69.5715, 43.846 ], [ -69.5714, 43.8434 ], [ -69.5707, 43.8404 ], [ -69.5726, 43.8275 ], [ -69.5724, 43.8234 ], [ -69.5775, 43.8233 ], [ -69.5788, 43.8212 ], [ -69.5802, 43.8206 ], [ -69.5811, 43.8206 ], [ -69.5821, 43.8214 ], [ -69.5846, 43.8205 ], [ -69.5845, 43.8175 ], [ -69.5895, 43.8122 ], [ -69.5863, 43.8094 ], [ -69.5845, 43.8068 ], [ -69.5813, 43.804 ], [ -69.5767, 43.7984 ], [ -69.574, 43.7967 ], [ -69.5726, 43.794 ], [ -69.5713, 43.7882 ], [ -69.5735, 43.7856 ], [ -69.5768, 43.7841 ], [ -69.5788, 43.7828 ], [ -69.5807, 43.7808 ], [ -69.5815, 43.7789 ], [ -69.5813, 43.7753 ], [ -69.5823, 43.7733 ], [ -69.5823, 43.7715 ], [ -69.5809, 43.7689 ], [ -69.5777, 43.7661 ], [ -69.5792, 43.7549 ], [ -69.58, 43.7524 ], [ -69.5807, 43.752 ], [ -69.5821, 43.7516 ], [ -69.5842, 43.7517 ], [ -69.585, 43.7525 ], [ -69.5859, 43.7667 ], [ -69.5893, 43.771 ], [ -69.5936, 43.7719 ], [ -69.5983, 43.7723 ], [ -69.6039, 43.7712 ], [ -69.6073, 43.769 ], [ -69.6087, 43.7675 ], [ -69.6085, 43.765 ], [ -69.609, 43.7622 ], [ -69.6093, 43.7606 ], [ -69.6102, 43.7598 ], [ -69.6102, 43.7551 ], [ -69.6109, 43.753 ], [ -69.6131, 43.7511 ], [ -69.6148, 43.751 ], [ -69.6155, 43.7527 ], [ -69.6185, 43.7535 ], [ -69.6193, 43.7546 ], [ -69.62, 43.7567 ], [ -69.6198, 43.7583 ], [ -69.6173, 43.7617 ], [ -69.6173, 43.7633 ], [ -69.6147, 43.766 ], [ -69.6157, 43.7679 ], [ -69.616, 43.7712 ], [ -69.6152, 43.7737 ], [ -69.6129, 43.7769 ], [ -69.6131, 43.7781 ], [ -69.6088, 43.7832 ], [ -69.6051, 43.7863 ], [ -69.6051, 43.7892 ], [ -69.6037, 43.7946 ], [ -69.6032, 43.7984 ], [ -69.6015, 43.8011 ], [ -69.6015, 43.8029 ], [ -69.5998, 43.8048 ], [ -69.5964, 43.8064 ], [ -69.5964, 43.8088 ], [ -69.5994, 43.8113 ], [ -69.602, 43.8124 ], [ -69.606, 43.8129 ], [ -69.6146, 43.8102 ], [ -69.6222, 43.8173 ], [ -69.6126, 43.8267 ], [ -69.6105, 43.8292 ], [ -69.6091, 43.8321 ], [ -69.6086, 43.8353 ], [ -69.6095, 43.8394 ], [ -69.6089, 43.843 ], [ -69.6078, 43.8447 ], [ -69.6023, 43.8497 ], [ -69.5997, 43.853 ], [ -69.6022, 43.8691 ], [ -69.6394, 43.8731 ], [ -69.6652, 43.8654 ], [ -69.6663, 43.8654 ], [ -69.6673, 43.8663 ], [ -69.668, 43.8664 ], [ -69.6723, 43.8646 ], [ -69.676, 43.8645 ], [ -69.6798, 43.8665 ], [ -69.6838, 43.867 ], [ -69.6852, 43.8701 ], [ -69.6899, 43.8713 ], [ -69.6899, 43.8753 ], [ -69.6917, 43.8817 ], [ -69.6919, 43.8865 ], [ -69.6908, 43.8925 ] ] ] } },
{ "type": "Feature", "properties": { "GEOIDFQ": "1400000US23015975300", "NAME": "9753", "NAMELSAD": "Census Tract 9753" }, "geometry": { "type": "Polygon", "coordinates": [ [ [ -69.544, 44.0177 ], [ -69.5418, 44.023 ], [ -69.5376, 44.027 ], [ -69.5335, 44.0339 ], [ -69.5264, 44.0372 ], [ -69.5196, 44.0392 ], [ -69.518, 44.0402 ], [ -69.5158, 44.0406 ], [ -69.515, 44.0411 ], [ -69.5141, 44.0432 ], [ -69.5142, 44.0449 ], [ -69.5165, 44.0463 ], [ -69.5171, 44.0465 ], [ -69.5189, 44.046 ], [ -69.5199, 44.0471 ], [ -69.523, 44.0474 ], [ -69.5238, 44.0476 ], [ -69.5244, 44.0481 ], [ -69.5237, 44.0511 ], [ -69.5204, 44.0554 ], [ -69.5195, 44.0584 ], [ -69.5257, 44.0604 ], [ -69.5264, 44.0619 ], [ -69.5286, 44.0623 ], [ -69.532, 44.0654 ], [ -69.5316, 44.0666 ], [ -69.5304, 44.0681 ], [ -69.5301, 44.0703 ], [ -69.5292, 44.0727 ], [ -69.5261, 44.0769 ], [ -69.5252, 44.0808 ], [ -69.5238, 44.081 ], [ -69.5221, 44.0827 ], [ -69.5226, 44.0849 ], [ -69.5222, 44.0862 ], [ -69.5227, 44.0883 ], [ -69.5238, 44.0895 ], [ -69.5262, 44.0901 ], [ -69.5269, 44.0907 ], [ -69.5268, 44.0917 ], [ -69.5264, 44.0926 ], [ -69.525, 44.0936 ], [ -69.5239, 44.0958 ], [ -69.5187, 44.0989 ], [ -69.5182, 44.0996 ], [ -69.5163, 44.1068 ], [ -69.5152, 44.1084 ], [ -69.5137, 44.1098 ], [ -69.5124, 44.1129 ], [ -69.5106, 44.1157 ], [ -69.5098, 44.1159 ], [ -69.5081, 44.1156 ], [ -69.5073, 44.1159 ], [ -69.5068, 44.1176 ], [ -69.5056, 44.1191 ], [ -69.5064, 44.1207 ], [ -69.5052, 44.1228 ], [ -69.504, 44.1289 ], [ -69.5028, 44.131 ], [ -69.5019, 44.1317 ], [ -69.4999, 44.1321 ], [ -69.4943, 44.1301 ], [ -69.4903, 44.1294 ], [ -69.4874, 44.1299 ], [ -69.4854, 44.1316 ], [ -69.4842, 44.1346 ], [ -69.484, 44.1389 ], [ -69.4843, 44.1433 ], [ -69.4858, 44.1471 ], [ -69.4851, 44.1485 ], [ -69.4827, 44.1494 ], [ -69.4819, 44.1503 ], [ -69.4815, 44.155 ], [ -69.482, 44.1574 ], [ -69.4846, 44.1609 ], [ -69.4852, 44.165 ], [ -69.4322, 44.1577 ], [ -69.4435, 44.1196 ], [ -69.4376, 44.1039 ], [ -69.4355, 44.0955 ], [ -69.4385, 44.0949 ], [ -69.4395, 44.094 ], [ -69.4413, 44.0907 ], [ -69.443, 44.0835 ], [ -69.4458, 44.0812 ], [ -69.4452, 44.0798 ], [ -69.4454, 44.078 ], [ -69.4468, 44.0777 ], [ -69.448, 44.0762 ], [ -69.4473, 44.0755 ], [ -69.4479, 44.0746 ], [ -69.4473, 44.0739 ], [ -69.4479, 44.0734 ], [ -69.4475, 44.0728 ], [ -69.4479, 44.0717 ], [ -69.4471, 44.0708 ], [ -69.4468, 44.0694 ], [ -69.4459, 44.0686 ], [ -69.447, 44.0667 ], [ -69.4467, 44.0642 ], [ -69.4479, 44.0622 ], [ -69.4497, 44.0606 ], [ -69.4502, 44.0589 ], [ -69.4497, 44.0578 ], [ -69.4468, 44.0559 ], [ -69.4447, 44.0535 ], [ -69.4437, 44.0503 ], [ -69.4436, 44.0468 ], [ -69.444, 44.0437 ], [ -69.4451, 44.0406 ], [ -69.4512, 44.0304 ], [ -69.4518, 44.0283 ], [ -69.4519, 44.0256 ], [ -69.4524, 44.0245 ], [ -69.4533, 44.0238 ], [ -69.4568, 44.0227 ], [ -69.4606, 44.0198 ], [ -69.461, 44.0189 ], [ -69.4626, 44.0193 ], [ -69.464, 44.0184 ], [ -69.4681, 44.0176 ], [ -69.4757, 44.007 ], [ -69.4843, 44.0068 ], [ -69.4995, 44.0087 ], [ -69.5409, 44.0043 ], [ -69.5407, 44.0067 ], [ -69.541, 44.0088 ], [ -69.5418, 44.0098 ], [ -69.5445, 44.0114 ], [ -69.5452, 44.0132 ], [ -69.544, 44.0177 ] ] ] } },
{ "type": "Feature", "properties": { "GEOIDFQ": "1400000US23015975600", "NAME": "9756", "NAMELSAD": "Census Tract 9756" }, "geometry": { "type": "MultiPolygon", "coordinates": [ [ [ [ -69.3286, 43.7652 ], [ -69.3265, 43.767 ], [ -69.3247, 43.7672 ], [ -69.3237, 43.7663 ], [ -69.3218, 43.766 ], [ -69.3193, 43.7683 ], [ -69.3181, 43.7683 ], [ -69.3166, 43.7691 ], [ -69.3158, 43.7719 ], [ -69.3127, 43.7741 ], [ -69.3089, 43.7746 ], [ -69.3065, 43.7757 ], [ -69.3046, 43.7758 ], [ -69.3014, 43.775 ], [ -69.299, 43.7713 ], [ -69.2989, 43.7693 ], [ -69.3013, 43.7666 ], [ -69.3027, 43.7657 ], [ -69.3063, 43.7615 ], [ -69.3076, 43.7603 ], [ -69.3093, 43.7596 ], [ -69.3114, 43.7576 ], [ -69.3123, 43.7559 ], [ -69.3155, 43.7552 ], [ -69.3203, 43.7546 ], [ -69.3231, 43.7554 ], [ -69.3249, 43.7566 ], [ -69.3245, 43.7598 ], [ -69.3236, 43.7611 ], [ -69.3241, 43.7617 ], [ -69.3252, 43.7616 ], [ -69.3273, 43.7608 ], [ -69.3289, 43.761 ], [ -69.3293, 43.7639 ], [ -69.3286, 43.7652 ] ] ], [ [ [ -69.5438, 43.9974 ], [ -69.5424, 43.9988 ], [ -69.5417, 44.0001 ], [ -69.5409, 44.0043 ], [ -69.4995, 44.0087 ], [ -69.4843, 44.0068 ], [ -69.4757, 44.007 ], [ -69.4681, 44.0176 ], [ -69.464, 44.0184 ], [ -69.4626, 44.0193 ], [ -69.461, 44.0189 ], [ -69.4606, 44.0198 ], [ -69.4568, 44.0227 ], [ -69.4533, 44.0238 ], [ -69.4521, 44.0249 ], [ -69.4512, 44.0304 ], [ -69.4451, 44.0406 ], [ -69.444, 44.0437 ], [ -69.4436, 44.0468 ], [ -69.4437, 44.0503 ], [ -69.4445, 44.0531 ], [ -69.4459, 44.0552 ], [ -69.4485, 44.057 ], [ -69.4376, 44.0634 ], [ -69.4059, 44.0477 ], [ -69.4079, 44.0456 ], [ -69.4079, 44.0428 ], [ -69.4073, 44.0423 ], [ -69.4082, 44.0404 ], [ -69.408, 44.04 ], [ -69.4057, 44.0395 ], [ -69.405, 44.0387 ], [ -69.406, 44.0369 ], [ -69.4055, 44.0359 ], [ -69.4055, 44.0332 ], [ -69.4046, 44.0318 ], [ -69.4051, 44.0313 ], [ -69.4051, 44.0299 ], [ -69.4039, 44.0286 ], [ -69.4044, 44.0278 ], [ -69.4039, 44.0275 ], [ -69.4009, 44.0273 ], [ -69.3986, 44.0266 ], [ -69.3928, 44.021 ], [ -69.3893, 44.0184 ], [ -69.3885, 44.0171 ], [ -69.3871, 44.0132 ], [ -69.3845, 44.0108 ], [ -69.3819, 44.0097 ], [ -69.3786, 44.0098 ], [ -69.3755, 44.0108 ], [ -69.3727, 44.0132 ], [ -69.3695, 44.0141 ], [ -69.3663, 44.0138 ], [ -69.364, 44.0129 ], [ -69.397, 43.8751 ], [ -69.3981, 43.8689 ], [ -69.4037, 43.8698 ], [ -69.4132, 43.8723 ], [ -69.4202, 43.8751 ], [ -69.4301, 43.8771 ], [ -69.439, 43.8796 ], [ -69.446, 43.8865 ], [ -69.4491, 43.8919 ], [ -69.4509, 43.8974 ], [ -69.4516, 43.9029 ], [ -69.4514, 43.9061 ], [ -69.4573, 43.9042 ], [ -69.458, 43.8998 ], [ -69.4617, 43.8964 ], [ -69.4645, 43.8949 ], [ -69.4682, 43.8911 ], [ -69.4704, 43.8882 ], [ -69.4716, 43.8857 ], [ -69.4763, 43.8827 ], [ -69.4789, 43.8795 ], [ -69.4815, 43.8772 ], [ -69.4825, 43.8735 ], [ -69.4812, 43.8726 ], [ -69.4795, 43.8685 ], [ -69.4808, 43.8658 ], [ -69.483, 43.8639 ], [ -69.486, 43.8637 ], [ -69.4887, 43.8616 ], [ -69.4911, 43.8551 ], [ -69.4948, 43.8507 ], [ -69.4971, 43.8419 ], [ -69.4974, 43.8391 ], [ -69.497, 43.8393 ], [ -69.5067, 43.8329 ], [ -69.5103, 43.8321 ], [ -69.5123, 43.8305 ], [ -69.5149, 43.8294 ], [ -69.5164, 43.8299 ], [ -69.5165, 43.8338 ], [ -69.5175, 43.835 ], [ -69.518, 43.8364 ], [ -69.5154, 43.8438 ], [ -69.517, 43.8466 ], [ -69.5181, 43.8498 ], [ -69.5183, 43.8536 ], [ -69.5205, 43.8564 ], [ -69.5234, 43.8609 ], [ -69.5237, 43.864 ], [ -69.5222, 43.8683 ], [ -69.5222, 43.8701 ], [ -69.523, 43.871 ], [ -69.5282, 43.8714 ], [ -69.5303, 43.8711 ], [ -69.5317, 43.8697 ], [ -69.5314, 43.8652 ], [ -69.5325, 43.8639 ], [ -69.5339, 43.8635 ], [ -69.5361, 43.8646 ], [ -69.5371, 43.8662 ], [ -69.5372, 43.8694 ], [ -69.5379, 43.8719 ], [ -69.5425, 43.8704 ], [ -69.5435, 43.8743 ], [ -69.5439, 43.8806 ], [ -69.5424, 43.8903 ], [ -69.5429, 43.8956 ], [ -69.5417, 43.899 ], [ -69.5399, 43.9014 ], [ -69.5376, 43.9028 ], [ -69.5341, 43.9039 ], [ -69.5331, 43.9048 ], [ -69.5323, 43.909 ], [ -69.5326, 43.9151 ], [ -69.5317, 43.9187 ], [ -69.5352, 43.9915 ], [ -69.547, 43.9953 ], [ -69.5438, 43.9974 ] ] ] ] } },
{ "type": "Feature", "properties": { "GEOIDFQ": "1400000US23015975700", "NAME": "9757", "NAMELSAD": "Census Tract 9757" }, "geometry": { "type": "Polygon", "coordinates": [ [ [ -69.5844, 43.9407 ], [ -69.5813, 43.9446 ], [ -69.5794, 43.9514 ], [ -69.5783, 43.9533 ], [ -69.5757, 43.9555 ], [ -69.5727, 43.9568 ], [ -69.5716, 43.9577 ], [ -69.5717, 43.9596 ], [ -69.5734, 43.9612 ], [ -69.5738, 43.9623 ], [ -69.5741, 43.9668 ], [ -69.5732, 43.9687 ], [ -69.5718, 43.9703 ], [ -69.5689, 43.9709 ], [ -69.5683, 43.9714 ], [ -69.5659, 43.9764 ], [ -69.5641, 43.9786 ], [ -69.5624, 43.9802 ], [ -69.5535, 43.9866 ], [ -69.5517, 43.9889 ], [ -69.5504, 43.9922 ], [ -69.5471, 43.9952 ], [ -69.5352, 43.9915 ], [ -69.5317, 43.9187 ], [ -69.5326, 43.9151 ], [ -69.5323, 43.909 ], [ -69.5331, 43.9048 ], [ -69.5341, 43.9039 ], [ -69.5376, 43.9028 ], [ -69.5399, 43.9014 ], [ -69.5417, 43.899 ], [ -69.5429, 43.8956 ], [ -69.5424, 43.8903 ], [ -69.5439, 43.8796 ], [ -69.5437, 43.8754 ], [ -69.5426, 43.871 ], [ -69.5446, 43.8696 ], [ -69.5454, 43.8682 ], [ -69.5436, 43.8612 ], [ -69.5439, 43.8587 ], [ -69.5449, 43.8571 ], [ -69.5455, 43.8551 ], [ -69.5437, 43.8519 ], [ -69.5458, 43.8484 ], [ -69.545, 43.8352 ], [ -69.5469, 43.8314 ], [ -69.5455, 43.8285 ], [ -69.5455, 43.8253 ], [ -69.5477, 43.8174 ], [ -69.5491, 43.8161 ], [ -69.5528, 43.8156 ], [ -69.5543, 43.8168 ], [ -69.5541, 43.8187 ], [ -69.5524, 43.8206 ], [ -69.5513, 43.8229 ], [ -69.5513, 43.8261 ], [ -69.5521, 43.8279 ], [ -69.5556, 43.8278 ], [ -69.5639, 43.8223 ], [ -69.5672, 43.8235 ], [ -69.5724, 43.8234 ], [ -69.5726, 43.8275 ], [ -69.5707, 43.8404 ], [ -69.5714, 43.8434 ], [ -69.5715, 43.846 ], [ -69.5689, 43.8559 ], [ -69.5687, 43.8585 ], [ -69.57, 43.8605 ], [ -69.5741, 43.8631 ], [ -69.5771, 43.8659 ], [ -69.5803, 43.8705 ], [ -69.5831, 43.8755 ], [ -69.5839, 43.8779 ], [ -69.5844, 43.8859 ], [ -69.582, 43.8883 ], [ -69.5807, 43.8906 ], [ -69.5801, 43.8923 ], [ -69.5799, 43.8961 ], [ -69.5768, 43.8999 ], [ -69.5742, 43.9025 ], [ -69.5727, 43.9053 ], [ -69.5707, 43.9169 ], [ -69.5718, 43.9193 ], [ -69.5753, 43.922 ], [ -69.5782, 43.9267 ], [ -69.5798, 43.927 ], [ -69.5837, 43.9267 ], [ -69.5847, 43.9274 ], [ -69.5849, 43.935 ], [ -69.5844, 43.9407 ] ] ] } },
{ "type": "Feature", "properties": { "GEOIDFQ": "1400000US23015975400", "NAME": "9754", "NAMELSAD": "Census Tract 9754" }, "geometry": { "type": "Polygon", "coordinates": [ [ [ -69.6749, 44.1045 ], [ -69.6663, 44.124 ], [ -69.6567, 44.1224 ], [ -69.6569, 44.1255 ], [ -69.6314, 44.1217 ], [ -69.6308, 44.1237 ], [ -69.6258, 44.1322 ], [ -69.6232, 44.1377 ], [ -69.5917, 44.1226 ], [ -69.5833, 44.1205 ], [ -69.5836, 44.1189 ], [ -69.5787, 44.1165 ], [ -69.579, 44.1156 ], [ -69.5545, 44.104 ], [ -69.5178, 44.101 ], [ -69.5186, 44.0991 ], [ -69.5239, 44.0958 ], [ -69.525, 44.0936 ], [ -69.5267, 44.0922 ], [ -69.5269, 44.0907 ], [ -69.5262, 44.0901 ], [ -69.5238, 44.0895 ], [ -69.5227, 44.0883 ], [ -69.5222, 44.0862 ], [ -69.5226, 44.0849 ], [ -69.5221, 44.0827 ], [ -69.5238, 44.081 ], [ -69.5252, 44.0808 ], [ -69.5261, 44.0769 ], [ -69.5292, 44.0727 ], [ -69.5301, 44.0703 ], [ -69.5304, 44.0681 ], [ -69.5316, 44.0666 ], [ -69.532, 44.0654 ], [ -69.5286, 44.0623 ], [ -69.5264, 44.0619 ], [ -69.5257, 44.0604 ], [ -69.5195, 44.0584 ], [ -69.5204, 44.0554 ], [ -69.5237, 44.0511 ], [ -69.5244, 44.0481 ], [ -69.5238, 44.0476 ], [ -69.523, 44.0474 ], [ -69.5199, 44.0471 ], [ -69.5189, 44.046 ], [ -69.5171, 44.0465 ], [ -69.5165, 44.0463 ], [ -69.5142, 44.0449 ], [ -69.5141, 44.0432 ], [ -69.515, 44.0411 ], [ -69.5158, 44.0406 ], [ -69.518, 44.0402 ], [ -69.5196, 44.0392 ], [ -69.5264, 44.0372 ], [ -69.5335, 44.0339 ], [ -69.5376, 44.027 ], [ -69.5418, 44.023 ], [ -69.544, 44.0177 ], [ -69.5452, 44.0132 ], [ -69.5447, 44.0117 ], [ -69.5418, 44.0098 ], [ -69.5409, 44.0083 ], [ -69.5408, 44.0053 ], [ -69.5418, 43.9998 ], [ -69.543, 43.998 ], [ -69.547, 43.9953 ], [ -69.5504, 43.9922 ], [ -69.5517, 43.9889 ], [ -69.5535, 43.9866 ], [ -69.5624, 43.9802 ], [ -69.5641, 43.9786 ], [ -69.5659, 43.9764 ], [ -69.5683, 43.9714 ], [ -69.5689, 43.9709 ], [ -69.5718, 43.9703 ], [ -69.5732, 43.9687 ], [ -69.5741, 43.9668 ], [ -69.5738, 43.9623 ], [ -69.5734, 43.9612 ], [ -69.5717, 43.9596 ], [ -69.5716, 43.9577 ], [ -69.5767, 43.9547 ], [ -69.5783, 43.9533 ], [ -69.5794, 43.9514 ], [ -69.581, 43.9453 ], [ -69.5844, 43.9407 ], [ -69.5849, 43.9331 ], [ -69.593, 43.9357 ], [ -69.5956, 43.9362 ], [ -69.6346, 43.9413 ], [ -69.6354, 43.9411 ], [ -69.6361, 43.9403 ], [ -69.6373, 43.9355 ], [ -69.6457, 43.9351 ], [ -69.649, 43.9353 ], [ -69.6507, 43.935 ], [ -69.6552, 43.9315 ], [ -69.6582, 43.9296 ], [ -69.6655, 43.928 ], [ -69.6708, 43.9256 ], [ -69.6767, 43.9223 ], [ -69.6741, 43.9268 ], [ -69.6744, 43.9398 ], [ -69.6741, 43.9419 ], [ -69.6735, 43.9435 ], [ -69.669, 43.9509 ], [ -69.6673, 43.9558 ], [ -69.6663, 43.9609 ], [ -69.6674, 43.964 ], [ -69.6674, 43.9653 ], [ -69.6611, 43.9744 ], [ -69.6585, 43.9813 ], [ -69.6532, 43.9899 ], [ -69.6541, 43.9907 ], [ -69.6636, 43.9921 ], [ -69.6623, 43.9949 ], [ -69.6578, 44.0011 ], [ -69.6555, 44.003 ], [ -69.6521, 44.0052 ], [ -69.6433, 44.0095 ], [ -69.6413, 44.0111 ], [ -69.6381, 44.0169 ], [ -69.6367, 44.0174 ], [ -69.6351, 44.0166 ], [ -69.6339, 44.0167 ], [ -69.6321, 44.0173 ], [ -69.6299, 44.019 ], [ -69.6252, 44.0246 ], [ -69.6236, 44.0288 ], [ -69.6376, 44.0366 ], [ -69.6496, 44.0427 ], [ -69.6465, 44.0467 ], [ -69.6705, 44.0501 ], [ -69.6726, 44.051 ], [ -69.6678, 44.0562 ], [ -69.6683, 44.0564 ], [ -69.6685, 44.066 ], [ -69.6663, 44.0693 ], [ -69.6768, 44.0717 ], [ -69.6742, 44.0751 ], [ -69.6687, 44.0735 ], [ -69.6677, 44.0766 ], [ -69.6786, 44.0785 ], [ -69.6732, 44.087 ], [ -69.6847, 44.0882 ], [ -69.6749, 44.1045 ] ] ] } },
{ "type": "Feature", "properties": { "GEOIDFQ": "1400000US23015975200", "NAME": "9752", "NAMELSAD": "Census Tract 9752" }, "geometry": { "type": "Polygon", "coordinates": [ [ [ -69.4497, 44.0606 ], [ -69.4479, 44.0622 ], [ -69.4467, 44.0642 ], [ -69.447, 44.0667 ], [ -69.4459, 44.0686 ], [ -69.4468, 44.0694 ], [ -69.4471, 44.0708 ], [ -69.4479, 44.0717 ], [ -69.4475, 44.0728 ], [ -69.4479, 44.0734 ], [ -69.4473, 44.0739 ], [ -69.4479, 44.0746 ], [ -69.4473, 44.0755 ], [ -69.448, 44.0762 ], [ -69.4468, 44.0777 ], [ -69.4454, 44.078 ], [ -69.4452, 44.0798 ], [ -69.4458, 44.0812 ], [ -69.443, 44.0835 ], [ -69.4413, 44.0907 ], [ -69.4395, 44.094 ], [ -69.4385, 44.0949 ], [ -69.4355, 44.0955 ], [ -69.4376, 44.1039 ], [ -69.4435, 44.1196 ], [ -69.4161, 44.2123 ], [ -69.3722, 44.2054 ], [ -69.3377, 44.2094 ], [ -69.3037, 44.1327 ], [ -69.3115, 44.0955 ], [ -69.3076, 44.0953 ], [ -69.3071, 44.0943 ], [ -69.3061, 44.0941 ], [ -69.3038, 44.0965 ], [ -69.3011, 44.0925 ], [ -69.282, 44.0645 ], [ -69.2823, 44.0526 ], [ -69.298, 44.059 ], [ -69.2982, 44.0579 ], [ -69.2995, 44.0577 ], [ -69.2991, 44.0559 ], [ -69.2996, 44.0557 ], [ -69.2997, 44.0551 ], [ -69.3007, 44.0538 ], [ -69.2997, 44.0527 ], [ -69.2972, 44.0529 ], [ -69.297, 44.0525 ], [ -69.2973, 44.051 ], [ -69.2983, 44.0511 ], [ -69.2992, 44.0504 ], [ -69.2991, 44.0491 ], [ -69.2988, 44.0483 ], [ -69.2982, 44.0481 ], [ -69.2986, 44.0476 ], [ -69.2982, 44.0473 ], [ -69.2986, 44.0467 ], [ -69.2993, 44.0468 ], [ -69.2996, 44.0461 ], [ -69.3002, 44.0462 ], [ -69.3003, 44.0467 ], [ -69.3011, 44.0462 ], [ -69.3017, 44.0466 ], [ -69.3032, 44.0466 ], [ -69.3037, 44.0458 ], [ -69.3054, 44.0448 ], [ -69.3071, 44.0447 ], [ -69.3082, 44.0449 ], [ -69.3084, 44.0454 ], [ -69.3093, 44.0453 ], [ -69.3101, 44.044 ], [ -69.311, 44.0435 ], [ -69.311, 44.043 ], [ -69.3118, 44.0427 ], [ -69.3116, 44.0417 ], [ -69.3125, 44.0408 ], [ -69.3147, 44.0392 ], [ -69.3154, 44.0396 ], [ -69.3169, 44.0389 ], [ -69.3173, 44.038 ], [ -69.3179, 44.0379 ], [ -69.3179, 44.0374 ], [ -69.3186, 44.0372 ], [ -69.3186, 44.0355 ], [ -69.32, 44.0344 ], [ -69.3204, 44.0334 ], [ -69.3201, 44.0328 ], [ -69.3193, 44.0326 ], [ -69.3185, 44.0317 ], [ -69.3186, 44.0311 ], [ -69.3194, 44.0308 ], [ -69.3186, 44.0304 ], [ -69.3185, 44.0297 ], [ -69.3191, 44.0286 ], [ -69.3186, 44.0275 ], [ -69.3189, 44.0266 ], [ -69.3199, 44.0268 ], [ -69.3202, 44.0258 ], [ -69.3212, 44.0255 ], [ -69.3214, 44.0251 ], [ -69.3222, 44.0251 ], [ -69.3224, 44.0244 ], [ -69.3232, 44.0238 ], [ -69.3226, 44.0235 ], [ -69.3222, 44.0225 ], [ -69.3237, 44.0216 ], [ -69.325, 44.0215 ], [ -69.3247, 44.0206 ], [ -69.3258, 44.0205 ], [ -69.3256, 44.0199 ], [ -69.3261, 44.0198 ], [ -69.3258, 44.0187 ], [ -69.3268, 44.0176 ], [ -69.3269, 44.0149 ], [ -69.3282, 44.0141 ], [ -69.3284, 44.0135 ], [ -69.3274, 44.0125 ], [ -69.3273, 44.0095 ], [ -69.328, 44.0089 ], [ -69.329, 44.0091 ], [ -69.3293, 44.0087 ], [ -69.3287, 44.0082 ], [ -69.3267, 44.0079 ], [ -69.3265, 44.0074 ], [ -69.3279, 44.0068 ], [ -69.3281, 44.0059 ], [ -69.3289, 44.0067 ], [ -69.3296, 44.0067 ], [ -69.3307, 44.0058 ], [ -69.3337, 44.0046 ], [ -69.3348, 44.0048 ], [ -69.3344, 44.0057 ], [ -69.3355, 44.0059 ], [ -69.3354, 44.007 ], [ -69.3367, 44.0074 ], [ -69.3368, 44.0091 ], [ -69.3383, 44.0094 ], [ -69.3385, 44.0102 ], [ -69.3379, 44.0109 ], [ -69.338, 44.0114 ], [ -69.3399, 44.0123 ], [ -69.341, 44.0135 ], [ -69.3427, 44.0139 ], [ -69.3436, 44.0146 ], [ -69.344, 44.0153 ], [ -69.3434, 44.0168 ], [ -69.3449, 44.0177 ], [ -69.3452, 44.0186 ], [ -69.3461, 44.0188 ], [ -69.3486, 44.0179 ], [ -69.3515, 44.0155 ], [ -69.3543, 44.0145 ], [ -69.3565, 44.0115 ], [ -69.358, 44.0107 ], [ -69.3608, 44.011 ], [ -69.3654, 44.0135 ], [ -69.3688, 44.0141 ], [ -69.3727, 44.0132 ], [ -69.3753, 44.0109 ], [ -69.3768, 44.0103 ], [ -69.3811, 44.0096 ], [ -69.3834, 44.0102 ], [ -69.3867, 44.0128 ], [ -69.3893, 44.0184 ], [ -69.3928, 44.021 ], [ -69.3986, 44.0266 ], [ -69.4009, 44.0273 ], [ -69.4039, 44.0275 ], [ -69.4044, 44.0278 ], [ -69.4039, 44.0286 ], [ -69.4051, 44.0299 ], [ -69.4051, 44.0313 ], [ -69.4046, 44.0318 ], [ -69.4055, 44.0332 ], [ -69.4055, 44.0359 ], [ -69.406, 44.0369 ], [ -69.405, 44.0387 ], [ -69.4057, 44.0395 ], [ -69.408, 44.04 ], [ -69.4082, 44.0404 ], [ -69.4073, 44.0423 ], [ -69.4079, 44.0428 ], [ -69.4079, 44.0456 ], [ -69.4059, 44.0477 ], [ -69.4376, 44.0634 ], [ -69.4485, 44.057 ], [ -69.4499, 44.0581 ], [ -69.4502, 44.0592 ], [ -69.4497, 44.0606 ] ] ] } },
{ "type": "Feature", "properties": { "GEOIDFQ": "1400000US23015975100", "NAME": "9751", "NAMELSAD": "Census Tract 9751" }, "geometry": { "type": "Polygon", "coordinates": [ [ [ -69.662, 44.2402 ], [ -69.6502, 44.2796 ], [ -69.6341, 44.2771 ], [ -69.5761, 44.266 ], [ -69.5474, 44.261 ], [ -69.5466, 44.2626 ], [ -69.544, 44.263 ], [ -69.5431, 44.2625 ], [ -69.5426, 44.2625 ], [ -69.5414, 44.264 ], [ -69.5378, 44.2653 ], [ -69.5348, 44.2674 ], [ -69.5344, 44.2685 ], [ -69.5351, 44.2705 ], [ -69.5344, 44.2722 ], [ -69.5289, 44.275 ], [ -69.5279, 44.2757 ], [ -69.5268, 44.2773 ], [ -69.5213, 44.2807 ], [ -69.5064, 44.3429 ], [ -69.4096, 44.328 ], [ -69.4164, 44.3213 ], [ -69.437, 44.3245 ], [ -69.4513, 44.314 ], [ -69.4407, 44.2844 ], [ -69.4495, 44.2623 ], [ -69.4328, 44.2267 ], [ -69.4036, 44.2191 ], [ -69.406, 44.2107 ], [ -69.4161, 44.2123 ], [ -69.4322, 44.1577 ], [ -69.4852, 44.165 ], [ -69.4846, 44.1609 ], [ -69.482, 44.1574 ], [ -69.4815, 44.1553 ], [ -69.4819, 44.1503 ], [ -69.4827, 44.1494 ], [ -69.4851, 44.1485 ], [ -69.4858, 44.1471 ], [ -69.4845, 44.144 ], [ -69.484, 44.1407 ], [ -69.484, 44.1354 ], [ -69.485, 44.1323 ], [ -69.4866, 44.1304 ], [ -69.4879, 44.1297 ], [ -69.4897, 44.1294 ], [ -69.4928, 44.1297 ], [ -69.4999, 44.1321 ], [ -69.5019, 44.1317 ], [ -69.5028, 44.131 ], [ -69.504, 44.1289 ], [ -69.5052, 44.1228 ], [ -69.5064, 44.1207 ], [ -69.5056, 44.1191 ], [ -69.5068, 44.1176 ], [ -69.5073, 44.1159 ], [ -69.5081, 44.1156 ], [ -69.5103, 44.1158 ], [ -69.5109, 44.1152 ], [ -69.5124, 44.1129 ], [ -69.5137, 44.1098 ], [ -69.5152, 44.1084 ], [ -69.5163, 44.1068 ], [ -69.5178, 44.101 ], [ -69.5545, 44.104 ], [ -69.579, 44.1156 ], [ -69.5787, 44.1165 ], [ -69.5836, 44.1189 ], [ -69.5833, 44.1205 ], [ -69.5917, 44.1226 ], [ -69.6232, 44.1377 ], [ -69.6258, 44.1322 ], [ -69.6308, 44.1237 ], [ -69.6314, 44.1217 ], [ -69.6569, 44.1255 ], [ -69.6654, 44.2276 ], [ -69.662, 44.2402 ] ] ] } },
{ "type": "Feature", "properties": { "GEOIDFQ": "1400000US23011015000", "NAME": "150", "NAMELSAD": "Census Tract 150" }, "geometry": { "type": "Polygon", "coordinates": [ [ [ -70.023, 44.3907 ], [ -70.0218, 44.3909 ], [ -70.0219, 44.392 ], [ -70.021, 44.3941 ], [ -70.0193, 44.3956 ], [ -70.0177, 44.3993 ], [ -70.0176, 44.4005 ], [ -70.018, 44.4013 ], [ -70.0172, 44.4033 ], [ -70.019, 44.4154 ], [ -70.0187, 44.4161 ], [ -70.0174, 44.4172 ], [ -70.017, 44.4181 ], [ -70.0178, 44.4215 ], [ -70.0168, 44.4244 ], [ -69.9833, 44.4191 ], [ -69.9828, 44.421 ], [ -69.9406, 44.4151 ], [ -69.9415, 44.4116 ], [ -69.9395, 44.4112 ], [ -69.9393, 44.4117 ], [ -69.924, 44.4099 ], [ -69.8783, 44.4013 ], [ -69.8798, 44.3963 ], [ -69.8765, 44.3934 ], [ -69.8743, 44.3693 ], [ -69.8827, 44.344 ], [ -69.8784, 44.3431 ], [ -69.8793, 44.3411 ], [ -69.9354, 44.3494 ], [ -69.9526, 44.3491 ], [ -69.9566, 44.3488 ], [ -69.9995, 44.3558 ], [ -70.017, 44.3593 ], [ -70.0112, 44.379 ], [ -70.0256, 44.3812 ], [ -70.023, 44.3907 ] ] ] } },
{ "type": "Feature", "properties": { "GEOIDFQ": "1400000US23019006100", "NAME": "61", "NAMELSAD": "Census Tract 61" }, "geometry": { "type": "Polygon", "coordinates": [ [ [ -68.6964, 44.8522 ], [ -68.6915, 44.8573 ], [ -68.6859, 44.8642 ], [ -68.6785, 44.8758 ], [ -68.6727, 44.8827 ], [ -68.6694, 44.8879 ], [ -68.6579, 44.8956 ], [ -68.6491, 44.9024 ], [ -68.6376, 44.904 ], [ -68.6375, 44.903 ], [ -68.6383, 44.9004 ], [ -68.6424, 44.8951 ], [ -68.6498, 44.8891 ], [ -68.6554, 44.8864 ], [ -68.6586, 44.8838 ], [ -68.6618, 44.8806 ], [ -68.6711, 44.8685 ], [ -68.6718, 44.8667 ], [ -68.6724, 44.8617 ], [ -68.673, 44.8601 ], [ -68.6744, 44.8583 ], [ -68.6833, 44.8537 ], [ -68.6962, 44.8453 ], [ -68.6989, 44.8476 ], [ -68.6964, 44.8522 ] ] ] } },
{ "type": "Feature", "properties": { "GEOIDFQ": "1400000US23019006300", "NAME": "63", "NAMELSAD": "Census Tract 63" }, "geometry": { "type": "Polygon", "coordinates": [ [ [ -68.6784, 44.9098 ], [ -68.66, 44.9124 ], [ -68.6568, 44.9013 ], [ -68.6491, 44.9024 ], [ -68.6579, 44.8956 ], [ -68.6694, 44.8879 ], [ -68.6708, 44.8857 ], [ -68.6717, 44.886 ], [ -68.6768, 44.8924 ], [ -68.6779, 44.8969 ], [ -68.6771, 44.8974 ], [ -68.676, 44.8991 ], [ -68.676, 44.9012 ], [ -68.6773, 44.9033 ], [ -68.6807, 44.9056 ], [ -68.6784, 44.9098 ] ] ] } },
{ "type": "Feature", "properties": { "GEOIDFQ": "1400000US23019011000", "NAME": "110", "NAMELSAD": "Census Tract 110" }, "geometry": { "type": "Polygon", "coordinates": [ [ [ -68.9831, 44.8483 ], [ -68.9589, 44.7612 ], [ -68.964, 44.7608 ], [ -69.0814, 44.7458 ], [ -69.0941, 44.7977 ], [ -69.1006, 44.797 ], [ -69.1019, 44.8021 ], [ -69.0953, 44.8029 ], [ -69.1026, 44.8325 ], [ -68.9831, 44.8483 ] ] ] } },
{ "type": "Feature", "properties": { "GEOIDFQ": "1400000US23029990000", "NAME": "9900", "NAMELSAD": "Census Tract 9900" }, "geometry": { "type": "Polygon", "coordinates": [ [ [ -67.8862, 44.3846 ], [ -67.8744, 44.3868 ], [ -67.8649, 44.3919 ], [ -67.8218, 44.4319 ], [ -67.8156, 44.438 ], [ -67.7665, 44.4781 ], [ -67.7494, 44.4591 ], [ -67.7266, 44.4256 ], [ -67.6549, 44.4546 ], [ -67.648, 44.4518 ], [ -67.6208, 44.4175 ], [ -67.5438, 44.4565 ], [ -67.5002, 44.4998 ], [ -67.4124, 44.5568 ], [ -67.3864, 44.5706 ], [ -67.3776, 44.5688 ], [ -67.3731, 44.5486 ], [ -67.3428, 44.5877 ], [ -67.3227, 44.5953 ], [ -67.2799, 44.5839 ], [ -67.2266, 44.6247 ], [ -67.1606, 44.6436 ], [ -67.109, 44.6957 ], [ -67.0475, 44.7501 ], [ -66.926, 44.8212 ], [ -66.8854, 44.7942 ], [ -66.9026, 44.7766 ], [ -66.9107, 44.7748 ], [ -66.9147, 44.7733 ], [ -66.919, 44.7712 ], [ -66.9303, 44.7679 ], [ -66.9358, 44.7672 ], [ -66.9418, 44.7656 ], [ -66.9488, 44.7625 ], [ -66.9523, 44.7604 ], [ -66.9594, 44.7545 ], [ -66.9637, 44.7501 ], [ -66.9775, 44.7312 ], [ -66.9953, 44.7231 ], [ -66.9994, 44.7218 ], [ -67.0108, 44.7173 ], [ -67.0135, 44.7143 ], [ -67.024, 44.7051 ], [ -67.0351, 44.6984 ], [ -67.0393, 44.697 ], [ -67.0395, 44.6955 ], [ -67.0438, 44.688 ], [ -67.0502, 44.681 ], [ -67.0541, 44.6776 ], [ -67.0745, 44.6629 ], [ -67.0819, 44.6568 ], [ -67.0883, 44.6527 ], [ -67.0932, 44.6431 ], [ -67.0967, 44.6392 ], [ -67.1038, 44.6334 ], [ -67.1106, 44.6288 ], [ -67.1244, 44.6222 ], [ -67.1274, 44.6214 ], [ -67.13, 44.6178 ], [ -67.1334, 44.6138 ], [ -67.1409, 44.6083 ], [ -67.1483, 44.6042 ], [ -67.1571, 44.6002 ], [ -67.1689, 44.596 ], [ -67.1743, 44.5947 ], [ -67.1791, 44.5893 ], [ -67.1878, 44.5818 ], [ -67.1915, 44.5795 ], [ -67.2057, 44.5726 ], [ -67.2099, 44.5711 ], [ -67.2148, 44.5678 ], [ -67.2233, 44.5632 ], [ -67.2359, 44.5581 ], [ -67.2481, 44.5549 ], [ -67.2637, 44.5541 ], [ -67.2697, 44.5522 ], [ -67.2792, 44.5503 ], [ -67.2948, 44.5493 ], [ -67.2992, 44.5493 ], [ -67.3008, 44.5499 ], [ -67.3042, 44.5444 ], [ -67.3116, 44.5366 ], [ -67.3155, 44.5333 ], [ -67.3178, 44.5315 ], [ -67.3252, 44.5274 ], [ -67.336, 44.5227 ], [ -67.3404, 44.5213 ], [ -67.3568, 44.5181 ], [ -67.366, 44.5178 ], [ -67.3744, 44.5182 ], [ -67.3814, 44.5188 ], [ -67.3882, 44.5204 ], [ -67.3964, 44.516 ], [ -67.4023, 44.5135 ], [ -67.4139, 44.5096 ], [ -67.4211, 44.5081 ], [ -67.428, 44.5071 ], [ -67.4397, 44.5054 ], [ -67.4434, 44.5053 ], [ -67.4417, 44.5025 ], [ -67.4413, 44.5001 ], [ -67.4417, 44.4902 ], [ -67.4442, 44.4811 ], [ -67.449, 44.4726 ], [ -67.4552, 44.4649 ], [ -67.4611, 44.46 ], [ -67.4669, 44.4573 ], [ -67.473, 44.4483 ], [ -67.4828, 44.44 ], [ -67.4926, 44.4322 ], [ -67.4994, 44.4275 ], [ -67.5128, 44.4207 ], [ -67.5197, 44.4182 ], [ -67.5274, 44.4159 ], [ -67.536, 44.4113 ], [ -67.5415, 44.4089 ], [ -67.5496, 44.4066 ], [ -67.5537, 44.4032 ], [ -67.5598, 44.401 ], [ -67.5676, 44.3972 ], [ -67.574, 44.395 ], [ -67.5811, 44.3932 ], [ -67.5873, 44.3923 ], [ -67.5929, 44.391 ], [ -67.5991, 44.3892 ], [ -67.6012, 44.3881 ], [ -67.6045, 44.3875 ], [ -67.61, 44.3858 ], [ -67.6174, 44.3846 ], [ -67.6274, 44.3835 ], [ -67.6365, 44.3836 ], [ -67.6466, 44.385 ], [ -67.655, 44.3867 ], [ -67.6695, 44.3917 ], [ -67.6746, 44.3946 ], [ -67.6794, 44.3919 ], [ -67.6958, 44.3877 ], [ -67.7055, 44.3867 ], [ -67.7153, 44.3865 ], [ -67.7295, 44.3877 ], [ -67.7417, 44.3908 ], [ -67.7586, 44.3983 ], [ -67.7638, 44.4019 ], [ -67.7747, 44.4113 ], [ -67.778, 44.4085 ], [ -67.7822, 44.4062 ], [ -67.7883, 44.4022 ], [ -67.799, 44.3984 ], [ -67.8056, 44.391 ], [ -67.8035, 44.3885 ], [ -67.7983, 44.3835 ], [ -67.796, 44.3795 ], [ -67.7953, 44.3751 ], [ -67.7953, 44.3612 ], [ -67.8008, 44.3475 ], [ -67.8097, 44.3365 ], [ -67.8237, 44.327 ], [ -67.8423, 44.3205 ], [ -67.8583, 44.317 ], [ -67.8744, 44.3169 ], [ -67.8839, 44.3183 ], [ -67.8982, 44.3221 ], [ -67.9062, 44.3267 ], [ -67.9167, 44.3335 ], [ -67.9222, 44.338 ], [ -67.9252, 44.3414 ], [ -67.9356, 44.3905 ], [ -67.8862, 44.3846 ] ] ] } },
{ "type": "Feature", "properties": { "GEOIDFQ": "1400000US23031025100", "NAME": "251", "NAMELSAD": "Census Tract 251" }, "geometry": { "type": "Polygon", "coordinates": [ [ [ -70.5348, 43.5263 ], [ -70.5158, 43.5455 ], [ -70.5142, 43.5453 ], [ -70.5129, 43.5449 ], [ -70.5121, 43.5441 ], [ -70.514, 43.5405 ], [ -70.5189, 43.5377 ], [ -70.5232, 43.531 ], [ -70.5257, 43.5294 ], [ -70.5285, 43.5264 ], [ -70.5287, 43.5255 ], [ -70.526, 43.5202 ], [ -70.5219, 43.5168 ], [ -70.5179, 43.5154 ], [ -70.5147, 43.5084 ], [ -70.5099, 43.5061 ], [ -70.5054, 43.5001 ], [ -70.5035, 43.4989 ], [ -70.5021, 43.4984 ], [ -70.498, 43.4982 ], [ -70.4901, 43.4988 ], [ -70.4821, 43.499 ], [ -70.4806, 43.4996 ], [ -70.4765, 43.5022 ], [ -70.4747, 43.5027 ], [ -70.4734, 43.5025 ], [ -70.4711, 43.5006 ], [ -70.4686, 43.4995 ], [ -70.4663, 43.4989 ], [ -70.4638, 43.4986 ], [ -70.4711, 43.4926 ], [ -70.4824, 43.4806 ], [ -70.4712, 43.4832 ], [ -70.4712, 43.4829 ], [ -70.4609, 43.4772 ], [ -70.459, 43.474 ], [ -70.4705, 43.4624 ], [ -70.4725, 43.4593 ], [ -70.477, 43.457 ], [ -70.4806, 43.456 ], [ -70.482, 43.455 ], [ -70.5653, 43.4943 ], [ -70.5348, 43.5263 ] ] ] } },
{ "type": "Feature", "properties": { "GEOIDFQ": "1400000US23031030102", "NAME": "301.02", "NAMELSAD": "Census Tract 301.02" }, "geometry": { "type": "Polygon", "coordinates": [ [ [ -70.8024, 43.4691 ], [ -70.8015, 43.4685 ], [ -70.8005, 43.4687 ], [ -70.7992, 43.4681 ], [ -70.798, 43.4679 ], [ -70.7982, 43.4695 ], [ -70.7988, 43.4695 ], [ -70.7973, 43.4706 ], [ -70.7981, 43.4713 ], [ -70.7973, 43.4718 ], [ -70.797, 43.4716 ], [ -70.7951, 43.4728 ], [ -70.7943, 43.4708 ], [ -70.7941, 43.4676 ], [ -70.7918, 43.4668 ], [ -70.7891, 43.4652 ], [ -70.7895, 43.4646 ], [ -70.7883, 43.4643 ], [ -70.7858, 43.4626 ], [ -70.782, 43.4609 ], [ -70.7806, 43.4579 ], [ -70.7783, 43.4509 ], [ -70.7813, 43.4468 ], [ -70.7839, 43.447 ], [ -70.7857, 43.4479 ], [ -70.7868, 43.4479 ], [ -70.7904, 43.4564 ], [ -70.7929, 43.4602 ], [ -70.7939, 43.4599 ], [ -70.7956, 43.4615 ], [ -70.7995, 43.4626 ], [ -70.7999, 43.463 ], [ -70.7992, 43.4638 ], [ -70.8015, 43.4653 ], [ -70.8011, 43.466 ], [ -70.8031, 43.4669 ], [ -70.8043, 43.4678 ], [ -70.8024, 43.4691 ] ] ] } },
{ "type": "Feature", "properties": { "GEOIDFQ": "1400000US23031030101", "NAME": "301.01", "NAMELSAD": "Census Tract 301.01" }, "geometry": { "type": "Polygon", "coordinates": [ [ [ -70.8289, 43.4742 ], [ -70.8315, 43.4869 ], [ -70.783, 43.4917 ], [ -70.7744, 43.4878 ], [ -70.7796, 43.4826 ], [ -70.7738, 43.479 ], [ -70.7767, 43.4762 ], [ -70.7674, 43.4711 ], [ -70.7784, 43.4594 ], [ -70.7858, 43.4626 ], [ -70.788, 43.4641 ], [ -70.7895, 43.4646 ], [ -70.7891, 43.4652 ], [ -70.7899, 43.4657 ], [ -70.7941, 43.4676 ], [ -70.7943, 43.4708 ], [ -70.7951, 43.4728 ], [ -70.797, 43.4716 ], [ -70.7973, 43.4718 ], [ -70.7981, 43.4713 ], [ -70.7973, 43.4706 ], [ -70.7988, 43.4695 ], [ -70.7982, 43.4695 ], [ -70.798, 43.4679 ], [ -70.7992, 43.4681 ], [ -70.8005, 43.4687 ], [ -70.8015, 43.4685 ], [ -70.8024, 43.4691 ], [ -70.8044, 43.4678 ], [ -70.8011, 43.466 ], [ -70.8015, 43.4653 ], [ -70.7992, 43.4638 ], [ -70.8026, 43.4596 ], [ -70.8183, 43.4434 ], [ -70.8194, 43.4418 ], [ -70.8208, 43.4383 ], [ -70.8232, 43.4356 ], [ -70.8241, 43.433 ], [ -70.8311, 43.4261 ], [ -70.8335, 43.4275 ], [ -70.8351, 43.428 ], [ -70.8371, 43.4279 ], [ -70.8455, 43.4259 ], [ -70.8478, 43.4276 ], [ -70.8352, 43.4362 ], [ -70.8599, 43.4542 ], [ -70.8568, 43.4563 ], [ -70.8721, 43.4691 ], [ -70.8289, 43.4742 ] ] ] } },
{ "type": "Feature", "properties": { "GEOIDFQ": "1400000US23031030203", "NAME": "302.03", "NAMELSAD": "Census Tract 302.03" }, "geometry": { "type": "Polygon", "coordinates": [ [ [ -70.8097, 43.4281 ], [ -70.8047, 43.43 ], [ -70.8024, 43.4303 ], [ -70.7985, 43.4295 ], [ -70.7962, 43.4297 ], [ -70.7895, 43.4329 ], [ -70.786, 43.435 ], [ -70.7812, 43.4357 ], [ -70.7794, 43.4356 ], [ -70.7745, 43.4381 ], [ -70.7673, 43.4281 ], [ -70.7659, 43.4267 ], [ -70.7595, 43.4232 ], [ -70.7537, 43.4173 ], [ -70.7493, 43.4154 ], [ -70.7423, 43.4111 ], [ -70.7426, 43.4091 ], [ -70.7391, 43.3992 ], [ -70.7416, 43.3978 ], [ -70.7449, 43.3944 ], [ -70.7471, 43.3929 ], [ -70.7513, 43.3915 ], [ -70.7581, 43.3913 ], [ -70.7592, 43.3906 ], [ -70.7603, 43.3916 ], [ -70.7627, 43.3929 ], [ -70.7637, 43.3958 ], [ -70.7916, 43.4167 ], [ -70.8072, 43.4059 ], [ -70.8087, 43.407 ], [ -70.8097, 43.4101 ], [ -70.8102, 43.4127 ], [ -70.8099, 43.4146 ], [ -70.8115, 43.4176 ], [ -70.8113, 43.4197 ], [ -70.812, 43.4215 ], [ -70.8123, 43.4258 ], [ -70.8097, 43.4281 ] ] ] } },
{ "type": "Feature", "properties": { "GEOIDFQ": "1400000US23031029000", "NAME": "290", "NAMELSAD": "Census Tract 290" }, "geometry": { "type": "Polygon", "coordinates": [ [ [ -70.7921, 43.5755 ], [ -70.7906, 43.571 ], [ -70.7882, 43.5712 ], [ -70.7838, 43.565 ], [ -70.7799, 43.5655 ], [ -70.7784, 43.5583 ], [ -70.7731, 43.5534 ], [ -70.7728, 43.5517 ], [ -70.7719, 43.5511 ], [ -70.7706, 43.551 ], [ -70.7695, 43.5505 ], [ -70.7683, 43.5488 ], [ -70.7672, 43.5481 ], [ -70.7673, 43.5478 ], [ -70.7665, 43.5468 ], [ -70.7667, 43.5444 ], [ -70.7659, 43.5431 ], [ -70.7664, 43.5426 ], [ -70.7665, 43.5416 ], [ -70.7661, 43.5408 ], [ -70.7669, 43.538 ], [ -70.7665, 43.537 ], [ -70.7651, 43.536 ], [ -70.7649, 43.5354 ], [ -70.7175, 43.5121 ], [ -70.7117, 43.5086 ], [ -70.6894, 43.4814 ], [ -70.6429, 43.4214 ], [ -70.6424, 43.4207 ], [ -70.6426, 43.4204 ], [ -70.6447, 43.4202 ], [ -70.6469, 43.4205 ], [ -70.6494, 43.4194 ], [ -70.6509, 43.4174 ], [ -70.6521, 43.4172 ], [ -70.6538, 43.4175 ], [ -70.6553, 43.417 ], [ -70.6563, 43.4174 ], [ -70.6573, 43.4183 ], [ -70.6601, 43.4189 ], [ -70.6612, 43.4204 ], [ -70.6668, 43.4231 ], [ -70.6696, 43.4238 ], [ -70.6735, 43.4243 ], [ -70.6773, 43.4254 ], [ -70.6821, 43.4278 ], [ -70.6857, 43.4307 ], [ -70.6891, 43.4323 ], [ -70.6919, 43.4345 ], [ -70.6956, 43.4346 ], [ -70.6973, 43.4355 ], [ -70.7005, 43.4386 ], [ -70.704, 43.4412 ], [ -70.7042, 43.443 ], [ -70.7055, 43.4455 ], [ -70.7069, 43.4463 ], [ -70.7091, 43.4466 ], [ -70.7099, 43.447 ], [ -70.7102, 43.4489 ], [ -70.7094, 43.4501 ], [ -70.7099, 43.4508 ], [ -70.7106, 43.4508 ], [ -70.7117, 43.4504 ], [ -70.7144, 43.4509 ], [ -70.7157, 43.4496 ], [ -70.7178, 43.4488 ], [ -70.7182, 43.4478 ], [ -70.7191, 43.4475 ], [ -70.7194, 43.447 ], [ -70.7232, 43.4456 ], [ -70.7247, 43.4457 ], [ -70.7257, 43.444 ], [ -70.7266, 43.4435 ], [ -70.7301, 43.4432 ], [ -70.7321, 43.4439 ], [ -70.7331, 43.4449 ], [ -70.7334, 43.446 ], [ -70.734, 43.4468 ], [ -70.7351, 43.447 ], [ -70.7367, 43.4479 ], [ -70.7362, 43.4492 ], [ -70.7372, 43.4512 ], [ -70.737, 43.453 ], [ -70.7387, 43.454 ], [ -70.739, 43.4552 ], [ -70.7399, 43.456 ], [ -70.7421, 43.4563 ], [ -70.7434, 43.4575 ], [ -70.7454, 43.4584 ], [ -70.7486, 43.4583 ], [ -70.7494, 43.4577 ], [ -70.7523, 43.459 ], [ -70.7548, 43.4588 ], [ -70.757, 43.4594 ], [ -70.7576, 43.4604 ], [ -70.7587, 43.4609 ], [ -70.7596, 43.4624 ], [ -70.7607, 43.4651 ], [ -70.7606, 43.4661 ], [ -70.7647, 43.4681 ], [ -70.7674, 43.4704 ], [ -70.7672, 43.471 ], [ -70.7767, 43.4762 ], [ -70.7738, 43.479 ], [ -70.7796, 43.4826 ], [ -70.7744, 43.4878 ], [ -70.783, 43.4917 ], [ -70.7803, 43.4919 ], [ -70.7893, 43.5345 ], [ -70.7984, 43.5747 ], [ -70.7921, 43.5755 ] ] ] } },
{ "type": "Feature", "properties": { "GEOIDFQ": "1400000US23031026000", "NAME": "260", "NAMELSAD": "Census Tract 260" }, "geometry": { "type": "Polygon", "coordinates": [ [ [ -70.5695, 43.4963 ], [ -70.4769, 43.4525 ], [ -70.4916, 43.4284 ], [ -70.4929, 43.4158 ], [ -70.4923, 43.4129 ], [ -70.4898, 43.4071 ], [ -70.489, 43.406 ], [ -70.4773, 43.3817 ], [ -70.48, 43.3824 ], [ -70.4793, 43.381 ], [ -70.4786, 43.3815 ], [ -70.4779, 43.381 ], [ -70.4808, 43.3788 ], [ -70.4854, 43.3778 ], [ -70.486, 43.3757 ], [ -70.4857, 43.3735 ], [ -70.4884, 43.374 ], [ -70.4914, 43.374 ], [ -70.4919, 43.373 ], [ -70.4947, 43.3722 ], [ -70.4956, 43.3735 ], [ -70.4969, 43.3743 ], [ -70.4991, 43.3747 ], [ -70.5008, 43.3756 ], [ -70.5023, 43.3757 ], [ -70.5049, 43.3767 ], [ -70.5055, 43.3776 ], [ -70.5049, 43.3784 ], [ -70.505, 43.3786 ], [ -70.508, 43.3784 ], [ -70.5081, 43.3788 ], [ -70.5072, 43.38 ], [ -70.5074, 43.3805 ], [ -70.5087, 43.3806 ], [ -70.5097, 43.3801 ], [ -70.5106, 43.3817 ], [ -70.5125, 43.3818 ], [ -70.5139, 43.3831 ], [ -70.5158, 43.3823 ], [ -70.5169, 43.3826 ], [ -70.5171, 43.3834 ], [ -70.5156, 43.3847 ], [ -70.5156, 43.3853 ], [ -70.5164, 43.3861 ], [ -70.5179, 43.3867 ], [ -70.519, 43.3883 ], [ -70.5228, 43.3918 ], [ -70.5213, 43.3925 ], [ -70.5214, 43.3932 ], [ -70.5228, 43.3934 ], [ -70.5243, 43.3926 ], [ -70.5248, 43.3928 ], [ -70.5247, 43.3935 ], [ -70.5253, 43.3942 ], [ -70.525, 43.3954 ], [ -70.5225, 43.3965 ], [ -70.5241, 43.3995 ], [ -70.527, 43.4005 ], [ -70.5258, 43.4024 ], [ -70.5271, 43.4037 ], [ -70.5286, 43.4044 ], [ -70.5302, 43.4049 ], [ -70.5318, 43.4048 ], [ -70.5335, 43.4059 ], [ -70.5344, 43.4075 ], [ -70.5355, 43.4083 ], [ -70.5364, 43.4109 ], [ -70.5367, 43.413 ], [ -70.5381, 43.4148 ], [ -70.5379, 43.4157 ], [ -70.5361, 43.4169 ], [ -70.5372, 43.4187 ], [ -70.5377, 43.4191 ], [ -70.5397, 43.4194 ], [ -70.5401, 43.4205 ], [ -70.5422, 43.4212 ], [ -70.5451, 43.4231 ], [ -70.5441, 43.424 ], [ -70.5426, 43.4243 ], [ -70.5416, 43.4251 ], [ -70.5417, 43.4255 ], [ -70.5426, 43.4256 ], [ -70.5432, 43.4264 ], [ -70.5426, 43.4274 ], [ -70.5436, 43.4277 ], [ -70.5424, 43.4283 ], [ -70.5424, 43.4288 ], [ -70.5436, 43.4299 ], [ -70.545, 43.43 ], [ -70.5453, 43.429 ], [ -70.5458, 43.4294 ], [ -70.5467, 43.4291 ], [ -70.5482, 43.43 ], [ -70.5494, 43.4299 ], [ -70.5498, 43.4325 ], [ -70.5504, 43.4324 ], [ -70.5507, 43.4315 ], [ -70.5513, 43.4315 ], [ -70.5517, 43.4319 ], [ -70.5529, 43.4317 ], [ -70.5535, 43.432 ], [ -70.553, 43.4327 ], [ -70.5544, 43.4331 ], [ -70.554, 43.4341 ], [ -70.555, 43.4337 ], [ -70.555, 43.4342 ], [ -70.5561, 43.4341 ], [ -70.5567, 43.435 ], [ -70.5565, 43.4356 ], [ -70.5541, 43.4376 ], [ -70.5553, 43.4385 ], [ -70.5572, 43.4384 ], [ -70.5584, 43.4388 ], [ -70.5583, 43.4394 ], [ -70.5552, 43.4404 ], [ -70.5566, 43.4405 ], [ -70.5566, 43.4411 ], [ -70.5561, 43.4414 ], [ -70.5567, 43.4417 ], [ -70.5566, 43.4424 ], [ -70.5582, 43.4425 ], [ -70.5584, 43.4431 ], [ -70.5576, 43.4433 ], [ -70.5575, 43.4441 ], [ -70.5587, 43.4444 ], [ -70.5576, 43.4453 ], [ -70.5576, 43.4459 ], [ -70.5599, 43.4468 ], [ -70.5619, 43.4486 ], [ -70.5609, 43.4492 ], [ -70.5609, 43.4495 ], [ -70.5631, 43.4496 ], [ -70.5644, 43.45 ], [ -70.5649, 43.4498 ], [ -70.5658, 43.4502 ], [ -70.5664, 43.4499 ], [ -70.5658, 43.4486 ], [ -70.5665, 43.4487 ], [ -70.5663, 43.4491 ], [ -70.5669, 43.4494 ], [ -70.5673, 43.4491 ], [ -70.5681, 43.4494 ], [ -70.5689, 43.4486 ], [ -70.5697, 43.4492 ], [ -70.5703, 43.4489 ], [ -70.5698, 43.4482 ], [ -70.5709, 43.4487 ], [ -70.572, 43.4482 ], [ -70.5724, 43.4475 ], [ -70.5726, 43.4482 ], [ -70.5732, 43.4479 ], [ -70.5745, 43.4481 ], [ -70.5753, 43.4476 ], [ -70.5753, 43.4471 ], [ -70.5764, 43.4466 ], [ -70.5776, 43.448 ], [ -70.5789, 43.4481 ], [ -70.5798, 43.45 ], [ -70.5796, 43.4505 ], [ -70.5815, 43.4508 ], [ -70.5828, 43.4516 ], [ -70.5825, 43.4522 ], [ -70.5835, 43.4522 ], [ -70.5843, 43.4529 ], [ -70.5871, 43.4526 ], [ -70.588, 43.4519 ], [ -70.5883, 43.4512 ], [ -70.5904, 43.4522 ], [ -70.5901, 43.4541 ], [ -70.5905, 43.4554 ], [ -70.5908, 43.4558 ], [ -70.5919, 43.456 ], [ -70.5918, 43.4565 ], [ -70.5936, 43.4564 ], [ -70.5941, 43.4556 ], [ -70.5945, 43.4556 ], [ -70.5959, 43.4566 ], [ -70.5969, 43.4568 ], [ -70.5974, 43.4565 ], [ -70.5977, 43.4555 ], [ -70.5986, 43.4562 ], [ -70.6002, 43.4562 ], [ -70.5995, 43.4571 ], [ -70.5997, 43.4579 ], [ -70.6043, 43.458 ], [ -70.6066, 43.4573 ], [ -70.6073, 43.4575 ], [ -70.5695, 43.4963 ] ] ] } },
{ "type": "Feature", "properties": { "GEOIDFQ": "1400000US23031038002", "NAME": "380.02", "NAMELSAD": "Census Tract 380.02" }, "geometry": { "type": "Polygon", "coordinates": [ [ [ -70.7741, 43.1068 ], [ -70.7725, 43.1076 ], [ -70.7705, 43.1079 ], [ -70.7694, 43.1086 ], [ -70.7584, 43.1224 ], [ -70.7332, 43.1483 ], [ -70.7024, 43.1327 ], [ -70.6794, 43.1194 ], [ -70.6811, 43.1182 ], [ -70.6831, 43.1157 ], [ -70.6841, 43.1135 ], [ -70.6856, 43.1118 ], [ -70.6867, 43.111 ], [ -70.6914, 43.1091 ], [ -70.6946, 43.1059 ], [ -70.6997, 43.1021 ], [ -70.703, 43.1042 ], [ -70.7054, 43.105 ], [ -70.7083, 43.1066 ], [ -70.7036, 43.1106 ], [ -70.7007, 43.1146 ], [ -70.6991, 43.116 ], [ -70.7102, 43.1193 ], [ -70.7136, 43.1208 ], [ -70.7169, 43.123 ], [ -70.7311, 43.1142 ], [ -70.741, 43.1068 ], [ -70.7425, 43.1054 ], [ -70.7434, 43.1039 ], [ -70.7431, 43.104 ], [ -70.7437, 43.1006 ], [ -70.7476, 43.093 ], [ -70.7501, 43.0863 ], [ -70.7499, 43.0855 ], [ -70.7514, 43.0828 ], [ -70.7492, 43.0829 ], [ -70.7489, 43.0824 ], [ -70.7497, 43.0815 ], [ -70.752, 43.0811 ], [ -70.7526, 43.0796 ], [ -70.7557, 43.0799 ], [ -70.7571, 43.0805 ], [ -70.7636, 43.0904 ], [ -70.7653, 43.0921 ], [ -70.7678, 43.0936 ], [ -70.7654, 43.0981 ], [ -70.7654, 43.0996 ], [ -70.7687, 43.102 ], [ -70.7723, 43.104 ], [ -70.7747, 43.1046 ], [ -70.775, 43.1052 ], [ -70.7741, 43.1068 ] ] ] } },
{ "type": "Feature", "properties": { "GEOIDFQ": "1400000US23031034002", "NAME": "340.02", "NAMELSAD": "Census Tract 340.02" }, "geometry": { "type": "Polygon", "coordinates": [ [ [ -70.6701, 43.3912 ], [ -70.6696, 43.3906 ], [ -70.6602, 43.387 ], [ -70.6582, 43.3847 ], [ -70.6578, 43.3835 ], [ -70.6565, 43.3824 ], [ -70.6541, 43.384 ], [ -70.6517, 43.3836 ], [ -70.6489, 43.3847 ], [ -70.6473, 43.3849 ], [ -70.6457, 43.3859 ], [ -70.6453, 43.3857 ], [ -70.6433, 43.3864 ], [ -70.6429, 43.3862 ], [ -70.6419, 43.3867 ], [ -70.6411, 43.3865 ], [ -70.6394, 43.3875 ], [ -70.6379, 43.3872 ], [ -70.6362, 43.3874 ], [ -70.6358, 43.3871 ], [ -70.6344, 43.3877 ], [ -70.6321, 43.3875 ], [ -70.63, 43.3878 ], [ -70.6281, 43.3871 ], [ -70.6275, 43.3874 ], [ -70.6263, 43.3865 ], [ -70.6258, 43.3869 ], [ -70.623, 43.387 ], [ -70.6212, 43.3863 ], [ -70.6183, 43.3862 ], [ -70.6159, 43.3855 ], [ -70.615, 43.3855 ], [ -70.6149, 43.386 ], [ -70.6135, 43.3852 ], [ -70.6126, 43.3852 ], [ -70.6108, 43.3868 ], [ -70.6098, 43.3867 ], [ -70.6077, 43.3864 ], [ -70.6066, 43.3859 ], [ -70.6057, 43.3863 ], [ -70.6051, 43.3859 ], [ -70.603, 43.3855 ], [ -70.6024, 43.3846 ], [ -70.602, 43.3849 ], [ -70.6005, 43.3844 ], [ -70.5978, 43.385 ], [ -70.5971, 43.3846 ], [ -70.5951, 43.3847 ], [ -70.5943, 43.3842 ], [ -70.5928, 43.3842 ], [ -70.5903, 43.3829 ], [ -70.5883, 43.3825 ], [ -70.5877, 43.3816 ], [ -70.5867, 43.3813 ], [ -70.5859, 43.3804 ], [ -70.5832, 43.3791 ], [ -70.5811, 43.3791 ], [ -70.5794, 43.3771 ], [ -70.5783, 43.3767 ], [ -70.6135, 43.3132 ], [ -70.6146, 43.3094 ], [ -70.6189, 43.2665 ], [ -70.6196, 43.2667 ], [ -70.6205, 43.2663 ], [ -70.6214, 43.2666 ], [ -70.6254, 43.2639 ], [ -70.6273, 43.2642 ], [ -70.6278, 43.2627 ], [ -70.6285, 43.263 ], [ -70.6293, 43.2642 ], [ -70.6301, 43.2639 ], [ -70.6305, 43.2652 ], [ -70.6318, 43.2654 ], [ -70.6336, 43.2644 ], [ -70.6351, 43.264 ], [ -70.6357, 43.2635 ], [ -70.6377, 43.2639 ], [ -70.6392, 43.2634 ], [ -70.6407, 43.264 ], [ -70.6429, 43.2643 ], [ -70.6439, 43.2643 ], [ -70.6447, 43.2639 ], [ -70.6454, 43.2643 ], [ -70.648, 43.264 ], [ -70.6494, 43.2644 ], [ -70.6503, 43.2636 ], [ -70.65, 43.2625 ], [ -70.6512, 43.2601 ], [ -70.6836, 43.2745 ], [ -70.7021, 43.2835 ], [ -70.7112, 43.3073 ], [ -70.7137, 43.3119 ], [ -70.7242, 43.3349 ], [ -70.6701, 43.3912 ] ] ] } },
{ "type": "Feature", "properties": { "GEOIDFQ": "1400000US23005003500", "NAME": "35", "NAMELSAD": "Census Tract 35" }, "geometry": { "type": "Polygon", "coordinates": [ [ [ -70.2384, 43.6584 ], [ -70.2286, 43.6583 ], [ -70.2241, 43.6556 ], [ -70.2196, 43.6512 ], [ -70.2159, 43.6356 ], [ -70.2136, 43.6336 ], [ -70.2258, 43.6341 ], [ -70.2274, 43.6338 ], [ -70.2288, 43.6344 ], [ -70.2351, 43.6356 ], [ -70.2414, 43.6349 ], [ -70.2407, 43.6364 ], [ -70.2385, 43.6366 ], [ -70.2367, 43.6372 ], [ -70.2345, 43.636 ], [ -70.2328, 43.6372 ], [ -70.2308, 43.6392 ], [ -70.2304, 43.6421 ], [ -70.2308, 43.6433 ], [ -70.234, 43.6444 ], [ -70.2351, 43.6452 ], [ -70.2397, 43.6426 ], [ -70.2443, 43.6391 ], [ -70.2452, 43.6407 ], [ -70.2443, 43.641 ], [ -70.2462, 43.6442 ], [ -70.2472, 43.6429 ], [ -70.2494, 43.6423 ], [ -70.2525, 43.6463 ], [ -70.2543, 43.6476 ], [ -70.2384, 43.6584 ] ] ] } },
{ "type": "Feature", "properties": { "GEOIDFQ": "1400000US23005003701", "NAME": "37.01", "NAMELSAD": "Census Tract 37.01" }, "geometry": { "type": "Polygon", "coordinates": [ [ [ -70.2475, 43.6224 ], [ -70.2453, 43.6245 ], [ -70.2451, 43.6243 ], [ -70.2438, 43.6251 ], [ -70.2418, 43.627 ], [ -70.2409, 43.6289 ], [ -70.2348, 43.6322 ], [ -70.2336, 43.6336 ], [ -70.2318, 43.6329 ], [ -70.2258, 43.6341 ], [ -70.2136, 43.6336 ], [ -70.2094, 43.6307 ], [ -70.2056, 43.6288 ], [ -70.2009, 43.627 ], [ -70.1828, 43.6217 ], [ -70.182, 43.6208 ], [ -70.1847, 43.6195 ], [ -70.2128, 43.5881 ], [ -70.2173, 43.5847 ], [ -70.2184, 43.5829 ], [ -70.2216, 43.5813 ], [ -70.2217, 43.5803 ], [ -70.2262, 43.5902 ], [ -70.2278, 43.5958 ], [ -70.2321, 43.599 ], [ -70.2351, 43.6035 ], [ -70.2359, 43.6057 ], [ -70.2469, 43.6175 ], [ -70.2484, 43.6206 ], [ -70.2475, 43.6224 ] ] ] } },
{ "type": "Feature", "properties": { "GEOIDFQ": "1400000US23005004402", "NAME": "44.02", "NAMELSAD": "Census Tract 44.02" }, "geometry": { "type": "Polygon", "coordinates": [ [ [ -70.1908, 43.789 ], [ -70.1896, 43.791 ], [ -70.1892, 43.7929 ], [ -70.1914, 43.8074 ], [ -70.1881, 43.808 ], [ -70.189, 43.8055 ], [ -70.1871, 43.8044 ], [ -70.1852, 43.8038 ], [ -70.1842, 43.8026 ], [ -70.1816, 43.8035 ], [ -70.1751, 43.8048 ], [ -70.1704, 43.8041 ], [ -70.1642, 43.8096 ], [ -70.1533, 43.8131 ], [ -70.153, 43.8115 ], [ -70.1519, 43.8107 ], [ -70.1522, 43.8094 ], [ -70.1518, 43.8083 ], [ -70.1526, 43.8067 ], [ -70.1547, 43.8047 ], [ -70.1549, 43.8039 ], [ -70.1534, 43.8005 ], [ -70.1494, 43.7973 ], [ -70.1485, 43.797 ], [ -70.1464, 43.7974 ], [ -70.1454, 43.7972 ], [ -70.1411, 43.794 ], [ -70.1388, 43.7931 ], [ -70.1372, 43.7928 ], [ -70.1317, 43.7938 ], [ -70.1224, 43.7966 ], [ -70.1157, 43.796 ], [ -70.1056, 43.7923 ], [ -70.1012, 43.7912 ], [ -70.0969, 43.7916 ], [ -70.0931, 43.7916 ], [ -70.0895, 43.7902 ], [ -70.0862, 43.7874 ], [ -70.0844, 43.7847 ], [ -70.084, 43.7821 ], [ -70.0847, 43.7804 ], [ -70.0922, 43.7759 ], [ -70.0995, 43.7706 ], [ -70.1041, 43.7664 ], [ -70.1144, 43.7556 ], [ -70.1178, 43.7542 ], [ -70.1245, 43.7523 ], [ -70.1552, 43.7383 ], [ -70.1722, 43.751 ], [ -70.1799, 43.7552 ], [ -70.1832, 43.7581 ], [ -70.185, 43.7604 ], [ -70.1858, 43.7629 ], [ -70.1853, 43.7664 ], [ -70.1838, 43.7689 ], [ -70.1824, 43.7703 ], [ -70.1782, 43.7729 ], [ -70.1774, 43.7757 ], [ -70.1838, 43.7791 ], [ -70.1845, 43.7785 ], [ -70.1934, 43.7836 ], [ -70.1952, 43.7813 ], [ -70.1955, 43.7818 ], [ -70.1908, 43.789 ] ] ] } },
{ "type": "Feature", "properties": { "GEOIDFQ": "1400000US23005004600", "NAME": "46", "NAMELSAD": "Census Tract 46" }, "geometry": { "type": "Polygon", "coordinates": [ [ [ -70.2653, 43.8806 ], [ -70.2486, 43.8983 ], [ -70.2112, 43.8904 ], [ -70.216, 43.8818 ], [ -70.1833, 43.852 ], [ -70.1798, 43.848 ], [ -70.1774, 43.8461 ], [ -70.1756, 43.8458 ], [ -70.175, 43.8441 ], [ -70.1739, 43.8429 ], [ -70.1793, 43.84 ], [ -70.1799, 43.8405 ], [ -70.1821, 43.8397 ], [ -70.1813, 43.839 ], [ -70.1819, 43.8386 ], [ -70.1866, 43.8428 ], [ -70.188, 43.8421 ], [ -70.1832, 43.8379 ], [ -70.1855, 43.8365 ], [ -70.186, 43.8352 ], [ -70.191, 43.84 ], [ -70.1917, 43.8396 ], [ -70.192, 43.8399 ], [ -70.1945, 43.8385 ], [ -70.1891, 43.8329 ], [ -70.2099, 43.8217 ], [ -70.2103, 43.8211 ], [ -70.2206, 43.8151 ], [ -70.2183, 43.8129 ], [ -70.221, 43.8098 ], [ -70.2199, 43.8088 ], [ -70.2218, 43.8063 ], [ -70.2185, 43.8054 ], [ -70.2203, 43.8043 ], [ -70.2201, 43.8039 ], [ -70.2229, 43.8022 ], [ -70.2279, 43.8069 ], [ -70.232, 43.8046 ], [ -70.2299, 43.8032 ], [ -70.2324, 43.8011 ], [ -70.2371, 43.8034 ], [ -70.2369, 43.8075 ], [ -70.2423, 43.8121 ], [ -70.2459, 43.8076 ], [ -70.2526, 43.8108 ], [ -70.25, 43.814 ], [ -70.2563, 43.8169 ], [ -70.2535, 43.8198 ], [ -70.2675, 43.8265 ], [ -70.2653, 43.8285 ], [ -70.2723, 43.8336 ], [ -70.269, 43.8364 ], [ -70.2713, 43.8386 ], [ -70.2763, 43.8337 ], [ -70.2791, 43.8346 ], [ -70.2803, 43.8334 ], [ -70.2852, 43.8357 ], [ -70.2845, 43.8365 ], [ -70.2883, 43.8385 ], [ -70.2839, 43.8417 ], [ -70.2964, 43.8488 ], [ -70.2653, 43.8806 ] ] ] } },
{ "type": "Feature", "properties": { "GEOIDFQ": "1400000US23005011300", "NAME": "113", "NAMELSAD": "Census Tract 113" }, "geometry": { "type": "Polygon", "coordinates": [ [ [ -70.0342, 43.9757 ], [ -70.0325, 43.9733 ], [ -70.0309, 43.9677 ], [ -70.0279, 43.9643 ], [ -70.026, 43.9581 ], [ -70.0242, 43.9561 ], [ -70.0226, 43.9534 ], [ -70.0231, 43.9521 ], [ -70.0212, 43.9492 ], [ -70.0202, 43.9461 ], [ -70.0182, 43.9449 ], [ -70.0127, 43.9438 ], [ -70.0093, 43.9427 ], [ -70.0074, 43.9416 ], [ -70.0052, 43.9388 ], [ -70.0036, 43.935 ], [ -70.0023, 43.9336 ], [ -70.0005, 43.9329 ], [ -69.9962, 43.9327 ], [ -69.9932, 43.9313 ], [ -70.0112, 43.9208 ], [ -70.029, 43.9148 ], [ -70.0204, 43.9132 ], [ -70.0185, 43.9126 ], [ -70.0148, 43.9107 ], [ -70.0144, 43.9101 ], [ -70.0124, 43.9099 ], [ -69.9976, 43.9028 ], [ -69.9992, 43.9015 ], [ -70.0002, 43.8998 ], [ -69.9983, 43.8975 ], [ -69.998, 43.8957 ], [ -69.9984, 43.8943 ], [ -69.9982, 43.8928 ], [ -69.9988, 43.8911 ], [ -69.9988, 43.8869 ], [ -70.0, 43.8824 ], [ -70.0016, 43.8799 ], [ -70.0012, 43.8791 ], [ -69.9986, 43.877 ], [ -69.9974, 43.8729 ], [ -69.9961, 43.8709 ], [ -69.9938, 43.8686 ], [ -69.9932, 43.8683 ], [ -69.9928, 43.8684 ], [ -69.9921, 43.8675 ], [ -69.9926, 43.8667 ], [ -70.0133, 43.851 ], [ -70.0387, 43.8648 ], [ -70.0356, 43.8685 ], [ -70.0436, 43.8718 ], [ -70.0399, 43.8758 ], [ -70.0483, 43.8816 ], [ -70.0466, 43.8836 ], [ -70.0879, 43.919 ], [ -70.0342, 43.9757 ] ] ] } },
{ "type": "Feature", "properties": { "GEOIDFQ": "1400000US23031021000", "NAME": "210", "NAMELSAD": "Census Tract 210" }, "geometry": { "type": "Polygon", "coordinates": [ [ [ -70.6335, 43.7039 ], [ -70.6309, 43.7045 ], [ -70.628, 43.7041 ], [ -70.6242, 43.7021 ], [ -70.6233, 43.7002 ], [ -70.6222, 43.6995 ], [ -70.6179, 43.6993 ], [ -70.6148, 43.6986 ], [ -70.614, 43.6977 ], [ -70.6128, 43.695 ], [ -70.611, 43.6934 ], [ -70.6108, 43.6928 ], [ -70.6117, 43.6899 ], [ -70.6117, 43.688 ], [ -70.6128, 43.6858 ], [ -70.6122, 43.6838 ], [ -70.6113, 43.6827 ], [ -70.6081, 43.6811 ], [ -70.6071, 43.68 ], [ -70.6059, 43.676 ], [ -70.6072, 43.6742 ], [ -70.6073, 43.6728 ], [ -70.6046, 43.6699 ], [ -70.6029, 43.6661 ], [ -70.6002, 43.6637 ], [ -70.5984, 43.661 ], [ -70.5971, 43.6565 ], [ -70.5962, 43.6481 ], [ -70.5963, 43.6447 ], [ -70.5928, 43.6391 ], [ -70.5921, 43.6373 ], [ -70.5924, 43.6304 ], [ -70.5919, 43.628 ], [ -70.5901, 43.6263 ], [ -70.5859, 43.6243 ], [ -70.5822, 43.6204 ], [ -70.5747, 43.6163 ], [ -70.5699, 43.6151 ], [ -70.5651, 43.6161 ], [ -70.5598, 43.6144 ], [ -70.5557, 43.6142 ], [ -70.5514, 43.6124 ], [ -70.5513, 43.6111 ], [ -70.5535, 43.6094 ], [ -70.5552, 43.6046 ], [ -70.5541, 43.5989 ], [ -70.5541, 43.5937 ], [ -70.5537, 43.5906 ], [ -70.554, 43.59 ], [ -70.557, 43.588 ], [ -70.5583, 43.5861 ], [ -70.5632, 43.5874 ], [ -70.5707, 43.5901 ], [ -70.5751, 43.591 ], [ -70.5811, 43.5943 ], [ -70.5826, 43.5948 ], [ -70.5837, 43.5948 ], [ -70.5847, 43.594 ], [ -70.5859, 43.5915 ], [ -70.587, 43.5905 ], [ -70.587, 43.5896 ], [ -70.5883, 43.5891 ], [ -70.5894, 43.5893 ], [ -70.5907, 43.5891 ], [ -70.5915, 43.5877 ], [ -70.5947, 43.585 ], [ -70.5956, 43.5832 ], [ -70.595, 43.5823 ], [ -70.5964, 43.5815 ], [ -70.5961, 43.5794 ], [ -70.5966, 43.5788 ], [ -70.5977, 43.5785 ], [ -70.5979, 43.5777 ], [ -70.5996, 43.5772 ], [ -70.6029, 43.5751 ], [ -70.6045, 43.5735 ], [ -70.6064, 43.5708 ], [ -70.609, 43.5698 ], [ -70.6093, 43.5691 ], [ -70.6082, 43.5676 ], [ -70.6084, 43.5664 ], [ -70.608, 43.5658 ], [ -70.6093, 43.5653 ], [ -70.6097, 43.5643 ], [ -70.611, 43.564 ], [ -70.6127, 43.5629 ], [ -70.6135, 43.5629 ], [ -70.6139, 43.562 ], [ -70.6149, 43.5616 ], [ -70.617, 43.5622 ], [ -70.6182, 43.5616 ], [ -70.6187, 43.5618 ], [ -70.6191, 43.5614 ], [ -70.6204, 43.5613 ], [ -70.6222, 43.5615 ], [ -70.6226, 43.562 ], [ -70.6249, 43.5626 ], [ -70.6249, 43.5632 ], [ -70.6259, 43.5642 ], [ -70.6268, 43.5642 ], [ -70.6292, 43.5654 ], [ -70.6319, 43.5651 ], [ -70.6343, 43.566 ], [ -70.6436, 43.5757 ], [ -70.6478, 43.5825 ], [ -70.6735, 43.634 ], [ -70.6836, 43.6559 ], [ -70.6335, 43.7039 ] ] ] } },
{ "type": "Feature", "properties": { "GEOIDFQ": "1400000US23007971000", "NAME": "9710", "NAMELSAD": "Census Tract 9710" }, "geometry": { "type": "Polygon", "coordinates": [ [ [ -70.2575, 44.8465 ], [ -70.2546, 44.8355 ], [ -70.1555, 44.8469 ], [ -70.0333, 44.8645 ], [ -70.0255, 44.8307 ], [ -70.0323, 44.8298 ], [ -70.0271, 44.8091 ], [ -70.0207, 44.8098 ], [ -70.0156, 44.7869 ], [ -70.0032, 44.7883 ], [ -70.0008, 44.7738 ], [ -70.0038, 44.7735 ], [ -70.0007, 44.759 ], [ -70.0135, 44.7577 ], [ -70.003, 44.7089 ], [ -70.0095, 44.7081 ], [ -70.0088, 44.7048 ], [ -70.0221, 44.7033 ], [ -70.0229, 44.7046 ], [ -70.0256, 44.7043 ], [ -70.027, 44.7028 ], [ -70.0494, 44.7003 ], [ -70.0772, 44.7147 ], [ -70.0874, 44.7047 ], [ -70.0975, 44.7427 ], [ -70.1115, 44.7412 ], [ -70.1158, 44.7603 ], [ -70.1354, 44.7586 ], [ -70.1303, 44.7391 ], [ -70.1711, 44.7347 ], [ -70.1714, 44.7361 ], [ -70.1919, 44.7339 ], [ -70.1915, 44.7328 ], [ -70.1924, 44.7327 ], [ -70.2294, 44.7281 ], [ -70.2211, 44.6958 ], [ -70.2074, 44.6722 ], [ -70.2415, 44.6614 ], [ -70.2416, 44.6604 ], [ -70.2424, 44.6597 ], [ -70.2427, 44.6556 ], [ -70.2433, 44.6541 ], [ -70.2441, 44.6542 ], [ -70.246, 44.6557 ], [ -70.2464, 44.6564 ], [ -70.247, 44.6565 ], [ -70.2484, 44.6559 ], [ -70.2515, 44.658 ], [ -70.3169, 44.6376 ], [ -70.3965, 44.801 ], [ -70.2575, 44.8465 ] ] ] } },
{ "type": "Feature", "properties": { "GEOIDFQ": "1400000US23007971300", "NAME": "9713", "NAMELSAD": "Census Tract 9713" }, "geometry": { "type": "Polygon", "coordinates": [ [ [ -70.3169, 44.6376 ], [ -70.2515, 44.658 ], [ -70.2484, 44.6559 ], [ -70.247, 44.6565 ], [ -70.2464, 44.6564 ], [ -70.246, 44.6557 ], [ -70.2441, 44.6542 ], [ -70.2433, 44.6541 ], [ -70.2427, 44.6556 ], [ -70.2424, 44.6597 ], [ -70.2416, 44.6604 ], [ -70.2415, 44.6614 ], [ -70.2074, 44.6722 ], [ -70.1972, 44.6546 ], [ -70.1698, 44.6257 ], [ -70.1574, 44.6126 ], [ -70.1345, 44.5952 ], [ -70.1525, 44.5893 ], [ -70.2778, 44.5731 ], [ -70.2807, 44.5696 ], [ -70.3476, 44.5802 ], [ -70.3169, 44.6376 ] ] ] } },
{ "type": "Feature", "properties": { "GEOIDFQ": "1400000US23007971100", "NAME": "9711", "NAMELSAD": "Census Tract 9711" }, "geometry": { "type": "Polygon", "coordinates": [ [ [ -70.1345, 44.5952 ], [ -70.1257, 44.5898 ], [ -70.0956, 44.6038 ], [ -70.0949, 44.6038 ], [ -70.0938, 44.605 ], [ -70.0947, 44.6068 ], [ -70.0938, 44.6079 ], [ -70.0939, 44.6093 ], [ -70.0905, 44.6116 ], [ -70.0891, 44.6111 ], [ -70.0876, 44.6111 ], [ -70.0875, 44.6122 ], [ -70.086, 44.6137 ], [ -70.0855, 44.6139 ], [ -70.0844, 44.6136 ], [ -70.0844, 44.6148 ], [ -70.0836, 44.6153 ], [ -70.0824, 44.6154 ], [ -70.0815, 44.617 ], [ -70.0784, 44.6199 ], [ -70.0776, 44.6202 ], [ -70.0753, 44.62 ], [ -70.0721, 44.6206 ], [ -70.0678, 44.62 ], [ -70.0658, 44.6201 ], [ -70.0874, 44.7047 ], [ -70.0772, 44.7147 ], [ -70.0494, 44.7003 ], [ -70.027, 44.7028 ], [ -70.0256, 44.7043 ], [ -70.0229, 44.7046 ], [ -70.0221, 44.7033 ], [ -70.0088, 44.7048 ], [ -70.0095, 44.7081 ], [ -70.003, 44.7089 ], [ -69.9962, 44.6775 ], [ -69.9601, 44.6812 ], [ -69.9596, 44.6801 ], [ -69.9606, 44.6782 ], [ -69.9613, 44.6776 ], [ -69.964, 44.6765 ], [ -69.9651, 44.6747 ], [ -69.9643, 44.6739 ], [ -69.9616, 44.6732 ], [ -69.9609, 44.6728 ], [ -69.9589, 44.6703 ], [ -69.9582, 44.6679 ], [ -69.9587, 44.6658 ], [ -69.9587, 44.6626 ], [ -69.9596, 44.6609 ], [ -69.9612, 44.6604 ], [ -69.9637, 44.6607 ], [ -69.9663, 44.6629 ], [ -69.9678, 44.6627 ], [ -69.9688, 44.6615 ], [ -69.9676, 44.6596 ], [ -69.9676, 44.6585 ], [ -69.9471, 44.648 ], [ -69.9277, 44.6041 ], [ -69.9535, 44.5747 ], [ -69.9929, 44.5809 ], [ -70.0402, 44.5887 ], [ -70.0375, 44.5836 ], [ -70.039, 44.5811 ], [ -70.0393, 44.5797 ], [ -70.0399, 44.5797 ], [ -70.0395, 44.5785 ], [ -70.0404, 44.5781 ], [ -70.04, 44.5775 ], [ -70.0413, 44.5773 ], [ -70.0408, 44.5766 ], [ -70.0412, 44.5759 ], [ -70.0403, 44.5743 ], [ -70.0415, 44.5733 ], [ -70.0411, 44.5714 ], [ -70.0424, 44.571 ], [ -70.0425, 44.5705 ], [ -70.0436, 44.5699 ], [ -70.0433, 44.5696 ], [ -70.0435, 44.569 ], [ -70.0445, 44.5676 ], [ -70.0462, 44.5677 ], [ -70.0459, 44.566 ], [ -70.0482, 44.5649 ], [ -70.0488, 44.564 ], [ -70.0488, 44.5622 ], [ -70.0508, 44.5607 ], [ -70.051, 44.5603 ], [ -70.0506, 44.5596 ], [ -70.0521, 44.5583 ], [ -70.0518, 44.5573 ], [ -70.0528, 44.5572 ], [ -70.0545, 44.556 ], [ -70.0548, 44.5553 ], [ -70.0543, 44.5547 ], [ -70.0551, 44.5528 ], [ -70.0585, 44.5525 ], [ -70.0579, 44.5519 ], [ -70.0598, 44.5495 ], [ -70.0595, 44.549 ], [ -70.0598, 44.5483 ], [ -70.0592, 44.5471 ], [ -70.0601, 44.5469 ], [ -70.0598, 44.5462 ], [ -70.0606, 44.5463 ], [ -70.0608, 44.5458 ], [ -70.0601, 44.5453 ], [ -70.061, 44.545 ], [ -70.0609, 44.5446 ], [ -70.0616, 44.544 ], [ -70.0622, 44.5441 ], [ -70.0629, 44.5437 ], [ -70.0628, 44.5434 ], [ -70.0638, 44.5424 ], [ -70.0638, 44.5411 ], [ -70.0647, 44.5408 ], [ -70.0648, 44.54 ], [ -70.0654, 44.5398 ], [ -70.0653, 44.5391 ], [ -70.0674, 44.5385 ], [ -70.0688, 44.5368 ], [ -70.0694, 44.5364 ], [ -70.0701, 44.5364 ], [ -70.0702, 44.5359 ], [ -70.0708, 44.5359 ], [ -70.0706, 44.5352 ], [ -70.0712, 44.535 ], [ -70.071, 44.5343 ], [ -70.0714, 44.5338 ], [ -70.0714, 44.5326 ], [ -70.072, 44.5323 ], [ -70.0716, 44.5313 ], [ -70.0725, 44.5302 ], [ -70.0719, 44.5298 ], [ -70.0722, 44.5293 ], [ -70.0414, 44.5141 ], [ -70.0407, 44.5151 ], [ -70.04, 44.5132 ], [ -70.0375, 44.5107 ], [ -70.0369, 44.5089 ], [ -70.0355, 44.5081 ], [ -70.0372, 44.5048 ], [ -70.0371, 44.502 ], [ -70.0379, 44.5002 ], [ -70.0389, 44.4997 ], [ -70.0423, 44.4945 ], [ -70.0439, 44.4943 ], [ -70.0452, 44.4948 ], [ -70.0458, 44.4941 ], [ -70.0464, 44.4909 ], [ -70.0458, 44.4905 ], [ -70.0445, 44.4905 ], [ -70.044, 44.4897 ], [ -70.0429, 44.4893 ], [ -70.0423, 44.4887 ], [ -70.042, 44.4873 ], [ -70.0423, 44.4852 ], [ -70.1294, 44.4872 ], [ -70.1396, 44.5382 ], [ -70.1525, 44.5893 ], [ -70.1345, 44.5952 ] ] ] } },
{ "type": "Feature", "properties": { "GEOIDFQ": "1400000US23007971400", "NAME": "9714", "NAMELSAD": "Census Tract 9714" }, "geometry": { "type": "Polygon", "coordinates": [ [ [ -70.2778, 44.5731 ], [ -70.1525, 44.5893 ], [ -70.1396, 44.5382 ], [ -70.1294, 44.4872 ], [ -70.1874, 44.48 ], [ -70.2013, 44.478 ], [ -70.2389, 44.4589 ], [ -70.2406, 44.4665 ], [ -70.2509, 44.5034 ], [ -70.2694, 44.5012 ], [ -70.2706, 44.5062 ], [ -70.2809, 44.5051 ], [ -70.2899, 44.5402 ], [ -70.3077, 44.5379 ], [ -70.2778, 44.5731 ] ] ] } },
{ "type": "Feature", "properties": { "GEOIDFQ": "1400000US23031031000", "NAME": "310", "NAMELSAD": "Census Tract 310" }, "geometry": { "type": "Polygon", "coordinates": [ [ [ -70.9872, 43.3935 ], [ -70.985, 43.3944 ], [ -70.9827, 43.3946 ], [ -70.9823, 43.3983 ], [ -70.9828, 43.3994 ], [ -70.9856, 43.4016 ], [ -70.9857, 43.4027 ], [ -70.9865, 43.404 ], [ -70.9867, 43.4065 ], [ -70.9859, 43.4105 ], [ -70.9867, 43.4111 ], [ -70.9871, 43.412 ], [ -70.9868, 43.4138 ], [ -70.9813, 43.4209 ], [ -70.9756, 43.4219 ], [ -70.971, 43.4256 ], [ -70.9692, 43.4276 ], [ -70.9685, 43.4293 ], [ -70.9694, 43.4326 ], [ -70.969, 43.4344 ], [ -70.9682, 43.435 ], [ -70.963, 43.4365 ], [ -70.9613, 43.4377 ], [ -70.9609, 43.4389 ], [ -70.9609, 43.4412 ], [ -70.9615, 43.4432 ], [ -70.9659, 43.4478 ], [ -70.9666, 43.4513 ], [ -70.9663, 43.4533 ], [ -70.9642, 43.4561 ], [ -70.9632, 43.4581 ], [ -70.9618, 43.4635 ], [ -70.9603, 43.4662 ], [ -70.9611, 43.4692 ], [ -70.9639, 43.4717 ], [ -70.9646, 43.4733 ], [ -70.9657, 43.4728 ], [ -70.9672, 43.4738 ], [ -70.9676, 43.4732 ], [ -70.9688, 43.4738 ], [ -70.9696, 43.4737 ], [ -70.9698, 43.4732 ], [ -70.9703, 43.4731 ], [ -70.9709, 43.4742 ], [ -70.973, 43.4752 ], [ -70.9724, 43.4755 ], [ -70.9737, 43.4764 ], [ -70.9737, 43.4772 ], [ -70.9742, 43.4774 ], [ -70.9754, 43.477 ], [ -70.9753, 43.4778 ], [ -70.976, 43.4783 ], [ -70.9752, 43.4787 ], [ -70.9735, 43.4781 ], [ -70.9732, 43.4788 ], [ -70.9728, 43.4783 ], [ -70.9721, 43.4783 ], [ -70.972, 43.479 ], [ -70.9715, 43.4789 ], [ -70.9705, 43.4796 ], [ -70.9698, 43.4797 ], [ -70.9703, 43.4802 ], [ -70.9697, 43.4806 ], [ -70.9432, 43.4613 ], [ -70.9357, 43.4639 ], [ -70.926, 43.4556 ], [ -70.9051, 43.4702 ], [ -70.9003, 43.4658 ], [ -70.8721, 43.4691 ], [ -70.8568, 43.4563 ], [ -70.8599, 43.4542 ], [ -70.8352, 43.4362 ], [ -70.8478, 43.4276 ], [ -70.8135, 43.4016 ], [ -70.8461, 43.3788 ], [ -70.8572, 43.3724 ], [ -70.9202, 43.3277 ], [ -70.9228, 43.3259 ], [ -70.9231, 43.3262 ], [ -70.9241, 43.3257 ], [ -70.9258, 43.3258 ], [ -70.9264, 43.3264 ], [ -70.9244, 43.3268 ], [ -70.9243, 43.3274 ], [ -70.9304, 43.3291 ], [ -70.9311, 43.3298 ], [ -70.9317, 43.331 ], [ -70.9312, 43.3316 ], [ -70.9318, 43.3328 ], [ -70.9312, 43.3333 ], [ -70.932, 43.3335 ], [ -70.9321, 43.3343 ], [ -70.9333, 43.3347 ], [ -70.934, 43.3354 ], [ -70.9334, 43.3358 ], [ -70.932, 43.3354 ], [ -70.9311, 43.3356 ], [ -70.9308, 43.336 ], [ -70.9312, 43.3365 ], [ -70.9328, 43.3372 ], [ -70.9375, 43.3375 ], [ -70.9386, 43.337 ], [ -70.9401, 43.3354 ], [ -70.9447, 43.3351 ], [ -70.9454, 43.3358 ], [ -70.9462, 43.336 ], [ -70.9468, 43.3347 ], [ -70.9501, 43.3357 ], [ -70.9509, 43.335 ], [ -70.952, 43.3349 ], [ -70.9525, 43.3346 ], [ -70.9525, 43.3334 ], [ -70.9547, 43.3342 ], [ -70.9559, 43.334 ], [ -70.9569, 43.3347 ], [ -70.9576, 43.3383 ], [ -70.9595, 43.341 ], [ -70.9603, 43.3415 ], [ -70.9624, 43.3418 ], [ -70.9629, 43.3416 ], [ -70.9627, 43.341 ], [ -70.9634, 43.3409 ], [ -70.9643, 43.3432 ], [ -70.9667, 43.3432 ], [ -70.968, 43.3446 ], [ -70.9688, 43.3464 ], [ -70.9674, 43.347 ], [ -70.9665, 43.3478 ], [ -70.9674, 43.3492 ], [ -70.9709, 43.3505 ], [ -70.971, 43.3491 ], [ -70.9714, 43.3488 ], [ -70.9725, 43.3483 ], [ -70.973, 43.3488 ], [ -70.9735, 43.3499 ], [ -70.9727, 43.3503 ], [ -70.9728, 43.3528 ], [ -70.972, 43.3546 ], [ -70.974, 43.3558 ], [ -70.976, 43.3584 ], [ -70.9769, 43.3586 ], [ -70.9777, 43.3582 ], [ -70.9782, 43.3587 ], [ -70.9766, 43.3611 ], [ -70.9749, 43.3623 ], [ -70.9746, 43.3636 ], [ -70.9765, 43.3672 ], [ -70.979, 43.3687 ], [ -70.981, 43.3707 ], [ -70.9808, 43.3722 ], [ -70.981, 43.3734 ], [ -70.9821, 43.3751 ], [ -70.9835, 43.3763 ], [ -70.9827, 43.3778 ], [ -70.9857, 43.3792 ], [ -70.9863, 43.3822 ], [ -70.9855, 43.3863 ], [ -70.9879, 43.3902 ], [ -70.9872, 43.3935 ] ] ] } },
{ "type": "Feature", "properties": { "GEOIDFQ": "1400000US23031030300", "NAME": "303", "NAMELSAD": "Census Tract 303" }, "geometry": { "type": "Polygon", "coordinates": [ [ [ -70.7581, 43.3913 ], [ -70.7513, 43.3915 ], [ -70.7471, 43.3929 ], [ -70.7449, 43.3944 ], [ -70.7416, 43.3978 ], [ -70.7391, 43.3992 ], [ -70.7426, 43.4091 ], [ -70.7423, 43.4132 ], [ -70.7414, 43.4151 ], [ -70.7352, 43.4215 ], [ -70.7333, 43.4244 ], [ -70.7328, 43.4275 ], [ -70.7336, 43.4338 ], [ -70.7322, 43.4401 ], [ -70.7309, 43.4435 ], [ -70.7286, 43.4431 ], [ -70.7266, 43.4435 ], [ -70.7257, 43.444 ], [ -70.7247, 43.4457 ], [ -70.7232, 43.4456 ], [ -70.7194, 43.447 ], [ -70.7191, 43.4475 ], [ -70.7182, 43.4478 ], [ -70.7178, 43.4488 ], [ -70.7157, 43.4496 ], [ -70.7144, 43.4509 ], [ -70.7117, 43.4504 ], [ -70.7106, 43.4508 ], [ -70.7095, 43.4505 ], [ -70.7096, 43.4495 ], [ -70.7102, 43.4489 ], [ -70.7099, 43.447 ], [ -70.7091, 43.4466 ], [ -70.7069, 43.4463 ], [ -70.7055, 43.4455 ], [ -70.7042, 43.443 ], [ -70.7039, 43.4411 ], [ -70.7005, 43.4386 ], [ -70.6967, 43.4351 ], [ -70.6949, 43.4345 ], [ -70.6919, 43.4345 ], [ -70.6891, 43.4323 ], [ -70.6857, 43.4307 ], [ -70.6821, 43.4278 ], [ -70.6773, 43.4254 ], [ -70.6735, 43.4243 ], [ -70.6696, 43.4238 ], [ -70.6668, 43.4231 ], [ -70.6612, 43.4204 ], [ -70.6601, 43.4189 ], [ -70.6573, 43.4183 ], [ -70.6563, 43.4174 ], [ -70.6553, 43.417 ], [ -70.6538, 43.4175 ], [ -70.6521, 43.4172 ], [ -70.6509, 43.4174 ], [ -70.6494, 43.4194 ], [ -70.6469, 43.4205 ], [ -70.6447, 43.4202 ], [ -70.6426, 43.4204 ], [ -70.6856, 43.3748 ], [ -70.7242, 43.3349 ], [ -70.7343, 43.3592 ], [ -70.7366, 43.3603 ], [ -70.7375, 43.3616 ], [ -70.7385, 43.3647 ], [ -70.7412, 43.3671 ], [ -70.7415, 43.37 ], [ -70.7412, 43.3711 ], [ -70.7404, 43.372 ], [ -70.7412, 43.3753 ], [ -70.7429, 43.3776 ], [ -70.7451, 43.3785 ], [ -70.746, 43.3794 ], [ -70.7482, 43.3793 ], [ -70.7485, 43.3801 ], [ -70.7499, 43.3813 ], [ -70.7492, 43.3852 ], [ -70.7483, 43.3855 ], [ -70.748, 43.3859 ], [ -70.7487, 43.3864 ], [ -70.7484, 43.3868 ], [ -70.7491, 43.388 ], [ -70.7518, 43.3879 ], [ -70.7521, 43.3888 ], [ -70.7541, 43.3882 ], [ -70.755, 43.3885 ], [ -70.7576, 43.3885 ], [ -70.7575, 43.3895 ], [ -70.7568, 43.3902 ], [ -70.7585, 43.3902 ], [ -70.7592, 43.3906 ], [ -70.7581, 43.3913 ] ] ] } },
{ "type": "Feature", "properties": { "GEOIDFQ": "1400000US23031022500", "NAME": "225", "NAMELSAD": "Census Tract 225" }, "geometry": { "type": "Polygon", "coordinates": [ [ [ -70.9869, 43.793 ], [ -70.9831, 43.7937 ], [ -70.9819, 43.7935 ], [ -70.9788, 43.7918 ], [ -70.9744, 43.7864 ], [ -70.9723, 43.7852 ], [ -70.9707, 43.785 ], [ -70.9678, 43.7855 ], [ -70.9658, 43.7875 ], [ -70.9645, 43.7881 ], [ -70.9637, 43.7879 ], [ -70.9628, 43.7868 ], [ -70.9605, 43.7855 ], [ -70.9575, 43.7851 ], [ -70.9528, 43.7867 ], [ -70.9474, 43.791 ], [ -70.9426, 43.7923 ], [ -70.9409, 43.7923 ], [ -70.9384, 43.791 ], [ -70.9356, 43.79 ], [ -70.9294, 43.7899 ], [ -70.9271, 43.7903 ], [ -70.925, 43.7914 ], [ -70.9243, 43.7935 ], [ -70.9236, 43.7943 ], [ -70.9214, 43.7959 ], [ -70.9188, 43.7967 ], [ -70.9146, 43.799 ], [ -70.9127, 43.8009 ], [ -70.9104, 43.801 ], [ -70.9081, 43.8016 ], [ -70.9056, 43.8015 ], [ -70.8992, 43.8023 ], [ -70.8964, 43.8038 ], [ -70.8943, 43.8044 ], [ -70.8897, 43.8069 ], [ -70.8845, 43.808 ], [ -70.8826, 43.8103 ], [ -70.8809, 43.8108 ], [ -70.879, 43.8107 ], [ -70.8782, 43.8097 ], [ -70.8759, 43.8083 ], [ -70.8728, 43.8082 ], [ -70.8696, 43.8068 ], [ -70.8655, 43.8066 ], [ -70.8655, 43.8072 ], [ -70.8648, 43.8079 ], [ -70.8625, 43.8077 ], [ -70.861, 43.8069 ], [ -70.8609, 43.8064 ], [ -70.8617, 43.8049 ], [ -70.8613, 43.8047 ], [ -70.8595, 43.8052 ], [ -70.8554, 43.8054 ], [ -70.8542, 43.8053 ], [ -70.853, 43.8045 ], [ -70.8496, 43.8066 ], [ -70.8476, 43.8068 ], [ -70.8462, 43.8075 ], [ -70.8436, 43.8074 ], [ -70.8429, 43.8091 ], [ -70.8408, 43.81 ], [ -70.834, 43.8095 ], [ -70.8302, 43.8089 ], [ -70.8292, 43.8083 ], [ -70.8281, 43.8069 ], [ -70.8273, 43.8067 ], [ -70.8265, 43.8068 ], [ -70.8249, 43.8076 ], [ -70.8219, 43.8072 ], [ -70.8194, 43.8097 ], [ -70.8164, 43.8112 ], [ -70.815, 43.8115 ], [ -70.814, 43.8114 ], [ -70.8119, 43.8105 ], [ -70.8116, 43.8097 ], [ -70.8121, 43.8085 ], [ -70.8112, 43.8075 ], [ -70.8099, 43.8078 ], [ -70.81, 43.8096 ], [ -70.8097, 43.8101 ], [ -70.8089, 43.8102 ], [ -70.8071, 43.8098 ], [ -70.8057, 43.8084 ], [ -70.8048, 43.808 ], [ -70.8039, 43.8082 ], [ -70.8028, 43.8094 ], [ -70.8023, 43.8095 ], [ -70.7997, 43.8082 ], [ -70.7988, 43.8064 ], [ -70.7978, 43.8062 ], [ -70.7965, 43.8067 ], [ -70.7983, 43.8084 ], [ -70.7974, 43.8097 ], [ -70.7946, 43.8102 ], [ -70.7933, 43.8117 ], [ -70.7923, 43.812 ], [ -70.7913, 43.8131 ], [ -70.7883, 43.8143 ], [ -70.7856, 43.8134 ], [ -70.783, 43.8141 ], [ -70.7812, 43.8119 ], [ -70.7817, 43.8093 ], [ -70.7811, 43.8072 ], [ -70.7811, 43.8054 ], [ -70.7803, 43.8035 ], [ -70.7793, 43.8027 ], [ -70.7769, 43.8018 ], [ -70.7751, 43.8007 ], [ -70.7678, 43.7936 ], [ -70.7661, 43.7924 ], [ -70.7632, 43.7734 ], [ -70.7699, 43.7575 ], [ -70.7813, 43.7357 ], [ -70.8394, 43.7092 ], [ -70.8381, 43.6754 ], [ -70.8745, 43.6746 ], [ -70.9793, 43.6732 ], [ -70.9818, 43.6998 ], [ -70.9821, 43.712 ], [ -70.9852, 43.7559 ], [ -70.9871, 43.771 ], [ -70.9891, 43.7921 ], [ -70.9869, 43.793 ] ] ] } },
{ "type": "Feature", "properties": { "GEOIDFQ": "1400000US23031038001", "NAME": "380.01", "NAMELSAD": "Census Tract 380.01" }, "geometry": { "type": "Polygon", "coordinates": [ [ [ -70.752, 43.0811 ], [ -70.7497, 43.0815 ], [ -70.7489, 43.0824 ], [ -70.7492, 43.0829 ], [ -70.7514, 43.0828 ], [ -70.7499, 43.0855 ], [ -70.7501, 43.0863 ], [ -70.7476, 43.093 ], [ -70.7437, 43.1006 ], [ -70.7431, 43.104 ], [ -70.7434, 43.1039 ], [ -70.7425, 43.1054 ], [ -70.741, 43.1068 ], [ -70.7311, 43.1142 ], [ -70.7169, 43.123 ], [ -70.7136, 43.1208 ], [ -70.7102, 43.1193 ], [ -70.6991, 43.116 ], [ -70.7007, 43.1146 ], [ -70.7036, 43.1106 ], [ -70.7083, 43.1066 ], [ -70.7054, 43.105 ], [ -70.703, 43.1042 ], [ -70.6997, 43.1021 ], [ -70.6946, 43.1059 ], [ -70.6914, 43.1091 ], [ -70.6867, 43.111 ], [ -70.6856, 43.1118 ], [ -70.6841, 43.1135 ], [ -70.6831, 43.1157 ], [ -70.6811, 43.1182 ], [ -70.6794, 43.1194 ], [ -70.6704, 43.1139 ], [ -70.6705, 43.112 ], [ -70.6698, 43.1114 ], [ -70.67, 43.1104 ], [ -70.6696, 43.1099 ], [ -70.6685, 43.1093 ], [ -70.6682, 43.1086 ], [ -70.6669, 43.1075 ], [ -70.6647, 43.1062 ], [ -70.6642, 43.105 ], [ -70.6617, 43.104 ], [ -70.6626, 43.1019 ], [ -70.6624, 43.1012 ], [ -70.6468, 43.0971 ], [ -70.6663, 43.0629 ], [ -70.6665, 43.0541 ], [ -70.6566, 43.0475 ], [ -70.6399, 43.0374 ], [ -70.6247, 43.0286 ], [ -70.6135, 43.0225 ], [ -70.6037, 43.0147 ], [ -70.5967, 43.0069 ], [ -70.5963, 43.0041 ], [ -70.598, 43.0011 ], [ -70.5983, 42.9928 ], [ -70.598, 42.9852 ], [ -70.5985, 42.9818 ], [ -70.6062, 42.9729 ], [ -70.6112, 42.979 ], [ -70.612, 42.9795 ], [ -70.6137, 42.98 ], [ -70.6191, 42.9807 ], [ -70.6235, 42.9819 ], [ -70.6269, 42.9832 ], [ -70.6307, 42.9853 ], [ -70.7012, 43.0452 ], [ -70.7063, 43.0753 ], [ -70.738, 43.0737 ], [ -70.7408, 43.0768 ], [ -70.7419, 43.0775 ], [ -70.7465, 43.0787 ], [ -70.7526, 43.0796 ], [ -70.752, 43.0811 ] ] ] } },
{ "type": "Feature", "properties": { "GEOIDFQ": "1400000US23031025300", "NAME": "253", "NAMELSAD": "Census Tract 253" }, "geometry": { "type": "Polygon", "coordinates": [ [ [ -70.4806, 43.456 ], [ -70.477, 43.457 ], [ -70.4725, 43.4593 ], [ -70.4705, 43.4624 ], [ -70.459, 43.474 ], [ -70.4561, 43.4721 ], [ -70.4554, 43.4725 ], [ -70.4514, 43.4734 ], [ -70.4503, 43.4747 ], [ -70.4507, 43.4772 ], [ -70.4465, 43.4793 ], [ -70.4449, 43.4808 ], [ -70.444, 43.4808 ], [ -70.4434, 43.4815 ], [ -70.4425, 43.4814 ], [ -70.4428, 43.4826 ], [ -70.4423, 43.4836 ], [ -70.4422, 43.4851 ], [ -70.4407, 43.4851 ], [ -70.4393, 43.4861 ], [ -70.4386, 43.4862 ], [ -70.4384, 43.4873 ], [ -70.4376, 43.4877 ], [ -70.4352, 43.4901 ], [ -70.4336, 43.4889 ], [ -70.4332, 43.4879 ], [ -70.4337, 43.4858 ], [ -70.4324, 43.4843 ], [ -70.4312, 43.484 ], [ -70.4265, 43.4839 ], [ -70.4211, 43.483 ], [ -70.4197, 43.4822 ], [ -70.4183, 43.4806 ], [ -70.4172, 43.4799 ], [ -70.4105, 43.4789 ], [ -70.4108, 43.4763 ], [ -70.4095, 43.4752 ], [ -70.408, 43.4746 ], [ -70.4085, 43.4738 ], [ -70.4085, 43.4729 ], [ -70.4091, 43.4727 ], [ -70.4089, 43.4717 ], [ -70.411, 43.4714 ], [ -70.4073, 43.4678 ], [ -70.3946, 43.4611 ], [ -70.3932, 43.46 ], [ -70.3843, 43.4459 ], [ -70.3787, 43.4385 ], [ -70.3782, 43.4368 ], [ -70.3784, 43.4352 ], [ -70.3841, 43.4275 ], [ -70.3865, 43.4257 ], [ -70.3885, 43.4249 ], [ -70.3905, 43.4247 ], [ -70.3977, 43.4255 ], [ -70.3995, 43.4254 ], [ -70.4048, 43.4232 ], [ -70.4064, 43.4221 ], [ -70.4076, 43.4206 ], [ -70.4363, 43.4332 ], [ -70.482, 43.455 ], [ -70.4806, 43.456 ] ] ] } },
{ "type": "Feature", "properties": { "GEOIDFQ": "1400000US23031025400", "NAME": "254", "NAMELSAD": "Census Tract 254" }, "geometry": { "type": "Polygon", "coordinates": [ [ [ -70.4089, 43.4717 ], [ -70.4091, 43.4727 ], [ -70.4085, 43.4729 ], [ -70.4085, 43.4738 ], [ -70.408, 43.4746 ], [ -70.4009, 43.474 ], [ -70.4, 43.4736 ], [ -70.3986, 43.4724 ], [ -70.3945, 43.4656 ], [ -70.3925, 43.4638 ], [ -70.3909, 43.4631 ], [ -70.3863, 43.4622 ], [ -70.3792, 43.4614 ], [ -70.3745, 43.461 ], [ -70.3142, 43.4635 ], [ -70.3329, 43.4376 ], [ -70.3347, 43.437 ], [ -70.3369, 43.4367 ], [ -70.3534, 43.4366 ], [ -70.3562, 43.4362 ], [ -70.367, 43.4344 ], [ -70.3699, 43.4324 ], [ -70.3748, 43.4271 ], [ -70.376, 43.4245 ], [ -70.3761, 43.423 ], [ -70.3771, 43.4205 ], [ -70.3804, 43.4173 ], [ -70.3808, 43.4164 ], [ -70.3794, 43.4128 ], [ -70.3809, 43.4099 ], [ -70.3931, 43.3963 ], [ -70.3952, 43.3945 ], [ -70.3977, 43.3932 ], [ -70.401, 43.3926 ], [ -70.4035, 43.3942 ], [ -70.403, 43.3991 ], [ -70.3991, 43.4013 ], [ -70.3969, 43.407 ], [ -70.3974, 43.4084 ], [ -70.3971, 43.4094 ], [ -70.3959, 43.4106 ], [ -70.3926, 43.4114 ], [ -70.3924, 43.4131 ], [ -70.3903, 43.4132 ], [ -70.3913, 43.4155 ], [ -70.3908, 43.4164 ], [ -70.3917, 43.4168 ], [ -70.3918, 43.4178 ], [ -70.3927, 43.4189 ], [ -70.393, 43.4191 ], [ -70.3937, 43.4186 ], [ -70.3938, 43.4189 ], [ -70.3938, 43.4201 ], [ -70.393, 43.42 ], [ -70.3929, 43.421 ], [ -70.3934, 43.4215 ], [ -70.393, 43.4221 ], [ -70.395, 43.4225 ], [ -70.3977, 43.4218 ], [ -70.3984, 43.422 ], [ -70.399, 43.4214 ], [ -70.4012, 43.4205 ], [ -70.4031, 43.4204 ], [ -70.4055, 43.4197 ], [ -70.4064, 43.4198 ], [ -70.4076, 43.4206 ], [ -70.4055, 43.4228 ], [ -70.4001, 43.4252 ], [ -70.3977, 43.4255 ], [ -70.3901, 43.4247 ], [ -70.3883, 43.425 ], [ -70.386, 43.4259 ], [ -70.3841, 43.4275 ], [ -70.379, 43.4341 ], [ -70.3783, 43.4355 ], [ -70.3782, 43.4371 ], [ -70.3789, 43.4388 ], [ -70.3843, 43.4459 ], [ -70.3934, 43.4603 ], [ -70.4073, 43.4678 ], [ -70.411, 43.4714 ], [ -70.4089, 43.4717 ] ] ] } },
{ "type": "Feature", "properties": { "GEOIDFQ": "1400000US23031036002", "NAME": "360.02", "NAMELSAD": "Census Tract 360.02" }, "geometry": { "type": "Polygon", "coordinates": [ [ [ -70.7554, 43.1967 ], [ -70.7545, 43.1976 ], [ -70.6529, 43.2609 ], [ -70.5997, 43.2371 ], [ -70.5814, 43.2293 ], [ -70.5774, 43.2281 ], [ -70.5742, 43.2243 ], [ -70.5734, 43.2213 ], [ -70.574, 43.2179 ], [ -70.5757, 43.2143 ], [ -70.5783, 43.2114 ], [ -70.5841, 43.2078 ], [ -70.5854, 43.2057 ], [ -70.586, 43.203 ], [ -70.5869, 43.1948 ], [ -70.5889, 43.1905 ], [ -70.5919, 43.1863 ], [ -70.5964, 43.1821 ], [ -70.5992, 43.1837 ], [ -70.6013, 43.1855 ], [ -70.6028, 43.188 ], [ -70.6033, 43.1883 ], [ -70.608, 43.1895 ], [ -70.6125, 43.1914 ], [ -70.6148, 43.1927 ], [ -70.6147, 43.1933 ], [ -70.6169, 43.1938 ], [ -70.6186, 43.1935 ], [ -70.6209, 43.194 ], [ -70.6197, 43.1918 ], [ -70.621, 43.1877 ], [ -70.6279, 43.1802 ], [ -70.6343, 43.1761 ], [ -70.637, 43.1736 ], [ -70.6428, 43.1652 ], [ -70.6643, 43.1512 ], [ -70.6716, 43.1493 ], [ -70.6852, 43.1432 ], [ -70.6918, 43.1415 ], [ -70.6949, 43.1402 ], [ -70.6993, 43.1366 ], [ -70.7024, 43.1327 ], [ -70.7448, 43.1543 ], [ -70.7574, 43.1923 ], [ -70.7554, 43.1967 ] ] ] } },
{ "type": "Feature", "properties": { "GEOIDFQ": "1400000US23031005400", "NAME": "54", "NAMELSAD": "Census Tract 54" }, "geometry": { "type": "Polygon", "coordinates": [ [ [ -70.4291, 43.4964 ], [ -70.4276, 43.4957 ], [ -70.4233, 43.4999 ], [ -70.4169, 43.502 ], [ -70.4146, 43.5035 ], [ -70.4145, 43.5029 ], [ -70.4128, 43.5012 ], [ -70.4118, 43.5006 ], [ -70.4103, 43.5002 ], [ -70.4102, 43.4997 ], [ -70.4094, 43.4995 ], [ -70.4094, 43.4991 ], [ -70.4087, 43.499 ], [ -70.408, 43.4995 ], [ -70.4074, 43.4989 ], [ -70.4066, 43.4992 ], [ -70.4046, 43.4979 ], [ -70.4041, 43.498 ], [ -70.4037, 43.4992 ], [ -70.4019, 43.4985 ], [ -70.401, 43.4992 ], [ -70.4006, 43.4982 ], [ -70.4001, 43.4981 ], [ -70.3999, 43.4985 ], [ -70.3992, 43.4984 ], [ -70.3983, 43.4971 ], [ -70.3974, 43.4977 ], [ -70.3968, 43.4977 ], [ -70.3974, 43.4965 ], [ -70.3969, 43.4962 ], [ -70.3959, 43.4961 ], [ -70.3945, 43.4968 ], [ -70.3908, 43.4961 ], [ -70.3905, 43.4966 ], [ -70.3892, 43.4965 ], [ -70.388, 43.4975 ], [ -70.3807, 43.4959 ], [ -70.3816, 43.4922 ], [ -70.3818, 43.486 ], [ -70.3798, 43.4844 ], [ -70.3724, 43.4826 ], [ -70.3607, 43.4822 ], [ -70.3567, 43.481 ], [ -70.3566, 43.4747 ], [ -70.3553, 43.4693 ], [ -70.3561, 43.466 ], [ -70.3587, 43.4641 ], [ -70.3579, 43.4618 ], [ -70.3745, 43.461 ], [ -70.3849, 43.462 ], [ -70.3909, 43.4631 ], [ -70.393, 43.4641 ], [ -70.3942, 43.4653 ], [ -70.3986, 43.4724 ], [ -70.4, 43.4736 ], [ -70.4019, 43.4742 ], [ -70.4073, 43.4745 ], [ -70.4088, 43.4749 ], [ -70.4108, 43.4763 ], [ -70.4109, 43.4771 ], [ -70.4103, 43.4784 ], [ -70.4107, 43.4791 ], [ -70.4172, 43.4799 ], [ -70.4183, 43.4806 ], [ -70.4197, 43.4822 ], [ -70.4211, 43.483 ], [ -70.4265, 43.4839 ], [ -70.4312, 43.484 ], [ -70.4324, 43.4843 ], [ -70.4337, 43.4858 ], [ -70.4332, 43.4879 ], [ -70.4336, 43.4889 ], [ -70.4352, 43.4901 ], [ -70.4291, 43.4964 ] ] ] } },
{ "type": "Feature", "properties": { "GEOIDFQ": "1400000US23031028001", "NAME": "280.01", "NAMELSAD": "Census Tract 280.01" }, "geometry": { "type": "Polygon", "coordinates": [ [ [ -70.6073, 43.4575 ], [ -70.6066, 43.4573 ], [ -70.6043, 43.458 ], [ -70.5997, 43.4579 ], [ -70.5995, 43.4571 ], [ -70.6002, 43.4562 ], [ -70.5986, 43.4562 ], [ -70.5977, 43.4555 ], [ -70.5974, 43.4565 ], [ -70.5969, 43.4568 ], [ -70.5959, 43.4566 ], [ -70.5945, 43.4556 ], [ -70.5941, 43.4556 ], [ -70.5936, 43.4564 ], [ -70.5918, 43.4565 ], [ -70.5919, 43.456 ], [ -70.5908, 43.4558 ], [ -70.5905, 43.4554 ], [ -70.5901, 43.4541 ], [ -70.5904, 43.4522 ], [ -70.5883, 43.4512 ], [ -70.588, 43.4519 ], [ -70.5871, 43.4526 ], [ -70.5843, 43.4529 ], [ -70.5835, 43.4522 ], [ -70.5825, 43.4522 ], [ -70.5828, 43.4516 ], [ -70.5815, 43.4508 ], [ -70.5796, 43.4505 ], [ -70.5798, 43.45 ], [ -70.5789, 43.4481 ], [ -70.5776, 43.448 ], [ -70.5764, 43.4466 ], [ -70.5753, 43.4471 ], [ -70.5753, 43.4476 ], [ -70.5745, 43.4481 ], [ -70.5732, 43.4479 ], [ -70.5726, 43.4482 ], [ -70.5724, 43.4475 ], [ -70.572, 43.4482 ], [ -70.5709, 43.4487 ], [ -70.5698, 43.4482 ], [ -70.5703, 43.4489 ], [ -70.5697, 43.4492 ], [ -70.5689, 43.4486 ], [ -70.5681, 43.4494 ], [ -70.5673, 43.4491 ], [ -70.5669, 43.4494 ], [ -70.5663, 43.4491 ], [ -70.5665, 43.4487 ], [ -70.5658, 43.4486 ], [ -70.5664, 43.4499 ], [ -70.5658, 43.4502 ], [ -70.5649, 43.4498 ], [ -70.5644, 43.45 ], [ -70.5631, 43.4496 ], [ -70.5609, 43.4495 ], [ -70.5609, 43.4492 ], [ -70.5619, 43.4486 ], [ -70.5599, 43.4468 ], [ -70.5576, 43.4459 ], [ -70.5576, 43.4453 ], [ -70.5587, 43.4444 ], [ -70.5575, 43.4441 ], [ -70.5576, 43.4433 ], [ -70.5584, 43.4431 ], [ -70.5582, 43.4425 ], [ -70.5566, 43.4424 ], [ -70.5567, 43.4417 ], [ -70.5561, 43.4414 ], [ -70.5566, 43.4411 ], [ -70.5566, 43.4405 ], [ -70.5552, 43.4404 ], [ -70.5583, 43.4394 ], [ -70.5584, 43.4388 ], [ -70.5572, 43.4384 ], [ -70.5553, 43.4385 ], [ -70.5541, 43.4376 ], [ -70.5567, 43.4353 ], [ -70.5562, 43.4342 ], [ -70.555, 43.4342 ], [ -70.555, 43.4337 ], [ -70.554, 43.4341 ], [ -70.5544, 43.4331 ], [ -70.553, 43.4327 ], [ -70.5535, 43.432 ], [ -70.5529, 43.4317 ], [ -70.5517, 43.4319 ], [ -70.5513, 43.4315 ], [ -70.5507, 43.4315 ], [ -70.5504, 43.4324 ], [ -70.5499, 43.4325 ], [ -70.5494, 43.4299 ], [ -70.5476, 43.4298 ], [ -70.5528, 43.4224 ], [ -70.5783, 43.3767 ], [ -70.5794, 43.3771 ], [ -70.5811, 43.3791 ], [ -70.5832, 43.3791 ], [ -70.5859, 43.3804 ], [ -70.5867, 43.3813 ], [ -70.5877, 43.3816 ], [ -70.5883, 43.3825 ], [ -70.5903, 43.3829 ], [ -70.5928, 43.3842 ], [ -70.5943, 43.3842 ], [ -70.5951, 43.3847 ], [ -70.5971, 43.3846 ], [ -70.5978, 43.385 ], [ -70.6005, 43.3844 ], [ -70.602, 43.3849 ], [ -70.6024, 43.3846 ], [ -70.603, 43.3855 ], [ -70.6051, 43.3859 ], [ -70.6057, 43.3863 ], [ -70.6066, 43.3859 ], [ -70.6077, 43.3864 ], [ -70.6098, 43.3867 ], [ -70.6108, 43.3868 ], [ -70.6126, 43.3852 ], [ -70.6135, 43.3852 ], [ -70.6149, 43.386 ], [ -70.615, 43.3855 ], [ -70.6159, 43.3855 ], [ -70.6183, 43.3862 ], [ -70.6212, 43.3863 ], [ -70.623, 43.387 ], [ -70.6258, 43.3869 ], [ -70.6263, 43.3865 ], [ -70.6275, 43.3874 ], [ -70.6281, 43.3871 ], [ -70.63, 43.3878 ], [ -70.6321, 43.3875 ], [ -70.6344, 43.3877 ], [ -70.6358, 43.3871 ], [ -70.6362, 43.3874 ], [ -70.6379, 43.3872 ], [ -70.6394, 43.3875 ], [ -70.6411, 43.3865 ], [ -70.6419, 43.3867 ], [ -70.6429, 43.3862 ], [ -70.6433, 43.3864 ], [ -70.6453, 43.3857 ], [ -70.6457, 43.3859 ], [ -70.6473, 43.3849 ], [ -70.6489, 43.3847 ], [ -70.6517, 43.3836 ], [ -70.6541, 43.384 ], [ -70.6565, 43.3824 ], [ -70.6578, 43.3835 ], [ -70.6582, 43.3847 ], [ -70.6602, 43.387 ], [ -70.6696, 43.3906 ], [ -70.6701, 43.3912 ], [ -70.6073, 43.4575 ] ] ] } },
{ "type": "Feature", "properties": { "GEOIDFQ": "1400000US23029955900", "NAME": "9559", "NAMELSAD": "Census Tract 9559" }, "geometry": { "type": "Polygon", "coordinates": [ [ [ -67.5297, 45.0001 ], [ -67.4956, 45.0096 ], [ -67.5034, 45.0231 ], [ -67.4615, 45.0353 ], [ -67.4604, 45.0335 ], [ -67.3745, 45.0597 ], [ -67.3891, 45.0759 ], [ -67.3543, 45.1131 ], [ -67.3513, 45.1117 ], [ -67.3441, 45.1195 ], [ -67.3464, 45.1204 ], [ -67.3459, 45.1221 ], [ -67.343, 45.1251 ], [ -67.3408, 45.125 ], [ -67.3305, 45.1318 ], [ -67.3208, 45.1313 ], [ -67.3177, 45.138 ], [ -67.3197, 45.1412 ], [ -67.32, 45.1424 ], [ -67.3098, 45.1437 ], [ -67.3056, 45.1448 ], [ -67.2427, 45.072 ], [ -67.1903, 45.0077 ], [ -67.1858, 45.0097 ], [ -67.1395, 44.9558 ], [ -67.1367, 44.9568 ], [ -67.1331, 44.9572 ], [ -67.1366, 44.9566 ], [ -67.1393, 44.9556 ], [ -67.1307, 44.9455 ], [ -67.1305, 44.9447 ], [ -67.1315, 44.9427 ], [ -67.1313, 44.9421 ], [ -67.1298, 44.9414 ], [ -67.128, 44.9391 ], [ -67.1257, 44.9378 ], [ -67.1166, 44.9378 ], [ -67.1108, 44.9363 ], [ -67.1096, 44.9364 ], [ -67.1081, 44.9371 ], [ -67.1068, 44.9371 ], [ -67.106, 44.9366 ], [ -67.1051, 44.9351 ], [ -67.1046, 44.9314 ], [ -67.0989, 44.92 ], [ -67.0943, 44.9164 ], [ -67.0922, 44.9154 ], [ -67.0902, 44.9151 ], [ -67.0889, 44.9144 ], [ -67.0823, 44.9084 ], [ -67.0851, 44.9084 ], [ -67.0921, 44.9058 ], [ -67.099, 44.9019 ], [ -67.1027, 44.898 ], [ -67.1074, 44.8948 ], [ -67.1098, 44.8916 ], [ -67.1114, 44.8905 ], [ -67.1148, 44.8899 ], [ -67.1197, 44.8898 ], [ -67.1236, 44.8885 ], [ -67.1245, 44.8878 ], [ -67.1257, 44.8847 ], [ -67.1276, 44.8831 ], [ -67.1288, 44.8827 ], [ -67.1286, 44.8807 ], [ -67.1295, 44.8797 ], [ -67.1339, 44.8801 ], [ -67.1465, 44.8783 ], [ -67.1743, 44.9016 ], [ -67.1958, 44.9103 ], [ -67.2045, 44.9087 ], [ -67.2057, 44.9089 ], [ -67.2078, 44.9101 ], [ -67.2095, 44.91 ], [ -67.2133, 44.9083 ], [ -67.2138, 44.9076 ], [ -67.2139, 44.906 ], [ -67.2157, 44.9053 ], [ -67.2175, 44.9052 ], [ -67.2212, 44.9064 ], [ -67.223, 44.9063 ], [ -67.2181, 44.901 ], [ -67.2109, 44.8946 ], [ -67.2027, 44.8893 ], [ -67.1981, 44.8837 ], [ -67.192, 44.8803 ], [ -67.1833, 44.8742 ], [ -67.1821, 44.8723 ], [ -67.1804, 44.8662 ], [ -67.1791, 44.8633 ], [ -67.1698, 44.8529 ], [ -67.1692, 44.8501 ], [ -67.1705, 44.8457 ], [ -67.1703, 44.8437 ], [ -67.1621, 44.8298 ], [ -67.1604, 44.8209 ], [ -67.1627, 44.8163 ], [ -67.164, 44.8086 ], [ -67.1649, 44.8063 ], [ -67.167, 44.8034 ], [ -67.1704, 44.8003 ], [ -67.1435, 44.7516 ], [ -67.292, 44.7067 ], [ -67.3233, 44.6975 ], [ -67.3525, 44.7501 ], [ -67.3784, 44.7981 ], [ -67.4035, 44.8436 ], [ -67.5181, 44.8093 ], [ -67.5429, 44.8511 ], [ -67.5858, 44.9307 ], [ -67.6118, 44.9759 ], [ -67.5297, 45.0001 ] ] ] } },
{ "type": "Feature", "properties": { "GEOIDFQ": "1400000US23031030201", "NAME": "302.01", "NAMELSAD": "Census Tract 302.01" }, "geometry": { "type": "Polygon", "coordinates": [ [ [ -70.8359, 43.4281 ], [ -70.8339, 43.4277 ], [ -70.8311, 43.4261 ], [ -70.8241, 43.433 ], [ -70.8232, 43.4356 ], [ -70.8208, 43.4383 ], [ -70.8194, 43.4418 ], [ -70.8183, 43.4434 ], [ -70.8026, 43.4596 ], [ -70.7999, 43.463 ], [ -70.7985, 43.4621 ], [ -70.7974, 43.4621 ], [ -70.7956, 43.4615 ], [ -70.7939, 43.4599 ], [ -70.7929, 43.4602 ], [ -70.7904, 43.4564 ], [ -70.7868, 43.4479 ], [ -70.7857, 43.4479 ], [ -70.7839, 43.447 ], [ -70.7813, 43.4468 ], [ -70.7783, 43.4509 ], [ -70.7806, 43.4579 ], [ -70.782, 43.4609 ], [ -70.7784, 43.4594 ], [ -70.7674, 43.4711 ], [ -70.7674, 43.4704 ], [ -70.7647, 43.4681 ], [ -70.7606, 43.4661 ], [ -70.7606, 43.4646 ], [ -70.759, 43.4616 ], [ -70.7633, 43.4576 ], [ -70.7681, 43.4501 ], [ -70.7774, 43.4411 ], [ -70.7775, 43.4407 ], [ -70.7745, 43.4381 ], [ -70.7794, 43.4356 ], [ -70.7812, 43.4357 ], [ -70.786, 43.435 ], [ -70.7895, 43.4329 ], [ -70.7962, 43.4297 ], [ -70.7985, 43.4295 ], [ -70.8024, 43.4303 ], [ -70.8047, 43.43 ], [ -70.8097, 43.4281 ], [ -70.8123, 43.4258 ], [ -70.812, 43.4215 ], [ -70.8113, 43.4197 ], [ -70.8115, 43.4176 ], [ -70.8099, 43.4146 ], [ -70.8102, 43.4127 ], [ -70.8097, 43.4101 ], [ -70.8087, 43.407 ], [ -70.8072, 43.4059 ], [ -70.8135, 43.4016 ], [ -70.8453, 43.426 ], [ -70.8359, 43.4281 ] ] ] } },
{ "type": "Feature", "properties": { "GEOIDFQ": "1400000US23031027000", "NAME": "270", "NAMELSAD": "Census Tract 270" }, "geometry": { "type": "Polygon", "coordinates": [ [ [ -70.4916, 43.4284 ], [ -70.4769, 43.4525 ], [ -70.4363, 43.4332 ], [ -70.4071, 43.4204 ], [ -70.4064, 43.4198 ], [ -70.4055, 43.4197 ], [ -70.4031, 43.4204 ], [ -70.4014, 43.4205 ], [ -70.399, 43.4214 ], [ -70.3984, 43.422 ], [ -70.3977, 43.4218 ], [ -70.395, 43.4225 ], [ -70.393, 43.422 ], [ -70.3934, 43.4215 ], [ -70.3929, 43.421 ], [ -70.393, 43.42 ], [ -70.3938, 43.4201 ], [ -70.3938, 43.4189 ], [ -70.3937, 43.4186 ], [ -70.393, 43.4191 ], [ -70.3927, 43.4189 ], [ -70.3918, 43.4178 ], [ -70.3917, 43.4168 ], [ -70.3908, 43.4164 ], [ -70.3913, 43.4155 ], [ -70.3912, 43.4149 ], [ -70.3903, 43.4134 ], [ -70.3905, 43.4131 ], [ -70.3924, 43.4131 ], [ -70.3926, 43.4114 ], [ -70.3959, 43.4106 ], [ -70.3971, 43.4094 ], [ -70.3974, 43.4084 ], [ -70.3969, 43.407 ], [ -70.3991, 43.4013 ], [ -70.403, 43.3991 ], [ -70.4038, 43.3925 ], [ -70.4078, 43.3919 ], [ -70.411, 43.3905 ], [ -70.418, 43.3849 ], [ -70.4205, 43.3819 ], [ -70.4207, 43.3791 ], [ -70.42, 43.3775 ], [ -70.4168, 43.3728 ], [ -70.4145, 43.3643 ], [ -70.4143, 43.3624 ], [ -70.4152, 43.3611 ], [ -70.4174, 43.3594 ], [ -70.4283, 43.3538 ], [ -70.4363, 43.3535 ], [ -70.4395, 43.3525 ], [ -70.4422, 43.3512 ], [ -70.444, 43.3495 ], [ -70.4464, 43.3457 ], [ -70.4531, 43.3439 ], [ -70.4552, 43.3429 ], [ -70.4594, 43.3398 ], [ -70.4628, 43.3385 ], [ -70.4656, 43.338 ], [ -70.4691, 43.3386 ], [ -70.4756, 43.3415 ], [ -70.4757, 43.3433 ], [ -70.4767, 43.3458 ], [ -70.474, 43.3488 ], [ -70.4749, 43.3522 ], [ -70.4741, 43.355 ], [ -70.4772, 43.3583 ], [ -70.4782, 43.3609 ], [ -70.4797, 43.3629 ], [ -70.4802, 43.3668 ], [ -70.4793, 43.3705 ], [ -70.4808, 43.3711 ], [ -70.4822, 43.3723 ], [ -70.4857, 43.3735 ], [ -70.486, 43.3757 ], [ -70.4854, 43.3778 ], [ -70.4808, 43.3788 ], [ -70.4779, 43.381 ], [ -70.4786, 43.3815 ], [ -70.4793, 43.381 ], [ -70.48, 43.3824 ], [ -70.4773, 43.3817 ], [ -70.489, 43.406 ], [ -70.4898, 43.4071 ], [ -70.4923, 43.4129 ], [ -70.4929, 43.4158 ], [ -70.4916, 43.4284 ] ] ] } },
{ "type": "Feature", "properties": { "GEOIDFQ": "1400000US23029956200", "NAME": "9562", "NAMELSAD": "Census Tract 9562" }, "geometry": { "type": "Polygon", "coordinates": [ [ [ -67.55, 44.8027 ], [ -67.5181, 44.8093 ], [ -67.4994, 44.7966 ], [ -67.4994, 44.7959 ], [ -67.4878, 44.7884 ], [ -67.4865, 44.7884 ], [ -67.4865, 44.7866 ], [ -67.4815, 44.7865 ], [ -67.4813, 44.7845 ], [ -67.4768, 44.7846 ], [ -67.4767, 44.7822 ], [ -67.4733, 44.7821 ], [ -67.4732, 44.7798 ], [ -67.4713, 44.7798 ], [ -67.4712, 44.7777 ], [ -67.4692, 44.7777 ], [ -67.4689, 44.7737 ], [ -67.4681, 44.7737 ], [ -67.4678, 44.771 ], [ -67.4693, 44.771 ], [ -67.4689, 44.7669 ], [ -67.4656, 44.7669 ], [ -67.4655, 44.7633 ], [ -67.4641, 44.7634 ], [ -67.4639, 44.76 ], [ -67.4539, 44.7602 ], [ -67.4524, 44.7491 ], [ -67.449, 44.7492 ], [ -67.4488, 44.7465 ], [ -67.4455, 44.7467 ], [ -67.4453, 44.7425 ], [ -67.4344, 44.7428 ], [ -67.4327, 44.7304 ], [ -67.4298, 44.7145 ], [ -67.4214, 44.7148 ], [ -67.4154, 44.6958 ], [ -67.4204, 44.695 ], [ -67.4187, 44.6906 ], [ -67.4397, 44.6873 ], [ -67.4318, 44.6664 ], [ -67.4327, 44.6669 ], [ -67.4338, 44.6666 ], [ -67.4366, 44.6622 ], [ -67.441, 44.6584 ], [ -67.4409, 44.6555 ], [ -67.4393, 44.6531 ], [ -67.438, 44.6521 ], [ -67.438, 44.6513 ], [ -67.439, 44.6502 ], [ -67.4691, 44.6404 ], [ -67.4653, 44.6552 ], [ -67.4917, 44.6474 ], [ -67.4994, 44.6625 ], [ -67.5087, 44.6768 ], [ -67.5233, 44.7036 ], [ -67.537, 44.7269 ], [ -67.5796, 44.7952 ], [ -67.55, 44.8027 ] ] ] } },
{ "type": "Feature", "properties": { "GEOIDFQ": "1400000US23029956400", "NAME": "9564", "NAMELSAD": "Census Tract 9564" }, "geometry": { "type": "Polygon", "coordinates": [ [ [ -67.7772, 44.7174 ], [ -67.7815, 44.733 ], [ -67.7391, 44.7407 ], [ -67.733, 44.7238 ], [ -67.6906, 44.7302 ], [ -67.6798, 44.6949 ], [ -67.6923, 44.6927 ], [ -67.6895, 44.6857 ], [ -67.6776, 44.6876 ], [ -67.6755, 44.6806 ], [ -67.6717, 44.6816 ], [ -67.6691, 44.6716 ], [ -67.6728, 44.6712 ], [ -67.6653, 44.6448 ], [ -67.6655, 44.6445 ], [ -67.6651, 44.6438 ], [ -67.6644, 44.6432 ], [ -67.6634, 44.6431 ], [ -67.6633, 44.6426 ], [ -67.6623, 44.6427 ], [ -67.6619, 44.6418 ], [ -67.6608, 44.641 ], [ -67.661, 44.6406 ], [ -67.6577, 44.6382 ], [ -67.656, 44.6384 ], [ -67.6553, 44.6381 ], [ -67.6556, 44.6378 ], [ -67.6544, 44.6377 ], [ -67.654, 44.6373 ], [ -67.6537, 44.6376 ], [ -67.6517, 44.6372 ], [ -67.6505, 44.6376 ], [ -67.6497, 44.6373 ], [ -67.649, 44.636 ], [ -67.6483, 44.6358 ], [ -67.6476, 44.6362 ], [ -67.6471, 44.6358 ], [ -67.6471, 44.6353 ], [ -67.6478, 44.6351 ], [ -67.6483, 44.6345 ], [ -67.648, 44.6342 ], [ -67.6484, 44.6334 ], [ -67.6476, 44.6324 ], [ -67.6469, 44.6324 ], [ -67.6467, 44.632 ], [ -67.6462, 44.6319 ], [ -67.6455, 44.6305 ], [ -67.6455, 44.6297 ], [ -67.6464, 44.6291 ], [ -67.646, 44.6286 ], [ -67.647, 44.6265 ], [ -67.6465, 44.6258 ], [ -67.6467, 44.6248 ], [ -67.646, 44.6241 ], [ -67.6459, 44.6223 ], [ -67.6453, 44.6217 ], [ -67.6459, 44.6209 ], [ -67.6453, 44.6207 ], [ -67.645, 44.6197 ], [ -67.6442, 44.6193 ], [ -67.6432, 44.6191 ], [ -67.6418, 44.6197 ], [ -67.6408, 44.6197 ], [ -67.6409, 44.6192 ], [ -67.6403, 44.6189 ], [ -67.6404, 44.6181 ], [ -67.6396, 44.6178 ], [ -67.64, 44.6175 ], [ -67.6394, 44.6172 ], [ -67.6396, 44.6156 ], [ -67.6402, 44.6158 ], [ -67.6408, 44.6153 ], [ -67.6421, 44.6155 ], [ -67.6422, 44.6158 ], [ -67.6439, 44.6141 ], [ -67.6434, 44.613 ], [ -67.6427, 44.6129 ], [ -67.6425, 44.6124 ], [ -67.6443, 44.6105 ], [ -67.6437, 44.6098 ], [ -67.6432, 44.61 ], [ -67.6427, 44.6095 ], [ -67.6435, 44.6083 ], [ -67.6417, 44.6074 ], [ -67.6419, 44.6063 ], [ -67.6408, 44.6061 ], [ -67.6409, 44.6057 ], [ -67.6402, 44.6056 ], [ -67.6402, 44.6054 ], [ -67.6391, 44.6052 ], [ -67.6386, 44.6042 ], [ -67.6382, 44.6043 ], [ -67.6383, 44.6037 ], [ -67.6376, 44.6036 ], [ -67.6378, 44.603 ], [ -67.6373, 44.602 ], [ -67.6378, 44.6016 ], [ -67.6373, 44.6008 ], [ -67.6374, 44.6006 ], [ -67.6379, 44.601 ], [ -67.6383, 44.6009 ], [ -67.6378, 44.6 ], [ -67.6362, 44.5994 ], [ -67.6358, 44.5978 ], [ -67.6366, 44.5983 ], [ -67.6372, 44.5968 ], [ -67.6361, 44.5959 ], [ -67.6357, 44.5946 ], [ -67.6351, 44.5948 ], [ -67.6348, 44.5945 ], [ -67.6358, 44.5926 ], [ -67.6347, 44.5926 ], [ -67.6342, 44.5912 ], [ -67.6333, 44.5915 ], [ -67.6329, 44.5913 ], [ -67.6341, 44.5899 ], [ -67.6326, 44.5885 ], [ -67.6335, 44.5879 ], [ -67.6331, 44.5872 ], [ -67.6336, 44.5871 ], [ -67.6342, 44.5876 ], [ -67.6344, 44.5869 ], [ -67.634, 44.5856 ], [ -67.6345, 44.5845 ], [ -67.6338, 44.5836 ], [ -67.634, 44.5833 ], [ -67.6353, 44.5833 ], [ -67.6346, 44.5814 ], [ -67.6364, 44.5813 ], [ -67.6372, 44.5818 ], [ -67.6389, 44.5808 ], [ -67.6397, 44.5806 ], [ -67.6406, 44.5808 ], [ -67.64, 44.58 ], [ -67.6401, 44.579 ], [ -67.6394, 44.5782 ], [ -67.6412, 44.5779 ], [ -67.6413, 44.5776 ], [ -67.6399, 44.5768 ], [ -67.6395, 44.5754 ], [ -67.6399, 44.5751 ], [ -67.6414, 44.5753 ], [ -67.6415, 44.575 ], [ -67.641, 44.5736 ], [ -67.6392, 44.573 ], [ -67.639, 44.5726 ], [ -67.6396, 44.5725 ], [ -67.6411, 44.573 ], [ -67.6419, 44.5721 ], [ -67.6444, 44.5709 ], [ -67.6442, 44.5684 ], [ -67.6449, 44.5664 ], [ -67.6467, 44.5636 ], [ -67.6465, 44.5629 ], [ -67.6444, 44.5613 ], [ -67.6434, 44.5554 ], [ -67.6401, 44.5513 ], [ -67.6399, 44.5488 ], [ -67.6409, 44.5457 ], [ -67.6417, 44.5439 ], [ -67.6446, 44.5404 ], [ -67.645, 44.5383 ], [ -67.6445, 44.536 ], [ -67.6437, 44.5353 ], [ -67.6414, 44.5344 ], [ -67.6403, 44.5328 ], [ -67.6401, 44.5316 ], [ -67.6407, 44.5308 ], [ -67.6429, 44.5295 ], [ -67.6435, 44.5274 ], [ -67.6445, 44.5259 ], [ -67.6527, 44.5156 ], [ -67.6574, 44.5052 ], [ -67.6572, 44.5021 ], [ -67.6556, 44.4989 ], [ -67.6497, 44.4951 ], [ -67.6492, 44.4943 ], [ -67.6501, 44.4903 ], [ -67.6501, 44.4881 ], [ -67.6467, 44.4719 ], [ -67.6459, 44.4645 ], [ -67.6464, 44.4584 ], [ -67.648, 44.4518 ], [ -67.6549, 44.4546 ], [ -67.7266, 44.4256 ], [ -67.7494, 44.4591 ], [ -67.7665, 44.4781 ], [ -67.8156, 44.438 ], [ -67.8305, 44.4712 ], [ -67.8417, 44.4737 ], [ -67.8431, 44.4745 ], [ -67.8436, 44.4756 ], [ -67.8444, 44.4798 ], [ -67.8443, 44.4833 ], [ -67.841, 44.4916 ], [ -67.8389, 44.4949 ], [ -67.8369, 44.4969 ], [ -67.8358, 44.499 ], [ -67.8349, 44.5051 ], [ -67.8357, 44.5088 ], [ -67.8419, 44.5129 ], [ -67.8455, 44.5185 ], [ -67.8463, 44.5208 ], [ -67.8436, 44.5264 ], [ -67.8422, 44.5311 ], [ -67.8415, 44.5371 ], [ -67.8396, 44.5396 ], [ -67.8379, 44.5406 ], [ -67.8325, 44.5423 ], [ -67.8292, 44.5428 ], [ -67.8257, 44.5429 ], [ -67.8242, 44.5425 ], [ -67.8213, 44.5402 ], [ -67.8169, 44.5382 ], [ -67.813, 44.5377 ], [ -67.8114, 44.5382 ], [ -67.8101, 44.5404 ], [ -67.8087, 44.5445 ], [ -67.8091, 44.548 ], [ -67.8074, 44.5513 ], [ -67.8067, 44.5582 ], [ -67.8074, 44.5593 ], [ -67.8084, 44.56 ], [ -67.8125, 44.5614 ], [ -67.8181, 44.5647 ], [ -67.8222, 44.5663 ], [ -67.8278, 44.568 ], [ -67.8347, 44.5691 ], [ -67.8371, 44.5697 ], [ -67.8383, 44.5704 ], [ -67.8429, 44.5744 ], [ -67.8449, 44.5769 ], [ -67.8465, 44.5778 ], [ -67.8493, 44.5783 ], [ -67.851, 44.5793 ], [ -67.8511, 44.582 ], [ -67.8502, 44.5825 ], [ -67.848, 44.5828 ], [ -67.8477, 44.5832 ], [ -67.8478, 44.5842 ], [ -67.8485, 44.5848 ], [ -67.8511, 44.5855 ], [ -67.8521, 44.5878 ], [ -67.8519, 44.5893 ], [ -67.8539, 44.5893 ], [ -67.8549, 44.5902 ], [ -67.8561, 44.5907 ], [ -67.8568, 44.5926 ], [ -67.8554, 44.5932 ], [ -67.8559, 44.5935 ], [ -67.8576, 44.5936 ], [ -67.8572, 44.5959 ], [ -67.8582, 44.5961 ], [ -67.8588, 44.5953 ], [ -67.8595, 44.5953 ], [ -67.8599, 44.5956 ], [ -67.8594, 44.5961 ], [ -67.8634, 44.5968 ], [ -67.8641, 44.5973 ], [ -67.8659, 44.5967 ], [ -67.8663, 44.5971 ], [ -67.8671, 44.5973 ], [ -67.8676, 44.5981 ], [ -67.8693, 44.5987 ], [ -67.8695, 44.6003 ], [ -67.8703, 44.6011 ], [ -67.8728, 44.6021 ], [ -67.8732, 44.6029 ], [ -67.8728, 44.6044 ], [ -67.8744, 44.6048 ], [ -67.8764, 44.6116 ], [ -67.8562, 44.6148 ], [ -67.8607, 44.6295 ], [ -67.8699, 44.6287 ], [ -67.8921, 44.6992 ], [ -67.7772, 44.7174 ] ] ] } },
{ "type": "Feature", "properties": { "GEOIDFQ": "1400000US23029955400", "NAME": "9554", "NAMELSAD": "Census Tract 9554" }, "geometry": { "type": "Polygon", "coordinates": [ [ [ -67.5331, 45.2447 ], [ -67.5314, 45.245 ], [ -67.5291, 45.247 ], [ -67.5274, 45.2503 ], [ -67.5266, 45.251 ], [ -67.522, 45.2531 ], [ -67.5133, 45.2563 ], [ -67.5073, 45.2599 ], [ -67.5036, 45.2633 ], [ -67.5034, 45.2653 ], [ -67.5046, 45.2688 ], [ -67.504, 45.2702 ], [ -67.5017, 45.2714 ], [ -67.4971, 45.2722 ], [ -67.4961, 45.2731 ], [ -67.4953, 45.2749 ], [ -67.4942, 45.2757 ], [ -67.4888, 45.2752 ], [ -67.4878, 45.2761 ], [ -67.4877, 45.279 ], [ -67.4871, 45.2802 ], [ -67.4835, 45.2795 ], [ -67.482, 45.2754 ], [ -67.4788, 45.2752 ], [ -67.4773, 45.2759 ], [ -67.4764, 45.2754 ], [ -67.4772, 45.2739 ], [ -67.4758, 45.2713 ], [ -67.4764, 45.2691 ], [ -67.4748, 45.2633 ], [ -67.4718, 45.2616 ], [ -67.4715, 45.2607 ], [ -67.4731, 45.2586 ], [ -67.4712, 45.2552 ], [ -67.469, 45.2533 ], [ -67.4685, 45.2507 ], [ -67.4668, 45.2496 ], [ -67.4642, 45.2451 ], [ -67.4619, 45.2427 ], [ -67.4601, 45.242 ], [ -67.4556, 45.2419 ], [ -67.4538, 45.2412 ], [ -67.4492, 45.2366 ], [ -67.4474, 45.2331 ], [ -67.4404, 45.2277 ], [ -67.4393, 45.2261 ], [ -67.4393, 45.2248 ], [ -67.437, 45.2227 ], [ -67.4373, 45.2199 ], [ -67.4353, 45.2161 ], [ -67.4309, 45.2092 ], [ -67.4307, 45.2061 ], [ -67.428, 45.2018 ], [ -67.4287, 45.1997 ], [ -67.4293, 45.1935 ], [ -67.4269, 45.1915 ], [ -67.4181, 45.19 ], [ -67.4152, 45.1868 ], [ -67.4134, 45.1854 ], [ -67.4115, 45.1825 ], [ -67.4065, 45.1789 ], [ -67.4005, 45.1777 ], [ -67.3983, 45.1734 ], [ -67.3992, 45.169 ], [ -67.4048, 45.1668 ], [ -67.4058, 45.1629 ], [ -67.405, 45.1601 ], [ -67.4027, 45.1596 ], [ -67.4014, 45.1587 ], [ -67.3947, 45.1559 ], [ -67.3926, 45.1543 ], [ -67.3831, 45.152 ], [ -67.3807, 45.1521 ], [ -67.3781, 45.1498 ], [ -67.3707, 45.142 ], [ -67.3566, 45.133 ], [ -67.3575, 45.1322 ], [ -67.3534, 45.1292 ], [ -67.3492, 45.1295 ], [ -67.346, 45.1265 ], [ -67.3428, 45.1259 ], [ -67.3408, 45.125 ], [ -67.343, 45.1251 ], [ -67.3459, 45.1221 ], [ -67.3464, 45.1204 ], [ -67.3441, 45.1195 ], [ -67.3513, 45.1117 ], [ -67.3543, 45.1131 ], [ -67.3891, 45.0759 ], [ -67.4315, 45.123 ], [ -67.4995, 45.2007 ], [ -67.5365, 45.245 ], [ -67.5331, 45.2447 ] ] ] } },
{ "type": "Feature", "properties": { "GEOIDFQ": "1400000US23031030205", "NAME": "302.05", "NAMELSAD": "Census Tract 302.05" }, "geometry": { "type": "Polygon", "coordinates": [ [ [ -70.7745, 43.4438 ], [ -70.7731, 43.4412 ], [ -70.7713, 43.4408 ], [ -70.7705, 43.4413 ], [ -70.7692, 43.441 ], [ -70.7679, 43.4411 ], [ -70.7664, 43.4406 ], [ -70.7649, 43.4394 ], [ -70.7634, 43.4391 ], [ -70.7608, 43.4373 ], [ -70.7577, 43.4366 ], [ -70.7557, 43.4358 ], [ -70.7548, 43.4362 ], [ -70.7531, 43.4378 ], [ -70.7504, 43.437 ], [ -70.7454, 43.4366 ], [ -70.7381, 43.4352 ], [ -70.7334, 43.4349 ], [ -70.7336, 43.4328 ], [ -70.7328, 43.4275 ], [ -70.7333, 43.4244 ], [ -70.7352, 43.4215 ], [ -70.7416, 43.4149 ], [ -70.7423, 43.4132 ], [ -70.7423, 43.4111 ], [ -70.7493, 43.4154 ], [ -70.7537, 43.4173 ], [ -70.7595, 43.4232 ], [ -70.7659, 43.4267 ], [ -70.7673, 43.4281 ], [ -70.7749, 43.4386 ], [ -70.7775, 43.4408 ], [ -70.7745, 43.4438 ] ] ] } },
{ "type": "Feature", "properties": { "GEOIDFQ": "1400000US23005004803", "NAME": "48.03", "NAMELSAD": "Census Tract 48.03" }, "geometry": { "type": "Polygon", "coordinates": [ [ [ -70.4549, 43.7859 ], [ -70.4537, 43.7914 ], [ -70.4526, 43.7925 ], [ -70.4504, 43.7937 ], [ -70.4499, 43.795 ], [ -70.4483, 43.7967 ], [ -70.4475, 43.7988 ], [ -70.4476, 43.801 ], [ -70.4496, 43.802 ], [ -70.4474, 43.8021 ], [ -70.4402, 43.7991 ], [ -70.4329, 43.8007 ], [ -70.4282, 43.7996 ], [ -70.3947, 43.7826 ], [ -70.3812, 43.7753 ], [ -70.3768, 43.7669 ], [ -70.3753, 43.7649 ], [ -70.3678, 43.7591 ], [ -70.3653, 43.7558 ], [ -70.3614, 43.7532 ], [ -70.3781, 43.6974 ], [ -70.3797, 43.6986 ], [ -70.3824, 43.6989 ], [ -70.3861, 43.6986 ], [ -70.3879, 43.6999 ], [ -70.391, 43.7003 ], [ -70.394, 43.7025 ], [ -70.3949, 43.7051 ], [ -70.3964, 43.7061 ], [ -70.4033, 43.7058 ], [ -70.4038, 43.707 ], [ -70.4024, 43.7079 ], [ -70.4022, 43.7095 ], [ -70.4031, 43.7107 ], [ -70.4045, 43.7117 ], [ -70.4055, 43.7151 ], [ -70.4063, 43.7157 ], [ -70.4104, 43.7169 ], [ -70.4117, 43.7178 ], [ -70.4126, 43.7189 ], [ -70.413, 43.7207 ], [ -70.4155, 43.7224 ], [ -70.4185, 43.7264 ], [ -70.4222, 43.7287 ], [ -70.4235, 43.7318 ], [ -70.4237, 43.7336 ], [ -70.4248, 43.734 ], [ -70.4269, 43.7342 ], [ -70.4273, 43.7346 ], [ -70.4278, 43.7379 ], [ -70.4323, 43.7412 ], [ -70.4353, 43.7404 ], [ -70.4359, 43.7388 ], [ -70.4373, 43.7393 ], [ -70.4384, 43.7412 ], [ -70.4396, 43.7457 ], [ -70.4386, 43.7472 ], [ -70.4384, 43.7484 ], [ -70.443, 43.7485 ], [ -70.4445, 43.7488 ], [ -70.4465, 43.7501 ], [ -70.4482, 43.7527 ], [ -70.4483, 43.7565 ], [ -70.4468, 43.7593 ], [ -70.4474, 43.7608 ], [ -70.4492, 43.7626 ], [ -70.4478, 43.7638 ], [ -70.4484, 43.7652 ], [ -70.4479, 43.7662 ], [ -70.4472, 43.7667 ], [ -70.4462, 43.7668 ], [ -70.4457, 43.7673 ], [ -70.4456, 43.7679 ], [ -70.4465, 43.769 ], [ -70.4439, 43.7719 ], [ -70.4436, 43.7728 ], [ -70.4443, 43.7732 ], [ -70.4454, 43.7727 ], [ -70.4464, 43.7738 ], [ -70.4475, 43.7762 ], [ -70.4514, 43.7769 ], [ -70.4523, 43.7773 ], [ -70.4527, 43.7797 ], [ -70.4545, 43.7812 ], [ -70.455, 43.7829 ], [ -70.4549, 43.7859 ] ] ] } },
{ "type": "Feature", "properties": { "GEOIDFQ": "1400000US23005000200", "NAME": "2", "NAMELSAD": "Census Tract 2" }, "geometry": { "type": "Polygon", "coordinates": [ [ [ -70.243, 43.6698 ], [ -70.2418, 43.6696 ], [ -70.2427, 43.6702 ], [ -70.242, 43.6713 ], [ -70.2405, 43.6718 ], [ -70.2366, 43.6682 ], [ -70.2362, 43.6645 ], [ -70.2366, 43.663 ], [ -70.2381, 43.6613 ], [ -70.2432, 43.6642 ], [ -70.2449, 43.6627 ], [ -70.2475, 43.6617 ], [ -70.2485, 43.6628 ], [ -70.251, 43.6633 ], [ -70.243, 43.6698 ] ] ] } },
{ "type": "Feature", "properties": { "GEOIDFQ": "1400000US23005990000", "NAME": "9900", "NAMELSAD": "Census Tract 9900" }, "geometry": { "type": "Polygon", "coordinates": [ [ [ -70.2762, 43.549 ], [ -70.2739, 43.5547 ], [ -70.241, 43.5347 ], [ -70.232, 43.5361 ], [ -70.2118, 43.5533 ], [ -70.1921, 43.5625 ], [ -70.1953, 43.5658 ], [ -70.195, 43.5878 ], [ -70.2058, 43.5962 ], [ -70.1847, 43.6195 ], [ -70.0792, 43.6687 ], [ -70.0652, 43.6737 ], [ -70.0404, 43.6527 ], [ -70.0381, 43.6517 ], [ -70.0352, 43.6519 ], [ -70.034, 43.653 ], [ -70.0337, 43.6546 ], [ -70.0365, 43.6613 ], [ -70.0389, 43.6709 ], [ -70.0394, 43.677 ], [ -70.0392, 43.6802 ], [ -70.0385, 43.6831 ], [ -70.0329, 43.6875 ], [ -70.0316, 43.6892 ], [ -70.0283, 43.6921 ], [ -70.0195, 43.6991 ], [ -70.0125, 43.7039 ], [ -70.0064, 43.7078 ], [ -70.0025, 43.7098 ], [ -69.9994, 43.7106 ], [ -69.972, 43.7152 ], [ -69.9343, 43.7226 ], [ -69.9257, 43.7174 ], [ -69.888, 43.7038 ], [ -69.8819, 43.6365 ], [ -69.9994, 43.5882 ], [ -70.1242, 43.5374 ], [ -70.1366, 43.5335 ], [ -70.156, 43.5244 ], [ -70.1641, 43.5186 ], [ -70.1825, 43.5001 ], [ -70.1997, 43.4842 ], [ -70.209, 43.4779 ], [ -70.2221, 43.4669 ], [ -70.2822, 43.5001 ], [ -70.3216, 43.5196 ], [ -70.2762, 43.549 ] ] ] } },
{ "type": "Feature", "properties": { "GEOIDFQ": "1400000US23005002400", "NAME": "24", "NAMELSAD": "Census Tract 24" }, "geometry": { "type": "Polygon", "coordinates": [ [ [ -70.2512, 43.6802 ], [ -70.2508, 43.6814 ], [ -70.2512, 43.6816 ], [ -70.2509, 43.6832 ], [ -70.2517, 43.6839 ], [ -70.2516, 43.685 ], [ -70.2505, 43.6863 ], [ -70.2493, 43.6871 ], [ -70.248, 43.6873 ], [ -70.2469, 43.6869 ], [ -70.2449, 43.688 ], [ -70.2448, 43.6893 ], [ -70.2459, 43.6898 ], [ -70.2464, 43.6897 ], [ -70.2458, 43.6904 ], [ -70.2171, 43.6811 ], [ -70.2131, 43.6881 ], [ -70.2074, 43.6944 ], [ -70.1997, 43.6998 ], [ -70.1903, 43.7052 ], [ -70.1847, 43.7091 ], [ -70.169, 43.724 ], [ -70.1155, 43.698 ], [ -70.0992, 43.7114 ], [ -70.0957, 43.714 ], [ -70.0938, 43.7144 ], [ -70.0906, 43.7123 ], [ -70.0841, 43.7 ], [ -70.0954, 43.6882 ], [ -70.0652, 43.6737 ], [ -70.0792, 43.6687 ], [ -70.182, 43.6208 ], [ -70.1828, 43.6217 ], [ -70.2009, 43.627 ], [ -70.2056, 43.6288 ], [ -70.2094, 43.6307 ], [ -70.2139, 43.6338 ], [ -70.2159, 43.6356 ], [ -70.2197, 43.6513 ], [ -70.2241, 43.6556 ], [ -70.2286, 43.6583 ], [ -70.2384, 43.6584 ], [ -70.2381, 43.6613 ], [ -70.2366, 43.663 ], [ -70.2362, 43.6645 ], [ -70.2366, 43.6682 ], [ -70.2405, 43.6718 ], [ -70.2503, 43.6745 ], [ -70.2529, 43.679 ], [ -70.2512, 43.6802 ] ] ] } },
{ "type": "Feature", "properties": { "GEOIDFQ": "1400000US23005002700", "NAME": "27", "NAMELSAD": "Census Tract 27" }, "geometry": { "type": "Polygon", "coordinates": [ [ [ -70.3662, 43.7361 ], [ -70.3612, 43.7538 ], [ -70.3547, 43.7501 ], [ -70.355, 43.7478 ], [ -70.354, 43.7471 ], [ -70.3537, 43.7461 ], [ -70.3519, 43.7462 ], [ -70.3514, 43.746 ], [ -70.3512, 43.7453 ], [ -70.3516, 43.7445 ], [ -70.3521, 43.7445 ], [ -70.3522, 43.743 ], [ -70.3519, 43.7424 ], [ -70.3541, 43.7402 ], [ -70.3541, 43.7399 ], [ -70.3527, 43.74 ], [ -70.3527, 43.7394 ], [ -70.3517, 43.7388 ], [ -70.352, 43.738 ], [ -70.351, 43.7376 ], [ -70.3522, 43.7365 ], [ -70.3523, 43.7357 ], [ -70.3519, 43.7341 ], [ -70.3506, 43.7317 ], [ -70.3517, 43.7302 ], [ -70.3508, 43.7295 ], [ -70.3516, 43.7279 ], [ -70.3508, 43.7262 ], [ -70.3517, 43.7259 ], [ -70.3513, 43.7251 ], [ -70.352, 43.7248 ], [ -70.3522, 43.7235 ], [ -70.3527, 43.723 ], [ -70.3523, 43.7216 ], [ -70.3531, 43.7216 ], [ -70.3536, 43.7203 ], [ -70.3527, 43.7173 ], [ -70.3538, 43.7156 ], [ -70.3538, 43.7153 ], [ -70.3529, 43.715 ], [ -70.3539, 43.7131 ], [ -70.3526, 43.7123 ], [ -70.3517, 43.7122 ], [ -70.3504, 43.7095 ], [ -70.3502, 43.7085 ], [ -70.3507, 43.7078 ], [ -70.3499, 43.7071 ], [ -70.3491, 43.7073 ], [ -70.3488, 43.7069 ], [ -70.3499, 43.7059 ], [ -70.3491, 43.7037 ], [ -70.3494, 43.7027 ], [ -70.3458, 43.7022 ], [ -70.3449, 43.7011 ], [ -70.3444, 43.7009 ], [ -70.3446, 43.7002 ], [ -70.3438, 43.7 ], [ -70.3425, 43.7 ], [ -70.3405, 43.7017 ], [ -70.3386, 43.6995 ], [ -70.3388, 43.6978 ], [ -70.3393, 43.697 ], [ -70.3408, 43.697 ], [ -70.3487, 43.6952 ], [ -70.3498, 43.694 ], [ -70.3542, 43.6907 ], [ -70.355, 43.6883 ], [ -70.3577, 43.6866 ], [ -70.361, 43.6886 ], [ -70.3633, 43.686 ], [ -70.3552, 43.6818 ], [ -70.3572, 43.68 ], [ -70.3595, 43.6793 ], [ -70.3626, 43.6789 ], [ -70.3642, 43.6781 ], [ -70.367, 43.6777 ], [ -70.3731, 43.6823 ], [ -70.3764, 43.6838 ], [ -70.3787, 43.6883 ], [ -70.3783, 43.6903 ], [ -70.3799, 43.6916 ], [ -70.3662, 43.7361 ] ] ] } },
{ "type": "Feature", "properties": { "GEOIDFQ": "1400000US23005011500", "NAME": "115", "NAMELSAD": "Census Tract 115" }, "geometry": { "type": "Polygon", "coordinates": [ [ [ -70.402, 43.9901 ], [ -70.3983, 43.9921 ], [ -70.3983, 43.9929 ], [ -70.3993, 43.9941 ], [ -70.3993, 43.9948 ], [ -70.3967, 43.9971 ], [ -70.3975, 43.9985 ], [ -70.397, 43.9997 ], [ -70.3961, 44.0002 ], [ -70.3953, 44.0031 ], [ -70.3639, 43.9864 ], [ -70.3154, 44.0378 ], [ -70.2531, 43.9924 ], [ -70.2003, 43.952 ], [ -70.2036, 43.9479 ], [ -70.197, 43.946 ], [ -70.1185, 43.908 ], [ -70.1314, 43.8945 ], [ -70.1298, 43.8937 ], [ -70.1414, 43.8804 ], [ -70.1405, 43.88 ], [ -70.1519, 43.8672 ], [ -70.1518, 43.8669 ], [ -70.157, 43.8611 ], [ -70.1566, 43.861 ], [ -70.1627, 43.8544 ], [ -70.1613, 43.8537 ], [ -70.1674, 43.8472 ], [ -70.1657, 43.8463 ], [ -70.1714, 43.8407 ], [ -70.1749, 43.8439 ], [ -70.1756, 43.8458 ], [ -70.1774, 43.8461 ], [ -70.1798, 43.848 ], [ -70.1833, 43.852 ], [ -70.216, 43.8818 ], [ -70.2112, 43.8904 ], [ -70.2486, 43.8983 ], [ -70.2532, 43.8934 ], [ -70.3368, 43.9362 ], [ -70.3872, 43.9615 ], [ -70.3778, 43.9716 ], [ -70.4051, 43.9869 ], [ -70.402, 43.9901 ] ] ] } },
{ "type": "Feature", "properties": { "GEOIDFQ": "1400000US23005004002", "NAME": "40.02", "NAMELSAD": "Census Tract 40.02" }, "geometry": { "type": "Polygon", "coordinates": [ [ [ -70.4878, 43.6689 ], [ -70.488, 43.6703 ], [ -70.4873, 43.6707 ], [ -70.4871, 43.6716 ], [ -70.4864, 43.6725 ], [ -70.4852, 43.6735 ], [ -70.483, 43.6743 ], [ -70.4833, 43.675 ], [ -70.4819, 43.6745 ], [ -70.4814, 43.6747 ], [ -70.4809, 43.6753 ], [ -70.4812, 43.6767 ], [ -70.4803, 43.6775 ], [ -70.4796, 43.677 ], [ -70.4797, 43.6778 ], [ -70.4789, 43.678 ], [ -70.4787, 43.6787 ], [ -70.4782, 43.6788 ], [ -70.4779, 43.6797 ], [ -70.4787, 43.6804 ], [ -70.4783, 43.6811 ], [ -70.4773, 43.6815 ], [ -70.4774, 43.6826 ], [ -70.4767, 43.6849 ], [ -70.477, 43.6854 ], [ -70.4766, 43.6865 ], [ -70.4759, 43.6864 ], [ -70.4762, 43.6874 ], [ -70.4754, 43.6889 ], [ -70.4769, 43.6909 ], [ -70.4763, 43.6926 ], [ -70.4774, 43.6936 ], [ -70.4773, 43.6946 ], [ -70.4755, 43.6956 ], [ -70.4758, 43.6967 ], [ -70.4739, 43.6984 ], [ -70.4717, 43.7019 ], [ -70.4711, 43.702 ], [ -70.4714, 43.7036 ], [ -70.4711, 43.7039 ], [ -70.4694, 43.7044 ], [ -70.4697, 43.7052 ], [ -70.4674, 43.7066 ], [ -70.4667, 43.7082 ], [ -70.4661, 43.7083 ], [ -70.4641, 43.7076 ], [ -70.4621, 43.7076 ], [ -70.4611, 43.7091 ], [ -70.4585, 43.7096 ], [ -70.4549, 43.7137 ], [ -70.453, 43.7112 ], [ -70.4493, 43.7093 ], [ -70.4483, 43.7089 ], [ -70.4441, 43.7084 ], [ -70.4423, 43.7075 ], [ -70.4419, 43.7074 ], [ -70.442, 43.7082 ], [ -70.4407, 43.7076 ], [ -70.4393, 43.7065 ], [ -70.4383, 43.7068 ], [ -70.4367, 43.7063 ], [ -70.4354, 43.7052 ], [ -70.435, 43.7055 ], [ -70.4349, 43.7064 ], [ -70.4328, 43.7067 ], [ -70.4324, 43.7077 ], [ -70.4314, 43.7082 ], [ -70.427, 43.701 ], [ -70.4225, 43.6918 ], [ -70.4201, 43.6893 ], [ -70.409, 43.6701 ], [ -70.4126, 43.6692 ], [ -70.4307, 43.6518 ], [ -70.4303, 43.6457 ], [ -70.4406, 43.6362 ], [ -70.4405, 43.6351 ], [ -70.4511, 43.6296 ], [ -70.4592, 43.6266 ], [ -70.4685, 43.6313 ], [ -70.4577, 43.6424 ], [ -70.4746, 43.6562 ], [ -70.4907, 43.6688 ], [ -70.4878, 43.6689 ] ] ] } },
{ "type": "Feature", "properties": { "GEOIDFQ": "1400000US23005015000", "NAME": "150", "NAMELSAD": "Census Tract 150" }, "geometry": { "type": "Polygon", "coordinates": [ [ [ -70.6893, 44.1278 ], [ -70.6959, 44.1342 ], [ -70.6707, 44.1477 ], [ -70.6243, 44.171 ], [ -70.608, 44.1541 ], [ -70.6074, 44.1544 ], [ -70.6057, 44.1539 ], [ -70.6042, 44.1541 ], [ -70.604, 44.1536 ], [ -70.6017, 44.1527 ], [ -70.6004, 44.1495 ], [ -70.6001, 44.1493 ], [ -70.5992, 44.15 ], [ -70.5987, 44.1498 ], [ -70.5965, 44.1455 ], [ -70.5989, 44.1443 ], [ -70.5984, 44.1427 ], [ -70.5978, 44.1426 ], [ -70.5962, 44.1445 ], [ -70.5951, 44.1448 ], [ -70.5945, 44.1429 ], [ -70.5958, 44.1419 ], [ -70.596, 44.1415 ], [ -70.5942, 44.1386 ], [ -70.5953, 44.138 ], [ -70.5955, 44.1374 ], [ -70.594, 44.136 ], [ -70.5936, 44.135 ], [ -70.5922, 44.1346 ], [ -70.5923, 44.1335 ], [ -70.592, 44.1333 ], [ -70.5914, 44.1335 ], [ -70.59, 44.133 ], [ -70.591, 44.1304 ], [ -70.5906, 44.1294 ], [ -70.591, 44.1291 ], [ -70.5917, 44.1293 ], [ -70.592, 44.129 ], [ -70.5901, 44.1261 ], [ -70.5888, 44.1249 ], [ -70.5884, 44.1238 ], [ -70.5878, 44.1244 ], [ -70.5873, 44.1243 ], [ -70.5873, 44.1225 ], [ -70.5877, 44.1222 ], [ -70.5892, 44.1224 ], [ -70.5907, 44.1206 ], [ -70.5915, 44.1184 ], [ -70.5943, 44.1168 ], [ -70.5958, 44.1144 ], [ -70.5989, 44.112 ], [ -70.5995, 44.1105 ], [ -70.6022, 44.1076 ], [ -70.6027, 44.1045 ], [ -70.6043, 44.1037 ], [ -70.6062, 44.1013 ], [ -70.6062, 44.0991 ], [ -70.6058, 44.0987 ], [ -70.6043, 44.0984 ], [ -70.6041, 44.0976 ], [ -70.6042, 44.0969 ], [ -70.6052, 44.0959 ], [ -70.6067, 44.0957 ], [ -70.6054, 44.0946 ], [ -70.6047, 44.0919 ], [ -70.6056, 44.0895 ], [ -70.6053, 44.0892 ], [ -70.6038, 44.0895 ], [ -70.603, 44.0888 ], [ -70.6044, 44.0871 ], [ -70.6046, 44.0859 ], [ -70.6058, 44.084 ], [ -70.6056, 44.0825 ], [ -70.6059, 44.0817 ], [ -70.6091, 44.079 ], [ -70.6089, 44.0768 ], [ -70.608, 44.0761 ], [ -70.6089, 44.0754 ], [ -70.6087, 44.0746 ], [ -70.6082, 44.0742 ], [ -70.61, 44.0728 ], [ -70.6094, 44.0721 ], [ -70.6107, 44.072 ], [ -70.6119, 44.0706 ], [ -70.6117, 44.0704 ], [ -70.6103, 44.0704 ], [ -70.6089, 44.0694 ], [ -70.6089, 44.0677 ], [ -70.6104, 44.0669 ], [ -70.6122, 44.067 ], [ -70.6135, 44.0666 ], [ -70.612, 44.0657 ], [ -70.6118, 44.0651 ], [ -70.6124, 44.063 ], [ -70.614, 44.063 ], [ -70.6141, 44.062 ], [ -70.6105, 44.061 ], [ -70.6092, 44.0587 ], [ -70.6093, 44.0549 ], [ -70.607, 44.0536 ], [ -70.6079, 44.0529 ], [ -70.6079, 44.0519 ], [ -70.6067, 44.0507 ], [ -70.605, 44.0502 ], [ -70.6037, 44.0502 ], [ -70.6044, 44.0484 ], [ -70.6043, 44.047 ], [ -70.6036, 44.0464 ], [ -70.6048, 44.0459 ], [ -70.6047, 44.0456 ], [ -70.6035, 44.0453 ], [ -70.6045, 44.0445 ], [ -70.603, 44.0445 ], [ -70.6022, 44.0435 ], [ -70.6023, 44.0431 ], [ -70.6037, 44.0425 ], [ -70.6038, 44.0415 ], [ -70.6005, 44.0403 ], [ -70.6006, 44.0398 ], [ -70.5995, 44.04 ], [ -70.5986, 44.0392 ], [ -70.5981, 44.0395 ], [ -70.5975, 44.0394 ], [ -70.5977, 44.0389 ], [ -70.5986, 44.0388 ], [ -70.5984, 44.0383 ], [ -70.5971, 44.0381 ], [ -70.5969, 44.0371 ], [ -70.5954, 44.0357 ], [ -70.594, 44.035 ], [ -70.5935, 44.0354 ], [ -70.5929, 44.0354 ], [ -70.5927, 44.035 ], [ -70.594, 44.034 ], [ -70.5957, 44.0335 ], [ -70.5945, 44.0331 ], [ -70.5949, 44.0327 ], [ -70.5962, 44.033 ], [ -70.5956, 44.0321 ], [ -70.6245, 44.0179 ], [ -70.6334, 44.0129 ], [ -70.6403, 44.0105 ], [ -70.6424, 44.013 ], [ -70.6469, 44.0173 ], [ -70.6473, 44.0182 ], [ -70.6475, 44.0218 ], [ -70.6486, 44.0252 ], [ -70.65, 44.0277 ], [ -70.6521, 44.0301 ], [ -70.6568, 44.0384 ], [ -70.6595, 44.0411 ], [ -70.6676, 44.0456 ], [ -70.6698, 44.0479 ], [ -70.6741, 44.054 ], [ -70.6773, 44.057 ], [ -70.679, 44.0595 ], [ -70.6795, 44.0619 ], [ -70.6784, 44.0639 ], [ -70.6773, 44.0675 ], [ -70.6775, 44.069 ], [ -70.679, 44.0724 ], [ -70.679, 44.074 ], [ -70.6798, 44.0752 ], [ -70.6823, 44.0768 ], [ -70.6845, 44.0802 ], [ -70.6857, 44.0858 ], [ -70.6866, 44.0872 ], [ -70.6886, 44.0944 ], [ -70.6886, 44.096 ], [ -70.6879, 44.0971 ], [ -70.6843, 44.0997 ], [ -70.6839, 44.1022 ], [ -70.6843, 44.1036 ], [ -70.6863, 44.1061 ], [ -70.6868, 44.1075 ], [ -70.6895, 44.1098 ], [ -70.6893, 44.1114 ], [ -70.6996, 44.1231 ], [ -70.6893, 44.1278 ] ] ] } },
{ "type": "Feature", "properties": { "GEOIDFQ": "1400000US23005011100", "NAME": "111", "NAMELSAD": "Census Tract 111" }, "geometry": { "type": "Polygon", "coordinates": [ [ [ -69.948, 43.8952 ], [ -69.9486, 43.8966 ], [ -69.9508, 43.8983 ], [ -69.9494, 43.8998 ], [ -69.9475, 43.9066 ], [ -69.9471, 43.9071 ], [ -69.9465, 43.9072 ], [ -69.9458, 43.9084 ], [ -69.934, 43.9069 ], [ -69.9289, 43.9065 ], [ -69.9232, 43.9067 ], [ -69.9162, 43.9076 ], [ -69.9161, 43.9103 ], [ -69.924, 43.9092 ], [ -69.9262, 43.91 ], [ -69.9261, 43.9108 ], [ -69.9254, 43.9114 ], [ -69.9229, 43.9111 ], [ -69.9221, 43.9114 ], [ -69.9213, 43.9124 ], [ -69.9261, 43.9153 ], [ -69.9247, 43.9172 ], [ -69.9208, 43.9204 ], [ -69.9152, 43.9209 ], [ -69.9112, 43.922 ], [ -69.9047, 43.9256 ], [ -69.9026, 43.9273 ], [ -69.9015, 43.9298 ], [ -69.8998, 43.9316 ], [ -69.8937, 43.9351 ], [ -69.8909, 43.9374 ], [ -69.8864, 43.944 ], [ -69.8815, 43.9458 ], [ -69.8802, 43.9468 ], [ -69.8774, 43.9509 ], [ -69.8747, 43.9536 ], [ -69.857, 43.9447 ], [ -69.8595, 43.9379 ], [ -69.8594, 43.9368 ], [ -69.8611, 43.9359 ], [ -69.8605, 43.9351 ], [ -69.8611, 43.9341 ], [ -69.8607, 43.9331 ], [ -69.8626, 43.9314 ], [ -69.8648, 43.9194 ], [ -69.8654, 43.9177 ], [ -69.8685, 43.9128 ], [ -69.8686, 43.911 ], [ -69.8695, 43.91 ], [ -69.8705, 43.9077 ], [ -69.873, 43.9056 ], [ -69.8754, 43.9012 ], [ -69.8775, 43.8992 ], [ -69.8793, 43.8955 ], [ -69.8808, 43.8936 ], [ -69.8812, 43.8919 ], [ -69.8821, 43.8903 ], [ -69.8845, 43.8881 ], [ -69.8896, 43.8851 ], [ -69.891, 43.8832 ], [ -69.8932, 43.8785 ], [ -69.896, 43.8662 ], [ -69.9033, 43.8606 ], [ -69.9052, 43.8595 ], [ -69.9117, 43.8583 ], [ -69.9175, 43.8581 ], [ -69.9209, 43.8545 ], [ -69.9225, 43.8503 ], [ -69.9258, 43.8478 ], [ -69.9296, 43.8392 ], [ -69.9303, 43.8392 ], [ -69.9347, 43.8417 ], [ -69.9354, 43.8415 ], [ -69.9375, 43.8392 ], [ -69.9388, 43.8394 ], [ -69.9409, 43.8408 ], [ -69.9408, 43.8424 ], [ -69.9368, 43.8489 ], [ -69.9363, 43.8516 ], [ -69.937, 43.8527 ], [ -69.9392, 43.8532 ], [ -69.9438, 43.8522 ], [ -69.9454, 43.8523 ], [ -69.9463, 43.8554 ], [ -69.9432, 43.8585 ], [ -69.9426, 43.8599 ], [ -69.9426, 43.8616 ], [ -69.9449, 43.8664 ], [ -69.9456, 43.8696 ], [ -69.951, 43.8788 ], [ -69.951, 43.8803 ], [ -69.9498, 43.8839 ], [ -69.952, 43.8901 ], [ -69.948, 43.8952 ] ] ] } },
{ "type": "Feature", "properties": { "GEOIDFQ": "1400000US23005003702", "NAME": "37.02", "NAMELSAD": "Census Tract 37.02" }, "geometry": { "type": "Polygon", "coordinates": [ [ [ -70.2758, 43.6031 ], [ -70.2761, 43.6054 ], [ -70.2718, 43.6099 ], [ -70.2688, 43.6103 ], [ -70.2682, 43.6091 ], [ -70.2663, 43.6113 ], [ -70.2663, 43.6134 ], [ -70.2697, 43.6152 ], [ -70.2658, 43.6177 ], [ -70.2658, 43.6186 ], [ -70.2615, 43.618 ], [ -70.2584, 43.6217 ], [ -70.2573, 43.6203 ], [ -70.255, 43.6198 ], [ -70.2519, 43.6185 ], [ -70.249, 43.6221 ], [ -70.2474, 43.6181 ], [ -70.236, 43.6058 ], [ -70.2351, 43.6035 ], [ -70.2321, 43.599 ], [ -70.2278, 43.5958 ], [ -70.2262, 43.5902 ], [ -70.2217, 43.5803 ], [ -70.2216, 43.5813 ], [ -70.2184, 43.5829 ], [ -70.2173, 43.5847 ], [ -70.2128, 43.5881 ], [ -70.2058, 43.5962 ], [ -70.195, 43.5878 ], [ -70.1953, 43.5658 ], [ -70.1921, 43.5625 ], [ -70.2118, 43.5533 ], [ -70.232, 43.5361 ], [ -70.241, 43.5347 ], [ -70.2739, 43.5547 ], [ -70.271, 43.5609 ], [ -70.2722, 43.5655 ], [ -70.2738, 43.5676 ], [ -70.2739, 43.5683 ], [ -70.2706, 43.5748 ], [ -70.2696, 43.5755 ], [ -70.267, 43.5763 ], [ -70.2653, 43.5774 ], [ -70.2639, 43.5778 ], [ -70.2633, 43.5785 ], [ -70.2634, 43.5797 ], [ -70.2626, 43.5803 ], [ -70.2613, 43.5805 ], [ -70.2597, 43.5802 ], [ -70.2587, 43.5807 ], [ -70.2573, 43.5821 ], [ -70.257, 43.5831 ], [ -70.2553, 43.5837 ], [ -70.2547, 43.5843 ], [ -70.2568, 43.5849 ], [ -70.2564, 43.5858 ], [ -70.2565, 43.587 ], [ -70.2581, 43.5863 ], [ -70.2586, 43.5864 ], [ -70.2588, 43.5871 ], [ -70.2578, 43.5872 ], [ -70.2575, 43.5878 ], [ -70.2579, 43.5882 ], [ -70.2589, 43.5884 ], [ -70.2588, 43.5878 ], [ -70.2595, 43.587 ], [ -70.2601, 43.5878 ], [ -70.2608, 43.5878 ], [ -70.2612, 43.5882 ], [ -70.262, 43.5877 ], [ -70.2617, 43.5884 ], [ -70.263, 43.5886 ], [ -70.2629, 43.5892 ], [ -70.2646, 43.5888 ], [ -70.264, 43.59 ], [ -70.2646, 43.5896 ], [ -70.265, 43.59 ], [ -70.2654, 43.59 ], [ -70.2653, 43.5903 ], [ -70.266, 43.5903 ], [ -70.2669, 43.5913 ], [ -70.2676, 43.5909 ], [ -70.2694, 43.5913 ], [ -70.2705, 43.5911 ], [ -70.2708, 43.5908 ], [ -70.2718, 43.5909 ], [ -70.272, 43.5903 ], [ -70.2735, 43.5906 ], [ -70.2737, 43.5909 ], [ -70.273, 43.5909 ], [ -70.2725, 43.5911 ], [ -70.273, 43.591 ], [ -70.2726, 43.5914 ], [ -70.2733, 43.5921 ], [ -70.273, 43.5922 ], [ -70.2734, 43.5925 ], [ -70.273, 43.5926 ], [ -70.2735, 43.5936 ], [ -70.2811, 43.5975 ], [ -70.2758, 43.6031 ] ] ] } },
{ "type": "Feature", "properties": { "GEOIDFQ": "1400000US23005004802", "NAME": "48.02", "NAMELSAD": "Census Tract 48.02" }, "geometry": { "type": "Polygon", "coordinates": [ [ [ -70.4212, 43.8223 ], [ -70.4153, 43.8271 ], [ -70.4091, 43.834 ], [ -70.4065, 43.836 ], [ -70.4003, 43.8424 ], [ -70.3993, 43.8442 ], [ -70.393, 43.8471 ], [ -70.3886, 43.8496 ], [ -70.3845, 43.8508 ], [ -70.3244, 43.8198 ], [ -70.3368, 43.8071 ], [ -70.3432, 43.8103 ], [ -70.3614, 43.7532 ], [ -70.3653, 43.7558 ], [ -70.3678, 43.7591 ], [ -70.3753, 43.7649 ], [ -70.3768, 43.7669 ], [ -70.3815, 43.7756 ], [ -70.4187, 43.7949 ], [ -70.4185, 43.7957 ], [ -70.4172, 43.7964 ], [ -70.4165, 43.7981 ], [ -70.4156, 43.7986 ], [ -70.4156, 43.7996 ], [ -70.4148, 43.8009 ], [ -70.413, 43.8021 ], [ -70.4129, 43.8034 ], [ -70.4109, 43.8043 ], [ -70.4109, 43.8054 ], [ -70.4103, 43.8061 ], [ -70.4201, 43.8113 ], [ -70.4188, 43.8125 ], [ -70.4186, 43.8133 ], [ -70.4208, 43.8179 ], [ -70.4225, 43.8198 ], [ -70.4212, 43.8223 ] ] ] } },
{ "type": "Feature", "properties": { "GEOIDFQ": "1400000US23005004401", "NAME": "44.01", "NAMELSAD": "Census Tract 44.01" }, "geometry": { "type": "Polygon", "coordinates": [ [ [ -70.2201, 43.8039 ], [ -70.2203, 43.8043 ], [ -70.2185, 43.8054 ], [ -70.2218, 43.8063 ], [ -70.2199, 43.8088 ], [ -70.221, 43.8098 ], [ -70.2183, 43.8129 ], [ -70.2206, 43.8151 ], [ -70.2103, 43.8211 ], [ -70.2099, 43.8217 ], [ -70.1891, 43.8329 ], [ -70.1945, 43.8385 ], [ -70.192, 43.8399 ], [ -70.1917, 43.8396 ], [ -70.191, 43.84 ], [ -70.186, 43.8352 ], [ -70.1855, 43.8365 ], [ -70.1832, 43.8379 ], [ -70.188, 43.8421 ], [ -70.1866, 43.8428 ], [ -70.1819, 43.8386 ], [ -70.1813, 43.839 ], [ -70.1821, 43.8397 ], [ -70.1799, 43.8405 ], [ -70.1793, 43.84 ], [ -70.1739, 43.8429 ], [ -70.1524, 43.8229 ], [ -70.1534, 43.8213 ], [ -70.1522, 43.8183 ], [ -70.1536, 43.8172 ], [ -70.1525, 43.8164 ], [ -70.1512, 43.8162 ], [ -70.1509, 43.8156 ], [ -70.1512, 43.8147 ], [ -70.1523, 43.8143 ], [ -70.1524, 43.8151 ], [ -70.1529, 43.8153 ], [ -70.1536, 43.8148 ], [ -70.1533, 43.8131 ], [ -70.1642, 43.8096 ], [ -70.1704, 43.8041 ], [ -70.1751, 43.8048 ], [ -70.1816, 43.8035 ], [ -70.1842, 43.8026 ], [ -70.1852, 43.8038 ], [ -70.1871, 43.8044 ], [ -70.189, 43.8055 ], [ -70.1881, 43.808 ], [ -70.1914, 43.8074 ], [ -70.1892, 43.7929 ], [ -70.1896, 43.791 ], [ -70.1908, 43.789 ], [ -70.1956, 43.7817 ], [ -70.2021, 43.7876 ], [ -70.2096, 43.783 ], [ -70.2125, 43.7856 ], [ -70.205, 43.7901 ], [ -70.2151, 43.7991 ], [ -70.2228, 43.7947 ], [ -70.2278, 43.7991 ], [ -70.2201, 43.8039 ] ] ] } },
{ "type": "Feature", "properties": { "GEOIDFQ": "1400000US23005016500", "NAME": "165", "NAMELSAD": "Census Tract 165" }, "geometry": { "type": "Polygon", "coordinates": [ [ [ -70.8003, 43.8578 ], [ -70.7984, 43.8585 ], [ -70.796, 43.8583 ], [ -70.794, 43.8574 ], [ -70.7933, 43.8575 ], [ -70.7928, 43.8588 ], [ -70.7931, 43.8595 ], [ -70.7967, 43.8615 ], [ -70.7982, 43.8633 ], [ -70.7815, 43.8739 ], [ -70.7805, 43.8682 ], [ -70.7663, 43.8772 ], [ -70.7653, 43.8715 ], [ -70.7439, 43.8858 ], [ -70.7503, 43.8859 ], [ -70.7509, 43.8861 ], [ -70.7504, 43.8864 ], [ -70.7497, 43.8876 ], [ -70.7506, 43.8883 ], [ -70.7525, 43.8888 ], [ -70.7549, 43.8884 ], [ -70.7552, 43.8886 ], [ -70.7569, 43.8998 ], [ -70.7577, 43.9011 ], [ -70.7571, 43.9051 ], [ -70.7579, 43.9069 ], [ -70.7556, 43.9087 ], [ -70.7545, 43.9087 ], [ -70.7543, 43.9098 ], [ -70.7537, 43.9102 ], [ -70.7531, 43.9116 ], [ -70.7525, 43.9119 ], [ -70.7531, 43.9128 ], [ -70.7524, 43.9135 ], [ -70.7525, 43.914 ], [ -70.7297, 43.9284 ], [ -70.7475, 43.9459 ], [ -70.7154, 43.9618 ], [ -70.7022, 43.9477 ], [ -70.6895, 43.9542 ], [ -70.6887, 43.9524 ], [ -70.6875, 43.9517 ], [ -70.6866, 43.9501 ], [ -70.6832, 43.9484 ], [ -70.6823, 43.9482 ], [ -70.6816, 43.9474 ], [ -70.6798, 43.9464 ], [ -70.6793, 43.9452 ], [ -70.6759, 43.9432 ], [ -70.6726, 43.9426 ], [ -70.671, 43.9413 ], [ -70.6709, 43.9404 ], [ -70.67, 43.9398 ], [ -70.6703, 43.9394 ], [ -70.6718, 43.9396 ], [ -70.6722, 43.9392 ], [ -70.6717, 43.9384 ], [ -70.6709, 43.9378 ], [ -70.6694, 43.9385 ], [ -70.6697, 43.9377 ], [ -70.6703, 43.9374 ], [ -70.67, 43.9364 ], [ -70.6703, 43.9361 ], [ -70.6712, 43.9365 ], [ -70.6718, 43.9374 ], [ -70.6722, 43.937 ], [ -70.6721, 43.936 ], [ -70.6574, 43.9218 ], [ -70.639, 43.9315 ], [ -70.6239, 43.9153 ], [ -70.6106, 43.921 ], [ -70.6028, 43.9135 ], [ -70.6017, 43.915 ], [ -70.5968, 43.9157 ], [ -70.5948, 43.9141 ], [ -70.5912, 43.9145 ], [ -70.59, 43.9141 ], [ -70.5898, 43.9134 ], [ -70.5863, 43.9127 ], [ -70.5855, 43.9117 ], [ -70.5806, 43.9113 ], [ -70.5433, 43.8715 ], [ -70.5357, 43.864 ], [ -70.6125, 43.8479 ], [ -70.6682, 43.7925 ], [ -70.6686, 43.7936 ], [ -70.6693, 43.794 ], [ -70.6701, 43.7941 ], [ -70.6712, 43.7938 ], [ -70.6715, 43.7929 ], [ -70.6711, 43.7901 ], [ -70.6717, 43.7891 ], [ -70.6736, 43.7884 ], [ -70.6753, 43.7891 ], [ -70.6762, 43.7918 ], [ -70.6773, 43.7932 ], [ -70.6812, 43.7955 ], [ -70.6817, 43.7966 ], [ -70.6843, 43.7968 ], [ -70.688, 43.7964 ], [ -70.6896, 43.7958 ], [ -70.6905, 43.7973 ], [ -70.6941, 43.798 ], [ -70.6941, 43.799 ], [ -70.6926, 43.8023 ], [ -70.6933, 43.8042 ], [ -70.6944, 43.805 ], [ -70.6954, 43.8052 ], [ -70.6977, 43.8048 ], [ -70.6989, 43.804 ], [ -70.7006, 43.8009 ], [ -70.7006, 43.7987 ], [ -70.7015, 43.7979 ], [ -70.7022, 43.7978 ], [ -70.7033, 43.798 ], [ -70.7081, 43.8002 ], [ -70.7126, 43.7996 ], [ -70.7161, 43.7977 ], [ -70.7171, 43.7966 ], [ -70.7173, 43.7957 ], [ -70.7186, 43.7949 ], [ -70.7266, 43.7942 ], [ -70.7294, 43.7928 ], [ -70.7314, 43.7902 ], [ -70.7332, 43.7896 ], [ -70.7409, 43.7889 ], [ -70.7453, 43.788 ], [ -70.7506, 43.7894 ], [ -70.7532, 43.7888 ], [ -70.7552, 43.7891 ], [ -70.7655, 43.792 ], [ -70.7678, 43.7936 ], [ -70.7751, 43.8007 ], [ -70.7769, 43.8018 ], [ -70.7793, 43.8027 ], [ -70.7803, 43.8035 ], [ -70.7811, 43.8054 ], [ -70.7811, 43.8072 ], [ -70.7817, 43.8093 ], [ -70.7812, 43.8119 ], [ -70.7829, 43.8139 ], [ -70.7834, 43.8157 ], [ -70.7835, 43.8174 ], [ -70.7816, 43.8229 ], [ -70.7816, 43.8236 ], [ -70.7853, 43.8284 ], [ -70.7871, 43.8326 ], [ -70.7895, 43.8336 ], [ -70.7924, 43.8332 ], [ -70.7943, 43.8343 ], [ -70.7947, 43.8354 ], [ -70.7948, 43.841 ], [ -70.7935, 43.8433 ], [ -70.7934, 43.8444 ], [ -70.7923, 43.8457 ], [ -70.7925, 43.8473 ], [ -70.7933, 43.8486 ], [ -70.7957, 43.8505 ], [ -70.7958, 43.8511 ], [ -70.795, 43.8521 ], [ -70.7993, 43.8538 ], [ -70.8014, 43.8555 ], [ -70.8016, 43.8561 ], [ -70.8003, 43.8578 ] ] ] } },
{ "type": "Feature", "properties": { "GEOIDFQ": "1400000US23025965700", "NAME": "9657", "NAMELSAD": "Census Tract 9657" }, "geometry": { "type": "Polygon", "coordinates": [ [ [ -69.4952, 45.0374 ], [ -69.4999, 45.0538 ], [ -69.3557, 45.0735 ], [ -69.3358, 45.0043 ], [ -69.3055, 44.896 ], [ -69.3745, 44.887 ], [ -69.4402, 44.8789 ], [ -69.4446, 44.893 ], [ -69.4629, 44.8907 ], [ -69.4628, 44.8926 ], [ -69.4652, 44.896 ], [ -69.4665, 44.8969 ], [ -69.4681, 44.897 ], [ -69.4692, 44.8979 ], [ -69.4713, 44.9015 ], [ -69.471, 44.9053 ], [ -69.4715, 44.9075 ], [ -69.4709, 44.9081 ], [ -69.4708, 44.9092 ], [ -69.4718, 44.9156 ], [ -69.4728, 44.9171 ], [ -69.4719, 44.9213 ], [ -69.4718, 44.9236 ], [ -69.4703, 44.9271 ], [ -69.471, 44.9301 ], [ -69.4708, 44.9304 ], [ -69.4695, 44.9303 ], [ -69.468, 44.9321 ], [ -69.4695, 44.9351 ], [ -69.4683, 44.9361 ], [ -69.4684, 44.9379 ], [ -69.4681, 44.939 ], [ -69.4677, 44.939 ], [ -69.4839, 45.0001 ], [ -69.4924, 45.0283 ], [ -69.5156, 45.025 ], [ -69.5186, 45.0343 ], [ -69.4952, 45.0374 ] ] ] } },
{ "type": "Feature", "properties": { "GEOIDFQ": "1400000US23005003300", "NAME": "33", "NAMELSAD": "Census Tract 33" }, "geometry": { "type": "Polygon", "coordinates": [ [ [ -70.3075, 43.6185 ], [ -70.2918, 43.6303 ], [ -70.2868, 43.6298 ], [ -70.284, 43.6288 ], [ -70.2778, 43.6279 ], [ -70.2728, 43.6245 ], [ -70.2718, 43.6232 ], [ -70.2682, 43.6249 ], [ -70.263, 43.6248 ], [ -70.2715, 43.6186 ], [ -70.2774, 43.6155 ], [ -70.2797, 43.6123 ], [ -70.2806, 43.6102 ], [ -70.283, 43.6078 ], [ -70.2879, 43.6009 ], [ -70.3126, 43.6135 ], [ -70.3075, 43.6185 ] ] ] } },
{ "type": "Feature", "properties": { "GEOIDFQ": "1400000US23005003200", "NAME": "32", "NAMELSAD": "Census Tract 32" }, "geometry": { "type": "Polygon", "coordinates": [ [ [ -70.2622, 43.6419 ], [ -70.2611, 43.6424 ], [ -70.2583, 43.6448 ], [ -70.2543, 43.6476 ], [ -70.2525, 43.6463 ], [ -70.2494, 43.6423 ], [ -70.2472, 43.6429 ], [ -70.2462, 43.6442 ], [ -70.2443, 43.641 ], [ -70.2452, 43.6407 ], [ -70.2443, 43.6391 ], [ -70.2397, 43.6426 ], [ -70.2351, 43.6452 ], [ -70.2338, 43.6444 ], [ -70.231, 43.6435 ], [ -70.2304, 43.6421 ], [ -70.2308, 43.6392 ], [ -70.2345, 43.636 ], [ -70.2367, 43.6372 ], [ -70.2385, 43.6366 ], [ -70.2407, 43.6364 ], [ -70.2414, 43.6349 ], [ -70.2438, 43.6347 ], [ -70.2461, 43.635 ], [ -70.2483, 43.636 ], [ -70.2505, 43.6347 ], [ -70.2542, 43.6342 ], [ -70.2559, 43.6344 ], [ -70.2569, 43.6338 ], [ -70.2587, 43.6337 ], [ -70.2591, 43.6351 ], [ -70.2643, 43.6418 ], [ -70.2622, 43.6419 ] ] ] } },
{ "type": "Feature", "properties": { "GEOIDFQ": "1400000US23027045000", "NAME": "450", "NAMELSAD": "Census Tract 450" }, "geometry": { "type": "Polygon", "coordinates": [ [ [ -69.3859, 44.3655 ], [ -69.3822, 44.4015 ], [ -69.3396, 44.4494 ], [ -69.3074, 44.493 ], [ -69.3047, 44.498 ], [ -69.303, 44.5001 ], [ -69.3142, 44.5036 ], [ -69.3109, 44.5045 ], [ -69.3087, 44.5068 ], [ -69.3079, 44.507 ], [ -69.3077, 44.5079 ], [ -69.3062, 44.5085 ], [ -69.3052, 44.5095 ], [ -69.3049, 44.5104 ], [ -69.3042, 44.5109 ], [ -69.3044, 44.5117 ], [ -69.3029, 44.5148 ], [ -69.3007, 44.5161 ], [ -69.2981, 44.5171 ], [ -69.2965, 44.5187 ], [ -69.2942, 44.5203 ], [ -69.2912, 44.5217 ], [ -69.2898, 44.5221 ], [ -69.2892, 44.5227 ], [ -69.2917, 44.5339 ], [ -69.2834, 44.5548 ], [ -69.2805, 44.5482 ], [ -69.2285, 44.5563 ], [ -69.1787, 44.5649 ], [ -69.1527, 44.4908 ], [ -69.1484, 44.4822 ], [ -69.1488, 44.4801 ], [ -69.1462, 44.4716 ], [ -69.16, 44.4698 ], [ -69.1294, 44.441 ], [ -69.1124, 44.4239 ], [ -69.0656, 44.373 ], [ -69.0823, 44.3609 ], [ -69.078, 44.3587 ], [ -69.1285, 44.3232 ], [ -69.1709, 44.2926 ], [ -69.1876, 44.3046 ], [ -69.2442, 44.3469 ], [ -69.2689, 44.3647 ], [ -69.3466, 44.3083 ], [ -69.3944, 44.3429 ], [ -69.3859, 44.3655 ] ] ] } },
{ "type": "Feature", "properties": { "GEOIDFQ": "1400000US23027041000", "NAME": "410", "NAMELSAD": "Census Tract 410" }, "geometry": { "type": "Polygon", "coordinates": [ [ [ -68.8967, 44.6917 ], [ -68.8959, 44.6892 ], [ -68.8654, 44.6942 ], [ -68.866, 44.697 ], [ -68.8375, 44.7021 ], [ -68.8362, 44.6985 ], [ -68.8362, 44.6976 ], [ -68.8378, 44.6949 ], [ -68.8377, 44.6937 ], [ -68.837, 44.6923 ], [ -68.8349, 44.691 ], [ -68.823, 44.6878 ], [ -68.8192, 44.6875 ], [ -68.8171, 44.6864 ], [ -68.8159, 44.6843 ], [ -68.8148, 44.6781 ], [ -68.8123, 44.6729 ], [ -68.8118, 44.671 ], [ -68.8121, 44.6693 ], [ -68.8129, 44.6685 ], [ -68.8196, 44.6656 ], [ -68.8224, 44.664 ], [ -68.825, 44.6597 ], [ -68.8316, 44.6516 ], [ -68.8328, 44.6488 ], [ -68.8335, 44.6446 ], [ -68.8349, 44.6415 ], [ -68.8391, 44.6351 ], [ -68.8449, 44.6286 ], [ -68.8469, 44.6253 ], [ -68.8475, 44.6198 ], [ -68.847, 44.6172 ], [ -68.8457, 44.6148 ], [ -68.8632, 44.6205 ], [ -68.8674, 44.6246 ], [ -68.8724, 44.6266 ], [ -68.8727, 44.6288 ], [ -68.8736, 44.6303 ], [ -68.8757, 44.6327 ], [ -68.878, 44.6343 ], [ -68.8791, 44.6365 ], [ -68.8831, 44.6389 ], [ -68.8846, 44.6394 ], [ -68.8877, 44.6387 ], [ -68.8896, 44.6373 ], [ -68.8937, 44.6361 ], [ -68.8973, 44.6375 ], [ -68.9103, 44.6378 ], [ -68.9134, 44.6357 ], [ -68.9167, 44.6353 ], [ -68.9191, 44.6345 ], [ -68.9202, 44.6338 ], [ -68.9206, 44.6326 ], [ -68.9212, 44.6324 ], [ -68.9228, 44.6331 ], [ -68.9233, 44.6344 ], [ -68.926, 44.6342 ], [ -68.9271, 44.6332 ], [ -68.931, 44.631 ], [ -68.9321, 44.6299 ], [ -68.934, 44.6295 ], [ -68.9349, 44.6288 ], [ -68.9374, 44.6286 ], [ -68.9378, 44.6274 ], [ -68.9411, 44.6268 ], [ -68.9416, 44.6258 ], [ -68.9427, 44.625 ], [ -68.9456, 44.6239 ], [ -68.9475, 44.6235 ], [ -68.9482, 44.6224 ], [ -68.9512, 44.62 ], [ -68.9513, 44.6189 ], [ -68.9541, 44.6187 ], [ -68.9566, 44.6198 ], [ -68.9602, 44.6169 ], [ -68.9615, 44.6171 ], [ -68.9623, 44.6182 ], [ -68.9623, 44.6188 ], [ -68.9609, 44.6198 ], [ -68.9606, 44.6205 ], [ -68.9633, 44.6219 ], [ -68.9647, 44.6216 ], [ -68.9654, 44.6209 ], [ -68.9655, 44.62 ], [ -68.9645, 44.619 ], [ -68.9643, 44.6181 ], [ -68.9653, 44.6169 ], [ -68.9665, 44.6165 ], [ -68.979, 44.6216 ], [ -68.9802, 44.6204 ], [ -68.9915, 44.6254 ], [ -68.9994, 44.6205 ], [ -69.0142, 44.6718 ], [ -68.8967, 44.6917 ] ] ] } },
{ "type": "Feature", "properties": { "GEOIDFQ": "1400000US23027042000", "NAME": "420", "NAMELSAD": "Census Tract 420" }, "geometry": { "type": "Polygon", "coordinates": [ [ [ -68.9917, 44.5961 ], [ -68.9904, 44.596 ], [ -68.9899, 44.5958 ], [ -68.9898, 44.5947 ], [ -68.9884, 44.5957 ], [ -68.9869, 44.5961 ], [ -68.985, 44.5953 ], [ -68.9844, 44.5964 ], [ -68.9845, 44.5978 ], [ -68.987, 44.5994 ], [ -68.9869, 44.5999 ], [ -68.9863, 44.6002 ], [ -68.985, 44.5993 ], [ -68.9843, 44.5995 ], [ -68.9837, 44.6007 ], [ -68.98, 44.6048 ], [ -68.9757, 44.6073 ], [ -68.9737, 44.6096 ], [ -68.9714, 44.6106 ], [ -68.9706, 44.6125 ], [ -68.9693, 44.6131 ], [ -68.9682, 44.6133 ], [ -68.9673, 44.6159 ], [ -68.9653, 44.6169 ], [ -68.9645, 44.6178 ], [ -68.9644, 44.6189 ], [ -68.9656, 44.6204 ], [ -68.9644, 44.6217 ], [ -68.9633, 44.6219 ], [ -68.9606, 44.6205 ], [ -68.9609, 44.6198 ], [ -68.9623, 44.6188 ], [ -68.9623, 44.6181 ], [ -68.9611, 44.617 ], [ -68.9599, 44.6171 ], [ -68.9576, 44.6193 ], [ -68.9565, 44.6199 ], [ -68.9541, 44.6187 ], [ -68.9516, 44.6188 ], [ -68.9511, 44.6191 ], [ -68.9512, 44.62 ], [ -68.9482, 44.6224 ], [ -68.9475, 44.6235 ], [ -68.9456, 44.6239 ], [ -68.9427, 44.625 ], [ -68.9416, 44.6258 ], [ -68.9411, 44.6268 ], [ -68.9378, 44.6274 ], [ -68.9374, 44.6286 ], [ -68.9349, 44.6288 ], [ -68.934, 44.6295 ], [ -68.9321, 44.6299 ], [ -68.931, 44.631 ], [ -68.9271, 44.6332 ], [ -68.926, 44.6342 ], [ -68.9233, 44.6344 ], [ -68.9228, 44.6331 ], [ -68.9212, 44.6324 ], [ -68.9206, 44.6326 ], [ -68.9202, 44.6338 ], [ -68.9191, 44.6345 ], [ -68.9167, 44.6353 ], [ -68.9134, 44.6357 ], [ -68.9103, 44.6378 ], [ -68.8973, 44.6375 ], [ -68.8937, 44.6361 ], [ -68.8896, 44.6373 ], [ -68.8877, 44.6387 ], [ -68.8846, 44.6394 ], [ -68.8831, 44.6389 ], [ -68.8791, 44.6365 ], [ -68.878, 44.6343 ], [ -68.8757, 44.6327 ], [ -68.8736, 44.6303 ], [ -68.8727, 44.6288 ], [ -68.8724, 44.6266 ], [ -68.8674, 44.6246 ], [ -68.8632, 44.6205 ], [ -68.8457, 44.6148 ], [ -68.8427, 44.6117 ], [ -68.8359, 44.608 ], [ -68.8307, 44.6043 ], [ -68.8267, 44.5999 ], [ -68.8217, 44.5932 ], [ -68.8188, 44.5877 ], [ -68.8154, 44.5784 ], [ -68.8126, 44.5748 ], [ -68.8105, 44.5728 ], [ -68.8078, 44.5712 ], [ -68.8062, 44.5707 ], [ -68.8011, 44.57 ], [ -68.7996, 44.5694 ], [ -68.7983, 44.5683 ], [ -68.798, 44.5671 ], [ -68.7983, 44.5658 ], [ -68.7997, 44.5633 ], [ -68.8048, 44.557 ], [ -68.8057, 44.5551 ], [ -68.8062, 44.5523 ], [ -68.8033, 44.5434 ], [ -68.8033, 44.5273 ], [ -68.7955, 44.5089 ], [ -68.7932, 44.5015 ], [ -68.7924, 44.4964 ], [ -68.7926, 44.4929 ], [ -68.7947, 44.486 ], [ -68.7951, 44.4774 ], [ -68.7971, 44.4684 ], [ -68.8001, 44.4631 ], [ -68.8046, 44.4584 ], [ -68.8092, 44.4549 ], [ -68.8246, 44.445 ], [ -68.829, 44.4418 ], [ -68.8407, 44.4313 ], [ -68.844, 44.4277 ], [ -68.8493, 44.4208 ], [ -68.8519, 44.416 ], [ -68.8531, 44.4124 ], [ -68.8866, 44.4109 ], [ -68.9354, 44.4051 ], [ -68.9555, 44.4005 ], [ -68.9578, 44.4286 ], [ -68.9631, 44.4479 ], [ -68.9637, 44.4478 ], [ -68.9662, 44.4575 ], [ -68.9691, 44.4572 ], [ -68.9715, 44.4665 ], [ -68.9745, 44.4662 ], [ -68.9768, 44.475 ], [ -68.978, 44.4749 ], [ -68.9815, 44.4873 ], [ -68.9782, 44.4889 ], [ -68.9812, 44.492 ], [ -68.9656, 44.4991 ], [ -68.9824, 44.5587 ], [ -68.9718, 44.5602 ], [ -68.9875, 44.5791 ], [ -68.9925, 44.5956 ], [ -68.9917, 44.5961 ] ] ] } },
{ "type": "Feature", "properties": { "GEOIDFQ": "1400000US23027044000", "NAME": "440", "NAMELSAD": "Census Tract 440" }, "geometry": { "type": "Polygon", "coordinates": [ [ [ -69.1285, 44.3232 ], [ -69.078, 44.3587 ], [ -69.0823, 44.3609 ], [ -69.0656, 44.373 ], [ -69.0606, 44.3674 ], [ -69.0418, 44.3751 ], [ -69.0067, 44.3906 ], [ -68.9992, 44.3961 ], [ -68.9979, 44.395 ], [ -68.9973, 44.3935 ], [ -68.9967, 44.3931 ], [ -68.9902, 44.3951 ], [ -68.989, 44.3946 ], [ -68.9875, 44.3932 ], [ -68.9354, 44.4051 ], [ -68.8866, 44.4109 ], [ -68.8531, 44.4124 ], [ -68.8535, 44.408 ], [ -68.8534, 44.4033 ], [ -68.8515, 44.3956 ], [ -68.8487, 44.3894 ], [ -68.8424, 44.3798 ], [ -68.8409, 44.3762 ], [ -68.8405, 44.3699 ], [ -68.8413, 44.3614 ], [ -68.8433, 44.3559 ], [ -68.8482, 44.3465 ], [ -68.8544, 44.3359 ], [ -68.8575, 44.332 ], [ -68.859, 44.3287 ], [ -68.8601, 44.3245 ], [ -68.8606, 44.3203 ], [ -68.8601, 44.3024 ], [ -68.8606, 44.2991 ], [ -68.8618, 44.2949 ], [ -68.8671, 44.2849 ], [ -68.8721, 44.2773 ], [ -68.8785, 44.2691 ], [ -68.8843, 44.2594 ], [ -68.8861, 44.2539 ], [ -68.8868, 44.2505 ], [ -68.8876, 44.2413 ], [ -68.8897, 44.2298 ], [ -68.8934, 44.2173 ], [ -68.8964, 44.2099 ], [ -68.9166, 44.1667 ], [ -69.0, 44.1667 ], [ -69.0048, 44.2032 ], [ -69.0132, 44.2106 ], [ -69.0284, 44.249 ], [ -69.0431, 44.2596 ], [ -69.1216, 44.2556 ], [ -69.1709, 44.2926 ], [ -69.1285, 44.3232 ] ] ] } },
{ "type": "Feature", "properties": { "GEOIDFQ": "1400000US23027047000", "NAME": "470", "NAMELSAD": "Census Tract 470" }, "geometry": { "type": "Polygon", "coordinates": [ [ [ -69.0886, 44.6593 ], [ -69.0142, 44.6718 ], [ -68.9994, 44.6205 ], [ -68.9915, 44.6254 ], [ -68.9802, 44.6204 ], [ -68.979, 44.6216 ], [ -68.9665, 44.6165 ], [ -68.9674, 44.6158 ], [ -68.9682, 44.6133 ], [ -68.9693, 44.6131 ], [ -68.9706, 44.6125 ], [ -68.9714, 44.6106 ], [ -68.9737, 44.6096 ], [ -68.9757, 44.6073 ], [ -68.98, 44.6048 ], [ -68.9837, 44.6007 ], [ -68.9843, 44.5995 ], [ -68.985, 44.5993 ], [ -68.9863, 44.6002 ], [ -68.9869, 44.5999 ], [ -68.987, 44.5994 ], [ -68.9845, 44.5978 ], [ -68.9844, 44.5964 ], [ -68.985, 44.5953 ], [ -68.9869, 44.5961 ], [ -68.9884, 44.5957 ], [ -68.9898, 44.5947 ], [ -68.9899, 44.5958 ], [ -68.9904, 44.596 ], [ -68.9917, 44.5961 ], [ -68.9925, 44.5955 ], [ -68.9875, 44.5791 ], [ -68.9718, 44.5602 ], [ -68.9824, 44.5587 ], [ -68.9656, 44.4991 ], [ -68.9974, 44.4845 ], [ -69.0761, 44.4495 ], [ -69.1183, 44.4298 ], [ -69.1294, 44.441 ], [ -69.16, 44.4698 ], [ -69.1462, 44.4716 ], [ -69.1488, 44.4801 ], [ -69.1484, 44.4822 ], [ -69.1527, 44.4908 ], [ -69.1785, 44.5643 ], [ -69.2042, 44.6406 ], [ -69.0886, 44.6593 ] ] ] } },
{ "type": "Feature", "properties": { "GEOIDFQ": "1400000US23031028003", "NAME": "280.03", "NAMELSAD": "Census Tract 280.03" }, "geometry": { "type": "Polygon", "coordinates": [ [ [ -70.5519, 43.4239 ], [ -70.5476, 43.4298 ], [ -70.5467, 43.4291 ], [ -70.5458, 43.4294 ], [ -70.5452, 43.429 ], [ -70.545, 43.43 ], [ -70.5434, 43.4298 ], [ -70.5423, 43.4286 ], [ -70.5426, 43.4281 ], [ -70.5436, 43.4277 ], [ -70.5426, 43.4274 ], [ -70.5432, 43.4264 ], [ -70.5426, 43.4256 ], [ -70.5417, 43.4255 ], [ -70.5416, 43.4251 ], [ -70.5426, 43.4243 ], [ -70.5441, 43.424 ], [ -70.5451, 43.4231 ], [ -70.5422, 43.4212 ], [ -70.5401, 43.4205 ], [ -70.5397, 43.4194 ], [ -70.5377, 43.4191 ], [ -70.5372, 43.4187 ], [ -70.5361, 43.4169 ], [ -70.5379, 43.4157 ], [ -70.5381, 43.4148 ], [ -70.5367, 43.413 ], [ -70.5364, 43.4109 ], [ -70.5355, 43.4083 ], [ -70.5344, 43.4075 ], [ -70.5335, 43.4059 ], [ -70.5318, 43.4048 ], [ -70.5302, 43.4049 ], [ -70.5286, 43.4044 ], [ -70.5271, 43.4037 ], [ -70.5264, 43.4028 ], [ -70.5319, 43.3946 ], [ -70.5367, 43.3888 ], [ -70.5372, 43.3878 ], [ -70.5426, 43.385 ], [ -70.541, 43.3824 ], [ -70.5417, 43.3803 ], [ -70.5413, 43.3791 ], [ -70.5417, 43.3786 ], [ -70.5386, 43.3781 ], [ -70.5358, 43.3747 ], [ -70.5421, 43.3676 ], [ -70.5432, 43.3679 ], [ -70.5473, 43.3707 ], [ -70.5499, 43.3735 ], [ -70.5523, 43.3736 ], [ -70.559, 43.3604 ], [ -70.5595, 43.3608 ], [ -70.5593, 43.3615 ], [ -70.5599, 43.363 ], [ -70.5611, 43.3625 ], [ -70.5616, 43.3628 ], [ -70.562, 43.3632 ], [ -70.5617, 43.3641 ], [ -70.5623, 43.3648 ], [ -70.5633, 43.3645 ], [ -70.5637, 43.3647 ], [ -70.5649, 43.3676 ], [ -70.5663, 43.3675 ], [ -70.5681, 43.3682 ], [ -70.5683, 43.3693 ], [ -70.569, 43.3693 ], [ -70.5693, 43.3697 ], [ -70.5733, 43.371 ], [ -70.5751, 43.372 ], [ -70.5749, 43.3732 ], [ -70.5759, 43.3738 ], [ -70.576, 43.3745 ], [ -70.5783, 43.3767 ], [ -70.5519, 43.4239 ] ] ] } },
{ "type": "Feature", "properties": { "GEOIDFQ": "1400000US23031024501", "NAME": "245.01", "NAMELSAD": "Census Tract 245.01" }, "geometry": { "type": "Polygon", "coordinates": [ [ [ -70.6478, 43.5825 ], [ -70.6436, 43.5757 ], [ -70.5695, 43.4963 ], [ -70.6231, 43.441 ], [ -70.6424, 43.4207 ], [ -70.6894, 43.4814 ], [ -70.7117, 43.5086 ], [ -70.7176, 43.5122 ], [ -70.6478, 43.5825 ] ] ] } },
{ "type": "Feature", "properties": { "GEOIDFQ": "1400000US23031032001", "NAME": "320.01", "NAMELSAD": "Census Tract 320.01" }, "geometry": { "type": "Polygon", "coordinates": [ [ [ -70.9248, 43.3251 ], [ -70.923, 43.3256 ], [ -70.872, 43.3621 ], [ -70.871, 43.3579 ], [ -70.8677, 43.3523 ], [ -70.8646, 43.343 ], [ -70.8653, 43.3394 ], [ -70.8641, 43.3381 ], [ -70.8635, 43.3361 ], [ -70.8654, 43.3207 ], [ -70.8647, 43.3189 ], [ -70.865, 43.318 ], [ -70.8637, 43.3155 ], [ -70.8632, 43.3134 ], [ -70.8574, 43.3086 ], [ -70.852, 43.3067 ], [ -70.8444, 43.3013 ], [ -70.8449, 43.3008 ], [ -70.842, 43.2988 ], [ -70.8393, 43.2954 ], [ -70.8373, 43.2937 ], [ -70.837, 43.2912 ], [ -70.836, 43.2895 ], [ -70.8334, 43.2882 ], [ -70.8317, 43.2869 ], [ -70.8314, 43.2862 ], [ -70.8305, 43.2862 ], [ -70.8305, 43.2854 ], [ -70.8298, 43.2851 ], [ -70.8287, 43.2839 ], [ -70.8296, 43.2826 ], [ -70.8309, 43.2822 ], [ -70.831, 43.2815 ], [ -70.8328, 43.281 ], [ -70.8328, 43.2799 ], [ -70.8321, 43.2779 ], [ -70.8326, 43.2774 ], [ -70.8343, 43.2768 ], [ -70.8346, 43.2764 ], [ -70.8344, 43.2751 ], [ -70.8352, 43.2751 ], [ -70.8355, 43.2747 ], [ -70.835, 43.2735 ], [ -70.8353, 43.2729 ], [ -70.8344, 43.2719 ], [ -70.8357, 43.2692 ], [ -70.8349, 43.2684 ], [ -70.8347, 43.267 ], [ -70.8366, 43.2665 ], [ -70.8371, 43.2656 ], [ -70.8341, 43.2623 ], [ -70.834, 43.2615 ], [ -70.8378, 43.2605 ], [ -70.8385, 43.2593 ], [ -70.8578, 43.2662 ], [ -70.859, 43.2653 ], [ -70.8609, 43.2649 ], [ -70.8636, 43.2659 ], [ -70.8638, 43.2652 ], [ -70.8659, 43.2658 ], [ -70.8694, 43.2659 ], [ -70.8705, 43.2665 ], [ -70.8712, 43.2676 ], [ -70.8727, 43.2686 ], [ -70.8727, 43.27 ], [ -70.8743, 43.2719 ], [ -70.8768, 43.2724 ], [ -70.8806, 43.2723 ], [ -70.8822, 43.2725 ], [ -70.8831, 43.273 ], [ -70.8836, 43.274 ], [ -70.8838, 43.2772 ], [ -70.8827, 43.2789 ], [ -70.8851, 43.2798 ], [ -70.8858, 43.2808 ], [ -70.8856, 43.2815 ], [ -70.8838, 43.2828 ], [ -70.8836, 43.2834 ], [ -70.8842, 43.2835 ], [ -70.8856, 43.2829 ], [ -70.8872, 43.2827 ], [ -70.8907, 43.2841 ], [ -70.8967, 43.2853 ], [ -70.898, 43.2872 ], [ -70.899, 43.2874 ], [ -70.8993, 43.2879 ], [ -70.8981, 43.2913 ], [ -70.8963, 43.2921 ], [ -70.8973, 43.2927 ], [ -70.9003, 43.2915 ], [ -70.9018, 43.2913 ], [ -70.9037, 43.2924 ], [ -70.9044, 43.2912 ], [ -70.9059, 43.2915 ], [ -70.9075, 43.2933 ], [ -70.9074, 43.2937 ], [ -70.9062, 43.294 ], [ -70.9055, 43.2955 ], [ -70.9039, 43.2968 ], [ -70.9006, 43.2974 ], [ -70.8978, 43.2967 ], [ -70.8963, 43.2984 ], [ -70.8971, 43.299 ], [ -70.8989, 43.2992 ], [ -70.8995, 43.3011 ], [ -70.902, 43.3014 ], [ -70.9014, 43.3028 ], [ -70.9026, 43.3042 ], [ -70.9026, 43.3056 ], [ -70.9037, 43.3063 ], [ -70.9048, 43.3064 ], [ -70.9065, 43.3047 ], [ -70.907, 43.3047 ], [ -70.9099, 43.3067 ], [ -70.9126, 43.3076 ], [ -70.9138, 43.3089 ], [ -70.9138, 43.3094 ], [ -70.9135, 43.3096 ], [ -70.9117, 43.3094 ], [ -70.9113, 43.3104 ], [ -70.9154, 43.3154 ], [ -70.9127, 43.3159 ], [ -70.9118, 43.3157 ], [ -70.9117, 43.3163 ], [ -70.9134, 43.3171 ], [ -70.9136, 43.3182 ], [ -70.912, 43.3186 ], [ -70.9114, 43.3197 ], [ -70.9164, 43.3197 ], [ -70.917, 43.3203 ], [ -70.9168, 43.3221 ], [ -70.9204, 43.3212 ], [ -70.9202, 43.3218 ], [ -70.9183, 43.3231 ], [ -70.9192, 43.3244 ], [ -70.923, 43.3233 ], [ -70.9244, 43.3239 ], [ -70.925, 43.3247 ], [ -70.9248, 43.3251 ] ] ] } },
{ "type": "Feature", "properties": { "GEOIDFQ": "1400000US23031034006", "NAME": "340.06", "NAMELSAD": "Census Tract 340.06" }, "geometry": { "type": "Polygon", "coordinates": [ [ [ -70.65, 43.2625 ], [ -70.6503, 43.2636 ], [ -70.6492, 43.2644 ], [ -70.648, 43.264 ], [ -70.6454, 43.2643 ], [ -70.6447, 43.2639 ], [ -70.6439, 43.2643 ], [ -70.6429, 43.2643 ], [ -70.6407, 43.264 ], [ -70.6392, 43.2634 ], [ -70.6377, 43.2639 ], [ -70.6357, 43.2635 ], [ -70.6351, 43.264 ], [ -70.6336, 43.2644 ], [ -70.6318, 43.2654 ], [ -70.6305, 43.2652 ], [ -70.6301, 43.2639 ], [ -70.6293, 43.2642 ], [ -70.6285, 43.263 ], [ -70.6279, 43.2627 ], [ -70.6273, 43.2641 ], [ -70.6254, 43.2639 ], [ -70.6214, 43.2666 ], [ -70.6205, 43.2663 ], [ -70.6182, 43.2668 ], [ -70.6168, 43.2664 ], [ -70.6146, 43.2676 ], [ -70.6135, 43.2677 ], [ -70.6128, 43.2675 ], [ -70.612, 43.2661 ], [ -70.6102, 43.2646 ], [ -70.6095, 43.2645 ], [ -70.6081, 43.2655 ], [ -70.6077, 43.2677 ], [ -70.6061, 43.269 ], [ -70.6044, 43.2693 ], [ -70.6028, 43.2691 ], [ -70.5999, 43.2702 ], [ -70.599, 43.2699 ], [ -70.5983, 43.2712 ], [ -70.5977, 43.2708 ], [ -70.5959, 43.2716 ], [ -70.5942, 43.2712 ], [ -70.5917, 43.2684 ], [ -70.5898, 43.2688 ], [ -70.5893, 43.2684 ], [ -70.5841, 43.267 ], [ -70.5889, 43.2578 ], [ -70.5912, 43.2494 ], [ -70.5902, 43.2476 ], [ -70.5874, 43.2445 ], [ -70.5856, 43.242 ], [ -70.5843, 43.2348 ], [ -70.5831, 43.2332 ], [ -70.5787, 43.2298 ], [ -70.5774, 43.2281 ], [ -70.5814, 43.2293 ], [ -70.5997, 43.2371 ], [ -70.6512, 43.2602 ], [ -70.65, 43.2625 ] ] ] } },
{ "type": "Feature", "properties": { "GEOIDFQ": "1400000US23031023501", "NAME": "235.01", "NAMELSAD": "Census Tract 235.01" }, "geometry": { "type": "Polygon", "coordinates": [ [ [ -70.9716, 43.6141 ], [ -70.9656, 43.6123 ], [ -70.9604, 43.6121 ], [ -70.9568, 43.6123 ], [ -70.9549, 43.6111 ], [ -70.949, 43.6085 ], [ -70.9481, 43.6075 ], [ -70.9451, 43.607 ], [ -70.9415, 43.6052 ], [ -70.9404, 43.6051 ], [ -70.9357, 43.6057 ], [ -70.9336, 43.6048 ], [ -70.9324, 43.605 ], [ -70.9289, 43.6028 ], [ -70.9295, 43.6021 ], [ -70.9288, 43.6008 ], [ -70.9274, 43.6012 ], [ -70.9267, 43.6019 ], [ -70.9251, 43.6013 ], [ -70.9255, 43.6009 ], [ -70.9253, 43.6004 ], [ -70.9238, 43.6001 ], [ -70.9229, 43.6004 ], [ -70.9218, 43.6016 ], [ -70.9197, 43.6017 ], [ -70.919, 43.6014 ], [ -70.9187, 43.6008 ], [ -70.9162, 43.6006 ], [ -70.9148, 43.5995 ], [ -70.9121, 43.5982 ], [ -70.912, 43.5974 ], [ -70.9085, 43.5976 ], [ -70.8984, 43.5734 ], [ -70.8983, 43.5723 ], [ -70.8926, 43.568 ], [ -70.8903, 43.5625 ], [ -70.8881, 43.5586 ], [ -70.8792, 43.5468 ], [ -70.8752, 43.5312 ], [ -70.8747, 43.5307 ], [ -70.8737, 43.5305 ], [ -70.8724, 43.5309 ], [ -70.8715, 43.5325 ], [ -70.8719, 43.5336 ], [ -70.8706, 43.534 ], [ -70.8687, 43.5357 ], [ -70.8669, 43.5359 ], [ -70.8664, 43.5401 ], [ -70.8659, 43.541 ], [ -70.8652, 43.5415 ], [ -70.8631, 43.5415 ], [ -70.8595, 43.5426 ], [ -70.8591, 43.5418 ], [ -70.8581, 43.5416 ], [ -70.8573, 43.542 ], [ -70.8542, 43.5419 ], [ -70.8529, 43.5427 ], [ -70.8515, 43.5416 ], [ -70.8499, 43.543 ], [ -70.8477, 43.5402 ], [ -70.8424, 43.5377 ], [ -70.8313, 43.5387 ], [ -70.826, 43.5378 ], [ -70.8214, 43.5381 ], [ -70.8191, 43.5373 ], [ -70.8158, 43.5346 ], [ -70.8105, 43.5278 ], [ -70.8102, 43.5269 ], [ -70.8116, 43.5241 ], [ -70.8116, 43.5223 ], [ -70.8131, 43.5209 ], [ -70.8135, 43.5192 ], [ -70.8152, 43.5175 ], [ -70.8155, 43.5169 ], [ -70.8162, 43.5121 ], [ -70.8151, 43.5076 ], [ -70.8152, 43.5054 ], [ -70.8146, 43.5033 ], [ -70.815, 43.5004 ], [ -70.8132, 43.4977 ], [ -70.8092, 43.4934 ], [ -70.8072, 43.4893 ], [ -70.8315, 43.4869 ], [ -70.8289, 43.4742 ], [ -70.9003, 43.4658 ], [ -70.9051, 43.4702 ], [ -70.926, 43.4556 ], [ -70.9357, 43.4639 ], [ -70.9432, 43.4613 ], [ -70.9697, 43.4806 ], [ -70.9689, 43.4807 ], [ -70.9684, 43.4802 ], [ -70.9675, 43.4809 ], [ -70.968, 43.4811 ], [ -70.9679, 43.4817 ], [ -70.9686, 43.4823 ], [ -70.9675, 43.4819 ], [ -70.9672, 43.4825 ], [ -70.9679, 43.4825 ], [ -70.9678, 43.4832 ], [ -70.9689, 43.484 ], [ -70.9682, 43.4843 ], [ -70.9689, 43.4848 ], [ -70.9686, 43.4854 ], [ -70.9694, 43.4856 ], [ -70.9694, 43.4859 ], [ -70.968, 43.4885 ], [ -70.9684, 43.489 ], [ -70.9683, 43.4895 ], [ -70.9676, 43.4898 ], [ -70.9659, 43.4923 ], [ -70.9644, 43.4936 ], [ -70.9648, 43.4947 ], [ -70.9644, 43.4971 ], [ -70.9617, 43.4977 ], [ -70.9588, 43.4994 ], [ -70.9597, 43.5003 ], [ -70.9585, 43.5017 ], [ -70.9586, 43.5032 ], [ -70.9578, 43.505 ], [ -70.958, 43.508 ], [ -70.9568, 43.5089 ], [ -70.9552, 43.509 ], [ -70.9545, 43.5097 ], [ -70.955, 43.5113 ], [ -70.9568, 43.5128 ], [ -70.9561, 43.5146 ], [ -70.9548, 43.5162 ], [ -70.9539, 43.5191 ], [ -70.9539, 43.5223 ], [ -70.9545, 43.5231 ], [ -70.9568, 43.5241 ], [ -70.9572, 43.5249 ], [ -70.9568, 43.5284 ], [ -70.9583, 43.5301 ], [ -70.9578, 43.5315 ], [ -70.9625, 43.5342 ], [ -70.963, 43.5355 ], [ -70.963, 43.5383 ], [ -70.9638, 43.5394 ], [ -70.9614, 43.5402 ], [ -70.9622, 43.5411 ], [ -70.9604, 43.5413 ], [ -70.9588, 43.5406 ], [ -70.9561, 43.5415 ], [ -70.9559, 43.5421 ], [ -70.9551, 43.5406 ], [ -70.9535, 43.5406 ], [ -70.9536, 43.5442 ], [ -70.9532, 43.545 ], [ -70.9525, 43.5454 ], [ -70.952, 43.5498 ], [ -70.9509, 43.5506 ], [ -70.9506, 43.5513 ], [ -70.9518, 43.5524 ], [ -70.9531, 43.5527 ], [ -70.9549, 43.554 ], [ -70.9548, 43.5555 ], [ -70.9552, 43.556 ], [ -70.9556, 43.5589 ], [ -70.9561, 43.5601 ], [ -70.9573, 43.5613 ], [ -70.9628, 43.5634 ], [ -70.9667, 43.5694 ], [ -70.9699, 43.5686 ], [ -70.9727, 43.5703 ], [ -70.9752, 43.6144 ], [ -70.9716, 43.6141 ] ] ] } },
{ "type": "Feature", "properties": { "GEOIDFQ": "1400000US23031020001", "NAME": "200.01", "NAMELSAD": "Census Tract 200.01" }, "geometry": { "type": "Polygon", "coordinates": [ [ [ -70.5938, 43.6425 ], [ -70.5845, 43.6474 ], [ -70.5667, 43.6518 ], [ -70.5598, 43.6578 ], [ -70.5148, 43.6354 ], [ -70.511, 43.6341 ], [ -70.5072, 43.6339 ], [ -70.5054, 43.6334 ], [ -70.4788, 43.6208 ], [ -70.4995, 43.599 ], [ -70.5477, 43.55 ], [ -70.5484, 43.5506 ], [ -70.5485, 43.5515 ], [ -70.5478, 43.5528 ], [ -70.5439, 43.5567 ], [ -70.5434, 43.5581 ], [ -70.5438, 43.5595 ], [ -70.5447, 43.5603 ], [ -70.5492, 43.5626 ], [ -70.5516, 43.5679 ], [ -70.5534, 43.5687 ], [ -70.5552, 43.5689 ], [ -70.5568, 43.5697 ], [ -70.5599, 43.5727 ], [ -70.5605, 43.5742 ], [ -70.5593, 43.5772 ], [ -70.5552, 43.5831 ], [ -70.5557, 43.585 ], [ -70.5583, 43.5861 ], [ -70.5572, 43.5878 ], [ -70.5537, 43.5904 ], [ -70.5542, 43.5998 ], [ -70.5552, 43.6046 ], [ -70.5535, 43.6094 ], [ -70.5515, 43.6108 ], [ -70.5513, 43.6122 ], [ -70.5516, 43.6126 ], [ -70.5557, 43.6142 ], [ -70.5598, 43.6144 ], [ -70.5651, 43.6161 ], [ -70.569, 43.6151 ], [ -70.5721, 43.6155 ], [ -70.5769, 43.6173 ], [ -70.5822, 43.6204 ], [ -70.5859, 43.6243 ], [ -70.5901, 43.6263 ], [ -70.5919, 43.628 ], [ -70.5924, 43.6304 ], [ -70.5921, 43.6373 ], [ -70.5928, 43.6391 ], [ -70.5946, 43.6417 ], [ -70.5938, 43.6425 ] ] ] } },
{ "type": "Feature", "properties": { "GEOIDFQ": "1400000US23031024502", "NAME": "245.02", "NAMELSAD": "Census Tract 245.02" }, "geometry": { "type": "Polygon", "coordinates": [ [ [ -70.6319, 43.5651 ], [ -70.6292, 43.5654 ], [ -70.6268, 43.5642 ], [ -70.6259, 43.5642 ], [ -70.6249, 43.5632 ], [ -70.6249, 43.5626 ], [ -70.6226, 43.562 ], [ -70.6222, 43.5615 ], [ -70.6204, 43.5613 ], [ -70.6191, 43.5614 ], [ -70.6187, 43.5618 ], [ -70.6182, 43.5616 ], [ -70.617, 43.5622 ], [ -70.6149, 43.5616 ], [ -70.6139, 43.562 ], [ -70.6135, 43.5629 ], [ -70.6127, 43.5629 ], [ -70.611, 43.564 ], [ -70.6097, 43.5643 ], [ -70.6093, 43.5653 ], [ -70.608, 43.5658 ], [ -70.6084, 43.5664 ], [ -70.6082, 43.5676 ], [ -70.6093, 43.5691 ], [ -70.609, 43.5698 ], [ -70.6064, 43.5708 ], [ -70.6045, 43.5735 ], [ -70.6029, 43.5751 ], [ -70.5996, 43.5772 ], [ -70.5979, 43.5777 ], [ -70.5977, 43.5785 ], [ -70.5966, 43.5788 ], [ -70.5961, 43.5794 ], [ -70.5964, 43.5815 ], [ -70.595, 43.5823 ], [ -70.5956, 43.5832 ], [ -70.5947, 43.585 ], [ -70.5915, 43.5877 ], [ -70.5907, 43.5891 ], [ -70.5894, 43.5893 ], [ -70.5883, 43.5891 ], [ -70.587, 43.5896 ], [ -70.5872, 43.5901 ], [ -70.5859, 43.5915 ], [ -70.5845, 43.5943 ], [ -70.5837, 43.5948 ], [ -70.5826, 43.5948 ], [ -70.5806, 43.594 ], [ -70.5754, 43.5911 ], [ -70.5668, 43.5889 ], [ -70.5632, 43.5874 ], [ -70.5576, 43.586 ], [ -70.5557, 43.585 ], [ -70.5552, 43.5838 ], [ -70.5554, 43.5826 ], [ -70.5594, 43.577 ], [ -70.5605, 43.5738 ], [ -70.5599, 43.5727 ], [ -70.5568, 43.5697 ], [ -70.5552, 43.5689 ], [ -70.5534, 43.5687 ], [ -70.5516, 43.5679 ], [ -70.5508, 43.5668 ], [ -70.5494, 43.5628 ], [ -70.5447, 43.5603 ], [ -70.5438, 43.5595 ], [ -70.5435, 43.5575 ], [ -70.5444, 43.5561 ], [ -70.5481, 43.5523 ], [ -70.5486, 43.551 ], [ -70.5481, 43.5502 ], [ -70.5452, 43.549 ], [ -70.5417, 43.5493 ], [ -70.537, 43.5509 ], [ -70.5327, 43.5539 ], [ -70.5312, 43.5545 ], [ -70.5295, 43.5546 ], [ -70.5271, 43.5532 ], [ -70.5239, 43.5506 ], [ -70.5199, 43.5453 ], [ -70.5193, 43.5451 ], [ -70.5158, 43.5455 ], [ -70.5348, 43.5263 ], [ -70.5653, 43.4943 ], [ -70.5695, 43.4963 ], [ -70.6343, 43.566 ], [ -70.6319, 43.5651 ] ] ] } },
{ "type": "Feature", "properties": { "GEOIDFQ": "1400000US23019031100", "NAME": "311", "NAMELSAD": "Census Tract 311" }, "geometry": { "type": "Polygon", "coordinates": [ [ [ -68.7444, 44.8802 ], [ -68.7414, 44.8789 ], [ -68.7209, 44.8637 ], [ -68.7308, 44.855 ], [ -68.7289, 44.8476 ], [ -68.7411, 44.8326 ], [ -68.7447, 44.8294 ], [ -68.7498, 44.8268 ], [ -68.771, 44.8197 ], [ -68.7796, 44.8189 ], [ -68.7865, 44.8161 ], [ -68.7885, 44.8147 ], [ -68.7932, 44.8172 ], [ -68.795, 44.8188 ], [ -68.7991, 44.8213 ], [ -68.8007, 44.8233 ], [ -68.8019, 44.8241 ], [ -68.8052, 44.825 ], [ -68.8069, 44.8265 ], [ -68.8071, 44.828 ], [ -68.8078, 44.8293 ], [ -68.8068, 44.831 ], [ -68.8079, 44.8355 ], [ -68.8078, 44.8374 ], [ -68.8066, 44.8406 ], [ -68.8091, 44.8426 ], [ -68.8097, 44.844 ], [ -68.8084, 44.8467 ], [ -68.8097, 44.8498 ], [ -68.8105, 44.8502 ], [ -68.8135, 44.8504 ], [ -68.8167, 44.8524 ], [ -68.8186, 44.8527 ], [ -68.8223, 44.8545 ], [ -68.8239, 44.8544 ], [ -68.8253, 44.8536 ], [ -68.8261, 44.8535 ], [ -68.8286, 44.8545 ], [ -68.829, 44.8564 ], [ -68.8287, 44.8575 ], [ -68.8294, 44.8593 ], [ -68.8313, 44.8605 ], [ -68.831, 44.8621 ], [ -68.8314, 44.863 ], [ -68.8318, 44.8633 ], [ -68.8341, 44.8636 ], [ -68.8354, 44.8642 ], [ -68.8377, 44.8662 ], [ -68.8386, 44.8677 ], [ -68.7444, 44.8802 ] ] ] } },
{ "type": "Feature", "properties": { "GEOIDFQ": "1400000US23009965504", "NAME": "9655.04", "NAMELSAD": "Census Tract 9655.04" }, "geometry": { "type": "Polygon", "coordinates": [ [ [ -68.5677, 44.6463 ], [ -68.5684, 44.6495 ], [ -68.5551, 44.6514 ], [ -68.5543, 44.6485 ], [ -68.4187, 44.6661 ], [ -68.414, 44.6485 ], [ -68.4094, 44.65 ], [ -68.406, 44.65 ], [ -68.4039, 44.6495 ], [ -68.4003, 44.6473 ], [ -68.3987, 44.6458 ], [ -68.3981, 44.6432 ], [ -68.4008, 44.6378 ], [ -68.4005, 44.6365 ], [ -68.3988, 44.6354 ], [ -68.3921, 44.6336 ], [ -68.3905, 44.6325 ], [ -68.3899, 44.631 ], [ -68.3913, 44.6281 ], [ -68.3919, 44.6258 ], [ -68.3912, 44.6228 ], [ -68.3918, 44.619 ], [ -68.3932, 44.6161 ], [ -68.3951, 44.6131 ], [ -68.3958, 44.6125 ], [ -68.3977, 44.612 ], [ -68.403, 44.6118 ], [ -68.4181, 44.608 ], [ -68.4325, 44.6016 ], [ -68.4352, 44.5986 ], [ -68.4414, 44.5904 ], [ -68.4422, 44.5906 ], [ -68.4432, 44.5897 ], [ -68.4431, 44.5885 ], [ -68.4436, 44.5883 ], [ -68.4422, 44.5857 ], [ -68.4403, 44.5842 ], [ -68.4392, 44.582 ], [ -68.4402, 44.5797 ], [ -68.4409, 44.5763 ], [ -68.4456, 44.5744 ], [ -68.4456, 44.5738 ], [ -68.4443, 44.572 ], [ -68.4443, 44.5699 ], [ -68.4436, 44.5675 ], [ -68.4444, 44.5669 ], [ -68.4444, 44.5661 ], [ -68.4438, 44.5655 ], [ -68.4447, 44.5649 ], [ -68.447, 44.5641 ], [ -68.4478, 44.5631 ], [ -68.4479, 44.562 ], [ -68.4475, 44.5616 ], [ -68.446, 44.5619 ], [ -68.4458, 44.561 ], [ -68.4466, 44.556 ], [ -68.4476, 44.5558 ], [ -68.4473, 44.5543 ], [ -68.4462, 44.5534 ], [ -68.4459, 44.5518 ], [ -68.445, 44.5514 ], [ -68.4442, 44.5499 ], [ -68.4424, 44.5486 ], [ -68.438, 44.5488 ], [ -68.4372, 44.5482 ], [ -68.4332, 44.5472 ], [ -68.4321, 44.5462 ], [ -68.4315, 44.5445 ], [ -68.4307, 44.5442 ], [ -68.4299, 44.5444 ], [ -68.4274, 44.5426 ], [ -68.426, 44.5395 ], [ -68.4248, 44.5392 ], [ -68.4241, 44.5386 ], [ -68.4236, 44.5368 ], [ -68.4237, 44.535 ], [ -68.4245, 44.5337 ], [ -68.4256, 44.5334 ], [ -68.4263, 44.5327 ], [ -68.4263, 44.5302 ], [ -68.4268, 44.5295 ], [ -68.4258, 44.5293 ], [ -68.4258, 44.5285 ], [ -68.4277, 44.5258 ], [ -68.4273, 44.5237 ], [ -68.4259, 44.5219 ], [ -68.4255, 44.5204 ], [ -68.4263, 44.519 ], [ -68.4264, 44.5175 ], [ -68.4274, 44.5167 ], [ -68.4271, 44.5154 ], [ -68.4282, 44.5136 ], [ -68.4279, 44.5125 ], [ -68.4286, 44.5095 ], [ -68.4314, 44.5071 ], [ -68.433, 44.5068 ], [ -68.4347, 44.5052 ], [ -68.4334, 44.5042 ], [ -68.433, 44.5018 ], [ -68.4557, 44.5036 ], [ -68.4725, 44.5133 ], [ -68.4995, 44.5223 ], [ -68.5173, 44.5278 ], [ -68.5174, 44.5294 ], [ -68.5182, 44.53 ], [ -68.5267, 44.5325 ], [ -68.5356, 44.5366 ], [ -68.5394, 44.5388 ], [ -68.5449, 44.5427 ], [ -68.5477, 44.5441 ], [ -68.5511, 44.5452 ], [ -68.5546, 44.5457 ], [ -68.5589, 44.5455 ], [ -68.5644, 44.5445 ], [ -68.5669, 44.5446 ], [ -68.5719, 44.549 ], [ -68.5729, 44.5505 ], [ -68.5757, 44.5522 ], [ -68.5771, 44.5524 ], [ -68.5795, 44.5519 ], [ -68.582, 44.5518 ], [ -68.5873, 44.5524 ], [ -68.5905, 44.5535 ], [ -68.5939, 44.556 ], [ -68.5959, 44.5569 ], [ -68.579, 44.5816 ], [ -68.6398, 44.6367 ], [ -68.5677, 44.6463 ] ] ] } },
{ "type": "Feature", "properties": { "GEOIDFQ": "1400000US23009965503", "NAME": "9655.03", "NAMELSAD": "Census Tract 9655.03" }, "geometry": { "type": "Polygon", "coordinates": [ [ [ -68.4475, 44.5638 ], [ -68.4438, 44.5653 ], [ -68.4444, 44.5661 ], [ -68.4444, 44.5669 ], [ -68.4436, 44.5675 ], [ -68.4443, 44.5699 ], [ -68.4443, 44.572 ], [ -68.4456, 44.5738 ], [ -68.4456, 44.5744 ], [ -68.4409, 44.5763 ], [ -68.4402, 44.5797 ], [ -68.4392, 44.582 ], [ -68.4403, 44.5842 ], [ -68.4422, 44.5857 ], [ -68.4436, 44.5883 ], [ -68.4431, 44.5885 ], [ -68.4432, 44.5897 ], [ -68.4422, 44.5906 ], [ -68.4414, 44.5904 ], [ -68.4352, 44.5986 ], [ -68.4325, 44.6016 ], [ -68.4181, 44.608 ], [ -68.4043, 44.6115 ], [ -68.3841, 44.5323 ], [ -68.3943, 44.5001 ], [ -68.4024, 44.4782 ], [ -68.4254, 44.4724 ], [ -68.4332, 44.4757 ], [ -68.4346, 44.4759 ], [ -68.433, 44.4772 ], [ -68.4318, 44.4795 ], [ -68.4312, 44.4855 ], [ -68.4288, 44.4951 ], [ -68.4303, 44.5016 ], [ -68.433, 44.5018 ], [ -68.4334, 44.5042 ], [ -68.4347, 44.5052 ], [ -68.433, 44.5068 ], [ -68.4314, 44.5071 ], [ -68.4286, 44.5095 ], [ -68.4279, 44.5125 ], [ -68.4282, 44.5136 ], [ -68.4271, 44.5154 ], [ -68.4274, 44.5167 ], [ -68.4264, 44.5175 ], [ -68.4263, 44.519 ], [ -68.4255, 44.5204 ], [ -68.4259, 44.5219 ], [ -68.4273, 44.5237 ], [ -68.4277, 44.5258 ], [ -68.4258, 44.5285 ], [ -68.4258, 44.5293 ], [ -68.4268, 44.5295 ], [ -68.4263, 44.5302 ], [ -68.4263, 44.5327 ], [ -68.4256, 44.5334 ], [ -68.4245, 44.5337 ], [ -68.4237, 44.535 ], [ -68.4236, 44.5368 ], [ -68.4241, 44.5386 ], [ -68.4248, 44.5392 ], [ -68.426, 44.5395 ], [ -68.4274, 44.5426 ], [ -68.4299, 44.5444 ], [ -68.4307, 44.5442 ], [ -68.4315, 44.5445 ], [ -68.4321, 44.5462 ], [ -68.4332, 44.5472 ], [ -68.4372, 44.5482 ], [ -68.438, 44.5488 ], [ -68.4424, 44.5486 ], [ -68.4442, 44.5499 ], [ -68.445, 44.5514 ], [ -68.4459, 44.5518 ], [ -68.4462, 44.5534 ], [ -68.4472, 44.554 ], [ -68.4476, 44.5556 ], [ -68.4466, 44.556 ], [ -68.4465, 44.5583 ], [ -68.446, 44.5586 ], [ -68.4459, 44.5619 ], [ -68.4472, 44.5615 ], [ -68.4479, 44.562 ], [ -68.4475, 44.5638 ] ] ] } },
{ "type": "Feature", "properties": { "GEOIDFQ": "1400000US23009966700", "NAME": "9667", "NAMELSAD": "Census Tract 9667" }, "geometry": { "type": "Polygon", "coordinates": [ [ [ -68.4481, 44.4023 ], [ -68.4446, 44.4096 ], [ -68.4457, 44.4153 ], [ -68.4466, 44.4272 ], [ -68.448, 44.435 ], [ -68.4478, 44.4359 ], [ -68.4448, 44.44 ], [ -68.4429, 44.4448 ], [ -68.4428, 44.4516 ], [ -68.4465, 44.4699 ], [ -68.446, 44.4705 ], [ -68.439, 44.4735 ], [ -68.4346, 44.4759 ], [ -68.4332, 44.4757 ], [ -68.4254, 44.4724 ], [ -68.4024, 44.4782 ], [ -68.3943, 44.5001 ], [ -68.3841, 44.5323 ], [ -68.396, 44.579 ], [ -68.3129, 44.5907 ], [ -68.2888, 44.56 ], [ -68.2863, 44.5582 ], [ -68.2803, 44.5561 ], [ -68.2786, 44.5553 ], [ -68.2683, 44.5451 ], [ -68.2669, 44.5443 ], [ -68.2539, 44.539 ], [ -68.2466, 44.5342 ], [ -68.238, 44.5292 ], [ -68.225, 44.5246 ], [ -68.2243, 44.5239 ], [ -68.2237, 44.5221 ], [ -68.2226, 44.5212 ], [ -68.2131, 44.5192 ], [ -68.2095, 44.5179 ], [ -68.2074, 44.5165 ], [ -68.2068, 44.5144 ], [ -68.2079, 44.5071 ], [ -68.2075, 44.4993 ], [ -68.2079, 44.4985 ], [ -68.2111, 44.496 ], [ -68.2126, 44.4929 ], [ -68.2132, 44.4885 ], [ -68.2127, 44.4855 ], [ -68.213, 44.4841 ], [ -68.2193, 44.4792 ], [ -68.2202, 44.478 ], [ -68.2205, 44.4764 ], [ -68.22, 44.4744 ], [ -68.2172, 44.471 ], [ -68.2077, 44.4629 ], [ -68.2048, 44.4451 ], [ -68.2075, 44.4449 ], [ -68.216, 44.4433 ], [ -68.2201, 44.4436 ], [ -68.2308, 44.4464 ], [ -68.2476, 44.4526 ], [ -68.2495, 44.4515 ], [ -68.2531, 44.4509 ], [ -68.2586, 44.4502 ], [ -68.2684, 44.4496 ], [ -68.2811, 44.4442 ], [ -68.2857, 44.4431 ], [ -68.2913, 44.4429 ], [ -68.2971, 44.4439 ], [ -68.3006, 44.445 ], [ -68.3129, 44.451 ], [ -68.3154, 44.4515 ], [ -68.3176, 44.4513 ], [ -68.3217, 44.4495 ], [ -68.329, 44.4453 ], [ -68.3322, 44.4441 ], [ -68.3341, 44.4436 ], [ -68.337, 44.4435 ], [ -68.3432, 44.4439 ], [ -68.3459, 44.4431 ], [ -68.3486, 44.4415 ], [ -68.3505, 44.4394 ], [ -68.3525, 44.4338 ], [ -68.3576, 44.4294 ], [ -68.3576, 44.4281 ], [ -68.3543, 44.424 ], [ -68.3607, 44.4206 ], [ -68.3693, 44.4233 ], [ -68.3781, 44.4164 ], [ -68.3782, 44.4158 ], [ -68.3757, 44.4117 ], [ -68.3751, 44.408 ], [ -68.3745, 44.4069 ], [ -68.3745, 44.4019 ], [ -68.3784, 44.3997 ], [ -68.3847, 44.3968 ], [ -68.3886, 44.3955 ], [ -68.3962, 44.3947 ], [ -68.3977, 44.3948 ], [ -68.3995, 44.3956 ], [ -68.4018, 44.3956 ], [ -68.4138, 44.3895 ], [ -68.4198, 44.3856 ], [ -68.4261, 44.3856 ], [ -68.4367, 44.3842 ], [ -68.4397, 44.3847 ], [ -68.4413, 44.3869 ], [ -68.4476, 44.3933 ], [ -68.4484, 44.3949 ], [ -68.4487, 44.3965 ], [ -68.4481, 44.4023 ] ] ] } },
{ "type": "Feature", "properties": { "GEOIDFQ": "1400000US23019940000", "NAME": "9400", "NAMELSAD": "Census Tract 9400" }, "geometry": { "type": "MultiPolygon", "coordinates": [ [ [ [ -68.6879, 44.9632 ], [ -68.6878, 44.9637 ], [ -68.6884, 44.9644 ], [ -68.6876, 44.9669 ], [ -68.6838, 44.9719 ], [ -68.6833, 44.9732 ], [ -68.6833, 44.9741 ], [ -68.6841, 44.9753 ], [ -68.6811, 44.9789 ], [ -68.6794, 44.9797 ], [ -68.6794, 44.9846 ], [ -68.6783, 44.9871 ], [ -68.6773, 44.9879 ], [ -68.675, 44.9884 ], [ -68.6736, 44.9883 ], [ -68.6698, 44.9863 ], [ -68.6618, 44.9788 ], [ -68.6587, 44.9773 ], [ -68.6563, 44.977 ], [ -68.6544, 44.976 ], [ -68.6525, 44.9734 ], [ -68.6517, 44.9697 ], [ -68.6481, 44.9684 ], [ -68.6459, 44.9671 ], [ -68.6431, 44.9672 ], [ -68.642, 44.971 ], [ -68.6394, 44.9742 ], [ -68.6397, 44.9758 ], [ -68.6414, 44.9788 ], [ -68.6422, 44.9852 ], [ -68.6425, 44.9859 ], [ -68.6429, 44.9856 ], [ -68.6432, 44.986 ], [ -68.6431, 44.9865 ], [ -68.6426, 44.9864 ], [ -68.6428, 44.987 ], [ -68.6466, 44.9931 ], [ -68.6485, 44.9995 ], [ -68.6503, 45.0032 ], [ -68.6493, 45.0092 ], [ -68.6493, 45.0123 ], [ -68.6504, 45.0173 ], [ -68.6528, 45.0233 ], [ -68.6558, 45.0278 ], [ -68.6644, 45.0364 ], [ -68.6664, 45.0404 ], [ -68.6673, 45.0433 ], [ -68.6672, 45.0483 ], [ -68.6651, 45.0566 ], [ -68.6666, 45.063 ], [ -68.6675, 45.0651 ], [ -68.6696, 45.0681 ], [ -68.6703, 45.0703 ], [ -68.6698, 45.0705 ], [ -68.6684, 45.0731 ], [ -68.6662, 45.075 ], [ -68.6676, 45.0765 ], [ -68.668, 45.0783 ], [ -68.6671, 45.0874 ], [ -68.6648, 45.0905 ], [ -68.6628, 45.0921 ], [ -68.6625, 45.0931 ], [ -68.6626, 45.0955 ], [ -68.6644, 45.0996 ], [ -68.6644, 45.1012 ], [ -68.6628, 45.1025 ], [ -68.6557, 45.1062 ], [ -68.6557, 45.1059 ], [ -68.6523, 45.1061 ], [ -68.6484, 45.1057 ], [ -68.6457, 45.1069 ], [ -68.6435, 45.112 ], [ -68.6435, 45.1132 ], [ -68.6457, 45.1184 ], [ -68.6461, 45.1202 ], [ -68.6456, 45.121 ], [ -68.6463, 45.1209 ], [ -68.6454, 45.1214 ], [ -68.6454, 45.1222 ], [ -68.6441, 45.1233 ], [ -68.6429, 45.1252 ], [ -68.6417, 45.1256 ], [ -68.638, 45.1259 ], [ -68.6361, 45.1279 ], [ -68.6351, 45.1279 ], [ -68.632, 45.1304 ], [ -68.6313, 45.1306 ], [ -68.6296, 45.1334 ], [ -68.6264, 45.137 ], [ -68.6261, 45.1396 ], [ -68.6244, 45.1418 ], [ -68.624, 45.1436 ], [ -68.6256, 45.1476 ], [ -68.6259, 45.1493 ], [ -68.6267, 45.1503 ], [ -68.6299, 45.1518 ], [ -68.6351, 45.1563 ], [ -68.6384, 45.1622 ], [ -68.6398, 45.1634 ], [ -68.6418, 45.1669 ], [ -68.6417, 45.1681 ], [ -68.6396, 45.1695 ], [ -68.636, 45.1695 ], [ -68.6348, 45.1709 ], [ -68.6346, 45.1723 ], [ -68.6334, 45.1734 ], [ -68.6333, 45.1745 ], [ -68.633, 45.1743 ], [ -68.6332, 45.1735 ], [ -68.6315, 45.1744 ], [ -68.6304, 45.1756 ], [ -68.6285, 45.1801 ], [ -68.6248, 45.1835 ], [ -68.6233, 45.1896 ], [ -68.6245, 45.1945 ], [ -68.6269, 45.2003 ], [ -68.6293, 45.2039 ], [ -68.6317, 45.2061 ], [ -68.6339, 45.2075 ], [ -68.6371, 45.2084 ], [ -68.6405, 45.2109 ], [ -68.6477, 45.2196 ], [ -68.6481, 45.2203 ], [ -68.6476, 45.2197 ], [ -68.647, 45.2197 ], [ -68.6479, 45.2215 ], [ -68.6513, 45.2237 ], [ -68.652, 45.2245 ], [ -68.6532, 45.227 ], [ -68.6522, 45.2308 ], [ -68.6523, 45.2346 ], [ -68.6532, 45.2363 ], [ -68.655, 45.2386 ], [ -68.6552, 45.2399 ], [ -68.655, 45.2419 ], [ -68.6545, 45.2401 ], [ -68.654, 45.2399 ], [ -68.6535, 45.2402 ], [ -68.6543, 45.2423 ], [ -68.6546, 45.2422 ], [ -68.6544, 45.2475 ], [ -68.6535, 45.2484 ], [ -68.6515, 45.2492 ], [ -68.6517, 45.2495 ], [ -68.6501, 45.2505 ], [ -68.6492, 45.2542 ], [ -68.6467, 45.2566 ], [ -68.6459, 45.2581 ], [ -68.6455, 45.2628 ], [ -68.6467, 45.2673 ], [ -68.6469, 45.2697 ], [ -68.6464, 45.2709 ], [ -68.6448, 45.2717 ], [ -68.6441, 45.2726 ], [ -68.644, 45.277 ], [ -68.6418, 45.2813 ], [ -68.6417, 45.2884 ], [ -68.6426, 45.2916 ], [ -68.6424, 45.2931 ], [ -68.6419, 45.2935 ], [ -68.6412, 45.2954 ], [ -68.6392, 45.2963 ], [ -68.637, 45.2956 ], [ -68.635, 45.2936 ], [ -68.6325, 45.2943 ], [ -68.6303, 45.2959 ], [ -68.6295, 45.2978 ], [ -68.6277, 45.3 ], [ -68.6275, 45.3021 ], [ -68.628, 45.3026 ], [ -68.6303, 45.3039 ], [ -68.6338, 45.3041 ], [ -68.6353, 45.3055 ], [ -68.6356, 45.3078 ], [ -68.6347, 45.3115 ], [ -68.6321, 45.3146 ], [ -68.6302, 45.3155 ], [ -68.6282, 45.3175 ], [ -68.6259, 45.3186 ], [ -68.6259, 45.3191 ], [ -68.6225, 45.3195 ], [ -68.6211, 45.319 ], [ -68.6172, 45.3195 ], [ -68.6143, 45.3204 ], [ -68.6114, 45.3222 ], [ -68.6089, 45.3245 ], [ -68.6056, 45.326 ], [ -68.6012, 45.3305 ], [ -68.5975, 45.3326 ], [ -68.5953, 45.333 ], [ -68.5937, 45.3337 ], [ -68.5905, 45.3367 ], [ -68.5886, 45.3394 ], [ -68.5873, 45.3407 ], [ -68.5829, 45.3428 ], [ -68.5819, 45.3436 ], [ -68.5798, 45.3457 ], [ -68.578, 45.3485 ], [ -68.577, 45.3493 ], [ -68.5731, 45.3508 ], [ -68.5668, 45.3517 ], [ -68.5645, 45.3529 ], [ -68.5583, 45.3582 ], [ -68.554, 45.3604 ], [ -68.5488, 45.3638 ], [ -68.5475, 45.3664 ], [ -68.5435, 45.3711 ], [ -68.5391, 45.3746 ], [ -68.5363, 45.3762 ], [ -68.5314, 45.3782 ], [ -68.5278, 45.3815 ], [ -68.5174, 45.3848 ], [ -68.5157, 45.3849 ], [ -68.5164, 45.3861 ], [ -68.5156, 45.3872 ], [ -68.5159, 45.3881 ], [ -68.5152, 45.3888 ], [ -68.5156, 45.3881 ], [ -68.5154, 45.3869 ], [ -68.5161, 45.3858 ], [ -68.5137, 45.3858 ], [ -68.5125, 45.3851 ], [ -68.5126, 45.3847 ], [ -68.5097, 45.384 ], [ -68.5067, 45.386 ], [ -68.5053, 45.3857 ], [ -68.5043, 45.3861 ], [ -68.5029, 45.388 ], [ -68.5009, 45.3892 ], [ -68.4978, 45.3932 ], [ -68.4976, 45.3956 ], [ -68.4993, 45.3978 ], [ -68.4958, 45.4068 ], [ -68.4955, 45.4068 ], [ -68.4954, 45.4078 ], [ -68.4931, 45.4114 ], [ -68.4888, 45.4154 ], [ -68.4883, 45.417 ], [ -68.4869, 45.419 ], [ -68.487, 45.4181 ], [ -68.4857, 45.419 ], [ -68.482, 45.4205 ], [ -68.481, 45.4212 ], [ -68.4803, 45.4222 ], [ -68.4807, 45.4213 ], [ -68.4768, 45.4242 ], [ -68.4728, 45.4266 ], [ -68.4724, 45.4266 ], [ -68.4686, 45.4294 ], [ -68.467, 45.4296 ], [ -68.4608, 45.4322 ], [ -68.4567, 45.4349 ], [ -68.4564, 45.4346 ], [ -68.4544, 45.4365 ], [ -68.4539, 45.4365 ], [ -68.4519, 45.4379 ], [ -68.4497, 45.4389 ], [ -68.4447, 45.4403 ], [ -68.4423, 45.4421 ], [ -68.4372, 45.4475 ], [ -68.435, 45.4492 ], [ -68.4304, 45.4513 ], [ -68.4272, 45.4537 ], [ -68.4266, 45.4538 ], [ -68.4274, 45.4531 ], [ -68.4235, 45.4548 ], [ -68.42, 45.4582 ], [ -68.418, 45.4588 ], [ -68.4109, 45.4621 ], [ -68.4075, 45.4647 ], [ -68.4007, 45.4676 ], [ -68.3978, 45.4707 ], [ -68.3976, 45.4717 ], [ -68.3978, 45.4704 ], [ -68.3965, 45.4713 ], [ -68.3958, 45.4738 ], [ -68.3936, 45.4777 ], [ -68.3895, 45.4797 ], [ -68.3859, 45.4805 ], [ -68.3849, 45.4838 ], [ -68.3834, 45.4855 ], [ -68.3777, 45.4884 ], [ -68.3743, 45.4896 ], [ -68.3724, 45.4898 ], [ -68.3715, 45.4902 ], [ -68.3709, 45.4916 ], [ -68.3711, 45.4939 ], [ -68.3699, 45.4964 ], [ -68.3694, 45.4962 ], [ -68.3672, 45.4985 ], [ -68.3649, 45.4997 ], [ -68.3638, 45.501 ], [ -68.3622, 45.5016 ], [ -68.3604, 45.5029 ], [ -68.3601, 45.5037 ], [ -68.3617, 45.5084 ], [ -68.3606, 45.5114 ], [ -68.3632, 45.5162 ], [ -68.365, 45.524 ], [ -68.3668, 45.526 ], [ -68.3684, 45.5293 ], [ -68.3687, 45.5321 ], [ -68.3707, 45.5353 ], [ -68.3734, 45.5374 ], [ -68.3752, 45.5413 ], [ -68.3774, 45.5441 ], [ -68.3811, 45.5462 ], [ -68.383, 45.5489 ], [ -68.3869, 45.5527 ], [ -68.3885, 45.5534 ], [ -68.3943, 45.5584 ], [ -68.4026, 45.5629 ], [ -68.4078, 45.5687 ], [ -68.4089, 45.5692 ], [ -68.4097, 45.5692 ], [ -68.4099, 45.5695 ], [ -68.4104, 45.5691 ], [ -68.4125, 45.5704 ], [ -68.41, 45.5722 ], [ -68.4029, 45.5677 ], [ -68.4004, 45.5645 ], [ -68.395, 45.5614 ], [ -68.3929, 45.5609 ], [ -68.3912, 45.5599 ], [ -68.3865, 45.5547 ], [ -68.3849, 45.5536 ], [ -68.3844, 45.554 ], [ -68.3843, 45.5532 ], [ -68.382, 45.5515 ], [ -68.3813, 45.5497 ], [ -68.3803, 45.5486 ], [ -68.3742, 45.5447 ], [ -68.373, 45.5429 ], [ -68.3695, 45.5401 ], [ -68.3663, 45.5283 ], [ -68.3652, 45.5258 ], [ -68.3631, 45.5236 ], [ -68.3623, 45.5219 ], [ -68.3624, 45.5181 ], [ -68.3601, 45.5136 ], [ -68.3601, 45.513 ], [ -68.3596, 45.5129 ], [ -68.359, 45.5122 ], [ -68.3589, 45.5103 ], [ -68.3595, 45.5087 ], [ -68.3592, 45.5072 ], [ -68.3577, 45.5043 ], [ -68.3582, 45.5031 ], [ -68.36, 45.501 ], [ -68.3614, 45.5001 ], [ -68.3633, 45.4979 ], [ -68.3631, 45.4962 ], [ -68.3634, 45.4943 ], [ -68.3662, 45.492 ], [ -68.3672, 45.4917 ], [ -68.3682, 45.4901 ], [ -68.367, 45.4904 ], [ -68.3686, 45.4894 ], [ -68.3685, 45.4891 ], [ -68.3715, 45.4886 ], [ -68.3714, 45.4892 ], [ -68.3722, 45.4885 ], [ -68.3747, 45.4879 ], [ -68.3805, 45.4844 ], [ -68.382, 45.4827 ], [ -68.3824, 45.481 ], [ -68.3834, 45.4796 ], [ -68.3836, 45.4784 ], [ -68.3831, 45.4783 ], [ -68.3837, 45.4775 ], [ -68.3862, 45.4755 ], [ -68.3875, 45.4738 ], [ -68.3884, 45.4718 ], [ -68.3925, 45.4677 ], [ -68.3957, 45.4657 ], [ -68.4007, 45.4649 ], [ -68.4023, 45.4638 ], [ -68.4048, 45.4611 ], [ -68.4062, 45.4605 ], [ -68.4088, 45.4602 ], [ -68.4089, 45.4598 ], [ -68.411, 45.4593 ], [ -68.4143, 45.4572 ], [ -68.4195, 45.455 ], [ -68.4233, 45.4503 ], [ -68.4226, 45.4503 ], [ -68.4242, 45.4498 ], [ -68.4256, 45.4489 ], [ -68.4284, 45.4457 ], [ -68.4333, 45.4437 ], [ -68.4354, 45.4421 ], [ -68.4407, 45.439 ], [ -68.4449, 45.4375 ], [ -68.4452, 45.4378 ], [ -68.4481, 45.438 ], [ -68.4507, 45.437 ], [ -68.4514, 45.4359 ], [ -68.4535, 45.4344 ], [ -68.4577, 45.4327 ], [ -68.461, 45.4305 ], [ -68.4628, 45.4297 ], [ -68.4638, 45.4272 ], [ -68.4648, 45.426 ], [ -68.4703, 45.4234 ], [ -68.4766, 45.418 ], [ -68.4791, 45.417 ], [ -68.4811, 45.417 ], [ -68.4829, 45.4175 ], [ -68.4847, 45.4169 ], [ -68.4847, 45.4172 ], [ -68.486, 45.4163 ], [ -68.4868, 45.4147 ], [ -68.4885, 45.413 ], [ -68.4912, 45.4111 ], [ -68.4921, 45.4088 ], [ -68.4935, 45.407 ], [ -68.4951, 45.4025 ], [ -68.4961, 45.4012 ], [ -68.4964, 45.3991 ], [ -68.4956, 45.397 ], [ -68.4949, 45.3963 ], [ -68.4949, 45.3949 ], [ -68.4966, 45.3911 ], [ -68.4984, 45.3896 ], [ -68.5012, 45.3852 ], [ -68.503, 45.3836 ], [ -68.5025, 45.3824 ], [ -68.5029, 45.3809 ], [ -68.5035, 45.3803 ], [ -68.5049, 45.3797 ], [ -68.507, 45.3764 ], [ -68.5093, 45.3755 ], [ -68.5126, 45.3757 ], [ -68.515, 45.3745 ], [ -68.5205, 45.3737 ], [ -68.5221, 45.3726 ], [ -68.5256, 45.3715 ], [ -68.5305, 45.3719 ], [ -68.5349, 45.3707 ], [ -68.5366, 45.3683 ], [ -68.5412, 45.3648 ], [ -68.5443, 45.3634 ], [ -68.5482, 45.3603 ], [ -68.5518, 45.357 ], [ -68.5535, 45.3561 ], [ -68.5555, 45.3558 ], [ -68.5567, 45.3552 ], [ -68.5567, 45.3549 ], [ -68.5574, 45.3548 ], [ -68.5608, 45.3516 ], [ -68.5604, 45.3517 ], [ -68.56, 45.3515 ], [ -68.5614, 45.3513 ], [ -68.5626, 45.3505 ], [ -68.5677, 45.3439 ], [ -68.5709, 45.3413 ], [ -68.5714, 45.3396 ], [ -68.5719, 45.3399 ], [ -68.5713, 45.3411 ], [ -68.5718, 45.3412 ], [ -68.5763, 45.34 ], [ -68.5844, 45.3392 ], [ -68.5863, 45.3378 ], [ -68.5867, 45.3365 ], [ -68.5893, 45.3333 ], [ -68.5935, 45.3312 ], [ -68.5955, 45.3307 ], [ -68.5976, 45.3296 ], [ -68.5974, 45.3293 ], [ -68.5978, 45.3294 ], [ -68.5987, 45.3289 ], [ -68.5983, 45.3293 ], [ -68.6006, 45.3274 ], [ -68.602, 45.3257 ], [ -68.6048, 45.3241 ], [ -68.6044, 45.3238 ], [ -68.6074, 45.3224 ], [ -68.6116, 45.3187 ], [ -68.6154, 45.3171 ], [ -68.615, 45.3166 ], [ -68.616, 45.3164 ], [ -68.6166, 45.3153 ], [ -68.6193, 45.3141 ], [ -68.6203, 45.313 ], [ -68.6234, 45.3109 ], [ -68.6252, 45.3108 ], [ -68.627, 45.3103 ], [ -68.6287, 45.3088 ], [ -68.6285, 45.3071 ], [ -68.6266, 45.3053 ], [ -68.6257, 45.3067 ], [ -68.625, 45.3068 ], [ -68.6263, 45.3049 ], [ -68.6243, 45.3015 ], [ -68.6234, 45.3011 ], [ -68.624, 45.3021 ], [ -68.6233, 45.3012 ], [ -68.6225, 45.2989 ], [ -68.6216, 45.2989 ], [ -68.6225, 45.2986 ], [ -68.6224, 45.2963 ], [ -68.6233, 45.294 ], [ -68.6242, 45.2928 ], [ -68.6259, 45.2916 ], [ -68.6279, 45.2909 ], [ -68.6271, 45.2902 ], [ -68.6271, 45.2897 ], [ -68.6276, 45.2894 ], [ -68.6273, 45.289 ], [ -68.6283, 45.2895 ], [ -68.6273, 45.2897 ], [ -68.628, 45.2908 ], [ -68.6315, 45.2907 ], [ -68.6357, 45.2879 ], [ -68.638, 45.2855 ], [ -68.6384, 45.2836 ], [ -68.6382, 45.2795 ], [ -68.6398, 45.2733 ], [ -68.6381, 45.2755 ], [ -68.6387, 45.2744 ], [ -68.6382, 45.2748 ], [ -68.6377, 45.2763 ], [ -68.6376, 45.2756 ], [ -68.636, 45.2765 ], [ -68.6364, 45.2784 ], [ -68.6357, 45.2766 ], [ -68.6388, 45.2738 ], [ -68.64, 45.2713 ], [ -68.6427, 45.2699 ], [ -68.6433, 45.2684 ], [ -68.6428, 45.2668 ], [ -68.6427, 45.2648 ], [ -68.6405, 45.2594 ], [ -68.6411, 45.2594 ], [ -68.6418, 45.2579 ], [ -68.6436, 45.2563 ], [ -68.644, 45.2546 ], [ -68.6431, 45.2533 ], [ -68.6436, 45.2517 ], [ -68.6458, 45.2508 ], [ -68.6467, 45.25 ], [ -68.6475, 45.2499 ], [ -68.6496, 45.2482 ], [ -68.6515, 45.2477 ], [ -68.6517, 45.247 ], [ -68.6508, 45.2472 ], [ -68.6472, 45.2497 ], [ -68.6465, 45.2497 ], [ -68.6472, 45.2487 ], [ -68.6507, 45.2469 ], [ -68.6507, 45.2437 ], [ -68.6516, 45.2419 ], [ -68.6519, 45.2393 ], [ -68.6503, 45.2374 ], [ -68.6497, 45.2354 ], [ -68.6504, 45.2302 ], [ -68.6496, 45.2255 ], [ -68.6491, 45.2246 ], [ -68.644, 45.2201 ], [ -68.6424, 45.2173 ], [ -68.6424, 45.2179 ], [ -68.6417, 45.2169 ], [ -68.6415, 45.2156 ], [ -68.6392, 45.2131 ], [ -68.6385, 45.2116 ], [ -68.635, 45.2097 ], [ -68.63, 45.2086 ], [ -68.627, 45.2073 ], [ -68.6239, 45.2042 ], [ -68.6227, 45.2036 ], [ -68.6195, 45.2028 ], [ -68.6163, 45.2014 ], [ -68.6144, 45.1987 ], [ -68.6143, 45.1971 ], [ -68.6151, 45.1949 ], [ -68.615, 45.1912 ], [ -68.6161, 45.1875 ], [ -68.617, 45.186 ], [ -68.6194, 45.1848 ], [ -68.6223, 45.1822 ], [ -68.6235, 45.1797 ], [ -68.6254, 45.1779 ], [ -68.626, 45.1727 ], [ -68.6276, 45.1707 ], [ -68.6294, 45.1694 ], [ -68.6314, 45.1658 ], [ -68.6327, 45.1646 ], [ -68.6328, 45.1634 ], [ -68.6287, 45.1607 ], [ -68.6274, 45.1571 ], [ -68.6245, 45.1552 ], [ -68.6215, 45.1527 ], [ -68.6158, 45.1455 ], [ -68.6156, 45.1444 ], [ -68.616, 45.1431 ], [ -68.618, 45.1414 ], [ -68.6204, 45.1374 ], [ -68.6208, 45.1355 ], [ -68.6195, 45.135 ], [ -68.6174, 45.1348 ], [ -68.6151, 45.1315 ], [ -68.6148, 45.1289 ], [ -68.6156, 45.1272 ], [ -68.6134, 45.1221 ], [ -68.6186, 45.1133 ], [ -68.621, 45.112 ], [ -68.624, 45.1111 ], [ -68.6242, 45.1101 ], [ -68.6282, 45.112 ], [ -68.631, 45.115 ], [ -68.6326, 45.1159 ], [ -68.6375, 45.1159 ], [ -68.6394, 45.1149 ], [ -68.6394, 45.1132 ], [ -68.6413, 45.109 ], [ -68.6416, 45.107 ], [ -68.6436, 45.1048 ], [ -68.6443, 45.103 ], [ -68.6445, 45.102 ], [ -68.644, 45.1011 ], [ -68.6425, 45.1003 ], [ -68.6427, 45.0986 ], [ -68.6453, 45.0974 ], [ -68.6456, 45.0967 ], [ -68.6473, 45.0963 ], [ -68.6483, 45.0954 ], [ -68.6551, 45.0951 ], [ -68.6559, 45.0946 ], [ -68.6549, 45.0901 ], [ -68.654, 45.089 ], [ -68.652, 45.0878 ], [ -68.6499, 45.0859 ], [ -68.6488, 45.0839 ], [ -68.6488, 45.0825 ], [ -68.6495, 45.0815 ], [ -68.6506, 45.0807 ], [ -68.6574, 45.077 ], [ -68.6599, 45.0767 ], [ -68.6601, 45.0759 ], [ -68.6579, 45.0711 ], [ -68.6555, 45.0683 ], [ -68.6551, 45.0666 ], [ -68.6556, 45.0645 ], [ -68.6555, 45.0602 ], [ -68.6566, 45.0569 ], [ -68.657, 45.0536 ], [ -68.6578, 45.0511 ], [ -68.66, 45.047 ], [ -68.6605, 45.0423 ], [ -68.6586, 45.0386 ], [ -68.653, 45.0321 ], [ -68.6417, 45.0164 ], [ -68.6407, 45.0124 ], [ -68.6409, 45.0096 ], [ -68.6415, 45.0092 ], [ -68.6411, 45.0088 ], [ -68.6416, 45.0052 ], [ -68.6409, 45.0004 ], [ -68.6418, 44.9971 ], [ -68.6418, 44.9951 ], [ -68.6382, 44.9873 ], [ -68.6361, 44.9835 ], [ -68.6355, 44.9817 ], [ -68.6362, 44.9789 ], [ -68.635, 44.9757 ], [ -68.6349, 44.9745 ], [ -68.6361, 44.9728 ], [ -68.6403, 44.9699 ], [ -68.6407, 44.9671 ], [ -68.6419, 44.9667 ], [ -68.6434, 44.9656 ], [ -68.6465, 44.9621 ], [ -68.6471, 44.9595 ], [ -68.6457, 44.9587 ], [ -68.6451, 44.9575 ], [ -68.6453, 44.9552 ], [ -68.6445, 44.9527 ], [ -68.6446, 44.951 ], [ -68.6456, 44.9484 ], [ -68.6487, 44.9467 ], [ -68.6492, 44.946 ], [ -68.6485, 44.9439 ], [ -68.6456, 44.9417 ], [ -68.649, 44.9402 ], [ -68.6541, 44.9413 ], [ -68.6561, 44.9436 ], [ -68.6569, 44.9438 ], [ -68.6582, 44.945 ], [ -68.6596, 44.9491 ], [ -68.664, 44.9485 ], [ -68.6648, 44.9498 ], [ -68.664, 44.95 ], [ -68.6634, 44.9513 ], [ -68.6643, 44.9528 ], [ -68.6669, 44.9543 ], [ -68.6692, 44.9579 ], [ -68.6725, 44.9593 ], [ -68.6735, 44.9593 ], [ -68.6769, 44.957 ], [ -68.6805, 44.9554 ], [ -68.683, 44.9558 ], [ -68.6846, 44.9572 ], [ -68.6853, 44.9563 ], [ -68.6873, 44.9553 ], [ -68.69, 44.9559 ], [ -68.6912, 44.9556 ], [ -68.6921, 44.9551 ], [ -68.6952, 44.9503 ], [ -68.6961, 44.9505 ], [ -68.6968, 44.9512 ], [ -68.6879, 44.9632 ] ] ], [ [ [ -68.5163, 45.3894 ], [ -68.5177, 45.3913 ], [ -68.5177, 45.3921 ], [ -68.5161, 45.3896 ], [ -68.5151, 45.3889 ], [ -68.5152, 45.3888 ], [ -68.5163, 45.3894 ] ] ] ] } },
{ "type": "Feature", "properties": { "GEOIDFQ": "1400000US23019031300", "NAME": "313", "NAMELSAD": "Census Tract 313" }, "geometry": { "type": "Polygon", "coordinates": [ [ [ -68.8745, 44.952 ], [ -68.8078, 44.9612 ], [ -68.7918, 44.9009 ], [ -68.7923, 44.901 ], [ -68.7926, 44.9018 ], [ -68.7935, 44.9022 ], [ -68.794, 44.9028 ], [ -68.7956, 44.9027 ], [ -68.7967, 44.9016 ], [ -68.8002, 44.9009 ], [ -68.8012, 44.9 ], [ -68.8022, 44.9008 ], [ -68.8028, 44.9008 ], [ -68.7952, 44.8735 ], [ -68.9134, 44.8574 ], [ -68.9221, 44.8901 ], [ -68.9645, 44.8844 ], [ -68.979, 44.9381 ], [ -68.8745, 44.952 ] ] ] } },
{ "type": "Feature", "properties": { "GEOIDFQ": "1400000US23019031200", "NAME": "312", "NAMELSAD": "Census Tract 312" }, "geometry": { "type": "Polygon", "coordinates": [ [ [ -69.0464, 45.1161 ], [ -68.9902, 45.125 ], [ -68.9836, 45.1258 ], [ -68.9655, 45.0635 ], [ -68.9354, 44.9439 ], [ -69.0624, 44.927 ], [ -69.0797, 44.9905 ], [ -69.0817, 45.0001 ], [ -69.1094, 45.1072 ], [ -69.0464, 45.1161 ] ] ] } },
{ "type": "Feature", "properties": { "GEOIDFQ": "1400000US23017966800", "NAME": "9668", "NAMELSAD": "Census Tract 9668" }, "geometry": { "type": "Polygon", "coordinates": [ [ [ -70.9187, 43.9798 ], [ -70.8908, 44.0073 ], [ -70.8952, 44.0098 ], [ -70.8851, 44.0198 ], [ -70.8805, 44.0174 ], [ -70.8481, 44.0495 ], [ -70.7925, 44.0401 ], [ -70.7926, 44.0397 ], [ -70.7933, 44.0394 ], [ -70.7924, 44.0376 ], [ -70.7929, 44.0339 ], [ -70.7926, 44.0323 ], [ -70.7917, 44.0315 ], [ -70.7917, 44.0307 ], [ -70.791, 44.0302 ], [ -70.7917, 44.0287 ], [ -70.783, 44.0306 ], [ -70.7818, 44.0314 ], [ -70.7154, 43.9618 ], [ -70.7475, 43.9459 ], [ -70.7298, 43.9283 ], [ -70.7495, 43.9254 ], [ -70.8341, 43.9102 ], [ -70.863, 43.8928 ], [ -70.866, 43.8929 ], [ -70.8724, 43.8901 ], [ -70.8735, 43.8891 ], [ -70.9765, 43.8862 ], [ -70.9923, 43.8863 ], [ -70.9924, 43.9062 ], [ -70.9948, 43.96 ], [ -70.9187, 43.9798 ] ] ] } },
{ "type": "Feature", "properties": { "GEOIDFQ": "1400000US23025965800", "NAME": "9658", "NAMELSAD": "Census Tract 9658" }, "geometry": { "type": "Polygon", "coordinates": [ [ [ -69.3745, 44.887 ], [ -69.3055, 44.896 ], [ -69.3026, 44.8843 ], [ -69.2995, 44.8751 ], [ -69.2813, 44.8087 ], [ -69.2863, 44.808 ], [ -69.2668, 44.7219 ], [ -69.3274, 44.7144 ], [ -69.3435, 44.7498 ], [ -69.3427, 44.7505 ], [ -69.342, 44.7545 ], [ -69.3401, 44.7565 ], [ -69.3393, 44.7579 ], [ -69.3399, 44.7601 ], [ -69.3392, 44.7607 ], [ -69.3362, 44.761 ], [ -69.3351, 44.7632 ], [ -69.3353, 44.7646 ], [ -69.3372, 44.7661 ], [ -69.3416, 44.7678 ], [ -69.3445, 44.7682 ], [ -69.3465, 44.7691 ], [ -69.3481, 44.7694 ], [ -69.3493, 44.7703 ], [ -69.3499, 44.7717 ], [ -69.3507, 44.7717 ], [ -69.3516, 44.7709 ], [ -69.3542, 44.7714 ], [ -69.3716, 44.8089 ], [ -69.4251, 44.8022 ], [ -69.4447, 44.8624 ], [ -69.4491, 44.8778 ], [ -69.3745, 44.887 ] ] ] } },
{ "type": "Feature", "properties": { "GEOIDFQ": "1400000US23025966500", "NAME": "9665", "NAMELSAD": "Census Tract 9665" }, "geometry": { "type": "Polygon", "coordinates": [ [ [ -69.8913, 44.8128 ], [ -69.8906, 44.8134 ], [ -69.888, 44.815 ], [ -69.8852, 44.8162 ], [ -69.8807, 44.8173 ], [ -69.8749, 44.8174 ], [ -69.8732, 44.8181 ], [ -69.872, 44.8195 ], [ -69.8712, 44.8222 ], [ -69.8728, 44.8253 ], [ -69.8743, 44.8302 ], [ -69.8734, 44.8331 ], [ -69.8725, 44.8341 ], [ -69.871, 44.8345 ], [ -69.8694, 44.8341 ], [ -69.866, 44.8321 ], [ -69.8649, 44.8324 ], [ -69.8645, 44.8329 ], [ -69.8642, 44.8348 ], [ -69.8647, 44.8369 ], [ -69.8667, 44.8407 ], [ -69.8676, 44.8411 ], [ -69.8688, 44.8408 ], [ -69.8699, 44.8389 ], [ -69.871, 44.838 ], [ -69.8722, 44.8377 ], [ -69.8737, 44.8381 ], [ -69.8765, 44.8398 ], [ -69.8786, 44.8422 ], [ -69.8793, 44.8461 ], [ -69.8787, 44.8475 ], [ -69.8775, 44.8484 ], [ -69.8764, 44.8487 ], [ -69.8743, 44.8485 ], [ -69.8724, 44.8497 ], [ -69.8689, 44.8548 ], [ -69.8669, 44.8553 ], [ -69.8657, 44.8546 ], [ -69.8643, 44.8545 ], [ -69.863, 44.8554 ], [ -69.8628, 44.8576 ], [ -69.865, 44.8595 ], [ -69.8655, 44.8605 ], [ -69.8655, 44.8627 ], [ -69.8645, 44.8644 ], [ -69.8635, 44.869 ], [ -69.8638, 44.8723 ], [ -69.8634, 44.8751 ], [ -69.8646, 44.8796 ], [ -69.8638, 44.8817 ], [ -69.8596, 44.8872 ], [ -69.7873, 44.8961 ], [ -69.7512, 44.9011 ], [ -69.719, 44.7897 ], [ -69.7702, 44.7839 ], [ -69.8111, 44.7781 ], [ -69.8697, 44.7709 ], [ -69.865, 44.7741 ], [ -69.8687, 44.7764 ], [ -69.8692, 44.7761 ], [ -69.8729, 44.7782 ], [ -69.8855, 44.7694 ], [ -69.8886, 44.7692 ], [ -69.8871, 44.7724 ], [ -69.8864, 44.7756 ], [ -69.8866, 44.7786 ], [ -69.8883, 44.7831 ], [ -69.8878, 44.7854 ], [ -69.8889, 44.7878 ], [ -69.8892, 44.7905 ], [ -69.8875, 44.7922 ], [ -69.8849, 44.7932 ], [ -69.8843, 44.7945 ], [ -69.8849, 44.7953 ], [ -69.8877, 44.7962 ], [ -69.8886, 44.7973 ], [ -69.8887, 44.7988 ], [ -69.8865, 44.8007 ], [ -69.8864, 44.8024 ], [ -69.8916, 44.8101 ], [ -69.8919, 44.8114 ], [ -69.8913, 44.8128 ] ] ] } },
{ "type": "Feature", "properties": { "GEOIDFQ": "1400000US23029955500", "NAME": "9555", "NAMELSAD": "Census Tract 9555" }, "geometry": { "type": "Polygon", "coordinates": [ [ [ -67.3001, 45.1462 ], [ -67.296, 45.1478 ], [ -67.2947, 45.1497 ], [ -67.2942, 45.1536 ], [ -67.2976, 45.1555 ], [ -67.3016, 45.157 ], [ -67.3027, 45.1607 ], [ -67.2993, 45.1692 ], [ -67.2968, 45.1701 ], [ -67.2914, 45.171 ], [ -67.2911, 45.1746 ], [ -67.2935, 45.1759 ], [ -67.294, 45.1772 ], [ -67.2907, 45.1817 ], [ -67.2916, 45.1835 ], [ -67.291, 45.1858 ], [ -67.2902, 45.1861 ], [ -67.291, 45.1876 ], [ -67.2897, 45.1888 ], [ -67.287, 45.1891 ], [ -67.2858, 45.1899 ], [ -67.2851, 45.1913 ], [ -67.2834, 45.1919 ], [ -67.279, 45.1911 ], [ -67.272, 45.1912 ], [ -67.2692, 45.1905 ], [ -67.2622, 45.1879 ], [ -67.2553, 45.1829 ], [ -67.2496, 45.1812 ], [ -67.2474, 45.1809 ], [ -67.2439, 45.1783 ], [ -67.2428, 45.1724 ], [ -67.241, 45.171 ], [ -67.2355, 45.1697 ], [ -67.2329, 45.1685 ], [ -67.2298, 45.1648 ], [ -67.2273, 45.1634 ], [ -67.2232, 45.1634 ], [ -67.218, 45.1666 ], [ -67.2136, 45.1675 ], [ -67.2086, 45.1693 ], [ -67.2051, 45.1714 ], [ -67.2028, 45.1714 ], [ -67.1927, 45.1662 ], [ -67.1909, 45.1657 ], [ -67.168, 45.1647 ], [ -67.1589, 45.162 ], [ -67.145, 45.146 ], [ -67.1289, 45.1324 ], [ -67.1227, 45.1248 ], [ -67.2427, 45.072 ], [ -67.3056, 45.1448 ], [ -67.3001, 45.1462 ] ] ] } },
{ "type": "Feature", "properties": { "GEOIDFQ": "1400000US23029955700", "NAME": "9557", "NAMELSAD": "Census Tract 9557" }, "geometry": { "type": "Polygon", "coordinates": [ [ [ -67.0501, 44.9374 ], [ -67.0488, 44.9386 ], [ -67.046, 44.9457 ], [ -67.0441, 44.9468 ], [ -67.0197, 44.9524 ], [ -67.01, 44.9448 ], [ -66.9968, 44.9284 ], [ -66.9687, 44.9104 ], [ -66.9722, 44.8948 ], [ -66.98, 44.8774 ], [ -66.9808, 44.8739 ], [ -66.9986, 44.8742 ], [ -66.9981, 44.8873 ], [ -67.0052, 44.8877 ], [ -67.0136, 44.8909 ], [ -67.0204, 44.8941 ], [ -67.0244, 44.8982 ], [ -67.0273, 44.9018 ], [ -67.0297, 44.9037 ], [ -67.0333, 44.9053 ], [ -67.0363, 44.9062 ], [ -67.0434, 44.9094 ], [ -67.0478, 44.9105 ], [ -67.0523, 44.9108 ], [ -67.0501, 44.9374 ] ] ] } },
{ "type": "Feature", "properties": { "GEOIDFQ": "1400000US23029955600", "NAME": "9556", "NAMELSAD": "Census Tract 9556" }, "geometry": { "type": "Polygon", "coordinates": [ [ [ -67.1227, 45.1248 ], [ -67.1126, 45.1126 ], [ -67.0946, 45.0745 ], [ -67.0217, 44.9539 ], [ -67.0197, 44.9524 ], [ -67.0441, 44.9468 ], [ -67.046, 44.9457 ], [ -67.0488, 44.9386 ], [ -67.0501, 44.9374 ], [ -67.0523, 44.9108 ], [ -67.0592, 44.91 ], [ -67.0636, 44.9098 ], [ -67.0762, 44.9081 ], [ -67.0795, 44.908 ], [ -67.0823, 44.9084 ], [ -67.0889, 44.9144 ], [ -67.0902, 44.9151 ], [ -67.0922, 44.9154 ], [ -67.0943, 44.9164 ], [ -67.0989, 44.92 ], [ -67.1046, 44.9314 ], [ -67.1051, 44.9351 ], [ -67.1064, 44.9369 ], [ -67.1081, 44.9371 ], [ -67.1096, 44.9364 ], [ -67.1108, 44.9363 ], [ -67.1166, 44.9378 ], [ -67.1257, 44.9378 ], [ -67.128, 44.9391 ], [ -67.1298, 44.9414 ], [ -67.1315, 44.9424 ], [ -67.1305, 44.9447 ], [ -67.1307, 44.9455 ], [ -67.1393, 44.9556 ], [ -67.1366, 44.9566 ], [ -67.1331, 44.9572 ], [ -67.1367, 44.9568 ], [ -67.1395, 44.9558 ], [ -67.1858, 45.0097 ], [ -67.1903, 45.0077 ], [ -67.2427, 45.072 ], [ -67.1227, 45.1248 ] ] ] } },
{ "type": "Feature", "properties": { "GEOIDFQ": "1400000US23029956300", "NAME": "9563", "NAMELSAD": "Census Tract 9563" }, "geometry": { "type": "Polygon", "coordinates": [ [ [ -67.5836, 44.8015 ], [ -67.537, 44.7269 ], [ -67.5233, 44.7036 ], [ -67.5087, 44.6768 ], [ -67.4994, 44.6625 ], [ -67.4917, 44.6474 ], [ -67.4653, 44.6552 ], [ -67.4691, 44.6404 ], [ -67.439, 44.6502 ], [ -67.4406, 44.6479 ], [ -67.4404, 44.6445 ], [ -67.4422, 44.6417 ], [ -67.443, 44.6384 ], [ -67.4429, 44.6358 ], [ -67.4414, 44.633 ], [ -67.4376, 44.6297 ], [ -67.4375, 44.6281 ], [ -67.4368, 44.6271 ], [ -67.4351, 44.6261 ], [ -67.4316, 44.6257 ], [ -67.4282, 44.6208 ], [ -67.4279, 44.6194 ], [ -67.4251, 44.6174 ], [ -67.4254, 44.6157 ], [ -67.4236, 44.6105 ], [ -67.4247, 44.606 ], [ -67.4194, 44.5975 ], [ -67.4194, 44.5963 ], [ -67.4214, 44.5935 ], [ -67.4223, 44.5912 ], [ -67.4226, 44.5852 ], [ -67.4256, 44.5811 ], [ -67.4255, 44.5782 ], [ -67.425, 44.5759 ], [ -67.4237, 44.5728 ], [ -67.4229, 44.572 ], [ -67.4187, 44.5693 ], [ -67.417, 44.5653 ], [ -67.4141, 44.5606 ], [ -67.4124, 44.5568 ], [ -67.5002, 44.4998 ], [ -67.5438, 44.4565 ], [ -67.6208, 44.4175 ], [ -67.648, 44.4518 ], [ -67.6464, 44.4584 ], [ -67.6459, 44.4645 ], [ -67.6467, 44.4719 ], [ -67.6501, 44.4881 ], [ -67.6501, 44.4903 ], [ -67.6492, 44.4943 ], [ -67.6497, 44.4951 ], [ -67.6556, 44.4989 ], [ -67.6572, 44.5021 ], [ -67.6575, 44.5038 ], [ -67.6571, 44.5059 ], [ -67.6527, 44.5156 ], [ -67.6445, 44.5259 ], [ -67.6435, 44.5274 ], [ -67.6429, 44.5295 ], [ -67.6407, 44.5308 ], [ -67.6401, 44.5316 ], [ -67.6403, 44.5328 ], [ -67.6414, 44.5344 ], [ -67.6437, 44.5353 ], [ -67.6445, 44.536 ], [ -67.645, 44.5383 ], [ -67.6446, 44.5404 ], [ -67.6417, 44.5439 ], [ -67.6409, 44.5457 ], [ -67.6399, 44.5488 ], [ -67.6401, 44.5513 ], [ -67.6434, 44.5554 ], [ -67.6444, 44.5613 ], [ -67.6465, 44.5629 ], [ -67.6467, 44.5636 ], [ -67.6449, 44.5664 ], [ -67.6442, 44.5684 ], [ -67.6444, 44.5709 ], [ -67.6419, 44.5721 ], [ -67.6411, 44.573 ], [ -67.6396, 44.5725 ], [ -67.639, 44.5726 ], [ -67.6392, 44.573 ], [ -67.641, 44.5736 ], [ -67.6415, 44.575 ], [ -67.6414, 44.5753 ], [ -67.6399, 44.5751 ], [ -67.6395, 44.5754 ], [ -67.6399, 44.5768 ], [ -67.6413, 44.5776 ], [ -67.6412, 44.5779 ], [ -67.6394, 44.5782 ], [ -67.6401, 44.579 ], [ -67.64, 44.58 ], [ -67.6406, 44.5808 ], [ -67.6397, 44.5806 ], [ -67.6389, 44.5808 ], [ -67.6372, 44.5818 ], [ -67.6364, 44.5813 ], [ -67.6346, 44.5814 ], [ -67.6353, 44.5833 ], [ -67.634, 44.5833 ], [ -67.6338, 44.5836 ], [ -67.6345, 44.5845 ], [ -67.634, 44.5856 ], [ -67.6344, 44.5869 ], [ -67.6342, 44.5876 ], [ -67.6336, 44.5871 ], [ -67.6331, 44.5872 ], [ -67.6335, 44.5879 ], [ -67.6326, 44.5885 ], [ -67.6341, 44.5899 ], [ -67.6329, 44.5913 ], [ -67.6333, 44.5915 ], [ -67.6342, 44.5912 ], [ -67.6347, 44.5926 ], [ -67.6358, 44.5926 ], [ -67.6348, 44.5945 ], [ -67.6351, 44.5948 ], [ -67.6357, 44.5946 ], [ -67.6361, 44.5959 ], [ -67.6372, 44.5968 ], [ -67.6366, 44.5983 ], [ -67.6358, 44.5978 ], [ -67.6362, 44.5994 ], [ -67.6378, 44.6 ], [ -67.6383, 44.6009 ], [ -67.6379, 44.601 ], [ -67.6374, 44.6006 ], [ -67.6373, 44.6008 ], [ -67.6378, 44.6016 ], [ -67.6373, 44.602 ], [ -67.6378, 44.603 ], [ -67.6376, 44.6036 ], [ -67.6383, 44.6037 ], [ -67.6382, 44.6043 ], [ -67.6386, 44.6042 ], [ -67.6391, 44.6052 ], [ -67.6402, 44.6054 ], [ -67.6402, 44.6056 ], [ -67.6409, 44.6057 ], [ -67.6408, 44.6061 ], [ -67.6419, 44.6063 ], [ -67.6417, 44.6074 ], [ -67.6435, 44.6083 ], [ -67.6427, 44.6095 ], [ -67.6432, 44.61 ], [ -67.6437, 44.6098 ], [ -67.6443, 44.6105 ], [ -67.6425, 44.6124 ], [ -67.6427, 44.6129 ], [ -67.6434, 44.613 ], [ -67.6439, 44.6141 ], [ -67.6422, 44.6158 ], [ -67.6421, 44.6155 ], [ -67.6408, 44.6153 ], [ -67.6402, 44.6158 ], [ -67.6396, 44.6156 ], [ -67.6394, 44.6172 ], [ -67.64, 44.6175 ], [ -67.6396, 44.6178 ], [ -67.6404, 44.6181 ], [ -67.6403, 44.6189 ], [ -67.6409, 44.6192 ], [ -67.6408, 44.6197 ], [ -67.6418, 44.6197 ], [ -67.6432, 44.6191 ], [ -67.6442, 44.6193 ], [ -67.645, 44.6197 ], [ -67.6453, 44.6207 ], [ -67.6459, 44.6209 ], [ -67.6453, 44.6217 ], [ -67.6459, 44.6223 ], [ -67.646, 44.6241 ], [ -67.6467, 44.6248 ], [ -67.6465, 44.6258 ], [ -67.647, 44.6265 ], [ -67.646, 44.6286 ], [ -67.6464, 44.6291 ], [ -67.6455, 44.6297 ], [ -67.6455, 44.6305 ], [ -67.6462, 44.6319 ], [ -67.6467, 44.632 ], [ -67.6469, 44.6324 ], [ -67.6476, 44.6324 ], [ -67.6484, 44.6334 ], [ -67.648, 44.6342 ], [ -67.6483, 44.6345 ], [ -67.6478, 44.6351 ], [ -67.6471, 44.6353 ], [ -67.6471, 44.6358 ], [ -67.6476, 44.6362 ], [ -67.6483, 44.6358 ], [ -67.649, 44.636 ], [ -67.6497, 44.6373 ], [ -67.6505, 44.6376 ], [ -67.6517, 44.6372 ], [ -67.6537, 44.6376 ], [ -67.654, 44.6373 ], [ -67.6544, 44.6377 ], [ -67.6556, 44.6378 ], [ -67.6553, 44.6381 ], [ -67.656, 44.6384 ], [ -67.6577, 44.6382 ], [ -67.661, 44.6406 ], [ -67.6608, 44.641 ], [ -67.6619, 44.6418 ], [ -67.6623, 44.6427 ], [ -67.6633, 44.6426 ], [ -67.6634, 44.6431 ], [ -67.6644, 44.6432 ], [ -67.6651, 44.6438 ], [ -67.6655, 44.6445 ], [ -67.6653, 44.6448 ], [ -67.6728, 44.6712 ], [ -67.6691, 44.6716 ], [ -67.6717, 44.6816 ], [ -67.6755, 44.6806 ], [ -67.6776, 44.6876 ], [ -67.6895, 44.6857 ], [ -67.6923, 44.6927 ], [ -67.6798, 44.6949 ], [ -67.6948, 44.7445 ], [ -67.697, 44.7501 ], [ -67.7009, 44.7633 ], [ -67.701, 44.766 ], [ -67.5836, 44.8015 ] ] ] } },
{ "type": "Feature", "properties": { "GEOIDFQ": "1400000US23029955300", "NAME": "9553", "NAMELSAD": "Census Tract 9553" }, "geometry": { "type": "Polygon", "coordinates": [ [ [ -67.6753, 45.1771 ], [ -67.664, 45.1892 ], [ -67.6622, 45.1919 ], [ -67.6576, 45.1942 ], [ -67.6482, 45.2012 ], [ -67.6431, 45.2037 ], [ -67.6344, 45.2065 ], [ -67.6285, 45.2091 ], [ -67.6264, 45.2117 ], [ -67.6221, 45.2122 ], [ -67.621, 45.2127 ], [ -67.6181, 45.2155 ], [ -67.6144, 45.2167 ], [ -67.6104, 45.2163 ], [ -67.605, 45.2165 ], [ -67.6, 45.2149 ], [ -67.5977, 45.2144 ], [ -67.5942, 45.215 ], [ -67.5923, 45.2149 ], [ -67.5896, 45.2139 ], [ -67.5874, 45.2144 ], [ -67.584, 45.2216 ], [ -67.5823, 45.2234 ], [ -67.5795, 45.225 ], [ -67.5704, 45.2273 ], [ -67.5684, 45.2286 ], [ -67.5671, 45.2301 ], [ -67.5679, 45.2366 ], [ -67.5666, 45.2438 ], [ -67.5678, 45.2473 ], [ -67.5672, 45.2489 ], [ -67.5654, 45.2503 ], [ -67.5633, 45.2508 ], [ -67.5598, 45.2488 ], [ -67.5491, 45.2443 ], [ -67.5446, 45.2437 ], [ -67.5365, 45.245 ], [ -67.4995, 45.2007 ], [ -67.4547, 45.1495 ], [ -67.4315, 45.123 ], [ -67.3745, 45.0597 ], [ -67.4604, 45.0335 ], [ -67.4615, 45.0353 ], [ -67.5034, 45.0231 ], [ -67.4956, 45.0096 ], [ -67.5297, 45.0001 ], [ -67.6118, 44.9759 ], [ -67.6596, 45.0589 ], [ -67.6158, 45.0703 ], [ -67.5896, 45.0779 ], [ -67.5921, 45.0818 ], [ -67.5926, 45.0828 ], [ -67.5924, 45.0833 ], [ -67.5931, 45.0836 ], [ -67.593, 45.084 ], [ -67.5942, 45.0848 ], [ -67.5949, 45.086 ], [ -67.5973, 45.0854 ], [ -67.5978, 45.0855 ], [ -67.5983, 45.0862 ], [ -67.5985, 45.0878 ], [ -67.6002, 45.0892 ], [ -67.6009, 45.0911 ], [ -67.6032, 45.0912 ], [ -67.6042, 45.092 ], [ -67.6053, 45.0945 ], [ -67.61, 45.0963 ], [ -67.6117, 45.0978 ], [ -67.612, 45.0987 ], [ -67.614, 45.0986 ], [ -67.6142, 45.0979 ], [ -67.6152, 45.0975 ], [ -67.6158, 45.0968 ], [ -67.6176, 45.097 ], [ -67.6182, 45.0963 ], [ -67.6192, 45.0958 ], [ -67.6196, 45.0966 ], [ -67.6203, 45.0968 ], [ -67.6203, 45.0976 ], [ -67.6217, 45.0977 ], [ -67.6222, 45.0981 ], [ -67.6236, 45.097 ], [ -67.6246, 45.0969 ], [ -67.625, 45.0975 ], [ -67.6271, 45.0982 ], [ -67.627, 45.0989 ], [ -67.6281, 45.099 ], [ -67.628, 45.0998 ], [ -67.6285, 45.1003 ], [ -67.6299, 45.1002 ], [ -67.6306, 45.1004 ], [ -67.631, 45.1012 ], [ -67.6323, 45.1017 ], [ -67.633, 45.1024 ], [ -67.6346, 45.1012 ], [ -67.6363, 45.0982 ], [ -67.6373, 45.0974 ], [ -67.6461, 45.0957 ], [ -67.6518, 45.0977 ], [ -67.6606, 45.0979 ], [ -67.6621, 45.0983 ], [ -67.67, 45.1045 ], [ -67.671, 45.1049 ], [ -67.6729, 45.1047 ], [ -67.6764, 45.1021 ], [ -67.6764, 45.1031 ], [ -67.6774, 45.1048 ], [ -67.6761, 45.1056 ], [ -67.6769, 45.1065 ], [ -67.6757, 45.1067 ], [ -67.6755, 45.1073 ], [ -67.6744, 45.1073 ], [ -67.6736, 45.1089 ], [ -67.6744, 45.1096 ], [ -67.6744, 45.1109 ], [ -67.6763, 45.1115 ], [ -67.6776, 45.1131 ], [ -67.6769, 45.1137 ], [ -67.6755, 45.1135 ], [ -67.6758, 45.1149 ], [ -67.6746, 45.1166 ], [ -67.6757, 45.1172 ], [ -67.6778, 45.1172 ], [ -67.6793, 45.1177 ], [ -67.6799, 45.1183 ], [ -67.6786, 45.1216 ], [ -67.6788, 45.1241 ], [ -67.6781, 45.1258 ], [ -67.6766, 45.1272 ], [ -67.6775, 45.1278 ], [ -67.6768, 45.1283 ], [ -67.6769, 45.1288 ], [ -67.6758, 45.1293 ], [ -67.6736, 45.1297 ], [ -67.6728, 45.1295 ], [ -67.6714, 45.1302 ], [ -67.6703, 45.1303 ], [ -67.6692, 45.131 ], [ -67.6686, 45.1323 ], [ -67.6675, 45.1327 ], [ -67.6681, 45.1334 ], [ -67.6671, 45.1338 ], [ -67.6671, 45.1346 ], [ -67.6643, 45.138 ], [ -67.6629, 45.1405 ], [ -67.6629, 45.1425 ], [ -67.6645, 45.1443 ], [ -67.6683, 45.1461 ], [ -67.6771, 45.1475 ], [ -67.6788, 45.1485 ], [ -67.68, 45.1539 ], [ -67.6803, 45.1654 ], [ -67.6753, 45.1771 ] ] ] } },
{ "type": "Feature", "properties": { "GEOIDFQ": "1400000US23025966900", "NAME": "9669", "NAMELSAD": "Census Tract 9669" }, "geometry": { "type": "Polygon", "coordinates": [ [ [ -69.9026, 44.7549 ], [ -69.9016, 44.7558 ], [ -69.8999, 44.7566 ], [ -69.8977, 44.7567 ], [ -69.8967, 44.7565 ], [ -69.8957, 44.7559 ], [ -69.8945, 44.7542 ], [ -69.8933, 44.7542 ], [ -69.8928, 44.7549 ], [ -69.8929, 44.7555 ], [ -69.8957, 44.7587 ], [ -69.8973, 44.7591 ], [ -69.9013, 44.7592 ], [ -69.9025, 44.7596 ], [ -69.9026, 44.7617 ], [ -69.9017, 44.7636 ], [ -69.9007, 44.7637 ], [ -69.8975, 44.763 ], [ -69.894, 44.7628 ], [ -69.8924, 44.7632 ], [ -69.8897, 44.7645 ], [ -69.8892, 44.7653 ], [ -69.8886, 44.7692 ], [ -69.8855, 44.7694 ], [ -69.8729, 44.7782 ], [ -69.8692, 44.7761 ], [ -69.8687, 44.7764 ], [ -69.865, 44.7741 ], [ -69.8697, 44.7709 ], [ -69.8111, 44.7781 ], [ -69.7868, 44.7817 ], [ -69.76, 44.785 ], [ -69.7501, 44.7766 ], [ -69.7576, 44.7713 ], [ -69.7514, 44.7667 ], [ -69.7533, 44.7654 ], [ -69.7456, 44.7591 ], [ -69.739, 44.7544 ], [ -69.7474, 44.7493 ], [ -69.7319, 44.6942 ], [ -69.7323, 44.6865 ], [ -69.7342, 44.6862 ], [ -69.7383, 44.6713 ], [ -69.7909, 44.6787 ], [ -69.8002, 44.6774 ], [ -69.8053, 44.6758 ], [ -69.8289, 44.6716 ], [ -69.8325, 44.674 ], [ -69.8628, 44.6697 ], [ -69.8642, 44.6758 ], [ -69.8676, 44.6751 ], [ -69.8683, 44.6817 ], [ -69.8658, 44.6824 ], [ -69.8685, 44.6929 ], [ -69.8827, 44.7025 ], [ -69.8919, 44.7069 ], [ -69.8902, 44.708 ], [ -69.8951, 44.7117 ], [ -69.8951, 44.7126 ], [ -69.8962, 44.7146 ], [ -69.8958, 44.7172 ], [ -69.8952, 44.7179 ], [ -69.8884, 44.7211 ], [ -69.8872, 44.7222 ], [ -69.8862, 44.7244 ], [ -69.8861, 44.7263 ], [ -69.8868, 44.7288 ], [ -69.8862, 44.7298 ], [ -69.8842, 44.7314 ], [ -69.8839, 44.7322 ], [ -69.8849, 44.733 ], [ -69.891, 44.7328 ], [ -69.8921, 44.7324 ], [ -69.894, 44.7309 ], [ -69.8954, 44.7305 ], [ -69.897, 44.7307 ], [ -69.8986, 44.7316 ], [ -69.8991, 44.7325 ], [ -69.8989, 44.7334 ], [ -69.8978, 44.7359 ], [ -69.8969, 44.7367 ], [ -69.8978, 44.7384 ], [ -69.893, 44.7435 ], [ -69.8926, 44.745 ], [ -69.8935, 44.7464 ], [ -69.8958, 44.7485 ], [ -69.8977, 44.7495 ], [ -69.9023, 44.7509 ], [ -69.9034, 44.7517 ], [ -69.9035, 44.7524 ], [ -69.9026, 44.7549 ] ] ] } },
{ "type": "Feature", "properties": { "GEOIDFQ": "1400000US23005000100", "NAME": "1", "NAMELSAD": "Census Tract 1" }, "geometry": { "type": "Polygon", "coordinates": [ [ [ -70.2557, 43.6761 ], [ -70.2405, 43.6718 ], [ -70.242, 43.6713 ], [ -70.2427, 43.6702 ], [ -70.2418, 43.6696 ], [ -70.243, 43.6698 ], [ -70.251, 43.6633 ], [ -70.2532, 43.6674 ], [ -70.2559, 43.6714 ], [ -70.2562, 43.6759 ], [ -70.2557, 43.6761 ] ] ] } },
{ "type": "Feature", "properties": { "GEOIDFQ": "1400000US23005004001", "NAME": "40.01", "NAMELSAD": "Census Tract 40.01" }, "geometry": { "type": "Polygon", "coordinates": [ [ [ -70.4511, 43.6296 ], [ -70.4405, 43.6351 ], [ -70.4406, 43.6362 ], [ -70.4303, 43.6457 ], [ -70.4307, 43.6518 ], [ -70.4126, 43.6692 ], [ -70.409, 43.6701 ], [ -70.4201, 43.6893 ], [ -70.4225, 43.6918 ], [ -70.427, 43.701 ], [ -70.4314, 43.7078 ], [ -70.4299, 43.7098 ], [ -70.4315, 43.7117 ], [ -70.4315, 43.7123 ], [ -70.4295, 43.714 ], [ -70.4314, 43.7159 ], [ -70.4295, 43.717 ], [ -70.4286, 43.7185 ], [ -70.4264, 43.7195 ], [ -70.4249, 43.7208 ], [ -70.4241, 43.7208 ], [ -70.4209, 43.7184 ], [ -70.4187, 43.7146 ], [ -70.4167, 43.7134 ], [ -70.4156, 43.7132 ], [ -70.4103, 43.7136 ], [ -70.4093, 43.7134 ], [ -70.4076, 43.7137 ], [ -70.4071, 43.7146 ], [ -70.4076, 43.7151 ], [ -70.4103, 43.7156 ], [ -70.4096, 43.7166 ], [ -70.4058, 43.7154 ], [ -70.4047, 43.7131 ], [ -70.4045, 43.7117 ], [ -70.4031, 43.7107 ], [ -70.4022, 43.7095 ], [ -70.4024, 43.7079 ], [ -70.4038, 43.707 ], [ -70.4033, 43.7058 ], [ -70.3964, 43.7061 ], [ -70.3949, 43.7051 ], [ -70.394, 43.7025 ], [ -70.391, 43.7003 ], [ -70.3879, 43.6999 ], [ -70.3861, 43.6986 ], [ -70.3824, 43.6989 ], [ -70.3797, 43.6986 ], [ -70.3781, 43.6974 ], [ -70.392, 43.6557 ], [ -70.4255, 43.6222 ], [ -70.4348, 43.6142 ], [ -70.4553, 43.6245 ], [ -70.4592, 43.6266 ], [ -70.4511, 43.6296 ] ] ] } },
{ "type": "Feature", "properties": { "GEOIDFQ": "1400000US23005004501", "NAME": "45.01", "NAMELSAD": "Census Tract 45.01" }, "geometry": { "type": "Polygon", "coordinates": [ [ [ -70.1657, 43.8463 ], [ -70.1674, 43.8472 ], [ -70.1613, 43.8537 ], [ -70.1627, 43.8544 ], [ -70.1566, 43.861 ], [ -70.157, 43.8611 ], [ -70.1518, 43.8669 ], [ -70.1519, 43.8672 ], [ -70.1405, 43.88 ], [ -70.1414, 43.8804 ], [ -70.1298, 43.8937 ], [ -70.1314, 43.8945 ], [ -70.1185, 43.908 ], [ -70.1159, 43.9067 ], [ -70.0923, 43.932 ], [ -70.0808, 43.9265 ], [ -70.0879, 43.919 ], [ -70.069, 43.9028 ], [ -70.0738, 43.9012 ], [ -70.0756, 43.8999 ], [ -70.077, 43.8983 ], [ -70.0816, 43.8845 ], [ -70.086, 43.8775 ], [ -70.0877, 43.876 ], [ -70.0905, 43.8744 ], [ -70.1027, 43.8687 ], [ -70.1071, 43.8655 ], [ -70.1101, 43.8614 ], [ -70.1157, 43.8504 ], [ -70.1194, 43.846 ], [ -70.1222, 43.8416 ], [ -70.1474, 43.8172 ], [ -70.151, 43.8145 ], [ -70.1512, 43.8162 ], [ -70.1525, 43.8164 ], [ -70.1536, 43.8172 ], [ -70.1522, 43.8183 ], [ -70.1534, 43.8213 ], [ -70.1524, 43.8229 ], [ -70.1714, 43.8407 ], [ -70.1657, 43.8463 ] ] ] } },
{ "type": "Feature", "properties": { "GEOIDFQ": "1400000US23007970101", "NAME": "9701.01", "NAMELSAD": "Census Tract 9701.01" }, "geometry": { "type": "Polygon", "coordinates": [ [ [ -70.488, 45.0508 ], [ -70.3987, 45.0656 ], [ -70.4059, 45.0949 ], [ -70.2529, 45.1154 ], [ -70.1594, 45.1284 ], [ -70.1271, 45.0142 ], [ -70.1224, 45.0001 ], [ -70.1104, 44.9473 ], [ -70.1521, 44.9418 ], [ -70.1448, 44.9115 ], [ -70.1526, 44.9103 ], [ -70.1491, 44.8961 ], [ -70.1426, 44.8971 ], [ -70.1416, 44.8958 ], [ -70.1299, 44.8508 ], [ -70.1555, 44.8469 ], [ -70.2546, 44.8355 ], [ -70.2675, 44.8842 ], [ -70.3279, 44.8649 ], [ -70.3489, 44.9044 ], [ -70.3554, 44.9207 ], [ -70.3609, 44.9211 ], [ -70.3625, 44.9335 ], [ -70.3686, 44.9368 ], [ -70.3765, 44.9682 ], [ -70.4012, 44.9644 ], [ -70.5037, 44.9528 ], [ -70.5215, 45.0465 ], [ -70.488, 45.0508 ] ] ] } },
{ "type": "Feature", "properties": { "GEOIDFQ": "1400000US23007970601", "NAME": "9706.01", "NAMELSAD": "Census Tract 9706.01" }, "geometry": { "type": "Polygon", "coordinates": [ [ [ -70.761, 45.0204 ], [ -70.6498, 45.0306 ], [ -70.5215, 45.0465 ], [ -70.5001, 44.934 ], [ -70.4874, 44.87 ], [ -70.7739, 44.8397 ], [ -70.7964, 44.9259 ], [ -70.8045, 44.9249 ], [ -70.8236, 45.0138 ], [ -70.761, 45.0204 ] ] ] } },
{ "type": "Feature", "properties": { "GEOIDFQ": "1400000US23005017303", "NAME": "173.03", "NAMELSAD": "Census Tract 173.03" }, "geometry": { "type": "Polygon", "coordinates": [ [ [ -70.3333, 43.5905 ], [ -70.3287, 43.5934 ], [ -70.3193, 43.6015 ], [ -70.3162, 43.6052 ], [ -70.3136, 43.6091 ], [ -70.3127, 43.6135 ], [ -70.2735, 43.5936 ], [ -70.273, 43.5926 ], [ -70.2734, 43.5925 ], [ -70.273, 43.5922 ], [ -70.2733, 43.5921 ], [ -70.2726, 43.5914 ], [ -70.273, 43.591 ], [ -70.2737, 43.5909 ], [ -70.2735, 43.5906 ], [ -70.272, 43.5903 ], [ -70.2718, 43.5909 ], [ -70.2708, 43.5908 ], [ -70.2705, 43.5911 ], [ -70.2694, 43.5913 ], [ -70.2676, 43.5909 ], [ -70.2671, 43.5914 ], [ -70.2647, 43.5896 ], [ -70.264, 43.59 ], [ -70.2646, 43.5888 ], [ -70.2629, 43.5892 ], [ -70.263, 43.5886 ], [ -70.2617, 43.5884 ], [ -70.262, 43.5877 ], [ -70.2612, 43.5882 ], [ -70.2608, 43.5878 ], [ -70.2601, 43.5878 ], [ -70.2595, 43.587 ], [ -70.2588, 43.5878 ], [ -70.2589, 43.5884 ], [ -70.2579, 43.5882 ], [ -70.2575, 43.5878 ], [ -70.2578, 43.5872 ], [ -70.2588, 43.5871 ], [ -70.2586, 43.5864 ], [ -70.2581, 43.5863 ], [ -70.2563, 43.5869 ], [ -70.2568, 43.5849 ], [ -70.2549, 43.5845 ], [ -70.2548, 43.584 ], [ -70.257, 43.5831 ], [ -70.2573, 43.5821 ], [ -70.259, 43.5828 ], [ -70.2611, 43.5828 ], [ -70.2672, 43.5803 ], [ -70.2699, 43.5785 ], [ -70.2748, 43.5767 ], [ -70.2803, 43.5721 ], [ -70.2809, 43.5694 ], [ -70.2816, 43.5685 ], [ -70.2904, 43.5634 ], [ -70.2967, 43.5612 ], [ -70.3021, 43.5586 ], [ -70.3036, 43.5581 ], [ -70.305, 43.5596 ], [ -70.3085, 43.5617 ], [ -70.3111, 43.562 ], [ -70.3125, 43.5627 ], [ -70.316, 43.5701 ], [ -70.3195, 43.5751 ], [ -70.3231, 43.5785 ], [ -70.326, 43.5799 ], [ -70.3307, 43.5806 ], [ -70.3325, 43.5819 ], [ -70.3345, 43.5902 ], [ -70.3333, 43.5905 ] ] ] } },
{ "type": "Feature", "properties": { "GEOIDFQ": "1400000US23009966000", "NAME": "9660", "NAMELSAD": "Census Tract 9660" }, "geometry": { "type": "Polygon", "coordinates": [ [ [ -68.4707, 44.3563 ], [ -68.4711, 44.362 ], [ -68.4592, 44.3676 ], [ -68.4512, 44.3721 ], [ -68.448, 44.3751 ], [ -68.4462, 44.3775 ], [ -68.4404, 44.3828 ], [ -68.4397, 44.3838 ], [ -68.4397, 44.3847 ], [ -68.4367, 44.3842 ], [ -68.4261, 44.3856 ], [ -68.4195, 44.3855 ], [ -68.4158, 44.3819 ], [ -68.4101, 44.3732 ], [ -68.3312, 44.3777 ], [ -68.2019, 44.3229 ], [ -68.2014, 44.3205 ], [ -68.1999, 44.3185 ], [ -68.2006, 44.3168 ], [ -68.1991, 44.3155 ], [ -68.1976, 44.3112 ], [ -68.1965, 44.3034 ], [ -68.1661, 44.2917 ], [ -68.18, 44.2912 ], [ -68.2163, 44.2877 ], [ -68.2255, 44.2862 ], [ -68.2356, 44.2794 ], [ -68.2422, 44.2814 ], [ -68.2452, 44.2819 ], [ -68.2536, 44.2827 ], [ -68.2582, 44.2823 ], [ -68.2614, 44.2846 ], [ -68.2641, 44.2862 ], [ -68.2668, 44.2869 ], [ -68.2744, 44.2873 ], [ -68.2767, 44.2843 ], [ -68.2774, 44.2821 ], [ -68.2794, 44.2784 ], [ -68.2807, 44.2778 ], [ -68.2848, 44.2796 ], [ -68.2895, 44.2805 ], [ -68.2925, 44.2816 ], [ -68.3044, 44.2888 ], [ -68.3067, 44.2891 ], [ -68.3085, 44.2939 ], [ -68.307, 44.298 ], [ -68.3072, 44.3005 ], [ -68.3061, 44.3021 ], [ -68.3085, 44.3081 ], [ -68.3112, 44.3114 ], [ -68.3181, 44.3082 ], [ -68.3562, 44.3221 ], [ -68.3606, 44.3187 ], [ -68.3977, 44.3141 ], [ -68.3979, 44.3299 ], [ -68.4076, 44.3285 ], [ -68.4085, 44.3276 ], [ -68.4103, 44.3273 ], [ -68.4138, 44.3272 ], [ -68.4169, 44.3276 ], [ -68.4197, 44.324 ], [ -68.4255, 44.3204 ], [ -68.4319, 44.319 ], [ -68.4397, 44.3147 ], [ -68.4405, 44.3148 ], [ -68.4481, 44.3191 ], [ -68.4626, 44.3246 ], [ -68.4626, 44.327 ], [ -68.4708, 44.336 ], [ -68.4709, 44.3402 ], [ -68.4721, 44.3449 ], [ -68.4721, 44.349 ], [ -68.4707, 44.3563 ] ] ] } },
{ "type": "Feature", "properties": { "GEOIDFQ": "1400000US23009966500", "NAME": "9665", "NAMELSAD": "Census Tract 9665" }, "geometry": { "type": "Polygon", "coordinates": [ [ [ -68.8601, 44.3024 ], [ -68.8606, 44.3203 ], [ -68.8595, 44.327 ], [ -68.8575, 44.332 ], [ -68.8544, 44.3359 ], [ -68.8512, 44.3411 ], [ -68.8439, 44.3547 ], [ -68.8312, 44.3555 ], [ -68.8211, 44.3554 ], [ -68.8161, 44.3557 ], [ -68.8111, 44.3573 ], [ -68.8005, 44.3645 ], [ -68.7995, 44.3656 ], [ -68.7992, 44.367 ], [ -68.8007, 44.3697 ], [ -68.8046, 44.3716 ], [ -68.8089, 44.3724 ], [ -68.8128, 44.3737 ], [ -68.8143, 44.3752 ], [ -68.8137, 44.3769 ], [ -68.8118, 44.3781 ], [ -68.7941, 44.3833 ], [ -68.79, 44.3852 ], [ -68.7885, 44.3862 ], [ -68.7849, 44.3916 ], [ -68.7808, 44.3962 ], [ -68.7765, 44.3993 ], [ -68.771, 44.4018 ], [ -68.7689, 44.4039 ], [ -68.7678, 44.406 ], [ -68.7675, 44.4075 ], [ -68.7679, 44.4146 ], [ -68.7674, 44.4178 ], [ -68.7658, 44.4208 ], [ -68.7628, 44.4248 ], [ -68.7604, 44.4256 ], [ -68.7573, 44.4259 ], [ -68.7483, 44.4282 ], [ -68.7466, 44.4281 ], [ -68.7445, 44.4272 ], [ -68.7429, 44.4259 ], [ -68.7343, 44.4147 ], [ -68.7303, 44.4114 ], [ -68.7265, 44.4099 ], [ -68.7251, 44.4099 ], [ -68.7222, 44.4127 ], [ -68.7191, 44.414 ], [ -68.7171, 44.4135 ], [ -68.7151, 44.4122 ], [ -68.7136, 44.4108 ], [ -68.7115, 44.408 ], [ -68.7053, 44.4043 ], [ -68.7032, 44.4023 ], [ -68.703, 44.4007 ], [ -68.7046, 44.3984 ], [ -68.7051, 44.3968 ], [ -68.7047, 44.3958 ], [ -68.7041, 44.3954 ], [ -68.6967, 44.4052 ], [ -68.6967, 44.4063 ], [ -68.6939, 44.4053 ], [ -68.6916, 44.4087 ], [ -68.6897, 44.4082 ], [ -68.6895, 44.4084 ], [ -68.6867, 44.4075 ], [ -68.6849, 44.4078 ], [ -68.6793, 44.4144 ], [ -68.5872, 44.3509 ], [ -68.5112, 44.2992 ], [ -68.5097, 44.297 ], [ -68.5113, 44.288 ], [ -68.5112, 44.2805 ], [ -68.5102, 44.2769 ], [ -68.5081, 44.2722 ], [ -68.5044, 44.2669 ], [ -68.5019, 44.2648 ], [ -68.4902, 44.2618 ], [ -68.485, 44.2594 ], [ -68.4798, 44.2556 ], [ -68.4734, 44.2495 ], [ -68.4871, 44.2364 ], [ -68.4932, 44.2291 ], [ -68.4945, 44.2259 ], [ -68.4947, 44.2228 ], [ -68.493, 44.2158 ], [ -68.4954, 44.2145 ], [ -68.5003, 44.2104 ], [ -68.5113, 44.1991 ], [ -68.5169, 44.1927 ], [ -68.5405, 44.206 ], [ -68.5472, 44.2107 ], [ -68.5525, 44.2149 ], [ -68.57, 44.2324 ], [ -68.5742, 44.2354 ], [ -68.5772, 44.2366 ], [ -68.5943, 44.2415 ], [ -68.5969, 44.2427 ], [ -68.6002, 44.2454 ], [ -68.6019, 44.249 ], [ -68.605, 44.253 ], [ -68.6141, 44.2612 ], [ -68.6182, 44.2641 ], [ -68.6245, 44.2672 ], [ -68.6897, 44.2941 ], [ -68.7042, 44.302 ], [ -68.7364, 44.3172 ], [ -68.7398, 44.3179 ], [ -68.7427, 44.3178 ], [ -68.7494, 44.3152 ], [ -68.7616, 44.3092 ], [ -68.7745, 44.3035 ], [ -68.7812, 44.301 ], [ -68.7892, 44.2989 ], [ -68.7947, 44.2982 ], [ -68.8034, 44.2984 ], [ -68.8116, 44.2995 ], [ -68.8194, 44.3017 ], [ -68.8265, 44.3021 ], [ -68.8345, 44.3016 ], [ -68.8409, 44.3007 ], [ -68.8612, 44.2967 ], [ -68.8601, 44.3024 ] ] ] } },
{ "type": "Feature", "properties": { "GEOIDFQ": "1400000US23007970102", "NAME": "9701.02", "NAMELSAD": "Census Tract 9701.02" }, "geometry": { "type": "Polygon", "coordinates": [ [ [ -70.8333, 45.295 ], [ -70.8311, 45.2953 ], [ -70.829, 45.2963 ], [ -70.8267, 45.2968 ], [ -70.825, 45.2979 ], [ -70.824, 45.298 ], [ -70.823, 45.2977 ], [ -70.8218, 45.2983 ], [ -70.8193, 45.2989 ], [ -70.8176, 45.2986 ], [ -70.817, 45.2979 ], [ -70.8163, 45.2982 ], [ -70.816, 45.2994 ], [ -70.8141, 45.3004 ], [ -70.8135, 45.3013 ], [ -70.8124, 45.302 ], [ -70.8115, 45.3038 ], [ -70.8122, 45.3063 ], [ -70.813, 45.3072 ], [ -70.8143, 45.3077 ], [ -70.8146, 45.3082 ], [ -70.814, 45.309 ], [ -70.8125, 45.3095 ], [ -70.8102, 45.3113 ], [ -70.8084, 45.3118 ], [ -70.8088, 45.3135 ], [ -70.8079, 45.3155 ], [ -70.8077, 45.3182 ], [ -70.807, 45.3204 ], [ -70.8064, 45.3205 ], [ -70.8061, 45.3212 ], [ -70.8081, 45.325 ], [ -70.8081, 45.3267 ], [ -70.8076, 45.3277 ], [ -70.8086, 45.3284 ], [ -70.8114, 45.3278 ], [ -70.8129, 45.328 ], [ -70.8139, 45.3289 ], [ -70.8145, 45.3299 ], [ -70.8164, 45.3308 ], [ -70.8169, 45.3319 ], [ -70.8181, 45.3326 ], [ -70.8191, 45.3354 ], [ -70.818, 45.3379 ], [ -70.8194, 45.3391 ], [ -70.8199, 45.3402 ], [ -70.8196, 45.3414 ], [ -70.8173, 45.3447 ], [ -70.8158, 45.3459 ], [ -70.8124, 45.3465 ], [ -70.8098, 45.3487 ], [ -70.8094, 45.3515 ], [ -70.8116, 45.3521 ], [ -70.814, 45.3549 ], [ -70.8145, 45.3567 ], [ -70.8138, 45.3573 ], [ -70.8113, 45.3572 ], [ -70.8098, 45.358 ], [ -70.8095, 45.36 ], [ -70.8084, 45.3619 ], [ -70.8084, 45.3631 ], [ -70.8067, 45.364 ], [ -70.8029, 45.365 ], [ -70.8025, 45.3657 ], [ -70.8028, 45.3675 ], [ -70.8037, 45.3689 ], [ -70.804, 45.3702 ], [ -70.8049, 45.3712 ], [ -70.8048, 45.3726 ], [ -70.8067, 45.3775 ], [ -70.8097, 45.38 ], [ -70.8104, 45.3817 ], [ -70.8125, 45.3834 ], [ -70.8138, 45.3878 ], [ -70.8173, 45.3904 ], [ -70.8225, 45.3905 ], [ -70.8239, 45.391 ], [ -70.8238, 45.3921 ], [ -70.8252, 45.3931 ], [ -70.8243, 45.395 ], [ -70.8243, 45.3966 ], [ -70.8259, 45.3982 ], [ -70.8257, 45.4003 ], [ -70.8189, 45.4049 ], [ -70.8171, 45.4082 ], [ -70.8147, 45.4096 ], [ -70.8128, 45.4114 ], [ -70.8121, 45.4129 ], [ -70.8113, 45.4162 ], [ -70.8078, 45.4165 ], [ -70.8025, 45.4179 ], [ -70.8012, 45.4208 ], [ -70.7984, 45.4242 ], [ -70.7986, 45.4258 ], [ -70.7981, 45.4265 ], [ -70.7954, 45.4281 ], [ -70.7938, 45.4284 ], [ -70.7924, 45.4283 ], [ -70.7916, 45.4281 ], [ -70.79, 45.4268 ], [ -70.7876, 45.4265 ], [ -70.7845, 45.4284 ], [ -70.7814, 45.4312 ], [ -70.7795, 45.4301 ], [ -70.777, 45.4299 ], [ -70.7738, 45.4288 ], [ -70.7682, 45.4285 ], [ -70.7644, 45.4259 ], [ -70.7602, 45.4271 ], [ -70.7576, 45.4283 ], [ -70.7546, 45.4283 ], [ -70.7516, 45.4262 ], [ -70.7506, 45.4237 ], [ -70.75, 45.4232 ], [ -70.744, 45.4212 ], [ -70.7443, 45.4175 ], [ -70.7453, 45.4163 ], [ -70.7451, 45.4152 ], [ -70.7436, 45.4134 ], [ -70.7436, 45.4119 ], [ -70.7422, 45.4108 ], [ -70.7382, 45.4089 ], [ -70.7366, 45.4075 ], [ -70.7346, 45.4063 ], [ -70.732, 45.4053 ], [ -70.7304, 45.4044 ], [ -70.7314, 45.4019 ], [ -70.7297, 45.3991 ], [ -70.7251, 45.3969 ], [ -70.7238, 45.3956 ], [ -70.7208, 45.3947 ], [ -70.7175, 45.3929 ], [ -70.7145, 45.392 ], [ -70.712, 45.3905 ], [ -70.7098, 45.3909 ], [ -70.7075, 45.392 ], [ -70.7074, 45.3927 ], [ -70.7066, 45.3931 ], [ -70.7042, 45.3936 ], [ -70.7023, 45.3935 ], [ -70.6995, 45.3945 ], [ -70.6988, 45.3945 ], [ -70.6978, 45.394 ], [ -70.6972, 45.3928 ], [ -70.6962, 45.3924 ], [ -70.6921, 45.3926 ], [ -70.6905, 45.3932 ], [ -70.6876, 45.3929 ], [ -70.6848, 45.3947 ], [ -70.6829, 45.3952 ], [ -70.6807, 45.3945 ], [ -70.6782, 45.3943 ], [ -70.6649, 45.388 ], [ -70.6632, 45.3867 ], [ -70.6617, 45.3863 ], [ -70.6611, 45.3856 ], [ -70.6609, 45.3831 ], [ -70.6612, 45.3823 ], [ -70.6602, 45.3799 ], [ -70.6608, 45.3781 ], [ -70.6588, 45.3777 ], [ -70.6529, 45.3775 ], [ -70.6518, 45.377 ], [ -70.6458, 45.3788 ], [ -70.6408, 45.3813 ], [ -70.6369, 45.3823 ], [ -70.6355, 45.3834 ], [ -70.6349, 45.3834 ], [ -70.6349, 45.3853 ], [ -70.6371, 45.3872 ], [ -70.6376, 45.3882 ], [ -70.6389, 45.3888 ], [ -70.6381, 45.3906 ], [ -70.6365, 45.3926 ], [ -70.6363, 45.3952 ], [ -70.6345, 45.3975 ], [ -70.633, 45.3984 ], [ -70.6305, 45.3994 ], [ -70.6292, 45.3993 ], [ -70.6284, 45.3999 ], [ -70.6263, 45.3996 ], [ -70.6233, 45.4002 ], [ -70.6213, 45.4027 ], [ -70.6238, 45.4058 ], [ -70.6245, 45.4061 ], [ -70.6302, 45.407 ], [ -70.6315, 45.4083 ], [ -70.6328, 45.4086 ], [ -70.6351, 45.4111 ], [ -70.6356, 45.4128 ], [ -70.6355, 45.4149 ], [ -70.6344, 45.4159 ], [ -70.6321, 45.4156 ], [ -70.6312, 45.4159 ], [ -70.6312, 45.4178 ], [ -70.6302, 45.4182 ], [ -70.6304, 45.4186 ], [ -70.6287, 45.4192 ], [ -70.6288, 45.4199 ], [ -70.6278, 45.4207 ], [ -70.6279, 45.4226 ], [ -70.6296, 45.4244 ], [ -70.6298, 45.4263 ], [ -70.6305, 45.4268 ], [ -70.636, 45.4274 ], [ -70.6365, 45.4277 ], [ -70.6369, 45.4285 ], [ -70.6404, 45.4308 ], [ -70.6431, 45.4336 ], [ -70.6433, 45.4344 ], [ -70.6426, 45.4363 ], [ -70.6448, 45.4369 ], [ -70.6462, 45.4378 ], [ -70.6501, 45.4428 ], [ -70.6507, 45.4449 ], [ -70.6545, 45.4456 ], [ -70.6617, 45.4457 ], [ -70.6629, 45.446 ], [ -70.6661, 45.4484 ], [ -70.6751, 45.4519 ], [ -70.6811, 45.4522 ], [ -70.6815, 45.4526 ], [ -70.6809, 45.456 ], [ -70.681, 45.4584 ], [ -70.6818, 45.4617 ], [ -70.6827, 45.4625 ], [ -70.6837, 45.4628 ], [ -70.6859, 45.4633 ], [ -70.6905, 45.4636 ], [ -70.6916, 45.4642 ], [ -70.6929, 45.4664 ], [ -70.6918, 45.4697 ], [ -70.6917, 45.4743 ], [ -70.6954, 45.476 ], [ -70.6969, 45.4773 ], [ -70.6995, 45.4789 ], [ -70.7008, 45.4787 ], [ -70.7039, 45.4792 ], [ -70.7047, 45.4789 ], [ -70.7074, 45.4803 ], [ -70.7105, 45.483 ], [ -70.7164, 45.4865 ], [ -70.7178, 45.4902 ], [ -70.7167, 45.4922 ], [ -70.7119, 45.4971 ], [ -70.7114, 45.4992 ], [ -70.7122, 45.5008 ], [ -70.7116, 45.5018 ], [ -70.7154, 45.5045 ], [ -70.7168, 45.5043 ], [ -70.7222, 45.5061 ], [ -70.7227, 45.5065 ], [ -70.7236, 45.509 ], [ -70.7236, 45.5101 ], [ -70.7226, 45.5137 ], [ -70.7213, 45.5154 ], [ -70.7199, 45.5165 ], [ -70.7176, 45.5175 ], [ -70.7158, 45.5189 ], [ -70.7145, 45.5186 ], [ -70.7111, 45.5195 ], [ -70.7092, 45.5248 ], [ -70.707, 45.526 ], [ -70.7065, 45.5279 ], [ -70.7024, 45.5297 ], [ -70.6996, 45.5298 ], [ -70.6991, 45.5301 ], [ -70.6991, 45.5305 ], [ -70.7008, 45.5316 ], [ -70.7009, 45.5325 ], [ -70.6981, 45.5353 ], [ -70.6965, 45.5385 ], [ -70.6965, 45.54 ], [ -70.6959, 45.5408 ], [ -70.6922, 45.5429 ], [ -70.6901, 45.5454 ], [ -70.6892, 45.547 ], [ -70.687, 45.5493 ], [ -70.6849, 45.5509 ], [ -70.6814, 45.551 ], [ -70.6797, 45.5506 ], [ -70.6787, 45.5513 ], [ -70.6775, 45.5517 ], [ -70.6771, 45.5522 ], [ -70.6791, 45.5538 ], [ -70.6843, 45.557 ], [ -70.6862, 45.5595 ], [ -70.6876, 45.56 ], [ -70.6892, 45.5622 ], [ -70.6884, 45.5642 ], [ -70.6872, 45.5643 ], [ -70.6857, 45.5652 ], [ -70.6858, 45.5661 ], [ -70.6851, 45.5666 ], [ -70.6861, 45.5681 ], [ -70.6873, 45.5681 ], [ -70.688, 45.5684 ], [ -70.6877, 45.5694 ], [ -70.6863, 45.5695 ], [ -70.6842, 45.5689 ], [ -70.6806, 45.5701 ], [ -70.6781, 45.5705 ], [ -70.6777, 45.5714 ], [ -70.6757, 45.5731 ], [ -70.675, 45.5743 ], [ -70.6737, 45.5748 ], [ -70.672, 45.5762 ], [ -70.6725, 45.5779 ], [ -70.6721, 45.5785 ], [ -70.6655, 45.5825 ], [ -70.6641, 45.5828 ], [ -70.6635, 45.5836 ], [ -70.6638, 45.5846 ], [ -70.6617, 45.5853 ], [ -70.6591, 45.5873 ], [ -70.6591, 45.5897 ], [ -70.6569, 45.5905 ], [ -70.654, 45.5928 ], [ -70.652, 45.5954 ], [ -70.6498, 45.5976 ], [ -70.6496, 45.5982 ], [ -70.6509, 45.5994 ], [ -70.6486, 45.6011 ], [ -70.6462, 45.6039 ], [ -70.6453, 45.6064 ], [ -70.6446, 45.607 ], [ -70.6413, 45.6078 ], [ -70.6362, 45.6099 ], [ -70.635, 45.6101 ], [ -70.6328, 45.6092 ], [ -70.6318, 45.6092 ], [ -70.6298, 45.6101 ], [ -70.6269, 45.6101 ], [ -70.6245, 45.6116 ], [ -70.6232, 45.6112 ], [ -70.6191, 45.612 ], [ -70.6187, 45.6125 ], [ -70.6188, 45.6144 ], [ -70.6182, 45.6155 ], [ -70.6155, 45.6178 ], [ -70.6155, 45.6183 ], [ -70.612, 45.6198 ], [ -70.6108, 45.6212 ], [ -70.6085, 45.6218 ], [ -70.6072, 45.6238 ], [ -70.607, 45.6257 ], [ -70.6051, 45.6266 ], [ -70.6005, 45.6272 ], [ -70.5967, 45.6298 ], [ -70.5923, 45.6295 ], [ -70.5909, 45.6305 ], [ -70.5906, 45.633 ], [ -70.5899, 45.6338 ], [ -70.5867, 45.6355 ], [ -70.586, 45.6378 ], [ -70.584, 45.6389 ], [ -70.5836, 45.6424 ], [ -70.5817, 45.6425 ], [ -70.5795, 45.6436 ], [ -70.5771, 45.6458 ], [ -70.5771, 45.6466 ], [ -70.5763, 45.647 ], [ -70.5756, 45.6484 ], [ -70.5728, 45.6488 ], [ -70.5727, 45.6495 ], [ -70.5683, 45.6522 ], [ -70.567, 45.654 ], [ -70.5649, 45.6548 ], [ -70.5652, 45.6571 ], [ -70.5633, 45.6582 ], [ -70.5622, 45.6604 ], [ -70.5637, 45.662 ], [ -70.5637, 45.6627 ], [ -70.5602, 45.664 ], [ -70.5606, 45.6647 ], [ -70.5586, 45.6665 ], [ -70.5574, 45.6671 ], [ -70.5558, 45.6666 ], [ -70.5529, 45.6679 ], [ -70.538, 45.618 ], [ -70.5341, 45.6034 ], [ -70.5058, 45.5138 ], [ -70.5187, 45.5121 ], [ -70.4728, 45.3514 ], [ -70.453, 45.274 ], [ -70.4185, 45.144 ], [ -70.3636, 45.1525 ], [ -70.3649, 45.1576 ], [ -70.3125, 45.1647 ], [ -70.3119, 45.1628 ], [ -70.3085, 45.1632 ], [ -70.2938, 45.1099 ], [ -70.4059, 45.0949 ], [ -70.3987, 45.0656 ], [ -70.488, 45.0508 ], [ -70.6245, 45.0337 ], [ -70.6498, 45.0306 ], [ -70.761, 45.0204 ], [ -70.7798, 45.0184 ], [ -70.7979, 45.0985 ], [ -70.8351, 45.277 ], [ -70.8319, 45.2789 ], [ -70.8311, 45.2842 ], [ -70.83, 45.2868 ], [ -70.8299, 45.2898 ], [ -70.8301, 45.2907 ], [ -70.8325, 45.2911 ], [ -70.8356, 45.2937 ], [ -70.8333, 45.295 ] ] ] } },
{ "type": "Feature", "properties": { "GEOIDFQ": "1400000US23015976200", "NAME": "9762", "NAMELSAD": "Census Tract 9762" }, "geometry": { "type": "Polygon", "coordinates": [ [ [ -69.6899, 43.8713 ], [ -69.6852, 43.8701 ], [ -69.6842, 43.8675 ], [ -69.6835, 43.8669 ], [ -69.6803, 43.8666 ], [ -69.6767, 43.8648 ], [ -69.6744, 43.8644 ], [ -69.6719, 43.8647 ], [ -69.668, 43.8664 ], [ -69.6673, 43.8663 ], [ -69.6663, 43.8654 ], [ -69.6652, 43.8654 ], [ -69.6394, 43.8731 ], [ -69.6022, 43.8691 ], [ -69.5997, 43.853 ], [ -69.6023, 43.8497 ], [ -69.6078, 43.8447 ], [ -69.6089, 43.843 ], [ -69.6095, 43.8394 ], [ -69.6086, 43.8353 ], [ -69.6091, 43.8321 ], [ -69.6105, 43.8292 ], [ -69.6126, 43.8267 ], [ -69.6222, 43.8173 ], [ -69.6146, 43.8102 ], [ -69.6247, 43.8072 ], [ -69.6266, 43.8062 ], [ -69.6267, 43.805 ], [ -69.6283, 43.8043 ], [ -69.6316, 43.8035 ], [ -69.634, 43.8033 ], [ -69.6351, 43.8038 ], [ -69.6364, 43.8035 ], [ -69.6367, 43.8038 ], [ -69.6367, 43.8064 ], [ -69.6375, 43.8083 ], [ -69.6368, 43.8103 ], [ -69.6353, 43.8128 ], [ -69.6353, 43.8137 ], [ -69.6334, 43.8149 ], [ -69.6298, 43.8183 ], [ -69.6299, 43.8196 ], [ -69.6353, 43.824 ], [ -69.6401, 43.824 ], [ -69.6434, 43.8222 ], [ -69.6452, 43.8208 ], [ -69.6453, 43.8185 ], [ -69.6464, 43.8182 ], [ -69.6481, 43.8186 ], [ -69.6495, 43.8197 ], [ -69.6507, 43.8192 ], [ -69.6512, 43.8172 ], [ -69.651, 43.814 ], [ -69.6502, 43.811 ], [ -69.6506, 43.809 ], [ -69.6518, 43.807 ], [ -69.6498, 43.803 ], [ -69.6512, 43.7996 ], [ -69.6494, 43.7898 ], [ -69.6482, 43.7794 ], [ -69.6487, 43.7783 ], [ -69.6516, 43.7772 ], [ -69.6533, 43.7774 ], [ -69.6554, 43.7782 ], [ -69.6639, 43.786 ], [ -69.664, 43.7871 ], [ -69.6652, 43.7883 ], [ -69.6664, 43.7912 ], [ -69.672, 43.7912 ], [ -69.6745, 43.7908 ], [ -69.6773, 43.7914 ], [ -69.6783, 43.793 ], [ -69.6783, 43.7937 ], [ -69.6777, 43.7946 ], [ -69.6765, 43.7951 ], [ -69.6716, 43.7947 ], [ -69.6704, 43.7959 ], [ -69.6699, 43.7987 ], [ -69.6713, 43.8008 ], [ -69.6738, 43.8032 ], [ -69.6787, 43.8057 ], [ -69.6821, 43.8063 ], [ -69.6855, 43.8048 ], [ -69.6877, 43.8051 ], [ -69.688, 43.8065 ], [ -69.6869, 43.808 ], [ -69.6866, 43.8092 ], [ -69.687, 43.8107 ], [ -69.687, 43.8169 ], [ -69.6905, 43.8212 ], [ -69.691, 43.8231 ], [ -69.6905, 43.8261 ], [ -69.6887, 43.8277 ], [ -69.6874, 43.8305 ], [ -69.6875, 43.8345 ], [ -69.6866, 43.8372 ], [ -69.6843, 43.8402 ], [ -69.6866, 43.842 ], [ -69.6862, 43.8438 ], [ -69.6827, 43.848 ], [ -69.6827, 43.85 ], [ -69.6839, 43.8522 ], [ -69.6839, 43.854 ], [ -69.6906, 43.8542 ], [ -69.6928, 43.8589 ], [ -69.6929, 43.861 ], [ -69.6899, 43.8713 ] ] ] } },
{ "type": "Feature", "properties": { "GEOIDFQ": "1400000US23025966100", "NAME": "9661", "NAMELSAD": "Census Tract 9661" }, "geometry": { "type": "Polygon", "coordinates": [ [ [ -69.6256, 44.9174 ], [ -69.6075, 44.8529 ], [ -69.5324, 44.8592 ], [ -69.5224, 44.8258 ], [ -69.5224, 44.8235 ], [ -69.5232, 44.8233 ], [ -69.525, 44.8242 ], [ -69.5152, 44.788 ], [ -69.4981, 44.7675 ], [ -69.4931, 44.7482 ], [ -69.4767, 44.7438 ], [ -69.4834, 44.7203 ], [ -69.6038, 44.7047 ], [ -69.6042, 44.7051 ], [ -69.6038, 44.7073 ], [ -69.6061, 44.7071 ], [ -69.6066, 44.7074 ], [ -69.6039, 44.7084 ], [ -69.6015, 44.7104 ], [ -69.5994, 44.7106 ], [ -69.5986, 44.7122 ], [ -69.5976, 44.7128 ], [ -69.5969, 44.7143 ], [ -69.5962, 44.7143 ], [ -69.5951, 44.7135 ], [ -69.5928, 44.714 ], [ -69.5914, 44.7127 ], [ -69.5901, 44.7132 ], [ -69.5889, 44.7141 ], [ -69.5869, 44.7139 ], [ -69.5851, 44.7147 ], [ -69.5844, 44.714 ], [ -69.584, 44.714 ], [ -69.5833, 44.7148 ], [ -69.5814, 44.7151 ], [ -69.5812, 44.7156 ], [ -69.5826, 44.7174 ], [ -69.5824, 44.7185 ], [ -69.5835, 44.7189 ], [ -69.5841, 44.7196 ], [ -69.5837, 44.7202 ], [ -69.5815, 44.7213 ], [ -69.5813, 44.7219 ], [ -69.5807, 44.7221 ], [ -69.5813, 44.7228 ], [ -69.5816, 44.7247 ], [ -69.5832, 44.7257 ], [ -69.5822, 44.7263 ], [ -69.5823, 44.7272 ], [ -69.5829, 44.7276 ], [ -69.5833, 44.7286 ], [ -69.5824, 44.731 ], [ -69.5843, 44.7307 ], [ -69.5841, 44.7313 ], [ -69.5845, 44.7316 ], [ -69.5859, 44.7314 ], [ -69.5852, 44.7321 ], [ -69.5863, 44.7323 ], [ -69.5861, 44.7329 ], [ -69.5869, 44.7331 ], [ -69.5873, 44.7337 ], [ -69.5867, 44.7346 ], [ -69.5857, 44.7344 ], [ -69.5852, 44.7354 ], [ -69.5857, 44.7356 ], [ -69.5857, 44.7361 ], [ -69.5838, 44.7365 ], [ -69.5838, 44.7375 ], [ -69.583, 44.7374 ], [ -69.5831, 44.7381 ], [ -69.5814, 44.7386 ], [ -69.5814, 44.739 ], [ -69.5822, 44.7395 ], [ -69.5817, 44.7398 ], [ -69.582, 44.7401 ], [ -69.5817, 44.7406 ], [ -69.5833, 44.7415 ], [ -69.5838, 44.7411 ], [ -69.5843, 44.7415 ], [ -69.5847, 44.7413 ], [ -69.5858, 44.7416 ], [ -69.5875, 44.7432 ], [ -69.5896, 44.7429 ], [ -69.5905, 44.7423 ], [ -69.5888, 44.7501 ], [ -69.5917, 44.7501 ], [ -69.5896, 44.7582 ], [ -69.587, 44.7582 ], [ -69.5871, 44.759 ], [ -69.5966, 44.8022 ], [ -69.5929, 44.8026 ], [ -69.5993, 44.8244 ], [ -69.6688, 44.8153 ], [ -69.7019, 44.8114 ], [ -69.7082, 44.8104 ], [ -69.7245, 44.8083 ], [ -69.7512, 44.9011 ], [ -69.6256, 44.9174 ] ] ] } },
{ "type": "Feature", "properties": { "GEOIDFQ": "1400000US23007971202", "NAME": "9712.02", "NAMELSAD": "Census Tract 9712.02" }, "geometry": { "type": "Polygon", "coordinates": [ [ [ -70.1924, 44.7327 ], [ -70.1915, 44.7328 ], [ -70.1919, 44.7339 ], [ -70.1714, 44.7361 ], [ -70.1711, 44.7347 ], [ -70.1303, 44.7391 ], [ -70.1354, 44.7586 ], [ -70.1158, 44.7603 ], [ -70.1115, 44.7412 ], [ -70.0975, 44.7427 ], [ -70.0839, 44.6913 ], [ -70.125, 44.6866 ], [ -70.1314, 44.6831 ], [ -70.1323, 44.6818 ], [ -70.1336, 44.6786 ], [ -70.1371, 44.6751 ], [ -70.1513, 44.6706 ], [ -70.1469, 44.6654 ], [ -70.1505, 44.6624 ], [ -70.1524, 44.6617 ], [ -70.153, 44.6611 ], [ -70.1532, 44.6575 ], [ -70.151, 44.655 ], [ -70.1495, 44.6511 ], [ -70.1531, 44.6392 ], [ -70.1536, 44.6313 ], [ -70.1546, 44.6296 ], [ -70.1611, 44.6249 ], [ -70.1655, 44.6212 ], [ -70.1972, 44.6546 ], [ -70.2211, 44.6958 ], [ -70.2294, 44.7281 ], [ -70.1924, 44.7327 ] ] ] } },
{ "type": "Feature", "properties": { "GEOIDFQ": "1400000US23007971201", "NAME": "9712.01", "NAMELSAD": "Census Tract 9712.01" }, "geometry": { "type": "Polygon", "coordinates": [ [ [ -70.1546, 44.6296 ], [ -70.1536, 44.6313 ], [ -70.1531, 44.6392 ], [ -70.1495, 44.6511 ], [ -70.151, 44.655 ], [ -70.1532, 44.6575 ], [ -70.153, 44.6611 ], [ -70.1524, 44.6617 ], [ -70.1505, 44.6624 ], [ -70.1469, 44.6654 ], [ -70.1513, 44.6706 ], [ -70.1371, 44.6751 ], [ -70.1336, 44.6786 ], [ -70.1323, 44.6818 ], [ -70.1314, 44.6831 ], [ -70.125, 44.6866 ], [ -70.0839, 44.6913 ], [ -70.0658, 44.6201 ], [ -70.0678, 44.62 ], [ -70.0721, 44.6206 ], [ -70.0753, 44.62 ], [ -70.0776, 44.6202 ], [ -70.0784, 44.6199 ], [ -70.0815, 44.617 ], [ -70.0824, 44.6154 ], [ -70.0836, 44.6153 ], [ -70.0844, 44.6148 ], [ -70.0844, 44.6136 ], [ -70.0855, 44.6139 ], [ -70.086, 44.6137 ], [ -70.0875, 44.6122 ], [ -70.0876, 44.6111 ], [ -70.0891, 44.6111 ], [ -70.0905, 44.6116 ], [ -70.0939, 44.6093 ], [ -70.0938, 44.6079 ], [ -70.0947, 44.6068 ], [ -70.0938, 44.605 ], [ -70.0949, 44.6038 ], [ -70.0956, 44.6038 ], [ -70.1257, 44.5898 ], [ -70.1345, 44.5952 ], [ -70.1574, 44.6126 ], [ -70.1655, 44.6212 ], [ -70.1546, 44.6296 ] ] ] } },
{ "type": "Feature", "properties": { "GEOIDFQ": "1400000US23005017101", "NAME": "171.01", "NAMELSAD": "Census Tract 171.01" }, "geometry": { "type": "Polygon", "coordinates": [ [ [ -70.0698, 43.7711 ], [ -70.0691, 43.7722 ], [ -70.0678, 43.7731 ], [ -70.0588, 43.7764 ], [ -70.0577, 43.7774 ], [ -70.057, 43.7788 ], [ -70.0569, 43.78 ], [ -70.0577, 43.7832 ], [ -70.0612, 43.7915 ], [ -70.0612, 43.7926 ], [ -70.0603, 43.7937 ], [ -70.0538, 43.7993 ], [ -70.0375, 43.8118 ], [ -70.0249, 43.8185 ], [ -70.0207, 43.8213 ], [ -70.0139, 43.8266 ], [ -70.0031, 43.8326 ], [ -69.9995, 43.8357 ], [ -69.9948, 43.8406 ], [ -69.9926, 43.8437 ], [ -69.9873, 43.8479 ], [ -69.9823, 43.8496 ], [ -69.9759, 43.8483 ], [ -69.9732, 43.8481 ], [ -69.965, 43.8494 ], [ -69.9611, 43.8503 ], [ -69.9588, 43.8512 ], [ -69.9571, 43.8527 ], [ -69.9549, 43.8573 ], [ -69.9534, 43.8587 ], [ -69.9504, 43.8604 ], [ -69.9493, 43.8607 ], [ -69.9479, 43.8606 ], [ -69.947, 43.8593 ], [ -69.9454, 43.8523 ], [ -69.9438, 43.8522 ], [ -69.9392, 43.8532 ], [ -69.937, 43.8527 ], [ -69.9363, 43.8516 ], [ -69.9368, 43.8489 ], [ -69.941, 43.842 ], [ -69.9411, 43.8413 ], [ -69.9406, 43.8404 ], [ -69.9381, 43.8391 ], [ -69.9375, 43.8392 ], [ -69.9354, 43.8415 ], [ -69.9347, 43.8417 ], [ -69.9303, 43.8392 ], [ -69.9294, 43.8394 ], [ -69.9298, 43.8321 ], [ -69.9313, 43.8253 ], [ -69.9316, 43.8152 ], [ -69.9324, 43.8084 ], [ -69.9317, 43.8068 ], [ -69.9343, 43.7993 ], [ -69.9372, 43.7953 ], [ -69.9384, 43.7945 ], [ -69.9399, 43.7942 ], [ -69.9431, 43.7945 ], [ -69.945, 43.7953 ], [ -69.946, 43.795 ], [ -69.9574, 43.7977 ], [ -69.9813, 43.7745 ], [ -69.9898, 43.7634 ], [ -69.9922, 43.7558 ], [ -69.9952, 43.7501 ], [ -69.9926, 43.7491 ], [ -69.9938, 43.7457 ], [ -69.9932, 43.7437 ], [ -69.9958, 43.7411 ], [ -69.9967, 43.739 ], [ -69.9986, 43.7363 ], [ -69.9984, 43.736 ], [ -69.9989, 43.7355 ], [ -69.9987, 43.7349 ], [ -69.9978, 43.7347 ], [ -69.9975, 43.7332 ], [ -69.9978, 43.7327 ], [ -69.9991, 43.7324 ], [ -69.9991, 43.7332 ], [ -69.9995, 43.7331 ], [ -70.0001, 43.7319 ], [ -70.0012, 43.7311 ], [ -70.0015, 43.7301 ], [ -70.0031, 43.7289 ], [ -70.005, 43.7247 ], [ -70.0047, 43.7248 ], [ -70.0047, 43.7244 ], [ -70.0041, 43.7245 ], [ -70.0024, 43.7259 ], [ -70.0011, 43.7281 ], [ -69.9988, 43.7306 ], [ -69.9987, 43.7312 ], [ -69.9982, 43.7313 ], [ -69.9972, 43.7311 ], [ -69.9977, 43.7279 ], [ -69.9983, 43.7277 ], [ -69.999, 43.7255 ], [ -70.0018, 43.7231 ], [ -70.0022, 43.7218 ], [ -70.0029, 43.7218 ], [ -70.0053, 43.7203 ], [ -70.0068, 43.7182 ], [ -70.0064, 43.7173 ], [ -70.0283, 43.7144 ], [ -70.0363, 43.7137 ], [ -70.0534, 43.7093 ], [ -70.0538, 43.7089 ], [ -70.0615, 43.7088 ], [ -70.0681, 43.7327 ], [ -70.0702, 43.7423 ], [ -70.0698, 43.7711 ] ] ] } },
{ "type": "Feature", "properties": { "GEOIDFQ": "1400000US23005004502", "NAME": "45.02", "NAMELSAD": "Census Tract 45.02" }, "geometry": { "type": "Polygon", "coordinates": [ [ [ -70.1526, 43.8067 ], [ -70.1518, 43.8083 ], [ -70.1522, 43.8094 ], [ -70.1519, 43.8107 ], [ -70.1532, 43.8118 ], [ -70.1534, 43.815 ], [ -70.1526, 43.8152 ], [ -70.1525, 43.8144 ], [ -70.1519, 43.8143 ], [ -70.1511, 43.8149 ], [ -70.1509, 43.8158 ], [ -70.151, 43.8145 ], [ -70.1485, 43.8162 ], [ -70.1222, 43.8416 ], [ -70.1194, 43.846 ], [ -70.1157, 43.8504 ], [ -70.1096, 43.8623 ], [ -70.1066, 43.866 ], [ -70.1027, 43.8687 ], [ -70.0905, 43.8744 ], [ -70.0877, 43.876 ], [ -70.086, 43.8775 ], [ -70.0816, 43.8845 ], [ -70.077, 43.8983 ], [ -70.0756, 43.8999 ], [ -70.0738, 43.9012 ], [ -70.069, 43.9028 ], [ -70.0466, 43.8836 ], [ -70.0483, 43.8816 ], [ -70.0399, 43.8758 ], [ -70.0436, 43.8718 ], [ -70.0356, 43.8685 ], [ -70.0387, 43.8648 ], [ -70.0133, 43.8508 ], [ -70.0146, 43.8489 ], [ -70.0178, 43.8457 ], [ -70.0269, 43.8382 ], [ -70.0348, 43.8272 ], [ -70.0372, 43.8248 ], [ -70.0366, 43.8238 ], [ -70.0321, 43.8194 ], [ -70.0284, 43.8167 ], [ -70.0375, 43.8118 ], [ -70.0538, 43.7993 ], [ -70.0609, 43.7931 ], [ -70.0612, 43.7915 ], [ -70.0571, 43.7809 ], [ -70.057, 43.7788 ], [ -70.0577, 43.7774 ], [ -70.0597, 43.776 ], [ -70.0678, 43.7731 ], [ -70.0691, 43.7722 ], [ -70.0698, 43.7708 ], [ -70.0843, 43.781 ], [ -70.0841, 43.7835 ], [ -70.085, 43.7858 ], [ -70.0874, 43.7886 ], [ -70.0907, 43.7909 ], [ -70.0945, 43.7917 ], [ -70.0997, 43.7912 ], [ -70.1023, 43.7914 ], [ -70.1056, 43.7923 ], [ -70.1157, 43.796 ], [ -70.1199, 43.7965 ], [ -70.1239, 43.7963 ], [ -70.1317, 43.7938 ], [ -70.136, 43.7928 ], [ -70.1388, 43.7931 ], [ -70.1411, 43.794 ], [ -70.1454, 43.7972 ], [ -70.1464, 43.7974 ], [ -70.1485, 43.797 ], [ -70.1494, 43.7973 ], [ -70.1534, 43.8005 ], [ -70.155, 43.8041 ], [ -70.1526, 43.8067 ] ] ] } },
{ "type": "Feature", "properties": { "GEOIDFQ": "1400000US23005017002", "NAME": "170.02", "NAMELSAD": "Census Tract 170.02" }, "geometry": { "type": "Polygon", "coordinates": [ [ [ -70.6125, 43.8479 ], [ -70.5357, 43.864 ], [ -70.4995, 43.8333 ], [ -70.4867, 43.8565 ], [ -70.4651, 43.8456 ], [ -70.4594, 43.8364 ], [ -70.4596, 43.8351 ], [ -70.4622, 43.8321 ], [ -70.4621, 43.8308 ], [ -70.4613, 43.8305 ], [ -70.4597, 43.8308 ], [ -70.4588, 43.8303 ], [ -70.4578, 43.8308 ], [ -70.4566, 43.8303 ], [ -70.4551, 43.8304 ], [ -70.4534, 43.8295 ], [ -70.4526, 43.8301 ], [ -70.4522, 43.8311 ], [ -70.4509, 43.8312 ], [ -70.4495, 43.8305 ], [ -70.4482, 43.8287 ], [ -70.4468, 43.8283 ], [ -70.4466, 43.8263 ], [ -70.4479, 43.8235 ], [ -70.4479, 43.8226 ], [ -70.4487, 43.8213 ], [ -70.4487, 43.8208 ], [ -70.4479, 43.82 ], [ -70.4493, 43.8184 ], [ -70.4486, 43.817 ], [ -70.4756, 43.7878 ], [ -70.478, 43.7889 ], [ -70.4801, 43.7866 ], [ -70.4777, 43.7856 ], [ -70.4987, 43.7629 ], [ -70.5049, 43.7567 ], [ -70.5189, 43.7418 ], [ -70.5214, 43.7398 ], [ -70.5248, 43.7409 ], [ -70.5269, 43.7437 ], [ -70.5454, 43.7537 ], [ -70.5466, 43.7553 ], [ -70.5469, 43.7573 ], [ -70.5464, 43.7583 ], [ -70.5485, 43.7619 ], [ -70.5486, 43.7632 ], [ -70.5591, 43.7686 ], [ -70.5566, 43.7714 ], [ -70.5577, 43.7782 ], [ -70.563, 43.7824 ], [ -70.5645, 43.784 ], [ -70.5654, 43.7858 ], [ -70.5683, 43.7965 ], [ -70.5711, 43.8005 ], [ -70.5755, 43.8037 ], [ -70.5802, 43.8096 ], [ -70.5838, 43.816 ], [ -70.5882, 43.8192 ], [ -70.5978, 43.8276 ], [ -70.6051, 43.8301 ], [ -70.6094, 43.8336 ], [ -70.6123, 43.8373 ], [ -70.6198, 43.8407 ], [ -70.6125, 43.8479 ] ] ] } },
{ "type": "Feature", "properties": { "GEOIDFQ": "1400000US23005017102", "NAME": "171.02", "NAMELSAD": "Census Tract 171.02" }, "geometry": { "type": "Polygon", "coordinates": [ [ [ -70.0538, 43.7089 ], [ -70.0534, 43.7093 ], [ -70.0363, 43.7137 ], [ -70.0283, 43.7144 ], [ -70.0064, 43.7173 ], [ -70.0068, 43.7182 ], [ -70.0053, 43.7203 ], [ -70.0029, 43.7218 ], [ -70.0022, 43.7218 ], [ -70.0018, 43.7231 ], [ -69.999, 43.7255 ], [ -69.9983, 43.7277 ], [ -69.9977, 43.7279 ], [ -69.9972, 43.7311 ], [ -69.9982, 43.7313 ], [ -69.9987, 43.7312 ], [ -69.9988, 43.7306 ], [ -70.0011, 43.7281 ], [ -70.0024, 43.7259 ], [ -70.0041, 43.7245 ], [ -70.0047, 43.7244 ], [ -70.0047, 43.7248 ], [ -70.005, 43.7247 ], [ -70.0031, 43.7289 ], [ -70.0015, 43.7301 ], [ -70.0012, 43.7311 ], [ -70.0001, 43.7319 ], [ -69.9995, 43.7331 ], [ -69.9991, 43.7332 ], [ -69.9991, 43.7324 ], [ -69.9978, 43.7327 ], [ -69.9975, 43.7341 ], [ -69.9978, 43.7347 ], [ -69.9987, 43.7349 ], [ -69.9989, 43.7355 ], [ -69.9984, 43.736 ], [ -69.9986, 43.7363 ], [ -69.9967, 43.739 ], [ -69.9958, 43.7411 ], [ -69.9932, 43.7437 ], [ -69.9938, 43.7457 ], [ -69.9926, 43.7491 ], [ -69.9952, 43.7501 ], [ -69.9922, 43.7558 ], [ -69.9898, 43.7634 ], [ -69.9813, 43.7745 ], [ -69.9574, 43.7977 ], [ -69.946, 43.795 ], [ -69.945, 43.7953 ], [ -69.9431, 43.7945 ], [ -69.9408, 43.7943 ], [ -69.9384, 43.7945 ], [ -69.9368, 43.7957 ], [ -69.9346, 43.7988 ], [ -69.9317, 43.8068 ], [ -69.9324, 43.8084 ], [ -69.9316, 43.8152 ], [ -69.9313, 43.8253 ], [ -69.9298, 43.8321 ], [ -69.9298, 43.8368 ], [ -69.9294, 43.8394 ], [ -69.9258, 43.8478 ], [ -69.9225, 43.8503 ], [ -69.9209, 43.8545 ], [ -69.9175, 43.8581 ], [ -69.9117, 43.8583 ], [ -69.9052, 43.8595 ], [ -69.9033, 43.8606 ], [ -69.896, 43.8662 ], [ -69.8949, 43.8643 ], [ -69.8934, 43.8627 ], [ -69.8886, 43.858 ], [ -69.885, 43.8552 ], [ -69.8814, 43.8533 ], [ -69.8749, 43.8514 ], [ -69.8748, 43.8494 ], [ -69.8763, 43.8429 ], [ -69.8761, 43.8372 ], [ -69.8733, 43.8264 ], [ -69.87, 43.8173 ], [ -69.8709, 43.8152 ], [ -69.875, 43.8085 ], [ -69.8812, 43.796 ], [ -69.8852, 43.7899 ], [ -69.8873, 43.7879 ], [ -69.888, 43.7038 ], [ -69.9257, 43.7174 ], [ -69.9343, 43.7226 ], [ -69.972, 43.7152 ], [ -69.9994, 43.7106 ], [ -70.0025, 43.7098 ], [ -70.0064, 43.7078 ], [ -70.0195, 43.6991 ], [ -70.0283, 43.6921 ], [ -70.0316, 43.6892 ], [ -70.0329, 43.6875 ], [ -70.0385, 43.6831 ], [ -70.0392, 43.6802 ], [ -70.0394, 43.677 ], [ -70.0389, 43.6709 ], [ -70.038, 43.6672 ], [ -70.0539, 43.6809 ], [ -70.0615, 43.7088 ], [ -70.0538, 43.7089 ] ] ] } },
{ "type": "Feature", "properties": { "GEOIDFQ": "1400000US23005004702", "NAME": "47.02", "NAMELSAD": "Census Tract 47.02" }, "geometry": { "type": "Polygon", "coordinates": [ [ [ -70.3926, 43.924 ], [ -70.39, 43.9266 ], [ -70.3871, 43.9274 ], [ -70.3848, 43.9277 ], [ -70.3823, 43.9285 ], [ -70.3745, 43.9276 ], [ -70.37, 43.928 ], [ -70.3661, 43.9241 ], [ -70.3625, 43.9216 ], [ -70.3557, 43.9188 ], [ -70.3498, 43.9427 ], [ -70.2532, 43.8934 ], [ -70.3169, 43.8271 ], [ -70.3244, 43.8198 ], [ -70.384, 43.8506 ], [ -70.3813, 43.8532 ], [ -70.3794, 43.8564 ], [ -70.3736, 43.86 ], [ -70.3686, 43.8645 ], [ -70.3659, 43.8681 ], [ -70.3598, 43.8742 ], [ -70.3565, 43.8788 ], [ -70.3552, 43.8797 ], [ -70.3788, 43.8919 ], [ -70.3802, 43.8935 ], [ -70.3812, 43.8956 ], [ -70.3834, 43.8967 ], [ -70.3844, 43.8985 ], [ -70.3856, 43.8995 ], [ -70.3882, 43.901 ], [ -70.3892, 43.9023 ], [ -70.3901, 43.9026 ], [ -70.391, 43.9096 ], [ -70.3915, 43.9108 ], [ -70.3936, 43.9124 ], [ -70.3918, 43.9137 ], [ -70.3919, 43.9183 ], [ -70.3927, 43.9197 ], [ -70.3939, 43.9205 ], [ -70.3941, 43.9214 ], [ -70.3926, 43.924 ] ] ] } },
{ "type": "Feature", "properties": { "GEOIDFQ": "1400000US23005004701", "NAME": "47.01", "NAMELSAD": "Census Tract 47.01" }, "geometry": { "type": "Polygon", "coordinates": [ [ [ -70.4255, 43.9033 ], [ -70.3745, 43.9552 ], [ -70.3498, 43.9427 ], [ -70.3557, 43.9188 ], [ -70.3625, 43.9216 ], [ -70.3661, 43.9241 ], [ -70.37, 43.928 ], [ -70.3745, 43.9276 ], [ -70.3823, 43.9285 ], [ -70.3848, 43.9277 ], [ -70.3868, 43.9275 ], [ -70.39, 43.9266 ], [ -70.3924, 43.9243 ], [ -70.394, 43.9218 ], [ -70.3939, 43.9205 ], [ -70.3927, 43.9197 ], [ -70.3919, 43.9183 ], [ -70.3918, 43.9137 ], [ -70.3935, 43.9124 ], [ -70.3915, 43.9108 ], [ -70.391, 43.9096 ], [ -70.3901, 43.9026 ], [ -70.3892, 43.9023 ], [ -70.3882, 43.901 ], [ -70.3856, 43.8995 ], [ -70.3844, 43.8985 ], [ -70.3834, 43.8967 ], [ -70.3812, 43.8956 ], [ -70.3802, 43.8935 ], [ -70.3788, 43.8919 ], [ -70.3552, 43.8797 ], [ -70.3565, 43.8788 ], [ -70.3598, 43.8742 ], [ -70.3659, 43.8681 ], [ -70.3686, 43.8645 ], [ -70.3736, 43.86 ], [ -70.3794, 43.8564 ], [ -70.3813, 43.8532 ], [ -70.384, 43.8506 ], [ -70.4454, 43.8818 ], [ -70.4255, 43.9033 ] ] ] } },
{ "type": "Feature", "properties": { "GEOIDFQ": "1400000US23031990100", "NAME": "9901", "NAMELSAD": "Census Tract 9901" }, "geometry": { "type": "Polygon", "coordinates": [ [ [ -70.6468, 43.0971 ], [ -70.6442, 43.1004 ], [ -70.6245, 43.1202 ], [ -70.6182, 43.1321 ], [ -70.6169, 43.1359 ], [ -70.6178, 43.145 ], [ -70.6172, 43.1489 ], [ -70.6146, 43.157 ], [ -70.6127, 43.1597 ], [ -70.6104, 43.1612 ], [ -70.6074, 43.162 ], [ -70.6034, 43.1618 ], [ -70.5984, 43.161 ], [ -70.5932, 43.1606 ], [ -70.5901, 43.1613 ], [ -70.5878, 43.1626 ], [ -70.5861, 43.1644 ], [ -70.5859, 43.1662 ], [ -70.5868, 43.1679 ], [ -70.5904, 43.1724 ], [ -70.5958, 43.178 ], [ -70.5969, 43.1805 ], [ -70.5966, 43.1819 ], [ -70.591, 43.1874 ], [ -70.5889, 43.1905 ], [ -70.5869, 43.1948 ], [ -70.5854, 43.2057 ], [ -70.5841, 43.2078 ], [ -70.5783, 43.2114 ], [ -70.5757, 43.2143 ], [ -70.574, 43.2179 ], [ -70.5734, 43.2213 ], [ -70.5742, 43.2243 ], [ -70.5787, 43.2298 ], [ -70.5831, 43.2332 ], [ -70.5843, 43.2348 ], [ -70.5856, 43.242 ], [ -70.5874, 43.2445 ], [ -70.5902, 43.2476 ], [ -70.5912, 43.2494 ], [ -70.5889, 43.2578 ], [ -70.5859, 43.2639 ], [ -70.5799, 43.2744 ], [ -70.5761, 43.2802 ], [ -70.5743, 43.2822 ], [ -70.5703, 43.2841 ], [ -70.5695, 43.2856 ], [ -70.5697, 43.2897 ], [ -70.5688, 43.2915 ], [ -70.5667, 43.2934 ], [ -70.5669, 43.2983 ], [ -70.5654, 43.3015 ], [ -70.5651, 43.3036 ], [ -70.5637, 43.3063 ], [ -70.5592, 43.3122 ], [ -70.5484, 43.3239 ], [ -70.5381, 43.3325 ], [ -70.5347, 43.3357 ], [ -70.5265, 43.3391 ], [ -70.5194, 43.3425 ], [ -70.513, 43.3426 ], [ -70.5103, 43.3431 ], [ -70.5066, 43.3406 ], [ -70.5032, 43.3395 ], [ -70.5006, 43.3393 ], [ -70.4945, 43.3423 ], [ -70.4858, 43.3431 ], [ -70.4837, 43.3439 ], [ -70.4825, 43.344 ], [ -70.479, 43.3432 ], [ -70.473, 43.3402 ], [ -70.4691, 43.3386 ], [ -70.4656, 43.338 ], [ -70.4628, 43.3385 ], [ -70.4594, 43.3398 ], [ -70.4552, 43.3429 ], [ -70.4531, 43.3439 ], [ -70.4464, 43.3457 ], [ -70.444, 43.3495 ], [ -70.4422, 43.3512 ], [ -70.4395, 43.3525 ], [ -70.4363, 43.3535 ], [ -70.4283, 43.3538 ], [ -70.4162, 43.3602 ], [ -70.4143, 43.3624 ], [ -70.4145, 43.3643 ], [ -70.4168, 43.3728 ], [ -70.42, 43.3775 ], [ -70.4207, 43.3791 ], [ -70.4208, 43.3809 ], [ -70.4194, 43.3835 ], [ -70.4124, 43.3895 ], [ -70.4098, 43.3912 ], [ -70.4078, 43.3919 ], [ -70.4038, 43.3925 ], [ -70.4035, 43.3942 ], [ -70.401, 43.3926 ], [ -70.3977, 43.3932 ], [ -70.3952, 43.3945 ], [ -70.3931, 43.3963 ], [ -70.3809, 43.4099 ], [ -70.3794, 43.4128 ], [ -70.3808, 43.4164 ], [ -70.3804, 43.4173 ], [ -70.3771, 43.4205 ], [ -70.3761, 43.423 ], [ -70.376, 43.4245 ], [ -70.3748, 43.4271 ], [ -70.371, 43.4313 ], [ -70.368, 43.4339 ], [ -70.367, 43.4344 ], [ -70.362, 43.4353 ], [ -70.3534, 43.4366 ], [ -70.3369, 43.4367 ], [ -70.3347, 43.437 ], [ -70.3329, 43.4376 ], [ -70.3142, 43.4635 ], [ -70.3579, 43.4618 ], [ -70.3587, 43.4641 ], [ -70.3561, 43.466 ], [ -70.3553, 43.4693 ], [ -70.3566, 43.4747 ], [ -70.3567, 43.481 ], [ -70.3607, 43.4822 ], [ -70.3724, 43.4826 ], [ -70.3798, 43.4844 ], [ -70.3818, 43.486 ], [ -70.3816, 43.4922 ], [ -70.3806, 43.4963 ], [ -70.3745, 43.5078 ], [ -70.3631, 43.5225 ], [ -70.352, 43.5325 ], [ -70.35, 43.5337 ], [ -70.2822, 43.5001 ], [ -70.2221, 43.4669 ], [ -70.2284, 43.4607 ], [ -70.2436, 43.4484 ], [ -70.2528, 43.4397 ], [ -70.2597, 43.432 ], [ -70.2684, 43.4264 ], [ -70.2703, 43.4218 ], [ -70.274, 43.4152 ], [ -70.2804, 43.4087 ], [ -70.2876, 43.4035 ], [ -70.3029, 43.3959 ], [ -70.3119, 43.3919 ], [ -70.3189, 43.3901 ], [ -70.3218, 43.385 ], [ -70.3249, 43.3815 ], [ -70.3327, 43.3744 ], [ -70.3384, 43.3655 ], [ -70.3425, 43.361 ], [ -70.3462, 43.3582 ], [ -70.3468, 43.3496 ], [ -70.3516, 43.3391 ], [ -70.354, 43.3359 ], [ -70.3584, 43.3312 ], [ -70.3674, 43.3233 ], [ -70.3745, 43.3198 ], [ -70.3854, 43.3153 ], [ -70.3919, 43.3133 ], [ -70.3967, 43.3125 ], [ -70.4009, 43.3083 ], [ -70.4139, 43.3008 ], [ -70.4218, 43.2975 ], [ -70.4418, 43.2927 ], [ -70.4553, 43.2903 ], [ -70.4655, 43.2895 ], [ -70.4701, 43.29 ], [ -70.4733, 43.291 ], [ -70.4814, 43.2883 ], [ -70.4873, 43.2872 ], [ -70.4932, 43.2868 ], [ -70.495, 43.2799 ], [ -70.4973, 43.2744 ], [ -70.5022, 43.2681 ], [ -70.5148, 43.2556 ], [ -70.5182, 43.2532 ], [ -70.5208, 43.2521 ], [ -70.5196, 43.2516 ], [ -70.5185, 43.2502 ], [ -70.5188, 43.2501 ], [ -70.5154, 43.2473 ], [ -70.5124, 43.2427 ], [ -70.5063, 43.2249 ], [ -70.5063, 43.2188 ], [ -70.5078, 43.2123 ], [ -70.5097, 43.2071 ], [ -70.5112, 43.2012 ], [ -70.5135, 43.1961 ], [ -70.5169, 43.1928 ], [ -70.5197, 43.191 ], [ -70.5193, 43.1867 ], [ -70.5199, 43.1829 ], [ -70.5205, 43.1811 ], [ -70.5229, 43.1789 ], [ -70.5209, 43.1746 ], [ -70.5207, 43.1618 ], [ -70.5217, 43.1549 ], [ -70.5071, 43.1635 ], [ -70.4995, 43.1669 ], [ -70.4933, 43.1692 ], [ -70.4864, 43.1703 ], [ -70.4757, 43.1708 ], [ -70.4649, 43.1708 ], [ -70.4462, 43.1681 ], [ -70.4409, 43.1666 ], [ -70.4359, 43.1641 ], [ -70.4312, 43.1612 ], [ -70.4196, 43.1526 ], [ -70.415, 43.148 ], [ -70.4072, 43.1384 ], [ -70.4046, 43.1315 ], [ -70.4034, 43.1251 ], [ -70.4032, 43.1152 ], [ -70.4041, 43.1094 ], [ -70.4062, 43.1021 ], [ -70.4107, 43.0966 ], [ -70.4156, 43.0915 ], [ -70.4211, 43.0867 ], [ -70.4306, 43.0802 ], [ -70.4398, 43.0765 ], [ -70.4486, 43.0737 ], [ -70.4591, 43.0715 ], [ -70.469, 43.0707 ], [ -70.4772, 43.071 ], [ -70.493, 43.073 ], [ -70.4995, 43.0749 ], [ -70.5041, 43.0774 ], [ -70.5104, 43.0801 ], [ -70.5251, 43.0893 ], [ -70.5302, 43.0937 ], [ -70.5343, 43.0991 ], [ -70.5374, 43.1059 ], [ -70.5404, 43.1196 ], [ -70.5401, 43.1305 ], [ -70.5492, 43.1251 ], [ -70.553, 43.1236 ], [ -70.5558, 43.1215 ], [ -70.5574, 43.1147 ], [ -70.562, 43.1099 ], [ -70.5695, 43.1032 ], [ -70.5732, 43.1005 ], [ -70.5771, 43.0978 ], [ -70.5822, 43.0955 ], [ -70.5833, 43.0892 ], [ -70.5878, 43.0739 ], [ -70.5906, 43.0674 ], [ -70.5997, 43.0569 ], [ -70.5965, 43.0568 ], [ -70.5842, 43.0553 ], [ -70.5731, 43.0529 ], [ -70.5649, 43.0501 ], [ -70.5584, 43.0473 ], [ -70.5521, 43.043 ], [ -70.5461, 43.0381 ], [ -70.5422, 43.034 ], [ -70.5325, 43.02 ], [ -70.5302, 43.0142 ], [ -70.5289, 43.0058 ], [ -70.5299, 42.9994 ], [ -70.5315, 42.9942 ], [ -70.5347, 42.9885 ], [ -70.5342, 42.9865 ], [ -70.5345, 42.9816 ], [ -70.5364, 42.9709 ], [ -70.5357, 42.9668 ], [ -70.536, 42.9562 ], [ -70.5371, 42.9514 ], [ -70.5402, 42.944 ], [ -70.5446, 42.9377 ], [ -70.553, 42.9293 ], [ -70.5659, 42.9209 ], [ -70.5735, 42.9177 ], [ -70.5751, 42.9171 ], [ -70.5819, 42.9383 ], [ -70.5841, 42.943 ], [ -70.5863, 42.9462 ], [ -70.5896, 42.9525 ], [ -70.596, 42.9614 ], [ -70.6062, 42.9729 ], [ -70.5985, 42.9818 ], [ -70.598, 42.9852 ], [ -70.5983, 42.9928 ], [ -70.598, 43.0011 ], [ -70.5963, 43.0041 ], [ -70.5967, 43.0069 ], [ -70.6037, 43.0147 ], [ -70.6135, 43.0225 ], [ -70.6247, 43.0286 ], [ -70.6399, 43.0374 ], [ -70.6566, 43.0475 ], [ -70.6665, 43.0541 ], [ -70.6663, 43.0629 ], [ -70.6468, 43.0971 ] ] ] } },
{ "type": "Feature", "properties": { "GEOIDFQ": "1400000US23001044000", "NAME": "440", "NAMELSAD": "Census Tract 440" }, "geometry": { "type": "Polygon", "coordinates": [ [ [ -70.1294, 44.4872 ], [ -70.1005, 44.3839 ], [ -70.1222, 44.3811 ], [ -70.1201, 44.3727 ], [ -70.1532, 44.3694 ], [ -70.1522, 44.3707 ], [ -70.152, 44.3721 ], [ -70.1522, 44.3751 ], [ -70.1529, 44.3764 ], [ -70.1531, 44.3839 ], [ -70.1504, 44.3896 ], [ -70.1511, 44.3923 ], [ -70.1527, 44.3959 ], [ -70.1534, 44.4001 ], [ -70.1534, 44.403 ], [ -70.1522, 44.4072 ], [ -70.1519, 44.4095 ], [ -70.1529, 44.4149 ], [ -70.154, 44.4165 ], [ -70.1562, 44.4176 ], [ -70.1607, 44.4191 ], [ -70.168, 44.4211 ], [ -70.1711, 44.4225 ], [ -70.173, 44.4241 ], [ -70.1737, 44.4253 ], [ -70.1742, 44.4326 ], [ -70.1726, 44.4391 ], [ -70.1728, 44.4414 ], [ -70.1739, 44.445 ], [ -70.1739, 44.4465 ], [ -70.1729, 44.4488 ], [ -70.1733, 44.4503 ], [ -70.1786, 44.458 ], [ -70.1795, 44.4586 ], [ -70.1822, 44.4595 ], [ -70.1844, 44.4614 ], [ -70.185, 44.463 ], [ -70.1856, 44.4672 ], [ -70.1865, 44.4685 ], [ -70.1896, 44.4704 ], [ -70.1939, 44.4741 ], [ -70.1973, 44.4761 ], [ -70.1998, 44.4783 ], [ -70.1294, 44.4872 ] ] ] } },
{ "type": "Feature", "properties": { "GEOIDFQ": "1400000US23013970200", "NAME": "9702", "NAMELSAD": "Census Tract 9702" }, "geometry": { "type": "Polygon", "coordinates": [ [ [ -69.1319, 44.2486 ], [ -69.1216, 44.2556 ], [ -69.0431, 44.2596 ], [ -69.0284, 44.249 ], [ -69.0272, 44.2462 ], [ -69.0285, 44.2435 ], [ -69.0386, 44.2308 ], [ -69.0409, 44.2231 ], [ -69.0416, 44.2157 ], [ -69.0414, 44.213 ], [ -69.039, 44.211 ], [ -69.0421, 44.2053 ], [ -69.0445, 44.2026 ], [ -69.0509, 44.1979 ], [ -69.0504, 44.1946 ], [ -69.0544, 44.1888 ], [ -69.0678, 44.1942 ], [ -69.0648, 44.1966 ], [ -69.0695, 44.2013 ], [ -69.0714, 44.1966 ], [ -69.076, 44.1999 ], [ -69.151, 44.2125 ], [ -69.1654, 44.2227 ], [ -69.1319, 44.2486 ] ] ] } },
{ "type": "Feature", "properties": { "GEOIDFQ": "1400000US23013970800", "NAME": "9708", "NAMELSAD": "Census Tract 9708" }, "geometry": { "type": "Polygon", "coordinates": [ [ [ -69.1958, 44.0427 ], [ -69.1935, 44.0461 ], [ -69.1927, 44.0487 ], [ -69.1911, 44.0507 ], [ -69.1887, 44.0522 ], [ -69.1885, 44.0531 ], [ -69.1893, 44.0539 ], [ -69.1893, 44.0545 ], [ -69.1858, 44.0579 ], [ -69.1845, 44.0632 ], [ -69.1816, 44.0655 ], [ -69.1753, 44.068 ], [ -69.1732, 44.0685 ], [ -69.1704, 44.0704 ], [ -69.1703, 44.0711 ], [ -69.1718, 44.0719 ], [ -69.1717, 44.0732 ], [ -69.1725, 44.0743 ], [ -69.1414, 44.0787 ], [ -69.1408, 44.078 ], [ -69.1391, 44.0782 ], [ -69.1378, 44.0794 ], [ -69.1371, 44.0793 ], [ -69.1353, 44.0806 ], [ -69.1356, 44.0809 ], [ -69.1349, 44.0816 ], [ -69.1343, 44.0812 ], [ -69.1337, 44.0815 ], [ -69.1345, 44.0817 ], [ -69.1342, 44.0823 ], [ -69.1335, 44.0818 ], [ -69.1006, 44.0932 ], [ -69.0996, 44.0923 ], [ -69.1041, 44.091 ], [ -69.1041, 44.0887 ], [ -69.1015, 44.0882 ], [ -69.1011, 44.0831 ], [ -69.0971, 44.0839 ], [ -69.0928, 44.0864 ], [ -69.0836, 44.0893 ], [ -69.0802, 44.0937 ], [ -69.0762, 44.0938 ], [ -69.0745, 44.0929 ], [ -69.0727, 44.0929 ], [ -69.0663, 44.0935 ], [ -69.062, 44.0944 ], [ -69.0569, 44.0968 ], [ -69.047, 44.0965 ], [ -69.029, 44.0795 ], [ -69.0322, 44.0755 ], [ -69.0418, 44.0665 ], [ -69.0464, 44.0603 ], [ -69.0685, 44.0601 ], [ -69.0698, 44.0569 ], [ -69.0727, 44.0582 ], [ -69.0735, 44.054 ], [ -69.076, 44.0524 ], [ -69.0658, 44.04 ], [ -69.0723, 44.0355 ], [ -69.0723, 44.0358 ], [ -69.0803, 44.0396 ], [ -69.089, 44.0385 ], [ -69.0933, 44.0371 ], [ -69.0963, 44.0352 ], [ -69.0988, 44.0322 ], [ -69.1094, 44.0298 ], [ -69.1097, 44.03 ], [ -69.1113, 44.0266 ], [ -69.1081, 44.0221 ], [ -69.1083, 44.0189 ], [ -69.1009, 44.0129 ], [ -69.1, 44.0096 ], [ -69.1036, 44.0084 ], [ -69.11, 44.0131 ], [ -69.1135, 44.0165 ], [ -69.1135, 44.0206 ], [ -69.1181, 44.0232 ], [ -69.1201, 44.0198 ], [ -69.125, 44.0178 ], [ -69.1255, 44.016 ], [ -69.1228, 44.0138 ], [ -69.1182, 44.0124 ], [ -69.1192, 44.0098 ], [ -69.1229, 44.0098 ], [ -69.1209, 44.0056 ], [ -69.1175, 44.0035 ], [ -69.1125, 44.0021 ], [ -69.1084, 44.0019 ], [ -69.1062, 43.9979 ], [ -69.111, 43.9944 ], [ -69.1152, 43.9903 ], [ -69.1181, 43.99 ], [ -69.1209, 43.9935 ], [ -69.1233, 43.9947 ], [ -69.1283, 43.9954 ], [ -69.1302, 44.0004 ], [ -69.13, 44.0022 ], [ -69.1286, 44.0046 ], [ -69.129, 44.0077 ], [ -69.1286, 44.0088 ], [ -69.1311, 44.0092 ], [ -69.1308, 44.0102 ], [ -69.1331, 44.0114 ], [ -69.1436, 44.013 ], [ -69.1461, 44.0127 ], [ -69.15, 44.0113 ], [ -69.1559, 44.033 ], [ -69.196, 44.0392 ], [ -69.197, 44.0393 ], [ -69.1958, 44.0427 ] ] ] } },
{ "type": "Feature", "properties": { "GEOIDFQ": "1400000US23013970600", "NAME": "9706", "NAMELSAD": "Census Tract 9706" }, "geometry": { "type": "Polygon", "coordinates": [ [ [ -69.1388, 44.106 ], [ -69.1361, 44.108 ], [ -69.1343, 44.1102 ], [ -69.129, 44.1072 ], [ -69.1252, 44.1055 ], [ -69.1215, 44.1046 ], [ -69.1163, 44.1052 ], [ -69.1122, 44.1043 ], [ -69.1092, 44.1048 ], [ -69.1091, 44.1039 ], [ -69.1033, 44.1047 ], [ -69.1007, 44.1043 ], [ -69.099, 44.1044 ], [ -69.0995, 44.103 ], [ -69.1023, 44.1017 ], [ -69.1052, 44.1014 ], [ -69.1051, 44.1 ], [ -69.1036, 44.0995 ], [ -69.1036, 44.0986 ], [ -69.0997, 44.0974 ], [ -69.0989, 44.0958 ], [ -69.1007, 44.0954 ], [ -69.0987, 44.0939 ], [ -69.1335, 44.0818 ], [ -69.1338, 44.0822 ], [ -69.1335, 44.0824 ], [ -69.134, 44.0827 ], [ -69.1332, 44.0832 ], [ -69.1333, 44.0838 ], [ -69.1325, 44.0843 ], [ -69.1318, 44.084 ], [ -69.1314, 44.0845 ], [ -69.1307, 44.0846 ], [ -69.1289, 44.0862 ], [ -69.1289, 44.0872 ], [ -69.1307, 44.0857 ], [ -69.1338, 44.0904 ], [ -69.1333, 44.0906 ], [ -69.1343, 44.0944 ], [ -69.1324, 44.0964 ], [ -69.1323, 44.0984 ], [ -69.1348, 44.1004 ], [ -69.1405, 44.1038 ], [ -69.1388, 44.106 ] ] ] } },
{ "type": "Feature", "properties": { "GEOIDFQ": "1400000US23013970500", "NAME": "9705", "NAMELSAD": "Census Tract 9705" }, "geometry": { "type": "Polygon", "coordinates": [ [ [ -69.1654, 44.2227 ], [ -69.151, 44.2125 ], [ -69.076, 44.1999 ], [ -69.0714, 44.1966 ], [ -69.0695, 44.2013 ], [ -69.0648, 44.1966 ], [ -69.0678, 44.1942 ], [ -69.0544, 44.1888 ], [ -69.0551, 44.188 ], [ -69.0561, 44.1814 ], [ -69.0551, 44.1793 ], [ -69.0519, 44.1797 ], [ -69.0521, 44.1735 ], [ -69.0531, 44.1699 ], [ -69.0584, 44.1677 ], [ -69.058, 44.1629 ], [ -69.0611, 44.1625 ], [ -69.0639, 44.1654 ], [ -69.0709, 44.1799 ], [ -69.0721, 44.1702 ], [ -69.0746, 44.1651 ], [ -69.0755, 44.1651 ], [ -69.0763, 44.1578 ], [ -69.0782, 44.1578 ], [ -69.0786, 44.1553 ], [ -69.0765, 44.1522 ], [ -69.0766, 44.1488 ], [ -69.0787, 44.1463 ], [ -69.0775, 44.1433 ], [ -69.0815, 44.1385 ], [ -69.0832, 44.1385 ], [ -69.088, 44.1376 ], [ -69.0904, 44.1347 ], [ -69.0894, 44.1331 ], [ -69.0861, 44.1364 ], [ -69.0792, 44.1351 ], [ -69.0765, 44.1373 ], [ -69.0732, 44.1386 ], [ -69.071, 44.1379 ], [ -69.0726, 44.1347 ], [ -69.075, 44.1328 ], [ -69.0755, 44.127 ], [ -69.0767, 44.1222 ], [ -69.0782, 44.1199 ], [ -69.0773, 44.1177 ], [ -69.0807, 44.1147 ], [ -69.1081, 44.1341 ], [ -69.1178, 44.1428 ], [ -69.1647, 44.1755 ], [ -69.1663, 44.1744 ], [ -69.1762, 44.1816 ], [ -69.1744, 44.183 ], [ -69.1966, 44.1992 ], [ -69.1654, 44.2227 ] ] ] } },
{ "type": "Feature", "properties": { "GEOIDFQ": "1400000US23013970700", "NAME": "9707", "NAMELSAD": "Census Tract 9707" }, "geometry": { "type": "Polygon", "coordinates": [ [ [ -69.1605, 44.1726 ], [ -69.1178, 44.1428 ], [ -69.1081, 44.1341 ], [ -69.0805, 44.1146 ], [ -69.0836, 44.1124 ], [ -69.0884, 44.1135 ], [ -69.0881, 44.1136 ], [ -69.0939, 44.1178 ], [ -69.1, 44.1153 ], [ -69.0982, 44.113 ], [ -69.1001, 44.1111 ], [ -69.1056, 44.1092 ], [ -69.102, 44.1081 ], [ -69.0993, 44.1057 ], [ -69.099, 44.1044 ], [ -69.1007, 44.1043 ], [ -69.1033, 44.1047 ], [ -69.1091, 44.1039 ], [ -69.1092, 44.1048 ], [ -69.1122, 44.1043 ], [ -69.1163, 44.1052 ], [ -69.1215, 44.1046 ], [ -69.1252, 44.1055 ], [ -69.129, 44.1072 ], [ -69.1343, 44.1102 ], [ -69.1364, 44.1078 ], [ -69.1396, 44.105 ], [ -69.1425, 44.1007 ], [ -69.1479, 44.1027 ], [ -69.1465, 44.103 ], [ -69.1459, 44.104 ], [ -69.1462, 44.1043 ], [ -69.1454, 44.1047 ], [ -69.1454, 44.1051 ], [ -69.1448, 44.1049 ], [ -69.1441, 44.1058 ], [ -69.1436, 44.1059 ], [ -69.1437, 44.1066 ], [ -69.143, 44.107 ], [ -69.1431, 44.1073 ], [ -69.1425, 44.1076 ], [ -69.1421, 44.1074 ], [ -69.1421, 44.1084 ], [ -69.1415, 44.1086 ], [ -69.1413, 44.1094 ], [ -69.1572, 44.1142 ], [ -69.1548, 44.1162 ], [ -69.1541, 44.1179 ], [ -69.1516, 44.1193 ], [ -69.1853, 44.1277 ], [ -69.1605, 44.1726 ] ] ] } },
{ "type": "Feature", "properties": { "GEOIDFQ": "1400000US23019024500", "NAME": "245", "NAMELSAD": "Census Tract 245" }, "geometry": { "type": "Polygon", "coordinates": [ [ [ -68.551, 45.2353 ], [ -68.5123, 45.2419 ], [ -68.5231, 45.2737 ], [ -68.5224, 45.2738 ], [ -68.5229, 45.2762 ], [ -68.5227, 45.2764 ], [ -68.5223, 45.276 ], [ -68.5219, 45.2761 ], [ -68.5222, 45.277 ], [ -68.5213, 45.2783 ], [ -68.5212, 45.2807 ], [ -68.5205, 45.2811 ], [ -68.5207, 45.2818 ], [ -68.5191, 45.2841 ], [ -68.5192, 45.2852 ], [ -68.52, 45.2863 ], [ -68.519, 45.2863 ], [ -68.5187, 45.2869 ], [ -68.5192, 45.2864 ], [ -68.5202, 45.2866 ], [ -68.5204, 45.2876 ], [ -68.5203, 45.2896 ], [ -68.5198, 45.29 ], [ -68.5199, 45.2905 ], [ -68.5194, 45.2907 ], [ -68.5194, 45.2912 ], [ -68.514, 45.2887 ], [ -68.4583, 45.2978 ], [ -68.3411, 45.318 ], [ -68.3578, 45.3729 ], [ -68.3686, 45.4061 ], [ -68.3846, 45.4128 ], [ -68.4425, 45.4383 ], [ -68.4373, 45.441 ], [ -68.4331, 45.4438 ], [ -68.4284, 45.4457 ], [ -68.4256, 45.4489 ], [ -68.4242, 45.4498 ], [ -68.4226, 45.4503 ], [ -68.4233, 45.4503 ], [ -68.4195, 45.455 ], [ -68.4143, 45.4572 ], [ -68.411, 45.4593 ], [ -68.4089, 45.4598 ], [ -68.4088, 45.4602 ], [ -68.4062, 45.4605 ], [ -68.4048, 45.4611 ], [ -68.4023, 45.4638 ], [ -68.4007, 45.4649 ], [ -68.3957, 45.4657 ], [ -68.3925, 45.4677 ], [ -68.3884, 45.4718 ], [ -68.3875, 45.4738 ], [ -68.3862, 45.4755 ], [ -68.3837, 45.4775 ], [ -68.3831, 45.4783 ], [ -68.3836, 45.4784 ], [ -68.3834, 45.4796 ], [ -68.3824, 45.481 ], [ -68.382, 45.4827 ], [ -68.3805, 45.4844 ], [ -68.3747, 45.4879 ], [ -68.3722, 45.4885 ], [ -68.3714, 45.4892 ], [ -68.3715, 45.4886 ], [ -68.3685, 45.4891 ], [ -68.3686, 45.4894 ], [ -68.367, 45.4904 ], [ -68.3681, 45.4901 ], [ -68.3681, 45.4908 ], [ -68.3672, 45.4917 ], [ -68.3662, 45.492 ], [ -68.3643, 45.4933 ], [ -68.3634, 45.4943 ], [ -68.3632, 45.4955 ], [ -68.3134, 45.5034 ], [ -68.2668, 45.5099 ], [ -68.2618, 45.4945 ], [ -68.2497, 45.4524 ], [ -68.2247, 45.3747 ], [ -68.2087, 45.3265 ], [ -68.19, 45.263 ], [ -68.1877, 45.2599 ], [ -68.1807, 45.2372 ], [ -68.3037, 45.2215 ], [ -68.2705, 45.1001 ], [ -68.3745, 45.086 ], [ -68.3969, 45.0833 ], [ -68.3892, 45.0539 ], [ -68.3759, 44.9974 ], [ -68.4012, 44.9944 ], [ -68.5011, 44.9807 ], [ -68.5034, 44.9919 ], [ -68.5167, 45.0394 ], [ -68.5221, 45.0682 ], [ -68.5349, 45.1251 ], [ -68.551, 45.1879 ], [ -68.551, 45.2353 ] ] ] } },
{ "type": "Feature", "properties": { "GEOIDFQ": "1400000US23019031000", "NAME": "310", "NAMELSAD": "Census Tract 310" }, "geometry": { "type": "Polygon", "coordinates": [ [ [ -68.5616, 45.6693 ], [ -68.5625, 45.6146 ], [ -68.5662, 45.616 ], [ -68.5667, 45.6168 ], [ -68.5652, 45.6161 ], [ -68.5672, 45.6173 ], [ -68.5696, 45.6177 ], [ -68.5711, 45.6183 ], [ -68.5716, 45.6186 ], [ -68.5694, 45.6178 ], [ -68.5679, 45.6177 ], [ -68.5703, 45.6191 ], [ -68.5731, 45.6194 ], [ -68.5723, 45.6196 ], [ -68.573, 45.62 ], [ -68.5781, 45.6203 ], [ -68.5797, 45.6201 ], [ -68.58, 45.6203 ], [ -68.5838, 45.6201 ], [ -68.5872, 45.6211 ], [ -68.5934, 45.6252 ], [ -68.5974, 45.6268 ], [ -68.6064, 45.6317 ], [ -68.6116, 45.6354 ], [ -68.6145, 45.6402 ], [ -68.6151, 45.6703 ], [ -68.5616, 45.6693 ] ] ] } },
{ "type": "Feature", "properties": { "GEOIDFQ": "1400000US23019000400", "NAME": "4", "NAMELSAD": "Census Tract 4" }, "geometry": { "type": "Polygon", "coordinates": [ [ [ -68.7865, 44.8161 ], [ -68.7796, 44.8189 ], [ -68.7753, 44.8192 ], [ -68.7724, 44.8162 ], [ -68.7716, 44.8166 ], [ -68.7711, 44.8162 ], [ -68.7689, 44.8165 ], [ -68.7669, 44.8087 ], [ -68.7716, 44.808 ], [ -68.771, 44.806 ], [ -68.772, 44.8058 ], [ -68.7731, 44.8048 ], [ -68.7775, 44.8073 ], [ -68.7783, 44.8082 ], [ -68.7781, 44.8091 ], [ -68.7786, 44.8103 ], [ -68.7809, 44.8118 ], [ -68.7813, 44.8127 ], [ -68.7822, 44.8132 ], [ -68.784, 44.8132 ], [ -68.7885, 44.8148 ], [ -68.7865, 44.8161 ] ] ] } },
{ "type": "Feature", "properties": { "GEOIDFQ": "1400000US23019000500", "NAME": "5", "NAMELSAD": "Census Tract 5" }, "geometry": { "type": "Polygon", "coordinates": [ [ [ -68.7999, 44.8031 ], [ -68.7944, 44.8076 ], [ -68.7902, 44.8121 ], [ -68.7885, 44.8147 ], [ -68.784, 44.8132 ], [ -68.7822, 44.8132 ], [ -68.7813, 44.8127 ], [ -68.7809, 44.8118 ], [ -68.7784, 44.8099 ], [ -68.7781, 44.8091 ], [ -68.7784, 44.8077 ], [ -68.7781, 44.8069 ], [ -68.7742, 44.8036 ], [ -68.7722, 44.8029 ], [ -68.772, 44.8015 ], [ -68.7806, 44.801 ], [ -68.8018, 44.7986 ], [ -68.7999, 44.8031 ] ] ] } },
{ "type": "Feature", "properties": { "GEOIDFQ": "1400000US23019000600", "NAME": "6", "NAMELSAD": "Census Tract 6" }, "geometry": { "type": "Polygon", "coordinates": [ [ [ -68.7794, 44.8011 ], [ -68.7735, 44.8014 ], [ -68.774, 44.8001 ], [ -68.7731, 44.7999 ], [ -68.7736, 44.7993 ], [ -68.7727, 44.7988 ], [ -68.7776, 44.7894 ], [ -68.7842, 44.7925 ], [ -68.7824, 44.7944 ], [ -68.7846, 44.7954 ], [ -68.7846, 44.7957 ], [ -68.7794, 44.8011 ] ] ] } },
{ "type": "Feature", "properties": { "GEOIDFQ": "1400000US23025966400", "NAME": "9664", "NAMELSAD": "Census Tract 9664" }, "geometry": { "type": "Polygon", "coordinates": [ [ [ -69.9929, 44.8696 ], [ -69.9947, 44.8792 ], [ -69.9873, 44.8802 ], [ -69.987, 44.8798 ], [ -69.9837, 44.8786 ], [ -69.9825, 44.8771 ], [ -69.9818, 44.8768 ], [ -69.9809, 44.8767 ], [ -69.9778, 44.8777 ], [ -69.9746, 44.8775 ], [ -69.9728, 44.8758 ], [ -69.9709, 44.8751 ], [ -69.9679, 44.8746 ], [ -69.9653, 44.875 ], [ -69.964, 44.8746 ], [ -69.9629, 44.8746 ], [ -69.9607, 44.8735 ], [ -69.9449, 44.8756 ], [ -69.9315, 44.8778 ], [ -69.8892, 44.8831 ], [ -69.8591, 44.8876 ], [ -69.8638, 44.8817 ], [ -69.8646, 44.8796 ], [ -69.8634, 44.8751 ], [ -69.8638, 44.8723 ], [ -69.8635, 44.869 ], [ -69.8645, 44.8644 ], [ -69.8655, 44.8627 ], [ -69.8655, 44.8605 ], [ -69.865, 44.8595 ], [ -69.8628, 44.8576 ], [ -69.863, 44.8554 ], [ -69.8643, 44.8545 ], [ -69.8657, 44.8546 ], [ -69.8669, 44.8553 ], [ -69.8689, 44.8548 ], [ -69.8724, 44.8497 ], [ -69.8743, 44.8485 ], [ -69.8764, 44.8487 ], [ -69.8775, 44.8484 ], [ -69.8787, 44.8475 ], [ -69.8793, 44.8461 ], [ -69.8786, 44.8422 ], [ -69.8765, 44.8398 ], [ -69.8737, 44.8381 ], [ -69.8722, 44.8377 ], [ -69.871, 44.838 ], [ -69.8699, 44.8389 ], [ -69.8688, 44.8408 ], [ -69.8676, 44.8411 ], [ -69.8667, 44.8407 ], [ -69.8647, 44.8369 ], [ -69.8642, 44.8348 ], [ -69.8644, 44.8332 ], [ -69.8649, 44.8324 ], [ -69.866, 44.8321 ], [ -69.8694, 44.8341 ], [ -69.871, 44.8345 ], [ -69.8725, 44.8341 ], [ -69.8734, 44.8331 ], [ -69.8743, 44.8302 ], [ -69.8728, 44.8253 ], [ -69.8712, 44.8222 ], [ -69.872, 44.8195 ], [ -69.8732, 44.8181 ], [ -69.8749, 44.8174 ], [ -69.8807, 44.8173 ], [ -69.8846, 44.8164 ], [ -69.8889, 44.8146 ], [ -69.8912, 44.8129 ], [ -69.8917, 44.8122 ], [ -69.8916, 44.8101 ], [ -69.8864, 44.8024 ], [ -69.8865, 44.8007 ], [ -69.8887, 44.7988 ], [ -69.8886, 44.7973 ], [ -69.8877, 44.7962 ], [ -69.8849, 44.7953 ], [ -69.8843, 44.7945 ], [ -69.8849, 44.7932 ], [ -69.8875, 44.7922 ], [ -69.8891, 44.7908 ], [ -69.8889, 44.7878 ], [ -69.9531, 44.7801 ], [ -70.0008, 44.7738 ], [ -70.0032, 44.7883 ], [ -70.0156, 44.7869 ], [ -70.0207, 44.8098 ], [ -70.0271, 44.8091 ], [ -70.0323, 44.8298 ], [ -70.0255, 44.8307 ], [ -70.0333, 44.8645 ], [ -69.9929, 44.8696 ] ] ] } },
{ "type": "Feature", "properties": { "GEOIDFQ": "1400000US23023990000", "NAME": "9900", "NAMELSAD": "Census Tract 9900" }, "geometry": { "type": "Polygon", "coordinates": [ [ [ -69.8874, 43.7753 ], [ -69.8829, 43.7755 ], [ -69.8748, 43.772 ], [ -69.875, 43.7656 ], [ -69.873, 43.7635 ], [ -69.8667, 43.7627 ], [ -69.8659, 43.7615 ], [ -69.8657, 43.7589 ], [ -69.87, 43.7583 ], [ -69.8727, 43.756 ], [ -69.8726, 43.7521 ], [ -69.8705, 43.7483 ], [ -69.8704, 43.7451 ], [ -69.8704, 43.7425 ], [ -69.8722, 43.7359 ], [ -69.8726, 43.7317 ], [ -69.8723, 43.7297 ], [ -69.8664, 43.726 ], [ -69.8599, 43.7232 ], [ -69.8581, 43.7217 ], [ -69.8584, 43.72 ], [ -69.8568, 43.7184 ], [ -69.855, 43.7176 ], [ -69.8541, 43.7161 ], [ -69.8572, 43.7077 ], [ -69.8577, 43.7054 ], [ -69.8572, 43.7033 ], [ -69.8551, 43.7022 ], [ -69.8505, 43.7022 ], [ -69.8479, 43.7038 ], [ -69.8434, 43.7043 ], [ -69.8413, 43.7038 ], [ -69.8403, 43.7019 ], [ -69.8383, 43.6999 ], [ -69.8389, 43.6969 ], [ -69.8375, 43.6951 ], [ -69.8355, 43.6938 ], [ -69.8315, 43.6944 ], [ -69.8237, 43.6977 ], [ -69.8183, 43.7008 ], [ -69.8051, 43.7103 ], [ -69.7994, 43.7124 ], [ -69.7927, 43.7142 ], [ -69.773, 43.719 ], [ -69.7685, 43.7094 ], [ -69.7647, 43.7055 ], [ -69.7594, 43.7029 ], [ -69.7561, 43.7029 ], [ -69.7531, 43.7037 ], [ -69.7502, 43.7051 ], [ -69.749, 43.7073 ], [ -69.7487, 43.7101 ], [ -69.7514, 43.718 ], [ -69.752, 43.7249 ], [ -69.7518, 43.729 ], [ -69.7503, 43.7403 ], [ -69.7478, 43.7511 ], [ -69.747, 43.757 ], [ -69.7458, 43.7578 ], [ -69.7453, 43.7623 ], [ -69.7439, 43.7636 ], [ -69.7405, 43.7696 ], [ -69.7316, 43.7731 ], [ -69.731, 43.7745 ], [ -69.7294, 43.776 ], [ -69.7228, 43.7811 ], [ -69.7162, 43.7819 ], [ -69.7167, 43.7839 ], [ -69.7182, 43.7856 ], [ -69.7178, 43.7883 ], [ -69.7167, 43.7901 ], [ -69.7161, 43.7923 ], [ -69.716, 43.7948 ], [ -69.7171, 43.8016 ], [ -69.717, 43.803 ], [ -69.7145, 43.8066 ], [ -69.7132, 43.8092 ], [ -69.7117, 43.8149 ], [ -69.7092, 43.8149 ], [ -69.7069, 43.8158 ], [ -69.7043, 43.8183 ], [ -69.7037, 43.8208 ], [ -69.7038, 43.8294 ], [ -69.7052, 43.8337 ], [ -69.7015, 43.8458 ], [ -69.701, 43.8508 ], [ -69.7, 43.8536 ], [ -69.7005, 43.8553 ], [ -69.6921, 43.8572 ], [ -69.6895, 43.8513 ], [ -69.6888, 43.8475 ], [ -69.689, 43.8458 ], [ -69.6903, 43.8428 ], [ -69.695, 43.8377 ], [ -69.6961, 43.8358 ], [ -69.6972, 43.8327 ], [ -69.6977, 43.8299 ], [ -69.6976, 43.8085 ], [ -69.6957, 43.795 ], [ -69.6919, 43.781 ], [ -69.6907, 43.7787 ], [ -69.6647, 43.7117 ], [ -69.6685, 43.7079 ], [ -69.6733, 43.7042 ], [ -69.681, 43.7001 ], [ -69.6863, 43.6982 ], [ -69.6889, 43.6907 ], [ -69.6934, 43.6834 ], [ -69.6992, 43.6759 ], [ -69.7083, 43.6682 ], [ -69.7192, 43.6617 ], [ -69.7304, 43.6573 ], [ -69.7371, 43.6555 ], [ -69.7495, 43.654 ], [ -69.7634, 43.6544 ], [ -69.7758, 43.6556 ], [ -69.7866, 43.6581 ], [ -69.7936, 43.6531 ], [ -69.8088, 43.6473 ], [ -69.8275, 43.645 ], [ -69.8417, 43.6449 ], [ -69.8552, 43.6469 ], [ -69.8819, 43.6365 ], [ -69.8881, 43.7069 ], [ -69.8874, 43.7753 ] ] ] } },
{ "type": "Feature", "properties": { "GEOIDFQ": "1400000US23019013000", "NAME": "130", "NAMELSAD": "Census Tract 130" }, "geometry": { "type": "Polygon", "coordinates": [ [ [ -69.2421, 44.9043 ], [ -69.1835, 44.9108 ], [ -69.1607, 44.8249 ], [ -69.2813, 44.8087 ], [ -69.2995, 44.8751 ], [ -69.3026, 44.8843 ], [ -69.3055, 44.896 ], [ -69.2421, 44.9043 ] ] ] } },
{ "type": "Feature", "properties": { "GEOIDFQ": "1400000US23019018000", "NAME": "180", "NAMELSAD": "Census Tract 180" }, "geometry": { "type": "Polygon", "coordinates": [ [ [ -68.979, 44.938 ], [ -68.9645, 44.8844 ], [ -68.9221, 44.8901 ], [ -68.9134, 44.8574 ], [ -69.0392, 44.841 ], [ -69.0624, 44.927 ], [ -68.979, 44.938 ] ] ] } },
{ "type": "Feature", "properties": { "GEOIDFQ": "1400000US23009990000", "NAME": "9900", "NAMELSAD": "Census Tract 9900" }, "geometry": { "type": "Polygon", "coordinates": [ [ [ -68.4644, 44.0854 ], [ -68.4562, 44.0959 ], [ -68.4452, 44.1058 ], [ -68.4316, 44.1041 ], [ -68.4128, 44.0968 ], [ -68.3916, 44.0934 ], [ -68.347, 44.0907 ], [ -68.3273, 44.0968 ], [ -68.3212, 44.1066 ], [ -68.3238, 44.1123 ], [ -68.3289, 44.1176 ], [ -68.3498, 44.1349 ], [ -68.3469, 44.1375 ], [ -68.3463, 44.1397 ], [ -68.3502, 44.145 ], [ -68.3236, 44.1542 ], [ -68.321, 44.16 ], [ -68.3238, 44.1634 ], [ -68.3288, 44.172 ], [ -68.3281, 44.1819 ], [ -68.3109, 44.1929 ], [ -68.3098, 44.1999 ], [ -68.3116, 44.2119 ], [ -68.3141, 44.2157 ], [ -68.2859, 44.2232 ], [ -68.2121, 44.2239 ], [ -68.1842, 44.2273 ], [ -68.1783, 44.2353 ], [ -68.1826, 44.2471 ], [ -68.1944, 44.2596 ], [ -68.2045, 44.2719 ], [ -68.2009, 44.284 ], [ -68.1972, 44.2896 ], [ -68.18, 44.2912 ], [ -68.1661, 44.2917 ], [ -68.1624, 44.2991 ], [ -68.1603, 44.3048 ], [ -68.1566, 44.3198 ], [ -68.1554, 44.3273 ], [ -68.1551, 44.334 ], [ -68.1552, 44.3424 ], [ -68.1558, 44.3437 ], [ -68.1099, 44.3491 ], [ -68.0744, 44.3295 ], [ -68.0357, 44.3171 ], [ -68.021, 44.3226 ], [ -68.0229, 44.3446 ], [ -68.0155, 44.3523 ], [ -68.0116, 44.3574 ], [ -68.0115, 44.3686 ], [ -68.0093, 44.379 ], [ -68.0049, 44.3843 ], [ -67.986, 44.3796 ], [ -67.9706, 44.3808 ], [ -67.9549, 44.3836 ], [ -67.9525, 44.3871 ], [ -67.951, 44.393 ], [ -67.9436, 44.3956 ], [ -67.9382, 44.4 ], [ -67.9374, 44.3988 ], [ -67.9252, 44.3414 ], [ -67.9334, 44.3323 ], [ -67.9424, 44.3261 ], [ -67.9509, 44.3225 ], [ -67.9608, 44.3193 ], [ -67.9656, 44.306 ], [ -67.9736, 44.2952 ], [ -67.9827, 44.2884 ], [ -67.9925, 44.2831 ], [ -67.9994, 44.2802 ], [ -68.0074, 44.2774 ], [ -68.0182, 44.2751 ], [ -68.0278, 44.2742 ], [ -68.0358, 44.2742 ], [ -68.0568, 44.277 ], [ -68.061, 44.2783 ], [ -68.0722, 44.2755 ], [ -68.0852, 44.2734 ], [ -68.1283, 44.2643 ], [ -68.128, 44.2617 ], [ -68.1257, 44.2564 ], [ -68.1245, 44.2546 ], [ -68.1245, 44.2501 ], [ -68.1217, 44.2501 ], [ -68.1207, 44.2443 ], [ -68.1209, 44.2347 ], [ -68.1226, 44.226 ], [ -68.1245, 44.2222 ], [ -68.1281, 44.2173 ], [ -68.1376, 44.2069 ], [ -68.1565, 44.1948 ], [ -68.1707, 44.1901 ], [ -68.1684, 44.1729 ], [ -68.1693, 44.1651 ], [ -68.1713, 44.1605 ], [ -68.1707, 44.1547 ], [ -68.1722, 44.1474 ], [ -68.1713, 44.1439 ], [ -68.1719, 44.1396 ], [ -68.1739, 44.1312 ], [ -68.1759, 44.1251 ], [ -68.1801, 44.1184 ], [ -68.1858, 44.112 ], [ -68.1946, 44.1053 ], [ -68.2034, 44.0996 ], [ -68.2117, 44.0961 ], [ -68.2239, 44.0919 ], [ -68.2302, 44.0905 ], [ -68.2381, 44.0895 ], [ -68.2458, 44.0891 ], [ -68.2631, 44.0906 ], [ -68.2762, 44.0728 ], [ -68.2792, 44.0699 ], [ -68.2937, 44.0609 ], [ -68.3035, 44.0562 ], [ -68.3114, 44.0534 ], [ -68.3257, 44.0508 ], [ -68.3356, 44.0507 ], [ -68.3413, 44.0487 ], [ -68.3566, 44.0458 ], [ -68.3688, 44.0452 ], [ -68.3745, 44.0467 ], [ -68.3811, 44.0468 ], [ -68.3908, 44.048 ], [ -68.4008, 44.0505 ], [ -68.4368, 44.0532 ], [ -68.4466, 44.0426 ], [ -68.4524, 44.038 ], [ -68.463, 44.0321 ], [ -68.4715, 44.0299 ], [ -68.4782, 44.0287 ], [ -68.4846, 44.0283 ], [ -68.4979, 44.0691 ], [ -68.4644, 44.0854 ] ], [ [ -68.2523, 44.1387 ], [ -68.2431, 44.1363 ], [ -68.235, 44.1418 ], [ -68.2362, 44.1541 ], [ -68.2357, 44.1651 ], [ -68.2333, 44.173 ], [ -68.2375, 44.179 ], [ -68.2473, 44.18 ], [ -68.2534, 44.1779 ], [ -68.257, 44.1622 ], [ -68.26, 44.1466 ], [ -68.2523, 44.1387 ] ] ] } },
{ "type": "Feature", "properties": { "GEOIDFQ": "1400000US23011019000", "NAME": "190", "NAMELSAD": "Census Tract 190" }, "geometry": { "type": "Polygon", "coordinates": [ [ [ -69.6257, 44.3618 ], [ -69.583, 44.3547 ], [ -69.5064, 44.3429 ], [ -69.5213, 44.2807 ], [ -69.5268, 44.2773 ], [ -69.5279, 44.2757 ], [ -69.5289, 44.275 ], [ -69.5344, 44.2722 ], [ -69.5351, 44.2705 ], [ -69.5344, 44.2685 ], [ -69.5348, 44.2674 ], [ -69.5378, 44.2653 ], [ -69.5414, 44.264 ], [ -69.5426, 44.2625 ], [ -69.5431, 44.2625 ], [ -69.544, 44.263 ], [ -69.5464, 44.2627 ], [ -69.547, 44.2622 ], [ -69.5474, 44.261 ], [ -69.5761, 44.266 ], [ -69.6341, 44.2771 ], [ -69.6502, 44.2796 ], [ -69.6257, 44.3618 ] ] ] } },
{ "type": "Feature", "properties": { "GEOIDFQ": "1400000US23011020500", "NAME": "205", "NAMELSAD": "Census Tract 205" }, "geometry": { "type": "Polygon", "coordinates": [ [ [ -69.4935, 44.5609 ], [ -69.4818, 44.5593 ], [ -69.4797, 44.5663 ], [ -69.4432, 44.5613 ], [ -69.447, 44.5763 ], [ -69.4365, 44.6136 ], [ -69.4574, 44.6164 ], [ -69.4642, 44.6431 ], [ -69.4605, 44.6438 ], [ -69.459, 44.6449 ], [ -69.4589, 44.646 ], [ -69.4606, 44.6471 ], [ -69.3931, 44.6404 ], [ -69.3971, 44.6269 ], [ -69.4168, 44.5511 ], [ -69.3724, 44.5446 ], [ -69.3828, 44.5062 ], [ -69.3848, 44.4963 ], [ -69.396, 44.4571 ], [ -69.4697, 44.4672 ], [ -69.4697, 44.4822 ], [ -69.4964, 44.4873 ], [ -69.5153, 44.4904 ], [ -69.4935, 44.5609 ] ] ] } },
{ "type": "Feature", "properties": { "GEOIDFQ": "1400000US23011022000", "NAME": "220", "NAMELSAD": "Census Tract 220" }, "geometry": { "type": "Polygon", "coordinates": [ [ [ -69.6043, 44.5786 ], [ -69.6005, 44.5803 ], [ -69.594, 44.5818 ], [ -69.5927, 44.5824 ], [ -69.5909, 44.5846 ], [ -69.5893, 44.5889 ], [ -69.5902, 44.593 ], [ -69.5917, 44.5951 ], [ -69.5926, 44.5979 ], [ -69.5931, 44.6013 ], [ -69.5927, 44.6034 ], [ -69.5902, 44.608 ], [ -69.5811, 44.6196 ], [ -69.5789, 44.6244 ], [ -69.5791, 44.627 ], [ -69.5817, 44.6301 ], [ -69.5857, 44.6322 ], [ -69.5873, 44.6341 ], [ -69.5503, 44.6294 ], [ -69.4365, 44.6136 ], [ -69.447, 44.5763 ], [ -69.4432, 44.5613 ], [ -69.4797, 44.5663 ], [ -69.4818, 44.5593 ], [ -69.5829, 44.5739 ], [ -69.6057, 44.5773 ], [ -69.6043, 44.5786 ] ] ] } },
{ "type": "Feature", "properties": { "GEOIDFQ": "1400000US23019009000", "NAME": "90", "NAMELSAD": "Census Tract 90" }, "geometry": { "type": "Polygon", "coordinates": [ [ [ -68.7277, 44.7502 ], [ -68.7139, 44.7668 ], [ -68.6846, 44.8008 ], [ -68.6903, 44.8033 ], [ -68.6868, 44.8047 ], [ -68.6987, 44.8215 ], [ -68.6968, 44.8225 ], [ -68.6961, 44.8243 ], [ -68.6974, 44.8276 ], [ -68.7007, 44.8309 ], [ -68.7009, 44.8336 ], [ -68.7002, 44.8386 ], [ -68.699, 44.8411 ], [ -68.696, 44.8454 ], [ -68.6833, 44.8537 ], [ -68.6744, 44.8583 ], [ -68.673, 44.8601 ], [ -68.6724, 44.8617 ], [ -68.6719, 44.8664 ], [ -68.5599, 44.8176 ], [ -68.5167, 44.8656 ], [ -68.473, 44.8708 ], [ -68.4585, 44.8157 ], [ -68.4452, 44.763 ], [ -68.5443, 44.7501 ], [ -68.6167, 44.741 ], [ -68.6471, 44.7036 ], [ -68.691, 44.7217 ], [ -68.7139, 44.7036 ], [ -68.7208, 44.6997 ], [ -68.7324, 44.7218 ], [ -68.732, 44.7229 ], [ -68.7309, 44.7237 ], [ -68.7219, 44.7274 ], [ -68.7248, 44.7286 ], [ -68.7203, 44.7339 ], [ -68.7351, 44.7401 ], [ -68.7277, 44.7502 ] ] ] } },
{ "type": "Feature", "properties": { "GEOIDFQ": "1400000US23017966600", "NAME": "9666", "NAMELSAD": "Census Tract 9666" }, "geometry": { "type": "Polygon", "coordinates": [ [ [ -70.9132, 44.2387 ], [ -70.8637, 44.2614 ], [ -70.8158, 44.2064 ], [ -70.8004, 44.2145 ], [ -70.8039, 44.2186 ], [ -70.7815, 44.2295 ], [ -70.7854, 44.2336 ], [ -70.7666, 44.2432 ], [ -70.7648, 44.245 ], [ -70.7565, 44.2483 ], [ -70.7532, 44.2501 ], [ -70.7492, 44.253 ], [ -70.745, 44.2487 ], [ -70.709, 44.2681 ], [ -70.6578, 44.2151 ], [ -70.6189, 44.1738 ], [ -70.6707, 44.1477 ], [ -70.6959, 44.1342 ], [ -70.6995, 44.1392 ], [ -70.6997, 44.1391 ], [ -70.7405, 44.1191 ], [ -70.8218, 44.0771 ], [ -70.8888, 44.11 ], [ -70.9114, 44.1217 ], [ -70.9452, 44.1378 ], [ -70.9371, 44.1569 ], [ -70.9377, 44.1617 ], [ -70.9372, 44.1636 ], [ -70.9367, 44.1638 ], [ -70.9374, 44.1659 ], [ -70.9404, 44.1713 ], [ -70.9442, 44.1854 ], [ -70.948, 44.187 ], [ -70.9603, 44.201 ], [ -70.9646, 44.2113 ], [ -70.9707, 44.2146 ], [ -70.9132, 44.2387 ] ] ] } },
{ "type": "Feature", "properties": { "GEOIDFQ": "1400000US23017965800", "NAME": "9658", "NAMELSAD": "Census Tract 9658" }, "geometry": { "type": "Polygon", "coordinates": [ [ [ -70.504, 44.4968 ], [ -70.5084, 44.5038 ], [ -70.4829, 44.5298 ], [ -70.48, 44.53 ], [ -70.4759, 44.5312 ], [ -70.4712, 44.5318 ], [ -70.4693, 44.5316 ], [ -70.4648, 44.5302 ], [ -70.4603, 44.5295 ], [ -70.4587, 44.5285 ], [ -70.4556, 44.5272 ], [ -70.4514, 44.5261 ], [ -70.4463, 44.5254 ], [ -70.4436, 44.5238 ], [ -70.4408, 44.5239 ], [ -70.4392, 44.5235 ], [ -70.4293, 44.5203 ], [ -70.4245, 44.5195 ], [ -70.422, 44.5185 ], [ -70.4168, 44.5172 ], [ -70.4094, 44.514 ], [ -70.4068, 44.5118 ], [ -70.4049, 44.5095 ], [ -70.4037, 44.5067 ], [ -70.401, 44.5047 ], [ -70.3973, 44.5027 ], [ -70.3964, 44.5012 ], [ -70.3942, 44.4997 ], [ -70.3906, 44.4989 ], [ -70.3857, 44.4992 ], [ -70.3821, 44.4977 ], [ -70.377, 44.4942 ], [ -70.3729, 44.4921 ], [ -70.3673, 44.4903 ], [ -70.3577, 44.4887 ], [ -70.353, 44.4865 ], [ -70.3515, 44.486 ], [ -70.3518, 44.4856 ], [ -70.3489, 44.485 ], [ -70.3503, 44.4835 ], [ -70.3493, 44.4798 ], [ -70.354, 44.4779 ], [ -70.3546, 44.4798 ], [ -70.3574, 44.4791 ], [ -70.3603, 44.4758 ], [ -70.3518, 44.4633 ], [ -70.3307, 44.4356 ], [ -70.3158, 44.4203 ], [ -70.3069, 44.4204 ], [ -70.3043, 44.4104 ], [ -70.2832, 44.413 ], [ -70.2816, 44.407 ], [ -70.2768, 44.4075 ], [ -70.2652, 44.3629 ], [ -70.2815, 44.3224 ], [ -70.2897, 44.3219 ], [ -70.3178, 44.3185 ], [ -70.3181, 44.3168 ], [ -70.3964, 44.3169 ], [ -70.396, 44.318 ], [ -70.3906, 44.3183 ], [ -70.3899, 44.3206 ], [ -70.3913, 44.3216 ], [ -70.3878, 44.3242 ], [ -70.3888, 44.3254 ], [ -70.3882, 44.3262 ], [ -70.3897, 44.327 ], [ -70.3926, 44.3277 ], [ -70.3937, 44.3269 ], [ -70.4024, 44.3263 ], [ -70.4037, 44.3243 ], [ -70.4006, 44.3193 ], [ -70.4003, 44.3169 ], [ -70.4712, 44.3166 ], [ -70.5064, 44.3714 ], [ -70.5145, 44.3858 ], [ -70.5162, 44.397 ], [ -70.519, 44.4094 ], [ -70.5252, 44.4243 ], [ -70.5211, 44.4262 ], [ -70.5234, 44.4362 ], [ -70.5308, 44.4621 ], [ -70.5508, 44.4535 ], [ -70.5606, 44.4751 ], [ -70.504, 44.4968 ] ] ] } },
{ "type": "Feature", "properties": { "GEOIDFQ": "1400000US23017966900", "NAME": "9669", "NAMELSAD": "Census Tract 9669" }, "geometry": { "type": "Polygon", "coordinates": [ [ [ -70.9765, 43.8862 ], [ -70.8735, 43.8891 ], [ -70.8724, 43.8901 ], [ -70.866, 43.8929 ], [ -70.863, 43.8928 ], [ -70.8341, 43.9102 ], [ -70.7495, 43.9254 ], [ -70.7298, 43.9283 ], [ -70.7525, 43.914 ], [ -70.7524, 43.9135 ], [ -70.7531, 43.9128 ], [ -70.7525, 43.9119 ], [ -70.7531, 43.9116 ], [ -70.7537, 43.9102 ], [ -70.7543, 43.9098 ], [ -70.7545, 43.9087 ], [ -70.7556, 43.9087 ], [ -70.7579, 43.9069 ], [ -70.7571, 43.9051 ], [ -70.7577, 43.9011 ], [ -70.7569, 43.8998 ], [ -70.7552, 43.8886 ], [ -70.7549, 43.8884 ], [ -70.7525, 43.8888 ], [ -70.7506, 43.8883 ], [ -70.7497, 43.8876 ], [ -70.7504, 43.8864 ], [ -70.7509, 43.8861 ], [ -70.7503, 43.8859 ], [ -70.7439, 43.8858 ], [ -70.7653, 43.8715 ], [ -70.7663, 43.8772 ], [ -70.7805, 43.8682 ], [ -70.7815, 43.8739 ], [ -70.7982, 43.8633 ], [ -70.7969, 43.8616 ], [ -70.7935, 43.8598 ], [ -70.7928, 43.8588 ], [ -70.7935, 43.8574 ], [ -70.7974, 43.8586 ], [ -70.7993, 43.8583 ], [ -70.8006, 43.8576 ], [ -70.8016, 43.8561 ], [ -70.8014, 43.8555 ], [ -70.7993, 43.8538 ], [ -70.795, 43.8521 ], [ -70.7958, 43.8511 ], [ -70.7957, 43.8505 ], [ -70.7933, 43.8486 ], [ -70.7925, 43.8473 ], [ -70.7923, 43.8457 ], [ -70.7934, 43.8444 ], [ -70.7935, 43.8433 ], [ -70.7948, 43.841 ], [ -70.7945, 43.8346 ], [ -70.794, 43.834 ], [ -70.7924, 43.8332 ], [ -70.7895, 43.8336 ], [ -70.7871, 43.8326 ], [ -70.7853, 43.8284 ], [ -70.7816, 43.8232 ], [ -70.7835, 43.8174 ], [ -70.783, 43.8141 ], [ -70.7856, 43.8134 ], [ -70.7883, 43.8143 ], [ -70.7913, 43.8131 ], [ -70.7923, 43.812 ], [ -70.7933, 43.8117 ], [ -70.7946, 43.8102 ], [ -70.7974, 43.8097 ], [ -70.7983, 43.8084 ], [ -70.7965, 43.8067 ], [ -70.7975, 43.8062 ], [ -70.7988, 43.8064 ], [ -70.7996, 43.8081 ], [ -70.8023, 43.8095 ], [ -70.8028, 43.8094 ], [ -70.8039, 43.8082 ], [ -70.8048, 43.808 ], [ -70.8057, 43.8084 ], [ -70.8071, 43.8098 ], [ -70.8089, 43.8102 ], [ -70.8097, 43.8101 ], [ -70.81, 43.8096 ], [ -70.8099, 43.8078 ], [ -70.8112, 43.8075 ], [ -70.8121, 43.8085 ], [ -70.8116, 43.8097 ], [ -70.8119, 43.8105 ], [ -70.814, 43.8114 ], [ -70.815, 43.8115 ], [ -70.8164, 43.8112 ], [ -70.8194, 43.8097 ], [ -70.8219, 43.8072 ], [ -70.8249, 43.8076 ], [ -70.8265, 43.8068 ], [ -70.8273, 43.8067 ], [ -70.8281, 43.8069 ], [ -70.8292, 43.8083 ], [ -70.8302, 43.8089 ], [ -70.834, 43.8095 ], [ -70.8408, 43.81 ], [ -70.8429, 43.8091 ], [ -70.8436, 43.8074 ], [ -70.8462, 43.8075 ], [ -70.8476, 43.8068 ], [ -70.8496, 43.8066 ], [ -70.853, 43.8045 ], [ -70.8542, 43.8053 ], [ -70.8554, 43.8054 ], [ -70.8595, 43.8052 ], [ -70.8613, 43.8047 ], [ -70.8617, 43.8049 ], [ -70.8609, 43.8064 ], [ -70.861, 43.8069 ], [ -70.8625, 43.8077 ], [ -70.8648, 43.8079 ], [ -70.8655, 43.8072 ], [ -70.8655, 43.8066 ], [ -70.8696, 43.8068 ], [ -70.8728, 43.8082 ], [ -70.8759, 43.8083 ], [ -70.8782, 43.8097 ], [ -70.879, 43.8107 ], [ -70.8809, 43.8108 ], [ -70.8826, 43.8103 ], [ -70.8845, 43.808 ], [ -70.8897, 43.8069 ], [ -70.8943, 43.8044 ], [ -70.8964, 43.8038 ], [ -70.8992, 43.8023 ], [ -70.9056, 43.8015 ], [ -70.9081, 43.8016 ], [ -70.9104, 43.801 ], [ -70.9127, 43.8009 ], [ -70.9146, 43.799 ], [ -70.9188, 43.7967 ], [ -70.9214, 43.7959 ], [ -70.9236, 43.7943 ], [ -70.9243, 43.7935 ], [ -70.925, 43.7914 ], [ -70.9271, 43.7903 ], [ -70.9294, 43.7899 ], [ -70.9356, 43.79 ], [ -70.9384, 43.791 ], [ -70.9409, 43.7923 ], [ -70.9418, 43.7924 ], [ -70.9474, 43.791 ], [ -70.9528, 43.7867 ], [ -70.9569, 43.7852 ], [ -70.9605, 43.7855 ], [ -70.9628, 43.7868 ], [ -70.9637, 43.7879 ], [ -70.9645, 43.7881 ], [ -70.9658, 43.7875 ], [ -70.9678, 43.7855 ], [ -70.9712, 43.785 ], [ -70.9731, 43.7854 ], [ -70.9744, 43.7864 ], [ -70.9767, 43.789 ], [ -70.9783, 43.7914 ], [ -70.9819, 43.7935 ], [ -70.9831, 43.7937 ], [ -70.9869, 43.793 ], [ -70.9891, 43.7921 ], [ -70.9902, 43.8467 ], [ -70.9923, 43.8863 ], [ -70.9765, 43.8862 ] ] ] } },
{ "type": "Feature", "properties": { "GEOIDFQ": "1400000US23017965100", "NAME": "9651", "NAMELSAD": "Census Tract 9651" }, "geometry": { "type": "Polygon", "coordinates": [ [ [ -71.0831, 45.3057 ], [ -71.0827, 45.3063 ], [ -71.0817, 45.3063 ], [ -71.0799, 45.307 ], [ -71.0786, 45.3064 ], [ -71.0774, 45.3066 ], [ -71.0767, 45.3071 ], [ -71.075, 45.3071 ], [ -71.0743, 45.3077 ], [ -71.0705, 45.3095 ], [ -71.069, 45.3095 ], [ -71.0686, 45.3097 ], [ -71.0687, 45.3102 ], [ -71.0674, 45.3106 ], [ -71.067, 45.3112 ], [ -71.0665, 45.311 ], [ -71.066, 45.3114 ], [ -71.0652, 45.3116 ], [ -71.0659, 45.312 ], [ -71.0655, 45.3125 ], [ -71.0647, 45.3124 ], [ -71.0626, 45.3131 ], [ -71.0623, 45.3128 ], [ -71.0612, 45.3128 ], [ -71.0591, 45.3138 ], [ -71.0558, 45.3129 ], [ -71.0532, 45.3114 ], [ -71.0466, 45.3131 ], [ -71.0436, 45.3131 ], [ -71.0424, 45.3129 ], [ -71.0415, 45.3131 ], [ -71.0393, 45.3124 ], [ -71.0391, 45.3126 ], [ -71.0361, 45.3107 ], [ -71.0346, 45.3107 ], [ -71.0337, 45.31 ], [ -71.0327, 45.3102 ], [ -71.0308, 45.3126 ], [ -71.0274, 45.3142 ], [ -71.0271, 45.3147 ], [ -71.024, 45.3154 ], [ -71.0224, 45.3144 ], [ -71.0216, 45.3144 ], [ -71.021, 45.315 ], [ -71.0194, 45.3154 ], [ -71.0162, 45.3155 ], [ -71.0161, 45.3163 ], [ -71.0148, 45.3168 ], [ -71.0135, 45.3169 ], [ -71.0113, 45.318 ], [ -71.0111, 45.3184 ], [ -71.0085, 45.3192 ], [ -71.0081, 45.3197 ], [ -71.0085, 45.3202 ], [ -71.0082, 45.3213 ], [ -71.0055, 45.3244 ], [ -71.0039, 45.3274 ], [ -71.0019, 45.3284 ], [ -71.0035, 45.3293 ], [ -71.0034, 45.3299 ], [ -71.0043, 45.331 ], [ -71.0067, 45.3327 ], [ -71.0083, 45.3334 ], [ -71.0121, 45.3339 ], [ -71.0119, 45.3344 ], [ -71.0112, 45.3344 ], [ -71.0109, 45.3348 ], [ -71.0115, 45.3379 ], [ -71.0106, 45.3382 ], [ -71.0114, 45.3392 ], [ -71.0109, 45.3396 ], [ -71.0112, 45.3401 ], [ -71.0125, 45.3413 ], [ -71.0126, 45.3438 ], [ -71.013, 45.3442 ], [ -71.0119, 45.3454 ], [ -71.0111, 45.3473 ], [ -71.0104, 45.3477 ], [ -71.0044, 45.3454 ], [ -71.0023, 45.3442 ], [ -71.0014, 45.3442 ], [ -71.0004, 45.342 ], [ -70.9938, 45.3384 ], [ -70.9908, 45.3381 ], [ -70.9902, 45.337 ], [ -70.9901, 45.3357 ], [ -70.9891, 45.3341 ], [ -70.9869, 45.3332 ], [ -70.9857, 45.333 ], [ -70.985, 45.3319 ], [ -70.983, 45.3326 ], [ -70.9817, 45.3326 ], [ -70.9811, 45.3322 ], [ -70.9777, 45.3325 ], [ -70.9767, 45.333 ], [ -70.9766, 45.3334 ], [ -70.9733, 45.3336 ], [ -70.9717, 45.3329 ], [ -70.9698, 45.3329 ], [ -70.9686, 45.3321 ], [ -70.9673, 45.3322 ], [ -70.9662, 45.3335 ], [ -70.9656, 45.3334 ], [ -70.964, 45.3341 ], [ -70.9612, 45.3367 ], [ -70.9592, 45.3371 ], [ -70.9574, 45.3382 ], [ -70.9524, 45.3391 ], [ -70.9509, 45.3384 ], [ -70.9502, 45.3375 ], [ -70.9509, 45.3348 ], [ -70.9489, 45.3319 ], [ -70.9495, 45.3313 ], [ -70.9484, 45.3308 ], [ -70.9481, 45.3302 ], [ -70.9451, 45.329 ], [ -70.9445, 45.3274 ], [ -70.9452, 45.3257 ], [ -70.9435, 45.3239 ], [ -70.9406, 45.3232 ], [ -70.9389, 45.32 ], [ -70.93, 45.3188 ], [ -70.9294, 45.3166 ], [ -70.9275, 45.3159 ], [ -70.9272, 45.3149 ], [ -70.925, 45.3148 ], [ -70.924, 45.3143 ], [ -70.9202, 45.3134 ], [ -70.9178, 45.3117 ], [ -70.92, 45.3077 ], [ -70.9193, 45.3072 ], [ -70.9191, 45.3064 ], [ -70.9196, 45.3053 ], [ -70.9138, 45.3003 ], [ -70.912, 45.2963 ], [ -70.9132, 45.295 ], [ -70.9138, 45.2919 ], [ -70.9147, 45.2918 ], [ -70.9149, 45.2906 ], [ -70.9163, 45.2898 ], [ -70.9187, 45.2873 ], [ -70.9187, 45.2859 ], [ -70.9196, 45.2852 ], [ -70.9208, 45.281 ], [ -70.9217, 45.2805 ], [ -70.9213, 45.2792 ], [ -70.9211, 45.2788 ], [ -70.9193, 45.2781 ], [ -70.9164, 45.2773 ], [ -70.9163, 45.2761 ], [ -70.9135, 45.2727 ], [ -70.912, 45.2719 ], [ -70.9113, 45.27 ], [ -70.9086, 45.2695 ], [ -70.9075, 45.2684 ], [ -70.9051, 45.2652 ], [ -70.906, 45.2641 ], [ -70.9059, 45.2628 ], [ -70.9067, 45.2616 ], [ -70.9059, 45.2608 ], [ -70.9047, 45.2605 ], [ -70.9033, 45.2607 ], [ -70.9002, 45.2588 ], [ -70.8989, 45.2586 ], [ -70.8985, 45.2583 ], [ -70.8983, 45.2549 ], [ -70.8951, 45.2523 ], [ -70.8976, 45.2482 ], [ -70.898, 45.2463 ], [ -70.8982, 45.2441 ], [ -70.8978, 45.2432 ], [ -70.8966, 45.243 ], [ -70.8963, 45.2425 ], [ -70.8969, 45.2419 ], [ -70.8955, 45.2411 ], [ -70.895, 45.2403 ], [ -70.8926, 45.239 ], [ -70.891, 45.2391 ], [ -70.8893, 45.2387 ], [ -70.889, 45.2379 ], [ -70.8847, 45.2349 ], [ -70.8834, 45.2351 ], [ -70.8828, 45.2343 ], [ -70.8808, 45.2343 ], [ -70.8796, 45.2334 ], [ -70.8771, 45.2336 ], [ -70.8748, 45.2341 ], [ -70.8667, 45.2314 ], [ -70.8635, 45.2309 ], [ -70.8617, 45.2299 ], [ -70.8575, 45.2291 ], [ -70.8532, 45.2317 ], [ -70.8512, 45.2322 ], [ -70.8461, 45.2344 ], [ -70.8434, 45.2345 ], [ -70.8404, 45.2341 ], [ -70.8381, 45.2346 ], [ -70.8376, 45.235 ], [ -70.8366, 45.2373 ], [ -70.838, 45.2372 ], [ -70.8393, 45.2375 ], [ -70.842, 45.2398 ], [ -70.8433, 45.2404 ], [ -70.8446, 45.2419 ], [ -70.8482, 45.2443 ], [ -70.8488, 45.2465 ], [ -70.848, 45.2497 ], [ -70.8466, 45.2534 ], [ -70.8483, 45.2544 ], [ -70.8496, 45.2559 ], [ -70.8481, 45.2589 ], [ -70.8484, 45.262 ], [ -70.8489, 45.2631 ], [ -70.8463, 45.2646 ], [ -70.8438, 45.2654 ], [ -70.841, 45.2672 ], [ -70.8393, 45.269 ], [ -70.8371, 45.275 ], [ -70.8365, 45.2752 ], [ -70.8365, 45.276 ], [ -70.8351, 45.277 ], [ -70.7979, 45.0985 ], [ -70.7798, 45.0184 ], [ -70.8236, 45.0138 ], [ -70.8045, 44.9249 ], [ -70.7964, 44.9259 ], [ -70.7739, 44.8398 ], [ -70.7692, 44.7322 ], [ -70.7487, 44.707 ], [ -70.7065, 44.6535 ], [ -70.6553, 44.5908 ], [ -70.7327, 44.5609 ], [ -70.7043, 44.5225 ], [ -70.7582, 44.5001 ], [ -70.788, 44.4866 ], [ -70.8912, 44.418 ], [ -70.8677, 44.3883 ], [ -71.0151, 44.3714 ], [ -71.0215, 44.4846 ], [ -71.0262, 44.5493 ], [ -71.0291, 44.6251 ], [ -71.0335, 44.6976 ], [ -71.0384, 44.767 ], [ -71.0431, 44.8269 ], [ -71.0451, 44.8431 ], [ -71.0494, 44.8968 ], [ -71.0582, 44.9905 ], [ -71.0595, 45.0142 ], [ -71.0645, 45.0828 ], [ -71.0709, 45.1647 ], [ -71.0745, 45.2043 ], [ -71.0772, 45.25 ], [ -71.0839, 45.3055 ], [ -71.0831, 45.3057 ] ] ] } },
{ "type": "Feature", "properties": { "GEOIDFQ": "1400000US23017965400", "NAME": "9654", "NAMELSAD": "Census Tract 9654" }, "geometry": { "type": "Polygon", "coordinates": [ [ [ -70.615, 44.7956 ], [ -70.5106, 44.6272 ], [ -70.55, 44.6107 ], [ -70.4716, 44.5986 ], [ -70.4715, 44.5956 ], [ -70.4721, 44.5952 ], [ -70.4733, 44.5953 ], [ -70.4732, 44.5935 ], [ -70.4705, 44.5909 ], [ -70.4696, 44.5892 ], [ -70.4664, 44.5873 ], [ -70.4644, 44.5866 ], [ -70.4651, 44.5857 ], [ -70.4678, 44.5855 ], [ -70.4688, 44.5846 ], [ -70.4646, 44.5822 ], [ -70.4623, 44.5818 ], [ -70.462, 44.5799 ], [ -70.4623, 44.5763 ], [ -70.461, 44.5755 ], [ -70.4582, 44.5729 ], [ -70.4576, 44.5718 ], [ -70.4582, 44.5701 ], [ -70.459, 44.5692 ], [ -70.458, 44.5666 ], [ -70.4593, 44.5655 ], [ -70.4586, 44.5637 ], [ -70.4588, 44.563 ], [ -70.4611, 44.5612 ], [ -70.4623, 44.5584 ], [ -70.4634, 44.5573 ], [ -70.4624, 44.5561 ], [ -70.4584, 44.5539 ], [ -70.4575, 44.5523 ], [ -70.4574, 44.5506 ], [ -70.4584, 44.5483 ], [ -70.4569, 44.5448 ], [ -70.4601, 44.5432 ], [ -70.4616, 44.5418 ], [ -70.4614, 44.5408 ], [ -70.4604, 44.5399 ], [ -70.4601, 44.5391 ], [ -70.4606, 44.5348 ], [ -70.4594, 44.5309 ], [ -70.4602, 44.5295 ], [ -70.4648, 44.5302 ], [ -70.4693, 44.5316 ], [ -70.4712, 44.5318 ], [ -70.4759, 44.5312 ], [ -70.4787, 44.5302 ], [ -70.4814, 44.5298 ], [ -70.489, 44.5305 ], [ -70.4933, 44.5299 ], [ -70.4976, 44.53 ], [ -70.5015, 44.5295 ], [ -70.504, 44.5298 ], [ -70.5058, 44.5304 ], [ -70.5089, 44.5325 ], [ -70.5166, 44.5368 ], [ -70.5194, 44.5379 ], [ -70.5223, 44.5403 ], [ -70.5268, 44.5423 ], [ -70.5346, 44.5501 ], [ -70.5403, 44.5546 ], [ -70.5418, 44.555 ], [ -70.5439, 44.5544 ], [ -70.5469, 44.5558 ], [ -70.5518, 44.5619 ], [ -70.5923, 44.616 ], [ -70.6553, 44.5908 ], [ -70.7065, 44.6535 ], [ -70.7487, 44.707 ], [ -70.7692, 44.7322 ], [ -70.615, 44.7956 ] ] ] } },
{ "type": "Feature", "properties": { "GEOIDFQ": "1400000US23017965600", "NAME": "9656", "NAMELSAD": "Census Tract 9656" }, "geometry": { "type": "Polygon", "coordinates": [ [ [ -70.6567, 44.5902 ], [ -70.5923, 44.616 ], [ -70.5518, 44.5619 ], [ -70.5463, 44.5555 ], [ -70.5484, 44.5547 ], [ -70.5474, 44.5535 ], [ -70.5494, 44.5528 ], [ -70.5479, 44.5501 ], [ -70.5504, 44.5493 ], [ -70.5544, 44.5468 ], [ -70.5556, 44.5455 ], [ -70.5549, 44.5445 ], [ -70.5538, 44.5445 ], [ -70.5525, 44.5439 ], [ -70.5529, 44.5446 ], [ -70.5527, 44.5449 ], [ -70.5492, 44.5432 ], [ -70.5488, 44.5419 ], [ -70.5456, 44.539 ], [ -70.545, 44.5379 ], [ -70.5445, 44.5351 ], [ -70.542, 44.5302 ], [ -70.5421, 44.5284 ], [ -70.5432, 44.5272 ], [ -70.5511, 44.5217 ], [ -70.5621, 44.5158 ], [ -70.5676, 44.5116 ], [ -70.5698, 44.5105 ], [ -70.5787, 44.5093 ], [ -70.5911, 44.5097 ], [ -70.5944, 44.5091 ], [ -70.6001, 44.5072 ], [ -70.6029, 44.5073 ], [ -70.6056, 44.5087 ], [ -70.6085, 44.5111 ], [ -70.6103, 44.512 ], [ -70.613, 44.5127 ], [ -70.6195, 44.5131 ], [ -70.6244, 44.517 ], [ -70.6253, 44.5198 ], [ -70.6268, 44.5219 ], [ -70.6282, 44.5228 ], [ -70.6332, 44.5246 ], [ -70.6392, 44.5277 ], [ -70.641, 44.5297 ], [ -70.6434, 44.5339 ], [ -70.6444, 44.5346 ], [ -70.6466, 44.5348 ], [ -70.6487, 44.5345 ], [ -70.6544, 44.5316 ], [ -70.6576, 44.5306 ], [ -70.6613, 44.5305 ], [ -70.6653, 44.5313 ], [ -70.6727, 44.5377 ], [ -70.6748, 44.5411 ], [ -70.6806, 44.5468 ], [ -70.6823, 44.5475 ], [ -70.6836, 44.5498 ], [ -70.6867, 44.5509 ], [ -70.6898, 44.5511 ], [ -70.6956, 44.5549 ], [ -70.6993, 44.5608 ], [ -70.7038, 44.5658 ], [ -70.7053, 44.5715 ], [ -70.6567, 44.5902 ] ] ] } },
{ "type": "Feature", "properties": { "GEOIDFQ": "1400000US23017966100", "NAME": "9661", "NAMELSAD": "Census Tract 9661" }, "geometry": { "type": "Polygon", "coordinates": [ [ [ -70.5948, 44.3297 ], [ -70.591, 44.3247 ], [ -70.5873, 44.3262 ], [ -70.591, 44.3314 ], [ -70.5853, 44.334 ], [ -70.5838, 44.3338 ], [ -70.5823, 44.3322 ], [ -70.5797, 44.3325 ], [ -70.5773, 44.332 ], [ -70.5751, 44.331 ], [ -70.5696, 44.3334 ], [ -70.573, 44.3393 ], [ -70.5624, 44.3447 ], [ -70.5557, 44.3476 ], [ -70.5219, 44.3634 ], [ -70.5252, 44.3712 ], [ -70.513, 44.3768 ], [ -70.5086, 44.3695 ], [ -70.506, 44.3708 ], [ -70.4712, 44.3166 ], [ -70.4597, 44.3167 ], [ -70.4568, 44.312 ], [ -70.4686, 44.3124 ], [ -70.5264, 44.2877 ], [ -70.5289, 44.2878 ], [ -70.5662, 44.2709 ], [ -70.5808, 44.2948 ], [ -70.6029, 44.3259 ], [ -70.5948, 44.3297 ] ] ] } },
{ "type": "Feature", "properties": { "GEOIDFQ": "1400000US23017966300", "NAME": "9663", "NAMELSAD": "Census Tract 9663" }, "geometry": { "type": "Polygon", "coordinates": [ [ [ -70.4003, 44.3169 ], [ -70.4006, 44.3193 ], [ -70.4037, 44.3243 ], [ -70.4024, 44.3263 ], [ -70.3937, 44.3269 ], [ -70.3926, 44.3277 ], [ -70.3897, 44.327 ], [ -70.3882, 44.3262 ], [ -70.3888, 44.3254 ], [ -70.3878, 44.3242 ], [ -70.3913, 44.3216 ], [ -70.3899, 44.3206 ], [ -70.3906, 44.3183 ], [ -70.396, 44.318 ], [ -70.3964, 44.3169 ], [ -70.3181, 44.3168 ], [ -70.3178, 44.3185 ], [ -70.2897, 44.3219 ], [ -70.2815, 44.3224 ], [ -70.3077, 44.2556 ], [ -70.3252, 44.2084 ], [ -70.3341, 44.2108 ], [ -70.3745, 44.1712 ], [ -70.3917, 44.1536 ], [ -70.3919, 44.1539 ], [ -70.3932, 44.1535 ], [ -70.394, 44.1545 ], [ -70.3958, 44.1548 ], [ -70.3969, 44.1574 ], [ -70.3967, 44.1588 ], [ -70.3978, 44.1596 ], [ -70.3975, 44.1603 ], [ -70.398, 44.1608 ], [ -70.3994, 44.1612 ], [ -70.3993, 44.1623 ], [ -70.3987, 44.1627 ], [ -70.4, 44.1629 ], [ -70.4004, 44.1636 ], [ -70.3995, 44.1643 ], [ -70.3992, 44.1657 ], [ -70.4, 44.1685 ], [ -70.4017, 44.1695 ], [ -70.4034, 44.1711 ], [ -70.4095, 44.1726 ], [ -70.4127, 44.1739 ], [ -70.4145, 44.1781 ], [ -70.4163, 44.1806 ], [ -70.4177, 44.1809 ], [ -70.4196, 44.1806 ], [ -70.4218, 44.1827 ], [ -70.4224, 44.1829 ], [ -70.4241, 44.1828 ], [ -70.4249, 44.1835 ], [ -70.4256, 44.1835 ], [ -70.4267, 44.1848 ], [ -70.4268, 44.186 ], [ -70.4279, 44.1871 ], [ -70.4278, 44.1889 ], [ -70.4267, 44.1896 ], [ -70.4254, 44.1899 ], [ -70.4254, 44.1902 ], [ -70.4238, 44.1913 ], [ -70.4244, 44.1922 ], [ -70.4251, 44.1927 ], [ -70.4257, 44.1926 ], [ -70.4262, 44.1937 ], [ -70.4284, 44.1945 ], [ -70.429, 44.1953 ], [ -70.4308, 44.1961 ], [ -70.4327, 44.1976 ], [ -70.4343, 44.1971 ], [ -70.4379, 44.2001 ], [ -70.4403, 44.2007 ], [ -70.4411, 44.2006 ], [ -70.4312, 44.2048 ], [ -70.4346, 44.2104 ], [ -70.4225, 44.2154 ], [ -70.4245, 44.2196 ], [ -70.415, 44.2236 ], [ -70.4571, 44.2932 ], [ -70.4474, 44.2964 ], [ -70.4597, 44.3167 ], [ -70.4003, 44.3169 ] ] ] } },
{ "type": "Feature", "properties": { "GEOIDFQ": "1400000US23017965500", "NAME": "9655", "NAMELSAD": "Census Tract 9655" }, "geometry": { "type": "Polygon", "coordinates": [ [ [ -70.7053, 44.5715 ], [ -70.7038, 44.5658 ], [ -70.6993, 44.5608 ], [ -70.6956, 44.5549 ], [ -70.6898, 44.5511 ], [ -70.6867, 44.5509 ], [ -70.6836, 44.5498 ], [ -70.6823, 44.5475 ], [ -70.6806, 44.5468 ], [ -70.6748, 44.5411 ], [ -70.6727, 44.5377 ], [ -70.6653, 44.5313 ], [ -70.6613, 44.5305 ], [ -70.6576, 44.5306 ], [ -70.6544, 44.5316 ], [ -70.6487, 44.5345 ], [ -70.6466, 44.5348 ], [ -70.6444, 44.5346 ], [ -70.6434, 44.5339 ], [ -70.641, 44.5297 ], [ -70.6392, 44.5277 ], [ -70.6332, 44.5246 ], [ -70.6282, 44.5228 ], [ -70.6268, 44.5219 ], [ -70.6253, 44.5198 ], [ -70.6244, 44.517 ], [ -70.6195, 44.5131 ], [ -70.6134, 44.5127 ], [ -70.6105, 44.5121 ], [ -70.6085, 44.5111 ], [ -70.6047, 44.5081 ], [ -70.6022, 44.5072 ], [ -70.5998, 44.5073 ], [ -70.5944, 44.5091 ], [ -70.5911, 44.5097 ], [ -70.5787, 44.5093 ], [ -70.5698, 44.5105 ], [ -70.5676, 44.5116 ], [ -70.5621, 44.5158 ], [ -70.5511, 44.5217 ], [ -70.5428, 44.5275 ], [ -70.542, 44.5286 ], [ -70.5419, 44.53 ], [ -70.5445, 44.5351 ], [ -70.545, 44.5379 ], [ -70.5456, 44.539 ], [ -70.5488, 44.5419 ], [ -70.5492, 44.5432 ], [ -70.5527, 44.5449 ], [ -70.5529, 44.5446 ], [ -70.5525, 44.5439 ], [ -70.5538, 44.5445 ], [ -70.5549, 44.5445 ], [ -70.5556, 44.5455 ], [ -70.5544, 44.5468 ], [ -70.5504, 44.5493 ], [ -70.5479, 44.5501 ], [ -70.5494, 44.5528 ], [ -70.5474, 44.5535 ], [ -70.5484, 44.5547 ], [ -70.5463, 44.5555 ], [ -70.5439, 44.5544 ], [ -70.5418, 44.555 ], [ -70.5403, 44.5546 ], [ -70.5346, 44.5501 ], [ -70.5268, 44.5423 ], [ -70.5223, 44.5403 ], [ -70.5194, 44.5379 ], [ -70.5166, 44.5368 ], [ -70.5089, 44.5325 ], [ -70.5054, 44.5301 ], [ -70.5015, 44.5295 ], [ -70.4976, 44.53 ], [ -70.4927, 44.5299 ], [ -70.489, 44.5305 ], [ -70.4829, 44.5298 ], [ -70.5084, 44.5038 ], [ -70.504, 44.4968 ], [ -70.5501, 44.4791 ], [ -70.5591, 44.4906 ], [ -70.5515, 44.4937 ], [ -70.5558, 44.499 ], [ -70.661, 44.4572 ], [ -70.6697, 44.4676 ], [ -70.6689, 44.4696 ], [ -70.6762, 44.4832 ], [ -70.6806, 44.4902 ], [ -70.7327, 44.5609 ], [ -70.7053, 44.5715 ] ] ] } },
{ "type": "Feature", "properties": { "GEOIDFQ": "1400000US23017966700", "NAME": "9667", "NAMELSAD": "Census Tract 9667" }, "geometry": { "type": "Polygon", "coordinates": [ [ [ -70.9655, 44.1475 ], [ -70.9114, 44.1217 ], [ -70.8888, 44.11 ], [ -70.8585, 44.0953 ], [ -70.8585, 44.0948 ], [ -70.8579, 44.0943 ], [ -70.8588, 44.0931 ], [ -70.8574, 44.0914 ], [ -70.8579, 44.0911 ], [ -70.8578, 44.088 ], [ -70.8597, 44.0855 ], [ -70.8607, 44.0855 ], [ -70.862, 44.0864 ], [ -70.8629, 44.0864 ], [ -70.8644, 44.0825 ], [ -70.8666, 44.0799 ], [ -70.8653, 44.0784 ], [ -70.8647, 44.0787 ], [ -70.8645, 44.0778 ], [ -70.8619, 44.0776 ], [ -70.8613, 44.0772 ], [ -70.8617, 44.0761 ], [ -70.8609, 44.0747 ], [ -70.8613, 44.0739 ], [ -70.8612, 44.0731 ], [ -70.8607, 44.0728 ], [ -70.861, 44.0718 ], [ -70.8603, 44.0708 ], [ -70.8592, 44.0702 ], [ -70.8599, 44.0695 ], [ -70.86, 44.0681 ], [ -70.859, 44.0671 ], [ -70.8582, 44.0655 ], [ -70.8591, 44.0641 ], [ -70.8583, 44.062 ], [ -70.8586, 44.0613 ], [ -70.8579, 44.0605 ], [ -70.8585, 44.0596 ], [ -70.8481, 44.0495 ], [ -70.8805, 44.0174 ], [ -70.8851, 44.0198 ], [ -70.8952, 44.0098 ], [ -70.8908, 44.0073 ], [ -70.9187, 43.9798 ], [ -70.9948, 43.96 ], [ -70.9979, 44.0222 ], [ -70.9982, 44.0373 ], [ -71.0, 44.0652 ], [ -71.0022, 44.1106 ], [ -70.9655, 44.1475 ] ] ] } },
{ "type": "Feature", "properties": { "GEOIDFQ": "1400000US23017965700", "NAME": "9657", "NAMELSAD": "Census Tract 9657" }, "geometry": { "type": "Polygon", "coordinates": [ [ [ -70.4733, 44.5953 ], [ -70.4721, 44.5952 ], [ -70.4715, 44.5956 ], [ -70.4716, 44.5986 ], [ -70.3308, 44.5777 ], [ -70.2807, 44.5696 ], [ -70.3077, 44.5379 ], [ -70.2899, 44.5402 ], [ -70.2809, 44.5051 ], [ -70.2706, 44.5062 ], [ -70.2694, 44.5012 ], [ -70.2509, 44.5034 ], [ -70.2406, 44.4665 ], [ -70.2389, 44.4589 ], [ -70.2744, 44.4406 ], [ -70.2683, 44.4164 ], [ -70.2787, 44.4152 ], [ -70.2768, 44.4075 ], [ -70.2816, 44.407 ], [ -70.2832, 44.413 ], [ -70.3043, 44.4104 ], [ -70.3069, 44.4204 ], [ -70.3158, 44.4203 ], [ -70.3307, 44.4356 ], [ -70.3518, 44.4633 ], [ -70.3603, 44.4758 ], [ -70.3574, 44.4791 ], [ -70.3546, 44.4798 ], [ -70.354, 44.4779 ], [ -70.3493, 44.4798 ], [ -70.3503, 44.4835 ], [ -70.3489, 44.485 ], [ -70.3518, 44.4856 ], [ -70.3515, 44.486 ], [ -70.353, 44.4865 ], [ -70.3577, 44.4887 ], [ -70.3673, 44.4903 ], [ -70.3729, 44.4921 ], [ -70.377, 44.4942 ], [ -70.3821, 44.4977 ], [ -70.3857, 44.4992 ], [ -70.3906, 44.4989 ], [ -70.3942, 44.4997 ], [ -70.3964, 44.5012 ], [ -70.3973, 44.5027 ], [ -70.401, 44.5047 ], [ -70.4037, 44.5067 ], [ -70.4046, 44.5091 ], [ -70.4064, 44.5114 ], [ -70.4094, 44.514 ], [ -70.4109, 44.5149 ], [ -70.4143, 44.516 ], [ -70.4168, 44.5172 ], [ -70.422, 44.5185 ], [ -70.4245, 44.5195 ], [ -70.4293, 44.5203 ], [ -70.4392, 44.5235 ], [ -70.4408, 44.5239 ], [ -70.4436, 44.5238 ], [ -70.4463, 44.5254 ], [ -70.4511, 44.526 ], [ -70.454, 44.5267 ], [ -70.4587, 44.5285 ], [ -70.4602, 44.5295 ], [ -70.4594, 44.5309 ], [ -70.4606, 44.5348 ], [ -70.4601, 44.5391 ], [ -70.4604, 44.5399 ], [ -70.4614, 44.5408 ], [ -70.4616, 44.5418 ], [ -70.4601, 44.5432 ], [ -70.4569, 44.5448 ], [ -70.4584, 44.5483 ], [ -70.4574, 44.5506 ], [ -70.4575, 44.5523 ], [ -70.4584, 44.5539 ], [ -70.4624, 44.5561 ], [ -70.4634, 44.5573 ], [ -70.4623, 44.5584 ], [ -70.4611, 44.5612 ], [ -70.4588, 44.563 ], [ -70.4586, 44.5637 ], [ -70.4593, 44.5655 ], [ -70.458, 44.5666 ], [ -70.459, 44.5692 ], [ -70.4582, 44.5701 ], [ -70.4576, 44.5718 ], [ -70.4582, 44.5729 ], [ -70.461, 44.5755 ], [ -70.4623, 44.5763 ], [ -70.462, 44.5799 ], [ -70.4623, 44.5818 ], [ -70.4646, 44.5822 ], [ -70.4688, 44.5846 ], [ -70.4678, 44.5855 ], [ -70.4651, 44.5857 ], [ -70.4644, 44.5866 ], [ -70.4664, 44.5873 ], [ -70.4696, 44.5892 ], [ -70.4703, 44.5906 ], [ -70.4727, 44.5928 ], [ -70.4734, 44.5942 ], [ -70.4733, 44.5953 ] ] ] } },
{ "type": "Feature", "properties": { "GEOIDFQ": "1400000US23023970100", "NAME": "9701", "NAMELSAD": "Census Tract 9701" }, "geometry": { "type": "Polygon", "coordinates": [ [ [ -69.9005, 44.1038 ], [ -69.9005, 44.1046 ], [ -69.8992, 44.1048 ], [ -69.8984, 44.1054 ], [ -69.8978, 44.1076 ], [ -69.8984, 44.1093 ], [ -69.8984, 44.1113 ], [ -69.897, 44.1127 ], [ -69.8959, 44.1132 ], [ -69.896, 44.1143 ], [ -69.8948, 44.116 ], [ -69.894, 44.1185 ], [ -69.8945, 44.1239 ], [ -69.8884, 44.1367 ], [ -69.8796, 44.1517 ], [ -69.8772, 44.154 ], [ -69.8751, 44.1552 ], [ -69.8729, 44.1558 ], [ -69.8701, 44.1576 ], [ -69.8679, 44.1598 ], [ -69.8672, 44.1615 ], [ -69.859, 44.1654 ], [ -69.8564, 44.1674 ], [ -69.856, 44.168 ], [ -69.7636, 44.1532 ], [ -69.7618, 44.1506 ], [ -69.7588, 44.1447 ], [ -69.7582, 44.1393 ], [ -69.7613, 44.1293 ], [ -69.7613, 44.1255 ], [ -69.7654, 44.1202 ], [ -69.7663, 44.1184 ], [ -69.7664, 44.1146 ], [ -69.7681, 44.1103 ], [ -69.7707, 44.1064 ], [ -69.7727, 44.1017 ], [ -69.7744, 44.099 ], [ -69.7778, 44.096 ], [ -69.7808, 44.0921 ], [ -69.7851, 44.089 ], [ -69.7898, 44.0896 ], [ -69.7924, 44.0893 ], [ -69.7963, 44.0882 ], [ -69.7983, 44.0868 ], [ -69.7991, 44.0843 ], [ -69.7989, 44.0813 ], [ -69.7998, 44.0786 ], [ -69.8511, 44.0872 ], [ -69.8757, 44.0917 ], [ -69.9037, 44.0963 ], [ -69.9017, 44.1032 ], [ -69.9005, 44.1038 ] ] ] } },
{ "type": "Feature", "properties": { "GEOIDFQ": "1400000US23031023000", "NAME": "230", "NAMELSAD": "Census Tract 230" }, "geometry": { "type": "Polygon", "coordinates": [ [ [ -70.7813, 43.7357 ], [ -70.7763, 43.7456 ], [ -70.7553, 43.7516 ], [ -70.7439, 43.696 ], [ -70.7196, 43.6656 ], [ -70.7269, 43.6644 ], [ -70.7286, 43.6646 ], [ -70.7372, 43.6669 ], [ -70.7398, 43.6688 ], [ -70.742, 43.669 ], [ -70.7431, 43.6687 ], [ -70.7452, 43.6673 ], [ -70.7485, 43.6633 ], [ -70.7485, 43.6609 ], [ -70.7475, 43.6589 ], [ -70.7467, 43.6586 ], [ -70.7444, 43.659 ], [ -70.7438, 43.6575 ], [ -70.7429, 43.6567 ], [ -70.7409, 43.656 ], [ -70.7393, 43.6564 ], [ -70.7381, 43.6561 ], [ -70.7368, 43.6537 ], [ -70.7348, 43.6529 ], [ -70.7356, 43.6498 ], [ -70.7344, 43.6486 ], [ -70.733, 43.6478 ], [ -70.733, 43.6472 ], [ -70.7337, 43.6472 ], [ -70.7358, 43.6478 ], [ -70.7375, 43.6477 ], [ -70.7407, 43.6442 ], [ -70.7416, 43.6439 ], [ -70.7431, 43.6442 ], [ -70.744, 43.6441 ], [ -70.7443, 43.6428 ], [ -70.7442, 43.641 ], [ -70.7446, 43.6408 ], [ -70.7453, 43.6423 ], [ -70.7489, 43.6457 ], [ -70.7532, 43.6461 ], [ -70.7548, 43.6469 ], [ -70.7547, 43.6477 ], [ -70.7551, 43.6479 ], [ -70.7565, 43.6476 ], [ -70.7566, 43.6487 ], [ -70.7598, 43.6523 ], [ -70.7608, 43.653 ], [ -70.7624, 43.6531 ], [ -70.7641, 43.6523 ], [ -70.7658, 43.6521 ], [ -70.7676, 43.6532 ], [ -70.7733, 43.6548 ], [ -70.7757, 43.6565 ], [ -70.7813, 43.6576 ], [ -70.7838, 43.6576 ], [ -70.7845, 43.6571 ], [ -70.7855, 43.6549 ], [ -70.7873, 43.6534 ], [ -70.7877, 43.6526 ], [ -70.7888, 43.6528 ], [ -70.7909, 43.654 ], [ -70.7947, 43.6531 ], [ -70.7952, 43.6527 ], [ -70.7952, 43.6511 ], [ -70.7935, 43.6498 ], [ -70.7928, 43.6485 ], [ -70.7924, 43.6451 ], [ -70.7948, 43.6418 ], [ -70.7968, 43.6381 ], [ -70.8013, 43.6386 ], [ -70.8057, 43.6407 ], [ -70.8115, 43.642 ], [ -70.8139, 43.6422 ], [ -70.816, 43.6416 ], [ -70.8188, 43.6431 ], [ -70.8233, 43.6439 ], [ -70.826, 43.6437 ], [ -70.828, 43.6445 ], [ -70.8301, 43.6446 ], [ -70.8308, 43.6453 ], [ -70.8312, 43.6463 ], [ -70.8328, 43.6462 ], [ -70.8334, 43.6469 ], [ -70.8346, 43.647 ], [ -70.8352, 43.6479 ], [ -70.8348, 43.6497 ], [ -70.836, 43.6499 ], [ -70.8379, 43.6511 ], [ -70.8385, 43.6511 ], [ -70.8381, 43.6754 ], [ -70.8394, 43.7092 ], [ -70.7813, 43.7357 ] ] ] } },
{ "type": "Feature", "properties": { "GEOIDFQ": "1400000US23031033000", "NAME": "330", "NAMELSAD": "Census Tract 330" }, "geometry": { "type": "Polygon", "coordinates": [ [ [ -70.8461, 43.3788 ], [ -70.7916, 43.4167 ], [ -70.7637, 43.3958 ], [ -70.7625, 43.3928 ], [ -70.7603, 43.3916 ], [ -70.7587, 43.3903 ], [ -70.7568, 43.3902 ], [ -70.7575, 43.3895 ], [ -70.7576, 43.3885 ], [ -70.755, 43.3885 ], [ -70.7541, 43.3882 ], [ -70.7521, 43.3888 ], [ -70.7518, 43.3879 ], [ -70.7491, 43.388 ], [ -70.7484, 43.3868 ], [ -70.7487, 43.3864 ], [ -70.748, 43.3859 ], [ -70.7483, 43.3855 ], [ -70.7492, 43.3852 ], [ -70.7499, 43.3813 ], [ -70.7485, 43.3801 ], [ -70.7482, 43.3793 ], [ -70.746, 43.3794 ], [ -70.7451, 43.3785 ], [ -70.7429, 43.3776 ], [ -70.7412, 43.3753 ], [ -70.7404, 43.372 ], [ -70.7412, 43.3711 ], [ -70.7415, 43.37 ], [ -70.7412, 43.3671 ], [ -70.7385, 43.3647 ], [ -70.7375, 43.3616 ], [ -70.7366, 43.3603 ], [ -70.7343, 43.3592 ], [ -70.7236, 43.3336 ], [ -70.7137, 43.3119 ], [ -70.7112, 43.3073 ], [ -70.7093, 43.3024 ], [ -70.7604, 43.2698 ], [ -70.7861, 43.2956 ], [ -70.8484, 43.3634 ], [ -70.8572, 43.3724 ], [ -70.8461, 43.3788 ] ] ] } },
{ "type": "Feature", "properties": { "GEOIDFQ": "1400000US23031037000", "NAME": "370", "NAMELSAD": "Census Tract 370" }, "geometry": { "type": "Polygon", "coordinates": [ [ [ -70.8329, 43.1501 ], [ -70.829, 43.1585 ], [ -70.8278, 43.165 ], [ -70.8281, 43.1685 ], [ -70.8278, 43.1704 ], [ -70.8236, 43.1739 ], [ -70.8237, 43.176 ], [ -70.8247, 43.1798 ], [ -70.8203, 43.1817 ], [ -70.8198, 43.1818 ], [ -70.8201, 43.1812 ], [ -70.8191, 43.1812 ], [ -70.8127, 43.1825 ], [ -70.8103, 43.1818 ], [ -70.7604, 43.1961 ], [ -70.7545, 43.1976 ], [ -70.7554, 43.1967 ], [ -70.7574, 43.1923 ], [ -70.7448, 43.1543 ], [ -70.7332, 43.1483 ], [ -70.7584, 43.1224 ], [ -70.7694, 43.1086 ], [ -70.7705, 43.1079 ], [ -70.7729, 43.1075 ], [ -70.7744, 43.1066 ], [ -70.7749, 43.1048 ], [ -70.7723, 43.104 ], [ -70.7694, 43.1025 ], [ -70.7653, 43.0993 ], [ -70.7654, 43.0981 ], [ -70.7678, 43.0936 ], [ -70.7714, 43.0947 ], [ -70.7774, 43.0954 ], [ -70.7797, 43.0962 ], [ -70.7811, 43.0974 ], [ -70.7839, 43.101 ], [ -70.7975, 43.1089 ], [ -70.8044, 43.1144 ], [ -70.8087, 43.117 ], [ -70.8156, 43.1202 ], [ -70.8251, 43.1255 ], [ -70.8274, 43.1278 ], [ -70.8288, 43.1305 ], [ -70.8293, 43.1322 ], [ -70.8298, 43.1377 ], [ -70.833, 43.1439 ], [ -70.8336, 43.147 ], [ -70.8329, 43.1501 ] ] ] } },
{ "type": "Feature", "properties": { "GEOIDFQ": "1400000US23023970302", "NAME": "9703.02", "NAMELSAD": "Census Tract 9703.02" }, "geometry": { "type": "Polygon", "coordinates": [ [ [ -69.9872, 43.935 ], [ -69.9831, 43.9379 ], [ -69.972, 43.9485 ], [ -69.9669, 43.9386 ], [ -69.9647, 43.932 ], [ -69.9635, 43.9257 ], [ -69.9622, 43.9266 ], [ -69.961, 43.9269 ], [ -69.9535, 43.9258 ], [ -69.9498, 43.9263 ], [ -69.9426, 43.9299 ], [ -69.9377, 43.9343 ], [ -69.9352, 43.9382 ], [ -69.9301, 43.9421 ], [ -69.9285, 43.946 ], [ -69.9272, 43.9477 ], [ -69.9187, 43.9529 ], [ -69.9147, 43.9578 ], [ -69.9138, 43.961 ], [ -69.9119, 43.9632 ], [ -69.911, 43.9663 ], [ -69.9096, 43.9676 ], [ -69.9054, 43.9693 ], [ -69.8983, 43.9691 ], [ -69.8957, 43.9697 ], [ -69.8945, 43.9706 ], [ -69.8892, 43.9666 ], [ -69.8884, 43.9673 ], [ -69.8877, 43.9684 ], [ -69.8873, 43.9723 ], [ -69.8808, 43.9797 ], [ -69.8817, 43.9827 ], [ -69.8809, 43.9842 ], [ -69.8803, 43.9846 ], [ -69.8792, 43.9847 ], [ -69.878, 43.9843 ], [ -69.8754, 43.9819 ], [ -69.8701, 43.9792 ], [ -69.8648, 43.9753 ], [ -69.8651, 43.9747 ], [ -69.8654, 43.9676 ], [ -69.8678, 43.9616 ], [ -69.8697, 43.9588 ], [ -69.8769, 43.9515 ], [ -69.8802, 43.9468 ], [ -69.8815, 43.9458 ], [ -69.8864, 43.944 ], [ -69.8909, 43.9374 ], [ -69.8937, 43.9351 ], [ -69.8998, 43.9316 ], [ -69.9015, 43.9298 ], [ -69.9026, 43.9273 ], [ -69.9047, 43.9256 ], [ -69.9112, 43.922 ], [ -69.9152, 43.9209 ], [ -69.9208, 43.9204 ], [ -69.9213, 43.9201 ], [ -69.9247, 43.9172 ], [ -69.9273, 43.9139 ], [ -69.93, 43.9122 ], [ -69.9313, 43.9119 ], [ -69.9326, 43.912 ], [ -69.9368, 43.9137 ], [ -69.9436, 43.9176 ], [ -69.953, 43.9225 ], [ -69.9549, 43.9233 ], [ -69.9567, 43.9234 ], [ -69.961, 43.923 ], [ -69.9652, 43.92 ], [ -69.9667, 43.9213 ], [ -69.9674, 43.9213 ], [ -69.9731, 43.9178 ], [ -69.9762, 43.9153 ], [ -69.9777, 43.9151 ], [ -69.979, 43.9156 ], [ -69.9821, 43.9181 ], [ -69.9845, 43.9219 ], [ -69.9895, 43.9281 ], [ -69.9932, 43.9313 ], [ -69.9872, 43.935 ] ] ] } },
{ "type": "Feature", "properties": { "GEOIDFQ": "1400000US23023970500", "NAME": "9705", "NAMELSAD": "Census Tract 9705" }, "geometry": { "type": "Polygon", "coordinates": [ [ [ -69.8692, 43.9594 ], [ -69.8674, 43.9625 ], [ -69.8654, 43.9676 ], [ -69.8651, 43.9747 ], [ -69.8631, 43.9769 ], [ -69.8511, 43.9807 ], [ -69.8394, 43.9856 ], [ -69.836, 43.9833 ], [ -69.8272, 43.9788 ], [ -69.8262, 43.9777 ], [ -69.8265, 43.9725 ], [ -69.8261, 43.9711 ], [ -69.8248, 43.9692 ], [ -69.8247, 43.9683 ], [ -69.8295, 43.9573 ], [ -69.8282, 43.9558 ], [ -69.8266, 43.9548 ], [ -69.8246, 43.9542 ], [ -69.8202, 43.9536 ], [ -69.8173, 43.9526 ], [ -69.8142, 43.9494 ], [ -69.8102, 43.9461 ], [ -69.8095, 43.945 ], [ -69.8095, 43.9313 ], [ -69.808, 43.9257 ], [ -69.8088, 43.9182 ], [ -69.8082, 43.9118 ], [ -69.8151, 43.9116 ], [ -69.8202, 43.9105 ], [ -69.8199, 43.9117 ], [ -69.8268, 43.913 ], [ -69.8344, 43.9121 ], [ -69.8353, 43.9124 ], [ -69.8363, 43.9122 ], [ -69.8418, 43.9252 ], [ -69.8431, 43.9255 ], [ -69.8477, 43.925 ], [ -69.8502, 43.9255 ], [ -69.8591, 43.9301 ], [ -69.8625, 43.9316 ], [ -69.8608, 43.9328 ], [ -69.8611, 43.9341 ], [ -69.8605, 43.9351 ], [ -69.8611, 43.9359 ], [ -69.8594, 43.9368 ], [ -69.8595, 43.9379 ], [ -69.857, 43.9447 ], [ -69.8747, 43.9536 ], [ -69.8692, 43.9594 ] ] ] } },
{ "type": "Feature", "properties": { "GEOIDFQ": "1400000US23023970400", "NAME": "9704", "NAMELSAD": "Census Tract 9704" }, "geometry": { "type": "Polygon", "coordinates": [ [ [ -69.8323, 43.9887 ], [ -69.8244, 44.0005 ], [ -69.8212, 44.0028 ], [ -69.8203, 44.0046 ], [ -69.8202, 44.0062 ], [ -69.8206, 44.0096 ], [ -69.8219, 44.0123 ], [ -69.822, 44.0138 ], [ -69.8205, 44.0163 ], [ -69.8142, 44.0237 ], [ -69.8135, 44.026 ], [ -69.7495, 44.0152 ], [ -69.7495, 44.0143 ], [ -69.7001, 44.0067 ], [ -69.7015, 44.0048 ], [ -69.702, 44.0035 ], [ -69.7019, 44.002 ], [ -69.7025, 44.0009 ], [ -69.7042, 43.9997 ], [ -69.7052, 43.9986 ], [ -69.7051, 43.9981 ], [ -69.7057, 43.998 ], [ -69.7076, 43.9958 ], [ -69.7075, 43.9936 ], [ -69.709, 43.9911 ], [ -69.7101, 43.9904 ], [ -69.7104, 43.9885 ], [ -69.7117, 43.9872 ], [ -69.7115, 43.9852 ], [ -69.7124, 43.9854 ], [ -69.7127, 43.985 ], [ -69.7154, 43.98 ], [ -69.7163, 43.9764 ], [ -69.7169, 43.976 ], [ -69.7175, 43.974 ], [ -69.7197, 43.9711 ], [ -69.721, 43.965 ], [ -69.7189, 43.9627 ], [ -69.722, 43.9586 ], [ -69.7223, 43.9549 ], [ -69.7232, 43.9528 ], [ -69.7222, 43.9495 ], [ -69.7229, 43.943 ], [ -69.7228, 43.9402 ], [ -69.725, 43.9346 ], [ -69.7248, 43.9333 ], [ -69.7237, 43.9324 ], [ -69.7074, 43.9273 ], [ -69.7128, 43.9198 ], [ -69.7152, 43.9172 ], [ -69.7196, 43.9137 ], [ -69.7266, 43.911 ], [ -69.7299, 43.9086 ], [ -69.7314, 43.9073 ], [ -69.7347, 43.902 ], [ -69.7365, 43.8999 ], [ -69.7435, 43.8935 ], [ -69.7411, 43.8907 ], [ -69.7367, 43.8867 ], [ -69.7356, 43.884 ], [ -69.7339, 43.8819 ], [ -69.7329, 43.8793 ], [ -69.732, 43.8784 ], [ -69.7302, 43.8774 ], [ -69.7292, 43.8762 ], [ -69.7291, 43.8751 ], [ -69.7305, 43.8698 ], [ -69.7302, 43.8678 ], [ -69.7277, 43.8626 ], [ -69.7248, 43.8598 ], [ -69.7242, 43.8582 ], [ -69.7235, 43.8541 ], [ -69.7222, 43.8524 ], [ -69.72, 43.8511 ], [ -69.7184, 43.8506 ], [ -69.7144, 43.8506 ], [ -69.7061, 43.8536 ], [ -69.7005, 43.8553 ], [ -69.7, 43.8536 ], [ -69.701, 43.8508 ], [ -69.7015, 43.8458 ], [ -69.7052, 43.8337 ], [ -69.7038, 43.8294 ], [ -69.7037, 43.8208 ], [ -69.7043, 43.8183 ], [ -69.7069, 43.8158 ], [ -69.7092, 43.8149 ], [ -69.7117, 43.8149 ], [ -69.7132, 43.8092 ], [ -69.7145, 43.8066 ], [ -69.717, 43.803 ], [ -69.7171, 43.8016 ], [ -69.716, 43.7948 ], [ -69.7161, 43.7923 ], [ -69.7167, 43.7901 ], [ -69.7178, 43.7883 ], [ -69.7182, 43.7856 ], [ -69.7167, 43.7839 ], [ -69.7162, 43.7819 ], [ -69.7228, 43.7811 ], [ -69.7294, 43.776 ], [ -69.731, 43.7745 ], [ -69.7316, 43.7731 ], [ -69.7405, 43.7696 ], [ -69.7439, 43.7636 ], [ -69.7453, 43.7623 ], [ -69.7458, 43.7578 ], [ -69.747, 43.757 ], [ -69.7478, 43.7511 ], [ -69.7503, 43.7403 ], [ -69.7518, 43.729 ], [ -69.7519, 43.7215 ], [ -69.7514, 43.718 ], [ -69.7487, 43.7101 ], [ -69.749, 43.7073 ], [ -69.7502, 43.7051 ], [ -69.7531, 43.7037 ], [ -69.7561, 43.7029 ], [ -69.7594, 43.7029 ], [ -69.7647, 43.7055 ], [ -69.7685, 43.7094 ], [ -69.7729, 43.7185 ], [ -69.7729, 43.72 ], [ -69.7659, 43.7281 ], [ -69.7637, 43.7326 ], [ -69.7637, 43.735 ], [ -69.7653, 43.7404 ], [ -69.7661, 43.7419 ], [ -69.767, 43.7429 ], [ -69.7682, 43.7434 ], [ -69.7686, 43.7442 ], [ -69.7694, 43.7493 ], [ -69.7692, 43.7501 ], [ -69.7799, 43.7545 ], [ -69.7824, 43.7565 ], [ -69.7844, 43.7597 ], [ -69.7847, 43.7636 ], [ -69.7835, 43.7675 ], [ -69.7834, 43.7732 ], [ -69.7869, 43.7843 ], [ -69.7872, 43.7956 ], [ -69.7886, 43.7994 ], [ -69.7967, 43.8104 ], [ -69.7992, 43.8122 ], [ -69.8004, 43.8124 ], [ -69.8042, 43.8146 ], [ -69.8053, 43.8159 ], [ -69.8053, 43.8199 ], [ -69.8045, 43.8208 ], [ -69.804, 43.8232 ], [ -69.8028, 43.8264 ], [ -69.797, 43.8343 ], [ -69.7963, 43.8389 ], [ -69.7958, 43.84 ], [ -69.7936, 43.8427 ], [ -69.7934, 43.845 ], [ -69.794, 43.8488 ], [ -69.796, 43.8542 ], [ -69.7946, 43.8626 ], [ -69.7943, 43.8675 ], [ -69.7966, 43.8713 ], [ -69.7951, 43.8752 ], [ -69.7954, 43.8785 ], [ -69.7961, 43.8797 ], [ -69.7974, 43.8804 ], [ -69.8057, 43.8808 ], [ -69.8083, 43.8815 ], [ -69.8105, 43.8826 ], [ -69.8106, 43.8835 ], [ -69.8105, 43.8961 ], [ -69.8099, 43.9024 ], [ -69.8084, 43.9081 ], [ -69.8081, 43.9107 ], [ -69.8088, 43.9182 ], [ -69.808, 43.9257 ], [ -69.8095, 43.9313 ], [ -69.8095, 43.945 ], [ -69.8102, 43.9461 ], [ -69.8142, 43.9494 ], [ -69.8173, 43.9526 ], [ -69.8202, 43.9536 ], [ -69.826, 43.9546 ], [ -69.8292, 43.9568 ], [ -69.8295, 43.9579 ], [ -69.8247, 43.9683 ], [ -69.8248, 43.9692 ], [ -69.8261, 43.9711 ], [ -69.8265, 43.9725 ], [ -69.8262, 43.9777 ], [ -69.8283, 43.9795 ], [ -69.836, 43.9833 ], [ -69.8393, 43.9857 ], [ -69.8323, 43.9887 ] ] ] } },
{ "type": "Feature", "properties": { "GEOIDFQ": "1400000US23023970301", "NAME": "9703.01", "NAMELSAD": "Census Tract 9703.01" }, "geometry": { "type": "Polygon", "coordinates": [ [ [ -70.0507, 43.9941 ], [ -70.0461, 43.9954 ], [ -70.0458, 43.9961 ], [ -70.045, 43.9964 ], [ -70.0453, 43.9975 ], [ -70.0445, 43.9975 ], [ -70.0435, 43.9981 ], [ -70.0433, 43.9987 ], [ -70.0439, 43.9999 ], [ -70.0432, 44.0025 ], [ -70.0424, 44.0024 ], [ -70.0413, 44.0014 ], [ -70.0407, 44.0021 ], [ -70.0386, 44.0026 ], [ -70.0393, 44.0018 ], [ -70.038, 44.0009 ], [ -70.0381, 44.0 ], [ -70.0376, 43.9996 ], [ -70.0358, 44.0001 ], [ -70.0352, 44.0009 ], [ -70.033, 44.001 ], [ -70.0348, 44.0018 ], [ -70.0353, 44.0027 ], [ -70.0341, 44.0032 ], [ -70.0323, 44.0026 ], [ -70.0318, 44.0029 ], [ -70.0345, 44.0055 ], [ -70.0345, 44.0066 ], [ -70.035, 44.0068 ], [ -70.0353, 44.0062 ], [ -70.0355, 44.0063 ], [ -70.0355, 44.0071 ], [ -69.9925, 44.0001 ], [ -69.9353, 43.9914 ], [ -69.9109, 43.9872 ], [ -69.9108, 43.9858 ], [ -69.9097, 43.9851 ], [ -69.9109, 43.983 ], [ -69.8945, 43.9706 ], [ -69.8957, 43.9697 ], [ -69.8983, 43.9691 ], [ -69.9054, 43.9693 ], [ -69.9085, 43.9683 ], [ -69.9101, 43.9672 ], [ -69.9111, 43.9661 ], [ -69.9119, 43.9632 ], [ -69.9138, 43.961 ], [ -69.9147, 43.9578 ], [ -69.9184, 43.9532 ], [ -69.9198, 43.952 ], [ -69.9253, 43.949 ], [ -69.9272, 43.9477 ], [ -69.9285, 43.946 ], [ -69.9301, 43.9421 ], [ -69.9352, 43.9382 ], [ -69.9377, 43.9343 ], [ -69.9431, 43.9295 ], [ -69.9508, 43.926 ], [ -69.9535, 43.9258 ], [ -69.961, 43.9269 ], [ -69.9622, 43.9266 ], [ -69.9635, 43.9257 ], [ -69.9647, 43.932 ], [ -69.9669, 43.9386 ], [ -69.972, 43.9485 ], [ -69.9831, 43.9379 ], [ -69.9872, 43.935 ], [ -69.9932, 43.9313 ], [ -69.9962, 43.9327 ], [ -70.0005, 43.9329 ], [ -70.0023, 43.9336 ], [ -70.0036, 43.935 ], [ -70.006, 43.94 ], [ -70.0074, 43.9416 ], [ -70.0088, 43.9425 ], [ -70.0127, 43.9438 ], [ -70.0176, 43.9447 ], [ -70.02, 43.9458 ], [ -70.0212, 43.9492 ], [ -70.0231, 43.9521 ], [ -70.0226, 43.9534 ], [ -70.0242, 43.9561 ], [ -70.026, 43.9581 ], [ -70.0279, 43.9643 ], [ -70.0313, 43.9683 ], [ -70.0317, 43.9712 ], [ -70.0326, 43.9737 ], [ -70.0371, 43.9794 ], [ -70.0462, 43.9853 ], [ -70.0468, 43.9861 ], [ -70.0467, 43.9873 ], [ -70.0473, 43.9884 ], [ -70.0496, 43.9902 ], [ -70.0518, 43.991 ], [ -70.0507, 43.9941 ] ] ] } },
{ "type": "Feature", "properties": { "GEOIDFQ": "1400000US23005004202", "NAME": "42.02", "NAMELSAD": "Census Tract 42.02" }, "geometry": { "type": "Polygon", "coordinates": [ [ [ -70.2538, 43.7761 ], [ -70.2397, 43.7871 ], [ -70.2585, 43.7965 ], [ -70.2481, 43.8076 ], [ -70.2477, 43.8085 ], [ -70.2459, 43.8076 ], [ -70.2423, 43.8121 ], [ -70.2369, 43.8075 ], [ -70.2371, 43.8034 ], [ -70.2324, 43.8011 ], [ -70.2299, 43.8032 ], [ -70.232, 43.8046 ], [ -70.2279, 43.8069 ], [ -70.2229, 43.8022 ], [ -70.2278, 43.7991 ], [ -70.2228, 43.7947 ], [ -70.2151, 43.7991 ], [ -70.2132, 43.7974 ], [ -70.205, 43.7901 ], [ -70.2125, 43.7856 ], [ -70.2096, 43.783 ], [ -70.2021, 43.7876 ], [ -70.1952, 43.7813 ], [ -70.1934, 43.7836 ], [ -70.1845, 43.7785 ], [ -70.1838, 43.7791 ], [ -70.1774, 43.7757 ], [ -70.1782, 43.7729 ], [ -70.1824, 43.7703 ], [ -70.1838, 43.7689 ], [ -70.1853, 43.7664 ], [ -70.1858, 43.7629 ], [ -70.185, 43.7604 ], [ -70.1832, 43.7581 ], [ -70.1799, 43.7552 ], [ -70.1722, 43.751 ], [ -70.1552, 43.7383 ], [ -70.1245, 43.7523 ], [ -70.1178, 43.7542 ], [ -70.1144, 43.7556 ], [ -70.1041, 43.7664 ], [ -70.0995, 43.7706 ], [ -70.0922, 43.7759 ], [ -70.0843, 43.781 ], [ -70.0698, 43.7708 ], [ -70.0703, 43.7413 ], [ -70.0539, 43.6809 ], [ -70.038, 43.6672 ], [ -70.0365, 43.6613 ], [ -70.0337, 43.6546 ], [ -70.034, 43.653 ], [ -70.0352, 43.6519 ], [ -70.0369, 43.6516 ], [ -70.039, 43.6519 ], [ -70.0404, 43.6527 ], [ -70.0652, 43.6737 ], [ -70.0954, 43.6882 ], [ -70.0841, 43.7 ], [ -70.0906, 43.7123 ], [ -70.0938, 43.7144 ], [ -70.0957, 43.714 ], [ -70.0992, 43.7114 ], [ -70.1155, 43.698 ], [ -70.2052, 43.7416 ], [ -70.26, 43.769 ], [ -70.2538, 43.7761 ] ] ] } },
{ "type": "Feature", "properties": { "GEOIDFQ": "1400000US23005017004", "NAME": "170.04", "NAMELSAD": "Census Tract 170.04" }, "geometry": { "type": "Polygon", "coordinates": [ [ [ -70.6198, 43.8407 ], [ -70.6123, 43.8373 ], [ -70.6094, 43.8336 ], [ -70.6051, 43.8301 ], [ -70.5978, 43.8276 ], [ -70.5882, 43.8192 ], [ -70.5838, 43.816 ], [ -70.5806, 43.8101 ], [ -70.5759, 43.8042 ], [ -70.5722, 43.8015 ], [ -70.5707, 43.7999 ], [ -70.5679, 43.7956 ], [ -70.5651, 43.7851 ], [ -70.5659, 43.785 ], [ -70.5656, 43.7839 ], [ -70.566, 43.7804 ], [ -70.5677, 43.7793 ], [ -70.5675, 43.7777 ], [ -70.5687, 43.7759 ], [ -70.571, 43.7758 ], [ -70.574, 43.775 ], [ -70.5753, 43.7757 ], [ -70.5782, 43.7765 ], [ -70.579, 43.7749 ], [ -70.5814, 43.7739 ], [ -70.582, 43.7726 ], [ -70.582, 43.7715 ], [ -70.5825, 43.7705 ], [ -70.581, 43.7694 ], [ -70.5823, 43.7683 ], [ -70.5822, 43.7677 ], [ -70.5796, 43.7664 ], [ -70.579, 43.765 ], [ -70.5793, 43.764 ], [ -70.5768, 43.7615 ], [ -70.5754, 43.7579 ], [ -70.5755, 43.7558 ], [ -70.5772, 43.7536 ], [ -70.5766, 43.7526 ], [ -70.5767, 43.7501 ], [ -70.5781, 43.7474 ], [ -70.578, 43.7465 ], [ -70.5791, 43.7451 ], [ -70.5795, 43.7422 ], [ -70.5791, 43.7416 ], [ -70.5797, 43.7408 ], [ -70.5791, 43.74 ], [ -70.5794, 43.7389 ], [ -70.5807, 43.7378 ], [ -70.5826, 43.7345 ], [ -70.5845, 43.7327 ], [ -70.5861, 43.7319 ], [ -70.5892, 43.7322 ], [ -70.6013, 43.7321 ], [ -70.6129, 43.7327 ], [ -70.6159, 43.7333 ], [ -70.6296, 43.7374 ], [ -70.6317, 43.7377 ], [ -70.64, 43.7366 ], [ -70.6476, 43.7341 ], [ -70.6524, 43.7335 ], [ -70.651, 43.7368 ], [ -70.6485, 43.7387 ], [ -70.6469, 43.7392 ], [ -70.646, 43.7403 ], [ -70.6455, 43.7423 ], [ -70.6458, 43.747 ], [ -70.6455, 43.7477 ], [ -70.6439, 43.7491 ], [ -70.6431, 43.7506 ], [ -70.6433, 43.7538 ], [ -70.644, 43.7557 ], [ -70.6454, 43.7571 ], [ -70.6478, 43.758 ], [ -70.6504, 43.7582 ], [ -70.6513, 43.7586 ], [ -70.6521, 43.7597 ], [ -70.6527, 43.762 ], [ -70.6564, 43.7646 ], [ -70.6563, 43.7655 ], [ -70.6555, 43.7663 ], [ -70.6505, 43.7676 ], [ -70.6498, 43.7684 ], [ -70.6499, 43.769 ], [ -70.6522, 43.7726 ], [ -70.6531, 43.7766 ], [ -70.6545, 43.779 ], [ -70.6557, 43.7801 ], [ -70.6553, 43.7834 ], [ -70.6539, 43.7855 ], [ -70.653, 43.7861 ], [ -70.6529, 43.7874 ], [ -70.6566, 43.7885 ], [ -70.6576, 43.7895 ], [ -70.6596, 43.7905 ], [ -70.6632, 43.7913 ], [ -70.666, 43.7909 ], [ -70.6674, 43.7911 ], [ -70.6682, 43.7925 ], [ -70.6198, 43.8407 ] ] ] } },
{ "type": "Feature", "properties": { "GEOIDFQ": "1400000US23005016002", "NAME": "160.02", "NAMELSAD": "Census Tract 160.02" }, "geometry": { "type": "Polygon", "coordinates": [ [ [ -70.6995, 44.1392 ], [ -70.6959, 44.1342 ], [ -70.6893, 44.1278 ], [ -70.6996, 44.1231 ], [ -70.6893, 44.1114 ], [ -70.6895, 44.1098 ], [ -70.6868, 44.1075 ], [ -70.6863, 44.1061 ], [ -70.6843, 44.1036 ], [ -70.6839, 44.1022 ], [ -70.6843, 44.0997 ], [ -70.6879, 44.0971 ], [ -70.6886, 44.096 ], [ -70.6886, 44.0944 ], [ -70.6866, 44.0872 ], [ -70.6857, 44.0858 ], [ -70.6845, 44.0802 ], [ -70.6823, 44.0768 ], [ -70.6798, 44.0752 ], [ -70.679, 44.074 ], [ -70.679, 44.0724 ], [ -70.6775, 44.069 ], [ -70.6773, 44.0675 ], [ -70.6784, 44.0639 ], [ -70.6795, 44.0619 ], [ -70.679, 44.0595 ], [ -70.6773, 44.057 ], [ -70.6741, 44.054 ], [ -70.6698, 44.0479 ], [ -70.6676, 44.0456 ], [ -70.6595, 44.0411 ], [ -70.6568, 44.0384 ], [ -70.6521, 44.0301 ], [ -70.65, 44.0277 ], [ -70.6486, 44.0252 ], [ -70.6475, 44.0218 ], [ -70.6473, 44.0182 ], [ -70.6469, 44.0173 ], [ -70.6424, 44.013 ], [ -70.6403, 44.0105 ], [ -70.6479, 44.0079 ], [ -70.6544, 44.0049 ], [ -70.6564, 44.0076 ], [ -70.658, 44.0114 ], [ -70.6586, 44.0155 ], [ -70.6621, 44.0256 ], [ -70.6738, 44.038 ], [ -70.6782, 44.0418 ], [ -70.684, 44.0451 ], [ -70.6872, 44.0484 ], [ -70.6902, 44.0501 ], [ -70.6913, 44.0514 ], [ -70.6918, 44.0528 ], [ -70.6951, 44.0552 ], [ -70.6973, 44.0551 ], [ -70.7006, 44.054 ], [ -70.7016, 44.054 ], [ -70.701, 44.0451 ], [ -70.7039, 44.0455 ], [ -70.7055, 44.0452 ], [ -70.711, 44.0425 ], [ -70.7146, 44.0537 ], [ -70.7159, 44.0548 ], [ -70.7144, 44.0556 ], [ -70.713, 44.0553 ], [ -70.7129, 44.0572 ], [ -70.7146, 44.061 ], [ -70.7148, 44.0625 ], [ -70.7172, 44.0663 ], [ -70.7187, 44.0678 ], [ -70.7193, 44.0714 ], [ -70.7247, 44.0791 ], [ -70.7279, 44.0872 ], [ -70.7255, 44.0888 ], [ -70.7193, 44.0921 ], [ -70.7204, 44.0948 ], [ -70.7238, 44.0977 ], [ -70.726, 44.1017 ], [ -70.7324, 44.1108 ], [ -70.74, 44.1194 ], [ -70.6995, 44.1392 ] ] ] } },
{ "type": "Feature", "properties": { "GEOIDFQ": "1400000US23005017306", "NAME": "173.06", "NAMELSAD": "Census Tract 173.06" }, "geometry": { "type": "Polygon", "coordinates": [ [ [ -70.4748, 43.6251 ], [ -70.4685, 43.6313 ], [ -70.4348, 43.6142 ], [ -70.4255, 43.6222 ], [ -70.392, 43.6557 ], [ -70.3773, 43.6462 ], [ -70.37, 43.6421 ], [ -70.346, 43.6303 ], [ -70.3759, 43.6019 ], [ -70.3858, 43.5911 ], [ -70.4132, 43.5652 ], [ -70.4535, 43.5859 ], [ -70.4518, 43.5875 ], [ -70.492, 43.6068 ], [ -70.4748, 43.6251 ] ] ] } },
{ "type": "Feature", "properties": { "GEOIDFQ": "1400000US23005016001", "NAME": "160.01", "NAMELSAD": "Census Tract 160.01" }, "geometry": { "type": "Polygon", "coordinates": [ [ [ -70.8647, 44.0819 ], [ -70.8629, 44.0864 ], [ -70.862, 44.0864 ], [ -70.8607, 44.0855 ], [ -70.8597, 44.0855 ], [ -70.8578, 44.088 ], [ -70.8579, 44.0911 ], [ -70.8574, 44.0914 ], [ -70.8588, 44.0931 ], [ -70.8579, 44.0943 ], [ -70.8585, 44.0948 ], [ -70.8585, 44.0953 ], [ -70.8218, 44.0771 ], [ -70.74, 44.1194 ], [ -70.7324, 44.1108 ], [ -70.726, 44.1017 ], [ -70.7238, 44.0977 ], [ -70.7204, 44.0948 ], [ -70.7193, 44.0921 ], [ -70.7255, 44.0888 ], [ -70.7279, 44.0872 ], [ -70.7247, 44.0791 ], [ -70.7193, 44.0714 ], [ -70.7187, 44.0678 ], [ -70.7172, 44.0663 ], [ -70.7148, 44.0625 ], [ -70.7146, 44.061 ], [ -70.7129, 44.0572 ], [ -70.713, 44.0553 ], [ -70.7144, 44.0556 ], [ -70.7159, 44.0548 ], [ -70.7146, 44.0537 ], [ -70.711, 44.0425 ], [ -70.7055, 44.0452 ], [ -70.7039, 44.0455 ], [ -70.701, 44.0451 ], [ -70.7016, 44.054 ], [ -70.7006, 44.054 ], [ -70.6973, 44.0551 ], [ -70.6951, 44.0552 ], [ -70.6918, 44.0528 ], [ -70.6913, 44.0514 ], [ -70.6902, 44.0501 ], [ -70.6872, 44.0484 ], [ -70.684, 44.0451 ], [ -70.6782, 44.0418 ], [ -70.6738, 44.038 ], [ -70.6617, 44.025 ], [ -70.6584, 44.0146 ], [ -70.658, 44.0114 ], [ -70.6564, 44.0076 ], [ -70.6544, 44.0049 ], [ -70.6854, 43.9899 ], [ -70.6646, 43.967 ], [ -70.7022, 43.9477 ], [ -70.7516, 44.0001 ], [ -70.7818, 44.0314 ], [ -70.783, 44.0306 ], [ -70.7917, 44.0287 ], [ -70.791, 44.0302 ], [ -70.7917, 44.0307 ], [ -70.7917, 44.0315 ], [ -70.7926, 44.0323 ], [ -70.7929, 44.0339 ], [ -70.7924, 44.0376 ], [ -70.7933, 44.0394 ], [ -70.7926, 44.0397 ], [ -70.7925, 44.0401 ], [ -70.8481, 44.0495 ], [ -70.8585, 44.0596 ], [ -70.8579, 44.0605 ], [ -70.8586, 44.0613 ], [ -70.8583, 44.062 ], [ -70.8591, 44.0641 ], [ -70.8582, 44.0655 ], [ -70.859, 44.0671 ], [ -70.86, 44.0681 ], [ -70.8599, 44.0695 ], [ -70.8592, 44.0702 ], [ -70.8603, 44.0708 ], [ -70.861, 44.0718 ], [ -70.8607, 44.0728 ], [ -70.8612, 44.0731 ], [ -70.8613, 44.0739 ], [ -70.8609, 44.0747 ], [ -70.8617, 44.0761 ], [ -70.8613, 44.0772 ], [ -70.8619, 44.0776 ], [ -70.8645, 44.0778 ], [ -70.8647, 44.0787 ], [ -70.8653, 44.0784 ], [ -70.8666, 44.08 ], [ -70.8647, 44.0819 ] ] ] } },
{ "type": "Feature", "properties": { "GEOIDFQ": "1400000US23005017305", "NAME": "173.05", "NAMELSAD": "Census Tract 173.05" }, "geometry": { "type": "Polygon", "coordinates": [ [ [ -70.3858, 43.5911 ], [ -70.3759, 43.6019 ], [ -70.346, 43.6303 ], [ -70.3127, 43.6135 ], [ -70.3135, 43.6095 ], [ -70.3186, 43.6023 ], [ -70.3284, 43.5936 ], [ -70.3335, 43.5905 ], [ -70.3494, 43.5879 ], [ -70.3622, 43.5837 ], [ -70.3847, 43.5733 ], [ -70.3863, 43.5723 ], [ -70.3889, 43.5694 ], [ -70.3926, 43.5665 ], [ -70.3979, 43.5628 ], [ -70.4007, 43.559 ], [ -70.4132, 43.5652 ], [ -70.3858, 43.5911 ] ] ] } },
{ "type": "Feature", "properties": { "GEOIDFQ": "1400000US23005014002", "NAME": "140.02", "NAMELSAD": "Census Tract 140.02" }, "geometry": { "type": "Polygon", "coordinates": [ [ [ -70.6646, 43.967 ], [ -70.6854, 43.9899 ], [ -70.6479, 44.0079 ], [ -70.6403, 44.0105 ], [ -70.6372, 44.0027 ], [ -70.6283, 43.9938 ], [ -70.6128, 43.9839 ], [ -70.6036, 43.9746 ], [ -70.6005, 43.9698 ], [ -70.6035, 43.9693 ], [ -70.6035, 43.9668 ], [ -70.6043, 43.963 ], [ -70.6054, 43.9606 ], [ -70.6055, 43.9591 ], [ -70.6049, 43.9574 ], [ -70.5977, 43.9461 ], [ -70.5973, 43.9444 ], [ -70.5969, 43.9388 ], [ -70.5939, 43.9328 ], [ -70.5955, 43.9311 ], [ -70.5962, 43.9308 ], [ -70.5999, 43.9307 ], [ -70.6059, 43.9291 ], [ -70.6075, 43.929 ], [ -70.6099, 43.9297 ], [ -70.6124, 43.929 ], [ -70.6146, 43.9265 ], [ -70.6166, 43.9258 ], [ -70.6172, 43.925 ], [ -70.6162, 43.9245 ], [ -70.6158, 43.9226 ], [ -70.615, 43.9216 ], [ -70.613, 43.92 ], [ -70.6239, 43.9153 ], [ -70.639, 43.9315 ], [ -70.6574, 43.9218 ], [ -70.6721, 43.936 ], [ -70.6722, 43.937 ], [ -70.6718, 43.9374 ], [ -70.6712, 43.9365 ], [ -70.6703, 43.9361 ], [ -70.67, 43.9364 ], [ -70.6703, 43.9374 ], [ -70.6697, 43.9377 ], [ -70.6694, 43.9384 ], [ -70.6697, 43.9385 ], [ -70.6703, 43.9379 ], [ -70.6709, 43.9378 ], [ -70.6722, 43.9392 ], [ -70.6717, 43.9397 ], [ -70.6703, 43.9394 ], [ -70.67, 43.9397 ], [ -70.6709, 43.9404 ], [ -70.6714, 43.9417 ], [ -70.6727, 43.9426 ], [ -70.6753, 43.9429 ], [ -70.677, 43.9438 ], [ -70.6782, 43.9448 ], [ -70.6793, 43.9452 ], [ -70.6798, 43.9464 ], [ -70.6816, 43.9474 ], [ -70.6823, 43.9482 ], [ -70.6832, 43.9484 ], [ -70.6866, 43.9501 ], [ -70.6875, 43.9517 ], [ -70.6887, 43.9524 ], [ -70.6895, 43.9542 ], [ -70.6646, 43.967 ] ] ] } },
{ "type": "Feature", "properties": { "GEOIDFQ": "1400000US23005011205", "NAME": "112.05", "NAMELSAD": "Census Tract 112.05" }, "geometry": { "type": "Polygon", "coordinates": [ [ [ -69.9746, 43.9159 ], [ -69.9751, 43.9162 ], [ -69.9674, 43.9213 ], [ -69.9667, 43.9213 ], [ -69.9652, 43.92 ], [ -69.961, 43.923 ], [ -69.9567, 43.9234 ], [ -69.9549, 43.9233 ], [ -69.953, 43.9225 ], [ -69.9436, 43.9176 ], [ -69.9383, 43.9144 ], [ -69.9326, 43.912 ], [ -69.9313, 43.9119 ], [ -69.93, 43.9122 ], [ -69.9278, 43.9134 ], [ -69.9261, 43.9153 ], [ -69.9213, 43.9124 ], [ -69.9221, 43.9114 ], [ -69.9229, 43.9111 ], [ -69.9254, 43.9114 ], [ -69.9261, 43.9108 ], [ -69.9262, 43.91 ], [ -69.924, 43.9092 ], [ -69.9161, 43.9103 ], [ -69.9162, 43.9076 ], [ -69.9232, 43.9067 ], [ -69.9315, 43.9066 ], [ -69.9631, 43.9105 ], [ -69.9632, 43.9109 ], [ -69.971, 43.9095 ], [ -69.9714, 43.9104 ], [ -69.9759, 43.9097 ], [ -69.9762, 43.913 ], [ -69.9746, 43.9159 ] ] ] } },
{ "type": "Feature", "properties": { "GEOIDFQ": "1400000US23005011204", "NAME": "112.04", "NAMELSAD": "Census Tract 112.04" }, "geometry": { "type": "Polygon", "coordinates": [ [ [ -70.0112, 43.9208 ], [ -69.9932, 43.9313 ], [ -69.9895, 43.9281 ], [ -69.9859, 43.9237 ], [ -69.9818, 43.9177 ], [ -69.979, 43.9156 ], [ -69.9777, 43.9151 ], [ -69.9766, 43.9151 ], [ -69.9752, 43.9162 ], [ -69.9746, 43.9159 ], [ -69.9762, 43.913 ], [ -69.9761, 43.9105 ], [ -69.9752, 43.907 ], [ -69.9799, 43.9063 ], [ -69.9799, 43.9036 ], [ -69.9793, 43.9002 ], [ -69.9769, 43.8939 ], [ -69.9988, 43.8908 ], [ -69.9982, 43.8928 ], [ -69.9984, 43.8942 ], [ -69.9981, 43.897 ], [ -70.0002, 43.8998 ], [ -69.9992, 43.9015 ], [ -69.9976, 43.9028 ], [ -70.0124, 43.9099 ], [ -70.0144, 43.9101 ], [ -70.0148, 43.9107 ], [ -70.0185, 43.9126 ], [ -70.0204, 43.9132 ], [ -70.029, 43.9148 ], [ -70.0112, 43.9208 ] ] ] } },
{ "type": "Feature", "properties": { "GEOIDFQ": "1400000US23005011203", "NAME": "112.03", "NAMELSAD": "Census Tract 112.03" }, "geometry": { "type": "Polygon", "coordinates": [ [ [ -70.0348, 43.8272 ], [ -70.0264, 43.8387 ], [ -70.0178, 43.8457 ], [ -70.0141, 43.8494 ], [ -70.0133, 43.851 ], [ -69.9923, 43.8671 ], [ -69.9922, 43.8679 ], [ -69.9928, 43.8684 ], [ -69.9937, 43.8685 ], [ -69.9961, 43.8709 ], [ -69.9974, 43.8729 ], [ -69.9986, 43.877 ], [ -70.0015, 43.8797 ], [ -70.0014, 43.8805 ], [ -70.0, 43.8824 ], [ -69.9988, 43.8869 ], [ -69.9988, 43.8908 ], [ -69.9742, 43.8943 ], [ -69.9721, 43.8944 ], [ -69.9701, 43.8959 ], [ -69.969, 43.8974 ], [ -69.9677, 43.8996 ], [ -69.9663, 43.9042 ], [ -69.9653, 43.9041 ], [ -69.9569, 43.9053 ], [ -69.9564, 43.9047 ], [ -69.9524, 43.891 ], [ -69.9499, 43.8843 ], [ -69.9499, 43.8831 ], [ -69.951, 43.8801 ], [ -69.9509, 43.8787 ], [ -69.9478, 43.8738 ], [ -69.9456, 43.8696 ], [ -69.9449, 43.8664 ], [ -69.9427, 43.8619 ], [ -69.9428, 43.8595 ], [ -69.9441, 43.8573 ], [ -69.9463, 43.8554 ], [ -69.9472, 43.8599 ], [ -69.9479, 43.8606 ], [ -69.9493, 43.8607 ], [ -69.9524, 43.8594 ], [ -69.9545, 43.8578 ], [ -69.9571, 43.8527 ], [ -69.9588, 43.8512 ], [ -69.9611, 43.8503 ], [ -69.965, 43.8494 ], [ -69.9732, 43.8481 ], [ -69.9759, 43.8483 ], [ -69.9823, 43.8496 ], [ -69.9873, 43.8479 ], [ -69.9926, 43.8437 ], [ -69.9948, 43.8406 ], [ -69.9995, 43.8357 ], [ -70.0031, 43.8326 ], [ -70.0139, 43.8266 ], [ -70.0236, 43.8193 ], [ -70.0284, 43.8167 ], [ -70.0321, 43.8194 ], [ -70.0366, 43.8238 ], [ -70.0372, 43.8248 ], [ -70.0348, 43.8272 ] ] ] } },
{ "type": "Feature", "properties": { "GEOIDFQ": "1400000US23005003002", "NAME": "30.02", "NAMELSAD": "Census Tract 30.02" }, "geometry": { "type": "Polygon", "coordinates": [ [ [ -70.3137, 43.6496 ], [ -70.3143, 43.6492 ], [ -70.3139, 43.649 ], [ -70.3172, 43.646 ], [ -70.313, 43.6456 ], [ -70.3129, 43.646 ], [ -70.3016, 43.6466 ], [ -70.3, 43.6461 ], [ -70.299, 43.6468 ], [ -70.2976, 43.6469 ], [ -70.2919, 43.6455 ], [ -70.2882, 43.6459 ], [ -70.287, 43.6457 ], [ -70.2859, 43.6451 ], [ -70.2842, 43.6432 ], [ -70.2863, 43.6423 ], [ -70.293, 43.6405 ], [ -70.2947, 43.6383 ], [ -70.2968, 43.6369 ], [ -70.3184, 43.6288 ], [ -70.3232, 43.6277 ], [ -70.3371, 43.6257 ], [ -70.3705, 43.6424 ], [ -70.3137, 43.6496 ] ] ] } },
{ "type": "Feature", "properties": { "GEOIDFQ": "1400000US23005002503", "NAME": "25.03", "NAMELSAD": "Census Tract 25.03" }, "geometry": { "type": "Polygon", "coordinates": [ [ [ -70.3432, 43.8103 ], [ -70.2673, 43.7726 ], [ -70.2689, 43.7711 ], [ -70.272, 43.767 ], [ -70.276, 43.7632 ], [ -70.2888, 43.7552 ], [ -70.2901, 43.7533 ], [ -70.2914, 43.7503 ], [ -70.2946, 43.7463 ], [ -70.2937, 43.7459 ], [ -70.2892, 43.7414 ], [ -70.2883, 43.7401 ], [ -70.2937, 43.7333 ], [ -70.2957, 43.73 ], [ -70.2942, 43.7239 ], [ -70.2963, 43.7219 ], [ -70.2992, 43.7207 ], [ -70.2992, 43.7202 ], [ -70.2998, 43.7199 ], [ -70.3043, 43.7232 ], [ -70.3041, 43.7239 ], [ -70.3074, 43.7241 ], [ -70.3097, 43.7228 ], [ -70.3093, 43.7215 ], [ -70.3096, 43.7208 ], [ -70.3102, 43.7202 ], [ -70.3113, 43.7199 ], [ -70.3183, 43.7273 ], [ -70.3188, 43.7269 ], [ -70.3203, 43.7285 ], [ -70.3234, 43.7281 ], [ -70.3274, 43.7322 ], [ -70.3266, 43.733 ], [ -70.3283, 43.7341 ], [ -70.3273, 43.7353 ], [ -70.3376, 43.7406 ], [ -70.3353, 43.7438 ], [ -70.3334, 43.7431 ], [ -70.3321, 43.7433 ], [ -70.3349, 43.7493 ], [ -70.3375, 43.7492 ], [ -70.336, 43.7518 ], [ -70.339, 43.7523 ], [ -70.3404, 43.7503 ], [ -70.3443, 43.7506 ], [ -70.3445, 43.7503 ], [ -70.3482, 43.7502 ], [ -70.3479, 43.7496 ], [ -70.3483, 43.7495 ], [ -70.3478, 43.749 ], [ -70.3502, 43.7481 ], [ -70.3505, 43.7505 ], [ -70.3511, 43.7503 ], [ -70.3516, 43.7522 ], [ -70.3533, 43.7518 ], [ -70.3533, 43.7493 ], [ -70.3612, 43.7538 ], [ -70.3432, 43.8103 ] ] ] } },
{ "type": "Feature", "properties": { "GEOIDFQ": "1400000US23005012001", "NAME": "120.01", "NAMELSAD": "Census Tract 120.01" }, "geometry": { "type": "Polygon", "coordinates": [ [ [ -70.4654, 43.9855 ], [ -70.4615, 43.989 ], [ -70.4595, 43.9883 ], [ -70.4539, 43.9939 ], [ -70.4552, 43.9945 ], [ -70.448, 44.0021 ], [ -70.4532, 44.005 ], [ -70.445, 44.0128 ], [ -70.402, 43.9901 ], [ -70.4051, 43.9869 ], [ -70.3778, 43.9716 ], [ -70.3872, 43.9615 ], [ -70.3745, 43.9552 ], [ -70.4027, 43.9267 ], [ -70.4052, 43.9278 ], [ -70.4071, 43.9305 ], [ -70.4098, 43.9326 ], [ -70.4133, 43.9342 ], [ -70.417, 43.9342 ], [ -70.4203, 43.9348 ], [ -70.4286, 43.939 ], [ -70.4312, 43.9387 ], [ -70.4328, 43.9377 ], [ -70.4344, 43.9358 ], [ -70.4392, 43.9334 ], [ -70.4605, 43.945 ], [ -70.462, 43.9463 ], [ -70.4629, 43.9498 ], [ -70.4649, 43.9541 ], [ -70.4647, 43.9579 ], [ -70.4652, 43.9615 ], [ -70.4651, 43.9638 ], [ -70.4668, 43.9669 ], [ -70.4695, 43.9746 ], [ -70.4711, 43.9776 ], [ -70.4654, 43.9855 ] ] ] } },
{ "type": "Feature", "properties": { "GEOIDFQ": "1400000US23005003001", "NAME": "30.01", "NAMELSAD": "Census Tract 30.01" }, "geometry": { "type": "Polygon", "coordinates": [ [ [ -70.3232, 43.6277 ], [ -70.3184, 43.6288 ], [ -70.2968, 43.6369 ], [ -70.2947, 43.6383 ], [ -70.293, 43.6405 ], [ -70.2863, 43.6423 ], [ -70.2842, 43.6432 ], [ -70.2821, 43.6398 ], [ -70.286, 43.6369 ], [ -70.2922, 43.63 ], [ -70.3075, 43.6185 ], [ -70.3098, 43.6166 ], [ -70.3127, 43.6135 ], [ -70.3369, 43.6257 ], [ -70.3232, 43.6277 ] ] ] } },
{ "type": "Feature", "properties": { "GEOIDFQ": "1400000US23005004805", "NAME": "48.05", "NAMELSAD": "Census Tract 48.05" }, "geometry": { "type": "Polygon", "coordinates": [ [ [ -70.4547, 43.8866 ], [ -70.3845, 43.8508 ], [ -70.3886, 43.8496 ], [ -70.4045, 43.8413 ], [ -70.4134, 43.8394 ], [ -70.4208, 43.8383 ], [ -70.4471, 43.8322 ], [ -70.4484, 43.8317 ], [ -70.4497, 43.8306 ], [ -70.4502, 43.831 ], [ -70.4517, 43.8312 ], [ -70.4525, 43.8308 ], [ -70.4526, 43.8301 ], [ -70.4534, 43.8295 ], [ -70.4551, 43.8304 ], [ -70.4566, 43.8303 ], [ -70.4578, 43.8308 ], [ -70.4588, 43.8303 ], [ -70.4597, 43.8308 ], [ -70.4613, 43.8305 ], [ -70.4621, 43.8308 ], [ -70.4622, 43.8321 ], [ -70.4596, 43.8351 ], [ -70.4594, 43.8364 ], [ -70.4651, 43.8456 ], [ -70.4867, 43.8565 ], [ -70.4547, 43.8866 ] ] ] } },
{ "type": "Feature", "properties": { "GEOIDFQ": "1400000US23005004201", "NAME": "42.01", "NAMELSAD": "Census Tract 42.01" }, "geometry": { "type": "Polygon", "coordinates": [ [ [ -70.3169, 43.8271 ], [ -70.2964, 43.8488 ], [ -70.2839, 43.8417 ], [ -70.2883, 43.8385 ], [ -70.2845, 43.8365 ], [ -70.2852, 43.8357 ], [ -70.2803, 43.8334 ], [ -70.2791, 43.8346 ], [ -70.2763, 43.8337 ], [ -70.2713, 43.8386 ], [ -70.269, 43.8364 ], [ -70.2723, 43.8336 ], [ -70.2653, 43.8285 ], [ -70.2675, 43.8265 ], [ -70.2535, 43.8198 ], [ -70.2563, 43.8169 ], [ -70.25, 43.814 ], [ -70.2527, 43.811 ], [ -70.2477, 43.8085 ], [ -70.2477, 43.8082 ], [ -70.2583, 43.7971 ], [ -70.2585, 43.7964 ], [ -70.2397, 43.7871 ], [ -70.2538, 43.7761 ], [ -70.26, 43.7689 ], [ -70.3368, 43.8071 ], [ -70.3169, 43.8271 ] ] ] } },
{ "type": "Feature", "properties": { "GEOIDFQ": "1400000US23005014001", "NAME": "140.01", "NAMELSAD": "Census Tract 140.01" }, "geometry": { "type": "Polygon", "coordinates": [ [ [ -70.6334, 44.0129 ], [ -70.6245, 44.0179 ], [ -70.5956, 44.0321 ], [ -70.5952, 44.0319 ], [ -70.594, 44.0321 ], [ -70.5929, 44.0311 ], [ -70.5945, 44.0312 ], [ -70.5947, 44.0309 ], [ -70.5931, 44.0304 ], [ -70.5923, 44.0294 ], [ -70.5916, 44.0296 ], [ -70.5912, 44.0303 ], [ -70.5909, 44.0302 ], [ -70.591, 44.0277 ], [ -70.5905, 44.0277 ], [ -70.5898, 44.0284 ], [ -70.5898, 44.0269 ], [ -70.5891, 44.0263 ], [ -70.5883, 44.0263 ], [ -70.5883, 44.0256 ], [ -70.5836, 44.023 ], [ -70.5816, 44.0223 ], [ -70.5819, 44.0219 ], [ -70.583, 44.0217 ], [ -70.584, 44.0219 ], [ -70.5848, 44.0213 ], [ -70.5837, 44.0199 ], [ -70.5827, 44.0194 ], [ -70.5826, 44.0187 ], [ -70.5817, 44.0188 ], [ -70.5813, 44.018 ], [ -70.5799, 44.0179 ], [ -70.5787, 44.017 ], [ -70.5771, 44.0166 ], [ -70.5756, 44.0166 ], [ -70.5756, 44.016 ], [ -70.5745, 44.0156 ], [ -70.574, 44.0156 ], [ -70.5729, 44.0164 ], [ -70.5724, 44.0163 ], [ -70.5639, 44.025 ], [ -70.5559, 44.0163 ], [ -70.5548, 44.0173 ], [ -70.5441, 44.0056 ], [ -70.5667, 43.9822 ], [ -70.5654, 43.9818 ], [ -70.5646, 43.9809 ], [ -70.565, 43.9806 ], [ -70.5658, 43.9809 ], [ -70.5665, 43.9808 ], [ -70.5665, 43.9801 ], [ -70.564, 43.9797 ], [ -70.5635, 43.9786 ], [ -70.5639, 43.9767 ], [ -70.5647, 43.9757 ], [ -70.5644, 43.9749 ], [ -70.5663, 43.9747 ], [ -70.5663, 43.9742 ], [ -70.5655, 43.9736 ], [ -70.5657, 43.9733 ], [ -70.5666, 43.9731 ], [ -70.5676, 43.9737 ], [ -70.5679, 43.9746 ], [ -70.5684, 43.9746 ], [ -70.5683, 43.9733 ], [ -70.5674, 43.9727 ], [ -70.5676, 43.9715 ], [ -70.5683, 43.9703 ], [ -70.5699, 43.9697 ], [ -70.5674, 43.9688 ], [ -70.5674, 43.9669 ], [ -70.5677, 43.9668 ], [ -70.5688, 43.9674 ], [ -70.5691, 43.9671 ], [ -70.5683, 43.9661 ], [ -70.568, 43.9644 ], [ -70.5684, 43.9639 ], [ -70.5694, 43.9641 ], [ -70.5696, 43.9636 ], [ -70.5678, 43.9624 ], [ -70.5674, 43.9603 ], [ -70.5661, 43.9583 ], [ -70.5664, 43.9561 ], [ -70.5655, 43.9559 ], [ -70.5648, 43.9552 ], [ -70.5631, 43.9553 ], [ -70.5596, 43.9524 ], [ -70.5573, 43.9519 ], [ -70.5586, 43.9506 ], [ -70.5591, 43.9509 ], [ -70.5591, 43.9515 ], [ -70.5611, 43.952 ], [ -70.5612, 43.9515 ], [ -70.5599, 43.9503 ], [ -70.562, 43.9484 ], [ -70.5617, 43.9473 ], [ -70.5607, 43.9466 ], [ -70.5598, 43.9455 ], [ -70.5602, 43.9449 ], [ -70.5617, 43.9448 ], [ -70.5616, 43.9439 ], [ -70.5605, 43.943 ], [ -70.5595, 43.943 ], [ -70.5589, 43.9434 ], [ -70.5593, 43.9444 ], [ -70.5584, 43.9446 ], [ -70.557, 43.943 ], [ -70.5582, 43.9419 ], [ -70.5594, 43.9421 ], [ -70.56, 43.9418 ], [ -70.5602, 43.9403 ], [ -70.561, 43.9405 ], [ -70.5612, 43.9415 ], [ -70.5618, 43.9415 ], [ -70.5631, 43.9403 ], [ -70.5634, 43.9384 ], [ -70.5641, 43.9386 ], [ -70.5646, 43.9399 ], [ -70.5652, 43.94 ], [ -70.5661, 43.9396 ], [ -70.5656, 43.9379 ], [ -70.5658, 43.9375 ], [ -70.5665, 43.9376 ], [ -70.5664, 43.9386 ], [ -70.567, 43.9391 ], [ -70.5696, 43.9389 ], [ -70.5697, 43.9376 ], [ -70.5682, 43.9366 ], [ -70.5682, 43.936 ], [ -70.5701, 43.9356 ], [ -70.5716, 43.9363 ], [ -70.5723, 43.9361 ], [ -70.573, 43.9356 ], [ -70.5719, 43.9347 ], [ -70.5718, 43.934 ], [ -70.573, 43.9343 ], [ -70.575, 43.9339 ], [ -70.5744, 43.9327 ], [ -70.5748, 43.9324 ], [ -70.5763, 43.9327 ], [ -70.5758, 43.9312 ], [ -70.5751, 43.9306 ], [ -70.5743, 43.9305 ], [ -70.5727, 43.931 ], [ -70.5731, 43.9301 ], [ -70.573, 43.9296 ], [ -70.5721, 43.9291 ], [ -70.5722, 43.9279 ], [ -70.5703, 43.9281 ], [ -70.5697, 43.9275 ], [ -70.5703, 43.9269 ], [ -70.5721, 43.9266 ], [ -70.5731, 43.9255 ], [ -70.5743, 43.9255 ], [ -70.5755, 43.9247 ], [ -70.5755, 43.9234 ], [ -70.5735, 43.924 ], [ -70.5731, 43.9237 ], [ -70.5749, 43.9224 ], [ -70.5766, 43.9194 ], [ -70.5762, 43.9191 ], [ -70.5744, 43.9196 ], [ -70.5733, 43.9192 ], [ -70.5733, 43.9184 ], [ -70.5743, 43.9178 ], [ -70.5759, 43.9175 ], [ -70.5761, 43.917 ], [ -70.5754, 43.9159 ], [ -70.5742, 43.9155 ], [ -70.5724, 43.9157 ], [ -70.5718, 43.9151 ], [ -70.5724, 43.9146 ], [ -70.5767, 43.9148 ], [ -70.5785, 43.914 ], [ -70.58, 43.9138 ], [ -70.5806, 43.913 ], [ -70.5804, 43.9113 ], [ -70.5855, 43.9117 ], [ -70.5863, 43.9127 ], [ -70.5898, 43.9134 ], [ -70.59, 43.9141 ], [ -70.5912, 43.9145 ], [ -70.5948, 43.9141 ], [ -70.5968, 43.9157 ], [ -70.6017, 43.915 ], [ -70.6028, 43.9135 ], [ -70.6106, 43.921 ], [ -70.613, 43.92 ], [ -70.6158, 43.9226 ], [ -70.6159, 43.9239 ], [ -70.6165, 43.9247 ], [ -70.6172, 43.925 ], [ -70.6172, 43.9254 ], [ -70.6166, 43.9258 ], [ -70.6148, 43.9264 ], [ -70.6129, 43.9286 ], [ -70.6116, 43.9294 ], [ -70.6092, 43.9296 ], [ -70.6075, 43.929 ], [ -70.6059, 43.9291 ], [ -70.5999, 43.9307 ], [ -70.5962, 43.9308 ], [ -70.5955, 43.9311 ], [ -70.5939, 43.9328 ], [ -70.5969, 43.9388 ], [ -70.5973, 43.9444 ], [ -70.5977, 43.9461 ], [ -70.6049, 43.9574 ], [ -70.6055, 43.9591 ], [ -70.6054, 43.9606 ], [ -70.6043, 43.963 ], [ -70.6035, 43.9668 ], [ -70.6035, 43.9693 ], [ -70.6005, 43.9698 ], [ -70.6036, 43.9746 ], [ -70.6128, 43.9839 ], [ -70.6283, 43.9938 ], [ -70.6372, 44.0027 ], [ -70.6403, 44.0105 ], [ -70.6334, 44.0129 ] ] ] } },
{ "type": "Feature", "properties": { "GEOIDFQ": "1400000US23005013002", "NAME": "130.02", "NAMELSAD": "Census Tract 130.02" }, "geometry": { "type": "Polygon", "coordinates": [ [ [ -70.58, 43.9138 ], [ -70.5785, 43.914 ], [ -70.5769, 43.9147 ], [ -70.5753, 43.9149 ], [ -70.5724, 43.9146 ], [ -70.5718, 43.9151 ], [ -70.5724, 43.9157 ], [ -70.5742, 43.9155 ], [ -70.5754, 43.9159 ], [ -70.5761, 43.917 ], [ -70.5759, 43.9175 ], [ -70.5743, 43.9178 ], [ -70.5733, 43.9184 ], [ -70.5733, 43.9192 ], [ -70.5744, 43.9196 ], [ -70.5762, 43.9191 ], [ -70.5766, 43.9194 ], [ -70.5749, 43.9224 ], [ -70.5731, 43.9237 ], [ -70.5735, 43.924 ], [ -70.5755, 43.9234 ], [ -70.5755, 43.9247 ], [ -70.5743, 43.9255 ], [ -70.5731, 43.9255 ], [ -70.5721, 43.9266 ], [ -70.5703, 43.9269 ], [ -70.5697, 43.9275 ], [ -70.5703, 43.9281 ], [ -70.5722, 43.9279 ], [ -70.5721, 43.9291 ], [ -70.573, 43.9296 ], [ -70.5731, 43.9301 ], [ -70.5727, 43.931 ], [ -70.5743, 43.9305 ], [ -70.5751, 43.9306 ], [ -70.5758, 43.9312 ], [ -70.5763, 43.9327 ], [ -70.5748, 43.9324 ], [ -70.5744, 43.9327 ], [ -70.575, 43.9339 ], [ -70.573, 43.9343 ], [ -70.5718, 43.934 ], [ -70.5719, 43.9347 ], [ -70.573, 43.9356 ], [ -70.5723, 43.9361 ], [ -70.5716, 43.9363 ], [ -70.5701, 43.9356 ], [ -70.5682, 43.936 ], [ -70.5682, 43.9366 ], [ -70.5697, 43.9376 ], [ -70.5696, 43.9389 ], [ -70.567, 43.9391 ], [ -70.5664, 43.9386 ], [ -70.5665, 43.9376 ], [ -70.5658, 43.9375 ], [ -70.5656, 43.9379 ], [ -70.5661, 43.9396 ], [ -70.5652, 43.94 ], [ -70.5646, 43.9399 ], [ -70.5641, 43.9386 ], [ -70.5634, 43.9384 ], [ -70.5631, 43.9403 ], [ -70.5618, 43.9415 ], [ -70.5612, 43.9415 ], [ -70.561, 43.9405 ], [ -70.5602, 43.9403 ], [ -70.56, 43.9418 ], [ -70.5594, 43.9421 ], [ -70.5582, 43.9419 ], [ -70.557, 43.943 ], [ -70.5584, 43.9446 ], [ -70.5593, 43.9444 ], [ -70.5589, 43.9434 ], [ -70.5595, 43.943 ], [ -70.5605, 43.943 ], [ -70.5616, 43.9439 ], [ -70.5617, 43.9448 ], [ -70.5602, 43.9449 ], [ -70.5598, 43.9455 ], [ -70.5607, 43.9466 ], [ -70.5617, 43.9473 ], [ -70.562, 43.9484 ], [ -70.5599, 43.9503 ], [ -70.5612, 43.9515 ], [ -70.5611, 43.952 ], [ -70.5591, 43.9515 ], [ -70.5591, 43.9509 ], [ -70.5586, 43.9506 ], [ -70.5573, 43.9519 ], [ -70.5596, 43.9524 ], [ -70.5631, 43.9553 ], [ -70.5648, 43.9552 ], [ -70.5655, 43.9559 ], [ -70.5664, 43.9561 ], [ -70.5661, 43.9583 ], [ -70.5674, 43.9603 ], [ -70.5678, 43.9624 ], [ -70.5696, 43.9636 ], [ -70.5694, 43.9641 ], [ -70.5684, 43.9639 ], [ -70.568, 43.9644 ], [ -70.5683, 43.9661 ], [ -70.5691, 43.9671 ], [ -70.5688, 43.9674 ], [ -70.5677, 43.9668 ], [ -70.5674, 43.9669 ], [ -70.5674, 43.9688 ], [ -70.5699, 43.9697 ], [ -70.5683, 43.9703 ], [ -70.5676, 43.9715 ], [ -70.5674, 43.9727 ], [ -70.5683, 43.9733 ], [ -70.5684, 43.9746 ], [ -70.5679, 43.9746 ], [ -70.5676, 43.9737 ], [ -70.5666, 43.9731 ], [ -70.5657, 43.9733 ], [ -70.5655, 43.9736 ], [ -70.5663, 43.9742 ], [ -70.5663, 43.9747 ], [ -70.5644, 43.9749 ], [ -70.5647, 43.9757 ], [ -70.5639, 43.9767 ], [ -70.5635, 43.9786 ], [ -70.564, 43.9797 ], [ -70.5662, 43.9799 ], [ -70.5667, 43.9803 ], [ -70.5663, 43.9809 ], [ -70.565, 43.9806 ], [ -70.5646, 43.9808 ], [ -70.5654, 43.9818 ], [ -70.5667, 43.9822 ], [ -70.5662, 43.9828 ], [ -70.5617, 43.9876 ], [ -70.5569, 43.9851 ], [ -70.5537, 43.986 ], [ -70.5498, 43.9862 ], [ -70.5367, 43.9824 ], [ -70.5327, 43.98 ], [ -70.5291, 43.9792 ], [ -70.5251, 43.9798 ], [ -70.5227, 43.9816 ], [ -70.5175, 43.9829 ], [ -70.504, 43.9584 ], [ -70.4995, 43.952 ], [ -70.4984, 43.949 ], [ -70.494, 43.9417 ], [ -70.5002, 43.9354 ], [ -70.5009, 43.9346 ], [ -70.4996, 43.9339 ], [ -70.505, 43.9283 ], [ -70.5043, 43.9272 ], [ -70.5044, 43.9259 ], [ -70.5059, 43.9217 ], [ -70.5085, 43.9182 ], [ -70.5085, 43.9173 ], [ -70.507, 43.9156 ], [ -70.5077, 43.9133 ], [ -70.5093, 43.9115 ], [ -70.5114, 43.9106 ], [ -70.5119, 43.9096 ], [ -70.5131, 43.9085 ], [ -70.5146, 43.9082 ], [ -70.516, 43.9068 ], [ -70.5176, 43.9043 ], [ -70.5211, 43.9017 ], [ -70.5236, 43.8992 ], [ -70.5281, 43.8968 ], [ -70.5311, 43.8946 ], [ -70.5433, 43.8715 ], [ -70.5806, 43.9113 ], [ -70.5806, 43.913 ], [ -70.58, 43.9138 ] ] ] } },
{ "type": "Feature", "properties": { "GEOIDFQ": "1400000US23005002504", "NAME": "25.04", "NAMELSAD": "Census Tract 25.04" }, "geometry": { "type": "Polygon", "coordinates": [ [ [ -70.2937, 43.7333 ], [ -70.2883, 43.7401 ], [ -70.2892, 43.7414 ], [ -70.2937, 43.7459 ], [ -70.2946, 43.7463 ], [ -70.2914, 43.7503 ], [ -70.2896, 43.7542 ], [ -70.2883, 43.7556 ], [ -70.276, 43.7632 ], [ -70.272, 43.767 ], [ -70.2689, 43.7711 ], [ -70.2673, 43.7726 ], [ -70.219, 43.7486 ], [ -70.2245, 43.7416 ], [ -70.2307, 43.7317 ], [ -70.2328, 43.73 ], [ -70.2407, 43.7253 ], [ -70.2464, 43.7204 ], [ -70.246, 43.7156 ], [ -70.2465, 43.714 ], [ -70.249, 43.7107 ], [ -70.2492, 43.7074 ], [ -70.2508, 43.7028 ], [ -70.2509, 43.7001 ], [ -70.2664, 43.7025 ], [ -70.2669, 43.7013 ], [ -70.2675, 43.701 ], [ -70.2679, 43.7012 ], [ -70.2707, 43.7004 ], [ -70.2723, 43.7023 ], [ -70.2727, 43.7019 ], [ -70.2737, 43.7032 ], [ -70.2747, 43.7054 ], [ -70.2773, 43.7055 ], [ -70.2771, 43.7139 ], [ -70.2827, 43.7166 ], [ -70.2778, 43.7223 ], [ -70.2804, 43.7225 ], [ -70.2842, 43.726 ], [ -70.2853, 43.7263 ], [ -70.2857, 43.7277 ], [ -70.2921, 43.7257 ], [ -70.2924, 43.7259 ], [ -70.2942, 43.7239 ], [ -70.2957, 43.73 ], [ -70.2937, 43.7333 ] ] ] } },
{ "type": "Feature", "properties": { "GEOIDFQ": "1400000US23005002901", "NAME": "29.01", "NAMELSAD": "Census Tract 29.01" }, "geometry": { "type": "Polygon", "coordinates": [ [ [ -70.3891, 43.6646 ], [ -70.3879, 43.6647 ], [ -70.3873, 43.6653 ], [ -70.3871, 43.6663 ], [ -70.3856, 43.6662 ], [ -70.3853, 43.6671 ], [ -70.3862, 43.6672 ], [ -70.386, 43.6676 ], [ -70.3848, 43.6676 ], [ -70.3834, 43.667 ], [ -70.3822, 43.6677 ], [ -70.3801, 43.6667 ], [ -70.3773, 43.6688 ], [ -70.3744, 43.6683 ], [ -70.3744, 43.6677 ], [ -70.3739, 43.6675 ], [ -70.3737, 43.6683 ], [ -70.3708, 43.6677 ], [ -70.3701, 43.6698 ], [ -70.3685, 43.6695 ], [ -70.3666, 43.6756 ], [ -70.3639, 43.6754 ], [ -70.3602, 43.6763 ], [ -70.3591, 43.6757 ], [ -70.3529, 43.6737 ], [ -70.3503, 43.6721 ], [ -70.3491, 43.6707 ], [ -70.3477, 43.6673 ], [ -70.3463, 43.6654 ], [ -70.3407, 43.6643 ], [ -70.3377, 43.6633 ], [ -70.3351, 43.6619 ], [ -70.3374, 43.662 ], [ -70.3453, 43.6547 ], [ -70.3408, 43.6523 ], [ -70.3474, 43.6453 ], [ -70.3705, 43.6424 ], [ -70.3773, 43.6462 ], [ -70.392, 43.6557 ], [ -70.3891, 43.6646 ] ] ] } },
{ "type": "Feature", "properties": { "GEOIDFQ": "1400000US23005013001", "NAME": "130.01", "NAMELSAD": "Census Tract 130.01" }, "geometry": { "type": "Polygon", "coordinates": [ [ [ -70.509, 44.0415 ], [ -70.5052, 44.0396 ], [ -70.5024, 44.0426 ], [ -70.4801, 44.0321 ], [ -70.4812, 44.0296 ], [ -70.4794, 44.0261 ], [ -70.4486, 44.0094 ], [ -70.4532, 44.005 ], [ -70.448, 44.0021 ], [ -70.4552, 43.9945 ], [ -70.4539, 43.9939 ], [ -70.4595, 43.9883 ], [ -70.4615, 43.989 ], [ -70.4654, 43.9855 ], [ -70.4711, 43.9776 ], [ -70.4743, 43.9744 ], [ -70.4724, 43.9738 ], [ -70.4816, 43.9663 ], [ -70.4751, 43.9629 ], [ -70.4956, 43.9445 ], [ -70.4984, 43.949 ], [ -70.4995, 43.952 ], [ -70.504, 43.9584 ], [ -70.5175, 43.9829 ], [ -70.5227, 43.9816 ], [ -70.5251, 43.9798 ], [ -70.5291, 43.9792 ], [ -70.5327, 43.98 ], [ -70.5367, 43.9824 ], [ -70.5498, 43.9862 ], [ -70.5537, 43.986 ], [ -70.5569, 43.9851 ], [ -70.5616, 43.9877 ], [ -70.509, 44.0415 ] ] ] } },
{ "type": "Feature", "properties": { "GEOIDFQ": "1400000US23005017308", "NAME": "173.08", "NAMELSAD": "Census Tract 173.08" }, "geometry": { "type": "Polygon", "coordinates": [ [ [ -70.3738, 43.5681 ], [ -70.3747, 43.5689 ], [ -70.3745, 43.5695 ], [ -70.3732, 43.5699 ], [ -70.3728, 43.5683 ], [ -70.3723, 43.5681 ], [ -70.3721, 43.5694 ], [ -70.3716, 43.5697 ], [ -70.3702, 43.5697 ], [ -70.3713, 43.5703 ], [ -70.3728, 43.5717 ], [ -70.3726, 43.5721 ], [ -70.3722, 43.5719 ], [ -70.3704, 43.5719 ], [ -70.3694, 43.5714 ], [ -70.3687, 43.5716 ], [ -70.3687, 43.572 ], [ -70.3698, 43.5726 ], [ -70.3695, 43.5734 ], [ -70.3701, 43.5742 ], [ -70.3682, 43.5751 ], [ -70.3691, 43.5756 ], [ -70.3708, 43.5746 ], [ -70.3724, 43.5749 ], [ -70.3727, 43.5755 ], [ -70.374, 43.575 ], [ -70.3741, 43.5755 ], [ -70.3727, 43.5765 ], [ -70.3737, 43.5771 ], [ -70.3738, 43.5775 ], [ -70.3725, 43.5778 ], [ -70.3737, 43.5782 ], [ -70.3625, 43.5836 ], [ -70.3497, 43.5878 ], [ -70.3345, 43.5902 ], [ -70.3325, 43.5819 ], [ -70.3307, 43.5806 ], [ -70.326, 43.5799 ], [ -70.3231, 43.5785 ], [ -70.3195, 43.5751 ], [ -70.316, 43.5701 ], [ -70.3125, 43.5627 ], [ -70.3111, 43.562 ], [ -70.3085, 43.5617 ], [ -70.305, 43.5596 ], [ -70.3036, 43.5581 ], [ -70.3021, 43.5586 ], [ -70.2967, 43.5612 ], [ -70.2904, 43.5634 ], [ -70.2816, 43.5685 ], [ -70.2809, 43.5694 ], [ -70.2803, 43.5721 ], [ -70.2748, 43.5767 ], [ -70.2699, 43.5785 ], [ -70.2672, 43.5803 ], [ -70.2611, 43.5828 ], [ -70.259, 43.5828 ], [ -70.2573, 43.5821 ], [ -70.2592, 43.5804 ], [ -70.2617, 43.5805 ], [ -70.2626, 43.5803 ], [ -70.2634, 43.5797 ], [ -70.2633, 43.5785 ], [ -70.2639, 43.5778 ], [ -70.2653, 43.5774 ], [ -70.267, 43.5763 ], [ -70.2696, 43.5755 ], [ -70.2706, 43.5748 ], [ -70.2739, 43.5681 ], [ -70.2723, 43.5659 ], [ -70.271, 43.5609 ], [ -70.2762, 43.549 ], [ -70.3216, 43.5196 ], [ -70.3518, 43.5346 ], [ -70.3496, 43.5362 ], [ -70.3458, 43.5376 ], [ -70.3382, 43.5392 ], [ -70.3314, 43.5403 ], [ -70.3282, 43.5404 ], [ -70.3276, 43.5415 ], [ -70.3293, 43.5438 ], [ -70.3309, 43.545 ], [ -70.3424, 43.5496 ], [ -70.344, 43.5506 ], [ -70.3447, 43.5557 ], [ -70.3461, 43.5571 ], [ -70.3543, 43.5571 ], [ -70.3576, 43.5587 ], [ -70.3606, 43.5588 ], [ -70.3616, 43.5591 ], [ -70.3627, 43.561 ], [ -70.3616, 43.5626 ], [ -70.3626, 43.5647 ], [ -70.3635, 43.5653 ], [ -70.3694, 43.5614 ], [ -70.3704, 43.5615 ], [ -70.3719, 43.5629 ], [ -70.3712, 43.5629 ], [ -70.3699, 43.5646 ], [ -70.3674, 43.5652 ], [ -70.3668, 43.5661 ], [ -70.3666, 43.5679 ], [ -70.3696, 43.5685 ], [ -70.3688, 43.5662 ], [ -70.3694, 43.5654 ], [ -70.37, 43.5656 ], [ -70.3714, 43.5673 ], [ -70.3735, 43.566 ], [ -70.3745, 43.5659 ], [ -70.3747, 43.5667 ], [ -70.3738, 43.5676 ], [ -70.3749, 43.5676 ], [ -70.3738, 43.5681 ] ] ] } },
{ "type": "Feature", "properties": { "GEOIDFQ": "1400000US23005012002", "NAME": "120.02", "NAMELSAD": "Census Tract 120.02" }, "geometry": { "type": "Polygon", "coordinates": [ [ [ -70.5311, 43.8946 ], [ -70.5281, 43.8968 ], [ -70.5236, 43.8992 ], [ -70.5211, 43.9017 ], [ -70.5176, 43.9043 ], [ -70.516, 43.9068 ], [ -70.5146, 43.9082 ], [ -70.5131, 43.9085 ], [ -70.5119, 43.9096 ], [ -70.5114, 43.9106 ], [ -70.5093, 43.9115 ], [ -70.5077, 43.9133 ], [ -70.507, 43.9156 ], [ -70.5085, 43.9173 ], [ -70.5085, 43.9182 ], [ -70.5059, 43.9217 ], [ -70.5044, 43.9259 ], [ -70.5043, 43.9272 ], [ -70.505, 43.9283 ], [ -70.4996, 43.9339 ], [ -70.5009, 43.9346 ], [ -70.5002, 43.9354 ], [ -70.494, 43.9417 ], [ -70.4958, 43.9443 ], [ -70.4751, 43.9629 ], [ -70.4816, 43.9663 ], [ -70.4724, 43.9738 ], [ -70.4743, 43.9744 ], [ -70.4711, 43.9776 ], [ -70.4695, 43.9746 ], [ -70.4668, 43.9669 ], [ -70.4651, 43.9638 ], [ -70.4652, 43.9615 ], [ -70.4647, 43.9579 ], [ -70.4649, 43.9541 ], [ -70.4629, 43.9498 ], [ -70.4624, 43.947 ], [ -70.4612, 43.9454 ], [ -70.4392, 43.9334 ], [ -70.4344, 43.9358 ], [ -70.4328, 43.9377 ], [ -70.4312, 43.9387 ], [ -70.4286, 43.939 ], [ -70.4203, 43.9348 ], [ -70.417, 43.9342 ], [ -70.4133, 43.9342 ], [ -70.4098, 43.9326 ], [ -70.4071, 43.9305 ], [ -70.4052, 43.9278 ], [ -70.4027, 43.9267 ], [ -70.4255, 43.9033 ], [ -70.4454, 43.8818 ], [ -70.4547, 43.8866 ], [ -70.4867, 43.8565 ], [ -70.4995, 43.8333 ], [ -70.5357, 43.864 ], [ -70.5433, 43.8715 ], [ -70.5311, 43.8946 ] ] ] } },
{ "type": "Feature", "properties": { "GEOIDFQ": "1400000US23005017307", "NAME": "173.07", "NAMELSAD": "Census Tract 173.07" }, "geometry": { "type": "Polygon", "coordinates": [ [ [ -70.3979, 43.5628 ], [ -70.3909, 43.5678 ], [ -70.3857, 43.5727 ], [ -70.3737, 43.5782 ], [ -70.3729, 43.578 ], [ -70.3725, 43.5776 ], [ -70.3736, 43.5777 ], [ -70.3738, 43.5773 ], [ -70.3727, 43.5765 ], [ -70.3741, 43.5755 ], [ -70.3741, 43.5751 ], [ -70.3727, 43.5755 ], [ -70.3724, 43.5749 ], [ -70.371, 43.5745 ], [ -70.3701, 43.5748 ], [ -70.3697, 43.5754 ], [ -70.3691, 43.5756 ], [ -70.3684, 43.5753 ], [ -70.3685, 43.5748 ], [ -70.3701, 43.5742 ], [ -70.3695, 43.5734 ], [ -70.3698, 43.5726 ], [ -70.3686, 43.5718 ], [ -70.3691, 43.5714 ], [ -70.3708, 43.572 ], [ -70.3722, 43.5719 ], [ -70.3726, 43.5721 ], [ -70.3728, 43.5717 ], [ -70.3713, 43.5703 ], [ -70.3702, 43.5697 ], [ -70.3716, 43.5697 ], [ -70.3721, 43.5694 ], [ -70.3723, 43.5681 ], [ -70.3728, 43.5683 ], [ -70.3732, 43.5699 ], [ -70.3745, 43.5695 ], [ -70.3747, 43.5689 ], [ -70.3738, 43.5681 ], [ -70.3749, 43.5676 ], [ -70.3738, 43.5676 ], [ -70.3747, 43.5667 ], [ -70.3747, 43.5662 ], [ -70.3745, 43.5659 ], [ -70.3739, 43.5659 ], [ -70.3714, 43.5673 ], [ -70.37, 43.5656 ], [ -70.3692, 43.5655 ], [ -70.3688, 43.5662 ], [ -70.3696, 43.5685 ], [ -70.3685, 43.5685 ], [ -70.3664, 43.5677 ], [ -70.3668, 43.5661 ], [ -70.3674, 43.5652 ], [ -70.3699, 43.5646 ], [ -70.3712, 43.5629 ], [ -70.3719, 43.5629 ], [ -70.371, 43.5618 ], [ -70.3699, 43.5613 ], [ -70.3694, 43.5614 ], [ -70.3635, 43.5653 ], [ -70.3626, 43.5647 ], [ -70.3616, 43.5626 ], [ -70.3627, 43.561 ], [ -70.3616, 43.5591 ], [ -70.3606, 43.5588 ], [ -70.3576, 43.5587 ], [ -70.3543, 43.5571 ], [ -70.3461, 43.5571 ], [ -70.3447, 43.5557 ], [ -70.344, 43.5506 ], [ -70.3424, 43.5496 ], [ -70.3309, 43.545 ], [ -70.3281, 43.5424 ], [ -70.3277, 43.5409 ], [ -70.3282, 43.5404 ], [ -70.3314, 43.5403 ], [ -70.3382, 43.5392 ], [ -70.3458, 43.5376 ], [ -70.3496, 43.5362 ], [ -70.3518, 43.5346 ], [ -70.4006, 43.5591 ], [ -70.3979, 43.5628 ] ] ] } },
{ "type": "Feature", "properties": { "GEOIDFQ": "1400000US23005017003", "NAME": "170.03", "NAMELSAD": "Census Tract 170.03" }, "geometry": { "type": "Polygon", "coordinates": [ [ [ -70.6587, 43.7139 ], [ -70.6565, 43.7173 ], [ -70.6562, 43.7207 ], [ -70.6548, 43.7263 ], [ -70.6534, 43.7314 ], [ -70.6524, 43.7335 ], [ -70.6476, 43.7341 ], [ -70.64, 43.7366 ], [ -70.6317, 43.7377 ], [ -70.6296, 43.7374 ], [ -70.6159, 43.7333 ], [ -70.6129, 43.7327 ], [ -70.6013, 43.7321 ], [ -70.5892, 43.7322 ], [ -70.5861, 43.7319 ], [ -70.5845, 43.7327 ], [ -70.5826, 43.7345 ], [ -70.5807, 43.7378 ], [ -70.5794, 43.7389 ], [ -70.5791, 43.74 ], [ -70.5797, 43.7408 ], [ -70.5791, 43.7416 ], [ -70.5795, 43.7422 ], [ -70.5791, 43.7451 ], [ -70.578, 43.7465 ], [ -70.5781, 43.7474 ], [ -70.5767, 43.7501 ], [ -70.5766, 43.7526 ], [ -70.5772, 43.7536 ], [ -70.5755, 43.7558 ], [ -70.5754, 43.7579 ], [ -70.5768, 43.7615 ], [ -70.5793, 43.764 ], [ -70.579, 43.765 ], [ -70.5796, 43.7664 ], [ -70.5822, 43.7677 ], [ -70.5823, 43.7683 ], [ -70.581, 43.7694 ], [ -70.5825, 43.7705 ], [ -70.582, 43.7715 ], [ -70.582, 43.7726 ], [ -70.5814, 43.7739 ], [ -70.579, 43.7749 ], [ -70.5782, 43.7765 ], [ -70.5753, 43.7757 ], [ -70.574, 43.775 ], [ -70.571, 43.7758 ], [ -70.5687, 43.7759 ], [ -70.5675, 43.7777 ], [ -70.5677, 43.7793 ], [ -70.566, 43.7804 ], [ -70.5657, 43.7813 ], [ -70.5659, 43.785 ], [ -70.5651, 43.7851 ], [ -70.5634, 43.7827 ], [ -70.5577, 43.7782 ], [ -70.5566, 43.7714 ], [ -70.5591, 43.7686 ], [ -70.5486, 43.7632 ], [ -70.5485, 43.7619 ], [ -70.5464, 43.7583 ], [ -70.5469, 43.7571 ], [ -70.5466, 43.7553 ], [ -70.5458, 43.7541 ], [ -70.5267, 43.7436 ], [ -70.5248, 43.7409 ], [ -70.5214, 43.7398 ], [ -70.5243, 43.7362 ], [ -70.5466, 43.7132 ], [ -70.55, 43.7158 ], [ -70.5774, 43.6872 ], [ -70.5953, 43.6972 ], [ -70.6056, 43.6877 ], [ -70.6121, 43.6871 ], [ -70.6117, 43.688 ], [ -70.6117, 43.6899 ], [ -70.6108, 43.6928 ], [ -70.611, 43.6934 ], [ -70.6128, 43.695 ], [ -70.614, 43.6977 ], [ -70.6148, 43.6986 ], [ -70.6179, 43.6993 ], [ -70.6222, 43.6995 ], [ -70.6233, 43.7002 ], [ -70.6239, 43.7018 ], [ -70.6245, 43.7023 ], [ -70.628, 43.7041 ], [ -70.6309, 43.7045 ], [ -70.6381, 43.7027 ], [ -70.6418, 43.7032 ], [ -70.646, 43.7014 ], [ -70.6488, 43.6993 ], [ -70.6497, 43.6991 ], [ -70.652, 43.6995 ], [ -70.657, 43.7013 ], [ -70.6588, 43.7032 ], [ -70.6593, 43.7044 ], [ -70.659, 43.7079 ], [ -70.6596, 43.7109 ], [ -70.6587, 43.7139 ] ] ] } },
{ "type": "Feature", "properties": { "GEOIDFQ": "1400000US23005004804", "NAME": "48.04", "NAMELSAD": "Census Tract 48.04" }, "geometry": { "type": "Polygon", "coordinates": [ [ [ -70.4506, 43.8102 ], [ -70.4485, 43.815 ], [ -70.4485, 43.817 ], [ -70.4493, 43.8184 ], [ -70.4479, 43.8201 ], [ -70.4487, 43.8208 ], [ -70.4487, 43.8214 ], [ -70.4479, 43.8226 ], [ -70.4479, 43.8235 ], [ -70.4465, 43.8271 ], [ -70.4469, 43.8284 ], [ -70.4486, 43.829 ], [ -70.4497, 43.8306 ], [ -70.4492, 43.8312 ], [ -70.4471, 43.8322 ], [ -70.4208, 43.8383 ], [ -70.4134, 43.8394 ], [ -70.4048, 43.8412 ], [ -70.4031, 43.8419 ], [ -70.3993, 43.8442 ], [ -70.4003, 43.8424 ], [ -70.4065, 43.836 ], [ -70.4091, 43.834 ], [ -70.4153, 43.8271 ], [ -70.4212, 43.8223 ], [ -70.4225, 43.82 ], [ -70.4208, 43.8179 ], [ -70.4186, 43.8133 ], [ -70.4188, 43.8125 ], [ -70.4201, 43.8113 ], [ -70.4103, 43.8061 ], [ -70.4109, 43.8054 ], [ -70.4109, 43.8043 ], [ -70.4129, 43.8034 ], [ -70.413, 43.8021 ], [ -70.4148, 43.8009 ], [ -70.4156, 43.7996 ], [ -70.4156, 43.7986 ], [ -70.4165, 43.7981 ], [ -70.4172, 43.7964 ], [ -70.4185, 43.7957 ], [ -70.4187, 43.7949 ], [ -70.4297, 43.8001 ], [ -70.4336, 43.8008 ], [ -70.4405, 43.7991 ], [ -70.4474, 43.8021 ], [ -70.4496, 43.802 ], [ -70.4501, 43.8025 ], [ -70.4508, 43.8083 ], [ -70.4506, 43.8102 ] ] ] } },
{ "type": "Feature", "properties": { "GEOIDFQ": "1400000US23003951800", "NAME": "9518", "NAMELSAD": "Census Tract 9518" }, "geometry": { "type": "Polygon", "coordinates": [ [ [ -67.9261, 46.7788 ], [ -67.9233, 46.7222 ], [ -67.9291, 46.722 ], [ -67.932, 46.721 ], [ -67.9355, 46.7174 ], [ -67.9551, 46.7067 ], [ -67.9578, 46.7049 ], [ -67.9604, 46.7024 ], [ -67.9625, 46.701 ], [ -67.9718, 46.6971 ], [ -67.9785, 46.6925 ], [ -67.9836, 46.6879 ], [ -67.9894, 46.6848 ], [ -68.0027, 46.681 ], [ -68.0149, 46.6812 ], [ -68.018, 46.6816 ], [ -68.0191, 46.6824 ], [ -68.0198, 46.693 ], [ -68.0295, 46.71 ], [ -68.0316, 46.7114 ], [ -68.034, 46.7123 ], [ -68.0365, 46.7126 ], [ -68.0464, 46.7127 ], [ -68.0489, 46.7133 ], [ -68.0537, 46.7152 ], [ -68.0565, 46.7757 ], [ -67.9261, 46.7788 ] ] ] } },
{ "type": "Feature", "properties": { "GEOIDFQ": "1400000US23005002902", "NAME": "29.02", "NAMELSAD": "Census Tract 29.02" }, "geometry": { "type": "Polygon", "coordinates": [ [ [ -70.3824, 43.6839 ], [ -70.3799, 43.6916 ], [ -70.3783, 43.6903 ], [ -70.3787, 43.6883 ], [ -70.3764, 43.6838 ], [ -70.3731, 43.6823 ], [ -70.367, 43.6777 ], [ -70.3642, 43.6781 ], [ -70.3626, 43.6789 ], [ -70.3616, 43.6768 ], [ -70.3609, 43.6769 ], [ -70.3602, 43.6763 ], [ -70.3639, 43.6754 ], [ -70.3666, 43.6756 ], [ -70.3685, 43.6695 ], [ -70.3701, 43.6698 ], [ -70.3708, 43.6677 ], [ -70.3737, 43.6683 ], [ -70.3739, 43.6675 ], [ -70.3744, 43.6677 ], [ -70.3744, 43.6683 ], [ -70.3773, 43.6688 ], [ -70.3801, 43.6667 ], [ -70.3822, 43.6677 ], [ -70.3834, 43.667 ], [ -70.3848, 43.6676 ], [ -70.386, 43.6676 ], [ -70.3862, 43.6672 ], [ -70.3853, 43.6671 ], [ -70.3856, 43.6662 ], [ -70.3871, 43.6663 ], [ -70.3873, 43.6653 ], [ -70.3879, 43.6647 ], [ -70.3891, 43.6646 ], [ -70.3824, 43.6839 ] ] ] } },
{ "type": "Feature", "properties": { "GEOIDFQ": "1400000US23005011206", "NAME": "112.06", "NAMELSAD": "Census Tract 112.06" }, "geometry": { "type": "Polygon", "coordinates": [ [ [ -69.9799, 43.9063 ], [ -69.9752, 43.907 ], [ -69.9759, 43.9097 ], [ -69.9714, 43.9104 ], [ -69.971, 43.9095 ], [ -69.9632, 43.9109 ], [ -69.9631, 43.9105 ], [ -69.9458, 43.9084 ], [ -69.9465, 43.9072 ], [ -69.9471, 43.9071 ], [ -69.9475, 43.9066 ], [ -69.9494, 43.8998 ], [ -69.9508, 43.8983 ], [ -69.9486, 43.8966 ], [ -69.948, 43.8952 ], [ -69.952, 43.8901 ], [ -69.9564, 43.9047 ], [ -69.9569, 43.9053 ], [ -69.9653, 43.9041 ], [ -69.9663, 43.9042 ], [ -69.9677, 43.8996 ], [ -69.9701, 43.8959 ], [ -69.9721, 43.8944 ], [ -69.9769, 43.8939 ], [ -69.9787, 43.8983 ], [ -69.9799, 43.9037 ], [ -69.9799, 43.9063 ] ] ] } },
{ "type": "Feature", "properties": { "GEOIDFQ": "1400000US23007970602", "NAME": "9706.02", "NAMELSAD": "Census Tract 9706.02" }, "geometry": { "type": "Polygon", "coordinates": [ [ [ -70.4874, 44.87 ], [ -70.5037, 44.9528 ], [ -70.4012, 44.9644 ], [ -70.3765, 44.9682 ], [ -70.3686, 44.9368 ], [ -70.3625, 44.9335 ], [ -70.3609, 44.9211 ], [ -70.3554, 44.9207 ], [ -70.3489, 44.9044 ], [ -70.3279, 44.8649 ], [ -70.2675, 44.8842 ], [ -70.2575, 44.8465 ], [ -70.3965, 44.801 ], [ -70.3169, 44.6376 ], [ -70.3476, 44.5802 ], [ -70.4722, 44.5987 ], [ -70.55, 44.6107 ], [ -70.5106, 44.6272 ], [ -70.615, 44.7956 ], [ -70.7692, 44.7322 ], [ -70.7739, 44.8397 ], [ -70.4874, 44.87 ] ] ] } },
{ "type": "Feature", "properties": { "GEOIDFQ": "1400000US23015990000", "NAME": "9900", "NAMELSAD": "Census Tract 9900" }, "geometry": { "type": "Polygon", "coordinates": [ [ [ -69.6972, 43.8327 ], [ -69.6961, 43.8358 ], [ -69.695, 43.8377 ], [ -69.6903, 43.8428 ], [ -69.689, 43.8458 ], [ -69.6892, 43.8501 ], [ -69.6906, 43.8542 ], [ -69.6839, 43.854 ], [ -69.6839, 43.8522 ], [ -69.6827, 43.85 ], [ -69.6827, 43.848 ], [ -69.6862, 43.8438 ], [ -69.6866, 43.842 ], [ -69.6843, 43.8402 ], [ -69.6866, 43.8372 ], [ -69.6875, 43.8345 ], [ -69.6874, 43.8305 ], [ -69.6887, 43.8277 ], [ -69.6905, 43.8261 ], [ -69.691, 43.8231 ], [ -69.6905, 43.8212 ], [ -69.687, 43.8169 ], [ -69.687, 43.8107 ], [ -69.6866, 43.8092 ], [ -69.6869, 43.808 ], [ -69.688, 43.8065 ], [ -69.6877, 43.8051 ], [ -69.6855, 43.8048 ], [ -69.6821, 43.8063 ], [ -69.6787, 43.8057 ], [ -69.6738, 43.8032 ], [ -69.6713, 43.8008 ], [ -69.6699, 43.7987 ], [ -69.6704, 43.7959 ], [ -69.6716, 43.7947 ], [ -69.6765, 43.7951 ], [ -69.6777, 43.7946 ], [ -69.6783, 43.7937 ], [ -69.6783, 43.793 ], [ -69.6773, 43.7914 ], [ -69.6745, 43.7908 ], [ -69.672, 43.7912 ], [ -69.6664, 43.7912 ], [ -69.6652, 43.7883 ], [ -69.664, 43.7871 ], [ -69.6639, 43.786 ], [ -69.6554, 43.7782 ], [ -69.6533, 43.7774 ], [ -69.6516, 43.7772 ], [ -69.6504, 43.7776 ], [ -69.6487, 43.7783 ], [ -69.6482, 43.7794 ], [ -69.6494, 43.7898 ], [ -69.6512, 43.7996 ], [ -69.6498, 43.803 ], [ -69.6518, 43.807 ], [ -69.6506, 43.809 ], [ -69.6502, 43.811 ], [ -69.651, 43.814 ], [ -69.6512, 43.8172 ], [ -69.6507, 43.8192 ], [ -69.6495, 43.8197 ], [ -69.6481, 43.8186 ], [ -69.6464, 43.8182 ], [ -69.6453, 43.8185 ], [ -69.6452, 43.8208 ], [ -69.6434, 43.8222 ], [ -69.6401, 43.824 ], [ -69.6353, 43.824 ], [ -69.6299, 43.8196 ], [ -69.6298, 43.8183 ], [ -69.6334, 43.8149 ], [ -69.6353, 43.8137 ], [ -69.6353, 43.8128 ], [ -69.6368, 43.8103 ], [ -69.6375, 43.8083 ], [ -69.6367, 43.8064 ], [ -69.6367, 43.8038 ], [ -69.6364, 43.8035 ], [ -69.6351, 43.8038 ], [ -69.634, 43.8033 ], [ -69.6316, 43.8035 ], [ -69.6283, 43.8043 ], [ -69.6267, 43.805 ], [ -69.6266, 43.8062 ], [ -69.6247, 43.8072 ], [ -69.606, 43.8129 ], [ -69.602, 43.8124 ], [ -69.5994, 43.8113 ], [ -69.5964, 43.8088 ], [ -69.5964, 43.8064 ], [ -69.5998, 43.8048 ], [ -69.6015, 43.8029 ], [ -69.6015, 43.8011 ], [ -69.6032, 43.7984 ], [ -69.6037, 43.7946 ], [ -69.6051, 43.7892 ], [ -69.6051, 43.7863 ], [ -69.6088, 43.7832 ], [ -69.6131, 43.7781 ], [ -69.6129, 43.7769 ], [ -69.6152, 43.7737 ], [ -69.616, 43.7712 ], [ -69.6157, 43.7679 ], [ -69.6147, 43.766 ], [ -69.6173, 43.7633 ], [ -69.6173, 43.7617 ], [ -69.6198, 43.7583 ], [ -69.62, 43.7567 ], [ -69.6193, 43.7546 ], [ -69.6185, 43.7535 ], [ -69.6155, 43.7527 ], [ -69.6148, 43.751 ], [ -69.6131, 43.7511 ], [ -69.6109, 43.753 ], [ -69.6102, 43.7551 ], [ -69.6102, 43.7598 ], [ -69.6093, 43.7606 ], [ -69.609, 43.7622 ], [ -69.6085, 43.765 ], [ -69.6087, 43.7675 ], [ -69.6073, 43.769 ], [ -69.6039, 43.7712 ], [ -69.5983, 43.7723 ], [ -69.5936, 43.7719 ], [ -69.5893, 43.771 ], [ -69.5859, 43.7667 ], [ -69.585, 43.7525 ], [ -69.5842, 43.7517 ], [ -69.5816, 43.7517 ], [ -69.58, 43.7524 ], [ -69.5792, 43.7549 ], [ -69.5777, 43.7661 ], [ -69.5809, 43.7689 ], [ -69.5823, 43.7715 ], [ -69.5823, 43.7733 ], [ -69.5813, 43.7753 ], [ -69.5815, 43.7789 ], [ -69.5807, 43.7808 ], [ -69.5788, 43.7828 ], [ -69.5768, 43.7841 ], [ -69.5735, 43.7856 ], [ -69.5713, 43.7882 ], [ -69.5726, 43.794 ], [ -69.574, 43.7967 ], [ -69.5767, 43.7984 ], [ -69.5813, 43.804 ], [ -69.5845, 43.8068 ], [ -69.5863, 43.8094 ], [ -69.5895, 43.8122 ], [ -69.5845, 43.8175 ], [ -69.5846, 43.8205 ], [ -69.5821, 43.8214 ], [ -69.5811, 43.8206 ], [ -69.5802, 43.8206 ], [ -69.5788, 43.8212 ], [ -69.5775, 43.8233 ], [ -69.5672, 43.8235 ], [ -69.5639, 43.8223 ], [ -69.5556, 43.8278 ], [ -69.5521, 43.8279 ], [ -69.5513, 43.8261 ], [ -69.5513, 43.8229 ], [ -69.5524, 43.8206 ], [ -69.5541, 43.8187 ], [ -69.5543, 43.8168 ], [ -69.5528, 43.8156 ], [ -69.5491, 43.8161 ], [ -69.5477, 43.8174 ], [ -69.5455, 43.8253 ], [ -69.5455, 43.8285 ], [ -69.5469, 43.8314 ], [ -69.545, 43.8352 ], [ -69.5458, 43.8484 ], [ -69.5437, 43.8519 ], [ -69.5455, 43.8551 ], [ -69.5449, 43.8571 ], [ -69.5439, 43.8587 ], [ -69.5436, 43.8612 ], [ -69.5445, 43.8651 ], [ -69.5453, 43.867 ], [ -69.5454, 43.8682 ], [ -69.5446, 43.8696 ], [ -69.5426, 43.871 ], [ -69.5425, 43.8704 ], [ -69.5379, 43.8719 ], [ -69.5372, 43.8694 ], [ -69.5371, 43.8662 ], [ -69.5361, 43.8646 ], [ -69.5339, 43.8635 ], [ -69.5325, 43.8639 ], [ -69.5314, 43.8652 ], [ -69.5317, 43.8697 ], [ -69.5303, 43.8711 ], [ -69.5282, 43.8714 ], [ -69.523, 43.871 ], [ -69.5222, 43.8701 ], [ -69.5222, 43.8683 ], [ -69.5237, 43.864 ], [ -69.5234, 43.8609 ], [ -69.5205, 43.8564 ], [ -69.5183, 43.8536 ], [ -69.5181, 43.8498 ], [ -69.517, 43.8466 ], [ -69.5154, 43.8438 ], [ -69.518, 43.8364 ], [ -69.5175, 43.835 ], [ -69.5165, 43.8338 ], [ -69.5164, 43.8299 ], [ -69.5149, 43.8294 ], [ -69.5123, 43.8305 ], [ -69.5103, 43.8321 ], [ -69.5067, 43.8329 ], [ -69.497, 43.8393 ], [ -69.4974, 43.8391 ], [ -69.4971, 43.8419 ], [ -69.4948, 43.8507 ], [ -69.4911, 43.8551 ], [ -69.4887, 43.8616 ], [ -69.486, 43.8637 ], [ -69.483, 43.8639 ], [ -69.4808, 43.8658 ], [ -69.4795, 43.8685 ], [ -69.4812, 43.8726 ], [ -69.4825, 43.8735 ], [ -69.4815, 43.8772 ], [ -69.4789, 43.8795 ], [ -69.4763, 43.8827 ], [ -69.4716, 43.8857 ], [ -69.4704, 43.8882 ], [ -69.4682, 43.8911 ], [ -69.4645, 43.8949 ], [ -69.4617, 43.8964 ], [ -69.458, 43.8998 ], [ -69.4573, 43.9042 ], [ -69.4514, 43.9061 ], [ -69.4516, 43.9029 ], [ -69.4509, 43.8974 ], [ -69.4491, 43.8919 ], [ -69.446, 43.8865 ], [ -69.439, 43.8796 ], [ -69.4301, 43.8771 ], [ -69.4202, 43.8751 ], [ -69.4132, 43.8723 ], [ -69.4037, 43.8698 ], [ -69.3981, 43.8689 ], [ -69.398, 43.8651 ], [ -69.3971, 43.862 ], [ -69.3929, 43.8563 ], [ -69.3881, 43.8518 ], [ -69.3836, 43.8482 ], [ -69.369, 43.8395 ], [ -69.3344, 43.8208 ], [ -69.325, 43.8164 ], [ -69.2779, 43.7959 ], [ -69.2335, 43.778 ], [ -69.2338, 43.7741 ], [ -69.2326, 43.7694 ], [ -69.2334, 43.7623 ], [ -69.2381, 43.7501 ], [ -69.2449, 43.7408 ], [ -69.2525, 43.7332 ], [ -69.262, 43.7254 ], [ -69.2829, 43.7138 ], [ -69.2979, 43.7077 ], [ -69.309, 43.705 ], [ -69.3235, 43.7037 ], [ -69.3351, 43.7045 ], [ -69.3459, 43.7072 ], [ -69.3564, 43.7109 ], [ -69.3689, 43.7185 ], [ -69.3844, 43.7318 ], [ -69.3876, 43.7361 ], [ -69.391, 43.7429 ], [ -69.3949, 43.7543 ], [ -69.3972, 43.7634 ], [ -69.3965, 43.7685 ], [ -69.397, 43.773 ], [ -69.3953, 43.7803 ], [ -69.3928, 43.7874 ], [ -69.3873, 43.799 ], [ -69.4006, 43.8045 ], [ -69.4093, 43.8108 ], [ -69.4594, 43.7963 ], [ -69.4699, 43.7939 ], [ -69.4804, 43.7882 ], [ -69.5016, 43.7797 ], [ -69.5058, 43.7785 ], [ -69.506, 43.7757 ], [ -69.5075, 43.7724 ], [ -69.5121, 43.7644 ], [ -69.5158, 43.761 ], [ -69.5142, 43.7501 ], [ -69.5157, 43.7414 ], [ -69.5191, 43.7321 ], [ -69.5245, 43.724 ], [ -69.5353, 43.7145 ], [ -69.5509, 43.7071 ], [ -69.5666, 43.7028 ], [ -69.5846, 43.702 ], [ -69.5967, 43.7033 ], [ -69.6078, 43.7004 ], [ -69.6173, 43.6998 ], [ -69.6315, 43.7009 ], [ -69.644, 43.7036 ], [ -69.6556, 43.7072 ], [ -69.6647, 43.7117 ], [ -69.6907, 43.7787 ], [ -69.6919, 43.781 ], [ -69.6936, 43.7866 ], [ -69.6957, 43.795 ], [ -69.6974, 43.8071 ], [ -69.6979, 43.8264 ], [ -69.6972, 43.8327 ] ], [ [ -69.3289, 43.761 ], [ -69.3273, 43.7608 ], [ -69.3252, 43.7616 ], [ -69.3241, 43.7617 ], [ -69.3236, 43.7611 ], [ -69.3245, 43.7598 ], [ -69.3249, 43.7566 ], [ -69.3231, 43.7554 ], [ -69.3203, 43.7546 ], [ -69.3155, 43.7552 ], [ -69.3123, 43.7559 ], [ -69.3114, 43.7576 ], [ -69.3093, 43.7596 ], [ -69.3076, 43.7603 ], [ -69.3063, 43.7615 ], [ -69.3027, 43.7657 ], [ -69.3013, 43.7666 ], [ -69.2989, 43.7693 ], [ -69.299, 43.7713 ], [ -69.3014, 43.775 ], [ -69.3046, 43.7758 ], [ -69.3065, 43.7757 ], [ -69.3089, 43.7746 ], [ -69.3127, 43.7741 ], [ -69.3158, 43.7719 ], [ -69.3166, 43.7691 ], [ -69.3181, 43.7683 ], [ -69.3193, 43.7683 ], [ -69.3218, 43.766 ], [ -69.3237, 43.7663 ], [ -69.3247, 43.7672 ], [ -69.3265, 43.767 ], [ -69.3273, 43.7665 ], [ -69.3293, 43.7639 ], [ -69.3289, 43.761 ] ] ] } },
{ "type": "Feature", "properties": { "GEOIDFQ": "1400000US23001010100", "NAME": "101", "NAMELSAD": "Census Tract 101" }, "geometry": { "type": "Polygon", "coordinates": [ [ [ -70.2315, 44.0899 ], [ -70.2305, 44.0911 ], [ -70.2315, 44.0959 ], [ -70.2307, 44.0992 ], [ -70.2286, 44.1013 ], [ -70.2266, 44.1022 ], [ -70.2272, 44.1004 ], [ -70.2224, 44.1014 ], [ -70.2226, 44.0983 ], [ -70.2239, 44.0956 ], [ -70.2243, 44.0939 ], [ -70.2239, 44.0918 ], [ -70.2221, 44.0899 ], [ -70.2228, 44.089 ], [ -70.2246, 44.0887 ], [ -70.2258, 44.088 ], [ -70.2265, 44.0884 ], [ -70.2271, 44.0899 ], [ -70.2279, 44.0899 ], [ -70.2286, 44.0896 ], [ -70.2284, 44.0884 ], [ -70.2297, 44.0864 ], [ -70.2303, 44.0845 ], [ -70.2321, 44.085 ], [ -70.2322, 44.0866 ], [ -70.2335, 44.0889 ], [ -70.2315, 44.0899 ] ] ] } },
{ "type": "Feature", "properties": { "GEOIDFQ": "1400000US23001010300", "NAME": "103", "NAMELSAD": "Census Tract 103" }, "geometry": { "type": "Polygon", "coordinates": [ [ [ -70.2382, 44.1064 ], [ -70.2358, 44.1055 ], [ -70.2338, 44.1034 ], [ -70.2328, 44.1043 ], [ -70.23, 44.1058 ], [ -70.2266, 44.1022 ], [ -70.229, 44.101 ], [ -70.231, 44.0987 ], [ -70.2315, 44.0957 ], [ -70.2305, 44.0911 ], [ -70.2315, 44.0899 ], [ -70.2335, 44.0889 ], [ -70.2393, 44.0939 ], [ -70.2384, 44.0946 ], [ -70.2405, 44.0965 ], [ -70.2365, 44.0987 ], [ -70.2416, 44.1028 ], [ -70.2382, 44.1064 ] ] ] } },
{ "type": "Feature", "properties": { "GEOIDFQ": "1400000US23001010400", "NAME": "104", "NAMELSAD": "Census Tract 104" }, "geometry": { "type": "Polygon", "coordinates": [ [ [ -70.2521, 44.0851 ], [ -70.25, 44.089 ], [ -70.2462, 44.092 ], [ -70.2448, 44.094 ], [ -70.2405, 44.0965 ], [ -70.2384, 44.0946 ], [ -70.2393, 44.0939 ], [ -70.2335, 44.0889 ], [ -70.2322, 44.0866 ], [ -70.2321, 44.085 ], [ -70.2303, 44.0845 ], [ -70.2316, 44.0828 ], [ -70.2334, 44.0812 ], [ -70.2357, 44.0777 ], [ -70.2363, 44.0781 ], [ -70.2366, 44.0789 ], [ -70.2374, 44.0792 ], [ -70.2386, 44.0786 ], [ -70.2406, 44.079 ], [ -70.2413, 44.0783 ], [ -70.2425, 44.0782 ], [ -70.2437, 44.0775 ], [ -70.2439, 44.0782 ], [ -70.2443, 44.0784 ], [ -70.2442, 44.0796 ], [ -70.2448, 44.0794 ], [ -70.2452, 44.0797 ], [ -70.2477, 44.0768 ], [ -70.2551, 44.0829 ], [ -70.2521, 44.0851 ] ] ] } },
{ "type": "Feature", "properties": { "GEOIDFQ": "1400000US23013970401", "NAME": "9704.01", "NAMELSAD": "Census Tract 9704.01" }, "geometry": { "type": "Polygon", "coordinates": [ [ [ -69.1854, 44.191 ], [ -69.1744, 44.183 ], [ -69.1762, 44.1816 ], [ -69.1663, 44.1744 ], [ -69.1647, 44.1755 ], [ -69.1605, 44.1726 ], [ -69.1934, 44.1136 ], [ -69.1931, 44.1131 ], [ -69.1939, 44.1129 ], [ -69.1934, 44.1114 ], [ -69.1955, 44.1082 ], [ -69.1954, 44.1069 ], [ -69.1967, 44.1071 ], [ -69.1973, 44.1069 ], [ -69.1977, 44.1057 ], [ -69.1975, 44.1041 ], [ -69.1997, 44.1037 ], [ -69.1996, 44.1005 ], [ -69.2001, 44.0994 ], [ -69.2028, 44.0992 ], [ -69.2033, 44.098 ], [ -69.2047, 44.0976 ], [ -69.2046, 44.0967 ], [ -69.2076, 44.0944 ], [ -69.2083, 44.0932 ], [ -69.2102, 44.0912 ], [ -69.2102, 44.0907 ], [ -69.2095, 44.0904 ], [ -69.209, 44.0875 ], [ -69.2074, 44.0858 ], [ -69.2076, 44.0847 ], [ -69.2096, 44.0838 ], [ -69.2116, 44.0848 ], [ -69.2139, 44.0847 ], [ -69.2146, 44.0838 ], [ -69.2144, 44.0804 ], [ -69.216, 44.0803 ], [ -69.2191, 44.079 ], [ -69.219, 44.0783 ], [ -69.2176, 44.077 ], [ -69.2136, 44.0744 ], [ -69.2131, 44.0718 ], [ -69.2113, 44.0691 ], [ -69.2059, 44.0659 ], [ -69.2495, 44.0594 ], [ -69.2581, 44.0585 ], [ -69.2592, 44.0581 ], [ -69.2822, 44.0548 ], [ -69.282, 44.0645 ], [ -69.3037, 44.0964 ], [ -69.3061, 44.0941 ], [ -69.3071, 44.0943 ], [ -69.3076, 44.0953 ], [ -69.3115, 44.0955 ], [ -69.3037, 44.1327 ], [ -69.3215, 44.1729 ], [ -69.1854, 44.191 ] ] ] } },
{ "type": "Feature", "properties": { "GEOIDFQ": "1400000US23013970302", "NAME": "9703.02", "NAMELSAD": "Census Tract 9703.02" }, "geometry": { "type": "Polygon", "coordinates": [ [ [ -69.437, 44.3245 ], [ -69.4164, 44.3213 ], [ -69.4046, 44.3329 ], [ -69.4091, 44.3364 ], [ -69.4023, 44.3431 ], [ -69.3968, 44.3406 ], [ -69.3944, 44.3429 ], [ -69.1854, 44.191 ], [ -69.3215, 44.1729 ], [ -69.3377, 44.2094 ], [ -69.3722, 44.2054 ], [ -69.406, 44.2107 ], [ -69.4036, 44.2191 ], [ -69.4328, 44.2267 ], [ -69.4495, 44.2623 ], [ -69.4407, 44.2844 ], [ -69.4513, 44.314 ], [ -69.437, 44.3245 ] ] ] } },
{ "type": "Feature", "properties": { "GEOIDFQ": "1400000US23013970301", "NAME": "9703.01", "NAMELSAD": "Census Tract 9703.01" }, "geometry": { "type": "Polygon", "coordinates": [ [ [ -69.2689, 44.3647 ], [ -69.2442, 44.3469 ], [ -69.1216, 44.2556 ], [ -69.1319, 44.2486 ], [ -69.1645, 44.2234 ], [ -69.1966, 44.1992 ], [ -69.3426, 44.3054 ], [ -69.3466, 44.3083 ], [ -69.2689, 44.3647 ] ] ] } },
{ "type": "Feature", "properties": { "GEOIDFQ": "1400000US23013970402", "NAME": "9704.02", "NAMELSAD": "Census Tract 9704.02" }, "geometry": { "type": "Polygon", "coordinates": [ [ [ -69.216, 44.0803 ], [ -69.2144, 44.0804 ], [ -69.2146, 44.0838 ], [ -69.2139, 44.0847 ], [ -69.2116, 44.0848 ], [ -69.2096, 44.0838 ], [ -69.2076, 44.0847 ], [ -69.2074, 44.0858 ], [ -69.209, 44.0875 ], [ -69.2095, 44.0904 ], [ -69.2102, 44.0907 ], [ -69.2102, 44.0912 ], [ -69.2083, 44.0932 ], [ -69.2076, 44.0944 ], [ -69.2046, 44.0967 ], [ -69.2047, 44.0976 ], [ -69.2033, 44.098 ], [ -69.2028, 44.0992 ], [ -69.2001, 44.0994 ], [ -69.1996, 44.1005 ], [ -69.1997, 44.1037 ], [ -69.1975, 44.1041 ], [ -69.1977, 44.1057 ], [ -69.1973, 44.1069 ], [ -69.1967, 44.1071 ], [ -69.1954, 44.1069 ], [ -69.1955, 44.1082 ], [ -69.1934, 44.1114 ], [ -69.1939, 44.1129 ], [ -69.1931, 44.1131 ], [ -69.1934, 44.1136 ], [ -69.1853, 44.1277 ], [ -69.1516, 44.1193 ], [ -69.1541, 44.1179 ], [ -69.1548, 44.1162 ], [ -69.1572, 44.1142 ], [ -69.1413, 44.1094 ], [ -69.1415, 44.1086 ], [ -69.1421, 44.1084 ], [ -69.1421, 44.1074 ], [ -69.1425, 44.1076 ], [ -69.1431, 44.1073 ], [ -69.143, 44.107 ], [ -69.1437, 44.1066 ], [ -69.1436, 44.1059 ], [ -69.1441, 44.1058 ], [ -69.1448, 44.1049 ], [ -69.1454, 44.1051 ], [ -69.1454, 44.1047 ], [ -69.1462, 44.1043 ], [ -69.1459, 44.104 ], [ -69.1465, 44.103 ], [ -69.1479, 44.1027 ], [ -69.1425, 44.1007 ], [ -69.1404, 44.1037 ], [ -69.1348, 44.1004 ], [ -69.1323, 44.0984 ], [ -69.1324, 44.0964 ], [ -69.1343, 44.0944 ], [ -69.1333, 44.0906 ], [ -69.1338, 44.0904 ], [ -69.1307, 44.0857 ], [ -69.1289, 44.0872 ], [ -69.1289, 44.0861 ], [ -69.1307, 44.0846 ], [ -69.1314, 44.0845 ], [ -69.1318, 44.084 ], [ -69.1325, 44.0843 ], [ -69.1334, 44.0837 ], [ -69.1332, 44.0832 ], [ -69.134, 44.0827 ], [ -69.1334, 44.0823 ], [ -69.1342, 44.0823 ], [ -69.1345, 44.0818 ], [ -69.1337, 44.0815 ], [ -69.1343, 44.0812 ], [ -69.1349, 44.0816 ], [ -69.1356, 44.0809 ], [ -69.1353, 44.0806 ], [ -69.1371, 44.0793 ], [ -69.1378, 44.0794 ], [ -69.1391, 44.0782 ], [ -69.1408, 44.078 ], [ -69.1414, 44.0787 ], [ -69.1725, 44.0743 ], [ -69.1717, 44.0732 ], [ -69.1718, 44.0719 ], [ -69.1703, 44.0711 ], [ -69.1706, 44.0701 ], [ -69.1732, 44.0685 ], [ -69.1753, 44.068 ], [ -69.1816, 44.0655 ], [ -69.1835, 44.0642 ], [ -69.1848, 44.0625 ], [ -69.1943, 44.064 ], [ -69.1952, 44.063 ], [ -69.2001, 44.0637 ], [ -69.1991, 44.0647 ], [ -69.2059, 44.0659 ], [ -69.2113, 44.0691 ], [ -69.2131, 44.0718 ], [ -69.2136, 44.0744 ], [ -69.2176, 44.077 ], [ -69.219, 44.0783 ], [ -69.2191, 44.079 ], [ -69.216, 44.0803 ] ] ] } },
{ "type": "Feature", "properties": { "GEOIDFQ": "1400000US23017966402", "NAME": "9664.02", "NAMELSAD": "Census Tract 9664.02" }, "geometry": { "type": "Polygon", "coordinates": [ [ [ -70.5241, 44.2002 ], [ -70.5126, 44.1794 ], [ -70.5074, 44.1815 ], [ -70.5035, 44.1754 ], [ -70.4411, 44.2006 ], [ -70.4394, 44.2006 ], [ -70.4378, 44.2001 ], [ -70.4347, 44.1973 ], [ -70.4341, 44.1971 ], [ -70.4332, 44.1976 ], [ -70.4327, 44.1976 ], [ -70.4308, 44.1961 ], [ -70.429, 44.1953 ], [ -70.4284, 44.1945 ], [ -70.4262, 44.1937 ], [ -70.4257, 44.1926 ], [ -70.4251, 44.1927 ], [ -70.4244, 44.1922 ], [ -70.4238, 44.1913 ], [ -70.4254, 44.1902 ], [ -70.4254, 44.1899 ], [ -70.4277, 44.1891 ], [ -70.428, 44.1881 ], [ -70.4279, 44.187 ], [ -70.4268, 44.186 ], [ -70.4267, 44.1848 ], [ -70.4256, 44.1835 ], [ -70.4249, 44.1835 ], [ -70.4238, 44.1828 ], [ -70.422, 44.1828 ], [ -70.4194, 44.1806 ], [ -70.4179, 44.1809 ], [ -70.4163, 44.1806 ], [ -70.4145, 44.1781 ], [ -70.4127, 44.1739 ], [ -70.4095, 44.1726 ], [ -70.4034, 44.1711 ], [ -70.3997, 44.1681 ], [ -70.3992, 44.1657 ], [ -70.3995, 44.1643 ], [ -70.4004, 44.1636 ], [ -70.4, 44.1629 ], [ -70.3988, 44.1628 ], [ -70.3993, 44.1623 ], [ -70.3994, 44.1612 ], [ -70.398, 44.1608 ], [ -70.3975, 44.1603 ], [ -70.3978, 44.1596 ], [ -70.3967, 44.1588 ], [ -70.3969, 44.1574 ], [ -70.3958, 44.1548 ], [ -70.394, 44.1545 ], [ -70.3932, 44.1535 ], [ -70.3919, 44.1539 ], [ -70.3917, 44.1536 ], [ -70.4207, 44.125 ], [ -70.4374, 44.1079 ], [ -70.4597, 44.0863 ], [ -70.4617, 44.0917 ], [ -70.4714, 44.1071 ], [ -70.4761, 44.1099 ], [ -70.4857, 44.1176 ], [ -70.4883, 44.1231 ], [ -70.4931, 44.1312 ], [ -70.4903, 44.1364 ], [ -70.4882, 44.1388 ], [ -70.491, 44.1443 ], [ -70.4928, 44.15 ], [ -70.4992, 44.1578 ], [ -70.4989, 44.1635 ], [ -70.5017, 44.1659 ], [ -70.507, 44.169 ], [ -70.5141, 44.1768 ], [ -70.5152, 44.1786 ], [ -70.5161, 44.1817 ], [ -70.5186, 44.1861 ], [ -70.5229, 44.1915 ], [ -70.5273, 44.198 ], [ -70.5241, 44.2002 ] ] ] } },
{ "type": "Feature", "properties": { "GEOIDFQ": "1400000US23017966002", "NAME": "9660.02", "NAMELSAD": "Census Tract 9660.02" }, "geometry": { "type": "Polygon", "coordinates": [ [ [ -70.8677, 44.3883 ], [ -70.8386, 44.3513 ], [ -70.7627, 44.3822 ], [ -70.6856, 44.2805 ], [ -70.745, 44.2487 ], [ -70.7492, 44.253 ], [ -70.7532, 44.2501 ], [ -70.7565, 44.2483 ], [ -70.7648, 44.245 ], [ -70.7666, 44.2432 ], [ -70.7854, 44.2336 ], [ -70.7815, 44.2295 ], [ -70.8039, 44.2186 ], [ -70.8004, 44.2145 ], [ -70.8158, 44.2064 ], [ -70.8637, 44.2614 ], [ -70.9132, 44.2387 ], [ -70.9709, 44.2145 ], [ -70.9646, 44.2113 ], [ -70.9603, 44.201 ], [ -70.948, 44.187 ], [ -70.9442, 44.1854 ], [ -70.9404, 44.1713 ], [ -70.9374, 44.1659 ], [ -70.9367, 44.1638 ], [ -70.9372, 44.1636 ], [ -70.9377, 44.1617 ], [ -70.9371, 44.1569 ], [ -70.9452, 44.1378 ], [ -70.9655, 44.1475 ], [ -71.0022, 44.1106 ], [ -71.0047, 44.1642 ], [ -71.0057, 44.2027 ], [ -71.0074, 44.2262 ], [ -71.01, 44.2847 ], [ -71.0113, 44.302 ], [ -71.0129, 44.3409 ], [ -71.0151, 44.3714 ], [ -70.8677, 44.3883 ] ] ] } },
{ "type": "Feature", "properties": { "GEOIDFQ": "1400000US23017966401", "NAME": "9664.01", "NAMELSAD": "Census Tract 9664.01" }, "geometry": { "type": "Polygon", "coordinates": [ [ [ -70.614, 44.063 ], [ -70.6124, 44.063 ], [ -70.6118, 44.0651 ], [ -70.612, 44.0657 ], [ -70.6135, 44.0666 ], [ -70.6122, 44.067 ], [ -70.6104, 44.0669 ], [ -70.6089, 44.0677 ], [ -70.6089, 44.0694 ], [ -70.6103, 44.0704 ], [ -70.6117, 44.0704 ], [ -70.6119, 44.0706 ], [ -70.6107, 44.072 ], [ -70.6094, 44.0721 ], [ -70.61, 44.0728 ], [ -70.6082, 44.0742 ], [ -70.6087, 44.0746 ], [ -70.6089, 44.0754 ], [ -70.608, 44.0761 ], [ -70.6089, 44.0768 ], [ -70.6091, 44.079 ], [ -70.6059, 44.0817 ], [ -70.6056, 44.0825 ], [ -70.6058, 44.084 ], [ -70.6046, 44.0859 ], [ -70.6044, 44.0871 ], [ -70.603, 44.0888 ], [ -70.6038, 44.0895 ], [ -70.6053, 44.0892 ], [ -70.6056, 44.0895 ], [ -70.6047, 44.0919 ], [ -70.6054, 44.0946 ], [ -70.6067, 44.0957 ], [ -70.6052, 44.0959 ], [ -70.6042, 44.0969 ], [ -70.6041, 44.0976 ], [ -70.6043, 44.0984 ], [ -70.6058, 44.0987 ], [ -70.6062, 44.0991 ], [ -70.6062, 44.1013 ], [ -70.6043, 44.1037 ], [ -70.6027, 44.1045 ], [ -70.6022, 44.1076 ], [ -70.5995, 44.1105 ], [ -70.5989, 44.112 ], [ -70.5958, 44.1144 ], [ -70.5943, 44.1168 ], [ -70.5915, 44.1184 ], [ -70.5907, 44.1206 ], [ -70.5892, 44.1224 ], [ -70.5877, 44.1222 ], [ -70.5873, 44.1228 ], [ -70.5873, 44.1243 ], [ -70.5878, 44.1244 ], [ -70.5884, 44.1238 ], [ -70.5888, 44.1249 ], [ -70.5901, 44.1261 ], [ -70.592, 44.129 ], [ -70.5917, 44.1293 ], [ -70.591, 44.1291 ], [ -70.5906, 44.1294 ], [ -70.591, 44.1304 ], [ -70.59, 44.133 ], [ -70.5914, 44.1335 ], [ -70.592, 44.1333 ], [ -70.5923, 44.1335 ], [ -70.5922, 44.1346 ], [ -70.5936, 44.135 ], [ -70.594, 44.136 ], [ -70.5955, 44.1374 ], [ -70.5953, 44.138 ], [ -70.5942, 44.1386 ], [ -70.596, 44.1415 ], [ -70.5958, 44.1419 ], [ -70.5945, 44.1429 ], [ -70.5951, 44.1448 ], [ -70.5962, 44.1445 ], [ -70.5978, 44.1426 ], [ -70.5984, 44.1427 ], [ -70.5989, 44.1443 ], [ -70.5965, 44.1455 ], [ -70.5987, 44.1498 ], [ -70.5992, 44.15 ], [ -70.6001, 44.1493 ], [ -70.6004, 44.1495 ], [ -70.6015, 44.1524 ], [ -70.6021, 44.153 ], [ -70.604, 44.1536 ], [ -70.6044, 44.1541 ], [ -70.6057, 44.1539 ], [ -70.6074, 44.1544 ], [ -70.5932, 44.1613 ], [ -70.5882, 44.1564 ], [ -70.5673, 44.1686 ], [ -70.5273, 44.198 ], [ -70.5229, 44.1915 ], [ -70.5186, 44.1861 ], [ -70.5161, 44.1817 ], [ -70.5152, 44.1786 ], [ -70.5141, 44.1768 ], [ -70.507, 44.169 ], [ -70.5017, 44.1659 ], [ -70.4989, 44.1635 ], [ -70.4992, 44.1578 ], [ -70.4928, 44.15 ], [ -70.491, 44.1443 ], [ -70.4882, 44.1388 ], [ -70.4903, 44.1364 ], [ -70.4931, 44.1312 ], [ -70.4883, 44.1231 ], [ -70.4857, 44.1176 ], [ -70.4761, 44.1099 ], [ -70.4714, 44.1071 ], [ -70.4617, 44.0917 ], [ -70.4597, 44.0863 ], [ -70.4721, 44.0734 ], [ -70.4853, 44.0604 ], [ -70.4838, 44.059 ], [ -70.4801, 44.0567 ], [ -70.4791, 44.0554 ], [ -70.4801, 44.0485 ], [ -70.4815, 44.0437 ], [ -70.4806, 44.0393 ], [ -70.4784, 44.0354 ], [ -70.4788, 44.0341 ], [ -70.4801, 44.0321 ], [ -70.5024, 44.0426 ], [ -70.5052, 44.0396 ], [ -70.509, 44.0415 ], [ -70.5441, 44.0056 ], [ -70.5548, 44.0173 ], [ -70.5559, 44.0163 ], [ -70.5639, 44.025 ], [ -70.5724, 44.0163 ], [ -70.5729, 44.0164 ], [ -70.574, 44.0156 ], [ -70.5755, 44.0159 ], [ -70.5756, 44.0166 ], [ -70.5771, 44.0166 ], [ -70.5787, 44.017 ], [ -70.5799, 44.0179 ], [ -70.5812, 44.0179 ], [ -70.5817, 44.0188 ], [ -70.5826, 44.0187 ], [ -70.5827, 44.0194 ], [ -70.5837, 44.0199 ], [ -70.5848, 44.0213 ], [ -70.584, 44.0219 ], [ -70.583, 44.0217 ], [ -70.5819, 44.0219 ], [ -70.5816, 44.0223 ], [ -70.5836, 44.023 ], [ -70.5883, 44.0256 ], [ -70.5883, 44.0263 ], [ -70.5891, 44.0263 ], [ -70.5898, 44.0269 ], [ -70.5898, 44.0284 ], [ -70.5905, 44.0277 ], [ -70.591, 44.0277 ], [ -70.5909, 44.0302 ], [ -70.5912, 44.0303 ], [ -70.5919, 44.0294 ], [ -70.5925, 44.0295 ], [ -70.5929, 44.0303 ], [ -70.5947, 44.0309 ], [ -70.5945, 44.0312 ], [ -70.5929, 44.0311 ], [ -70.5935, 44.0319 ], [ -70.5946, 44.0321 ], [ -70.5954, 44.0319 ], [ -70.5963, 44.0326 ], [ -70.5961, 44.033 ], [ -70.5952, 44.0327 ], [ -70.5946, 44.0328 ], [ -70.5946, 44.0332 ], [ -70.5957, 44.0335 ], [ -70.594, 44.034 ], [ -70.5927, 44.0352 ], [ -70.5934, 44.0354 ], [ -70.5941, 44.035 ], [ -70.5956, 44.0358 ], [ -70.5969, 44.0371 ], [ -70.5971, 44.0381 ], [ -70.5986, 44.0386 ], [ -70.5977, 44.0389 ], [ -70.5975, 44.0394 ], [ -70.5981, 44.0395 ], [ -70.5986, 44.0392 ], [ -70.5995, 44.04 ], [ -70.6006, 44.0398 ], [ -70.6005, 44.0403 ], [ -70.6039, 44.0416 ], [ -70.6037, 44.0425 ], [ -70.6023, 44.0431 ], [ -70.6022, 44.0435 ], [ -70.603, 44.0445 ], [ -70.6045, 44.0445 ], [ -70.6035, 44.0453 ], [ -70.6047, 44.0456 ], [ -70.6048, 44.0459 ], [ -70.6036, 44.0464 ], [ -70.6043, 44.047 ], [ -70.6044, 44.0484 ], [ -70.6037, 44.0502 ], [ -70.605, 44.0502 ], [ -70.6067, 44.0507 ], [ -70.6079, 44.0519 ], [ -70.6079, 44.0529 ], [ -70.607, 44.0536 ], [ -70.6093, 44.0549 ], [ -70.6092, 44.0587 ], [ -70.6105, 44.061 ], [ -70.6141, 44.062 ], [ -70.614, 44.063 ] ] ] } },
{ "type": "Feature", "properties": { "GEOIDFQ": "1400000US23017966001", "NAME": "9660.01", "NAMELSAD": "Census Tract 9660.01" }, "geometry": { "type": "Polygon", "coordinates": [ [ [ -70.6406, 44.4311 ], [ -70.6369, 44.4266 ], [ -70.6236, 44.4323 ], [ -70.6205, 44.4283 ], [ -70.6241, 44.4268 ], [ -70.6213, 44.4229 ], [ -70.5308, 44.4621 ], [ -70.5234, 44.4362 ], [ -70.5211, 44.4262 ], [ -70.5252, 44.4243 ], [ -70.519, 44.4094 ], [ -70.5162, 44.397 ], [ -70.5145, 44.3858 ], [ -70.506, 44.3708 ], [ -70.5086, 44.3695 ], [ -70.513, 44.3768 ], [ -70.5252, 44.3712 ], [ -70.5219, 44.3634 ], [ -70.5557, 44.3476 ], [ -70.5624, 44.3447 ], [ -70.573, 44.3393 ], [ -70.5696, 44.3334 ], [ -70.5751, 44.331 ], [ -70.5773, 44.332 ], [ -70.5797, 44.3325 ], [ -70.5823, 44.3322 ], [ -70.5838, 44.3338 ], [ -70.5853, 44.334 ], [ -70.591, 44.3314 ], [ -70.5873, 44.3262 ], [ -70.591, 44.3247 ], [ -70.5948, 44.3297 ], [ -70.6029, 44.3259 ], [ -70.5808, 44.2948 ], [ -70.6397, 44.2767 ], [ -70.6455, 44.2802 ], [ -70.6721, 44.2667 ], [ -70.6856, 44.2805 ], [ -70.7627, 44.3822 ], [ -70.6406, 44.4311 ] ] ] } },
{ "type": "Feature", "properties": { "GEOIDFQ": "1400000US23031020002", "NAME": "200.02", "NAMELSAD": "Census Tract 200.02" }, "geometry": { "type": "Polygon", "coordinates": [ [ [ -70.6121, 43.6871 ], [ -70.6056, 43.6877 ], [ -70.5953, 43.6972 ], [ -70.5774, 43.6872 ], [ -70.55, 43.7158 ], [ -70.4765, 43.6577 ], [ -70.4577, 43.6424 ], [ -70.479, 43.6208 ], [ -70.5054, 43.6334 ], [ -70.5072, 43.6339 ], [ -70.511, 43.6341 ], [ -70.5148, 43.6354 ], [ -70.5598, 43.6578 ], [ -70.5667, 43.6518 ], [ -70.5845, 43.6474 ], [ -70.5938, 43.6425 ], [ -70.5946, 43.6417 ], [ -70.5963, 43.6447 ], [ -70.5962, 43.6481 ], [ -70.5971, 43.6565 ], [ -70.5984, 43.661 ], [ -70.6002, 43.6637 ], [ -70.6029, 43.6661 ], [ -70.6046, 43.6699 ], [ -70.6073, 43.6728 ], [ -70.6072, 43.6742 ], [ -70.6059, 43.676 ], [ -70.6071, 43.68 ], [ -70.6081, 43.6811 ], [ -70.6116, 43.683 ], [ -70.6128, 43.6858 ], [ -70.6121, 43.6871 ] ] ] } },
{ "type": "Feature", "properties": { "GEOIDFQ": "1400000US23031024002", "NAME": "240.02", "NAMELSAD": "Census Tract 240.02" }, "geometry": { "type": "Polygon", "coordinates": [ [ [ -70.7611, 43.6016 ], [ -70.7616, 43.6035 ], [ -70.7605, 43.6057 ], [ -70.7608, 43.6082 ], [ -70.7603, 43.6105 ], [ -70.7608, 43.6119 ], [ -70.7601, 43.6127 ], [ -70.7578, 43.6137 ], [ -70.7537, 43.6179 ], [ -70.7508, 43.6173 ], [ -70.7447, 43.6174 ], [ -70.7392, 43.6196 ], [ -70.7346, 43.6205 ], [ -70.73, 43.6245 ], [ -70.7255, 43.6248 ], [ -70.7226, 43.6256 ], [ -70.7215, 43.627 ], [ -70.7212, 43.6288 ], [ -70.7202, 43.6304 ], [ -70.7178, 43.6316 ], [ -70.7136, 43.635 ], [ -70.7124, 43.6373 ], [ -70.7138, 43.6377 ], [ -70.7145, 43.6384 ], [ -70.7166, 43.6415 ], [ -70.7164, 43.6548 ], [ -70.7177, 43.6553 ], [ -70.7187, 43.6566 ], [ -70.7199, 43.6623 ], [ -70.7218, 43.6654 ], [ -70.7157, 43.666 ], [ -70.7134, 43.6653 ], [ -70.7117, 43.6656 ], [ -70.7036, 43.6686 ], [ -70.7003, 43.6704 ], [ -70.6963, 43.6711 ], [ -70.6959, 43.6718 ], [ -70.6968, 43.6728 ], [ -70.6967, 43.6733 ], [ -70.6936, 43.6739 ], [ -70.6923, 43.6745 ], [ -70.6735, 43.634 ], [ -70.6478, 43.5825 ], [ -70.7176, 43.5122 ], [ -70.7293, 43.518 ], [ -70.728, 43.5205 ], [ -70.7282, 43.5221 ], [ -70.7313, 43.5266 ], [ -70.7312, 43.5287 ], [ -70.7323, 43.5319 ], [ -70.7356, 43.5373 ], [ -70.7354, 43.5381 ], [ -70.7346, 43.5382 ], [ -70.733, 43.5399 ], [ -70.733, 43.5415 ], [ -70.7345, 43.5436 ], [ -70.735, 43.5463 ], [ -70.7387, 43.5524 ], [ -70.741, 43.5537 ], [ -70.743, 43.5562 ], [ -70.7454, 43.5575 ], [ -70.7474, 43.5607 ], [ -70.7507, 43.5632 ], [ -70.7522, 43.5652 ], [ -70.7542, 43.5671 ], [ -70.755, 43.5692 ], [ -70.7577, 43.5722 ], [ -70.7579, 43.5742 ], [ -70.7573, 43.5762 ], [ -70.7578, 43.5783 ], [ -70.7548, 43.5824 ], [ -70.7544, 43.5835 ], [ -70.757, 43.5891 ], [ -70.7577, 43.5925 ], [ -70.7621, 43.5966 ], [ -70.7633, 43.5992 ], [ -70.7611, 43.6016 ] ] ] } },
{ "type": "Feature", "properties": { "GEOIDFQ": "1400000US23031032002", "NAME": "320.02", "NAMELSAD": "Census Tract 320.02" }, "geometry": { "type": "Polygon", "coordinates": [ [ [ -70.8572, 43.3724 ], [ -70.8484, 43.3634 ], [ -70.7861, 43.2956 ], [ -70.7604, 43.2698 ], [ -70.8018, 43.2425 ], [ -70.808, 43.245 ], [ -70.8135, 43.2397 ], [ -70.8176, 43.2377 ], [ -70.8183, 43.2384 ], [ -70.8233, 43.24 ], [ -70.8243, 43.2418 ], [ -70.8265, 43.2426 ], [ -70.8274, 43.2434 ], [ -70.8348, 43.2432 ], [ -70.8372, 43.2423 ], [ -70.8379, 43.2424 ], [ -70.8388, 43.2434 ], [ -70.8389, 43.2445 ], [ -70.8381, 43.246 ], [ -70.8384, 43.2472 ], [ -70.8391, 43.2477 ], [ -70.8407, 43.2477 ], [ -70.8411, 43.2481 ], [ -70.8408, 43.2495 ], [ -70.8395, 43.2511 ], [ -70.8408, 43.2526 ], [ -70.8431, 43.2544 ], [ -70.8489, 43.2555 ], [ -70.8521, 43.2567 ], [ -70.8531, 43.2565 ], [ -70.8551, 43.2551 ], [ -70.8575, 43.2558 ], [ -70.8597, 43.2577 ], [ -70.8599, 43.2599 ], [ -70.861, 43.2629 ], [ -70.8622, 43.2638 ], [ -70.8626, 43.2646 ], [ -70.8638, 43.2652 ], [ -70.8636, 43.2659 ], [ -70.8614, 43.265 ], [ -70.8598, 43.2651 ], [ -70.8578, 43.2662 ], [ -70.8385, 43.2593 ], [ -70.8378, 43.2605 ], [ -70.8341, 43.2614 ], [ -70.8341, 43.2623 ], [ -70.8371, 43.2656 ], [ -70.8366, 43.2665 ], [ -70.8347, 43.267 ], [ -70.8349, 43.2684 ], [ -70.8357, 43.2692 ], [ -70.8344, 43.2719 ], [ -70.8353, 43.2729 ], [ -70.835, 43.2735 ], [ -70.8355, 43.2747 ], [ -70.8352, 43.2751 ], [ -70.8344, 43.2751 ], [ -70.8346, 43.2764 ], [ -70.8343, 43.2768 ], [ -70.8326, 43.2774 ], [ -70.8321, 43.2779 ], [ -70.8328, 43.2799 ], [ -70.8328, 43.281 ], [ -70.831, 43.2815 ], [ -70.8308, 43.2822 ], [ -70.8296, 43.2826 ], [ -70.8287, 43.2837 ], [ -70.8298, 43.2851 ], [ -70.8305, 43.2854 ], [ -70.8305, 43.2862 ], [ -70.8314, 43.2862 ], [ -70.8317, 43.2869 ], [ -70.8334, 43.2882 ], [ -70.836, 43.2895 ], [ -70.837, 43.2912 ], [ -70.8373, 43.2937 ], [ -70.8393, 43.2954 ], [ -70.842, 43.2988 ], [ -70.8449, 43.3008 ], [ -70.8444, 43.3013 ], [ -70.852, 43.3067 ], [ -70.8574, 43.3086 ], [ -70.8632, 43.3134 ], [ -70.8637, 43.3155 ], [ -70.865, 43.318 ], [ -70.8647, 43.3189 ], [ -70.8654, 43.3207 ], [ -70.8635, 43.3361 ], [ -70.8641, 43.3381 ], [ -70.8653, 43.3394 ], [ -70.8646, 43.343 ], [ -70.8677, 43.3523 ], [ -70.871, 43.3579 ], [ -70.872, 43.3621 ], [ -70.8572, 43.3724 ] ] ] } },
{ "type": "Feature", "properties": { "GEOIDFQ": "1400000US23031036004", "NAME": "360.04", "NAMELSAD": "Census Tract 360.04" }, "geometry": { "type": "Polygon", "coordinates": [ [ [ -70.6716, 43.1493 ], [ -70.6643, 43.1512 ], [ -70.6428, 43.1652 ], [ -70.637, 43.1736 ], [ -70.6343, 43.1761 ], [ -70.6279, 43.1802 ], [ -70.621, 43.1877 ], [ -70.6197, 43.1918 ], [ -70.6209, 43.194 ], [ -70.6186, 43.1935 ], [ -70.6169, 43.1938 ], [ -70.6147, 43.1933 ], [ -70.6148, 43.1927 ], [ -70.6125, 43.1914 ], [ -70.608, 43.1895 ], [ -70.6028, 43.188 ], [ -70.6013, 43.1855 ], [ -70.5992, 43.1837 ], [ -70.5964, 43.1821 ], [ -70.5969, 43.1805 ], [ -70.5958, 43.178 ], [ -70.5904, 43.1724 ], [ -70.5859, 43.1662 ], [ -70.5861, 43.1644 ], [ -70.5878, 43.1626 ], [ -70.5901, 43.1613 ], [ -70.5932, 43.1606 ], [ -70.5984, 43.161 ], [ -70.6034, 43.1618 ], [ -70.6074, 43.162 ], [ -70.6104, 43.1612 ], [ -70.6131, 43.1591 ], [ -70.6224, 43.1619 ], [ -70.6263, 43.164 ], [ -70.6307, 43.1585 ], [ -70.6329, 43.1564 ], [ -70.6347, 43.1555 ], [ -70.6367, 43.1535 ], [ -70.6376, 43.1516 ], [ -70.6402, 43.1497 ], [ -70.6478, 43.1451 ], [ -70.6497, 43.1445 ], [ -70.6504, 43.1438 ], [ -70.6516, 43.1441 ], [ -70.6523, 43.1435 ], [ -70.6531, 43.1434 ], [ -70.6567, 43.1394 ], [ -70.6566, 43.1371 ], [ -70.6603, 43.1368 ], [ -70.6607, 43.136 ], [ -70.6653, 43.1367 ], [ -70.673, 43.1359 ], [ -70.6743, 43.1359 ], [ -70.6755, 43.1364 ], [ -70.6763, 43.1372 ], [ -70.6768, 43.1403 ], [ -70.6788, 43.1425 ], [ -70.6803, 43.1428 ], [ -70.6809, 43.1452 ], [ -70.6716, 43.1493 ] ] ] } },
{ "type": "Feature", "properties": { "GEOIDFQ": "1400000US23031036003", "NAME": "360.03", "NAMELSAD": "Census Tract 360.03" }, "geometry": { "type": "Polygon", "coordinates": [ [ [ -70.6993, 43.1366 ], [ -70.6949, 43.1402 ], [ -70.6918, 43.1415 ], [ -70.6859, 43.143 ], [ -70.6809, 43.1452 ], [ -70.6803, 43.1428 ], [ -70.6788, 43.1425 ], [ -70.6768, 43.1403 ], [ -70.6763, 43.1372 ], [ -70.6755, 43.1364 ], [ -70.6743, 43.1359 ], [ -70.6653, 43.1367 ], [ -70.6607, 43.136 ], [ -70.6603, 43.1368 ], [ -70.6568, 43.137 ], [ -70.6566, 43.1395 ], [ -70.6531, 43.1434 ], [ -70.6523, 43.1435 ], [ -70.6516, 43.1441 ], [ -70.6504, 43.1438 ], [ -70.6497, 43.1445 ], [ -70.648, 43.145 ], [ -70.6402, 43.1497 ], [ -70.6373, 43.1519 ], [ -70.6367, 43.1535 ], [ -70.635, 43.1553 ], [ -70.6329, 43.1564 ], [ -70.6307, 43.1585 ], [ -70.6263, 43.164 ], [ -70.6224, 43.1619 ], [ -70.6131, 43.1591 ], [ -70.6146, 43.157 ], [ -70.6172, 43.1489 ], [ -70.6178, 43.145 ], [ -70.6169, 43.1359 ], [ -70.6182, 43.1321 ], [ -70.6245, 43.1202 ], [ -70.6442, 43.1004 ], [ -70.6468, 43.0971 ], [ -70.6624, 43.1012 ], [ -70.6626, 43.1019 ], [ -70.6617, 43.104 ], [ -70.6642, 43.105 ], [ -70.6647, 43.1062 ], [ -70.6669, 43.1075 ], [ -70.6682, 43.1086 ], [ -70.6685, 43.1093 ], [ -70.6696, 43.1099 ], [ -70.67, 43.1104 ], [ -70.6698, 43.1114 ], [ -70.6705, 43.112 ], [ -70.6704, 43.1139 ], [ -70.701, 43.1318 ], [ -70.7024, 43.1327 ], [ -70.6993, 43.1366 ] ] ] } },
{ "type": "Feature", "properties": { "GEOIDFQ": "1400000US23031023502", "NAME": "235.02", "NAMELSAD": "Census Tract 235.02" }, "geometry": { "type": "Polygon", "coordinates": [ [ [ -70.8745, 43.6746 ], [ -70.8381, 43.6754 ], [ -70.8385, 43.6511 ], [ -70.8379, 43.6511 ], [ -70.836, 43.6499 ], [ -70.8348, 43.6497 ], [ -70.8351, 43.6473 ], [ -70.8346, 43.647 ], [ -70.8334, 43.6469 ], [ -70.8328, 43.6462 ], [ -70.8312, 43.6463 ], [ -70.8302, 43.6446 ], [ -70.828, 43.6445 ], [ -70.826, 43.6437 ], [ -70.8233, 43.6439 ], [ -70.8188, 43.6431 ], [ -70.816, 43.6416 ], [ -70.8147, 43.642 ], [ -70.7956, 43.5632 ], [ -70.7803, 43.4919 ], [ -70.8072, 43.4893 ], [ -70.8092, 43.4934 ], [ -70.8132, 43.4977 ], [ -70.8149, 43.5001 ], [ -70.8146, 43.5033 ], [ -70.8152, 43.5054 ], [ -70.8151, 43.5076 ], [ -70.8162, 43.5116 ], [ -70.8153, 43.5173 ], [ -70.8136, 43.519 ], [ -70.8131, 43.5209 ], [ -70.8116, 43.5223 ], [ -70.8116, 43.5241 ], [ -70.8103, 43.5262 ], [ -70.8103, 43.5274 ], [ -70.8155, 43.5343 ], [ -70.8192, 43.5374 ], [ -70.8217, 43.5381 ], [ -70.826, 43.5378 ], [ -70.8308, 43.5387 ], [ -70.8424, 43.5377 ], [ -70.8477, 43.5402 ], [ -70.8499, 43.543 ], [ -70.8515, 43.5416 ], [ -70.8529, 43.5427 ], [ -70.8542, 43.5419 ], [ -70.8573, 43.542 ], [ -70.8581, 43.5416 ], [ -70.8591, 43.5418 ], [ -70.8595, 43.5426 ], [ -70.8631, 43.5415 ], [ -70.8652, 43.5415 ], [ -70.8659, 43.541 ], [ -70.8664, 43.5401 ], [ -70.8669, 43.5359 ], [ -70.8687, 43.5357 ], [ -70.8706, 43.534 ], [ -70.8719, 43.5336 ], [ -70.8715, 43.5325 ], [ -70.8724, 43.5309 ], [ -70.8737, 43.5305 ], [ -70.875, 43.5309 ], [ -70.8792, 43.5468 ], [ -70.8881, 43.5586 ], [ -70.8903, 43.5625 ], [ -70.8926, 43.568 ], [ -70.8983, 43.5723 ], [ -70.8984, 43.5734 ], [ -70.9085, 43.5976 ], [ -70.912, 43.5974 ], [ -70.9121, 43.5982 ], [ -70.9148, 43.5995 ], [ -70.9162, 43.6006 ], [ -70.9187, 43.6008 ], [ -70.919, 43.6014 ], [ -70.9197, 43.6017 ], [ -70.9218, 43.6016 ], [ -70.9229, 43.6004 ], [ -70.9238, 43.6001 ], [ -70.9253, 43.6004 ], [ -70.9255, 43.6009 ], [ -70.9251, 43.6013 ], [ -70.9267, 43.6019 ], [ -70.9274, 43.6012 ], [ -70.9288, 43.6008 ], [ -70.9295, 43.6021 ], [ -70.9289, 43.6028 ], [ -70.9324, 43.605 ], [ -70.9336, 43.6048 ], [ -70.9357, 43.6057 ], [ -70.9404, 43.6051 ], [ -70.9415, 43.6052 ], [ -70.9451, 43.607 ], [ -70.9481, 43.6075 ], [ -70.949, 43.6085 ], [ -70.9549, 43.6111 ], [ -70.9568, 43.6123 ], [ -70.9604, 43.6121 ], [ -70.9656, 43.6123 ], [ -70.9716, 43.6141 ], [ -70.9752, 43.6144 ], [ -70.9767, 43.6401 ], [ -70.9793, 43.6732 ], [ -70.8745, 43.6746 ] ] ] } },
{ "type": "Feature", "properties": { "GEOIDFQ": "1400000US23031028004", "NAME": "280.04", "NAMELSAD": "Census Tract 280.04" }, "geometry": { "type": "Polygon", "coordinates": [ [ [ -70.5523, 43.3736 ], [ -70.5499, 43.3735 ], [ -70.5473, 43.3707 ], [ -70.5432, 43.3679 ], [ -70.5421, 43.3676 ], [ -70.5358, 43.3747 ], [ -70.5386, 43.3781 ], [ -70.5417, 43.3786 ], [ -70.5413, 43.3791 ], [ -70.5417, 43.3803 ], [ -70.541, 43.3824 ], [ -70.5426, 43.385 ], [ -70.5372, 43.3878 ], [ -70.5367, 43.3888 ], [ -70.5319, 43.3946 ], [ -70.5264, 43.4028 ], [ -70.5258, 43.4024 ], [ -70.5269, 43.4004 ], [ -70.5241, 43.3995 ], [ -70.5225, 43.3965 ], [ -70.525, 43.3954 ], [ -70.5253, 43.3942 ], [ -70.5247, 43.3935 ], [ -70.5248, 43.3927 ], [ -70.5243, 43.3926 ], [ -70.5228, 43.3934 ], [ -70.5214, 43.3932 ], [ -70.5213, 43.3925 ], [ -70.5228, 43.3918 ], [ -70.519, 43.3883 ], [ -70.5179, 43.3867 ], [ -70.5164, 43.3861 ], [ -70.5156, 43.3853 ], [ -70.5156, 43.3847 ], [ -70.5171, 43.3834 ], [ -70.5168, 43.3825 ], [ -70.5158, 43.3823 ], [ -70.5139, 43.3831 ], [ -70.5125, 43.3818 ], [ -70.5106, 43.3817 ], [ -70.5097, 43.3801 ], [ -70.5087, 43.3806 ], [ -70.5074, 43.3805 ], [ -70.5072, 43.38 ], [ -70.5081, 43.3788 ], [ -70.508, 43.3784 ], [ -70.505, 43.3786 ], [ -70.5049, 43.3784 ], [ -70.5055, 43.3776 ], [ -70.5049, 43.3767 ], [ -70.5023, 43.3757 ], [ -70.5008, 43.3756 ], [ -70.4991, 43.3747 ], [ -70.4969, 43.3743 ], [ -70.4956, 43.3735 ], [ -70.4947, 43.3722 ], [ -70.4919, 43.373 ], [ -70.4914, 43.374 ], [ -70.4884, 43.374 ], [ -70.4832, 43.3727 ], [ -70.4814, 43.3719 ], [ -70.4806, 43.371 ], [ -70.4793, 43.3705 ], [ -70.4802, 43.3668 ], [ -70.4797, 43.3629 ], [ -70.4782, 43.3609 ], [ -70.4772, 43.3583 ], [ -70.4748, 43.356 ], [ -70.4741, 43.3548 ], [ -70.4749, 43.3522 ], [ -70.474, 43.3488 ], [ -70.4767, 43.3458 ], [ -70.4757, 43.3433 ], [ -70.4756, 43.3415 ], [ -70.479, 43.3432 ], [ -70.4825, 43.344 ], [ -70.4837, 43.3439 ], [ -70.4858, 43.3431 ], [ -70.4945, 43.3423 ], [ -70.5006, 43.3393 ], [ -70.5032, 43.3395 ], [ -70.5066, 43.3406 ], [ -70.5103, 43.3431 ], [ -70.513, 43.3426 ], [ -70.5178, 43.3427 ], [ -70.5194, 43.3425 ], [ -70.5265, 43.3391 ], [ -70.5347, 43.3357 ], [ -70.5352, 43.3351 ], [ -70.5365, 43.3356 ], [ -70.5403, 43.3354 ], [ -70.5406, 43.3361 ], [ -70.5394, 43.3366 ], [ -70.539, 43.3375 ], [ -70.5392, 43.3389 ], [ -70.5403, 43.3402 ], [ -70.5409, 43.3431 ], [ -70.5418, 43.3431 ], [ -70.5435, 43.3415 ], [ -70.5421, 43.3399 ], [ -70.5421, 43.3379 ], [ -70.5428, 43.3376 ], [ -70.5442, 43.339 ], [ -70.5451, 43.3409 ], [ -70.5464, 43.3419 ], [ -70.546, 43.3428 ], [ -70.5435, 43.3436 ], [ -70.5445, 43.3442 ], [ -70.5436, 43.3461 ], [ -70.5451, 43.3454 ], [ -70.546, 43.3458 ], [ -70.5456, 43.3461 ], [ -70.5447, 43.346 ], [ -70.5441, 43.3469 ], [ -70.5454, 43.3471 ], [ -70.5454, 43.3493 ], [ -70.5458, 43.3494 ], [ -70.5469, 43.3485 ], [ -70.5477, 43.3485 ], [ -70.547, 43.3493 ], [ -70.5485, 43.3498 ], [ -70.5477, 43.3504 ], [ -70.5485, 43.3503 ], [ -70.5481, 43.3508 ], [ -70.5489, 43.3509 ], [ -70.5486, 43.3512 ], [ -70.5504, 43.3518 ], [ -70.5495, 43.3526 ], [ -70.5494, 43.3533 ], [ -70.5501, 43.3529 ], [ -70.5504, 43.3534 ], [ -70.5515, 43.3534 ], [ -70.551, 43.3541 ], [ -70.5521, 43.3547 ], [ -70.5519, 43.3549 ], [ -70.5534, 43.3553 ], [ -70.5539, 43.3569 ], [ -70.5549, 43.3574 ], [ -70.5555, 43.3584 ], [ -70.5572, 43.3595 ], [ -70.5571, 43.3603 ], [ -70.5582, 43.3601 ], [ -70.559, 43.3604 ], [ -70.5523, 43.3736 ] ] ] } },
{ "type": "Feature", "properties": { "GEOIDFQ": "1400000US23031034005", "NAME": "340.05", "NAMELSAD": "Census Tract 340.05" }, "geometry": { "type": "Polygon", "coordinates": [ [ [ -70.5952, 43.2792 ], [ -70.5939, 43.2866 ], [ -70.5909, 43.2904 ], [ -70.5881, 43.2959 ], [ -70.5856, 43.3026 ], [ -70.5847, 43.3067 ], [ -70.5846, 43.3137 ], [ -70.5807, 43.3227 ], [ -70.5774, 43.3222 ], [ -70.5764, 43.3214 ], [ -70.5743, 43.321 ], [ -70.5718, 43.3198 ], [ -70.5697, 43.3198 ], [ -70.5606, 43.3214 ], [ -70.5598, 43.3211 ], [ -70.5561, 43.319 ], [ -70.5545, 43.3173 ], [ -70.5592, 43.3122 ], [ -70.5637, 43.3063 ], [ -70.5651, 43.3036 ], [ -70.5654, 43.3015 ], [ -70.5669, 43.2983 ], [ -70.5667, 43.2934 ], [ -70.5688, 43.2915 ], [ -70.5697, 43.2897 ], [ -70.5695, 43.2856 ], [ -70.5703, 43.2841 ], [ -70.5743, 43.2822 ], [ -70.5761, 43.2802 ], [ -70.5841, 43.267 ], [ -70.5893, 43.2684 ], [ -70.5898, 43.2688 ], [ -70.5917, 43.2684 ], [ -70.5947, 43.2715 ], [ -70.5963, 43.2715 ], [ -70.5977, 43.2708 ], [ -70.5981, 43.2732 ], [ -70.5952, 43.2792 ] ] ] } },
{ "type": "Feature", "properties": { "GEOIDFQ": "1400000US23025966300", "NAME": "9663", "NAMELSAD": "Census Tract 9663" }, "geometry": { "type": "Polygon", "coordinates": [ [ [ -70.1448, 44.9115 ], [ -70.1521, 44.9418 ], [ -70.1104, 44.9473 ], [ -70.1224, 45.0001 ], [ -70.1245, 45.0056 ], [ -70.1334, 45.0367 ], [ -69.9669, 45.0588 ], [ -69.9017, 45.0671 ], [ -69.8944, 45.0621 ], [ -69.892, 45.0594 ], [ -69.889, 45.055 ], [ -69.8823, 45.0486 ], [ -69.8792, 45.0443 ], [ -69.8761, 45.0409 ], [ -69.8723, 45.0382 ], [ -69.8669, 45.0357 ], [ -69.8655, 45.0348 ], [ -69.8642, 45.0323 ], [ -69.8633, 45.0285 ], [ -69.8613, 45.0245 ], [ -69.8623, 45.0145 ], [ -69.8605, 45.008 ], [ -69.8603, 45.0054 ], [ -69.8607, 45.0029 ], [ -69.8613, 45.0009 ], [ -69.8674, 44.9943 ], [ -69.876, 44.9861 ], [ -69.8761, 44.981 ], [ -69.8745, 44.9776 ], [ -69.8684, 44.9725 ], [ -69.8671, 44.9665 ], [ -69.8671, 44.9655 ], [ -69.8688, 44.9614 ], [ -69.871, 44.9569 ], [ -69.8692, 44.9534 ], [ -69.8682, 44.9524 ], [ -69.8668, 44.952 ], [ -69.866, 44.9483 ], [ -69.8679, 44.9413 ], [ -69.8694, 44.9391 ], [ -69.8698, 44.9379 ], [ -69.8694, 44.937 ], [ -69.8681, 44.936 ], [ -69.8662, 44.9355 ], [ -69.8624, 44.9353 ], [ -69.8607, 44.934 ], [ -69.8574, 44.9294 ], [ -69.8572, 44.9267 ], [ -69.8576, 44.9252 ], [ -69.8573, 44.9243 ], [ -69.8562, 44.9229 ], [ -69.8545, 44.9216 ], [ -69.8537, 44.9201 ], [ -69.8539, 44.9167 ], [ -69.8547, 44.9138 ], [ -69.8571, 44.911 ], [ -69.8565, 44.9088 ], [ -69.8569, 44.9058 ], [ -69.8584, 44.903 ], [ -69.8581, 44.9017 ], [ -69.8565, 44.9004 ], [ -69.8526, 44.8943 ], [ -69.8523, 44.8911 ], [ -69.8535, 44.8897 ], [ -69.8569, 44.8887 ], [ -69.8591, 44.8876 ], [ -69.8745, 44.8851 ], [ -69.9129, 44.88 ], [ -69.9315, 44.8778 ], [ -69.9449, 44.8756 ], [ -69.9607, 44.8735 ], [ -69.9629, 44.8746 ], [ -69.964, 44.8746 ], [ -69.9653, 44.875 ], [ -69.9679, 44.8746 ], [ -69.9709, 44.8751 ], [ -69.9728, 44.8758 ], [ -69.9746, 44.8775 ], [ -69.9778, 44.8777 ], [ -69.9809, 44.8767 ], [ -69.9818, 44.8768 ], [ -69.9825, 44.8771 ], [ -69.9837, 44.8786 ], [ -69.987, 44.8798 ], [ -69.9873, 44.8802 ], [ -69.9947, 44.8792 ], [ -69.9929, 44.8696 ], [ -70.0333, 44.8645 ], [ -70.1299, 44.8508 ], [ -70.1416, 44.8958 ], [ -70.1426, 44.8971 ], [ -70.1491, 44.8961 ], [ -70.1526, 44.9103 ], [ -70.1448, 44.9115 ] ] ] } },
{ "type": "Feature", "properties": { "GEOIDFQ": "1400000US23001010800", "NAME": "108", "NAMELSAD": "Census Tract 108" }, "geometry": { "type": "Polygon", "coordinates": [ [ [ -70.3008, 44.1119 ], [ -70.3017, 44.1127 ], [ -70.2991, 44.1188 ], [ -70.3009, 44.123 ], [ -70.3, 44.1223 ], [ -70.2969, 44.1253 ], [ -70.2913, 44.1212 ], [ -70.2844, 44.1211 ], [ -70.2838, 44.1216 ], [ -70.283, 44.1233 ], [ -70.2809, 44.1251 ], [ -70.2776, 44.1274 ], [ -70.2741, 44.1292 ], [ -70.2713, 44.1271 ], [ -70.2655, 44.1265 ], [ -70.2627, 44.1254 ], [ -70.2589, 44.123 ], [ -70.2512, 44.1211 ], [ -70.2464, 44.1186 ], [ -70.2437, 44.1177 ], [ -70.2413, 44.1164 ], [ -70.2366, 44.112 ], [ -70.2308, 44.1053 ], [ -70.2338, 44.1034 ], [ -70.2358, 44.1055 ], [ -70.2382, 44.1064 ], [ -70.2417, 44.1026 ], [ -70.2365, 44.0987 ], [ -70.2447, 44.0941 ], [ -70.2462, 44.092 ], [ -70.25, 44.089 ], [ -70.2521, 44.0851 ], [ -70.2551, 44.0829 ], [ -70.2572, 44.0847 ], [ -70.2584, 44.0872 ], [ -70.259, 44.0879 ], [ -70.2691, 44.0876 ], [ -70.2735, 44.0871 ], [ -70.2766, 44.086 ], [ -70.2806, 44.088 ], [ -70.2863, 44.0926 ], [ -70.2888, 44.0972 ], [ -70.2887, 44.0997 ], [ -70.2902, 44.1012 ], [ -70.2914, 44.1034 ], [ -70.2929, 44.104 ], [ -70.2967, 44.1043 ], [ -70.3013, 44.1064 ], [ -70.3041, 44.1083 ], [ -70.3008, 44.1119 ] ] ] } },
{ "type": "Feature", "properties": { "GEOIDFQ": "1400000US23005001100", "NAME": "11", "NAMELSAD": "Census Tract 11" }, "geometry": { "type": "Polygon", "coordinates": [ [ [ -70.2668, 43.6529 ], [ -70.2641, 43.6515 ], [ -70.2619, 43.6532 ], [ -70.2572, 43.6508 ], [ -70.2611, 43.6462 ], [ -70.2622, 43.6458 ], [ -70.2617, 43.6469 ], [ -70.2663, 43.6492 ], [ -70.2655, 43.6501 ], [ -70.2681, 43.6516 ], [ -70.2668, 43.6529 ] ] ] } },
{ "type": "Feature", "properties": { "GEOIDFQ": "1400000US23001020303", "NAME": "203.03", "NAMELSAD": "Census Tract 203.03" }, "geometry": { "type": "Polygon", "coordinates": [ [ [ -70.2133, 44.1002 ], [ -70.2119, 44.1001 ], [ -70.2071, 44.1004 ], [ -70.2053, 44.0976 ], [ -70.2123, 44.0953 ], [ -70.2143, 44.0988 ], [ -70.2133, 44.1002 ] ] ] } },
{ "type": "Feature", "properties": { "GEOIDFQ": "1400000US23001020301", "NAME": "203.01", "NAMELSAD": "Census Tract 203.01" }, "geometry": { "type": "Polygon", "coordinates": [ [ [ -70.209, 44.1034 ], [ -70.2033, 44.1094 ], [ -70.1889, 44.1016 ], [ -70.2025, 44.1004 ], [ -70.2027, 44.1009 ], [ -70.206, 44.1025 ], [ -70.2079, 44.1008 ], [ -70.2086, 44.1011 ], [ -70.208, 44.1016 ], [ -70.2115, 44.1033 ], [ -70.211, 44.1043 ], [ -70.209, 44.1034 ] ] ] } },
{ "type": "Feature", "properties": { "GEOIDFQ": "1400000US23001020802", "NAME": "208.02", "NAMELSAD": "Census Tract 208.02" }, "geometry": { "type": "Polygon", "coordinates": [ [ [ -70.1819, 44.0766 ], [ -70.1794, 44.0773 ], [ -70.1783, 44.0783 ], [ -70.1779, 44.0796 ], [ -70.1783, 44.0827 ], [ -70.1763, 44.0851 ], [ -70.1707, 44.0823 ], [ -70.1642, 44.0893 ], [ -70.1652, 44.0912 ], [ -70.1668, 44.0929 ], [ -70.1701, 44.0952 ], [ -70.1728, 44.0982 ], [ -70.1738, 44.1007 ], [ -70.1748, 44.102 ], [ -70.1739, 44.1032 ], [ -70.155, 44.1007 ], [ -70.1475, 44.1 ], [ -70.14, 44.102 ], [ -70.1279, 44.1063 ], [ -70.1167, 44.1093 ], [ -70.1162, 44.1078 ], [ -70.1239, 44.0803 ], [ -70.1243, 44.0777 ], [ -70.144, 44.0686 ], [ -70.148, 44.0673 ], [ -70.1516, 44.0668 ], [ -70.1566, 44.0667 ], [ -70.1701, 44.0683 ], [ -70.174, 44.0693 ], [ -70.1802, 44.0714 ], [ -70.1845, 44.0722 ], [ -70.1819, 44.0766 ] ] ] } },
{ "type": "Feature", "properties": { "GEOIDFQ": "1400000US23001020801", "NAME": "208.01", "NAMELSAD": "Census Tract 208.01" }, "geometry": { "type": "Polygon", "coordinates": [ [ [ -70.1783, 44.1258 ], [ -70.1798, 44.1267 ], [ -70.1805, 44.1278 ], [ -70.1816, 44.1285 ], [ -70.184, 44.129 ], [ -70.1639, 44.1492 ], [ -70.1153, 44.1262 ], [ -70.1157, 44.1261 ], [ -70.1187, 44.1154 ], [ -70.1167, 44.1093 ], [ -70.1279, 44.1063 ], [ -70.14, 44.102 ], [ -70.1475, 44.1 ], [ -70.155, 44.1007 ], [ -70.1739, 44.1032 ], [ -70.1735, 44.1037 ], [ -70.1794, 44.1069 ], [ -70.1836, 44.1106 ], [ -70.1858, 44.1151 ], [ -70.1871, 44.1164 ], [ -70.1783, 44.1258 ] ] ] } },
{ "type": "Feature", "properties": { "GEOIDFQ": "1400000US23001020402", "NAME": "204.02", "NAMELSAD": "Census Tract 204.02" }, "geometry": { "type": "Polygon", "coordinates": [ [ [ -70.2201, 44.0908 ], [ -70.2147, 44.0926 ], [ -70.2151, 44.0932 ], [ -70.2142, 44.0935 ], [ -70.2136, 44.0924 ], [ -70.2127, 44.0926 ], [ -70.211, 44.09 ], [ -70.2102, 44.0906 ], [ -70.2076, 44.0914 ], [ -70.2092, 44.0938 ], [ -70.2069, 44.0945 ], [ -70.2079, 44.0967 ], [ -70.2053, 44.0976 ], [ -70.2049, 44.0969 ], [ -70.202, 44.0955 ], [ -70.2003, 44.0973 ], [ -70.1982, 44.0962 ], [ -70.1992, 44.0948 ], [ -70.199, 44.0909 ], [ -70.1999, 44.0882 ], [ -70.2033, 44.0843 ], [ -70.2016, 44.0835 ], [ -70.2043, 44.0806 ], [ -70.2051, 44.0792 ], [ -70.2076, 44.078 ], [ -70.2091, 44.0803 ], [ -70.212, 44.0833 ], [ -70.216, 44.0863 ], [ -70.2213, 44.0894 ], [ -70.2201, 44.0908 ] ] ] } },
{ "type": "Feature", "properties": { "GEOIDFQ": "1400000US23001020302", "NAME": "203.02", "NAMELSAD": "Census Tract 203.02" }, "geometry": { "type": "Polygon", "coordinates": [ [ [ -70.2115, 44.1033 ], [ -70.208, 44.1016 ], [ -70.2086, 44.1011 ], [ -70.2079, 44.1008 ], [ -70.206, 44.1025 ], [ -70.2027, 44.1009 ], [ -70.2025, 44.1004 ], [ -70.1938, 44.1012 ], [ -70.1982, 44.0962 ], [ -70.2003, 44.0973 ], [ -70.202, 44.0955 ], [ -70.2049, 44.0969 ], [ -70.2071, 44.1004 ], [ -70.2121, 44.1001 ], [ -70.2133, 44.1002 ], [ -70.2115, 44.1033 ] ] ] } },
{ "type": "Feature", "properties": { "GEOIDFQ": "1400000US23001020401", "NAME": "204.01", "NAMELSAD": "Census Tract 204.01" }, "geometry": { "type": "Polygon", "coordinates": [ [ [ -70.2109, 44.0932 ], [ -70.2123, 44.0953 ], [ -70.2079, 44.0967 ], [ -70.2069, 44.0945 ], [ -70.2092, 44.0938 ], [ -70.2076, 44.0914 ], [ -70.2102, 44.0906 ], [ -70.211, 44.09 ], [ -70.2126, 44.0927 ], [ -70.2109, 44.0932 ] ] ] } },
{ "type": "Feature", "properties": { "GEOIDFQ": "1400000US23013971100", "NAME": "9711", "NAMELSAD": "Census Tract 9711" }, "geometry": { "type": "MultiPolygon", "coordinates": [ [ [ [ -68.7172, 44.1154 ], [ -68.7135, 44.1162 ], [ -68.7042, 44.1192 ], [ -68.7002, 44.12 ], [ -68.6932, 44.1199 ], [ -68.6858, 44.1189 ], [ -68.681, 44.1176 ], [ -68.6785, 44.1174 ], [ -68.6667, 44.1187 ], [ -68.6565, 44.1202 ], [ -68.6512, 44.1201 ], [ -68.6459, 44.1192 ], [ -68.6314, 44.1143 ], [ -68.6245, 44.1131 ], [ -68.6202, 44.1128 ], [ -68.6204, 44.1097 ], [ -68.5931, 44.1019 ], [ -68.5735, 44.1085 ], [ -68.5769, 44.1189 ], [ -68.5725, 44.124 ], [ -68.5566, 44.108 ], [ -68.5576, 44.0963 ], [ -68.5404, 44.0794 ], [ -68.5418, 44.0701 ], [ -68.5617, 44.075 ], [ -68.5779, 44.0752 ], [ -68.5752, 44.0663 ], [ -68.5691, 44.0568 ], [ -68.5482, 44.0556 ], [ -68.5435, 44.0456 ], [ -68.559, 44.0284 ], [ -68.5725, 44.0224 ], [ -68.5931, 44.0178 ], [ -68.5867, 44.0015 ], [ -68.6032, 44.0013 ], [ -68.617, 44.0056 ], [ -68.6306, 44.0112 ], [ -68.638, 44.0068 ], [ -68.6542, 43.9993 ], [ -68.6626, 44.0025 ], [ -68.6687, 44.0129 ], [ -68.6603, 44.0323 ], [ -68.6653, 44.0423 ], [ -68.6646, 44.0631 ], [ -68.6754, 44.0677 ], [ -68.6761, 44.0815 ], [ -68.6596, 44.0832 ], [ -68.6461, 44.0854 ], [ -68.6363, 44.0881 ], [ -68.637, 44.0932 ], [ -68.6576, 44.1017 ], [ -68.6707, 44.1017 ], [ -68.6859, 44.0978 ], [ -68.7018, 44.1036 ], [ -68.7136, 44.1058 ], [ -68.7237, 44.1099 ], [ -68.7172, 44.1154 ] ] ], [ [ [ -68.7572, 43.8854 ], [ -68.7551, 43.8895 ], [ -68.7525, 43.8918 ], [ -68.7498, 43.8936 ], [ -68.7467, 43.8952 ], [ -68.7409, 43.8975 ], [ -68.738, 43.8983 ], [ -68.7352, 43.8986 ], [ -68.7326, 43.8984 ], [ -68.7307, 43.898 ], [ -68.7285, 43.8967 ], [ -68.7268, 43.8948 ], [ -68.7238, 43.8903 ], [ -68.7239, 43.8868 ], [ -68.7248, 43.8837 ], [ -68.727, 43.8809 ], [ -68.7283, 43.8799 ], [ -68.7324, 43.8781 ], [ -68.7401, 43.8757 ], [ -68.7467, 43.8748 ], [ -68.7509, 43.8754 ], [ -68.7533, 43.8761 ], [ -68.7552, 43.8771 ], [ -68.7563, 43.8787 ], [ -68.7573, 43.8813 ], [ -68.7576, 43.8833 ], [ -68.7572, 43.8854 ] ] ], [ [ [ -68.8219, 43.8583 ], [ -68.8158, 43.8627 ], [ -68.8122, 43.8627 ], [ -68.8065, 43.8601 ], [ -68.8067, 43.8581 ], [ -68.8169, 43.8484 ], [ -68.8262, 43.8452 ], [ -68.8274, 43.848 ], [ -68.8265, 43.8529 ], [ -68.8219, 43.8583 ] ] ], [ [ [ -68.8549, 43.7882 ], [ -68.8526, 43.7888 ], [ -68.8506, 43.7887 ], [ -68.8507, 43.7869 ], [ -68.8527, 43.7827 ], [ -68.8554, 43.7812 ], [ -68.8577, 43.7828 ], [ -68.8549, 43.7882 ] ] ], [ [ [ -68.886, 44.1916 ], [ -68.8841, 44.1902 ], [ -68.8853, 44.189 ], [ -68.8868, 44.1893 ], [ -68.8878, 44.1908 ], [ -68.886, 44.1916 ] ] ], [ [ [ -68.9071, 43.8614 ], [ -68.9083, 43.8654 ], [ -68.9029, 43.8734 ], [ -68.8896, 43.8799 ], [ -68.8763, 43.8891 ], [ -68.8675, 43.8891 ], [ -68.8619, 43.8842 ], [ -68.8715, 43.8681 ], [ -68.8639, 43.8671 ], [ -68.8545, 43.8618 ], [ -68.8576, 43.8561 ], [ -68.8681, 43.8565 ], [ -68.8758, 43.8555 ], [ -68.8791, 43.8489 ], [ -68.8768, 43.8439 ], [ -68.8782, 43.8438 ], [ -68.8804, 43.843 ], [ -68.8714, 43.8375 ], [ -68.8773, 43.833 ], [ -68.8728, 43.8272 ], [ -68.8799, 43.8236 ], [ -68.8759, 43.8159 ], [ -68.8824, 43.8161 ], [ -68.8919, 43.8188 ], [ -68.9012, 43.8188 ], [ -68.9002, 43.8238 ], [ -68.8963, 43.8319 ], [ -68.8927, 43.8372 ], [ -68.8876, 43.8382 ], [ -68.8876, 43.8395 ], [ -68.8918, 43.8412 ], [ -68.8947, 43.8446 ], [ -68.9111, 43.8451 ], [ -68.9108, 43.8534 ], [ -68.9071, 43.8614 ] ] ], [ [ [ -68.9388, 44.1235 ], [ -68.9364, 44.1371 ], [ -68.9087, 44.1558 ], [ -68.8989, 44.1582 ], [ -68.8902, 44.1594 ], [ -68.8881, 44.1624 ], [ -68.8746, 44.1718 ], [ -68.8583, 44.1792 ], [ -68.8422, 44.1877 ], [ -68.837, 44.1848 ], [ -68.8279, 44.1891 ], [ -68.8247, 44.1966 ], [ -68.8304, 44.2011 ], [ -68.8277, 44.2028 ], [ -68.8157, 44.1966 ], [ -68.8149, 44.194 ], [ -68.8109, 44.1887 ], [ -68.8024, 44.1875 ], [ -68.8006, 44.1828 ], [ -68.7877, 44.1813 ], [ -68.7909, 44.1763 ], [ -68.8046, 44.1767 ], [ -68.8125, 44.178 ], [ -68.8165, 44.1669 ], [ -68.8167, 44.163 ], [ -68.8058, 44.166 ], [ -68.8002, 44.1629 ], [ -68.8046, 44.1581 ], [ -68.802, 44.1539 ], [ -68.7897, 44.1477 ], [ -68.7819, 44.1463 ], [ -68.7777, 44.1443 ], [ -68.7809, 44.1375 ], [ -68.7837, 44.1362 ], [ -68.793, 44.1358 ], [ -68.8004, 44.1322 ], [ -68.8202, 44.1319 ], [ -68.8205, 44.1302 ], [ -68.8202, 44.1245 ], [ -68.8163, 44.1236 ], [ -68.8133, 44.119 ], [ -68.8058, 44.1188 ], [ -68.799, 44.1041 ], [ -68.7928, 44.1024 ], [ -68.7904, 44.0969 ], [ -68.7864, 44.0969 ], [ -68.7823, 44.0946 ], [ -68.7841, 44.0913 ], [ -68.7783, 44.0849 ], [ -68.7715, 44.0809 ], [ -68.7683, 44.0723 ], [ -68.7676, 44.0729 ], [ -68.7682, 44.0654 ], [ -68.7719, 44.0597 ], [ -68.7719, 44.0473 ], [ -68.7728, 44.0397 ], [ -68.7844, 44.0326 ], [ -68.7895, 44.0259 ], [ -68.7816, 44.0193 ], [ -68.7725, 44.0179 ], [ -68.7589, 44.0216 ], [ -68.7501, 44.0191 ], [ -68.7243, 44.0159 ], [ -68.7243, 44.0118 ], [ -68.7611, 44.0146 ], [ -68.762, 44.0069 ], [ -68.7671, 44.0038 ], [ -68.7827, 44.002 ], [ -68.8269, 44.0024 ], [ -68.821, 44.0091 ], [ -68.825, 44.0146 ], [ -68.8233, 44.0205 ], [ -68.8386, 44.0187 ], [ -68.8343, 44.0261 ], [ -68.8319, 44.0315 ], [ -68.8488, 44.0285 ], [ -68.8609, 44.0201 ], [ -68.8664, 44.0223 ], [ -68.8844, 44.0215 ], [ -68.8865, 44.0212 ], [ -68.8951, 44.0286 ], [ -68.9087, 44.0316 ], [ -68.9135, 44.04 ], [ -68.9254, 44.0498 ], [ -68.9137, 44.0587 ], [ -68.9209, 44.0628 ], [ -68.9304, 44.0601 ], [ -68.9381, 44.0601 ], [ -68.9385, 44.0718 ], [ -68.9163, 44.0762 ], [ -68.9156, 44.0817 ], [ -68.9276, 44.0822 ], [ -68.9225, 44.0906 ], [ -68.9149, 44.0913 ], [ -68.9125, 44.1104 ], [ -68.928, 44.1099 ], [ -68.9391, 44.0983 ], [ -68.9601, 44.101 ], [ -68.9388, 44.1235 ] ] ], [ [ [ -68.9736, 44.1667 ], [ -68.9738, 44.1581 ], [ -68.9823, 44.1563 ], [ -68.9857, 44.1667 ], [ -68.9736, 44.1667 ] ] ], [ [ [ -69.0348, 43.9197 ], [ -69.0143, 43.9137 ], [ -69.0025, 43.9077 ], [ -69.0043, 43.8987 ], [ -69.0089, 43.8976 ], [ -69.0151, 43.9 ], [ -69.0229, 43.9062 ], [ -69.0327, 43.91 ], [ -69.0389, 43.9098 ], [ -69.0396, 43.9165 ], [ -69.0348, 43.9197 ] ] ], [ [ [ -69.0394, 44.0444 ], [ -69.0374, 44.0445 ], [ -69.0365, 44.0442 ], [ -69.0357, 44.0429 ], [ -69.0365, 44.0409 ], [ -69.039, 44.0399 ], [ -69.0406, 44.0405 ], [ -69.0415, 44.0415 ], [ -69.0394, 44.0444 ] ] ], [ [ [ -69.0981, 43.9846 ], [ -69.097, 43.9873 ], [ -69.0939, 43.9907 ], [ -69.0906, 43.9907 ], [ -69.0879, 43.9885 ], [ -69.0793, 43.9915 ], [ -69.0702, 43.9967 ], [ -69.0724, 44.0002 ], [ -69.0727, 44.0058 ], [ -69.0741, 44.0092 ], [ -69.0796, 44.0128 ], [ -69.0757, 44.0173 ], [ -69.0756, 44.0225 ], [ -69.0728, 44.0266 ], [ -69.0728, 44.0246 ], [ -69.0675, 44.0235 ], [ -69.0655, 44.0178 ], [ -69.0577, 44.0159 ], [ -69.0471, 44.0163 ], [ -69.0427, 44.0126 ], [ -69.043, 44.0093 ], [ -69.0413, 44.007 ], [ -69.0451, 44.0012 ], [ -69.0479, 43.999 ], [ -69.0508, 43.9934 ], [ -69.0569, 43.9911 ], [ -69.0641, 43.9892 ], [ -69.0676, 43.9847 ], [ -69.0741, 43.9742 ], [ -69.0766, 43.971 ], [ -69.0751, 43.9687 ], [ -69.0688, 43.9653 ], [ -69.0705, 43.9628 ], [ -69.0751, 43.9618 ], [ -69.0769, 43.9631 ], [ -69.0793, 43.9659 ], [ -69.0845, 43.9677 ], [ -69.087, 43.9704 ], [ -69.0865, 43.9724 ], [ -69.0885, 43.9751 ], [ -69.0946, 43.9775 ], [ -69.0988, 43.9797 ], [ -69.0981, 43.9846 ] ] ], [ [ [ -69.1326, 43.8656 ], [ -69.1339, 43.8721 ], [ -69.1316, 43.8765 ], [ -69.1339, 43.8784 ], [ -69.1287, 43.8977 ], [ -69.118, 43.8996 ], [ -69.1169, 43.8971 ], [ -69.1174, 43.8954 ], [ -69.1198, 43.894 ], [ -69.1197, 43.8904 ], [ -69.118, 43.8874 ], [ -69.1198, 43.8844 ], [ -69.1201, 43.8806 ], [ -69.1239, 43.8765 ], [ -69.124, 43.8741 ], [ -69.1213, 43.8726 ], [ -69.1208, 43.8697 ], [ -69.1226, 43.8682 ], [ -69.1268, 43.8682 ], [ -69.1293, 43.8665 ], [ -69.1318, 43.8594 ], [ -69.1355, 43.8592 ], [ -69.1366, 43.8596 ], [ -69.1359, 43.8627 ], [ -69.1326, 43.8656 ] ] ] ] } },
{ "type": "Feature", "properties": { "GEOIDFQ": "1400000US23013990000", "NAME": "9900", "NAMELSAD": "Census Tract 9900" }, "geometry": { "type": "Polygon", "coordinates": [ [ [ -69.397, 43.8751 ], [ -69.3755, 43.9646 ], [ -69.3697, 43.9649 ], [ -69.3688, 43.9624 ], [ -69.3623, 43.9536 ], [ -69.3671, 43.9452 ], [ -69.3666, 43.9379 ], [ -69.3783, 43.9259 ], [ -69.3766, 43.9195 ], [ -69.3866, 43.9116 ], [ -69.3859, 43.894 ], [ -69.3833, 43.8905 ], [ -69.3754, 43.8873 ], [ -69.3695, 43.889 ], [ -69.3702, 43.8931 ], [ -69.3754, 43.8979 ], [ -69.3695, 43.907 ], [ -69.3649, 43.9202 ], [ -69.3514, 43.9166 ], [ -69.3407, 43.9243 ], [ -69.3335, 43.9331 ], [ -69.3452, 43.9392 ], [ -69.3414, 43.9433 ], [ -69.3297, 43.9421 ], [ -69.323, 43.9406 ], [ -69.3233, 43.9392 ], [ -69.3142, 43.9392 ], [ -69.3059, 43.9419 ], [ -69.3017, 43.9383 ], [ -69.3188, 43.919 ], [ -69.3216, 43.9123 ], [ -69.3278, 43.9025 ], [ -69.3238, 43.8965 ], [ -69.3159, 43.8892 ], [ -69.3208, 43.8876 ], [ -69.3246, 43.8675 ], [ -69.3394, 43.8634 ], [ -69.3582, 43.8518 ], [ -69.3667, 43.8552 ], [ -69.3754, 43.8634 ], [ -69.3808, 43.8644 ], [ -69.3855, 43.8612 ], [ -69.3801, 43.8554 ], [ -69.3582, 43.8409 ], [ -69.3357, 43.8528 ], [ -69.3283, 43.8532 ], [ -69.3101, 43.8535 ], [ -69.3034, 43.8622 ], [ -69.2872, 43.8576 ], [ -69.2771, 43.8629 ], [ -69.2771, 43.8736 ], [ -69.2852, 43.8753 ], [ -69.292, 43.8789 ], [ -69.2849, 43.8816 ], [ -69.2839, 43.8899 ], [ -69.2987, 43.8891 ], [ -69.3065, 43.894 ], [ -69.3061, 43.8943 ], [ -69.3073, 43.9005 ], [ -69.3052, 43.9077 ], [ -69.3004, 43.9116 ], [ -69.2916, 43.9163 ], [ -69.2854, 43.9175 ], [ -69.2774, 43.9124 ], [ -69.2728, 43.9087 ], [ -69.2728, 43.9024 ], [ -69.2649, 43.9012 ], [ -69.2526, 43.9032 ], [ -69.2442, 43.9079 ], [ -69.2347, 43.9029 ], [ -69.2285, 43.9053 ], [ -69.2214, 43.9099 ], [ -69.2126, 43.9168 ], [ -69.2073, 43.9185 ], [ -69.2055, 43.9226 ], [ -69.2096, 43.9245 ], [ -69.2077, 43.9344 ], [ -69.2024, 43.9389 ], [ -69.1969, 43.9448 ], [ -69.1944, 43.9456 ], [ -69.1893, 43.9458 ], [ -69.1883, 43.9487 ], [ -69.1917, 43.9515 ], [ -69.1888, 43.9577 ], [ -69.1824, 43.9599 ], [ -69.1822, 43.9634 ], [ -69.1811, 43.9678 ], [ -69.1789, 43.9703 ], [ -69.1792, 43.9736 ], [ -69.1765, 43.9749 ], [ -69.1735, 43.977 ], [ -69.1732, 43.9793 ], [ -69.1755, 43.9849 ], [ -69.1742, 43.9873 ], [ -69.1723, 43.9861 ], [ -69.169, 43.9857 ], [ -69.1691, 43.9891 ], [ -69.1629, 43.9884 ], [ -69.1646, 43.9841 ], [ -69.1597, 43.9823 ], [ -69.1561, 43.9864 ], [ -69.1481, 43.9835 ], [ -69.147, 43.9787 ], [ -69.1293, 43.9726 ], [ -69.1209, 43.9762 ], [ -69.1207, 43.9844 ], [ -69.1219, 43.9847 ], [ -69.1213, 43.9855 ], [ -69.1263, 43.9844 ], [ -69.1314, 43.9855 ], [ -69.1364, 43.9853 ], [ -69.1388, 43.9863 ], [ -69.1401, 43.9893 ], [ -69.1351, 43.995 ], [ -69.1312, 43.9948 ], [ -69.1289, 43.997 ], [ -69.1283, 43.9954 ], [ -69.1233, 43.9947 ], [ -69.1209, 43.9935 ], [ -69.1181, 43.99 ], [ -69.1152, 43.9903 ], [ -69.111, 43.9944 ], [ -69.1062, 43.9979 ], [ -69.1084, 44.0019 ], [ -69.1125, 44.0021 ], [ -69.1175, 44.0035 ], [ -69.1209, 44.0056 ], [ -69.1229, 44.0098 ], [ -69.1192, 44.0098 ], [ -69.1182, 44.0124 ], [ -69.1228, 44.0138 ], [ -69.1255, 44.016 ], [ -69.125, 44.0178 ], [ -69.1201, 44.0198 ], [ -69.1181, 44.0232 ], [ -69.1135, 44.0206 ], [ -69.1135, 44.0165 ], [ -69.11, 44.0131 ], [ -69.1036, 44.0084 ], [ -69.1, 44.0096 ], [ -69.1009, 44.0129 ], [ -69.1083, 44.0189 ], [ -69.1081, 44.0221 ], [ -69.1113, 44.0266 ], [ -69.1097, 44.03 ], [ -69.1094, 44.0298 ], [ -69.0988, 44.0322 ], [ -69.0963, 44.0352 ], [ -69.0933, 44.0371 ], [ -69.089, 44.0385 ], [ -69.0803, 44.0396 ], [ -69.0723, 44.0358 ], [ -69.0723, 44.0355 ], [ -69.0658, 44.04 ], [ -69.076, 44.0524 ], [ -69.0735, 44.054 ], [ -69.0727, 44.0582 ], [ -69.0698, 44.0569 ], [ -69.0685, 44.0601 ], [ -69.0464, 44.0603 ], [ -69.0418, 44.0665 ], [ -69.0322, 44.0755 ], [ -69.029, 44.0795 ], [ -69.047, 44.0965 ], [ -69.0569, 44.0968 ], [ -69.062, 44.0944 ], [ -69.0663, 44.0935 ], [ -69.0727, 44.0929 ], [ -69.0745, 44.0929 ], [ -69.0762, 44.0938 ], [ -69.0802, 44.0937 ], [ -69.0836, 44.0893 ], [ -69.0928, 44.0864 ], [ -69.0971, 44.0839 ], [ -69.1011, 44.0831 ], [ -69.1015, 44.0882 ], [ -69.1041, 44.0887 ], [ -69.1041, 44.091 ], [ -69.0996, 44.0923 ], [ -69.1006, 44.0932 ], [ -69.0987, 44.0939 ], [ -69.1007, 44.0954 ], [ -69.0989, 44.0958 ], [ -69.0997, 44.0974 ], [ -69.1036, 44.0986 ], [ -69.1036, 44.0995 ], [ -69.1051, 44.1 ], [ -69.1052, 44.1014 ], [ -69.1023, 44.1017 ], [ -69.0995, 44.103 ], [ -69.099, 44.1044 ], [ -69.0993, 44.1057 ], [ -69.102, 44.1081 ], [ -69.1056, 44.1092 ], [ -69.1001, 44.1111 ], [ -69.0982, 44.113 ], [ -69.1, 44.1153 ], [ -69.0939, 44.1178 ], [ -69.0881, 44.1136 ], [ -69.0884, 44.1135 ], [ -69.0836, 44.1124 ], [ -69.0805, 44.1146 ], [ -69.0773, 44.1177 ], [ -69.0782, 44.1199 ], [ -69.0767, 44.1222 ], [ -69.0755, 44.127 ], [ -69.075, 44.1328 ], [ -69.0726, 44.1347 ], [ -69.071, 44.1379 ], [ -69.0732, 44.1386 ], [ -69.0765, 44.1373 ], [ -69.0792, 44.1351 ], [ -69.0861, 44.1364 ], [ -69.0894, 44.1331 ], [ -69.0904, 44.1347 ], [ -69.088, 44.1376 ], [ -69.0832, 44.1385 ], [ -69.0815, 44.1385 ], [ -69.0775, 44.1433 ], [ -69.0787, 44.1463 ], [ -69.0766, 44.1488 ], [ -69.0765, 44.1522 ], [ -69.0786, 44.1553 ], [ -69.0782, 44.1578 ], [ -69.0763, 44.1578 ], [ -69.0755, 44.1651 ], [ -69.0746, 44.1651 ], [ -69.0721, 44.1702 ], [ -69.0709, 44.1799 ], [ -69.0639, 44.1654 ], [ -69.0611, 44.1625 ], [ -69.058, 44.1629 ], [ -69.0584, 44.1677 ], [ -69.0531, 44.1699 ], [ -69.0521, 44.1735 ], [ -69.0519, 44.1797 ], [ -69.0551, 44.1793 ], [ -69.0561, 44.1814 ], [ -69.0551, 44.188 ], [ -69.0527, 44.1909 ], [ -69.0504, 44.1946 ], [ -69.0509, 44.1979 ], [ -69.0445, 44.2026 ], [ -69.0421, 44.2053 ], [ -69.039, 44.211 ], [ -69.0414, 44.213 ], [ -69.0416, 44.2157 ], [ -69.0409, 44.2231 ], [ -69.0386, 44.2308 ], [ -69.0285, 44.2435 ], [ -69.0272, 44.2462 ], [ -69.0132, 44.2106 ], [ -69.0048, 44.2032 ], [ -69.0, 44.1667 ], [ -68.9857, 44.1667 ], [ -68.9823, 44.1563 ], [ -68.9738, 44.1581 ], [ -68.9736, 44.1667 ], [ -68.9166, 44.1667 ], [ -68.8964, 44.2099 ], [ -68.8739, 44.1995 ], [ -68.871, 44.1988 ], [ -68.864, 44.1996 ], [ -68.8577, 44.2013 ], [ -68.853, 44.2022 ], [ -68.8356, 44.2095 ], [ -68.8329, 44.2101 ], [ -68.8305, 44.21 ], [ -68.8285, 44.209 ], [ -68.8212, 44.2027 ], [ -68.8178, 44.2015 ], [ -68.8137, 44.2014 ], [ -68.8125, 44.2008 ], [ -68.81, 44.1988 ], [ -68.8053, 44.1961 ], [ -68.8022, 44.193 ], [ -68.796, 44.1886 ], [ -68.7888, 44.1849 ], [ -68.7794, 44.181 ], [ -68.7759, 44.1785 ], [ -68.7727, 44.1749 ], [ -68.765, 44.1638 ], [ -68.7611, 44.1534 ], [ -68.7572, 44.1404 ], [ -68.756, 44.1377 ], [ -68.7535, 44.134 ], [ -68.7495, 44.1297 ], [ -68.7429, 44.1238 ], [ -68.7386, 44.1206 ], [ -68.7318, 44.1173 ], [ -68.7284, 44.1163 ], [ -68.7209, 44.1153 ], [ -68.7172, 44.1154 ], [ -68.7237, 44.1099 ], [ -68.7136, 44.1058 ], [ -68.7018, 44.1036 ], [ -68.6859, 44.0978 ], [ -68.6707, 44.1017 ], [ -68.6576, 44.1017 ], [ -68.637, 44.0932 ], [ -68.6363, 44.0881 ], [ -68.6461, 44.0854 ], [ -68.6596, 44.0832 ], [ -68.6761, 44.0815 ], [ -68.6754, 44.0677 ], [ -68.6646, 44.0631 ], [ -68.6653, 44.0423 ], [ -68.6603, 44.0323 ], [ -68.6687, 44.0129 ], [ -68.6626, 44.0025 ], [ -68.6542, 43.9993 ], [ -68.638, 44.0068 ], [ -68.6306, 44.0112 ], [ -68.617, 44.0056 ], [ -68.6032, 44.0013 ], [ -68.5867, 44.0015 ], [ -68.5931, 44.0178 ], [ -68.5725, 44.0224 ], [ -68.559, 44.0284 ], [ -68.5435, 44.0456 ], [ -68.5482, 44.0556 ], [ -68.5691, 44.0568 ], [ -68.5752, 44.0663 ], [ -68.5779, 44.0752 ], [ -68.5617, 44.075 ], [ -68.5418, 44.0701 ], [ -68.5404, 44.0794 ], [ -68.5576, 44.0963 ], [ -68.5566, 44.108 ], [ -68.5725, 44.124 ], [ -68.5769, 44.1189 ], [ -68.5735, 44.1085 ], [ -68.5931, 44.1019 ], [ -68.6204, 44.1097 ], [ -68.6202, 44.1128 ], [ -68.6136, 44.1127 ], [ -68.6089, 44.1132 ], [ -68.6051, 44.1141 ], [ -68.5982, 44.1166 ], [ -68.5929, 44.1195 ], [ -68.5829, 44.1271 ], [ -68.5787, 44.1289 ], [ -68.5693, 44.1305 ], [ -68.5631, 44.131 ], [ -68.5563, 44.131 ], [ -68.5494, 44.1301 ], [ -68.5482, 44.1295 ], [ -68.5479, 44.1286 ], [ -68.5501, 44.1156 ], [ -68.5496, 44.1104 ], [ -68.5489, 44.1084 ], [ -68.5417, 44.0983 ], [ -68.5248, 44.0846 ], [ -68.5154, 44.0786 ], [ -68.5117, 44.0771 ], [ -68.4995, 44.0738 ], [ -68.4846, 44.0283 ], [ -68.4849, 44.0283 ], [ -68.4858, 44.0224 ], [ -68.4874, 44.0178 ], [ -68.489, 44.0149 ], [ -68.4931, 44.0106 ], [ -68.5111, 43.9996 ], [ -68.5199, 43.9926 ], [ -68.5279, 43.9878 ], [ -68.5307, 43.9866 ], [ -68.5348, 43.9807 ], [ -68.5428, 43.9724 ], [ -68.5473, 43.9686 ], [ -68.5533, 43.9649 ], [ -68.5604, 43.9611 ], [ -68.5684, 43.958 ], [ -68.5778, 43.9556 ], [ -68.5851, 43.9543 ], [ -68.5942, 43.9537 ], [ -68.6021, 43.9537 ], [ -68.6104, 43.9543 ], [ -68.6187, 43.9559 ], [ -68.6314, 43.9515 ], [ -68.641, 43.9494 ], [ -68.6511, 43.9482 ], [ -68.6596, 43.948 ], [ -68.6792, 43.9511 ], [ -68.6897, 43.9542 ], [ -68.7002, 43.9592 ], [ -68.7072, 43.9638 ], [ -68.7134, 43.9628 ], [ -68.7215, 43.9619 ], [ -68.7426, 43.9431 ], [ -68.7352, 43.9437 ], [ -68.7262, 43.9434 ], [ -68.7165, 43.942 ], [ -68.707, 43.9392 ], [ -68.696, 43.9349 ], [ -68.6869, 43.9298 ], [ -68.6793, 43.9235 ], [ -68.6733, 43.9164 ], [ -68.6687, 43.9088 ], [ -68.6657, 43.9012 ], [ -68.6638, 43.8939 ], [ -68.6641, 43.8864 ], [ -68.665, 43.8805 ], [ -68.6671, 43.8751 ], [ -68.6694, 43.8696 ], [ -68.6754, 43.8628 ], [ -68.6847, 43.8546 ], [ -68.704, 43.8426 ], [ -68.7128, 43.8384 ], [ -68.7243, 43.8346 ], [ -68.737, 43.8327 ], [ -68.7495, 43.8325 ], [ -68.756, 43.8262 ], [ -68.7645, 43.819 ], [ -68.7812, 43.8066 ], [ -68.7853, 43.8043 ], [ -68.7818, 43.7927 ], [ -68.7812, 43.7851 ], [ -68.7822, 43.7775 ], [ -68.7861, 43.7684 ], [ -68.7978, 43.7529 ], [ -68.8054, 43.746 ], [ -68.8105, 43.7427 ], [ -68.8269, 43.7357 ], [ -68.8362, 43.7336 ], [ -68.8491, 43.7324 ], [ -68.8615, 43.7325 ], [ -68.8706, 43.7336 ], [ -68.8745, 43.7342 ], [ -68.8842, 43.7369 ], [ -68.8903, 43.7394 ], [ -68.8961, 43.7402 ], [ -68.9049, 43.7419 ], [ -68.9129, 43.7444 ], [ -68.9202, 43.7474 ], [ -68.9255, 43.7501 ], [ -68.9317, 43.7546 ], [ -68.9382, 43.7603 ], [ -68.9444, 43.7679 ], [ -68.9479, 43.7744 ], [ -68.9498, 43.7802 ], [ -68.9579, 43.7804 ], [ -68.9709, 43.7816 ], [ -68.9812, 43.7838 ], [ -68.9903, 43.7869 ], [ -68.9967, 43.7901 ], [ -69.0099, 43.7984 ], [ -69.0179, 43.8079 ], [ -69.0243, 43.8198 ], [ -69.0247, 43.8342 ], [ -69.0228, 43.8425 ], [ -69.0343, 43.8464 ], [ -69.0444, 43.8515 ], [ -69.0559, 43.8589 ], [ -69.058, 43.8525 ], [ -69.0649, 43.8419 ], [ -69.0709, 43.8356 ], [ -69.0762, 43.8323 ], [ -69.083, 43.8256 ], [ -69.0942, 43.8189 ], [ -69.1056, 43.8141 ], [ -69.114, 43.8119 ], [ -69.1189, 43.811 ], [ -69.1222, 43.8077 ], [ -69.1245, 43.8068 ], [ -69.131, 43.8031 ], [ -69.1413, 43.7984 ], [ -69.1498, 43.7957 ], [ -69.1605, 43.7937 ], [ -69.171, 43.7932 ], [ -69.1858, 43.7938 ], [ -69.1972, 43.796 ], [ -69.2068, 43.8 ], [ -69.2181, 43.8063 ], [ -69.2266, 43.8122 ], [ -69.2328, 43.8192 ], [ -69.2366, 43.8256 ], [ -69.2407, 43.8231 ], [ -69.2495, 43.8191 ], [ -69.2623, 43.8154 ], [ -69.257, 43.8121 ], [ -69.2511, 43.8074 ], [ -69.2425, 43.7998 ], [ -69.237, 43.7895 ], [ -69.2333, 43.781 ], [ -69.2335, 43.778 ], [ -69.2779, 43.7959 ], [ -69.325, 43.8164 ], [ -69.3344, 43.8208 ], [ -69.3659, 43.8378 ], [ -69.3836, 43.8482 ], [ -69.3899, 43.8534 ], [ -69.3929, 43.8563 ], [ -69.3969, 43.8617 ], [ -69.3979, 43.8646 ], [ -69.3982, 43.8677 ], [ -69.397, 43.8751 ] ], [ [ -69.357, 43.8762 ], [ -69.3564, 43.876 ], [ -69.3551, 43.876 ], [ -69.354, 43.8768 ], [ -69.355, 43.8777 ], [ -69.3561, 43.8782 ], [ -69.3571, 43.8779 ], [ -69.3574, 43.8769 ], [ -69.357, 43.8762 ] ], [ [ -69.1355, 43.8592 ], [ -69.1318, 43.8594 ], [ -69.1293, 43.8665 ], [ -69.1268, 43.8682 ], [ -69.1226, 43.8682 ], [ -69.1208, 43.8697 ], [ -69.1213, 43.8726 ], [ -69.124, 43.8741 ], [ -69.1239, 43.8765 ], [ -69.1201, 43.8806 ], [ -69.1198, 43.8844 ], [ -69.118, 43.8874 ], [ -69.1197, 43.8904 ], [ -69.1198, 43.894 ], [ -69.1174, 43.8954 ], [ -69.1169, 43.8971 ], [ -69.118, 43.8996 ], [ -69.1287, 43.8977 ], [ -69.1339, 43.8784 ], [ -69.1316, 43.8765 ], [ -69.1339, 43.8721 ], [ -69.1326, 43.8656 ], [ -69.1359, 43.8627 ], [ -69.1366, 43.8596 ], [ -69.1355, 43.8592 ] ], [ [ -69.0946, 43.9775 ], [ -69.0885, 43.9751 ], [ -69.0865, 43.9724 ], [ -69.087, 43.9704 ], [ -69.0845, 43.9677 ], [ -69.0793, 43.9659 ], [ -69.0769, 43.9631 ], [ -69.0751, 43.9618 ], [ -69.0705, 43.9628 ], [ -69.0688, 43.9653 ], [ -69.0751, 43.9687 ], [ -69.0766, 43.971 ], [ -69.0741, 43.9742 ], [ -69.0676, 43.9847 ], [ -69.0641, 43.9892 ], [ -69.0569, 43.9911 ], [ -69.0508, 43.9934 ], [ -69.0479, 43.999 ], [ -69.0451, 44.0012 ], [ -69.0413, 44.007 ], [ -69.043, 44.0093 ], [ -69.0427, 44.0126 ], [ -69.0471, 44.0163 ], [ -69.0577, 44.0159 ], [ -69.0655, 44.0178 ], [ -69.0675, 44.0235 ], [ -69.0728, 44.0246 ], [ -69.0728, 44.0266 ], [ -69.0756, 44.0225 ], [ -69.0757, 44.0173 ], [ -69.0796, 44.0128 ], [ -69.0741, 44.0092 ], [ -69.0727, 44.0058 ], [ -69.0724, 44.0002 ], [ -69.0702, 43.9967 ], [ -69.0793, 43.9915 ], [ -69.0879, 43.9885 ], [ -69.0906, 43.9907 ], [ -69.0939, 43.9907 ], [ -69.097, 43.9873 ], [ -69.0981, 43.9846 ], [ -69.0986, 43.9796 ], [ -69.0946, 43.9775 ] ], [ [ -69.039, 44.0399 ], [ -69.0365, 44.0409 ], [ -69.0357, 44.0429 ], [ -69.0365, 44.0442 ], [ -69.0374, 44.0445 ], [ -69.0394, 44.0444 ], [ -69.0415, 44.0415 ], [ -69.0406, 44.0405 ], [ -69.039, 44.0399 ] ], [ [ -69.0327, 43.91 ], [ -69.0229, 43.9062 ], [ -69.0151, 43.9 ], [ -69.0089, 43.8976 ], [ -69.0043, 43.8987 ], [ -69.0025, 43.9077 ], [ -69.0143, 43.9137 ], [ -69.0348, 43.9197 ], [ -69.0396, 43.9165 ], [ -69.0389, 43.9098 ], [ -69.0327, 43.91 ] ], [ [ -68.928, 44.1099 ], [ -68.9125, 44.1104 ], [ -68.9149, 44.0913 ], [ -68.9225, 44.0906 ], [ -68.9276, 44.0822 ], [ -68.9156, 44.0817 ], [ -68.9163, 44.0762 ], [ -68.9385, 44.0718 ], [ -68.9381, 44.0601 ], [ -68.9304, 44.0601 ], [ -68.9209, 44.0628 ], [ -68.9137, 44.0587 ], [ -68.9254, 44.0498 ], [ -68.9135, 44.04 ], [ -68.9087, 44.0316 ], [ -68.8951, 44.0286 ], [ -68.8865, 44.0212 ], [ -68.8844, 44.0215 ], [ -68.8664, 44.0223 ], [ -68.8609, 44.0201 ], [ -68.8488, 44.0285 ], [ -68.8319, 44.0315 ], [ -68.8343, 44.0261 ], [ -68.8386, 44.0187 ], [ -68.8233, 44.0205 ], [ -68.825, 44.0146 ], [ -68.821, 44.0091 ], [ -68.8269, 44.0024 ], [ -68.7827, 44.002 ], [ -68.7671, 44.0038 ], [ -68.762, 44.0069 ], [ -68.7611, 44.0146 ], [ -68.7243, 44.0118 ], [ -68.7243, 44.0159 ], [ -68.7501, 44.0191 ], [ -68.7589, 44.0216 ], [ -68.7725, 44.0179 ], [ -68.7816, 44.0193 ], [ -68.7895, 44.0259 ], [ -68.7844, 44.0326 ], [ -68.7728, 44.0397 ], [ -68.7719, 44.0473 ], [ -68.7719, 44.0597 ], [ -68.7682, 44.0654 ], [ -68.7676, 44.0729 ], [ -68.7683, 44.0723 ], [ -68.7715, 44.0809 ], [ -68.7783, 44.0849 ], [ -68.7841, 44.0913 ], [ -68.7823, 44.0946 ], [ -68.7864, 44.0969 ], [ -68.7904, 44.0969 ], [ -68.7928, 44.1024 ], [ -68.799, 44.1041 ], [ -68.8058, 44.1188 ], [ -68.8133, 44.119 ], [ -68.8163, 44.1236 ], [ -68.8202, 44.1245 ], [ -68.8205, 44.1302 ], [ -68.8202, 44.1319 ], [ -68.8004, 44.1322 ], [ -68.793, 44.1358 ], [ -68.7837, 44.1362 ], [ -68.7809, 44.1375 ], [ -68.7777, 44.1443 ], [ -68.7819, 44.1463 ], [ -68.7897, 44.1477 ], [ -68.802, 44.1539 ], [ -68.8046, 44.1581 ], [ -68.8002, 44.1629 ], [ -68.8058, 44.166 ], [ -68.8167, 44.163 ], [ -68.8165, 44.1669 ], [ -68.8125, 44.178 ], [ -68.8046, 44.1767 ], [ -68.7909, 44.1763 ], [ -68.7877, 44.1813 ], [ -68.8006, 44.1828 ], [ -68.8024, 44.1875 ], [ -68.8109, 44.1887 ], [ -68.8149, 44.194 ], [ -68.8157, 44.1966 ], [ -68.8277, 44.2028 ], [ -68.8304, 44.2011 ], [ -68.8247, 44.1966 ], [ -68.8279, 44.1891 ], [ -68.837, 44.1848 ], [ -68.8422, 44.1877 ], [ -68.8583, 44.1792 ], [ -68.8746, 44.1718 ], [ -68.8881, 44.1624 ], [ -68.8902, 44.1594 ], [ -68.8989, 44.1582 ], [ -68.9087, 44.1558 ], [ -68.9364, 44.1371 ], [ -68.9388, 44.1235 ], [ -68.9601, 44.101 ], [ -68.9391, 44.0983 ], [ -68.928, 44.1099 ] ], [ [ -68.8947, 43.8446 ], [ -68.8918, 43.8412 ], [ -68.8876, 43.8395 ], [ -68.8876, 43.8382 ], [ -68.8927, 43.8372 ], [ -68.8963, 43.8319 ], [ -68.9002, 43.8238 ], [ -68.9012, 43.8188 ], [ -68.8919, 43.8188 ], [ -68.8824, 43.8161 ], [ -68.8759, 43.8159 ], [ -68.8799, 43.8236 ], [ -68.8728, 43.8272 ], [ -68.8773, 43.833 ], [ -68.8714, 43.8375 ], [ -68.8804, 43.843 ], [ -68.8782, 43.8438 ], [ -68.8768, 43.8439 ], [ -68.8791, 43.8489 ], [ -68.8758, 43.8555 ], [ -68.8681, 43.8565 ], [ -68.8576, 43.8561 ], [ -68.8545, 43.8618 ], [ -68.8639, 43.8671 ], [ -68.8715, 43.8681 ], [ -68.8619, 43.8842 ], [ -68.8675, 43.8891 ], [ -68.8763, 43.8891 ], [ -68.8896, 43.8799 ], [ -68.9029, 43.8734 ], [ -68.9083, 43.8654 ], [ -68.9071, 43.8614 ], [ -68.9108, 43.8534 ], [ -68.9111, 43.8451 ], [ -68.8947, 43.8446 ] ], [ [ -68.8853, 44.189 ], [ -68.8841, 44.1902 ], [ -68.886, 44.1916 ], [ -68.8878, 44.1908 ], [ -68.8868, 44.1893 ], [ -68.8853, 44.189 ] ], [ [ -68.8554, 43.7812 ], [ -68.8527, 43.7827 ], [ -68.8507, 43.7869 ], [ -68.8506, 43.7887 ], [ -68.8526, 43.7888 ], [ -68.8549, 43.7882 ], [ -68.8577, 43.7828 ], [ -68.8554, 43.7812 ] ], [ [ -68.8262, 43.8452 ], [ -68.8169, 43.8484 ], [ -68.8067, 43.8581 ], [ -68.8065, 43.8601 ], [ -68.8122, 43.8627 ], [ -68.8158, 43.8627 ], [ -68.8219, 43.8583 ], [ -68.8265, 43.8529 ], [ -68.8274, 43.848 ], [ -68.8262, 43.8452 ] ], [ [ -68.7552, 43.8771 ], [ -68.7533, 43.8761 ], [ -68.7509, 43.8754 ], [ -68.7467, 43.8748 ], [ -68.7401, 43.8757 ], [ -68.7377, 43.8763 ], [ -68.7324, 43.8781 ], [ -68.7283, 43.8799 ], [ -68.727, 43.8809 ], [ -68.7248, 43.8837 ], [ -68.7239, 43.8868 ], [ -68.7238, 43.8903 ], [ -68.7268, 43.8948 ], [ -68.7285, 43.8967 ], [ -68.7307, 43.898 ], [ -68.7326, 43.8984 ], [ -68.738, 43.8983 ], [ -68.7436, 43.8965 ], [ -68.7498, 43.8936 ], [ -68.7551, 43.8895 ], [ -68.7572, 43.8854 ], [ -68.7576, 43.8833 ], [ -68.7573, 43.8813 ], [ -68.7552, 43.8771 ] ] ] } },
{ "type": "Feature", "properties": { "GEOIDFQ": "1400000US23009966100", "NAME": "9661", "NAMELSAD": "Census Tract 9661" }, "geometry": { "type": "Polygon", "coordinates": [ [ [ -68.3606, 44.3187 ], [ -68.3562, 44.3221 ], [ -68.3181, 44.3082 ], [ -68.3112, 44.3114 ], [ -68.3085, 44.3081 ], [ -68.3061, 44.3021 ], [ -68.3072, 44.3005 ], [ -68.307, 44.298 ], [ -68.3085, 44.2939 ], [ -68.3067, 44.2891 ], [ -68.3044, 44.2888 ], [ -68.2925, 44.2816 ], [ -68.2895, 44.2805 ], [ -68.2848, 44.2796 ], [ -68.2807, 44.2778 ], [ -68.2794, 44.2784 ], [ -68.2774, 44.2821 ], [ -68.2767, 44.2843 ], [ -68.2744, 44.2873 ], [ -68.2668, 44.2869 ], [ -68.2641, 44.2862 ], [ -68.2614, 44.2846 ], [ -68.2582, 44.2823 ], [ -68.2536, 44.2827 ], [ -68.2452, 44.2819 ], [ -68.242, 44.2814 ], [ -68.2358, 44.2794 ], [ -68.2255, 44.2862 ], [ -68.2163, 44.2877 ], [ -68.1972, 44.2896 ], [ -68.2009, 44.284 ], [ -68.2045, 44.2719 ], [ -68.1944, 44.2596 ], [ -68.1826, 44.2471 ], [ -68.1783, 44.2353 ], [ -68.1842, 44.2273 ], [ -68.2121, 44.2239 ], [ -68.2859, 44.2232 ], [ -68.3141, 44.2157 ], [ -68.3218, 44.2268 ], [ -68.3257, 44.2303 ], [ -68.341, 44.2541 ], [ -68.3446, 44.2569 ], [ -68.3435, 44.2589 ], [ -68.3441, 44.2602 ], [ -68.3456, 44.2614 ], [ -68.3464, 44.2624 ], [ -68.3454, 44.2642 ], [ -68.3453, 44.2646 ], [ -68.3462, 44.2653 ], [ -68.3459, 44.2662 ], [ -68.348, 44.2671 ], [ -68.3475, 44.2681 ], [ -68.3487, 44.2678 ], [ -68.3486, 44.2688 ], [ -68.35, 44.2688 ], [ -68.351, 44.2699 ], [ -68.3515, 44.2696 ], [ -68.3516, 44.2702 ], [ -68.3526, 44.2702 ], [ -68.3542, 44.2717 ], [ -68.384, 44.3157 ], [ -68.3606, 44.3187 ] ] ] } },
{ "type": "Feature", "properties": { "GEOIDFQ": "1400000US23025965302", "NAME": "9653.02", "NAMELSAD": "Census Tract 9653.02" }, "geometry": { "type": "Polygon", "coordinates": [ [ [ -70.5472, 45.6661 ], [ -70.5465, 45.666 ], [ -70.5449, 45.6669 ], [ -70.5424, 45.6665 ], [ -70.5394, 45.6678 ], [ -70.5382, 45.6688 ], [ -70.535, 45.6698 ], [ -70.5339, 45.671 ], [ -70.5332, 45.671 ], [ -70.5304, 45.6695 ], [ -70.528, 45.6672 ], [ -70.5264, 45.6664 ], [ -70.5251, 45.6668 ], [ -70.5231, 45.6683 ], [ -70.5199, 45.6691 ], [ -70.5198, 45.6696 ], [ -70.5193, 45.6698 ], [ -70.5198, 45.6714 ], [ -70.5177, 45.6726 ], [ -70.5179, 45.6732 ], [ -70.5172, 45.674 ], [ -70.5155, 45.6748 ], [ -70.5108, 45.6781 ], [ -70.5108, 45.6792 ], [ -70.506, 45.6812 ], [ -70.5036, 45.6814 ], [ -70.5023, 45.6819 ], [ -70.5028, 45.6826 ], [ -70.5024, 45.6833 ], [ -70.4965, 45.6856 ], [ -70.4971, 45.6862 ], [ -70.4965, 45.6864 ], [ -70.4963, 45.6869 ], [ -70.4945, 45.6876 ], [ -70.4943, 45.6887 ], [ -70.4895, 45.6901 ], [ -70.4864, 45.6918 ], [ -70.4851, 45.6927 ], [ -70.4847, 45.6936 ], [ -70.4827, 45.6936 ], [ -70.4808, 45.6943 ], [ -70.4794, 45.6949 ], [ -70.4778, 45.6964 ], [ -70.4761, 45.6969 ], [ -70.475, 45.6978 ], [ -70.475, 45.6986 ], [ -70.4691, 45.7017 ], [ -70.4705, 45.7031 ], [ -70.4671, 45.7047 ], [ -70.4666, 45.706 ], [ -70.4655, 45.7065 ], [ -70.4622, 45.7055 ], [ -70.4614, 45.7056 ], [ -70.4598, 45.7065 ], [ -70.4585, 45.7065 ], [ -70.4574, 45.707 ], [ -70.4559, 45.7071 ], [ -70.4545, 45.7067 ], [ -70.4509, 45.7039 ], [ -70.4491, 45.7045 ], [ -70.4476, 45.7042 ], [ -70.4463, 45.7036 ], [ -70.4445, 45.7038 ], [ -70.4411, 45.7054 ], [ -70.4403, 45.7044 ], [ -70.4392, 45.7039 ], [ -70.4313, 45.707 ], [ -70.4283, 45.7076 ], [ -70.4256, 45.7072 ], [ -70.4255, 45.7077 ], [ -70.4268, 45.7084 ], [ -70.4289, 45.708 ], [ -70.4288, 45.7087 ], [ -70.4296, 45.71 ], [ -70.4292, 45.7104 ], [ -70.4284, 45.7103 ], [ -70.4257, 45.7117 ], [ -70.4229, 45.7118 ], [ -70.4177, 45.7134 ], [ -70.4131, 45.7154 ], [ -70.413, 45.7166 ], [ -70.4106, 45.7164 ], [ -70.4077, 45.7167 ], [ -70.4062, 45.7179 ], [ -70.4037, 45.7184 ], [ -70.4028, 45.7192 ], [ -70.4003, 45.7197 ], [ -70.3995, 45.7208 ], [ -70.4006, 45.7217 ], [ -70.3977, 45.7231 ], [ -70.3977, 45.7242 ], [ -70.397, 45.7244 ], [ -70.3967, 45.7251 ], [ -70.3976, 45.7264 ], [ -70.3967, 45.7269 ], [ -70.397, 45.7285 ], [ -70.3965, 45.7291 ], [ -70.3951, 45.7297 ], [ -70.3925, 45.7292 ], [ -70.3912, 45.7284 ], [ -70.3901, 45.7285 ], [ -70.3858, 45.7326 ], [ -70.3857, 45.7335 ], [ -70.3842, 45.734 ], [ -70.3838, 45.7346 ], [ -70.3843, 45.7348 ], [ -70.3854, 45.7344 ], [ -70.3859, 45.7346 ], [ -70.3858, 45.7351 ], [ -70.3848, 45.7357 ], [ -70.3854, 45.7363 ], [ -70.387, 45.7364 ], [ -70.3881, 45.7359 ], [ -70.3901, 45.7361 ], [ -70.3904, 45.737 ], [ -70.3894, 45.7375 ], [ -70.3909, 45.7376 ], [ -70.392, 45.7381 ], [ -70.3924, 45.7385 ], [ -70.3919, 45.7393 ], [ -70.3934, 45.7396 ], [ -70.3939, 45.7401 ], [ -70.3937, 45.7411 ], [ -70.3929, 45.7415 ], [ -70.3933, 45.7419 ], [ -70.3943, 45.7421 ], [ -70.3946, 45.7425 ], [ -70.3945, 45.7436 ], [ -70.3942, 45.7441 ], [ -70.393, 45.7443 ], [ -70.3921, 45.7457 ], [ -70.3904, 45.7462 ], [ -70.3891, 45.747 ], [ -70.3881, 45.7482 ], [ -70.3887, 45.7491 ], [ -70.3884, 45.7502 ], [ -70.3944, 45.7546 ], [ -70.3959, 45.7566 ], [ -70.3975, 45.7571 ], [ -70.4008, 45.7574 ], [ -70.407, 45.7625 ], [ -70.407, 45.7638 ], [ -70.4063, 45.7647 ], [ -70.4064, 45.7686 ], [ -70.406, 45.7696 ], [ -70.4055, 45.77 ], [ -70.4061, 45.7712 ], [ -70.4074, 45.7722 ], [ -70.4077, 45.7732 ], [ -70.4056, 45.7765 ], [ -70.4057, 45.7769 ], [ -70.4068, 45.7773 ], [ -70.4083, 45.7799 ], [ -70.4082, 45.7804 ], [ -70.4088, 45.781 ], [ -70.4091, 45.7826 ], [ -70.4102, 45.7842 ], [ -70.411, 45.7847 ], [ -70.4148, 45.7844 ], [ -70.4157, 45.7853 ], [ -70.4144, 45.7902 ], [ -70.4148, 45.7914 ], [ -70.4166, 45.7935 ], [ -70.417, 45.7934 ], [ -70.4178, 45.794 ], [ -70.4169, 45.7955 ], [ -70.4137, 45.796 ], [ -70.4084, 45.7977 ], [ -70.4067, 45.7978 ], [ -70.4053, 45.7968 ], [ -70.4039, 45.7963 ], [ -70.4014, 45.796 ], [ -70.3989, 45.7966 ], [ -70.3962, 45.7987 ], [ -70.3957, 45.7995 ], [ -70.3966, 45.7999 ], [ -70.3964, 45.8015 ], [ -70.3957, 45.8025 ], [ -70.3979, 45.8038 ], [ -70.3968, 45.8055 ], [ -70.3966, 45.8062 ], [ -70.3972, 45.8073 ], [ -70.3967, 45.8081 ], [ -70.3904, 45.8122 ], [ -70.3902, 45.8133 ], [ -70.3885, 45.8138 ], [ -70.3878, 45.8144 ], [ -70.3883, 45.8162 ], [ -70.388, 45.8188 ], [ -70.384, 45.8217 ], [ -70.3817, 45.8228 ], [ -70.38, 45.8248 ], [ -70.3768, 45.8268 ], [ -70.3751, 45.8275 ], [ -70.3728, 45.8277 ], [ -70.3722, 45.828 ], [ -70.3721, 45.8289 ], [ -70.3712, 45.83 ], [ -70.3693, 45.8312 ], [ -70.3704, 45.8317 ], [ -70.3698, 45.8324 ], [ -70.3719, 45.834 ], [ -70.3708, 45.8352 ], [ -70.3684, 45.836 ], [ -70.3676, 45.8358 ], [ -70.3671, 45.8348 ], [ -70.3657, 45.835 ], [ -70.3645, 45.8347 ], [ -70.3618, 45.8358 ], [ -70.3594, 45.8354 ], [ -70.3561, 45.8379 ], [ -70.3566, 45.8388 ], [ -70.3557, 45.8396 ], [ -70.3522, 45.8409 ], [ -70.3522, 45.8417 ], [ -70.353, 45.8424 ], [ -70.3517, 45.844 ], [ -70.3503, 45.8446 ], [ -70.3494, 45.8456 ], [ -70.3493, 45.8471 ], [ -70.3463, 45.849 ], [ -70.3435, 45.85 ], [ -70.3419, 45.8523 ], [ -70.3378, 45.8527 ], [ -70.3359, 45.8533 ], [ -70.3329, 45.8531 ], [ -70.3308, 45.8542 ], [ -70.3291, 45.8541 ], [ -70.329, 45.8549 ], [ -70.3234, 45.8553 ], [ -70.3217, 45.8562 ], [ -70.3198, 45.8557 ], [ -70.3171, 45.8565 ], [ -70.3144, 45.8579 ], [ -70.3116, 45.8585 ], [ -70.31, 45.8585 ], [ -70.3078, 45.8588 ], [ -70.3057, 45.8601 ], [ -70.3035, 45.8627 ], [ -70.2969, 45.8648 ], [ -70.2903, 45.869 ], [ -70.2896, 45.869 ], [ -70.2876, 45.8709 ], [ -70.2853, 45.8717 ], [ -70.2845, 45.8717 ], [ -70.2825, 45.8736 ], [ -70.2809, 45.8743 ], [ -70.2806, 45.8757 ], [ -70.2794, 45.8766 ], [ -70.2783, 45.8771 ], [ -70.277, 45.8784 ], [ -70.2739, 45.8796 ], [ -70.2738, 45.881 ], [ -70.2722, 45.8831 ], [ -70.2676, 45.8859 ], [ -70.2656, 45.8863 ], [ -70.2637, 45.8876 ], [ -70.2619, 45.8881 ], [ -70.2588, 45.8912 ], [ -70.2618, 45.8924 ], [ -70.2623, 45.8921 ], [ -70.2642, 45.8927 ], [ -70.2657, 45.8934 ], [ -70.2657, 45.8937 ], [ -70.2646, 45.8943 ], [ -70.2631, 45.8964 ], [ -70.2616, 45.8969 ], [ -70.2602, 45.8989 ], [ -70.2581, 45.8998 ], [ -70.2573, 45.9006 ], [ -70.2558, 45.9011 ], [ -70.2539, 45.9025 ], [ -70.2533, 45.9035 ], [ -70.2539, 45.904 ], [ -70.2534, 45.9074 ], [ -70.2543, 45.9076 ], [ -70.2552, 45.909 ], [ -70.2577, 45.909 ], [ -70.2593, 45.9094 ], [ -70.2595, 45.9098 ], [ -70.2595, 45.9107 ], [ -70.2583, 45.9123 ], [ -70.2589, 45.915 ], [ -70.2585, 45.9155 ], [ -70.2576, 45.9157 ], [ -70.2573, 45.9163 ], [ -70.2578, 45.9173 ], [ -70.2572, 45.9176 ], [ -70.2574, 45.9182 ], [ -70.2594, 45.919 ], [ -70.2606, 45.9205 ], [ -70.2624, 45.92 ], [ -70.2626, 45.9213 ], [ -70.2621, 45.9226 ], [ -70.2631, 45.924 ], [ -70.2615, 45.9255 ], [ -70.2588, 45.9268 ], [ -70.2587, 45.9285 ], [ -70.2562, 45.9289 ], [ -70.254, 45.9307 ], [ -70.2533, 45.9325 ], [ -70.2515, 45.9337 ], [ -70.2484, 45.935 ], [ -70.2468, 45.9362 ], [ -70.244, 45.9371 ], [ -70.2431, 45.937 ], [ -70.2426, 45.9379 ], [ -70.2396, 45.9396 ], [ -70.2402, 45.9408 ], [ -70.2397, 45.9415 ], [ -70.2404, 45.942 ], [ -70.2404, 45.9429 ], [ -70.2391, 45.9436 ], [ -70.2391, 45.9439 ], [ -70.2405, 45.9439 ], [ -70.2413, 45.9446 ], [ -70.2423, 45.9442 ], [ -70.2443, 45.9447 ], [ -70.2426, 45.9458 ], [ -70.2428, 45.9462 ], [ -70.2423, 45.9466 ], [ -70.2447, 45.9476 ], [ -70.246, 45.9491 ], [ -70.248, 45.9496 ], [ -70.2486, 45.9502 ], [ -70.2481, 45.9509 ], [ -70.2492, 45.9521 ], [ -70.249, 45.9524 ], [ -70.2508, 45.9531 ], [ -70.2518, 45.9542 ], [ -70.2514, 45.9546 ], [ -70.2516, 45.9549 ], [ -70.2528, 45.9554 ], [ -70.255, 45.9543 ], [ -70.2552, 45.9537 ], [ -70.2549, 45.9531 ], [ -70.2564, 45.9521 ], [ -70.2578, 45.9526 ], [ -70.2589, 45.952 ], [ -70.2605, 45.9523 ], [ -70.2609, 45.9529 ], [ -70.2604, 45.9536 ], [ -70.2587, 45.9546 ], [ -70.2586, 45.9553 ], [ -70.2597, 45.9563 ], [ -70.2601, 45.9576 ], [ -70.258, 45.959 ], [ -70.2587, 45.9595 ], [ -70.2614, 45.96 ], [ -70.2633, 45.962 ], [ -70.2644, 45.9623 ], [ -70.2644, 45.9627 ], [ -70.2654, 45.9628 ], [ -70.2657, 45.9642 ], [ -70.2675, 45.9628 ], [ -70.269, 45.9622 ], [ -70.2701, 45.9622 ], [ -70.2718, 45.9612 ], [ -70.2735, 45.9611 ], [ -70.2745, 45.9614 ], [ -70.2749, 45.9635 ], [ -70.2727, 45.9644 ], [ -70.2736, 45.9642 ], [ -70.2748, 45.9662 ], [ -70.2757, 45.9669 ], [ -70.277, 45.9673 ], [ -70.2774, 45.9665 ], [ -70.2801, 45.9655 ], [ -70.2802, 45.965 ], [ -70.2813, 45.964 ], [ -70.2821, 45.9643 ], [ -70.2834, 45.9638 ], [ -70.2842, 45.9645 ], [ -70.2866, 45.9646 ], [ -70.2882, 45.964 ], [ -70.2891, 45.9632 ], [ -70.2907, 45.9636 ], [ -70.2952, 45.9629 ], [ -70.2968, 45.9635 ], [ -70.2984, 45.9629 ], [ -70.2989, 45.9636 ], [ -70.2997, 45.9636 ], [ -70.3007, 45.9643 ], [ -70.3033, 45.9641 ], [ -70.3038, 45.9643 ], [ -70.3038, 45.9649 ], [ -70.3048, 45.965 ], [ -70.3082, 45.9638 ], [ -70.3094, 45.9628 ], [ -70.3126, 45.9621 ], [ -70.3133, 45.963 ], [ -70.3159, 45.963 ], [ -70.3159, 45.964 ], [ -70.3153, 45.9645 ], [ -70.3141, 45.9646 ], [ -70.3123, 45.9655 ], [ -70.3116, 45.9664 ], [ -70.3125, 45.9691 ], [ -70.3112, 45.9711 ], [ -70.3112, 45.972 ], [ -70.3102, 45.9725 ], [ -70.3106, 45.9736 ], [ -70.3119, 45.974 ], [ -70.3119, 45.9745 ], [ -70.3101, 45.9758 ], [ -70.3099, 45.9772 ], [ -70.307, 45.9783 ], [ -70.3089, 45.9804 ], [ -70.3077, 45.9812 ], [ -70.307, 45.9827 ], [ -70.305, 45.9835 ], [ -70.3043, 45.9835 ], [ -70.3034, 45.984 ], [ -70.3028, 45.9839 ], [ -70.3016, 45.9843 ], [ -70.2997, 45.9859 ], [ -70.2955, 45.9859 ], [ -70.2947, 45.9862 ], [ -70.2929, 45.9879 ], [ -70.2917, 45.9886 ], [ -70.291, 45.9897 ], [ -70.2863, 45.9925 ], [ -70.2872, 45.993 ], [ -70.287, 45.9935 ], [ -70.2839, 45.9955 ], [ -70.2865, 45.9944 ], [ -70.2886, 45.994 ], [ -70.2889, 45.9944 ], [ -70.2884, 45.9947 ], [ -70.2887, 45.9953 ], [ -70.2908, 45.9947 ], [ -70.2911, 45.995 ], [ -70.2904, 45.9959 ], [ -70.2914, 45.9961 ], [ -70.2919, 45.9966 ], [ -70.2914, 45.9971 ], [ -70.2919, 45.9974 ], [ -70.294, 45.9969 ], [ -70.2954, 45.997 ], [ -70.2966, 45.9977 ], [ -70.2982, 45.998 ], [ -70.2989, 45.9985 ], [ -70.2994, 45.9983 ], [ -70.3005, 45.9989 ], [ -70.3024, 45.9987 ], [ -70.304, 46.0012 ], [ -70.3027, 46.0019 ], [ -70.303, 46.003 ], [ -70.3043, 46.003 ], [ -70.3055, 46.0036 ], [ -70.3059, 46.0056 ], [ -70.3053, 46.006 ], [ -70.3051, 46.0068 ], [ -70.3061, 46.0098 ], [ -70.3069, 46.0106 ], [ -70.3089, 46.0104 ], [ -70.3097, 46.0114 ], [ -70.3113, 46.0121 ], [ -70.3107, 46.0127 ], [ -70.3109, 46.0135 ], [ -70.3104, 46.0139 ], [ -70.3105, 46.0149 ], [ -70.3111, 46.0157 ], [ -70.312, 46.0155 ], [ -70.3122, 46.0167 ], [ -70.314, 46.0161 ], [ -70.3151, 46.0168 ], [ -70.3153, 46.0182 ], [ -70.3176, 46.0187 ], [ -70.318, 46.0191 ], [ -70.3174, 46.0195 ], [ -70.3163, 46.0196 ], [ -70.3152, 46.0203 ], [ -70.3148, 46.0213 ], [ -70.314, 46.0217 ], [ -70.3136, 46.0223 ], [ -70.3097, 46.0241 ], [ -70.3063, 46.0249 ], [ -70.3034, 46.0268 ], [ -70.3014, 46.0276 ], [ -70.3017, 46.0284 ], [ -70.3001, 46.029 ], [ -70.2988, 46.0301 ], [ -70.2985, 46.0309 ], [ -70.3019, 46.0318 ], [ -70.3019, 46.0333 ], [ -70.3007, 46.034 ], [ -70.3011, 46.0347 ], [ -70.3003, 46.0357 ], [ -70.2997, 46.0359 ], [ -70.2999, 46.0369 ], [ -70.2993, 46.0382 ], [ -70.2974, 46.0398 ], [ -70.2974, 46.0407 ], [ -70.2942, 46.041 ], [ -70.2924, 46.0431 ], [ -70.2901, 46.0444 ], [ -70.2903, 46.0451 ], [ -70.2891, 46.0465 ], [ -70.2876, 46.0469 ], [ -70.2859, 46.048 ], [ -70.2847, 46.0483 ], [ -70.2834, 46.0495 ], [ -70.281, 46.0506 ], [ -70.2796, 46.0523 ], [ -70.2808, 46.0532 ], [ -70.2805, 46.0538 ], [ -70.2808, 46.0543 ], [ -70.2796, 46.0546 ], [ -70.2795, 46.0557 ], [ -70.2783, 46.0563 ], [ -70.2794, 46.0585 ], [ -70.2783, 46.0592 ], [ -70.2789, 46.0608 ], [ -70.2822, 46.0603 ], [ -70.283, 46.0612 ], [ -70.2832, 46.062 ], [ -70.2842, 46.0627 ], [ -70.2869, 46.0627 ], [ -70.2875, 46.0623 ], [ -70.2891, 46.0622 ], [ -70.2922, 46.0604 ], [ -70.2957, 46.0607 ], [ -70.2965, 46.0604 ], [ -70.2988, 46.0609 ], [ -70.3004, 46.0606 ], [ -70.3011, 46.061 ], [ -70.3017, 46.0608 ], [ -70.3034, 46.0623 ], [ -70.3053, 46.0614 ], [ -70.3069, 46.0611 ], [ -70.3094, 46.0625 ], [ -70.311, 46.0642 ], [ -70.3108, 46.0646 ], [ -70.3089, 46.0656 ], [ -70.3063, 46.0684 ], [ -70.3025, 46.0704 ], [ -70.3028, 46.0712 ], [ -70.3043, 46.0711 ], [ -70.305, 46.0718 ], [ -70.3021, 46.0733 ], [ -70.3028, 46.0745 ], [ -70.3029, 46.0766 ], [ -70.3021, 46.0774 ], [ -70.3006, 46.0778 ], [ -70.3, 46.0784 ], [ -70.2999, 46.0791 ], [ -70.3023, 46.0804 ], [ -70.3024, 46.0811 ], [ -70.3019, 46.0824 ], [ -70.3003, 46.0836 ], [ -70.2936, 46.0855 ], [ -70.292, 46.0868 ], [ -70.291, 46.0895 ], [ -70.291, 46.0918 ], [ -70.2897, 46.0946 ], [ -70.2849, 46.0971 ], [ -70.2842, 46.0979 ], [ -70.2859, 46.0998 ], [ -70.2847, 46.0998 ], [ -70.283, 46.1004 ], [ -70.2794, 46.0999 ], [ -70.2736, 46.1021 ], [ -70.2725, 46.1021 ], [ -70.2704, 46.1011 ], [ -70.2685, 46.1013 ], [ -70.2645, 46.1005 ], [ -70.2637, 46.1007 ], [ -70.2626, 46.1004 ], [ -70.2607, 46.101 ], [ -70.2576, 46.1003 ], [ -70.2572, 46.0996 ], [ -70.2549, 46.0995 ], [ -70.2531, 46.1001 ], [ -70.2526, 46.1016 ], [ -70.2529, 46.1041 ], [ -70.2522, 46.1053 ], [ -70.2528, 46.1076 ], [ -70.2536, 46.1075 ], [ -70.2542, 46.1077 ], [ -70.2553, 46.109 ], [ -70.2546, 46.1101 ], [ -70.2553, 46.1104 ], [ -70.2553, 46.1108 ], [ -70.2541, 46.1111 ], [ -70.2541, 46.1119 ], [ -70.2535, 46.1123 ], [ -70.2535, 46.1128 ], [ -70.2541, 46.1134 ], [ -70.2544, 46.1133 ], [ -70.2545, 46.1137 ], [ -70.2534, 46.1142 ], [ -70.2535, 46.1146 ], [ -70.2527, 46.1145 ], [ -70.253, 46.1152 ], [ -70.2522, 46.1151 ], [ -70.2524, 46.1163 ], [ -70.2516, 46.1167 ], [ -70.2518, 46.1178 ], [ -70.251, 46.118 ], [ -70.251, 46.1189 ], [ -70.2515, 46.1195 ], [ -70.2506, 46.1197 ], [ -70.2505, 46.1203 ], [ -70.2497, 46.1204 ], [ -70.2485, 46.1222 ], [ -70.2478, 46.1227 ], [ -70.248, 46.124 ], [ -70.2475, 46.124 ], [ -70.247, 46.1244 ], [ -70.2474, 46.1256 ], [ -70.2469, 46.1254 ], [ -70.2455, 46.1261 ], [ -70.2451, 46.1272 ], [ -70.2446, 46.1274 ], [ -70.245, 46.1278 ], [ -70.2448, 46.1284 ], [ -70.2436, 46.1288 ], [ -70.2439, 46.1298 ], [ -70.2435, 46.1304 ], [ -70.2439, 46.131 ], [ -70.2429, 46.1311 ], [ -70.2424, 46.1317 ], [ -70.243, 46.1324 ], [ -70.2415, 46.1348 ], [ -70.242, 46.1353 ], [ -70.2406, 46.1368 ], [ -70.2402, 46.1369 ], [ -70.2403, 46.1379 ], [ -70.2397, 46.1379 ], [ -70.2396, 46.1383 ], [ -70.2403, 46.139 ], [ -70.2402, 46.1396 ], [ -70.2396, 46.1395 ], [ -70.2393, 46.1399 ], [ -70.2395, 46.1403 ], [ -70.2401, 46.1404 ], [ -70.2393, 46.1411 ], [ -70.2398, 46.1418 ], [ -70.2392, 46.1421 ], [ -70.2396, 46.1432 ], [ -70.2363, 46.1452 ], [ -70.2368, 46.1455 ], [ -70.2366, 46.1464 ], [ -70.2376, 46.1467 ], [ -70.2393, 46.1488 ], [ -70.2404, 46.149 ], [ -70.24, 46.1498 ], [ -70.2406, 46.151 ], [ -70.2412, 46.151 ], [ -70.2416, 46.15 ], [ -70.2425, 46.1498 ], [ -70.2438, 46.1507 ], [ -70.2438, 46.1515 ], [ -70.2445, 46.1515 ], [ -70.2458, 46.1509 ], [ -70.2468, 46.1518 ], [ -70.2482, 46.1518 ], [ -70.2484, 46.1525 ], [ -70.248, 46.1525 ], [ -70.2476, 46.1531 ], [ -70.248, 46.1535 ], [ -70.2504, 46.1543 ], [ -70.2504, 46.1546 ], [ -70.2495, 46.1555 ], [ -70.2511, 46.1568 ], [ -70.2522, 46.1571 ], [ -70.2526, 46.1582 ], [ -70.2538, 46.1585 ], [ -70.2554, 46.1585 ], [ -70.2558, 46.1589 ], [ -70.2557, 46.1594 ], [ -70.2565, 46.1593 ], [ -70.2573, 46.1597 ], [ -70.2578, 46.1605 ], [ -70.2591, 46.1613 ], [ -70.2584, 46.1618 ], [ -70.2596, 46.1632 ], [ -70.2612, 46.1636 ], [ -70.2621, 46.1644 ], [ -70.2632, 46.1643 ], [ -70.2645, 46.1647 ], [ -70.2647, 46.1675 ], [ -70.2658, 46.1681 ], [ -70.2666, 46.1693 ], [ -70.2672, 46.1692 ], [ -70.268, 46.1701 ], [ -70.2707, 46.1707 ], [ -70.2702, 46.1711 ], [ -70.2711, 46.172 ], [ -70.2737, 46.1723 ], [ -70.275, 46.173 ], [ -70.2755, 46.1733 ], [ -70.275, 46.1739 ], [ -70.2754, 46.1744 ], [ -70.2776, 46.1746 ], [ -70.2801, 46.1766 ], [ -70.2803, 46.1775 ], [ -70.281, 46.1775 ], [ -70.2814, 46.1781 ], [ -70.2824, 46.1787 ], [ -70.2826, 46.1798 ], [ -70.2829, 46.1803 ], [ -70.2838, 46.1803 ], [ -70.2842, 46.1809 ], [ -70.2838, 46.1811 ], [ -70.2838, 46.1814 ], [ -70.2858, 46.1826 ], [ -70.2859, 46.1846 ], [ -70.2872, 46.1847 ], [ -70.2883, 46.1852 ], [ -70.2906, 46.1851 ], [ -70.2907, 46.1877 ], [ -70.2901, 46.1879 ], [ -70.2901, 46.1889 ], [ -70.2914, 46.1897 ], [ -70.2912, 46.1902 ], [ -70.2924, 46.1902 ], [ -70.2927, 46.1915 ], [ -70.2896, 46.1928 ], [ -70.289, 46.1928 ], [ -70.2892, 46.1936 ], [ -70.2879, 46.1939 ], [ -70.2882, 46.1953 ], [ -70.287, 46.1951 ], [ -70.286, 46.1954 ], [ -70.2861, 46.1966 ], [ -70.2854, 46.1976 ], [ -70.2846, 46.1977 ], [ -70.2836, 46.1991 ], [ -70.2816, 46.1997 ], [ -70.2811, 46.2001 ], [ -70.2814, 46.2011 ], [ -70.2799, 46.2015 ], [ -70.2785, 46.2036 ], [ -70.2775, 46.2037 ], [ -70.2764, 46.2075 ], [ -70.2736, 46.209 ], [ -70.2728, 46.2098 ], [ -70.2718, 46.2099 ], [ -70.2722, 46.2109 ], [ -70.2716, 46.2111 ], [ -70.2711, 46.2108 ], [ -70.2709, 46.2115 ], [ -70.272, 46.2126 ], [ -70.2716, 46.2131 ], [ -70.272, 46.2137 ], [ -70.2744, 46.2145 ], [ -70.274, 46.2154 ], [ -70.273, 46.2163 ], [ -70.2736, 46.2168 ], [ -70.2723, 46.2171 ], [ -70.2715, 46.2165 ], [ -70.2711, 46.2172 ], [ -70.2707, 46.2169 ], [ -70.2698, 46.2172 ], [ -70.2695, 46.218 ], [ -70.2692, 46.2178 ], [ -70.2687, 46.218 ], [ -70.2684, 46.2186 ], [ -70.2686, 46.2188 ], [ -70.2694, 46.2186 ], [ -70.269, 46.2197 ], [ -70.2677, 46.2192 ], [ -70.2675, 46.2194 ], [ -70.2679, 46.2208 ], [ -70.2658, 46.2236 ], [ -70.2673, 46.225 ], [ -70.2656, 46.2257 ], [ -70.2655, 46.2263 ], [ -70.2638, 46.2276 ], [ -70.2641, 46.2282 ], [ -70.2635, 46.229 ], [ -70.2622, 46.2291 ], [ -70.2604, 46.2302 ], [ -70.2601, 46.2309 ], [ -70.2609, 46.2311 ], [ -70.2599, 46.2319 ], [ -70.2593, 46.2345 ], [ -70.2583, 46.2355 ], [ -70.258, 46.2379 ], [ -70.2594, 46.2385 ], [ -70.2592, 46.2389 ], [ -70.2571, 46.2403 ], [ -70.2569, 46.2411 ], [ -70.2572, 46.2418 ], [ -70.256, 46.2433 ], [ -70.2561, 46.2443 ], [ -70.2556, 46.245 ], [ -70.2541, 46.2457 ], [ -70.2543, 46.2459 ], [ -70.2554, 46.2459 ], [ -70.2554, 46.2461 ], [ -70.2509, 46.2491 ], [ -70.2517, 46.2506 ], [ -70.2515, 46.2519 ], [ -70.252, 46.2525 ], [ -70.2535, 46.2529 ], [ -70.2547, 46.2542 ], [ -70.253, 46.2552 ], [ -70.2535, 46.2568 ], [ -70.2529, 46.2581 ], [ -70.2531, 46.2588 ], [ -70.2525, 46.26 ], [ -70.2513, 46.2607 ], [ -70.2508, 46.2606 ], [ -70.2501, 46.2614 ], [ -70.2504, 46.2619 ], [ -70.2496, 46.2624 ], [ -70.2505, 46.2628 ], [ -70.2501, 46.2636 ], [ -70.2493, 46.2639 ], [ -70.2495, 46.2645 ], [ -70.2485, 46.2652 ], [ -70.2487, 46.2671 ], [ -70.2458, 46.2698 ], [ -70.243, 46.2718 ], [ -70.2434, 46.2731 ], [ -70.2425, 46.2734 ], [ -70.2416, 46.2728 ], [ -70.2407, 46.2729 ], [ -70.2407, 46.2749 ], [ -70.2394, 46.2758 ], [ -70.2395, 46.2764 ], [ -70.2402, 46.277 ], [ -70.2399, 46.2792 ], [ -70.2377, 46.2808 ], [ -70.2368, 46.2808 ], [ -70.2355, 46.2815 ], [ -70.2343, 46.2835 ], [ -70.2325, 46.2847 ], [ -70.2317, 46.2881 ], [ -70.2316, 46.291 ], [ -70.2289, 46.2916 ], [ -70.2287, 46.2923 ], [ -70.2277, 46.2921 ], [ -70.2257, 46.2928 ], [ -70.2242, 46.2926 ], [ -70.2228, 46.2932 ], [ -70.2207, 46.2932 ], [ -70.2179, 46.2942 ], [ -70.217, 46.2942 ], [ -70.2166, 46.2944 ], [ -70.2174, 46.2952 ], [ -70.2169, 46.2954 ], [ -70.2162, 46.2954 ], [ -70.2158, 46.2949 ], [ -70.2152, 46.2948 ], [ -70.2152, 46.2954 ], [ -70.2144, 46.2954 ], [ -70.2145, 46.2959 ], [ -70.2135, 46.2964 ], [ -70.2143, 46.2968 ], [ -70.2141, 46.2972 ], [ -70.2124, 46.2985 ], [ -70.2104, 46.2982 ], [ -70.2091, 46.2988 ], [ -70.2068, 46.2992 ], [ -70.2059, 46.2997 ], [ -70.2056, 46.3004 ], [ -70.2067, 46.3012 ], [ -70.2053, 46.3028 ], [ -70.2065, 46.3063 ], [ -70.2061, 46.3099 ], [ -70.205, 46.3106 ], [ -70.2037, 46.3125 ], [ -70.203, 46.3144 ], [ -70.2045, 46.3162 ], [ -70.2043, 46.3168 ], [ -70.2056, 46.3175 ], [ -70.2073, 46.3196 ], [ -70.2067, 46.3213 ], [ -70.2072, 46.3222 ], [ -70.206, 46.3239 ], [ -70.206, 46.3247 ], [ -70.2076, 46.3281 ], [ -70.2089, 46.3295 ], [ -70.2074, 46.3315 ], [ -70.2053, 46.3326 ], [ -70.2051, 46.3333 ], [ -70.2042, 46.3342 ], [ -70.202, 46.3353 ], [ -70.2009, 46.337 ], [ -70.1971, 46.3401 ], [ -70.1957, 46.3408 ], [ -70.1952, 46.3422 ], [ -70.1958, 46.3433 ], [ -70.1934, 46.346 ], [ -70.1931, 46.3469 ], [ -70.1915, 46.3476 ], [ -70.1913, 46.3481 ], [ -70.1917, 46.349 ], [ -70.1922, 46.349 ], [ -70.1912, 46.3502 ], [ -70.1896, 46.3505 ], [ -70.1886, 46.3499 ], [ -70.1879, 46.35 ], [ -70.1843, 46.352 ], [ -70.1833, 46.3516 ], [ -70.1817, 46.3522 ], [ -70.1811, 46.3542 ], [ -70.1805, 46.3546 ], [ -70.1773, 46.3556 ], [ -70.1762, 46.3566 ], [ -70.1753, 46.3581 ], [ -70.1729, 46.3592 ], [ -70.1708, 46.3594 ], [ -70.1683, 46.3586 ], [ -70.1666, 46.3574 ], [ -70.166, 46.3574 ], [ -70.1642, 46.3591 ], [ -70.1631, 46.3592 ], [ -70.1625, 46.3597 ], [ -70.1625, 46.3606 ], [ -70.1617, 46.3611 ], [ -70.1598, 46.3608 ], [ -70.1603, 46.3599 ], [ -70.1586, 46.3592 ], [ -70.1579, 46.3595 ], [ -70.1581, 46.3606 ], [ -70.1564, 46.3615 ], [ -70.1558, 46.3613 ], [ -70.1543, 46.3601 ], [ -70.1515, 46.3593 ], [ -70.1481, 46.359 ], [ -70.1473, 46.3594 ], [ -70.1449, 46.3621 ], [ -70.1419, 46.3622 ], [ -70.1411, 46.3625 ], [ -70.1404, 46.3637 ], [ -70.1414, 46.3645 ], [ -70.1414, 46.3648 ], [ -70.1394, 46.3656 ], [ -70.1386, 46.3663 ], [ -70.1381, 46.3672 ], [ -70.1382, 46.3685 ], [ -70.1364, 46.3699 ], [ -70.1358, 46.37 ], [ -70.1353, 46.3694 ], [ -70.1337, 46.3689 ], [ -70.1317, 46.3697 ], [ -70.1295, 46.3694 ], [ -70.1288, 46.3707 ], [ -70.127, 46.3708 ], [ -70.1267, 46.3711 ], [ -70.1273, 46.372 ], [ -70.1281, 46.3789 ], [ -70.127, 46.3804 ], [ -70.1258, 46.3815 ], [ -70.1225, 46.3826 ], [ -70.1162, 46.3859 ], [ -70.116, 46.387 ], [ -70.117, 46.3874 ], [ -70.1166, 46.3882 ], [ -70.115, 46.388 ], [ -70.1146, 46.3861 ], [ -70.1148, 46.3855 ], [ -70.1142, 46.3852 ], [ -70.1127, 46.3859 ], [ -70.1108, 46.3861 ], [ -70.1119, 46.3874 ], [ -70.1127, 46.3877 ], [ -70.1123, 46.3881 ], [ -70.1115, 46.3884 ], [ -70.1111, 46.3878 ], [ -70.1102, 46.3874 ], [ -70.1097, 46.388 ], [ -70.1102, 46.3887 ], [ -70.1099, 46.3889 ], [ -70.1081, 46.3887 ], [ -70.1087, 46.3881 ], [ -70.1081, 46.3876 ], [ -70.1078, 46.3877 ], [ -70.1075, 46.3881 ], [ -70.1078, 46.389 ], [ -70.1085, 46.3897 ], [ -70.1099, 46.3903 ], [ -70.1095, 46.391 ], [ -70.1087, 46.3914 ], [ -70.1068, 46.3905 ], [ -70.1069, 46.392 ], [ -70.1075, 46.3926 ], [ -70.1066, 46.3932 ], [ -70.1046, 46.3937 ], [ -70.1041, 46.3948 ], [ -70.1017, 46.3971 ], [ -70.1007, 46.399 ], [ -70.1009, 46.4013 ], [ -70.099, 46.4008 ], [ -70.0988, 46.4011 ], [ -70.1001, 46.4022 ], [ -70.0993, 46.403 ], [ -70.1004, 46.4031 ], [ -70.0999, 46.4036 ], [ -70.0988, 46.4034 ], [ -70.0978, 46.4042 ], [ -70.0982, 46.4046 ], [ -70.1, 46.4043 ], [ -70.1008, 46.4047 ], [ -70.1009, 46.4053 ], [ -70.0969, 46.4053 ], [ -70.0952, 46.4064 ], [ -70.0955, 46.407 ], [ -70.0964, 46.4067 ], [ -70.0968, 46.407 ], [ -70.0949, 46.4078 ], [ -70.0945, 46.4083 ], [ -70.0964, 46.4088 ], [ -70.0969, 46.4095 ], [ -70.0951, 46.4099 ], [ -70.092, 46.4095 ], [ -70.0903, 46.4106 ], [ -70.0891, 46.4109 ], [ -70.0881, 46.4105 ], [ -70.087, 46.4092 ], [ -70.0865, 46.4092 ], [ -70.0837, 46.4104 ], [ -70.0812, 46.4107 ], [ -70.0789, 46.4105 ], [ -70.078, 46.4098 ], [ -70.0764, 46.4095 ], [ -70.072, 46.4112 ], [ -70.0669, 46.4121 ], [ -70.0659, 46.4126 ], [ -70.065, 46.4139 ], [ -70.0642, 46.4141 ], [ -70.0619, 46.4138 ], [ -70.0595, 46.4145 ], [ -70.0572, 46.4149 ], [ -70.0565, 46.4156 ], [ -70.0232, 46.5735 ], [ -69.9617, 46.5738 ], [ -69.8163, 46.5733 ], [ -69.7211, 46.5741 ], [ -69.7192, 46.3941 ], [ -69.7323, 46.394 ], [ -69.7299, 46.1477 ], [ -69.7295, 46.0785 ], [ -69.7287, 46.0283 ], [ -69.7286, 45.9769 ], [ -69.6836, 45.9836 ], [ -69.6759, 45.9595 ], [ -69.6576, 45.8985 ], [ -69.6466, 45.864 ], [ -69.6468, 45.8631 ], [ -69.6476, 45.8636 ], [ -69.6486, 45.8628 ], [ -69.6495, 45.8634 ], [ -69.6511, 45.8628 ], [ -69.6515, 45.8636 ], [ -69.6528, 45.8639 ], [ -69.6539, 45.8637 ], [ -69.6539, 45.863 ], [ -69.6551, 45.8626 ], [ -69.655, 45.8623 ], [ -69.6544, 45.8622 ], [ -69.6549, 45.8617 ], [ -69.6558, 45.8622 ], [ -69.6568, 45.8619 ], [ -69.6569, 45.8613 ], [ -69.6563, 45.8606 ], [ -69.6567, 45.8601 ], [ -69.6586, 45.8611 ], [ -69.6592, 45.861 ], [ -69.6594, 45.8605 ], [ -69.6601, 45.8611 ], [ -69.6608, 45.8607 ], [ -69.6624, 45.8611 ], [ -69.6621, 45.8603 ], [ -69.6639, 45.8603 ], [ -69.6641, 45.8616 ], [ -69.6663, 45.862 ], [ -69.669, 45.8613 ], [ -69.6699, 45.8608 ], [ -69.6734, 45.8624 ], [ -69.6736, 45.8618 ], [ -69.6744, 45.8622 ], [ -69.6729, 45.8606 ], [ -69.6732, 45.8599 ], [ -69.6724, 45.859 ], [ -69.6739, 45.8575 ], [ -69.6742, 45.8567 ], [ -69.6738, 45.8562 ], [ -69.6743, 45.8557 ], [ -69.6748, 45.8533 ], [ -69.6745, 45.8523 ], [ -69.6763, 45.8514 ], [ -69.6762, 45.8527 ], [ -69.6776, 45.8529 ], [ -69.6784, 45.8519 ], [ -69.6815, 45.8516 ], [ -69.6823, 45.8521 ], [ -69.6834, 45.851 ], [ -69.6841, 45.8516 ], [ -69.6861, 45.8518 ], [ -69.6859, 45.8528 ], [ -69.6867, 45.8536 ], [ -69.6901, 45.8542 ], [ -69.6893, 45.8552 ], [ -69.6892, 45.8579 ], [ -69.6905, 45.8588 ], [ -69.6917, 45.8589 ], [ -69.6919, 45.8595 ], [ -69.6914, 45.8607 ], [ -69.6925, 45.8615 ], [ -69.6938, 45.8619 ], [ -69.6928, 45.8628 ], [ -69.6931, 45.8641 ], [ -69.6919, 45.8648 ], [ -69.692, 45.8651 ], [ -69.6945, 45.864 ], [ -69.6969, 45.8643 ], [ -69.6967, 45.8655 ], [ -69.6972, 45.8663 ], [ -69.6968, 45.8672 ], [ -69.6991, 45.8686 ], [ -69.6991, 45.8701 ], [ -69.7002, 45.8708 ], [ -69.7002, 45.8718 ], [ -69.7013, 45.8726 ], [ -69.7005, 45.8732 ], [ -69.7004, 45.8738 ], [ -69.7026, 45.8771 ], [ -69.7022, 45.8776 ], [ -69.7027, 45.8783 ], [ -69.7016, 45.8791 ], [ -69.7014, 45.8798 ], [ -69.6985, 45.8803 ], [ -69.6984, 45.8845 ], [ -69.6978, 45.8857 ], [ -69.699, 45.8855 ], [ -69.7017, 45.8861 ], [ -69.7031, 45.8858 ], [ -69.7039, 45.8852 ], [ -69.7057, 45.885 ], [ -69.708, 45.8857 ], [ -69.7088, 45.8856 ], [ -69.7117, 45.8847 ], [ -69.7119, 45.8842 ], [ -69.7126, 45.8841 ], [ -69.7128, 45.8832 ], [ -69.7145, 45.8835 ], [ -69.7159, 45.8834 ], [ -69.7172, 45.8825 ], [ -69.7193, 45.8822 ], [ -69.7226, 45.881 ], [ -69.7235, 45.8804 ], [ -69.7233, 45.8799 ], [ -69.7244, 45.8796 ], [ -69.7241, 45.8791 ], [ -69.7258, 45.8801 ], [ -69.7269, 45.8802 ], [ -69.7279, 45.8797 ], [ -69.7296, 45.8797 ], [ -69.7321, 45.8784 ], [ -69.733, 45.88 ], [ -69.7353, 45.8803 ], [ -69.7357, 45.8811 ], [ -69.7367, 45.8808 ], [ -69.7366, 45.8822 ], [ -69.7372, 45.8829 ], [ -69.7381, 45.8831 ], [ -69.7383, 45.8825 ], [ -69.7378, 45.8821 ], [ -69.7377, 45.8815 ], [ -69.7382, 45.8812 ], [ -69.7377, 45.8809 ], [ -69.7377, 45.8802 ], [ -69.7369, 45.8799 ], [ -69.7362, 45.8801 ], [ -69.7337, 45.8791 ], [ -69.7346, 45.8783 ], [ -69.7337, 45.877 ], [ -69.7311, 45.8766 ], [ -69.7277, 45.8753 ], [ -69.727, 45.8757 ], [ -69.727, 45.8747 ], [ -69.7248, 45.8738 ], [ -69.7248, 45.872 ], [ -69.7241, 45.8718 ], [ -69.7237, 45.871 ], [ -69.7244, 45.8695 ], [ -69.7244, 45.8678 ], [ -69.7256, 45.8671 ], [ -69.7254, 45.8668 ], [ -69.7251, 45.8669 ], [ -69.7245, 45.8658 ], [ -69.7239, 45.8656 ], [ -69.7212, 45.8659 ], [ -69.7203, 45.8654 ], [ -69.7173, 45.8658 ], [ -69.7171, 45.8649 ], [ -69.7162, 45.8644 ], [ -69.716, 45.8635 ], [ -69.715, 45.8624 ], [ -69.7132, 45.8611 ], [ -69.7115, 45.8608 ], [ -69.7121, 45.8598 ], [ -69.712, 45.8586 ], [ -69.7109, 45.8563 ], [ -69.7091, 45.8557 ], [ -69.7094, 45.8549 ], [ -69.7087, 45.8544 ], [ -69.7074, 45.854 ], [ -69.7066, 45.8544 ], [ -69.7065, 45.8541 ], [ -69.7057, 45.8539 ], [ -69.7083, 45.8504 ], [ -69.7077, 45.847 ], [ -69.7064, 45.8463 ], [ -69.705, 45.8465 ], [ -69.7043, 45.8461 ], [ -69.7052, 45.8453 ], [ -69.7054, 45.8443 ], [ -69.7061, 45.8439 ], [ -69.7071, 45.8422 ], [ -69.7073, 45.8398 ], [ -69.7088, 45.8373 ], [ -69.7082, 45.8365 ], [ -69.7094, 45.8357 ], [ -69.7111, 45.8339 ], [ -69.7118, 45.8337 ], [ -69.7119, 45.8332 ], [ -69.7115, 45.8331 ], [ -69.7121, 45.8322 ], [ -69.715, 45.8318 ], [ -69.718, 45.8333 ], [ -69.7173, 45.8345 ], [ -69.7183, 45.834 ], [ -69.72, 45.8349 ], [ -69.7213, 45.8349 ], [ -69.7229, 45.8341 ], [ -69.724, 45.8339 ], [ -69.7258, 45.8344 ], [ -69.7254, 45.8337 ], [ -69.7243, 45.8333 ], [ -69.7228, 45.8333 ], [ -69.7203, 45.8341 ], [ -69.7193, 45.8336 ], [ -69.7179, 45.8314 ], [ -69.7184, 45.8298 ], [ -69.7178, 45.8293 ], [ -69.7163, 45.8289 ], [ -69.7149, 45.8255 ], [ -69.7142, 45.8251 ], [ -69.7125, 45.823 ], [ -69.7124, 45.8195 ], [ -69.7115, 45.8178 ], [ -69.711, 45.8175 ], [ -69.7103, 45.8157 ], [ -69.7096, 45.8152 ], [ -69.7096, 45.8142 ], [ -69.7086, 45.8115 ], [ -69.7126, 45.8062 ], [ -69.7139, 45.8038 ], [ -69.7142, 45.8021 ], [ -69.716, 45.8004 ], [ -69.7166, 45.799 ], [ -69.7174, 45.7988 ], [ -69.7169, 45.7986 ], [ -69.7178, 45.7979 ], [ -69.7189, 45.7945 ], [ -69.7192, 45.7911 ], [ -69.7203, 45.7899 ], [ -69.7205, 45.7884 ], [ -69.7225, 45.7866 ], [ -69.7231, 45.7856 ], [ -69.7233, 45.7846 ], [ -69.7228, 45.7833 ], [ -69.7247, 45.7836 ], [ -69.7285, 45.7829 ], [ -69.7329, 45.7834 ], [ -69.734, 45.783 ], [ -69.7377, 45.7828 ], [ -69.7379, 45.7825 ], [ -69.7376, 45.7815 ], [ -69.7356, 45.7803 ], [ -69.7362, 45.7796 ], [ -69.736, 45.7792 ], [ -69.7317, 45.7769 ], [ -69.7293, 45.776 ], [ -69.7289, 45.7753 ], [ -69.7281, 45.7749 ], [ -69.7269, 45.7723 ], [ -69.7258, 45.7714 ], [ -69.7251, 45.7676 ], [ -69.7245, 45.7666 ], [ -69.7252, 45.7643 ], [ -69.7264, 45.7623 ], [ -69.7277, 45.761 ], [ -69.7295, 45.7603 ], [ -69.7298, 45.7592 ], [ -69.7326, 45.756 ], [ -69.7343, 45.7551 ], [ -69.7361, 45.755 ], [ -69.7368, 45.7546 ], [ -69.7382, 45.7552 ], [ -69.7409, 45.7555 ], [ -69.7411, 45.7565 ], [ -69.7424, 45.7572 ], [ -69.7422, 45.7581 ], [ -69.7438, 45.7598 ], [ -69.7457, 45.7602 ], [ -69.7463, 45.7597 ], [ -69.7472, 45.7597 ], [ -69.7473, 45.7614 ], [ -69.7483, 45.7627 ], [ -69.7496, 45.7631 ], [ -69.7498, 45.7643 ], [ -69.7514, 45.7659 ], [ -69.7503, 45.7634 ], [ -69.7529, 45.7617 ], [ -69.754, 45.7617 ], [ -69.7546, 45.7614 ], [ -69.7578, 45.7614 ], [ -69.7594, 45.7622 ], [ -69.7618, 45.7613 ], [ -69.7634, 45.7611 ], [ -69.7685, 45.7613 ], [ -69.7685, 45.7618 ], [ -69.7677, 45.7621 ], [ -69.7679, 45.7629 ], [ -69.7708, 45.7634 ], [ -69.7715, 45.7644 ], [ -69.7727, 45.7649 ], [ -69.7736, 45.765 ], [ -69.7743, 45.7647 ], [ -69.7738, 45.766 ], [ -69.7755, 45.7668 ], [ -69.7756, 45.7675 ], [ -69.7765, 45.7678 ], [ -69.7764, 45.769 ], [ -69.7772, 45.7697 ], [ -69.777, 45.7705 ], [ -69.7781, 45.7711 ], [ -69.7784, 45.7719 ], [ -69.7791, 45.7723 ], [ -69.7808, 45.7755 ], [ -69.7818, 45.7756 ], [ -69.7805, 45.7766 ], [ -69.7811, 45.778 ], [ -69.7824, 45.7784 ], [ -69.7837, 45.7768 ], [ -69.7844, 45.7767 ], [ -69.7851, 45.7771 ], [ -69.785, 45.7784 ], [ -69.786, 45.7791 ], [ -69.786, 45.7798 ], [ -69.7855, 45.7794 ], [ -69.7841, 45.7804 ], [ -69.7837, 45.7814 ], [ -69.7823, 45.7811 ], [ -69.7817, 45.782 ], [ -69.782, 45.7827 ], [ -69.7828, 45.7828 ], [ -69.783, 45.7835 ], [ -69.7839, 45.7837 ], [ -69.7832, 45.7848 ], [ -69.7841, 45.7839 ], [ -69.7841, 45.7847 ], [ -69.785, 45.7853 ], [ -69.7869, 45.7849 ], [ -69.7878, 45.785 ], [ -69.7881, 45.7846 ], [ -69.7873, 45.7834 ], [ -69.7862, 45.7834 ], [ -69.7859, 45.7836 ], [ -69.7852, 45.7831 ], [ -69.7846, 45.7832 ], [ -69.7841, 45.7823 ], [ -69.7848, 45.7807 ], [ -69.7854, 45.7809 ], [ -69.7855, 45.7806 ], [ -69.7868, 45.7808 ], [ -69.7872, 45.7794 ], [ -69.7881, 45.7791 ], [ -69.7883, 45.7776 ], [ -69.789, 45.7782 ], [ -69.7895, 45.7779 ], [ -69.7881, 45.7773 ], [ -69.7887, 45.7768 ], [ -69.7879, 45.7769 ], [ -69.7875, 45.7766 ], [ -69.7876, 45.7749 ], [ -69.7858, 45.775 ], [ -69.7858, 45.7759 ], [ -69.7829, 45.7751 ], [ -69.7833, 45.7744 ], [ -69.7848, 45.7742 ], [ -69.7842, 45.773 ], [ -69.782, 45.7739 ], [ -69.7816, 45.7737 ], [ -69.7822, 45.7727 ], [ -69.7839, 45.7722 ], [ -69.7821, 45.7696 ], [ -69.7844, 45.7693 ], [ -69.7867, 45.7684 ], [ -69.7881, 45.7689 ], [ -69.7904, 45.7677 ], [ -69.7897, 45.7665 ], [ -69.7903, 45.7663 ], [ -69.7915, 45.7652 ], [ -69.7914, 45.7643 ], [ -69.7906, 45.7646 ], [ -69.7913, 45.7636 ], [ -69.7917, 45.7639 ], [ -69.7924, 45.7636 ], [ -69.7932, 45.7618 ], [ -69.7922, 45.7601 ], [ -69.7931, 45.7594 ], [ -69.7931, 45.7588 ], [ -69.7915, 45.7584 ], [ -69.7923, 45.758 ], [ -69.7928, 45.7573 ], [ -69.7947, 45.7575 ], [ -69.7927, 45.7569 ], [ -69.7919, 45.7561 ], [ -69.7897, 45.7557 ], [ -69.7899, 45.7543 ], [ -69.7917, 45.7528 ], [ -69.7917, 45.7515 ], [ -69.7922, 45.7512 ], [ -69.7913, 45.7507 ], [ -69.7914, 45.7503 ], [ -69.791, 45.7499 ], [ -69.7886, 45.7496 ], [ -69.7886, 45.7487 ], [ -69.7894, 45.7485 ], [ -69.7895, 45.748 ], [ -69.7882, 45.7472 ], [ -69.7881, 45.7469 ], [ -69.7886, 45.7467 ], [ -69.7897, 45.7471 ], [ -69.79, 45.7466 ], [ -69.7917, 45.7459 ], [ -69.7931, 45.7457 ], [ -69.7943, 45.7462 ], [ -69.7963, 45.7461 ], [ -69.798, 45.7466 ], [ -69.7983, 45.7473 ], [ -69.7999, 45.7478 ], [ -69.8003, 45.7485 ], [ -69.8019, 45.749 ], [ -69.8046, 45.7486 ], [ -69.8064, 45.7476 ], [ -69.8126, 45.7458 ], [ -69.813, 45.7459 ], [ -69.8123, 45.7466 ], [ -69.8128, 45.7471 ], [ -69.8167, 45.7466 ], [ -69.8174, 45.7469 ], [ -69.8197, 45.7456 ], [ -69.8215, 45.745 ], [ -69.8225, 45.7435 ], [ -69.8235, 45.7436 ], [ -69.8243, 45.7432 ], [ -69.8248, 45.7432 ], [ -69.8272, 45.7398 ], [ -69.8304, 45.7387 ], [ -69.8325, 45.7388 ], [ -69.8331, 45.7386 ], [ -69.8327, 45.7383 ], [ -69.8301, 45.738 ], [ -69.8279, 45.7388 ], [ -69.8274, 45.7378 ], [ -69.827, 45.739 ], [ -69.8257, 45.7395 ], [ -69.8257, 45.741 ], [ -69.8241, 45.7423 ], [ -69.8213, 45.7404 ], [ -69.8202, 45.7403 ], [ -69.8203, 45.7397 ], [ -69.8192, 45.7391 ], [ -69.8115, 45.7372 ], [ -69.8101, 45.736 ], [ -69.8118, 45.7362 ], [ -69.8125, 45.7359 ], [ -69.8092, 45.7331 ], [ -69.8076, 45.7328 ], [ -69.8047, 45.7331 ], [ -69.8, 45.7331 ], [ -69.7974, 45.7311 ], [ -69.7962, 45.7306 ], [ -69.7939, 45.7285 ], [ -69.7928, 45.7281 ], [ -69.7915, 45.7283 ], [ -69.7912, 45.7268 ], [ -69.7921, 45.7256 ], [ -69.7946, 45.7253 ], [ -69.7955, 45.7245 ], [ -69.7967, 45.7246 ], [ -69.7971, 45.7242 ], [ -69.7974, 45.7247 ], [ -69.7983, 45.725 ], [ -69.7996, 45.7239 ], [ -69.7995, 45.7229 ], [ -69.7998, 45.7227 ], [ -69.802, 45.7238 ], [ -69.8031, 45.7236 ], [ -69.8042, 45.7224 ], [ -69.803, 45.7209 ], [ -69.8037, 45.7205 ], [ -69.8043, 45.7207 ], [ -69.805, 45.7217 ], [ -69.806, 45.7214 ], [ -69.8075, 45.7221 ], [ -69.8083, 45.7231 ], [ -69.8089, 45.7233 ], [ -69.8108, 45.723 ], [ -69.8123, 45.7222 ], [ -69.8136, 45.7221 ], [ -69.8151, 45.7214 ], [ -69.8121, 45.7218 ], [ -69.8105, 45.7226 ], [ -69.8099, 45.7223 ], [ -69.8096, 45.7226 ], [ -69.809, 45.7226 ], [ -69.8067, 45.7211 ], [ -69.806, 45.72 ], [ -69.8057, 45.7201 ], [ -69.8056, 45.7179 ], [ -69.805, 45.7167 ], [ -69.8039, 45.7157 ], [ -69.8023, 45.7148 ], [ -69.8013, 45.7152 ], [ -69.7978, 45.7148 ], [ -69.7961, 45.7136 ], [ -69.7938, 45.7127 ], [ -69.7936, 45.7121 ], [ -69.7925, 45.7114 ], [ -69.7902, 45.7103 ], [ -69.7907, 45.7064 ], [ -69.7904, 45.7045 ], [ -69.7891, 45.7017 ], [ -69.7871, 45.701 ], [ -69.7858, 45.6997 ], [ -69.7861, 45.6987 ], [ -69.7848, 45.6967 ], [ -69.7853, 45.6928 ], [ -69.7828, 45.6906 ], [ -69.7806, 45.6898 ], [ -69.7793, 45.6899 ], [ -69.7764, 45.688 ], [ -69.7749, 45.6877 ], [ -69.7742, 45.6865 ], [ -69.773, 45.6857 ], [ -69.7695, 45.6846 ], [ -69.769, 45.6847 ], [ -69.7692, 45.6844 ], [ -69.768, 45.6838 ], [ -69.7649, 45.6825 ], [ -69.7601, 45.6825 ], [ -69.7586, 45.6816 ], [ -69.757, 45.6799 ], [ -69.7562, 45.6796 ], [ -69.7547, 45.6794 ], [ -69.7504, 45.6805 ], [ -69.7488, 45.6812 ], [ -69.7436, 45.6808 ], [ -69.7404, 45.6796 ], [ -69.7386, 45.6793 ], [ -69.7384, 45.6769 ], [ -69.7376, 45.6777 ], [ -69.7378, 45.6767 ], [ -69.7367, 45.6767 ], [ -69.7389, 45.675 ], [ -69.7391, 45.6727 ], [ -69.7388, 45.6716 ], [ -69.7398, 45.6702 ], [ -69.7404, 45.6681 ], [ -69.7395, 45.6677 ], [ -69.7394, 45.6674 ], [ -69.7398, 45.667 ], [ -69.7417, 45.6665 ], [ -69.7443, 45.6642 ], [ -69.7445, 45.6636 ], [ -69.744, 45.6623 ], [ -69.7447, 45.6615 ], [ -69.7439, 45.6608 ], [ -69.7414, 45.6602 ], [ -69.7409, 45.6586 ], [ -69.7413, 45.6577 ], [ -69.7395, 45.6572 ], [ -69.7403, 45.656 ], [ -69.7409, 45.6561 ], [ -69.7412, 45.6555 ], [ -69.742, 45.6555 ], [ -69.7427, 45.6547 ], [ -69.7431, 45.6538 ], [ -69.7443, 45.653 ], [ -69.7442, 45.6522 ], [ -69.7411, 45.6518 ], [ -69.7394, 45.6513 ], [ -69.7383, 45.6507 ], [ -69.7361, 45.6507 ], [ -69.7352, 45.6514 ], [ -69.7337, 45.6543 ], [ -69.7328, 45.6547 ], [ -69.7317, 45.6558 ], [ -69.7324, 45.6568 ], [ -69.7349, 45.6568 ], [ -69.7349, 45.6575 ], [ -69.7333, 45.6576 ], [ -69.7294, 45.6567 ], [ -69.7265, 45.6564 ], [ -69.7227, 45.6575 ], [ -69.7192, 45.6561 ], [ -69.7124, 45.6554 ], [ -69.7058, 45.6526 ], [ -69.7053, 45.6525 ], [ -69.7052, 45.653 ], [ -69.7032, 45.652 ], [ -69.7013, 45.6517 ], [ -69.6987, 45.6495 ], [ -69.6933, 45.6463 ], [ -69.6918, 45.645 ], [ -69.6926, 45.6442 ], [ -69.6927, 45.6431 ], [ -69.6937, 45.6423 ], [ -69.6941, 45.6409 ], [ -69.695, 45.6406 ], [ -69.6965, 45.6407 ], [ -69.7007, 45.6446 ], [ -69.7027, 45.6449 ], [ -69.7052, 45.6447 ], [ -69.7067, 45.647 ], [ -69.7099, 45.6495 ], [ -69.7119, 45.6504 ], [ -69.7131, 45.6505 ], [ -69.7138, 45.65 ], [ -69.7126, 45.6474 ], [ -69.7135, 45.6472 ], [ -69.7141, 45.648 ], [ -69.715, 45.6484 ], [ -69.7159, 45.6482 ], [ -69.7163, 45.6476 ], [ -69.7174, 45.642 ], [ -69.7184, 45.6399 ], [ -69.7151, 45.6398 ], [ -69.7117, 45.6378 ], [ -69.7091, 45.638 ], [ -69.7082, 45.6375 ], [ -69.7069, 45.6356 ], [ -69.707, 45.6329 ], [ -69.7052, 45.6317 ], [ -69.7042, 45.6302 ], [ -69.7016, 45.6278 ], [ -69.7022, 45.6274 ], [ -69.7027, 45.6259 ], [ -69.7025, 45.6239 ], [ -69.7036, 45.6211 ], [ -69.7031, 45.6204 ], [ -69.7047, 45.6195 ], [ -69.705, 45.6182 ], [ -69.7085, 45.6163 ], [ -69.7099, 45.6132 ], [ -69.7112, 45.6129 ], [ -69.7122, 45.6139 ], [ -69.714, 45.6121 ], [ -69.7144, 45.6122 ], [ -69.7139, 45.6127 ], [ -69.7143, 45.6129 ], [ -69.7165, 45.6126 ], [ -69.7172, 45.6121 ], [ -69.7193, 45.6146 ], [ -69.7186, 45.6126 ], [ -69.7174, 45.6107 ], [ -69.7174, 45.6087 ], [ -69.7181, 45.6078 ], [ -69.7188, 45.6083 ], [ -69.7201, 45.6079 ], [ -69.7202, 45.6068 ], [ -69.7207, 45.6065 ], [ -69.7203, 45.605 ], [ -69.7206, 45.6042 ], [ -69.7212, 45.604 ], [ -69.7212, 45.6034 ], [ -69.7207, 45.6021 ], [ -69.7189, 45.6002 ], [ -69.7192, 45.5993 ], [ -69.7186, 45.599 ], [ -69.7176, 45.5975 ], [ -69.7165, 45.5968 ], [ -69.7148, 45.5966 ], [ -69.7135, 45.5957 ], [ -69.7131, 45.5949 ], [ -69.713, 45.5917 ], [ -69.7136, 45.5909 ], [ -69.7137, 45.59 ], [ -69.7144, 45.59 ], [ -69.7148, 45.5897 ], [ -69.7146, 45.5895 ], [ -69.7142, 45.5898 ], [ -69.7144, 45.5889 ], [ -69.714, 45.5883 ], [ -69.7146, 45.5874 ], [ -69.7143, 45.5867 ], [ -69.7147, 45.5866 ], [ -69.7145, 45.5856 ], [ -69.7171, 45.5849 ], [ -69.7197, 45.583 ], [ -69.7219, 45.5826 ], [ -69.7235, 45.5817 ], [ -69.724, 45.5805 ], [ -69.7256, 45.5789 ], [ -69.726, 45.578 ], [ -69.7266, 45.5766 ], [ -69.7266, 45.5742 ], [ -69.7286, 45.5721 ], [ -69.7281, 45.5703 ], [ -69.7317, 45.5668 ], [ -69.7346, 45.5656 ], [ -69.7372, 45.5652 ], [ -69.7418, 45.5631 ], [ -69.7434, 45.5628 ], [ -69.7449, 45.5609 ], [ -69.7478, 45.5603 ], [ -69.7483, 45.5594 ], [ -69.7521, 45.5576 ], [ -69.754, 45.5576 ], [ -69.7563, 45.556 ], [ -69.7602, 45.5542 ], [ -69.764, 45.5545 ], [ -69.7697, 45.5536 ], [ -69.7721, 45.5546 ], [ -69.7735, 45.5546 ], [ -69.7747, 45.5534 ], [ -69.7754, 45.5499 ], [ -69.7745, 45.5467 ], [ -69.7733, 45.5455 ], [ -69.7799, 45.5428 ], [ -69.7292, 45.3792 ], [ -69.7004, 45.2925 ], [ -69.7083, 45.2914 ], [ -69.7053, 45.2782 ], [ -69.7041, 45.2731 ], [ -69.6836, 45.2124 ], [ -69.687, 45.2081 ], [ -69.6817, 45.1912 ], [ -69.6548, 45.1 ], [ -69.6979, 45.0939 ], [ -69.7457, 45.0866 ], [ -69.8543, 45.0713 ], [ -69.8572, 45.0714 ], [ -69.8981, 45.0647 ], [ -69.9021, 45.0671 ], [ -69.9669, 45.0588 ], [ -70.1334, 45.0367 ], [ -70.1594, 45.1284 ], [ -70.2938, 45.1099 ], [ -70.3085, 45.1632 ], [ -70.3119, 45.1628 ], [ -70.3125, 45.1647 ], [ -70.3649, 45.1576 ], [ -70.3636, 45.1525 ], [ -70.4185, 45.144 ], [ -70.453, 45.274 ], [ -70.4728, 45.3514 ], [ -70.5187, 45.5121 ], [ -70.5058, 45.5138 ], [ -70.5341, 45.6034 ], [ -70.538, 45.618 ], [ -70.5529, 45.6679 ], [ -70.5472, 45.6661 ] ], [ [ -69.7883, 45.7845 ], [ -69.7885, 45.7837 ], [ -69.7912, 45.7843 ], [ -69.7919, 45.7853 ], [ -69.7928, 45.7847 ], [ -69.7924, 45.784 ], [ -69.793, 45.7831 ], [ -69.7922, 45.7839 ], [ -69.7918, 45.7839 ], [ -69.7918, 45.7834 ], [ -69.7908, 45.7837 ], [ -69.79, 45.7837 ], [ -69.7881, 45.7827 ], [ -69.7876, 45.7833 ], [ -69.7881, 45.7841 ], [ -69.7881, 45.7846 ], [ -69.7883, 45.7845 ] ], [ [ -69.7936, 45.7831 ], [ -69.7939, 45.7837 ], [ -69.7954, 45.7836 ], [ -69.796, 45.7852 ], [ -69.7964, 45.785 ], [ -69.7974, 45.7854 ], [ -69.7974, 45.7845 ], [ -69.7968, 45.7842 ], [ -69.7972, 45.7833 ], [ -69.7965, 45.7841 ], [ -69.7959, 45.7842 ], [ -69.7959, 45.7836 ], [ -69.7964, 45.7837 ], [ -69.7964, 45.7834 ], [ -69.7954, 45.7834 ], [ -69.7942, 45.7828 ], [ -69.793, 45.783 ], [ -69.793, 45.7831 ], [ -69.7936, 45.7831 ] ], [ [ -69.7971, 45.7841 ], [ -69.7978, 45.7846 ], [ -69.8012, 45.7853 ], [ -69.802, 45.7862 ], [ -69.8019, 45.7855 ], [ -69.8014, 45.7851 ], [ -69.7984, 45.7846 ], [ -69.801, 45.7848 ], [ -69.7999, 45.7843 ], [ -69.8, 45.7836 ], [ -69.7989, 45.7837 ], [ -69.7984, 45.7843 ], [ -69.7977, 45.784 ], [ -69.7978, 45.7835 ], [ -69.7973, 45.7831 ], [ -69.7972, 45.7833 ], [ -69.7971, 45.7841 ] ], [ [ -70.2672, 45.6351 ], [ -70.2665, 45.6326 ], [ -70.2669, 45.6318 ], [ -70.266, 45.6311 ], [ -70.2644, 45.6308 ], [ -70.2639, 45.6304 ], [ -70.2621, 45.6278 ], [ -70.2605, 45.6268 ], [ -70.2585, 45.6246 ], [ -70.2583, 45.6236 ], [ -70.2589, 45.6231 ], [ -70.2578, 45.6215 ], [ -70.2575, 45.6195 ], [ -70.2578, 45.619 ], [ -70.2574, 45.6187 ], [ -70.2575, 45.6172 ], [ -70.2584, 45.6148 ], [ -70.2577, 45.6125 ], [ -70.2576, 45.6088 ], [ -70.2561, 45.6038 ], [ -70.2545, 45.6006 ], [ -70.2544, 45.5998 ], [ -70.2551, 45.5993 ], [ -70.2547, 45.5972 ], [ -70.2462, 45.5567 ], [ -70.2438, 45.5473 ], [ -70.2115, 45.5516 ], [ -70.1509, 45.559 ], [ -70.1177, 45.5637 ], [ -70.1351, 45.6265 ], [ -70.129, 45.6298 ], [ -70.1601, 45.7514 ], [ -70.171, 45.7499 ], [ -70.2921, 45.7309 ], [ -70.2672, 45.6351 ] ] ] } },
{ "type": "Feature", "properties": { "GEOIDFQ": "1400000US23025965301", "NAME": "9653.01", "NAMELSAD": "Census Tract 9653.01" }, "geometry": { "type": "Polygon", "coordinates": [ [ [ -70.171, 45.7499 ], [ -70.1601, 45.7514 ], [ -70.129, 45.6298 ], [ -70.1351, 45.6265 ], [ -70.1177, 45.5637 ], [ -70.1509, 45.559 ], [ -70.2115, 45.5516 ], [ -70.2438, 45.5473 ], [ -70.2462, 45.5567 ], [ -70.2547, 45.5972 ], [ -70.2551, 45.5993 ], [ -70.2544, 45.5998 ], [ -70.2545, 45.6006 ], [ -70.2561, 45.6038 ], [ -70.2576, 45.6088 ], [ -70.2577, 45.6125 ], [ -70.2584, 45.6148 ], [ -70.2575, 45.6172 ], [ -70.2574, 45.6187 ], [ -70.2578, 45.619 ], [ -70.2575, 45.6195 ], [ -70.2578, 45.6215 ], [ -70.2589, 45.6231 ], [ -70.2583, 45.6236 ], [ -70.2585, 45.6246 ], [ -70.2605, 45.6268 ], [ -70.2621, 45.6278 ], [ -70.2639, 45.6304 ], [ -70.2644, 45.6308 ], [ -70.266, 45.6311 ], [ -70.2669, 45.6318 ], [ -70.2665, 45.6326 ], [ -70.2672, 45.6351 ], [ -70.292, 45.7309 ], [ -70.171, 45.7499 ] ] ] } },
{ "type": "Feature", "properties": { "GEOIDFQ": "1400000US23019028500", "NAME": "285", "NAMELSAD": "Census Tract 285" }, "geometry": { "type": "Polygon", "coordinates": [ [ [ -68.7495, 45.4334 ], [ -68.7016, 45.4409 ], [ -68.6702, 45.3472 ], [ -68.6965, 45.343 ], [ -68.7088, 45.3221 ], [ -68.6356, 45.3075 ], [ -68.6353, 45.3055 ], [ -68.6338, 45.3041 ], [ -68.6303, 45.3039 ], [ -68.6275, 45.3021 ], [ -68.6279, 45.2996 ], [ -68.6295, 45.2978 ], [ -68.6303, 45.2959 ], [ -68.6325, 45.2943 ], [ -68.635, 45.2936 ], [ -68.637, 45.2956 ], [ -68.6392, 45.2963 ], [ -68.6412, 45.2954 ], [ -68.6419, 45.2935 ], [ -68.6424, 45.2931 ], [ -68.6426, 45.2916 ], [ -68.6417, 45.2884 ], [ -68.6418, 45.2813 ], [ -68.644, 45.277 ], [ -68.6441, 45.2726 ], [ -68.6448, 45.2717 ], [ -68.6464, 45.2709 ], [ -68.6469, 45.2697 ], [ -68.6467, 45.2673 ], [ -68.6455, 45.2628 ], [ -68.6459, 45.2581 ], [ -68.6467, 45.2566 ], [ -68.6492, 45.2542 ], [ -68.6501, 45.2505 ], [ -68.6517, 45.2495 ], [ -68.6513, 45.2494 ], [ -68.6517, 45.2491 ], [ -68.6538, 45.2482 ], [ -68.6545, 45.247 ], [ -68.6546, 45.2422 ], [ -68.6543, 45.2423 ], [ -68.6535, 45.2402 ], [ -68.654, 45.2399 ], [ -68.6545, 45.2401 ], [ -68.655, 45.2419 ], [ -68.6552, 45.2392 ], [ -68.6528, 45.2357 ], [ -68.6521, 45.2332 ], [ -68.6522, 45.2308 ], [ -68.6532, 45.2275 ], [ -68.6531, 45.2264 ], [ -68.6513, 45.2237 ], [ -68.6479, 45.2215 ], [ -68.647, 45.2197 ], [ -68.6476, 45.2197 ], [ -68.6481, 45.2202 ], [ -68.6472, 45.2191 ], [ -68.6826, 45.2135 ], [ -68.7648, 45.202 ], [ -68.7786, 45.2489 ], [ -68.8043, 45.3409 ], [ -68.8254, 45.4206 ], [ -68.7495, 45.4334 ] ] ] } },
{ "type": "Feature", "properties": { "GEOIDFQ": "1400000US23019028000", "NAME": "280", "NAMELSAD": "Census Tract 280" }, "geometry": { "type": "Polygon", "coordinates": [ [ [ -68.6516, 45.2419 ], [ -68.6507, 45.2437 ], [ -68.6507, 45.2469 ], [ -68.6472, 45.2487 ], [ -68.6465, 45.2497 ], [ -68.6472, 45.2497 ], [ -68.6508, 45.2472 ], [ -68.6517, 45.247 ], [ -68.6515, 45.2477 ], [ -68.6496, 45.2482 ], [ -68.6475, 45.2499 ], [ -68.6467, 45.25 ], [ -68.6458, 45.2508 ], [ -68.6436, 45.2517 ], [ -68.6431, 45.2533 ], [ -68.644, 45.2546 ], [ -68.6436, 45.2563 ], [ -68.6418, 45.2579 ], [ -68.6411, 45.2594 ], [ -68.6405, 45.2594 ], [ -68.6427, 45.2648 ], [ -68.6428, 45.2668 ], [ -68.6433, 45.2684 ], [ -68.6427, 45.2699 ], [ -68.64, 45.2713 ], [ -68.6388, 45.2738 ], [ -68.6357, 45.2766 ], [ -68.6364, 45.2784 ], [ -68.636, 45.2765 ], [ -68.6376, 45.2756 ], [ -68.6377, 45.2763 ], [ -68.6382, 45.2748 ], [ -68.6387, 45.2744 ], [ -68.6381, 45.2755 ], [ -68.6398, 45.2733 ], [ -68.6382, 45.2795 ], [ -68.6384, 45.2836 ], [ -68.638, 45.2855 ], [ -68.6357, 45.2879 ], [ -68.6315, 45.2907 ], [ -68.628, 45.2908 ], [ -68.6273, 45.2897 ], [ -68.6285, 45.2896 ], [ -68.6293, 45.2894 ], [ -68.6283, 45.2895 ], [ -68.6273, 45.289 ], [ -68.6276, 45.2894 ], [ -68.6271, 45.2897 ], [ -68.6271, 45.2902 ], [ -68.6279, 45.2909 ], [ -68.6259, 45.2916 ], [ -68.6242, 45.2928 ], [ -68.6233, 45.294 ], [ -68.6224, 45.2963 ], [ -68.6225, 45.2986 ], [ -68.6216, 45.2989 ], [ -68.6225, 45.2989 ], [ -68.6233, 45.3012 ], [ -68.624, 45.3021 ], [ -68.6234, 45.3011 ], [ -68.6243, 45.3015 ], [ -68.6263, 45.3049 ], [ -68.625, 45.3068 ], [ -68.6257, 45.3067 ], [ -68.6266, 45.3053 ], [ -68.6285, 45.3072 ], [ -68.6287, 45.3089 ], [ -68.627, 45.3103 ], [ -68.6252, 45.3108 ], [ -68.6238, 45.3107 ], [ -68.6203, 45.313 ], [ -68.6193, 45.3141 ], [ -68.6169, 45.3151 ], [ -68.616, 45.3164 ], [ -68.615, 45.3166 ], [ -68.6154, 45.3171 ], [ -68.6119, 45.3185 ], [ -68.6074, 45.3224 ], [ -68.6044, 45.3238 ], [ -68.6048, 45.3241 ], [ -68.602, 45.3257 ], [ -68.6003, 45.3277 ], [ -68.5194, 45.2912 ], [ -68.5194, 45.2907 ], [ -68.5199, 45.2905 ], [ -68.5198, 45.29 ], [ -68.5203, 45.2896 ], [ -68.5204, 45.2876 ], [ -68.5202, 45.2866 ], [ -68.5192, 45.2864 ], [ -68.5187, 45.2869 ], [ -68.519, 45.2863 ], [ -68.52, 45.2863 ], [ -68.5192, 45.2852 ], [ -68.5191, 45.2841 ], [ -68.5207, 45.2818 ], [ -68.5205, 45.2811 ], [ -68.5212, 45.2807 ], [ -68.5213, 45.2783 ], [ -68.5222, 45.277 ], [ -68.5219, 45.2761 ], [ -68.5223, 45.276 ], [ -68.5227, 45.2764 ], [ -68.5229, 45.2762 ], [ -68.5224, 45.2738 ], [ -68.5231, 45.2737 ], [ -68.5123, 45.2419 ], [ -68.6438, 45.2197 ], [ -68.6491, 45.2246 ], [ -68.6498, 45.2259 ], [ -68.6504, 45.2302 ], [ -68.6497, 45.2354 ], [ -68.6503, 45.2374 ], [ -68.6517, 45.2387 ], [ -68.6516, 45.2419 ] ] ] } },
{ "type": "Feature", "properties": { "GEOIDFQ": "1400000US23019000300", "NAME": "3", "NAMELSAD": "Census Tract 3" }, "geometry": { "type": "Polygon", "coordinates": [ [ [ -68.7706, 44.8198 ], [ -68.7498, 44.8268 ], [ -68.7455, 44.8289 ], [ -68.7413, 44.8324 ], [ -68.7289, 44.8476 ], [ -68.7258, 44.8354 ], [ -68.7224, 44.8358 ], [ -68.7189, 44.8225 ], [ -68.7187, 44.8204 ], [ -68.7207, 44.8201 ], [ -68.724, 44.8192 ], [ -68.7272, 44.8177 ], [ -68.7412, 44.8101 ], [ -68.7441, 44.8098 ], [ -68.7459, 44.8093 ], [ -68.7498, 44.8064 ], [ -68.7559, 44.8026 ], [ -68.763, 44.7995 ], [ -68.7634, 44.8004 ], [ -68.7574, 44.8031 ], [ -68.7576, 44.8034 ], [ -68.757, 44.8035 ], [ -68.7566, 44.8041 ], [ -68.7564, 44.8036 ], [ -68.7513, 44.8067 ], [ -68.7465, 44.8103 ], [ -68.7439, 44.8112 ], [ -68.7424, 44.811 ], [ -68.7414, 44.8119 ], [ -68.7389, 44.813 ], [ -68.7382, 44.8139 ], [ -68.7385, 44.814 ], [ -68.7408, 44.8125 ], [ -68.7478, 44.8107 ], [ -68.7553, 44.8077 ], [ -68.756, 44.8102 ], [ -68.7669, 44.8087 ], [ -68.7689, 44.8165 ], [ -68.7711, 44.8162 ], [ -68.7716, 44.8166 ], [ -68.7724, 44.8162 ], [ -68.7752, 44.8193 ], [ -68.7706, 44.8198 ] ] ] } },
{ "type": "Feature", "properties": { "GEOIDFQ": "1400000US23001040000", "NAME": "400", "NAMELSAD": "Census Tract 400" }, "geometry": { "type": "Polygon", "coordinates": [ [ [ -70.2198, 43.9758 ], [ -70.2118, 43.9794 ], [ -70.2124, 43.9797 ], [ -70.1709, 44.021 ], [ -70.1683, 44.0199 ], [ -70.1669, 44.0189 ], [ -70.1666, 44.0179 ], [ -70.1664, 44.0112 ], [ -70.1659, 44.0094 ], [ -70.1651, 44.0084 ], [ -70.1634, 44.0073 ], [ -70.1597, 44.0059 ], [ -70.149, 44.0008 ], [ -70.145, 43.9986 ], [ -70.1403, 43.9946 ], [ -70.1332, 43.9863 ], [ -70.1301, 43.9845 ], [ -70.1271, 43.9839 ], [ -70.1258, 43.9849 ], [ -70.1249, 43.987 ], [ -70.1182, 43.991 ], [ -70.1143, 43.9928 ], [ -70.1078, 43.9944 ], [ -70.1046, 43.9958 ], [ -70.1001, 43.9997 ], [ -70.098, 44.0048 ], [ -70.095, 44.0085 ], [ -70.0921, 44.01 ], [ -70.0905, 44.0103 ], [ -70.0874, 44.0092 ], [ -70.0855, 44.0076 ], [ -70.084, 44.0057 ], [ -70.0821, 44.0002 ], [ -70.0807, 43.999 ], [ -70.0769, 43.9969 ], [ -70.0736, 43.9965 ], [ -70.0681, 43.9964 ], [ -70.0662, 43.9957 ], [ -70.0628, 43.9939 ], [ -70.0557, 43.9925 ], [ -70.0496, 43.9902 ], [ -70.047, 43.9881 ], [ -70.0466, 43.9856 ], [ -70.0444, 43.9839 ], [ -70.0371, 43.9794 ], [ -70.0342, 43.9757 ], [ -70.0808, 43.9265 ], [ -70.0923, 43.932 ], [ -70.1159, 43.9067 ], [ -70.197, 43.946 ], [ -70.2036, 43.9479 ], [ -70.2003, 43.952 ], [ -70.2292, 43.9741 ], [ -70.2246, 43.9786 ], [ -70.2198, 43.9758 ] ] ] } },
{ "type": "Feature", "properties": { "GEOIDFQ": "1400000US23001046000", "NAME": "460", "NAMELSAD": "Census Tract 460" }, "geometry": { "type": "Polygon", "coordinates": [ [ [ -70.2106, 44.1822 ], [ -70.2102, 44.1859 ], [ -70.2068, 44.1908 ], [ -70.2026, 44.2001 ], [ -70.1909, 44.2149 ], [ -70.1886, 44.2189 ], [ -70.1885, 44.2207 ], [ -70.1895, 44.2243 ], [ -70.1902, 44.2326 ], [ -70.1882, 44.2433 ], [ -70.1874, 44.2453 ], [ -70.1837, 44.2482 ], [ -70.181, 44.2541 ], [ -70.1795, 44.2562 ], [ -70.1784, 44.2588 ], [ -70.0884, 44.2126 ], [ -70.0809, 44.1955 ], [ -70.0848, 44.1901 ], [ -70.0902, 44.1668 ], [ -70.1018, 44.1456 ], [ -70.1012, 44.1408 ], [ -70.1019, 44.1368 ], [ -70.1006, 44.1312 ], [ -70.1153, 44.1262 ], [ -70.1639, 44.1492 ], [ -70.1998, 44.1675 ], [ -70.2, 44.1689 ], [ -70.2013, 44.1706 ], [ -70.2071, 44.1753 ], [ -70.2123, 44.1783 ], [ -70.2127, 44.1794 ], [ -70.2106, 44.1822 ] ] ] } },
{ "type": "Feature", "properties": { "GEOIDFQ": "1400000US23001046500", "NAME": "465", "NAMELSAD": "Census Tract 465" }, "geometry": { "type": "Polygon", "coordinates": [ [ [ -70.1239, 44.0803 ], [ -70.1162, 44.1078 ], [ -70.1187, 44.1154 ], [ -70.1157, 44.1261 ], [ -70.1006, 44.1312 ], [ -70.1019, 44.1368 ], [ -70.1012, 44.1408 ], [ -70.1018, 44.1456 ], [ -70.0902, 44.1668 ], [ -70.0848, 44.1901 ], [ -70.0809, 44.1955 ], [ -70.0884, 44.2126 ], [ -70.0779, 44.2073 ], [ -70.0659, 44.2008 ], [ -70.0555, 44.1991 ], [ -70.058, 44.196 ], [ -70.0605, 44.1918 ], [ -70.0136, 44.1841 ], [ -69.9938, 44.1806 ], [ -69.9988, 44.1668 ], [ -70.0103, 44.1687 ], [ -70.014, 44.1576 ], [ -70.0185, 44.1579 ], [ -70.0274, 44.1306 ], [ -70.0117, 44.128 ], [ -70.0124, 44.1254 ], [ -70.0055, 44.1245 ], [ -70.0252, 44.0509 ], [ -70.1268, 44.0656 ], [ -70.1253, 44.0715 ], [ -70.1239, 44.0803 ] ] ] } },
{ "type": "Feature", "properties": { "GEOIDFQ": "1400000US23011011000", "NAME": "110", "NAMELSAD": "Census Tract 110" }, "geometry": { "type": "Polygon", "coordinates": [ [ [ -69.8528, 44.1691 ], [ -69.8498, 44.1695 ], [ -69.8483, 44.1701 ], [ -69.8479, 44.1719 ], [ -69.8456, 44.1732 ], [ -69.8448, 44.1755 ], [ -69.8408, 44.18 ], [ -69.84, 44.1818 ], [ -69.836, 44.1852 ], [ -69.834, 44.1896 ], [ -69.8327, 44.1911 ], [ -69.8311, 44.1919 ], [ -69.8271, 44.1925 ], [ -69.824, 44.1936 ], [ -69.8173, 44.1978 ], [ -69.8122, 44.2019 ], [ -69.8085, 44.204 ], [ -69.8072, 44.2051 ], [ -69.806, 44.2069 ], [ -69.8062, 44.2094 ], [ -69.806, 44.2109 ], [ -69.8054, 44.2116 ], [ -69.805, 44.2119 ], [ -69.8036, 44.2119 ], [ -69.8007, 44.2131 ], [ -69.8001, 44.2129 ], [ -69.8001, 44.2122 ], [ -69.7998, 44.2122 ], [ -69.7995, 44.213 ], [ -69.7981, 44.2133 ], [ -69.798, 44.2137 ], [ -69.7959, 44.2152 ], [ -69.7945, 44.2187 ], [ -69.793, 44.2194 ], [ -69.7907, 44.2197 ], [ -69.789, 44.2207 ], [ -69.7864, 44.2213 ], [ -69.7845, 44.2253 ], [ -69.7809, 44.2283 ], [ -69.7798, 44.2285 ], [ -69.779, 44.2284 ], [ -69.7768, 44.2303 ], [ -69.7757, 44.2307 ], [ -69.7726, 44.2303 ], [ -69.7692, 44.2311 ], [ -69.768, 44.2291 ], [ -69.7629, 44.2243 ], [ -69.7605, 44.2199 ], [ -69.7606, 44.2144 ], [ -69.7624, 44.2081 ], [ -69.7629, 44.2041 ], [ -69.7617, 44.2011 ], [ -69.7545, 44.1929 ], [ -69.7535, 44.1907 ], [ -69.7522, 44.1841 ], [ -69.7537, 44.1797 ], [ -69.7541, 44.1744 ], [ -69.7561, 44.17 ], [ -69.7574, 44.1685 ], [ -69.761, 44.1671 ], [ -69.7634, 44.164 ], [ -69.764, 44.1609 ], [ -69.7637, 44.1584 ], [ -69.7641, 44.1552 ], [ -69.7636, 44.1532 ], [ -69.8549, 44.168 ], [ -69.8528, 44.1691 ] ] ] } },
{ "type": "Feature", "properties": { "GEOIDFQ": "1400000US23013971000", "NAME": "9710", "NAMELSAD": "Census Tract 9710" }, "geometry": { "type": "Polygon", "coordinates": [ [ [ -69.3766, 43.9195 ], [ -69.3783, 43.9259 ], [ -69.3666, 43.9379 ], [ -69.3671, 43.9452 ], [ -69.3623, 43.9536 ], [ -69.3688, 43.9624 ], [ -69.3697, 43.9649 ], [ -69.3755, 43.9646 ], [ -69.364, 44.0129 ], [ -69.3608, 44.011 ], [ -69.3588, 44.0107 ], [ -69.3572, 44.0109 ], [ -69.3543, 44.0145 ], [ -69.3515, 44.0155 ], [ -69.3486, 44.0179 ], [ -69.3458, 44.0188 ], [ -69.3451, 44.0184 ], [ -69.3449, 44.0177 ], [ -69.3434, 44.0168 ], [ -69.344, 44.0153 ], [ -69.3436, 44.0146 ], [ -69.3427, 44.0139 ], [ -69.341, 44.0135 ], [ -69.3399, 44.0123 ], [ -69.338, 44.0114 ], [ -69.3379, 44.0109 ], [ -69.3385, 44.0102 ], [ -69.3383, 44.0094 ], [ -69.3368, 44.0091 ], [ -69.3367, 44.0074 ], [ -69.3356, 44.0072 ], [ -69.3355, 44.0059 ], [ -69.3343, 44.0056 ], [ -69.3347, 44.0047 ], [ -69.3333, 44.0047 ], [ -69.3307, 44.0058 ], [ -69.3296, 44.0067 ], [ -69.3289, 44.0067 ], [ -69.3285, 44.006 ], [ -69.3279, 44.006 ], [ -69.3279, 44.0068 ], [ -69.3264, 44.0076 ], [ -69.3271, 44.0081 ], [ -69.3287, 44.0082 ], [ -69.3293, 44.0089 ], [ -69.329, 44.0091 ], [ -69.3278, 44.009 ], [ -69.3273, 44.0095 ], [ -69.3274, 44.0125 ], [ -69.3284, 44.0135 ], [ -69.3282, 44.0141 ], [ -69.3269, 44.0149 ], [ -69.3268, 44.0176 ], [ -69.3258, 44.0187 ], [ -69.3261, 44.0198 ], [ -69.3256, 44.0199 ], [ -69.3258, 44.0205 ], [ -69.3247, 44.0206 ], [ -69.325, 44.0215 ], [ -69.3237, 44.0216 ], [ -69.3222, 44.0225 ], [ -69.3226, 44.0235 ], [ -69.3232, 44.0238 ], [ -69.3224, 44.0244 ], [ -69.3222, 44.0251 ], [ -69.3214, 44.0251 ], [ -69.3212, 44.0255 ], [ -69.3202, 44.0258 ], [ -69.3199, 44.0268 ], [ -69.3189, 44.0266 ], [ -69.3186, 44.0275 ], [ -69.3191, 44.0286 ], [ -69.3185, 44.0297 ], [ -69.3186, 44.0304 ], [ -69.3194, 44.0308 ], [ -69.3186, 44.0311 ], [ -69.3185, 44.0317 ], [ -69.3193, 44.0326 ], [ -69.3201, 44.0328 ], [ -69.3204, 44.0334 ], [ -69.32, 44.0344 ], [ -69.3186, 44.0355 ], [ -69.3186, 44.0372 ], [ -69.3179, 44.0374 ], [ -69.3179, 44.0379 ], [ -69.3173, 44.038 ], [ -69.3169, 44.0389 ], [ -69.3154, 44.0396 ], [ -69.3147, 44.0392 ], [ -69.3125, 44.0408 ], [ -69.3116, 44.0417 ], [ -69.3118, 44.0427 ], [ -69.311, 44.043 ], [ -69.311, 44.0435 ], [ -69.3101, 44.044 ], [ -69.3093, 44.0453 ], [ -69.3084, 44.0454 ], [ -69.3082, 44.0449 ], [ -69.3071, 44.0447 ], [ -69.3054, 44.0448 ], [ -69.3037, 44.0458 ], [ -69.3032, 44.0466 ], [ -69.3017, 44.0466 ], [ -69.3011, 44.0462 ], [ -69.3003, 44.0467 ], [ -69.3002, 44.0462 ], [ -69.2998, 44.0461 ], [ -69.2993, 44.0462 ], [ -69.2993, 44.0468 ], [ -69.2986, 44.0467 ], [ -69.2982, 44.048 ], [ -69.2989, 44.0485 ], [ -69.2992, 44.0504 ], [ -69.2983, 44.0511 ], [ -69.2979, 44.0509 ], [ -69.2972, 44.0512 ], [ -69.2971, 44.0529 ], [ -69.2997, 44.0527 ], [ -69.3007, 44.0539 ], [ -69.2997, 44.0551 ], [ -69.2996, 44.0557 ], [ -69.2991, 44.0559 ], [ -69.2996, 44.0576 ], [ -69.299, 44.058 ], [ -69.2982, 44.0579 ], [ -69.298, 44.059 ], [ -69.2823, 44.0526 ], [ -69.2822, 44.0548 ], [ -69.2592, 44.0581 ], [ -69.2581, 44.0585 ], [ -69.2495, 44.0594 ], [ -69.2059, 44.0659 ], [ -69.1991, 44.0647 ], [ -69.2001, 44.0637 ], [ -69.1952, 44.063 ], [ -69.1943, 44.064 ], [ -69.1848, 44.0625 ], [ -69.1858, 44.0579 ], [ -69.1893, 44.0545 ], [ -69.1893, 44.0539 ], [ -69.1885, 44.0531 ], [ -69.1887, 44.0522 ], [ -69.1913, 44.0505 ], [ -69.1929, 44.0484 ], [ -69.1935, 44.0461 ], [ -69.1958, 44.0427 ], [ -69.1968, 44.0396 ], [ -69.2013, 44.0342 ], [ -69.2018, 44.0306 ], [ -69.2028, 44.0298 ], [ -69.2066, 44.0281 ], [ -69.2088, 44.0261 ], [ -69.2103, 44.0238 ], [ -69.2108, 44.0203 ], [ -69.2151, 44.0162 ], [ -69.2206, 44.0116 ], [ -69.2249, 44.0092 ], [ -69.2271, 44.0074 ], [ -69.2293, 44.0065 ], [ -69.2348, 44.0054 ], [ -69.2352, 44.0042 ], [ -69.2345, 44.002 ], [ -69.2352, 44.0001 ], [ -69.2495, 43.9905 ], [ -69.2698, 43.9708 ], [ -69.2701, 43.9688 ], [ -69.2823, 43.9583 ], [ -69.2963, 43.9453 ], [ -69.3033, 43.9397 ], [ -69.3059, 43.9419 ], [ -69.3142, 43.9392 ], [ -69.3233, 43.9392 ], [ -69.323, 43.9406 ], [ -69.3297, 43.9421 ], [ -69.3414, 43.9433 ], [ -69.3452, 43.9392 ], [ -69.3335, 43.9331 ], [ -69.3407, 43.9243 ], [ -69.3514, 43.9166 ], [ -69.3649, 43.9202 ], [ -69.3695, 43.907 ], [ -69.3754, 43.8979 ], [ -69.3702, 43.8931 ], [ -69.3695, 43.889 ], [ -69.3754, 43.8873 ], [ -69.3833, 43.8905 ], [ -69.3859, 43.894 ], [ -69.3866, 43.9116 ], [ -69.3766, 43.9195 ] ] ] } },
{ "type": "Feature", "properties": { "GEOIDFQ": "1400000US23013970900", "NAME": "9709", "NAMELSAD": "Census Tract 9709" }, "geometry": { "type": "MultiPolygon", "coordinates": [ [ [ [ -69.3561, 43.8782 ], [ -69.355, 43.8777 ], [ -69.354, 43.8768 ], [ -69.3551, 43.876 ], [ -69.357, 43.8762 ], [ -69.3574, 43.8769 ], [ -69.3571, 43.8779 ], [ -69.3561, 43.8782 ] ] ], [ [ [ -69.3754, 43.8634 ], [ -69.3667, 43.8552 ], [ -69.3582, 43.8518 ], [ -69.3394, 43.8634 ], [ -69.3246, 43.8675 ], [ -69.3208, 43.8876 ], [ -69.3159, 43.8892 ], [ -69.3238, 43.8965 ], [ -69.3278, 43.9025 ], [ -69.3216, 43.9123 ], [ -69.3188, 43.919 ], [ -69.3017, 43.9383 ], [ -69.3033, 43.9397 ], [ -69.2963, 43.9453 ], [ -69.2823, 43.9583 ], [ -69.2701, 43.9688 ], [ -69.2698, 43.9708 ], [ -69.2495, 43.9905 ], [ -69.2352, 44.0001 ], [ -69.2345, 44.002 ], [ -69.2352, 44.0042 ], [ -69.2348, 44.0054 ], [ -69.2278, 44.0069 ], [ -69.2249, 44.0092 ], [ -69.2206, 44.0116 ], [ -69.2151, 44.0162 ], [ -69.2108, 44.0203 ], [ -69.2103, 44.0238 ], [ -69.2088, 44.0261 ], [ -69.2061, 44.0284 ], [ -69.202, 44.0303 ], [ -69.2013, 44.0342 ], [ -69.197, 44.0393 ], [ -69.1559, 44.033 ], [ -69.15, 44.0113 ], [ -69.1455, 44.0128 ], [ -69.1428, 44.0129 ], [ -69.1331, 44.0114 ], [ -69.1308, 44.0102 ], [ -69.1311, 44.0092 ], [ -69.1286, 44.0088 ], [ -69.129, 44.0077 ], [ -69.1286, 44.0046 ], [ -69.1302, 44.0011 ], [ -69.1289, 43.997 ], [ -69.1312, 43.9948 ], [ -69.1351, 43.995 ], [ -69.1401, 43.9893 ], [ -69.1388, 43.9863 ], [ -69.1364, 43.9853 ], [ -69.1314, 43.9855 ], [ -69.1263, 43.9844 ], [ -69.1213, 43.9855 ], [ -69.1219, 43.9847 ], [ -69.1207, 43.9844 ], [ -69.1209, 43.9762 ], [ -69.1293, 43.9726 ], [ -69.147, 43.9787 ], [ -69.1481, 43.9835 ], [ -69.1561, 43.9864 ], [ -69.1597, 43.9823 ], [ -69.1646, 43.9841 ], [ -69.1629, 43.9884 ], [ -69.1691, 43.9891 ], [ -69.169, 43.9857 ], [ -69.1723, 43.9861 ], [ -69.1742, 43.9873 ], [ -69.1755, 43.9849 ], [ -69.1732, 43.9793 ], [ -69.1735, 43.977 ], [ -69.1765, 43.9749 ], [ -69.1792, 43.9736 ], [ -69.1789, 43.9703 ], [ -69.1811, 43.9678 ], [ -69.1822, 43.9634 ], [ -69.1824, 43.9599 ], [ -69.1888, 43.9577 ], [ -69.1917, 43.9515 ], [ -69.1883, 43.9487 ], [ -69.1893, 43.9458 ], [ -69.1944, 43.9456 ], [ -69.1969, 43.9448 ], [ -69.2024, 43.9389 ], [ -69.2077, 43.9344 ], [ -69.2096, 43.9245 ], [ -69.2055, 43.9226 ], [ -69.2073, 43.9185 ], [ -69.2126, 43.9168 ], [ -69.2214, 43.9099 ], [ -69.2285, 43.9053 ], [ -69.2347, 43.9029 ], [ -69.2442, 43.9079 ], [ -69.2526, 43.9032 ], [ -69.2649, 43.9012 ], [ -69.2728, 43.9024 ], [ -69.2728, 43.9087 ], [ -69.2774, 43.9124 ], [ -69.2854, 43.9175 ], [ -69.2916, 43.9163 ], [ -69.3004, 43.9116 ], [ -69.3052, 43.9077 ], [ -69.3073, 43.9005 ], [ -69.3061, 43.8943 ], [ -69.3065, 43.894 ], [ -69.2987, 43.8891 ], [ -69.2839, 43.8899 ], [ -69.2849, 43.8816 ], [ -69.292, 43.8789 ], [ -69.2852, 43.8753 ], [ -69.2771, 43.8736 ], [ -69.2771, 43.8629 ], [ -69.2872, 43.8576 ], [ -69.3034, 43.8622 ], [ -69.3101, 43.8535 ], [ -69.3283, 43.8532 ], [ -69.3357, 43.8528 ], [ -69.3582, 43.8409 ], [ -69.3801, 43.8554 ], [ -69.3855, 43.8612 ], [ -69.3808, 43.8644 ], [ -69.3754, 43.8634 ] ] ] ] } },
{ "type": "Feature", "properties": { "GEOIDFQ": "1400000US23011023001", "NAME": "230.01", "NAMELSAD": "Census Tract 230.01" }, "geometry": { "type": "Polygon", "coordinates": [ [ [ -69.6332, 44.5399 ], [ -69.63, 44.5418 ], [ -69.6273, 44.5451 ], [ -69.6258, 44.5525 ], [ -69.6261, 44.5547 ], [ -69.6258, 44.5566 ], [ -69.6221, 44.5624 ], [ -69.621, 44.5634 ], [ -69.6166, 44.5655 ], [ -69.6142, 44.5674 ], [ -69.611, 44.5725 ], [ -69.607, 44.5758 ], [ -69.6057, 44.5773 ], [ -69.5632, 44.571 ], [ -69.5677, 44.5693 ], [ -69.5691, 44.5681 ], [ -69.5766, 44.5563 ], [ -69.5812, 44.5534 ], [ -69.584, 44.5511 ], [ -69.5885, 44.5458 ], [ -69.595, 44.5422 ], [ -69.6007, 44.5411 ], [ -69.6058, 44.538 ], [ -69.6107, 44.5357 ], [ -69.6145, 44.5385 ], [ -69.6182, 44.5384 ], [ -69.6239, 44.5398 ], [ -69.6273, 44.5387 ], [ -69.6343, 44.5386 ], [ -69.6332, 44.5399 ] ] ] } },
{ "type": "Feature", "properties": { "GEOIDFQ": "1400000US23011024101", "NAME": "241.01", "NAMELSAD": "Census Tract 241.01" }, "geometry": { "type": "Polygon", "coordinates": [ [ [ -69.6307, 44.581 ], [ -69.6097, 44.5779 ], [ -69.6228, 44.5679 ], [ -69.6282, 44.5588 ], [ -69.6335, 44.5562 ], [ -69.6361, 44.5557 ], [ -69.639, 44.5558 ], [ -69.6442, 44.5577 ], [ -69.6441, 44.5585 ], [ -69.647, 44.5615 ], [ -69.6502, 44.5662 ], [ -69.6516, 44.5696 ], [ -69.6542, 44.5727 ], [ -69.6543, 44.5763 ], [ -69.6562, 44.5795 ], [ -69.6567, 44.58 ], [ -69.6573, 44.58 ], [ -69.6585, 44.5793 ], [ -69.6593, 44.5797 ], [ -69.6615, 44.5815 ], [ -69.6645, 44.5858 ], [ -69.6655, 44.5864 ], [ -69.6307, 44.581 ] ] ] } },
{ "type": "Feature", "properties": { "GEOIDFQ": "1400000US23003950900", "NAME": "9509", "NAMELSAD": "Census Tract 9509" }, "geometry": { "type": "Polygon", "coordinates": [ [ [ -68.5238, 46.8302 ], [ -68.4415, 46.8319 ], [ -68.4406, 46.7566 ], [ -68.4401, 46.7449 ], [ -68.3562, 46.7449 ], [ -68.3005, 46.7452 ], [ -68.3007, 46.6578 ], [ -68.303, 46.6578 ], [ -68.3048, 46.5899 ], [ -68.3053, 46.5001 ], [ -68.3047, 46.4694 ], [ -68.4364, 46.4702 ], [ -68.4369, 46.5612 ], [ -68.5609, 46.5608 ], [ -68.5607, 46.6261 ], [ -68.562, 46.7027 ], [ -68.5618, 46.75 ], [ -68.5635, 46.8299 ], [ -68.5238, 46.8302 ] ] ] } },
{ "type": "Feature", "properties": { "GEOIDFQ": "1400000US23003951000", "NAME": "9510", "NAMELSAD": "Census Tract 9510" }, "geometry": { "type": "Polygon", "coordinates": [ [ [ -68.3, 46.8727 ], [ -68.3002, 46.9264 ], [ -68.2484, 46.9273 ], [ -68.0623, 46.9314 ], [ -68.06, 46.8509 ], [ -68.0553, 46.7497 ], [ -68.1954, 46.7472 ], [ -68.2435, 46.746 ], [ -68.2995, 46.7452 ], [ -68.3005, 46.7452 ], [ -68.3, 46.8727 ] ] ] } },
{ "type": "Feature", "properties": { "GEOIDFQ": "1400000US23003951100", "NAME": "9511", "NAMELSAD": "Census Tract 9511" }, "geometry": { "type": "Polygon", "coordinates": [ [ [ -68.3005, 46.7452 ], [ -68.2435, 46.746 ], [ -68.1954, 46.7472 ], [ -68.0553, 46.7497 ], [ -68.0471, 46.5682 ], [ -68.1736, 46.5652 ], [ -68.1735, 46.6073 ], [ -68.1729, 46.6251 ], [ -68.1726, 46.6607 ], [ -68.3007, 46.6578 ], [ -68.3005, 46.7452 ] ] ] } },
{ "type": "Feature", "properties": { "GEOIDFQ": "1400000US23025965900", "NAME": "9659", "NAMELSAD": "Census Tract 9659" }, "geometry": { "type": "Polygon", "coordinates": [ [ [ -69.6139, 44.8802 ], [ -69.6113, 44.8803 ], [ -69.6098, 44.8824 ], [ -69.6101, 44.8834 ], [ -69.6088, 44.8841 ], [ -69.6076, 44.8839 ], [ -69.607, 44.8842 ], [ -69.6071, 44.8851 ], [ -69.6076, 44.8857 ], [ -69.6058, 44.8862 ], [ -69.6055, 44.8866 ], [ -69.6061, 44.8872 ], [ -69.6059, 44.888 ], [ -69.6038, 44.8886 ], [ -69.6043, 44.89 ], [ -69.6053, 44.89 ], [ -69.6051, 44.8906 ], [ -69.6077, 44.8908 ], [ -69.6079, 44.8921 ], [ -69.6071, 44.8925 ], [ -69.6069, 44.8937 ], [ -69.6061, 44.8946 ], [ -69.6055, 44.8946 ], [ -69.6059, 44.8955 ], [ -69.6054, 44.8963 ], [ -69.6039, 44.8962 ], [ -69.604, 44.8966 ], [ -69.6031, 44.8973 ], [ -69.603, 44.8999 ], [ -69.6, 44.9008 ], [ -69.6, 44.9017 ], [ -69.5991, 44.903 ], [ -69.5992, 44.9046 ], [ -69.5979, 44.9044 ], [ -69.597, 44.9047 ], [ -69.5967, 44.9052 ], [ -69.5969, 44.9064 ], [ -69.5965, 44.907 ], [ -69.5957, 44.9071 ], [ -69.5953, 44.9078 ], [ -69.594, 44.9078 ], [ -69.5933, 44.9083 ], [ -69.5927, 44.9078 ], [ -69.5906, 44.9079 ], [ -69.5907, 44.9084 ], [ -69.5895, 44.9085 ], [ -69.5897, 44.909 ], [ -69.5886, 44.9094 ], [ -69.5878, 44.9092 ], [ -69.5875, 44.9097 ], [ -69.5872, 44.9094 ], [ -69.5858, 44.9099 ], [ -69.5853, 44.9097 ], [ -69.5849, 44.9101 ], [ -69.5845, 44.9097 ], [ -69.5835, 44.9095 ], [ -69.5837, 44.9089 ], [ -69.5815, 44.9084 ], [ -69.5812, 44.9094 ], [ -69.5789, 44.9093 ], [ -69.578, 44.91 ], [ -69.5773, 44.9097 ], [ -69.5768, 44.9105 ], [ -69.5763, 44.9098 ], [ -69.5758, 44.9098 ], [ -69.5753, 44.9106 ], [ -69.5743, 44.911 ], [ -69.5736, 44.9107 ], [ -69.573, 44.9106 ], [ -69.5736, 44.9108 ], [ -69.5734, 44.9114 ], [ -69.5742, 44.912 ], [ -69.5733, 44.9121 ], [ -69.5728, 44.9125 ], [ -69.5716, 44.9124 ], [ -69.571, 44.9134 ], [ -69.5699, 44.9141 ], [ -69.5714, 44.9148 ], [ -69.5709, 44.9152 ], [ -69.5713, 44.9158 ], [ -69.5703, 44.9176 ], [ -69.5715, 44.9189 ], [ -69.571, 44.9194 ], [ -69.5701, 44.9194 ], [ -69.5673, 44.9179 ], [ -69.5657, 44.9174 ], [ -69.5645, 44.9164 ], [ -69.5639, 44.9163 ], [ -69.5607, 44.9145 ], [ -69.5635, 44.917 ], [ -69.5671, 44.9181 ], [ -69.5674, 44.9192 ], [ -69.5656, 44.9193 ], [ -69.5628, 44.9177 ], [ -69.5617, 44.9188 ], [ -69.5592, 44.9186 ], [ -69.5531, 44.9169 ], [ -69.5542, 44.9193 ], [ -69.553, 44.9195 ], [ -69.5521, 44.9205 ], [ -69.5523, 44.9223 ], [ -69.5503, 44.9231 ], [ -69.551, 44.9231 ], [ -69.552, 44.9253 ], [ -69.5518, 44.926 ], [ -69.5506, 44.927 ], [ -69.4979, 44.9344 ], [ -69.4681, 44.939 ], [ -69.4683, 44.9361 ], [ -69.4695, 44.9351 ], [ -69.468, 44.9321 ], [ -69.4695, 44.9303 ], [ -69.4708, 44.9304 ], [ -69.471, 44.9301 ], [ -69.4703, 44.9271 ], [ -69.4718, 44.9236 ], [ -69.4719, 44.9213 ], [ -69.4728, 44.9171 ], [ -69.4718, 44.9156 ], [ -69.4708, 44.9092 ], [ -69.4709, 44.9081 ], [ -69.4715, 44.9075 ], [ -69.471, 44.9053 ], [ -69.4713, 44.9015 ], [ -69.4692, 44.8979 ], [ -69.4681, 44.897 ], [ -69.4665, 44.8969 ], [ -69.4652, 44.896 ], [ -69.4628, 44.8926 ], [ -69.4629, 44.8907 ], [ -69.4446, 44.893 ], [ -69.4402, 44.8789 ], [ -69.4491, 44.8778 ], [ -69.4447, 44.8624 ], [ -69.4392, 44.8459 ], [ -69.4702, 44.8415 ], [ -69.4711, 44.8437 ], [ -69.4746, 44.8422 ], [ -69.4742, 44.8409 ], [ -69.4846, 44.8394 ], [ -69.479, 44.8183 ], [ -69.5217, 44.8121 ], [ -69.525, 44.8242 ], [ -69.5232, 44.8233 ], [ -69.5224, 44.8235 ], [ -69.5224, 44.8258 ], [ -69.5324, 44.8592 ], [ -69.6075, 44.8529 ], [ -69.6149, 44.8798 ], [ -69.6139, 44.8802 ] ], [ [ -69.55, 44.9232 ], [ -69.5502, 44.9234 ], [ -69.5503, 44.9231 ], [ -69.55, 44.9232 ] ] ] } },
{ "type": "Feature", "properties": { "GEOIDFQ": "1400000US23025965600", "NAME": "9656", "NAMELSAD": "Census Tract 9656" }, "geometry": { "type": "MultiPolygon", "coordinates": [ [ [ [ -69.6458, 45.1013 ], [ -69.621, 45.011 ], [ -69.5935, 45.0144 ], [ -69.4924, 45.0283 ], [ -69.4839, 45.0001 ], [ -69.4677, 44.939 ], [ -69.4979, 44.9344 ], [ -69.5506, 44.927 ], [ -69.5518, 44.926 ], [ -69.552, 44.9253 ], [ -69.551, 44.9231 ], [ -69.5503, 44.9231 ], [ -69.5523, 44.9223 ], [ -69.5521, 44.9205 ], [ -69.553, 44.9195 ], [ -69.5542, 44.9193 ], [ -69.5531, 44.9169 ], [ -69.5592, 44.9186 ], [ -69.5617, 44.9188 ], [ -69.5628, 44.9177 ], [ -69.5656, 44.9193 ], [ -69.5674, 44.9192 ], [ -69.5671, 44.9181 ], [ -69.5635, 44.917 ], [ -69.5607, 44.9145 ], [ -69.5639, 44.9163 ], [ -69.5645, 44.9164 ], [ -69.5657, 44.9174 ], [ -69.5673, 44.9179 ], [ -69.5701, 44.9194 ], [ -69.571, 44.9194 ], [ -69.5715, 44.9189 ], [ -69.5703, 44.9176 ], [ -69.5713, 44.9158 ], [ -69.5709, 44.9152 ], [ -69.5714, 44.9148 ], [ -69.5699, 44.9141 ], [ -69.571, 44.9134 ], [ -69.5716, 44.9124 ], [ -69.5728, 44.9125 ], [ -69.5733, 44.9121 ], [ -69.5742, 44.912 ], [ -69.5734, 44.9114 ], [ -69.5736, 44.9108 ], [ -69.5743, 44.911 ], [ -69.5753, 44.9106 ], [ -69.5758, 44.9098 ], [ -69.5763, 44.9098 ], [ -69.5768, 44.9105 ], [ -69.5773, 44.9097 ], [ -69.578, 44.91 ], [ -69.5789, 44.9093 ], [ -69.5812, 44.9094 ], [ -69.5815, 44.9084 ], [ -69.5837, 44.9089 ], [ -69.5835, 44.9095 ], [ -69.5845, 44.9097 ], [ -69.5849, 44.9101 ], [ -69.5853, 44.9097 ], [ -69.5858, 44.9099 ], [ -69.5872, 44.9094 ], [ -69.5875, 44.9097 ], [ -69.5878, 44.9092 ], [ -69.5886, 44.9094 ], [ -69.5897, 44.909 ], [ -69.5895, 44.9085 ], [ -69.5907, 44.9084 ], [ -69.5906, 44.9079 ], [ -69.5927, 44.9078 ], [ -69.5933, 44.9083 ], [ -69.594, 44.9078 ], [ -69.5953, 44.9078 ], [ -69.5957, 44.9071 ], [ -69.5965, 44.907 ], [ -69.5969, 44.9064 ], [ -69.5967, 44.9052 ], [ -69.597, 44.9047 ], [ -69.5979, 44.9044 ], [ -69.5992, 44.9046 ], [ -69.5991, 44.903 ], [ -69.6, 44.9017 ], [ -69.6, 44.9008 ], [ -69.603, 44.8999 ], [ -69.6031, 44.8973 ], [ -69.604, 44.8966 ], [ -69.6039, 44.8962 ], [ -69.6054, 44.8963 ], [ -69.6059, 44.8955 ], [ -69.6055, 44.8946 ], [ -69.6061, 44.8946 ], [ -69.6069, 44.8937 ], [ -69.6071, 44.8925 ], [ -69.6079, 44.8921 ], [ -69.6077, 44.8908 ], [ -69.6051, 44.8906 ], [ -69.6053, 44.89 ], [ -69.6043, 44.89 ], [ -69.6038, 44.8886 ], [ -69.606, 44.8879 ], [ -69.6061, 44.8872 ], [ -69.6055, 44.8866 ], [ -69.6058, 44.8862 ], [ -69.6069, 44.8861 ], [ -69.6077, 44.8856 ], [ -69.6071, 44.8851 ], [ -69.607, 44.8842 ], [ -69.6076, 44.8839 ], [ -69.6088, 44.8841 ], [ -69.6098, 44.8837 ], [ -69.6101, 44.8832 ], [ -69.6098, 44.8824 ], [ -69.6115, 44.8802 ], [ -69.6139, 44.8802 ], [ -69.615, 44.8798 ], [ -69.6256, 44.9174 ], [ -69.6687, 44.9119 ], [ -69.7201, 44.905 ], [ -69.7326, 44.9501 ], [ -69.7382, 44.9726 ], [ -69.7454, 44.9945 ], [ -69.7504, 44.9938 ], [ -69.7548, 45.0151 ], [ -69.7565, 45.0197 ], [ -69.773, 45.0828 ], [ -69.6458, 45.1013 ] ] ], [ [ [ -69.5502, 44.9234 ], [ -69.55, 44.9232 ], [ -69.5503, 44.9231 ], [ -69.5502, 44.9234 ] ] ] ] } },
{ "type": "Feature", "properties": { "GEOIDFQ": "1400000US23025966200", "NAME": "9662", "NAMELSAD": "Census Tract 9662" }, "geometry": { "type": "Polygon", "coordinates": [ [ [ -69.8572, 45.0714 ], [ -69.8543, 45.0713 ], [ -69.773, 45.0828 ], [ -69.7565, 45.0197 ], [ -69.7548, 45.0151 ], [ -69.7504, 44.9938 ], [ -69.7454, 44.9945 ], [ -69.7382, 44.9726 ], [ -69.7326, 44.9501 ], [ -69.7201, 44.905 ], [ -69.7512, 44.9011 ], [ -69.7873, 44.8961 ], [ -69.8596, 44.8872 ], [ -69.8569, 44.8887 ], [ -69.8535, 44.8897 ], [ -69.8524, 44.8906 ], [ -69.8522, 44.8914 ], [ -69.853, 44.8949 ], [ -69.8544, 44.8966 ], [ -69.8565, 44.9004 ], [ -69.8581, 44.9017 ], [ -69.8584, 44.903 ], [ -69.8569, 44.9058 ], [ -69.8565, 44.9088 ], [ -69.8571, 44.911 ], [ -69.8547, 44.9138 ], [ -69.8539, 44.9167 ], [ -69.8537, 44.9201 ], [ -69.8545, 44.9216 ], [ -69.8562, 44.9229 ], [ -69.8573, 44.9243 ], [ -69.8576, 44.9252 ], [ -69.8572, 44.9267 ], [ -69.8574, 44.9294 ], [ -69.8607, 44.934 ], [ -69.8624, 44.9353 ], [ -69.8662, 44.9355 ], [ -69.8681, 44.936 ], [ -69.8694, 44.937 ], [ -69.8698, 44.9379 ], [ -69.8694, 44.9391 ], [ -69.8679, 44.9413 ], [ -69.866, 44.9483 ], [ -69.8668, 44.952 ], [ -69.8682, 44.9524 ], [ -69.8692, 44.9534 ], [ -69.871, 44.9569 ], [ -69.8688, 44.9614 ], [ -69.8671, 44.9655 ], [ -69.8671, 44.9665 ], [ -69.8684, 44.9725 ], [ -69.8748, 44.9779 ], [ -69.8761, 44.981 ], [ -69.8763, 44.9844 ], [ -69.876, 44.9861 ], [ -69.8756, 44.9866 ], [ -69.8674, 44.9943 ], [ -69.8612, 45.0012 ], [ -69.8604, 45.0045 ], [ -69.8605, 45.008 ], [ -69.8623, 45.0145 ], [ -69.8613, 45.0245 ], [ -69.8633, 45.0285 ], [ -69.8642, 45.0323 ], [ -69.8655, 45.0348 ], [ -69.8669, 45.0357 ], [ -69.8723, 45.0382 ], [ -69.8761, 45.0409 ], [ -69.8792, 45.0443 ], [ -69.8823, 45.0486 ], [ -69.889, 45.055 ], [ -69.8931, 45.0607 ], [ -69.895, 45.0626 ], [ -69.8981, 45.0647 ], [ -69.8572, 45.0714 ] ] ] } },
{ "type": "Feature", "properties": { "GEOIDFQ": "1400000US23025966000", "NAME": "9660", "NAMELSAD": "Census Tract 9660" }, "geometry": { "type": "Polygon", "coordinates": [ [ [ -69.479, 44.8183 ], [ -69.4846, 44.8394 ], [ -69.4742, 44.8409 ], [ -69.4746, 44.8422 ], [ -69.4711, 44.8437 ], [ -69.4702, 44.8415 ], [ -69.4392, 44.8459 ], [ -69.4251, 44.8022 ], [ -69.3716, 44.8089 ], [ -69.3542, 44.7714 ], [ -69.3516, 44.7709 ], [ -69.3507, 44.7717 ], [ -69.3499, 44.7717 ], [ -69.3493, 44.7703 ], [ -69.3481, 44.7694 ], [ -69.3465, 44.7691 ], [ -69.3445, 44.7682 ], [ -69.3416, 44.7678 ], [ -69.3366, 44.7658 ], [ -69.3356, 44.7651 ], [ -69.3351, 44.764 ], [ -69.336, 44.7613 ], [ -69.3366, 44.7609 ], [ -69.3392, 44.7607 ], [ -69.3399, 44.7601 ], [ -69.3393, 44.7579 ], [ -69.3401, 44.7565 ], [ -69.342, 44.7545 ], [ -69.3426, 44.7507 ], [ -69.3432, 44.7499 ], [ -69.3469, 44.7492 ], [ -69.3497, 44.7492 ], [ -69.3521, 44.7501 ], [ -69.3536, 44.7501 ], [ -69.3621, 44.7514 ], [ -69.3671, 44.7534 ], [ -69.3718, 44.7546 ], [ -69.3758, 44.7541 ], [ -69.3824, 44.7542 ], [ -69.3857, 44.7537 ], [ -69.3883, 44.7524 ], [ -69.3887, 44.751 ], [ -69.3879, 44.7481 ], [ -69.3885, 44.7473 ], [ -69.3897, 44.7469 ], [ -69.3927, 44.7479 ], [ -69.3942, 44.748 ], [ -69.3961, 44.7476 ], [ -69.3976, 44.7468 ], [ -69.3984, 44.7446 ], [ -69.3982, 44.7425 ], [ -69.397, 44.7387 ], [ -69.3952, 44.7356 ], [ -69.395, 44.7322 ], [ -69.396, 44.7312 ], [ -69.3995, 44.7301 ], [ -69.406, 44.727 ], [ -69.4082, 44.7238 ], [ -69.4145, 44.7187 ], [ -69.4147, 44.718 ], [ -69.4141, 44.7163 ], [ -69.4153, 44.7144 ], [ -69.4158, 44.7113 ], [ -69.4174, 44.7081 ], [ -69.4165, 44.7038 ], [ -69.4168, 44.701 ], [ -69.4717, 44.6929 ], [ -69.4675, 44.708 ], [ -69.4732, 44.7087 ], [ -69.4704, 44.7182 ], [ -69.4834, 44.7203 ], [ -69.4767, 44.7438 ], [ -69.4931, 44.7482 ], [ -69.4981, 44.7675 ], [ -69.5152, 44.788 ], [ -69.5217, 44.8121 ], [ -69.479, 44.8183 ] ] ] } },
{ "type": "Feature", "properties": { "GEOIDFQ": "1400000US23025967000", "NAME": "9670", "NAMELSAD": "Census Tract 9670" }, "geometry": { "type": "Polygon", "coordinates": [ [ [ -70.0007, 44.759 ], [ -70.0038, 44.7735 ], [ -69.9518, 44.7803 ], [ -69.8889, 44.7878 ], [ -69.8878, 44.7854 ], [ -69.8883, 44.7834 ], [ -69.8866, 44.7786 ], [ -69.8864, 44.7756 ], [ -69.8871, 44.7724 ], [ -69.8889, 44.7684 ], [ -69.8894, 44.7649 ], [ -69.8919, 44.7634 ], [ -69.894, 44.7628 ], [ -69.8975, 44.763 ], [ -69.9006, 44.7637 ], [ -69.9016, 44.7636 ], [ -69.9027, 44.7609 ], [ -69.9027, 44.7599 ], [ -69.9022, 44.7594 ], [ -69.8973, 44.7591 ], [ -69.8954, 44.7585 ], [ -69.8929, 44.7555 ], [ -69.8928, 44.7548 ], [ -69.8933, 44.7542 ], [ -69.8945, 44.7542 ], [ -69.8957, 44.7559 ], [ -69.8967, 44.7565 ], [ -69.8977, 44.7567 ], [ -69.8999, 44.7566 ], [ -69.9016, 44.7558 ], [ -69.9026, 44.7549 ], [ -69.9032, 44.7539 ], [ -69.9035, 44.752 ], [ -69.9023, 44.7509 ], [ -69.8977, 44.7495 ], [ -69.8958, 44.7485 ], [ -69.8935, 44.7464 ], [ -69.8926, 44.745 ], [ -69.893, 44.7435 ], [ -69.8978, 44.7384 ], [ -69.8969, 44.7367 ], [ -69.8978, 44.7359 ], [ -69.8989, 44.7334 ], [ -69.8991, 44.7325 ], [ -69.8986, 44.7316 ], [ -69.897, 44.7307 ], [ -69.8954, 44.7305 ], [ -69.894, 44.7309 ], [ -69.8921, 44.7324 ], [ -69.891, 44.7328 ], [ -69.8849, 44.733 ], [ -69.8839, 44.7322 ], [ -69.8842, 44.7314 ], [ -69.8862, 44.7298 ], [ -69.8868, 44.7288 ], [ -69.8861, 44.7263 ], [ -69.8862, 44.7244 ], [ -69.8872, 44.7222 ], [ -69.8884, 44.7211 ], [ -69.8952, 44.7179 ], [ -69.8958, 44.7172 ], [ -69.8962, 44.7146 ], [ -69.8951, 44.7126 ], [ -69.8951, 44.7117 ], [ -69.8902, 44.708 ], [ -69.8919, 44.7069 ], [ -69.8827, 44.7025 ], [ -69.8685, 44.6929 ], [ -69.8658, 44.6824 ], [ -69.8683, 44.6817 ], [ -69.8676, 44.6751 ], [ -69.8642, 44.6758 ], [ -69.8628, 44.6697 ], [ -69.8325, 44.674 ], [ -69.8289, 44.6716 ], [ -69.8053, 44.6758 ], [ -69.8002, 44.6774 ], [ -69.7909, 44.6787 ], [ -69.7803, 44.6771 ], [ -69.752, 44.6179 ], [ -69.7443, 44.6026 ], [ -69.7763, 44.6082 ], [ -69.7873, 44.5941 ], [ -69.7928, 44.5773 ], [ -69.8169, 44.581 ], [ -69.8189, 44.5816 ], [ -69.8186, 44.582 ], [ -69.8177, 44.582 ], [ -69.8178, 44.5824 ], [ -69.817, 44.583 ], [ -69.8174, 44.5834 ], [ -69.8166, 44.5842 ], [ -69.8174, 44.5843 ], [ -69.818, 44.5848 ], [ -69.8179, 44.5851 ], [ -69.8173, 44.585 ], [ -69.817, 44.5856 ], [ -69.8177, 44.5855 ], [ -69.8174, 44.5865 ], [ -69.8184, 44.5874 ], [ -69.8186, 44.5883 ], [ -69.8181, 44.5883 ], [ -69.8175, 44.5889 ], [ -69.8185, 44.5903 ], [ -69.8181, 44.5905 ], [ -69.8183, 44.5911 ], [ -69.8173, 44.5916 ], [ -69.818, 44.5917 ], [ -69.8188, 44.5925 ], [ -69.818, 44.5929 ], [ -69.8187, 44.5937 ], [ -69.8187, 44.5943 ], [ -69.8178, 44.5946 ], [ -69.8184, 44.5953 ], [ -69.8175, 44.596 ], [ -69.8176, 44.5964 ], [ -69.8171, 44.5964 ], [ -69.8172, 44.5978 ], [ -69.8175, 44.598 ], [ -69.8179, 44.5975 ], [ -69.8184, 44.5978 ], [ -69.8188, 44.5992 ], [ -69.8194, 44.5991 ], [ -69.8194, 44.5995 ], [ -69.8204, 44.5996 ], [ -69.8204, 44.6006 ], [ -69.8212, 44.6004 ], [ -69.8223, 44.6009 ], [ -69.8224, 44.6019 ], [ -69.8214, 44.6021 ], [ -69.8211, 44.6028 ], [ -69.8204, 44.6032 ], [ -69.8208, 44.6041 ], [ -69.8227, 44.6046 ], [ -69.8217, 44.6049 ], [ -69.8228, 44.6052 ], [ -69.8227, 44.606 ], [ -69.822, 44.6067 ], [ -69.8227, 44.6071 ], [ -69.8224, 44.6076 ], [ -69.8239, 44.6078 ], [ -69.8247, 44.6069 ], [ -69.8254, 44.6067 ], [ -69.8264, 44.6079 ], [ -69.8282, 44.6082 ], [ -69.8533, 44.6215 ], [ -69.8745, 44.6183 ], [ -69.9305, 44.6109 ], [ -69.9471, 44.648 ], [ -69.9676, 44.6585 ], [ -69.9676, 44.6596 ], [ -69.9688, 44.6615 ], [ -69.9678, 44.6627 ], [ -69.9663, 44.6629 ], [ -69.9637, 44.6607 ], [ -69.9612, 44.6604 ], [ -69.9596, 44.6609 ], [ -69.9587, 44.6626 ], [ -69.9587, 44.6658 ], [ -69.9582, 44.6679 ], [ -69.9589, 44.6703 ], [ -69.9609, 44.6728 ], [ -69.9616, 44.6732 ], [ -69.9643, 44.6739 ], [ -69.9651, 44.6747 ], [ -69.964, 44.6765 ], [ -69.9613, 44.6776 ], [ -69.9606, 44.6782 ], [ -69.9596, 44.6801 ], [ -69.9601, 44.6812 ], [ -69.9962, 44.6775 ], [ -70.0135, 44.7577 ], [ -70.0007, 44.759 ] ] ] } },
{ "type": "Feature", "properties": { "GEOIDFQ": "1400000US23003952400", "NAME": "9524", "NAMELSAD": "Census Tract 9524" }, "geometry": { "type": "Polygon", "coordinates": [ [ [ -67.8399, 46.1322 ], [ -67.8395, 46.1339 ], [ -67.8395, 46.1371 ], [ -67.8405, 46.1428 ], [ -67.8406, 46.1691 ], [ -67.841, 46.1737 ], [ -67.8412, 46.1853 ], [ -67.8019, 46.1862 ], [ -67.7814, 46.1862 ], [ -67.7812, 46.0962 ], [ -67.8406, 46.0954 ], [ -67.8398, 46.1242 ], [ -67.8412, 46.124 ], [ -67.8416, 46.1251 ], [ -67.8427, 46.1264 ], [ -67.8399, 46.1322 ] ] ] } },
{ "type": "Feature", "properties": { "GEOIDFQ": "1400000US23003952500", "NAME": "9525", "NAMELSAD": "Census Tract 9525" }, "geometry": { "type": "Polygon", "coordinates": [ [ [ -67.9039, 46.1366 ], [ -67.9034, 46.1504 ], [ -67.9025, 46.1504 ], [ -67.9024, 46.1516 ], [ -67.9024, 46.1612 ], [ -67.9031, 46.1612 ], [ -67.9037, 46.1855 ], [ -67.8412, 46.1853 ], [ -67.841, 46.1737 ], [ -67.8406, 46.1691 ], [ -67.8405, 46.1428 ], [ -67.8395, 46.1371 ], [ -67.8395, 46.1339 ], [ -67.8399, 46.1322 ], [ -67.8427, 46.1264 ], [ -67.8416, 46.1251 ], [ -67.8412, 46.124 ], [ -67.8398, 46.1242 ], [ -67.8406, 46.0954 ], [ -67.8625, 46.0951 ], [ -67.9066, 46.0953 ], [ -67.9039, 46.1366 ] ] ] } },
{ "type": "Feature", "properties": { "GEOIDFQ": "1400000US23003950200", "NAME": "9502", "NAMELSAD": "Census Tract 9502" }, "geometry": { "type": "Polygon", "coordinates": [ [ [ -68.1791, 47.33 ], [ -68.176, 47.3289 ], [ -68.1699, 47.3285 ], [ -68.16, 47.3272 ], [ -68.1547, 47.3252 ], [ -68.1523, 47.3221 ], [ -68.1533, 47.3151 ], [ -68.1539, 47.3133 ], [ -68.1522, 47.3097 ], [ -68.1469, 47.3057 ], [ -68.1413, 47.2996 ], [ -68.1359, 47.2956 ], [ -68.1275, 47.294 ], [ -68.1209, 47.2874 ], [ -68.105, 47.2814 ], [ -68.1024, 47.28 ], [ -68.0923, 47.2766 ], [ -68.0819, 47.271 ], [ -68.0774, 47.2659 ], [ -68.0766, 47.2625 ], [ -68.074, 47.2592 ], [ -68.0648, 47.2573 ], [ -68.0592, 47.2552 ], [ -68.0391, 47.2465 ], [ -68.0334, 47.2433 ], [ -68.0253, 47.2399 ], [ -68.0197, 47.2385 ], [ -68.0166, 47.2349 ], [ -68.0069, 47.2272 ], [ -67.9982, 47.2171 ], [ -67.9897, 47.21 ], [ -67.9873, 47.2093 ], [ -67.9828, 47.2087 ], [ -67.9732, 47.2068 ], [ -67.9572, 47.1996 ], [ -67.9534, 47.1967 ], [ -67.9519, 47.1945 ], [ -67.9509, 47.1901 ], [ -67.9515, 47.1835 ], [ -67.9484, 47.1816 ], [ -67.9388, 47.1709 ], [ -67.9369, 47.1661 ], [ -67.9349, 47.1636 ], [ -67.9319, 47.1615 ], [ -67.9287, 47.1562 ], [ -67.9273, 47.155 ], [ -67.922, 47.152 ], [ -67.9274, 47.148 ], [ -67.9273, 47.1356 ], [ -68.0596, 47.1347 ], [ -68.0606, 47.2015 ], [ -68.1428, 47.2008 ], [ -68.1798, 47.2008 ], [ -68.18, 47.2501 ], [ -68.1815, 47.2915 ], [ -68.1791, 47.33 ] ] ] } },
{ "type": "Feature", "properties": { "GEOIDFQ": "1400000US23003951300", "NAME": "9513", "NAMELSAD": "Census Tract 9513" }, "geometry": { "type": "Polygon", "coordinates": [ [ [ -67.9293, 46.9579 ], [ -67.9286, 46.9149 ], [ -67.9268, 46.8666 ], [ -67.9267, 46.8658 ], [ -67.9191, 46.866 ], [ -67.9192, 46.8217 ], [ -67.9345, 46.8282 ], [ -67.9375, 46.8318 ], [ -67.9398, 46.8364 ], [ -67.9528, 46.8454 ], [ -67.9581, 46.8482 ], [ -67.9647, 46.8492 ], [ -67.988, 46.8543 ], [ -68.0042, 46.8538 ], [ -68.0039, 46.8554 ], [ -68.0061, 46.8568 ], [ -68.0095, 46.8578 ], [ -68.0117, 46.8596 ], [ -68.0115, 46.8637 ], [ -68.0124, 46.8722 ], [ -68.0111, 46.8774 ], [ -68.0121, 46.8791 ], [ -68.0124, 46.8808 ], [ -68.0121, 46.881 ], [ -68.0155, 46.8926 ], [ -68.0154, 46.9024 ], [ -68.0161, 46.9067 ], [ -68.0179, 46.9123 ], [ -68.0201, 46.9246 ], [ -68.0209, 46.9266 ], [ -68.0231, 46.9298 ], [ -68.0234, 46.9311 ], [ -68.0227, 46.9476 ], [ -68.0233, 46.9491 ], [ -68.027, 46.9541 ], [ -68.028, 46.9561 ], [ -67.9293, 46.9579 ] ] ] } },
{ "type": "Feature", "properties": { "GEOIDFQ": "1400000US23003952100", "NAME": "9521", "NAMELSAD": "Census Tract 9521" }, "geometry": { "type": "Polygon", "coordinates": [ [ [ -67.9089, 46.5971 ], [ -67.8745, 46.5981 ], [ -67.7883, 46.5999 ], [ -67.7851, 46.4666 ], [ -67.9127, 46.4647 ], [ -67.9149, 46.5087 ], [ -67.9994, 46.5072 ], [ -68.0442, 46.5062 ], [ -68.0482, 46.5944 ], [ -67.9089, 46.5971 ] ] ] } },
{ "type": "Feature", "properties": { "GEOIDFQ": "1400000US23005001300", "NAME": "13", "NAMELSAD": "Census Tract 13" }, "geometry": { "type": "Polygon", "coordinates": [ [ [ -70.2793, 43.657 ], [ -70.276, 43.6592 ], [ -70.274, 43.6577 ], [ -70.2727, 43.6545 ], [ -70.2742, 43.6529 ], [ -70.2682, 43.6515 ], [ -70.2698, 43.65 ], [ -70.2697, 43.6486 ], [ -70.2677, 43.6465 ], [ -70.2665, 43.6471 ], [ -70.2656, 43.646 ], [ -70.2667, 43.6454 ], [ -70.2662, 43.6449 ], [ -70.2732, 43.6431 ], [ -70.2761, 43.6434 ], [ -70.2768, 43.6432 ], [ -70.2784, 43.6439 ], [ -70.2791, 43.6451 ], [ -70.2804, 43.6501 ], [ -70.281, 43.6548 ], [ -70.2793, 43.657 ] ] ] } },
{ "type": "Feature", "properties": { "GEOIDFQ": "1400000US23005001500", "NAME": "15", "NAMELSAD": "Census Tract 15" }, "geometry": { "type": "Polygon", "coordinates": [ [ [ -70.2811, 43.6678 ], [ -70.2777, 43.6699 ], [ -70.2724, 43.6713 ], [ -70.2662, 43.6673 ], [ -70.2664, 43.6631 ], [ -70.2654, 43.6619 ], [ -70.2686, 43.6601 ], [ -70.2718, 43.6608 ], [ -70.2743, 43.6601 ], [ -70.279, 43.6573 ], [ -70.281, 43.6548 ], [ -70.2813, 43.6558 ], [ -70.285, 43.6616 ], [ -70.2854, 43.6675 ], [ -70.2811, 43.6678 ] ] ] } },
{ "type": "Feature", "properties": { "GEOIDFQ": "1400000US23005001700", "NAME": "17", "NAMELSAD": "Census Tract 17" }, "geometry": { "type": "Polygon", "coordinates": [ [ [ -70.3086, 43.6713 ], [ -70.3023, 43.669 ], [ -70.2952, 43.6698 ], [ -70.2903, 43.67 ], [ -70.2877, 43.671 ], [ -70.2852, 43.6709 ], [ -70.2853, 43.6636 ], [ -70.2876, 43.6643 ], [ -70.2881, 43.6627 ], [ -70.289, 43.6629 ], [ -70.2902, 43.6594 ], [ -70.2923, 43.6598 ], [ -70.2929, 43.6582 ], [ -70.2967, 43.6592 ], [ -70.2996, 43.6585 ], [ -70.3016, 43.6586 ], [ -70.308, 43.6619 ], [ -70.3076, 43.662 ], [ -70.3085, 43.663 ], [ -70.3071, 43.6638 ], [ -70.307, 43.6652 ], [ -70.3078, 43.6657 ], [ -70.3074, 43.6667 ], [ -70.3076, 43.6672 ], [ -70.3067, 43.6687 ], [ -70.3089, 43.6709 ], [ -70.3086, 43.6713 ] ] ] } },
{ "type": "Feature", "properties": { "GEOIDFQ": "1400000US23005001800", "NAME": "18", "NAMELSAD": "Census Tract 18" }, "geometry": { "type": "Polygon", "coordinates": [ [ [ -70.2862, 43.6794 ], [ -70.2842, 43.6822 ], [ -70.2846, 43.6823 ], [ -70.2839, 43.6833 ], [ -70.2778, 43.6907 ], [ -70.2685, 43.6859 ], [ -70.2707, 43.6842 ], [ -70.2705, 43.6838 ], [ -70.2679, 43.682 ], [ -70.2659, 43.6797 ], [ -70.2652, 43.6795 ], [ -70.2599, 43.6756 ], [ -70.2714, 43.6706 ], [ -70.2724, 43.6713 ], [ -70.2777, 43.6699 ], [ -70.2811, 43.6678 ], [ -70.2854, 43.6675 ], [ -70.2851, 43.6727 ], [ -70.2872, 43.6793 ], [ -70.2862, 43.6794 ] ] ] } },
{ "type": "Feature", "properties": { "GEOIDFQ": "1400000US23005000500", "NAME": "5", "NAMELSAD": "Census Tract 5" }, "geometry": { "type": "Polygon", "coordinates": [ [ [ -70.2563, 43.677 ], [ -70.2559, 43.6714 ], [ -70.2532, 43.6674 ], [ -70.251, 43.6633 ], [ -70.2485, 43.6628 ], [ -70.2475, 43.6617 ], [ -70.2484, 43.6603 ], [ -70.2493, 43.6598 ], [ -70.2485, 43.6593 ], [ -70.2496, 43.6582 ], [ -70.2544, 43.6609 ], [ -70.2559, 43.6625 ], [ -70.2611, 43.666 ], [ -70.2634, 43.6643 ], [ -70.2664, 43.6631 ], [ -70.2662, 43.6673 ], [ -70.2714, 43.6706 ], [ -70.2563, 43.677 ] ] ] } },
{ "type": "Feature", "properties": { "GEOIDFQ": "1400000US23005001000", "NAME": "10", "NAMELSAD": "Census Tract 10" }, "geometry": { "type": "Polygon", "coordinates": [ [ [ -70.2725, 43.6607 ], [ -70.2704, 43.6606 ], [ -70.2686, 43.6601 ], [ -70.2682, 43.6603 ], [ -70.2661, 43.6577 ], [ -70.2687, 43.6573 ], [ -70.2668, 43.6529 ], [ -70.2682, 43.6515 ], [ -70.2742, 43.6529 ], [ -70.2727, 43.6545 ], [ -70.274, 43.6577 ], [ -70.276, 43.6592 ], [ -70.2725, 43.6607 ] ] ] } },
{ "type": "Feature", "properties": { "GEOIDFQ": "1400000US23005000600", "NAME": "6", "NAMELSAD": "Census Tract 6" }, "geometry": { "type": "Polygon", "coordinates": [ [ [ -70.2661, 43.6577 ], [ -70.2682, 43.6603 ], [ -70.2654, 43.6619 ], [ -70.2664, 43.6631 ], [ -70.2634, 43.6643 ], [ -70.2611, 43.666 ], [ -70.2552, 43.6618 ], [ -70.2655, 43.6556 ], [ -70.2641, 43.6547 ], [ -70.2673, 43.6543 ], [ -70.2687, 43.6573 ], [ -70.2661, 43.6577 ] ] ] } },
{ "type": "Feature", "properties": { "GEOIDFQ": "1400000US23009965200", "NAME": "9652", "NAMELSAD": "Census Tract 9652" }, "geometry": { "type": "Polygon", "coordinates": [ [ [ -68.6471, 44.7036 ], [ -68.6167, 44.741 ], [ -68.5443, 44.7501 ], [ -68.4452, 44.763 ], [ -68.4417, 44.749 ], [ -68.4256, 44.692 ], [ -68.4187, 44.6661 ], [ -68.5543, 44.6485 ], [ -68.5551, 44.6514 ], [ -68.5684, 44.6495 ], [ -68.5677, 44.6463 ], [ -68.6245, 44.6387 ], [ -68.6512, 44.6558 ], [ -68.6379, 44.6665 ], [ -68.6909, 44.7217 ], [ -68.6471, 44.7036 ] ] ] } },
{ "type": "Feature", "properties": { "GEOIDFQ": "1400000US23003952700", "NAME": "9527", "NAMELSAD": "Census Tract 9527" }, "geometry": { "type": "Polygon", "coordinates": [ [ [ -68.4049, 46.2071 ], [ -68.3308, 46.2068 ], [ -68.1667, 46.2068 ], [ -68.1674, 46.1277 ], [ -68.167, 46.105 ], [ -68.1675, 46.0485 ], [ -68.167, 45.9438 ], [ -68.2973, 45.9442 ], [ -68.2975, 45.8515 ], [ -68.3087, 45.8516 ], [ -68.3088, 45.8466 ], [ -68.3401, 45.8468 ], [ -68.34, 45.8516 ], [ -68.3695, 45.8517 ], [ -68.3696, 45.844 ], [ -68.3769, 45.8442 ], [ -68.3768, 45.8518 ], [ -68.4266, 45.8534 ], [ -68.4262, 45.8708 ], [ -68.4276, 45.9446 ], [ -68.4317, 45.9524 ], [ -68.4318, 45.9543 ], [ -68.4324, 46.0001 ], [ -68.4322, 46.0355 ], [ -68.4369, 46.0429 ], [ -68.437, 46.0854 ], [ -68.4363, 46.1251 ], [ -68.4366, 46.1301 ], [ -68.4363, 46.1478 ], [ -68.4369, 46.1681 ], [ -68.4364, 46.1833 ], [ -68.4374, 46.2075 ], [ -68.4049, 46.2071 ] ] ] } },
{ "type": "Feature", "properties": { "GEOIDFQ": "1400000US23003952600", "NAME": "9526", "NAMELSAD": "Census Tract 9526" }, "geometry": { "type": "Polygon", "coordinates": [ [ [ -68.167, 46.1048 ], [ -68.1673, 46.1426 ], [ -68.1667, 46.2068 ], [ -68.0402, 46.2075 ], [ -68.0402, 46.2768 ], [ -67.9995, 46.2763 ], [ -67.9071, 46.2765 ], [ -67.9083, 46.2501 ], [ -67.9083, 46.2281 ], [ -67.902, 46.2284 ], [ -67.902, 46.1897 ], [ -67.9038, 46.1896 ], [ -67.9031, 46.1612 ], [ -67.9024, 46.1612 ], [ -67.9024, 46.1516 ], [ -67.9025, 46.1504 ], [ -67.9034, 46.1504 ], [ -67.9039, 46.1366 ], [ -67.9065, 46.0958 ], [ -67.9081, 46.0506 ], [ -67.9099, 46.0295 ], [ -67.9102, 46.0209 ], [ -67.9116, 46.0079 ], [ -67.9119, 45.9931 ], [ -67.9839, 45.9915 ], [ -68.0401, 45.9909 ], [ -68.04, 46.0387 ], [ -68.1672, 46.0376 ], [ -68.1675, 46.0485 ], [ -68.167, 46.1048 ] ] ] } },
{ "type": "Feature", "properties": { "GEOIDFQ": "1400000US23003952900", "NAME": "9529", "NAMELSAD": "Census Tract 9529" }, "geometry": { "type": "Polygon", "coordinates": [ [ [ -68.4324, 45.6804 ], [ -68.4311, 45.7475 ], [ -68.4307, 45.7599 ], [ -68.4276, 45.7599 ], [ -68.4266, 45.8534 ], [ -68.3768, 45.8518 ], [ -68.3769, 45.8442 ], [ -68.3696, 45.844 ], [ -68.3695, 45.8517 ], [ -68.34, 45.8516 ], [ -68.3401, 45.8468 ], [ -68.3088, 45.8466 ], [ -68.3087, 45.8516 ], [ -68.2975, 45.8515 ], [ -68.2973, 45.9442 ], [ -68.167, 45.9438 ], [ -68.1672, 46.0376 ], [ -68.04, 46.0387 ], [ -68.0401, 45.9909 ], [ -67.9839, 45.9915 ], [ -67.9119, 45.9931 ], [ -67.9116, 46.0079 ], [ -67.9102, 46.0209 ], [ -67.9099, 46.0295 ], [ -67.9081, 46.0506 ], [ -67.9066, 46.0953 ], [ -67.8572, 46.0951 ], [ -67.7812, 46.0962 ], [ -67.781, 46.0378 ], [ -67.7812, 45.9435 ], [ -67.7807, 45.9422 ], [ -67.781, 45.9416 ], [ -67.7803, 45.9412 ], [ -67.7806, 45.9393 ], [ -67.7805, 45.9387 ], [ -67.7797, 45.9382 ], [ -67.7783, 45.9362 ], [ -67.7778, 45.9342 ], [ -67.7771, 45.9339 ], [ -67.7762, 45.9343 ], [ -67.7756, 45.9341 ], [ -67.775, 45.9349 ], [ -67.7735, 45.9348 ], [ -67.7721, 45.9333 ], [ -67.7719, 45.9319 ], [ -67.7709, 45.9317 ], [ -67.7692, 45.9322 ], [ -67.7681, 45.9322 ], [ -67.7673, 45.9311 ], [ -67.7659, 45.9305 ], [ -67.7657, 45.9294 ], [ -67.7663, 45.9289 ], [ -67.7662, 45.928 ], [ -67.764, 45.9281 ], [ -67.7617, 45.9275 ], [ -67.7611, 45.9276 ], [ -67.7604, 45.9273 ], [ -67.7604, 45.9267 ], [ -67.7586, 45.9264 ], [ -67.7585, 45.9248 ], [ -67.7589, 45.9241 ], [ -67.7584, 45.9233 ], [ -67.7577, 45.9226 ], [ -67.7565, 45.9226 ], [ -67.756, 45.9219 ], [ -67.7538, 45.9213 ], [ -67.7537, 45.9206 ], [ -67.7523, 45.9194 ], [ -67.7527, 45.919 ], [ -67.7518, 45.9187 ], [ -67.7506, 45.9176 ], [ -67.7509, 45.9173 ], [ -67.7517, 45.9173 ], [ -67.7515, 45.9163 ], [ -67.7525, 45.9164 ], [ -67.7518, 45.9157 ], [ -67.7524, 45.9151 ], [ -67.7521, 45.9147 ], [ -67.7537, 45.9143 ], [ -67.7538, 45.9138 ], [ -67.7543, 45.914 ], [ -67.7541, 45.9135 ], [ -67.7547, 45.9125 ], [ -67.7556, 45.9121 ], [ -67.7554, 45.9117 ], [ -67.7579, 45.9122 ], [ -67.7588, 45.9109 ], [ -67.7604, 45.9096 ], [ -67.7613, 45.9098 ], [ -67.7617, 45.9105 ], [ -67.7623, 45.91 ], [ -67.7628, 45.9105 ], [ -67.7639, 45.9106 ], [ -67.7642, 45.9095 ], [ -67.7653, 45.9098 ], [ -67.7648, 45.9091 ], [ -67.7648, 45.908 ], [ -67.7661, 45.9071 ], [ -67.7664, 45.9054 ], [ -67.7675, 45.9054 ], [ -67.7682, 45.9046 ], [ -67.7687, 45.9032 ], [ -67.7683, 45.9024 ], [ -67.7687, 45.9015 ], [ -67.7695, 45.9008 ], [ -67.7694, 45.9003 ], [ -67.7686, 45.9003 ], [ -67.7688, 45.8989 ], [ -67.7681, 45.8988 ], [ -67.7681, 45.8981 ], [ -67.7694, 45.8978 ], [ -67.7702, 45.8973 ], [ -67.7727, 45.8977 ], [ -67.7733, 45.897 ], [ -67.7738, 45.8971 ], [ -67.7739, 45.8967 ], [ -67.7765, 45.8959 ], [ -67.7771, 45.8976 ], [ -67.7781, 45.8975 ], [ -67.7789, 45.8969 ], [ -67.7793, 45.8946 ], [ -67.7824, 45.8945 ], [ -67.7844, 45.8957 ], [ -67.7858, 45.8954 ], [ -67.7865, 45.8947 ], [ -67.7875, 45.8947 ], [ -67.79, 45.8932 ], [ -67.7899, 45.8918 ], [ -67.7905, 45.8913 ], [ -67.7917, 45.8912 ], [ -67.792, 45.8908 ], [ -67.7933, 45.8904 ], [ -67.7933, 45.8896 ], [ -67.7943, 45.8891 ], [ -67.7952, 45.8878 ], [ -67.7963, 45.8883 ], [ -67.7975, 45.8869 ], [ -67.798, 45.8854 ], [ -67.7992, 45.885 ], [ -67.7989, 45.8843 ], [ -67.8, 45.8841 ], [ -67.8003, 45.8835 ], [ -67.8016, 45.8832 ], [ -67.8021, 45.8837 ], [ -67.803, 45.8838 ], [ -67.804, 45.8825 ], [ -67.8036, 45.8821 ], [ -67.8041, 45.8807 ], [ -67.8037, 45.8797 ], [ -67.8043, 45.879 ], [ -67.8043, 45.8779 ], [ -67.8037, 45.8763 ], [ -67.8048, 45.8753 ], [ -67.8047, 45.8731 ], [ -67.8036, 45.8722 ], [ -67.804, 45.8709 ], [ -67.8032, 45.8703 ], [ -67.8045, 45.8694 ], [ -67.803, 45.8686 ], [ -67.803, 45.868 ], [ -67.802, 45.8674 ], [ -67.8007, 45.8676 ], [ -67.7966, 45.8658 ], [ -67.7962, 45.8652 ], [ -67.7969, 45.8644 ], [ -67.798, 45.8644 ], [ -67.7985, 45.864 ], [ -67.7981, 45.8632 ], [ -67.7959, 45.8618 ], [ -67.7973, 45.8605 ], [ -67.7971, 45.86 ], [ -67.7942, 45.858 ], [ -67.7942, 45.8572 ], [ -67.7913, 45.8546 ], [ -67.7899, 45.8519 ], [ -67.7873, 45.8496 ], [ -67.7825, 45.8463 ], [ -67.7795, 45.845 ], [ -67.7775, 45.8434 ], [ -67.7763, 45.8433 ], [ -67.7739, 45.8419 ], [ -67.7719, 45.8415 ], [ -67.7705, 45.8398 ], [ -67.7688, 45.839 ], [ -67.7693, 45.8382 ], [ -67.7683, 45.8372 ], [ -67.7666, 45.8363 ], [ -67.7668, 45.8348 ], [ -67.7652, 45.8344 ], [ -67.7655, 45.8321 ], [ -67.7641, 45.8315 ], [ -67.7638, 45.8288 ], [ -67.7553, 45.8234 ], [ -67.7614, 45.8212 ], [ -67.7623, 45.8204 ], [ -67.7642, 45.82 ], [ -67.7656, 45.8185 ], [ -67.7675, 45.8184 ], [ -67.7722, 45.8194 ], [ -67.7781, 45.8192 ], [ -67.7807, 45.8178 ], [ -67.7803, 45.8158 ], [ -67.7808, 45.8154 ], [ -67.7815, 45.8155 ], [ -67.8021, 45.803 ], [ -67.8065, 45.7944 ], [ -67.8039, 45.7811 ], [ -67.8055, 45.7695 ], [ -67.8093, 45.7674 ], [ -67.8063, 45.7552 ], [ -67.7929, 45.7501 ], [ -67.7818, 45.7311 ], [ -67.8096, 45.7296 ], [ -67.8029, 45.6961 ], [ -67.818, 45.6938 ], [ -67.8057, 45.6801 ], [ -67.8736, 45.6693 ], [ -67.8772, 45.6719 ], [ -67.8782, 45.6722 ], [ -67.8846, 45.6723 ], [ -67.8867, 45.6729 ], [ -67.8888, 45.6718 ], [ -67.8893, 45.6718 ], [ -67.8911, 45.6737 ], [ -67.8927, 45.6741 ], [ -67.8942, 45.675 ], [ -67.8966, 45.6753 ], [ -67.8981, 45.6766 ], [ -67.8986, 45.6781 ], [ -67.9023, 45.6801 ], [ -67.897, 45.6653 ], [ -68.0021, 45.6479 ], [ -68.0989, 45.6309 ], [ -68.1384, 45.6251 ], [ -68.2601, 45.6045 ], [ -68.2575, 45.5979 ], [ -68.3139, 45.5882 ], [ -68.4144, 45.5728 ], [ -68.4269, 45.577 ], [ -68.433, 45.5785 ], [ -68.4324, 45.6804 ] ] ] } },
{ "type": "Feature", "properties": { "GEOIDFQ": "1400000US23003952300", "NAME": "9523", "NAMELSAD": "Census Tract 9523" }, "geometry": { "type": "Polygon", "coordinates": [ [ [ -68.5679, 46.4709 ], [ -68.4995, 46.4708 ], [ -68.3047, 46.4694 ], [ -68.3053, 46.5001 ], [ -68.3048, 46.5872 ], [ -68.303, 46.6578 ], [ -68.1726, 46.6607 ], [ -68.1729, 46.6251 ], [ -68.1735, 46.6073 ], [ -68.1736, 46.5652 ], [ -68.0471, 46.5682 ], [ -68.0442, 46.5062 ], [ -67.9994, 46.5072 ], [ -67.9149, 46.5087 ], [ -67.9127, 46.4647 ], [ -67.7851, 46.4666 ], [ -67.7824, 46.2995 ], [ -67.7814, 46.1862 ], [ -67.8019, 46.1862 ], [ -67.8412, 46.1853 ], [ -67.9037, 46.1855 ], [ -67.9038, 46.1896 ], [ -67.902, 46.1897 ], [ -67.902, 46.2284 ], [ -67.9083, 46.2281 ], [ -67.9083, 46.2501 ], [ -67.9071, 46.2765 ], [ -67.9995, 46.2763 ], [ -68.0402, 46.2768 ], [ -68.0402, 46.2075 ], [ -68.1421, 46.2068 ], [ -68.2537, 46.2066 ], [ -68.4049, 46.2071 ], [ -68.4374, 46.2075 ], [ -68.4375, 46.2323 ], [ -68.4371, 46.249 ], [ -68.4371, 46.2501 ], [ -68.4367, 46.2501 ], [ -68.4369, 46.3117 ], [ -68.4364, 46.3821 ], [ -68.5679, 46.3825 ], [ -68.5679, 46.4709 ] ] ] } },
{ "type": "Feature", "properties": { "GEOIDFQ": "1400000US23003950400", "NAME": "9504", "NAMELSAD": "Census Tract 9504" }, "geometry": { "type": "Polygon", "coordinates": [ [ [ -68.4697, 47.2837 ], [ -68.4617, 47.2892 ], [ -68.4585, 47.2844 ], [ -68.4527, 47.2825 ], [ -68.4488, 47.282 ], [ -68.4463, 47.2822 ], [ -68.4413, 47.2837 ], [ -68.4344, 47.282 ], [ -68.4298, 47.2813 ], [ -68.4258, 47.282 ], [ -68.4151, 47.2875 ], [ -68.4098, 47.288 ], [ -68.4031, 47.287 ], [ -68.3946, 47.2868 ], [ -68.39, 47.286 ], [ -68.3816, 47.2863 ], [ -68.3779, 47.2874 ], [ -68.3756, 47.289 ], [ -68.3747, 47.291 ], [ -68.3763, 47.2952 ], [ -68.3839, 47.3012 ], [ -68.3848, 47.3037 ], [ -68.3808, 47.3082 ], [ -68.381, 47.3103 ], [ -68.3834, 47.3195 ], [ -68.3845, 47.3213 ], [ -68.3847, 47.3241 ], [ -68.3832, 47.3287 ], [ -68.3815, 47.3318 ], [ -68.3802, 47.3396 ], [ -68.3777, 47.3436 ], [ -68.3719, 47.3494 ], [ -68.369, 47.3515 ], [ -68.3631, 47.3547 ], [ -68.3534, 47.357 ], [ -68.361, 47.3333 ], [ -68.3462, 47.3217 ], [ -68.3037, 47.2894 ], [ -68.3036, 47.2889 ], [ -68.3029, 47.2888 ], [ -68.2903, 47.2889 ], [ -68.29, 47.2724 ], [ -68.2892, 47.2718 ], [ -68.2891, 47.2712 ], [ -68.288, 47.271 ], [ -68.287, 47.2699 ], [ -68.2865, 47.2685 ], [ -68.2868, 47.268 ], [ -68.2874, 47.2679 ], [ -68.2857, 47.2676 ], [ -68.2812, 47.2646 ], [ -68.2802, 47.263 ], [ -68.2801, 47.2613 ], [ -68.2795, 47.2609 ], [ -68.279, 47.2596 ], [ -68.2779, 47.2583 ], [ -68.2748, 47.2562 ], [ -68.2716, 47.2558 ], [ -68.2697, 47.255 ], [ -68.2692, 47.2538 ], [ -68.2698, 47.2528 ], [ -68.2688, 47.2519 ], [ -68.2681, 47.2517 ], [ -68.2662, 47.2519 ], [ -68.2647, 47.2511 ], [ -68.2637, 47.2471 ], [ -68.262, 47.2442 ], [ -68.2619, 47.2428 ], [ -68.2625, 47.2414 ], [ -68.2602, 47.2397 ], [ -68.2586, 47.2358 ], [ -68.2582, 47.2335 ], [ -68.2598, 47.2295 ], [ -68.2572, 47.2248 ], [ -68.2554, 47.2203 ], [ -68.2547, 47.2198 ], [ -68.2539, 47.2188 ], [ -68.2497, 47.22 ], [ -68.245, 47.2183 ], [ -68.2402, 47.2158 ], [ -68.2384, 47.2157 ], [ -68.2347, 47.2161 ], [ -68.2333, 47.216 ], [ -68.2329, 47.2155 ], [ -68.2326, 47.2158 ], [ -68.231, 47.2152 ], [ -68.2282, 47.2131 ], [ -68.2252, 47.21 ], [ -68.224, 47.2078 ], [ -68.2205, 47.2039 ], [ -68.2178, 47.2019 ], [ -68.2152, 47.2008 ], [ -68.3273, 47.2002 ], [ -68.4457, 47.1992 ], [ -68.4459, 47.2221 ], [ -68.4456, 47.2372 ], [ -68.446, 47.2433 ], [ -68.4457, 47.2476 ], [ -68.4796, 47.2477 ], [ -68.4813, 47.2482 ], [ -68.4804, 47.2575 ], [ -68.4821, 47.2772 ], [ -68.4697, 47.2837 ] ] ] } },
{ "type": "Feature", "properties": { "GEOIDFQ": "1400000US23003951400", "NAME": "9514", "NAMELSAD": "Census Tract 9514" }, "geometry": { "type": "Polygon", "coordinates": [ [ [ -68.0528, 46.8446 ], [ -68.0507, 46.8449 ], [ -68.0493, 46.8446 ], [ -68.0268, 46.8454 ], [ -68.0236, 46.847 ], [ -68.0224, 46.8497 ], [ -68.0187, 46.8534 ], [ -68.0173, 46.854 ], [ -68.0111, 46.8543 ], [ -68.0105, 46.8585 ], [ -68.0095, 46.8578 ], [ -68.0061, 46.8568 ], [ -68.0039, 46.8554 ], [ -68.0042, 46.8538 ], [ -67.988, 46.8543 ], [ -67.9741, 46.8511 ], [ -67.9579, 46.8481 ], [ -67.9528, 46.8454 ], [ -67.9398, 46.8364 ], [ -67.9375, 46.8318 ], [ -67.9345, 46.8282 ], [ -67.9192, 46.8217 ], [ -67.9192, 46.7789 ], [ -68.0565, 46.7757 ], [ -68.0597, 46.8443 ], [ -68.0528, 46.8446 ] ] ] } },
{ "type": "Feature", "properties": { "GEOIDFQ": "1400000US23003950700", "NAME": "9507", "NAMELSAD": "Census Tract 9507" }, "geometry": { "type": "Polygon", "coordinates": [ [ [ -69.9971, 46.6955 ], [ -69.8114, 46.8818 ], [ -69.6129, 47.079 ], [ -69.4215, 47.2675 ], [ -69.2245, 47.4598 ], [ -69.2231, 47.4594 ], [ -69.2223, 47.4585 ], [ -69.2179, 47.4566 ], [ -69.2143, 47.4565 ], [ -69.213, 47.4554 ], [ -69.2114, 47.4551 ], [ -69.2103, 47.4553 ], [ -69.2089, 47.4545 ], [ -69.2061, 47.4541 ], [ -69.2048, 47.4534 ], [ -69.2056, 47.4529 ], [ -69.2052, 47.452 ], [ -69.2036, 47.4524 ], [ -69.2033, 47.4521 ], [ -69.2023, 47.4522 ], [ -69.2004, 47.454 ], [ -69.1958, 47.4555 ], [ -69.1928, 47.4553 ], [ -69.1917, 47.4549 ], [ -69.1904, 47.4536 ], [ -69.1899, 47.4536 ], [ -69.1891, 47.4539 ], [ -69.1891, 47.4545 ], [ -69.1883, 47.4551 ], [ -69.1869, 47.4554 ], [ -69.1853, 47.4554 ], [ -69.1845, 47.4564 ], [ -69.1838, 47.4564 ], [ -69.1831, 47.4559 ], [ -69.1807, 47.4561 ], [ -69.1799, 47.4564 ], [ -69.1789, 47.4574 ], [ -69.1782, 47.4571 ], [ -69.178, 47.4563 ], [ -69.1759, 47.4568 ], [ -69.1751, 47.4564 ], [ -69.1755, 47.4555 ], [ -69.1751, 47.4554 ], [ -69.1727, 47.4556 ], [ -69.1731, 47.4545 ], [ -69.1721, 47.4544 ], [ -69.1725, 47.4535 ], [ -69.1691, 47.4533 ], [ -69.1674, 47.452 ], [ -69.1649, 47.4515 ], [ -69.1631, 47.4503 ], [ -69.1635, 47.4498 ], [ -69.1648, 47.4497 ], [ -69.1651, 47.4492 ], [ -69.1646, 47.4486 ], [ -69.1623, 47.4474 ], [ -69.1608, 47.4475 ], [ -69.159, 47.4484 ], [ -69.1581, 47.4491 ], [ -69.1574, 47.4514 ], [ -69.1565, 47.4516 ], [ -69.1548, 47.4506 ], [ -69.1528, 47.4502 ], [ -69.1512, 47.449 ], [ -69.1504, 47.4487 ], [ -69.1487, 47.4487 ], [ -69.1472, 47.4491 ], [ -69.1456, 47.4486 ], [ -69.1423, 47.446 ], [ -69.1418, 47.4446 ], [ -69.1411, 47.444 ], [ -69.14, 47.444 ], [ -69.1395, 47.4446 ], [ -69.1402, 47.4453 ], [ -69.14, 47.4463 ], [ -69.1393, 47.4466 ], [ -69.1378, 47.4459 ], [ -69.1358, 47.4456 ], [ -69.1334, 47.4442 ], [ -69.1313, 47.4445 ], [ -69.1268, 47.4436 ], [ -69.1246, 47.4421 ], [ -69.1242, 47.4409 ], [ -69.1236, 47.4407 ], [ -69.1232, 47.441 ], [ -69.1234, 47.4426 ], [ -69.1228, 47.4428 ], [ -69.122, 47.4427 ], [ -69.1192, 47.4407 ], [ -69.118, 47.4392 ], [ -69.1152, 47.4383 ], [ -69.1133, 47.4383 ], [ -69.1121, 47.4375 ], [ -69.1129, 47.4362 ], [ -69.1126, 47.4358 ], [ -69.11, 47.4364 ], [ -69.1091, 47.4363 ], [ -69.1078, 47.4354 ], [ -69.1073, 47.4344 ], [ -69.108, 47.433 ], [ -69.1066, 47.4307 ], [ -69.1075, 47.4297 ], [ -69.1077, 47.4277 ], [ -69.107, 47.4274 ], [ -69.1051, 47.4279 ], [ -69.1039, 47.4291 ], [ -69.1045, 47.4303 ], [ -69.1042, 47.4309 ], [ -69.1029, 47.4307 ], [ -69.1009, 47.431 ], [ -69.1006, 47.4302 ], [ -69.0996, 47.4304 ], [ -69.1, 47.4313 ], [ -69.0989, 47.4314 ], [ -69.0972, 47.4297 ], [ -69.0976, 47.4287 ], [ -69.0972, 47.428 ], [ -69.0979, 47.4269 ], [ -69.0971, 47.4266 ], [ -69.0957, 47.4269 ], [ -69.0923, 47.4271 ], [ -69.0913, 47.4268 ], [ -69.0907, 47.4261 ], [ -69.0909, 47.4243 ], [ -69.0901, 47.4241 ], [ -69.0881, 47.4255 ], [ -69.0843, 47.4242 ], [ -69.0814, 47.4237 ], [ -69.0798, 47.4243 ], [ -69.0785, 47.4258 ], [ -69.0758, 47.4265 ], [ -69.0749, 47.4273 ], [ -69.0735, 47.4275 ], [ -69.0712, 47.4268 ], [ -69.0684, 47.4274 ], [ -69.0683, 47.4295 ], [ -69.0673, 47.4301 ], [ -69.0645, 47.4311 ], [ -69.0625, 47.4304 ], [ -69.0619, 47.4306 ], [ -69.062, 47.431 ], [ -69.0633, 47.4314 ], [ -69.0637, 47.4319 ], [ -69.0641, 47.4331 ], [ -69.0635, 47.4341 ], [ -69.0628, 47.4341 ], [ -69.0622, 47.4338 ], [ -69.0622, 47.4326 ], [ -69.0615, 47.4325 ], [ -69.0608, 47.433 ], [ -69.0604, 47.4329 ], [ -69.0601, 47.4322 ], [ -69.0585, 47.4327 ], [ -69.0577, 47.4321 ], [ -69.0556, 47.4322 ], [ -69.0554, 47.4315 ], [ -69.0568, 47.4309 ], [ -69.0568, 47.43 ], [ -69.0553, 47.4298 ], [ -69.0545, 47.4291 ], [ -69.0539, 47.429 ], [ -69.0537, 47.4294 ], [ -69.0542, 47.4302 ], [ -69.0538, 47.4304 ], [ -69.0521, 47.43 ], [ -69.052, 47.4296 ], [ -69.0532, 47.4285 ], [ -69.0522, 47.4278 ], [ -69.0517, 47.4266 ], [ -69.0503, 47.4265 ], [ -69.0493, 47.4258 ], [ -69.0486, 47.4242 ], [ -69.0491, 47.4237 ], [ -69.0512, 47.4237 ], [ -69.0523, 47.4233 ], [ -69.0528, 47.4228 ], [ -69.0527, 47.4224 ], [ -69.0521, 47.4221 ], [ -69.0511, 47.4221 ], [ -69.049, 47.4227 ], [ -69.0465, 47.4243 ], [ -69.046, 47.425 ], [ -69.0462, 47.4257 ], [ -69.048, 47.4267 ], [ -69.0474, 47.4277 ], [ -69.0441, 47.4275 ], [ -69.0432, 47.4268 ], [ -69.0424, 47.4251 ], [ -69.0423, 47.4236 ], [ -69.0418, 47.4231 ], [ -69.0395, 47.4223 ], [ -69.0392, 47.4197 ], [ -69.0396, 47.4187 ], [ -69.0418, 47.4169 ], [ -69.0422, 47.4157 ], [ -69.0416, 47.4153 ], [ -69.0382, 47.4146 ], [ -69.0355, 47.415 ], [ -69.0345, 47.4146 ], [ -69.0345, 47.4142 ], [ -69.0357, 47.4133 ], [ -69.0358, 47.4126 ], [ -69.0351, 47.4112 ], [ -69.0354, 47.4105 ], [ -69.0366, 47.4101 ], [ -69.0371, 47.4085 ], [ -69.0366, 47.4077 ], [ -69.0357, 47.4073 ], [ -69.0347, 47.4075 ], [ -69.0331, 47.408 ], [ -69.0313, 47.4091 ], [ -69.0306, 47.4086 ], [ -69.0306, 47.4074 ], [ -69.0327, 47.406 ], [ -69.0334, 47.4044 ], [ -69.0325, 47.4035 ], [ -69.0316, 47.4031 ], [ -69.0314, 47.4027 ], [ -69.0324, 47.4022 ], [ -69.0332, 47.4022 ], [ -69.0343, 47.4031 ], [ -69.0359, 47.4031 ], [ -69.0374, 47.4037 ], [ -69.0395, 47.4037 ], [ -69.0399, 47.4043 ], [ -69.0396, 47.4052 ], [ -69.0403, 47.4057 ], [ -69.0417, 47.4057 ], [ -69.0425, 47.4047 ], [ -69.0422, 47.4042 ], [ -69.0413, 47.404 ], [ -69.0399, 47.4022 ], [ -69.0371, 47.4015 ], [ -69.0357, 47.402 ], [ -69.0352, 47.4018 ], [ -69.0355, 47.401 ], [ -69.04, 47.4003 ], [ -69.0408, 47.4006 ], [ -69.0413, 47.4018 ], [ -69.0427, 47.402 ], [ -69.0427, 47.3999 ], [ -69.0419, 47.3982 ], [ -69.0403, 47.3973 ], [ -69.039, 47.3975 ], [ -69.038, 47.3974 ], [ -69.0376, 47.3968 ], [ -69.0392, 47.3954 ], [ -69.0402, 47.3955 ], [ -69.0408, 47.3968 ], [ -69.0432, 47.3977 ], [ -69.0438, 47.3974 ], [ -69.044, 47.3969 ], [ -69.0435, 47.3955 ], [ -69.0454, 47.393 ], [ -69.0457, 47.3903 ], [ -69.0449, 47.3887 ], [ -69.0436, 47.3876 ], [ -69.0401, 47.386 ], [ -69.0396, 47.3842 ], [ -69.0407, 47.3831 ], [ -69.0421, 47.3826 ], [ -69.0441, 47.3827 ], [ -69.0446, 47.3839 ], [ -69.0475, 47.3834 ], [ -69.0485, 47.382 ], [ -69.0509, 47.381 ], [ -69.0496, 47.38 ], [ -69.0495, 47.3793 ], [ -69.05, 47.3785 ], [ -69.0512, 47.3782 ], [ -69.0533, 47.3786 ], [ -69.0549, 47.3777 ], [ -69.0544, 47.3765 ], [ -69.0538, 47.3657 ], [ -69.0535, 47.3406 ], [ -69.0539, 47.3269 ], [ -69.0549, 47.3153 ], [ -69.0492, 47.3058 ], [ -69.0507, 47.304 ], [ -69.0513, 47.3006 ], [ -69.0506, 47.2995 ], [ -69.0515, 47.2987 ], [ -69.0531, 47.2985 ], [ -69.0535, 47.2972 ], [ -69.0527, 47.2945 ], [ -69.0531, 47.2928 ], [ -69.0528, 47.2925 ], [ -69.0512, 47.2924 ], [ -69.0497, 47.2893 ], [ -69.0498, 47.2846 ], [ -69.0492, 47.2833 ], [ -69.0498, 47.2821 ], [ -69.0508, 47.2814 ], [ -69.0508, 47.2785 ], [ -69.0493, 47.2758 ], [ -69.0485, 47.2758 ], [ -69.0481, 47.2751 ], [ -69.0481, 47.2732 ], [ -69.0468, 47.2716 ], [ -69.0484, 47.2694 ], [ -69.0471, 47.2673 ], [ -69.0489, 47.2648 ], [ -69.0481, 47.2633 ], [ -69.0499, 47.2617 ], [ -69.0506, 47.2602 ], [ -69.0507, 47.2565 ], [ -69.0452, 47.2504 ], [ -69.0409, 47.245 ], [ -69.0374, 47.2427 ], [ -69.0348, 47.2419 ], [ -69.0346, 47.241 ], [ -69.0338, 47.2404 ], [ -69.0271, 47.2393 ], [ -69.0219, 47.2367 ], [ -68.9883, 47.2236 ], [ -68.9804, 47.2201 ], [ -68.9786, 47.2177 ], [ -68.9749, 47.2167 ], [ -68.9719, 47.2147 ], [ -68.9672, 47.2134 ], [ -68.9653, 47.2125 ], [ -68.9653, 47.2112 ], [ -68.9648, 47.2102 ], [ -68.9635, 47.2097 ], [ -68.9612, 47.2057 ], [ -68.96, 47.2053 ], [ -68.9572, 47.2057 ], [ -68.9529, 47.2069 ], [ -68.9521, 47.2058 ], [ -68.9523, 47.204 ], [ -68.952, 47.2027 ], [ -68.9508, 47.202 ], [ -68.9497, 47.2021 ], [ -68.9426, 47.2061 ], [ -68.9411, 47.2061 ], [ -68.9394, 47.2045 ], [ -68.9355, 47.2022 ], [ -68.9341, 47.2001 ], [ -68.9329, 47.1997 ], [ -68.9291, 47.1995 ], [ -68.9281, 47.1987 ], [ -68.9299, 47.1976 ], [ -68.9284, 47.1966 ], [ -68.9266, 47.1968 ], [ -68.9256, 47.1979 ], [ -68.9237, 47.1974 ], [ -68.9199, 47.1948 ], [ -68.9198, 47.1899 ], [ -68.919, 47.1895 ], [ -68.9178, 47.1896 ], [ -68.915, 47.1886 ], [ -68.912, 47.1865 ], [ -68.9103, 47.186 ], [ -68.9084, 47.1863 ], [ -68.9074, 47.1854 ], [ -68.9074, 47.1842 ], [ -68.9049, 47.1805 ], [ -68.9032, 47.1798 ], [ -68.9029, 47.1791 ], [ -68.9013, 47.1782 ], [ -68.9, 47.1777 ], [ -68.8988, 47.1803 ], [ -68.8955, 47.1824 ], [ -68.8937, 47.1828 ], [ -68.8891, 47.182 ], [ -68.8844, 47.1832 ], [ -68.8822, 47.1829 ], [ -68.8761, 47.1873 ], [ -68.871, 47.1891 ], [ -68.8616, 47.1891 ], [ -68.8574, 47.1903 ], [ -68.851, 47.1947 ], [ -68.85, 47.1963 ], [ -68.8429, 47.1997 ], [ -68.8315, 47.2039 ], [ -68.8266, 47.2071 ], [ -68.8173, 47.2112 ], [ -68.8152, 47.2135 ], [ -68.8115, 47.2151 ], [ -68.8043, 47.2154 ], [ -68.7814, 47.221 ], [ -68.7689, 47.2211 ], [ -68.7643, 47.222 ], [ -68.7571, 47.2243 ], [ -68.7519, 47.2264 ], [ -68.7431, 47.2312 ], [ -68.7379, 47.2334 ], [ -68.7344, 47.2357 ], [ -68.7301, 47.2357 ], [ -68.7278, 47.2364 ], [ -68.7249, 47.2381 ], [ -68.717, 47.2405 ], [ -68.7153, 47.2408 ], [ -68.7095, 47.2394 ], [ -68.7087, 47.2385 ], [ -68.7061, 47.2378 ], [ -68.7023, 47.2383 ], [ -68.6977, 47.241 ], [ -68.6979, 47.1964 ], [ -68.5824, 47.1982 ], [ -68.4457, 47.1992 ], [ -68.4446, 47.1064 ], [ -68.564, 47.1039 ], [ -68.5628, 46.9984 ], [ -68.5631, 46.9232 ], [ -68.5622, 46.8599 ], [ -68.5635, 46.8294 ], [ -68.5618, 46.75 ], [ -68.562, 46.7027 ], [ -68.5607, 46.6261 ], [ -68.5609, 46.5608 ], [ -68.4369, 46.5612 ], [ -68.4364, 46.4702 ], [ -68.4995, 46.4708 ], [ -68.5679, 46.4709 ], [ -68.5679, 46.3825 ], [ -68.6949, 46.3826 ], [ -68.6949, 46.3955 ], [ -68.7479, 46.3954 ], [ -68.8218, 46.3958 ], [ -68.8214, 46.5725 ], [ -68.9525, 46.5726 ], [ -68.9995, 46.5722 ], [ -69.2097, 46.5728 ], [ -69.2495, 46.5733 ], [ -69.3823, 46.5729 ], [ -69.6229, 46.574 ], [ -69.7213, 46.5741 ], [ -69.8163, 46.5733 ], [ -69.9617, 46.5738 ], [ -70.0232, 46.5735 ], [ -69.9971, 46.6955 ] ] ] } },
{ "type": "Feature", "properties": { "GEOIDFQ": "1400000US23003950600", "NAME": "9506", "NAMELSAD": "Census Tract 9506" }, "geometry": { "type": "Polygon", "coordinates": [ [ [ -68.6977, 47.241 ], [ -68.6952, 47.2426 ], [ -68.6917, 47.2438 ], [ -68.6872, 47.2444 ], [ -68.6844, 47.2429 ], [ -68.6795, 47.2431 ], [ -68.675, 47.2423 ], [ -68.6675, 47.2382 ], [ -68.6632, 47.2363 ], [ -68.6598, 47.2361 ], [ -68.6578, 47.237 ], [ -68.6554, 47.2389 ], [ -68.6531, 47.2393 ], [ -68.6463, 47.2395 ], [ -68.6403, 47.2407 ], [ -68.6351, 47.2423 ], [ -68.6255, 47.2422 ], [ -68.6175, 47.2434 ], [ -68.6075, 47.247 ], [ -68.6046, 47.2493 ], [ -68.5997, 47.2545 ], [ -68.5961, 47.2562 ], [ -68.5935, 47.2588 ], [ -68.5933, 47.2611 ], [ -68.5975, 47.2669 ], [ -68.5982, 47.2685 ], [ -68.5977, 47.2702 ], [ -68.5924, 47.2741 ], [ -68.5905, 47.2788 ], [ -68.5894, 47.2805 ], [ -68.58, 47.2871 ], [ -68.5776, 47.2876 ], [ -68.5719, 47.2872 ], [ -68.5579, 47.2832 ], [ -68.5537, 47.2824 ], [ -68.5498, 47.2821 ], [ -68.5408, 47.2843 ], [ -68.5388, 47.2853 ], [ -68.5302, 47.292 ], [ -68.524, 47.2945 ], [ -68.5168, 47.2961 ], [ -68.5083, 47.2965 ], [ -68.5034, 47.296 ], [ -68.4966, 47.294 ], [ -68.4944, 47.2938 ], [ -68.4902, 47.2939 ], [ -68.484, 47.2949 ], [ -68.475, 47.2971 ], [ -68.4704, 47.2967 ], [ -68.4656, 47.2946 ], [ -68.4646, 47.2936 ], [ -68.4617, 47.2892 ], [ -68.4697, 47.2837 ], [ -68.4821, 47.2772 ], [ -68.4804, 47.2575 ], [ -68.4813, 47.2482 ], [ -68.4796, 47.2477 ], [ -68.4457, 47.2476 ], [ -68.446, 47.2433 ], [ -68.4456, 47.2372 ], [ -68.4459, 47.2221 ], [ -68.4457, 47.1992 ], [ -68.5824, 47.1982 ], [ -68.6979, 47.1964 ], [ -68.6977, 47.241 ] ] ] } },
{ "type": "Feature", "properties": { "GEOIDFQ": "1400000US23003950100", "NAME": "9501", "NAMELSAD": "Census Tract 9501" }, "geometry": { "type": "Polygon", "coordinates": [ [ [ -68.4446, 47.1064 ], [ -68.4457, 47.1992 ], [ -68.2494, 47.2007 ], [ -68.1428, 47.2008 ], [ -68.0606, 47.2015 ], [ -68.0596, 47.1347 ], [ -67.9273, 47.1356 ], [ -67.9274, 47.148 ], [ -67.922, 47.152 ], [ -67.9124, 47.1488 ], [ -67.9098, 47.1472 ], [ -67.9076, 47.1441 ], [ -67.9035, 47.1365 ], [ -67.8989, 47.1331 ], [ -67.8942, 47.1305 ], [ -67.8935, 47.1292 ], [ -67.8909, 47.1266 ], [ -67.8899, 47.1243 ], [ -67.8904, 47.1224 ], [ -67.8892, 47.1195 ], [ -67.8896, 47.1141 ], [ -67.8882, 47.1098 ], [ -67.8829, 47.1044 ], [ -67.8797, 47.1027 ], [ -67.8748, 47.1012 ], [ -67.8684, 47.1005 ], [ -67.8592, 47.0969 ], [ -67.8487, 47.0933 ], [ -67.8383, 47.0877 ], [ -67.8305, 47.085 ], [ -67.826, 47.0847 ], [ -67.8211, 47.0834 ], [ -67.8169, 47.0814 ], [ -67.8112, 47.076 ], [ -67.8038, 47.0726 ], [ -67.7946, 47.0695 ], [ -67.7902, 47.0672 ], [ -67.7897, 46.9592 ], [ -67.9175, 46.9581 ], [ -68.0613, 46.9557 ], [ -68.0629, 46.9556 ], [ -68.0623, 46.9314 ], [ -68.2484, 46.9273 ], [ -68.3002, 46.9264 ], [ -68.3, 46.8727 ], [ -68.3005, 46.7452 ], [ -68.3562, 46.7449 ], [ -68.4401, 46.7449 ], [ -68.4406, 46.7566 ], [ -68.4415, 46.8319 ], [ -68.5238, 46.8302 ], [ -68.5635, 46.8299 ], [ -68.5622, 46.8599 ], [ -68.5631, 46.9232 ], [ -68.5628, 46.9984 ], [ -68.564, 47.1039 ], [ -68.4446, 47.1064 ] ] ] } },
{ "type": "Feature", "properties": { "GEOIDFQ": "1400000US23003950300", "NAME": "9503", "NAMELSAD": "Census Tract 9503" }, "geometry": { "type": "Polygon", "coordinates": [ [ [ -68.3534, 47.357 ], [ -68.3477, 47.3579 ], [ -68.3434, 47.3582 ], [ -68.3356, 47.3597 ], [ -68.3277, 47.3601 ], [ -68.3224, 47.3594 ], [ -68.3111, 47.3562 ], [ -68.3052, 47.3553 ], [ -68.3033, 47.3552 ], [ -68.2995, 47.356 ], [ -68.2935, 47.359 ], [ -68.2903, 47.3599 ], [ -68.2848, 47.3603 ], [ -68.2806, 47.3596 ], [ -68.2711, 47.3545 ], [ -68.2649, 47.3522 ], [ -68.248, 47.3521 ], [ -68.238, 47.3548 ], [ -68.2345, 47.3553 ], [ -68.2281, 47.3534 ], [ -68.2254, 47.3511 ], [ -68.2247, 47.3502 ], [ -68.2237, 47.3447 ], [ -68.2193, 47.3416 ], [ -68.2145, 47.3396 ], [ -68.2114, 47.3388 ], [ -68.2073, 47.3396 ], [ -68.2024, 47.3394 ], [ -68.1791, 47.33 ], [ -68.1815, 47.2914 ], [ -68.18, 47.2501 ], [ -68.1798, 47.2008 ], [ -68.2152, 47.2008 ], [ -68.2178, 47.2019 ], [ -68.2205, 47.2039 ], [ -68.224, 47.2078 ], [ -68.2252, 47.21 ], [ -68.2282, 47.2131 ], [ -68.231, 47.2152 ], [ -68.2326, 47.2158 ], [ -68.2329, 47.2155 ], [ -68.2333, 47.216 ], [ -68.2347, 47.2161 ], [ -68.2384, 47.2157 ], [ -68.2402, 47.2158 ], [ -68.245, 47.2183 ], [ -68.2497, 47.22 ], [ -68.254, 47.2188 ], [ -68.2547, 47.2198 ], [ -68.2554, 47.2203 ], [ -68.2572, 47.2248 ], [ -68.2598, 47.2295 ], [ -68.2582, 47.2335 ], [ -68.2586, 47.2358 ], [ -68.2602, 47.2397 ], [ -68.2625, 47.2414 ], [ -68.2619, 47.2428 ], [ -68.262, 47.2442 ], [ -68.2637, 47.2471 ], [ -68.2647, 47.2511 ], [ -68.2662, 47.2519 ], [ -68.2681, 47.2517 ], [ -68.2688, 47.2519 ], [ -68.2698, 47.2528 ], [ -68.2692, 47.2538 ], [ -68.2697, 47.255 ], [ -68.2716, 47.2558 ], [ -68.2748, 47.2562 ], [ -68.2779, 47.2583 ], [ -68.279, 47.2596 ], [ -68.2795, 47.2609 ], [ -68.2801, 47.2613 ], [ -68.2802, 47.263 ], [ -68.2812, 47.2646 ], [ -68.2857, 47.2676 ], [ -68.2874, 47.2679 ], [ -68.2868, 47.268 ], [ -68.2865, 47.2685 ], [ -68.287, 47.2699 ], [ -68.288, 47.271 ], [ -68.2891, 47.2712 ], [ -68.2892, 47.2718 ], [ -68.29, 47.2724 ], [ -68.2903, 47.2889 ], [ -68.3029, 47.2888 ], [ -68.3036, 47.2889 ], [ -68.3037, 47.2894 ], [ -68.3462, 47.3217 ], [ -68.361, 47.3333 ], [ -68.3534, 47.357 ] ] ] } },
{ "type": "Feature", "properties": { "GEOIDFQ": "1400000US23003952000", "NAME": "9520", "NAMELSAD": "Census Tract 9520" }, "geometry": { "type": "Polygon", "coordinates": [ [ [ -68.0489, 46.7133 ], [ -68.0464, 46.7127 ], [ -68.0365, 46.7126 ], [ -68.034, 46.7123 ], [ -68.0311, 46.7112 ], [ -68.0289, 46.7093 ], [ -68.0198, 46.6928 ], [ -68.0191, 46.6824 ], [ -68.0177, 46.6815 ], [ -68.0155, 46.6812 ], [ -68.016, 46.6741 ], [ -68.0101, 46.6647 ], [ -68.0043, 46.6527 ], [ -68.0038, 46.6505 ], [ -68.0022, 46.6504 ], [ -68.0001, 46.6495 ], [ -67.9928, 46.6426 ], [ -67.9903, 46.6409 ], [ -67.9706, 46.636 ], [ -67.9603, 46.6319 ], [ -67.9576, 46.63 ], [ -67.955, 46.6264 ], [ -67.9538, 46.6278 ], [ -67.9467, 46.6302 ], [ -67.94, 46.6221 ], [ -67.9351, 46.619 ], [ -67.9345, 46.614 ], [ -67.9292, 46.611 ], [ -67.9264, 46.6048 ], [ -67.926, 46.6021 ], [ -67.9255, 46.6016 ], [ -67.9256, 46.5968 ], [ -68.0482, 46.5944 ], [ -68.0537, 46.7152 ], [ -68.0489, 46.7133 ] ] ] } },
{ "type": "Feature", "properties": { "GEOIDFQ": "1400000US23003951900", "NAME": "9519", "NAMELSAD": "Census Tract 9519" }, "geometry": { "type": "Polygon", "coordinates": [ [ [ -68.0155, 46.6812 ], [ -68.0027, 46.681 ], [ -67.9894, 46.6848 ], [ -67.9836, 46.6879 ], [ -67.9785, 46.6925 ], [ -67.9718, 46.6971 ], [ -67.9625, 46.701 ], [ -67.9604, 46.7024 ], [ -67.9578, 46.7049 ], [ -67.9551, 46.7067 ], [ -67.9355, 46.7174 ], [ -67.932, 46.721 ], [ -67.9291, 46.722 ], [ -67.9233, 46.7222 ], [ -67.9216, 46.6865 ], [ -67.9207, 46.6416 ], [ -67.9205, 46.5969 ], [ -67.9256, 46.5968 ], [ -67.9255, 46.6016 ], [ -67.926, 46.6021 ], [ -67.9264, 46.6048 ], [ -67.9292, 46.611 ], [ -67.9345, 46.614 ], [ -67.9351, 46.619 ], [ -67.94, 46.6221 ], [ -67.9467, 46.6302 ], [ -67.9538, 46.6278 ], [ -67.955, 46.6264 ], [ -67.9576, 46.63 ], [ -67.9603, 46.6319 ], [ -67.9706, 46.636 ], [ -67.9903, 46.6409 ], [ -67.9928, 46.6426 ], [ -68.0001, 46.6495 ], [ -68.0022, 46.6504 ], [ -68.0038, 46.6505 ], [ -68.0043, 46.6527 ], [ -68.0101, 46.6647 ], [ -68.0153, 46.6727 ], [ -68.0161, 46.6746 ], [ -68.0155, 46.6812 ] ] ] } },
{ "type": "Feature", "properties": { "GEOIDFQ": "1400000US23003951200", "NAME": "9512", "NAMELSAD": "Census Tract 9512" }, "geometry": { "type": "Polygon", "coordinates": [ [ [ -68.0281, 46.9561 ], [ -68.0228, 46.948 ], [ -68.0234, 46.9308 ], [ -68.0202, 46.9249 ], [ -68.0179, 46.9123 ], [ -68.0158, 46.9052 ], [ -68.0153, 46.9013 ], [ -68.0157, 46.8956 ], [ -68.0155, 46.8926 ], [ -68.0121, 46.881 ], [ -68.0124, 46.8808 ], [ -68.0121, 46.8791 ], [ -68.0111, 46.8774 ], [ -68.0121, 46.8741 ], [ -68.0124, 46.8712 ], [ -68.0115, 46.8637 ], [ -68.0118, 46.8598 ], [ -68.0106, 46.8589 ], [ -68.0104, 46.8583 ], [ -68.0111, 46.8543 ], [ -68.0173, 46.854 ], [ -68.0187, 46.8534 ], [ -68.0224, 46.8497 ], [ -68.0236, 46.847 ], [ -68.0273, 46.8453 ], [ -68.0493, 46.8446 ], [ -68.0507, 46.8449 ], [ -68.0528, 46.8446 ], [ -68.0597, 46.8443 ], [ -68.061, 46.8813 ], [ -68.0629, 46.9556 ], [ -68.0281, 46.9561 ] ] ] } },
{ "type": "Feature", "properties": { "GEOIDFQ": "1400000US23019013500", "NAME": "135", "NAMELSAD": "Census Tract 135" }, "geometry": { "type": "Polygon", "coordinates": [ [ [ -69.1607, 44.8249 ], [ -69.1835, 44.9108 ], [ -69.1209, 44.9194 ], [ -69.0624, 44.927 ], [ -69.0392, 44.841 ], [ -69.1027, 44.8325 ], [ -69.0953, 44.8029 ], [ -69.1019, 44.8021 ], [ -69.1006, 44.797 ], [ -69.0941, 44.7977 ], [ -69.0814, 44.7458 ], [ -69.1481, 44.7369 ], [ -69.1524, 44.751 ], [ -69.1668, 44.7492 ], [ -69.1906, 44.821 ], [ -69.1607, 44.8249 ] ] ] } },
{ "type": "Feature", "properties": { "GEOIDFQ": "1400000US23019020500", "NAME": "205", "NAMELSAD": "Census Tract 205" }, "geometry": { "type": "Polygon", "coordinates": [ [ [ -68.8566, 45.1428 ], [ -68.8437, 45.0999 ], [ -68.8327, 45.0597 ], [ -68.8174, 45.0001 ], [ -68.818, 45.0001 ], [ -68.8078, 44.9612 ], [ -68.9354, 44.9439 ], [ -68.9655, 45.0635 ], [ -68.9836, 45.1258 ], [ -68.8566, 45.1428 ] ] ] } },
{ "type": "Feature", "properties": { "GEOIDFQ": "1400000US23019002000", "NAME": "20", "NAMELSAD": "Census Tract 20" }, "geometry": { "type": "Polygon", "coordinates": [ [ [ -68.9625, 44.7081 ], [ -68.9617, 44.7077 ], [ -68.9607, 44.7078 ], [ -68.9601, 44.7076 ], [ -68.9589, 44.7612 ], [ -68.9462, 44.7631 ], [ -68.9473, 44.7676 ], [ -68.9466, 44.7691 ], [ -68.9446, 44.7708 ], [ -68.9445, 44.7718 ], [ -68.9427, 44.7711 ], [ -68.9416, 44.7717 ], [ -68.9411, 44.7725 ], [ -68.9425, 44.7754 ], [ -68.9459, 44.7759 ], [ -68.9462, 44.7774 ], [ -68.9441, 44.7772 ], [ -68.9421, 44.7784 ], [ -68.9403, 44.7782 ], [ -68.9388, 44.7791 ], [ -68.9332, 44.7773 ], [ -68.9325, 44.7763 ], [ -68.9314, 44.7757 ], [ -68.9308, 44.7742 ], [ -68.9283, 44.7722 ], [ -68.9262, 44.7719 ], [ -68.9241, 44.7722 ], [ -68.9213, 44.7704 ], [ -68.9211, 44.7698 ], [ -68.9218, 44.7691 ], [ -68.9208, 44.7666 ], [ -68.7918, 44.7834 ], [ -68.7812, 44.7783 ], [ -68.785, 44.7753 ], [ -68.786, 44.774 ], [ -68.7867, 44.7717 ], [ -68.7869, 44.7685 ], [ -68.7879, 44.7669 ], [ -68.7916, 44.7649 ], [ -68.8008, 44.7612 ], [ -68.8111, 44.7564 ], [ -68.8124, 44.7551 ], [ -68.8157, 44.7501 ], [ -68.8172, 44.7501 ], [ -68.8194, 44.7486 ], [ -68.8249, 44.7461 ], [ -68.8278, 44.7438 ], [ -68.8296, 44.7418 ], [ -68.8308, 44.7395 ], [ -68.8318, 44.7351 ], [ -68.8321, 44.7215 ], [ -68.8338, 44.7187 ], [ -68.8379, 44.7149 ], [ -68.8394, 44.713 ], [ -68.8409, 44.7093 ], [ -68.8405, 44.707 ], [ -68.8375, 44.7021 ], [ -68.866, 44.697 ], [ -68.8654, 44.6942 ], [ -68.8959, 44.6892 ], [ -68.8967, 44.6917 ], [ -68.9621, 44.6807 ], [ -68.9617, 44.6881 ], [ -68.9652, 44.707 ], [ -68.9625, 44.7081 ] ] ] } },
{ "type": "Feature", "properties": { "GEOIDFQ": "1400000US23019008001", "NAME": "80.01", "NAMELSAD": "Census Tract 80.01" }, "geometry": { "type": "Polygon", "coordinates": [ [ [ -68.6705, 44.8693 ], [ -68.6604, 44.8821 ], [ -68.6554, 44.8864 ], [ -68.6498, 44.8891 ], [ -68.6424, 44.8951 ], [ -68.6405, 44.8971 ], [ -68.6383, 44.9004 ], [ -68.6375, 44.903 ], [ -68.6387, 44.9077 ], [ -68.6388, 44.909 ], [ -68.6381, 44.9114 ], [ -68.6365, 44.9133 ], [ -68.6317, 44.9162 ], [ -68.6308, 44.9174 ], [ -68.6308, 44.9187 ], [ -68.6318, 44.9205 ], [ -68.6395, 44.9264 ], [ -68.6409, 44.9283 ], [ -68.641, 44.9296 ], [ -68.6403, 44.9309 ], [ -68.6392, 44.9319 ], [ -68.6363, 44.9332 ], [ -68.636, 44.934 ], [ -68.6363, 44.9347 ], [ -68.6372, 44.9354 ], [ -68.6396, 44.9363 ], [ -68.6423, 44.9381 ], [ -68.6456, 44.9419 ], [ -68.6483, 44.9437 ], [ -68.6491, 44.9456 ], [ -68.649, 44.9465 ], [ -68.6456, 44.9484 ], [ -68.6446, 44.951 ], [ -68.6445, 44.9527 ], [ -68.6453, 44.9552 ], [ -68.6451, 44.9575 ], [ -68.6457, 44.9587 ], [ -68.6471, 44.9595 ], [ -68.6465, 44.9621 ], [ -68.6434, 44.9656 ], [ -68.6419, 44.9667 ], [ -68.6407, 44.9671 ], [ -68.6403, 44.9699 ], [ -68.6361, 44.9728 ], [ -68.6349, 44.9747 ], [ -68.6362, 44.9789 ], [ -68.6355, 44.9817 ], [ -68.6361, 44.9835 ], [ -68.6382, 44.9873 ], [ -68.6418, 44.9951 ], [ -68.6418, 44.9971 ], [ -68.6409, 45.0004 ], [ -68.6416, 45.0052 ], [ -68.6411, 45.0088 ], [ -68.6415, 45.0092 ], [ -68.6409, 45.0096 ], [ -68.6408, 45.0133 ], [ -68.6421, 45.0172 ], [ -68.6451, 45.0211 ], [ -68.5167, 45.0394 ], [ -68.5034, 44.9919 ], [ -68.5004, 44.9778 ], [ -68.473, 44.8708 ], [ -68.5167, 44.8656 ], [ -68.5599, 44.8176 ], [ -68.6718, 44.8665 ], [ -68.6705, 44.8693 ] ] ] } },
{ "type": "Feature", "properties": { "GEOIDFQ": "1400000US23019022500", "NAME": "225", "NAMELSAD": "Census Tract 225" }, "geometry": { "type": "Polygon", "coordinates": [ [ [ -68.66, 45.047 ], [ -68.6572, 45.0527 ], [ -68.6566, 45.0569 ], [ -68.6555, 45.0602 ], [ -68.6556, 45.0645 ], [ -68.6551, 45.0666 ], [ -68.6555, 45.0683 ], [ -68.6579, 45.0711 ], [ -68.66, 45.0751 ], [ -68.66, 45.0765 ], [ -68.6574, 45.077 ], [ -68.6516, 45.0802 ], [ -68.6495, 45.0815 ], [ -68.6487, 45.083 ], [ -68.6491, 45.0847 ], [ -68.6499, 45.0859 ], [ -68.652, 45.0878 ], [ -68.654, 45.089 ], [ -68.6547, 45.0898 ], [ -68.6559, 45.0946 ], [ -68.6551, 45.0951 ], [ -68.6483, 45.0954 ], [ -68.6473, 45.0963 ], [ -68.6456, 45.0967 ], [ -68.6453, 45.0974 ], [ -68.6427, 45.0986 ], [ -68.6425, 45.1003 ], [ -68.644, 45.1011 ], [ -68.6445, 45.102 ], [ -68.6443, 45.103 ], [ -68.6436, 45.1048 ], [ -68.6416, 45.107 ], [ -68.6413, 45.109 ], [ -68.6394, 45.1132 ], [ -68.6394, 45.1149 ], [ -68.6375, 45.1159 ], [ -68.6326, 45.1159 ], [ -68.631, 45.115 ], [ -68.6282, 45.112 ], [ -68.6242, 45.1101 ], [ -68.624, 45.1111 ], [ -68.621, 45.112 ], [ -68.6186, 45.1133 ], [ -68.6134, 45.1221 ], [ -68.6156, 45.1272 ], [ -68.6148, 45.1289 ], [ -68.6151, 45.1315 ], [ -68.6174, 45.1348 ], [ -68.6195, 45.135 ], [ -68.6208, 45.1355 ], [ -68.6204, 45.1374 ], [ -68.618, 45.1414 ], [ -68.616, 45.1431 ], [ -68.6156, 45.1444 ], [ -68.6158, 45.1455 ], [ -68.6215, 45.1527 ], [ -68.6245, 45.1552 ], [ -68.6274, 45.1571 ], [ -68.6287, 45.1607 ], [ -68.6328, 45.1634 ], [ -68.6327, 45.1646 ], [ -68.6314, 45.1658 ], [ -68.6294, 45.1694 ], [ -68.6276, 45.1707 ], [ -68.626, 45.1727 ], [ -68.6254, 45.1779 ], [ -68.6235, 45.1797 ], [ -68.6223, 45.1822 ], [ -68.6194, 45.1848 ], [ -68.617, 45.186 ], [ -68.6161, 45.1875 ], [ -68.615, 45.1912 ], [ -68.6151, 45.1949 ], [ -68.6143, 45.1971 ], [ -68.6144, 45.1987 ], [ -68.6163, 45.2014 ], [ -68.6195, 45.2028 ], [ -68.6227, 45.2036 ], [ -68.6239, 45.2042 ], [ -68.627, 45.2073 ], [ -68.63, 45.2086 ], [ -68.635, 45.2097 ], [ -68.6385, 45.2116 ], [ -68.6392, 45.2131 ], [ -68.6415, 45.2156 ], [ -68.6417, 45.2169 ], [ -68.6424, 45.2179 ], [ -68.6424, 45.2173 ], [ -68.6438, 45.2197 ], [ -68.551, 45.2353 ], [ -68.551, 45.1879 ], [ -68.5349, 45.1251 ], [ -68.5221, 45.0682 ], [ -68.5167, 45.0394 ], [ -68.6451, 45.0211 ], [ -68.653, 45.0321 ], [ -68.6573, 45.0368 ], [ -68.6594, 45.0397 ], [ -68.6607, 45.0434 ], [ -68.66, 45.047 ] ] ] } },
{ "type": "Feature", "properties": { "GEOIDFQ": "1400000US23019029000", "NAME": "290", "NAMELSAD": "Census Tract 290" }, "geometry": { "type": "Polygon", "coordinates": [ [ [ -68.9517, 45.5818 ], [ -68.9507, 45.6384 ], [ -68.9589, 45.6622 ], [ -68.827, 45.6848 ], [ -68.8232, 45.9073 ], [ -68.8226, 45.9938 ], [ -68.8233, 46.037 ], [ -68.8228, 46.1255 ], [ -68.822, 46.168 ], [ -68.8206, 46.2152 ], [ -68.8208, 46.25 ], [ -68.8194, 46.3958 ], [ -68.7479, 46.3954 ], [ -68.6949, 46.3955 ], [ -68.6949, 46.3826 ], [ -68.5386, 46.3825 ], [ -68.4364, 46.3821 ], [ -68.4369, 46.3117 ], [ -68.4367, 46.2501 ], [ -68.4371, 46.2501 ], [ -68.4371, 46.249 ], [ -68.4375, 46.2293 ], [ -68.4374, 46.2075 ], [ -68.4364, 46.1833 ], [ -68.4369, 46.1681 ], [ -68.4363, 46.1478 ], [ -68.4366, 46.1301 ], [ -68.4363, 46.1251 ], [ -68.437, 46.0854 ], [ -68.4369, 46.0429 ], [ -68.4322, 46.0355 ], [ -68.4324, 46.0001 ], [ -68.4318, 45.9543 ], [ -68.4317, 45.9524 ], [ -68.4276, 45.9446 ], [ -68.4262, 45.8708 ], [ -68.4266, 45.8609 ], [ -68.4276, 45.7599 ], [ -68.4307, 45.7599 ], [ -68.4325, 45.6678 ], [ -68.5468, 45.669 ], [ -68.6151, 45.6703 ], [ -68.6145, 45.6402 ], [ -68.6116, 45.6354 ], [ -68.6064, 45.6317 ], [ -68.5974, 45.6268 ], [ -68.5934, 45.6252 ], [ -68.5872, 45.6211 ], [ -68.5838, 45.6201 ], [ -68.58, 45.6203 ], [ -68.5797, 45.6201 ], [ -68.5781, 45.6203 ], [ -68.573, 45.62 ], [ -68.5723, 45.6196 ], [ -68.5731, 45.6194 ], [ -68.5703, 45.6191 ], [ -68.5679, 45.6177 ], [ -68.5694, 45.6178 ], [ -68.5716, 45.6186 ], [ -68.5711, 45.6183 ], [ -68.5696, 45.6177 ], [ -68.5672, 45.6173 ], [ -68.5652, 45.6161 ], [ -68.5667, 45.6168 ], [ -68.5662, 45.616 ], [ -68.5625, 45.6146 ], [ -68.5629, 45.5697 ], [ -68.539, 45.573 ], [ -68.5064, 45.4722 ], [ -68.5127, 45.4711 ], [ -68.5715, 45.4647 ], [ -68.5709, 45.4629 ], [ -68.5875, 45.46 ], [ -68.5891, 45.4569 ], [ -68.5901, 45.4537 ], [ -68.5902, 45.4499 ], [ -68.588, 45.4323 ], [ -68.5881, 45.4263 ], [ -68.5894, 45.4215 ], [ -68.6035, 45.3861 ], [ -68.6039, 45.381 ], [ -68.6038, 45.3773 ], [ -68.6027, 45.3759 ], [ -68.6012, 45.3752 ], [ -68.6013, 45.3749 ], [ -68.6033, 45.3741 ], [ -68.6041, 45.3727 ], [ -68.6047, 45.3578 ], [ -68.5474, 45.3666 ], [ -68.5484, 45.3642 ], [ -68.5536, 45.3606 ], [ -68.5583, 45.3582 ], [ -68.5632, 45.3538 ], [ -68.5655, 45.3523 ], [ -68.5672, 45.3516 ], [ -68.574, 45.3506 ], [ -68.5774, 45.3491 ], [ -68.5801, 45.3453 ], [ -68.5819, 45.3436 ], [ -68.5829, 45.3428 ], [ -68.5873, 45.3407 ], [ -68.5886, 45.3394 ], [ -68.5905, 45.3367 ], [ -68.5937, 45.3337 ], [ -68.5953, 45.333 ], [ -68.5975, 45.3326 ], [ -68.6012, 45.3305 ], [ -68.6054, 45.3262 ], [ -68.6089, 45.3245 ], [ -68.6114, 45.3222 ], [ -68.6135, 45.3208 ], [ -68.6172, 45.3195 ], [ -68.6211, 45.319 ], [ -68.6225, 45.3195 ], [ -68.6259, 45.3191 ], [ -68.6259, 45.3186 ], [ -68.6282, 45.3175 ], [ -68.6299, 45.3156 ], [ -68.6313, 45.3152 ], [ -68.6334, 45.3133 ], [ -68.6352, 45.3103 ], [ -68.6356, 45.3075 ], [ -68.7088, 45.3221 ], [ -68.6965, 45.343 ], [ -68.6702, 45.3472 ], [ -68.7016, 45.4409 ], [ -68.7495, 45.4334 ], [ -68.8254, 45.4206 ], [ -68.8311, 45.4422 ], [ -68.8573, 45.5273 ], [ -68.8745, 45.5245 ], [ -68.9647, 45.5124 ], [ -68.9517, 45.5818 ] ], [ [ -68.7409, 45.6388 ], [ -68.7352, 45.6393 ], [ -68.7287, 45.6382 ], [ -68.7262, 45.6373 ], [ -68.7234, 45.6368 ], [ -68.7186, 45.6297 ], [ -68.7185, 45.627 ], [ -68.7181, 45.6261 ], [ -68.7168, 45.6249 ], [ -68.7139, 45.6232 ], [ -68.7136, 45.6213 ], [ -68.7121, 45.6206 ], [ -68.7115, 45.6187 ], [ -68.712, 45.6175 ], [ -68.7111, 45.6165 ], [ -68.7073, 45.6149 ], [ -68.7045, 45.6143 ], [ -68.7037, 45.613 ], [ -68.7008, 45.6107 ], [ -68.6999, 45.6107 ], [ -68.6949, 45.614 ], [ -68.6939, 45.6136 ], [ -68.6931, 45.6127 ], [ -68.6919, 45.6124 ], [ -68.6896, 45.611 ], [ -68.6866, 45.6109 ], [ -68.6837, 45.6117 ], [ -68.6824, 45.6133 ], [ -68.6796, 45.6185 ], [ -68.6768, 45.627 ], [ -68.6757, 45.6281 ], [ -68.6719, 45.6303 ], [ -68.6702, 45.6321 ], [ -68.6705, 45.6349 ], [ -68.6702, 45.6365 ], [ -68.6681, 45.6389 ], [ -68.6731, 45.657 ], [ -68.6713, 45.657 ], [ -68.6736, 45.6727 ], [ -68.6801, 45.6721 ], [ -68.6823, 45.6771 ], [ -68.686, 45.6766 ], [ -68.6863, 45.6773 ], [ -68.7532, 45.6653 ], [ -68.7409, 45.6388 ] ] ] } },
{ "type": "Feature", "properties": { "GEOIDFQ": "1400000US23001020900", "NAME": "209", "NAMELSAD": "Census Tract 209" }, "geometry": { "type": "Polygon", "coordinates": [ [ [ -70.2162, 44.117 ], [ -70.2131, 44.1189 ], [ -70.2104, 44.1218 ], [ -70.2101, 44.1239 ], [ -70.2088, 44.1251 ], [ -70.2079, 44.1277 ], [ -70.2025, 44.1332 ], [ -70.2022, 44.1353 ], [ -70.2012, 44.1372 ], [ -70.2009, 44.1393 ], [ -70.2024, 44.1405 ], [ -70.2058, 44.1453 ], [ -70.2093, 44.1482 ], [ -70.2107, 44.1511 ], [ -70.2033, 44.1613 ], [ -70.2025, 44.1625 ], [ -70.2017, 44.1654 ], [ -70.1998, 44.1675 ], [ -70.1639, 44.1492 ], [ -70.209, 44.1034 ], [ -70.211, 44.1043 ], [ -70.2099, 44.1063 ], [ -70.2107, 44.1067 ], [ -70.2078, 44.1127 ], [ -70.2122, 44.1118 ], [ -70.2127, 44.1122 ], [ -70.2144, 44.1126 ], [ -70.2167, 44.1135 ], [ -70.217, 44.1155 ], [ -70.2162, 44.117 ] ] ] } },
{ "type": "Feature", "properties": { "GEOIDFQ": "1400000US23023970600", "NAME": "9706", "NAMELSAD": "Census Tract 9706" }, "geometry": { "type": "Polygon", "coordinates": [ [ [ -69.8409, 43.8897 ], [ -69.8388, 43.892 ], [ -69.8386, 43.8936 ], [ -69.8363, 43.8993 ], [ -69.8336, 43.9027 ], [ -69.8313, 43.9047 ], [ -69.8342, 43.9065 ], [ -69.8363, 43.9122 ], [ -69.8353, 43.9124 ], [ -69.8344, 43.9121 ], [ -69.8268, 43.913 ], [ -69.8199, 43.9117 ], [ -69.8202, 43.9105 ], [ -69.8151, 43.9116 ], [ -69.8082, 43.9118 ], [ -69.8084, 43.9081 ], [ -69.8099, 43.9024 ], [ -69.8105, 43.8961 ], [ -69.8105, 43.8826 ], [ -69.8147, 43.8795 ], [ -69.8221, 43.8772 ], [ -69.8241, 43.8757 ], [ -69.8246, 43.8733 ], [ -69.8233, 43.869 ], [ -69.8256, 43.8673 ], [ -69.8282, 43.8668 ], [ -69.8317, 43.8666 ], [ -69.8336, 43.8681 ], [ -69.8315, 43.8698 ], [ -69.831, 43.871 ], [ -69.831, 43.8719 ], [ -69.8323, 43.8725 ], [ -69.8314, 43.8744 ], [ -69.8326, 43.8755 ], [ -69.8318, 43.8775 ], [ -69.8299, 43.8804 ], [ -69.8307, 43.8822 ], [ -69.8292, 43.8841 ], [ -69.8292, 43.887 ], [ -69.8286, 43.8887 ], [ -69.8418, 43.8875 ], [ -69.8409, 43.8897 ] ] ] } },
{ "type": "Feature", "properties": { "GEOIDFQ": "1400000US23023970200", "NAME": "9702", "NAMELSAD": "Census Tract 9702" }, "geometry": { "type": "Polygon", "coordinates": [ [ [ -70.038, 44.0186 ], [ -70.0375, 44.018 ], [ -70.0368, 44.0183 ], [ -70.0367, 44.0186 ], [ -70.0379, 44.0188 ], [ -70.0378, 44.0192 ], [ -70.0366, 44.0189 ], [ -70.0368, 44.0196 ], [ -70.0359, 44.0197 ], [ -70.0351, 44.0194 ], [ -70.0355, 44.02 ], [ -70.0337, 44.0202 ], [ -70.0336, 44.0212 ], [ -70.0328, 44.0213 ], [ -70.0335, 44.0217 ], [ -70.0331, 44.0218 ], [ -70.0336, 44.022 ], [ -70.0338, 44.0226 ], [ -70.0342, 44.0225 ], [ -70.0344, 44.0233 ], [ -70.0353, 44.0231 ], [ -70.0348, 44.0238 ], [ -70.0356, 44.0238 ], [ -70.0353, 44.0244 ], [ -70.036, 44.0245 ], [ -70.0355, 44.025 ], [ -70.0365, 44.0256 ], [ -70.0365, 44.027 ], [ -70.0358, 44.0273 ], [ -70.036, 44.0279 ], [ -70.0347, 44.0283 ], [ -70.035, 44.0287 ], [ -70.0342, 44.0297 ], [ -70.034, 44.0293 ], [ -70.0334, 44.0292 ], [ -70.0324, 44.0296 ], [ -70.0324, 44.0299 ], [ -70.0332, 44.0301 ], [ -70.0328, 44.0305 ], [ -70.0317, 44.03 ], [ -70.0291, 44.0305 ], [ -70.028, 44.0321 ], [ -70.0271, 44.0323 ], [ -70.0251, 44.0364 ], [ -70.0257, 44.0371 ], [ -70.0254, 44.0377 ], [ -70.0257, 44.0389 ], [ -70.0268, 44.0392 ], [ -70.0263, 44.04 ], [ -70.0269, 44.0401 ], [ -70.027, 44.0413 ], [ -70.0263, 44.0433 ], [ -70.0267, 44.0436 ], [ -70.0272, 44.0434 ], [ -70.0055, 44.1245 ], [ -69.9845, 44.1216 ], [ -69.8978, 44.1077 ], [ -69.8984, 44.1054 ], [ -69.8992, 44.1048 ], [ -69.9005, 44.1046 ], [ -69.9005, 44.1038 ], [ -69.9017, 44.1032 ], [ -69.9037, 44.0963 ], [ -69.8757, 44.0917 ], [ -69.8511, 44.0872 ], [ -69.7998, 44.0786 ], [ -69.7989, 44.0813 ], [ -69.7992, 44.0837 ], [ -69.7988, 44.0858 ], [ -69.7972, 44.0877 ], [ -69.7918, 44.0894 ], [ -69.789, 44.0895 ], [ -69.7851, 44.089 ], [ -69.7859, 44.0872 ], [ -69.7845, 44.0838 ], [ -69.7845, 44.0828 ], [ -69.7855, 44.0799 ], [ -69.7874, 44.0768 ], [ -69.7874, 44.0753 ], [ -69.7869, 44.0743 ], [ -69.7833, 44.0719 ], [ -69.7829, 44.0699 ], [ -69.7836, 44.0683 ], [ -69.7851, 44.0668 ], [ -69.7865, 44.0645 ], [ -69.7859, 44.0573 ], [ -69.7892, 44.0482 ], [ -69.7892, 44.0467 ], [ -69.7901, 44.0429 ], [ -69.7918, 44.0405 ], [ -69.7955, 44.0378 ], [ -69.8072, 44.0326 ], [ -69.8125, 44.0296 ], [ -69.8134, 44.0276 ], [ -69.8136, 44.0252 ], [ -69.8142, 44.0237 ], [ -69.8205, 44.0163 ], [ -69.822, 44.0138 ], [ -69.822, 44.0127 ], [ -69.8206, 44.0096 ], [ -69.8203, 44.0076 ], [ -69.8202, 44.0052 ], [ -69.821, 44.0031 ], [ -69.8224, 44.0017 ], [ -69.8244, 44.0005 ], [ -69.8323, 43.9887 ], [ -69.8511, 43.9807 ], [ -69.8629, 43.977 ], [ -69.8648, 43.9753 ], [ -69.8701, 43.9792 ], [ -69.8754, 43.9819 ], [ -69.878, 43.9843 ], [ -69.8792, 43.9847 ], [ -69.8803, 43.9846 ], [ -69.8809, 43.9842 ], [ -69.8817, 43.9827 ], [ -69.8808, 43.9797 ], [ -69.8873, 43.9723 ], [ -69.8877, 43.9684 ], [ -69.8892, 43.9666 ], [ -69.9109, 43.983 ], [ -69.9097, 43.9851 ], [ -69.9108, 43.9858 ], [ -69.9109, 43.9872 ], [ -69.9353, 43.9914 ], [ -69.9925, 44.0001 ], [ -70.0355, 44.0071 ], [ -70.0344, 44.0078 ], [ -70.0338, 44.0079 ], [ -70.0333, 44.0086 ], [ -70.0339, 44.009 ], [ -70.035, 44.0091 ], [ -70.0341, 44.0096 ], [ -70.035, 44.01 ], [ -70.0349, 44.0113 ], [ -70.0354, 44.013 ], [ -70.0369, 44.0142 ], [ -70.0372, 44.0152 ], [ -70.0365, 44.0157 ], [ -70.0371, 44.0164 ], [ -70.0362, 44.0165 ], [ -70.0367, 44.017 ], [ -70.0379, 44.017 ], [ -70.0375, 44.0174 ], [ -70.0383, 44.0183 ], [ -70.038, 44.0186 ] ] ] } },
{ "type": "Feature", "properties": { "GEOIDFQ": "1400000US23023970700", "NAME": "9707", "NAMELSAD": "Census Tract 9707" }, "geometry": { "type": "Polygon", "coordinates": [ [ [ -69.8932, 43.8785 ], [ -69.891, 43.8832 ], [ -69.8896, 43.8851 ], [ -69.8845, 43.8881 ], [ -69.8821, 43.8903 ], [ -69.8812, 43.8919 ], [ -69.8808, 43.8936 ], [ -69.8793, 43.8955 ], [ -69.8775, 43.8992 ], [ -69.8754, 43.9012 ], [ -69.873, 43.9056 ], [ -69.8705, 43.9077 ], [ -69.8695, 43.91 ], [ -69.8687, 43.9108 ], [ -69.8685, 43.9128 ], [ -69.8654, 43.9177 ], [ -69.8648, 43.9194 ], [ -69.8625, 43.9316 ], [ -69.8591, 43.9301 ], [ -69.8502, 43.9255 ], [ -69.8477, 43.925 ], [ -69.8431, 43.9255 ], [ -69.8418, 43.9252 ], [ -69.8342, 43.9065 ], [ -69.8313, 43.9047 ], [ -69.8336, 43.9027 ], [ -69.8363, 43.8993 ], [ -69.8386, 43.8936 ], [ -69.8388, 43.892 ], [ -69.8409, 43.8897 ], [ -69.8418, 43.8875 ], [ -69.8286, 43.8887 ], [ -69.8292, 43.887 ], [ -69.8292, 43.8841 ], [ -69.8307, 43.8822 ], [ -69.8299, 43.8804 ], [ -69.8318, 43.8775 ], [ -69.8326, 43.8755 ], [ -69.8314, 43.8744 ], [ -69.8323, 43.8725 ], [ -69.831, 43.8719 ], [ -69.831, 43.871 ], [ -69.8315, 43.8698 ], [ -69.8336, 43.8681 ], [ -69.8317, 43.8666 ], [ -69.8266, 43.867 ], [ -69.8243, 43.868 ], [ -69.8232, 43.8693 ], [ -69.8246, 43.8733 ], [ -69.8241, 43.8757 ], [ -69.8221, 43.8772 ], [ -69.8147, 43.8795 ], [ -69.8105, 43.8826 ], [ -69.8083, 43.8815 ], [ -69.8057, 43.8808 ], [ -69.7974, 43.8804 ], [ -69.7961, 43.8797 ], [ -69.7954, 43.8785 ], [ -69.7951, 43.8752 ], [ -69.7966, 43.8713 ], [ -69.7943, 43.8675 ], [ -69.7946, 43.8626 ], [ -69.796, 43.8542 ], [ -69.794, 43.8488 ], [ -69.7934, 43.845 ], [ -69.7936, 43.8427 ], [ -69.7958, 43.84 ], [ -69.7963, 43.8389 ], [ -69.797, 43.8343 ], [ -69.8028, 43.8264 ], [ -69.804, 43.8232 ], [ -69.8045, 43.8208 ], [ -69.8053, 43.8199 ], [ -69.8053, 43.8159 ], [ -69.8042, 43.8146 ], [ -69.8004, 43.8124 ], [ -69.7992, 43.8122 ], [ -69.7967, 43.8104 ], [ -69.7886, 43.7994 ], [ -69.7872, 43.7956 ], [ -69.7869, 43.7843 ], [ -69.7834, 43.7732 ], [ -69.7835, 43.7675 ], [ -69.7847, 43.7636 ], [ -69.7844, 43.7597 ], [ -69.7824, 43.7565 ], [ -69.7799, 43.7545 ], [ -69.7692, 43.7501 ], [ -69.7694, 43.7493 ], [ -69.7686, 43.7442 ], [ -69.7682, 43.7434 ], [ -69.767, 43.7429 ], [ -69.7661, 43.7419 ], [ -69.7653, 43.7404 ], [ -69.7637, 43.735 ], [ -69.7637, 43.7326 ], [ -69.7659, 43.7281 ], [ -69.7729, 43.72 ], [ -69.773, 43.719 ], [ -69.7927, 43.7142 ], [ -69.7994, 43.7124 ], [ -69.8051, 43.7103 ], [ -69.8148, 43.7032 ], [ -69.8237, 43.6977 ], [ -69.8315, 43.6944 ], [ -69.8337, 43.6939 ], [ -69.8355, 43.6938 ], [ -69.8375, 43.6951 ], [ -69.8389, 43.6969 ], [ -69.8383, 43.6999 ], [ -69.8403, 43.7019 ], [ -69.8413, 43.7038 ], [ -69.8434, 43.7043 ], [ -69.8479, 43.7038 ], [ -69.8505, 43.7022 ], [ -69.8551, 43.7022 ], [ -69.8572, 43.7033 ], [ -69.8577, 43.7054 ], [ -69.8572, 43.7077 ], [ -69.8541, 43.7161 ], [ -69.855, 43.7176 ], [ -69.8568, 43.7184 ], [ -69.8584, 43.72 ], [ -69.8581, 43.7217 ], [ -69.8599, 43.7232 ], [ -69.8664, 43.726 ], [ -69.8723, 43.7297 ], [ -69.8726, 43.7317 ], [ -69.8722, 43.7359 ], [ -69.8704, 43.7425 ], [ -69.8704, 43.7451 ], [ -69.8705, 43.7483 ], [ -69.8726, 43.7521 ], [ -69.8727, 43.756 ], [ -69.87, 43.7583 ], [ -69.8657, 43.7589 ], [ -69.8659, 43.7615 ], [ -69.8667, 43.7627 ], [ -69.873, 43.7635 ], [ -69.875, 43.7656 ], [ -69.8748, 43.772 ], [ -69.8829, 43.7755 ], [ -69.8874, 43.7753 ], [ -69.8873, 43.7879 ], [ -69.8852, 43.7899 ], [ -69.8826, 43.7937 ], [ -69.875, 43.8085 ], [ -69.87, 43.817 ], [ -69.8733, 43.8264 ], [ -69.8761, 43.8372 ], [ -69.8763, 43.8429 ], [ -69.8748, 43.8494 ], [ -69.8747, 43.8511 ], [ -69.8758, 43.8518 ], [ -69.8826, 43.8538 ], [ -69.886, 43.8559 ], [ -69.8886, 43.858 ], [ -69.8949, 43.8643 ], [ -69.8959, 43.8661 ], [ -69.896, 43.8671 ], [ -69.8932, 43.8785 ] ] ] } },
{ "type": "Feature", "properties": { "GEOIDFQ": "1400000US23025966702", "NAME": "9667.02", "NAMELSAD": "Census Tract 9667.02" }, "geometry": { "type": "Polygon", "coordinates": [ [ [ -69.739, 44.7544 ], [ -69.7424, 44.7568 ], [ -69.7269, 44.7654 ], [ -69.7221, 44.7659 ], [ -69.7197, 44.7658 ], [ -69.7192, 44.7651 ], [ -69.7198, 44.7641 ], [ -69.7173, 44.7628 ], [ -69.7167, 44.7609 ], [ -69.712, 44.7571 ], [ -69.7102, 44.7545 ], [ -69.7081, 44.7525 ], [ -69.7065, 44.7503 ], [ -69.7031, 44.7488 ], [ -69.6966, 44.7467 ], [ -69.6938, 44.7456 ], [ -69.6841, 44.7374 ], [ -69.6805, 44.7315 ], [ -69.6752, 44.7255 ], [ -69.6731, 44.7225 ], [ -69.6723, 44.7191 ], [ -69.6744, 44.7013 ], [ -69.6757, 44.697 ], [ -69.6769, 44.6946 ], [ -69.7299, 44.6869 ], [ -69.7474, 44.7493 ], [ -69.739, 44.7544 ] ] ] } },
{ "type": "Feature", "properties": { "GEOIDFQ": "1400000US23021960800", "NAME": "9608", "NAMELSAD": "Census Tract 9608" }, "geometry": { "type": "Polygon", "coordinates": [ [ [ -69.1797, 45.2647 ], [ -69.1795, 45.2656 ], [ -69.1781, 45.2665 ], [ -69.1788, 45.2671 ], [ -69.1803, 45.2671 ], [ -69.1804, 45.2679 ], [ -69.1798, 45.2688 ], [ -69.177, 45.2678 ], [ -69.1742, 45.2673 ], [ -69.1708, 45.2673 ], [ -69.1666, 45.268 ], [ -69.1655, 45.269 ], [ -69.1638, 45.2692 ], [ -69.1624, 45.2697 ], [ -69.1601, 45.2699 ], [ -69.1571, 45.269 ], [ -69.1546, 45.2688 ], [ -69.1487, 45.2674 ], [ -69.1447, 45.2671 ], [ -69.1446, 45.2682 ], [ -69.1453, 45.2688 ], [ -69.1439, 45.2692 ], [ -69.1427, 45.2689 ], [ -69.1412, 45.2696 ], [ -69.1426, 45.2692 ], [ -69.1434, 45.2696 ], [ -69.1429, 45.27 ], [ -69.1444, 45.2704 ], [ -69.1455, 45.2701 ], [ -69.1458, 45.2708 ], [ -69.1483, 45.2711 ], [ -69.1495, 45.2718 ], [ -69.1526, 45.2764 ], [ -69.1549, 45.2777 ], [ -69.155, 45.2798 ], [ -69.1559, 45.2809 ], [ -69.1245, 45.285 ], [ -68.9995, 45.3029 ], [ -68.9419, 45.3117 ], [ -68.9203, 45.3147 ], [ -68.8636, 45.3221 ], [ -68.8009, 45.3291 ], [ -68.7761, 45.2403 ], [ -68.8319, 45.2319 ], [ -68.8809, 45.2249 ], [ -68.8667, 45.1757 ], [ -68.8566, 45.1428 ], [ -68.9902, 45.125 ], [ -69.0464, 45.1161 ], [ -69.1094, 45.1072 ], [ -69.1323, 45.1972 ], [ -69.1616, 45.1932 ], [ -69.1808, 45.2647 ], [ -69.1797, 45.2647 ] ] ] } },
{ "type": "Feature", "properties": { "GEOIDFQ": "1400000US23021960700", "NAME": "9607", "NAMELSAD": "Census Tract 9607" }, "geometry": { "type": "Polygon", "coordinates": [ [ [ -69.2472, 45.2677 ], [ -69.2455, 45.2668 ], [ -69.2427, 45.2666 ], [ -69.2399, 45.2656 ], [ -69.2376, 45.2655 ], [ -69.233, 45.2663 ], [ -69.231, 45.2663 ], [ -69.2289, 45.267 ], [ -69.2267, 45.2671 ], [ -69.2245, 45.2668 ], [ -69.2237, 45.2676 ], [ -69.2232, 45.2688 ], [ -69.2222, 45.2694 ], [ -69.2203, 45.2689 ], [ -69.2167, 45.2696 ], [ -69.2083, 45.2699 ], [ -69.2074, 45.2702 ], [ -69.2075, 45.2707 ], [ -69.2061, 45.2711 ], [ -69.2062, 45.2718 ], [ -69.2037, 45.2721 ], [ -69.202, 45.2726 ], [ -69.2017, 45.2722 ], [ -69.2001, 45.2723 ], [ -69.1996, 45.272 ], [ -69.1972, 45.2718 ], [ -69.1991, 45.2712 ], [ -69.2003, 45.2696 ], [ -69.2033, 45.2692 ], [ -69.2034, 45.2677 ], [ -69.207, 45.2678 ], [ -69.2069, 45.2671 ], [ -69.2074, 45.2666 ], [ -69.2065, 45.2657 ], [ -69.2072, 45.2649 ], [ -69.2062, 45.2644 ], [ -69.204, 45.2645 ], [ -69.2021, 45.2641 ], [ -69.1999, 45.2646 ], [ -69.1998, 45.265 ], [ -69.2014, 45.266 ], [ -69.2014, 45.2664 ], [ -69.1979, 45.2654 ], [ -69.1958, 45.2656 ], [ -69.1933, 45.265 ], [ -69.1912, 45.265 ], [ -69.1902, 45.2637 ], [ -69.1877, 45.2638 ], [ -69.1874, 45.2643 ], [ -69.1881, 45.2647 ], [ -69.186, 45.2653 ], [ -69.185, 45.2651 ], [ -69.1841, 45.2653 ], [ -69.1833, 45.2647 ], [ -69.1808, 45.2647 ], [ -69.1616, 45.1932 ], [ -69.1323, 45.1972 ], [ -69.1094, 45.1072 ], [ -69.232, 45.0902 ], [ -69.2562, 45.1795 ], [ -69.2572, 45.179 ], [ -69.2604, 45.1789 ], [ -69.2631, 45.1784 ], [ -69.2703, 45.1783 ], [ -69.2746, 45.1776 ], [ -69.2765, 45.1776 ], [ -69.2875, 45.2192 ], [ -69.2993, 45.2606 ], [ -69.2472, 45.2677 ] ] ] } },
{ "type": "Feature", "properties": { "GEOIDFQ": "1400000US23021960600", "NAME": "9606", "NAMELSAD": "Census Tract 9606" }, "geometry": { "type": "Polygon", "coordinates": [ [ [ -69.2993, 45.2606 ], [ -69.2875, 45.2192 ], [ -69.2765, 45.1776 ], [ -69.2746, 45.1776 ], [ -69.2703, 45.1783 ], [ -69.2631, 45.1784 ], [ -69.2604, 45.1789 ], [ -69.2572, 45.179 ], [ -69.2562, 45.1795 ], [ -69.232, 45.0902 ], [ -69.3557, 45.0735 ], [ -69.3811, 45.1637 ], [ -69.3882, 45.163 ], [ -69.3887, 45.1626 ], [ -69.4021, 45.1609 ], [ -69.4245, 45.2432 ], [ -69.2993, 45.2606 ] ] ] } },
{ "type": "Feature", "properties": { "GEOIDFQ": "1400000US23021960400", "NAME": "9604", "NAMELSAD": "Census Tract 9604" }, "geometry": { "type": "MultiPolygon", "coordinates": [ [ [ [ -69.6805, 45.3872 ], [ -69.6019, 45.4006 ], [ -69.6017, 45.3999 ], [ -69.4732, 45.4198 ], [ -69.4756, 45.4284 ], [ -69.4748, 45.4261 ], [ -69.4732, 45.424 ], [ -69.4717, 45.4237 ], [ -69.4713, 45.4228 ], [ -69.4706, 45.4225 ], [ -69.4707, 45.4222 ], [ -69.4713, 45.4221 ], [ -69.4713, 45.4212 ], [ -69.4703, 45.4201 ], [ -69.4687, 45.4214 ], [ -69.4672, 45.4222 ], [ -69.4653, 45.4226 ], [ -69.4642, 45.4236 ], [ -69.4632, 45.4278 ], [ -69.4622, 45.4289 ], [ -69.4605, 45.4291 ], [ -69.4592, 45.4289 ], [ -69.4553, 45.4315 ], [ -69.4528, 45.432 ], [ -69.4506, 45.4316 ], [ -69.449, 45.4306 ], [ -69.4473, 45.4289 ], [ -69.4457, 45.4287 ], [ -69.4399, 45.4263 ], [ -69.4378, 45.4258 ], [ -69.4364, 45.4235 ], [ -69.4318, 45.4205 ], [ -69.4309, 45.4191 ], [ -69.4317, 45.4184 ], [ -69.4315, 45.4157 ], [ -69.4292, 45.4119 ], [ -69.4287, 45.41 ], [ -69.4274, 45.4083 ], [ -69.4266, 45.4056 ], [ -69.4239, 45.4016 ], [ -69.4235, 45.3999 ], [ -69.4224, 45.4001 ], [ -69.4207, 45.4031 ], [ -69.4176, 45.4044 ], [ -69.4086, 45.4055 ], [ -69.4014, 45.4048 ], [ -69.3947, 45.4031 ], [ -69.3893, 45.4004 ], [ -69.3768, 45.3901 ], [ -69.3692, 45.3883 ], [ -69.3636, 45.3891 ], [ -69.3598, 45.3854 ], [ -69.3596, 45.3847 ], [ -69.358, 45.3843 ], [ -69.3564, 45.3844 ], [ -69.3559, 45.3836 ], [ -69.3542, 45.3827 ], [ -69.3532, 45.3828 ], [ -69.3535, 45.3824 ], [ -69.3543, 45.3822 ], [ -69.3544, 45.3812 ], [ -69.3537, 45.3808 ], [ -69.3541, 45.3804 ], [ -69.3538, 45.3803 ], [ -69.3538, 45.3796 ], [ -69.3555, 45.3783 ], [ -69.3557, 45.3775 ], [ -69.3583, 45.376 ], [ -69.3591, 45.3739 ], [ -69.3588, 45.3726 ], [ -69.3595, 45.3715 ], [ -69.3584, 45.3698 ], [ -69.3585, 45.3683 ], [ -69.358, 45.3671 ], [ -69.2137, 45.3877 ], [ -69.1844, 45.277 ], [ -69.1559, 45.2809 ], [ -69.155, 45.2798 ], [ -69.1549, 45.2777 ], [ -69.1526, 45.2764 ], [ -69.1495, 45.2718 ], [ -69.1483, 45.2711 ], [ -69.1458, 45.2708 ], [ -69.1455, 45.2701 ], [ -69.1444, 45.2704 ], [ -69.1429, 45.27 ], [ -69.1434, 45.2696 ], [ -69.1426, 45.2692 ], [ -69.1417, 45.2696 ], [ -69.1412, 45.2695 ], [ -69.1427, 45.2689 ], [ -69.1439, 45.2692 ], [ -69.1453, 45.2688 ], [ -69.1446, 45.2682 ], [ -69.1449, 45.267 ], [ -69.1487, 45.2674 ], [ -69.1546, 45.2688 ], [ -69.1571, 45.269 ], [ -69.1601, 45.2699 ], [ -69.1624, 45.2697 ], [ -69.1638, 45.2692 ], [ -69.1655, 45.269 ], [ -69.1666, 45.268 ], [ -69.1708, 45.2673 ], [ -69.1742, 45.2673 ], [ -69.177, 45.2678 ], [ -69.1798, 45.2688 ], [ -69.1804, 45.2679 ], [ -69.1803, 45.2671 ], [ -69.1788, 45.2671 ], [ -69.1781, 45.2665 ], [ -69.1793, 45.2658 ], [ -69.1795, 45.2649 ], [ -69.1799, 45.2647 ], [ -69.1833, 45.2647 ], [ -69.1841, 45.2653 ], [ -69.185, 45.2651 ], [ -69.186, 45.2653 ], [ -69.1881, 45.2647 ], [ -69.1874, 45.2643 ], [ -69.1877, 45.2638 ], [ -69.1902, 45.2637 ], [ -69.1912, 45.265 ], [ -69.1933, 45.265 ], [ -69.1958, 45.2656 ], [ -69.1979, 45.2654 ], [ -69.2014, 45.2664 ], [ -69.2014, 45.266 ], [ -69.1998, 45.265 ], [ -69.1999, 45.2646 ], [ -69.2021, 45.2641 ], [ -69.204, 45.2645 ], [ -69.2062, 45.2644 ], [ -69.2072, 45.2649 ], [ -69.2065, 45.2657 ], [ -69.2074, 45.2666 ], [ -69.2069, 45.2671 ], [ -69.207, 45.2678 ], [ -69.2034, 45.2677 ], [ -69.2033, 45.2692 ], [ -69.2003, 45.2696 ], [ -69.1991, 45.2712 ], [ -69.1972, 45.2718 ], [ -69.1996, 45.272 ], [ -69.2001, 45.2723 ], [ -69.2017, 45.2722 ], [ -69.202, 45.2726 ], [ -69.2037, 45.2721 ], [ -69.2062, 45.2718 ], [ -69.2061, 45.2711 ], [ -69.2075, 45.2707 ], [ -69.2074, 45.2702 ], [ -69.2083, 45.2699 ], [ -69.2167, 45.2696 ], [ -69.2203, 45.2689 ], [ -69.2222, 45.2694 ], [ -69.2232, 45.2688 ], [ -69.2237, 45.2676 ], [ -69.2245, 45.2668 ], [ -69.2267, 45.2671 ], [ -69.2289, 45.267 ], [ -69.231, 45.2663 ], [ -69.233, 45.2663 ], [ -69.2376, 45.2655 ], [ -69.2399, 45.2656 ], [ -69.2427, 45.2666 ], [ -69.2455, 45.2668 ], [ -69.2472, 45.2677 ], [ -69.2986, 45.2607 ], [ -69.4007, 45.2466 ], [ -69.5506, 45.2253 ], [ -69.5469, 45.2127 ], [ -69.6273, 45.2019 ], [ -69.6828, 45.1949 ], [ -69.687, 45.2082 ], [ -69.6836, 45.2124 ], [ -69.7041, 45.2731 ], [ -69.7083, 45.2914 ], [ -69.7004, 45.2925 ], [ -69.7292, 45.3792 ], [ -69.6805, 45.3872 ] ] ], [ [ [ -69.4759, 45.4295 ], [ -69.4754, 45.4291 ], [ -69.4756, 45.4284 ], [ -69.4759, 45.4295 ] ] ] ] } },
{ "type": "Feature", "properties": { "GEOIDFQ": "1400000US23027046002", "NAME": "460.02", "NAMELSAD": "Census Tract 460.02" }, "geometry": { "type": "Polygon", "coordinates": [ [ [ -69.4168, 44.701 ], [ -69.4165, 44.7038 ], [ -69.4174, 44.7081 ], [ -69.4158, 44.7113 ], [ -69.4153, 44.7144 ], [ -69.4141, 44.7163 ], [ -69.4147, 44.718 ], [ -69.4145, 44.7187 ], [ -69.4082, 44.7238 ], [ -69.406, 44.727 ], [ -69.3995, 44.7301 ], [ -69.396, 44.7312 ], [ -69.395, 44.7322 ], [ -69.3952, 44.7356 ], [ -69.397, 44.7387 ], [ -69.3982, 44.7425 ], [ -69.3984, 44.7446 ], [ -69.3979, 44.7465 ], [ -69.3961, 44.7476 ], [ -69.3942, 44.748 ], [ -69.3927, 44.7479 ], [ -69.3897, 44.7469 ], [ -69.3885, 44.7473 ], [ -69.3879, 44.7481 ], [ -69.3887, 44.751 ], [ -69.3883, 44.7524 ], [ -69.3868, 44.7534 ], [ -69.3834, 44.7541 ], [ -69.3758, 44.7541 ], [ -69.3718, 44.7546 ], [ -69.3671, 44.7534 ], [ -69.3625, 44.7515 ], [ -69.3602, 44.751 ], [ -69.3521, 44.7501 ], [ -69.349, 44.7492 ], [ -69.3455, 44.7494 ], [ -69.3435, 44.7498 ], [ -69.3274, 44.7144 ], [ -69.2052, 44.7296 ], [ -69.198, 44.6996 ], [ -69.1837, 44.644 ], [ -69.2042, 44.6406 ], [ -69.1787, 44.5649 ], [ -69.2285, 44.5563 ], [ -69.2805, 44.5482 ], [ -69.2834, 44.5548 ], [ -69.2916, 44.5339 ], [ -69.3727, 44.5446 ], [ -69.4168, 44.5511 ], [ -69.3971, 44.6269 ], [ -69.3931, 44.6404 ], [ -69.4558, 44.6465 ], [ -69.4611, 44.6473 ], [ -69.4615, 44.6477 ], [ -69.4614, 44.6485 ], [ -69.4596, 44.6512 ], [ -69.4608, 44.6536 ], [ -69.4608, 44.655 ], [ -69.4596, 44.657 ], [ -69.4571, 44.6586 ], [ -69.4559, 44.6622 ], [ -69.4546, 44.6628 ], [ -69.4511, 44.663 ], [ -69.4504, 44.6629 ], [ -69.449, 44.6618 ], [ -69.4479, 44.6622 ], [ -69.4463, 44.6642 ], [ -69.4452, 44.668 ], [ -69.4429, 44.6724 ], [ -69.4756, 44.6767 ], [ -69.4773, 44.6921 ], [ -69.4168, 44.701 ] ] ] } },
{ "type": "Feature", "properties": { "GEOIDFQ": "1400000US23027046001", "NAME": "460.01", "NAMELSAD": "Census Tract 460.01" }, "geometry": { "type": "Polygon", "coordinates": [ [ [ -69.4455, 44.4638 ], [ -69.396, 44.4571 ], [ -69.3848, 44.4963 ], [ -69.3828, 44.5062 ], [ -69.3724, 44.5446 ], [ -69.2916, 44.5339 ], [ -69.2892, 44.5227 ], [ -69.2898, 44.5221 ], [ -69.2912, 44.5217 ], [ -69.2942, 44.5203 ], [ -69.2965, 44.5187 ], [ -69.2981, 44.5171 ], [ -69.3007, 44.5161 ], [ -69.3029, 44.5148 ], [ -69.3044, 44.5117 ], [ -69.3042, 44.5109 ], [ -69.3049, 44.5104 ], [ -69.3052, 44.5095 ], [ -69.3062, 44.5085 ], [ -69.3077, 44.5079 ], [ -69.3079, 44.507 ], [ -69.3087, 44.5068 ], [ -69.3109, 44.5045 ], [ -69.3142, 44.5036 ], [ -69.303, 44.5001 ], [ -69.3047, 44.498 ], [ -69.3074, 44.493 ], [ -69.3396, 44.4494 ], [ -69.3822, 44.4015 ], [ -69.3859, 44.3655 ], [ -69.3941, 44.3432 ], [ -69.3968, 44.3406 ], [ -69.4023, 44.3431 ], [ -69.4091, 44.3364 ], [ -69.4046, 44.3329 ], [ -69.4096, 44.328 ], [ -69.5064, 44.3429 ], [ -69.4455, 44.4638 ] ] ] } },
{ "type": "Feature", "properties": { "GEOIDFQ": "1400000US23001010500", "NAME": "105", "NAMELSAD": "Census Tract 105" }, "geometry": { "type": "Polygon", "coordinates": [ [ [ -70.2297, 44.0864 ], [ -70.2284, 44.0884 ], [ -70.2286, 44.0896 ], [ -70.2279, 44.0899 ], [ -70.2271, 44.0899 ], [ -70.2265, 44.0884 ], [ -70.2258, 44.088 ], [ -70.2246, 44.0887 ], [ -70.2228, 44.089 ], [ -70.2221, 44.0899 ], [ -70.216, 44.0863 ], [ -70.2175, 44.0847 ], [ -70.2161, 44.0839 ], [ -70.2192, 44.0812 ], [ -70.2182, 44.0806 ], [ -70.2202, 44.0787 ], [ -70.2238, 44.0807 ], [ -70.2234, 44.0821 ], [ -70.2256, 44.0822 ], [ -70.2303, 44.0845 ], [ -70.2297, 44.0864 ] ] ] } },
{ "type": "Feature", "properties": { "GEOIDFQ": "1400000US23001020100", "NAME": "201", "NAMELSAD": "Census Tract 201" }, "geometry": { "type": "Polygon", "coordinates": [ [ [ -70.2239, 44.0956 ], [ -70.2227, 44.0978 ], [ -70.2224, 44.1002 ], [ -70.2193, 44.099 ], [ -70.2187, 44.0983 ], [ -70.215, 44.1006 ], [ -70.2133, 44.1002 ], [ -70.2144, 44.0988 ], [ -70.2109, 44.0932 ], [ -70.2136, 44.0924 ], [ -70.2142, 44.0935 ], [ -70.2151, 44.0932 ], [ -70.2147, 44.0926 ], [ -70.2201, 44.0908 ], [ -70.2213, 44.0894 ], [ -70.2238, 44.0916 ], [ -70.2243, 44.0939 ], [ -70.2239, 44.0956 ] ] ] } },
{ "type": "Feature", "properties": { "GEOIDFQ": "1400000US23001020200", "NAME": "202", "NAMELSAD": "Census Tract 202" }, "geometry": { "type": "Polygon", "coordinates": [ [ [ -70.2229, 44.1062 ], [ -70.2217, 44.108 ], [ -70.2173, 44.1115 ], [ -70.2167, 44.1135 ], [ -70.2144, 44.1126 ], [ -70.2127, 44.1122 ], [ -70.2122, 44.1118 ], [ -70.2078, 44.1127 ], [ -70.2107, 44.1067 ], [ -70.2099, 44.1063 ], [ -70.2133, 44.1002 ], [ -70.215, 44.1006 ], [ -70.2187, 44.0983 ], [ -70.2193, 44.099 ], [ -70.2224, 44.1002 ], [ -70.2234, 44.1045 ], [ -70.2229, 44.1062 ] ] ] } },
{ "type": "Feature", "properties": { "GEOIDFQ": "1400000US23001020500", "NAME": "205", "NAMELSAD": "Census Tract 205" }, "geometry": { "type": "Polygon", "coordinates": [ [ [ -70.2072, 44.0769 ], [ -70.2076, 44.078 ], [ -70.2051, 44.0792 ], [ -70.2043, 44.0806 ], [ -70.2016, 44.0835 ], [ -70.2033, 44.0843 ], [ -70.1999, 44.0882 ], [ -70.199, 44.0909 ], [ -70.1992, 44.0949 ], [ -70.1963, 44.0985 ], [ -70.1894, 44.095 ], [ -70.1915, 44.0928 ], [ -70.1835, 44.0887 ], [ -70.1893, 44.0823 ], [ -70.191, 44.0831 ], [ -70.194, 44.0799 ], [ -70.1973, 44.0815 ], [ -70.2006, 44.0769 ], [ -70.2015, 44.0745 ], [ -70.2003, 44.0725 ], [ -70.2, 44.0698 ], [ -70.2035, 44.0678 ], [ -70.2073, 44.0645 ], [ -70.2082, 44.0705 ], [ -70.2072, 44.0769 ] ] ] } },
{ "type": "Feature", "properties": { "GEOIDFQ": "1400000US23001020600", "NAME": "206", "NAMELSAD": "Census Tract 206" }, "geometry": { "type": "Polygon", "coordinates": [ [ [ -70.2035, 44.0678 ], [ -70.2, 44.0698 ], [ -70.2003, 44.0725 ], [ -70.2015, 44.0745 ], [ -70.2006, 44.0769 ], [ -70.1973, 44.0815 ], [ -70.194, 44.0799 ], [ -70.191, 44.0831 ], [ -70.1893, 44.0823 ], [ -70.1835, 44.0887 ], [ -70.1763, 44.0851 ], [ -70.1783, 44.0827 ], [ -70.1779, 44.0796 ], [ -70.1783, 44.0783 ], [ -70.1794, 44.0773 ], [ -70.1819, 44.0766 ], [ -70.1845, 44.0722 ], [ -70.1802, 44.0714 ], [ -70.174, 44.0693 ], [ -70.1705, 44.0684 ], [ -70.1557, 44.0667 ], [ -70.1521, 44.0667 ], [ -70.1485, 44.0672 ], [ -70.1434, 44.0688 ], [ -70.1243, 44.0777 ], [ -70.1249, 44.073 ], [ -70.1268, 44.0656 ], [ -70.1405, 44.0308 ], [ -70.1431, 44.0221 ], [ -70.1586, 44.0053 ], [ -70.1634, 44.0073 ], [ -70.1657, 44.009 ], [ -70.1664, 44.0112 ], [ -70.1666, 44.0179 ], [ -70.1672, 44.0192 ], [ -70.1703, 44.0208 ], [ -70.1753, 44.0223 ], [ -70.178, 44.0239 ], [ -70.1794, 44.0254 ], [ -70.1808, 44.0273 ], [ -70.182, 44.0303 ], [ -70.1847, 44.0346 ], [ -70.1867, 44.0429 ], [ -70.1876, 44.0452 ], [ -70.1885, 44.0461 ], [ -70.1928, 44.0489 ], [ -70.1991, 44.056 ], [ -70.2021, 44.0619 ], [ -70.2062, 44.0635 ], [ -70.2073, 44.0645 ], [ -70.2035, 44.0678 ] ] ] } },
{ "type": "Feature", "properties": { "GEOIDFQ": "1400000US23001020700", "NAME": "207", "NAMELSAD": "Census Tract 207" }, "geometry": { "type": "Polygon", "coordinates": [ [ [ -70.184, 44.129 ], [ -70.1814, 44.1284 ], [ -70.1784, 44.1257 ], [ -70.1872, 44.1163 ], [ -70.1859, 44.1152 ], [ -70.1836, 44.1106 ], [ -70.1794, 44.1069 ], [ -70.1735, 44.1037 ], [ -70.1749, 44.102 ], [ -70.1737, 44.1006 ], [ -70.1728, 44.0982 ], [ -70.1701, 44.0952 ], [ -70.1668, 44.0929 ], [ -70.1652, 44.0912 ], [ -70.1642, 44.0893 ], [ -70.1707, 44.0823 ], [ -70.1915, 44.0928 ], [ -70.1894, 44.095 ], [ -70.1963, 44.0985 ], [ -70.1938, 44.1012 ], [ -70.189, 44.1018 ], [ -70.2033, 44.1094 ], [ -70.184, 44.129 ] ] ] } },
{ "type": "Feature", "properties": { "GEOIDFQ": "1400000US23021960301", "NAME": "9603.01", "NAMELSAD": "Census Tract 9603.01" }, "geometry": { "type": "Polygon", "coordinates": [ [ [ -69.7733, 45.5455 ], [ -69.7745, 45.5467 ], [ -69.7754, 45.5499 ], [ -69.7747, 45.5534 ], [ -69.7735, 45.5546 ], [ -69.7721, 45.5546 ], [ -69.7697, 45.5536 ], [ -69.764, 45.5545 ], [ -69.7602, 45.5542 ], [ -69.7563, 45.556 ], [ -69.754, 45.5576 ], [ -69.7521, 45.5576 ], [ -69.7483, 45.5594 ], [ -69.7478, 45.5603 ], [ -69.7449, 45.5609 ], [ -69.7434, 45.5628 ], [ -69.7418, 45.5631 ], [ -69.7372, 45.5652 ], [ -69.7345, 45.5657 ], [ -69.7313, 45.5671 ], [ -69.7281, 45.5703 ], [ -69.7286, 45.5721 ], [ -69.7266, 45.5742 ], [ -69.7266, 45.5766 ], [ -69.726, 45.578 ], [ -69.7256, 45.5789 ], [ -69.724, 45.5805 ], [ -69.7235, 45.5817 ], [ -69.7219, 45.5826 ], [ -69.7197, 45.583 ], [ -69.7171, 45.5849 ], [ -69.7128, 45.5859 ], [ -69.7113, 45.5833 ], [ -69.7099, 45.5829 ], [ -69.7087, 45.5842 ], [ -69.7058, 45.5847 ], [ -69.7055, 45.5857 ], [ -69.7048, 45.5856 ], [ -69.7041, 45.5842 ], [ -69.7031, 45.5842 ], [ -69.7015, 45.585 ], [ -69.7, 45.5883 ], [ -69.699, 45.5893 ], [ -69.6967, 45.5901 ], [ -69.6938, 45.5904 ], [ -69.6916, 45.5901 ], [ -69.6848, 45.5874 ], [ -69.6835, 45.5866 ], [ -69.6833, 45.5851 ], [ -69.6846, 45.5817 ], [ -69.6832, 45.581 ], [ -69.6826, 45.5817 ], [ -69.6815, 45.5818 ], [ -69.6805, 45.5811 ], [ -69.6803, 45.5801 ], [ -69.6818, 45.579 ], [ -69.6824, 45.5763 ], [ -69.6828, 45.576 ], [ -69.6836, 45.5759 ], [ -69.6846, 45.5768 ], [ -69.6869, 45.5775 ], [ -69.6868, 45.5769 ], [ -69.6849, 45.575 ], [ -69.6851, 45.5716 ], [ -69.6875, 45.5707 ], [ -69.6877, 45.5688 ], [ -69.6892, 45.5666 ], [ -69.6928, 45.5658 ], [ -69.6943, 45.565 ], [ -69.6943, 45.5638 ], [ -69.6969, 45.5607 ], [ -69.697, 45.5592 ], [ -69.6956, 45.558 ], [ -69.6861, 45.5545 ], [ -69.6834, 45.5528 ], [ -69.6827, 45.5513 ], [ -69.6826, 45.5478 ], [ -69.6808, 45.5441 ], [ -69.6797, 45.5402 ], [ -69.6796, 45.5345 ], [ -69.6781, 45.5322 ], [ -69.671, 45.5282 ], [ -69.6626, 45.5226 ], [ -69.6607, 45.5206 ], [ -69.6597, 45.5173 ], [ -69.6574, 45.5169 ], [ -69.656, 45.5158 ], [ -69.6533, 45.5148 ], [ -69.6534, 45.5142 ], [ -69.6549, 45.5143 ], [ -69.6551, 45.5139 ], [ -69.6534, 45.5122 ], [ -69.6537, 45.5113 ], [ -69.6547, 45.5114 ], [ -69.6572, 45.5128 ], [ -69.6596, 45.512 ], [ -69.6593, 45.5108 ], [ -69.6587, 45.5107 ], [ -69.6581, 45.5099 ], [ -69.6571, 45.5097 ], [ -69.6568, 45.5092 ], [ -69.6569, 45.5084 ], [ -69.6575, 45.5078 ], [ -69.6597, 45.5083 ], [ -69.6596, 45.5072 ], [ -69.6582, 45.5071 ], [ -69.6573, 45.5065 ], [ -69.6573, 45.5057 ], [ -69.6588, 45.5038 ], [ -69.6582, 45.5038 ], [ -69.6559, 45.5052 ], [ -69.6559, 45.5064 ], [ -69.6553, 45.507 ], [ -69.6523, 45.5078 ], [ -69.6513, 45.5084 ], [ -69.6502, 45.5085 ], [ -69.6498, 45.5083 ], [ -69.6497, 45.5065 ], [ -69.6517, 45.5055 ], [ -69.6522, 45.5036 ], [ -69.6524, 45.5014 ], [ -69.6517, 45.5006 ], [ -69.6511, 45.5007 ], [ -69.6512, 45.5004 ], [ -69.6497, 45.5004 ], [ -69.6489, 45.5008 ], [ -69.6455, 45.5008 ], [ -69.645, 45.5011 ], [ -69.6451, 45.502 ], [ -69.6441, 45.5025 ], [ -69.6412, 45.5026 ], [ -69.6399, 45.5022 ], [ -69.6394, 45.5017 ], [ -69.6389, 45.5 ], [ -69.6329, 45.4987 ], [ -69.6304, 45.4973 ], [ -69.6285, 45.4982 ], [ -69.6294, 45.5 ], [ -69.6285, 45.5007 ], [ -69.6279, 45.5024 ], [ -69.6272, 45.5031 ], [ -69.626, 45.5033 ], [ -69.6225, 45.5027 ], [ -69.6196, 45.5028 ], [ -69.6191, 45.5021 ], [ -69.6195, 45.5017 ], [ -69.6193, 45.5009 ], [ -69.6206, 45.4992 ], [ -69.6203, 45.4984 ], [ -69.6142, 45.4983 ], [ -69.6129, 45.4975 ], [ -69.6102, 45.497 ], [ -69.6093, 45.4942 ], [ -69.6102, 45.4927 ], [ -69.6106, 45.4927 ], [ -69.6108, 45.4945 ], [ -69.6121, 45.4951 ], [ -69.613, 45.4946 ], [ -69.6133, 45.4929 ], [ -69.614, 45.4921 ], [ -69.6152, 45.4919 ], [ -69.6164, 45.4924 ], [ -69.6177, 45.4921 ], [ -69.621, 45.4937 ], [ -69.6211, 45.4942 ], [ -69.6204, 45.4952 ], [ -69.6212, 45.4961 ], [ -69.6238, 45.4952 ], [ -69.6249, 45.4938 ], [ -69.625, 45.4933 ], [ -69.6243, 45.493 ], [ -69.625, 45.493 ], [ -69.6249, 45.492 ], [ -69.6267, 45.4889 ], [ -69.6267, 45.4872 ], [ -69.628, 45.485 ], [ -69.6277, 45.4835 ], [ -69.6266, 45.4827 ], [ -69.6267, 45.4807 ], [ -69.6274, 45.4785 ], [ -69.627, 45.4776 ], [ -69.6261, 45.4769 ], [ -69.6221, 45.4764 ], [ -69.6208, 45.4759 ], [ -69.6209, 45.471 ], [ -69.6203, 45.4699 ], [ -69.6071, 45.4722 ], [ -69.6074, 45.4729 ], [ -69.6096, 45.4726 ], [ -69.6101, 45.4727 ], [ -69.6072, 45.4749 ], [ -69.6063, 45.4749 ], [ -69.6061, 45.4742 ], [ -69.6066, 45.4738 ], [ -69.6067, 45.4732 ], [ -69.6057, 45.4725 ], [ -69.5952, 45.4743 ], [ -69.5952, 45.4759 ], [ -69.5936, 45.478 ], [ -69.594, 45.4786 ], [ -69.5962, 45.4784 ], [ -69.5967, 45.4789 ], [ -69.5962, 45.4795 ], [ -69.5973, 45.4793 ], [ -69.5978, 45.4796 ], [ -69.5969, 45.4808 ], [ -69.5966, 45.4821 ], [ -69.5988, 45.4837 ], [ -69.5982, 45.4854 ], [ -69.5948, 45.4876 ], [ -69.5953, 45.4881 ], [ -69.5961, 45.4879 ], [ -69.5967, 45.4886 ], [ -69.5964, 45.4891 ], [ -69.5969, 45.4891 ], [ -69.5968, 45.4895 ], [ -69.5946, 45.4906 ], [ -69.5931, 45.4921 ], [ -69.5917, 45.4928 ], [ -69.5894, 45.493 ], [ -69.589, 45.4943 ], [ -69.59, 45.4945 ], [ -69.5906, 45.4952 ], [ -69.59, 45.4957 ], [ -69.5901, 45.4976 ], [ -69.5897, 45.4982 ], [ -69.5875, 45.4993 ], [ -69.5868, 45.5027 ], [ -69.5854, 45.5029 ], [ -69.585, 45.5025 ], [ -69.5845, 45.5024 ], [ -69.5816, 45.5028 ], [ -69.5793, 45.5044 ], [ -69.5781, 45.5046 ], [ -69.5774, 45.5056 ], [ -69.5776, 45.5078 ], [ -69.5764, 45.5084 ], [ -69.5766, 45.5097 ], [ -69.5759, 45.5109 ], [ -69.5751, 45.511 ], [ -69.574, 45.5124 ], [ -69.573, 45.5122 ], [ -69.5701, 45.5128 ], [ -69.5726, 45.5139 ], [ -69.5751, 45.5139 ], [ -69.576, 45.5147 ], [ -69.5779, 45.5148 ], [ -69.5778, 45.5156 ], [ -69.5773, 45.5158 ], [ -69.5773, 45.5163 ], [ -69.5779, 45.5163 ], [ -69.5782, 45.5168 ], [ -69.5806, 45.5151 ], [ -69.5807, 45.5147 ], [ -69.5819, 45.5152 ], [ -69.5827, 45.5145 ], [ -69.5837, 45.5145 ], [ -69.5867, 45.5154 ], [ -69.5893, 45.5166 ], [ -69.5931, 45.5196 ], [ -69.5934, 45.52 ], [ -69.5922, 45.5205 ], [ -69.5923, 45.5213 ], [ -69.5919, 45.5218 ], [ -69.5928, 45.5221 ], [ -69.507, 45.5353 ], [ -69.4943, 45.4949 ], [ -69.4732, 45.4198 ], [ -69.6017, 45.3999 ], [ -69.6019, 45.4006 ], [ -69.6805, 45.3872 ], [ -69.7292, 45.3792 ], [ -69.7799, 45.5428 ], [ -69.7733, 45.5455 ] ] ] } },
{ "type": "Feature", "properties": { "GEOIDFQ": "1400000US23021960302", "NAME": "9603.02", "NAMELSAD": "Census Tract 9603.02" }, "geometry": { "type": "MultiPolygon", "coordinates": [ [ [ [ -69.8305, 45.7387 ], [ -69.8272, 45.7398 ], [ -69.8248, 45.7432 ], [ -69.8243, 45.7432 ], [ -69.8235, 45.7436 ], [ -69.8225, 45.7435 ], [ -69.8215, 45.745 ], [ -69.8197, 45.7456 ], [ -69.8174, 45.7469 ], [ -69.8167, 45.7466 ], [ -69.8128, 45.7471 ], [ -69.8123, 45.7466 ], [ -69.813, 45.7459 ], [ -69.8126, 45.7458 ], [ -69.8064, 45.7476 ], [ -69.8046, 45.7486 ], [ -69.8019, 45.749 ], [ -69.8003, 45.7485 ], [ -69.7999, 45.7478 ], [ -69.7983, 45.7473 ], [ -69.798, 45.7466 ], [ -69.7963, 45.7461 ], [ -69.7943, 45.7462 ], [ -69.7931, 45.7457 ], [ -69.7917, 45.7459 ], [ -69.79, 45.7466 ], [ -69.7897, 45.7471 ], [ -69.7886, 45.7467 ], [ -69.7881, 45.7469 ], [ -69.7882, 45.7472 ], [ -69.7895, 45.748 ], [ -69.7894, 45.7485 ], [ -69.7886, 45.7487 ], [ -69.7886, 45.7496 ], [ -69.791, 45.7499 ], [ -69.7914, 45.7503 ], [ -69.7913, 45.7507 ], [ -69.7922, 45.7512 ], [ -69.7917, 45.7515 ], [ -69.7917, 45.7528 ], [ -69.7899, 45.7543 ], [ -69.7897, 45.7557 ], [ -69.7919, 45.7561 ], [ -69.7927, 45.7569 ], [ -69.7947, 45.7575 ], [ -69.7928, 45.7573 ], [ -69.7923, 45.758 ], [ -69.7915, 45.7584 ], [ -69.7931, 45.7588 ], [ -69.7931, 45.7594 ], [ -69.7922, 45.7601 ], [ -69.7932, 45.7618 ], [ -69.7924, 45.7636 ], [ -69.7917, 45.7639 ], [ -69.7913, 45.7636 ], [ -69.7906, 45.7646 ], [ -69.7914, 45.7643 ], [ -69.7915, 45.7652 ], [ -69.7903, 45.7663 ], [ -69.7897, 45.7665 ], [ -69.7904, 45.7677 ], [ -69.7881, 45.7689 ], [ -69.7867, 45.7684 ], [ -69.7844, 45.7693 ], [ -69.7821, 45.7696 ], [ -69.7839, 45.7722 ], [ -69.7822, 45.7727 ], [ -69.7816, 45.7737 ], [ -69.782, 45.7739 ], [ -69.7842, 45.773 ], [ -69.7848, 45.7742 ], [ -69.7833, 45.7744 ], [ -69.7829, 45.7751 ], [ -69.7858, 45.7759 ], [ -69.7858, 45.775 ], [ -69.7876, 45.7749 ], [ -69.7875, 45.7766 ], [ -69.7879, 45.7769 ], [ -69.7887, 45.7768 ], [ -69.7881, 45.7773 ], [ -69.7895, 45.7779 ], [ -69.789, 45.7782 ], [ -69.7883, 45.7776 ], [ -69.7881, 45.7791 ], [ -69.7872, 45.7794 ], [ -69.7868, 45.7808 ], [ -69.7855, 45.7806 ], [ -69.7854, 45.7809 ], [ -69.7848, 45.7807 ], [ -69.7841, 45.7823 ], [ -69.7846, 45.7832 ], [ -69.7852, 45.7831 ], [ -69.7859, 45.7836 ], [ -69.7862, 45.7834 ], [ -69.7873, 45.7834 ], [ -69.7881, 45.7846 ], [ -69.7878, 45.785 ], [ -69.7869, 45.7849 ], [ -69.785, 45.7853 ], [ -69.7841, 45.7847 ], [ -69.7841, 45.7839 ], [ -69.7832, 45.7848 ], [ -69.7839, 45.7837 ], [ -69.783, 45.7835 ], [ -69.7828, 45.7828 ], [ -69.782, 45.7827 ], [ -69.7817, 45.782 ], [ -69.7823, 45.7811 ], [ -69.7837, 45.7814 ], [ -69.7841, 45.7804 ], [ -69.7855, 45.7794 ], [ -69.786, 45.7798 ], [ -69.786, 45.7791 ], [ -69.785, 45.7784 ], [ -69.7851, 45.7771 ], [ -69.7844, 45.7767 ], [ -69.7837, 45.7768 ], [ -69.7824, 45.7784 ], [ -69.7811, 45.778 ], [ -69.7805, 45.7766 ], [ -69.7818, 45.7756 ], [ -69.7808, 45.7755 ], [ -69.7791, 45.7723 ], [ -69.7784, 45.7719 ], [ -69.7781, 45.7711 ], [ -69.777, 45.7705 ], [ -69.7772, 45.7697 ], [ -69.7764, 45.769 ], [ -69.7765, 45.7678 ], [ -69.7756, 45.7675 ], [ -69.7755, 45.7668 ], [ -69.7738, 45.766 ], [ -69.7743, 45.7647 ], [ -69.7736, 45.765 ], [ -69.7727, 45.7649 ], [ -69.7715, 45.7644 ], [ -69.7708, 45.7634 ], [ -69.7679, 45.7629 ], [ -69.7677, 45.7621 ], [ -69.7685, 45.7618 ], [ -69.7685, 45.7613 ], [ -69.7634, 45.7611 ], [ -69.7618, 45.7613 ], [ -69.7594, 45.7622 ], [ -69.7578, 45.7614 ], [ -69.7546, 45.7614 ], [ -69.754, 45.7617 ], [ -69.7529, 45.7617 ], [ -69.7503, 45.7634 ], [ -69.7514, 45.7659 ], [ -69.7498, 45.7643 ], [ -69.7496, 45.7631 ], [ -69.7483, 45.7627 ], [ -69.7473, 45.7614 ], [ -69.7472, 45.7597 ], [ -69.7463, 45.7597 ], [ -69.7457, 45.7602 ], [ -69.7438, 45.7598 ], [ -69.7422, 45.7581 ], [ -69.7424, 45.7572 ], [ -69.7411, 45.7565 ], [ -69.7409, 45.7555 ], [ -69.7382, 45.7552 ], [ -69.7368, 45.7546 ], [ -69.7361, 45.755 ], [ -69.7343, 45.7551 ], [ -69.7326, 45.756 ], [ -69.7298, 45.7592 ], [ -69.7295, 45.7603 ], [ -69.7277, 45.761 ], [ -69.7264, 45.7623 ], [ -69.7252, 45.7643 ], [ -69.7245, 45.7666 ], [ -69.7251, 45.7676 ], [ -69.7258, 45.7714 ], [ -69.7269, 45.7723 ], [ -69.7281, 45.7749 ], [ -69.7289, 45.7753 ], [ -69.7293, 45.776 ], [ -69.7317, 45.7769 ], [ -69.736, 45.7792 ], [ -69.7362, 45.7796 ], [ -69.7356, 45.7803 ], [ -69.7376, 45.7815 ], [ -69.7379, 45.7825 ], [ -69.7377, 45.7828 ], [ -69.734, 45.783 ], [ -69.7329, 45.7834 ], [ -69.7285, 45.7829 ], [ -69.7247, 45.7836 ], [ -69.7228, 45.7833 ], [ -69.7233, 45.7846 ], [ -69.7231, 45.7856 ], [ -69.7225, 45.7866 ], [ -69.7205, 45.7884 ], [ -69.7203, 45.7899 ], [ -69.7192, 45.7911 ], [ -69.7189, 45.7945 ], [ -69.7178, 45.7979 ], [ -69.7169, 45.7986 ], [ -69.7174, 45.7988 ], [ -69.7166, 45.799 ], [ -69.716, 45.8004 ], [ -69.7142, 45.8021 ], [ -69.7139, 45.8038 ], [ -69.7126, 45.8062 ], [ -69.7086, 45.8115 ], [ -69.7096, 45.8142 ], [ -69.7096, 45.8152 ], [ -69.7103, 45.8157 ], [ -69.711, 45.8175 ], [ -69.7115, 45.8178 ], [ -69.7124, 45.8195 ], [ -69.7125, 45.823 ], [ -69.7142, 45.8251 ], [ -69.7149, 45.8255 ], [ -69.7163, 45.8289 ], [ -69.7178, 45.8293 ], [ -69.7184, 45.8298 ], [ -69.7179, 45.8314 ], [ -69.7193, 45.8336 ], [ -69.7203, 45.8341 ], [ -69.7228, 45.8333 ], [ -69.7243, 45.8333 ], [ -69.7254, 45.8337 ], [ -69.7258, 45.8344 ], [ -69.724, 45.8339 ], [ -69.7229, 45.8341 ], [ -69.7213, 45.8349 ], [ -69.72, 45.8349 ], [ -69.7183, 45.834 ], [ -69.7173, 45.8345 ], [ -69.718, 45.8333 ], [ -69.715, 45.8318 ], [ -69.7121, 45.8322 ], [ -69.7115, 45.8331 ], [ -69.7119, 45.8332 ], [ -69.7118, 45.8337 ], [ -69.7111, 45.8339 ], [ -69.7094, 45.8357 ], [ -69.7082, 45.8365 ], [ -69.7088, 45.8373 ], [ -69.7073, 45.8398 ], [ -69.7071, 45.8422 ], [ -69.7061, 45.8439 ], [ -69.7054, 45.8443 ], [ -69.7052, 45.8453 ], [ -69.7043, 45.8461 ], [ -69.705, 45.8465 ], [ -69.7064, 45.8463 ], [ -69.7077, 45.847 ], [ -69.7083, 45.8504 ], [ -69.7057, 45.8539 ], [ -69.7065, 45.8541 ], [ -69.7066, 45.8544 ], [ -69.7074, 45.854 ], [ -69.7087, 45.8544 ], [ -69.7094, 45.8549 ], [ -69.7091, 45.8557 ], [ -69.7109, 45.8563 ], [ -69.712, 45.8586 ], [ -69.7121, 45.8598 ], [ -69.7115, 45.8608 ], [ -69.7132, 45.8611 ], [ -69.715, 45.8624 ], [ -69.716, 45.8635 ], [ -69.7162, 45.8644 ], [ -69.7171, 45.8649 ], [ -69.7173, 45.8658 ], [ -69.7203, 45.8654 ], [ -69.7212, 45.8659 ], [ -69.7239, 45.8656 ], [ -69.7245, 45.8658 ], [ -69.7251, 45.8669 ], [ -69.7254, 45.8668 ], [ -69.7256, 45.8671 ], [ -69.7244, 45.8678 ], [ -69.7244, 45.8695 ], [ -69.7237, 45.871 ], [ -69.7241, 45.8718 ], [ -69.7248, 45.872 ], [ -69.7248, 45.8738 ], [ -69.727, 45.8747 ], [ -69.727, 45.8757 ], [ -69.7277, 45.8753 ], [ -69.7311, 45.8766 ], [ -69.7337, 45.877 ], [ -69.7346, 45.8783 ], [ -69.7337, 45.8791 ], [ -69.7362, 45.8801 ], [ -69.7369, 45.8799 ], [ -69.7377, 45.8802 ], [ -69.7377, 45.8809 ], [ -69.7382, 45.8812 ], [ -69.7377, 45.8815 ], [ -69.7378, 45.8821 ], [ -69.7383, 45.8825 ], [ -69.7381, 45.8831 ], [ -69.7372, 45.8829 ], [ -69.7366, 45.8822 ], [ -69.7367, 45.8808 ], [ -69.7357, 45.8811 ], [ -69.7353, 45.8803 ], [ -69.733, 45.88 ], [ -69.7321, 45.8784 ], [ -69.7296, 45.8797 ], [ -69.7279, 45.8797 ], [ -69.7269, 45.8802 ], [ -69.7258, 45.8801 ], [ -69.7241, 45.8791 ], [ -69.7244, 45.8796 ], [ -69.7233, 45.8799 ], [ -69.7235, 45.8804 ], [ -69.7226, 45.881 ], [ -69.7193, 45.8822 ], [ -69.7172, 45.8825 ], [ -69.7159, 45.8834 ], [ -69.7145, 45.8835 ], [ -69.7128, 45.8832 ], [ -69.7126, 45.8841 ], [ -69.7119, 45.8842 ], [ -69.7117, 45.8847 ], [ -69.7088, 45.8856 ], [ -69.708, 45.8857 ], [ -69.7057, 45.885 ], [ -69.7039, 45.8852 ], [ -69.7031, 45.8858 ], [ -69.7017, 45.8861 ], [ -69.699, 45.8855 ], [ -69.6978, 45.8857 ], [ -69.6984, 45.8845 ], [ -69.6985, 45.8803 ], [ -69.7014, 45.8798 ], [ -69.7016, 45.8791 ], [ -69.7027, 45.8783 ], [ -69.7022, 45.8776 ], [ -69.7026, 45.8771 ], [ -69.7004, 45.8738 ], [ -69.7005, 45.8732 ], [ -69.7013, 45.8726 ], [ -69.7002, 45.8718 ], [ -69.7002, 45.8708 ], [ -69.6991, 45.8701 ], [ -69.6991, 45.8686 ], [ -69.6968, 45.8672 ], [ -69.6972, 45.8663 ], [ -69.6967, 45.8655 ], [ -69.6969, 45.8643 ], [ -69.6945, 45.864 ], [ -69.692, 45.8651 ], [ -69.6919, 45.8648 ], [ -69.6931, 45.8641 ], [ -69.6928, 45.8628 ], [ -69.6938, 45.8619 ], [ -69.6925, 45.8615 ], [ -69.6914, 45.8607 ], [ -69.6919, 45.8595 ], [ -69.6917, 45.8589 ], [ -69.6905, 45.8588 ], [ -69.6892, 45.8579 ], [ -69.6893, 45.8552 ], [ -69.6901, 45.8542 ], [ -69.6867, 45.8536 ], [ -69.6859, 45.8528 ], [ -69.6861, 45.8518 ], [ -69.6841, 45.8516 ], [ -69.6834, 45.851 ], [ -69.6823, 45.8521 ], [ -69.6815, 45.8516 ], [ -69.6784, 45.8519 ], [ -69.6776, 45.8529 ], [ -69.6762, 45.8527 ], [ -69.6763, 45.8514 ], [ -69.6745, 45.8523 ], [ -69.6748, 45.8533 ], [ -69.6743, 45.8557 ], [ -69.6738, 45.8562 ], [ -69.6742, 45.8567 ], [ -69.6739, 45.8575 ], [ -69.6724, 45.859 ], [ -69.6732, 45.8599 ], [ -69.6729, 45.8606 ], [ -69.6744, 45.8622 ], [ -69.6736, 45.8618 ], [ -69.6734, 45.8624 ], [ -69.6699, 45.8608 ], [ -69.669, 45.8613 ], [ -69.6663, 45.862 ], [ -69.6641, 45.8616 ], [ -69.6639, 45.8603 ], [ -69.6621, 45.8603 ], [ -69.6624, 45.8611 ], [ -69.6608, 45.8607 ], [ -69.6601, 45.8611 ], [ -69.6594, 45.8605 ], [ -69.6592, 45.861 ], [ -69.6586, 45.8611 ], [ -69.6567, 45.8601 ], [ -69.6563, 45.8606 ], [ -69.6569, 45.8613 ], [ -69.6568, 45.8619 ], [ -69.6558, 45.8622 ], [ -69.6549, 45.8617 ], [ -69.6544, 45.8622 ], [ -69.655, 45.8623 ], [ -69.6551, 45.8626 ], [ -69.6539, 45.863 ], [ -69.6539, 45.8637 ], [ -69.6528, 45.8639 ], [ -69.6515, 45.8636 ], [ -69.6511, 45.8628 ], [ -69.6495, 45.8634 ], [ -69.6486, 45.8628 ], [ -69.6476, 45.8636 ], [ -69.6468, 45.8631 ], [ -69.6466, 45.864 ], [ -69.6576, 45.8985 ], [ -69.6759, 45.9595 ], [ -69.6836, 45.9836 ], [ -69.7286, 45.9769 ], [ -69.7287, 46.0283 ], [ -69.7295, 46.0785 ], [ -69.7299, 46.1477 ], [ -69.7323, 46.394 ], [ -69.7192, 46.3941 ], [ -69.7211, 46.5741 ], [ -69.4973, 46.5736 ], [ -69.3823, 46.5729 ], [ -69.2495, 46.5733 ], [ -69.2097, 46.5728 ], [ -68.9995, 46.5722 ], [ -68.9525, 46.5726 ], [ -68.8214, 46.5725 ], [ -68.8218, 46.3958 ], [ -68.8194, 46.3958 ], [ -68.8194, 46.3874 ], [ -68.8208, 46.25 ], [ -68.8206, 46.2152 ], [ -68.822, 46.168 ], [ -68.8228, 46.1255 ], [ -68.8233, 46.037 ], [ -68.8226, 45.9938 ], [ -68.8232, 45.9073 ], [ -68.827, 45.6848 ], [ -68.9589, 45.6622 ], [ -68.9507, 45.6384 ], [ -68.9517, 45.5818 ], [ -68.9647, 45.5124 ], [ -68.8745, 45.5245 ], [ -68.8573, 45.5273 ], [ -68.8312, 45.4424 ], [ -69.0011, 45.4184 ], [ -69.0824, 45.4058 ], [ -69.0521, 45.2954 ], [ -69.1245, 45.285 ], [ -69.1844, 45.277 ], [ -69.2137, 45.3877 ], [ -69.358, 45.3671 ], [ -69.3585, 45.3683 ], [ -69.3584, 45.3698 ], [ -69.3595, 45.3715 ], [ -69.3588, 45.3726 ], [ -69.3591, 45.3739 ], [ -69.3583, 45.376 ], [ -69.3557, 45.3775 ], [ -69.3555, 45.3783 ], [ -69.3538, 45.3796 ], [ -69.3538, 45.3803 ], [ -69.3541, 45.3804 ], [ -69.3537, 45.3808 ], [ -69.3544, 45.3812 ], [ -69.3543, 45.3822 ], [ -69.3535, 45.3824 ], [ -69.3532, 45.3828 ], [ -69.3542, 45.3827 ], [ -69.3559, 45.3836 ], [ -69.3564, 45.3844 ], [ -69.358, 45.3843 ], [ -69.3596, 45.3847 ], [ -69.3598, 45.3854 ], [ -69.3636, 45.3891 ], [ -69.3692, 45.3883 ], [ -69.3768, 45.3901 ], [ -69.3893, 45.4004 ], [ -69.3947, 45.4031 ], [ -69.4014, 45.4048 ], [ -69.4086, 45.4055 ], [ -69.4176, 45.4044 ], [ -69.4207, 45.4031 ], [ -69.4224, 45.4001 ], [ -69.4235, 45.3999 ], [ -69.4239, 45.4016 ], [ -69.4266, 45.4056 ], [ -69.4274, 45.4083 ], [ -69.4287, 45.41 ], [ -69.4292, 45.4119 ], [ -69.4315, 45.4157 ], [ -69.4317, 45.4184 ], [ -69.4309, 45.4192 ], [ -69.4321, 45.4207 ], [ -69.4364, 45.4235 ], [ -69.438, 45.4259 ], [ -69.4399, 45.4263 ], [ -69.4457, 45.4287 ], [ -69.4473, 45.4289 ], [ -69.449, 45.4306 ], [ -69.4508, 45.4317 ], [ -69.4528, 45.432 ], [ -69.4544, 45.4317 ], [ -69.4562, 45.4311 ], [ -69.4568, 45.4303 ], [ -69.4592, 45.4289 ], [ -69.4605, 45.4291 ], [ -69.4622, 45.4289 ], [ -69.4632, 45.4278 ], [ -69.4642, 45.4236 ], [ -69.4653, 45.4226 ], [ -69.4672, 45.4222 ], [ -69.4687, 45.4214 ], [ -69.4703, 45.4201 ], [ -69.4713, 45.4212 ], [ -69.4713, 45.4221 ], [ -69.4707, 45.4222 ], [ -69.4706, 45.4225 ], [ -69.4713, 45.4228 ], [ -69.4717, 45.4237 ], [ -69.4732, 45.424 ], [ -69.4752, 45.4271 ], [ -69.4754, 45.4291 ], [ -69.4759, 45.4295 ], [ -69.4943, 45.4949 ], [ -69.507, 45.5353 ], [ -69.5928, 45.5221 ], [ -69.5919, 45.5218 ], [ -69.5923, 45.5213 ], [ -69.5922, 45.5205 ], [ -69.5934, 45.52 ], [ -69.5931, 45.5196 ], [ -69.5893, 45.5166 ], [ -69.5867, 45.5154 ], [ -69.5837, 45.5145 ], [ -69.5827, 45.5145 ], [ -69.5819, 45.5152 ], [ -69.5807, 45.5147 ], [ -69.5806, 45.5151 ], [ -69.5782, 45.5168 ], [ -69.5779, 45.5163 ], [ -69.5773, 45.5163 ], [ -69.5773, 45.5158 ], [ -69.5778, 45.5156 ], [ -69.5779, 45.5148 ], [ -69.576, 45.5147 ], [ -69.5751, 45.5139 ], [ -69.5726, 45.5139 ], [ -69.5701, 45.5128 ], [ -69.573, 45.5122 ], [ -69.574, 45.5124 ], [ -69.5751, 45.511 ], [ -69.5759, 45.5109 ], [ -69.5766, 45.5097 ], [ -69.5764, 45.5084 ], [ -69.5776, 45.5078 ], [ -69.5774, 45.5056 ], [ -69.5781, 45.5046 ], [ -69.5793, 45.5044 ], [ -69.5816, 45.5028 ], [ -69.5845, 45.5024 ], [ -69.585, 45.5025 ], [ -69.5854, 45.5029 ], [ -69.5868, 45.5027 ], [ -69.5875, 45.4993 ], [ -69.5897, 45.4982 ], [ -69.5901, 45.4976 ], [ -69.59, 45.4957 ], [ -69.5906, 45.4952 ], [ -69.59, 45.4945 ], [ -69.589, 45.4943 ], [ -69.5894, 45.493 ], [ -69.5917, 45.4928 ], [ -69.5931, 45.4921 ], [ -69.5946, 45.4906 ], [ -69.5968, 45.4895 ], [ -69.5969, 45.4891 ], [ -69.5964, 45.4891 ], [ -69.5967, 45.4886 ], [ -69.5961, 45.4879 ], [ -69.5953, 45.4881 ], [ -69.5948, 45.4876 ], [ -69.5982, 45.4854 ], [ -69.5988, 45.4837 ], [ -69.5966, 45.4821 ], [ -69.5969, 45.4808 ], [ -69.5978, 45.4796 ], [ -69.5973, 45.4793 ], [ -69.5962, 45.4795 ], [ -69.5967, 45.4789 ], [ -69.5962, 45.4784 ], [ -69.594, 45.4786 ], [ -69.5936, 45.478 ], [ -69.5952, 45.4759 ], [ -69.5952, 45.4743 ], [ -69.6057, 45.4725 ], [ -69.6067, 45.4732 ], [ -69.6066, 45.4738 ], [ -69.6061, 45.4742 ], [ -69.6063, 45.4749 ], [ -69.6072, 45.4749 ], [ -69.6101, 45.4727 ], [ -69.6096, 45.4726 ], [ -69.6074, 45.4729 ], [ -69.6071, 45.4722 ], [ -69.6203, 45.4699 ], [ -69.6209, 45.471 ], [ -69.6208, 45.4759 ], [ -69.6221, 45.4764 ], [ -69.6261, 45.4769 ], [ -69.627, 45.4776 ], [ -69.6274, 45.4785 ], [ -69.6267, 45.4807 ], [ -69.6266, 45.4827 ], [ -69.6277, 45.4835 ], [ -69.628, 45.485 ], [ -69.6267, 45.4872 ], [ -69.6267, 45.4889 ], [ -69.6249, 45.492 ], [ -69.625, 45.493 ], [ -69.6243, 45.493 ], [ -69.625, 45.4933 ], [ -69.6249, 45.4938 ], [ -69.6238, 45.4952 ], [ -69.6212, 45.4961 ], [ -69.6204, 45.4952 ], [ -69.6211, 45.4942 ], [ -69.621, 45.4937 ], [ -69.6177, 45.4921 ], [ -69.6164, 45.4924 ], [ -69.6152, 45.4919 ], [ -69.614, 45.4921 ], [ -69.6133, 45.4929 ], [ -69.613, 45.4946 ], [ -69.6121, 45.4951 ], [ -69.6108, 45.4945 ], [ -69.6106, 45.4927 ], [ -69.6102, 45.4927 ], [ -69.6093, 45.4942 ], [ -69.6102, 45.497 ], [ -69.6129, 45.4975 ], [ -69.6142, 45.4983 ], [ -69.6203, 45.4984 ], [ -69.6206, 45.4992 ], [ -69.6193, 45.5009 ], [ -69.6195, 45.5017 ], [ -69.6191, 45.5021 ], [ -69.6196, 45.5028 ], [ -69.6225, 45.5027 ], [ -69.626, 45.5033 ], [ -69.6272, 45.5031 ], [ -69.6279, 45.5024 ], [ -69.6285, 45.5007 ], [ -69.6294, 45.5 ], [ -69.6285, 45.4982 ], [ -69.6304, 45.4973 ], [ -69.6329, 45.4987 ], [ -69.6389, 45.5 ], [ -69.6394, 45.5017 ], [ -69.6399, 45.5022 ], [ -69.6412, 45.5026 ], [ -69.6441, 45.5025 ], [ -69.6451, 45.502 ], [ -69.645, 45.5011 ], [ -69.6455, 45.5008 ], [ -69.6489, 45.5008 ], [ -69.6497, 45.5004 ], [ -69.6512, 45.5004 ], [ -69.6511, 45.5007 ], [ -69.6517, 45.5006 ], [ -69.6524, 45.5014 ], [ -69.6522, 45.5036 ], [ -69.6517, 45.5055 ], [ -69.6497, 45.5065 ], [ -69.6498, 45.5083 ], [ -69.6502, 45.5085 ], [ -69.6513, 45.5084 ], [ -69.6523, 45.5078 ], [ -69.6553, 45.507 ], [ -69.6559, 45.5064 ], [ -69.6559, 45.5052 ], [ -69.6582, 45.5038 ], [ -69.6588, 45.5038 ], [ -69.6573, 45.5057 ], [ -69.6573, 45.5065 ], [ -69.6582, 45.5071 ], [ -69.6596, 45.5072 ], [ -69.6597, 45.5083 ], [ -69.6575, 45.5078 ], [ -69.6569, 45.5084 ], [ -69.6568, 45.5092 ], [ -69.6571, 45.5097 ], [ -69.6581, 45.5099 ], [ -69.6587, 45.5107 ], [ -69.6593, 45.5108 ], [ -69.6596, 45.512 ], [ -69.6572, 45.5128 ], [ -69.6547, 45.5114 ], [ -69.6537, 45.5113 ], [ -69.6534, 45.5122 ], [ -69.6551, 45.5139 ], [ -69.6549, 45.5143 ], [ -69.6534, 45.5142 ], [ -69.6533, 45.5148 ], [ -69.656, 45.5158 ], [ -69.6574, 45.5169 ], [ -69.6597, 45.5173 ], [ -69.6607, 45.5206 ], [ -69.6626, 45.5226 ], [ -69.671, 45.5282 ], [ -69.6781, 45.5322 ], [ -69.6796, 45.5345 ], [ -69.6797, 45.5402 ], [ -69.6808, 45.5441 ], [ -69.6826, 45.5478 ], [ -69.6827, 45.5513 ], [ -69.6834, 45.5528 ], [ -69.6861, 45.5545 ], [ -69.6956, 45.558 ], [ -69.6968, 45.5589 ], [ -69.6972, 45.5596 ], [ -69.6958, 45.5623 ], [ -69.6943, 45.5638 ], [ -69.6943, 45.565 ], [ -69.6928, 45.5658 ], [ -69.6892, 45.5666 ], [ -69.6877, 45.5688 ], [ -69.6875, 45.5707 ], [ -69.6851, 45.5716 ], [ -69.6849, 45.575 ], [ -69.6868, 45.5769 ], [ -69.6869, 45.5775 ], [ -69.6846, 45.5768 ], [ -69.6836, 45.5759 ], [ -69.6828, 45.576 ], [ -69.6824, 45.5763 ], [ -69.6818, 45.579 ], [ -69.6803, 45.5801 ], [ -69.6805, 45.5811 ], [ -69.6815, 45.5818 ], [ -69.6826, 45.5817 ], [ -69.6832, 45.581 ], [ -69.6846, 45.5817 ], [ -69.6845, 45.5826 ], [ -69.6834, 45.5845 ], [ -69.6835, 45.5866 ], [ -69.6848, 45.5874 ], [ -69.6916, 45.5901 ], [ -69.6938, 45.5904 ], [ -69.6967, 45.5901 ], [ -69.699, 45.5893 ], [ -69.7, 45.5883 ], [ -69.7015, 45.585 ], [ -69.7031, 45.5842 ], [ -69.7041, 45.5842 ], [ -69.7051, 45.5857 ], [ -69.7056, 45.5856 ], [ -69.7058, 45.5847 ], [ -69.7081, 45.5844 ], [ -69.7089, 45.584 ], [ -69.7094, 45.583 ], [ -69.7104, 45.5829 ], [ -69.7113, 45.5833 ], [ -69.7128, 45.5859 ], [ -69.7145, 45.5856 ], [ -69.7147, 45.5866 ], [ -69.7143, 45.5867 ], [ -69.7146, 45.5874 ], [ -69.714, 45.5883 ], [ -69.7144, 45.5889 ], [ -69.7142, 45.5898 ], [ -69.7146, 45.5895 ], [ -69.7148, 45.5897 ], [ -69.7144, 45.59 ], [ -69.7137, 45.59 ], [ -69.7136, 45.5909 ], [ -69.713, 45.5917 ], [ -69.7131, 45.5949 ], [ -69.7135, 45.5957 ], [ -69.7148, 45.5966 ], [ -69.7165, 45.5968 ], [ -69.7176, 45.5975 ], [ -69.7186, 45.599 ], [ -69.7192, 45.5993 ], [ -69.7189, 45.6002 ], [ -69.7207, 45.6021 ], [ -69.7212, 45.6034 ], [ -69.7212, 45.604 ], [ -69.7206, 45.6042 ], [ -69.7203, 45.605 ], [ -69.7207, 45.6065 ], [ -69.7202, 45.6068 ], [ -69.7201, 45.6079 ], [ -69.7188, 45.6083 ], [ -69.7181, 45.6078 ], [ -69.7174, 45.6087 ], [ -69.7174, 45.6107 ], [ -69.7186, 45.6126 ], [ -69.7193, 45.6146 ], [ -69.7172, 45.6121 ], [ -69.7165, 45.6126 ], [ -69.7143, 45.6129 ], [ -69.7139, 45.6127 ], [ -69.7144, 45.6122 ], [ -69.714, 45.6121 ], [ -69.7122, 45.6139 ], [ -69.7112, 45.6129 ], [ -69.7099, 45.6132 ], [ -69.7085, 45.6163 ], [ -69.705, 45.6182 ], [ -69.7047, 45.6195 ], [ -69.7031, 45.6204 ], [ -69.7036, 45.6211 ], [ -69.7025, 45.6239 ], [ -69.7027, 45.6259 ], [ -69.7022, 45.6274 ], [ -69.7016, 45.6278 ], [ -69.7042, 45.6302 ], [ -69.7052, 45.6317 ], [ -69.707, 45.6329 ], [ -69.7069, 45.6356 ], [ -69.7082, 45.6375 ], [ -69.7091, 45.638 ], [ -69.7117, 45.6378 ], [ -69.7151, 45.6398 ], [ -69.7184, 45.6399 ], [ -69.7174, 45.642 ], [ -69.7163, 45.6476 ], [ -69.7159, 45.6482 ], [ -69.715, 45.6484 ], [ -69.7141, 45.648 ], [ -69.7135, 45.6472 ], [ -69.7126, 45.6474 ], [ -69.7138, 45.65 ], [ -69.7131, 45.6505 ], [ -69.7119, 45.6504 ], [ -69.7099, 45.6495 ], [ -69.7067, 45.647 ], [ -69.7052, 45.6447 ], [ -69.7027, 45.6449 ], [ -69.7007, 45.6446 ], [ -69.6969, 45.6408 ], [ -69.6962, 45.6407 ], [ -69.6947, 45.6407 ], [ -69.6941, 45.6409 ], [ -69.6938, 45.6422 ], [ -69.6927, 45.6431 ], [ -69.6926, 45.644 ], [ -69.6918, 45.6451 ], [ -69.6961, 45.6482 ], [ -69.6987, 45.6495 ], [ -69.7013, 45.6517 ], [ -69.7032, 45.652 ], [ -69.7052, 45.653 ], [ -69.7053, 45.6525 ], [ -69.7058, 45.6526 ], [ -69.7124, 45.6554 ], [ -69.7192, 45.6561 ], [ -69.7227, 45.6575 ], [ -69.7265, 45.6564 ], [ -69.7294, 45.6567 ], [ -69.7333, 45.6576 ], [ -69.7349, 45.6575 ], [ -69.7349, 45.6568 ], [ -69.7324, 45.6568 ], [ -69.7317, 45.6558 ], [ -69.7328, 45.6547 ], [ -69.7337, 45.6543 ], [ -69.7352, 45.6514 ], [ -69.7361, 45.6507 ], [ -69.7383, 45.6507 ], [ -69.7394, 45.6513 ], [ -69.7411, 45.6518 ], [ -69.7442, 45.6522 ], [ -69.7443, 45.653 ], [ -69.7431, 45.6538 ], [ -69.7427, 45.6547 ], [ -69.742, 45.6555 ], [ -69.7412, 45.6555 ], [ -69.7409, 45.6561 ], [ -69.7403, 45.656 ], [ -69.7395, 45.6572 ], [ -69.7413, 45.6577 ], [ -69.7409, 45.6586 ], [ -69.7414, 45.6602 ], [ -69.7439, 45.6608 ], [ -69.7447, 45.6615 ], [ -69.744, 45.6623 ], [ -69.7445, 45.6636 ], [ -69.7443, 45.6642 ], [ -69.7417, 45.6665 ], [ -69.7398, 45.667 ], [ -69.7394, 45.6674 ], [ -69.7395, 45.6677 ], [ -69.7404, 45.6681 ], [ -69.7398, 45.6702 ], [ -69.7388, 45.6716 ], [ -69.7391, 45.6727 ], [ -69.7389, 45.675 ], [ -69.7367, 45.6767 ], [ -69.7378, 45.6767 ], [ -69.7376, 45.6777 ], [ -69.7384, 45.6769 ], [ -69.7386, 45.6793 ], [ -69.7404, 45.6796 ], [ -69.7436, 45.6808 ], [ -69.7488, 45.6812 ], [ -69.7504, 45.6805 ], [ -69.7547, 45.6794 ], [ -69.7562, 45.6796 ], [ -69.757, 45.6799 ], [ -69.7586, 45.6816 ], [ -69.7601, 45.6825 ], [ -69.7649, 45.6825 ], [ -69.768, 45.6838 ], [ -69.7692, 45.6844 ], [ -69.769, 45.6847 ], [ -69.7695, 45.6846 ], [ -69.773, 45.6857 ], [ -69.7742, 45.6865 ], [ -69.7749, 45.6877 ], [ -69.7764, 45.688 ], [ -69.7793, 45.6899 ], [ -69.7806, 45.6898 ], [ -69.7828, 45.6906 ], [ -69.7853, 45.6928 ], [ -69.7848, 45.6967 ], [ -69.7861, 45.6987 ], [ -69.7858, 45.6997 ], [ -69.7871, 45.701 ], [ -69.7891, 45.7017 ], [ -69.7904, 45.7045 ], [ -69.7907, 45.7064 ], [ -69.7902, 45.7103 ], [ -69.7925, 45.7114 ], [ -69.7936, 45.7121 ], [ -69.7938, 45.7127 ], [ -69.7961, 45.7136 ], [ -69.7978, 45.7148 ], [ -69.8013, 45.7152 ], [ -69.8023, 45.7148 ], [ -69.8039, 45.7157 ], [ -69.805, 45.7167 ], [ -69.8056, 45.7179 ], [ -69.8057, 45.7201 ], [ -69.806, 45.72 ], [ -69.8067, 45.7211 ], [ -69.809, 45.7226 ], [ -69.8096, 45.7226 ], [ -69.8099, 45.7223 ], [ -69.8105, 45.7226 ], [ -69.8121, 45.7218 ], [ -69.8151, 45.7214 ], [ -69.8136, 45.7221 ], [ -69.8123, 45.7222 ], [ -69.8108, 45.723 ], [ -69.8089, 45.7233 ], [ -69.8083, 45.7231 ], [ -69.8075, 45.7221 ], [ -69.806, 45.7214 ], [ -69.805, 45.7217 ], [ -69.8043, 45.7207 ], [ -69.8037, 45.7205 ], [ -69.803, 45.7209 ], [ -69.8042, 45.7224 ], [ -69.8031, 45.7236 ], [ -69.802, 45.7238 ], [ -69.7998, 45.7227 ], [ -69.7995, 45.7229 ], [ -69.7996, 45.7239 ], [ -69.7983, 45.725 ], [ -69.7974, 45.7247 ], [ -69.7971, 45.7242 ], [ -69.7967, 45.7246 ], [ -69.7955, 45.7245 ], [ -69.7946, 45.7253 ], [ -69.7921, 45.7256 ], [ -69.7912, 45.7268 ], [ -69.7915, 45.7283 ], [ -69.7928, 45.7281 ], [ -69.7939, 45.7285 ], [ -69.7962, 45.7306 ], [ -69.7974, 45.7311 ], [ -69.8, 45.7331 ], [ -69.8047, 45.7331 ], [ -69.8076, 45.7328 ], [ -69.8092, 45.7331 ], [ -69.8125, 45.7359 ], [ -69.8118, 45.7362 ], [ -69.8101, 45.736 ], [ -69.8115, 45.7372 ], [ -69.8192, 45.7391 ], [ -69.8203, 45.7397 ], [ -69.8202, 45.7403 ], [ -69.8213, 45.7404 ], [ -69.8241, 45.7423 ], [ -69.8257, 45.741 ], [ -69.8257, 45.7395 ], [ -69.827, 45.739 ], [ -69.8274, 45.7378 ], [ -69.8279, 45.7388 ], [ -69.8301, 45.738 ], [ -69.8327, 45.7383 ], [ -69.8331, 45.7386 ], [ -69.8305, 45.7387 ] ] ], [ [ [ -69.7876, 45.7833 ], [ -69.7881, 45.7827 ], [ -69.79, 45.7837 ], [ -69.7908, 45.7837 ], [ -69.7918, 45.7834 ], [ -69.7918, 45.7839 ], [ -69.793, 45.7831 ], [ -69.7924, 45.784 ], [ -69.7928, 45.7847 ], [ -69.7919, 45.7853 ], [ -69.7912, 45.7843 ], [ -69.7885, 45.7837 ], [ -69.7883, 45.7845 ], [ -69.7881, 45.7846 ], [ -69.7876, 45.7833 ] ] ], [ [ [ -69.793, 45.783 ], [ -69.7942, 45.7828 ], [ -69.7954, 45.7834 ], [ -69.7964, 45.7834 ], [ -69.7964, 45.7837 ], [ -69.7959, 45.7836 ], [ -69.7959, 45.7842 ], [ -69.7965, 45.7841 ], [ -69.7972, 45.7833 ], [ -69.7968, 45.7842 ], [ -69.7974, 45.7845 ], [ -69.7974, 45.7854 ], [ -69.7964, 45.785 ], [ -69.796, 45.7852 ], [ -69.7954, 45.7836 ], [ -69.7939, 45.7837 ], [ -69.7936, 45.7831 ], [ -69.793, 45.7831 ], [ -69.793, 45.783 ] ] ], [ [ [ -69.7973, 45.7831 ], [ -69.7978, 45.7835 ], [ -69.7977, 45.784 ], [ -69.7984, 45.7843 ], [ -69.7989, 45.7837 ], [ -69.8, 45.7836 ], [ -69.7999, 45.7843 ], [ -69.801, 45.7848 ], [ -69.7984, 45.7846 ], [ -69.8014, 45.7851 ], [ -69.8019, 45.7855 ], [ -69.802, 45.7862 ], [ -69.8012, 45.7853 ], [ -69.7978, 45.7846 ], [ -69.7971, 45.7841 ], [ -69.7972, 45.7833 ], [ -69.7973, 45.7831 ] ] ] ] } },
{ "type": "Feature", "properties": { "GEOIDFQ": "1400000US23017966500", "NAME": "9665", "NAMELSAD": "Census Tract 9665" }, "geometry": { "type": "Polygon", "coordinates": [ [ [ -70.6856, 44.2805 ], [ -70.6721, 44.2667 ], [ -70.6455, 44.2802 ], [ -70.6397, 44.2767 ], [ -70.5808, 44.2948 ], [ -70.5536, 44.2501 ], [ -70.5368, 44.2198 ], [ -70.531, 44.222 ], [ -70.5287, 44.2209 ], [ -70.5276, 44.2199 ], [ -70.5273, 44.2191 ], [ -70.5286, 44.2128 ], [ -70.5264, 44.2108 ], [ -70.5276, 44.2087 ], [ -70.5202, 44.2063 ], [ -70.5228, 44.2051 ], [ -70.5268, 44.2045 ], [ -70.5254, 44.2032 ], [ -70.5241, 44.2002 ], [ -70.5673, 44.1686 ], [ -70.5882, 44.1564 ], [ -70.5932, 44.1613 ], [ -70.608, 44.1541 ], [ -70.6243, 44.171 ], [ -70.6189, 44.1738 ], [ -70.6578, 44.2151 ], [ -70.709, 44.2681 ], [ -70.6856, 44.2805 ] ] ] } },
{ "type": "Feature", "properties": { "GEOIDFQ": "1400000US23025966601", "NAME": "9666.01", "NAMELSAD": "Census Tract 9666.01" }, "geometry": { "type": "Polygon", "coordinates": [ [ [ -69.719, 44.7897 ], [ -69.7245, 44.8083 ], [ -69.7063, 44.8107 ], [ -69.7047, 44.8068 ], [ -69.705, 44.8042 ], [ -69.7158, 44.7874 ], [ -69.7203, 44.7779 ], [ -69.7159, 44.7668 ], [ -69.7175, 44.7658 ], [ -69.7192, 44.7651 ], [ -69.7197, 44.7658 ], [ -69.7211, 44.7659 ], [ -69.7267, 44.7654 ], [ -69.7424, 44.7568 ], [ -69.7533, 44.7654 ], [ -69.7514, 44.7667 ], [ -69.7576, 44.7713 ], [ -69.7501, 44.7766 ], [ -69.76, 44.785 ], [ -69.719, 44.7897 ] ] ] } },
{ "type": "Feature", "properties": { "GEOIDFQ": "1400000US23025966602", "NAME": "9666.02", "NAMELSAD": "Census Tract 9666.02" }, "geometry": { "type": "Polygon", "coordinates": [ [ [ -69.7158, 44.7874 ], [ -69.705, 44.8042 ], [ -69.7047, 44.8068 ], [ -69.7063, 44.8107 ], [ -69.5993, 44.8244 ], [ -69.5929, 44.8026 ], [ -69.5966, 44.8022 ], [ -69.5883, 44.7645 ], [ -69.5924, 44.7653 ], [ -69.6028, 44.7704 ], [ -69.6056, 44.7714 ], [ -69.611, 44.7726 ], [ -69.6145, 44.7739 ], [ -69.6271, 44.7759 ], [ -69.6324, 44.7774 ], [ -69.6346, 44.7777 ], [ -69.647, 44.7774 ], [ -69.6552, 44.7763 ], [ -69.6647, 44.7763 ], [ -69.6666, 44.7758 ], [ -69.6829, 44.769 ], [ -69.6886, 44.7675 ], [ -69.6911, 44.7671 ], [ -69.6941, 44.7673 ], [ -69.6973, 44.7683 ], [ -69.6992, 44.7691 ], [ -69.7047, 44.7728 ], [ -69.7072, 44.7731 ], [ -69.7103, 44.7718 ], [ -69.7159, 44.7668 ], [ -69.7203, 44.7778 ], [ -69.7158, 44.7874 ] ] ] } },
{ "type": "Feature", "properties": { "GEOIDFQ": "1400000US23025966701", "NAME": "9667.01", "NAMELSAD": "Census Tract 9667.01" }, "geometry": { "type": "Polygon", "coordinates": [ [ [ -69.7194, 44.765 ], [ -69.7159, 44.7668 ], [ -69.7103, 44.7718 ], [ -69.7072, 44.7731 ], [ -69.7047, 44.7728 ], [ -69.6992, 44.7691 ], [ -69.6973, 44.7683 ], [ -69.6941, 44.7673 ], [ -69.6911, 44.7671 ], [ -69.6886, 44.7675 ], [ -69.6825, 44.7691 ], [ -69.6654, 44.7761 ], [ -69.6633, 44.7764 ], [ -69.6552, 44.7763 ], [ -69.647, 44.7774 ], [ -69.6335, 44.7776 ], [ -69.6271, 44.7759 ], [ -69.6145, 44.7739 ], [ -69.611, 44.7726 ], [ -69.6042, 44.771 ], [ -69.5924, 44.7653 ], [ -69.5883, 44.7645 ], [ -69.587, 44.7582 ], [ -69.5896, 44.7582 ], [ -69.5917, 44.7501 ], [ -69.5888, 44.7501 ], [ -69.5905, 44.7423 ], [ -69.5896, 44.7429 ], [ -69.5875, 44.7432 ], [ -69.5858, 44.7416 ], [ -69.5847, 44.7413 ], [ -69.5843, 44.7415 ], [ -69.5838, 44.7411 ], [ -69.5833, 44.7415 ], [ -69.5816, 44.7406 ], [ -69.582, 44.7401 ], [ -69.5817, 44.7398 ], [ -69.5822, 44.7395 ], [ -69.5814, 44.739 ], [ -69.5814, 44.7386 ], [ -69.5831, 44.7381 ], [ -69.583, 44.7374 ], [ -69.5838, 44.7375 ], [ -69.5838, 44.7365 ], [ -69.5857, 44.7361 ], [ -69.5857, 44.7356 ], [ -69.5852, 44.7354 ], [ -69.5857, 44.7344 ], [ -69.5867, 44.7346 ], [ -69.5873, 44.7337 ], [ -69.5869, 44.7331 ], [ -69.5861, 44.7329 ], [ -69.5863, 44.7323 ], [ -69.5852, 44.7321 ], [ -69.5859, 44.7314 ], [ -69.5845, 44.7316 ], [ -69.5841, 44.7313 ], [ -69.5843, 44.7307 ], [ -69.5824, 44.731 ], [ -69.5833, 44.7286 ], [ -69.5829, 44.7276 ], [ -69.5823, 44.7272 ], [ -69.5822, 44.7263 ], [ -69.5832, 44.7257 ], [ -69.5816, 44.7247 ], [ -69.5813, 44.7228 ], [ -69.5807, 44.7221 ], [ -69.5813, 44.7219 ], [ -69.5815, 44.7213 ], [ -69.5837, 44.7202 ], [ -69.5841, 44.7196 ], [ -69.5835, 44.7189 ], [ -69.5824, 44.7185 ], [ -69.5826, 44.7174 ], [ -69.5812, 44.7153 ], [ -69.5835, 44.7148 ], [ -69.584, 44.714 ], [ -69.5844, 44.714 ], [ -69.5851, 44.7147 ], [ -69.5869, 44.7139 ], [ -69.5889, 44.7141 ], [ -69.5901, 44.7132 ], [ -69.5914, 44.7127 ], [ -69.5928, 44.714 ], [ -69.5951, 44.7135 ], [ -69.5962, 44.7143 ], [ -69.5969, 44.7143 ], [ -69.5976, 44.7128 ], [ -69.5986, 44.7122 ], [ -69.5994, 44.7106 ], [ -69.6015, 44.7104 ], [ -69.6039, 44.7084 ], [ -69.6066, 44.7074 ], [ -69.6061, 44.7071 ], [ -69.6038, 44.7073 ], [ -69.6042, 44.7051 ], [ -69.6036, 44.7046 ], [ -69.6331, 44.7004 ], [ -69.633, 44.6988 ], [ -69.6408, 44.6998 ], [ -69.6769, 44.6946 ], [ -69.6757, 44.697 ], [ -69.6744, 44.7013 ], [ -69.6723, 44.7191 ], [ -69.6731, 44.7225 ], [ -69.6752, 44.7255 ], [ -69.6805, 44.7315 ], [ -69.6831, 44.7361 ], [ -69.6845, 44.7377 ], [ -69.6938, 44.7456 ], [ -69.6966, 44.7467 ], [ -69.7031, 44.7488 ], [ -69.7065, 44.7503 ], [ -69.7081, 44.7525 ], [ -69.7102, 44.7545 ], [ -69.712, 44.7571 ], [ -69.7167, 44.7609 ], [ -69.7173, 44.7628 ], [ -69.7194, 44.7637 ], [ -69.7199, 44.7643 ], [ -69.7194, 44.765 ] ] ] } },
{ "type": "Feature", "properties": { "GEOIDFQ": "1400000US23025966802", "NAME": "9668.02", "NAMELSAD": "Census Tract 9668.02" }, "geometry": { "type": "Polygon", "coordinates": [ [ [ -69.7383, 44.6713 ], [ -69.7342, 44.6862 ], [ -69.7323, 44.6865 ], [ -69.7319, 44.6942 ], [ -69.7299, 44.6869 ], [ -69.6408, 44.6998 ], [ -69.633, 44.6988 ], [ -69.6325, 44.6952 ], [ -69.6327, 44.6907 ], [ -69.632, 44.6883 ], [ -69.63, 44.6845 ], [ -69.6295, 44.6765 ], [ -69.6287, 44.6724 ], [ -69.6275, 44.6705 ], [ -69.6222, 44.6655 ], [ -69.618, 44.6576 ], [ -69.616, 44.6553 ], [ -69.615, 44.6546 ], [ -69.6181, 44.6532 ], [ -69.6183, 44.6534 ], [ -69.6196, 44.6524 ], [ -69.6252, 44.6424 ], [ -69.6272, 44.6406 ], [ -69.6191, 44.6385 ], [ -69.6161, 44.638 ], [ -69.6152, 44.637 ], [ -69.6166, 44.6298 ], [ -69.6158, 44.6233 ], [ -69.6165, 44.6189 ], [ -69.6176, 44.6155 ], [ -69.6191, 44.6125 ], [ -69.621, 44.5992 ], [ -69.6231, 44.5952 ], [ -69.6157, 44.594 ], [ -69.6268, 44.5805 ], [ -69.7421, 44.5982 ], [ -69.7505, 44.6147 ], [ -69.7803, 44.6771 ], [ -69.7383, 44.6713 ] ] ] } },
{ "type": "Feature", "properties": { "GEOIDFQ": "1400000US23025966801", "NAME": "9668.01", "NAMELSAD": "Census Tract 9668.01" }, "geometry": { "type": "Polygon", "coordinates": [ [ [ -69.6246, 44.6433 ], [ -69.6196, 44.6524 ], [ -69.6183, 44.6534 ], [ -69.6181, 44.6532 ], [ -69.615, 44.6546 ], [ -69.6131, 44.6536 ], [ -69.6071, 44.6518 ], [ -69.6056, 44.651 ], [ -69.5992, 44.6445 ], [ -69.5969, 44.6426 ], [ -69.5921, 44.6395 ], [ -69.586, 44.6324 ], [ -69.5817, 44.6301 ], [ -69.5791, 44.627 ], [ -69.5789, 44.624 ], [ -69.5806, 44.6204 ], [ -69.5902, 44.608 ], [ -69.5927, 44.6034 ], [ -69.5931, 44.6013 ], [ -69.5926, 44.5979 ], [ -69.5917, 44.5951 ], [ -69.5902, 44.593 ], [ -69.5893, 44.5898 ], [ -69.5909, 44.5846 ], [ -69.5919, 44.5831 ], [ -69.5931, 44.5822 ], [ -69.6005, 44.5803 ], [ -69.6043, 44.5786 ], [ -69.6057, 44.5773 ], [ -69.6268, 44.5805 ], [ -69.6157, 44.594 ], [ -69.6231, 44.5952 ], [ -69.621, 44.5992 ], [ -69.6191, 44.6125 ], [ -69.6176, 44.6155 ], [ -69.6165, 44.6189 ], [ -69.6158, 44.6233 ], [ -69.6166, 44.6298 ], [ -69.6152, 44.637 ], [ -69.6161, 44.638 ], [ -69.6191, 44.6385 ], [ -69.6272, 44.6406 ], [ -69.6246, 44.6433 ] ] ] } },
{ "type": "Feature", "properties": { "GEOIDFQ": "1400000US23005000300", "NAME": "3", "NAMELSAD": "Census Tract 3" }, "geometry": { "type": "Polygon", "coordinates": [ [ [ -70.2806, 43.6445 ], [ -70.2788, 43.6444 ], [ -70.2768, 43.6432 ], [ -70.2761, 43.6434 ], [ -70.2735, 43.6431 ], [ -70.2715, 43.6434 ], [ -70.2662, 43.6449 ], [ -70.2667, 43.6454 ], [ -70.2631, 43.6476 ], [ -70.2617, 43.6469 ], [ -70.2622, 43.6458 ], [ -70.2613, 43.6461 ], [ -70.2572, 43.6508 ], [ -70.2619, 43.6532 ], [ -70.2641, 43.6515 ], [ -70.2669, 43.653 ], [ -70.2673, 43.6543 ], [ -70.2641, 43.6547 ], [ -70.2655, 43.6556 ], [ -70.2552, 43.6618 ], [ -70.2544, 43.6609 ], [ -70.2496, 43.6582 ], [ -70.2485, 43.6593 ], [ -70.2493, 43.6598 ], [ -70.2484, 43.6603 ], [ -70.2473, 43.6619 ], [ -70.2449, 43.6627 ], [ -70.2432, 43.6642 ], [ -70.2381, 43.6613 ], [ -70.2384, 43.6584 ], [ -70.2579, 43.6451 ], [ -70.2618, 43.6421 ], [ -70.263, 43.6418 ], [ -70.2724, 43.6417 ], [ -70.2754, 43.641 ], [ -70.2806, 43.639 ], [ -70.2824, 43.6401 ], [ -70.2842, 43.6432 ], [ -70.2806, 43.6445 ] ] ] } },
{ "type": "Feature", "properties": { "GEOIDFQ": "1400000US23019003000", "NAME": "30", "NAMELSAD": "Census Tract 30" }, "geometry": { "type": "Polygon", "coordinates": [ [ [ -68.8394, 44.713 ], [ -68.8379, 44.7149 ], [ -68.8338, 44.7187 ], [ -68.8321, 44.7215 ], [ -68.8318, 44.7351 ], [ -68.8307, 44.7398 ], [ -68.8283, 44.7433 ], [ -68.8262, 44.7452 ], [ -68.8241, 44.7466 ], [ -68.8194, 44.7486 ], [ -68.8172, 44.7501 ], [ -68.8157, 44.7501 ], [ -68.8124, 44.7551 ], [ -68.8111, 44.7564 ], [ -68.8008, 44.7612 ], [ -68.7916, 44.7649 ], [ -68.7875, 44.7672 ], [ -68.7638, 44.756 ], [ -68.7676, 44.7539 ], [ -68.7568, 44.7491 ], [ -68.7203, 44.7339 ], [ -68.7248, 44.7286 ], [ -68.7219, 44.7274 ], [ -68.7309, 44.7237 ], [ -68.732, 44.7229 ], [ -68.7324, 44.7218 ], [ -68.7208, 44.6997 ], [ -68.7269, 44.6961 ], [ -68.744, 44.6606 ], [ -68.7576, 44.6626 ], [ -68.7578, 44.662 ], [ -68.7719, 44.6644 ], [ -68.7663, 44.6757 ], [ -68.7809, 44.6783 ], [ -68.781, 44.6788 ], [ -68.7851, 44.6784 ], [ -68.786, 44.6867 ], [ -68.7929, 44.6855 ], [ -68.7932, 44.6866 ], [ -68.7938, 44.6865 ], [ -68.7943, 44.6878 ], [ -68.797, 44.6871 ], [ -68.7978, 44.6888 ], [ -68.8158, 44.6838 ], [ -68.8165, 44.6858 ], [ -68.8187, 44.6874 ], [ -68.823, 44.6878 ], [ -68.8356, 44.6913 ], [ -68.837, 44.6923 ], [ -68.8378, 44.694 ], [ -68.8377, 44.6953 ], [ -68.8362, 44.6976 ], [ -68.8365, 44.7001 ], [ -68.8405, 44.707 ], [ -68.8409, 44.7093 ], [ -68.8394, 44.713 ] ] ] } },
{ "type": "Feature", "properties": { "GEOIDFQ": "1400000US23019004100", "NAME": "41", "NAMELSAD": "Census Tract 41" }, "geometry": { "type": "Polygon", "coordinates": [ [ [ -68.7865, 44.7724 ], [ -68.7857, 44.7745 ], [ -68.7763, 44.7825 ], [ -68.7752, 44.7841 ], [ -68.772, 44.7915 ], [ -68.7682, 44.7961 ], [ -68.7654, 44.7983 ], [ -68.763, 44.7995 ], [ -68.7609, 44.7959 ], [ -68.7614, 44.7934 ], [ -68.7708, 44.7815 ], [ -68.7778, 44.7748 ], [ -68.7788, 44.7733 ], [ -68.7796, 44.769 ], [ -68.7811, 44.7678 ], [ -68.7854, 44.7662 ], [ -68.7875, 44.7672 ], [ -68.7865, 44.7724 ] ] ] } },
{ "type": "Feature", "properties": { "GEOIDFQ": "1400000US23019004300", "NAME": "43", "NAMELSAD": "Census Tract 43" }, "geometry": { "type": "Polygon", "coordinates": [ [ [ -68.7559, 44.8026 ], [ -68.7498, 44.8064 ], [ -68.7459, 44.8093 ], [ -68.7441, 44.8098 ], [ -68.7411, 44.8101 ], [ -68.73, 44.8164 ], [ -68.724, 44.8192 ], [ -68.7204, 44.8202 ], [ -68.7165, 44.8207 ], [ -68.6987, 44.8215 ], [ -68.6868, 44.8047 ], [ -68.6903, 44.8033 ], [ -68.6846, 44.8008 ], [ -68.7131, 44.7677 ], [ -68.7515, 44.7841 ], [ -68.753, 44.7856 ], [ -68.7626, 44.7986 ], [ -68.7629, 44.7995 ], [ -68.7559, 44.8026 ] ] ] } },
{ "type": "Feature", "properties": { "GEOIDFQ": "1400000US23019005000", "NAME": "50", "NAMELSAD": "Census Tract 50" }, "geometry": { "type": "Polygon", "coordinates": [ [ [ -68.7209, 44.8637 ], [ -68.6962, 44.8453 ], [ -68.7001, 44.839 ], [ -68.7009, 44.8336 ], [ -68.7006, 44.8306 ], [ -68.6974, 44.8276 ], [ -68.6963, 44.8254 ], [ -68.6962, 44.8237 ], [ -68.6968, 44.8225 ], [ -68.6978, 44.8218 ], [ -68.6996, 44.8213 ], [ -68.7072, 44.8209 ], [ -68.7122, 44.821 ], [ -68.7187, 44.8204 ], [ -68.7189, 44.8225 ], [ -68.7224, 44.8358 ], [ -68.7258, 44.8354 ], [ -68.7308, 44.855 ], [ -68.7209, 44.8637 ] ] ] } },
{ "type": "Feature", "properties": { "GEOIDFQ": "1400000US23001045000", "NAME": "450", "NAMELSAD": "Census Tract 450" }, "geometry": { "type": "Polygon", "coordinates": [ [ [ -70.1964, 44.3356 ], [ -70.1937, 44.3368 ], [ -70.1896, 44.3401 ], [ -70.1887, 44.3425 ], [ -70.1845, 44.3459 ], [ -70.1848, 44.3466 ], [ -70.1879, 44.3487 ], [ -70.1889, 44.3539 ], [ -70.1876, 44.3584 ], [ -70.1874, 44.3622 ], [ -70.1854, 44.3674 ], [ -70.1836, 44.3688 ], [ -70.1816, 44.3693 ], [ -70.1783, 44.3684 ], [ -70.1742, 44.3687 ], [ -70.1716, 44.3686 ], [ -70.1649, 44.3669 ], [ -70.1569, 44.3678 ], [ -70.1532, 44.3694 ], [ -70.1326, 44.3714 ], [ -70.1317, 44.3675 ], [ -70.1296, 44.3677 ], [ -70.1289, 44.3682 ], [ -70.1138, 44.3508 ], [ -70.1024, 44.337 ], [ -70.1022, 44.336 ], [ -70.1002, 44.3346 ], [ -70.1005, 44.3333 ], [ -70.0991, 44.3195 ], [ -70.0745, 44.2985 ], [ -70.0743, 44.2886 ], [ -70.0757, 44.2062 ], [ -70.1784, 44.2588 ], [ -70.1773, 44.2619 ], [ -70.1771, 44.264 ], [ -70.1752, 44.2666 ], [ -70.1745, 44.2685 ], [ -70.1745, 44.27 ], [ -70.1771, 44.2755 ], [ -70.1771, 44.2771 ], [ -70.177, 44.2795 ], [ -70.1762, 44.2822 ], [ -70.1744, 44.2849 ], [ -70.1763, 44.2884 ], [ -70.1775, 44.2895 ], [ -70.1789, 44.2927 ], [ -70.1787, 44.3001 ], [ -70.1808, 44.3052 ], [ -70.1809, 44.3074 ], [ -70.1827, 44.3101 ], [ -70.1834, 44.3165 ], [ -70.1846, 44.3191 ], [ -70.1836, 44.3232 ], [ -70.1839, 44.3239 ], [ -70.1859, 44.3243 ], [ -70.1867, 44.3248 ], [ -70.1877, 44.3274 ], [ -70.1883, 44.3281 ], [ -70.191, 44.3291 ], [ -70.1958, 44.33 ], [ -70.1982, 44.3315 ], [ -70.1988, 44.3327 ], [ -70.1964, 44.3356 ] ] ] } },
{ "type": "Feature", "properties": { "GEOIDFQ": "1400000US23001041000", "NAME": "410", "NAMELSAD": "Census Tract 410" }, "geometry": { "type": "Polygon", "coordinates": [ [ [ -70.4512, 44.0945 ], [ -70.4505, 44.0943 ], [ -70.4509, 44.0938 ], [ -70.4502, 44.0931 ], [ -70.4502, 44.092 ], [ -70.4495, 44.0914 ], [ -70.4499, 44.0907 ], [ -70.4493, 44.0903 ], [ -70.4494, 44.0897 ], [ -70.4479, 44.0891 ], [ -70.4469, 44.0876 ], [ -70.4463, 44.0876 ], [ -70.4461, 44.0864 ], [ -70.4454, 44.0859 ], [ -70.4436, 44.0858 ], [ -70.4426, 44.0846 ], [ -70.4414, 44.0841 ], [ -70.4413, 44.0834 ], [ -70.4406, 44.0831 ], [ -70.4404, 44.0825 ], [ -70.4396, 44.0818 ], [ -70.4392, 44.0806 ], [ -70.4386, 44.0807 ], [ -70.4376, 44.0794 ], [ -70.4366, 44.0791 ], [ -70.4366, 44.0784 ], [ -70.436, 44.078 ], [ -70.4353, 44.0768 ], [ -70.4332, 44.0764 ], [ -70.4318, 44.0752 ], [ -70.429, 44.0741 ], [ -70.4274, 44.0739 ], [ -70.4259, 44.0732 ], [ -70.4248, 44.0734 ], [ -70.424, 44.0728 ], [ -70.4242, 44.072 ], [ -70.4238, 44.0715 ], [ -70.4164, 44.0755 ], [ -70.4139, 44.0778 ], [ -70.4129, 44.0772 ], [ -70.4115, 44.0775 ], [ -70.4096, 44.0795 ], [ -70.4078, 44.0806 ], [ -70.4074, 44.0815 ], [ -70.4067, 44.0812 ], [ -70.4061, 44.0816 ], [ -70.406, 44.0813 ], [ -70.4047, 44.0817 ], [ -70.4038, 44.0813 ], [ -70.4031, 44.0817 ], [ -70.4024, 44.0815 ], [ -70.4019, 44.0819 ], [ -70.4015, 44.0818 ], [ -70.4013, 44.0824 ], [ -70.3985, 44.0827 ], [ -70.3975, 44.084 ], [ -70.3971, 44.0841 ], [ -70.3768, 44.086 ], [ -70.3591, 44.1038 ], [ -70.3536, 44.1008 ], [ -70.3528, 44.1007 ], [ -70.3502, 44.1016 ], [ -70.3477, 44.1016 ], [ -70.3424, 44.0988 ], [ -70.3413, 44.0943 ], [ -70.3408, 44.0939 ], [ -70.3384, 44.0931 ], [ -70.3381, 44.0926 ], [ -70.3388, 44.0922 ], [ -70.341, 44.0923 ], [ -70.3423, 44.0919 ], [ -70.3428, 44.0909 ], [ -70.3425, 44.09 ], [ -70.3415, 44.09 ], [ -70.3399, 44.0911 ], [ -70.3381, 44.0918 ], [ -70.3348, 44.0926 ], [ -70.334, 44.0926 ], [ -70.3336, 44.0922 ], [ -70.3339, 44.0914 ], [ -70.3362, 44.0905 ], [ -70.3299, 44.0865 ], [ -70.3275, 44.0863 ], [ -70.3267, 44.0874 ], [ -70.3259, 44.0873 ], [ -70.3252, 44.0863 ], [ -70.3232, 44.0861 ], [ -70.3223, 44.085 ], [ -70.3199, 44.0833 ], [ -70.3184, 44.0834 ], [ -70.3163, 44.0843 ], [ -70.3141, 44.0827 ], [ -70.3123, 44.0824 ], [ -70.3109, 44.081 ], [ -70.3092, 44.0798 ], [ -70.3083, 44.0795 ], [ -70.3066, 44.0799 ], [ -70.3024, 44.0788 ], [ -70.3002, 44.0765 ], [ -70.2984, 44.076 ], [ -70.295, 44.0738 ], [ -70.2944, 44.071 ], [ -70.2932, 44.0693 ], [ -70.2936, 44.0653 ], [ -70.2923, 44.0647 ], [ -70.2888, 44.0648 ], [ -70.3148, 44.0374 ], [ -70.3154, 44.0378 ], [ -70.3639, 43.9864 ], [ -70.3953, 44.0031 ], [ -70.3961, 44.0002 ], [ -70.397, 43.9997 ], [ -70.3975, 43.9985 ], [ -70.3967, 43.9971 ], [ -70.3993, 43.9948 ], [ -70.3993, 43.9941 ], [ -70.3983, 43.9929 ], [ -70.3983, 43.9921 ], [ -70.402, 43.9901 ], [ -70.445, 44.0128 ], [ -70.4486, 44.0094 ], [ -70.4791, 44.0259 ], [ -70.4798, 44.0266 ], [ -70.4812, 44.03 ], [ -70.4784, 44.0352 ], [ -70.4806, 44.0393 ], [ -70.4815, 44.0437 ], [ -70.4801, 44.0485 ], [ -70.479, 44.0551 ], [ -70.4801, 44.0567 ], [ -70.4838, 44.059 ], [ -70.4853, 44.0604 ], [ -70.4512, 44.0945 ] ] ] } },
{ "type": "Feature", "properties": { "GEOIDFQ": "1400000US23001043000", "NAME": "430", "NAMELSAD": "Census Tract 430" }, "geometry": { "type": "Polygon", "coordinates": [ [ [ -70.2683, 44.4164 ], [ -70.2744, 44.4406 ], [ -70.2013, 44.478 ], [ -70.1998, 44.4783 ], [ -70.1973, 44.4761 ], [ -70.1939, 44.4741 ], [ -70.1896, 44.4704 ], [ -70.1865, 44.4685 ], [ -70.1856, 44.4672 ], [ -70.185, 44.463 ], [ -70.1844, 44.4614 ], [ -70.1822, 44.4595 ], [ -70.1795, 44.4586 ], [ -70.1786, 44.458 ], [ -70.1733, 44.4503 ], [ -70.1729, 44.4488 ], [ -70.1739, 44.4465 ], [ -70.1739, 44.445 ], [ -70.1728, 44.4414 ], [ -70.1726, 44.4391 ], [ -70.1742, 44.4326 ], [ -70.1737, 44.4253 ], [ -70.173, 44.4241 ], [ -70.1711, 44.4225 ], [ -70.168, 44.4211 ], [ -70.1607, 44.4191 ], [ -70.1562, 44.4176 ], [ -70.154, 44.4165 ], [ -70.1529, 44.4149 ], [ -70.1519, 44.4095 ], [ -70.1522, 44.4072 ], [ -70.1534, 44.403 ], [ -70.1534, 44.4001 ], [ -70.1527, 44.3959 ], [ -70.1511, 44.3923 ], [ -70.1504, 44.3896 ], [ -70.1529, 44.3847 ], [ -70.1533, 44.3826 ], [ -70.1529, 44.3764 ], [ -70.1522, 44.3751 ], [ -70.152, 44.3721 ], [ -70.1526, 44.37 ], [ -70.1534, 44.3692 ], [ -70.1569, 44.3678 ], [ -70.1649, 44.3669 ], [ -70.1716, 44.3686 ], [ -70.1742, 44.3687 ], [ -70.1783, 44.3684 ], [ -70.1816, 44.3693 ], [ -70.1845, 44.3683 ], [ -70.1854, 44.3674 ], [ -70.1874, 44.3622 ], [ -70.1876, 44.3584 ], [ -70.1889, 44.3539 ], [ -70.1879, 44.3487 ], [ -70.1848, 44.3466 ], [ -70.1845, 44.3459 ], [ -70.1879, 44.3432 ], [ -70.2652, 44.3629 ], [ -70.2787, 44.4152 ], [ -70.2683, 44.4164 ] ] ] } },
{ "type": "Feature", "properties": { "GEOIDFQ": "1400000US23001041500", "NAME": "415", "NAMELSAD": "Census Tract 415" }, "geometry": { "type": "Polygon", "coordinates": [ [ [ -70.4374, 44.1079 ], [ -70.4207, 44.125 ], [ -70.3915, 44.1538 ], [ -70.3745, 44.1712 ], [ -70.3341, 44.2108 ], [ -70.29, 44.1991 ], [ -70.2909, 44.1968 ], [ -70.2923, 44.1953 ], [ -70.2931, 44.1937 ], [ -70.2915, 44.1931 ], [ -70.2934, 44.1879 ], [ -70.2939, 44.1834 ], [ -70.2961, 44.1793 ], [ -70.2978, 44.1771 ], [ -70.2986, 44.1745 ], [ -70.302, 44.1702 ], [ -70.2958, 44.1658 ], [ -70.2916, 44.1617 ], [ -70.2887, 44.1602 ], [ -70.2893, 44.1594 ], [ -70.2907, 44.1586 ], [ -70.2913, 44.1571 ], [ -70.2923, 44.1568 ], [ -70.2921, 44.1537 ], [ -70.2954, 44.1502 ], [ -70.2954, 44.1481 ], [ -70.3007, 44.1426 ], [ -70.2991, 44.1368 ], [ -70.297, 44.1347 ], [ -70.299, 44.1327 ], [ -70.2999, 44.1332 ], [ -70.3014, 44.132 ], [ -70.2991, 44.1305 ], [ -70.2976, 44.132 ], [ -70.2974, 44.1319 ], [ -70.2967, 44.1281 ], [ -70.2983, 44.1263 ], [ -70.2969, 44.1253 ], [ -70.3, 44.1223 ], [ -70.3009, 44.123 ], [ -70.2991, 44.1188 ], [ -70.3017, 44.1127 ], [ -70.3008, 44.1119 ], [ -70.3041, 44.1083 ], [ -70.303, 44.1073 ], [ -70.3064, 44.1035 ], [ -70.3048, 44.1015 ], [ -70.308, 44.0982 ], [ -70.3145, 44.1006 ], [ -70.3162, 44.0966 ], [ -70.3158, 44.0949 ], [ -70.3142, 44.0926 ], [ -70.3143, 44.0921 ], [ -70.3155, 44.0921 ], [ -70.3151, 44.0891 ], [ -70.3132, 44.0875 ], [ -70.3136, 44.0858 ], [ -70.3119, 44.0843 ], [ -70.3112, 44.0819 ], [ -70.3078, 44.0796 ], [ -70.3092, 44.0798 ], [ -70.3109, 44.081 ], [ -70.3123, 44.0824 ], [ -70.3141, 44.0827 ], [ -70.3163, 44.0843 ], [ -70.3184, 44.0834 ], [ -70.3199, 44.0833 ], [ -70.3223, 44.085 ], [ -70.3232, 44.0861 ], [ -70.3252, 44.0863 ], [ -70.3259, 44.0873 ], [ -70.3267, 44.0874 ], [ -70.3275, 44.0863 ], [ -70.3299, 44.0865 ], [ -70.3362, 44.0905 ], [ -70.3339, 44.0914 ], [ -70.3336, 44.0922 ], [ -70.334, 44.0926 ], [ -70.3348, 44.0926 ], [ -70.3381, 44.0918 ], [ -70.3399, 44.0911 ], [ -70.3415, 44.09 ], [ -70.3425, 44.09 ], [ -70.3428, 44.0909 ], [ -70.3423, 44.0919 ], [ -70.341, 44.0923 ], [ -70.3388, 44.0922 ], [ -70.3381, 44.0926 ], [ -70.3384, 44.0931 ], [ -70.3408, 44.0939 ], [ -70.3413, 44.0943 ], [ -70.3424, 44.0988 ], [ -70.3477, 44.1016 ], [ -70.3502, 44.1016 ], [ -70.3528, 44.1007 ], [ -70.3536, 44.1008 ], [ -70.3591, 44.1038 ], [ -70.3768, 44.086 ], [ -70.3971, 44.0841 ], [ -70.3975, 44.084 ], [ -70.3985, 44.0827 ], [ -70.4013, 44.0824 ], [ -70.4015, 44.0818 ], [ -70.4019, 44.0819 ], [ -70.4024, 44.0815 ], [ -70.4031, 44.0817 ], [ -70.4038, 44.0813 ], [ -70.4047, 44.0817 ], [ -70.406, 44.0813 ], [ -70.4061, 44.0816 ], [ -70.4067, 44.0812 ], [ -70.4074, 44.0815 ], [ -70.4078, 44.0806 ], [ -70.4096, 44.0795 ], [ -70.4115, 44.0775 ], [ -70.4129, 44.0772 ], [ -70.4139, 44.0778 ], [ -70.4164, 44.0755 ], [ -70.4238, 44.0715 ], [ -70.4242, 44.072 ], [ -70.424, 44.0728 ], [ -70.4248, 44.0734 ], [ -70.4259, 44.0732 ], [ -70.4274, 44.0739 ], [ -70.429, 44.0741 ], [ -70.4318, 44.0752 ], [ -70.4332, 44.0764 ], [ -70.4353, 44.0768 ], [ -70.436, 44.078 ], [ -70.4366, 44.0784 ], [ -70.4366, 44.0791 ], [ -70.4376, 44.0794 ], [ -70.4386, 44.0807 ], [ -70.4392, 44.0806 ], [ -70.4396, 44.0818 ], [ -70.4404, 44.0825 ], [ -70.4406, 44.0831 ], [ -70.4413, 44.0834 ], [ -70.4414, 44.0841 ], [ -70.4426, 44.0846 ], [ -70.4436, 44.0858 ], [ -70.4454, 44.0859 ], [ -70.4461, 44.0864 ], [ -70.4463, 44.0876 ], [ -70.4469, 44.0876 ], [ -70.4479, 44.0891 ], [ -70.4494, 44.0897 ], [ -70.4493, 44.0903 ], [ -70.4499, 44.0907 ], [ -70.4495, 44.0914 ], [ -70.4502, 44.092 ], [ -70.4502, 44.0931 ], [ -70.4509, 44.0938 ], [ -70.4505, 44.0943 ], [ -70.4512, 44.0945 ], [ -70.4374, 44.1079 ] ] ] } },
{ "type": "Feature", "properties": { "GEOIDFQ": "1400000US23001030200", "NAME": "302", "NAMELSAD": "Census Tract 302" }, "geometry": { "type": "Polygon", "coordinates": [ [ [ -70.0869, 44.0117 ], [ -70.0864, 44.0114 ], [ -70.0833, 44.0126 ], [ -70.0823, 44.0127 ], [ -70.0804, 44.0122 ], [ -70.0768, 44.0098 ], [ -70.0743, 44.0087 ], [ -70.0734, 44.0072 ], [ -70.071, 44.0047 ], [ -70.0696, 44.0077 ], [ -70.0696, 44.0124 ], [ -70.0674, 44.017 ], [ -70.0672, 44.0241 ], [ -70.0676, 44.0299 ], [ -70.0689, 44.0322 ], [ -70.0713, 44.0342 ], [ -70.0732, 44.0378 ], [ -70.0767, 44.0421 ], [ -70.0779, 44.0483 ], [ -70.0774, 44.0488 ], [ -70.0766, 44.0485 ], [ -70.0756, 44.0494 ], [ -70.0749, 44.0495 ], [ -70.0749, 44.051 ], [ -70.0738, 44.052 ], [ -70.0731, 44.0535 ], [ -70.071, 44.0546 ], [ -70.0698, 44.0545 ], [ -70.0696, 44.055 ], [ -70.0662, 44.0544 ], [ -70.0657, 44.0553 ], [ -70.0661, 44.0559 ], [ -70.0649, 44.0566 ], [ -70.0252, 44.0509 ], [ -70.0272, 44.0434 ], [ -70.0267, 44.0436 ], [ -70.0263, 44.0433 ], [ -70.027, 44.0413 ], [ -70.0269, 44.0401 ], [ -70.0263, 44.04 ], [ -70.0268, 44.0392 ], [ -70.0257, 44.0389 ], [ -70.0254, 44.0377 ], [ -70.0257, 44.0371 ], [ -70.0251, 44.0366 ], [ -70.0252, 44.0361 ], [ -70.0271, 44.0323 ], [ -70.028, 44.0321 ], [ -70.0291, 44.0305 ], [ -70.0317, 44.03 ], [ -70.0328, 44.0305 ], [ -70.0332, 44.0301 ], [ -70.0324, 44.0299 ], [ -70.0324, 44.0296 ], [ -70.0334, 44.0292 ], [ -70.034, 44.0293 ], [ -70.0342, 44.0297 ], [ -70.035, 44.0287 ], [ -70.0347, 44.0283 ], [ -70.036, 44.0279 ], [ -70.0358, 44.0273 ], [ -70.0365, 44.027 ], [ -70.0365, 44.0256 ], [ -70.0355, 44.025 ], [ -70.036, 44.0245 ], [ -70.0353, 44.0244 ], [ -70.0356, 44.0238 ], [ -70.0348, 44.0238 ], [ -70.0353, 44.0231 ], [ -70.0344, 44.0233 ], [ -70.0342, 44.0225 ], [ -70.0338, 44.0226 ], [ -70.0336, 44.022 ], [ -70.0331, 44.0218 ], [ -70.0335, 44.0217 ], [ -70.0328, 44.0213 ], [ -70.0336, 44.0212 ], [ -70.0337, 44.0202 ], [ -70.0355, 44.02 ], [ -70.0351, 44.0194 ], [ -70.0359, 44.0197 ], [ -70.0368, 44.0196 ], [ -70.0366, 44.0189 ], [ -70.0378, 44.0192 ], [ -70.0379, 44.0188 ], [ -70.0367, 44.0186 ], [ -70.0368, 44.0183 ], [ -70.0375, 44.018 ], [ -70.038, 44.0186 ], [ -70.0383, 44.0182 ], [ -70.0375, 44.0174 ], [ -70.0379, 44.017 ], [ -70.0367, 44.017 ], [ -70.0362, 44.0165 ], [ -70.0371, 44.0164 ], [ -70.0365, 44.0157 ], [ -70.0372, 44.0152 ], [ -70.0369, 44.0142 ], [ -70.0354, 44.013 ], [ -70.0349, 44.0113 ], [ -70.035, 44.01 ], [ -70.0341, 44.0096 ], [ -70.035, 44.0091 ], [ -70.0339, 44.009 ], [ -70.0333, 44.0086 ], [ -70.0338, 44.0079 ], [ -70.0355, 44.0072 ], [ -70.0356, 44.0067 ], [ -70.0355, 44.0062 ], [ -70.035, 44.0068 ], [ -70.0345, 44.0066 ], [ -70.0345, 44.0055 ], [ -70.0318, 44.0029 ], [ -70.0323, 44.0026 ], [ -70.0341, 44.0032 ], [ -70.0353, 44.0027 ], [ -70.0348, 44.0018 ], [ -70.033, 44.001 ], [ -70.0352, 44.0009 ], [ -70.0358, 44.0001 ], [ -70.0376, 43.9996 ], [ -70.0381, 44.0 ], [ -70.038, 44.0009 ], [ -70.0393, 44.0018 ], [ -70.0386, 44.0026 ], [ -70.0407, 44.0021 ], [ -70.0413, 44.0014 ], [ -70.0424, 44.0024 ], [ -70.0432, 44.0025 ], [ -70.0439, 43.9999 ], [ -70.0433, 43.9983 ], [ -70.0445, 43.9975 ], [ -70.0453, 43.9975 ], [ -70.045, 43.9964 ], [ -70.0458, 43.9961 ], [ -70.0461, 43.9954 ], [ -70.0507, 43.9941 ], [ -70.0518, 43.991 ], [ -70.0557, 43.9925 ], [ -70.0628, 43.9939 ], [ -70.0662, 43.9957 ], [ -70.0681, 43.9964 ], [ -70.0751, 43.9966 ], [ -70.0777, 43.9972 ], [ -70.0821, 44.0002 ], [ -70.0841, 44.0059 ], [ -70.0866, 44.0087 ], [ -70.0888, 44.0099 ], [ -70.0869, 44.0117 ] ] ] } },
{ "type": "Feature", "properties": { "GEOIDFQ": "1400000US23001010600", "NAME": "106", "NAMELSAD": "Census Tract 106" }, "geometry": { "type": "Polygon", "coordinates": [ [ [ -70.2883, 44.0281 ], [ -70.286, 44.0303 ], [ -70.2837, 44.032 ], [ -70.2803, 44.0337 ], [ -70.2689, 44.0378 ], [ -70.262, 44.0397 ], [ -70.2515, 44.0528 ], [ -70.2471, 44.0578 ], [ -70.2415, 44.0659 ], [ -70.2404, 44.07 ], [ -70.2392, 44.0703 ], [ -70.2376, 44.072 ], [ -70.2374, 44.0729 ], [ -70.2378, 44.0739 ], [ -70.2376, 44.0756 ], [ -70.2348, 44.0789 ], [ -70.2334, 44.0812 ], [ -70.2316, 44.0828 ], [ -70.2303, 44.0845 ], [ -70.2256, 44.0822 ], [ -70.2234, 44.0821 ], [ -70.2238, 44.0807 ], [ -70.2202, 44.0787 ], [ -70.2182, 44.0806 ], [ -70.2192, 44.0812 ], [ -70.2161, 44.0839 ], [ -70.2175, 44.0847 ], [ -70.216, 44.0863 ], [ -70.211, 44.0824 ], [ -70.2091, 44.0803 ], [ -70.2073, 44.0775 ], [ -70.2082, 44.0699 ], [ -70.2072, 44.0644 ], [ -70.2062, 44.0635 ], [ -70.2021, 44.0619 ], [ -70.1991, 44.056 ], [ -70.1928, 44.0489 ], [ -70.1885, 44.0461 ], [ -70.1876, 44.0452 ], [ -70.1867, 44.0429 ], [ -70.1847, 44.0346 ], [ -70.182, 44.0303 ], [ -70.1808, 44.0273 ], [ -70.1794, 44.0254 ], [ -70.176, 44.0227 ], [ -70.1709, 44.021 ], [ -70.2124, 43.9797 ], [ -70.2118, 43.9794 ], [ -70.2198, 43.9758 ], [ -70.2246, 43.9786 ], [ -70.2292, 43.9741 ], [ -70.2531, 43.9924 ], [ -70.2929, 44.0214 ], [ -70.2883, 44.0281 ] ] ] } },
{ "type": "Feature", "properties": { "GEOIDFQ": "1400000US23001042000", "NAME": "420", "NAMELSAD": "Census Tract 420" }, "geometry": { "type": "Polygon", "coordinates": [ [ [ -70.3077, 44.2556 ], [ -70.2907, 44.2997 ], [ -70.2652, 44.3629 ], [ -70.1879, 44.3432 ], [ -70.1889, 44.3422 ], [ -70.1896, 44.3401 ], [ -70.1937, 44.3368 ], [ -70.1964, 44.3356 ], [ -70.1988, 44.3326 ], [ -70.1982, 44.3315 ], [ -70.1958, 44.33 ], [ -70.191, 44.3291 ], [ -70.1883, 44.3281 ], [ -70.1877, 44.3274 ], [ -70.1867, 44.3248 ], [ -70.1837, 44.3236 ], [ -70.1846, 44.3191 ], [ -70.1834, 44.3165 ], [ -70.1827, 44.3101 ], [ -70.1809, 44.3074 ], [ -70.1808, 44.3052 ], [ -70.1787, 44.3001 ], [ -70.1789, 44.2927 ], [ -70.1775, 44.2895 ], [ -70.1763, 44.2884 ], [ -70.1745, 44.2854 ], [ -70.1745, 44.2844 ], [ -70.1762, 44.2822 ], [ -70.177, 44.2795 ], [ -70.1771, 44.2771 ], [ -70.1771, 44.2755 ], [ -70.1745, 44.27 ], [ -70.1745, 44.2685 ], [ -70.1752, 44.2666 ], [ -70.1771, 44.264 ], [ -70.1773, 44.2619 ], [ -70.1786, 44.2578 ], [ -70.1808, 44.2545 ], [ -70.1834, 44.2489 ], [ -70.1841, 44.2477 ], [ -70.1874, 44.2453 ], [ -70.1882, 44.2433 ], [ -70.1902, 44.2326 ], [ -70.1895, 44.2243 ], [ -70.1885, 44.2207 ], [ -70.1886, 44.2189 ], [ -70.1909, 44.2149 ], [ -70.2032, 44.199 ], [ -70.2068, 44.1908 ], [ -70.2102, 44.1859 ], [ -70.2105, 44.1825 ], [ -70.2127, 44.1796 ], [ -70.2125, 44.1786 ], [ -70.3252, 44.2084 ], [ -70.3077, 44.2556 ] ] ] } },
{ "type": "Feature", "properties": { "GEOIDFQ": "1400000US23001030100", "NAME": "301", "NAMELSAD": "Census Tract 301" }, "geometry": { "type": "Polygon", "coordinates": [ [ [ -70.1431, 44.0221 ], [ -70.1405, 44.0308 ], [ -70.1268, 44.0656 ], [ -70.0649, 44.0566 ], [ -70.0661, 44.0559 ], [ -70.0657, 44.0553 ], [ -70.0662, 44.0544 ], [ -70.0696, 44.055 ], [ -70.0698, 44.0545 ], [ -70.071, 44.0546 ], [ -70.0731, 44.0535 ], [ -70.0738, 44.052 ], [ -70.0749, 44.051 ], [ -70.0749, 44.0495 ], [ -70.0756, 44.0494 ], [ -70.0766, 44.0485 ], [ -70.0774, 44.0488 ], [ -70.0779, 44.0483 ], [ -70.0767, 44.0421 ], [ -70.0732, 44.0378 ], [ -70.0713, 44.0342 ], [ -70.0688, 44.032 ], [ -70.0675, 44.0297 ], [ -70.0675, 44.0168 ], [ -70.0694, 44.0131 ], [ -70.0698, 44.0111 ], [ -70.0695, 44.008 ], [ -70.071, 44.0047 ], [ -70.0734, 44.0072 ], [ -70.0743, 44.0087 ], [ -70.0768, 44.0098 ], [ -70.0802, 44.0121 ], [ -70.0813, 44.0125 ], [ -70.083, 44.0127 ], [ -70.0864, 44.0114 ], [ -70.0869, 44.0117 ], [ -70.0888, 44.0099 ], [ -70.0905, 44.0103 ], [ -70.0921, 44.01 ], [ -70.095, 44.0085 ], [ -70.098, 44.0048 ], [ -70.1001, 43.9997 ], [ -70.1046, 43.9958 ], [ -70.1078, 43.9944 ], [ -70.1143, 43.9928 ], [ -70.1182, 43.991 ], [ -70.1249, 43.987 ], [ -70.1261, 43.9846 ], [ -70.1271, 43.9839 ], [ -70.1278, 43.9839 ], [ -70.1313, 43.9849 ], [ -70.1332, 43.9863 ], [ -70.1403, 43.9946 ], [ -70.145, 43.9986 ], [ -70.1586, 44.0053 ], [ -70.1431, 44.0221 ] ] ] } },
{ "type": "Feature", "properties": { "GEOIDFQ": "1400000US23001010700", "NAME": "107", "NAMELSAD": "Census Tract 107" }, "geometry": { "type": "Polygon", "coordinates": [ [ [ -70.3145, 44.1006 ], [ -70.308, 44.0982 ], [ -70.3048, 44.1015 ], [ -70.3064, 44.1035 ], [ -70.303, 44.1073 ], [ -70.2964, 44.1042 ], [ -70.293, 44.104 ], [ -70.2914, 44.1034 ], [ -70.2902, 44.1012 ], [ -70.2887, 44.0997 ], [ -70.2888, 44.0972 ], [ -70.2862, 44.0925 ], [ -70.2813, 44.0884 ], [ -70.2766, 44.086 ], [ -70.2735, 44.0871 ], [ -70.2691, 44.0876 ], [ -70.259, 44.0879 ], [ -70.2569, 44.0843 ], [ -70.2477, 44.0768 ], [ -70.2452, 44.0797 ], [ -70.2448, 44.0794 ], [ -70.2442, 44.0796 ], [ -70.2443, 44.0784 ], [ -70.2439, 44.0782 ], [ -70.2437, 44.0775 ], [ -70.2425, 44.0782 ], [ -70.2413, 44.0783 ], [ -70.2406, 44.079 ], [ -70.2386, 44.0786 ], [ -70.2374, 44.0792 ], [ -70.2366, 44.0789 ], [ -70.2363, 44.0781 ], [ -70.2357, 44.0777 ], [ -70.2376, 44.0756 ], [ -70.2378, 44.0739 ], [ -70.2374, 44.0729 ], [ -70.2376, 44.072 ], [ -70.2392, 44.0703 ], [ -70.2404, 44.07 ], [ -70.2415, 44.0659 ], [ -70.2469, 44.0581 ], [ -70.2515, 44.0528 ], [ -70.262, 44.0397 ], [ -70.2689, 44.0378 ], [ -70.2803, 44.0337 ], [ -70.2837, 44.032 ], [ -70.286, 44.0303 ], [ -70.2883, 44.0281 ], [ -70.2929, 44.0214 ], [ -70.3148, 44.0374 ], [ -70.2888, 44.0648 ], [ -70.2923, 44.0647 ], [ -70.2936, 44.0653 ], [ -70.2932, 44.0693 ], [ -70.2944, 44.071 ], [ -70.2952, 44.074 ], [ -70.2984, 44.076 ], [ -70.3002, 44.0765 ], [ -70.3024, 44.0788 ], [ -70.3066, 44.0799 ], [ -70.3078, 44.0796 ], [ -70.3112, 44.0819 ], [ -70.3119, 44.0843 ], [ -70.3136, 44.0858 ], [ -70.3132, 44.0875 ], [ -70.3151, 44.0891 ], [ -70.3155, 44.0921 ], [ -70.3143, 44.0921 ], [ -70.3142, 44.0926 ], [ -70.3158, 44.0949 ], [ -70.3162, 44.0966 ], [ -70.3145, 44.1006 ] ] ] } },
{ "type": "Feature", "properties": { "GEOIDFQ": "1400000US23001010200", "NAME": "102", "NAMELSAD": "Census Tract 102" }, "geometry": { "type": "Polygon", "coordinates": [ [ [ -70.2986, 44.1745 ], [ -70.2978, 44.1771 ], [ -70.2961, 44.1793 ], [ -70.2939, 44.1834 ], [ -70.2934, 44.1879 ], [ -70.2915, 44.1931 ], [ -70.2931, 44.1937 ], [ -70.2923, 44.1953 ], [ -70.2909, 44.1968 ], [ -70.29, 44.1991 ], [ -70.2125, 44.1786 ], [ -70.2071, 44.1753 ], [ -70.2025, 44.1716 ], [ -70.2002, 44.1694 ], [ -70.1997, 44.1674 ], [ -70.2017, 44.1654 ], [ -70.2027, 44.1622 ], [ -70.2107, 44.1511 ], [ -70.2093, 44.1482 ], [ -70.2058, 44.1453 ], [ -70.2024, 44.1405 ], [ -70.2009, 44.1393 ], [ -70.2012, 44.1372 ], [ -70.2022, 44.1353 ], [ -70.2025, 44.1332 ], [ -70.2079, 44.1277 ], [ -70.2088, 44.1251 ], [ -70.2101, 44.1239 ], [ -70.2104, 44.1218 ], [ -70.2131, 44.1189 ], [ -70.2165, 44.1166 ], [ -70.217, 44.1155 ], [ -70.2167, 44.1131 ], [ -70.2173, 44.1115 ], [ -70.221, 44.1086 ], [ -70.2226, 44.1066 ], [ -70.2234, 44.1042 ], [ -70.2224, 44.1014 ], [ -70.2272, 44.1004 ], [ -70.2266, 44.1022 ], [ -70.23, 44.1058 ], [ -70.2308, 44.1053 ], [ -70.2366, 44.112 ], [ -70.2413, 44.1164 ], [ -70.2437, 44.1177 ], [ -70.2464, 44.1186 ], [ -70.2512, 44.1211 ], [ -70.2589, 44.123 ], [ -70.2627, 44.1254 ], [ -70.2655, 44.1265 ], [ -70.2713, 44.1271 ], [ -70.2738, 44.1291 ], [ -70.2743, 44.1292 ], [ -70.2776, 44.1274 ], [ -70.2808, 44.1252 ], [ -70.2831, 44.1232 ], [ -70.2839, 44.1214 ], [ -70.2851, 44.121 ], [ -70.2914, 44.1212 ], [ -70.2983, 44.1263 ], [ -70.2967, 44.1281 ], [ -70.2974, 44.1319 ], [ -70.2976, 44.132 ], [ -70.2991, 44.1305 ], [ -70.3014, 44.132 ], [ -70.2999, 44.1332 ], [ -70.299, 44.1327 ], [ -70.297, 44.1347 ], [ -70.2991, 44.1368 ], [ -70.3007, 44.1426 ], [ -70.2954, 44.1481 ], [ -70.2954, 44.1502 ], [ -70.2921, 44.1537 ], [ -70.2923, 44.1568 ], [ -70.2913, 44.1571 ], [ -70.2907, 44.1586 ], [ -70.2893, 44.1594 ], [ -70.2887, 44.1602 ], [ -70.2916, 44.1617 ], [ -70.2958, 44.1658 ], [ -70.302, 44.1702 ], [ -70.2986, 44.1745 ] ] ] } },
{ "type": "Feature", "properties": { "GEOIDFQ": "1400000US23009965900", "NAME": "9659", "NAMELSAD": "Census Tract 9659" }, "geometry": { "type": "Polygon", "coordinates": [ [ [ -68.4138, 44.3895 ], [ -68.4018, 44.3956 ], [ -68.3995, 44.3956 ], [ -68.3967, 44.3946 ], [ -68.3886, 44.3955 ], [ -68.3847, 44.3968 ], [ -68.3784, 44.3997 ], [ -68.3745, 44.4019 ], [ -68.3745, 44.4069 ], [ -68.3751, 44.408 ], [ -68.3757, 44.4117 ], [ -68.3782, 44.4158 ], [ -68.3781, 44.4164 ], [ -68.3693, 44.4233 ], [ -68.3607, 44.4206 ], [ -68.3543, 44.424 ], [ -68.3576, 44.4281 ], [ -68.3576, 44.4294 ], [ -68.3525, 44.4338 ], [ -68.3502, 44.4399 ], [ -68.3481, 44.4419 ], [ -68.3445, 44.4437 ], [ -68.3427, 44.444 ], [ -68.3351, 44.4435 ], [ -68.3322, 44.4441 ], [ -68.329, 44.4453 ], [ -68.3188, 44.4509 ], [ -68.3154, 44.4515 ], [ -68.3115, 44.4505 ], [ -68.3044, 44.4467 ], [ -68.2987, 44.4443 ], [ -68.293, 44.4431 ], [ -68.2878, 44.4429 ], [ -68.2838, 44.4434 ], [ -68.2811, 44.4442 ], [ -68.2684, 44.4496 ], [ -68.2586, 44.4502 ], [ -68.2531, 44.4509 ], [ -68.2495, 44.4515 ], [ -68.2476, 44.4526 ], [ -68.2308, 44.4464 ], [ -68.2219, 44.444 ], [ -68.2172, 44.4433 ], [ -68.2242, 44.4321 ], [ -68.226, 44.4285 ], [ -68.2272, 44.4174 ], [ -68.2269, 44.4168 ], [ -68.2208, 44.412 ], [ -68.219, 44.4102 ], [ -68.2199, 44.4069 ], [ -68.2199, 44.4039 ], [ -68.2188, 44.4003 ], [ -68.2169, 44.3974 ], [ -68.2144, 44.3951 ], [ -68.213, 44.3945 ], [ -68.2058, 44.395 ], [ -68.2026, 44.3944 ], [ -68.1984, 44.3944 ], [ -68.1962, 44.394 ], [ -68.1933, 44.3928 ], [ -68.1917, 44.392 ], [ -68.191, 44.3908 ], [ -68.1947, 44.3818 ], [ -68.1943, 44.3813 ], [ -68.1883, 44.3809 ], [ -68.1839, 44.3789 ], [ -68.176, 44.377 ], [ -68.1714, 44.376 ], [ -68.1642, 44.3751 ], [ -68.1628, 44.3744 ], [ -68.1547, 44.3656 ], [ -68.1549, 44.3641 ], [ -68.1601, 44.3543 ], [ -68.1552, 44.3424 ], [ -68.1554, 44.3273 ], [ -68.1566, 44.3198 ], [ -68.1603, 44.3048 ], [ -68.1624, 44.2991 ], [ -68.1661, 44.2917 ], [ -68.1965, 44.3034 ], [ -68.1976, 44.3112 ], [ -68.1991, 44.3155 ], [ -68.2006, 44.3168 ], [ -68.1999, 44.3185 ], [ -68.2014, 44.3205 ], [ -68.2019, 44.3229 ], [ -68.3312, 44.3777 ], [ -68.4101, 44.3732 ], [ -68.4158, 44.3819 ], [ -68.4198, 44.3856 ], [ -68.4138, 44.3895 ] ] ] } },
{ "type": "Feature", "properties": { "GEOIDFQ": "1400000US23005002501", "NAME": "25.01", "NAMELSAD": "Census Tract 25.01" }, "geometry": { "type": "Polygon", "coordinates": [ [ [ -70.2508, 43.7028 ], [ -70.2492, 43.7074 ], [ -70.249, 43.7107 ], [ -70.2465, 43.714 ], [ -70.246, 43.7156 ], [ -70.2464, 43.7204 ], [ -70.2407, 43.7253 ], [ -70.2328, 43.73 ], [ -70.2307, 43.7317 ], [ -70.2245, 43.7416 ], [ -70.219, 43.7486 ], [ -70.169, 43.724 ], [ -70.1847, 43.7091 ], [ -70.1903, 43.7052 ], [ -70.1997, 43.6998 ], [ -70.2074, 43.6944 ], [ -70.2131, 43.6881 ], [ -70.2171, 43.6811 ], [ -70.2457, 43.6904 ], [ -70.2489, 43.695 ], [ -70.251, 43.701 ], [ -70.2508, 43.7028 ] ] ] } },
{ "type": "Feature", "properties": { "GEOIDFQ": "1400000US23031006105", "NAME": "61.05", "NAMELSAD": "Census Tract 61.05" }, "geometry": { "type": "Polygon", "coordinates": [ [ [ -70.3847, 43.5071 ], [ -70.3805, 43.5093 ], [ -70.3787, 43.5109 ], [ -70.3745, 43.5159 ], [ -70.3706, 43.5213 ], [ -70.3658, 43.519 ], [ -70.3745, 43.5078 ], [ -70.3807, 43.4959 ], [ -70.388, 43.4975 ], [ -70.3892, 43.4965 ], [ -70.3905, 43.4966 ], [ -70.3908, 43.4961 ], [ -70.3945, 43.4968 ], [ -70.3959, 43.4961 ], [ -70.3972, 43.4963 ], [ -70.3974, 43.4967 ], [ -70.3968, 43.4977 ], [ -70.3974, 43.4977 ], [ -70.3983, 43.4971 ], [ -70.3992, 43.4984 ], [ -70.3999, 43.4985 ], [ -70.4001, 43.4981 ], [ -70.4006, 43.4982 ], [ -70.401, 43.4992 ], [ -70.4019, 43.4985 ], [ -70.4037, 43.4992 ], [ -70.4041, 43.498 ], [ -70.4044, 43.4979 ], [ -70.4066, 43.4992 ], [ -70.4074, 43.4989 ], [ -70.408, 43.4995 ], [ -70.4087, 43.499 ], [ -70.4094, 43.4991 ], [ -70.4094, 43.4995 ], [ -70.4102, 43.4997 ], [ -70.4103, 43.5002 ], [ -70.4121, 43.5007 ], [ -70.4144, 43.5028 ], [ -70.3847, 43.5071 ] ] ] } },
{ "type": "Feature", "properties": { "GEOIDFQ": "1400000US23005001900", "NAME": "19", "NAMELSAD": "Census Tract 19" }, "geometry": { "type": "Polygon", "coordinates": [ [ [ -70.3047, 43.6764 ], [ -70.3054, 43.6769 ], [ -70.3021, 43.6792 ], [ -70.301, 43.6785 ], [ -70.3002, 43.6793 ], [ -70.2963, 43.6778 ], [ -70.2945, 43.6776 ], [ -70.2941, 43.6806 ], [ -70.2872, 43.6793 ], [ -70.2851, 43.6728 ], [ -70.2852, 43.6709 ], [ -70.2877, 43.671 ], [ -70.2903, 43.67 ], [ -70.2952, 43.6698 ], [ -70.3023, 43.669 ], [ -70.3082, 43.6712 ], [ -70.3077, 43.6723 ], [ -70.3088, 43.673 ], [ -70.3047, 43.6764 ] ] ] } },
{ "type": "Feature", "properties": { "GEOIDFQ": "1400000US23005002001", "NAME": "20.01", "NAMELSAD": "Census Tract 20.01" }, "geometry": { "type": "Polygon", "coordinates": [ [ [ -70.3276, 43.6839 ], [ -70.3235, 43.6843 ], [ -70.3119, 43.6864 ], [ -70.3136, 43.6851 ], [ -70.3147, 43.6829 ], [ -70.3144, 43.6828 ], [ -70.3139, 43.6837 ], [ -70.3125, 43.6832 ], [ -70.3121, 43.6813 ], [ -70.3047, 43.6764 ], [ -70.3088, 43.673 ], [ -70.3077, 43.6723 ], [ -70.3082, 43.6712 ], [ -70.3086, 43.6713 ], [ -70.309, 43.6708 ], [ -70.307, 43.6694 ], [ -70.3067, 43.6687 ], [ -70.3076, 43.6672 ], [ -70.3074, 43.6667 ], [ -70.3078, 43.6657 ], [ -70.307, 43.6652 ], [ -70.3071, 43.6638 ], [ -70.3085, 43.663 ], [ -70.3078, 43.6619 ], [ -70.317, 43.6664 ], [ -70.3315, 43.6722 ], [ -70.3291, 43.6795 ], [ -70.3306, 43.6827 ], [ -70.3318, 43.684 ], [ -70.3276, 43.6839 ] ] ] } },
{ "type": "Feature", "properties": { "GEOIDFQ": "1400000US23005002002", "NAME": "20.02", "NAMELSAD": "Census Tract 20.02" }, "geometry": { "type": "Polygon", "coordinates": [ [ [ -70.3408, 43.6523 ], [ -70.3453, 43.6547 ], [ -70.3374, 43.662 ], [ -70.3348, 43.6619 ], [ -70.3322, 43.6673 ], [ -70.333, 43.6675 ], [ -70.3315, 43.6722 ], [ -70.317, 43.6664 ], [ -70.3016, 43.6586 ], [ -70.2996, 43.6585 ], [ -70.2967, 43.6592 ], [ -70.2929, 43.6582 ], [ -70.2923, 43.6598 ], [ -70.2902, 43.6594 ], [ -70.289, 43.6629 ], [ -70.2881, 43.6627 ], [ -70.2876, 43.6643 ], [ -70.2853, 43.6636 ], [ -70.2846, 43.6608 ], [ -70.281, 43.6552 ], [ -70.2804, 43.6501 ], [ -70.2788, 43.6444 ], [ -70.2811, 43.6445 ], [ -70.2842, 43.6432 ], [ -70.2859, 43.6451 ], [ -70.287, 43.6457 ], [ -70.2882, 43.6459 ], [ -70.2919, 43.6455 ], [ -70.2981, 43.6469 ], [ -70.299, 43.6468 ], [ -70.3, 43.6461 ], [ -70.3016, 43.6466 ], [ -70.3129, 43.646 ], [ -70.313, 43.6456 ], [ -70.3172, 43.646 ], [ -70.3139, 43.649 ], [ -70.3143, 43.6492 ], [ -70.3137, 43.6496 ], [ -70.3474, 43.6453 ], [ -70.3408, 43.6523 ] ] ] } },
{ "type": "Feature", "properties": { "GEOIDFQ": "1400000US23005002102", "NAME": "21.02", "NAMELSAD": "Census Tract 21.02" }, "geometry": { "type": "Polygon", "coordinates": [ [ [ -70.3358, 43.6904 ], [ -70.3336, 43.6908 ], [ -70.3324, 43.692 ], [ -70.3298, 43.6932 ], [ -70.3294, 43.6955 ], [ -70.3298, 43.6973 ], [ -70.3294, 43.6986 ], [ -70.3286, 43.6997 ], [ -70.3264, 43.7009 ], [ -70.3253, 43.703 ], [ -70.3226, 43.7055 ], [ -70.3228, 43.7064 ], [ -70.325, 43.7072 ], [ -70.3255, 43.708 ], [ -70.323, 43.7103 ], [ -70.3177, 43.7143 ], [ -70.3172, 43.7154 ], [ -70.3169, 43.7177 ], [ -70.316, 43.7181 ], [ -70.3145, 43.7182 ], [ -70.3099, 43.7204 ], [ -70.3093, 43.7214 ], [ -70.3097, 43.7228 ], [ -70.3078, 43.724 ], [ -70.3041, 43.7239 ], [ -70.3043, 43.7232 ], [ -70.3003, 43.7203 ], [ -70.3038, 43.7128 ], [ -70.3041, 43.7109 ], [ -70.3038, 43.7092 ], [ -70.2935, 43.6896 ], [ -70.2937, 43.6886 ], [ -70.2932, 43.6877 ], [ -70.2945, 43.6776 ], [ -70.2963, 43.6778 ], [ -70.3002, 43.6793 ], [ -70.301, 43.6785 ], [ -70.3021, 43.6792 ], [ -70.3054, 43.6769 ], [ -70.3121, 43.6813 ], [ -70.3125, 43.6832 ], [ -70.3139, 43.6837 ], [ -70.3144, 43.6828 ], [ -70.3147, 43.6829 ], [ -70.3136, 43.6851 ], [ -70.3119, 43.6864 ], [ -70.3235, 43.6843 ], [ -70.3276, 43.6839 ], [ -70.3318, 43.684 ], [ -70.3334, 43.6856 ], [ -70.333, 43.6864 ], [ -70.3362, 43.6894 ], [ -70.3364, 43.6901 ], [ -70.3358, 43.6904 ] ] ] } },
{ "type": "Feature", "properties": { "GEOIDFQ": "1400000US23005002200", "NAME": "22", "NAMELSAD": "Census Tract 22" }, "geometry": { "type": "Polygon", "coordinates": [ [ [ -70.2932, 43.6877 ], [ -70.2937, 43.6889 ], [ -70.2918, 43.695 ], [ -70.2881, 43.6998 ], [ -70.2814, 43.7057 ], [ -70.2773, 43.7108 ], [ -70.2773, 43.7055 ], [ -70.2747, 43.7054 ], [ -70.2737, 43.7032 ], [ -70.2727, 43.7019 ], [ -70.2723, 43.7023 ], [ -70.2707, 43.7004 ], [ -70.2679, 43.7012 ], [ -70.2675, 43.701 ], [ -70.2669, 43.7013 ], [ -70.2664, 43.7025 ], [ -70.2596, 43.7015 ], [ -70.2602, 43.6979 ], [ -70.2635, 43.6942 ], [ -70.2649, 43.692 ], [ -70.2659, 43.6889 ], [ -70.2669, 43.6874 ], [ -70.2685, 43.6859 ], [ -70.2778, 43.6907 ], [ -70.2839, 43.6833 ], [ -70.2846, 43.6823 ], [ -70.2842, 43.6822 ], [ -70.2865, 43.6791 ], [ -70.2887, 43.6798 ], [ -70.2941, 43.6806 ], [ -70.2932, 43.6877 ] ] ] } },
{ "type": "Feature", "properties": { "GEOIDFQ": "1400000US23009965100", "NAME": "9651", "NAMELSAD": "Census Tract 9651" }, "geometry": { "type": "Polygon", "coordinates": [ [ [ -68.4012, 44.9944 ], [ -68.3759, 44.9974 ], [ -68.3892, 45.0539 ], [ -68.3969, 45.0833 ], [ -68.3745, 45.086 ], [ -68.2705, 45.1001 ], [ -68.3037, 45.2215 ], [ -68.1815, 45.2371 ], [ -68.1245, 45.2448 ], [ -68.055, 45.2526 ], [ -68.0313, 45.171 ], [ -68.0242, 45.1432 ], [ -67.999, 45.0258 ], [ -67.9819, 44.9559 ], [ -68.105, 44.9391 ], [ -68.0888, 44.8723 ], [ -68.0539, 44.7499 ], [ -68.0346, 44.6741 ], [ -68.0161, 44.6767 ], [ -67.9936, 44.5922 ], [ -68.0172, 44.5891 ], [ -68.0051, 44.5512 ], [ -67.9923, 44.5061 ], [ -67.9923, 44.505 ], [ -67.9918, 44.5045 ], [ -68.0291, 44.5008 ], [ -68.0386, 44.5435 ], [ -68.0708, 44.5396 ], [ -68.0712, 44.5395 ], [ -68.0677, 44.5246 ], [ -68.0666, 44.5226 ], [ -68.0641, 44.5206 ], [ -68.064, 44.5201 ], [ -68.0632, 44.5199 ], [ -68.0627, 44.5194 ], [ -68.062, 44.5194 ], [ -68.0617, 44.519 ], [ -68.061, 44.5189 ], [ -68.0605, 44.5184 ], [ -68.0605, 44.5181 ], [ -68.0613, 44.5181 ], [ -68.0627, 44.5169 ], [ -68.0631, 44.516 ], [ -68.0637, 44.5163 ], [ -68.0643, 44.5163 ], [ -68.0645, 44.5166 ], [ -68.0653, 44.5166 ], [ -68.066, 44.5162 ], [ -68.0658, 44.5156 ], [ -68.0665, 44.5155 ], [ -68.0676, 44.5159 ], [ -68.0676, 44.5153 ], [ -68.0689, 44.5152 ], [ -68.0695, 44.5142 ], [ -68.0686, 44.5138 ], [ -68.0694, 44.5127 ], [ -68.0693, 44.5123 ], [ -68.0684, 44.5124 ], [ -68.0677, 44.5118 ], [ -68.0663, 44.5118 ], [ -68.0648, 44.5106 ], [ -68.0648, 44.5089 ], [ -68.0675, 44.5054 ], [ -68.0673, 44.5051 ], [ -68.0655, 44.5051 ], [ -68.0643, 44.5039 ], [ -68.0713, 44.5032 ], [ -68.0707, 44.499 ], [ -68.0755, 44.4983 ], [ -68.0744, 44.4942 ], [ -68.1031, 44.4899 ], [ -68.1143, 44.5332 ], [ -68.0875, 44.537 ], [ -68.0898, 44.5458 ], [ -68.0849, 44.5465 ], [ -68.0932, 44.5778 ], [ -68.1245, 44.5719 ], [ -68.1573, 44.5668 ], [ -68.1708, 44.6251 ], [ -68.1737, 44.6358 ], [ -68.1676, 44.6365 ], [ -68.1685, 44.6402 ], [ -68.1611, 44.6413 ], [ -68.1617, 44.6438 ], [ -68.1614, 44.6438 ], [ -68.1618, 44.6453 ], [ -68.1697, 44.6442 ], [ -68.1708, 44.6479 ], [ -68.1731, 44.6476 ], [ -68.1742, 44.6516 ], [ -68.178, 44.6511 ], [ -68.1788, 44.6544 ], [ -68.3037, 44.6371 ], [ -68.2908, 44.5937 ], [ -68.396, 44.579 ], [ -68.4043, 44.6115 ], [ -68.4015, 44.612 ], [ -68.3967, 44.6121 ], [ -68.3951, 44.6131 ], [ -68.3923, 44.6176 ], [ -68.3918, 44.619 ], [ -68.3912, 44.6228 ], [ -68.3919, 44.6258 ], [ -68.3913, 44.6281 ], [ -68.39, 44.6302 ], [ -68.3899, 44.6315 ], [ -68.3907, 44.6327 ], [ -68.3921, 44.6336 ], [ -68.3988, 44.6354 ], [ -68.4005, 44.6365 ], [ -68.4008, 44.6378 ], [ -68.3981, 44.6432 ], [ -68.3982, 44.6449 ], [ -68.3987, 44.6458 ], [ -68.4021, 44.6485 ], [ -68.4039, 44.6495 ], [ -68.406, 44.65 ], [ -68.4094, 44.65 ], [ -68.414, 44.6485 ], [ -68.4256, 44.692 ], [ -68.442, 44.7501 ], [ -68.4585, 44.8157 ], [ -68.478, 44.8891 ], [ -68.5011, 44.9807 ], [ -68.4012, 44.9944 ] ] ] } },
{ "type": "Feature", "properties": { "GEOIDFQ": "1400000US23009965800", "NAME": "9658", "NAMELSAD": "Census Tract 9658" }, "geometry": { "type": "Polygon", "coordinates": [ [ [ -68.226, 44.4285 ], [ -68.2242, 44.4321 ], [ -68.2172, 44.4433 ], [ -68.2075, 44.4449 ], [ -68.2052, 44.4451 ], [ -68.2032, 44.445 ], [ -68.1926, 44.4423 ], [ -68.1877, 44.4406 ], [ -68.182, 44.4379 ], [ -68.1814, 44.4379 ], [ -68.1661, 44.4431 ], [ -68.1571, 44.447 ], [ -68.1498, 44.4507 ], [ -68.1455, 44.4543 ], [ -68.1426, 44.4574 ], [ -68.1408, 44.4611 ], [ -68.1395, 44.4683 ], [ -68.1398, 44.4723 ], [ -68.1409, 44.475 ], [ -68.1432, 44.4776 ], [ -68.1455, 44.4791 ], [ -68.1498, 44.4807 ], [ -68.1516, 44.482 ], [ -68.1531, 44.4849 ], [ -68.1538, 44.4885 ], [ -68.144, 44.4883 ], [ -68.1378, 44.4865 ], [ -68.1359, 44.4863 ], [ -68.1292, 44.4876 ], [ -68.1031, 44.4899 ], [ -68.0744, 44.4942 ], [ -68.0755, 44.4983 ], [ -68.0707, 44.499 ], [ -68.0713, 44.5032 ], [ -68.0643, 44.5039 ], [ -68.0655, 44.5051 ], [ -68.0675, 44.5052 ], [ -68.0672, 44.5061 ], [ -68.0658, 44.5073 ], [ -68.0646, 44.5096 ], [ -68.065, 44.5108 ], [ -68.0661, 44.5117 ], [ -68.0677, 44.5118 ], [ -68.0684, 44.5124 ], [ -68.0694, 44.5124 ], [ -68.0686, 44.5138 ], [ -68.0695, 44.514 ], [ -68.0691, 44.515 ], [ -68.0677, 44.5152 ], [ -68.0676, 44.5159 ], [ -68.0665, 44.5155 ], [ -68.0658, 44.5156 ], [ -68.066, 44.5162 ], [ -68.0653, 44.5166 ], [ -68.0645, 44.5166 ], [ -68.0643, 44.5163 ], [ -68.0637, 44.5163 ], [ -68.0631, 44.516 ], [ -68.0614, 44.518 ], [ -68.0605, 44.5181 ], [ -68.061, 44.5189 ], [ -68.0617, 44.519 ], [ -68.062, 44.5194 ], [ -68.0627, 44.5194 ], [ -68.0632, 44.5199 ], [ -68.064, 44.5201 ], [ -68.0641, 44.5206 ], [ -68.0666, 44.5226 ], [ -68.0677, 44.5246 ], [ -68.0712, 44.5395 ], [ -68.0386, 44.5435 ], [ -68.0291, 44.5008 ], [ -67.9918, 44.5045 ], [ -67.9913, 44.5039 ], [ -67.9914, 44.5028 ], [ -67.9889, 44.5016 ], [ -67.9862, 44.5005 ], [ -67.9809, 44.4992 ], [ -67.9771, 44.4978 ], [ -67.9756, 44.4925 ], [ -67.9767, 44.4912 ], [ -67.9735, 44.4895 ], [ -67.973, 44.4886 ], [ -67.9731, 44.4873 ], [ -67.9743, 44.4848 ], [ -67.9738, 44.4831 ], [ -67.9743, 44.4791 ], [ -67.9754, 44.4768 ], [ -67.9769, 44.476 ], [ -67.9812, 44.4746 ], [ -67.982, 44.4738 ], [ -67.982, 44.4729 ], [ -67.981, 44.4698 ], [ -67.9788, 44.4655 ], [ -67.9781, 44.4613 ], [ -67.9735, 44.4563 ], [ -67.9716, 44.4536 ], [ -67.97, 44.4471 ], [ -67.9701, 44.4402 ], [ -67.9676, 44.4365 ], [ -67.9651, 44.428 ], [ -67.9636, 44.4249 ], [ -67.9551, 44.4126 ], [ -67.9502, 44.4086 ], [ -67.9446, 44.4073 ], [ -67.9421, 44.4061 ], [ -67.9382, 44.4 ], [ -67.9436, 44.3956 ], [ -67.951, 44.393 ], [ -67.9525, 44.3871 ], [ -67.9549, 44.3836 ], [ -67.9706, 44.3808 ], [ -67.986, 44.3796 ], [ -68.0049, 44.3843 ], [ -68.0093, 44.379 ], [ -68.0115, 44.3686 ], [ -68.0116, 44.3574 ], [ -68.0155, 44.3523 ], [ -68.0229, 44.3446 ], [ -68.021, 44.3226 ], [ -68.0357, 44.3171 ], [ -68.0744, 44.3295 ], [ -68.1099, 44.3491 ], [ -68.1558, 44.3437 ], [ -68.1601, 44.3543 ], [ -68.1549, 44.3641 ], [ -68.1547, 44.3656 ], [ -68.1621, 44.3737 ], [ -68.1631, 44.3747 ], [ -68.1649, 44.3753 ], [ -68.1714, 44.376 ], [ -68.176, 44.377 ], [ -68.1839, 44.3789 ], [ -68.1883, 44.3809 ], [ -68.1943, 44.3813 ], [ -68.1947, 44.3818 ], [ -68.1911, 44.3904 ], [ -68.1914, 44.3917 ], [ -68.1933, 44.3928 ], [ -68.1976, 44.3943 ], [ -68.2026, 44.3944 ], [ -68.2058, 44.395 ], [ -68.2128, 44.3945 ], [ -68.2144, 44.3951 ], [ -68.2169, 44.3974 ], [ -68.2194, 44.4018 ], [ -68.2199, 44.4039 ], [ -68.2199, 44.4063 ], [ -68.219, 44.4102 ], [ -68.2208, 44.412 ], [ -68.2269, 44.4168 ], [ -68.2272, 44.4181 ], [ -68.226, 44.4285 ] ] ] } },
{ "type": "Feature", "properties": { "GEOIDFQ": "1400000US23009966300", "NAME": "9663", "NAMELSAD": "Census Tract 9663" }, "geometry": { "type": "Polygon", "coordinates": [ [ [ -68.6304, 44.5054 ], [ -68.5995, 44.4931 ], [ -68.6022, 44.4976 ], [ -68.6043, 44.504 ], [ -68.6073, 44.5086 ], [ -68.6108, 44.5113 ], [ -68.6167, 44.5129 ], [ -68.6187, 44.5138 ], [ -68.6212, 44.5165 ], [ -68.6227, 44.5209 ], [ -68.6227, 44.5221 ], [ -68.6209, 44.5264 ], [ -68.6213, 44.5316 ], [ -68.6226, 44.5355 ], [ -68.6255, 44.5408 ], [ -68.6023, 44.5476 ], [ -68.5959, 44.5569 ], [ -68.5939, 44.556 ], [ -68.5905, 44.5535 ], [ -68.5873, 44.5524 ], [ -68.582, 44.5518 ], [ -68.5795, 44.5519 ], [ -68.5771, 44.5524 ], [ -68.5757, 44.5522 ], [ -68.5729, 44.5505 ], [ -68.5719, 44.549 ], [ -68.5669, 44.5446 ], [ -68.5644, 44.5445 ], [ -68.5589, 44.5455 ], [ -68.5546, 44.5457 ], [ -68.5511, 44.5452 ], [ -68.5477, 44.5441 ], [ -68.5449, 44.5427 ], [ -68.5394, 44.5388 ], [ -68.5356, 44.5366 ], [ -68.5267, 44.5325 ], [ -68.5182, 44.53 ], [ -68.5174, 44.5294 ], [ -68.5173, 44.5278 ], [ -68.4995, 44.5223 ], [ -68.4725, 44.5133 ], [ -68.4557, 44.5036 ], [ -68.4303, 44.5016 ], [ -68.4288, 44.496 ], [ -68.4288, 44.4942 ], [ -68.4312, 44.4855 ], [ -68.4319, 44.4792 ], [ -68.4339, 44.4764 ], [ -68.439, 44.4735 ], [ -68.446, 44.4705 ], [ -68.4466, 44.4696 ], [ -68.4428, 44.4516 ], [ -68.4429, 44.4448 ], [ -68.4448, 44.44 ], [ -68.4478, 44.4359 ], [ -68.448, 44.435 ], [ -68.4466, 44.4272 ], [ -68.4457, 44.4153 ], [ -68.4446, 44.4096 ], [ -68.4481, 44.4023 ], [ -68.4487, 44.3961 ], [ -68.4476, 44.3933 ], [ -68.4413, 44.3869 ], [ -68.4398, 44.3849 ], [ -68.4396, 44.3841 ], [ -68.4404, 44.3828 ], [ -68.4462, 44.3775 ], [ -68.448, 44.3751 ], [ -68.4512, 44.3721 ], [ -68.4592, 44.3676 ], [ -68.4711, 44.362 ], [ -68.4707, 44.3563 ], [ -68.4721, 44.349 ], [ -68.4721, 44.3449 ], [ -68.4709, 44.3402 ], [ -68.4708, 44.336 ], [ -68.4626, 44.327 ], [ -68.4625, 44.3248 ], [ -68.4675, 44.3155 ], [ -68.4712, 44.3071 ], [ -68.4789, 44.2975 ], [ -68.5102, 44.298 ], [ -68.5112, 44.2992 ], [ -68.5142, 44.3013 ], [ -68.5872, 44.3509 ], [ -68.6793, 44.4144 ], [ -68.6849, 44.4078 ], [ -68.6867, 44.4075 ], [ -68.6895, 44.4084 ], [ -68.6897, 44.4082 ], [ -68.6916, 44.4087 ], [ -68.6939, 44.4053 ], [ -68.6967, 44.4063 ], [ -68.6304, 44.5054 ] ] ] } },
{ "type": "Feature", "properties": { "GEOIDFQ": "1400000US23009966400", "NAME": "9664", "NAMELSAD": "Census Tract 9664" }, "geometry": { "type": "Polygon", "coordinates": [ [ [ -68.8531, 44.4124 ], [ -68.8509, 44.4181 ], [ -68.8478, 44.4229 ], [ -68.8407, 44.4313 ], [ -68.829, 44.4418 ], [ -68.8064, 44.4569 ], [ -68.8012, 44.4617 ], [ -68.7992, 44.4643 ], [ -68.7971, 44.4684 ], [ -68.7959, 44.4726 ], [ -68.7951, 44.4774 ], [ -68.7947, 44.486 ], [ -68.7925, 44.4937 ], [ -68.7761, 44.498 ], [ -68.6694, 44.5288 ], [ -68.6255, 44.5408 ], [ -68.6226, 44.5355 ], [ -68.6213, 44.5316 ], [ -68.6209, 44.5264 ], [ -68.6227, 44.5221 ], [ -68.6227, 44.5209 ], [ -68.6212, 44.5165 ], [ -68.6187, 44.5138 ], [ -68.6167, 44.5129 ], [ -68.6108, 44.5113 ], [ -68.6073, 44.5086 ], [ -68.6043, 44.504 ], [ -68.6022, 44.4976 ], [ -68.5995, 44.4931 ], [ -68.6304, 44.5054 ], [ -68.6967, 44.4063 ], [ -68.6967, 44.4052 ], [ -68.7041, 44.3954 ], [ -68.7047, 44.3958 ], [ -68.7051, 44.3968 ], [ -68.7046, 44.3984 ], [ -68.703, 44.4007 ], [ -68.7035, 44.4027 ], [ -68.7053, 44.4043 ], [ -68.7115, 44.408 ], [ -68.7139, 44.4112 ], [ -68.7171, 44.4135 ], [ -68.7191, 44.414 ], [ -68.7202, 44.4138 ], [ -68.7222, 44.4127 ], [ -68.7251, 44.4099 ], [ -68.7265, 44.4099 ], [ -68.7303, 44.4114 ], [ -68.7343, 44.4147 ], [ -68.7429, 44.4259 ], [ -68.746, 44.4279 ], [ -68.7483, 44.4282 ], [ -68.7573, 44.4259 ], [ -68.7604, 44.4256 ], [ -68.7628, 44.4248 ], [ -68.7658, 44.4208 ], [ -68.7673, 44.4181 ], [ -68.7679, 44.4146 ], [ -68.7676, 44.4103 ], [ -68.7678, 44.406 ], [ -68.7689, 44.4039 ], [ -68.7702, 44.4023 ], [ -68.7716, 44.4014 ], [ -68.7765, 44.3993 ], [ -68.7793, 44.3975 ], [ -68.7827, 44.3943 ], [ -68.7849, 44.3916 ], [ -68.7879, 44.3869 ], [ -68.79, 44.3852 ], [ -68.7941, 44.3833 ], [ -68.8118, 44.3781 ], [ -68.8137, 44.3769 ], [ -68.8143, 44.3752 ], [ -68.8128, 44.3737 ], [ -68.8089, 44.3724 ], [ -68.8046, 44.3716 ], [ -68.8007, 44.3697 ], [ -68.7992, 44.367 ], [ -68.7995, 44.3656 ], [ -68.8005, 44.3645 ], [ -68.8111, 44.3573 ], [ -68.8161, 44.3557 ], [ -68.8211, 44.3554 ], [ -68.8312, 44.3555 ], [ -68.8439, 44.3547 ], [ -68.841, 44.3628 ], [ -68.8405, 44.3699 ], [ -68.8407, 44.3751 ], [ -68.8424, 44.3798 ], [ -68.8477, 44.3877 ], [ -68.8509, 44.394 ], [ -68.8531, 44.4015 ], [ -68.8535, 44.4068 ], [ -68.8531, 44.4124 ] ] ] } },
{ "type": "Feature", "properties": { "GEOIDFQ": "1400000US23009966600", "NAME": "9666", "NAMELSAD": "Census Tract 9666" }, "geometry": { "type": "Polygon", "coordinates": [ [ [ -68.8924, 44.2202 ], [ -68.8897, 44.2298 ], [ -68.8876, 44.2413 ], [ -68.8868, 44.2505 ], [ -68.8861, 44.2539 ], [ -68.8843, 44.2594 ], [ -68.8785, 44.2691 ], [ -68.8721, 44.2773 ], [ -68.8671, 44.2849 ], [ -68.8629, 44.2925 ], [ -68.8612, 44.2967 ], [ -68.8409, 44.3007 ], [ -68.8298, 44.302 ], [ -68.8238, 44.3021 ], [ -68.8194, 44.3017 ], [ -68.8116, 44.2995 ], [ -68.8034, 44.2984 ], [ -68.7947, 44.2982 ], [ -68.7892, 44.2989 ], [ -68.7812, 44.301 ], [ -68.7745, 44.3035 ], [ -68.7616, 44.3092 ], [ -68.7494, 44.3152 ], [ -68.7427, 44.3178 ], [ -68.7398, 44.3179 ], [ -68.7349, 44.3166 ], [ -68.7277, 44.3133 ], [ -68.7042, 44.302 ], [ -68.688, 44.2933 ], [ -68.6245, 44.2672 ], [ -68.6182, 44.2641 ], [ -68.6141, 44.2612 ], [ -68.605, 44.253 ], [ -68.6019, 44.249 ], [ -68.6002, 44.2454 ], [ -68.5969, 44.2427 ], [ -68.5943, 44.2415 ], [ -68.5772, 44.2366 ], [ -68.5742, 44.2354 ], [ -68.57, 44.2324 ], [ -68.5525, 44.2149 ], [ -68.5472, 44.2107 ], [ -68.5405, 44.206 ], [ -68.5169, 44.1927 ], [ -68.5195, 44.1874 ], [ -68.5212, 44.1818 ], [ -68.5286, 44.1641 ], [ -68.5317, 44.1552 ], [ -68.5355, 44.1486 ], [ -68.545, 44.1357 ], [ -68.5482, 44.1295 ], [ -68.5494, 44.1301 ], [ -68.5513, 44.1305 ], [ -68.5595, 44.131 ], [ -68.5693, 44.1305 ], [ -68.5793, 44.1287 ], [ -68.5845, 44.1261 ], [ -68.5907, 44.1211 ], [ -68.596, 44.1176 ], [ -68.6051, 44.1141 ], [ -68.6111, 44.1129 ], [ -68.6198, 44.1128 ], [ -68.6283, 44.1138 ], [ -68.634, 44.1151 ], [ -68.6467, 44.1195 ], [ -68.6538, 44.1203 ], [ -68.6591, 44.1199 ], [ -68.6667, 44.1187 ], [ -68.6785, 44.1174 ], [ -68.681, 44.1176 ], [ -68.6858, 44.1189 ], [ -68.6932, 44.1199 ], [ -68.7002, 44.12 ], [ -68.7042, 44.1192 ], [ -68.7147, 44.1159 ], [ -68.718, 44.1152 ], [ -68.7209, 44.1153 ], [ -68.7299, 44.1167 ], [ -68.7386, 44.1206 ], [ -68.7413, 44.1224 ], [ -68.7495, 44.1297 ], [ -68.7535, 44.134 ], [ -68.7569, 44.1397 ], [ -68.7611, 44.1534 ], [ -68.765, 44.1638 ], [ -68.768, 44.1684 ], [ -68.7748, 44.1774 ], [ -68.7774, 44.1798 ], [ -68.7794, 44.181 ], [ -68.7888, 44.1849 ], [ -68.796, 44.1886 ], [ -68.8022, 44.193 ], [ -68.8053, 44.1961 ], [ -68.81, 44.1988 ], [ -68.8125, 44.2008 ], [ -68.8137, 44.2014 ], [ -68.8178, 44.2015 ], [ -68.8204, 44.2023 ], [ -68.823, 44.204 ], [ -68.8285, 44.209 ], [ -68.8305, 44.21 ], [ -68.832, 44.2101 ], [ -68.8364, 44.2092 ], [ -68.853, 44.2022 ], [ -68.8577, 44.2013 ], [ -68.8651, 44.1994 ], [ -68.8719, 44.1988 ], [ -68.8739, 44.1995 ], [ -68.8964, 44.2099 ], [ -68.8924, 44.2202 ] ] ] } },
{ "type": "Feature", "properties": { "GEOIDFQ": "1400000US23009965700", "NAME": "9657", "NAMELSAD": "Census Tract 9657" }, "geometry": { "type": "Polygon", "coordinates": [ [ [ -68.2908, 44.5937 ], [ -68.3037, 44.6371 ], [ -68.1788, 44.6544 ], [ -68.178, 44.6511 ], [ -68.1742, 44.6516 ], [ -68.1731, 44.6476 ], [ -68.1708, 44.6479 ], [ -68.1697, 44.6442 ], [ -68.1618, 44.6453 ], [ -68.1611, 44.6413 ], [ -68.1685, 44.6402 ], [ -68.1676, 44.6365 ], [ -68.1737, 44.6358 ], [ -68.1708, 44.6251 ], [ -68.1573, 44.5668 ], [ -68.1245, 44.5719 ], [ -68.0932, 44.5778 ], [ -68.0849, 44.5465 ], [ -68.0898, 44.5458 ], [ -68.0875, 44.537 ], [ -68.1143, 44.5332 ], [ -68.1031, 44.4899 ], [ -68.1292, 44.4876 ], [ -68.1365, 44.4862 ], [ -68.144, 44.4883 ], [ -68.1538, 44.4885 ], [ -68.1531, 44.4849 ], [ -68.1516, 44.482 ], [ -68.1498, 44.4807 ], [ -68.145, 44.4788 ], [ -68.1425, 44.477 ], [ -68.1403, 44.4739 ], [ -68.1396, 44.4708 ], [ -68.1398, 44.4663 ], [ -68.1414, 44.4594 ], [ -68.1436, 44.4562 ], [ -68.1498, 44.4507 ], [ -68.1571, 44.447 ], [ -68.1661, 44.4431 ], [ -68.1814, 44.4379 ], [ -68.182, 44.4379 ], [ -68.1877, 44.4406 ], [ -68.1926, 44.4423 ], [ -68.2016, 44.4447 ], [ -68.2048, 44.4451 ], [ -68.2077, 44.4629 ], [ -68.2172, 44.471 ], [ -68.22, 44.4744 ], [ -68.2205, 44.4764 ], [ -68.2202, 44.478 ], [ -68.2193, 44.4792 ], [ -68.213, 44.4841 ], [ -68.2127, 44.4855 ], [ -68.2132, 44.4885 ], [ -68.2126, 44.4929 ], [ -68.2111, 44.496 ], [ -68.2079, 44.4985 ], [ -68.2075, 44.4993 ], [ -68.2079, 44.5071 ], [ -68.2068, 44.5144 ], [ -68.2074, 44.5165 ], [ -68.2095, 44.5179 ], [ -68.2131, 44.5192 ], [ -68.2226, 44.5212 ], [ -68.2237, 44.5221 ], [ -68.2243, 44.5239 ], [ -68.225, 44.5246 ], [ -68.238, 44.5292 ], [ -68.2466, 44.5342 ], [ -68.2539, 44.539 ], [ -68.2669, 44.5443 ], [ -68.2683, 44.5451 ], [ -68.2786, 44.5553 ], [ -68.2803, 44.5561 ], [ -68.2863, 44.5582 ], [ -68.2888, 44.56 ], [ -68.3129, 44.5907 ], [ -68.2908, 44.5937 ] ] ] } },
{ "type": "Feature", "properties": { "GEOIDFQ": "1400000US23009965400", "NAME": "9654", "NAMELSAD": "Census Tract 9654" }, "geometry": { "type": "Polygon", "coordinates": [ [ [ -68.8057, 44.5551 ], [ -68.8048, 44.557 ], [ -68.7997, 44.5633 ], [ -68.7983, 44.5658 ], [ -68.7983, 44.5681 ], [ -68.7928, 44.5698 ], [ -68.7906, 44.5698 ], [ -68.7767, 44.5667 ], [ -68.7733, 44.5655 ], [ -68.7463, 44.5813 ], [ -68.7449, 44.5817 ], [ -68.7415, 44.5819 ], [ -68.7383, 44.5846 ], [ -68.7373, 44.5867 ], [ -68.7368, 44.5893 ], [ -68.7364, 44.5898 ], [ -68.7342, 44.5893 ], [ -68.7322, 44.5901 ], [ -68.7298, 44.5936 ], [ -68.7285, 44.5942 ], [ -68.7271, 44.5943 ], [ -68.6512, 44.6558 ], [ -68.6245, 44.6387 ], [ -68.6398, 44.6367 ], [ -68.579, 44.5816 ], [ -68.6023, 44.5476 ], [ -68.6244, 44.5411 ], [ -68.6789, 44.5261 ], [ -68.7761, 44.498 ], [ -68.7925, 44.4937 ], [ -68.7929, 44.5001 ], [ -68.794, 44.5043 ], [ -68.7977, 44.5145 ], [ -68.8033, 44.5273 ], [ -68.8033, 44.5434 ], [ -68.8036, 44.5452 ], [ -68.8059, 44.5506 ], [ -68.8062, 44.5529 ], [ -68.8057, 44.5551 ] ] ] } },
{ "type": "Feature", "properties": { "GEOIDFQ": "1400000US23009966200", "NAME": "9662", "NAMELSAD": "Census Tract 9662" }, "geometry": { "type": "MultiPolygon", "coordinates": [ [ [ [ -68.2534, 44.1779 ], [ -68.2473, 44.18 ], [ -68.2375, 44.179 ], [ -68.2333, 44.173 ], [ -68.2357, 44.1651 ], [ -68.2362, 44.1541 ], [ -68.235, 44.1418 ], [ -68.2431, 44.1363 ], [ -68.2523, 44.1387 ], [ -68.26, 44.1466 ], [ -68.257, 44.1622 ], [ -68.2534, 44.1779 ] ] ], [ [ [ -68.548, 44.1277 ], [ -68.5482, 44.1295 ], [ -68.545, 44.1357 ], [ -68.5355, 44.1486 ], [ -68.5317, 44.1552 ], [ -68.5286, 44.1641 ], [ -68.5233, 44.1762 ], [ -68.5195, 44.1874 ], [ -68.5172, 44.1921 ], [ -68.5113, 44.1991 ], [ -68.5003, 44.2104 ], [ -68.4954, 44.2145 ], [ -68.493, 44.2158 ], [ -68.4947, 44.2228 ], [ -68.4945, 44.2259 ], [ -68.4932, 44.2291 ], [ -68.4871, 44.2364 ], [ -68.4734, 44.2495 ], [ -68.4798, 44.2556 ], [ -68.485, 44.2594 ], [ -68.4902, 44.2618 ], [ -68.5019, 44.2648 ], [ -68.5044, 44.2669 ], [ -68.5081, 44.2722 ], [ -68.5102, 44.2769 ], [ -68.5112, 44.2805 ], [ -68.5114, 44.2856 ], [ -68.5109, 44.2912 ], [ -68.5097, 44.2961 ], [ -68.5102, 44.298 ], [ -68.4814, 44.2974 ], [ -68.4785, 44.2976 ], [ -68.4756, 44.302 ], [ -68.4712, 44.3071 ], [ -68.4675, 44.3155 ], [ -68.4626, 44.3246 ], [ -68.4481, 44.3191 ], [ -68.44, 44.3146 ], [ -68.4319, 44.319 ], [ -68.4255, 44.3204 ], [ -68.4197, 44.324 ], [ -68.4169, 44.3276 ], [ -68.4138, 44.3272 ], [ -68.4103, 44.3273 ], [ -68.4085, 44.3276 ], [ -68.4076, 44.3285 ], [ -68.3979, 44.3299 ], [ -68.398, 44.3142 ], [ -68.384, 44.3157 ], [ -68.3542, 44.2717 ], [ -68.3526, 44.2702 ], [ -68.3516, 44.2702 ], [ -68.3515, 44.2696 ], [ -68.351, 44.2699 ], [ -68.35, 44.2688 ], [ -68.3486, 44.2688 ], [ -68.3487, 44.2678 ], [ -68.3475, 44.2681 ], [ -68.348, 44.2671 ], [ -68.3459, 44.2662 ], [ -68.3462, 44.2653 ], [ -68.3453, 44.2646 ], [ -68.3454, 44.2642 ], [ -68.3464, 44.2624 ], [ -68.3456, 44.2614 ], [ -68.3441, 44.2602 ], [ -68.3435, 44.2589 ], [ -68.3446, 44.2569 ], [ -68.341, 44.2541 ], [ -68.3257, 44.2303 ], [ -68.3218, 44.2268 ], [ -68.3116, 44.2119 ], [ -68.3098, 44.1999 ], [ -68.3109, 44.1929 ], [ -68.3281, 44.1819 ], [ -68.3288, 44.172 ], [ -68.3238, 44.1634 ], [ -68.321, 44.16 ], [ -68.3236, 44.1542 ], [ -68.3502, 44.145 ], [ -68.3463, 44.1397 ], [ -68.3469, 44.1375 ], [ -68.3498, 44.1349 ], [ -68.3289, 44.1176 ], [ -68.3238, 44.1123 ], [ -68.3212, 44.1066 ], [ -68.3273, 44.0968 ], [ -68.347, 44.0907 ], [ -68.3916, 44.0934 ], [ -68.4128, 44.0968 ], [ -68.4316, 44.1041 ], [ -68.4452, 44.1058 ], [ -68.4562, 44.0959 ], [ -68.4644, 44.0854 ], [ -68.4979, 44.0691 ], [ -68.4995, 44.0738 ], [ -68.5117, 44.0771 ], [ -68.5154, 44.0786 ], [ -68.5248, 44.0846 ], [ -68.5395, 44.0964 ], [ -68.5417, 44.0983 ], [ -68.5489, 44.1084 ], [ -68.5496, 44.1104 ], [ -68.5501, 44.1156 ], [ -68.548, 44.1277 ] ] ] ] } },
{ "type": "Feature", "properties": { "GEOIDFQ": "1400000US23031035001", "NAME": "350.01", "NAMELSAD": "Census Tract 350.01" }, "geometry": { "type": "Polygon", "coordinates": [ [ [ -70.8019, 43.2394 ], [ -70.8009, 43.2431 ], [ -70.7495, 43.2769 ], [ -70.7093, 43.3024 ], [ -70.7021, 43.2835 ], [ -70.6836, 43.2745 ], [ -70.6529, 43.2609 ], [ -70.7451, 43.2033 ], [ -70.7545, 43.1976 ], [ -70.7565, 43.1972 ], [ -70.7638, 43.2001 ], [ -70.7681, 43.2028 ], [ -70.7738, 43.204 ], [ -70.7775, 43.2055 ], [ -70.7843, 43.2097 ], [ -70.7869, 43.2117 ], [ -70.7892, 43.2123 ], [ -70.7917, 43.2162 ], [ -70.7914, 43.2167 ], [ -70.7903, 43.2167 ], [ -70.7896, 43.2161 ], [ -70.7876, 43.2169 ], [ -70.7864, 43.2162 ], [ -70.7863, 43.2167 ], [ -70.7891, 43.2214 ], [ -70.7888, 43.2217 ], [ -70.7877, 43.2215 ], [ -70.787, 43.2219 ], [ -70.7874, 43.2242 ], [ -70.7855, 43.2253 ], [ -70.786, 43.2257 ], [ -70.7856, 43.2261 ], [ -70.7857, 43.2268 ], [ -70.7863, 43.2269 ], [ -70.7874, 43.228 ], [ -70.7888, 43.228 ], [ -70.7937, 43.2294 ], [ -70.7956, 43.2307 ], [ -70.7969, 43.2328 ], [ -70.7967, 43.234 ], [ -70.7981, 43.2383 ], [ -70.8003, 43.2377 ], [ -70.8029, 43.2378 ], [ -70.8037, 43.2381 ], [ -70.8019, 43.2394 ] ] ] } },
{ "type": "Feature", "properties": { "GEOIDFQ": "1400000US23029955100", "NAME": "9551", "NAMELSAD": "Census Tract 9551" }, "geometry": { "type": "Polygon", "coordinates": [ [ [ -67.9819, 44.9559 ], [ -67.999, 45.0258 ], [ -68.0242, 45.1432 ], [ -68.0313, 45.171 ], [ -68.055, 45.2526 ], [ -68.0346, 45.256 ], [ -68.0026, 45.2598 ], [ -67.9985, 45.2598 ], [ -67.9398, 45.2678 ], [ -67.9669, 45.3519 ], [ -67.9579, 45.3532 ], [ -67.9727, 45.4043 ], [ -67.9989, 45.4836 ], [ -68.0147, 45.5356 ], [ -68.043, 45.6251 ], [ -68.048, 45.6399 ], [ -68.0021, 45.6479 ], [ -67.897, 45.6653 ], [ -67.9023, 45.6801 ], [ -67.8986, 45.6781 ], [ -67.8981, 45.6766 ], [ -67.8966, 45.6753 ], [ -67.8942, 45.675 ], [ -67.8927, 45.6741 ], [ -67.8911, 45.6737 ], [ -67.8893, 45.6718 ], [ -67.8888, 45.6718 ], [ -67.8867, 45.6729 ], [ -67.8846, 45.6723 ], [ -67.8782, 45.6722 ], [ -67.8772, 45.6719 ], [ -67.8736, 45.6693 ], [ -67.8057, 45.6801 ], [ -67.8036, 45.6777 ], [ -67.7687, 45.6775 ], [ -67.7543, 45.6676 ], [ -67.7469, 45.6706 ], [ -67.7444, 45.6729 ], [ -67.7387, 45.6677 ], [ -67.7357, 45.6669 ], [ -67.7341, 45.6647 ], [ -67.7325, 45.6634 ], [ -67.7313, 45.6636 ], [ -67.7272, 45.6626 ], [ -67.7252, 45.6637 ], [ -67.7249, 45.6642 ], [ -67.7238, 45.664 ], [ -67.7219, 45.6623 ], [ -67.7211, 45.662 ], [ -67.7198, 45.6625 ], [ -67.7188, 45.6644 ], [ -67.7176, 45.6651 ], [ -67.7181, 45.6657 ], [ -67.7179, 45.6677 ], [ -67.7235, 45.67 ], [ -67.7237, 45.6722 ], [ -67.7264, 45.6735 ], [ -67.73, 45.6767 ], [ -67.7335, 45.684 ], [ -67.7346, 45.6889 ], [ -67.7283, 45.6892 ], [ -67.727, 45.6885 ], [ -67.7253, 45.6855 ], [ -67.7231, 45.6841 ], [ -67.7219, 45.6824 ], [ -67.7178, 45.6794 ], [ -67.7131, 45.6812 ], [ -67.7096, 45.6813 ], [ -67.7105, 45.6792 ], [ -67.7062, 45.6735 ], [ -67.7014, 45.6691 ], [ -67.6979, 45.6596 ], [ -67.6913, 45.6535 ], [ -67.6923, 45.6501 ], [ -67.6798, 45.6382 ], [ -67.6752, 45.6307 ], [ -67.6662, 45.6242 ], [ -67.6633, 45.6254 ], [ -67.6456, 45.6133 ], [ -67.6398, 45.6161 ], [ -67.644, 45.6231 ], [ -67.6391, 45.6251 ], [ -67.6318, 45.6214 ], [ -67.6084, 45.6061 ], [ -67.5899, 45.6068 ], [ -67.5832, 45.6023 ], [ -67.5617, 45.5947 ], [ -67.5578, 45.5948 ], [ -67.5571, 45.597 ], [ -67.548, 45.5978 ], [ -67.5352, 45.595 ], [ -67.5192, 45.5876 ], [ -67.499, 45.5867 ], [ -67.4915, 45.5909 ], [ -67.4911, 45.5932 ], [ -67.4894, 45.5937 ], [ -67.488, 45.5958 ], [ -67.4877, 45.597 ], [ -67.4904, 45.597 ], [ -67.4917, 45.5985 ], [ -67.4941, 45.5989 ], [ -67.4933, 45.6013 ], [ -67.4913, 45.6013 ], [ -67.4908, 45.6008 ], [ -67.486, 45.6014 ], [ -67.4772, 45.6039 ], [ -67.4725, 45.6005 ], [ -67.4685, 45.6007 ], [ -67.465, 45.6034 ], [ -67.4567, 45.6043 ], [ -67.45, 45.6025 ], [ -67.4473, 45.5966 ], [ -67.4451, 45.5962 ], [ -67.4431, 45.5938 ], [ -67.4336, 45.5858 ], [ -67.4311, 45.5841 ], [ -67.4255, 45.5784 ], [ -67.4254, 45.5769 ], [ -67.4232, 45.5716 ], [ -67.4289, 45.5687 ], [ -67.4289, 45.5683 ], [ -67.4281, 45.5676 ], [ -67.4282, 45.5651 ], [ -67.4266, 45.5631 ], [ -67.427, 45.5623 ], [ -67.4265, 45.5606 ], [ -67.4232, 45.558 ], [ -67.4221, 45.5565 ], [ -67.4227, 45.5538 ], [ -67.4207, 45.5497 ], [ -67.4239, 45.547 ], [ -67.4243, 45.543 ], [ -67.4255, 45.5415 ], [ -67.4251, 45.5403 ], [ -67.4259, 45.5399 ], [ -67.4273, 45.5403 ], [ -67.4286, 45.5398 ], [ -67.4292, 45.5403 ], [ -67.4308, 45.5407 ], [ -67.4325, 45.5404 ], [ -67.4337, 45.5369 ], [ -67.4347, 45.5359 ], [ -67.4344, 45.5328 ], [ -67.4351, 45.5316 ], [ -67.4349, 45.5281 ], [ -67.433, 45.5249 ], [ -67.4317, 45.5238 ], [ -67.4327, 45.5198 ], [ -67.4321, 45.5192 ], [ -67.4285, 45.519 ], [ -67.4257, 45.5171 ], [ -67.4264, 45.5152 ], [ -67.425, 45.5139 ], [ -67.4209, 45.5118 ], [ -67.4165, 45.5043 ], [ -67.4162, 45.5013 ], [ -67.418, 45.5012 ], [ -67.4228, 45.5055 ], [ -67.4252, 45.5049 ], [ -67.4245, 45.5037 ], [ -67.4266, 45.5022 ], [ -67.4273, 45.5009 ], [ -67.4301, 45.501 ], [ -67.4308, 45.5014 ], [ -67.4306, 45.5031 ], [ -67.4324, 45.5038 ], [ -67.4345, 45.5034 ], [ -67.4371, 45.5051 ], [ -67.4419, 45.5052 ], [ -67.448, 45.5098 ], [ -67.4501, 45.5103 ], [ -67.4535, 45.5088 ], [ -67.4531, 45.5071 ], [ -67.45, 45.5052 ], [ -67.4489, 45.5021 ], [ -67.4497, 45.4991 ], [ -67.4516, 45.4991 ], [ -67.4538, 45.5002 ], [ -67.4619, 45.507 ], [ -67.4623, 45.508 ], [ -67.4636, 45.5084 ], [ -67.4666, 45.5067 ], [ -67.4669, 45.5058 ], [ -67.4685, 45.5054 ], [ -67.4699, 45.5058 ], [ -67.4711, 45.5042 ], [ -67.4703, 45.5021 ], [ -67.4712, 45.5009 ], [ -67.4705, 45.4995 ], [ -67.4676, 45.4984 ], [ -67.4646, 45.4983 ], [ -67.4637, 45.4971 ], [ -67.4675, 45.4952 ], [ -67.4714, 45.4972 ], [ -67.4733, 45.4961 ], [ -67.4776, 45.497 ], [ -67.4796, 45.4962 ], [ -67.4803, 45.4947 ], [ -67.4817, 45.4938 ], [ -67.4831, 45.4941 ], [ -67.4838, 45.4954 ], [ -67.4855, 45.4956 ], [ -67.4863, 45.4947 ], [ -67.4892, 45.4931 ], [ -67.4882, 45.4912 ], [ -67.4895, 45.4892 ], [ -67.4911, 45.4892 ], [ -67.4951, 45.4887 ], [ -67.4972, 45.4903 ], [ -67.5001, 45.4909 ], [ -67.5035, 45.4896 ], [ -67.5037, 45.4867 ], [ -67.5029, 45.4858 ], [ -67.5027, 45.4838 ], [ -67.5015, 45.4827 ], [ -67.5009, 45.4789 ], [ -67.4993, 45.477 ], [ -67.497, 45.4759 ], [ -67.4949, 45.4728 ], [ -67.4927, 45.4711 ], [ -67.4905, 45.4702 ], [ -67.4903, 45.4694 ], [ -67.4872, 45.4677 ], [ -67.4863, 45.466 ], [ -67.4863, 45.4647 ], [ -67.4837, 45.4621 ], [ -67.4821, 45.4594 ], [ -67.4825, 45.4571 ], [ -67.4849, 45.4563 ], [ -67.485, 45.4528 ], [ -67.4842, 45.4512 ], [ -67.484, 45.4494 ], [ -67.4831, 45.4492 ], [ -67.4823, 45.4481 ], [ -67.4779, 45.4464 ], [ -67.4765, 45.4433 ], [ -67.4776, 45.4416 ], [ -67.4798, 45.4414 ], [ -67.4804, 45.4409 ], [ -67.48, 45.4394 ], [ -67.4781, 45.4369 ], [ -67.4789, 45.4357 ], [ -67.4774, 45.4328 ], [ -67.4771, 45.4314 ], [ -67.4775, 45.4305 ], [ -67.4754, 45.4288 ], [ -67.4741, 45.4251 ], [ -67.4727, 45.4232 ], [ -67.4702, 45.4227 ], [ -67.4639, 45.4224 ], [ -67.4624, 45.4226 ], [ -67.4612, 45.4222 ], [ -67.4602, 45.4204 ], [ -67.4611, 45.4193 ], [ -67.4594, 45.4174 ], [ -67.4591, 45.4158 ], [ -67.4579, 45.4146 ], [ -67.4564, 45.4144 ], [ -67.4563, 45.4134 ], [ -67.4527, 45.4097 ], [ -67.4507, 45.4091 ], [ -67.4469, 45.4068 ], [ -67.4401, 45.4012 ], [ -67.4385, 45.399 ], [ -67.4324, 45.3948 ], [ -67.4297, 45.3919 ], [ -67.4276, 45.391 ], [ -67.4268, 45.3898 ], [ -67.4263, 45.3855 ], [ -67.4241, 45.382 ], [ -67.4227, 45.3812 ], [ -67.4231, 45.38 ], [ -67.4228, 45.3793 ], [ -67.4192, 45.3771 ], [ -67.4196, 45.3755 ], [ -67.4211, 45.3736 ], [ -67.4228, 45.373 ], [ -67.4254, 45.373 ], [ -67.4268, 45.3737 ], [ -67.4302, 45.3716 ], [ -67.4324, 45.3681 ], [ -67.4321, 45.367 ], [ -67.4345, 45.365 ], [ -67.4337, 45.3635 ], [ -67.4336, 45.3608 ], [ -67.433, 45.3604 ], [ -67.4317, 45.3605 ], [ -67.4302, 45.3595 ], [ -67.4254, 45.3574 ], [ -67.4255, 45.3566 ], [ -67.4272, 45.3553 ], [ -67.4286, 45.3548 ], [ -67.4288, 45.3539 ], [ -67.4282, 45.3526 ], [ -67.4286, 45.3517 ], [ -67.4307, 45.3511 ], [ -67.4315, 45.3498 ], [ -67.4289, 45.3457 ], [ -67.4289, 45.3444 ], [ -67.4312, 45.3411 ], [ -67.4346, 45.3401 ], [ -67.4406, 45.336 ], [ -67.442, 45.3339 ], [ -67.4418, 45.3324 ], [ -67.4436, 45.3309 ], [ -67.4465, 45.3299 ], [ -67.4508, 45.3292 ], [ -67.452, 45.3283 ], [ -67.4555, 45.3271 ], [ -67.4569, 45.3253 ], [ -67.4563, 45.3235 ], [ -67.4555, 45.3224 ], [ -67.453, 45.3204 ], [ -67.4521, 45.3193 ], [ -67.4518, 45.3177 ], [ -67.4535, 45.3137 ], [ -67.4579, 45.3096 ], [ -67.4592, 45.3057 ], [ -67.4587, 45.3044 ], [ -67.4597, 45.3032 ], [ -67.4603, 45.3 ], [ -67.4628, 45.2993 ], [ -67.4658, 45.2998 ], [ -67.4681, 45.299 ], [ -67.4687, 45.2974 ], [ -67.466, 45.2969 ], [ -67.4661, 45.2939 ], [ -67.4674, 45.2934 ], [ -67.4708, 45.2933 ], [ -67.4721, 45.2922 ], [ -67.4747, 45.2917 ], [ -67.4761, 45.2886 ], [ -67.4779, 45.2883 ], [ -67.4812, 45.2911 ], [ -67.4851, 45.2912 ], [ -67.4864, 45.2899 ], [ -67.4859, 45.287 ], [ -67.4897, 45.2821 ], [ -67.489, 45.2806 ], [ -67.4871, 45.2802 ], [ -67.4877, 45.279 ], [ -67.4878, 45.2761 ], [ -67.4894, 45.2751 ], [ -67.4931, 45.2757 ], [ -67.4945, 45.2756 ], [ -67.4953, 45.2749 ], [ -67.4962, 45.2729 ], [ -67.4971, 45.2722 ], [ -67.5011, 45.2716 ], [ -67.5036, 45.2705 ], [ -67.5047, 45.2692 ], [ -67.5034, 45.2653 ], [ -67.5036, 45.2633 ], [ -67.5073, 45.2599 ], [ -67.5133, 45.2563 ], [ -67.522, 45.2531 ], [ -67.5266, 45.251 ], [ -67.5274, 45.2503 ], [ -67.5297, 45.2462 ], [ -67.5314, 45.245 ], [ -67.5325, 45.2448 ], [ -67.5373, 45.2449 ], [ -67.544, 45.2437 ], [ -67.5458, 45.2437 ], [ -67.5491, 45.2443 ], [ -67.5598, 45.2488 ], [ -67.5633, 45.2508 ], [ -67.5654, 45.2503 ], [ -67.5672, 45.2489 ], [ -67.5678, 45.2473 ], [ -67.5666, 45.2438 ], [ -67.5679, 45.2366 ], [ -67.5671, 45.2301 ], [ -67.5684, 45.2286 ], [ -67.5704, 45.2273 ], [ -67.5795, 45.225 ], [ -67.5823, 45.2234 ], [ -67.584, 45.2216 ], [ -67.5874, 45.2144 ], [ -67.5896, 45.2139 ], [ -67.5923, 45.2149 ], [ -67.5942, 45.215 ], [ -67.5977, 45.2144 ], [ -67.6, 45.2149 ], [ -67.605, 45.2165 ], [ -67.6104, 45.2163 ], [ -67.6144, 45.2167 ], [ -67.6181, 45.2155 ], [ -67.621, 45.2127 ], [ -67.6221, 45.2122 ], [ -67.6264, 45.2117 ], [ -67.6285, 45.2091 ], [ -67.6344, 45.2065 ], [ -67.6431, 45.2037 ], [ -67.6482, 45.2012 ], [ -67.6576, 45.1942 ], [ -67.6622, 45.1919 ], [ -67.664, 45.1892 ], [ -67.6753, 45.1771 ], [ -67.6803, 45.1654 ], [ -67.68, 45.1539 ], [ -67.6788, 45.1485 ], [ -67.6771, 45.1475 ], [ -67.6683, 45.1461 ], [ -67.6645, 45.1443 ], [ -67.6629, 45.1425 ], [ -67.6629, 45.1405 ], [ -67.6643, 45.138 ], [ -67.6671, 45.1346 ], [ -67.6671, 45.1338 ], [ -67.6681, 45.1334 ], [ -67.6675, 45.1327 ], [ -67.6686, 45.1323 ], [ -67.6692, 45.131 ], [ -67.6703, 45.1303 ], [ -67.6714, 45.1302 ], [ -67.6728, 45.1295 ], [ -67.6736, 45.1297 ], [ -67.6758, 45.1293 ], [ -67.6769, 45.1288 ], [ -67.6768, 45.1283 ], [ -67.6775, 45.1278 ], [ -67.6766, 45.1272 ], [ -67.6781, 45.1258 ], [ -67.6788, 45.1241 ], [ -67.6786, 45.1216 ], [ -67.6799, 45.1183 ], [ -67.6793, 45.1177 ], [ -67.6778, 45.1172 ], [ -67.6757, 45.1172 ], [ -67.6746, 45.1166 ], [ -67.6758, 45.1149 ], [ -67.6755, 45.1135 ], [ -67.6769, 45.1137 ], [ -67.6776, 45.1131 ], [ -67.6763, 45.1115 ], [ -67.6744, 45.1109 ], [ -67.6744, 45.1096 ], [ -67.6736, 45.1089 ], [ -67.6744, 45.1073 ], [ -67.6755, 45.1073 ], [ -67.6757, 45.1067 ], [ -67.6769, 45.1065 ], [ -67.6761, 45.1056 ], [ -67.6774, 45.1048 ], [ -67.6764, 45.1031 ], [ -67.6764, 45.1021 ], [ -67.6729, 45.1047 ], [ -67.671, 45.1049 ], [ -67.67, 45.1045 ], [ -67.6621, 45.0983 ], [ -67.6606, 45.0979 ], [ -67.6518, 45.0977 ], [ -67.6461, 45.0957 ], [ -67.6373, 45.0974 ], [ -67.6363, 45.0982 ], [ -67.6346, 45.1012 ], [ -67.633, 45.1024 ], [ -67.6323, 45.1017 ], [ -67.631, 45.1012 ], [ -67.6306, 45.1004 ], [ -67.6299, 45.1002 ], [ -67.6285, 45.1003 ], [ -67.628, 45.0998 ], [ -67.6281, 45.099 ], [ -67.627, 45.0989 ], [ -67.6271, 45.0982 ], [ -67.625, 45.0975 ], [ -67.6246, 45.0969 ], [ -67.6236, 45.097 ], [ -67.6222, 45.0981 ], [ -67.6217, 45.0977 ], [ -67.6203, 45.0976 ], [ -67.6203, 45.0968 ], [ -67.6196, 45.0966 ], [ -67.6192, 45.0958 ], [ -67.6182, 45.0963 ], [ -67.6176, 45.097 ], [ -67.6158, 45.0968 ], [ -67.6152, 45.0975 ], [ -67.6142, 45.0979 ], [ -67.614, 45.0986 ], [ -67.612, 45.0987 ], [ -67.6117, 45.0978 ], [ -67.61, 45.0963 ], [ -67.6053, 45.0945 ], [ -67.6042, 45.092 ], [ -67.6032, 45.0912 ], [ -67.6009, 45.0911 ], [ -67.6002, 45.0892 ], [ -67.5985, 45.0878 ], [ -67.5983, 45.0862 ], [ -67.5978, 45.0855 ], [ -67.5973, 45.0854 ], [ -67.5949, 45.086 ], [ -67.5942, 45.0848 ], [ -67.593, 45.084 ], [ -67.5931, 45.0836 ], [ -67.5924, 45.0833 ], [ -67.5926, 45.0828 ], [ -67.5921, 45.0818 ], [ -67.5896, 45.0779 ], [ -67.6158, 45.0703 ], [ -67.6596, 45.0589 ], [ -67.5858, 44.9307 ], [ -67.5429, 44.8511 ], [ -67.5181, 44.8093 ], [ -67.55, 44.8027 ], [ -67.5796, 44.7952 ], [ -67.5836, 44.8015 ], [ -67.701, 44.766 ], [ -67.7009, 44.7633 ], [ -67.6906, 44.7302 ], [ -67.733, 44.7238 ], [ -67.7391, 44.7407 ], [ -67.7815, 44.733 ], [ -67.7772, 44.7174 ], [ -67.8744, 44.7021 ], [ -67.9511, 44.6892 ], [ -67.9994, 44.6803 ], [ -67.9995, 44.679 ], [ -68.0346, 44.6741 ], [ -68.0539, 44.7499 ], [ -68.0888, 44.8723 ], [ -68.1049, 44.9391 ], [ -67.9819, 44.9559 ] ] ] } },
{ "type": "Feature", "properties": { "GEOIDFQ": "1400000US23029955800", "NAME": "9558", "NAMELSAD": "Census Tract 9558" }, "geometry": { "type": "Polygon", "coordinates": [ [ [ -67.3255, 44.6523 ], [ -67.3316, 44.6582 ], [ -67.3233, 44.6975 ], [ -67.292, 44.7067 ], [ -67.1435, 44.7516 ], [ -67.1704, 44.8003 ], [ -67.167, 44.8034 ], [ -67.1649, 44.8063 ], [ -67.164, 44.8086 ], [ -67.1627, 44.8163 ], [ -67.1604, 44.8209 ], [ -67.1621, 44.8298 ], [ -67.1703, 44.8437 ], [ -67.1705, 44.8457 ], [ -67.1692, 44.8501 ], [ -67.1698, 44.8529 ], [ -67.1791, 44.8633 ], [ -67.1804, 44.8662 ], [ -67.1821, 44.8723 ], [ -67.1833, 44.8742 ], [ -67.192, 44.8803 ], [ -67.1981, 44.8837 ], [ -67.2027, 44.8893 ], [ -67.2109, 44.8946 ], [ -67.2181, 44.901 ], [ -67.223, 44.9063 ], [ -67.2212, 44.9064 ], [ -67.2175, 44.9052 ], [ -67.2157, 44.9053 ], [ -67.2139, 44.906 ], [ -67.2138, 44.9076 ], [ -67.2133, 44.9083 ], [ -67.2095, 44.91 ], [ -67.2078, 44.9101 ], [ -67.2057, 44.9089 ], [ -67.2045, 44.9087 ], [ -67.1958, 44.9103 ], [ -67.1743, 44.9016 ], [ -67.1465, 44.8783 ], [ -67.1339, 44.8801 ], [ -67.1292, 44.8798 ], [ -67.1286, 44.8807 ], [ -67.1288, 44.8827 ], [ -67.1276, 44.8831 ], [ -67.1257, 44.8847 ], [ -67.1245, 44.8878 ], [ -67.1236, 44.8885 ], [ -67.1197, 44.8898 ], [ -67.1135, 44.89 ], [ -67.1107, 44.8908 ], [ -67.1098, 44.8916 ], [ -67.1074, 44.8948 ], [ -67.1027, 44.898 ], [ -67.099, 44.9019 ], [ -67.0929, 44.9055 ], [ -67.086, 44.9082 ], [ -67.0837, 44.9086 ], [ -67.0795, 44.908 ], [ -67.0762, 44.9081 ], [ -67.0636, 44.9098 ], [ -67.0592, 44.91 ], [ -67.0523, 44.9108 ], [ -67.0478, 44.9105 ], [ -67.0434, 44.9094 ], [ -67.0363, 44.9062 ], [ -67.0333, 44.9053 ], [ -67.0297, 44.9037 ], [ -67.0273, 44.9018 ], [ -67.0244, 44.8982 ], [ -67.0204, 44.8941 ], [ -67.0136, 44.8909 ], [ -67.0052, 44.8877 ], [ -66.9981, 44.8873 ], [ -66.9986, 44.8742 ], [ -66.9808, 44.8739 ], [ -66.9821, 44.8673 ], [ -66.9807, 44.8605 ], [ -66.9748, 44.851 ], [ -66.9749, 44.8416 ], [ -66.9653, 44.8289 ], [ -66.9326, 44.8255 ], [ -66.926, 44.8212 ], [ -67.0475, 44.7501 ], [ -67.109, 44.6957 ], [ -67.1606, 44.6436 ], [ -67.2266, 44.6247 ], [ -67.2799, 44.5839 ], [ -67.3227, 44.5953 ], [ -67.3337, 44.5911 ], [ -67.3255, 44.6523 ] ] ] } },
{ "type": "Feature", "properties": { "GEOIDFQ": "1400000US23029956100", "NAME": "9561", "NAMELSAD": "Census Tract 9561" }, "geometry": { "type": "Polygon", "coordinates": [ [ [ -67.4035, 44.8436 ], [ -67.3784, 44.7981 ], [ -67.3525, 44.7501 ], [ -67.3233, 44.6975 ], [ -67.3316, 44.6582 ], [ -67.3255, 44.6523 ], [ -67.3337, 44.5911 ], [ -67.3428, 44.5877 ], [ -67.3731, 44.5486 ], [ -67.3776, 44.5688 ], [ -67.3864, 44.5706 ], [ -67.4124, 44.5568 ], [ -67.4141, 44.5606 ], [ -67.417, 44.5653 ], [ -67.4187, 44.5693 ], [ -67.4234, 44.5724 ], [ -67.425, 44.5759 ], [ -67.4258, 44.5799 ], [ -67.4256, 44.5811 ], [ -67.4247, 44.5827 ], [ -67.4228, 44.5847 ], [ -67.4222, 44.5916 ], [ -67.4193, 44.5968 ], [ -67.4196, 44.5979 ], [ -67.4247, 44.606 ], [ -67.4236, 44.6105 ], [ -67.4254, 44.6157 ], [ -67.425, 44.6171 ], [ -67.4279, 44.6194 ], [ -67.4282, 44.6208 ], [ -67.4316, 44.6257 ], [ -67.4351, 44.6261 ], [ -67.4368, 44.6271 ], [ -67.4375, 44.6281 ], [ -67.4376, 44.6297 ], [ -67.4414, 44.633 ], [ -67.4429, 44.6358 ], [ -67.443, 44.6384 ], [ -67.4422, 44.6417 ], [ -67.4404, 44.6445 ], [ -67.4406, 44.6479 ], [ -67.4379, 44.6516 ], [ -67.4409, 44.6555 ], [ -67.441, 44.6584 ], [ -67.4366, 44.6622 ], [ -67.4338, 44.6666 ], [ -67.4327, 44.6669 ], [ -67.4318, 44.6664 ], [ -67.4397, 44.6873 ], [ -67.4187, 44.6906 ], [ -67.4204, 44.695 ], [ -67.4154, 44.6958 ], [ -67.4214, 44.7148 ], [ -67.4298, 44.7145 ], [ -67.4327, 44.7304 ], [ -67.4344, 44.7428 ], [ -67.4453, 44.7425 ], [ -67.4455, 44.7467 ], [ -67.4488, 44.7465 ], [ -67.449, 44.7492 ], [ -67.4524, 44.7491 ], [ -67.4539, 44.7602 ], [ -67.4639, 44.76 ], [ -67.4641, 44.7634 ], [ -67.4655, 44.7633 ], [ -67.4656, 44.7669 ], [ -67.4689, 44.7669 ], [ -67.4693, 44.771 ], [ -67.4678, 44.771 ], [ -67.4681, 44.7737 ], [ -67.4689, 44.7737 ], [ -67.4692, 44.7777 ], [ -67.4712, 44.7777 ], [ -67.4713, 44.7798 ], [ -67.4732, 44.7798 ], [ -67.4733, 44.7821 ], [ -67.4767, 44.7822 ], [ -67.4768, 44.7846 ], [ -67.4813, 44.7845 ], [ -67.4815, 44.7865 ], [ -67.4865, 44.7866 ], [ -67.4865, 44.7884 ], [ -67.4878, 44.7884 ], [ -67.4994, 44.7959 ], [ -67.4994, 44.7966 ], [ -67.5181, 44.8093 ], [ -67.4035, 44.8436 ] ] ] } },
{ "type": "Feature", "properties": { "GEOIDFQ": "1400000US23029956500", "NAME": "9565", "NAMELSAD": "Census Tract 9565" }, "geometry": { "type": "Polygon", "coordinates": [ [ [ -67.9936, 44.5922 ], [ -68.0161, 44.6767 ], [ -67.9995, 44.679 ], [ -67.9994, 44.6803 ], [ -67.9632, 44.6871 ], [ -67.8921, 44.6992 ], [ -67.8699, 44.6287 ], [ -67.8607, 44.6295 ], [ -67.8562, 44.6148 ], [ -67.8764, 44.6116 ], [ -67.8744, 44.6048 ], [ -67.8728, 44.6044 ], [ -67.8732, 44.6029 ], [ -67.8728, 44.6021 ], [ -67.8703, 44.6011 ], [ -67.8695, 44.6003 ], [ -67.8693, 44.5987 ], [ -67.8676, 44.5981 ], [ -67.8671, 44.5973 ], [ -67.8663, 44.5971 ], [ -67.8659, 44.5967 ], [ -67.8641, 44.5973 ], [ -67.8634, 44.5968 ], [ -67.8594, 44.5961 ], [ -67.8599, 44.5956 ], [ -67.8595, 44.5953 ], [ -67.8588, 44.5953 ], [ -67.8582, 44.5961 ], [ -67.8572, 44.5959 ], [ -67.8576, 44.5936 ], [ -67.8559, 44.5935 ], [ -67.8554, 44.5932 ], [ -67.8568, 44.5926 ], [ -67.8561, 44.5907 ], [ -67.8549, 44.5902 ], [ -67.8539, 44.5893 ], [ -67.8519, 44.5893 ], [ -67.8521, 44.5878 ], [ -67.8511, 44.5855 ], [ -67.8485, 44.5848 ], [ -67.8478, 44.5842 ], [ -67.8477, 44.5832 ], [ -67.848, 44.5828 ], [ -67.8502, 44.5825 ], [ -67.8511, 44.582 ], [ -67.851, 44.5793 ], [ -67.8493, 44.5783 ], [ -67.8465, 44.5778 ], [ -67.8449, 44.5769 ], [ -67.8429, 44.5744 ], [ -67.8383, 44.5704 ], [ -67.8371, 44.5697 ], [ -67.8347, 44.5691 ], [ -67.8278, 44.568 ], [ -67.8222, 44.5663 ], [ -67.8181, 44.5647 ], [ -67.8125, 44.5614 ], [ -67.8084, 44.56 ], [ -67.8074, 44.5593 ], [ -67.8067, 44.5582 ], [ -67.8074, 44.5513 ], [ -67.8091, 44.548 ], [ -67.8087, 44.5445 ], [ -67.8101, 44.5404 ], [ -67.8114, 44.5382 ], [ -67.813, 44.5377 ], [ -67.8169, 44.5382 ], [ -67.8213, 44.5402 ], [ -67.8242, 44.5425 ], [ -67.8257, 44.5429 ], [ -67.8292, 44.5428 ], [ -67.8325, 44.5423 ], [ -67.8379, 44.5406 ], [ -67.8396, 44.5396 ], [ -67.8415, 44.5371 ], [ -67.8422, 44.5311 ], [ -67.8436, 44.5264 ], [ -67.8463, 44.5208 ], [ -67.8455, 44.5185 ], [ -67.8419, 44.5129 ], [ -67.8357, 44.5088 ], [ -67.8349, 44.5051 ], [ -67.8358, 44.499 ], [ -67.8369, 44.4969 ], [ -67.8389, 44.4949 ], [ -67.841, 44.4916 ], [ -67.8443, 44.4833 ], [ -67.8444, 44.4798 ], [ -67.8436, 44.4756 ], [ -67.8431, 44.4745 ], [ -67.8417, 44.4737 ], [ -67.8305, 44.4712 ], [ -67.8156, 44.438 ], [ -67.8218, 44.4319 ], [ -67.8649, 44.3919 ], [ -67.8744, 44.3868 ], [ -67.8862, 44.3846 ], [ -67.9356, 44.3905 ], [ -67.9374, 44.3988 ], [ -67.9415, 44.4054 ], [ -67.9438, 44.407 ], [ -67.9502, 44.4086 ], [ -67.954, 44.4114 ], [ -67.9565, 44.4145 ], [ -67.9636, 44.4249 ], [ -67.965, 44.4277 ], [ -67.9676, 44.4365 ], [ -67.9703, 44.4408 ], [ -67.97, 44.4471 ], [ -67.9716, 44.4536 ], [ -67.9735, 44.4563 ], [ -67.9781, 44.4613 ], [ -67.9788, 44.4655 ], [ -67.9819, 44.4723 ], [ -67.982, 44.4738 ], [ -67.9812, 44.4746 ], [ -67.9767, 44.4761 ], [ -67.9749, 44.4775 ], [ -67.9738, 44.4824 ], [ -67.9743, 44.4848 ], [ -67.9731, 44.4873 ], [ -67.973, 44.4888 ], [ -67.9735, 44.4895 ], [ -67.9767, 44.4912 ], [ -67.9756, 44.4925 ], [ -67.9772, 44.498 ], [ -67.9862, 44.5005 ], [ -67.9914, 44.5029 ], [ -67.9913, 44.5039 ], [ -67.9923, 44.505 ], [ -67.9923, 44.5061 ], [ -68.0051, 44.5512 ], [ -68.0172, 44.5891 ], [ -67.9936, 44.5922 ] ] ] } },
{ "type": "Feature", "properties": { "GEOIDFQ": "1400000US23005002300", "NAME": "23", "NAMELSAD": "Census Tract 23" }, "geometry": { "type": "Polygon", "coordinates": [ [ [ -70.2668, 43.6875 ], [ -70.2635, 43.6942 ], [ -70.2602, 43.6979 ], [ -70.2596, 43.7015 ], [ -70.2509, 43.7001 ], [ -70.2489, 43.695 ], [ -70.2458, 43.6904 ], [ -70.2464, 43.6897 ], [ -70.2452, 43.6896 ], [ -70.2447, 43.6886 ], [ -70.2449, 43.688 ], [ -70.2466, 43.687 ], [ -70.2475, 43.6869 ], [ -70.248, 43.6873 ], [ -70.2495, 43.687 ], [ -70.2516, 43.685 ], [ -70.2517, 43.6839 ], [ -70.2509, 43.6832 ], [ -70.2512, 43.6816 ], [ -70.2508, 43.6814 ], [ -70.2512, 43.6802 ], [ -70.2529, 43.6788 ], [ -70.2503, 43.6745 ], [ -70.2557, 43.6761 ], [ -70.2562, 43.6759 ], [ -70.2563, 43.677 ], [ -70.2599, 43.6756 ], [ -70.2652, 43.6795 ], [ -70.2659, 43.6797 ], [ -70.2679, 43.682 ], [ -70.2703, 43.6836 ], [ -70.2707, 43.6842 ], [ -70.2668, 43.6875 ] ] ] } },
{ "type": "Feature", "properties": { "GEOIDFQ": "1400000US23005002101", "NAME": "21.01", "NAMELSAD": "Census Tract 21.01" }, "geometry": { "type": "Polygon", "coordinates": [ [ [ -70.3003, 43.7203 ], [ -70.2998, 43.7199 ], [ -70.2992, 43.7202 ], [ -70.2992, 43.7207 ], [ -70.2963, 43.7219 ], [ -70.2924, 43.7259 ], [ -70.2921, 43.7257 ], [ -70.2857, 43.7277 ], [ -70.2853, 43.7263 ], [ -70.2842, 43.726 ], [ -70.2804, 43.7225 ], [ -70.2778, 43.7223 ], [ -70.2827, 43.7166 ], [ -70.2771, 43.7139 ], [ -70.2772, 43.7109 ], [ -70.2814, 43.7057 ], [ -70.2881, 43.6998 ], [ -70.2918, 43.6952 ], [ -70.2935, 43.6896 ], [ -70.3035, 43.7085 ], [ -70.304, 43.712 ], [ -70.3003, 43.7203 ] ] ] } },
{ "type": "Feature", "properties": { "GEOIDFQ": "1400000US23005002800", "NAME": "28", "NAMELSAD": "Census Tract 28" }, "geometry": { "type": "Polygon", "coordinates": [ [ [ -70.3595, 43.6793 ], [ -70.3572, 43.68 ], [ -70.3552, 43.6818 ], [ -70.3535, 43.6827 ], [ -70.3517, 43.6831 ], [ -70.3492, 43.6858 ], [ -70.3403, 43.6883 ], [ -70.3369, 43.6881 ], [ -70.3361, 43.6892 ], [ -70.333, 43.6864 ], [ -70.3334, 43.6856 ], [ -70.3306, 43.6827 ], [ -70.3291, 43.6795 ], [ -70.333, 43.6675 ], [ -70.3322, 43.6673 ], [ -70.3348, 43.6619 ], [ -70.3377, 43.6633 ], [ -70.3407, 43.6643 ], [ -70.3463, 43.6654 ], [ -70.3477, 43.6673 ], [ -70.3491, 43.6707 ], [ -70.3503, 43.6721 ], [ -70.3529, 43.6737 ], [ -70.3591, 43.6757 ], [ -70.3609, 43.6769 ], [ -70.3616, 43.6768 ], [ -70.3626, 43.6789 ], [ -70.3595, 43.6793 ] ] ] } },
{ "type": "Feature", "properties": { "GEOIDFQ": "1400000US23005003100", "NAME": "31", "NAMELSAD": "Census Tract 31" }, "geometry": { "type": "Polygon", "coordinates": [ [ [ -70.286, 43.6369 ], [ -70.2821, 43.6398 ], [ -70.2803, 43.639 ], [ -70.2754, 43.641 ], [ -70.2712, 43.6418 ], [ -70.2643, 43.6418 ], [ -70.2591, 43.6351 ], [ -70.2587, 43.6337 ], [ -70.2569, 43.6338 ], [ -70.2559, 43.6344 ], [ -70.2542, 43.6342 ], [ -70.2522, 43.6345 ], [ -70.2516, 43.6317 ], [ -70.2619, 43.6252 ], [ -70.263, 43.6248 ], [ -70.2682, 43.6249 ], [ -70.2718, 43.6232 ], [ -70.2728, 43.6245 ], [ -70.2778, 43.6279 ], [ -70.284, 43.6288 ], [ -70.2868, 43.6298 ], [ -70.2909, 43.6304 ], [ -70.292, 43.6302 ], [ -70.286, 43.6369 ] ] ] } },
{ "type": "Feature", "properties": { "GEOIDFQ": "1400000US23031030204", "NAME": "302.04", "NAMELSAD": "Census Tract 302.04" }, "geometry": { "type": "Polygon", "coordinates": [ [ [ -70.7677, 43.4505 ], [ -70.7633, 43.4576 ], [ -70.759, 43.4616 ], [ -70.7586, 43.4608 ], [ -70.7576, 43.4604 ], [ -70.7573, 43.4596 ], [ -70.7555, 43.459 ], [ -70.7523, 43.459 ], [ -70.7494, 43.4577 ], [ -70.7486, 43.4583 ], [ -70.7454, 43.4584 ], [ -70.7434, 43.4575 ], [ -70.7421, 43.4563 ], [ -70.7399, 43.456 ], [ -70.739, 43.4552 ], [ -70.7387, 43.454 ], [ -70.737, 43.453 ], [ -70.7372, 43.4512 ], [ -70.7362, 43.4492 ], [ -70.7367, 43.4479 ], [ -70.735, 43.447 ], [ -70.7341, 43.4468 ], [ -70.7334, 43.446 ], [ -70.7331, 43.4448 ], [ -70.7321, 43.4439 ], [ -70.7309, 43.4435 ], [ -70.7322, 43.4401 ], [ -70.7334, 43.4349 ], [ -70.7338, 43.4349 ], [ -70.7381, 43.4352 ], [ -70.7454, 43.4366 ], [ -70.7504, 43.437 ], [ -70.7531, 43.4378 ], [ -70.7548, 43.4362 ], [ -70.7557, 43.4358 ], [ -70.7577, 43.4366 ], [ -70.7608, 43.4373 ], [ -70.7634, 43.4391 ], [ -70.7649, 43.4394 ], [ -70.7664, 43.4406 ], [ -70.7679, 43.4411 ], [ -70.7692, 43.441 ], [ -70.7705, 43.4413 ], [ -70.7713, 43.4408 ], [ -70.7734, 43.4414 ], [ -70.7743, 43.4439 ], [ -70.7677, 43.4505 ] ] ] } },
{ "type": "Feature", "properties": { "GEOIDFQ": "1400000US23031005301", "NAME": "53.01", "NAMELSAD": "Census Tract 53.01" }, "geometry": { "type": "Polygon", "coordinates": [ [ [ -70.4602, 43.5013 ], [ -70.4478, 43.5077 ], [ -70.4457, 43.5033 ], [ -70.443, 43.5007 ], [ -70.442, 43.5002 ], [ -70.4331, 43.4986 ], [ -70.4291, 43.4964 ], [ -70.4352, 43.4901 ], [ -70.4422, 43.4925 ], [ -70.4475, 43.4927 ], [ -70.4488, 43.493 ], [ -70.4506, 43.494 ], [ -70.4518, 43.4942 ], [ -70.4524, 43.4955 ], [ -70.4512, 43.4966 ], [ -70.4509, 43.4979 ], [ -70.4526, 43.4995 ], [ -70.4542, 43.4997 ], [ -70.4614, 43.4986 ], [ -70.4638, 43.4986 ], [ -70.4602, 43.5013 ] ] ] } },
{ "type": "Feature", "properties": { "GEOIDFQ": "1400000US23031025206", "NAME": "252.06", "NAMELSAD": "Census Tract 252.06" }, "geometry": { "type": "Polygon", "coordinates": [ [ [ -70.4564, 43.4967 ], [ -70.4514, 43.4964 ], [ -70.4524, 43.4955 ], [ -70.4518, 43.4942 ], [ -70.4506, 43.494 ], [ -70.4488, 43.493 ], [ -70.4475, 43.4927 ], [ -70.4422, 43.4925 ], [ -70.4352, 43.4901 ], [ -70.4376, 43.4877 ], [ -70.4384, 43.4873 ], [ -70.4386, 43.4862 ], [ -70.4393, 43.4861 ], [ -70.4407, 43.4851 ], [ -70.4422, 43.4851 ], [ -70.4423, 43.4836 ], [ -70.4428, 43.4826 ], [ -70.4425, 43.4814 ], [ -70.4434, 43.4815 ], [ -70.444, 43.4808 ], [ -70.4449, 43.4808 ], [ -70.4465, 43.4793 ], [ -70.4507, 43.4772 ], [ -70.4503, 43.4747 ], [ -70.4514, 43.4734 ], [ -70.4554, 43.4725 ], [ -70.4561, 43.4721 ], [ -70.4591, 43.4742 ], [ -70.4579, 43.4765 ], [ -70.4548, 43.4857 ], [ -70.4549, 43.4877 ], [ -70.4532, 43.4899 ], [ -70.4554, 43.4916 ], [ -70.4576, 43.4928 ], [ -70.4589, 43.4922 ], [ -70.4618, 43.4927 ], [ -70.4564, 43.4967 ] ] ] } },
{ "type": "Feature", "properties": { "GEOIDFQ": "1400000US23031025203", "NAME": "252.03", "NAMELSAD": "Census Tract 252.03" }, "geometry": { "type": "Polygon", "coordinates": [ [ [ -70.4667, 43.4928 ], [ -70.4602, 43.4926 ], [ -70.4589, 43.4922 ], [ -70.4576, 43.4928 ], [ -70.4551, 43.4914 ], [ -70.4629, 43.4862 ], [ -70.4717, 43.483 ], [ -70.4756, 43.4823 ], [ -70.4759, 43.4833 ], [ -70.4667, 43.4928 ] ] ] } },
{ "type": "Feature", "properties": { "GEOIDFQ": "1400000US23031025205", "NAME": "252.05", "NAMELSAD": "Census Tract 252.05" }, "geometry": { "type": "Polygon", "coordinates": [ [ [ -70.4627, 43.4863 ], [ -70.4551, 43.4914 ], [ -70.4532, 43.4899 ], [ -70.4549, 43.4877 ], [ -70.4548, 43.4857 ], [ -70.4579, 43.4765 ], [ -70.4591, 43.4742 ], [ -70.4609, 43.4772 ], [ -70.4714, 43.483 ], [ -70.4627, 43.4863 ] ] ] } },
{ "type": "Feature", "properties": { "GEOIDFQ": "1400000US23031025204", "NAME": "252.04", "NAMELSAD": "Census Tract 252.04" }, "geometry": { "type": "Polygon", "coordinates": [ [ [ -70.4711, 43.4926 ], [ -70.4638, 43.4986 ], [ -70.4614, 43.4986 ], [ -70.4538, 43.4997 ], [ -70.452, 43.4992 ], [ -70.4509, 43.4979 ], [ -70.4514, 43.4964 ], [ -70.4564, 43.4967 ], [ -70.462, 43.4925 ], [ -70.4667, 43.4928 ], [ -70.4758, 43.4834 ], [ -70.4756, 43.4823 ], [ -70.4824, 43.4806 ], [ -70.4711, 43.4926 ] ] ] } }
]
}
