{
"type": "FeatureCollection",
"name": "state_50_tracts_simplified",
"crs": { "type": "name", "properties": { "name": "urn:ogc:def:crs:OGC:1.3:CRS84" } },
"features": [
{ "type": "Feature", "properties": { "GEOIDFQ": "1400000US50017959102", "NAME": "9591.02", "NAMELSAD": "Census Tract 9591.02" }, "geometry": { "type": "Polygon", "coordinates": [ [ [ -72.3559, 44.0742 ], [ -72.349, 44.0934 ], [ -72.3488, 44.0963 ], [ -72.3314, 44.0924 ], [ -72.31, 44.1652 ], [ -72.3052, 44.1831 ], [ -72.1744, 44.1927 ], [ -72.1707, 44.192 ], [ -72.1807, 44.1555 ], [ -72.2076, 44.066 ], [ -72.1916, 44.0614 ], [ -72.2159, 44.0214 ], [ -72.2328, 43.9925 ], [ -72.2338, 43.9928 ], [ -72.2414, 43.9794 ], [ -72.3818, 44.0084 ], [ -72.3559, 44.0742 ] ] ] } },
{ "type": "Feature", "properties": { "GEOIDFQ": "1400000US50003971100", "NAME": "9711", "NAMELSAD": "Census Tract 9711" }, "geometry": { "type": "Polygon", "coordinates": [ [ [ -73.2168, 42.8414 ], [ -73.2148, 42.8422 ], [ -73.2144, 42.8479 ], [ -73.2104, 42.8489 ], [ -73.2095, 42.8496 ], [ -73.2089, 42.8509 ], [ -73.2044, 42.8527 ], [ -73.2062, 42.855 ], [ -73.2062, 42.8621 ], [ -73.2073, 42.8644 ], [ -73.2092, 42.8662 ], [ -73.2092, 42.8685 ], [ -73.211, 42.8705 ], [ -73.2141, 42.8761 ], [ -73.2141, 42.8772 ], [ -73.2126, 42.8793 ], [ -73.2125, 42.8815 ], [ -73.2133, 42.8843 ], [ -73.2117, 42.8846 ], [ -73.2084, 42.8827 ], [ -73.2022, 42.8806 ], [ -73.204, 42.8747 ], [ -73.1973, 42.8744 ], [ -73.1973, 42.8754 ], [ -73.1969, 42.8754 ], [ -73.1881, 42.8742 ], [ -73.1879, 42.8731 ], [ -73.1867, 42.8732 ], [ -73.1866, 42.8788 ], [ -73.1755, 42.8798 ], [ -73.1716, 42.8815 ], [ -73.1643, 42.8831 ], [ -73.1594, 42.8833 ], [ -73.152, 42.8828 ], [ -73.1498, 42.8832 ], [ -73.1523, 42.8366 ], [ -73.1871, 42.8372 ], [ -73.2181, 42.8383 ], [ -73.2168, 42.8414 ] ] ] } },
{ "type": "Feature", "properties": { "GEOIDFQ": "1400000US50003971000", "NAME": "9710", "NAMELSAD": "Census Tract 9710" }, "geometry": { "type": "Polygon", "coordinates": [ [ [ -73.2758, 42.8972 ], [ -73.276, 42.9012 ], [ -73.2747, 42.9344 ], [ -73.21, 42.9327 ], [ -73.21, 42.9309 ], [ -73.2087, 42.9285 ], [ -73.2084, 42.9271 ], [ -73.2106, 42.9215 ], [ -73.2117, 42.9053 ], [ -73.2124, 42.9014 ], [ -73.2121, 42.9009 ], [ -73.2023, 42.8947 ], [ -73.2025, 42.8943 ], [ -73.2015, 42.8917 ], [ -73.2026, 42.8927 ], [ -73.2054, 42.8931 ], [ -73.2071, 42.8898 ], [ -73.2097, 42.8889 ], [ -73.2118, 42.8873 ], [ -73.214, 42.8862 ], [ -73.2125, 42.8813 ], [ -73.2126, 42.8791 ], [ -73.2141, 42.8772 ], [ -73.2142, 42.8764 ], [ -73.2127, 42.8731 ], [ -73.2092, 42.8685 ], [ -73.2092, 42.8662 ], [ -73.2073, 42.8644 ], [ -73.2062, 42.8621 ], [ -73.2062, 42.855 ], [ -73.2044, 42.8527 ], [ -73.2089, 42.8509 ], [ -73.2095, 42.8496 ], [ -73.2104, 42.8489 ], [ -73.2144, 42.8479 ], [ -73.2148, 42.8422 ], [ -73.2168, 42.8414 ], [ -73.2181, 42.8383 ], [ -73.2485, 42.8393 ], [ -73.2494, 42.837 ], [ -73.2783, 42.8376 ], [ -73.2758, 42.8972 ] ] ] } },
{ "type": "Feature", "properties": { "GEOIDFQ": "1400000US50003970900", "NAME": "9709", "NAMELSAD": "Census Tract 9709" }, "geometry": { "type": "Polygon", "coordinates": [ [ [ -73.2117, 42.9053 ], [ -73.2106, 42.9215 ], [ -73.2084, 42.9271 ], [ -73.2087, 42.9285 ], [ -73.21, 42.9309 ], [ -73.21, 42.9327 ], [ -73.146, 42.931 ], [ -73.1479, 42.9152 ], [ -73.1491, 42.8997 ], [ -73.1501, 42.8874 ], [ -73.1498, 42.8832 ], [ -73.152, 42.8828 ], [ -73.1588, 42.8833 ], [ -73.16, 42.8844 ], [ -73.1653, 42.8846 ], [ -73.1682, 42.8838 ], [ -73.1727, 42.8839 ], [ -73.1764, 42.8829 ], [ -73.18, 42.8833 ], [ -73.1818, 42.8839 ], [ -73.181, 42.8844 ], [ -73.1808, 42.8855 ], [ -73.1821, 42.8856 ], [ -73.1823, 42.8862 ], [ -73.1833, 42.8863 ], [ -73.1839, 42.8917 ], [ -73.1844, 42.892 ], [ -73.1883, 42.8937 ], [ -73.1911, 42.8935 ], [ -73.2019, 42.8945 ], [ -73.2121, 42.9009 ], [ -73.2124, 42.9016 ], [ -73.2117, 42.9053 ] ] ] } },
{ "type": "Feature", "properties": { "GEOIDFQ": "1400000US50003970500", "NAME": "9705", "NAMELSAD": "Census Tract 9705" }, "geometry": { "type": "Polygon", "coordinates": [ [ [ -73.0017, 43.2109 ], [ -72.9967, 43.2103 ], [ -72.9796, 43.2096 ], [ -72.9753, 43.3042 ], [ -72.8686, 43.3005 ], [ -72.8199, 43.2994 ], [ -72.8196, 43.256 ], [ -72.8481, 43.2628 ], [ -72.8516, 43.2048 ], [ -72.8621, 43.2052 ], [ -72.8673, 43.1318 ], [ -72.8682, 43.1139 ], [ -72.8983, 43.1146 ], [ -72.9484, 43.1175 ], [ -72.996, 43.1187 ], [ -72.9971, 43.1175 ], [ -72.9973, 43.1154 ], [ -73.0062, 43.1159 ], [ -73.0075, 43.1166 ], [ -73.0017, 43.2109 ] ] ] } },
{ "type": "Feature", "properties": { "GEOIDFQ": "1400000US50001960600", "NAME": "9606", "NAMELSAD": "Census Tract 9606" }, "geometry": { "type": "Polygon", "coordinates": [ [ [ -73.0322, 44.045 ], [ -73.0312, 44.0605 ], [ -73.0231, 44.0613 ], [ -73.018, 44.0626 ], [ -73.0224, 44.0869 ], [ -73.0373, 44.1551 ], [ -73.017, 44.1576 ], [ -73.0164, 44.1551 ], [ -73.0091, 44.1552 ], [ -72.9546, 44.1608 ], [ -72.9522, 44.1614 ], [ -72.9341, 44.1628 ], [ -72.9321, 44.1555 ], [ -72.9255, 44.1195 ], [ -72.9218, 44.0947 ], [ -72.9168, 44.0719 ], [ -72.8969, 44.0737 ], [ -72.8487, 44.0605 ], [ -72.7422, 44.0296 ], [ -72.754, 44.0122 ], [ -72.8035, 43.9457 ], [ -72.81, 43.9361 ], [ -72.8163, 43.9378 ], [ -72.8653, 43.8617 ], [ -72.8742, 43.8641 ], [ -72.8753, 43.8677 ], [ -72.8745, 43.8724 ], [ -72.8766, 43.9028 ], [ -72.9028, 43.8928 ], [ -72.9276, 43.8843 ], [ -72.9532, 43.8749 ], [ -72.9697, 43.8796 ], [ -72.974, 43.8814 ], [ -72.9801, 43.8829 ], [ -72.9802, 43.864 ], [ -72.9729, 43.8668 ], [ -72.9597, 43.8261 ], [ -72.9894, 43.8146 ], [ -73.0171, 43.8049 ], [ -73.0268, 43.8421 ], [ -73.029, 43.842 ], [ -73.0308, 43.8414 ], [ -73.0331, 43.8442 ], [ -73.0321, 43.8447 ], [ -73.0301, 43.8449 ], [ -73.0299, 43.8467 ], [ -73.0335, 43.8671 ], [ -73.04, 43.8935 ], [ -73.0378, 43.9228 ], [ -73.0483, 43.9222 ], [ -73.0487, 43.9325 ], [ -73.0458, 43.9397 ], [ -73.0468, 43.9573 ], [ -73.0445, 43.9644 ], [ -73.0581, 43.9629 ], [ -73.0633, 44.0422 ], [ -73.0322, 44.045 ] ] ] } },
{ "type": "Feature", "properties": { "GEOIDFQ": "1400000US50001960300", "NAME": "9603", "NAMELSAD": "Census Tract 9603" }, "geometry": { "type": "Polygon", "coordinates": [ [ [ -73.2434, 44.1803 ], [ -73.2388, 44.1566 ], [ -73.2394, 44.1552 ], [ -73.2683, 44.153 ], [ -73.2727, 44.177 ], [ -73.2434, 44.1803 ] ] ] } },
{ "type": "Feature", "properties": { "GEOIDFQ": "1400000US50001960200", "NAME": "9602", "NAMELSAD": "Census Tract 9602" }, "geometry": { "type": "Polygon", "coordinates": [ [ [ -73.3989, 44.1619 ], [ -73.3958, 44.1663 ], [ -73.396, 44.1682 ], [ -73.3975, 44.1709 ], [ -73.3972, 44.1738 ], [ -73.3947, 44.1774 ], [ -73.3919, 44.1784 ], [ -73.3909, 44.1794 ], [ -73.3898, 44.1818 ], [ -73.3909, 44.1881 ], [ -73.3906, 44.1911 ], [ -73.39, 44.1919 ], [ -73.3889, 44.1926 ], [ -73.3859, 44.1928 ], [ -73.3846, 44.1932 ], [ -73.3838, 44.194 ], [ -73.3834, 44.1959 ], [ -73.3819, 44.1977 ], [ -73.3779, 44.1996 ], [ -73.3748, 44.2002 ], [ -73.3737, 44.201 ], [ -73.3709, 44.2045 ], [ -73.3687, 44.2057 ], [ -73.3634, 44.2077 ], [ -73.3623, 44.2085 ], [ -73.3618, 44.2094 ], [ -73.3622, 44.2125 ], [ -73.3616, 44.2134 ], [ -73.3589, 44.2155 ], [ -73.3578, 44.2173 ], [ -73.3562, 44.219 ], [ -73.3557, 44.2201 ], [ -73.3554, 44.2232 ], [ -73.3514, 44.226 ], [ -73.3505, 44.2299 ], [ -73.3495, 44.2309 ], [ -73.3428, 44.2344 ], [ -73.3426, 44.2353 ], [ -73.3436, 44.2372 ], [ -73.3434, 44.2382 ], [ -73.3391, 44.2389 ], [ -73.3364, 44.2398 ], [ -73.3304, 44.2443 ], [ -73.3247, 44.2435 ], [ -73.3237, 44.2442 ], [ -73.3232, 44.2451 ], [ -73.3231, 44.2479 ], [ -73.3225, 44.2487 ], [ -73.3196, 44.2499 ], [ -73.3164, 44.2577 ], [ -73.3133, 44.2641 ], [ -73.2704, 44.2601 ], [ -73.2438, 44.2623 ], [ -73.1968, 44.2666 ], [ -73.1771, 44.1739 ], [ -73.1737, 44.1536 ], [ -73.2403, 44.1641 ], [ -73.2434, 44.1803 ], [ -73.2727, 44.177 ], [ -73.2706, 44.1653 ], [ -73.4009, 44.1527 ], [ -73.3989, 44.1619 ] ] ] } },
{ "type": "Feature", "properties": { "GEOIDFQ": "1400000US50001960100", "NAME": "9601", "NAMELSAD": "Census Tract 9601" }, "geometry": { "type": "Polygon", "coordinates": [ [ [ -73.1618, 44.2715 ], [ -73.1522, 44.2725 ], [ -73.1121, 44.2777 ], [ -73.0706, 44.2839 ], [ -73.07, 44.2799 ], [ -73.0165, 44.2854 ], [ -73.0204, 44.3037 ], [ -72.9759, 44.295 ], [ -72.9654, 44.2314 ], [ -72.9522, 44.1614 ], [ -72.9546, 44.1608 ], [ -73.0091, 44.1552 ], [ -73.0164, 44.1551 ], [ -73.017, 44.1576 ], [ -73.0168, 44.1591 ], [ -73.0231, 44.1921 ], [ -73.0497, 44.1895 ], [ -73.0491, 44.1865 ], [ -73.1496, 44.1767 ], [ -73.1548, 44.1759 ], [ -73.1771, 44.1739 ], [ -73.1968, 44.2666 ], [ -73.1618, 44.2715 ] ] ] } },
{ "type": "Feature", "properties": { "GEOIDFQ": "1400000US50001960800", "NAME": "9608", "NAMELSAD": "Census Tract 9608" }, "geometry": { "type": "Polygon", "coordinates": [ [ [ -73.1771, 44.0199 ], [ -73.1768, 44.0227 ], [ -73.1776, 44.0255 ], [ -73.1785, 44.0263 ], [ -73.1794, 44.0281 ], [ -73.1798, 44.03 ], [ -73.1787, 44.0318 ], [ -73.1815, 44.036 ], [ -73.1816, 44.0369 ], [ -73.1811, 44.0417 ], [ -73.1814, 44.0436 ], [ -73.1804, 44.0463 ], [ -73.1639, 44.0478 ], [ -73.1624, 44.0432 ], [ -73.1617, 44.037 ], [ -73.1624, 44.0356 ], [ -73.1658, 44.0326 ], [ -73.1676, 44.0289 ], [ -73.1673, 44.0257 ], [ -73.1656, 44.0229 ], [ -73.1653, 44.0215 ], [ -73.1671, 44.0167 ], [ -73.1666, 44.0142 ], [ -73.1656, 44.0141 ], [ -73.159, 44.0047 ], [ -73.1502, 44.0015 ], [ -73.1408, 43.9918 ], [ -73.1175, 43.9758 ], [ -73.1165, 43.9739 ], [ -73.1168, 43.957 ], [ -73.1699, 43.9518 ], [ -73.1735, 43.9676 ], [ -73.1796, 43.9743 ], [ -73.1854, 43.9815 ], [ -73.1864, 43.9885 ], [ -73.1898, 43.988 ], [ -73.1905, 43.9919 ], [ -73.1901, 44.0026 ], [ -73.189, 44.0102 ], [ -73.1905, 44.0189 ], [ -73.1771, 44.0199 ] ] ] } },
{ "type": "Feature", "properties": { "GEOIDFQ": "1400000US50005957900", "NAME": "9579", "NAMELSAD": "Census Tract 9579" }, "geometry": { "type": "Polygon", "coordinates": [ [ [ -72.1309, 44.3259 ], [ -72.1199, 44.3357 ], [ -72.1061, 44.347 ], [ -72.0451, 44.399 ], [ -72.0353, 44.3885 ], [ -71.9332, 44.4411 ], [ -71.8379, 44.348 ], [ -71.843, 44.3447 ], [ -71.8528, 44.3409 ], [ -71.8602, 44.3404 ], [ -71.8631, 44.3399 ], [ -71.8702, 44.3369 ], [ -71.8716, 44.3367 ], [ -71.8731, 44.3368 ], [ -71.8764, 44.3382 ], [ -71.8778, 44.3385 ], [ -71.8865, 44.3425 ], [ -71.8933, 44.3438 ], [ -71.8995, 44.3467 ], [ -71.9051, 44.3482 ], [ -71.9106, 44.3484 ], [ -71.9142, 44.3477 ], [ -71.9172, 44.3466 ], [ -71.9211, 44.344 ], [ -71.9252, 44.3419 ], [ -71.9291, 44.3376 ], [ -71.934, 44.336 ], [ -71.9361, 44.3357 ], [ -71.9392, 44.3359 ], [ -71.9443, 44.3376 ], [ -71.9456, 44.3377 ], [ -71.9571, 44.3375 ], [ -71.963, 44.3365 ], [ -71.9737, 44.3368 ], [ -71.9778, 44.3375 ], [ -71.9814, 44.3374 ], [ -71.9847, 44.336 ], [ -71.9865, 44.3315 ], [ -71.9881, 44.3301 ], [ -71.9923, 44.3288 ], [ -71.994, 44.3278 ], [ -72.0011, 44.3255 ], [ -72.0023, 44.3247 ], [ -72.0091, 44.3222 ], [ -72.0125, 44.3213 ], [ -72.0193, 44.3202 ], [ -72.0199, 44.3208 ], [ -72.0208, 44.3207 ], [ -72.0262, 44.3221 ], [ -72.029, 44.3224 ], [ -72.0298, 44.3222 ], [ -72.0311, 44.321 ], [ -72.0328, 44.3205 ], [ -72.0336, 44.3181 ], [ -72.0333, 44.3164 ], [ -72.0314, 44.3152 ], [ -72.0315, 44.3136 ], [ -72.0326, 44.3103 ], [ -72.0323, 44.304 ], [ -72.0329, 44.3022 ], [ -72.0354, 44.2999 ], [ -72.0372, 44.2974 ], [ -72.0385, 44.2964 ], [ -72.0402, 44.2957 ], [ -72.044, 44.2953 ], [ -72.0449, 44.2945 ], [ -72.0455, 44.2928 ], [ -72.0464, 44.292 ], [ -72.0499, 44.2909 ], [ -72.0535, 44.2904 ], [ -72.0561, 44.2882 ], [ -72.0562, 44.2877 ], [ -72.0586, 44.2865 ], [ -72.0602, 44.2848 ], [ -72.0617, 44.2823 ], [ -72.0625, 44.2817 ], [ -72.0644, 44.2793 ], [ -72.0662, 44.2752 ], [ -72.0669, 44.2749 ], [ -72.0679, 44.2734 ], [ -72.0685, 44.2708 ], [ -72.0669, 44.2681 ], [ -72.0657, 44.2687 ], [ -72.0654, 44.2679 ], [ -72.0646, 44.2677 ], [ -72.063, 44.2691 ], [ -72.0583, 44.2701 ], [ -72.0584, 44.2692 ], [ -72.0601, 44.2676 ], [ -72.0596, 44.2678 ], [ -72.0588, 44.2671 ], [ -72.059, 44.2659 ], [ -72.0586, 44.2651 ], [ -72.059, 44.265 ], [ -72.0596, 44.264 ], [ -72.0593, 44.265 ], [ -72.0595, 44.2658 ], [ -72.0605, 44.2646 ], [ -72.061, 44.2632 ], [ -72.0617, 44.2636 ], [ -72.0608, 44.2619 ], [ -72.0595, 44.262 ], [ -72.0602, 44.2613 ], [ -72.0601, 44.2616 ], [ -72.0605, 44.2616 ], [ -72.0608, 44.2611 ], [ -72.0615, 44.2611 ], [ -72.0603, 44.2607 ], [ -72.0598, 44.2595 ], [ -72.0601, 44.2581 ], [ -72.0597, 44.2564 ], [ -72.0592, 44.2558 ], [ -72.1591, 44.2724 ], [ -72.1881, 44.2766 ], [ -72.1309, 44.3259 ] ] ] } },
{ "type": "Feature", "properties": { "GEOIDFQ": "1400000US50001960700", "NAME": "9607", "NAMELSAD": "Census Tract 9607" }, "geometry": { "type": "Polygon", "coordinates": [ [ [ -73.1675, 44.0294 ], [ -73.1658, 44.0326 ], [ -73.1624, 44.0356 ], [ -73.1617, 44.037 ], [ -73.1624, 44.0432 ], [ -73.1639, 44.0478 ], [ -73.0954, 44.0543 ], [ -73.0647, 44.0576 ], [ -73.0629, 44.0385 ], [ -73.0581, 43.9629 ], [ -73.1168, 43.957 ], [ -73.1165, 43.9739 ], [ -73.1171, 43.9753 ], [ -73.1182, 43.9764 ], [ -73.1408, 43.9918 ], [ -73.1502, 44.0015 ], [ -73.1576, 44.0039 ], [ -73.1596, 44.0051 ], [ -73.1656, 44.0141 ], [ -73.1666, 44.0142 ], [ -73.1668, 44.0146 ], [ -73.1671, 44.0167 ], [ -73.1653, 44.0215 ], [ -73.1656, 44.0229 ], [ -73.1673, 44.0257 ], [ -73.1675, 44.0294 ] ] ] } },
{ "type": "Feature", "properties": { "GEOIDFQ": "1400000US50017959200", "NAME": "9592", "NAMELSAD": "Census Tract 9592" }, "geometry": { "type": "Polygon", "coordinates": [ [ [ -72.5866, 44.1603 ], [ -72.564, 44.1548 ], [ -72.5597, 44.1629 ], [ -72.4555, 44.1333 ], [ -72.4758, 44.098 ], [ -72.5024, 44.0504 ], [ -72.5382, 44.0625 ], [ -72.6291, 44.0878 ], [ -72.5866, 44.1603 ] ] ] } },
{ "type": "Feature", "properties": { "GEOIDFQ": "1400000US50017959300", "NAME": "9593", "NAMELSAD": "Census Tract 9593" }, "geometry": { "type": "Polygon", "coordinates": [ [ [ -72.787, 43.9608 ], [ -72.791, 43.9622 ], [ -72.754, 44.0122 ], [ -72.7422, 44.0296 ], [ -72.6829, 44.0128 ], [ -72.6345, 44.0893 ], [ -72.5382, 44.0625 ], [ -72.5103, 43.9662 ], [ -72.5796, 43.985 ], [ -72.5916, 43.9878 ], [ -72.6373, 44.0007 ], [ -72.6545, 43.9762 ], [ -72.6812, 43.9402 ], [ -72.7028, 43.9094 ], [ -72.7093, 43.9112 ], [ -72.7123, 43.908 ], [ -72.7735, 43.9245 ], [ -72.7689, 43.9316 ], [ -72.7751, 43.9337 ], [ -72.7711, 43.9391 ], [ -72.79, 43.9453 ], [ -72.7852, 43.9522 ], [ -72.7918, 43.954 ], [ -72.787, 43.9608 ] ] ] } },
{ "type": "Feature", "properties": { "GEOIDFQ": "1400000US50017959500", "NAME": "9595", "NAMELSAD": "Census Tract 9595" }, "geometry": { "type": "Polygon", "coordinates": [ [ [ -72.5676, 43.8848 ], [ -72.561, 43.8946 ], [ -72.5103, 43.9662 ], [ -72.5382, 44.0625 ], [ -72.4789, 44.0424 ], [ -72.3819, 44.0082 ], [ -72.2414, 43.9794 ], [ -72.2845, 43.9036 ], [ -72.2715, 43.8998 ], [ -72.3239, 43.8323 ], [ -72.3393, 43.8104 ], [ -72.3461, 43.8116 ], [ -72.4051, 43.8255 ], [ -72.4616, 43.8369 ], [ -72.4595, 43.8381 ], [ -72.5734, 43.8732 ], [ -72.5676, 43.8848 ] ] ] } },
{ "type": "Feature", "properties": { "GEOIDFQ": "1400000US50027965100", "NAME": "9651", "NAMELSAD": "Census Tract 9651" }, "geometry": { "type": "Polygon", "coordinates": [ [ [ -72.6223, 43.8172 ], [ -72.6082, 43.833 ], [ -72.5862, 43.8588 ], [ -72.5736, 43.8731 ], [ -72.4595, 43.8381 ], [ -72.4616, 43.8369 ], [ -72.5283, 43.7565 ], [ -72.5835, 43.7726 ], [ -72.6237, 43.784 ], [ -72.6397, 43.7889 ], [ -72.6447, 43.7901 ], [ -72.6223, 43.8172 ] ] ] } },
{ "type": "Feature", "properties": { "GEOIDFQ": "1400000US50027965600", "NAME": "9656", "NAMELSAD": "Census Tract 9656" }, "geometry": { "type": "Polygon", "coordinates": [ [ [ -72.3552, 43.6188 ], [ -72.354, 43.6208 ], [ -72.3517, 43.6282 ], [ -72.3497, 43.6315 ], [ -72.3488, 43.6388 ], [ -72.3465, 43.6425 ], [ -72.3458, 43.6445 ], [ -72.3386, 43.6399 ], [ -72.3379, 43.6464 ], [ -72.3364, 43.6485 ], [ -72.3324, 43.652 ], [ -72.3299, 43.657 ], [ -72.3281, 43.6583 ], [ -72.3231, 43.6597 ], [ -72.321, 43.6616 ], [ -72.3185, 43.6688 ], [ -72.3179, 43.6765 ], [ -72.3154, 43.6823 ], [ -72.313, 43.6809 ], [ -72.3104, 43.6799 ], [ -72.3093, 43.6805 ], [ -72.3073, 43.6836 ], [ -72.3064, 43.6841 ], [ -72.3065, 43.6835 ], [ -72.306, 43.6835 ], [ -72.3048, 43.6815 ], [ -72.3034, 43.6807 ], [ -72.3025, 43.6795 ], [ -72.3027, 43.6762 ], [ -72.3019, 43.676 ], [ -72.3018, 43.6757 ], [ -72.3015, 43.6758 ], [ -72.3013, 43.6745 ], [ -72.3022, 43.6744 ], [ -72.3027, 43.6737 ], [ -72.3034, 43.668 ], [ -72.3055, 43.6672 ], [ -72.3067, 43.6645 ], [ -72.3089, 43.6625 ], [ -72.3109, 43.6596 ], [ -72.3129, 43.6583 ], [ -72.3136, 43.6569 ], [ -72.3145, 43.6544 ], [ -72.3149, 43.6487 ], [ -72.3139, 43.6455 ], [ -72.3142, 43.6427 ], [ -72.316, 43.6407 ], [ -72.3229, 43.6387 ], [ -72.3272, 43.6369 ], [ -72.3291, 43.6355 ], [ -72.3298, 43.6334 ], [ -72.3287, 43.6317 ], [ -72.3274, 43.6312 ], [ -72.3274, 43.6307 ], [ -72.3282, 43.629 ], [ -72.3295, 43.6279 ], [ -72.3292, 43.6268 ], [ -72.3323, 43.625 ], [ -72.3328, 43.6244 ], [ -72.3332, 43.6221 ], [ -72.3348, 43.618 ], [ -72.3351, 43.6162 ], [ -72.3332, 43.6103 ], [ -72.3299, 43.6085 ], [ -72.3286, 43.6074 ], [ -72.3284, 43.6057 ], [ -72.354, 43.6108 ], [ -72.3553, 43.6169 ], [ -72.3552, 43.6188 ] ] ] } },
{ "type": "Feature", "properties": { "GEOIDFQ": "1400000US50027965800", "NAME": "9658", "NAMELSAD": "Census Tract 9658" }, "geometry": { "type": "Polygon", "coordinates": [ [ [ -72.5768, 43.6591 ], [ -72.5683, 43.6571 ], [ -72.5653, 43.6613 ], [ -72.5595, 43.6594 ], [ -72.4864, 43.6398 ], [ -72.4831, 43.6386 ], [ -72.4792, 43.6392 ], [ -72.4739, 43.6391 ], [ -72.4714, 43.638 ], [ -72.4701, 43.6351 ], [ -72.47, 43.6336 ], [ -72.469, 43.6319 ], [ -72.4662, 43.6311 ], [ -72.4721, 43.6265 ], [ -72.4791, 43.6163 ], [ -72.5293, 43.533 ], [ -72.634, 43.5573 ], [ -72.6381, 43.558 ], [ -72.5768, 43.6591 ] ] ] } },
{ "type": "Feature", "properties": { "GEOIDFQ": "1400000US50027966200", "NAME": "9662", "NAMELSAD": "Census Tract 9662" }, "geometry": { "type": "Polygon", "coordinates": [ [ [ -72.662, 43.3856 ], [ -72.6609, 43.3994 ], [ -72.6609, 43.443 ], [ -72.6606, 43.4571 ], [ -72.6009, 43.4513 ], [ -72.5304, 43.4436 ], [ -72.5379, 43.3936 ], [ -72.5391, 43.3741 ], [ -72.5433, 43.3591 ], [ -72.5454, 43.3452 ], [ -72.6043, 43.348 ], [ -72.6625, 43.3511 ], [ -72.662, 43.3856 ] ] ] } },
{ "type": "Feature", "properties": { "GEOIDFQ": "1400000US50027966300", "NAME": "9663", "NAMELSAD": "Census Tract 9663" }, "geometry": { "type": "Polygon", "coordinates": [ [ [ -72.7384, 43.417 ], [ -72.7226, 43.4601 ], [ -72.7274, 43.4611 ], [ -72.7242, 43.4683 ], [ -72.6608, 43.4536 ], [ -72.6609, 43.3994 ], [ -72.662, 43.3856 ], [ -72.6625, 43.3511 ], [ -72.6792, 43.352 ], [ -72.6814, 43.3224 ], [ -72.7585, 43.3533 ], [ -72.7624, 43.3714 ], [ -72.7384, 43.417 ] ] ] } },
{ "type": "Feature", "properties": { "GEOIDFQ": "1400000US50021963700", "NAME": "9637", "NAMELSAD": "Census Tract 9637" }, "geometry": { "type": "Polygon", "coordinates": [ [ [ -73.3019, 43.624 ], [ -73.3001, 43.6255 ], [ -73.2975, 43.626 ], [ -73.2972, 43.6265 ], [ -73.2917, 43.6476 ], [ -73.2813, 43.6689 ], [ -73.2386, 43.6671 ], [ -73.2439, 43.5791 ], [ -73.2456, 43.5395 ], [ -73.2464, 43.5398 ], [ -73.2467, 43.5403 ], [ -73.2466, 43.5419 ], [ -73.2478, 43.5428 ], [ -73.2496, 43.5431 ], [ -73.2501, 43.5434 ], [ -73.2499, 43.5449 ], [ -73.2492, 43.5453 ], [ -73.2478, 43.5451 ], [ -73.2482, 43.5458 ], [ -73.2499, 43.5461 ], [ -73.2492, 43.5467 ], [ -73.25, 43.5479 ], [ -73.2492, 43.5489 ], [ -73.25, 43.5494 ], [ -73.2504, 43.5504 ], [ -73.2502, 43.5508 ], [ -73.2486, 43.5512 ], [ -73.2492, 43.5518 ], [ -73.249, 43.5524 ], [ -73.2484, 43.5526 ], [ -73.2486, 43.5539 ], [ -73.2514, 43.5554 ], [ -73.2545, 43.5556 ], [ -73.2544, 43.5563 ], [ -73.2526, 43.5564 ], [ -73.2526, 43.5569 ], [ -73.2556, 43.5599 ], [ -73.2559, 43.5619 ], [ -73.2583, 43.5631 ], [ -73.2582, 43.5643 ], [ -73.2586, 43.565 ], [ -73.2607, 43.5665 ], [ -73.2611, 43.5658 ], [ -73.2621, 43.5657 ], [ -73.2624, 43.5673 ], [ -73.2631, 43.5677 ], [ -73.264, 43.5676 ], [ -73.2646, 43.5682 ], [ -73.2642, 43.5691 ], [ -73.2665, 43.5699 ], [ -73.2667, 43.5692 ], [ -73.2675, 43.569 ], [ -73.2679, 43.5691 ], [ -73.2675, 43.57 ], [ -73.2683, 43.5697 ], [ -73.269, 43.5699 ], [ -73.2693, 43.5705 ], [ -73.2683, 43.5704 ], [ -73.2675, 43.5709 ], [ -73.2685, 43.5714 ], [ -73.2675, 43.572 ], [ -73.2679, 43.5722 ], [ -73.2702, 43.5718 ], [ -73.2717, 43.5724 ], [ -73.2753, 43.573 ], [ -73.2765, 43.5735 ], [ -73.2765, 43.5745 ], [ -73.2778, 43.5746 ], [ -73.2788, 43.5741 ], [ -73.2797, 43.5742 ], [ -73.2803, 43.5736 ], [ -73.2809, 43.5736 ], [ -73.2813, 43.5776 ], [ -73.2821, 43.5781 ], [ -73.2836, 43.5781 ], [ -73.2849, 43.5793 ], [ -73.2892, 43.5783 ], [ -73.29, 43.5777 ], [ -73.2911, 43.5779 ], [ -73.292, 43.5786 ], [ -73.2941, 43.5785 ], [ -73.2945, 43.5783 ], [ -73.2945, 43.5771 ], [ -73.2953, 43.5768 ], [ -73.2957, 43.5771 ], [ -73.2957, 43.5786 ], [ -73.2973, 43.5794 ], [ -73.2921, 43.5845 ], [ -73.2924, 43.5851 ], [ -73.2969, 43.5873 ], [ -73.2933, 43.5925 ], [ -73.2924, 43.5958 ], [ -73.2927, 43.5971 ], [ -73.291, 43.5992 ], [ -73.2912, 43.5999 ], [ -73.2926, 43.6013 ], [ -73.2922, 43.6026 ], [ -73.2937, 43.6044 ], [ -73.2937, 43.6052 ], [ -73.2964, 43.6076 ], [ -73.2967, 43.6086 ], [ -73.2979, 43.6094 ], [ -73.298, 43.61 ], [ -73.2999, 43.6104 ], [ -73.3003, 43.6108 ], [ -73.3009, 43.6107 ], [ -73.3016, 43.6095 ], [ -73.3021, 43.6094 ], [ -73.3028, 43.6098 ], [ -73.3022, 43.6118 ], [ -73.3009, 43.6135 ], [ -73.3011, 43.616 ], [ -73.3003, 43.6173 ], [ -73.3008, 43.6184 ], [ -73.3025, 43.6196 ], [ -73.303, 43.621 ], [ -73.3019, 43.624 ] ] ] } },
{ "type": "Feature", "properties": { "GEOIDFQ": "1400000US50021962100", "NAME": "9621", "NAMELSAD": "Census Tract 9621" }, "geometry": { "type": "Polygon", "coordinates": [ [ [ -72.9894, 43.8146 ], [ -72.9675, 43.8232 ], [ -72.9285, 43.838 ], [ -72.9272, 43.8387 ], [ -72.9104, 43.8446 ], [ -72.8745, 43.8581 ], [ -72.8739, 43.8396 ], [ -72.8614, 43.8362 ], [ -72.8383, 43.8293 ], [ -72.8307, 43.8391 ], [ -72.8224, 43.8365 ], [ -72.7969, 43.8292 ], [ -72.7965, 43.8273 ], [ -72.7954, 43.8256 ], [ -72.7936, 43.8244 ], [ -72.7911, 43.8241 ], [ -72.7905, 43.8233 ], [ -72.7913, 43.8226 ], [ -72.7937, 43.8221 ], [ -72.7943, 43.8212 ], [ -72.7942, 43.8203 ], [ -72.7921, 43.8165 ], [ -72.7911, 43.8159 ], [ -72.7885, 43.8161 ], [ -72.7873, 43.8157 ], [ -72.7844, 43.8138 ], [ -72.7846, 43.8102 ], [ -72.7855, 43.8096 ], [ -72.7878, 43.809 ], [ -72.7886, 43.8082 ], [ -72.7887, 43.8073 ], [ -72.7883, 43.8064 ], [ -72.7875, 43.8057 ], [ -72.7829, 43.804 ], [ -72.7981, 43.7789 ], [ -72.8193, 43.7463 ], [ -72.8039, 43.741 ], [ -72.82, 43.7167 ], [ -72.8272, 43.7185 ], [ -72.836, 43.7194 ], [ -72.8456, 43.7234 ], [ -72.8539, 43.7058 ], [ -72.8578, 43.6951 ], [ -72.9396, 43.6657 ], [ -72.94, 43.6695 ], [ -72.9991, 43.7501 ], [ -72.9995, 43.7523 ], [ -73.0027, 43.7568 ], [ -73.0035, 43.7569 ], [ -73.0068, 43.7656 ], [ -73.0171, 43.8049 ], [ -72.9894, 43.8146 ] ] ] } },
{ "type": "Feature", "properties": { "GEOIDFQ": "1400000US50021962600", "NAME": "9626", "NAMELSAD": "Census Tract 9626" }, "geometry": { "type": "Polygon", "coordinates": [ [ [ -73.0553, 43.6651 ], [ -73.0548, 43.6596 ], [ -73.051, 43.6597 ], [ -73.0503, 43.6566 ], [ -73.0495, 43.647 ], [ -73.0517, 43.6469 ], [ -73.0516, 43.6432 ], [ -73.0476, 43.6434 ], [ -73.0472, 43.6391 ], [ -73.0502, 43.6389 ], [ -73.0496, 43.6302 ], [ -73.0487, 43.6301 ], [ -73.0485, 43.627 ], [ -73.044, 43.6272 ], [ -73.0436, 43.6208 ], [ -73.0478, 43.6207 ], [ -73.0474, 43.6147 ], [ -73.0432, 43.6151 ], [ -73.0432, 43.6142 ], [ -73.041, 43.6143 ], [ -73.0408, 43.6126 ], [ -73.038, 43.6127 ], [ -73.0373, 43.6107 ], [ -73.0328, 43.6107 ], [ -73.0278, 43.6044 ], [ -73.0283, 43.6003 ], [ -73.0261, 43.5997 ], [ -73.0221, 43.5968 ], [ -73.0186, 43.5916 ], [ -73.011, 43.592 ], [ -73.0107, 43.5868 ], [ -73.0113, 43.5868 ], [ -73.0109, 43.5806 ], [ -73.01, 43.5765 ], [ -73.0097, 43.5765 ], [ -73.0095, 43.574 ], [ -73.0108, 43.5739 ], [ -73.0106, 43.5717 ], [ -73.04, 43.5706 ], [ -73.0777, 43.5702 ], [ -73.1014, 43.6538 ], [ -73.1045, 43.6634 ], [ -73.0553, 43.6651 ] ] ] } },
{ "type": "Feature", "properties": { "GEOIDFQ": "1400000US50021962700", "NAME": "9627", "NAMELSAD": "Census Tract 9627" }, "geometry": { "type": "Polygon", "coordinates": [ [ [ -73.0245, 43.6109 ], [ -73.0202, 43.614 ], [ -73.0202, 43.6147 ], [ -73.0215, 43.6176 ], [ -73.0229, 43.6186 ], [ -73.024, 43.6181 ], [ -73.0261, 43.6152 ], [ -73.0269, 43.615 ], [ -73.0277, 43.6154 ], [ -73.0287, 43.6166 ], [ -73.0286, 43.6184 ], [ -73.0276, 43.6199 ], [ -73.0255, 43.6215 ], [ -73.0254, 43.6223 ], [ -73.0263, 43.6227 ], [ -73.0286, 43.6221 ], [ -73.0293, 43.6214 ], [ -73.029, 43.62 ], [ -73.0303, 43.6197 ], [ -73.0308, 43.6201 ], [ -73.0303, 43.621 ], [ -73.0305, 43.6217 ], [ -73.0323, 43.6233 ], [ -73.0321, 43.6245 ], [ -73.0317, 43.6255 ], [ -73.0244, 43.6255 ], [ -73.0244, 43.6325 ], [ -73.0234, 43.6325 ], [ -73.0232, 43.6377 ], [ -73.0151, 43.6377 ], [ -73.0152, 43.6423 ], [ -73.0166, 43.6423 ], [ -73.0167, 43.6467 ], [ -73.0112, 43.647 ], [ -73.0112, 43.6494 ], [ -73.0079, 43.6495 ], [ -73.009, 43.6566 ], [ -73.0083, 43.6566 ], [ -73.0086, 43.6588 ], [ -73.0188, 43.6589 ], [ -73.019, 43.6642 ], [ -73.0141, 43.6612 ], [ -73.0122, 43.6636 ], [ -73.0136, 43.6664 ], [ -72.94, 43.6695 ], [ -72.9385, 43.6515 ], [ -72.9342, 43.5748 ], [ -73.0106, 43.5717 ], [ -73.0108, 43.5739 ], [ -73.0095, 43.574 ], [ -73.0097, 43.5765 ], [ -73.01, 43.5765 ], [ -73.0109, 43.5806 ], [ -73.0113, 43.5868 ], [ -73.0107, 43.5868 ], [ -73.011, 43.592 ], [ -73.0186, 43.5916 ], [ -73.0221, 43.5968 ], [ -73.0261, 43.5997 ], [ -73.0283, 43.6003 ], [ -73.0278, 43.6044 ], [ -73.0328, 43.6107 ], [ -73.0245, 43.6109 ] ], [ [ -73.0091, 43.6059 ], [ -73.0091, 43.6053 ], [ -73.0087, 43.6053 ], [ -73.0088, 43.6045 ], [ -73.0071, 43.6041 ], [ -73.0042, 43.6041 ], [ -73.0038, 43.6028 ], [ -73.0026, 43.6021 ], [ -73.0035, 43.6014 ], [ -73.0045, 43.601 ], [ -73.0076, 43.6025 ], [ -73.0093, 43.6024 ], [ -73.0112, 43.5998 ], [ -73.0094, 43.5983 ], [ -73.0046, 43.5962 ], [ -73.0013, 43.5954 ], [ -72.9921, 43.5875 ], [ -72.9916, 43.5867 ], [ -72.9903, 43.5867 ], [ -72.9464, 43.594 ], [ -72.9473, 43.6083 ], [ -72.9456, 43.6084 ], [ -72.9462, 43.618 ], [ -72.9474, 43.618 ], [ -72.9477, 43.6218 ], [ -72.9538, 43.6216 ], [ -72.9546, 43.6201 ], [ -72.9564, 43.6214 ], [ -72.957, 43.6211 ], [ -72.9573, 43.6255 ], [ -72.9624, 43.6244 ], [ -72.9626, 43.6262 ], [ -72.9595, 43.6271 ], [ -72.9596, 43.6278 ], [ -72.9755, 43.627 ], [ -72.9761, 43.6306 ], [ -72.9777, 43.6305 ], [ -72.9779, 43.6313 ], [ -72.9826, 43.6306 ], [ -72.9848, 43.6299 ], [ -73.0069, 43.6297 ], [ -73.0057, 43.6086 ], [ -73.0065, 43.6083 ], [ -73.0073, 43.6103 ], [ -73.0085, 43.6098 ], [ -73.0071, 43.6081 ], [ -73.0098, 43.6069 ], [ -73.01, 43.6076 ], [ -73.0115, 43.6073 ], [ -73.0109, 43.6056 ], [ -73.0091, 43.6059 ] ] ] } },
{ "type": "Feature", "properties": { "GEOIDFQ": "1400000US50021962500", "NAME": "9625", "NAMELSAD": "Census Tract 9625" }, "geometry": { "type": "Polygon", "coordinates": [ [ [ -73.0536, 43.6891 ], [ -73.048, 43.6898 ], [ -73.0478, 43.6922 ], [ -73.0396, 43.6924 ], [ -73.0387, 43.6814 ], [ -73.0384, 43.6801 ], [ -73.0376, 43.6801 ], [ -73.0391, 43.6777 ], [ -73.0391, 43.6765 ], [ -73.0383, 43.6757 ], [ -73.0374, 43.6753 ], [ -73.0343, 43.6761 ], [ -73.0332, 43.675 ], [ -73.0328, 43.6735 ], [ -73.0319, 43.6731 ], [ -73.0302, 43.6735 ], [ -73.0301, 43.6749 ], [ -73.0284, 43.6744 ], [ -73.0276, 43.6739 ], [ -73.0286, 43.6725 ], [ -73.0315, 43.6714 ], [ -73.0328, 43.6703 ], [ -73.0347, 43.6657 ], [ -73.0136, 43.6664 ], [ -73.0122, 43.6636 ], [ -73.0141, 43.6612 ], [ -73.019, 43.6642 ], [ -73.0188, 43.6589 ], [ -73.0086, 43.6588 ], [ -73.0083, 43.6566 ], [ -73.009, 43.6566 ], [ -73.0079, 43.6495 ], [ -73.0112, 43.6494 ], [ -73.0112, 43.647 ], [ -73.0167, 43.6467 ], [ -73.0166, 43.6423 ], [ -73.0152, 43.6423 ], [ -73.0151, 43.6377 ], [ -73.0232, 43.6377 ], [ -73.0234, 43.6325 ], [ -73.0244, 43.6325 ], [ -73.0244, 43.6255 ], [ -73.0317, 43.6255 ], [ -73.0322, 43.6243 ], [ -73.0322, 43.623 ], [ -73.0304, 43.6215 ], [ -73.0309, 43.6201 ], [ -73.0303, 43.6197 ], [ -73.029, 43.62 ], [ -73.0293, 43.6214 ], [ -73.0286, 43.6221 ], [ -73.0263, 43.6227 ], [ -73.0254, 43.6223 ], [ -73.0255, 43.6215 ], [ -73.0276, 43.6199 ], [ -73.0286, 43.6184 ], [ -73.0287, 43.6166 ], [ -73.0273, 43.6151 ], [ -73.0261, 43.6152 ], [ -73.024, 43.6181 ], [ -73.0233, 43.6186 ], [ -73.022, 43.6182 ], [ -73.0215, 43.6176 ], [ -73.0202, 43.6141 ], [ -73.0245, 43.6109 ], [ -73.0373, 43.6107 ], [ -73.038, 43.6127 ], [ -73.0408, 43.6126 ], [ -73.041, 43.6143 ], [ -73.0432, 43.6142 ], [ -73.0432, 43.6151 ], [ -73.0474, 43.6147 ], [ -73.0478, 43.6207 ], [ -73.0436, 43.6208 ], [ -73.044, 43.6272 ], [ -73.0485, 43.627 ], [ -73.0487, 43.6301 ], [ -73.0496, 43.6302 ], [ -73.0502, 43.6389 ], [ -73.0472, 43.6391 ], [ -73.0476, 43.6434 ], [ -73.0516, 43.6432 ], [ -73.0517, 43.6469 ], [ -73.0495, 43.647 ], [ -73.0508, 43.6588 ], [ -73.051, 43.6597 ], [ -73.0548, 43.6596 ], [ -73.0554, 43.6686 ], [ -73.0569, 43.6685 ], [ -73.0614, 43.6867 ], [ -73.0536, 43.6891 ] ] ] } },
{ "type": "Feature", "properties": { "GEOIDFQ": "1400000US50021962300", "NAME": "9623", "NAMELSAD": "Census Tract 9623" }, "geometry": { "type": "Polygon", "coordinates": [ [ [ -73.4295, 43.5919 ], [ -73.4269, 43.5952 ], [ -73.425, 43.5988 ], [ -73.4224, 43.6016 ], [ -73.4216, 43.603 ], [ -73.4222, 43.6065 ], [ -73.4238, 43.611 ], [ -73.4237, 43.6124 ], [ -73.4178, 43.6206 ], [ -73.4177, 43.6217 ], [ -73.4183, 43.6233 ], [ -73.4269, 43.6331 ], [ -73.4284, 43.6355 ], [ -73.4286, 43.6365 ], [ -73.4265, 43.6426 ], [ -73.424, 43.6454 ], [ -73.4186, 43.6481 ], [ -73.4155, 43.6525 ], [ -73.4151, 43.6567 ], [ -73.4145, 43.6582 ], [ -73.4121, 43.6617 ], [ -73.4081, 43.6694 ], [ -73.4078, 43.6725 ], [ -73.4041, 43.6813 ], [ -73.4035, 43.6847 ], [ -73.4052, 43.6884 ], [ -73.4047, 43.6902 ], [ -73.4022, 43.693 ], [ -73.3983, 43.6946 ], [ -73.3955, 43.6968 ], [ -73.3937, 43.6992 ], [ -73.3928, 43.702 ], [ -73.3898, 43.7057 ], [ -73.3888, 43.7064 ], [ -73.3882, 43.7085 ], [ -73.3859, 43.7113 ], [ -73.383, 43.7141 ], [ -73.3778, 43.7177 ], [ -73.3706, 43.7253 ], [ -73.3699, 43.7288 ], [ -73.3707, 43.7356 ], [ -73.3699, 43.7439 ], [ -73.3669, 43.7477 ], [ -73.3659, 43.7497 ], [ -73.3653, 43.75 ], [ -73.3628, 43.7531 ], [ -73.2451, 43.7631 ], [ -73.2063, 43.7668 ], [ -73.219, 43.8373 ], [ -73.1556, 43.8397 ], [ -73.1309, 43.7501 ], [ -73.1161, 43.7031 ], [ -73.1082, 43.676 ], [ -73.1981, 43.6795 ], [ -73.2372, 43.6802 ], [ -73.2386, 43.6671 ], [ -73.2813, 43.6689 ], [ -73.2917, 43.6476 ], [ -73.2975, 43.626 ], [ -73.3001, 43.6255 ], [ -73.3021, 43.6238 ], [ -73.3026, 43.6257 ], [ -73.3041, 43.6271 ], [ -73.3067, 43.6284 ], [ -73.3075, 43.628 ], [ -73.3102, 43.6242 ], [ -73.3112, 43.6241 ], [ -73.313, 43.6247 ], [ -73.3131, 43.6255 ], [ -73.3173, 43.6271 ], [ -73.3178, 43.6285 ], [ -73.3183, 43.6285 ], [ -73.3199, 43.6273 ], [ -73.3245, 43.6275 ], [ -73.3259, 43.6265 ], [ -73.3277, 43.6259 ], [ -73.3313, 43.6261 ], [ -73.3321, 43.6272 ], [ -73.3342, 43.628 ], [ -73.3342, 43.6269 ], [ -73.3374, 43.6263 ], [ -73.338, 43.6254 ], [ -73.3401, 43.6246 ], [ -73.3416, 43.6247 ], [ -73.3422, 43.6261 ], [ -73.3428, 43.6265 ], [ -73.3445, 43.6263 ], [ -73.347, 43.6242 ], [ -73.3476, 43.6225 ], [ -73.3488, 43.6215 ], [ -73.35, 43.6216 ], [ -73.3512, 43.6225 ], [ -73.3536, 43.6259 ], [ -73.3543, 43.6262 ], [ -73.3573, 43.6259 ], [ -73.3585, 43.6254 ], [ -73.3591, 43.6246 ], [ -73.3656, 43.6234 ], [ -73.3672, 43.6236 ], [ -73.3683, 43.6246 ], [ -73.3689, 43.6247 ], [ -73.3711, 43.6248 ], [ -73.3719, 43.6245 ], [ -73.3725, 43.6237 ], [ -73.3725, 43.6228 ], [ -73.3698, 43.6194 ], [ -73.3756, 43.6134 ], [ -73.376, 43.6121 ], [ -73.3742, 43.6109 ], [ -73.3742, 43.6102 ], [ -73.3764, 43.6088 ], [ -73.3741, 43.608 ], [ -73.3732, 43.6072 ], [ -73.3724, 43.606 ], [ -73.3725, 43.6048 ], [ -73.3734, 43.6033 ], [ -73.3776, 43.6002 ], [ -73.3774, 43.5984 ], [ -73.3803, 43.5979 ], [ -73.3816, 43.5985 ], [ -73.3835, 43.5974 ], [ -73.3818, 43.5925 ], [ -73.3821, 43.5918 ], [ -73.383, 43.5914 ], [ -73.3854, 43.5915 ], [ -73.3863, 43.5913 ], [ -73.3869, 43.5908 ], [ -73.387, 43.5895 ], [ -73.3852, 43.5877 ], [ -73.3829, 43.5871 ], [ -73.3825, 43.5866 ], [ -73.3826, 43.5856 ], [ -73.3853, 43.5833 ], [ -73.3849, 43.5821 ], [ -73.3834, 43.5805 ], [ -73.3828, 43.5788 ], [ -73.3843, 43.5754 ], [ -73.3861, 43.5748 ], [ -73.3897, 43.5747 ], [ -73.3914, 43.5736 ], [ -73.3919, 43.5727 ], [ -73.3913, 43.5709 ], [ -73.392, 43.5699 ], [ -73.3931, 43.5696 ], [ -73.3952, 43.5696 ], [ -73.3958, 43.5681 ], [ -73.3971, 43.5679 ], [ -73.4039, 43.5703 ], [ -73.417, 43.5777 ], [ -73.4204, 43.5815 ], [ -73.4222, 43.5821 ], [ -73.4267, 43.583 ], [ -73.4286, 43.584 ], [ -73.4309, 43.587 ], [ -73.431, 43.5891 ], [ -73.4295, 43.5919 ] ] ] } },
{ "type": "Feature", "properties": { "GEOIDFQ": "1400000US50021962400", "NAME": "9624", "NAMELSAD": "Census Tract 9624" }, "geometry": { "type": "Polygon", "coordinates": [ [ [ -73.0802, 43.7544 ], [ -73.0803, 43.7556 ], [ -73.0799, 43.7562 ], [ -73.0789, 43.7561 ], [ -73.0779, 43.7567 ], [ -73.0782, 43.7575 ], [ -73.0777, 43.758 ], [ -73.0776, 43.7589 ], [ -73.0749, 43.7585 ], [ -73.0704, 43.7568 ], [ -73.0686, 43.7555 ], [ -73.0675, 43.7531 ], [ -73.0668, 43.7525 ], [ -73.0625, 43.7519 ], [ -73.06, 43.7507 ], [ -73.0585, 43.7516 ], [ -73.0582, 43.7533 ], [ -73.0564, 43.7536 ], [ -73.0564, 43.7552 ], [ -73.0028, 43.757 ], [ -72.9995, 43.7523 ], [ -72.9991, 43.7501 ], [ -72.94, 43.6695 ], [ -73.0347, 43.6657 ], [ -73.0328, 43.6703 ], [ -73.0315, 43.6714 ], [ -73.0286, 43.6725 ], [ -73.0276, 43.6739 ], [ -73.0284, 43.6744 ], [ -73.0301, 43.6749 ], [ -73.0302, 43.6735 ], [ -73.0319, 43.6731 ], [ -73.0328, 43.6735 ], [ -73.0332, 43.675 ], [ -73.0343, 43.6761 ], [ -73.037, 43.6753 ], [ -73.0381, 43.6755 ], [ -73.0386, 43.6759 ], [ -73.0392, 43.6769 ], [ -73.0391, 43.6777 ], [ -73.0376, 43.6801 ], [ -73.0384, 43.6801 ], [ -73.0387, 43.6814 ], [ -73.0396, 43.6924 ], [ -73.0467, 43.6923 ], [ -73.0478, 43.6922 ], [ -73.048, 43.6898 ], [ -73.0536, 43.6891 ], [ -73.0614, 43.6867 ], [ -73.0569, 43.6685 ], [ -73.0554, 43.6686 ], [ -73.0553, 43.6651 ], [ -73.1045, 43.6634 ], [ -73.1143, 43.697 ], [ -73.1315, 43.7523 ], [ -73.0802, 43.7544 ] ] ] } },
{ "type": "Feature", "properties": { "GEOIDFQ": "1400000US50007000600", "NAME": "6", "NAMELSAD": "Census Tract 6" }, "geometry": { "type": "Polygon", "coordinates": [ [ [ -73.2055, 44.4897 ], [ -73.2024, 44.489 ], [ -73.2028, 44.4904 ], [ -73.204, 44.4911 ], [ -73.2017, 44.4911 ], [ -73.2011, 44.4902 ], [ -73.2001, 44.4897 ], [ -73.1963, 44.4891 ], [ -73.1917, 44.4898 ], [ -73.1909, 44.4892 ], [ -73.1892, 44.4886 ], [ -73.1886, 44.4873 ], [ -73.1868, 44.4891 ], [ -73.1828, 44.489 ], [ -73.1819, 44.4883 ], [ -73.1817, 44.4858 ], [ -73.1809, 44.4848 ], [ -73.179, 44.4841 ], [ -73.1762, 44.4846 ], [ -73.19, 44.4725 ], [ -73.1927, 44.4822 ], [ -73.1904, 44.4832 ], [ -73.1909, 44.4838 ], [ -73.1915, 44.4836 ], [ -73.1931, 44.4856 ], [ -73.1946, 44.4849 ], [ -73.1952, 44.4837 ], [ -73.196, 44.4837 ], [ -73.1965, 44.4832 ], [ -73.1954, 44.4818 ], [ -73.1947, 44.4821 ], [ -73.1942, 44.4815 ], [ -73.196, 44.4808 ], [ -73.2057, 44.4807 ], [ -73.2061, 44.4887 ], [ -73.2055, 44.4897 ] ] ] } },
{ "type": "Feature", "properties": { "GEOIDFQ": "1400000US50007000800", "NAME": "8", "NAMELSAD": "Census Tract 8" }, "geometry": { "type": "Polygon", "coordinates": [ [ [ -73.2132, 44.4711 ], [ -73.2125, 44.4703 ], [ -73.2077, 44.465 ], [ -73.2078, 44.4631 ], [ -73.2059, 44.463 ], [ -73.2045, 44.4624 ], [ -73.2015, 44.4625 ], [ -73.201, 44.4629 ], [ -73.2005, 44.4605 ], [ -73.2006, 44.459 ], [ -73.2003, 44.4591 ], [ -73.1994, 44.4576 ], [ -73.1985, 44.4547 ], [ -73.2142, 44.4554 ], [ -73.2152, 44.471 ], [ -73.2132, 44.4711 ] ] ] } },
{ "type": "Feature", "properties": { "GEOIDFQ": "1400000US50007000900", "NAME": "9", "NAMELSAD": "Census Tract 9" }, "geometry": { "type": "Polygon", "coordinates": [ [ [ -73.2107, 44.4738 ], [ -73.211, 44.476 ], [ -73.2055, 44.4762 ], [ -73.205, 44.4697 ], [ -73.2076, 44.4633 ], [ -73.2077, 44.465 ], [ -73.2135, 44.4715 ], [ -73.2139, 44.4736 ], [ -73.2107, 44.4738 ] ] ] } },
{ "type": "Feature", "properties": { "GEOIDFQ": "1400000US50007001100", "NAME": "11", "NAMELSAD": "Census Tract 11" }, "geometry": { "type": "Polygon", "coordinates": [ [ [ -73.229, 44.4595 ], [ -73.224, 44.456 ], [ -73.2086, 44.4551 ], [ -73.2094, 44.4459 ], [ -73.2315, 44.4469 ], [ -73.2371, 44.4536 ], [ -73.229, 44.4595 ] ] ] } },
{ "type": "Feature", "properties": { "GEOIDFQ": "1400000US50007002101", "NAME": "21.01", "NAMELSAD": "Census Tract 21.01" }, "geometry": { "type": "Polygon", "coordinates": [ [ [ -73.2549, 44.635 ], [ -73.2532, 44.6385 ], [ -73.2511, 44.6415 ], [ -73.2495, 44.6424 ], [ -73.2428, 44.644 ], [ -73.2377, 44.6459 ], [ -73.2355, 44.6471 ], [ -73.2338, 44.6484 ], [ -73.2331, 44.6499 ], [ -73.2336, 44.6716 ], [ -73.2327, 44.6751 ], [ -73.2289, 44.6856 ], [ -73.2284, 44.6883 ], [ -73.2285, 44.7031 ], [ -73.2294, 44.7081 ], [ -73.2296, 44.7132 ], [ -73.2289, 44.7228 ], [ -73.1044, 44.6767 ], [ -73.107, 44.6735 ], [ -73.1075, 44.6716 ], [ -73.1078, 44.6639 ], [ -73.1087, 44.6627 ], [ -73.1097, 44.6558 ], [ -73.1104, 44.6552 ], [ -73.1116, 44.6551 ], [ -73.1138, 44.6555 ], [ -73.1151, 44.6513 ], [ -73.116, 44.6526 ], [ -73.1164, 44.6524 ], [ -73.1185, 44.6486 ], [ -73.1238, 44.6409 ], [ -73.1244, 44.6406 ], [ -73.1246, 44.6391 ], [ -73.1266, 44.6415 ], [ -73.1281, 44.6406 ], [ -73.1287, 44.6372 ], [ -73.1297, 44.6369 ], [ -73.1299, 44.6363 ], [ -73.1358, 44.6373 ], [ -73.1396, 44.637 ], [ -73.1406, 44.637 ], [ -73.1412, 44.6375 ], [ -73.1426, 44.6429 ], [ -73.1452, 44.6448 ], [ -73.1492, 44.6432 ], [ -73.1521, 44.6412 ], [ -73.1538, 44.6406 ], [ -73.1551, 44.6407 ], [ -73.1568, 44.6425 ], [ -73.1578, 44.6424 ], [ -73.1608, 44.6394 ], [ -73.1628, 44.6387 ], [ -73.1697, 44.6338 ], [ -73.173, 44.6304 ], [ -73.1743, 44.6278 ], [ -73.1758, 44.6234 ], [ -73.1774, 44.6204 ], [ -73.178, 44.6152 ], [ -73.1798, 44.6145 ], [ -73.1825, 44.6153 ], [ -73.1895, 44.6147 ], [ -73.1957, 44.613 ], [ -73.197, 44.612 ], [ -73.1985, 44.6077 ], [ -73.1987, 44.6078 ], [ -73.2001, 44.6055 ], [ -73.2014, 44.604 ], [ -73.2025, 44.6034 ], [ -73.204, 44.6034 ], [ -73.2115, 44.6051 ], [ -73.2171, 44.6052 ], [ -73.2248, 44.6087 ], [ -73.2298, 44.6125 ], [ -73.2326, 44.6135 ], [ -73.2355, 44.6133 ], [ -73.2383, 44.6122 ], [ -73.2396, 44.6113 ], [ -73.2545, 44.6107 ], [ -73.2563, 44.6297 ], [ -73.2549, 44.635 ] ] ] } },
{ "type": "Feature", "properties": { "GEOIDFQ": "1400000US50007002602", "NAME": "26.02", "NAMELSAD": "Census Tract 26.02" }, "geometry": { "type": "Polygon", "coordinates": [ [ [ -73.1153, 44.4834 ], [ -73.1112, 44.4905 ], [ -73.1001, 44.4974 ], [ -73.0957, 44.5018 ], [ -73.0883, 44.4989 ], [ -73.0876, 44.4997 ], [ -73.0815, 44.4975 ], [ -73.0843, 44.4938 ], [ -73.0843, 44.491 ], [ -73.086, 44.4882 ], [ -73.0851, 44.4877 ], [ -73.0851, 44.487 ], [ -73.0866, 44.4835 ], [ -73.089, 44.4836 ], [ -73.0893, 44.4807 ], [ -73.0916, 44.4811 ], [ -73.0935, 44.4798 ], [ -73.0954, 44.4756 ], [ -73.0969, 44.4736 ], [ -73.0987, 44.4723 ], [ -73.1006, 44.4719 ], [ -73.1016, 44.4723 ], [ -73.1026, 44.4762 ], [ -73.1032, 44.477 ], [ -73.1087, 44.48 ], [ -73.1119, 44.4831 ], [ -73.1125, 44.4832 ], [ -73.1137, 44.4829 ], [ -73.1154, 44.4813 ], [ -73.1153, 44.4834 ] ] ] } },
{ "type": "Feature", "properties": { "GEOIDFQ": "1400000US50005957100", "NAME": "9571", "NAMELSAD": "Census Tract 9571" }, "geometry": { "type": "Polygon", "coordinates": [ [ [ -71.9903, 44.6231 ], [ -71.9749, 44.6729 ], [ -71.9732, 44.6796 ], [ -71.9694, 44.6772 ], [ -71.8958, 44.6394 ], [ -71.8424, 44.6109 ], [ -71.8909, 44.5654 ], [ -71.9006, 44.5555 ], [ -71.9089, 44.5479 ], [ -71.8746, 44.5146 ], [ -71.8567, 44.4963 ], [ -71.9033, 44.4547 ], [ -71.9332, 44.4411 ], [ -71.9394, 44.4543 ], [ -71.9582, 44.4913 ], [ -71.9359, 44.5644 ], [ -71.9316, 44.5802 ], [ -71.9506, 44.5828 ], [ -71.979, 44.5873 ], [ -71.9998, 44.5902 ], [ -71.9903, 44.6231 ] ] ] } },
{ "type": "Feature", "properties": { "GEOIDFQ": "1400000US50005957400", "NAME": "9574", "NAMELSAD": "Census Tract 9574" }, "geometry": { "type": "Polygon", "coordinates": [ [ [ -72.0008, 44.498 ], [ -72.0005, 44.4976 ], [ -72.0023, 44.4976 ], [ -72.0033, 44.4968 ], [ -72.0035, 44.4948 ], [ -72.0009, 44.4951 ], [ -72.0001, 44.4946 ], [ -72.0015, 44.494 ], [ -72.0021, 44.4928 ], [ -72.0039, 44.4914 ], [ -72.0045, 44.4882 ], [ -72.0063, 44.4876 ], [ -72.0065, 44.4867 ], [ -72.0072, 44.4861 ], [ -72.0087, 44.4862 ], [ -72.0098, 44.486 ], [ -72.0102, 44.4843 ], [ -72.0131, 44.4805 ], [ -72.0142, 44.4799 ], [ -72.0146, 44.4805 ], [ -72.0151, 44.4806 ], [ -72.0165, 44.4784 ], [ -72.0163, 44.4779 ], [ -72.013, 44.4781 ], [ -72.0121, 44.4779 ], [ -72.0119, 44.4775 ], [ -72.0126, 44.4761 ], [ -72.0132, 44.4756 ], [ -72.0139, 44.4756 ], [ -72.0146, 44.4767 ], [ -72.0153, 44.4764 ], [ -72.0136, 44.4723 ], [ -72.014, 44.4714 ], [ -72.0143, 44.4646 ], [ -72.0162, 44.4614 ], [ -72.0155, 44.4586 ], [ -72.0166, 44.4566 ], [ -72.0169, 44.4549 ], [ -72.016, 44.4492 ], [ -72.0178, 44.4447 ], [ -72.0175, 44.444 ], [ -72.0157, 44.4435 ], [ -72.0145, 44.44 ], [ -72.0167, 44.4387 ], [ -72.0165, 44.4355 ], [ -72.0178, 44.4333 ], [ -72.0182, 44.4319 ], [ -72.0163, 44.4301 ], [ -72.0162, 44.4285 ], [ -72.0152, 44.4278 ], [ -72.014, 44.4252 ], [ -72.0109, 44.4241 ], [ -72.0104, 44.4235 ], [ -72.013, 44.4209 ], [ -72.0127, 44.4162 ], [ -72.014, 44.4105 ], [ -72.0151, 44.4085 ], [ -72.0171, 44.4062 ], [ -72.0174, 44.4023 ], [ -72.0182, 44.4015 ], [ -72.0206, 44.4011 ], [ -72.0244, 44.3995 ], [ -72.0247, 44.3986 ], [ -72.0233, 44.3969 ], [ -72.023, 44.3948 ], [ -72.0353, 44.3885 ], [ -72.0451, 44.399 ], [ -72.0477, 44.4048 ], [ -72.0753, 44.488 ], [ -72.0802, 44.5 ], [ -72.0835, 44.5104 ], [ -72.0008, 44.498 ] ] ] } },
{ "type": "Feature", "properties": { "GEOIDFQ": "1400000US50005957000", "NAME": "9570", "NAMELSAD": "Census Tract 9570" }, "geometry": { "type": "Polygon", "coordinates": [ [ [ -72.2937, 44.5 ], [ -72.263, 44.5424 ], [ -72.2071, 44.6167 ], [ -72.2025, 44.6241 ], [ -72.1993, 44.6283 ], [ -72.185, 44.6492 ], [ -72.15, 44.6979 ], [ -72.146, 44.7045 ], [ -72.0893, 44.6851 ], [ -72.1144, 44.7498 ], [ -72.0115, 44.6988 ], [ -71.9995, 44.7111 ], [ -71.9393, 44.7694 ], [ -71.8371, 44.7164 ], [ -71.8702, 44.6845 ], [ -71.9102, 44.6468 ], [ -71.9694, 44.6772 ], [ -71.9732, 44.6796 ], [ -71.9749, 44.6729 ], [ -71.9903, 44.6231 ], [ -71.9998, 44.5902 ], [ -72.0577, 44.5984 ], [ -72.0835, 44.5104 ], [ -72.1378, 44.5186 ], [ -72.2106, 44.4197 ], [ -72.3175, 44.4612 ], [ -72.3214, 44.4632 ], [ -72.2937, 44.5 ] ] ] } },
{ "type": "Feature", "properties": { "GEOIDFQ": "1400000US50005957700", "NAME": "9577", "NAMELSAD": "Census Tract 9577" }, "geometry": { "type": "Polygon", "coordinates": [ [ [ -72.4298, 44.512 ], [ -72.4285, 44.5126 ], [ -72.3739, 44.5842 ], [ -72.3665, 44.5808 ], [ -72.3032, 44.5578 ], [ -72.2629, 44.5425 ], [ -72.2937, 44.5 ], [ -72.3214, 44.4632 ], [ -72.3259, 44.4645 ], [ -72.4263, 44.503 ], [ -72.4347, 44.5052 ], [ -72.4298, 44.512 ] ] ] } },
{ "type": "Feature", "properties": { "GEOIDFQ": "1400000US50005957300", "NAME": "9573", "NAMELSAD": "Census Tract 9573" }, "geometry": { "type": "Polygon", "coordinates": [ [ [ -72.0577, 44.5984 ], [ -71.9817, 44.5876 ], [ -71.982, 44.5853 ], [ -71.983, 44.5837 ], [ -71.9834, 44.5819 ], [ -71.9856, 44.5799 ], [ -71.9864, 44.5755 ], [ -71.9893, 44.5682 ], [ -71.9895, 44.5643 ], [ -71.9922, 44.5612 ], [ -71.9945, 44.5594 ], [ -71.9981, 44.5552 ], [ -72.0017, 44.5518 ], [ -72.003, 44.5481 ], [ -72.0029, 44.5468 ], [ -72.0001, 44.5453 ], [ -71.9999, 44.5446 ], [ -72.0011, 44.5415 ], [ -72.0059, 44.534 ], [ -72.0029, 44.5336 ], [ -72.003, 44.5326 ], [ -72.0005, 44.5278 ], [ -72.0014, 44.5234 ], [ -72.0008, 44.521 ], [ -72.0035, 44.5183 ], [ -72.0065, 44.5168 ], [ -72.0073, 44.515 ], [ -72.0113, 44.5097 ], [ -72.0169, 44.5039 ], [ -72.0192, 44.5007 ], [ -72.0835, 44.5104 ], [ -72.0577, 44.5984 ] ] ] } },
{ "type": "Feature", "properties": { "GEOIDFQ": "1400000US50005957800", "NAME": "9578", "NAMELSAD": "Census Tract 9578" }, "geometry": { "type": "MultiPolygon", "coordinates": [ [ [ [ -72.0396, 44.1572 ], [ -72.0398, 44.1569 ], [ -72.039, 44.1568 ], [ -72.0389, 44.1563 ], [ -72.0396, 44.156 ], [ -72.0419, 44.1567 ], [ -72.0396, 44.1572 ] ] ], [ [ [ -72.3369, 44.2462 ], [ -72.3351, 44.2475 ], [ -72.3331, 44.25 ], [ -72.3167, 44.2722 ], [ -72.3168, 44.2988 ], [ -72.2859, 44.3263 ], [ -72.282, 44.3293 ], [ -72.27, 44.3405 ], [ -72.2278, 44.3969 ], [ -72.2168, 44.3941 ], [ -72.1677, 44.3853 ], [ -72.1709, 44.3714 ], [ -72.0942, 44.3572 ], [ -72.1199, 44.3357 ], [ -72.1309, 44.3259 ], [ -72.1881, 44.2766 ], [ -72.1591, 44.2724 ], [ -72.0592, 44.2558 ], [ -72.0554, 44.2499 ], [ -72.0547, 44.2479 ], [ -72.0542, 44.2477 ], [ -72.0534, 44.2465 ], [ -72.051, 44.2451 ], [ -72.0498, 44.2439 ], [ -72.0477, 44.239 ], [ -72.0482, 44.2373 ], [ -72.0499, 44.235 ], [ -72.0536, 44.2253 ], [ -72.0538, 44.2229 ], [ -72.0526, 44.2195 ], [ -72.0526, 44.2178 ], [ -72.0554, 44.2128 ], [ -72.0567, 44.2121 ], [ -72.0584, 44.2118 ], [ -72.0595, 44.2106 ], [ -72.0599, 44.2098 ], [ -72.0585, 44.2086 ], [ -72.0587, 44.2083 ], [ -72.0582, 44.2082 ], [ -72.0587, 44.2072 ], [ -72.0578, 44.2058 ], [ -72.0587, 44.202 ], [ -72.0604, 44.1998 ], [ -72.0625, 44.1986 ], [ -72.0633, 44.1985 ], [ -72.0643, 44.1976 ], [ -72.0644, 44.1954 ], [ -72.0662, 44.1901 ], [ -72.0659, 44.1893 ], [ -72.0601, 44.1839 ], [ -72.0583, 44.1813 ], [ -72.0563, 44.1756 ], [ -72.0543, 44.1724 ], [ -72.0532, 44.1687 ], [ -72.0518, 44.1665 ], [ -72.0489, 44.1652 ], [ -72.0481, 44.1638 ], [ -72.0478, 44.1622 ], [ -72.0472, 44.1616 ], [ -72.0464, 44.1614 ], [ -72.0423, 44.162 ], [ -72.042, 44.1615 ], [ -72.0439, 44.1581 ], [ -72.0436, 44.1571 ], [ -72.1703, 44.1919 ], [ -72.1744, 44.1927 ], [ -72.3052, 44.1831 ], [ -72.3689, 44.2039 ], [ -72.3369, 44.2462 ] ] ] ] } },
{ "type": "Feature", "properties": { "GEOIDFQ": "1400000US50005957600", "NAME": "9576", "NAMELSAD": "Census Tract 9576" }, "geometry": { "type": "Polygon", "coordinates": [ [ [ -72.2289, 44.4217 ], [ -72.2282, 44.4222 ], [ -72.2262, 44.4223 ], [ -72.2249, 44.423 ], [ -72.2248, 44.4234 ], [ -72.224, 44.4234 ], [ -72.224, 44.4229 ], [ -72.2234, 44.4232 ], [ -72.2231, 44.4238 ], [ -72.2238, 44.4249 ], [ -72.2106, 44.4197 ], [ -72.1378, 44.5186 ], [ -72.0835, 44.5104 ], [ -72.0802, 44.5 ], [ -72.0753, 44.488 ], [ -72.0477, 44.4048 ], [ -72.0451, 44.399 ], [ -72.0942, 44.3572 ], [ -72.1709, 44.3714 ], [ -72.1677, 44.3853 ], [ -72.2168, 44.3941 ], [ -72.2278, 44.3969 ], [ -72.2171, 44.4113 ], [ -72.2185, 44.4121 ], [ -72.2192, 44.4131 ], [ -72.2201, 44.4131 ], [ -72.2203, 44.4136 ], [ -72.222, 44.4142 ], [ -72.222, 44.4156 ], [ -72.2225, 44.4163 ], [ -72.2216, 44.4165 ], [ -72.2209, 44.4161 ], [ -72.2202, 44.4165 ], [ -72.2214, 44.4182 ], [ -72.2208, 44.4184 ], [ -72.2198, 44.4181 ], [ -72.2193, 44.4184 ], [ -72.2206, 44.4207 ], [ -72.2201, 44.4212 ], [ -72.2209, 44.4221 ], [ -72.2215, 44.422 ], [ -72.2211, 44.4216 ], [ -72.2215, 44.4217 ], [ -72.2223, 44.4231 ], [ -72.2223, 44.4227 ], [ -72.223, 44.4227 ], [ -72.223, 44.4221 ], [ -72.225, 44.422 ], [ -72.2252, 44.4207 ], [ -72.2263, 44.4204 ], [ -72.2272, 44.4194 ], [ -72.2282, 44.4193 ], [ -72.229, 44.4206 ], [ -72.2289, 44.4217 ] ] ] } },
{ "type": "Feature", "properties": { "GEOIDFQ": "1400000US50005957200", "NAME": "9572", "NAMELSAD": "Census Tract 9572" }, "geometry": { "type": "Polygon", "coordinates": [ [ [ -72.0169, 44.5039 ], [ -72.0113, 44.5097 ], [ -72.0073, 44.515 ], [ -72.0065, 44.5168 ], [ -72.0035, 44.5183 ], [ -72.0008, 44.521 ], [ -72.0014, 44.5234 ], [ -72.0005, 44.5278 ], [ -72.003, 44.5326 ], [ -72.0029, 44.5336 ], [ -72.0059, 44.534 ], [ -72.0011, 44.5415 ], [ -71.9999, 44.5446 ], [ -72.0001, 44.5453 ], [ -72.0029, 44.5468 ], [ -72.003, 44.5481 ], [ -72.0017, 44.5518 ], [ -71.9981, 44.5552 ], [ -71.9945, 44.5594 ], [ -71.9922, 44.5612 ], [ -71.9895, 44.5643 ], [ -71.9893, 44.5682 ], [ -71.9864, 44.5755 ], [ -71.9856, 44.5799 ], [ -71.9834, 44.5819 ], [ -71.983, 44.5837 ], [ -71.982, 44.5853 ], [ -71.9817, 44.5876 ], [ -71.9506, 44.5828 ], [ -71.9316, 44.5802 ], [ -71.9359, 44.5644 ], [ -71.9582, 44.4913 ], [ -72.0192, 44.5008 ], [ -72.0169, 44.5039 ] ] ] } },
{ "type": "Feature", "properties": { "GEOIDFQ": "1400000US50005957500", "NAME": "9575", "NAMELSAD": "Census Tract 9575" }, "geometry": { "type": "Polygon", "coordinates": [ [ [ -72.0241, 44.3998 ], [ -72.0206, 44.4011 ], [ -72.0182, 44.4015 ], [ -72.0174, 44.4023 ], [ -72.0171, 44.4062 ], [ -72.0151, 44.4085 ], [ -72.014, 44.4105 ], [ -72.013, 44.4143 ], [ -72.0127, 44.4169 ], [ -72.013, 44.4209 ], [ -72.0104, 44.4235 ], [ -72.0109, 44.4241 ], [ -72.014, 44.4252 ], [ -72.0152, 44.4278 ], [ -72.0162, 44.4285 ], [ -72.0163, 44.4301 ], [ -72.0182, 44.4321 ], [ -72.0165, 44.4355 ], [ -72.0167, 44.4387 ], [ -72.0145, 44.44 ], [ -72.0157, 44.4435 ], [ -72.0175, 44.444 ], [ -72.0178, 44.4444 ], [ -72.016, 44.4492 ], [ -72.0169, 44.4549 ], [ -72.0166, 44.4566 ], [ -72.0155, 44.4586 ], [ -72.0162, 44.4614 ], [ -72.0143, 44.4646 ], [ -72.014, 44.4714 ], [ -72.0136, 44.4723 ], [ -72.0153, 44.4763 ], [ -72.0146, 44.4767 ], [ -72.0139, 44.4756 ], [ -72.0132, 44.4756 ], [ -72.0126, 44.4761 ], [ -72.0119, 44.4775 ], [ -72.0121, 44.4779 ], [ -72.013, 44.4781 ], [ -72.0164, 44.478 ], [ -72.0164, 44.4787 ], [ -72.0152, 44.4804 ], [ -72.0147, 44.4806 ], [ -72.0143, 44.4799 ], [ -72.0133, 44.4804 ], [ -72.0102, 44.4843 ], [ -72.0096, 44.486 ], [ -72.0087, 44.4862 ], [ -72.0072, 44.4861 ], [ -72.0065, 44.4867 ], [ -72.0063, 44.4876 ], [ -72.0045, 44.4882 ], [ -72.0039, 44.4914 ], [ -72.0021, 44.4928 ], [ -72.0015, 44.494 ], [ -72.0001, 44.4946 ], [ -72.0009, 44.4951 ], [ -72.0035, 44.4948 ], [ -72.0033, 44.4968 ], [ -72.0023, 44.4976 ], [ -72.0005, 44.4975 ], [ -72.0007, 44.498 ], [ -71.9582, 44.4913 ], [ -71.9394, 44.4543 ], [ -71.9332, 44.4411 ], [ -72.023, 44.3948 ], [ -72.0233, 44.3969 ], [ -72.0244, 44.398 ], [ -72.0247, 44.3989 ], [ -72.0241, 44.3998 ] ] ] } },
{ "type": "Feature", "properties": { "GEOIDFQ": "1400000US50007002400", "NAME": "24", "NAMELSAD": "Census Tract 24" }, "geometry": { "type": "Polygon", "coordinates": [ [ [ -73.1965, 44.5002 ], [ -73.1946, 44.5001 ], [ -73.1933, 44.5016 ], [ -73.1949, 44.5023 ], [ -73.1921, 44.506 ], [ -73.1824, 44.5025 ], [ -73.1865, 44.4943 ], [ -73.1865, 44.4922 ], [ -73.2017, 44.4911 ], [ -73.2023, 44.4924 ], [ -73.1965, 44.5002 ] ] ] } },
{ "type": "Feature", "properties": { "GEOIDFQ": "1400000US50017959101", "NAME": "9591.01", "NAMELSAD": "Census Tract 9591.01" }, "geometry": { "type": "Polygon", "coordinates": [ [ [ -72.4555, 44.1333 ], [ -72.4434, 44.1288 ], [ -72.4192, 44.2208 ], [ -72.3689, 44.2039 ], [ -72.3052, 44.1831 ], [ -72.31, 44.1652 ], [ -72.3314, 44.0924 ], [ -72.3488, 44.0963 ], [ -72.349, 44.0934 ], [ -72.3559, 44.0742 ], [ -72.3819, 44.0082 ], [ -72.4789, 44.0424 ], [ -72.5024, 44.0504 ], [ -72.4555, 44.1333 ] ] ] } },
{ "type": "Feature", "properties": { "GEOIDFQ": "1400000US50027965902", "NAME": "9659.02", "NAMELSAD": "Census Tract 9659.02" }, "geometry": { "type": "Polygon", "coordinates": [ [ [ -72.6589, 43.4722 ], [ -72.6556, 43.4921 ], [ -72.6502, 43.5313 ], [ -72.6449, 43.5599 ], [ -72.6381, 43.558 ], [ -72.634, 43.5573 ], [ -72.5293, 43.533 ], [ -72.4918, 43.5295 ], [ -72.4503, 43.525 ], [ -72.4516, 43.501 ], [ -72.4531, 43.4555 ], [ -72.4549, 43.4352 ], [ -72.5003, 43.4387 ], [ -72.5304, 43.4436 ], [ -72.6009, 43.4513 ], [ -72.6606, 43.4571 ], [ -72.6589, 43.4722 ] ] ] } },
{ "type": "Feature", "properties": { "GEOIDFQ": "1400000US50027966501", "NAME": "9665.01", "NAMELSAD": "Census Tract 9665.01" }, "geometry": { "type": "Polygon", "coordinates": [ [ [ -72.6814, 43.3224 ], [ -72.6792, 43.352 ], [ -72.6043, 43.348 ], [ -72.5454, 43.3452 ], [ -72.5465, 43.3348 ], [ -72.5467, 43.3116 ], [ -72.548, 43.2923 ], [ -72.5491, 43.2359 ], [ -72.6762, 43.2241 ], [ -72.6763, 43.2227 ], [ -72.6854, 43.2227 ], [ -72.6814, 43.3224 ] ] ] } },
{ "type": "Feature", "properties": { "GEOIDFQ": "1400000US50027966800", "NAME": "9668", "NAMELSAD": "Census Tract 9668" }, "geometry": { "type": "Polygon", "coordinates": [ [ [ -72.9801, 43.8829 ], [ -72.974, 43.8814 ], [ -72.9697, 43.8796 ], [ -72.9532, 43.8749 ], [ -72.9276, 43.8843 ], [ -72.9028, 43.8928 ], [ -72.8766, 43.9028 ], [ -72.8745, 43.8724 ], [ -72.8753, 43.8677 ], [ -72.8742, 43.8641 ], [ -72.8653, 43.8617 ], [ -72.8163, 43.9378 ], [ -72.81, 43.9361 ], [ -72.8035, 43.9457 ], [ -72.791, 43.9622 ], [ -72.787, 43.9608 ], [ -72.7918, 43.954 ], [ -72.7852, 43.9522 ], [ -72.79, 43.9453 ], [ -72.7711, 43.9391 ], [ -72.7751, 43.9337 ], [ -72.7689, 43.9316 ], [ -72.7735, 43.9245 ], [ -72.7123, 43.908 ], [ -72.7093, 43.9112 ], [ -72.6538, 43.8956 ], [ -72.6034, 43.882 ], [ -72.5736, 43.8731 ], [ -72.5862, 43.8588 ], [ -72.6082, 43.833 ], [ -72.6223, 43.8172 ], [ -72.6447, 43.7901 ], [ -72.771, 43.8246 ], [ -72.7829, 43.804 ], [ -72.7875, 43.8057 ], [ -72.7883, 43.8064 ], [ -72.7887, 43.8073 ], [ -72.7886, 43.8082 ], [ -72.7878, 43.809 ], [ -72.7855, 43.8096 ], [ -72.7846, 43.8102 ], [ -72.7844, 43.8138 ], [ -72.7873, 43.8157 ], [ -72.7885, 43.8161 ], [ -72.7911, 43.8159 ], [ -72.7921, 43.8165 ], [ -72.7942, 43.8203 ], [ -72.7943, 43.8212 ], [ -72.7937, 43.8221 ], [ -72.7913, 43.8226 ], [ -72.7905, 43.8233 ], [ -72.7911, 43.8241 ], [ -72.7936, 43.8244 ], [ -72.7954, 43.8256 ], [ -72.7965, 43.8273 ], [ -72.7969, 43.8292 ], [ -72.8224, 43.8365 ], [ -72.8307, 43.8391 ], [ -72.8383, 43.8293 ], [ -72.8614, 43.8362 ], [ -72.8739, 43.8396 ], [ -72.8745, 43.8581 ], [ -72.9104, 43.8446 ], [ -72.9272, 43.8387 ], [ -72.9285, 43.838 ], [ -72.9597, 43.8261 ], [ -72.9729, 43.8668 ], [ -72.9802, 43.864 ], [ -72.9801, 43.8829 ] ] ] } },
{ "type": "Feature", "properties": { "GEOIDFQ": "1400000US50027966502", "NAME": "9665.02", "NAMELSAD": "Census Tract 9665.02" }, "geometry": { "type": "Polygon", "coordinates": [ [ [ -72.865, 43.3487 ], [ -72.8547, 43.3493 ], [ -72.8524, 43.3763 ], [ -72.822, 43.3757 ], [ -72.8219, 43.3806 ], [ -72.7596, 43.3538 ], [ -72.6814, 43.3224 ], [ -72.6854, 43.2226 ], [ -72.7568, 43.2397 ], [ -72.8196, 43.256 ], [ -72.8199, 43.2994 ], [ -72.8686, 43.3005 ], [ -72.865, 43.3487 ] ] ] } },
{ "type": "Feature", "properties": { "GEOIDFQ": "1400000US50027965901", "NAME": "9659.01", "NAMELSAD": "Census Tract 9659.01" }, "geometry": { "type": "Polygon", "coordinates": [ [ [ -72.7819, 43.5439 ], [ -72.7735, 43.5798 ], [ -72.7715, 43.5911 ], [ -72.7579, 43.5874 ], [ -72.7305, 43.6308 ], [ -72.6998, 43.6846 ], [ -72.6985, 43.6842 ], [ -72.6939, 43.6933 ], [ -72.6854, 43.6916 ], [ -72.6245, 43.6744 ], [ -72.5868, 43.6647 ], [ -72.5881, 43.6625 ], [ -72.5768, 43.6591 ], [ -72.6381, 43.558 ], [ -72.6449, 43.5599 ], [ -72.6502, 43.5313 ], [ -72.6556, 43.4921 ], [ -72.6589, 43.4722 ], [ -72.6603, 43.4614 ], [ -72.6608, 43.4536 ], [ -72.7242, 43.4683 ], [ -72.7714, 43.4786 ], [ -72.7691, 43.4915 ], [ -72.7899, 43.4945 ], [ -72.7819, 43.5439 ] ] ] } },
{ "type": "Feature", "properties": { "GEOIDFQ": "1400000US50021964000", "NAME": "9640", "NAMELSAD": "Census Tract 9640" }, "geometry": { "type": "Polygon", "coordinates": [ [ [ -73.0144, 43.4451 ], [ -73.0072, 43.4481 ], [ -73.0053, 43.4927 ], [ -72.9876, 43.4916 ], [ -72.9872, 43.4961 ], [ -72.9633, 43.4951 ], [ -72.9634, 43.4933 ], [ -72.9587, 43.4932 ], [ -72.9593, 43.4903 ], [ -72.9553, 43.4899 ], [ -72.9558, 43.4838 ], [ -72.9288, 43.4817 ], [ -72.9287, 43.4779 ], [ -72.8931, 43.4783 ], [ -72.8708, 43.4797 ], [ -72.8545, 43.4816 ], [ -72.8275, 43.4828 ], [ -72.7943, 43.4838 ], [ -72.7242, 43.4682 ], [ -72.7274, 43.4611 ], [ -72.7226, 43.4601 ], [ -72.7384, 43.417 ], [ -72.7624, 43.3714 ], [ -72.7585, 43.3533 ], [ -72.8219, 43.3806 ], [ -72.822, 43.3757 ], [ -72.8524, 43.3763 ], [ -72.8535, 43.3936 ], [ -72.9558, 43.397 ], [ -72.9982, 43.3977 ], [ -73.0217, 43.3993 ], [ -73.0144, 43.4451 ] ] ] } },
{ "type": "Feature", "properties": { "GEOIDFQ": "1400000US50021964200", "NAME": "9642", "NAMELSAD": "Census Tract 9642" }, "geometry": { "type": "Polygon", "coordinates": [ [ [ -73.1222, 43.3626 ], [ -73.1209, 43.403 ], [ -73.0521, 43.401 ], [ -73.0346, 43.4002 ], [ -72.9982, 43.3977 ], [ -72.9558, 43.397 ], [ -72.8535, 43.3936 ], [ -72.8524, 43.3763 ], [ -72.8547, 43.3493 ], [ -72.865, 43.3487 ], [ -72.8686, 43.3005 ], [ -72.9753, 43.3042 ], [ -72.9759, 43.2906 ], [ -72.9923, 43.2907 ], [ -72.9876, 43.305 ], [ -73.0468, 43.3071 ], [ -73.0926, 43.3069 ], [ -73.1227, 43.3087 ], [ -73.1222, 43.3626 ] ] ] } },
{ "type": "Feature", "properties": { "GEOIDFQ": "1400000US50021964300", "NAME": "9643", "NAMELSAD": "Census Tract 9643" }, "geometry": { "type": "Polygon", "coordinates": [ [ [ -73.2531, 43.3547 ], [ -73.2533, 43.3612 ], [ -73.2528, 43.3635 ], [ -73.2509, 43.4086 ], [ -73.1958, 43.4069 ], [ -73.1754, 43.4059 ], [ -73.1208, 43.404 ], [ -73.1222, 43.3626 ], [ -73.1227, 43.3087 ], [ -73.1682, 43.3114 ], [ -73.2441, 43.3139 ], [ -73.2546, 43.3147 ], [ -73.2531, 43.3547 ] ] ] } },
{ "type": "Feature", "properties": { "GEOIDFQ": "1400000US50027966600", "NAME": "9666", "NAMELSAD": "Census Tract 9666" }, "geometry": { "type": "Polygon", "coordinates": [ [ [ -72.548, 43.2923 ], [ -72.547, 43.3035 ], [ -72.5465, 43.3163 ], [ -72.5465, 43.3349 ], [ -72.5415, 43.3368 ], [ -72.5394, 43.3369 ], [ -72.5354, 43.3362 ], [ -72.529, 43.3379 ], [ -72.5251, 43.3379 ], [ -72.522, 43.3371 ], [ -72.5196, 43.3359 ], [ -72.5179, 43.3344 ], [ -72.5158, 43.3313 ], [ -72.5126, 43.3293 ], [ -72.5111, 43.3266 ], [ -72.5061, 43.3206 ], [ -72.5002, 43.3125 ], [ -72.4933, 43.305 ], [ -72.4914, 43.3041 ], [ -72.4916, 43.3038 ], [ -72.4902, 43.3038 ], [ -72.485, 43.3019 ], [ -72.4822, 43.2996 ], [ -72.4816, 43.2969 ], [ -72.4802, 43.2953 ], [ -72.4798, 43.2942 ], [ -72.4765, 43.2931 ], [ -72.4733, 43.2911 ], [ -72.4717, 43.2872 ], [ -72.4714, 43.2834 ], [ -72.4708, 43.2822 ], [ -72.4622, 43.2748 ], [ -72.46, 43.2722 ], [ -72.4554, 43.2707 ], [ -72.4478, 43.2698 ], [ -72.4462, 43.2689 ], [ -72.4427, 43.2657 ], [ -72.44, 43.2648 ], [ -72.4376, 43.2648 ], [ -72.4331, 43.2668 ], [ -72.4304, 43.2665 ], [ -72.4288, 43.2651 ], [ -72.4276, 43.261 ], [ -72.433, 43.2592 ], [ -72.4365, 43.2569 ], [ -72.4371, 43.2561 ], [ -72.4374, 43.2544 ], [ -72.439, 43.2512 ], [ -72.4385, 43.249 ], [ -72.4395, 43.2457 ], [ -72.4395, 43.2441 ], [ -72.4386, 43.242 ], [ -72.438, 43.2391 ], [ -72.4346, 43.2333 ], [ -72.5491, 43.236 ], [ -72.548, 43.2923 ] ] ] } },
{ "type": "Feature", "properties": { "GEOIDFQ": "1400000US50027966700", "NAME": "9667", "NAMELSAD": "Census Tract 9667" }, "geometry": { "type": "Polygon", "coordinates": [ [ [ -72.5454, 43.3453 ], [ -72.4988, 43.3427 ], [ -72.444, 43.3403 ], [ -72.4062, 43.3382 ], [ -72.4101, 43.3323 ], [ -72.4105, 43.3307 ], [ -72.409, 43.3279 ], [ -72.4017, 43.3195 ], [ -72.399, 43.3183 ], [ -72.3972, 43.317 ], [ -72.3953, 43.3139 ], [ -72.3953, 43.3127 ], [ -72.3982, 43.3094 ], [ -72.3983, 43.3086 ], [ -72.3992, 43.308 ], [ -72.3994, 43.3064 ], [ -72.4013, 43.3036 ], [ -72.4028, 43.3024 ], [ -72.4026, 43.3009 ], [ -72.4047, 43.2939 ], [ -72.4049, 43.292 ], [ -72.4064, 43.2891 ], [ -72.4093, 43.281 ], [ -72.4122, 43.2766 ], [ -72.4127, 43.2751 ], [ -72.4152, 43.2722 ], [ -72.416, 43.2702 ], [ -72.4209, 43.2655 ], [ -72.4209, 43.2644 ], [ -72.4216, 43.2634 ], [ -72.4276, 43.261 ], [ -72.4288, 43.2651 ], [ -72.4304, 43.2665 ], [ -72.4331, 43.2668 ], [ -72.4376, 43.2648 ], [ -72.44, 43.2648 ], [ -72.4427, 43.2657 ], [ -72.4462, 43.2689 ], [ -72.4478, 43.2698 ], [ -72.4554, 43.2707 ], [ -72.46, 43.2722 ], [ -72.4622, 43.2748 ], [ -72.4708, 43.2822 ], [ -72.4714, 43.2834 ], [ -72.4717, 43.2872 ], [ -72.4733, 43.2911 ], [ -72.4765, 43.2931 ], [ -72.4798, 43.2942 ], [ -72.4802, 43.2953 ], [ -72.4816, 43.2969 ], [ -72.4822, 43.2996 ], [ -72.485, 43.3019 ], [ -72.4902, 43.3038 ], [ -72.4916, 43.3038 ], [ -72.4914, 43.3041 ], [ -72.4935, 43.3052 ], [ -72.4951, 43.3072 ], [ -72.5002, 43.3125 ], [ -72.5061, 43.3206 ], [ -72.5111, 43.3266 ], [ -72.5124, 43.3291 ], [ -72.5158, 43.3313 ], [ -72.5179, 43.3344 ], [ -72.5201, 43.3362 ], [ -72.5234, 43.3376 ], [ -72.5272, 43.338 ], [ -72.5299, 43.3377 ], [ -72.5351, 43.3362 ], [ -72.5394, 43.3369 ], [ -72.5415, 43.3368 ], [ -72.5465, 43.3349 ], [ -72.5454, 43.3453 ] ] ] } },
{ "type": "Feature", "properties": { "GEOIDFQ": "1400000US50027965400", "NAME": "9654", "NAMELSAD": "Census Tract 9654" }, "geometry": { "type": "Polygon", "coordinates": [ [ [ -72.8039, 43.741 ], [ -72.8193, 43.7463 ], [ -72.797, 43.7807 ], [ -72.7829, 43.804 ], [ -72.771, 43.8246 ], [ -72.6397, 43.7889 ], [ -72.6237, 43.784 ], [ -72.5835, 43.7726 ], [ -72.5283, 43.7565 ], [ -72.4616, 43.8369 ], [ -72.4051, 43.8255 ], [ -72.3461, 43.8116 ], [ -72.3393, 43.8104 ], [ -72.3428, 43.8055 ], [ -72.4264, 43.722 ], [ -72.4545, 43.6767 ], [ -72.4786, 43.6392 ], [ -72.4831, 43.6386 ], [ -72.4864, 43.6398 ], [ -72.5595, 43.6594 ], [ -72.5653, 43.6613 ], [ -72.5683, 43.6571 ], [ -72.5768, 43.6591 ], [ -72.5881, 43.6625 ], [ -72.5868, 43.6647 ], [ -72.6245, 43.6744 ], [ -72.6854, 43.6916 ], [ -72.6939, 43.6933 ], [ -72.6985, 43.6842 ], [ -72.82, 43.7167 ], [ -72.8039, 43.741 ] ] ] } },
{ "type": "Feature", "properties": { "GEOIDFQ": "1400000US50027966100", "NAME": "9661", "NAMELSAD": "Census Tract 9661" }, "geometry": { "type": "Polygon", "coordinates": [ [ [ -72.5433, 43.3591 ], [ -72.5391, 43.3741 ], [ -72.5379, 43.3936 ], [ -72.5304, 43.4436 ], [ -72.5003, 43.4387 ], [ -72.4549, 43.4352 ], [ -72.4503, 43.4345 ], [ -72.4057, 43.4301 ], [ -72.3961, 43.4286 ], [ -72.3971, 43.424 ], [ -72.3999, 43.4151 ], [ -72.4001, 43.4086 ], [ -72.4021, 43.3987 ], [ -72.4034, 43.396 ], [ -72.4031, 43.3947 ], [ -72.4035, 43.3916 ], [ -72.4047, 43.3899 ], [ -72.4099, 43.3867 ], [ -72.4129, 43.3841 ], [ -72.4152, 43.3803 ], [ -72.416, 43.3765 ], [ -72.4147, 43.3701 ], [ -72.4147, 43.3678 ], [ -72.4153, 43.3659 ], [ -72.4148, 43.3644 ], [ -72.4126, 43.3623 ], [ -72.4102, 43.3617 ], [ -72.4073, 43.3604 ], [ -72.4049, 43.3586 ], [ -72.4031, 43.3577 ], [ -72.3997, 43.3574 ], [ -72.3922, 43.3579 ], [ -72.3906, 43.3572 ], [ -72.3899, 43.3566 ], [ -72.3898, 43.356 ], [ -72.3946, 43.3508 ], [ -72.3997, 43.3472 ], [ -72.4063, 43.3378 ], [ -72.4062, 43.3382 ], [ -72.408, 43.3384 ], [ -72.444, 43.3403 ], [ -72.4792, 43.3417 ], [ -72.5454, 43.3453 ], [ -72.5433, 43.3591 ] ] ] } },
{ "type": "Feature", "properties": { "GEOIDFQ": "1400000US50027965700", "NAME": "9657", "NAMELSAD": "Census Tract 9657" }, "geometry": { "type": "Polygon", "coordinates": [ [ [ -72.4791, 43.6163 ], [ -72.4721, 43.6265 ], [ -72.4662, 43.6311 ], [ -72.3826, 43.6162 ], [ -72.3284, 43.6057 ], [ -72.3279, 43.6032 ], [ -72.3285, 43.6009 ], [ -72.3333, 43.5991 ], [ -72.3431, 43.5918 ], [ -72.3468, 43.5903 ], [ -72.3496, 43.5878 ], [ -72.3545, 43.5865 ], [ -72.3562, 43.5866 ], [ -72.3583, 43.5851 ], [ -72.3649, 43.5832 ], [ -72.3668, 43.5821 ], [ -72.3717, 43.5803 ], [ -72.3738, 43.5791 ], [ -72.3798, 43.5742 ], [ -72.3803, 43.5732 ], [ -72.3798, 43.5671 ], [ -72.3801, 43.565 ], [ -72.3807, 43.5646 ], [ -72.381, 43.5657 ], [ -72.3813, 43.5657 ], [ -72.3821, 43.5651 ], [ -72.383, 43.5634 ], [ -72.3814, 43.5561 ], [ -72.3814, 43.5536 ], [ -72.3807, 43.5507 ], [ -72.3815, 43.5469 ], [ -72.3805, 43.5419 ], [ -72.3807, 43.5404 ], [ -72.3843, 43.5339 ], [ -72.3877, 43.5296 ], [ -72.3904, 43.5276 ], [ -72.3943, 43.5274 ], [ -72.3961, 43.5234 ], [ -72.3961, 43.5208 ], [ -72.3964, 43.5196 ], [ -72.4918, 43.5295 ], [ -72.5293, 43.533 ], [ -72.4791, 43.6163 ] ] ] } },
{ "type": "Feature", "properties": { "GEOIDFQ": "1400000US50023955501", "NAME": "9555.01", "NAMELSAD": "Census Tract 9555.01" }, "geometry": { "type": "Polygon", "coordinates": [ [ [ -72.7639, 44.1498 ], [ -72.771, 44.1538 ], [ -72.7493, 44.1767 ], [ -72.7511, 44.1777 ], [ -72.7547, 44.1804 ], [ -72.7408, 44.1971 ], [ -72.7484, 44.2012 ], [ -72.7404, 44.2106 ], [ -72.7378, 44.213 ], [ -72.6837, 44.1853 ], [ -72.6466, 44.1758 ], [ -72.6467, 44.1747 ], [ -72.6488, 44.1748 ], [ -72.6503, 44.1744 ], [ -72.6522, 44.1706 ], [ -72.6545, 44.1688 ], [ -72.6567, 44.1659 ], [ -72.6563, 44.1642 ], [ -72.6572, 44.1627 ], [ -72.6571, 44.1618 ], [ -72.6548, 44.1601 ], [ -72.6536, 44.1601 ], [ -72.6534, 44.1598 ], [ -72.6535, 44.1591 ], [ -72.6546, 44.1585 ], [ -72.6553, 44.1574 ], [ -72.6551, 44.156 ], [ -72.6554, 44.1548 ], [ -72.6546, 44.1539 ], [ -72.6548, 44.1525 ], [ -72.654, 44.1521 ], [ -72.6544, 44.1495 ], [ -72.6549, 44.1492 ], [ -72.6587, 44.1502 ], [ -72.6597, 44.1499 ], [ -72.6604, 44.1489 ], [ -72.6609, 44.1468 ], [ -72.6631, 44.1461 ], [ -72.663, 44.1438 ], [ -72.6662, 44.1416 ], [ -72.6662, 44.1412 ], [ -72.6653, 44.1408 ], [ -72.6655, 44.1396 ], [ -72.6658, 44.1391 ], [ -72.6666, 44.1388 ], [ -72.6669, 44.1377 ], [ -72.6687, 44.1352 ], [ -72.668, 44.1339 ], [ -72.667, 44.1343 ], [ -72.6648, 44.1341 ], [ -72.6656, 44.1329 ], [ -72.6654, 44.1309 ], [ -72.6662, 44.1292 ], [ -72.6657, 44.1282 ], [ -72.6658, 44.1259 ], [ -72.6649, 44.1246 ], [ -72.6656, 44.1227 ], [ -72.6669, 44.1212 ], [ -72.6692, 44.1216 ], [ -72.67, 44.1214 ], [ -72.6713, 44.1179 ], [ -72.6727, 44.1177 ], [ -72.6734, 44.1179 ], [ -72.6758, 44.1169 ], [ -72.6777, 44.1165 ], [ -72.6785, 44.116 ], [ -72.6792, 44.116 ], [ -72.6791, 44.1147 ], [ -72.6798, 44.114 ], [ -72.6818, 44.1148 ], [ -72.683, 44.1147 ], [ -72.6833, 44.1142 ], [ -72.6853, 44.1133 ], [ -72.6866, 44.1109 ], [ -72.6887, 44.1103 ], [ -72.6916, 44.1104 ], [ -72.6948, 44.1124 ], [ -72.6978, 44.1125 ], [ -72.6984, 44.1131 ], [ -72.7007, 44.1136 ], [ -72.7037, 44.1136 ], [ -72.7037, 44.1141 ], [ -72.7048, 44.1146 ], [ -72.7034, 44.1149 ], [ -72.7044, 44.1155 ], [ -72.7049, 44.1165 ], [ -72.7062, 44.1165 ], [ -72.7073, 44.1158 ], [ -72.7099, 44.1172 ], [ -72.7116, 44.1172 ], [ -72.7122, 44.1176 ], [ -72.7131, 44.1175 ], [ -72.7156, 44.1181 ], [ -72.7188, 44.1177 ], [ -72.7218, 44.116 ], [ -72.723, 44.1158 ], [ -72.7231, 44.1164 ], [ -72.7236, 44.1161 ], [ -72.7239, 44.1167 ], [ -72.7251, 44.1166 ], [ -72.7266, 44.1156 ], [ -72.7283, 44.1151 ], [ -72.7831, 44.1303 ], [ -72.7639, 44.1498 ] ] ] } },
{ "type": "Feature", "properties": { "GEOIDFQ": "1400000US50023955502", "NAME": "9555.02", "NAMELSAD": "Census Tract 9555.02" }, "geometry": { "type": "Polygon", "coordinates": [ [ [ -72.7705, 44.1267 ], [ -72.7283, 44.1151 ], [ -72.7266, 44.1156 ], [ -72.7251, 44.1166 ], [ -72.7239, 44.1167 ], [ -72.7236, 44.1161 ], [ -72.7231, 44.1164 ], [ -72.723, 44.1158 ], [ -72.7218, 44.116 ], [ -72.7188, 44.1177 ], [ -72.7156, 44.1181 ], [ -72.7131, 44.1175 ], [ -72.7122, 44.1176 ], [ -72.7116, 44.1172 ], [ -72.7099, 44.1172 ], [ -72.7073, 44.1158 ], [ -72.7062, 44.1165 ], [ -72.7049, 44.1165 ], [ -72.7044, 44.1155 ], [ -72.7034, 44.1148 ], [ -72.7048, 44.1145 ], [ -72.7037, 44.1141 ], [ -72.7036, 44.1136 ], [ -72.7007, 44.1136 ], [ -72.6984, 44.1131 ], [ -72.6978, 44.1125 ], [ -72.6948, 44.1124 ], [ -72.6916, 44.1104 ], [ -72.6884, 44.1104 ], [ -72.6865, 44.1109 ], [ -72.6861, 44.1122 ], [ -72.6853, 44.1133 ], [ -72.6833, 44.1142 ], [ -72.6828, 44.1148 ], [ -72.6818, 44.1148 ], [ -72.6798, 44.114 ], [ -72.6791, 44.1147 ], [ -72.6792, 44.116 ], [ -72.6785, 44.116 ], [ -72.6777, 44.1165 ], [ -72.6758, 44.1169 ], [ -72.6734, 44.1179 ], [ -72.6727, 44.1177 ], [ -72.6713, 44.1179 ], [ -72.67, 44.1214 ], [ -72.6692, 44.1216 ], [ -72.6669, 44.1212 ], [ -72.6656, 44.1227 ], [ -72.6649, 44.1246 ], [ -72.6658, 44.1259 ], [ -72.6657, 44.1282 ], [ -72.6662, 44.1292 ], [ -72.6654, 44.1309 ], [ -72.6656, 44.1329 ], [ -72.6648, 44.1341 ], [ -72.667, 44.1343 ], [ -72.668, 44.1339 ], [ -72.6687, 44.1352 ], [ -72.6669, 44.1377 ], [ -72.6666, 44.1388 ], [ -72.6658, 44.1391 ], [ -72.6655, 44.1396 ], [ -72.6653, 44.1408 ], [ -72.6662, 44.1412 ], [ -72.6662, 44.1416 ], [ -72.663, 44.1438 ], [ -72.6631, 44.1461 ], [ -72.6609, 44.1468 ], [ -72.6604, 44.1489 ], [ -72.6597, 44.1499 ], [ -72.6587, 44.1502 ], [ -72.6549, 44.1492 ], [ -72.6544, 44.1495 ], [ -72.654, 44.1521 ], [ -72.6548, 44.1525 ], [ -72.6546, 44.1539 ], [ -72.6554, 44.1548 ], [ -72.6551, 44.156 ], [ -72.6553, 44.1574 ], [ -72.6546, 44.1585 ], [ -72.6535, 44.1591 ], [ -72.6534, 44.1598 ], [ -72.6536, 44.1601 ], [ -72.6548, 44.1601 ], [ -72.6571, 44.1618 ], [ -72.6572, 44.1627 ], [ -72.6563, 44.1642 ], [ -72.6567, 44.1659 ], [ -72.6545, 44.1688 ], [ -72.6522, 44.1706 ], [ -72.6513, 44.1729 ], [ -72.6502, 44.1745 ], [ -72.6467, 44.1747 ], [ -72.6466, 44.1758 ], [ -72.5866, 44.1603 ], [ -72.6291, 44.0878 ], [ -72.6345, 44.0893 ], [ -72.6829, 44.0128 ], [ -72.742, 44.0296 ], [ -72.819, 44.0519 ], [ -72.7705, 44.1267 ] ] ] } },
{ "type": "Feature", "properties": { "GEOIDFQ": "1400000US50003971200", "NAME": "9712", "NAMELSAD": "Census Tract 9712" }, "geometry": { "type": "Polygon", "coordinates": [ [ [ -73.2118, 42.8873 ], [ -73.2097, 42.8889 ], [ -73.2071, 42.8898 ], [ -73.2054, 42.8931 ], [ -73.2026, 42.8927 ], [ -73.2015, 42.8917 ], [ -73.2025, 42.8943 ], [ -73.2023, 42.8947 ], [ -73.2012, 42.8943 ], [ -73.1911, 42.8935 ], [ -73.1883, 42.8937 ], [ -73.1847, 42.8922 ], [ -73.1839, 42.8917 ], [ -73.1833, 42.8863 ], [ -73.1823, 42.8862 ], [ -73.1821, 42.8856 ], [ -73.1808, 42.8855 ], [ -73.181, 42.8844 ], [ -73.1818, 42.8839 ], [ -73.18, 42.8833 ], [ -73.1764, 42.8829 ], [ -73.1727, 42.8839 ], [ -73.1682, 42.8838 ], [ -73.1653, 42.8846 ], [ -73.16, 42.8844 ], [ -73.1588, 42.8833 ], [ -73.1649, 42.883 ], [ -73.1716, 42.8815 ], [ -73.1755, 42.8798 ], [ -73.1866, 42.8788 ], [ -73.1867, 42.8732 ], [ -73.1879, 42.8731 ], [ -73.1881, 42.8742 ], [ -73.1969, 42.8754 ], [ -73.1973, 42.8754 ], [ -73.1973, 42.8744 ], [ -73.204, 42.8747 ], [ -73.2022, 42.8806 ], [ -73.2084, 42.8827 ], [ -73.2117, 42.8846 ], [ -73.2133, 42.8842 ], [ -73.214, 42.8862 ], [ -73.2118, 42.8873 ] ] ] } },
{ "type": "Feature", "properties": { "GEOIDFQ": "1400000US50021963000", "NAME": "9630", "NAMELSAD": "Census Tract 9630" }, "geometry": { "type": "Polygon", "coordinates": [ [ [ -72.9596, 43.6278 ], [ -72.9595, 43.6271 ], [ -72.9626, 43.6262 ], [ -72.9624, 43.6244 ], [ -72.9573, 43.6255 ], [ -72.957, 43.6211 ], [ -72.9564, 43.6214 ], [ -72.9546, 43.6201 ], [ -72.9538, 43.6216 ], [ -72.9477, 43.6218 ], [ -72.9474, 43.618 ], [ -72.9462, 43.618 ], [ -72.9456, 43.6084 ], [ -72.9564, 43.6077 ], [ -72.9561, 43.6052 ], [ -72.9673, 43.6029 ], [ -72.9682, 43.6059 ], [ -72.9716, 43.6052 ], [ -72.9757, 43.627 ], [ -72.9596, 43.6278 ] ] ] } },
{ "type": "Feature", "properties": { "GEOIDFQ": "1400000US50021963100", "NAME": "9631", "NAMELSAD": "Census Tract 9631" }, "geometry": { "type": "Polygon", "coordinates": [ [ [ -72.9839, 43.616 ], [ -72.9851, 43.6218 ], [ -72.9824, 43.622 ], [ -72.9825, 43.6226 ], [ -72.9812, 43.6227 ], [ -72.9802, 43.6177 ], [ -72.9774, 43.618 ], [ -72.9772, 43.617 ], [ -72.9739, 43.6174 ], [ -72.9718, 43.6061 ], [ -72.9787, 43.6054 ], [ -72.9804, 43.6068 ], [ -72.9808, 43.6093 ], [ -72.9821, 43.6092 ], [ -72.9825, 43.6115 ], [ -72.9871, 43.6111 ], [ -72.9881, 43.6159 ], [ -72.9839, 43.616 ] ] ] } },
{ "type": "Feature", "properties": { "GEOIDFQ": "1400000US50011010600", "NAME": "106", "NAMELSAD": "Census Tract 106" }, "geometry": { "type": "Polygon", "coordinates": [ [ [ -73.2587, 44.7751 ], [ -73.2571, 44.7802 ], [ -73.2573, 44.7819 ], [ -73.2552, 44.7843 ], [ -73.2527, 44.789 ], [ -73.2457, 44.7996 ], [ -73.2429, 44.8033 ], [ -73.237, 44.8097 ], [ -73.2301, 44.8147 ], [ -73.2253, 44.8176 ], [ -73.2169, 44.8206 ], [ -73.2108, 44.8221 ], [ -73.208, 44.8246 ], [ -73.207, 44.8292 ], [ -73.2032, 44.8336 ], [ -73.2026, 44.8361 ], [ -73.2039, 44.8401 ], [ -73.2068, 44.8439 ], [ -73.2076, 44.8461 ], [ -73.2071, 44.8519 ], [ -73.2053, 44.8573 ], [ -73.2037, 44.8606 ], [ -73.2033, 44.866 ], [ -73.202, 44.8681 ], [ -73.1983, 44.8718 ], [ -73.1969, 44.874 ], [ -73.1959, 44.8819 ], [ -73.1939, 44.8868 ], [ -73.1257, 44.8621 ], [ -73.0097, 44.8211 ], [ -72.9754, 44.8078 ], [ -72.9996, 44.8004 ], [ -73.0848, 44.773 ], [ -73.1247, 44.7872 ], [ -73.1491, 44.7963 ], [ -73.1638, 44.7828 ], [ -73.1651, 44.7812 ], [ -73.1659, 44.7784 ], [ -73.1687, 44.7757 ], [ -73.1712, 44.7741 ], [ -73.178, 44.7711 ], [ -73.1829, 44.7683 ], [ -73.2042, 44.7509 ], [ -73.2116, 44.744 ], [ -73.2289, 44.7228 ], [ -73.2501, 44.7502 ], [ -73.2553, 44.7581 ], [ -73.258, 44.7636 ], [ -73.259, 44.7714 ], [ -73.2587, 44.7751 ] ], [ [ -73.0945, 44.8058 ], [ -73.0961, 44.8036 ], [ -73.0923, 44.8022 ], [ -73.0929, 44.8014 ], [ -73.0911, 44.8009 ], [ -73.0919, 44.8 ], [ -73.0906, 44.7996 ], [ -73.0913, 44.7988 ], [ -73.0919, 44.7991 ], [ -73.0931, 44.7976 ], [ -73.0929, 44.7973 ], [ -73.0933, 44.7974 ], [ -73.0952, 44.795 ], [ -73.0935, 44.7944 ], [ -73.0896, 44.7992 ], [ -73.0892, 44.799 ], [ -73.0874, 44.8012 ], [ -73.0848, 44.8003 ], [ -73.0835, 44.802 ], [ -73.0797, 44.8007 ], [ -73.0791, 44.8014 ], [ -73.0771, 44.8015 ], [ -73.0755, 44.8012 ], [ -73.0748, 44.8023 ], [ -73.0758, 44.8027 ], [ -73.0751, 44.8038 ], [ -73.0727, 44.803 ], [ -73.0723, 44.8036 ], [ -73.0736, 44.8041 ], [ -73.0721, 44.8062 ], [ -73.0701, 44.813 ], [ -73.0711, 44.8147 ], [ -73.0682, 44.8186 ], [ -73.0685, 44.8187 ], [ -73.0682, 44.8191 ], [ -73.069, 44.8189 ], [ -73.0753, 44.8204 ], [ -73.0756, 44.8217 ], [ -73.0753, 44.8239 ], [ -73.0807, 44.8251 ], [ -73.0812, 44.8229 ], [ -73.0824, 44.8231 ], [ -73.0833, 44.8217 ], [ -73.0901, 44.8242 ], [ -73.0939, 44.819 ], [ -73.0962, 44.8201 ], [ -73.0969, 44.8191 ], [ -73.0977, 44.8194 ], [ -73.1008, 44.8127 ], [ -73.1014, 44.8083 ], [ -73.0945, 44.8058 ] ] ] } },
{ "type": "Feature", "properties": { "GEOIDFQ": "1400000US50011010500", "NAME": "105", "NAMELSAD": "Census Tract 105" }, "geometry": { "type": "Polygon", "coordinates": [ [ [ -73.2404, 44.9513 ], [ -73.2391, 44.9532 ], [ -73.2382, 44.9541 ], [ -73.2336, 44.9567 ], [ -73.2297, 44.9593 ], [ -73.2247, 44.9649 ], [ -73.2194, 44.9737 ], [ -73.2051, 44.9922 ], [ -73.1964, 45.0058 ], [ -73.1923, 45.0134 ], [ -73.1704, 45.0138 ], [ -73.17, 45.0116 ], [ -73.1673, 45.0076 ], [ -73.1648, 45.0064 ], [ -73.1584, 45.0045 ], [ -73.1547, 45.0025 ], [ -73.1537, 45.0015 ], [ -73.1524, 44.9987 ], [ -73.1502, 44.9962 ], [ -73.1499, 44.995 ], [ -73.1515, 44.9878 ], [ -73.1545, 44.9814 ], [ -73.1573, 44.9788 ], [ -73.1614, 44.9772 ], [ -73.1645, 44.974 ], [ -73.1682, 44.9717 ], [ -73.1684, 44.9708 ], [ -73.1663, 44.9676 ], [ -73.1659, 44.9662 ], [ -73.1662, 44.9598 ], [ -73.1659, 44.9578 ], [ -73.1626, 44.952 ], [ -73.1603, 44.9499 ], [ -73.1564, 44.9471 ], [ -73.1453, 44.9437 ], [ -73.1402, 44.9406 ], [ -73.0554, 44.9107 ], [ -73.0364, 44.8871 ], [ -73.0015, 44.8822 ], [ -73.0084, 44.8515 ], [ -72.9891, 44.825 ], [ -72.9968, 44.816 ], [ -73.0097, 44.8211 ], [ -73.1257, 44.8621 ], [ -73.1939, 44.8868 ], [ -73.192, 44.8925 ], [ -73.1914, 44.8981 ], [ -73.1913, 44.9056 ], [ -73.1923, 44.9083 ], [ -73.1941, 44.91 ], [ -73.1953, 44.9106 ], [ -73.2057, 44.9111 ], [ -73.2086, 44.9119 ], [ -73.2159, 44.9153 ], [ -73.2237, 44.9178 ], [ -73.2249, 44.9185 ], [ -73.2261, 44.9196 ], [ -73.2277, 44.9222 ], [ -73.2324, 44.9307 ], [ -73.2342, 44.937 ], [ -73.2379, 44.9406 ], [ -73.2395, 44.9428 ], [ -73.2404, 44.9453 ], [ -73.2409, 44.9489 ], [ -73.2404, 44.9513 ] ] ] } },
{ "type": "Feature", "properties": { "GEOIDFQ": "1400000US50011010200", "NAME": "102", "NAMELSAD": "Census Tract 102" }, "geometry": { "type": "Polygon", "coordinates": [ [ [ -72.8345, 44.8555 ], [ -72.8393, 44.8564 ], [ -72.8334, 44.8739 ], [ -72.8148, 44.9191 ], [ -72.8224, 44.9205 ], [ -72.825, 44.9622 ], [ -72.826, 44.9724 ], [ -72.8275, 44.985 ], [ -72.8322, 45.0164 ], [ -72.7482, 45.0156 ], [ -72.7339, 45.0158 ], [ -72.7018, 45.0156 ], [ -72.6762, 44.9284 ], [ -72.6724, 44.9215 ], [ -72.6616, 44.8401 ], [ -72.6802, 44.8393 ], [ -72.6807, 44.8383 ], [ -72.6818, 44.8381 ], [ -72.685, 44.8388 ], [ -72.6865, 44.8386 ], [ -72.6892, 44.839 ], [ -72.7402, 44.8368 ], [ -72.7638, 44.8383 ], [ -72.7824, 44.8389 ], [ -72.7919, 44.839 ], [ -72.7994, 44.8387 ], [ -72.8395, 44.8382 ], [ -72.8345, 44.8555 ] ] ] } },
{ "type": "Feature", "properties": { "GEOIDFQ": "1400000US50011010300", "NAME": "103", "NAMELSAD": "Census Tract 103" }, "geometry": { "type": "Polygon", "coordinates": [ [ [ -72.6347, 45.0147 ], [ -72.6043, 45.0131 ], [ -72.5847, 45.0116 ], [ -72.5539, 45.008 ], [ -72.552, 45.0006 ], [ -72.5365, 44.9261 ], [ -72.5414, 44.926 ], [ -72.5333, 44.8341 ], [ -72.5791, 44.7809 ], [ -72.5944, 44.7903 ], [ -72.5979, 44.7871 ], [ -72.6167, 44.7958 ], [ -72.6136, 44.8004 ], [ -72.6784, 44.8025 ], [ -72.6784, 44.8394 ], [ -72.6616, 44.8401 ], [ -72.6724, 44.9215 ], [ -72.6762, 44.9284 ], [ -72.7018, 45.0156 ], [ -72.6347, 45.0147 ] ] ] } },
{ "type": "Feature", "properties": { "GEOIDFQ": "1400000US50011010700", "NAME": "107", "NAMELSAD": "Census Tract 107" }, "geometry": { "type": "Polygon", "coordinates": [ [ [ -73.0977, 44.8194 ], [ -73.0969, 44.8191 ], [ -73.0962, 44.8201 ], [ -73.0939, 44.819 ], [ -73.0901, 44.8242 ], [ -73.0833, 44.8217 ], [ -73.0824, 44.8231 ], [ -73.0812, 44.8229 ], [ -73.0842, 44.8075 ], [ -73.0943, 44.7948 ], [ -73.0952, 44.795 ], [ -73.0933, 44.7974 ], [ -73.0929, 44.7973 ], [ -73.0931, 44.7976 ], [ -73.0919, 44.7991 ], [ -73.0913, 44.7988 ], [ -73.0906, 44.7996 ], [ -73.0919, 44.8 ], [ -73.0911, 44.8009 ], [ -73.0929, 44.8014 ], [ -73.0923, 44.8022 ], [ -73.0961, 44.8036 ], [ -73.0945, 44.8058 ], [ -73.1014, 44.8083 ], [ -73.1011, 44.8115 ], [ -73.0977, 44.8194 ] ] ] } },
{ "type": "Feature", "properties": { "GEOIDFQ": "1400000US50007002301", "NAME": "23.01", "NAMELSAD": "Census Tract 23.01" }, "geometry": { "type": "Polygon", "coordinates": [ [ [ -73.2637, 44.5962 ], [ -73.2619, 44.5975 ], [ -73.2586, 44.6012 ], [ -73.256, 44.6049 ], [ -73.2551, 44.6068 ], [ -73.2545, 44.6107 ], [ -73.2396, 44.6113 ], [ -73.2383, 44.6122 ], [ -73.2355, 44.6133 ], [ -73.2326, 44.6135 ], [ -73.2298, 44.6125 ], [ -73.2248, 44.6087 ], [ -73.2171, 44.6052 ], [ -73.2115, 44.6051 ], [ -73.204, 44.6034 ], [ -73.2025, 44.6034 ], [ -73.2014, 44.604 ], [ -73.2001, 44.6054 ], [ -73.1987, 44.6078 ], [ -73.1381, 44.5856 ], [ -73.1377, 44.5844 ], [ -73.1381, 44.5833 ], [ -73.1401, 44.5834 ], [ -73.1429, 44.583 ], [ -73.1448, 44.5822 ], [ -73.1472, 44.5805 ], [ -73.1494, 44.5802 ], [ -73.1552, 44.5771 ], [ -73.1559, 44.5756 ], [ -73.1565, 44.5757 ], [ -73.1572, 44.5751 ], [ -73.1584, 44.5751 ], [ -73.1551, 44.5694 ], [ -73.1554, 44.5685 ], [ -73.1573, 44.5658 ], [ -73.1576, 44.5663 ], [ -73.1588, 44.5666 ], [ -73.1598, 44.5675 ], [ -73.1617, 44.5679 ], [ -73.1635, 44.568 ], [ -73.1634, 44.5689 ], [ -73.1651, 44.5709 ], [ -73.1671, 44.5713 ], [ -73.168, 44.5713 ], [ -73.1719, 44.5661 ], [ -73.1725, 44.5665 ], [ -73.1725, 44.5688 ], [ -73.1731, 44.5702 ], [ -73.1762, 44.5717 ], [ -73.178, 44.5719 ], [ -73.1796, 44.5637 ], [ -73.1806, 44.5611 ], [ -73.1848, 44.5545 ], [ -73.1875, 44.5544 ], [ -73.191, 44.5548 ], [ -73.1913, 44.5558 ], [ -73.1964, 44.5554 ], [ -73.1991, 44.5566 ], [ -73.2016, 44.5592 ], [ -73.2033, 44.5625 ], [ -73.2092, 44.5625 ], [ -73.2098, 44.5662 ], [ -73.2163, 44.5694 ], [ -73.2264, 44.5762 ], [ -73.2378, 44.5815 ], [ -73.2573, 44.5865 ], [ -73.2677, 44.591 ], [ -73.2706, 44.5926 ], [ -73.2637, 44.5962 ] ] ] } },
{ "type": "Feature", "properties": { "GEOIDFQ": "1400000US50003970800", "NAME": "9708", "NAMELSAD": "Census Tract 9708" }, "geometry": { "type": "Polygon", "coordinates": [ [ [ -73.2701, 43.03 ], [ -73.2327, 43.029 ], [ -73.1884, 43.0271 ], [ -73.152, 43.0264 ], [ -73.1406, 43.0258 ], [ -73.146, 42.931 ], [ -73.2747, 42.9344 ], [ -73.2701, 43.03 ] ] ] } },
{ "type": "Feature", "properties": { "GEOIDFQ": "1400000US50003971300", "NAME": "9713", "NAMELSAD": "Census Tract 9713" }, "geometry": { "type": "Polygon", "coordinates": [ [ [ -73.2863, 42.8081 ], [ -73.2865, 42.8095 ], [ -73.2837, 42.8139 ], [ -73.2871, 42.8201 ], [ -73.2854, 42.8341 ], [ -73.2843, 42.835 ], [ -73.2787, 42.8334 ], [ -73.2783, 42.8374 ], [ -73.2494, 42.837 ], [ -73.2485, 42.8393 ], [ -73.2403, 42.8392 ], [ -73.1871, 42.8372 ], [ -73.1523, 42.8366 ], [ -73.1371, 42.8356 ], [ -73.1427, 42.7435 ], [ -73.2764, 42.746 ], [ -73.2909, 42.8019 ], [ -73.2863, 42.8081 ] ] ] } },
{ "type": "Feature", "properties": { "GEOIDFQ": "1400000US50019952000", "NAME": "9520", "NAMELSAD": "Census Tract 9520" }, "geometry": { "type": "Polygon", "coordinates": [ [ [ -72.3157, 44.6649 ], [ -72.2589, 44.7441 ], [ -72.146, 44.7045 ], [ -72.15, 44.6979 ], [ -72.185, 44.6492 ], [ -72.1993, 44.6283 ], [ -72.2025, 44.6241 ], [ -72.2071, 44.6167 ], [ -72.2629, 44.5425 ], [ -72.3032, 44.5578 ], [ -72.3665, 44.5808 ], [ -72.3739, 44.5842 ], [ -72.3718, 44.5882 ], [ -72.3157, 44.6649 ] ] ] } },
{ "type": "Feature", "properties": { "GEOIDFQ": "1400000US50011010400", "NAME": "104", "NAMELSAD": "Census Tract 104" }, "geometry": { "type": "Polygon", "coordinates": [ [ [ -72.9996, 44.8004 ], [ -72.9754, 44.8078 ], [ -72.9968, 44.816 ], [ -72.9891, 44.825 ], [ -73.0084, 44.8515 ], [ -73.0015, 44.8822 ], [ -72.9572, 44.875 ], [ -72.8829, 44.8643 ], [ -72.8345, 44.8555 ], [ -72.8395, 44.8382 ], [ -72.7994, 44.8387 ], [ -72.7919, 44.839 ], [ -72.7824, 44.8389 ], [ -72.7638, 44.8383 ], [ -72.7402, 44.8368 ], [ -72.6892, 44.839 ], [ -72.6865, 44.8386 ], [ -72.685, 44.8388 ], [ -72.6818, 44.8381 ], [ -72.6807, 44.8383 ], [ -72.6802, 44.8393 ], [ -72.6784, 44.8394 ], [ -72.6784, 44.8025 ], [ -72.7291, 44.804 ], [ -72.7468, 44.7901 ], [ -72.7458, 44.7759 ], [ -72.755, 44.777 ], [ -72.7585, 44.7636 ], [ -72.7686, 44.765 ], [ -72.7744, 44.7432 ], [ -72.7794, 44.7438 ], [ -72.7837, 44.7284 ], [ -72.7891, 44.7281 ], [ -72.8615, 44.7385 ], [ -72.9063, 44.7455 ], [ -72.9609, 44.7533 ], [ -73.0047, 44.7606 ], [ -73.0848, 44.773 ], [ -72.9996, 44.8004 ] ] ] } },
{ "type": "Feature", "properties": { "GEOIDFQ": "1400000US50011011000", "NAME": "110", "NAMELSAD": "Census Tract 110" }, "geometry": { "type": "Polygon", "coordinates": [ [ [ -73.0047, 44.7606 ], [ -72.9609, 44.7533 ], [ -72.9063, 44.7455 ], [ -72.8615, 44.7385 ], [ -72.7891, 44.7281 ], [ -72.7837, 44.7284 ], [ -72.7917, 44.697 ], [ -72.7924, 44.6961 ], [ -72.7923, 44.6943 ], [ -72.7932, 44.6907 ], [ -72.8508, 44.7111 ], [ -72.8919, 44.6557 ], [ -72.8932, 44.6554 ], [ -72.8944, 44.6548 ], [ -72.8986, 44.6518 ], [ -72.9008, 44.6498 ], [ -72.902, 44.6472 ], [ -72.903, 44.6464 ], [ -72.9043, 44.646 ], [ -72.9073, 44.646 ], [ -72.9099, 44.6467 ], [ -72.9135, 44.6458 ], [ -72.9163, 44.6458 ], [ -72.9188, 44.6468 ], [ -72.921, 44.6493 ], [ -72.9226, 44.6501 ], [ -72.9251, 44.6489 ], [ -72.9267, 44.6475 ], [ -72.9273, 44.6457 ], [ -72.9259, 44.6439 ], [ -72.9238, 44.6419 ], [ -72.9242, 44.641 ], [ -72.9265, 44.6403 ], [ -72.924, 44.6374 ], [ -72.9264, 44.6351 ], [ -72.9238, 44.6332 ], [ -73.038, 44.6512 ], [ -73.0583, 44.7025 ], [ -73.0848, 44.773 ], [ -73.0047, 44.7606 ] ] ] } },
{ "type": "Feature", "properties": { "GEOIDFQ": "1400000US50021963300", "NAME": "9633", "NAMELSAD": "Census Tract 9633" }, "geometry": { "type": "Polygon", "coordinates": [ [ [ -73.0093, 43.6024 ], [ -73.0076, 43.6025 ], [ -73.0042, 43.601 ], [ -73.0021, 43.6026 ], [ -73.0004, 43.6034 ], [ -72.9955, 43.603 ], [ -72.9937, 43.6025 ], [ -72.9929, 43.6017 ], [ -72.9919, 43.6017 ], [ -72.9894, 43.6046 ], [ -72.988, 43.6055 ], [ -72.9881, 43.6066 ], [ -72.9841, 43.6075 ], [ -72.9806, 43.6078 ], [ -72.9803, 43.6067 ], [ -72.9787, 43.6054 ], [ -72.9718, 43.6061 ], [ -72.9716, 43.6052 ], [ -72.9682, 43.6059 ], [ -72.9673, 43.6029 ], [ -72.9561, 43.6052 ], [ -72.9564, 43.6077 ], [ -72.9473, 43.6083 ], [ -72.9464, 43.594 ], [ -72.9903, 43.5867 ], [ -72.9916, 43.5867 ], [ -72.9921, 43.5875 ], [ -73.0013, 43.5954 ], [ -73.0046, 43.5962 ], [ -73.009, 43.5981 ], [ -73.0103, 43.5989 ], [ -73.0112, 43.5998 ], [ -73.0093, 43.6024 ] ] ] } },
{ "type": "Feature", "properties": { "GEOIDFQ": "1400000US50021963400", "NAME": "9634", "NAMELSAD": "Census Tract 9634" }, "geometry": { "type": "Polygon", "coordinates": [ [ [ -73.035, 43.5707 ], [ -72.9342, 43.5748 ], [ -72.9316, 43.5365 ], [ -72.9288, 43.4817 ], [ -72.9558, 43.4838 ], [ -72.9553, 43.4899 ], [ -72.9593, 43.4903 ], [ -72.9587, 43.4932 ], [ -72.9634, 43.4933 ], [ -72.9633, 43.4951 ], [ -72.9872, 43.4961 ], [ -72.9876, 43.4916 ], [ -73.0053, 43.4927 ], [ -73.0508, 43.4942 ], [ -73.035, 43.5707 ] ] ] } },
{ "type": "Feature", "properties": { "GEOIDFQ": "1400000US50021963500", "NAME": "9635", "NAMELSAD": "Census Tract 9635" }, "geometry": { "type": "Polygon", "coordinates": [ [ [ -73.1785, 43.4962 ], [ -73.1684, 43.496 ], [ -73.1334, 43.5253 ], [ -73.1353, 43.5336 ], [ -73.1201, 43.5334 ], [ -73.1198, 43.5386 ], [ -73.1201, 43.5435 ], [ -73.1164, 43.5836 ], [ -73.1171, 43.5852 ], [ -73.1125, 43.6102 ], [ -73.111, 43.6323 ], [ -73.0955, 43.6327 ], [ -73.0777, 43.5702 ], [ -73.035, 43.5707 ], [ -73.0508, 43.4942 ], [ -73.0053, 43.4927 ], [ -73.0072, 43.4481 ], [ -73.0144, 43.4451 ], [ -73.0217, 43.3993 ], [ -73.0521, 43.401 ], [ -73.1209, 43.403 ], [ -73.1191, 43.4358 ], [ -73.1795, 43.4659 ], [ -73.1785, 43.4962 ] ] ] } },
{ "type": "Feature", "properties": { "GEOIDFQ": "1400000US50021963600", "NAME": "9636", "NAMELSAD": "Census Tract 9636" }, "geometry": { "type": "Polygon", "coordinates": [ [ [ -73.2386, 43.6671 ], [ -73.2372, 43.6802 ], [ -73.1981, 43.6795 ], [ -73.1082, 43.676 ], [ -73.1014, 43.6538 ], [ -73.0955, 43.6327 ], [ -73.111, 43.6323 ], [ -73.1125, 43.6102 ], [ -73.1171, 43.5852 ], [ -73.12, 43.5848 ], [ -73.1449, 43.5851 ], [ -73.2015, 43.5868 ], [ -73.2433, 43.5876 ], [ -73.2386, 43.6671 ] ] ] } },
{ "type": "Feature", "properties": { "GEOIDFQ": "1400000US50011010800", "NAME": "108", "NAMELSAD": "Census Tract 108" }, "geometry": { "type": "Polygon", "coordinates": [ [ [ -73.0842, 44.8075 ], [ -73.0807, 44.8251 ], [ -73.0753, 44.8239 ], [ -73.0756, 44.8217 ], [ -73.0753, 44.8204 ], [ -73.069, 44.8189 ], [ -73.0682, 44.8191 ], [ -73.0685, 44.8187 ], [ -73.0682, 44.8186 ], [ -73.0711, 44.8147 ], [ -73.0701, 44.813 ], [ -73.0708, 44.8097 ], [ -73.0721, 44.8062 ], [ -73.0736, 44.8041 ], [ -73.0723, 44.8036 ], [ -73.0727, 44.803 ], [ -73.0751, 44.8038 ], [ -73.0758, 44.8027 ], [ -73.0748, 44.8023 ], [ -73.0755, 44.8012 ], [ -73.0771, 44.8015 ], [ -73.0791, 44.8014 ], [ -73.0797, 44.8007 ], [ -73.0835, 44.802 ], [ -73.0848, 44.8003 ], [ -73.0874, 44.8012 ], [ -73.0892, 44.799 ], [ -73.0896, 44.7992 ], [ -73.0935, 44.7944 ], [ -73.0943, 44.7948 ], [ -73.0842, 44.8075 ] ] ] } },
{ "type": "Feature", "properties": { "GEOIDFQ": "1400000US50011010900", "NAME": "109", "NAMELSAD": "Census Tract 109" }, "geometry": { "type": "Polygon", "coordinates": [ [ [ -73.2116, 44.744 ], [ -73.2042, 44.7509 ], [ -73.1829, 44.7683 ], [ -73.178, 44.7711 ], [ -73.1712, 44.7741 ], [ -73.1687, 44.7757 ], [ -73.1659, 44.7784 ], [ -73.1651, 44.7812 ], [ -73.1638, 44.7828 ], [ -73.1491, 44.7963 ], [ -73.1247, 44.7872 ], [ -73.0848, 44.773 ], [ -73.0583, 44.7025 ], [ -73.038, 44.6512 ], [ -73.1028, 44.6762 ], [ -73.2288, 44.7229 ], [ -73.2116, 44.744 ] ] ] } },
{ "type": "Feature", "properties": { "GEOIDFQ": "1400000US50007004002", "NAME": "40.02", "NAMELSAD": "Census Tract 40.02" }, "geometry": { "type": "Polygon", "coordinates": [ [ [ -73.1762, 44.4846 ], [ -73.1733, 44.4861 ], [ -73.1721, 44.4881 ], [ -73.1687, 44.4904 ], [ -73.1681, 44.4897 ], [ -73.1688, 44.487 ], [ -73.1679, 44.4865 ], [ -73.1661, 44.4871 ], [ -73.1642, 44.4883 ], [ -73.1629, 44.4897 ], [ -73.1614, 44.4902 ], [ -73.1603, 44.4901 ], [ -73.1592, 44.4893 ], [ -73.1584, 44.4898 ], [ -73.1577, 44.4896 ], [ -73.1552, 44.4882 ], [ -73.154, 44.4879 ], [ -73.1507, 44.4889 ], [ -73.1463, 44.4893 ], [ -73.1442, 44.4898 ], [ -73.1431, 44.4909 ], [ -73.1431, 44.4918 ], [ -73.1441, 44.4923 ], [ -73.1473, 44.4928 ], [ -73.1479, 44.4938 ], [ -73.144, 44.4965 ], [ -73.1426, 44.4989 ], [ -73.1412, 44.5003 ], [ -73.1381, 44.5011 ], [ -73.1373, 44.5007 ], [ -73.1372, 44.4997 ], [ -73.1395, 44.4981 ], [ -73.1405, 44.4969 ], [ -73.1406, 44.4954 ], [ -73.1395, 44.4919 ], [ -73.1396, 44.4907 ], [ -73.1403, 44.4897 ], [ -73.142, 44.4889 ], [ -73.143, 44.4878 ], [ -73.1443, 44.4844 ], [ -73.1449, 44.4808 ], [ -73.1437, 44.4796 ], [ -73.1413, 44.4783 ], [ -73.1399, 44.4781 ], [ -73.1377, 44.4784 ], [ -73.1366, 44.478 ], [ -73.1359, 44.475 ], [ -73.1366, 44.4748 ], [ -73.1367, 44.4745 ], [ -73.1361, 44.4735 ], [ -73.1352, 44.4732 ], [ -73.1348, 44.4725 ], [ -73.1351, 44.4722 ], [ -73.1357, 44.4723 ], [ -73.1366, 44.4715 ], [ -73.1367, 44.471 ], [ -73.1362, 44.4709 ], [ -73.1366, 44.4705 ], [ -73.1382, 44.47 ], [ -73.1384, 44.4696 ], [ -73.1376, 44.4686 ], [ -73.1378, 44.4679 ], [ -73.1373, 44.4676 ], [ -73.1377, 44.4672 ], [ -73.1373, 44.467 ], [ -73.1374, 44.4659 ], [ -73.1384, 44.4656 ], [ -73.1387, 44.465 ], [ -73.1381, 44.4645 ], [ -73.1377, 44.4649 ], [ -73.1365, 44.465 ], [ -73.1367, 44.4634 ], [ -73.1361, 44.4632 ], [ -73.1356, 44.4619 ], [ -73.1362, 44.4609 ], [ -73.1362, 44.4596 ], [ -73.1371, 44.4588 ], [ -73.1362, 44.4585 ], [ -73.1357, 44.4577 ], [ -73.1348, 44.4573 ], [ -73.1359, 44.457 ], [ -73.1356, 44.4562 ], [ -73.1371, 44.4557 ], [ -73.1374, 44.4549 ], [ -73.1384, 44.4542 ], [ -73.1383, 44.4534 ], [ -73.139, 44.4527 ], [ -73.1382, 44.4516 ], [ -73.1393, 44.451 ], [ -73.1385, 44.4502 ], [ -73.1399, 44.4497 ], [ -73.1398, 44.449 ], [ -73.139, 44.4482 ], [ -73.139, 44.4473 ], [ -73.1359, 44.4452 ], [ -73.1357, 44.4445 ], [ -73.1363, 44.4434 ], [ -73.1353, 44.4427 ], [ -73.1369, 44.4407 ], [ -73.1361, 44.4396 ], [ -73.1368, 44.4395 ], [ -73.1368, 44.4391 ], [ -73.1375, 44.4391 ], [ -73.1369, 44.4383 ], [ -73.1376, 44.4385 ], [ -73.1383, 44.438 ], [ -73.1382, 44.4376 ], [ -73.1374, 44.4377 ], [ -73.1376, 44.4372 ], [ -73.1371, 44.4372 ], [ -73.1373, 44.4368 ], [ -73.1381, 44.4368 ], [ -73.1376, 44.4358 ], [ -73.1388, 44.4351 ], [ -73.1394, 44.4357 ], [ -73.1432, 44.4355 ], [ -73.1436, 44.4376 ], [ -73.1554, 44.4367 ], [ -73.1554, 44.4362 ], [ -73.157, 44.436 ], [ -73.1584, 44.445 ], [ -73.1575, 44.449 ], [ -73.1576, 44.4499 ], [ -73.1585, 44.4508 ], [ -73.1693, 44.4569 ], [ -73.1728, 44.4745 ], [ -73.174, 44.4762 ], [ -73.1759, 44.478 ], [ -73.1803, 44.4809 ], [ -73.1762, 44.4846 ] ], [ [ -73.1707, 44.4802 ], [ -73.1641, 44.476 ], [ -73.1624, 44.4758 ], [ -73.1629, 44.4747 ], [ -73.1623, 44.4745 ], [ -73.1618, 44.4749 ], [ -73.1607, 44.4747 ], [ -73.1602, 44.4737 ], [ -73.1592, 44.474 ], [ -73.155, 44.4654 ], [ -73.1535, 44.4656 ], [ -73.1533, 44.4647 ], [ -73.1546, 44.4645 ], [ -73.1541, 44.463 ], [ -73.1525, 44.4622 ], [ -73.1512, 44.4633 ], [ -73.1512, 44.4631 ], [ -73.148, 44.4627 ], [ -73.1451, 44.4628 ], [ -73.1423, 44.4609 ], [ -73.1421, 44.4611 ], [ -73.1392, 44.4595 ], [ -73.136, 44.4622 ], [ -73.139, 44.4642 ], [ -73.1394, 44.4654 ], [ -73.1401, 44.4655 ], [ -73.1397, 44.4662 ], [ -73.1402, 44.4685 ], [ -73.1394, 44.4699 ], [ -73.141, 44.4704 ], [ -73.1386, 44.4746 ], [ -73.1433, 44.4762 ], [ -73.1451, 44.4775 ], [ -73.1482, 44.4774 ], [ -73.1496, 44.4789 ], [ -73.156, 44.4788 ], [ -73.1572, 44.4791 ], [ -73.1607, 44.4814 ], [ -73.1625, 44.4821 ], [ -73.1629, 44.4834 ], [ -73.1623, 44.4852 ], [ -73.1625, 44.4854 ], [ -73.1662, 44.4844 ], [ -73.1707, 44.4806 ], [ -73.1707, 44.4802 ] ] ] } },
{ "type": "Feature", "properties": { "GEOIDFQ": "1400000US50007003301", "NAME": "33.01", "NAMELSAD": "Census Tract 33.01" }, "geometry": { "type": "Polygon", "coordinates": [ [ [ -73.1956, 44.4225 ], [ -73.1924, 44.4334 ], [ -73.1877, 44.4458 ], [ -73.1884, 44.45 ], [ -73.1813, 44.4504 ], [ -73.176, 44.4492 ], [ -73.1634, 44.4489 ], [ -73.1578, 44.4479 ], [ -73.1584, 44.4446 ], [ -73.157, 44.436 ], [ -73.1554, 44.4362 ], [ -73.1554, 44.4367 ], [ -73.1436, 44.4376 ], [ -73.1432, 44.4355 ], [ -73.1396, 44.4356 ], [ -73.1398, 44.4348 ], [ -73.1406, 44.4349 ], [ -73.1407, 44.4344 ], [ -73.1412, 44.4346 ], [ -73.142, 44.4344 ], [ -73.1416, 44.4339 ], [ -73.1426, 44.4333 ], [ -73.1423, 44.433 ], [ -73.1427, 44.4327 ], [ -73.1421, 44.4323 ], [ -73.143, 44.4319 ], [ -73.1432, 44.4311 ], [ -73.1441, 44.4308 ], [ -73.1433, 44.4304 ], [ -73.1442, 44.4302 ], [ -73.1443, 44.4297 ], [ -73.1454, 44.4297 ], [ -73.1456, 44.4287 ], [ -73.1463, 44.4279 ], [ -73.1447, 44.4254 ], [ -73.145, 44.4249 ], [ -73.1456, 44.425 ], [ -73.1459, 44.4243 ], [ -73.1452, 44.4238 ], [ -73.1453, 44.4235 ], [ -73.1459, 44.4235 ], [ -73.146, 44.423 ], [ -73.1451, 44.422 ], [ -73.1456, 44.4218 ], [ -73.1455, 44.4209 ], [ -73.1463, 44.4206 ], [ -73.1457, 44.4206 ], [ -73.1457, 44.4203 ], [ -73.1466, 44.4198 ], [ -73.146, 44.4194 ], [ -73.1465, 44.4188 ], [ -73.146, 44.4188 ], [ -73.1448, 44.417 ], [ -73.1452, 44.4164 ], [ -73.1446, 44.416 ], [ -73.1452, 44.416 ], [ -73.1453, 44.4145 ], [ -73.1446, 44.4121 ], [ -73.1455, 44.4113 ], [ -73.1461, 44.412 ], [ -73.1481, 44.4124 ], [ -73.1485, 44.4116 ], [ -73.1495, 44.4117 ], [ -73.151, 44.4107 ], [ -73.1516, 44.4107 ], [ -73.1536, 44.4074 ], [ -73.1548, 44.4064 ], [ -73.1546, 44.4052 ], [ -73.1968, 44.4167 ], [ -73.1956, 44.4225 ] ] ] } },
{ "type": "Feature", "properties": { "GEOIDFQ": "1400000US50011010101", "NAME": "101.01", "NAMELSAD": "Census Tract 101.01" }, "geometry": { "type": "Polygon", "coordinates": [ [ [ -73.0653, 45.016 ], [ -72.9932, 45.0147 ], [ -72.9809, 44.9649 ], [ -72.8997, 44.9347 ], [ -72.9995, 44.9197 ], [ -73.0554, 44.9107 ], [ -73.1402, 44.9406 ], [ -73.1453, 44.9437 ], [ -73.1564, 44.9471 ], [ -73.1613, 44.9507 ], [ -73.1641, 44.9542 ], [ -73.1659, 44.9578 ], [ -73.1662, 44.9598 ], [ -73.1659, 44.9662 ], [ -73.1663, 44.9676 ], [ -73.1683, 44.9703 ], [ -73.1682, 44.9717 ], [ -73.1645, 44.974 ], [ -73.1614, 44.9772 ], [ -73.1573, 44.9788 ], [ -73.1545, 44.9814 ], [ -73.1515, 44.9878 ], [ -73.1499, 44.995 ], [ -73.1502, 44.9962 ], [ -73.1524, 44.9987 ], [ -73.1537, 45.0015 ], [ -73.1547, 45.0025 ], [ -73.1584, 45.0045 ], [ -73.1648, 45.0064 ], [ -73.1673, 45.0076 ], [ -73.17, 45.0116 ], [ -73.1704, 45.0138 ], [ -73.0653, 45.016 ] ] ] } },
{ "type": "Feature", "properties": { "GEOIDFQ": "1400000US50011010102", "NAME": "101.02", "NAMELSAD": "Census Tract 101.02" }, "geometry": { "type": "Polygon", "coordinates": [ [ [ -72.9995, 44.9197 ], [ -72.8997, 44.9347 ], [ -72.9809, 44.9649 ], [ -72.9932, 45.0147 ], [ -72.9669, 45.0141 ], [ -72.9087, 45.0156 ], [ -72.847, 45.0167 ], [ -72.8322, 45.0164 ], [ -72.8275, 44.985 ], [ -72.826, 44.9724 ], [ -72.825, 44.9622 ], [ -72.8224, 44.9205 ], [ -72.8148, 44.9191 ], [ -72.8334, 44.8739 ], [ -72.8393, 44.8564 ], [ -72.8829, 44.8643 ], [ -72.9572, 44.875 ], [ -73.0015, 44.8823 ], [ -73.0364, 44.8871 ], [ -73.0554, 44.9107 ], [ -72.9995, 44.9197 ] ] ] } },
{ "type": "Feature", "properties": { "GEOIDFQ": "1400000US50021962800", "NAME": "9628", "NAMELSAD": "Census Tract 9628" }, "geometry": { "type": "Polygon", "coordinates": [ [ [ -72.8578, 43.6951 ], [ -72.8539, 43.7058 ], [ -72.8456, 43.7234 ], [ -72.836, 43.7194 ], [ -72.8272, 43.7185 ], [ -72.8201, 43.7167 ], [ -72.6998, 43.6846 ], [ -72.7305, 43.6308 ], [ -72.7579, 43.5874 ], [ -72.7715, 43.5911 ], [ -72.7735, 43.5798 ], [ -72.7819, 43.5439 ], [ -72.7899, 43.4945 ], [ -72.7691, 43.4915 ], [ -72.7714, 43.4788 ], [ -72.7943, 43.4838 ], [ -72.8275, 43.4828 ], [ -72.8545, 43.4816 ], [ -72.8708, 43.4797 ], [ -72.8931, 43.4783 ], [ -72.9287, 43.4779 ], [ -72.9288, 43.4877 ], [ -72.9316, 43.5365 ], [ -72.9396, 43.6657 ], [ -72.8578, 43.6951 ] ] ] } },
{ "type": "Feature", "properties": { "GEOIDFQ": "1400000US50021963200", "NAME": "9632", "NAMELSAD": "Census Tract 9632" }, "geometry": { "type": "Polygon", "coordinates": [ [ [ -73.01, 43.6076 ], [ -73.0098, 43.6069 ], [ -73.0071, 43.6081 ], [ -73.0085, 43.6098 ], [ -73.0073, 43.6103 ], [ -73.0065, 43.6083 ], [ -73.0057, 43.6086 ], [ -73.0069, 43.6297 ], [ -72.9848, 43.6299 ], [ -72.9826, 43.6306 ], [ -72.9779, 43.6313 ], [ -72.9777, 43.6305 ], [ -72.9761, 43.6306 ], [ -72.9739, 43.6174 ], [ -72.9772, 43.617 ], [ -72.9774, 43.618 ], [ -72.9802, 43.6177 ], [ -72.9812, 43.6227 ], [ -72.9822, 43.6227 ], [ -72.9825, 43.6226 ], [ -72.9824, 43.622 ], [ -72.9851, 43.6218 ], [ -72.9839, 43.616 ], [ -72.9881, 43.6159 ], [ -72.9871, 43.6111 ], [ -72.9825, 43.6115 ], [ -72.9821, 43.6092 ], [ -72.9808, 43.6093 ], [ -72.9806, 43.6078 ], [ -72.9841, 43.6075 ], [ -72.9881, 43.6066 ], [ -72.988, 43.6055 ], [ -72.9894, 43.6046 ], [ -72.9916, 43.6019 ], [ -72.9927, 43.6017 ], [ -72.9937, 43.6025 ], [ -72.9955, 43.603 ], [ -72.9981, 43.603 ], [ -73.0001, 43.6034 ], [ -73.0015, 43.603 ], [ -73.0026, 43.6021 ], [ -73.0038, 43.6028 ], [ -73.0042, 43.6041 ], [ -73.0071, 43.6041 ], [ -73.0088, 43.6045 ], [ -73.0087, 43.6053 ], [ -73.0091, 43.6053 ], [ -73.0091, 43.6059 ], [ -73.0109, 43.6056 ], [ -73.0115, 43.6073 ], [ -73.01, 43.6076 ] ] ] } },
{ "type": "Feature", "properties": { "GEOIDFQ": "1400000US50021963800", "NAME": "9638", "NAMELSAD": "Census Tract 9638" }, "geometry": { "type": "Polygon", "coordinates": [ [ [ -73.2471, 43.5149 ], [ -73.2467, 43.5153 ], [ -73.2481, 43.516 ], [ -73.2468, 43.5173 ], [ -73.2467, 43.5189 ], [ -73.2476, 43.5192 ], [ -73.2476, 43.5205 ], [ -73.2465, 43.5215 ], [ -73.2477, 43.5232 ], [ -73.2468, 43.5246 ], [ -73.2468, 43.5258 ], [ -73.2423, 43.5286 ], [ -73.2419, 43.5294 ], [ -73.2427, 43.5301 ], [ -73.2426, 43.5307 ], [ -73.2414, 43.5323 ], [ -73.2427, 43.534 ], [ -73.2425, 43.5344 ], [ -73.2417, 43.5344 ], [ -73.2416, 43.535 ], [ -73.2428, 43.5348 ], [ -73.2435, 43.5354 ], [ -73.2444, 43.5388 ], [ -73.2456, 43.5395 ], [ -73.2457, 43.5417 ], [ -73.2433, 43.5876 ], [ -73.2015, 43.5868 ], [ -73.1449, 43.5851 ], [ -73.12, 43.5848 ], [ -73.1171, 43.5852 ], [ -73.1164, 43.5836 ], [ -73.1201, 43.5435 ], [ -73.1198, 43.5386 ], [ -73.1201, 43.5334 ], [ -73.1353, 43.5336 ], [ -73.1334, 43.5253 ], [ -73.1684, 43.496 ], [ -73.1785, 43.4962 ], [ -73.1795, 43.4659 ], [ -73.1191, 43.4358 ], [ -73.1208, 43.404 ], [ -73.2508, 43.4087 ], [ -73.2471, 43.5149 ] ] ] } },
{ "type": "Feature", "properties": { "GEOIDFQ": "1400000US50009950200", "NAME": "9502", "NAMELSAD": "Census Tract 9502" }, "geometry": { "type": "Polygon", "coordinates": [ [ [ -71.9293, 44.8296 ], [ -71.9199, 44.8369 ], [ -71.8779, 44.8788 ], [ -71.8343, 44.8552 ], [ -71.7659, 44.8191 ], [ -71.8103, 44.7796 ], [ -71.8072, 44.7741 ], [ -71.8347, 44.75 ], [ -71.8575, 44.7269 ], [ -71.935, 44.7673 ], [ -71.9748, 44.7872 ], [ -71.9293, 44.8296 ] ] ] } },
{ "type": "Feature", "properties": { "GEOIDFQ": "1400000US50009950100", "NAME": "9501", "NAMELSAD": "Census Tract 9501" }, "geometry": { "type": "Polygon", "coordinates": [ [ [ -71.8993, 45.0079 ], [ -71.805, 45.0105 ], [ -71.7541, 45.0113 ], [ -71.6968, 45.0113 ], [ -71.6127, 45.0127 ], [ -71.5725, 45.0125 ], [ -71.465, 45.0136 ], [ -71.4655, 45.0123 ], [ -71.4667, 45.0116 ], [ -71.4691, 45.011 ], [ -71.4721, 45.0108 ], [ -71.4763, 45.0094 ], [ -71.4785, 45.0075 ], [ -71.4797, 45.0032 ], [ -71.4808, 45.0023 ], [ -71.4839, 45.002 ], [ -71.4858, 45.0023 ], [ -71.4867, 45.002 ], [ -71.4878, 45.0009 ], [ -71.4888, 45.0008 ], [ -71.4899, 45.0013 ], [ -71.49, 45.0019 ], [ -71.4909, 45.0024 ], [ -71.4942, 45.0031 ], [ -71.4953, 45.0046 ], [ -71.4959, 45.0046 ], [ -71.4974, 45.0038 ], [ -71.4984, 45.0039 ], [ -71.5009, 45.0067 ], [ -71.5044, 45.0083 ], [ -71.5057, 45.0079 ], [ -71.5085, 45.0079 ], [ -71.514, 45.0044 ], [ -71.5159, 45.004 ], [ -71.5212, 45.0021 ], [ -71.5245, 45.0021 ], [ -71.5304, 44.9994 ], [ -71.5317, 44.9973 ], [ -71.5349, 44.9957 ], [ -71.537, 44.9935 ], [ -71.5372, 44.993 ], [ -71.5368, 44.9924 ], [ -71.5335, 44.9917 ], [ -71.533, 44.9913 ], [ -71.5331, 44.9909 ], [ -71.534, 44.9904 ], [ -71.5384, 44.9897 ], [ -71.5388, 44.9892 ], [ -71.5386, 44.9873 ], [ -71.5401, 44.9858 ], [ -71.5413, 44.9853 ], [ -71.5413, 44.9839 ], [ -71.5401, 44.9837 ], [ -71.5378, 44.9844 ], [ -71.5368, 44.9839 ], [ -71.5372, 44.9807 ], [ -71.5363, 44.9804 ], [ -71.5349, 44.9807 ], [ -71.533, 44.9799 ], [ -71.5323, 44.9785 ], [ -71.5319, 44.976 ], [ -71.5312, 44.975 ], [ -71.5274, 44.9732 ], [ -71.5265, 44.9706 ], [ -71.5255, 44.9696 ], [ -71.5233, 44.9699 ], [ -71.522, 44.9692 ], [ -71.522, 44.9685 ], [ -71.5231, 44.9679 ], [ -71.5229, 44.9662 ], [ -71.5213, 44.9664 ], [ -71.5196, 44.9677 ], [ -71.5184, 44.9679 ], [ -71.518, 44.9677 ], [ -71.5183, 44.967 ], [ -71.5211, 44.9662 ], [ -71.522, 44.9651 ], [ -71.5236, 44.9646 ], [ -71.5236, 44.9641 ], [ -71.5198, 44.9635 ], [ -71.5189, 44.9636 ], [ -71.5171, 44.9646 ], [ -71.5163, 44.9644 ], [ -71.5162, 44.9624 ], [ -71.515, 44.9586 ], [ -71.5157, 44.9558 ], [ -71.5159, 44.9528 ], [ -71.5166, 44.9517 ], [ -71.5191, 44.9502 ], [ -71.5192, 44.9496 ], [ -71.5189, 44.9492 ], [ -71.5168, 44.9484 ], [ -71.5169, 44.9472 ], [ -71.518, 44.9457 ], [ -71.5178, 44.945 ], [ -71.5152, 44.9443 ], [ -71.5148, 44.9437 ], [ -71.5159, 44.9404 ], [ -71.5171, 44.9391 ], [ -71.5185, 44.9386 ], [ -71.5199, 44.9385 ], [ -71.521, 44.9389 ], [ -71.5213, 44.9406 ], [ -71.5222, 44.9406 ], [ -71.5228, 44.9399 ], [ -71.5214, 44.9381 ], [ -71.5205, 44.9376 ], [ -71.52, 44.9369 ], [ -71.5171, 44.9359 ], [ -71.5162, 44.9352 ], [ -71.5159, 44.9317 ], [ -71.5139, 44.9303 ], [ -71.5132, 44.9292 ], [ -71.5137, 44.9287 ], [ -71.5154, 44.9281 ], [ -71.5157, 44.9272 ], [ -71.5148, 44.9266 ], [ -71.5125, 44.9262 ], [ -71.5117, 44.9249 ], [ -71.5093, 44.924 ], [ -71.5079, 44.9219 ], [ -71.5044, 44.9192 ], [ -71.5007, 44.9146 ], [ -71.5006, 44.9123 ], [ -71.4999, 44.9112 ], [ -71.4984, 44.9109 ], [ -71.4946, 44.9119 ], [ -71.4937, 44.9118 ], [ -71.4932, 44.9114 ], [ -71.4931, 44.9104 ], [ -71.4951, 44.9099 ], [ -71.496, 44.9089 ], [ -71.496, 44.9074 ], [ -71.4947, 44.9055 ], [ -71.4949, 44.9043 ], [ -71.4966, 44.9036 ], [ -71.4983, 44.9046 ], [ -71.5005, 44.9047 ], [ -71.5033, 44.9015 ], [ -71.5074, 44.8995 ], [ -71.5083, 44.8965 ], [ -71.5139, 44.8943 ], [ -71.514, 44.8932 ], [ -71.5133, 44.8922 ], [ -71.5111, 44.8911 ], [ -71.5107, 44.8904 ], [ -71.5151, 44.887 ], [ -71.5161, 44.8845 ], [ -71.5181, 44.8849 ], [ -71.519, 44.8847 ], [ -71.5208, 44.8828 ], [ -71.5226, 44.8796 ], [ -71.5243, 44.8787 ], [ -71.5273, 44.8784 ], [ -71.5284, 44.8777 ], [ -71.529, 44.8761 ], [ -71.5285, 44.8745 ], [ -71.5288, 44.8735 ], [ -71.5307, 44.8724 ], [ -71.5329, 44.8702 ], [ -71.536, 44.8687 ], [ -71.5399, 44.8685 ], [ -71.5434, 44.8668 ], [ -71.5459, 44.8659 ], [ -71.5495, 44.8621 ], [ -71.55, 44.8608 ], [ -71.5497, 44.8597 ], [ -71.5473, 44.8564 ], [ -71.5475, 44.8554 ], [ -71.5484, 44.8547 ], [ -71.5505, 44.8539 ], [ -71.5538, 44.8514 ], [ -71.5551, 44.85 ], [ -71.5558, 44.8486 ], [ -71.5555, 44.847 ], [ -71.5536, 44.8455 ], [ -71.5516, 44.8428 ], [ -71.5507, 44.8393 ], [ -71.5511, 44.837 ], [ -71.5533, 44.8352 ], [ -71.5569, 44.8342 ], [ -71.5573, 44.8339 ], [ -71.5599, 44.8283 ], [ -71.5612, 44.8243 ], [ -71.5618, 44.8236 ], [ -71.5638, 44.8229 ], [ -71.5653, 44.8241 ], [ -71.5732, 44.8208 ], [ -71.574, 44.82 ], [ -71.5753, 44.8171 ], [ -71.5769, 44.8152 ], [ -71.577, 44.814 ], [ -71.5764, 44.8127 ], [ -71.5751, 44.8119 ], [ -71.5729, 44.8112 ], [ -71.5712, 44.8092 ], [ -71.5684, 44.807 ], [ -71.5686, 44.8058 ], [ -71.5705, 44.8028 ], [ -71.5719, 44.8014 ], [ -71.5719, 44.8005 ], [ -71.5728, 44.7992 ], [ -71.5726, 44.7968 ], [ -71.5712, 44.7943 ], [ -71.5713, 44.7933 ], [ -71.5722, 44.7928 ], [ -71.5728, 44.7909 ], [ -71.5759, 44.7893 ], [ -71.5792, 44.7849 ], [ -71.5806, 44.7846 ], [ -71.5831, 44.7852 ], [ -71.5866, 44.7838 ], [ -71.5889, 44.7836 ], [ -71.5909, 44.7828 ], [ -71.5925, 44.7827 ], [ -71.5945, 44.7808 ], [ -71.5956, 44.7793 ], [ -71.5958, 44.7782 ], [ -71.5947, 44.7765 ], [ -71.5951, 44.7754 ], [ -71.6005, 44.7729 ], [ -71.6017, 44.7716 ], [ -71.6029, 44.7693 ], [ -71.6062, 44.7668 ], [ -71.6091, 44.7657 ], [ -71.6114, 44.7653 ], [ -71.6123, 44.7623 ], [ -71.6131, 44.7612 ], [ -71.6129, 44.759 ], [ -71.6146, 44.7581 ], [ -71.6167, 44.7563 ], [ -71.6177, 44.7558 ], [ -71.6194, 44.756 ], [ -71.6212, 44.7558 ], [ -71.6252, 44.7538 ], [ -71.6299, 44.7536 ], [ -71.6312, 44.753 ], [ -71.6321, 44.7516 ], [ -71.6314, 44.7487 ], [ -71.6273, 44.7473 ], [ -71.6251, 44.7434 ], [ -71.6264, 44.7405 ], [ -71.6249, 44.7368 ], [ -71.626, 44.7337 ], [ -71.6261, 44.7285 ], [ -71.625, 44.7277 ], [ -71.6236, 44.7273 ], [ -71.6222, 44.7275 ], [ -71.6191, 44.729 ], [ -71.6171, 44.7287 ], [ -71.6186, 44.7222 ], [ -71.6125, 44.7192 ], [ -71.613, 44.7182 ], [ -71.6125, 44.7176 ], [ -71.6125, 44.7167 ], [ -71.6085, 44.714 ], [ -71.6064, 44.7109 ], [ -71.6063, 44.7099 ], [ -71.605, 44.7084 ], [ -71.6039, 44.7076 ], [ -71.6013, 44.7069 ], [ -71.5994, 44.7053 ], [ -71.5986, 44.7032 ], [ -71.6009, 44.7001 ], [ -71.6008, 44.699 ], [ -71.5995, 44.6982 ], [ -71.5954, 44.6973 ], [ -71.5939, 44.6964 ], [ -71.5941, 44.6953 ], [ -71.5965, 44.6946 ], [ -71.5979, 44.6922 ], [ -71.597, 44.69 ], [ -71.5966, 44.6873 ], [ -71.594, 44.6834 ], [ -71.5941, 44.6815 ], [ -71.5966, 44.6791 ], [ -71.5966, 44.6781 ], [ -71.5949, 44.6771 ], [ -71.5932, 44.6767 ], [ -71.5908, 44.6766 ], [ -71.5877, 44.6745 ], [ -71.583, 44.6744 ], [ -71.5821, 44.6741 ], [ -71.5815, 44.6732 ], [ -71.5816, 44.6724 ], [ -71.5826, 44.6716 ], [ -71.587, 44.6705 ], [ -71.5879, 44.6699 ], [ -71.5878, 44.6693 ], [ -71.5854, 44.6666 ], [ -71.5849, 44.6641 ], [ -71.5854, 44.6628 ], [ -71.5877, 44.6611 ], [ -71.5874, 44.6597 ], [ -71.5853, 44.6574 ], [ -71.5827, 44.6559 ], [ -71.5799, 44.6554 ], [ -71.5774, 44.6561 ], [ -71.5752, 44.6558 ], [ -71.5744, 44.6542 ], [ -71.5753, 44.6531 ], [ -71.5801, 44.6521 ], [ -71.5799, 44.6517 ], [ -71.5771, 44.6507 ], [ -71.5733, 44.65 ], [ -71.5716, 44.6499 ], [ -71.569, 44.6503 ], [ -71.5677, 44.6515 ], [ -71.5671, 44.6533 ], [ -71.5658, 44.6539 ], [ -71.5651, 44.6538 ], [ -71.5628, 44.6524 ], [ -71.562, 44.6506 ], [ -71.5623, 44.6486 ], [ -71.562, 44.6472 ], [ -71.5588, 44.6442 ], [ -71.5578, 44.642 ], [ -71.5582, 44.6405 ], [ -71.5597, 44.6393 ], [ -71.5638, 44.6389 ], [ -71.5637, 44.6372 ], [ -71.563, 44.6364 ], [ -71.5582, 44.6343 ], [ -71.5538, 44.6304 ], [ -71.5521, 44.6301 ], [ -71.5495, 44.6309 ], [ -71.548, 44.6307 ], [ -71.5468, 44.6298 ], [ -71.5469, 44.6285 ], [ -71.5487, 44.628 ], [ -71.5492, 44.6282 ], [ -71.5511, 44.6278 ], [ -71.5521, 44.6273 ], [ -71.5522, 44.6276 ], [ -71.5516, 44.6278 ], [ -71.5523, 44.6277 ], [ -71.5521, 44.6279 ], [ -71.5545, 44.6295 ], [ -71.5559, 44.6298 ], [ -71.557, 44.6295 ], [ -71.5573, 44.6283 ], [ -71.5569, 44.6274 ], [ -71.5531, 44.627 ], [ -71.5522, 44.6257 ], [ -71.5515, 44.6252 ], [ -71.548, 44.6251 ], [ -71.547, 44.6243 ], [ -71.5463, 44.623 ], [ -71.5467, 44.6222 ], [ -71.5479, 44.6222 ], [ -71.5504, 44.6231 ], [ -71.553, 44.6252 ], [ -71.5542, 44.6254 ], [ -71.5551, 44.6252 ], [ -71.5565, 44.6207 ], [ -71.5565, 44.6177 ], [ -71.5549, 44.6115 ], [ -71.5538, 44.6091 ], [ -71.5536, 44.6061 ], [ -71.5547, 44.6045 ], [ -71.5559, 44.6037 ], [ -71.5586, 44.6033 ], [ -71.5612, 44.6033 ], [ -71.5619, 44.603 ], [ -71.5623, 44.6021 ], [ -71.5615, 44.6003 ], [ -71.5599, 44.5997 ], [ -71.5573, 44.5994 ], [ -71.5554, 44.5996 ], [ -71.5532, 44.6001 ], [ -71.5518, 44.6011 ], [ -71.5504, 44.6007 ], [ -71.5506, 44.5997 ], [ -71.5532, 44.5989 ], [ -71.5542, 44.598 ], [ -71.5542, 44.5954 ], [ -71.5554, 44.5938 ], [ -71.555, 44.5932 ], [ -71.5534, 44.5932 ], [ -71.5508, 44.5942 ], [ -71.5484, 44.5955 ], [ -71.5473, 44.5968 ], [ -71.546, 44.5971 ], [ -71.5454, 44.5968 ], [ -71.5453, 44.595 ], [ -71.546, 44.5936 ], [ -71.5474, 44.5922 ], [ -71.5469, 44.5908 ], [ -71.5456, 44.5906 ], [ -71.5441, 44.591 ], [ -71.5405, 44.5929 ], [ -71.5392, 44.5941 ], [ -71.5385, 44.5942 ], [ -71.5377, 44.5933 ], [ -71.5379, 44.5923 ], [ -71.5401, 44.5899 ], [ -71.5401, 44.5885 ], [ -71.5396, 44.5879 ], [ -71.5381, 44.5874 ], [ -71.5349, 44.5879 ], [ -71.5369, 44.5857 ], [ -71.5375, 44.5845 ], [ -71.5374, 44.5834 ], [ -71.5385, 44.5821 ], [ -71.5458, 44.5779 ], [ -71.5479, 44.5778 ], [ -71.5497, 44.5783 ], [ -71.5517, 44.5808 ], [ -71.5503, 44.5838 ], [ -71.5517, 44.5846 ], [ -71.5527, 44.584 ], [ -71.5548, 44.5808 ], [ -71.5549, 44.5796 ], [ -71.5527, 44.5758 ], [ -71.5487, 44.5732 ], [ -71.5479, 44.5722 ], [ -71.5477, 44.5714 ], [ -71.5494, 44.5696 ], [ -71.5509, 44.5692 ], [ -71.5528, 44.5692 ], [ -71.5568, 44.5705 ], [ -71.5813, 44.5843 ], [ -71.6247, 44.607 ], [ -71.6323, 44.6117 ], [ -71.66, 44.6255 ], [ -71.6928, 44.6434 ], [ -71.7566, 44.6761 ], [ -71.8322, 44.7139 ], [ -71.8575, 44.7269 ], [ -71.8347, 44.75 ], [ -71.8072, 44.7741 ], [ -71.8103, 44.7796 ], [ -71.7659, 44.8191 ], [ -71.8343, 44.8552 ], [ -71.9201, 44.9015 ], [ -71.8993, 45.0079 ] ] ] } },
{ "type": "Feature", "properties": { "GEOIDFQ": "1400000US50017959000", "NAME": "9590", "NAMELSAD": "Census Tract 9590" }, "geometry": { "type": "Polygon", "coordinates": [ [ [ -72.1807, 44.1555 ], [ -72.1707, 44.192 ], [ -72.0485, 44.1584 ], [ -72.0436, 44.1571 ], [ -72.043, 44.1565 ], [ -72.0419, 44.1566 ], [ -72.0396, 44.156 ], [ -72.0422, 44.1528 ], [ -72.0428, 44.151 ], [ -72.0419, 44.1471 ], [ -72.0421, 44.1451 ], [ -72.0415, 44.1398 ], [ -72.042, 44.137 ], [ -72.0374, 44.1334 ], [ -72.0338, 44.1323 ], [ -72.0333, 44.1314 ], [ -72.0357, 44.129 ], [ -72.0366, 44.1259 ], [ -72.0373, 44.1249 ], [ -72.0386, 44.1246 ], [ -72.0403, 44.1253 ], [ -72.0413, 44.1253 ], [ -72.0431, 44.1247 ], [ -72.0451, 44.1247 ], [ -72.046, 44.1243 ], [ -72.0464, 44.1235 ], [ -72.049, 44.1222 ], [ -72.0507, 44.1202 ], [ -72.0531, 44.1195 ], [ -72.0533, 44.1147 ], [ -72.0554, 44.1109 ], [ -72.053, 44.1049 ], [ -72.0528, 44.1018 ], [ -72.0521, 44.1002 ], [ -72.0504, 44.0982 ], [ -72.0479, 44.0966 ], [ -72.0449, 44.0963 ], [ -72.0439, 44.0966 ], [ -72.043, 44.0974 ], [ -72.0423, 44.1014 ], [ -72.0409, 44.1029 ], [ -72.0395, 44.1035 ], [ -72.0375, 44.1034 ], [ -72.033, 44.1018 ], [ -72.0313, 44.1004 ], [ -72.0308, 44.0994 ], [ -72.0307, 44.0977 ], [ -72.032, 44.0923 ], [ -72.0333, 44.0905 ], [ -72.0348, 44.0895 ], [ -72.0371, 44.0886 ], [ -72.0435, 44.0889 ], [ -72.0448, 44.0883 ], [ -72.0453, 44.0873 ], [ -72.0444, 44.086 ], [ -72.0387, 44.0832 ], [ -72.0332, 44.0815 ], [ -72.032, 44.0804 ], [ -72.0317, 44.079 ], [ -72.0328, 44.0777 ], [ -72.0348, 44.0769 ], [ -72.037, 44.0765 ], [ -72.0393, 44.0769 ], [ -72.0415, 44.079 ], [ -72.0431, 44.0793 ], [ -72.047, 44.0779 ], [ -72.0516, 44.0771 ], [ -72.0529, 44.0763 ], [ -72.0523, 44.0743 ], [ -72.0501, 44.0731 ], [ -72.0489, 44.0717 ], [ -72.0482, 44.0704 ], [ -72.0486, 44.0692 ], [ -72.0537, 44.0642 ], [ -72.0553, 44.0608 ], [ -72.0573, 44.0583 ], [ -72.0593, 44.0577 ], [ -72.0656, 44.0583 ], [ -72.0673, 44.0579 ], [ -72.0681, 44.0574 ], [ -72.069, 44.0553 ], [ -72.0689, 44.0543 ], [ -72.0679, 44.0535 ], [ -72.0636, 44.0524 ], [ -72.0626, 44.0518 ], [ -72.0619, 44.0506 ], [ -72.0619, 44.0496 ], [ -72.0661, 44.049 ], [ -72.0761, 44.045 ], [ -72.0778, 44.0438 ], [ -72.079, 44.0423 ], [ -72.0794, 44.0406 ], [ -72.0789, 44.0388 ], [ -72.0748, 44.0328 ], [ -72.0751, 44.0318 ], [ -72.0767, 44.0305 ], [ -72.0792, 44.0298 ], [ -72.1326, 44.0445 ], [ -72.2076, 44.066 ], [ -72.1807, 44.1555 ] ] ] } },
{ "type": "Feature", "properties": { "GEOIDFQ": "1400000US50017959400", "NAME": "9594", "NAMELSAD": "Census Tract 9594" }, "geometry": { "type": "Polygon", "coordinates": [ [ [ -72.6812, 43.9402 ], [ -72.6545, 43.9762 ], [ -72.6373, 44.0007 ], [ -72.5916, 43.9878 ], [ -72.5796, 43.985 ], [ -72.5103, 43.9662 ], [ -72.561, 43.8946 ], [ -72.5676, 43.8848 ], [ -72.5735, 43.8731 ], [ -72.6026, 43.8818 ], [ -72.6538, 43.8956 ], [ -72.7028, 43.9094 ], [ -72.6812, 43.9402 ] ] ] } },
{ "type": "Feature", "properties": { "GEOIDFQ": "1400000US50017959700", "NAME": "9597", "NAMELSAD": "Census Tract 9597" }, "geometry": { "type": "Polygon", "coordinates": [ [ [ -72.2338, 43.9928 ], [ -72.1678, 43.9747 ], [ -72.0991, 43.9573 ], [ -72.1019, 43.9543 ], [ -72.1041, 43.9513 ], [ -72.1064, 43.9494 ], [ -72.1104, 43.9478 ], [ -72.1165, 43.9476 ], [ -72.1183, 43.9465 ], [ -72.1193, 43.9437 ], [ -72.1188, 43.9407 ], [ -72.1176, 43.9378 ], [ -72.1169, 43.9338 ], [ -72.1181, 43.9298 ], [ -72.1181, 43.9236 ], [ -72.1205, 43.9196 ], [ -72.1221, 43.9181 ], [ -72.1254, 43.9162 ], [ -72.1324, 43.9133 ], [ -72.1361, 43.9092 ], [ -72.1458, 43.9048 ], [ -72.1505, 43.9021 ], [ -72.1539, 43.8991 ], [ -72.1572, 43.895 ], [ -72.1586, 43.8925 ], [ -72.1589, 43.8899 ], [ -72.1597, 43.8877 ], [ -72.163, 43.8865 ], [ -72.1706, 43.8862 ], [ -72.1725, 43.8846 ], [ -72.1731, 43.8833 ], [ -72.1736, 43.8796 ], [ -72.1724, 43.8767 ], [ -72.169, 43.8717 ], [ -72.2845, 43.9036 ], [ -72.2338, 43.9928 ] ] ] } },
{ "type": "Feature", "properties": { "GEOIDFQ": "1400000US50017959600", "NAME": "9596", "NAMELSAD": "Census Tract 9596" }, "geometry": { "type": "Polygon", "coordinates": [ [ [ -72.3239, 43.8323 ], [ -72.2715, 43.8998 ], [ -72.1691, 43.8717 ], [ -72.1687, 43.8712 ], [ -72.1679, 43.8692 ], [ -72.1686, 43.8687 ], [ -72.1751, 43.8665 ], [ -72.1808, 43.8661 ], [ -72.1841, 43.8648 ], [ -72.1849, 43.8634 ], [ -72.1854, 43.8604 ], [ -72.1879, 43.8564 ], [ -72.188, 43.8552 ], [ -72.1876, 43.854 ], [ -72.1831, 43.8447 ], [ -72.1836, 43.8412 ], [ -72.1824, 43.8341 ], [ -72.1836, 43.8304 ], [ -72.1857, 43.828 ], [ -72.1888, 43.8228 ], [ -72.1889, 43.8212 ], [ -72.1869, 43.8163 ], [ -72.1841, 43.8121 ], [ -72.1834, 43.8101 ], [ -72.1835, 43.809 ], [ -72.1841, 43.8064 ], [ -72.1849, 43.8046 ], [ -72.191, 43.8005 ], [ -72.1938, 43.7942 ], [ -72.1962, 43.7909 ], [ -72.1987, 43.7889 ], [ -72.2016, 43.7878 ], [ -72.2043, 43.7861 ], [ -72.2055, 43.7846 ], [ -72.2055, 43.7815 ], [ -72.2039, 43.7794 ], [ -72.2042, 43.7784 ], [ -72.2053, 43.7768 ], [ -72.2055, 43.7723 ], [ -72.2052, 43.7713 ], [ -72.3393, 43.8105 ], [ -72.3239, 43.8323 ] ] ] } },
{ "type": "Feature", "properties": { "GEOIDFQ": "1400000US50017959800", "NAME": "9598", "NAMELSAD": "Census Tract 9598" }, "geometry": { "type": "Polygon", "coordinates": [ [ [ -72.2159, 44.0214 ], [ -72.1916, 44.0614 ], [ -72.1326, 44.0445 ], [ -72.0792, 44.0298 ], [ -72.0804, 44.0292 ], [ -72.0816, 44.0278 ], [ -72.0818, 44.0236 ], [ -72.0825, 44.022 ], [ -72.0833, 44.0214 ], [ -72.0851, 44.0212 ], [ -72.0863, 44.0215 ], [ -72.0903, 44.024 ], [ -72.0915, 44.0244 ], [ -72.094, 44.0234 ], [ -72.0954, 44.0218 ], [ -72.0959, 44.0188 ], [ -72.0957, 44.0174 ], [ -72.0946, 44.0151 ], [ -72.0921, 44.0131 ], [ -72.0906, 44.0114 ], [ -72.0904, 44.0103 ], [ -72.0907, 44.0097 ], [ -72.0919, 44.0091 ], [ -72.0935, 44.0094 ], [ -72.0933, 44.0124 ], [ -72.094, 44.0133 ], [ -72.0955, 44.0145 ], [ -72.0976, 44.0152 ], [ -72.0993, 44.0155 ], [ -72.1028, 44.0146 ], [ -72.1041, 44.0135 ], [ -72.1053, 44.0131 ], [ -72.1058, 44.0123 ], [ -72.1056, 44.0105 ], [ -72.1036, 44.004 ], [ -72.1041, 44.0024 ], [ -72.1092, 44.0004 ], [ -72.1125, 43.9968 ], [ -72.1159, 43.9953 ], [ -72.117, 43.9942 ], [ -72.1166, 43.992 ], [ -72.1129, 43.9881 ], [ -72.112, 43.986 ], [ -72.112, 43.9842 ], [ -72.1132, 43.981 ], [ -72.1128, 43.9756 ], [ -72.1137, 43.9715 ], [ -72.1146, 43.9698 ], [ -72.1144, 43.9681 ], [ -72.1131, 43.9673 ], [ -72.1109, 43.967 ], [ -72.1073, 43.9696 ], [ -72.106, 43.97 ], [ -72.103, 43.9691 ], [ -72.0987, 43.9687 ], [ -72.0922, 43.9671 ], [ -72.091, 43.9662 ], [ -72.0914, 43.9655 ], [ -72.0984, 43.9641 ], [ -72.1007, 43.963 ], [ -72.1011, 43.9609 ], [ -72.0992, 43.9592 ], [ -72.0991, 43.9573 ], [ -72.1678, 43.9747 ], [ -72.2328, 43.9925 ], [ -72.2159, 44.0214 ] ] ] } },
{ "type": "Feature", "properties": { "GEOIDFQ": "1400000US50007004200", "NAME": "42", "NAMELSAD": "Census Tract 42" }, "geometry": { "type": "Polygon", "coordinates": [ [ [ -73.2059, 44.4849 ], [ -73.2057, 44.4807 ], [ -73.219, 44.4803 ], [ -73.2192, 44.482 ], [ -73.2205, 44.4821 ], [ -73.2223, 44.4844 ], [ -73.2059, 44.4849 ] ] ] } },
{ "type": "Feature", "properties": { "GEOIDFQ": "1400000US50027965502", "NAME": "9655.02", "NAMELSAD": "Census Tract 9655.02" }, "geometry": { "type": "Polygon", "coordinates": [ [ [ -72.4222, 43.7262 ], [ -72.3051, 43.6923 ], [ -72.306, 43.6835 ], [ -72.3065, 43.6835 ], [ -72.3065, 43.6841 ], [ -72.3073, 43.6836 ], [ -72.3093, 43.6805 ], [ -72.3104, 43.6799 ], [ -72.313, 43.6809 ], [ -72.3154, 43.6823 ], [ -72.318, 43.6762 ], [ -72.3187, 43.6681 ], [ -72.3209, 43.6619 ], [ -72.322, 43.6605 ], [ -72.3239, 43.6594 ], [ -72.3285, 43.6581 ], [ -72.3299, 43.657 ], [ -72.3308, 43.6555 ], [ -72.3344, 43.6568 ], [ -72.3374, 43.6587 ], [ -72.3402, 43.6598 ], [ -72.3424, 43.6599 ], [ -72.3473, 43.6611 ], [ -72.3516, 43.664 ], [ -72.3555, 43.6657 ], [ -72.3602, 43.6666 ], [ -72.3632, 43.6679 ], [ -72.3753, 43.6687 ], [ -72.3773, 43.6694 ], [ -72.3782, 43.6694 ], [ -72.3814, 43.6711 ], [ -72.3885, 43.6759 ], [ -72.3892, 43.6774 ], [ -72.3907, 43.6787 ], [ -72.3965, 43.6822 ], [ -72.4006, 43.6872 ], [ -72.4015, 43.6904 ], [ -72.4049, 43.6967 ], [ -72.406, 43.7002 ], [ -72.4074, 43.7017 ], [ -72.4115, 43.7033 ], [ -72.4162, 43.7045 ], [ -72.4166, 43.7053 ], [ -72.4168, 43.7095 ], [ -72.4181, 43.7119 ], [ -72.4193, 43.717 ], [ -72.4197, 43.7181 ], [ -72.4206, 43.7187 ], [ -72.4212, 43.7208 ], [ -72.422, 43.7212 ], [ -72.4265, 43.7219 ], [ -72.4222, 43.7262 ] ] ] } },
{ "type": "Feature", "properties": { "GEOIDFQ": "1400000US50027965501", "NAME": "9655.01", "NAMELSAD": "Census Tract 9655.01" }, "geometry": { "type": "Polygon", "coordinates": [ [ [ -72.4545, 43.6767 ], [ -72.4265, 43.7219 ], [ -72.422, 43.7212 ], [ -72.4212, 43.7208 ], [ -72.4206, 43.7187 ], [ -72.4197, 43.7181 ], [ -72.4193, 43.717 ], [ -72.4181, 43.7119 ], [ -72.4168, 43.7095 ], [ -72.4166, 43.7053 ], [ -72.4162, 43.7045 ], [ -72.4115, 43.7033 ], [ -72.4074, 43.7017 ], [ -72.406, 43.7002 ], [ -72.4049, 43.6967 ], [ -72.4015, 43.6904 ], [ -72.4003, 43.6867 ], [ -72.3965, 43.6822 ], [ -72.3907, 43.6787 ], [ -72.3892, 43.6774 ], [ -72.3885, 43.6759 ], [ -72.3832, 43.6722 ], [ -72.3782, 43.6694 ], [ -72.3773, 43.6694 ], [ -72.3753, 43.6687 ], [ -72.3632, 43.6679 ], [ -72.3602, 43.6666 ], [ -72.3555, 43.6657 ], [ -72.3516, 43.664 ], [ -72.3473, 43.6611 ], [ -72.3424, 43.6599 ], [ -72.3402, 43.6598 ], [ -72.3374, 43.6587 ], [ -72.3344, 43.6568 ], [ -72.3308, 43.6555 ], [ -72.3324, 43.652 ], [ -72.3364, 43.6485 ], [ -72.3379, 43.6464 ], [ -72.3386, 43.6399 ], [ -72.3458, 43.6445 ], [ -72.3465, 43.6425 ], [ -72.3483, 43.6399 ], [ -72.349, 43.6381 ], [ -72.3497, 43.6315 ], [ -72.3517, 43.6282 ], [ -72.354, 43.6208 ], [ -72.3552, 43.6188 ], [ -72.3553, 43.6166 ], [ -72.3543, 43.6135 ], [ -72.354, 43.6108 ], [ -72.3826, 43.6162 ], [ -72.4662, 43.6311 ], [ -72.469, 43.6319 ], [ -72.47, 43.6336 ], [ -72.4701, 43.6351 ], [ -72.4714, 43.638 ], [ -72.4739, 43.6391 ], [ -72.4785, 43.6393 ], [ -72.4545, 43.6767 ] ] ] } },
{ "type": "Feature", "properties": { "GEOIDFQ": "1400000US50021962200", "NAME": "9622", "NAMELSAD": "Census Tract 9622" }, "geometry": { "type": "Polygon", "coordinates": [ [ [ -73.0299, 43.8467 ], [ -73.0301, 43.8449 ], [ -73.0321, 43.8447 ], [ -73.0331, 43.8442 ], [ -73.0308, 43.8414 ], [ -73.029, 43.842 ], [ -73.0268, 43.8421 ], [ -73.0068, 43.7656 ], [ -73.0035, 43.7569 ], [ -73.0564, 43.7552 ], [ -73.0564, 43.7536 ], [ -73.0582, 43.7533 ], [ -73.0585, 43.7516 ], [ -73.06, 43.7507 ], [ -73.0625, 43.7519 ], [ -73.0668, 43.7525 ], [ -73.0675, 43.7531 ], [ -73.0686, 43.7555 ], [ -73.0704, 43.7568 ], [ -73.0749, 43.7585 ], [ -73.0776, 43.7589 ], [ -73.0777, 43.758 ], [ -73.0782, 43.7575 ], [ -73.0779, 43.7567 ], [ -73.0789, 43.7561 ], [ -73.0799, 43.7562 ], [ -73.0803, 43.7556 ], [ -73.0802, 43.7544 ], [ -73.1315, 43.7523 ], [ -73.1562, 43.8423 ], [ -73.0299, 43.8467 ] ] ] } },
{ "type": "Feature", "properties": { "GEOIDFQ": "1400000US50019951100", "NAME": "9511", "NAMELSAD": "Census Tract 9511" }, "geometry": { "type": "Polygon", "coordinates": [ [ [ -72.0674, 44.9144 ], [ -72.0975, 44.9303 ], [ -72.0658, 44.931 ], [ -72.0512, 45.0063 ], [ -71.9457, 45.0083 ], [ -71.914, 45.0076 ], [ -71.8993, 45.0079 ], [ -71.9201, 44.9015 ], [ -71.8779, 44.8788 ], [ -71.9199, 44.8369 ], [ -71.9293, 44.8296 ], [ -71.9748, 44.7872 ], [ -72.0025, 44.802 ], [ -72.0531, 44.8283 ], [ -72.1194, 44.8644 ], [ -72.0674, 44.9144 ] ] ] } },
{ "type": "Feature", "properties": { "GEOIDFQ": "1400000US50019951300", "NAME": "9513", "NAMELSAD": "Census Tract 9513" }, "geometry": { "type": "Polygon", "coordinates": [ [ [ -72.173, 45.0058 ], [ -72.142, 45.0059 ], [ -72.1403, 45.0034 ], [ -72.1377, 45.0013 ], [ -72.1372, 45.0001 ], [ -72.1349, 44.9984 ], [ -72.1338, 44.9943 ], [ -72.1327, 44.9925 ], [ -72.1289, 44.9896 ], [ -72.1268, 44.9859 ], [ -72.1244, 44.9828 ], [ -72.1254, 44.9727 ], [ -72.1248, 44.9642 ], [ -72.1302, 44.9549 ], [ -72.1344, 44.9461 ], [ -72.1345, 44.9446 ], [ -72.1353, 44.9443 ], [ -72.142, 44.9358 ], [ -72.1467, 44.9312 ], [ -72.1493, 44.9273 ], [ -72.1497, 44.9148 ], [ -72.1523, 44.9088 ], [ -72.1509, 44.9056 ], [ -72.1509, 44.9026 ], [ -72.1501, 44.898 ], [ -72.1506, 44.8965 ], [ -72.1499, 44.8942 ], [ -72.1491, 44.8875 ], [ -72.1524, 44.8822 ], [ -72.1833, 44.8989 ], [ -72.188, 44.9009 ], [ -72.1841, 44.9046 ], [ -72.1924, 44.9093 ], [ -72.1926, 44.9091 ], [ -72.1967, 44.9117 ], [ -72.1948, 44.9134 ], [ -72.1979, 44.915 ], [ -72.1957, 44.9172 ], [ -72.1981, 44.9184 ], [ -72.1975, 44.9216 ], [ -72.1978, 44.9234 ], [ -72.1986, 44.9236 ], [ -72.1956, 44.9267 ], [ -72.1941, 44.9325 ], [ -72.1922, 44.9327 ], [ -72.1919, 44.9332 ], [ -72.1905, 44.9323 ], [ -72.1811, 44.932 ], [ -72.1767, 44.9347 ], [ -72.175, 44.9359 ], [ -72.1755, 44.9374 ], [ -72.177, 44.9378 ], [ -72.175, 44.9425 ], [ -72.1708, 44.9427 ], [ -72.1696, 44.9484 ], [ -72.1768, 44.9464 ], [ -72.1802, 44.9462 ], [ -72.18, 44.951 ], [ -72.1916, 44.9509 ], [ -72.1912, 44.9517 ], [ -72.1937, 44.9525 ], [ -72.1935, 44.9536 ], [ -72.194, 44.9537 ], [ -72.1924, 44.962 ], [ -72.1931, 44.9622 ], [ -72.1926, 44.9631 ], [ -72.1939, 44.9635 ], [ -72.194, 44.9642 ], [ -72.1948, 44.9646 ], [ -72.1972, 44.9633 ], [ -72.1987, 44.9629 ], [ -72.2012, 44.9634 ], [ -72.2022, 44.9662 ], [ -72.2044, 44.9656 ], [ -72.203, 44.9626 ], [ -72.2038, 44.962 ], [ -72.2075, 44.9603 ], [ -72.2093, 44.9601 ], [ -72.2203, 44.9566 ], [ -72.2213, 44.9558 ], [ -72.2264, 44.9536 ], [ -72.2318, 44.9856 ], [ -72.2427, 45.0047 ], [ -72.173, 45.0058 ] ] ] } },
{ "type": "Feature", "properties": { "GEOIDFQ": "1400000US50019951700", "NAME": "9517", "NAMELSAD": "Census Tract 9517" }, "geometry": { "type": "Polygon", "coordinates": [ [ [ -72.5333, 44.8341 ], [ -72.4038, 44.8351 ], [ -72.4045, 44.8411 ], [ -72.3319, 44.8422 ], [ -72.3088, 44.8751 ], [ -72.2975, 44.8705 ], [ -72.2407, 44.8496 ], [ -72.1948, 44.8331 ], [ -72.3157, 44.6649 ], [ -72.3684, 44.5928 ], [ -72.3718, 44.5936 ], [ -72.4828, 44.6341 ], [ -72.4173, 44.7229 ], [ -72.4229, 44.7246 ], [ -72.5791, 44.7809 ], [ -72.5333, 44.8341 ] ] ] } },
{ "type": "Feature", "properties": { "GEOIDFQ": "1400000US50019951400", "NAME": "9514", "NAMELSAD": "Census Tract 9514" }, "geometry": { "type": "Polygon", "coordinates": [ [ [ -72.2156, 44.9226 ], [ -72.2163, 44.9234 ], [ -72.2151, 44.9236 ], [ -72.2153, 44.9243 ], [ -72.2145, 44.9249 ], [ -72.2136, 44.9252 ], [ -72.2117, 44.9246 ], [ -72.2114, 44.926 ], [ -72.2106, 44.9271 ], [ -72.2121, 44.9278 ], [ -72.2127, 44.9293 ], [ -72.2084, 44.9325 ], [ -72.2062, 44.9332 ], [ -72.2045, 44.9361 ], [ -72.2046, 44.9364 ], [ -72.2063, 44.9364 ], [ -72.2062, 44.937 ], [ -72.2036, 44.9435 ], [ -72.1936, 44.9613 ], [ -72.1938, 44.9615 ], [ -72.1929, 44.9632 ], [ -72.1926, 44.9631 ], [ -72.1931, 44.9622 ], [ -72.1924, 44.962 ], [ -72.194, 44.9537 ], [ -72.1935, 44.9536 ], [ -72.1937, 44.9525 ], [ -72.1912, 44.9517 ], [ -72.1916, 44.9509 ], [ -72.18, 44.951 ], [ -72.1802, 44.9462 ], [ -72.1768, 44.9464 ], [ -72.1696, 44.9484 ], [ -72.1708, 44.9427 ], [ -72.175, 44.9425 ], [ -72.177, 44.9378 ], [ -72.1754, 44.9373 ], [ -72.175, 44.9359 ], [ -72.1755, 44.9355 ], [ -72.1811, 44.932 ], [ -72.1905, 44.9323 ], [ -72.1919, 44.9332 ], [ -72.1922, 44.9327 ], [ -72.1941, 44.9325 ], [ -72.1956, 44.9267 ], [ -72.1986, 44.9236 ], [ -72.1978, 44.9234 ], [ -72.1975, 44.9216 ], [ -72.1981, 44.9184 ], [ -72.1957, 44.9172 ], [ -72.1979, 44.915 ], [ -72.1948, 44.9134 ], [ -72.1967, 44.9117 ], [ -72.1926, 44.9091 ], [ -72.1924, 44.9093 ], [ -72.1841, 44.9046 ], [ -72.188, 44.9009 ], [ -72.2139, 44.9149 ], [ -72.2144, 44.9156 ], [ -72.2151, 44.9185 ], [ -72.2144, 44.9214 ], [ -72.2148, 44.9212 ], [ -72.2158, 44.9223 ], [ -72.2175, 44.9218 ], [ -72.2156, 44.9226 ] ] ] } },
{ "type": "Feature", "properties": { "GEOIDFQ": "1400000US50019951500", "NAME": "9515", "NAMELSAD": "Census Tract 9515" }, "geometry": { "type": "Polygon", "coordinates": [ [ [ -72.2396, 44.9407 ], [ -72.2384, 44.9439 ], [ -72.2419, 44.9445 ], [ -72.2397, 44.9466 ], [ -72.2422, 44.948 ], [ -72.2416, 44.9515 ], [ -72.2412, 44.9518 ], [ -72.2372, 44.9507 ], [ -72.2339, 44.9505 ], [ -72.2213, 44.9558 ], [ -72.2203, 44.9566 ], [ -72.2093, 44.9601 ], [ -72.2075, 44.9603 ], [ -72.2046, 44.9616 ], [ -72.203, 44.9626 ], [ -72.2044, 44.9656 ], [ -72.2022, 44.9662 ], [ -72.2012, 44.9634 ], [ -72.1987, 44.9629 ], [ -72.1972, 44.9633 ], [ -72.1948, 44.9646 ], [ -72.194, 44.9642 ], [ -72.1939, 44.9635 ], [ -72.1929, 44.9632 ], [ -72.1938, 44.9615 ], [ -72.1936, 44.9613 ], [ -72.2036, 44.9435 ], [ -72.2062, 44.937 ], [ -72.2063, 44.9364 ], [ -72.2046, 44.9364 ], [ -72.2045, 44.9361 ], [ -72.2062, 44.9332 ], [ -72.2084, 44.9325 ], [ -72.2127, 44.9293 ], [ -72.2121, 44.9278 ], [ -72.2106, 44.9271 ], [ -72.2114, 44.926 ], [ -72.2117, 44.9246 ], [ -72.2136, 44.9252 ], [ -72.2145, 44.9249 ], [ -72.2153, 44.9243 ], [ -72.2151, 44.9236 ], [ -72.2163, 44.9234 ], [ -72.2156, 44.9226 ], [ -72.2175, 44.9218 ], [ -72.2158, 44.9223 ], [ -72.2148, 44.9212 ], [ -72.2144, 44.9214 ], [ -72.2151, 44.9185 ], [ -72.2144, 44.9156 ], [ -72.2139, 44.9149 ], [ -72.2432, 44.9306 ], [ -72.2393, 44.9344 ], [ -72.2437, 44.9367 ], [ -72.2396, 44.9407 ] ] ] } },
{ "type": "Feature", "properties": { "GEOIDFQ": "1400000US50019951200", "NAME": "9512", "NAMELSAD": "Census Tract 9512" }, "geometry": { "type": "Polygon", "coordinates": [ [ [ -72.1491, 44.8875 ], [ -72.1499, 44.8942 ], [ -72.1506, 44.8965 ], [ -72.1501, 44.898 ], [ -72.1509, 44.9026 ], [ -72.1509, 44.9056 ], [ -72.1523, 44.9088 ], [ -72.1497, 44.9148 ], [ -72.1493, 44.9273 ], [ -72.1467, 44.9312 ], [ -72.142, 44.9358 ], [ -72.1353, 44.9443 ], [ -72.1345, 44.9446 ], [ -72.1344, 44.9461 ], [ -72.1302, 44.9549 ], [ -72.1248, 44.9642 ], [ -72.1254, 44.9727 ], [ -72.1243, 44.9819 ], [ -72.1245, 44.983 ], [ -72.1268, 44.9859 ], [ -72.1289, 44.9896 ], [ -72.1327, 44.9925 ], [ -72.1336, 44.9939 ], [ -72.1346, 44.9978 ], [ -72.1352, 44.9987 ], [ -72.1372, 45.0001 ], [ -72.1377, 45.0013 ], [ -72.1403, 45.0034 ], [ -72.142, 45.0059 ], [ -72.1105, 45.0056 ], [ -72.0512, 45.0063 ], [ -72.0658, 44.931 ], [ -72.0975, 44.9303 ], [ -72.0674, 44.9144 ], [ -72.1194, 44.8644 ], [ -72.1524, 44.8822 ], [ -72.1491, 44.8875 ] ] ] } },
{ "type": "Feature", "properties": { "GEOIDFQ": "1400000US50019951900", "NAME": "9519", "NAMELSAD": "Census Tract 9519" }, "geometry": { "type": "Polygon", "coordinates": [ [ [ -72.2618, 44.9405 ], [ -72.188, 44.9009 ], [ -72.1833, 44.8989 ], [ -72.1386, 44.8749 ], [ -72.0413, 44.822 ], [ -72.0025, 44.802 ], [ -71.9822, 44.791 ], [ -71.9393, 44.7694 ], [ -71.9995, 44.7111 ], [ -72.0115, 44.6988 ], [ -72.1144, 44.7498 ], [ -72.1096, 44.755 ], [ -72.0824, 44.7817 ], [ -72.2004, 44.8254 ], [ -72.1948, 44.8331 ], [ -72.2371, 44.8483 ], [ -72.2975, 44.8705 ], [ -72.3088, 44.8751 ], [ -72.2618, 44.9405 ] ] ] } },
{ "type": "Feature", "properties": { "GEOIDFQ": "1400000US50019951600", "NAME": "9516", "NAMELSAD": "Census Tract 9516" }, "geometry": { "type": "Polygon", "coordinates": [ [ [ -72.5309, 45.0078 ], [ -72.479, 45.0088 ], [ -72.4504, 45.0086 ], [ -72.388, 45.0063 ], [ -72.3686, 45.0062 ], [ -72.334, 45.0051 ], [ -72.3119, 45.0038 ], [ -72.2934, 45.0044 ], [ -72.2702, 45.0042 ], [ -72.2427, 45.0047 ], [ -72.2318, 44.9856 ], [ -72.2264, 44.9536 ], [ -72.2339, 44.9505 ], [ -72.2372, 44.9507 ], [ -72.2412, 44.9518 ], [ -72.2416, 44.9515 ], [ -72.2422, 44.948 ], [ -72.2397, 44.9466 ], [ -72.2419, 44.9445 ], [ -72.2384, 44.9439 ], [ -72.2396, 44.9407 ], [ -72.2437, 44.9367 ], [ -72.2393, 44.9344 ], [ -72.2432, 44.9306 ], [ -72.2618, 44.9405 ], [ -72.3033, 44.8828 ], [ -72.3319, 44.8422 ], [ -72.4045, 44.8411 ], [ -72.4038, 44.8351 ], [ -72.5333, 44.8341 ], [ -72.5414, 44.926 ], [ -72.5365, 44.9261 ], [ -72.552, 45.0006 ], [ -72.5539, 45.008 ], [ -72.5309, 45.0078 ] ] ] } },
{ "type": "Feature", "properties": { "GEOIDFQ": "1400000US50019951800", "NAME": "9518", "NAMELSAD": "Census Tract 9518" }, "geometry": { "type": "Polygon", "coordinates": [ [ [ -72.2004, 44.8254 ], [ -72.0824, 44.7817 ], [ -72.1096, 44.755 ], [ -72.1144, 44.7498 ], [ -72.0893, 44.6851 ], [ -72.146, 44.7045 ], [ -72.2494, 44.7407 ], [ -72.2589, 44.7441 ], [ -72.2004, 44.8254 ] ] ] } },
{ "type": "Feature", "properties": { "GEOIDFQ": "1400000US50015953200", "NAME": "9532", "NAMELSAD": "Census Tract 9532" }, "geometry": { "type": "Polygon", "coordinates": [ [ [ -72.7069, 44.7185 ], [ -72.6578, 44.7006 ], [ -72.5969, 44.6793 ], [ -72.6534, 44.5994 ], [ -72.6625, 44.6025 ], [ -72.6825, 44.5765 ], [ -72.7095, 44.5807 ], [ -72.7294, 44.5876 ], [ -72.7311, 44.5852 ], [ -72.7497, 44.5918 ], [ -72.7265, 44.6243 ], [ -72.7636, 44.6373 ], [ -72.7069, 44.7185 ] ] ] } },
{ "type": "Feature", "properties": { "GEOIDFQ": "1400000US50015953500", "NAME": "9535", "NAMELSAD": "Census Tract 9535" }, "geometry": { "type": "Polygon", "coordinates": [ [ [ -72.7503, 44.5902 ], [ -72.7497, 44.5918 ], [ -72.7311, 44.5852 ], [ -72.7294, 44.5876 ], [ -72.7095, 44.5807 ], [ -72.6825, 44.5765 ], [ -72.6625, 44.6025 ], [ -72.6534, 44.5994 ], [ -72.6502, 44.6039 ], [ -72.649, 44.6032 ], [ -72.646, 44.6032 ], [ -72.6427, 44.6026 ], [ -72.6394, 44.6011 ], [ -72.6373, 44.6006 ], [ -72.6364, 44.599 ], [ -72.6368, 44.5979 ], [ -72.6361, 44.5971 ], [ -72.6348, 44.5968 ], [ -72.6341, 44.5961 ], [ -72.6334, 44.5942 ], [ -72.6325, 44.5936 ], [ -72.6314, 44.5942 ], [ -72.6301, 44.5983 ], [ -72.6288, 44.5985 ], [ -72.6275, 44.5979 ], [ -72.6275, 44.5969 ], [ -72.6287, 44.5953 ], [ -72.6296, 44.5909 ], [ -72.629, 44.5889 ], [ -72.6281, 44.5879 ], [ -72.6257, 44.5866 ], [ -72.6244, 44.5863 ], [ -72.6234, 44.5871 ], [ -72.6228, 44.5889 ], [ -72.6222, 44.5893 ], [ -72.6205, 44.589 ], [ -72.62, 44.5872 ], [ -72.6196, 44.5872 ], [ -72.6192, 44.5875 ], [ -72.6184, 44.5874 ], [ -72.6172, 44.5878 ], [ -72.6175, 44.5884 ], [ -72.6164, 44.5888 ], [ -72.6153, 44.5888 ], [ -72.6143, 44.5883 ], [ -72.6138, 44.5888 ], [ -72.6135, 44.5886 ], [ -72.6139, 44.5881 ], [ -72.6128, 44.5878 ], [ -72.6128, 44.5882 ], [ -72.6118, 44.5894 ], [ -72.5679, 44.5734 ], [ -72.5589, 44.5844 ], [ -72.5354, 44.5749 ], [ -72.5348, 44.5757 ], [ -72.5256, 44.5726 ], [ -72.5398, 44.5534 ], [ -72.5665, 44.5202 ], [ -72.5973, 44.4794 ], [ -72.6867, 44.5155 ], [ -72.7076, 44.5236 ], [ -72.6924, 44.545 ], [ -72.7324, 44.5525 ], [ -72.7519, 44.5589 ], [ -72.7532, 44.5572 ], [ -72.7697, 44.5634 ], [ -72.7503, 44.5902 ] ] ] } },
{ "type": "Feature", "properties": { "GEOIDFQ": "1400000US50015953300", "NAME": "9533", "NAMELSAD": "Census Tract 9533" }, "geometry": { "type": "Polygon", "coordinates": [ [ [ -72.5932, 44.6846 ], [ -72.4769, 44.6421 ], [ -72.5256, 44.5726 ], [ -72.5348, 44.5757 ], [ -72.5354, 44.5749 ], [ -72.5589, 44.5844 ], [ -72.5679, 44.5734 ], [ -72.6118, 44.5894 ], [ -72.6128, 44.5882 ], [ -72.6128, 44.5878 ], [ -72.6139, 44.5881 ], [ -72.6135, 44.5886 ], [ -72.6138, 44.5888 ], [ -72.6143, 44.5883 ], [ -72.6153, 44.5888 ], [ -72.6164, 44.5888 ], [ -72.6175, 44.5884 ], [ -72.6172, 44.5878 ], [ -72.6184, 44.5874 ], [ -72.6192, 44.5875 ], [ -72.6196, 44.5872 ], [ -72.62, 44.5872 ], [ -72.6205, 44.589 ], [ -72.6222, 44.5893 ], [ -72.6228, 44.5889 ], [ -72.6234, 44.5871 ], [ -72.6244, 44.5863 ], [ -72.6257, 44.5866 ], [ -72.6281, 44.5879 ], [ -72.629, 44.5889 ], [ -72.6296, 44.5909 ], [ -72.6287, 44.5953 ], [ -72.6275, 44.5969 ], [ -72.6275, 44.5979 ], [ -72.6288, 44.5985 ], [ -72.6301, 44.5983 ], [ -72.6314, 44.5942 ], [ -72.6325, 44.5936 ], [ -72.6334, 44.5942 ], [ -72.6341, 44.5961 ], [ -72.6348, 44.5968 ], [ -72.6361, 44.5971 ], [ -72.6368, 44.5979 ], [ -72.6364, 44.599 ], [ -72.6373, 44.6006 ], [ -72.6388, 44.6009 ], [ -72.6414, 44.6022 ], [ -72.6442, 44.603 ], [ -72.649, 44.6032 ], [ -72.6502, 44.6039 ], [ -72.5932, 44.6846 ] ] ] } },
{ "type": "Feature", "properties": { "GEOIDFQ": "1400000US50007002304", "NAME": "23.04", "NAMELSAD": "Census Tract 23.04" }, "geometry": { "type": "Polygon", "coordinates": [ [ [ -73.24, 44.5337 ], [ -73.2381, 44.5363 ], [ -73.2379, 44.5381 ], [ -73.2396, 44.5426 ], [ -73.2394, 44.5437 ], [ -73.2389, 44.545 ], [ -73.2327, 44.5529 ], [ -73.2326, 44.5535 ], [ -73.2333, 44.5541 ], [ -73.234, 44.5558 ], [ -73.231, 44.5586 ], [ -73.2298, 44.5601 ], [ -73.2296, 44.5611 ], [ -73.229, 44.5614 ], [ -73.2282, 44.5625 ], [ -73.2033, 44.5625 ], [ -73.2016, 44.5592 ], [ -73.1991, 44.5566 ], [ -73.1964, 44.5554 ], [ -73.1913, 44.5558 ], [ -73.191, 44.5548 ], [ -73.1875, 44.5544 ], [ -73.1848, 44.5545 ], [ -73.1878, 44.5506 ], [ -73.1976, 44.5423 ], [ -73.1992, 44.5394 ], [ -73.1991, 44.536 ], [ -73.1948, 44.5294 ], [ -73.1933, 44.5234 ], [ -73.1947, 44.5223 ], [ -73.1963, 44.5219 ], [ -73.1971, 44.5221 ], [ -73.198, 44.5233 ], [ -73.1997, 44.5241 ], [ -73.2012, 44.5243 ], [ -73.2032, 44.5238 ], [ -73.2016, 44.5222 ], [ -73.2016, 44.5205 ], [ -73.2008, 44.5187 ], [ -73.2029, 44.5166 ], [ -73.2028, 44.5136 ], [ -73.2009, 44.5137 ], [ -73.2007, 44.5105 ], [ -73.1974, 44.51 ], [ -73.1983, 44.5073 ], [ -73.1953, 44.5069 ], [ -73.1954, 44.5065 ], [ -73.1925, 44.5055 ], [ -73.1949, 44.5023 ], [ -73.1933, 44.5016 ], [ -73.1946, 44.5001 ], [ -73.1965, 44.5002 ], [ -73.2024, 44.4924 ], [ -73.2031, 44.4944 ], [ -73.202, 44.4958 ], [ -73.2017, 44.4973 ], [ -73.2033, 44.501 ], [ -73.205, 44.5024 ], [ -73.2081, 44.5033 ], [ -73.2123, 44.5055 ], [ -73.2135, 44.5069 ], [ -73.2143, 44.5089 ], [ -73.215, 44.5096 ], [ -73.2169, 44.5102 ], [ -73.219, 44.5096 ], [ -73.2206, 44.5086 ], [ -73.2229, 44.5064 ], [ -73.224, 44.506 ], [ -73.2248, 44.506 ], [ -73.2267, 44.507 ], [ -73.2279, 44.5083 ], [ -73.2287, 44.5104 ], [ -73.2276, 44.5126 ], [ -73.2262, 44.5133 ], [ -73.224, 44.5134 ], [ -73.2194, 44.5147 ], [ -73.2187, 44.5153 ], [ -73.219, 44.5158 ], [ -73.2229, 44.5167 ], [ -73.2266, 44.5165 ], [ -73.2283, 44.5158 ], [ -73.23, 44.5137 ], [ -73.2324, 44.5131 ], [ -73.2335, 44.5137 ], [ -73.235, 44.5153 ], [ -73.2377, 44.5161 ], [ -73.2393, 44.5172 ], [ -73.2395, 44.5183 ], [ -73.2377, 44.5197 ], [ -73.2369, 44.5219 ], [ -73.2376, 44.5231 ], [ -73.2401, 44.5253 ], [ -73.2406, 44.5282 ], [ -73.2399, 44.5288 ], [ -73.2422, 44.5321 ], [ -73.24, 44.5337 ] ] ] } },
{ "type": "Feature", "properties": { "GEOIDFQ": "1400000US50007002201", "NAME": "22.01", "NAMELSAD": "Census Tract 22.01" }, "geometry": { "type": "Polygon", "coordinates": [ [ [ -73.2012, 44.5243 ], [ -73.1997, 44.5241 ], [ -73.198, 44.5233 ], [ -73.1971, 44.5221 ], [ -73.1961, 44.5219 ], [ -73.1947, 44.5223 ], [ -73.1933, 44.5235 ], [ -73.1927, 44.5235 ], [ -73.1921, 44.5229 ], [ -73.1891, 44.5233 ], [ -73.1875, 44.5249 ], [ -73.1864, 44.5251 ], [ -73.1838, 44.5246 ], [ -73.1808, 44.5231 ], [ -73.1765, 44.523 ], [ -73.172, 44.5219 ], [ -73.1704, 44.5218 ], [ -73.1662, 44.5188 ], [ -73.1614, 44.5179 ], [ -73.1582, 44.5167 ], [ -73.1577, 44.515 ], [ -73.158, 44.5147 ], [ -73.157, 44.5134 ], [ -73.1556, 44.5121 ], [ -73.1515, 44.5097 ], [ -73.148, 44.5092 ], [ -73.1467, 44.5087 ], [ -73.1433, 44.5096 ], [ -73.1584, 44.4898 ], [ -73.1592, 44.4893 ], [ -73.1603, 44.4901 ], [ -73.1626, 44.4899 ], [ -73.1661, 44.4871 ], [ -73.1674, 44.4865 ], [ -73.1684, 44.4865 ], [ -73.1688, 44.487 ], [ -73.1681, 44.4901 ], [ -73.169, 44.4903 ], [ -73.1709, 44.4891 ], [ -73.1712, 44.4899 ], [ -73.1707, 44.4933 ], [ -73.1711, 44.4933 ], [ -73.1679, 44.4976 ], [ -73.1674, 44.4975 ], [ -73.1663, 44.4989 ], [ -73.1686, 44.4998 ], [ -73.1682, 44.5004 ], [ -73.1706, 44.5013 ], [ -73.1726, 44.4988 ], [ -73.1921, 44.506 ], [ -73.1925, 44.5055 ], [ -73.1954, 44.5065 ], [ -73.1953, 44.5069 ], [ -73.1983, 44.5073 ], [ -73.1974, 44.51 ], [ -73.2007, 44.5105 ], [ -73.2009, 44.5137 ], [ -73.2028, 44.5136 ], [ -73.2029, 44.5166 ], [ -73.2008, 44.5187 ], [ -73.2016, 44.5205 ], [ -73.2016, 44.5222 ], [ -73.2032, 44.5237 ], [ -73.2012, 44.5243 ] ] ] } },
{ "type": "Feature", "properties": { "GEOIDFQ": "1400000US50007003102", "NAME": "31.02", "NAMELSAD": "Census Tract 31.02" }, "geometry": { "type": "Polygon", "coordinates": [ [ [ -73.1536, 44.4074 ], [ -73.1516, 44.4107 ], [ -73.151, 44.4107 ], [ -73.1495, 44.4117 ], [ -73.1485, 44.4116 ], [ -73.1481, 44.4124 ], [ -73.1461, 44.412 ], [ -73.1455, 44.4113 ], [ -73.1446, 44.4121 ], [ -73.1453, 44.4145 ], [ -73.1452, 44.416 ], [ -73.1446, 44.416 ], [ -73.1452, 44.4164 ], [ -73.1448, 44.417 ], [ -73.146, 44.4188 ], [ -73.1465, 44.4188 ], [ -73.146, 44.4194 ], [ -73.1466, 44.4198 ], [ -73.1457, 44.4203 ], [ -73.1457, 44.4206 ], [ -73.1463, 44.4206 ], [ -73.1455, 44.4209 ], [ -73.1456, 44.4218 ], [ -73.1451, 44.422 ], [ -73.146, 44.423 ], [ -73.1459, 44.4235 ], [ -73.1453, 44.4235 ], [ -73.1452, 44.4238 ], [ -73.1459, 44.4243 ], [ -73.1456, 44.425 ], [ -73.145, 44.4249 ], [ -73.1447, 44.4253 ], [ -73.1453, 44.4268 ], [ -73.1462, 44.4274 ], [ -73.1462, 44.4283 ], [ -73.1456, 44.4287 ], [ -73.1454, 44.4297 ], [ -73.1443, 44.4297 ], [ -73.1442, 44.4302 ], [ -73.1433, 44.4304 ], [ -73.1441, 44.4308 ], [ -73.1432, 44.4311 ], [ -73.143, 44.4319 ], [ -73.1421, 44.4323 ], [ -73.1427, 44.4327 ], [ -73.1423, 44.433 ], [ -73.1426, 44.4333 ], [ -73.1416, 44.4339 ], [ -73.142, 44.4344 ], [ -73.1412, 44.4346 ], [ -73.1407, 44.4344 ], [ -73.1406, 44.4349 ], [ -73.1398, 44.4348 ], [ -73.1395, 44.4357 ], [ -73.1389, 44.4355 ], [ -73.1388, 44.4351 ], [ -73.1376, 44.4358 ], [ -73.1381, 44.4368 ], [ -73.1373, 44.4368 ], [ -73.1371, 44.4372 ], [ -73.1376, 44.4372 ], [ -73.1374, 44.4377 ], [ -73.1382, 44.4376 ], [ -73.1383, 44.438 ], [ -73.1376, 44.4385 ], [ -73.1369, 44.4383 ], [ -73.1375, 44.4391 ], [ -73.1368, 44.4391 ], [ -73.1368, 44.4395 ], [ -73.1361, 44.4396 ], [ -73.1369, 44.4407 ], [ -73.1363, 44.441 ], [ -73.1365, 44.4414 ], [ -73.136, 44.4415 ], [ -73.1362, 44.4419 ], [ -73.1353, 44.4424 ], [ -73.1302, 44.441 ], [ -73.0873, 44.4369 ], [ -73.0664, 44.4339 ], [ -73.0434, 44.433 ], [ -73.0406, 44.4323 ], [ -73.0381, 44.4308 ], [ -73.0338, 44.4262 ], [ -73.0423, 44.422 ], [ -73.0518, 44.4248 ], [ -73.0814, 44.3703 ], [ -73.0893, 44.3695 ], [ -73.1165, 44.3951 ], [ -73.1546, 44.4052 ], [ -73.1548, 44.4064 ], [ -73.1536, 44.4074 ] ] ] } },
{ "type": "Feature", "properties": { "GEOIDFQ": "1400000US50007002303", "NAME": "23.03", "NAMELSAD": "Census Tract 23.03" }, "geometry": { "type": "Polygon", "coordinates": [ [ [ -73.3388, 44.5703 ], [ -73.3277, 44.5728 ], [ -73.3031, 44.5797 ], [ -73.2893, 44.5846 ], [ -73.2793, 44.5886 ], [ -73.2706, 44.5926 ], [ -73.2677, 44.591 ], [ -73.2573, 44.5865 ], [ -73.2378, 44.5815 ], [ -73.2264, 44.5762 ], [ -73.2163, 44.5694 ], [ -73.2098, 44.5662 ], [ -73.2092, 44.5625 ], [ -73.2282, 44.5625 ], [ -73.229, 44.5614 ], [ -73.2296, 44.5611 ], [ -73.2298, 44.5601 ], [ -73.231, 44.5586 ], [ -73.234, 44.5558 ], [ -73.2333, 44.5541 ], [ -73.2326, 44.5535 ], [ -73.2327, 44.5529 ], [ -73.2394, 44.544 ], [ -73.2396, 44.5426 ], [ -73.2379, 44.5381 ], [ -73.2381, 44.5363 ], [ -73.24, 44.5337 ], [ -73.2422, 44.5321 ], [ -73.2399, 44.5288 ], [ -73.2406, 44.5282 ], [ -73.2418, 44.529 ], [ -73.2426, 44.529 ], [ -73.2469, 44.5275 ], [ -73.2486, 44.5266 ], [ -73.2499, 44.525 ], [ -73.2501, 44.5227 ], [ -73.2508, 44.5227 ], [ -73.2526, 44.5242 ], [ -73.2539, 44.5247 ], [ -73.2557, 44.5248 ], [ -73.2575, 44.5236 ], [ -73.2603, 44.5232 ], [ -73.2628, 44.5236 ], [ -73.2655, 44.5251 ], [ -73.2668, 44.5266 ], [ -73.2671, 44.5281 ], [ -73.2645, 44.533 ], [ -73.2649, 44.5347 ], [ -73.2641, 44.5375 ], [ -73.2651, 44.5391 ], [ -73.266, 44.5397 ], [ -73.2701, 44.5398 ], [ -73.2728, 44.5391 ], [ -73.2738, 44.5382 ], [ -73.2742, 44.5371 ], [ -73.2731, 44.5353 ], [ -73.2705, 44.5331 ], [ -73.2702, 44.5322 ], [ -73.2707, 44.5313 ], [ -73.274, 44.5304 ], [ -73.2756, 44.5295 ], [ -73.3212, 44.5149 ], [ -73.3211, 44.5199 ], [ -73.3218, 44.5219 ], [ -73.3217, 44.5244 ], [ -73.322, 44.5253 ], [ -73.3239, 44.5271 ], [ -73.3285, 44.5285 ], [ -73.3297, 44.5296 ], [ -73.3306, 44.531 ], [ -73.3309, 44.5343 ], [ -73.3316, 44.5359 ], [ -73.339, 44.5433 ], [ -73.3393, 44.5445 ], [ -73.3386, 44.5461 ], [ -73.3388, 44.548 ], [ -73.3424, 44.5514 ], [ -73.344, 44.5525 ], [ -73.3508, 44.5558 ], [ -73.3542, 44.5566 ], [ -73.3562, 44.5575 ], [ -73.3601, 44.5625 ], [ -73.3629, 44.5643 ], [ -73.3388, 44.5703 ] ] ] } },
{ "type": "Feature", "properties": { "GEOIDFQ": "1400000US50007002202", "NAME": "22.02", "NAMELSAD": "Census Tract 22.02" }, "geometry": { "type": "Polygon", "coordinates": [ [ [ -73.1989, 44.5403 ], [ -73.1978, 44.542 ], [ -73.1873, 44.5512 ], [ -73.1814, 44.5596 ], [ -73.1798, 44.5628 ], [ -73.178, 44.5719 ], [ -73.1762, 44.5717 ], [ -73.1731, 44.5702 ], [ -73.1725, 44.5688 ], [ -73.1725, 44.5665 ], [ -73.1719, 44.5661 ], [ -73.168, 44.5713 ], [ -73.1671, 44.5713 ], [ -73.1651, 44.5709 ], [ -73.1634, 44.5689 ], [ -73.1635, 44.568 ], [ -73.1617, 44.5679 ], [ -73.1598, 44.5675 ], [ -73.1588, 44.5666 ], [ -73.1576, 44.5663 ], [ -73.1573, 44.5658 ], [ -73.1554, 44.5685 ], [ -73.1551, 44.5694 ], [ -73.1584, 44.5751 ], [ -73.1572, 44.5751 ], [ -73.1565, 44.5757 ], [ -73.1559, 44.5756 ], [ -73.1552, 44.5771 ], [ -73.1494, 44.5802 ], [ -73.1472, 44.5805 ], [ -73.1448, 44.5822 ], [ -73.1433, 44.5829 ], [ -73.1401, 44.5834 ], [ -73.138, 44.5833 ], [ -73.1377, 44.5846 ], [ -73.1381, 44.5856 ], [ -73.0979, 44.5705 ], [ -73.1263, 44.532 ], [ -73.1436, 44.5094 ], [ -73.1467, 44.5087 ], [ -73.148, 44.5092 ], [ -73.1515, 44.5097 ], [ -73.1556, 44.5121 ], [ -73.157, 44.5134 ], [ -73.158, 44.5147 ], [ -73.1577, 44.515 ], [ -73.1582, 44.5167 ], [ -73.1614, 44.5179 ], [ -73.1665, 44.5189 ], [ -73.1702, 44.5217 ], [ -73.172, 44.5219 ], [ -73.1765, 44.523 ], [ -73.1808, 44.5231 ], [ -73.1838, 44.5246 ], [ -73.1864, 44.5251 ], [ -73.1875, 44.5249 ], [ -73.1891, 44.5233 ], [ -73.1921, 44.5229 ], [ -73.1927, 44.5235 ], [ -73.1933, 44.5234 ], [ -73.1946, 44.529 ], [ -73.1988, 44.5353 ], [ -73.1994, 44.5382 ], [ -73.1989, 44.5403 ] ] ] } },
{ "type": "Feature", "properties": { "GEOIDFQ": "1400000US50007002502", "NAME": "25.02", "NAMELSAD": "Census Tract 25.02" }, "geometry": { "type": "Polygon", "coordinates": [ [ [ -73.1788, 44.4926 ], [ -73.1754, 44.4932 ], [ -73.1707, 44.4933 ], [ -73.1712, 44.4899 ], [ -73.1709, 44.4891 ], [ -73.1723, 44.4878 ], [ -73.173, 44.4863 ], [ -73.1752, 44.485 ], [ -73.1783, 44.4841 ], [ -73.1801, 44.4844 ], [ -73.1813, 44.4851 ], [ -73.1819, 44.4883 ], [ -73.1827, 44.489 ], [ -73.1868, 44.4891 ], [ -73.1886, 44.4873 ], [ -73.1892, 44.4886 ], [ -73.1909, 44.4892 ], [ -73.1917, 44.4898 ], [ -73.1959, 44.4891 ], [ -73.1987, 44.4894 ], [ -73.2011, 44.4902 ], [ -73.2017, 44.4911 ], [ -73.1788, 44.4926 ] ] ] } },
{ "type": "Feature", "properties": { "GEOIDFQ": "1400000US50007002501", "NAME": "25.01", "NAMELSAD": "Census Tract 25.01" }, "geometry": { "type": "Polygon", "coordinates": [ [ [ -73.1865, 44.4943 ], [ -73.1824, 44.5025 ], [ -73.1726, 44.4988 ], [ -73.1706, 44.5013 ], [ -73.1682, 44.5004 ], [ -73.1686, 44.4998 ], [ -73.1663, 44.4989 ], [ -73.1674, 44.4975 ], [ -73.1679, 44.4976 ], [ -73.1711, 44.4933 ], [ -73.176, 44.4931 ], [ -73.1788, 44.4926 ], [ -73.1865, 44.4922 ], [ -73.1865, 44.4943 ] ] ] } },
{ "type": "Feature", "properties": { "GEOIDFQ": "1400000US50007004100", "NAME": "41", "NAMELSAD": "Census Tract 41" }, "geometry": { "type": "Polygon", "coordinates": [ [ [ -73.2034, 44.4807 ], [ -73.203, 44.4763 ], [ -73.211, 44.476 ], [ -73.2112, 44.4805 ], [ -73.2034, 44.4807 ] ] ] } },
{ "type": "Feature", "properties": { "GEOIDFQ": "1400000US50001960900", "NAME": "9609", "NAMELSAD": "Census Tract 9609" }, "geometry": { "type": "Polygon", "coordinates": [ [ [ -73.4112, 43.9863 ], [ -73.4104, 43.9919 ], [ -73.4091, 43.996 ], [ -73.4088, 44.0007 ], [ -73.4075, 44.0044 ], [ -73.406, 44.0114 ], [ -73.4059, 44.0153 ], [ -73.4076, 44.0211 ], [ -73.3967, 44.0214 ], [ -73.3886, 44.0221 ], [ -73.256, 44.0353 ], [ -73.2567, 44.012 ], [ -73.1905, 44.0189 ], [ -73.189, 44.0102 ], [ -73.1901, 44.0026 ], [ -73.1905, 43.9919 ], [ -73.1898, 43.988 ], [ -73.1864, 43.9885 ], [ -73.1854, 43.9815 ], [ -73.1796, 43.9743 ], [ -73.1735, 43.9676 ], [ -73.1699, 43.9518 ], [ -73.1639, 43.9524 ], [ -73.1643, 43.9507 ], [ -73.1657, 43.9489 ], [ -73.1668, 43.9461 ], [ -73.1668, 43.9403 ], [ -73.1679, 43.9364 ], [ -73.1691, 43.9347 ], [ -73.1724, 43.9332 ], [ -73.1749, 43.9309 ], [ -73.1749, 43.9281 ], [ -73.1732, 43.9267 ], [ -73.1728, 43.9258 ], [ -73.1738, 43.923 ], [ -73.1736, 43.9201 ], [ -73.1748, 43.9155 ], [ -73.1748, 43.9127 ], [ -73.1756, 43.9119 ], [ -73.1778, 43.9109 ], [ -73.179, 43.9092 ], [ -73.1807, 43.9041 ], [ -73.1829, 43.9011 ], [ -73.183, 43.8992 ], [ -73.1836, 43.8984 ], [ -73.186, 43.8977 ], [ -73.1878, 43.8964 ], [ -73.1888, 43.8947 ], [ -73.1887, 43.8938 ], [ -73.1872, 43.8908 ], [ -73.1856, 43.89 ], [ -73.1806, 43.8891 ], [ -73.1795, 43.8886 ], [ -73.1754, 43.885 ], [ -73.1741, 43.8831 ], [ -73.174, 43.8815 ], [ -73.1759, 43.8757 ], [ -73.1761, 43.8722 ], [ -73.177, 43.8694 ], [ -73.177, 43.8684 ], [ -73.1763, 43.8676 ], [ -73.1731, 43.866 ], [ -73.1727, 43.8641 ], [ -73.172, 43.8633 ], [ -73.1707, 43.8629 ], [ -73.1668, 43.8623 ], [ -73.1654, 43.8623 ], [ -73.1613, 43.8642 ], [ -73.1556, 43.8397 ], [ -73.219, 43.8373 ], [ -73.2063, 43.7668 ], [ -73.2451, 43.7631 ], [ -73.3628, 43.7531 ], [ -73.3546, 43.7646 ], [ -73.3513, 43.7698 ], [ -73.3508, 43.7714 ], [ -73.351, 43.7724 ], [ -73.3554, 43.7779 ], [ -73.3575, 43.7856 ], [ -73.3582, 43.7865 ], [ -73.3641, 43.7912 ], [ -73.371, 43.7951 ], [ -73.3768, 43.7992 ], [ -73.3782, 43.8059 ], [ -73.3807, 43.8108 ], [ -73.3821, 43.8122 ], [ -73.3857, 43.8148 ], [ -73.3896, 43.817 ], [ -73.391, 43.8184 ], [ -73.3925, 43.8213 ], [ -73.3928, 43.8228 ], [ -73.3922, 43.8248 ], [ -73.3893, 43.8312 ], [ -73.3882, 43.8327 ], [ -73.3863, 43.8344 ], [ -73.3831, 43.8365 ], [ -73.3767, 43.8394 ], [ -73.3737, 43.843 ], [ -73.3726, 43.8454 ], [ -73.3728, 43.8466 ], [ -73.3736, 43.8475 ], [ -73.3802, 43.8519 ], [ -73.382, 43.8541 ], [ -73.3823, 43.8561 ], [ -73.3812, 43.86 ], [ -73.3794, 43.8646 ], [ -73.3743, 43.8743 ], [ -73.3742, 43.8762 ], [ -73.3837, 43.8913 ], [ -73.3962, 43.9033 ], [ -73.4024, 43.9199 ], [ -73.4081, 43.9304 ], [ -73.4088, 43.9334 ], [ -73.4088, 43.9359 ], [ -73.4074, 43.9425 ], [ -73.4056, 43.9481 ], [ -73.4057, 43.9559 ], [ -73.4064, 43.9596 ], [ -73.4071, 43.9682 ], [ -73.412, 43.9776 ], [ -73.4125, 43.9822 ], [ -73.4112, 43.9863 ] ] ] } },
{ "type": "Feature", "properties": { "GEOIDFQ": "1400000US50001960500", "NAME": "9605", "NAMELSAD": "Census Tract 9605" }, "geometry": { "type": "Polygon", "coordinates": [ [ [ -73.0491, 44.1865 ], [ -73.0497, 44.1895 ], [ -73.0231, 44.1921 ], [ -73.0168, 44.1591 ], [ -73.017, 44.1576 ], [ -73.0373, 44.1551 ], [ -73.0224, 44.0869 ], [ -73.018, 44.0626 ], [ -73.0231, 44.0613 ], [ -73.0312, 44.0605 ], [ -73.0322, 44.045 ], [ -73.0633, 44.0422 ], [ -73.0647, 44.0576 ], [ -73.0954, 44.0543 ], [ -73.112, 44.1441 ], [ -73.1446, 44.1492 ], [ -73.1496, 44.1767 ], [ -73.0491, 44.1865 ] ] ] } },
{ "type": "Feature", "properties": { "GEOIDFQ": "1400000US50001961000", "NAME": "9610", "NAMELSAD": "Census Tract 9610" }, "geometry": { "type": "Polygon", "coordinates": [ [ [ -73.1869, 43.8972 ], [ -73.1835, 43.8985 ], [ -73.183, 43.8992 ], [ -73.1829, 43.9011 ], [ -73.1807, 43.9041 ], [ -73.179, 43.9092 ], [ -73.1778, 43.9109 ], [ -73.1756, 43.9119 ], [ -73.1748, 43.9127 ], [ -73.1748, 43.9155 ], [ -73.1736, 43.9201 ], [ -73.1738, 43.923 ], [ -73.1728, 43.9258 ], [ -73.1732, 43.9267 ], [ -73.1749, 43.9281 ], [ -73.1749, 43.9309 ], [ -73.1724, 43.9332 ], [ -73.1691, 43.9347 ], [ -73.1679, 43.9364 ], [ -73.1668, 43.9403 ], [ -73.1668, 43.9461 ], [ -73.1657, 43.9489 ], [ -73.1643, 43.9507 ], [ -73.1639, 43.9524 ], [ -73.0528, 43.9633 ], [ -73.0445, 43.9644 ], [ -73.0468, 43.9573 ], [ -73.0458, 43.9397 ], [ -73.0487, 43.9325 ], [ -73.0483, 43.9222 ], [ -73.0378, 43.9228 ], [ -73.04, 43.8935 ], [ -73.0335, 43.8671 ], [ -73.0299, 43.8467 ], [ -73.1562, 43.8423 ], [ -73.1613, 43.8642 ], [ -73.1654, 43.8623 ], [ -73.1668, 43.8623 ], [ -73.1707, 43.8629 ], [ -73.172, 43.8633 ], [ -73.1727, 43.8641 ], [ -73.1731, 43.866 ], [ -73.1763, 43.8676 ], [ -73.177, 43.8684 ], [ -73.177, 43.8694 ], [ -73.1761, 43.8722 ], [ -73.1759, 43.8757 ], [ -73.174, 43.8815 ], [ -73.1741, 43.8831 ], [ -73.1754, 43.885 ], [ -73.1795, 43.8886 ], [ -73.1806, 43.8891 ], [ -73.1856, 43.89 ], [ -73.1872, 43.8908 ], [ -73.1884, 43.8929 ], [ -73.1888, 43.8948 ], [ -73.1869, 43.8972 ] ] ] } },
{ "type": "Feature", "properties": { "GEOIDFQ": "1400000US50001960400", "NAME": "9604", "NAMELSAD": "Census Tract 9604" }, "geometry": { "type": "Polygon", "coordinates": [ [ [ -73.4311, 44.0678 ], [ -73.4302, 44.0719 ], [ -73.4297, 44.0786 ], [ -73.4186, 44.0966 ], [ -73.4152, 44.1013 ], [ -73.4139, 44.1078 ], [ -73.4115, 44.1119 ], [ -73.4112, 44.1138 ], [ -73.412, 44.1196 ], [ -73.414, 44.1241 ], [ -73.4142, 44.1282 ], [ -73.4161, 44.1324 ], [ -73.4156, 44.1335 ], [ -73.412, 44.1378 ], [ -73.4081, 44.1399 ], [ -73.403, 44.145 ], [ -73.4021, 44.1481 ], [ -73.4029, 44.1505 ], [ -73.4024, 44.1515 ], [ -73.4009, 44.1527 ], [ -73.2706, 44.1653 ], [ -73.2683, 44.153 ], [ -73.2394, 44.1552 ], [ -73.2388, 44.1566 ], [ -73.2403, 44.1641 ], [ -73.1737, 44.1536 ], [ -73.1771, 44.1739 ], [ -73.1548, 44.1759 ], [ -73.1496, 44.1767 ], [ -73.1446, 44.1492 ], [ -73.112, 44.1441 ], [ -73.0954, 44.0543 ], [ -73.1804, 44.0463 ], [ -73.1814, 44.0436 ], [ -73.1811, 44.0417 ], [ -73.1816, 44.0369 ], [ -73.1815, 44.036 ], [ -73.1787, 44.0318 ], [ -73.1798, 44.03 ], [ -73.1794, 44.0281 ], [ -73.1785, 44.0263 ], [ -73.1776, 44.0255 ], [ -73.1768, 44.0227 ], [ -73.1771, 44.0199 ], [ -73.1905, 44.0189 ], [ -73.2567, 44.012 ], [ -73.256, 44.0353 ], [ -73.3886, 44.0221 ], [ -73.3967, 44.0214 ], [ -73.4076, 44.0211 ], [ -73.4104, 44.0265 ], [ -73.4125, 44.0283 ], [ -73.4153, 44.0299 ], [ -73.4229, 44.0325 ], [ -73.4251, 44.0344 ], [ -73.4269, 44.0367 ], [ -73.4367, 44.0426 ], [ -73.4375, 44.0435 ], [ -73.4379, 44.0451 ], [ -73.4311, 44.0678 ] ] ] } },
{ "type": "Feature", "properties": { "GEOIDFQ": "1400000US50007003304", "NAME": "33.04", "NAMELSAD": "Census Tract 33.04" }, "geometry": { "type": "Polygon", "coordinates": [ [ [ -73.2756, 44.5295 ], [ -73.2736, 44.5284 ], [ -73.2732, 44.5266 ], [ -73.2719, 44.5251 ], [ -73.2718, 44.5244 ], [ -73.2712, 44.5242 ], [ -73.2698, 44.5213 ], [ -73.269, 44.5162 ], [ -73.2693, 44.515 ], [ -73.2707, 44.5145 ], [ -73.271, 44.5126 ], [ -73.2719, 44.5121 ], [ -73.2732, 44.512 ], [ -73.2733, 44.5109 ], [ -73.2742, 44.5099 ], [ -73.275, 44.5077 ], [ -73.277, 44.5062 ], [ -73.2766, 44.5051 ], [ -73.2749, 44.5042 ], [ -73.2753, 44.5035 ], [ -73.275, 44.503 ], [ -73.2724, 44.5011 ], [ -73.2736, 44.4994 ], [ -73.2739, 44.4972 ], [ -73.2315, 44.4469 ], [ -73.2094, 44.4459 ], [ -73.2086, 44.4552 ], [ -73.19, 44.4541 ], [ -73.19, 44.4544 ], [ -73.1892, 44.4545 ], [ -73.1877, 44.446 ], [ -73.1924, 44.4334 ], [ -73.1956, 44.4225 ], [ -73.1968, 44.4167 ], [ -73.2182, 44.4225 ], [ -73.2356, 44.4258 ], [ -73.2371, 44.4382 ], [ -73.2424, 44.4448 ], [ -73.2496, 44.4456 ], [ -73.2625, 44.4438 ], [ -73.2694, 44.4401 ], [ -73.2857, 44.4367 ], [ -73.2942, 44.436 ], [ -73.2936, 44.4389 ], [ -73.294, 44.4426 ], [ -73.2954, 44.4462 ], [ -73.2995, 44.453 ], [ -73.3001, 44.4547 ], [ -73.2987, 44.4645 ], [ -73.2987, 44.4696 ], [ -73.2992, 44.4729 ], [ -73.3007, 44.4786 ], [ -73.3044, 44.4857 ], [ -73.305, 44.4926 ], [ -73.3067, 44.5003 ], [ -73.3129, 44.5072 ], [ -73.3201, 44.5127 ], [ -73.3212, 44.5149 ], [ -73.2756, 44.5295 ] ] ] } },
{ "type": "Feature", "properties": { "GEOIDFQ": "1400000US50007003402", "NAME": "34.02", "NAMELSAD": "Census Tract 34.02" }, "geometry": { "type": "Polygon", "coordinates": [ [ [ -73.3336, 44.3723 ], [ -73.3304, 44.376 ], [ -73.321, 44.3827 ], [ -73.3171, 44.386 ], [ -73.315, 44.3885 ], [ -73.3124, 44.3947 ], [ -73.3105, 44.4026 ], [ -73.2961, 44.4283 ], [ -73.2942, 44.436 ], [ -73.2857, 44.4367 ], [ -73.2694, 44.4401 ], [ -73.2625, 44.4438 ], [ -73.2496, 44.4456 ], [ -73.2424, 44.4448 ], [ -73.2371, 44.4382 ], [ -73.2356, 44.4258 ], [ -73.2182, 44.4225 ], [ -73.2122, 44.4209 ], [ -73.2214, 44.3917 ], [ -73.2253, 44.3866 ], [ -73.2325, 44.3674 ], [ -73.2373, 44.3578 ], [ -73.2387, 44.3535 ], [ -73.327, 44.3434 ], [ -73.3303, 44.3498 ], [ -73.3346, 44.3569 ], [ -73.3349, 44.3644 ], [ -73.3336, 44.3723 ] ] ] } },
{ "type": "Feature", "properties": { "GEOIDFQ": "1400000US50007002104", "NAME": "21.04", "NAMELSAD": "Census Tract 21.04" }, "geometry": { "type": "Polygon", "coordinates": [ [ [ -73.197, 44.612 ], [ -73.1957, 44.613 ], [ -73.1895, 44.6147 ], [ -73.1825, 44.6153 ], [ -73.1798, 44.6145 ], [ -73.178, 44.6152 ], [ -73.1774, 44.6204 ], [ -73.1758, 44.6234 ], [ -73.1743, 44.6278 ], [ -73.173, 44.6304 ], [ -73.1697, 44.6338 ], [ -73.1628, 44.6387 ], [ -73.1608, 44.6394 ], [ -73.1578, 44.6424 ], [ -73.1568, 44.6425 ], [ -73.1551, 44.6407 ], [ -73.1538, 44.6406 ], [ -73.1521, 44.6412 ], [ -73.1492, 44.6432 ], [ -73.1452, 44.6448 ], [ -73.1426, 44.6429 ], [ -73.1413, 44.6378 ], [ -73.1406, 44.637 ], [ -73.1358, 44.6373 ], [ -73.1299, 44.6363 ], [ -73.1297, 44.6369 ], [ -73.1287, 44.6372 ], [ -73.1281, 44.6405 ], [ -73.1273, 44.6412 ], [ -73.1266, 44.6415 ], [ -73.1246, 44.6391 ], [ -73.1244, 44.6406 ], [ -73.1238, 44.6409 ], [ -73.116, 44.6526 ], [ -73.115, 44.651 ], [ -73.1166, 44.6453 ], [ -73.1162, 44.6438 ], [ -73.1135, 44.6403 ], [ -73.1137, 44.6361 ], [ -73.1182, 44.6243 ], [ -73.1239, 44.6076 ], [ -73.1282, 44.5994 ], [ -73.1284, 44.5969 ], [ -73.1291, 44.5949 ], [ -73.131, 44.5925 ], [ -73.1306, 44.5881 ], [ -73.1283, 44.582 ], [ -73.1984, 44.6078 ], [ -73.197, 44.612 ] ] ] } },
{ "type": "Feature", "properties": { "GEOIDFQ": "1400000US50007003101", "NAME": "31.01", "NAMELSAD": "Census Tract 31.01" }, "geometry": { "type": "Polygon", "coordinates": [ [ [ -73.1385, 44.4502 ], [ -73.1393, 44.451 ], [ -73.1382, 44.4516 ], [ -73.139, 44.4527 ], [ -73.1383, 44.4534 ], [ -73.1384, 44.4542 ], [ -73.1374, 44.4549 ], [ -73.1371, 44.4557 ], [ -73.1356, 44.4562 ], [ -73.1359, 44.457 ], [ -73.1348, 44.4572 ], [ -73.1357, 44.4577 ], [ -73.1362, 44.4585 ], [ -73.1371, 44.4588 ], [ -73.1362, 44.4596 ], [ -73.1362, 44.4609 ], [ -73.1356, 44.4619 ], [ -73.1361, 44.4632 ], [ -73.1367, 44.4634 ], [ -73.1365, 44.465 ], [ -73.1377, 44.4649 ], [ -73.1381, 44.4645 ], [ -73.1387, 44.4651 ], [ -73.1384, 44.4656 ], [ -73.1374, 44.4659 ], [ -73.1373, 44.467 ], [ -73.1377, 44.4672 ], [ -73.1373, 44.4676 ], [ -73.1378, 44.4679 ], [ -73.1376, 44.4686 ], [ -73.1384, 44.4692 ], [ -73.1382, 44.47 ], [ -73.1366, 44.4705 ], [ -73.1362, 44.4709 ], [ -73.1367, 44.471 ], [ -73.1366, 44.4715 ], [ -73.1357, 44.4723 ], [ -73.1351, 44.4722 ], [ -73.1348, 44.4725 ], [ -73.1352, 44.4732 ], [ -73.1361, 44.4735 ], [ -73.1367, 44.4748 ], [ -73.1359, 44.475 ], [ -73.1349, 44.4744 ], [ -73.1335, 44.4745 ], [ -73.1284, 44.4767 ], [ -73.1243, 44.4766 ], [ -73.1191, 44.4796 ], [ -73.1162, 44.4807 ], [ -73.1139, 44.4828 ], [ -73.1125, 44.4832 ], [ -73.1118, 44.4829 ], [ -73.1087, 44.48 ], [ -73.1032, 44.477 ], [ -73.1026, 44.4762 ], [ -73.1019, 44.4727 ], [ -73.1009, 44.4719 ], [ -73.0987, 44.4723 ], [ -73.0969, 44.4736 ], [ -73.0951, 44.4761 ], [ -73.0938, 44.4796 ], [ -73.0919, 44.4809 ], [ -73.0909, 44.4811 ], [ -73.089, 44.4806 ], [ -73.0886, 44.4803 ], [ -73.0887, 44.4796 ], [ -73.0878, 44.479 ], [ -73.085, 44.4787 ], [ -73.0831, 44.4792 ], [ -73.0809, 44.4816 ], [ -73.0763, 44.4826 ], [ -73.074, 44.4826 ], [ -73.0731, 44.4822 ], [ -73.0708, 44.4803 ], [ -73.0676, 44.4783 ], [ -73.0665, 44.4782 ], [ -73.0635, 44.4792 ], [ -73.0617, 44.4787 ], [ -73.0602, 44.4772 ], [ -73.059, 44.4749 ], [ -73.0572, 44.4734 ], [ -73.056, 44.4737 ], [ -73.0545, 44.4749 ], [ -73.0529, 44.4757 ], [ -73.0513, 44.4762 ], [ -73.0505, 44.4762 ], [ -73.0493, 44.4749 ], [ -73.0494, 44.4721 ], [ -73.048, 44.471 ], [ -73.0457, 44.4708 ], [ -73.0409, 44.4715 ], [ -73.0375, 44.4713 ], [ -73.0355, 44.4707 ], [ -73.032, 44.4684 ], [ -73.0274, 44.4676 ], [ -73.0266, 44.4665 ], [ -73.0263, 44.4632 ], [ -73.0257, 44.4619 ], [ -73.0243, 44.4611 ], [ -73.0227, 44.4608 ], [ -73.0214, 44.4601 ], [ -73.0213, 44.4592 ], [ -73.0218, 44.4581 ], [ -73.0242, 44.4568 ], [ -73.0248, 44.4558 ], [ -73.0246, 44.4547 ], [ -73.0236, 44.4541 ], [ -73.0207, 44.4539 ], [ -73.0196, 44.453 ], [ -73.019, 44.451 ], [ -73.0196, 44.4472 ], [ -73.0196, 44.4435 ], [ -73.0204, 44.4421 ], [ -73.0215, 44.4419 ], [ -73.0257, 44.4427 ], [ -73.0279, 44.4425 ], [ -73.03, 44.4418 ], [ -73.0333, 44.4394 ], [ -73.0329, 44.4382 ], [ -73.0319, 44.4375 ], [ -73.0242, 44.4352 ], [ -73.0231, 44.4347 ], [ -73.0215, 44.4332 ], [ -73.0338, 44.4262 ], [ -73.0381, 44.4308 ], [ -73.0406, 44.4323 ], [ -73.0434, 44.433 ], [ -73.0664, 44.4339 ], [ -73.0873, 44.4369 ], [ -73.1314, 44.4412 ], [ -73.1353, 44.4424 ], [ -73.1354, 44.4428 ], [ -73.1363, 44.4432 ], [ -73.1357, 44.4446 ], [ -73.1359, 44.4452 ], [ -73.139, 44.4473 ], [ -73.139, 44.4482 ], [ -73.1398, 44.449 ], [ -73.1399, 44.4497 ], [ -73.1385, 44.4502 ] ] ] } },
{ "type": "Feature", "properties": { "GEOIDFQ": "1400000US50007003401", "NAME": "34.01", "NAMELSAD": "Census Tract 34.01" }, "geometry": { "type": "Polygon", "coordinates": [ [ [ -73.2373, 44.3578 ], [ -73.2325, 44.3674 ], [ -73.2253, 44.3866 ], [ -73.2214, 44.3917 ], [ -73.2122, 44.4209 ], [ -73.1417, 44.4017 ], [ -73.1335, 44.3646 ], [ -73.158, 44.362 ], [ -73.1583, 44.3631 ], [ -73.2386, 44.3535 ], [ -73.2373, 44.3578 ] ] ] } },
{ "type": "Feature", "properties": { "GEOIDFQ": "1400000US50007002103", "NAME": "21.03", "NAMELSAD": "Census Tract 21.03" }, "geometry": { "type": "Polygon", "coordinates": [ [ [ -73.1291, 44.5949 ], [ -73.1284, 44.5969 ], [ -73.1282, 44.5994 ], [ -73.1239, 44.6076 ], [ -73.1182, 44.6243 ], [ -73.114, 44.635 ], [ -73.1134, 44.6401 ], [ -73.1162, 44.6438 ], [ -73.1165, 44.6463 ], [ -73.1138, 44.6555 ], [ -73.1116, 44.6551 ], [ -73.1104, 44.6552 ], [ -73.1097, 44.6558 ], [ -73.1087, 44.6627 ], [ -73.1078, 44.6639 ], [ -73.1075, 44.6716 ], [ -73.107, 44.6735 ], [ -73.1044, 44.6767 ], [ -73.0379, 44.6511 ], [ -73.0979, 44.5705 ], [ -73.1283, 44.582 ], [ -73.1306, 44.5881 ], [ -73.131, 44.5923 ], [ -73.1291, 44.5949 ] ] ] } },
{ "type": "Feature", "properties": { "GEOIDFQ": "1400000US50007003600", "NAME": "36", "NAMELSAD": "Census Tract 36" }, "geometry": { "type": "Polygon", "coordinates": [ [ [ -73.1901, 44.4724 ], [ -73.1803, 44.4809 ], [ -73.1775, 44.4793 ], [ -73.174, 44.4762 ], [ -73.1728, 44.4745 ], [ -73.1695, 44.457 ], [ -73.1583, 44.4507 ], [ -73.1575, 44.4494 ], [ -73.1578, 44.4479 ], [ -73.1634, 44.4489 ], [ -73.176, 44.4492 ], [ -73.1813, 44.4504 ], [ -73.1884, 44.45 ], [ -73.1892, 44.4545 ], [ -73.19, 44.4544 ], [ -73.1938, 44.4741 ], [ -73.1901, 44.4724 ] ] ] } },
{ "type": "Feature", "properties": { "GEOIDFQ": "1400000US50007003900", "NAME": "39", "NAMELSAD": "Census Tract 39" }, "geometry": { "type": "Polygon", "coordinates": [ [ [ -73.205, 44.4697 ], [ -73.2055, 44.4762 ], [ -73.203, 44.4763 ], [ -73.2034, 44.4807 ], [ -73.1965, 44.4807 ], [ -73.1942, 44.4815 ], [ -73.1947, 44.4821 ], [ -73.1954, 44.4818 ], [ -73.1965, 44.4832 ], [ -73.196, 44.4837 ], [ -73.1952, 44.4837 ], [ -73.1946, 44.4849 ], [ -73.1931, 44.4856 ], [ -73.1915, 44.4836 ], [ -73.1909, 44.4838 ], [ -73.1904, 44.4832 ], [ -73.1927, 44.4822 ], [ -73.19, 44.4725 ], [ -73.1938, 44.4741 ], [ -73.19, 44.4541 ], [ -73.1985, 44.4547 ], [ -73.1994, 44.4576 ], [ -73.2003, 44.4591 ], [ -73.2006, 44.459 ], [ -73.2005, 44.4605 ], [ -73.201, 44.4629 ], [ -73.2015, 44.4625 ], [ -73.2045, 44.4624 ], [ -73.2057, 44.463 ], [ -73.2077, 44.4632 ], [ -73.205, 44.4697 ] ] ] } },
{ "type": "Feature", "properties": { "GEOIDFQ": "1400000US50007002800", "NAME": "28", "NAMELSAD": "Census Tract 28" }, "geometry": { "type": "Polygon", "coordinates": [ [ [ -73.03, 44.4418 ], [ -73.0279, 44.4425 ], [ -73.0257, 44.4427 ], [ -73.0215, 44.4419 ], [ -73.0204, 44.4421 ], [ -73.0196, 44.4435 ], [ -73.0196, 44.4472 ], [ -73.019, 44.451 ], [ -73.0196, 44.453 ], [ -73.0207, 44.4539 ], [ -73.0236, 44.4541 ], [ -73.0246, 44.4547 ], [ -73.0248, 44.4558 ], [ -73.0242, 44.4568 ], [ -73.0218, 44.4581 ], [ -73.0213, 44.4592 ], [ -73.0214, 44.4601 ], [ -73.0227, 44.4608 ], [ -73.0243, 44.4611 ], [ -73.0257, 44.4619 ], [ -73.0263, 44.4632 ], [ -73.0266, 44.4665 ], [ -73.0274, 44.4676 ], [ -73.032, 44.4684 ], [ -72.9713, 44.5504 ], [ -72.8882, 44.4703 ], [ -72.9164, 44.4328 ], [ -72.9187, 44.4291 ], [ -73.0207, 44.4336 ], [ -73.0215, 44.4332 ], [ -73.0231, 44.4347 ], [ -73.0242, 44.4352 ], [ -73.0319, 44.4375 ], [ -73.0329, 44.4382 ], [ -73.0333, 44.4394 ], [ -73.03, 44.4418 ] ] ] } },
{ "type": "Feature", "properties": { "GEOIDFQ": "1400000US50007003502", "NAME": "35.02", "NAMELSAD": "Census Tract 35.02" }, "geometry": { "type": "Polygon", "coordinates": [ [ [ -73.1583, 44.3631 ], [ -73.158, 44.362 ], [ -73.1335, 44.3646 ], [ -73.1417, 44.4017 ], [ -73.1165, 44.3951 ], [ -73.0893, 44.3695 ], [ -73.0354, 44.375 ], [ -73.0165, 44.2854 ], [ -73.07, 44.2799 ], [ -73.0706, 44.2839 ], [ -73.1121, 44.2777 ], [ -73.1452, 44.2734 ], [ -73.1558, 44.3225 ], [ -73.1653, 44.3622 ], [ -73.1583, 44.3631 ] ] ] } },
{ "type": "Feature", "properties": { "GEOIDFQ": "1400000US50007003503", "NAME": "35.03", "NAMELSAD": "Census Tract 35.03" }, "geometry": { "type": "Polygon", "coordinates": [ [ [ -72.9521, 44.3454 ], [ -72.8804, 44.3298 ], [ -72.906, 44.2806 ], [ -72.895, 44.2781 ], [ -72.9522, 44.1614 ], [ -72.9654, 44.2314 ], [ -72.9759, 44.295 ], [ -73.0204, 44.3037 ], [ -73.0328, 44.3625 ], [ -72.9521, 44.3454 ] ] ] } },
{ "type": "Feature", "properties": { "GEOIDFQ": "1400000US50007002900", "NAME": "29", "NAMELSAD": "Census Tract 29" }, "geometry": { "type": "Polygon", "coordinates": [ [ [ -73.0378, 44.6513 ], [ -73.0093, 44.6465 ], [ -72.91, 44.6312 ], [ -72.8584, 44.5797 ], [ -72.827, 44.5507 ], [ -72.81, 44.5467 ], [ -72.8308, 44.5164 ], [ -72.8036, 44.5063 ], [ -72.8383, 44.4593 ], [ -72.8049, 44.4519 ], [ -72.8306, 44.4154 ], [ -72.8398, 44.4035 ], [ -72.8024, 44.3886 ], [ -72.826, 44.359 ], [ -72.8284, 44.3604 ], [ -72.8318, 44.3589 ], [ -72.8328, 44.3588 ], [ -72.8355, 44.36 ], [ -72.8392, 44.3611 ], [ -72.8425, 44.3617 ], [ -72.8444, 44.3624 ], [ -72.8499, 44.3631 ], [ -72.8555, 44.3656 ], [ -72.8613, 44.3669 ], [ -72.8804, 44.3298 ], [ -72.9521, 44.3454 ], [ -72.9362, 44.3753 ], [ -72.9272, 44.3992 ], [ -72.9187, 44.4291 ], [ -72.9164, 44.4328 ], [ -72.8882, 44.4703 ], [ -72.9714, 44.5504 ], [ -73.0101, 44.5563 ], [ -73.0979, 44.5705 ], [ -73.0378, 44.6513 ] ] ] } },
{ "type": "Feature", "properties": { "GEOIDFQ": "1400000US50025967300", "NAME": "9673", "NAMELSAD": "Census Tract 9673" }, "geometry": { "type": "Polygon", "coordinates": [ [ [ -72.8621, 43.2052 ], [ -72.8516, 43.2048 ], [ -72.8481, 43.2628 ], [ -72.8196, 43.256 ], [ -72.7568, 43.2397 ], [ -72.7302, 43.2333 ], [ -72.7294, 43.2318 ], [ -72.7285, 43.2312 ], [ -72.7292, 43.2279 ], [ -72.7288, 43.227 ], [ -72.7278, 43.2264 ], [ -72.7287, 43.2256 ], [ -72.732, 43.2241 ], [ -72.7343, 43.2234 ], [ -72.7349, 43.2225 ], [ -72.7361, 43.2176 ], [ -72.7379, 43.2162 ], [ -72.7382, 43.2153 ], [ -72.7379, 43.2126 ], [ -72.7385, 43.2117 ], [ -72.7369, 43.2103 ], [ -72.736, 43.2086 ], [ -72.7383, 43.2068 ], [ -72.7395, 43.2064 ], [ -72.7405, 43.2052 ], [ -72.7408, 43.2033 ], [ -72.7421, 43.2026 ], [ -72.7543, 43.1894 ], [ -72.7569, 43.1887 ], [ -72.7599, 43.1868 ], [ -72.7614, 43.1837 ], [ -72.764, 43.1828 ], [ -72.7654, 43.1809 ], [ -72.7643, 43.1784 ], [ -72.764, 43.1755 ], [ -72.767, 43.1745 ], [ -72.767, 43.1734 ], [ -72.7653, 43.1716 ], [ -72.7654, 43.1696 ], [ -72.7669, 43.1691 ], [ -72.7674, 43.1678 ], [ -72.7703, 43.1656 ], [ -72.7716, 43.1569 ], [ -72.7733, 43.1539 ], [ -72.7734, 43.1523 ], [ -72.7714, 43.1417 ], [ -72.8648, 43.1662 ], [ -72.8621, 43.2052 ] ] ] } },
{ "type": "Feature", "properties": { "GEOIDFQ": "1400000US50025968400", "NAME": "9684", "NAMELSAD": "Census Tract 9684" }, "geometry": { "type": "Polygon", "coordinates": [ [ [ -72.6774, 42.8997 ], [ -72.6004, 42.8978 ], [ -72.5974, 42.8951 ], [ -72.5958, 42.8926 ], [ -72.5946, 42.8883 ], [ -72.5924, 42.8832 ], [ -72.5924, 42.8819 ], [ -72.5911, 42.8783 ], [ -72.5894, 42.877 ], [ -72.5911, 42.8729 ], [ -72.5952, 42.8686 ], [ -72.5949, 42.8685 ], [ -72.5941, 42.866 ], [ -72.5921, 42.864 ], [ -72.5913, 42.8624 ], [ -72.5877, 42.8583 ], [ -72.5837, 42.8522 ], [ -72.5835, 42.8502 ], [ -72.5852, 42.8501 ], [ -72.5857, 42.8494 ], [ -72.5829, 42.8452 ], [ -72.5832, 42.8388 ], [ -72.5848, 42.8369 ], [ -72.5854, 42.8336 ], [ -72.5867, 42.8309 ], [ -72.5892, 42.8299 ], [ -72.5894, 42.8249 ], [ -72.6512, 42.8269 ], [ -72.6806, 42.8273 ], [ -72.6774, 42.8997 ] ] ] } },
{ "type": "Feature", "properties": { "GEOIDFQ": "1400000US50025968300", "NAME": "9683", "NAMELSAD": "Census Tract 9683" }, "geometry": { "type": "Polygon", "coordinates": [ [ [ -72.6762, 42.9224 ], [ -72.6643, 42.9222 ], [ -72.6514, 42.9216 ], [ -72.6481, 42.9274 ], [ -72.6445, 42.9375 ], [ -72.6415, 42.9479 ], [ -72.6395, 42.9568 ], [ -72.6355, 42.9692 ], [ -72.5705, 42.967 ], [ -72.5218, 42.9658 ], [ -72.5198, 42.9637 ], [ -72.5205, 42.9619 ], [ -72.523, 42.9599 ], [ -72.5271, 42.9573 ], [ -72.532, 42.9549 ], [ -72.5338, 42.9526 ], [ -72.5343, 42.9512 ], [ -72.5345, 42.9499 ], [ -72.534, 42.9486 ], [ -72.5321, 42.947 ], [ -72.5296, 42.9463 ], [ -72.5285, 42.9455 ], [ -72.5269, 42.9414 ], [ -72.5263, 42.9356 ], [ -72.5271, 42.9283 ], [ -72.5241, 42.9174 ], [ -72.5246, 42.9149 ], [ -72.5258, 42.9139 ], [ -72.5288, 42.913 ], [ -72.5304, 42.9111 ], [ -72.5316, 42.9071 ], [ -72.5311, 42.9055 ], [ -72.5313, 42.8982 ], [ -72.5328, 42.8959 ], [ -72.5534, 42.8968 ], [ -72.6774, 42.8997 ], [ -72.6762, 42.9224 ] ] ] } },
{ "type": "Feature", "properties": { "GEOIDFQ": "1400000US50025967900", "NAME": "9679", "NAMELSAD": "Census Tract 9679" }, "geometry": { "type": "Polygon", "coordinates": [ [ [ -72.9202, 42.9927 ], [ -72.8783, 42.9909 ], [ -72.7542, 42.9866 ], [ -72.7595, 42.9679 ], [ -72.7662, 42.9502 ], [ -72.7721, 42.9319 ], [ -72.7766, 42.9246 ], [ -72.777, 42.9223 ], [ -72.7977, 42.9223 ], [ -72.8148, 42.9233 ], [ -72.8964, 42.9269 ], [ -72.9238, 42.9274 ], [ -72.9202, 42.9927 ] ] ] } },
{ "type": "Feature", "properties": { "GEOIDFQ": "1400000US50025968600", "NAME": "9686", "NAMELSAD": "Census Tract 9686" }, "geometry": { "type": "Polygon", "coordinates": [ [ [ -72.5534, 42.8968 ], [ -72.5328, 42.8959 ], [ -72.5355, 42.8932 ], [ -72.5407, 42.8893 ], [ -72.5466, 42.887 ], [ -72.5508, 42.8861 ], [ -72.5526, 42.8852 ], [ -72.5523, 42.8842 ], [ -72.5528, 42.8817 ], [ -72.5554, 42.8747 ], [ -72.5552, 42.8709 ], [ -72.5556, 42.8675 ], [ -72.5545, 42.8629 ], [ -72.5544, 42.86 ], [ -72.5565, 42.8554 ], [ -72.5599, 42.8547 ], [ -72.5597, 42.8533 ], [ -72.564, 42.8532 ], [ -72.5664, 42.8523 ], [ -72.5701, 42.8523 ], [ -72.5726, 42.8516 ], [ -72.5835, 42.8502 ], [ -72.584, 42.8527 ], [ -72.5858, 42.855 ], [ -72.5877, 42.8583 ], [ -72.5913, 42.8624 ], [ -72.5921, 42.864 ], [ -72.5941, 42.866 ], [ -72.5949, 42.8685 ], [ -72.5952, 42.8686 ], [ -72.5911, 42.8729 ], [ -72.5894, 42.877 ], [ -72.5911, 42.8783 ], [ -72.5924, 42.8819 ], [ -72.5924, 42.8832 ], [ -72.5946, 42.8883 ], [ -72.5958, 42.8926 ], [ -72.5974, 42.8951 ], [ -72.6004, 42.8978 ], [ -72.5534, 42.8968 ] ] ] } },
{ "type": "Feature", "properties": { "GEOIDFQ": "1400000US50025967200", "NAME": "9672", "NAMELSAD": "Census Tract 9672" }, "geometry": { "type": "Polygon", "coordinates": [ [ [ -72.7716, 43.1569 ], [ -72.7703, 43.1656 ], [ -72.7674, 43.1678 ], [ -72.7669, 43.1691 ], [ -72.7654, 43.1696 ], [ -72.7653, 43.1716 ], [ -72.767, 43.1734 ], [ -72.767, 43.1745 ], [ -72.764, 43.1755 ], [ -72.7643, 43.1784 ], [ -72.7654, 43.1809 ], [ -72.764, 43.1828 ], [ -72.7614, 43.1837 ], [ -72.7599, 43.1868 ], [ -72.7569, 43.1887 ], [ -72.7543, 43.1894 ], [ -72.7421, 43.2026 ], [ -72.7408, 43.2033 ], [ -72.7405, 43.2052 ], [ -72.7395, 43.2064 ], [ -72.7383, 43.2068 ], [ -72.736, 43.2086 ], [ -72.7369, 43.2103 ], [ -72.7385, 43.2117 ], [ -72.7379, 43.2126 ], [ -72.7382, 43.2153 ], [ -72.7379, 43.2162 ], [ -72.7361, 43.2176 ], [ -72.7349, 43.2225 ], [ -72.7343, 43.2234 ], [ -72.732, 43.2241 ], [ -72.7287, 43.2256 ], [ -72.7278, 43.2264 ], [ -72.7288, 43.227 ], [ -72.7292, 43.2279 ], [ -72.7285, 43.2312 ], [ -72.7294, 43.2318 ], [ -72.7302, 43.2333 ], [ -72.6854, 43.2226 ], [ -72.6763, 43.2227 ], [ -72.6762, 43.2241 ], [ -72.5555, 43.2353 ], [ -72.5567, 43.2202 ], [ -72.558, 43.1277 ], [ -72.5568, 43.1278 ], [ -72.5729, 43.0709 ], [ -72.5767, 43.071 ], [ -72.5856, 43.0232 ], [ -72.5883, 43.0235 ], [ -72.592, 43.0091 ], [ -72.5932, 43.008 ], [ -72.5945, 43.0055 ], [ -72.5994, 42.9903 ], [ -72.6059, 42.9908 ], [ -72.6073, 42.9864 ], [ -72.608, 42.9684 ], [ -72.6471, 42.9695 ], [ -72.6469, 42.9753 ], [ -72.6462, 42.9772 ], [ -72.6451, 42.9785 ], [ -72.6436, 42.9792 ], [ -72.6392, 42.9798 ], [ -72.6355, 42.9807 ], [ -72.6321, 42.9821 ], [ -72.6318, 42.9831 ], [ -72.6346, 42.9898 ], [ -72.6346, 42.9909 ], [ -72.6332, 42.9926 ], [ -72.6326, 42.9945 ], [ -72.6335, 42.9951 ], [ -72.6364, 42.9953 ], [ -72.6388, 42.9961 ], [ -72.6394, 42.9969 ], [ -72.6384, 42.9987 ], [ -72.6388, 42.9995 ], [ -72.6421, 43.0027 ], [ -72.6394, 43.0041 ], [ -72.64, 43.0061 ], [ -72.6414, 43.0077 ], [ -72.6459, 43.0099 ], [ -72.6507, 43.0139 ], [ -72.6509, 43.0148 ], [ -72.6483, 43.0154 ], [ -72.6494, 43.0181 ], [ -72.6507, 43.0193 ], [ -72.7433, 43.0222 ], [ -72.7085, 43.1258 ], [ -72.7291, 43.1307 ], [ -72.7714, 43.1417 ], [ -72.7734, 43.1523 ], [ -72.7733, 43.1539 ], [ -72.7716, 43.1569 ] ] ] } },
{ "type": "Feature", "properties": { "GEOIDFQ": "1400000US50025967600", "NAME": "9676", "NAMELSAD": "Census Tract 9676" }, "geometry": { "type": "Polygon", "coordinates": [ [ [ -72.5767, 43.071 ], [ -72.5729, 43.0709 ], [ -72.5568, 43.1278 ], [ -72.5536, 43.1277 ], [ -72.5471, 43.1269 ], [ -72.5457, 43.1271 ], [ -72.5408, 43.1263 ], [ -72.5265, 43.1262 ], [ -72.5159, 43.1267 ], [ -72.5086, 43.1263 ], [ -72.4523, 43.1256 ], [ -72.4384, 43.1251 ], [ -72.4368, 43.1242 ], [ -72.4339, 43.1217 ], [ -72.4327, 43.1198 ], [ -72.4322, 43.1159 ], [ -72.4327, 43.1127 ], [ -72.4335, 43.1106 ], [ -72.4351, 43.1091 ], [ -72.4414, 43.1059 ], [ -72.4432, 43.103 ], [ -72.4432, 43.1017 ], [ -72.4426, 43.0995 ], [ -72.4414, 43.0975 ], [ -72.4405, 43.0971 ], [ -72.439, 43.095 ], [ -72.4388, 43.0919 ], [ -72.4383, 43.0906 ], [ -72.4345, 43.0866 ], [ -72.4341, 43.0838 ], [ -72.4357, 43.0809 ], [ -72.4382, 43.0784 ], [ -72.4397, 43.0761 ], [ -72.4443, 43.0716 ], [ -72.446, 43.0703 ], [ -72.4504, 43.0684 ], [ -72.4553, 43.0627 ], [ -72.4577, 43.061 ], [ -72.4629, 43.0582 ], [ -72.4654, 43.0561 ], [ -72.4678, 43.053 ], [ -72.4674, 43.0501 ], [ -72.4662, 43.0476 ], [ -72.4649, 43.046 ], [ -72.4611, 43.0433 ], [ -72.4605, 43.0419 ], [ -72.4612, 43.0344 ], [ -72.4632, 43.0277 ], [ -72.4626, 43.0258 ], [ -72.4594, 43.0204 ], [ -72.4714, 43.0204 ], [ -72.5239, 43.022 ], [ -72.5856, 43.0232 ], [ -72.5767, 43.071 ] ] ] } },
{ "type": "Feature", "properties": { "GEOIDFQ": "1400000US50025967400", "NAME": "9674", "NAMELSAD": "Census Tract 9674" }, "geometry": { "type": "Polygon", "coordinates": [ [ [ -72.8648, 43.1662 ], [ -72.7503, 43.1361 ], [ -72.7085, 43.1258 ], [ -72.7339, 43.0504 ], [ -72.8723, 43.0536 ], [ -72.8648, 43.1662 ] ] ] } },
{ "type": "Feature", "properties": { "GEOIDFQ": "1400000US50025967100", "NAME": "9671", "NAMELSAD": "Census Tract 9671" }, "geometry": { "type": "Polygon", "coordinates": [ [ [ -72.5567, 43.2202 ], [ -72.5555, 43.2353 ], [ -72.5477, 43.2359 ], [ -72.4346, 43.2333 ], [ -72.4342, 43.2319 ], [ -72.4345, 43.2304 ], [ -72.4391, 43.2234 ], [ -72.441, 43.2182 ], [ -72.4408, 43.2137 ], [ -72.439, 43.2099 ], [ -72.4383, 43.2063 ], [ -72.4385, 43.2016 ], [ -72.4443, 43.1971 ], [ -72.4457, 43.1956 ], [ -72.4477, 43.1943 ], [ -72.449, 43.1941 ], [ -72.4505, 43.1926 ], [ -72.4495, 43.189 ], [ -72.4475, 43.1862 ], [ -72.4451, 43.184 ], [ -72.4442, 43.1826 ], [ -72.4439, 43.1804 ], [ -72.4442, 43.1789 ], [ -72.4458, 43.1775 ], [ -72.4508, 43.175 ], [ -72.4521, 43.1739 ], [ -72.4592, 43.1825 ], [ -72.46, 43.183 ], [ -72.4631, 43.1832 ], [ -72.4634, 43.1802 ], [ -72.4622, 43.1676 ], [ -72.4628, 43.1646 ], [ -72.4653, 43.1611 ], [ -72.4723, 43.1559 ], [ -72.4745, 43.1525 ], [ -72.475, 43.1499 ], [ -72.4749, 43.1448 ], [ -72.4771, 43.138 ], [ -72.4774, 43.1354 ], [ -72.4764, 43.1322 ], [ -72.4731, 43.1273 ], [ -72.4717, 43.1258 ], [ -72.5086, 43.1263 ], [ -72.5159, 43.1267 ], [ -72.5265, 43.1262 ], [ -72.5408, 43.1263 ], [ -72.5457, 43.1271 ], [ -72.5471, 43.1269 ], [ -72.5536, 43.1277 ], [ -72.558, 43.1278 ], [ -72.5567, 43.2202 ] ] ] } },
{ "type": "Feature", "properties": { "GEOIDFQ": "1400000US50025967500", "NAME": "9675", "NAMELSAD": "Census Tract 9675" }, "geometry": { "type": "Polygon", "coordinates": [ [ [ -73.0031, 43.0237 ], [ -73.0006, 43.0236 ], [ -73.0006, 43.0391 ], [ -73.0018, 43.0751 ], [ -72.9983, 43.0966 ], [ -72.9987, 43.0975 ], [ -72.9971, 43.1175 ], [ -72.996, 43.1187 ], [ -72.9484, 43.1175 ], [ -72.8983, 43.1146 ], [ -72.8682, 43.1139 ], [ -72.8723, 43.0536 ], [ -72.7339, 43.0504 ], [ -72.7495, 43.0039 ], [ -72.7542, 42.9866 ], [ -72.8783, 42.9909 ], [ -72.9202, 42.9927 ], [ -72.9238, 42.9274 ], [ -73.0067, 42.9307 ], [ -73.0081, 42.9306 ], [ -73.0031, 43.0237 ] ] ] } },
{ "type": "Feature", "properties": { "GEOIDFQ": "1400000US50025967800", "NAME": "9678", "NAMELSAD": "Census Tract 9678" }, "geometry": { "type": "Polygon", "coordinates": [ [ [ -72.7721, 42.9319 ], [ -72.7662, 42.9502 ], [ -72.7595, 42.9679 ], [ -72.7495, 43.0039 ], [ -72.7433, 43.0222 ], [ -72.6507, 43.0193 ], [ -72.6494, 43.0181 ], [ -72.6483, 43.0154 ], [ -72.6509, 43.0148 ], [ -72.6507, 43.0139 ], [ -72.6459, 43.0099 ], [ -72.6414, 43.0077 ], [ -72.64, 43.0061 ], [ -72.6394, 43.0041 ], [ -72.6421, 43.0027 ], [ -72.6388, 42.9995 ], [ -72.6384, 42.9987 ], [ -72.6394, 42.9969 ], [ -72.6388, 42.9961 ], [ -72.6364, 42.9953 ], [ -72.6335, 42.9951 ], [ -72.6326, 42.9945 ], [ -72.6332, 42.9926 ], [ -72.6346, 42.9909 ], [ -72.6346, 42.9898 ], [ -72.6318, 42.9831 ], [ -72.6321, 42.9821 ], [ -72.6343, 42.9811 ], [ -72.6392, 42.9798 ], [ -72.6436, 42.9792 ], [ -72.6447, 42.9788 ], [ -72.6462, 42.9772 ], [ -72.6469, 42.9753 ], [ -72.6471, 42.9695 ], [ -72.6355, 42.9692 ], [ -72.6395, 42.9568 ], [ -72.6415, 42.9479 ], [ -72.6445, 42.9375 ], [ -72.6481, 42.9274 ], [ -72.6514, 42.9216 ], [ -72.6643, 42.9222 ], [ -72.7766, 42.9246 ], [ -72.7721, 42.9319 ] ] ] } },
{ "type": "Feature", "properties": { "GEOIDFQ": "1400000US50025968200", "NAME": "9682", "NAMELSAD": "Census Tract 9682" }, "geometry": { "type": "Polygon", "coordinates": [ [ [ -72.8031, 42.8267 ], [ -72.7977, 42.9223 ], [ -72.777, 42.9223 ], [ -72.7766, 42.9246 ], [ -72.6762, 42.9224 ], [ -72.6806, 42.8273 ], [ -72.683, 42.805 ], [ -72.6828, 42.7972 ], [ -72.6838, 42.761 ], [ -72.6844, 42.7594 ], [ -72.6846, 42.7504 ], [ -72.6858, 42.7332 ], [ -72.807, 42.7365 ], [ -72.8031, 42.8267 ] ] ] } },
{ "type": "Feature", "properties": { "GEOIDFQ": "1400000US50025968700", "NAME": "9687", "NAMELSAD": "Census Tract 9687" }, "geometry": { "type": "Polygon", "coordinates": [ [ [ -72.6844, 42.7594 ], [ -72.6838, 42.761 ], [ -72.6828, 42.7972 ], [ -72.683, 42.805 ], [ -72.6806, 42.8273 ], [ -72.6512, 42.8269 ], [ -72.6031, 42.8253 ], [ -72.5613, 42.8242 ], [ -72.5463, 42.8242 ], [ -72.5444, 42.8192 ], [ -72.5424, 42.8156 ], [ -72.5423, 42.8111 ], [ -72.5415, 42.8071 ], [ -72.5163, 42.788 ], [ -72.5122, 42.7843 ], [ -72.509, 42.78 ], [ -72.5084, 42.7777 ], [ -72.5093, 42.775 ], [ -72.5108, 42.7736 ], [ -72.5155, 42.7706 ], [ -72.5165, 42.7691 ], [ -72.5164, 42.768 ], [ -72.5155, 42.7656 ], [ -72.5131, 42.7641 ], [ -72.5112, 42.7639 ], [ -72.5094, 42.7645 ], [ -72.5084, 42.7644 ], [ -72.5065, 42.7657 ], [ -72.5038, 42.7662 ], [ -72.5015, 42.7672 ], [ -72.5001, 42.7687 ], [ -72.4996, 42.7688 ], [ -72.499, 42.7721 ], [ -72.4977, 42.7734 ], [ -72.4953, 42.7737 ], [ -72.4905, 42.7727 ], [ -72.4872, 42.7692 ], [ -72.4853, 42.7663 ], [ -72.4836, 42.765 ], [ -72.4794, 42.7633 ], [ -72.477, 42.7608 ], [ -72.4754, 42.7566 ], [ -72.4746, 42.7509 ], [ -72.4734, 42.7462 ], [ -72.4714, 42.744 ], [ -72.4706, 42.7439 ], [ -72.4677, 42.7415 ], [ -72.4668, 42.7396 ], [ -72.4642, 42.7373 ], [ -72.4596, 42.7308 ], [ -72.4587, 42.729 ], [ -72.4584, 42.7269 ], [ -72.6858, 42.7332 ], [ -72.6844, 42.7594 ] ] ] } },
{ "type": "Feature", "properties": { "GEOIDFQ": "1400000US50025967000", "NAME": "9670", "NAMELSAD": "Census Tract 9670" }, "geometry": { "type": "Polygon", "coordinates": [ [ [ -72.4771, 43.138 ], [ -72.475, 43.1442 ], [ -72.4749, 43.1506 ], [ -72.474, 43.1535 ], [ -72.4718, 43.1564 ], [ -72.465, 43.1613 ], [ -72.4628, 43.1646 ], [ -72.4622, 43.1676 ], [ -72.4634, 43.1802 ], [ -72.4631, 43.1832 ], [ -72.46, 43.183 ], [ -72.4582, 43.1815 ], [ -72.4521, 43.1739 ], [ -72.4529, 43.1716 ], [ -72.4519, 43.1655 ], [ -72.4524, 43.1585 ], [ -72.4521, 43.1532 ], [ -72.4528, 43.1523 ], [ -72.4566, 43.1495 ], [ -72.4574, 43.1475 ], [ -72.4572, 43.1465 ], [ -72.4533, 43.1397 ], [ -72.4521, 43.1386 ], [ -72.4474, 43.137 ], [ -72.4443, 43.1378 ], [ -72.4434, 43.1377 ], [ -72.4408, 43.1366 ], [ -72.4407, 43.1337 ], [ -72.4425, 43.1318 ], [ -72.442, 43.1303 ], [ -72.4423, 43.1293 ], [ -72.4405, 43.1269 ], [ -72.4385, 43.1259 ], [ -72.438, 43.125 ], [ -72.4522, 43.1256 ], [ -72.4717, 43.1258 ], [ -72.4731, 43.1273 ], [ -72.4764, 43.1322 ], [ -72.4774, 43.1361 ], [ -72.4771, 43.138 ] ] ] } },
{ "type": "Feature", "properties": { "GEOIDFQ": "1400000US50025967700", "NAME": "9677", "NAMELSAD": "Census Tract 9677" }, "geometry": { "type": "Polygon", "coordinates": [ [ [ -72.6073, 42.9864 ], [ -72.6059, 42.9908 ], [ -72.5994, 42.9903 ], [ -72.5945, 43.0055 ], [ -72.5932, 43.008 ], [ -72.592, 43.0091 ], [ -72.5883, 43.0235 ], [ -72.5239, 43.022 ], [ -72.4714, 43.0204 ], [ -72.4594, 43.0204 ], [ -72.4583, 43.0186 ], [ -72.4573, 43.0177 ], [ -72.4521, 43.0155 ], [ -72.4499, 43.0138 ], [ -72.4451, 43.0111 ], [ -72.4432, 43.0091 ], [ -72.4433, 43.0076 ], [ -72.4442, 43.0051 ], [ -72.4462, 43.0027 ], [ -72.4484, 43.001 ], [ -72.4501, 43.0001 ], [ -72.4522, 43.0001 ], [ -72.4548, 43.0011 ], [ -72.4563, 43.0012 ], [ -72.4587, 43.0009 ], [ -72.4625, 42.9974 ], [ -72.4646, 42.9938 ], [ -72.4654, 42.9896 ], [ -72.4643, 42.9866 ], [ -72.4618, 42.9842 ], [ -72.4617, 42.9829 ], [ -72.4661, 42.9782 ], [ -72.4699, 42.9758 ], [ -72.4731, 42.9725 ], [ -72.4752, 42.9715 ], [ -72.4763, 42.9715 ], [ -72.4793, 42.9735 ], [ -72.4816, 42.974 ], [ -72.4832, 42.9731 ], [ -72.4856, 42.9724 ], [ -72.4871, 42.9717 ], [ -72.4881, 42.9704 ], [ -72.4889, 42.9703 ], [ -72.4909, 42.969 ], [ -72.4922, 42.9677 ], [ -72.5041, 42.9659 ], [ -72.5054, 42.9654 ], [ -72.5065, 42.9644 ], [ -72.5181, 42.9632 ], [ -72.5207, 42.9617 ], [ -72.5198, 42.9637 ], [ -72.5218, 42.9658 ], [ -72.5705, 42.967 ], [ -72.608, 42.9684 ], [ -72.6073, 42.9864 ] ] ] } },
{ "type": "Feature", "properties": { "GEOIDFQ": "1400000US50025968500", "NAME": "9685", "NAMELSAD": "Census Tract 9685" }, "geometry": { "type": "Polygon", "coordinates": [ [ [ -72.5892, 42.8299 ], [ -72.5867, 42.8309 ], [ -72.5854, 42.8336 ], [ -72.5848, 42.8369 ], [ -72.5832, 42.8389 ], [ -72.5829, 42.8452 ], [ -72.5856, 42.8493 ], [ -72.5852, 42.8501 ], [ -72.5819, 42.8503 ], [ -72.5699, 42.8523 ], [ -72.5664, 42.8523 ], [ -72.564, 42.8532 ], [ -72.5597, 42.8533 ], [ -72.5599, 42.8547 ], [ -72.5565, 42.8554 ], [ -72.557, 42.8541 ], [ -72.5569, 42.8524 ], [ -72.5546, 42.8495 ], [ -72.5524, 42.8457 ], [ -72.549, 42.8429 ], [ -72.5471, 42.8389 ], [ -72.5467, 42.8258 ], [ -72.5463, 42.8242 ], [ -72.5533, 42.824 ], [ -72.5894, 42.8249 ], [ -72.5892, 42.8299 ] ] ] } },
{ "type": "Feature", "properties": { "GEOIDFQ": "1400000US50025968000", "NAME": "9680", "NAMELSAD": "Census Tract 9680" }, "geometry": { "type": "Polygon", "coordinates": [ [ [ -72.9241, 42.8954 ], [ -72.9233, 42.9152 ], [ -72.9238, 42.9274 ], [ -72.8964, 42.9269 ], [ -72.8148, 42.9233 ], [ -72.7977, 42.9223 ], [ -72.8031, 42.8267 ], [ -72.9274, 42.83 ], [ -72.9241, 42.8954 ] ] ] } },
{ "type": "Feature", "properties": { "GEOIDFQ": "1400000US50025968100", "NAME": "9681", "NAMELSAD": "Census Tract 9681" }, "geometry": { "type": "Polygon", "coordinates": [ [ [ -72.9266, 42.8234 ], [ -72.9274, 42.8298 ], [ -72.8031, 42.8267 ], [ -72.8062, 42.7625 ], [ -72.807, 42.7365 ], [ -72.9301, 42.7394 ], [ -72.9266, 42.8234 ] ] ] } },
{ "type": "Feature", "properties": { "GEOIDFQ": "1400000US50003971600", "NAME": "9716", "NAMELSAD": "Census Tract 9716" }, "geometry": { "type": "Polygon", "coordinates": [ [ [ -73.2656, 43.0959 ], [ -73.2592, 43.2168 ], [ -73.2519, 43.217 ], [ -73.179, 43.2146 ], [ -73.1301, 43.2137 ], [ -73.135, 43.1205 ], [ -73.0075, 43.1166 ], [ -73.0062, 43.1159 ], [ -72.9973, 43.1154 ], [ -72.9987, 43.0975 ], [ -72.9983, 43.0966 ], [ -73.0018, 43.0751 ], [ -73.0006, 43.0391 ], [ -73.0006, 43.0236 ], [ -73.0031, 43.0237 ], [ -73.0032, 43.0215 ], [ -73.1377, 43.0257 ], [ -73.1424, 43.0261 ], [ -73.1884, 43.0271 ], [ -73.2327, 43.029 ], [ -73.2701, 43.03 ], [ -73.2656, 43.0959 ] ] ] } },
{ "type": "Feature", "properties": { "GEOIDFQ": "1400000US50003970601", "NAME": "9706.01", "NAMELSAD": "Census Tract 9706.01" }, "geometry": { "type": "Polygon", "coordinates": [ [ [ -73.1498, 42.8838 ], [ -73.1501, 42.8874 ], [ -73.1479, 42.9152 ], [ -73.146, 42.931 ], [ -73.1406, 43.0258 ], [ -73.0032, 43.0215 ], [ -73.0081, 42.9306 ], [ -73.0067, 42.9307 ], [ -72.9238, 42.9274 ], [ -72.9233, 42.9152 ], [ -72.9274, 42.8298 ], [ -72.9266, 42.8234 ], [ -72.9301, 42.7393 ], [ -73.1427, 42.7435 ], [ -73.1371, 42.8356 ], [ -73.1523, 42.8366 ], [ -73.1498, 42.8838 ] ] ] } },
{ "type": "Feature", "properties": { "GEOIDFQ": "1400000US50003970402", "NAME": "9704.02", "NAMELSAD": "Census Tract 9704.02" }, "geometry": { "type": "Polygon", "coordinates": [ [ [ -73.0017, 43.2109 ], [ -73.003, 43.1871 ], [ -73.0102, 43.1804 ], [ -73.0162, 43.1779 ], [ -73.0212, 43.1743 ], [ -73.0222, 43.1739 ], [ -73.0256, 43.1739 ], [ -73.0315, 43.1744 ], [ -73.0368, 43.1738 ], [ -73.0396, 43.1726 ], [ -73.0433, 43.1722 ], [ -73.0484, 43.1731 ], [ -73.0571, 43.1762 ], [ -73.0574, 43.1764 ], [ -73.0569, 43.1769 ], [ -73.0578, 43.1814 ], [ -73.058, 43.1856 ], [ -73.0573, 43.1878 ], [ -73.0559, 43.1897 ], [ -73.0554, 43.1927 ], [ -73.0532, 43.1962 ], [ -73.053, 43.1976 ], [ -73.0538, 43.1984 ], [ -73.0562, 43.1995 ], [ -73.0583, 43.2009 ], [ -73.0606, 43.2059 ], [ -73.0672, 43.2127 ], [ -73.0017, 43.2109 ] ] ] } },
{ "type": "Feature", "properties": { "GEOIDFQ": "1400000US50003971400", "NAME": "9714", "NAMELSAD": "Census Tract 9714" }, "geometry": { "type": "Polygon", "coordinates": [ [ [ -73.2565, 43.2601 ], [ -73.2546, 43.3145 ], [ -73.2208, 43.3131 ], [ -73.1682, 43.3114 ], [ -73.0926, 43.3069 ], [ -73.0468, 43.3071 ], [ -72.9876, 43.305 ], [ -72.9923, 43.2907 ], [ -72.9759, 43.2906 ], [ -72.9796, 43.2096 ], [ -72.9967, 43.2103 ], [ -73.0017, 43.2109 ], [ -73.0952, 43.2133 ], [ -73.1252, 43.2143 ], [ -73.1277, 43.2147 ], [ -73.1278, 43.2136 ], [ -73.1301, 43.2137 ], [ -73.179, 43.2146 ], [ -73.2519, 43.217 ], [ -73.2592, 43.2168 ], [ -73.2588, 43.2274 ], [ -73.2565, 43.2601 ] ] ] } },
{ "type": "Feature", "properties": { "GEOIDFQ": "1400000US50003970401", "NAME": "9704.01", "NAMELSAD": "Census Tract 9704.01" }, "geometry": { "type": "Polygon", "coordinates": [ [ [ -73.1301, 43.2137 ], [ -73.1278, 43.2136 ], [ -73.1277, 43.2147 ], [ -73.1252, 43.2143 ], [ -73.0672, 43.2127 ], [ -73.0606, 43.2059 ], [ -73.0583, 43.2009 ], [ -73.0562, 43.1995 ], [ -73.0538, 43.1984 ], [ -73.053, 43.1976 ], [ -73.0532, 43.1962 ], [ -73.0554, 43.1927 ], [ -73.0559, 43.1897 ], [ -73.0573, 43.1878 ], [ -73.058, 43.1856 ], [ -73.0578, 43.1814 ], [ -73.0569, 43.1769 ], [ -73.0574, 43.1764 ], [ -73.047, 43.1728 ], [ -73.0433, 43.1722 ], [ -73.0415, 43.1722 ], [ -73.0391, 43.1728 ], [ -73.0368, 43.1738 ], [ -73.0313, 43.1745 ], [ -73.0256, 43.1739 ], [ -73.0217, 43.174 ], [ -73.0162, 43.1779 ], [ -73.0102, 43.1804 ], [ -73.003, 43.1871 ], [ -73.0075, 43.1166 ], [ -73.135, 43.1205 ], [ -73.1301, 43.2137 ] ] ] } },
{ "type": "Feature", "properties": { "GEOIDFQ": "1400000US50007003000", "NAME": "30", "NAMELSAD": "Census Tract 30" }, "geometry": { "type": "Polygon", "coordinates": [ [ [ -73.0518, 44.4248 ], [ -73.0423, 44.422 ], [ -73.0334, 44.4264 ], [ -73.0207, 44.4336 ], [ -72.9187, 44.4291 ], [ -72.9272, 44.3992 ], [ -72.9362, 44.3753 ], [ -72.9521, 44.3454 ], [ -73.0328, 44.3625 ], [ -73.0354, 44.375 ], [ -73.0814, 44.3703 ], [ -73.0518, 44.4248 ] ] ] } },
{ "type": "Feature", "properties": { "GEOIDFQ": "1400000US50007003501", "NAME": "35.01", "NAMELSAD": "Census Tract 35.01" }, "geometry": { "type": "Polygon", "coordinates": [ [ [ -73.2387, 44.3535 ], [ -73.1653, 44.3622 ], [ -73.1558, 44.3225 ], [ -73.1452, 44.2734 ], [ -73.1618, 44.2715 ], [ -73.1968, 44.2666 ], [ -73.2438, 44.2623 ], [ -73.2704, 44.2601 ], [ -73.3133, 44.2641 ], [ -73.3109, 44.2743 ], [ -73.3122, 44.2801 ], [ -73.3168, 44.2877 ], [ -73.3222, 44.3015 ], [ -73.323, 44.305 ], [ -73.3242, 44.31 ], [ -73.3245, 44.3192 ], [ -73.3238, 44.3252 ], [ -73.324, 44.3338 ], [ -73.3251, 44.3385 ], [ -73.327, 44.3434 ], [ -73.2387, 44.3535 ] ] ] } },
{ "type": "Feature", "properties": { "GEOIDFQ": "1400000US50027966000", "NAME": "9660", "NAMELSAD": "Census Tract 9660" }, "geometry": { "type": "Polygon", "coordinates": [ [ [ -72.4531, 43.4555 ], [ -72.4516, 43.501 ], [ -72.4503, 43.525 ], [ -72.3964, 43.5196 ], [ -72.3989, 43.5127 ], [ -72.3978, 43.5097 ], [ -72.3966, 43.5084 ], [ -72.388, 43.5031 ], [ -72.3851, 43.5007 ], [ -72.3811, 43.494 ], [ -72.3799, 43.4912 ], [ -72.3805, 43.4867 ], [ -72.3813, 43.4842 ], [ -72.3815, 43.48 ], [ -72.3825, 43.4759 ], [ -72.3848, 43.4735 ], [ -72.3898, 43.4697 ], [ -72.3926, 43.4669 ], [ -72.3927, 43.4654 ], [ -72.3917, 43.4626 ], [ -72.3917, 43.4592 ], [ -72.3903, 43.454 ], [ -72.3903, 43.4516 ], [ -72.3913, 43.4483 ], [ -72.3926, 43.4465 ], [ -72.3936, 43.4445 ], [ -72.3958, 43.4375 ], [ -72.3961, 43.4286 ], [ -72.4057, 43.4301 ], [ -72.4503, 43.4345 ], [ -72.4549, 43.4352 ], [ -72.4531, 43.4555 ] ] ] } },
{ "type": "Feature", "properties": { "GEOIDFQ": "1400000US50023954100", "NAME": "9541", "NAMELSAD": "Census Tract 9541" }, "geometry": { "type": "Polygon", "coordinates": [ [ [ -72.4936, 44.424 ], [ -72.4932, 44.4258 ], [ -72.4851, 44.4368 ], [ -72.4847, 44.4391 ], [ -72.4673, 44.4612 ], [ -72.4428, 44.4941 ], [ -72.4343, 44.5061 ], [ -72.4347, 44.5052 ], [ -72.4263, 44.503 ], [ -72.3259, 44.4645 ], [ -72.3214, 44.4632 ], [ -72.3799, 44.3843 ], [ -72.3832, 44.3808 ], [ -72.4397, 44.3045 ], [ -72.5245, 44.3362 ], [ -72.5462, 44.3436 ], [ -72.5508, 44.3454 ], [ -72.4936, 44.424 ] ] ] } },
{ "type": "Feature", "properties": { "GEOIDFQ": "1400000US50023954300", "NAME": "9543", "NAMELSAD": "Census Tract 9543" }, "geometry": { "type": "Polygon", "coordinates": [ [ [ -72.8306, 44.4154 ], [ -72.8049, 44.4519 ], [ -72.7656, 44.4428 ], [ -72.7166, 44.4238 ], [ -72.6543, 44.3983 ], [ -72.6712, 44.3759 ], [ -72.6632, 44.3728 ], [ -72.6686, 44.3662 ], [ -72.6603, 44.3636 ], [ -72.6717, 44.3474 ], [ -72.6782, 44.3497 ], [ -72.6883, 44.3355 ], [ -72.6954, 44.3245 ], [ -72.7052, 44.3284 ], [ -72.7167, 44.3129 ], [ -72.7183, 44.3134 ], [ -72.7191, 44.3142 ], [ -72.7203, 44.3147 ], [ -72.7234, 44.3146 ], [ -72.7248, 44.315 ], [ -72.7253, 44.3169 ], [ -72.7268, 44.3185 ], [ -72.7334, 44.3224 ], [ -72.735, 44.3227 ], [ -72.7381, 44.3227 ], [ -72.7405, 44.3235 ], [ -72.7421, 44.3263 ], [ -72.7441, 44.3277 ], [ -72.7478, 44.3288 ], [ -72.7528, 44.3284 ], [ -72.7564, 44.3294 ], [ -72.7574, 44.33 ], [ -72.7583, 44.3318 ], [ -72.7591, 44.3325 ], [ -72.7629, 44.3336 ], [ -72.7634, 44.3344 ], [ -72.7639, 44.3378 ], [ -72.7619, 44.3423 ], [ -72.7619, 44.3433 ], [ -72.763, 44.3437 ], [ -72.7668, 44.3442 ], [ -72.7685, 44.3441 ], [ -72.7715, 44.3432 ], [ -72.7727, 44.3436 ], [ -72.7736, 44.3477 ], [ -72.7754, 44.3504 ], [ -72.7776, 44.3517 ], [ -72.7802, 44.3522 ], [ -72.7841, 44.352 ], [ -72.7865, 44.3523 ], [ -72.7942, 44.3548 ], [ -72.7985, 44.3554 ], [ -72.8002, 44.3569 ], [ -72.8012, 44.3588 ], [ -72.803, 44.3601 ], [ -72.8101, 44.3583 ], [ -72.8112, 44.3589 ], [ -72.8119, 44.3598 ], [ -72.8133, 44.3603 ], [ -72.8154, 44.3601 ], [ -72.8162, 44.3599 ], [ -72.8186, 44.3578 ], [ -72.8202, 44.3574 ], [ -72.8229, 44.3574 ], [ -72.8257, 44.3586 ], [ -72.8258, 44.3592 ], [ -72.8024, 44.3886 ], [ -72.8398, 44.4035 ], [ -72.8306, 44.4154 ] ] ] } },
{ "type": "Feature", "properties": { "GEOIDFQ": "1400000US50023954400", "NAME": "9544", "NAMELSAD": "Census Tract 9544" }, "geometry": { "type": "Polygon", "coordinates": [ [ [ -72.8613, 44.3669 ], [ -72.8555, 44.3656 ], [ -72.8499, 44.3631 ], [ -72.8444, 44.3624 ], [ -72.8425, 44.3617 ], [ -72.8392, 44.3611 ], [ -72.8355, 44.36 ], [ -72.8328, 44.3588 ], [ -72.832, 44.3588 ], [ -72.829, 44.3603 ], [ -72.828, 44.3604 ], [ -72.8257, 44.3586 ], [ -72.8229, 44.3574 ], [ -72.8202, 44.3574 ], [ -72.8186, 44.3578 ], [ -72.8162, 44.3599 ], [ -72.8145, 44.3602 ], [ -72.8133, 44.3603 ], [ -72.8119, 44.3598 ], [ -72.8112, 44.3589 ], [ -72.8101, 44.3583 ], [ -72.803, 44.3601 ], [ -72.8012, 44.3588 ], [ -72.8002, 44.3569 ], [ -72.7985, 44.3554 ], [ -72.7942, 44.3548 ], [ -72.7865, 44.3523 ], [ -72.7841, 44.352 ], [ -72.7789, 44.352 ], [ -72.7763, 44.3512 ], [ -72.7754, 44.3504 ], [ -72.7736, 44.3477 ], [ -72.7727, 44.3436 ], [ -72.7715, 44.3432 ], [ -72.7685, 44.3441 ], [ -72.7668, 44.3442 ], [ -72.763, 44.3437 ], [ -72.7619, 44.3433 ], [ -72.7619, 44.3423 ], [ -72.7639, 44.3378 ], [ -72.7634, 44.3344 ], [ -72.7629, 44.3336 ], [ -72.7591, 44.3325 ], [ -72.7583, 44.3318 ], [ -72.7574, 44.33 ], [ -72.7564, 44.3294 ], [ -72.7528, 44.3284 ], [ -72.7478, 44.3288 ], [ -72.7441, 44.3277 ], [ -72.7421, 44.3263 ], [ -72.7405, 44.3235 ], [ -72.7381, 44.3227 ], [ -72.735, 44.3227 ], [ -72.7334, 44.3224 ], [ -72.7278, 44.3193 ], [ -72.7253, 44.3169 ], [ -72.7248, 44.315 ], [ -72.7234, 44.3146 ], [ -72.7203, 44.3147 ], [ -72.7191, 44.3142 ], [ -72.7183, 44.3134 ], [ -72.7149, 44.3126 ], [ -72.7104, 44.3143 ], [ -72.7008, 44.3135 ], [ -72.6956, 44.3105 ], [ -72.6965, 44.3039 ], [ -72.6957, 44.2987 ], [ -72.693, 44.2984 ], [ -72.6913, 44.2977 ], [ -72.6894, 44.2968 ], [ -72.6882, 44.2951 ], [ -72.6867, 44.2941 ], [ -72.6809, 44.2915 ], [ -72.6778, 44.2909 ], [ -72.6768, 44.2915 ], [ -72.675, 44.2916 ], [ -72.6737, 44.291 ], [ -72.673, 44.2899 ], [ -72.6718, 44.2895 ], [ -72.6702, 44.2895 ], [ -72.6695, 44.2887 ], [ -72.6696, 44.2863 ], [ -72.6665, 44.2851 ], [ -72.6642, 44.2833 ], [ -72.6615, 44.2822 ], [ -72.6604, 44.2801 ], [ -72.6606, 44.2762 ], [ -72.6591, 44.2751 ], [ -72.6548, 44.2752 ], [ -72.6532, 44.2757 ], [ -72.6517, 44.2756 ], [ -72.6503, 44.2748 ], [ -72.6439, 44.2736 ], [ -72.6391, 44.272 ], [ -72.6456, 44.2586 ], [ -72.6505, 44.2501 ], [ -72.6837, 44.1853 ], [ -72.7805, 44.2352 ], [ -72.7895, 44.2396 ], [ -72.8215, 44.2501 ], [ -72.8918, 44.2749 ], [ -72.895, 44.2781 ], [ -72.906, 44.2806 ], [ -72.8613, 44.3669 ] ] ] } },
{ "type": "Feature", "properties": { "GEOIDFQ": "1400000US50023955800", "NAME": "9558", "NAMELSAD": "Census Tract 9558" }, "geometry": { "type": "Polygon", "coordinates": [ [ [ -72.895, 44.2781 ], [ -72.8918, 44.2749 ], [ -72.8215, 44.2501 ], [ -72.7895, 44.2396 ], [ -72.8308, 44.1943 ], [ -72.8687, 44.1548 ], [ -72.8919, 44.161 ], [ -72.8933, 44.1651 ], [ -72.9046, 44.1648 ], [ -72.9522, 44.1614 ], [ -72.895, 44.2781 ] ] ] } },
{ "type": "Feature", "properties": { "GEOIDFQ": "1400000US50023955400", "NAME": "9554", "NAMELSAD": "Census Tract 9554" }, "geometry": { "type": "Polygon", "coordinates": [ [ [ -72.5584, 44.1662 ], [ -72.5384, 44.205 ], [ -72.5323, 44.2034 ], [ -72.5339, 44.199 ], [ -72.5277, 44.1975 ], [ -72.528, 44.1965 ], [ -72.5218, 44.195 ], [ -72.5227, 44.1924 ], [ -72.5132, 44.1899 ], [ -72.5143, 44.187 ], [ -72.5037, 44.1843 ], [ -72.5039, 44.1833 ], [ -72.5048, 44.1821 ], [ -72.4998, 44.1811 ], [ -72.4975, 44.1809 ], [ -72.4962, 44.1801 ], [ -72.4941, 44.1827 ], [ -72.4937, 44.1845 ], [ -72.4909, 44.1838 ], [ -72.4895, 44.1844 ], [ -72.4892, 44.1835 ], [ -72.4873, 44.1829 ], [ -72.4858, 44.1852 ], [ -72.4845, 44.1848 ], [ -72.4845, 44.1837 ], [ -72.4824, 44.1821 ], [ -72.4809, 44.1816 ], [ -72.4805, 44.1805 ], [ -72.4786, 44.1805 ], [ -72.4776, 44.18 ], [ -72.4759, 44.1799 ], [ -72.4733, 44.1788 ], [ -72.4732, 44.1781 ], [ -72.4716, 44.1787 ], [ -72.47, 44.1782 ], [ -72.4696, 44.1778 ], [ -72.4698, 44.1757 ], [ -72.4687, 44.1762 ], [ -72.4683, 44.1761 ], [ -72.4678, 44.1751 ], [ -72.4667, 44.1747 ], [ -72.4663, 44.1734 ], [ -72.4634, 44.173 ], [ -72.4628, 44.1719 ], [ -72.4608, 44.1713 ], [ -72.4612, 44.1703 ], [ -72.4608, 44.1697 ], [ -72.4598, 44.1695 ], [ -72.4583, 44.1686 ], [ -72.4573, 44.1673 ], [ -72.4551, 44.1669 ], [ -72.4549, 44.1661 ], [ -72.4539, 44.1655 ], [ -72.4538, 44.1645 ], [ -72.4507, 44.1625 ], [ -72.4506, 44.1614 ], [ -72.4483, 44.1603 ], [ -72.4471, 44.1591 ], [ -72.4455, 44.1584 ], [ -72.4447, 44.1566 ], [ -72.4451, 44.1555 ], [ -72.4445, 44.1547 ], [ -72.4422, 44.1539 ], [ -72.4406, 44.1515 ], [ -72.4399, 44.1516 ], [ -72.4391, 44.1514 ], [ -72.4384, 44.1516 ], [ -72.4374, 44.1512 ], [ -72.4434, 44.1288 ], [ -72.4555, 44.1333 ], [ -72.5597, 44.1629 ], [ -72.5584, 44.1662 ] ] ] } },
{ "type": "Feature", "properties": { "GEOIDFQ": "1400000US50023954600", "NAME": "9546", "NAMELSAD": "Census Tract 9546" }, "geometry": { "type": "Polygon", "coordinates": [ [ [ -72.574, 44.3133 ], [ -72.5718, 44.3126 ], [ -72.573, 44.311 ], [ -72.5748, 44.3108 ], [ -72.5764, 44.3074 ], [ -72.5784, 44.3052 ], [ -72.5788, 44.3032 ], [ -72.5774, 44.3006 ], [ -72.5778, 44.2998 ], [ -72.5793, 44.2987 ], [ -72.5793, 44.2955 ], [ -72.579, 44.2946 ], [ -72.5758, 44.2918 ], [ -72.5761, 44.2889 ], [ -72.5766, 44.2887 ], [ -72.5775, 44.289 ], [ -72.5778, 44.2887 ], [ -72.5773, 44.2865 ], [ -72.5769, 44.2861 ], [ -72.5759, 44.2862 ], [ -72.5742, 44.2873 ], [ -72.5727, 44.287 ], [ -72.5728, 44.286 ], [ -72.572, 44.2855 ], [ -72.5711, 44.2839 ], [ -72.5713, 44.2835 ], [ -72.572, 44.2834 ], [ -72.5722, 44.283 ], [ -72.5705, 44.279 ], [ -72.5706, 44.2785 ], [ -72.5714, 44.278 ], [ -72.5711, 44.2762 ], [ -72.5718, 44.2756 ], [ -72.5718, 44.2746 ], [ -72.5707, 44.2732 ], [ -72.5705, 44.2713 ], [ -72.5688, 44.2692 ], [ -72.5688, 44.2681 ], [ -72.5682, 44.2672 ], [ -72.5688, 44.2655 ], [ -72.572, 44.2632 ], [ -72.5715, 44.2627 ], [ -72.5721, 44.2627 ], [ -72.5744, 44.2611 ], [ -72.5774, 44.258 ], [ -72.579, 44.2595 ], [ -72.5868, 44.262 ], [ -72.5888, 44.2614 ], [ -72.5912, 44.2599 ], [ -72.592, 44.2591 ], [ -72.5931, 44.2565 ], [ -72.5939, 44.2561 ], [ -72.5979, 44.2565 ], [ -72.6006, 44.2564 ], [ -72.6017, 44.2575 ], [ -72.6031, 44.258 ], [ -72.6107, 44.2583 ], [ -72.6123, 44.2588 ], [ -72.574, 44.3133 ] ] ] } },
{ "type": "Feature", "properties": { "GEOIDFQ": "1400000US50023954000", "NAME": "9540", "NAMELSAD": "Census Tract 9540" }, "geometry": { "type": "Polygon", "coordinates": [ [ [ -72.4293, 44.3006 ], [ -72.4397, 44.3045 ], [ -72.3832, 44.3808 ], [ -72.3799, 44.3843 ], [ -72.3214, 44.4632 ], [ -72.3175, 44.4612 ], [ -72.2238, 44.4249 ], [ -72.2231, 44.4238 ], [ -72.2234, 44.4232 ], [ -72.224, 44.4229 ], [ -72.224, 44.4234 ], [ -72.2248, 44.4234 ], [ -72.2249, 44.423 ], [ -72.2262, 44.4223 ], [ -72.2282, 44.4222 ], [ -72.2289, 44.4217 ], [ -72.229, 44.4202 ], [ -72.2282, 44.4193 ], [ -72.2272, 44.4194 ], [ -72.2263, 44.4204 ], [ -72.2252, 44.4207 ], [ -72.225, 44.422 ], [ -72.223, 44.4221 ], [ -72.223, 44.4227 ], [ -72.2223, 44.4227 ], [ -72.2223, 44.4231 ], [ -72.2215, 44.4217 ], [ -72.2211, 44.4216 ], [ -72.2215, 44.422 ], [ -72.2209, 44.4221 ], [ -72.2201, 44.4212 ], [ -72.2206, 44.4207 ], [ -72.2193, 44.4184 ], [ -72.2198, 44.4181 ], [ -72.2208, 44.4184 ], [ -72.2214, 44.4182 ], [ -72.2202, 44.4165 ], [ -72.2209, 44.4161 ], [ -72.2216, 44.4165 ], [ -72.2225, 44.4163 ], [ -72.222, 44.4156 ], [ -72.222, 44.4142 ], [ -72.2203, 44.4136 ], [ -72.2201, 44.4131 ], [ -72.2192, 44.4131 ], [ -72.2185, 44.4121 ], [ -72.2171, 44.4113 ], [ -72.27, 44.3405 ], [ -72.282, 44.3293 ], [ -72.2859, 44.3263 ], [ -72.3168, 44.2988 ], [ -72.3167, 44.2722 ], [ -72.3331, 44.25 ], [ -72.3351, 44.2475 ], [ -72.3369, 44.2462 ], [ -72.3689, 44.2039 ], [ -72.4271, 44.2234 ], [ -72.4802, 44.2339 ], [ -72.4293, 44.3006 ] ] ] } },
{ "type": "Feature", "properties": { "GEOIDFQ": "1400000US50023954700", "NAME": "9547", "NAMELSAD": "Census Tract 9547" }, "geometry": { "type": "Polygon", "coordinates": [ [ [ -72.5774, 44.3006 ], [ -72.5788, 44.3032 ], [ -72.5784, 44.3052 ], [ -72.5764, 44.3074 ], [ -72.5748, 44.3108 ], [ -72.573, 44.311 ], [ -72.5718, 44.3126 ], [ -72.5643, 44.3098 ], [ -72.5719, 44.2997 ], [ -72.5618, 44.2958 ], [ -72.5663, 44.2895 ], [ -72.5612, 44.2876 ], [ -72.5657, 44.2809 ], [ -72.5571, 44.2778 ], [ -72.5587, 44.2755 ], [ -72.5555, 44.2743 ], [ -72.5569, 44.2725 ], [ -72.5555, 44.2719 ], [ -72.5573, 44.2693 ], [ -72.5361, 44.2614 ], [ -72.5405, 44.2554 ], [ -72.5251, 44.2492 ], [ -72.5318, 44.2402 ], [ -72.5334, 44.2413 ], [ -72.5419, 44.2425 ], [ -72.5432, 44.2422 ], [ -72.5445, 44.2414 ], [ -72.5473, 44.2417 ], [ -72.5482, 44.2408 ], [ -72.5496, 44.2402 ], [ -72.5507, 44.2409 ], [ -72.5505, 44.2418 ], [ -72.551, 44.2438 ], [ -72.5484, 44.2465 ], [ -72.5492, 44.2484 ], [ -72.5501, 44.2492 ], [ -72.5533, 44.2503 ], [ -72.5561, 44.2507 ], [ -72.5614, 44.2504 ], [ -72.5641, 44.2498 ], [ -72.5661, 44.2498 ], [ -72.5709, 44.2518 ], [ -72.5694, 44.2527 ], [ -72.57, 44.2533 ], [ -72.567, 44.252 ], [ -72.5658, 44.2537 ], [ -72.5672, 44.2544 ], [ -72.5661, 44.256 ], [ -72.5645, 44.2569 ], [ -72.5631, 44.2564 ], [ -72.5616, 44.2572 ], [ -72.5625, 44.2581 ], [ -72.561, 44.2596 ], [ -72.5603, 44.2593 ], [ -72.5595, 44.2604 ], [ -72.5679, 44.2625 ], [ -72.5715, 44.2627 ], [ -72.572, 44.2632 ], [ -72.5688, 44.2655 ], [ -72.5682, 44.2672 ], [ -72.5688, 44.2681 ], [ -72.5688, 44.2692 ], [ -72.5706, 44.2716 ], [ -72.5707, 44.2732 ], [ -72.5718, 44.2746 ], [ -72.5718, 44.2756 ], [ -72.5711, 44.2762 ], [ -72.5714, 44.278 ], [ -72.5706, 44.2785 ], [ -72.5705, 44.279 ], [ -72.5722, 44.283 ], [ -72.572, 44.2834 ], [ -72.5713, 44.2835 ], [ -72.5711, 44.2839 ], [ -72.572, 44.2855 ], [ -72.5728, 44.286 ], [ -72.5727, 44.287 ], [ -72.5742, 44.2873 ], [ -72.5757, 44.2863 ], [ -72.5766, 44.2861 ], [ -72.5774, 44.2866 ], [ -72.5777, 44.2888 ], [ -72.5773, 44.289 ], [ -72.5766, 44.2887 ], [ -72.5761, 44.2889 ], [ -72.5758, 44.2918 ], [ -72.577, 44.2926 ], [ -72.5791, 44.2948 ], [ -72.5794, 44.2984 ], [ -72.5774, 44.3006 ] ] ] } },
{ "type": "Feature", "properties": { "GEOIDFQ": "1400000US50023954900", "NAME": "9549", "NAMELSAD": "Census Tract 9549" }, "geometry": { "type": "Polygon", "coordinates": [ [ [ -72.601, 44.2565 ], [ -72.5979, 44.2565 ], [ -72.5953, 44.2561 ], [ -72.5934, 44.2562 ], [ -72.5912, 44.2599 ], [ -72.5882, 44.2617 ], [ -72.5859, 44.2618 ], [ -72.5784, 44.2592 ], [ -72.5713, 44.2521 ], [ -72.5678, 44.2503 ], [ -72.5647, 44.2497 ], [ -72.5614, 44.2504 ], [ -72.5561, 44.2507 ], [ -72.5533, 44.2503 ], [ -72.5501, 44.2492 ], [ -72.5492, 44.2484 ], [ -72.5484, 44.2465 ], [ -72.5494, 44.2452 ], [ -72.5508, 44.2443 ], [ -72.5511, 44.2433 ], [ -72.5505, 44.2418 ], [ -72.5507, 44.2409 ], [ -72.5493, 44.2401 ], [ -72.5503, 44.2396 ], [ -72.5519, 44.2379 ], [ -72.5533, 44.236 ], [ -72.5533, 44.2349 ], [ -72.5903, 44.2437 ], [ -72.588, 44.2486 ], [ -72.5979, 44.2507 ], [ -72.6011, 44.252 ], [ -72.602, 44.2533 ], [ -72.601, 44.2565 ] ] ] } },
{ "type": "Feature", "properties": { "GEOIDFQ": "1400000US50023955000", "NAME": "9550", "NAMELSAD": "Census Tract 9550" }, "geometry": { "type": "Polygon", "coordinates": [ [ [ -72.5508, 44.3454 ], [ -72.5245, 44.3362 ], [ -72.4293, 44.3006 ], [ -72.4802, 44.2339 ], [ -72.5186, 44.2414 ], [ -72.5225, 44.2407 ], [ -72.5234, 44.2383 ], [ -72.5246, 44.2379 ], [ -72.5299, 44.2391 ], [ -72.5318, 44.2402 ], [ -72.5251, 44.2492 ], [ -72.5405, 44.2554 ], [ -72.5361, 44.2614 ], [ -72.5573, 44.2693 ], [ -72.5555, 44.2719 ], [ -72.5569, 44.2725 ], [ -72.5555, 44.2743 ], [ -72.5587, 44.2755 ], [ -72.5571, 44.2778 ], [ -72.5657, 44.2809 ], [ -72.5612, 44.2876 ], [ -72.5663, 44.2895 ], [ -72.5618, 44.2958 ], [ -72.5719, 44.2997 ], [ -72.5643, 44.3098 ], [ -72.574, 44.3133 ], [ -72.5508, 44.3454 ] ] ] } },
{ "type": "Feature", "properties": { "GEOIDFQ": "1400000US50023955300", "NAME": "9553", "NAMELSAD": "Census Tract 9553" }, "geometry": { "type": "Polygon", "coordinates": [ [ [ -72.5198, 44.2411 ], [ -72.5186, 44.2414 ], [ -72.4286, 44.2237 ], [ -72.4192, 44.2208 ], [ -72.4374, 44.1512 ], [ -72.4384, 44.1516 ], [ -72.4391, 44.1514 ], [ -72.4399, 44.1516 ], [ -72.4407, 44.1515 ], [ -72.4422, 44.1539 ], [ -72.4441, 44.1545 ], [ -72.445, 44.1553 ], [ -72.4447, 44.1566 ], [ -72.4455, 44.1584 ], [ -72.4471, 44.1591 ], [ -72.4483, 44.1603 ], [ -72.4506, 44.1614 ], [ -72.4507, 44.1625 ], [ -72.4538, 44.1645 ], [ -72.4539, 44.1655 ], [ -72.4549, 44.1661 ], [ -72.4551, 44.1669 ], [ -72.4573, 44.1673 ], [ -72.4583, 44.1686 ], [ -72.4597, 44.1695 ], [ -72.4609, 44.1698 ], [ -72.4612, 44.1703 ], [ -72.4609, 44.1714 ], [ -72.4628, 44.1719 ], [ -72.4639, 44.1733 ], [ -72.4663, 44.1734 ], [ -72.4667, 44.1747 ], [ -72.4678, 44.1751 ], [ -72.4684, 44.1761 ], [ -72.4698, 44.1757 ], [ -72.4698, 44.1781 ], [ -72.4715, 44.1787 ], [ -72.4732, 44.1781 ], [ -72.4733, 44.1788 ], [ -72.4759, 44.1799 ], [ -72.4776, 44.18 ], [ -72.4786, 44.1805 ], [ -72.4804, 44.1804 ], [ -72.481, 44.1817 ], [ -72.4823, 44.182 ], [ -72.4845, 44.1836 ], [ -72.4845, 44.1848 ], [ -72.483, 44.1852 ], [ -72.4869, 44.1897 ], [ -72.4828, 44.1995 ], [ -72.4879, 44.2003 ], [ -72.4877, 44.2008 ], [ -72.4886, 44.2008 ], [ -72.4893, 44.2041 ], [ -72.496, 44.2057 ], [ -72.4922, 44.2139 ], [ -72.4957, 44.2147 ], [ -72.4972, 44.2124 ], [ -72.4981, 44.2126 ], [ -72.4979, 44.2132 ], [ -72.4982, 44.2134 ], [ -72.4972, 44.2151 ], [ -72.5022, 44.2162 ], [ -72.5021, 44.2132 ], [ -72.5031, 44.2114 ], [ -72.5135, 44.2137 ], [ -72.5143, 44.2119 ], [ -72.5327, 44.2162 ], [ -72.5198, 44.2411 ] ] ] } },
{ "type": "Feature", "properties": { "GEOIDFQ": "1400000US50023955100", "NAME": "9551", "NAMELSAD": "Census Tract 9551" }, "geometry": { "type": "Polygon", "coordinates": [ [ [ -72.5325, 44.2161 ], [ -72.5143, 44.2119 ], [ -72.5135, 44.2137 ], [ -72.5031, 44.2114 ], [ -72.5021, 44.2132 ], [ -72.5022, 44.2162 ], [ -72.4972, 44.2151 ], [ -72.4982, 44.2134 ], [ -72.4979, 44.2132 ], [ -72.4981, 44.2126 ], [ -72.4972, 44.2124 ], [ -72.4957, 44.2147 ], [ -72.4922, 44.2139 ], [ -72.496, 44.2057 ], [ -72.4893, 44.2041 ], [ -72.4886, 44.2008 ], [ -72.4877, 44.2008 ], [ -72.4879, 44.2003 ], [ -72.4828, 44.1995 ], [ -72.4869, 44.1897 ], [ -72.483, 44.1852 ], [ -72.4841, 44.1849 ], [ -72.4867, 44.1886 ], [ -72.5017, 44.1976 ], [ -72.5123, 44.2065 ], [ -72.5161, 44.2108 ], [ -72.5189, 44.2112 ], [ -72.5215, 44.2129 ], [ -72.5293, 44.2137 ], [ -72.5317, 44.2135 ], [ -72.5335, 44.2142 ], [ -72.5325, 44.2161 ] ] ] } },
{ "type": "Feature", "properties": { "GEOIDFQ": "1400000US50023955200", "NAME": "9552", "NAMELSAD": "Census Tract 9552" }, "geometry": { "type": "Polygon", "coordinates": [ [ [ -72.5335, 44.2142 ], [ -72.5317, 44.2135 ], [ -72.529, 44.2137 ], [ -72.5211, 44.2128 ], [ -72.5189, 44.2112 ], [ -72.5158, 44.2106 ], [ -72.5123, 44.2065 ], [ -72.51, 44.2049 ], [ -72.5058, 44.2008 ], [ -72.5016, 44.1975 ], [ -72.4867, 44.1886 ], [ -72.4841, 44.1849 ], [ -72.4849, 44.1847 ], [ -72.4858, 44.1852 ], [ -72.4873, 44.1829 ], [ -72.4892, 44.1835 ], [ -72.4895, 44.1844 ], [ -72.4909, 44.1838 ], [ -72.4937, 44.1845 ], [ -72.4941, 44.1827 ], [ -72.4962, 44.1801 ], [ -72.4975, 44.1809 ], [ -72.4998, 44.1811 ], [ -72.5048, 44.1821 ], [ -72.5039, 44.1833 ], [ -72.5037, 44.1843 ], [ -72.5143, 44.187 ], [ -72.5132, 44.1899 ], [ -72.5227, 44.1924 ], [ -72.5218, 44.195 ], [ -72.528, 44.1965 ], [ -72.5277, 44.1975 ], [ -72.5339, 44.199 ], [ -72.5323, 44.2034 ], [ -72.5382, 44.205 ], [ -72.5335, 44.2142 ] ] ] } },
{ "type": "Feature", "properties": { "GEOIDFQ": "1400000US50023955600", "NAME": "9556", "NAMELSAD": "Census Tract 9556" }, "geometry": { "type": "Polygon", "coordinates": [ [ [ -72.9046, 44.1648 ], [ -72.8933, 44.1651 ], [ -72.8919, 44.161 ], [ -72.8716, 44.1557 ], [ -72.8545, 44.1505 ], [ -72.7705, 44.1267 ], [ -72.819, 44.0519 ], [ -72.8487, 44.0605 ], [ -72.8969, 44.0737 ], [ -72.9168, 44.0719 ], [ -72.9218, 44.0947 ], [ -72.9255, 44.1195 ], [ -72.9321, 44.1555 ], [ -72.9341, 44.1628 ], [ -72.9046, 44.1648 ] ] ] } },
{ "type": "Feature", "properties": { "GEOIDFQ": "1400000US50015953000", "NAME": "9530", "NAMELSAD": "Census Tract 9530" }, "geometry": { "type": "Polygon", "coordinates": [ [ [ -72.7923, 44.6943 ], [ -72.7924, 44.6961 ], [ -72.7917, 44.697 ], [ -72.7888, 44.7091 ], [ -72.7794, 44.7438 ], [ -72.7744, 44.7432 ], [ -72.7686, 44.765 ], [ -72.7585, 44.7636 ], [ -72.755, 44.777 ], [ -72.7458, 44.7759 ], [ -72.7468, 44.7901 ], [ -72.7291, 44.804 ], [ -72.6136, 44.8004 ], [ -72.6167, 44.7958 ], [ -72.5979, 44.7871 ], [ -72.5944, 44.7903 ], [ -72.5791, 44.7809 ], [ -72.4229, 44.7246 ], [ -72.4173, 44.7229 ], [ -72.4769, 44.6421 ], [ -72.5932, 44.6846 ], [ -72.5969, 44.6793 ], [ -72.6578, 44.7006 ], [ -72.7069, 44.7185 ], [ -72.74, 44.6712 ], [ -72.7932, 44.6907 ], [ -72.7923, 44.6943 ] ] ] } },
{ "type": "Feature", "properties": { "GEOIDFQ": "1400000US50015953100", "NAME": "9531", "NAMELSAD": "Census Tract 9531" }, "geometry": { "type": "Polygon", "coordinates": [ [ [ -72.9272, 44.6466 ], [ -72.9258, 44.6484 ], [ -72.9226, 44.6501 ], [ -72.921, 44.6493 ], [ -72.9188, 44.6468 ], [ -72.9163, 44.6458 ], [ -72.9135, 44.6458 ], [ -72.9099, 44.6467 ], [ -72.9056, 44.6459 ], [ -72.903, 44.6464 ], [ -72.902, 44.6472 ], [ -72.9001, 44.6506 ], [ -72.8944, 44.6548 ], [ -72.8932, 44.6554 ], [ -72.8919, 44.6557 ], [ -72.8508, 44.7111 ], [ -72.7845, 44.6876 ], [ -72.74, 44.6712 ], [ -72.7636, 44.6373 ], [ -72.7265, 44.6243 ], [ -72.7497, 44.5918 ], [ -72.7503, 44.5902 ], [ -72.7679, 44.5661 ], [ -72.7844, 44.5411 ], [ -72.827, 44.5507 ], [ -72.8584, 44.5797 ], [ -72.91, 44.6312 ], [ -72.9238, 44.6332 ], [ -72.9264, 44.6351 ], [ -72.924, 44.6374 ], [ -72.9265, 44.6403 ], [ -72.9242, 44.641 ], [ -72.9238, 44.6419 ], [ -72.9259, 44.6439 ], [ -72.9273, 44.6457 ], [ -72.9272, 44.6466 ] ] ] } },
{ "type": "Feature", "properties": { "GEOIDFQ": "1400000US50015953400", "NAME": "9534", "NAMELSAD": "Census Tract 9534" }, "geometry": { "type": "Polygon", "coordinates": [ [ [ -72.5665, 44.5202 ], [ -72.5398, 44.5534 ], [ -72.5256, 44.5726 ], [ -72.4828, 44.6341 ], [ -72.3718, 44.5936 ], [ -72.3684, 44.5928 ], [ -72.3718, 44.5882 ], [ -72.3739, 44.5842 ], [ -72.4285, 44.5126 ], [ -72.4298, 44.512 ], [ -72.4673, 44.4612 ], [ -72.4847, 44.4391 ], [ -72.4851, 44.4368 ], [ -72.4932, 44.4258 ], [ -72.4936, 44.424 ], [ -72.5973, 44.4794 ], [ -72.5665, 44.5202 ] ] ] } },
{ "type": "Feature", "properties": { "GEOIDFQ": "1400000US50015953600", "NAME": "9536", "NAMELSAD": "Census Tract 9536" }, "geometry": { "type": "Polygon", "coordinates": [ [ [ -72.8036, 44.5063 ], [ -72.8308, 44.5164 ], [ -72.81, 44.5467 ], [ -72.7844, 44.5411 ], [ -72.7697, 44.5634 ], [ -72.7532, 44.5572 ], [ -72.7519, 44.5589 ], [ -72.7324, 44.5525 ], [ -72.6924, 44.545 ], [ -72.7076, 44.5236 ], [ -72.6867, 44.5155 ], [ -72.5973, 44.4794 ], [ -72.5989, 44.4772 ], [ -72.6003, 44.474 ], [ -72.6543, 44.3983 ], [ -72.7166, 44.4238 ], [ -72.7656, 44.4428 ], [ -72.8383, 44.4593 ], [ -72.8036, 44.5063 ] ] ] } },
{ "type": "Feature", "properties": { "GEOIDFQ": "1400000US50027965000", "NAME": "9650", "NAMELSAD": "Census Tract 9650" }, "geometry": { "type": "Polygon", "coordinates": [ [ [ -72.3428, 43.8055 ], [ -72.3393, 43.8105 ], [ -72.2052, 43.7713 ], [ -72.2059, 43.7704 ], [ -72.2104, 43.768 ], [ -72.2166, 43.7665 ], [ -72.2189, 43.7652 ], [ -72.2208, 43.7629 ], [ -72.2225, 43.7596 ], [ -72.2244, 43.7573 ], [ -72.2266, 43.7554 ], [ -72.2271, 43.7544 ], [ -72.2307, 43.75 ], [ -72.2304, 43.7491 ], [ -72.2309, 43.7482 ], [ -72.2342, 43.746 ], [ -72.2365, 43.7449 ], [ -72.2416, 43.7441 ], [ -72.2467, 43.7425 ], [ -72.2515, 43.7397 ], [ -72.2645, 43.7339 ], [ -72.2659, 43.7338 ], [ -72.269, 43.7343 ], [ -72.2706, 43.7341 ], [ -72.2718, 43.7334 ], [ -72.274, 43.7304 ], [ -72.2757, 43.7271 ], [ -72.2773, 43.7258 ], [ -72.2817, 43.7238 ], [ -72.2829, 43.7222 ], [ -72.2849, 43.7205 ], [ -72.2866, 43.7173 ], [ -72.2895, 43.7148 ], [ -72.2916, 43.7125 ], [ -72.2922, 43.7111 ], [ -72.2949, 43.7089 ], [ -72.2982, 43.7073 ], [ -72.2997, 43.7061 ], [ -72.3, 43.7038 ], [ -72.3018, 43.6997 ], [ -72.3026, 43.6982 ], [ -72.3036, 43.6974 ], [ -72.3051, 43.6953 ], [ -72.3051, 43.6923 ], [ -72.4222, 43.7262 ], [ -72.3428, 43.8055 ] ] ] } },
{ "type": "Feature", "properties": { "GEOIDFQ": "1400000US50013020200", "NAME": "202", "NAMELSAD": "Census Tract 202" }, "geometry": { "type": "Polygon", "coordinates": [ [ [ -73.3873, 44.6237 ], [ -73.3865, 44.6269 ], [ -73.3859, 44.631 ], [ -73.3872, 44.6355 ], [ -73.3868, 44.6364 ], [ -73.3858, 44.6372 ], [ -73.3797, 44.6404 ], [ -73.3786, 44.6415 ], [ -73.3845, 44.6467 ], [ -73.384, 44.6476 ], [ -73.3811, 44.649 ], [ -73.3783, 44.6522 ], [ -73.378, 44.6538 ], [ -73.379, 44.6552 ], [ -73.3791, 44.6568 ], [ -73.3772, 44.6581 ], [ -73.3746, 44.6619 ], [ -73.3731, 44.6627 ], [ -73.3706, 44.6625 ], [ -73.3697, 44.6635 ], [ -73.3701, 44.6661 ], [ -73.3725, 44.6682 ], [ -73.3727, 44.6687 ], [ -73.371, 44.6728 ], [ -73.3718, 44.677 ], [ -73.3711, 44.6775 ], [ -73.3675, 44.6782 ], [ -73.3672, 44.6785 ], [ -73.3674, 44.6813 ], [ -73.3697, 44.6838 ], [ -73.3701, 44.6849 ], [ -73.3653, 44.6875 ], [ -73.3644, 44.6899 ], [ -73.3623, 44.6925 ], [ -73.3613, 44.6945 ], [ -73.3617, 44.6958 ], [ -73.3652, 44.6966 ], [ -73.366, 44.6976 ], [ -73.3653, 44.7033 ], [ -73.3658, 44.7071 ], [ -73.3652, 44.7106 ], [ -73.3655, 44.7192 ], [ -73.3651, 44.7256 ], [ -73.3651, 44.7338 ], [ -73.3658, 44.7411 ], [ -73.3638, 44.7453 ], [ -73.3615, 44.7478 ], [ -73.3577, 44.751 ], [ -73.3544, 44.7553 ], [ -73.352, 44.761 ], [ -73.3478, 44.7578 ], [ -73.346, 44.755 ], [ -73.3451, 44.7543 ], [ -73.3436, 44.7537 ], [ -73.3419, 44.7534 ], [ -73.3315, 44.7533 ], [ -73.3279, 44.7527 ], [ -73.3211, 44.7521 ], [ -73.3167, 44.7512 ], [ -73.3146, 44.7517 ], [ -73.3137, 44.7524 ], [ -73.3123, 44.7552 ], [ -73.3094, 44.7575 ], [ -73.3011, 44.7605 ], [ -73.2968, 44.7631 ], [ -73.2902, 44.766 ], [ -73.2887, 44.7679 ], [ -73.2871, 44.7709 ], [ -73.2863, 44.7719 ], [ -73.2852, 44.7725 ], [ -73.2639, 44.7787 ], [ -73.2573, 44.7819 ], [ -73.2571, 44.7802 ], [ -73.2589, 44.7741 ], [ -73.259, 44.7702 ], [ -73.258, 44.7636 ], [ -73.2571, 44.7614 ], [ -73.2553, 44.7581 ], [ -73.2501, 44.7502 ], [ -73.2289, 44.7229 ], [ -73.2296, 44.7132 ], [ -73.2294, 44.7081 ], [ -73.2285, 44.7031 ], [ -73.2283, 44.691 ], [ -73.2289, 44.6856 ], [ -73.2327, 44.6751 ], [ -73.2336, 44.6716 ], [ -73.2331, 44.6499 ], [ -73.2338, 44.6484 ], [ -73.2355, 44.6471 ], [ -73.2377, 44.6459 ], [ -73.2428, 44.644 ], [ -73.2495, 44.6424 ], [ -73.2511, 44.6415 ], [ -73.2532, 44.6385 ], [ -73.2554, 44.6336 ], [ -73.2563, 44.6297 ], [ -73.2545, 44.6107 ], [ -73.2551, 44.6068 ], [ -73.2573, 44.6027 ], [ -73.2619, 44.5975 ], [ -73.2637, 44.5962 ], [ -73.2699, 44.5929 ], [ -73.2775, 44.5894 ], [ -73.2915, 44.5838 ], [ -73.3031, 44.5797 ], [ -73.3277, 44.5728 ], [ -73.3388, 44.5703 ], [ -73.3629, 44.5643 ], [ -73.3673, 44.5676 ], [ -73.3703, 44.572 ], [ -73.3749, 44.5758 ], [ -73.3757, 44.582 ], [ -73.3778, 44.5851 ], [ -73.3818, 44.5893 ], [ -73.3816, 44.5906 ], [ -73.3779, 44.5938 ], [ -73.3768, 44.5955 ], [ -73.3763, 44.5972 ], [ -73.3768, 44.5996 ], [ -73.3796, 44.6031 ], [ -73.3807, 44.6052 ], [ -73.3829, 44.6122 ], [ -73.3898, 44.6172 ], [ -73.3902, 44.6184 ], [ -73.39, 44.6196 ], [ -73.3873, 44.6237 ] ] ] } },
{ "type": "Feature", "properties": { "GEOIDFQ": "1400000US50013020100", "NAME": "201", "NAMELSAD": "Census Tract 201" }, "geometry": { "type": "Polygon", "coordinates": [ [ [ -73.3795, 44.8517 ], [ -73.3798, 44.857 ], [ -73.3775, 44.8582 ], [ -73.3757, 44.8607 ], [ -73.372, 44.8624 ], [ -73.3691, 44.8667 ], [ -73.3603, 44.8972 ], [ -73.3562, 44.9045 ], [ -73.3537, 44.9073 ], [ -73.3507, 44.9096 ], [ -73.3411, 44.9146 ], [ -73.3394, 44.9165 ], [ -73.339, 44.9177 ], [ -73.3385, 44.9241 ], [ -73.3396, 44.9434 ], [ -73.3379, 44.9605 ], [ -73.3382, 44.9648 ], [ -73.3387, 44.9659 ], [ -73.3447, 44.9705 ], [ -73.3476, 44.973 ], [ -73.3502, 44.9762 ], [ -73.3529, 44.9806 ], [ -73.3541, 44.9841 ], [ -73.3546, 44.9874 ], [ -73.3534, 44.9902 ], [ -73.3509, 44.993 ], [ -73.3502, 44.9943 ], [ -73.3432, 45.0107 ], [ -73.1923, 45.0134 ], [ -73.1964, 45.0058 ], [ -73.2051, 44.9922 ], [ -73.2194, 44.9737 ], [ -73.2247, 44.9649 ], [ -73.2297, 44.9593 ], [ -73.2336, 44.9567 ], [ -73.2382, 44.9541 ], [ -73.2391, 44.9532 ], [ -73.2404, 44.9513 ], [ -73.2409, 44.9489 ], [ -73.2404, 44.9453 ], [ -73.2395, 44.9428 ], [ -73.2379, 44.9406 ], [ -73.2342, 44.937 ], [ -73.2324, 44.9307 ], [ -73.2277, 44.9222 ], [ -73.2261, 44.9196 ], [ -73.2249, 44.9185 ], [ -73.2237, 44.9178 ], [ -73.2159, 44.9153 ], [ -73.2086, 44.9119 ], [ -73.2057, 44.9111 ], [ -73.1953, 44.9106 ], [ -73.193, 44.9092 ], [ -73.1923, 44.9083 ], [ -73.1913, 44.9056 ], [ -73.192, 44.8925 ], [ -73.1934, 44.8878 ], [ -73.1957, 44.883 ], [ -73.1963, 44.8799 ], [ -73.1964, 44.8754 ], [ -73.1969, 44.874 ], [ -73.1983, 44.8718 ], [ -73.202, 44.8681 ], [ -73.2033, 44.866 ], [ -73.2037, 44.8606 ], [ -73.2053, 44.8573 ], [ -73.2071, 44.8519 ], [ -73.2076, 44.8461 ], [ -73.2068, 44.8439 ], [ -73.2039, 44.8401 ], [ -73.2026, 44.8361 ], [ -73.2032, 44.8336 ], [ -73.207, 44.8292 ], [ -73.2076, 44.8255 ], [ -73.2087, 44.8237 ], [ -73.2108, 44.8221 ], [ -73.2169, 44.8206 ], [ -73.2241, 44.8182 ], [ -73.2301, 44.8147 ], [ -73.237, 44.8097 ], [ -73.2429, 44.8033 ], [ -73.2457, 44.7996 ], [ -73.2527, 44.789 ], [ -73.2559, 44.7832 ], [ -73.2586, 44.7811 ], [ -73.2639, 44.7787 ], [ -73.2852, 44.7725 ], [ -73.2863, 44.7719 ], [ -73.2902, 44.766 ], [ -73.2968, 44.7631 ], [ -73.3011, 44.7605 ], [ -73.3094, 44.7575 ], [ -73.3123, 44.7552 ], [ -73.3137, 44.7524 ], [ -73.3146, 44.7517 ], [ -73.3167, 44.7512 ], [ -73.3211, 44.7521 ], [ -73.3279, 44.7527 ], [ -73.3315, 44.7533 ], [ -73.3419, 44.7534 ], [ -73.3451, 44.7543 ], [ -73.3478, 44.7578 ], [ -73.352, 44.761 ], [ -73.3512, 44.7636 ], [ -73.35, 44.7653 ], [ -73.3476, 44.7719 ], [ -73.3462, 44.7742 ], [ -73.3443, 44.7763 ], [ -73.3364, 44.7815 ], [ -73.3348, 44.7833 ], [ -73.3338, 44.7852 ], [ -73.3332, 44.7896 ], [ -73.3337, 44.7979 ], [ -73.335, 44.8041 ], [ -73.3409, 44.8084 ], [ -73.3451, 44.813 ], [ -73.3502, 44.8164 ], [ -73.3535, 44.8204 ], [ -73.3581, 44.8233 ], [ -73.3657, 44.8265 ], [ -73.3683, 44.828 ], [ -73.3713, 44.8307 ], [ -73.3753, 44.8363 ], [ -73.3787, 44.8374 ], [ -73.3795, 44.838 ], [ -73.3799, 44.8406 ], [ -73.3794, 44.8435 ], [ -73.3797, 44.8439 ], [ -73.3813, 44.8447 ], [ -73.3803, 44.8472 ], [ -73.3816, 44.8494 ], [ -73.3795, 44.8517 ] ] ] } },
{ "type": "Feature", "properties": { "GEOIDFQ": "1400000US50023955700", "NAME": "9557", "NAMELSAD": "Census Tract 9557" }, "geometry": { "type": "Polygon", "coordinates": [ [ [ -72.8308, 44.1943 ], [ -72.7895, 44.2396 ], [ -72.7805, 44.2352 ], [ -72.7378, 44.213 ], [ -72.7404, 44.2106 ], [ -72.7484, 44.2012 ], [ -72.7408, 44.1971 ], [ -72.7547, 44.1804 ], [ -72.7511, 44.1777 ], [ -72.7493, 44.1767 ], [ -72.771, 44.1538 ], [ -72.7639, 44.1498 ], [ -72.7831, 44.1303 ], [ -72.8545, 44.1505 ], [ -72.8687, 44.1548 ], [ -72.8308, 44.1943 ] ] ] } },
{ "type": "Feature", "properties": { "GEOIDFQ": "1400000US50023954200", "NAME": "9542", "NAMELSAD": "Census Tract 9542" }, "geometry": { "type": "Polygon", "coordinates": [ [ [ -72.7052, 44.3284 ], [ -72.6954, 44.3245 ], [ -72.6883, 44.3355 ], [ -72.6782, 44.3497 ], [ -72.6717, 44.3474 ], [ -72.6603, 44.3636 ], [ -72.6686, 44.3662 ], [ -72.6632, 44.3728 ], [ -72.6712, 44.3759 ], [ -72.6552, 44.3971 ], [ -72.6023, 44.4711 ], [ -72.6003, 44.474 ], [ -72.5989, 44.4772 ], [ -72.5973, 44.4794 ], [ -72.4936, 44.424 ], [ -72.5729, 44.3152 ], [ -72.6124, 44.2586 ], [ -72.6151, 44.2591 ], [ -72.6264, 44.2639 ], [ -72.6286, 44.2651 ], [ -72.6309, 44.2681 ], [ -72.6324, 44.2695 ], [ -72.636, 44.2709 ], [ -72.6439, 44.2736 ], [ -72.6503, 44.2748 ], [ -72.6517, 44.2756 ], [ -72.6532, 44.2757 ], [ -72.6548, 44.2752 ], [ -72.6591, 44.2751 ], [ -72.6606, 44.2762 ], [ -72.6604, 44.2801 ], [ -72.6615, 44.2822 ], [ -72.6642, 44.2833 ], [ -72.6665, 44.2851 ], [ -72.6696, 44.2863 ], [ -72.6695, 44.2887 ], [ -72.6702, 44.2895 ], [ -72.6718, 44.2895 ], [ -72.673, 44.2899 ], [ -72.6737, 44.291 ], [ -72.675, 44.2916 ], [ -72.6768, 44.2915 ], [ -72.6778, 44.2909 ], [ -72.6809, 44.2915 ], [ -72.6867, 44.2941 ], [ -72.6882, 44.2951 ], [ -72.6894, 44.2968 ], [ -72.6913, 44.2977 ], [ -72.693, 44.2984 ], [ -72.6957, 44.2987 ], [ -72.6965, 44.3039 ], [ -72.6956, 44.3105 ], [ -72.7008, 44.3135 ], [ -72.7104, 44.3143 ], [ -72.7149, 44.3126 ], [ -72.7167, 44.3129 ], [ -72.7052, 44.3284 ] ] ] } },
{ "type": "Feature", "properties": { "GEOIDFQ": "1400000US50023954800", "NAME": "9548", "NAMELSAD": "Census Tract 9548" }, "geometry": { "type": "Polygon", "coordinates": [ [ [ -72.5747, 44.2609 ], [ -72.5721, 44.2627 ], [ -72.5679, 44.2625 ], [ -72.5595, 44.2604 ], [ -72.5603, 44.2593 ], [ -72.561, 44.2596 ], [ -72.5625, 44.2581 ], [ -72.5616, 44.2572 ], [ -72.5631, 44.2564 ], [ -72.5645, 44.2569 ], [ -72.5661, 44.256 ], [ -72.5672, 44.2544 ], [ -72.5658, 44.2537 ], [ -72.5671, 44.252 ], [ -72.57, 44.2533 ], [ -72.5694, 44.2527 ], [ -72.5709, 44.2518 ], [ -72.5773, 44.2581 ], [ -72.5747, 44.2609 ] ] ] } },
{ "type": "Feature", "properties": { "GEOIDFQ": "1400000US50023954500", "NAME": "9545", "NAMELSAD": "Census Tract 9545" }, "geometry": { "type": "Polygon", "coordinates": [ [ [ -72.6505, 44.2501 ], [ -72.6456, 44.2586 ], [ -72.6391, 44.272 ], [ -72.6328, 44.2697 ], [ -72.6309, 44.2681 ], [ -72.6286, 44.2651 ], [ -72.6264, 44.2639 ], [ -72.6151, 44.2591 ], [ -72.6107, 44.2583 ], [ -72.6031, 44.258 ], [ -72.6017, 44.2575 ], [ -72.601, 44.2565 ], [ -72.602, 44.2533 ], [ -72.6011, 44.252 ], [ -72.5979, 44.2507 ], [ -72.588, 44.2486 ], [ -72.5903, 44.2437 ], [ -72.5533, 44.2349 ], [ -72.5533, 44.236 ], [ -72.5519, 44.2379 ], [ -72.5503, 44.2396 ], [ -72.5482, 44.2408 ], [ -72.5473, 44.2417 ], [ -72.5445, 44.2414 ], [ -72.5432, 44.2422 ], [ -72.5419, 44.2425 ], [ -72.5334, 44.2413 ], [ -72.5299, 44.2391 ], [ -72.5246, 44.2379 ], [ -72.5234, 44.2383 ], [ -72.5225, 44.2407 ], [ -72.5198, 44.2411 ], [ -72.564, 44.1548 ], [ -72.5866, 44.1603 ], [ -72.6837, 44.1853 ], [ -72.6505, 44.2501 ] ] ] } },
{ "type": "Feature", "properties": { "GEOIDFQ": "1400000US50009950500", "NAME": "9505", "NAMELSAD": "Census Tract 9505" }, "geometry": { "type": "Polygon", "coordinates": [ [ [ -71.9033, 44.4547 ], [ -71.8567, 44.4963 ], [ -71.8746, 44.5146 ], [ -71.9089, 44.5479 ], [ -71.9006, 44.5555 ], [ -71.8909, 44.5654 ], [ -71.8424, 44.6109 ], [ -71.863, 44.6221 ], [ -71.9102, 44.6468 ], [ -71.8702, 44.6845 ], [ -71.8371, 44.7164 ], [ -71.7566, 44.6761 ], [ -71.6928, 44.6434 ], [ -71.66, 44.6255 ], [ -71.6323, 44.6117 ], [ -71.6247, 44.607 ], [ -71.5813, 44.5843 ], [ -71.5568, 44.5705 ], [ -71.5577, 44.5704 ], [ -71.5591, 44.5685 ], [ -71.5584, 44.5651 ], [ -71.5597, 44.564 ], [ -71.5621, 44.5632 ], [ -71.5695, 44.5629 ], [ -71.5715, 44.5632 ], [ -71.5741, 44.5645 ], [ -71.5769, 44.5652 ], [ -71.5828, 44.5649 ], [ -71.5877, 44.5658 ], [ -71.5912, 44.5653 ], [ -71.5931, 44.5642 ], [ -71.5942, 44.563 ], [ -71.5949, 44.5629 ], [ -71.5946, 44.5626 ], [ -71.597, 44.5595 ], [ -71.5981, 44.5552 ], [ -71.5986, 44.5548 ], [ -71.5869, 44.5472 ], [ -71.5834, 44.5459 ], [ -71.5766, 44.5424 ], [ -71.5723, 44.5387 ], [ -71.5719, 44.5379 ], [ -71.5735, 44.5331 ], [ -71.579, 44.5262 ], [ -71.5807, 44.5246 ], [ -71.5829, 44.5233 ], [ -71.5863, 44.5223 ], [ -71.5888, 44.5225 ], [ -71.5926, 44.5233 ], [ -71.5933, 44.5229 ], [ -71.5941, 44.5216 ], [ -71.5935, 44.5196 ], [ -71.5919, 44.5179 ], [ -71.5863, 44.5147 ], [ -71.5847, 44.5109 ], [ -71.5829, 44.5082 ], [ -71.5809, 44.5068 ], [ -71.5779, 44.5052 ], [ -71.5769, 44.5043 ], [ -71.5766, 44.5035 ], [ -71.577, 44.5021 ], [ -71.5797, 44.5015 ], [ -71.5829, 44.5022 ], [ -71.5847, 44.5032 ], [ -71.5845, 44.504 ], [ -71.5858, 44.5062 ], [ -71.5866, 44.5066 ], [ -71.5881, 44.5066 ], [ -71.5883, 44.5052 ], [ -71.5862, 44.5034 ], [ -71.587, 44.5018 ], [ -71.5859, 44.5 ], [ -71.5859, 44.4994 ], [ -71.5871, 44.4984 ], [ -71.5894, 44.4982 ], [ -71.5897, 44.4997 ], [ -71.591, 44.5011 ], [ -71.5924, 44.5015 ], [ -71.5939, 44.501 ], [ -71.5946, 44.5 ], [ -71.5952, 44.4934 ], [ -71.5978, 44.4898 ], [ -71.5986, 44.4868 ], [ -71.6006, 44.4857 ], [ -71.6095, 44.4842 ], [ -71.6121, 44.4847 ], [ -71.6156, 44.486 ], [ -71.6178, 44.4858 ], [ -71.6194, 44.4845 ], [ -71.6211, 44.4817 ], [ -71.6246, 44.4752 ], [ -71.6262, 44.4745 ], [ -71.6297, 44.4739 ], [ -71.6318, 44.474 ], [ -71.6339, 44.475 ], [ -71.6345, 44.4756 ], [ -71.635, 44.4767 ], [ -71.6342, 44.4788 ], [ -71.6334, 44.4782 ], [ -71.6276, 44.4797 ], [ -71.6263, 44.4802 ], [ -71.6247, 44.4817 ], [ -71.6251, 44.483 ], [ -71.6269, 44.484 ], [ -71.6297, 44.4844 ], [ -71.6319, 44.4842 ], [ -71.6328, 44.4838 ], [ -71.6336, 44.4829 ], [ -71.6337, 44.4812 ], [ -71.6346, 44.4805 ], [ -71.6359, 44.4805 ], [ -71.639, 44.4775 ], [ -71.6423, 44.4765 ], [ -71.6457, 44.4745 ], [ -71.6468, 44.4732 ], [ -71.6476, 44.4716 ], [ -71.647, 44.4699 ], [ -71.6456, 44.4689 ], [ -71.6396, 44.4664 ], [ -71.639, 44.4656 ], [ -71.639, 44.4644 ], [ -71.6408, 44.4623 ], [ -71.6443, 44.4603 ], [ -71.6471, 44.4601 ], [ -71.6517, 44.4609 ], [ -71.6526, 44.4605 ], [ -71.6542, 44.4588 ], [ -71.6564, 44.4552 ], [ -71.6569, 44.4486 ], [ -71.6578, 44.4456 ], [ -71.6589, 44.4426 ], [ -71.6609, 44.4399 ], [ -71.6635, 44.4378 ], [ -71.6655, 44.4367 ], [ -71.6693, 44.4358 ], [ -71.6754, 44.4357 ], [ -71.678, 44.4353 ], [ -71.6793, 44.4343 ], [ -71.676, 44.4289 ], [ -71.677, 44.4268 ], [ -71.6779, 44.4265 ], [ -71.6793, 44.4274 ], [ -71.6803, 44.4277 ], [ -71.6827, 44.4273 ], [ -71.6843, 44.4236 ], [ -71.6888, 44.4217 ], [ -71.6917, 44.4201 ], [ -71.6941, 44.4194 ], [ -71.6964, 44.4174 ], [ -71.7026, 44.4135 ], [ -71.7143, 44.4095 ], [ -71.7171, 44.4098 ], [ -71.7221, 44.4108 ], [ -71.7257, 44.411 ], [ -71.7306, 44.4107 ], [ -71.7323, 44.4102 ], [ -71.7354, 44.41 ], [ -71.737, 44.4092 ], [ -71.7382, 44.4082 ], [ -71.742, 44.4016 ], [ -71.7437, 44.401 ], [ -71.7469, 44.401 ], [ -71.7485, 44.4014 ], [ -71.7561, 44.4064 ], [ -71.762, 44.407 ], [ -71.765, 44.4066 ], [ -71.7674, 44.4057 ], [ -71.773, 44.4029 ], [ -71.7754, 44.4012 ], [ -71.7784, 44.3998 ], [ -71.7856, 44.3998 ], [ -71.7908, 44.4002 ], [ -71.7923, 44.4 ], [ -71.7945, 44.399 ], [ -71.7992, 44.3954 ], [ -71.8022, 44.3935 ], [ -71.8035, 44.3919 ], [ -71.8034, 44.3903 ], [ -71.7999, 44.3861 ], [ -71.8, 44.3849 ], [ -71.8006, 44.384 ], [ -71.8031, 44.3833 ], [ -71.8091, 44.3838 ], [ -71.8132, 44.3827 ], [ -71.8144, 44.3819 ], [ -71.8157, 44.3767 ], [ -71.8157, 44.375 ], [ -71.8126, 44.3726 ], [ -71.8123, 44.3716 ], [ -71.8131, 44.3705 ], [ -71.8159, 44.3686 ], [ -71.8163, 44.3674 ], [ -71.8154, 44.3645 ], [ -71.8126, 44.3584 ], [ -71.8125, 44.3569 ], [ -71.8137, 44.3551 ], [ -71.8176, 44.3534 ], [ -71.8195, 44.3529 ], [ -71.823, 44.3529 ], [ -71.825, 44.3525 ], [ -71.8284, 44.3512 ], [ -71.8337, 44.35 ], [ -71.8379, 44.348 ], [ -71.9332, 44.4411 ], [ -71.9033, 44.4547 ] ] ] } },
{ "type": "Feature", "properties": { "GEOIDFQ": "1400000US50007000200", "NAME": "2", "NAMELSAD": "Census Tract 2" }, "geometry": { "type": "Polygon", "coordinates": [ [ [ -73.275, 44.5077 ], [ -73.2742, 44.5099 ], [ -73.2732, 44.5111 ], [ -73.2734, 44.5117 ], [ -73.273, 44.5121 ], [ -73.2719, 44.5121 ], [ -73.271, 44.5126 ], [ -73.2707, 44.5145 ], [ -73.2693, 44.515 ], [ -73.269, 44.5157 ], [ -73.2694, 44.5198 ], [ -73.2703, 44.5225 ], [ -73.2732, 44.5266 ], [ -73.2736, 44.5284 ], [ -73.2756, 44.5295 ], [ -73.2731, 44.5307 ], [ -73.2713, 44.5281 ], [ -73.271, 44.5266 ], [ -73.2689, 44.5279 ], [ -73.2684, 44.5278 ], [ -73.2645, 44.5215 ], [ -73.2369, 44.5011 ], [ -73.2354, 44.5017 ], [ -73.2307, 44.5023 ], [ -73.2299, 44.5 ], [ -73.2229, 44.491 ], [ -73.2252, 44.4901 ], [ -73.2264, 44.4889 ], [ -73.2269, 44.4875 ], [ -73.2264, 44.4858 ], [ -73.2233, 44.4831 ], [ -73.2266, 44.482 ], [ -73.2318, 44.4815 ], [ -73.2279, 44.4757 ], [ -73.2272, 44.4733 ], [ -73.2267, 44.4615 ], [ -73.2371, 44.4536 ], [ -73.2739, 44.4972 ], [ -73.2736, 44.4994 ], [ -73.2724, 44.5011 ], [ -73.275, 44.503 ], [ -73.2753, 44.5035 ], [ -73.2749, 44.5042 ], [ -73.2764, 44.5049 ], [ -73.277, 44.5061 ], [ -73.275, 44.5077 ] ] ] } },
{ "type": "Feature", "properties": { "GEOIDFQ": "1400000US50007980000", "NAME": "9800", "NAMELSAD": "Census Tract 9800" }, "geometry": { "type": "Polygon", "coordinates": [ [ [ -73.1662, 44.4844 ], [ -73.1625, 44.4854 ], [ -73.1623, 44.4852 ], [ -73.1629, 44.4834 ], [ -73.1625, 44.4821 ], [ -73.1607, 44.4814 ], [ -73.1572, 44.4791 ], [ -73.156, 44.4788 ], [ -73.1496, 44.4789 ], [ -73.1482, 44.4774 ], [ -73.1451, 44.4775 ], [ -73.1433, 44.4762 ], [ -73.1386, 44.4746 ], [ -73.141, 44.4704 ], [ -73.1394, 44.4699 ], [ -73.1402, 44.4685 ], [ -73.1397, 44.4662 ], [ -73.1401, 44.4655 ], [ -73.1394, 44.4654 ], [ -73.139, 44.4642 ], [ -73.136, 44.4622 ], [ -73.1392, 44.4595 ], [ -73.1421, 44.4611 ], [ -73.1423, 44.4609 ], [ -73.1451, 44.4628 ], [ -73.148, 44.4627 ], [ -73.1512, 44.4631 ], [ -73.1512, 44.4633 ], [ -73.1525, 44.4622 ], [ -73.1541, 44.463 ], [ -73.1546, 44.4645 ], [ -73.1533, 44.4647 ], [ -73.1535, 44.4656 ], [ -73.155, 44.4654 ], [ -73.1592, 44.474 ], [ -73.1602, 44.4737 ], [ -73.1607, 44.4747 ], [ -73.1618, 44.4749 ], [ -73.1623, 44.4745 ], [ -73.1629, 44.4747 ], [ -73.1624, 44.4758 ], [ -73.1641, 44.476 ], [ -73.1707, 44.4802 ], [ -73.1707, 44.4807 ], [ -73.1662, 44.4844 ] ] ] } },
{ "type": "Feature", "properties": { "GEOIDFQ": "1400000US50007002701", "NAME": "27.01", "NAMELSAD": "Census Tract 27.01" }, "geometry": { "type": "Polygon", "coordinates": [ [ [ -73.1263, 44.532 ], [ -73.0979, 44.5705 ], [ -73.0546, 44.5636 ], [ -73.0544, 44.5534 ], [ -73.0556, 44.5492 ], [ -73.0565, 44.5416 ], [ -73.0597, 44.537 ], [ -73.0645, 44.5208 ], [ -73.0661, 44.517 ], [ -73.0576, 44.5105 ], [ -73.059, 44.5093 ], [ -73.0596, 44.5093 ], [ -73.0603, 44.5097 ], [ -73.0609, 44.5092 ], [ -73.0628, 44.5089 ], [ -73.0637, 44.5082 ], [ -73.0647, 44.508 ], [ -73.0653, 44.5074 ], [ -73.067, 44.5071 ], [ -73.0671, 44.5065 ], [ -73.0684, 44.5065 ], [ -73.0687, 44.506 ], [ -73.0702, 44.5056 ], [ -73.0705, 44.5047 ], [ -73.0713, 44.5039 ], [ -73.0707, 44.5032 ], [ -73.0718, 44.503 ], [ -73.0713, 44.5027 ], [ -73.0717, 44.5021 ], [ -73.0712, 44.5016 ], [ -73.0717, 44.5005 ], [ -73.0712, 44.4992 ], [ -73.0715, 44.4984 ], [ -73.071, 44.4981 ], [ -73.0709, 44.4963 ], [ -73.0701, 44.4963 ], [ -73.0677, 44.4944 ], [ -73.0667, 44.4931 ], [ -73.0667, 44.4925 ], [ -73.0659, 44.4922 ], [ -73.0654, 44.491 ], [ -73.0644, 44.4911 ], [ -73.0649, 44.4904 ], [ -73.0649, 44.4888 ], [ -73.0641, 44.4888 ], [ -73.0641, 44.4879 ], [ -73.0633, 44.4877 ], [ -73.0632, 44.4866 ], [ -73.0638, 44.4856 ], [ -73.0653, 44.4846 ], [ -73.0659, 44.483 ], [ -73.067, 44.4822 ], [ -73.067, 44.4815 ], [ -73.0664, 44.4813 ], [ -73.0671, 44.4807 ], [ -73.067, 44.4795 ], [ -73.0686, 44.4789 ], [ -73.0731, 44.4822 ], [ -73.0757, 44.4826 ], [ -73.0809, 44.4816 ], [ -73.0837, 44.4789 ], [ -73.0862, 44.4786 ], [ -73.0882, 44.4792 ], [ -73.0887, 44.4797 ], [ -73.0886, 44.4804 ], [ -73.0893, 44.4807 ], [ -73.089, 44.4836 ], [ -73.0866, 44.4835 ], [ -73.0851, 44.487 ], [ -73.0851, 44.4877 ], [ -73.086, 44.4882 ], [ -73.0843, 44.491 ], [ -73.0843, 44.4938 ], [ -73.0815, 44.4975 ], [ -73.0876, 44.4997 ], [ -73.0883, 44.4989 ], [ -73.0957, 44.5018 ], [ -73.0967, 44.5009 ], [ -73.1127, 44.5075 ], [ -73.1166, 44.5061 ], [ -73.1155, 44.5038 ], [ -73.1163, 44.5033 ], [ -73.12, 44.5043 ], [ -73.1224, 44.5018 ], [ -73.1268, 44.5033 ], [ -73.1292, 44.5001 ], [ -73.1309, 44.5018 ], [ -73.1374, 44.5042 ], [ -73.1382, 44.5039 ], [ -73.1357, 44.5029 ], [ -73.1373, 44.5007 ], [ -73.1381, 44.5011 ], [ -73.1412, 44.5003 ], [ -73.1426, 44.4989 ], [ -73.144, 44.4965 ], [ -73.1479, 44.4938 ], [ -73.1473, 44.4928 ], [ -73.1433, 44.492 ], [ -73.143, 44.4913 ], [ -73.1436, 44.4902 ], [ -73.1457, 44.4894 ], [ -73.1507, 44.4889 ], [ -73.154, 44.4879 ], [ -73.1552, 44.4882 ], [ -73.1572, 44.4895 ], [ -73.1584, 44.4898 ], [ -73.1263, 44.532 ] ] ] } },
{ "type": "Feature", "properties": { "GEOIDFQ": "1400000US50007002702", "NAME": "27.02", "NAMELSAD": "Census Tract 27.02" }, "geometry": { "type": "Polygon", "coordinates": [ [ [ -73.0707, 44.5032 ], [ -73.0713, 44.5039 ], [ -73.0705, 44.5047 ], [ -73.0702, 44.5056 ], [ -73.0687, 44.506 ], [ -73.0684, 44.5065 ], [ -73.0671, 44.5065 ], [ -73.067, 44.5071 ], [ -73.0653, 44.5074 ], [ -73.0647, 44.508 ], [ -73.0637, 44.5082 ], [ -73.0628, 44.5089 ], [ -73.0609, 44.5092 ], [ -73.0603, 44.5097 ], [ -73.0596, 44.5093 ], [ -73.059, 44.5093 ], [ -73.0576, 44.5105 ], [ -73.0661, 44.517 ], [ -73.0645, 44.5208 ], [ -73.0597, 44.537 ], [ -73.0565, 44.5416 ], [ -73.0556, 44.5492 ], [ -73.0544, 44.5534 ], [ -73.0546, 44.5636 ], [ -73.0101, 44.5563 ], [ -72.9713, 44.5504 ], [ -73.032, 44.4684 ], [ -73.0355, 44.4707 ], [ -73.0375, 44.4713 ], [ -73.0409, 44.4715 ], [ -73.0457, 44.4708 ], [ -73.048, 44.471 ], [ -73.0494, 44.4721 ], [ -73.0493, 44.4749 ], [ -73.0505, 44.4762 ], [ -73.0513, 44.4762 ], [ -73.0529, 44.4757 ], [ -73.0545, 44.4749 ], [ -73.056, 44.4737 ], [ -73.0572, 44.4734 ], [ -73.059, 44.4749 ], [ -73.0602, 44.4772 ], [ -73.0617, 44.4787 ], [ -73.0635, 44.4792 ], [ -73.067, 44.4782 ], [ -73.0686, 44.4789 ], [ -73.0669, 44.4796 ], [ -73.0671, 44.4806 ], [ -73.0664, 44.4813 ], [ -73.067, 44.4815 ], [ -73.067, 44.4822 ], [ -73.0659, 44.483 ], [ -73.0653, 44.4846 ], [ -73.0638, 44.4856 ], [ -73.0632, 44.4866 ], [ -73.0633, 44.4877 ], [ -73.0641, 44.4879 ], [ -73.0641, 44.4888 ], [ -73.0649, 44.4888 ], [ -73.0649, 44.4904 ], [ -73.0644, 44.4911 ], [ -73.0654, 44.491 ], [ -73.0659, 44.4922 ], [ -73.0667, 44.4925 ], [ -73.0667, 44.4931 ], [ -73.0677, 44.4944 ], [ -73.0701, 44.4963 ], [ -73.0709, 44.4963 ], [ -73.071, 44.4981 ], [ -73.0715, 44.4984 ], [ -73.0712, 44.4992 ], [ -73.0717, 44.5005 ], [ -73.0712, 44.5016 ], [ -73.0717, 44.5021 ], [ -73.0713, 44.5027 ], [ -73.0718, 44.503 ], [ -73.0707, 44.5032 ] ] ] } },
{ "type": "Feature", "properties": { "GEOIDFQ": "1400000US50007000100", "NAME": "1", "NAMELSAD": "Census Tract 1" }, "geometry": { "type": "Polygon", "coordinates": [ [ [ -73.2731, 44.5389 ], [ -73.2716, 44.5395 ], [ -73.2679, 44.5399 ], [ -73.266, 44.5397 ], [ -73.2654, 44.5394 ], [ -73.2641, 44.5371 ], [ -73.2649, 44.5347 ], [ -73.2645, 44.533 ], [ -73.2671, 44.5281 ], [ -73.2663, 44.5259 ], [ -73.2637, 44.524 ], [ -73.261, 44.5232 ], [ -73.2581, 44.5234 ], [ -73.2555, 44.5248 ], [ -73.2553, 44.5232 ], [ -73.2539, 44.522 ], [ -73.2527, 44.5217 ], [ -73.2482, 44.5218 ], [ -73.245, 44.5206 ], [ -73.2402, 44.5167 ], [ -73.2362, 44.5147 ], [ -73.2352, 44.5139 ], [ -73.2334, 44.5098 ], [ -73.2341, 44.5066 ], [ -73.2336, 44.5058 ], [ -73.2313, 44.504 ], [ -73.2307, 44.5023 ], [ -73.2354, 44.5017 ], [ -73.2369, 44.5011 ], [ -73.2645, 44.5215 ], [ -73.2684, 44.5278 ], [ -73.2689, 44.5279 ], [ -73.271, 44.5266 ], [ -73.2713, 44.5281 ], [ -73.2731, 44.5307 ], [ -73.2707, 44.5313 ], [ -73.2702, 44.5325 ], [ -73.2705, 44.5331 ], [ -73.2738, 44.536 ], [ -73.2742, 44.5374 ], [ -73.2731, 44.5389 ] ] ] } },
{ "type": "Feature", "properties": { "GEOIDFQ": "1400000US50007000300", "NAME": "3", "NAMELSAD": "Census Tract 3" }, "geometry": { "type": "Polygon", "coordinates": [ [ [ -73.2533, 44.5245 ], [ -73.2503, 44.5226 ], [ -73.2498, 44.5232 ], [ -73.2499, 44.525 ], [ -73.2486, 44.5266 ], [ -73.2439, 44.5286 ], [ -73.2418, 44.529 ], [ -73.2405, 44.5279 ], [ -73.2399, 44.5249 ], [ -73.2376, 44.5231 ], [ -73.2369, 44.5219 ], [ -73.2377, 44.5197 ], [ -73.2396, 44.5181 ], [ -73.2395, 44.5173 ], [ -73.2383, 44.5164 ], [ -73.235, 44.5153 ], [ -73.2335, 44.5137 ], [ -73.2324, 44.5131 ], [ -73.23, 44.5137 ], [ -73.2283, 44.5158 ], [ -73.2266, 44.5165 ], [ -73.2229, 44.5167 ], [ -73.219, 44.5158 ], [ -73.2187, 44.5153 ], [ -73.2194, 44.5147 ], [ -73.224, 44.5134 ], [ -73.2262, 44.5133 ], [ -73.2273, 44.5128 ], [ -73.2285, 44.5113 ], [ -73.2286, 44.5095 ], [ -73.227, 44.5073 ], [ -73.2244, 44.5059 ], [ -73.2229, 44.5064 ], [ -73.2206, 44.5086 ], [ -73.219, 44.5096 ], [ -73.2172, 44.5101 ], [ -73.2154, 44.5098 ], [ -73.2143, 44.5089 ], [ -73.2135, 44.5069 ], [ -73.2123, 44.5055 ], [ -73.2081, 44.5033 ], [ -73.205, 44.5024 ], [ -73.2036, 44.5014 ], [ -73.2026, 44.5 ], [ -73.2018, 44.4978 ], [ -73.2019, 44.4962 ], [ -73.2031, 44.4944 ], [ -73.2017, 44.4911 ], [ -73.204, 44.4911 ], [ -73.2028, 44.4904 ], [ -73.2024, 44.489 ], [ -73.2055, 44.4897 ], [ -73.2061, 44.4887 ], [ -73.2059, 44.4849 ], [ -73.2223, 44.4844 ], [ -73.2233, 44.4831 ], [ -73.2264, 44.4858 ], [ -73.2269, 44.4875 ], [ -73.2264, 44.4889 ], [ -73.2252, 44.4901 ], [ -73.2229, 44.491 ], [ -73.2299, 44.5 ], [ -73.2313, 44.504 ], [ -73.2338, 44.5061 ], [ -73.2341, 44.5073 ], [ -73.2334, 44.5098 ], [ -73.2352, 44.5139 ], [ -73.2362, 44.5147 ], [ -73.2402, 44.5167 ], [ -73.2462, 44.5212 ], [ -73.2485, 44.5218 ], [ -73.2527, 44.5217 ], [ -73.2544, 44.5223 ], [ -73.2553, 44.5232 ], [ -73.2555, 44.5248 ], [ -73.2533, 44.5245 ] ] ] } },
{ "type": "Feature", "properties": { "GEOIDFQ": "1400000US50007002601", "NAME": "26.01", "NAMELSAD": "Census Tract 26.01" }, "geometry": { "type": "Polygon", "coordinates": [ [ [ -73.1443, 44.4844 ], [ -73.143, 44.4878 ], [ -73.142, 44.4889 ], [ -73.1403, 44.4897 ], [ -73.1396, 44.4907 ], [ -73.1395, 44.4919 ], [ -73.1406, 44.4951 ], [ -73.1406, 44.4965 ], [ -73.1401, 44.4976 ], [ -73.1372, 44.4997 ], [ -73.1373, 44.5007 ], [ -73.1357, 44.5029 ], [ -73.1382, 44.5039 ], [ -73.1374, 44.5042 ], [ -73.1309, 44.5018 ], [ -73.1292, 44.5001 ], [ -73.1268, 44.5033 ], [ -73.1224, 44.5018 ], [ -73.12, 44.5043 ], [ -73.1163, 44.5033 ], [ -73.1155, 44.5038 ], [ -73.1166, 44.5061 ], [ -73.1127, 44.5075 ], [ -73.0967, 44.5009 ], [ -73.1004, 44.4972 ], [ -73.1112, 44.4905 ], [ -73.1153, 44.4834 ], [ -73.1154, 44.4813 ], [ -73.1159, 44.4809 ], [ -73.1191, 44.4796 ], [ -73.1243, 44.4766 ], [ -73.1284, 44.4767 ], [ -73.1326, 44.4747 ], [ -73.1349, 44.4744 ], [ -73.136, 44.4752 ], [ -73.1363, 44.4775 ], [ -73.1368, 44.4781 ], [ -73.1379, 44.4784 ], [ -73.1399, 44.4781 ], [ -73.1413, 44.4783 ], [ -73.1437, 44.4796 ], [ -73.1449, 44.4808 ], [ -73.1443, 44.4844 ] ] ] } },
{ "type": "Feature", "properties": { "GEOIDFQ": "1400000US50007001000", "NAME": "10", "NAMELSAD": "Census Tract 10" }, "geometry": { "type": "Polygon", "coordinates": [ [ [ -73.2266, 44.482 ], [ -73.2249, 44.4827 ], [ -73.2238, 44.4828 ], [ -73.2222, 44.4843 ], [ -73.2205, 44.4821 ], [ -73.2192, 44.482 ], [ -73.219, 44.4803 ], [ -73.2112, 44.4805 ], [ -73.2107, 44.4738 ], [ -73.2139, 44.4736 ], [ -73.2137, 44.4718 ], [ -73.2132, 44.4711 ], [ -73.2152, 44.471 ], [ -73.2142, 44.4554 ], [ -73.224, 44.456 ], [ -73.229, 44.4595 ], [ -73.2267, 44.4615 ], [ -73.2272, 44.4733 ], [ -73.2279, 44.4757 ], [ -73.2318, 44.4815 ], [ -73.2266, 44.482 ] ] ] } }
]
}
