{
"type": "FeatureCollection",
"name": "state_38_tracts_simplified",
"crs": { "type": "name", "properties": { "name": "urn:ogc:def:crs:OGC:1.3:CRS84" } },
"features": [
{ "type": "Feature", "properties": { "GEOIDFQ": "1400000US38017010201", "NAME": "102.01", "NAMELSAD": "Census Tract 102.01" }, "geometry": { "type": "Polygon", "coordinates": [ [ [ -96.9686, 46.8858 ], [ -96.9044, 46.8819 ], [ -96.9049, 46.8808 ], [ -96.9022, 46.8797 ], [ -96.9007, 46.8797 ], [ -96.9005, 46.8791 ], [ -96.9029, 46.8775 ], [ -96.9067, 46.8774 ], [ -96.9084, 46.8756 ], [ -96.9078, 46.8738 ], [ -96.91, 46.873 ], [ -96.907, 46.8718 ], [ -96.9067, 46.8713 ], [ -96.9071, 46.8706 ], [ -96.9092, 46.8706 ], [ -96.9094, 46.8701 ], [ -96.9086, 46.8697 ], [ -96.9077, 46.87 ], [ -96.9068, 46.8699 ], [ -96.9054, 46.8686 ], [ -96.9058, 46.8661 ], [ -96.9073, 46.8644 ], [ -96.9071, 46.863 ], [ -96.9064, 46.8625 ], [ -96.9078, 46.8607 ], [ -96.9053, 46.8564 ], [ -96.905, 46.8552 ], [ -96.9042, 46.8546 ], [ -96.9043, 46.8537 ], [ -96.9049, 46.8524 ], [ -96.9075, 46.8496 ], [ -96.9262, 46.8615 ], [ -96.9262, 46.8618 ], [ -96.9317, 46.8653 ], [ -96.934, 46.8672 ], [ -96.9387, 46.8721 ], [ -96.9434, 46.875 ], [ -96.9465, 46.8762 ], [ -96.9512, 46.8774 ], [ -96.9554, 46.8778 ], [ -96.9686, 46.8777 ], [ -96.9686, 46.8858 ] ] ] } },
{ "type": "Feature", "properties": { "GEOIDFQ": "1400000US38017010303", "NAME": "103.03", "NAMELSAD": "Census Tract 103.03" }, "geometry": { "type": "Polygon", "coordinates": [ [ [ -96.82, 46.8326 ], [ -96.8186, 46.8034 ], [ -96.8252, 46.8035 ], [ -96.8321, 46.804 ], [ -96.839, 46.804 ], [ -96.8403, 46.8327 ], [ -96.82, 46.8326 ] ] ] } },
{ "type": "Feature", "properties": { "GEOIDFQ": "1400000US38017040200", "NAME": "402", "NAMELSAD": "Census Tract 402" }, "geometry": { "type": "Polygon", "coordinates": [ [ [ -97.4507, 47.1066 ], [ -97.4515, 47.2391 ], [ -97.2759, 47.2386 ], [ -96.9421, 47.2388 ], [ -96.8477, 47.2377 ], [ -96.8334, 47.238 ], [ -96.8308, 47.2365 ], [ -96.8293, 47.2349 ], [ -96.8287, 47.2338 ], [ -96.8288, 47.2325 ], [ -96.8294, 47.2317 ], [ -96.8305, 47.2313 ], [ -96.8322, 47.2314 ], [ -96.8346, 47.2339 ], [ -96.8366, 47.235 ], [ -96.8391, 47.2345 ], [ -96.8415, 47.2332 ], [ -96.8425, 47.2321 ], [ -96.8428, 47.231 ], [ -96.8414, 47.2295 ], [ -96.8395, 47.2291 ], [ -96.8365, 47.2295 ], [ -96.8349, 47.2293 ], [ -96.8321, 47.2281 ], [ -96.8315, 47.2267 ], [ -96.832, 47.226 ], [ -96.833, 47.2255 ], [ -96.8384, 47.2244 ], [ -96.8427, 47.2231 ], [ -96.8452, 47.2217 ], [ -96.8458, 47.2203 ], [ -96.845, 47.2186 ], [ -96.844, 47.2179 ], [ -96.8424, 47.2177 ], [ -96.8412, 47.2181 ], [ -96.8404, 47.2187 ], [ -96.8401, 47.2216 ], [ -96.839, 47.2227 ], [ -96.8379, 47.223 ], [ -96.8362, 47.2229 ], [ -96.8347, 47.2224 ], [ -96.8336, 47.2216 ], [ -96.8329, 47.2204 ], [ -96.8332, 47.2193 ], [ -96.8342, 47.2183 ], [ -96.8368, 47.2171 ], [ -96.8372, 47.2159 ], [ -96.8358, 47.2145 ], [ -96.8308, 47.2117 ], [ -96.8303, 47.2103 ], [ -96.8308, 47.2095 ], [ -96.8317, 47.209 ], [ -96.8363, 47.2085 ], [ -96.8372, 47.2073 ], [ -96.8362, 47.2066 ], [ -96.8315, 47.205 ], [ -96.8296, 47.204 ], [ -96.8276, 47.2023 ], [ -96.8273, 47.201 ], [ -96.8279, 47.2002 ], [ -96.8294, 47.2002 ], [ -96.8302, 47.2008 ], [ -96.8316, 47.2032 ], [ -96.8326, 47.2037 ], [ -96.8337, 47.2036 ], [ -96.8396, 47.1982 ], [ -96.8444, 47.1948 ], [ -96.8448, 47.1936 ], [ -96.8444, 47.1922 ], [ -96.8432, 47.1912 ], [ -96.8418, 47.1908 ], [ -96.8402, 47.191 ], [ -96.8395, 47.1923 ], [ -96.8404, 47.1944 ], [ -96.8403, 47.1955 ], [ -96.8393, 47.1964 ], [ -96.838, 47.1965 ], [ -96.8344, 47.1946 ], [ -96.8285, 47.1928 ], [ -96.8264, 47.1915 ], [ -96.8257, 47.1898 ], [ -96.8266, 47.1888 ], [ -96.8329, 47.1876 ], [ -96.8355, 47.1863 ], [ -96.836, 47.1855 ], [ -96.8359, 47.1848 ], [ -96.8346, 47.1837 ], [ -96.8331, 47.1834 ], [ -96.831, 47.1836 ], [ -96.8255, 47.1857 ], [ -96.8242, 47.1859 ], [ -96.8222, 47.1853 ], [ -96.8216, 47.1843 ], [ -96.8218, 47.1831 ], [ -96.8229, 47.1823 ], [ -96.8241, 47.1822 ], [ -96.8266, 47.1824 ], [ -96.8275, 47.182 ], [ -96.8273, 47.1813 ], [ -96.8245, 47.1799 ], [ -96.8243, 47.1788 ], [ -96.825, 47.1779 ], [ -96.8274, 47.1772 ], [ -96.8322, 47.1777 ], [ -96.8332, 47.1773 ], [ -96.8335, 47.1766 ], [ -96.8328, 47.1757 ], [ -96.8305, 47.1743 ], [ -96.8285, 47.1739 ], [ -96.8244, 47.1742 ], [ -96.8232, 47.1739 ], [ -96.8225, 47.1731 ], [ -96.8231, 47.1715 ], [ -96.8251, 47.1691 ], [ -96.8252, 47.1675 ], [ -96.8247, 47.1667 ], [ -96.8239, 47.1662 ], [ -96.8207, 47.1659 ], [ -96.8194, 47.1654 ], [ -96.8189, 47.1646 ], [ -96.8193, 47.1638 ], [ -96.8203, 47.1627 ], [ -96.8226, 47.1615 ], [ -96.8253, 47.161 ], [ -96.8304, 47.1608 ], [ -96.8315, 47.1603 ], [ -96.832, 47.1594 ], [ -96.8317, 47.1587 ], [ -96.8306, 47.1582 ], [ -96.8254, 47.1586 ], [ -96.8236, 47.1583 ], [ -96.8223, 47.1575 ], [ -96.8224, 47.1563 ], [ -96.8231, 47.1556 ], [ -96.8248, 47.1549 ], [ -96.8281, 47.1546 ], [ -96.8318, 47.155 ], [ -96.8349, 47.1565 ], [ -96.8362, 47.1566 ], [ -96.8369, 47.156 ], [ -96.8361, 47.154 ], [ -96.8363, 47.1533 ], [ -96.8373, 47.1528 ], [ -96.8406, 47.1526 ], [ -96.8412, 47.1519 ], [ -96.8406, 47.1508 ], [ -96.837, 47.1486 ], [ -96.8353, 47.1487 ], [ -96.8331, 47.1498 ], [ -96.8321, 47.1497 ], [ -96.8286, 47.1464 ], [ -96.8291, 47.1453 ], [ -96.8334, 47.1448 ], [ -96.8346, 47.1439 ], [ -96.8344, 47.1429 ], [ -96.8337, 47.1422 ], [ -96.8302, 47.1415 ], [ -96.8291, 47.1406 ], [ -96.8278, 47.1372 ], [ -96.8263, 47.1349 ], [ -96.8265, 47.1339 ], [ -96.827, 47.1333 ], [ -96.83, 47.1318 ], [ -96.8306, 47.1312 ], [ -96.8309, 47.1299 ], [ -96.8304, 47.1292 ], [ -96.8284, 47.1285 ], [ -96.8273, 47.1285 ], [ -96.8254, 47.129 ], [ -96.8226, 47.1307 ], [ -96.8219, 47.1309 ], [ -96.8207, 47.1304 ], [ -96.8212, 47.1293 ], [ -96.8232, 47.1283 ], [ -96.8245, 47.1272 ], [ -96.8249, 47.1243 ], [ -96.8258, 47.1231 ], [ -96.8289, 47.1227 ], [ -96.8349, 47.1238 ], [ -96.8367, 47.1234 ], [ -96.8375, 47.1226 ], [ -96.8376, 47.122 ], [ -96.8368, 47.1215 ], [ -96.8331, 47.1204 ], [ -96.8284, 47.1208 ], [ -96.8266, 47.1185 ], [ -96.8233, 47.1175 ], [ -96.8212, 47.1158 ], [ -96.8206, 47.1138 ], [ -96.8227, 47.1106 ], [ -96.8227, 47.1097 ], [ -96.8221, 47.1089 ], [ -96.8203, 47.108 ], [ -96.8184, 47.1084 ], [ -96.8172, 47.1091 ], [ -96.8166, 47.109 ], [ -96.8162, 47.1085 ], [ -96.8157, 47.1047 ], [ -96.8159, 47.1041 ], [ -96.8194, 47.1024 ], [ -96.821, 47.1009 ], [ -96.8208, 47.0996 ], [ -96.8179, 47.0986 ], [ -96.8173, 47.0981 ], [ -96.8171, 47.0972 ], [ -96.8177, 47.0951 ], [ -96.8173, 47.0921 ], [ -96.818, 47.0914 ], [ -96.8192, 47.0911 ], [ -96.8254, 47.0903 ], [ -96.8263, 47.0896 ], [ -96.8264, 47.0889 ], [ -96.8257, 47.0883 ], [ -96.8249, 47.0881 ], [ -96.8217, 47.0895 ], [ -96.8195, 47.0897 ], [ -96.816, 47.0885 ], [ -96.8155, 47.0879 ], [ -96.8157, 47.0873 ], [ -96.8171, 47.0861 ], [ -96.8198, 47.0847 ], [ -96.8204, 47.083 ], [ -96.8188, 47.0813 ], [ -96.8166, 47.0806 ], [ -96.8158, 47.0801 ], [ -96.8158, 47.079 ], [ -96.8167, 47.0785 ], [ -96.8212, 47.0779 ], [ -96.8261, 47.0765 ], [ -96.8293, 47.0746 ], [ -96.8288, 47.0734 ], [ -96.8274, 47.0726 ], [ -96.8268, 47.0726 ], [ -96.826, 47.0732 ], [ -96.8248, 47.0752 ], [ -96.8237, 47.0759 ], [ -96.8219, 47.0763 ], [ -96.8196, 47.0753 ], [ -96.8196, 47.0744 ], [ -96.8202, 47.0735 ], [ -96.8216, 47.0727 ], [ -96.8241, 47.0724 ], [ -96.8245, 47.0715 ], [ -96.8232, 47.0689 ], [ -96.8235, 47.066 ], [ -96.8219, 47.0641 ], [ -96.8204, 47.0631 ], [ -96.8928, 47.0639 ], [ -96.9221, 47.0645 ], [ -96.9221, 47.0354 ], [ -96.9429, 47.0356 ], [ -96.9431, 47.0189 ], [ -96.9428, 47.0052 ], [ -96.9433, 46.9772 ], [ -97.0704, 46.9773 ], [ -97.0695, 47.0649 ], [ -97.0753, 47.0649 ], [ -97.1746, 47.0648 ], [ -97.1907, 47.0644 ], [ -97.3244, 47.0645 ], [ -97.3249, 46.9777 ], [ -97.4519, 46.978 ], [ -97.4507, 47.1066 ] ] ] } },
{ "type": "Feature", "properties": { "GEOIDFQ": "1400000US38017000100", "NAME": "1", "NAMELSAD": "Census Tract 1" }, "geometry": { "type": "Polygon", "coordinates": [ [ [ -96.7829, 46.9137 ], [ -96.7816, 46.9146 ], [ -96.7812, 46.9154 ], [ -96.7822, 46.9165 ], [ -96.7814, 46.9168 ], [ -96.7768, 46.9168 ], [ -96.7767, 46.9257 ], [ -96.7749, 46.9278 ], [ -96.7755, 46.9296 ], [ -96.7749, 46.9305 ], [ -96.7736, 46.9311 ], [ -96.7702, 46.9317 ], [ -96.7676, 46.933 ], [ -96.7645, 46.9338 ], [ -96.7633, 46.9347 ], [ -96.7622, 46.9349 ], [ -96.7617, 46.9346 ], [ -96.7614, 46.9322 ], [ -96.7603, 46.9316 ], [ -96.7575, 46.9308 ], [ -96.7564, 46.9295 ], [ -96.7563, 46.9286 ], [ -96.7574, 46.9277 ], [ -96.7589, 46.9275 ], [ -96.763, 46.9294 ], [ -96.7647, 46.9289 ], [ -96.7654, 46.9284 ], [ -96.7654, 46.9276 ], [ -96.7637, 46.9262 ], [ -96.7617, 46.9258 ], [ -96.7567, 46.9255 ], [ -96.7546, 46.9251 ], [ -96.7528, 46.9241 ], [ -96.7529, 46.9231 ], [ -96.7542, 46.9226 ], [ -96.7569, 46.9225 ], [ -96.7612, 46.924 ], [ -96.7629, 46.9235 ], [ -96.7632, 46.9231 ], [ -96.7625, 46.9207 ], [ -96.7601, 46.9187 ], [ -96.7581, 46.9179 ], [ -96.7558, 46.9165 ], [ -96.7545, 46.915 ], [ -96.7545, 46.9144 ], [ -96.755, 46.9138 ], [ -96.7565, 46.9137 ], [ -96.7577, 46.9145 ], [ -96.759, 46.9164 ], [ -96.7597, 46.9164 ], [ -96.7601, 46.9151 ], [ -96.7625, 46.9142 ], [ -96.7641, 46.9126 ], [ -96.7634, 46.9097 ], [ -96.7651, 46.9054 ], [ -96.7659, 46.9049 ], [ -96.7671, 46.9048 ], [ -96.7696, 46.9064 ], [ -96.7708, 46.9065 ], [ -96.7738, 46.9039 ], [ -96.7734, 46.9028 ], [ -96.7705, 46.9015 ], [ -96.7703, 46.9007 ], [ -96.7713, 46.8999 ], [ -96.7737, 46.8996 ], [ -96.7755, 46.8987 ], [ -96.7766, 46.8959 ], [ -96.7764, 46.8948 ], [ -96.7757, 46.8942 ], [ -96.7704, 46.8936 ], [ -96.7694, 46.8926 ], [ -96.77, 46.8914 ], [ -96.7721, 46.8906 ], [ -96.7739, 46.8903 ], [ -96.7745, 46.8898 ], [ -96.7757, 46.8903 ], [ -96.7832, 46.8903 ], [ -96.7829, 46.9137 ] ] ] } },
{ "type": "Feature", "properties": { "GEOIDFQ": "1400000US38015010100", "NAME": "101", "NAMELSAD": "Census Tract 101" }, "geometry": { "type": "Polygon", "coordinates": [ [ [ -100.7942, 46.8167 ], [ -100.7784, 46.8166 ], [ -100.7786, 46.802 ], [ -100.7833, 46.8018 ], [ -100.7877, 46.8021 ], [ -100.7878, 46.8001 ], [ -100.7944, 46.8002 ], [ -100.7942, 46.8167 ] ] ] } },
{ "type": "Feature", "properties": { "GEOIDFQ": "1400000US38073968900", "NAME": "9689", "NAMELSAD": "Census Tract 9689" }, "geometry": { "type": "Polygon", "coordinates": [ [ [ -97.2799, 46.6293 ], [ -97.2797, 46.5863 ], [ -97.2799, 46.4852 ], [ -97.2803, 46.4393 ], [ -97.2802, 46.3982 ], [ -97.2807, 46.3713 ], [ -97.2805, 46.2824 ], [ -97.4904, 46.2825 ], [ -97.4905, 46.3115 ], [ -97.5114, 46.3115 ], [ -97.5113, 46.3552 ], [ -97.4694, 46.355 ], [ -97.4693, 46.3843 ], [ -97.5112, 46.3842 ], [ -97.511, 46.4132 ], [ -97.5315, 46.4133 ], [ -97.5319, 46.4241 ], [ -97.5313, 46.5148 ], [ -97.5734, 46.5148 ], [ -97.5732, 46.5454 ], [ -97.5737, 46.5872 ], [ -97.6263, 46.5871 ], [ -97.6265, 46.6161 ], [ -97.6371, 46.6161 ], [ -97.6372, 46.6298 ], [ -97.2799, 46.6293 ] ] ] } },
{ "type": "Feature", "properties": { "GEOIDFQ": "1400000US38055961001", "NAME": "9610.01", "NAMELSAD": "Census Tract 9610.01" }, "geometry": { "type": "Polygon", "coordinates": [ [ [ -101.8215, 47.7318 ], [ -101.8204, 47.759 ], [ -101.821, 47.8476 ], [ -101.6146, 47.8477 ], [ -101.4005, 47.8483 ], [ -101.2362, 47.8482 ], [ -101.1264, 47.8486 ], [ -101.0031, 47.8482 ], [ -101.0004, 47.8484 ], [ -100.9713, 47.8487 ], [ -100.9712, 47.8482 ], [ -100.9491, 47.8482 ], [ -100.8859, 47.8483 ], [ -100.7142, 47.8478 ], [ -100.5852, 47.8478 ], [ -100.5854, 47.7899 ], [ -100.5849, 47.7333 ], [ -100.5852, 47.732 ], [ -100.5851, 47.6741 ], [ -100.609, 47.6741 ], [ -100.6115, 47.674 ], [ -100.6119, 47.6738 ], [ -100.6134, 47.6741 ], [ -100.6528, 47.6741 ], [ -100.6595, 47.6743 ], [ -100.6724, 47.674 ], [ -100.6731, 47.5021 ], [ -100.6804, 47.5021 ], [ -100.6814, 47.5018 ], [ -100.6944, 47.502 ], [ -100.7905, 47.5016 ], [ -100.81, 47.5018 ], [ -100.8136, 47.5029 ], [ -100.817, 47.5018 ], [ -100.9079, 47.5019 ], [ -100.9079, 47.4877 ], [ -100.9075, 47.4867 ], [ -100.9059, 47.4857 ], [ -100.9072, 47.4844 ], [ -100.9079, 47.4827 ], [ -100.9078, 47.4634 ], [ -100.9084, 47.4617 ], [ -100.9098, 47.4601 ], [ -100.9084, 47.4592 ], [ -100.9078, 47.4584 ], [ -100.9111, 47.4583 ], [ -100.9117, 47.4591 ], [ -100.9137, 47.4585 ], [ -100.9161, 47.4584 ], [ -101.0997, 47.4585 ], [ -101.0996, 47.502 ], [ -101.1018, 47.502 ], [ -101.1002, 47.5025 ], [ -101.0996, 47.5035 ], [ -101.0999, 47.5607 ], [ -101.099, 47.5624 ], [ -101.0954, 47.5653 ], [ -101.0944, 47.5685 ], [ -101.0995, 47.5696 ], [ -101.1465, 47.5889 ], [ -101.3563, 47.5889 ], [ -101.4174, 47.5547 ], [ -101.4214, 47.558 ], [ -101.428, 47.562 ], [ -101.4365, 47.5642 ], [ -101.4465, 47.5644 ], [ -101.4542, 47.5632 ], [ -101.4732, 47.557 ], [ -101.4797, 47.5554 ], [ -101.4877, 47.556 ], [ -101.4909, 47.5567 ], [ -101.4987, 47.5564 ], [ -101.5125, 47.551 ], [ -101.529, 47.5473 ], [ -101.5371, 47.5459 ], [ -101.55, 47.5428 ], [ -101.5536, 47.5414 ], [ -101.5557, 47.5398 ], [ -101.561, 47.5379 ], [ -101.5645, 47.5375 ], [ -101.571, 47.5356 ], [ -101.5779, 47.5341 ], [ -101.6114, 47.5288 ], [ -101.6183, 47.5286 ], [ -101.6254, 47.5288 ], [ -101.6266, 47.5291 ], [ -101.6308, 47.5286 ], [ -101.635, 47.5276 ], [ -101.6379, 47.5276 ], [ -101.6417, 47.5284 ], [ -101.6647, 47.5346 ], [ -101.6747, 47.5365 ], [ -101.6854, 47.538 ], [ -101.6976, 47.539 ], [ -101.7075, 47.5383 ], [ -101.7135, 47.5369 ], [ -101.6989, 47.5602 ], [ -101.6948, 47.561 ], [ -101.6947, 47.5885 ], [ -101.8221, 47.5885 ], [ -101.8223, 47.68 ], [ -101.8215, 47.7318 ] ] ] } },
{ "type": "Feature", "properties": { "GEOIDFQ": "1400000US38055940100", "NAME": "9401", "NAMELSAD": "Census Tract 9401" }, "geometry": { "type": "Polygon", "coordinates": [ [ [ -102.3856, 47.8478 ], [ -102.2525, 47.8475 ], [ -102.1506, 47.8477 ], [ -101.821, 47.8476 ], [ -101.8204, 47.759 ], [ -101.8215, 47.7318 ], [ -101.8221, 47.7028 ], [ -101.8221, 47.5885 ], [ -101.6947, 47.5885 ], [ -101.6948, 47.561 ], [ -101.6989, 47.5602 ], [ -101.7135, 47.5369 ], [ -101.7337, 47.5322 ], [ -101.7418, 47.5292 ], [ -101.7897, 47.5061 ], [ -101.7975, 47.5038 ], [ -101.8045, 47.5 ], [ -101.8138, 47.4965 ], [ -101.8238, 47.4944 ], [ -101.8261, 47.4944 ], [ -101.8328, 47.4948 ], [ -101.8348, 47.4952 ], [ -101.8537, 47.5011 ], [ -101.8673, 47.5041 ], [ -101.87, 47.5044 ], [ -101.8754, 47.5042 ], [ -101.8792, 47.5036 ], [ -101.8846, 47.5036 ], [ -101.8883, 47.504 ], [ -101.892, 47.5051 ], [ -101.9237, 47.5233 ], [ -101.9344, 47.5289 ], [ -101.9464, 47.5338 ], [ -101.9628, 47.5379 ], [ -101.9723, 47.5389 ], [ -101.9905, 47.5393 ], [ -102.0004, 47.5387 ], [ -102.011, 47.5365 ], [ -102.0183, 47.5359 ], [ -102.0203, 47.5362 ], [ -102.0262, 47.5379 ], [ -102.0284, 47.5389 ], [ -102.0302, 47.5402 ], [ -102.0316, 47.5419 ], [ -102.0319, 47.5438 ], [ -102.0305, 47.5472 ], [ -102.0225, 47.5566 ], [ -102.0216, 47.5596 ], [ -102.0221, 47.5611 ], [ -102.0236, 47.5633 ], [ -102.0267, 47.5661 ], [ -102.0292, 47.5695 ], [ -102.0312, 47.5708 ], [ -102.0366, 47.5727 ], [ -102.0391, 47.5729 ], [ -102.0425, 47.5726 ], [ -102.051, 47.5703 ], [ -102.0597, 47.5694 ], [ -102.0622, 47.5694 ], [ -102.0674, 47.5704 ], [ -102.0762, 47.5738 ], [ -102.0822, 47.5746 ], [ -102.0856, 47.5745 ], [ -102.0888, 47.5742 ], [ -102.0999, 47.5711 ], [ -102.1043, 47.5704 ], [ -102.1125, 47.5696 ], [ -102.1169, 47.5699 ], [ -102.1205, 47.5698 ], [ -102.1231, 47.5696 ], [ -102.1254, 47.5689 ], [ -102.1254, 47.5698 ], [ -102.1355, 47.5676 ], [ -102.1431, 47.567 ], [ -102.1493, 47.567 ], [ -102.156, 47.5656 ], [ -102.1587, 47.5653 ], [ -102.1613, 47.5654 ], [ -102.1668, 47.5664 ], [ -102.1827, 47.5678 ], [ -102.1935, 47.5706 ], [ -102.1962, 47.5716 ], [ -102.2008, 47.5724 ], [ -102.2033, 47.5733 ], [ -102.2071, 47.5757 ], [ -102.2115, 47.5789 ], [ -102.2173, 47.5841 ], [ -102.2219, 47.5873 ], [ -102.2239, 47.5896 ], [ -102.2265, 47.5939 ], [ -102.2315, 47.5983 ], [ -102.2479, 47.608 ], [ -102.2521, 47.6099 ], [ -102.2568, 47.6132 ], [ -102.2625, 47.6179 ], [ -102.265, 47.622 ], [ -102.2655, 47.6243 ], [ -102.2639, 47.6306 ], [ -102.2635, 47.637 ], [ -102.2644, 47.6489 ], [ -102.266, 47.6558 ], [ -102.2662, 47.6597 ], [ -102.2656, 47.6658 ], [ -102.2631, 47.6767 ], [ -102.2642, 47.6954 ], [ -102.2626, 47.7031 ], [ -102.2617, 47.7102 ], [ -102.2613, 47.7232 ], [ -102.262, 47.7253 ], [ -102.2632, 47.7271 ], [ -102.2651, 47.728 ], [ -102.2726, 47.7304 ], [ -102.2762, 47.732 ], [ -102.2821, 47.7356 ], [ -102.2842, 47.7377 ], [ -102.2859, 47.74 ], [ -102.2878, 47.7439 ], [ -102.2896, 47.75 ], [ -102.2906, 47.751 ], [ -102.2913, 47.7528 ], [ -102.2913, 47.7538 ], [ -102.2908, 47.7551 ], [ -102.2895, 47.7562 ], [ -102.2859, 47.7571 ], [ -102.2731, 47.756 ], [ -102.2707, 47.7563 ], [ -102.2675, 47.7576 ], [ -102.2627, 47.7606 ], [ -102.2613, 47.7621 ], [ -102.2594, 47.7655 ], [ -102.2584, 47.7677 ], [ -102.258, 47.7698 ], [ -102.2579, 47.7739 ], [ -102.2583, 47.7762 ], [ -102.2597, 47.7796 ], [ -102.261, 47.7814 ], [ -102.2636, 47.7826 ], [ -102.2717, 47.7854 ], [ -102.2891, 47.7878 ], [ -102.2949, 47.7891 ], [ -102.3076, 47.7929 ], [ -102.3109, 47.7944 ], [ -102.3194, 47.7974 ], [ -102.3256, 47.7991 ], [ -102.3356, 47.8011 ], [ -102.3426, 47.8007 ], [ -102.3471, 47.7992 ], [ -102.3496, 47.7979 ], [ -102.3521, 47.7964 ], [ -102.3563, 47.7927 ], [ -102.3603, 47.788 ], [ -102.3685, 47.7751 ], [ -102.3717, 47.7673 ], [ -102.3755, 47.7635 ], [ -102.3858, 47.758 ], [ -102.3856, 47.8478 ] ] ] } },
{ "type": "Feature", "properties": { "GEOIDFQ": "1400000US38007963100", "NAME": "9631", "NAMELSAD": "Census Tract 9631" }, "geometry": { "type": "Polygon", "coordinates": [ [ [ -103.6667, 47.3293 ], [ -103.6095, 47.3288 ], [ -103.6094, 47.3285 ], [ -103.5596, 47.3284 ], [ -103.482, 47.3288 ], [ -103.3717, 47.3285 ], [ -103.2866, 47.3288 ], [ -103.2657, 47.3284 ], [ -103.1237, 47.3288 ], [ -103.0324, 47.3287 ], [ -103.0328, 47.241 ], [ -103.0325, 47.1976 ], [ -103.0329, 47.1833 ], [ -103.033, 47.1397 ], [ -103.0327, 47.0671 ], [ -103.0331, 47.0437 ], [ -103.0327, 47.0305 ], [ -103.0327, 46.9806 ], [ -103.2311, 46.9803 ], [ -103.2317, 46.6297 ], [ -103.2504, 46.6299 ], [ -103.4683, 46.6302 ], [ -103.5112, 46.6298 ], [ -103.6093, 46.6298 ], [ -103.609, 46.7165 ], [ -103.6096, 46.7599 ], [ -103.609, 46.9474 ], [ -103.6096, 46.9799 ], [ -103.6671, 46.9798 ], [ -103.6673, 47.0519 ], [ -103.6668, 47.153 ], [ -103.667, 47.2544 ], [ -103.6675, 47.2801 ], [ -103.6667, 47.3293 ] ] ] } },
{ "type": "Feature", "properties": { "GEOIDFQ": "1400000US38045972200", "NAME": "9722", "NAMELSAD": "Census Tract 9722" }, "geometry": { "type": "Polygon", "coordinates": [ [ [ -99.0365, 46.5442 ], [ -99.0366, 46.6302 ], [ -99.0333, 46.6306 ], [ -98.3268, 46.6312 ], [ -98.3273, 46.5668 ], [ -98.3272, 46.4423 ], [ -98.3691, 46.4424 ], [ -98.3688, 46.3709 ], [ -98.3694, 46.3555 ], [ -98.369, 46.283 ], [ -98.6607, 46.2829 ], [ -98.6719, 46.2826 ], [ -98.8287, 46.283 ], [ -98.8496, 46.283 ], [ -98.8588, 46.2828 ], [ -99.0373, 46.2829 ], [ -99.0375, 46.3448 ], [ -99.0365, 46.5442 ] ] ] } },
{ "type": "Feature", "properties": { "GEOIDFQ": "1400000US38045972100", "NAME": "9721", "NAMELSAD": "Census Tract 9721" }, "geometry": { "type": "Polygon", "coordinates": [ [ [ -98.3688, 46.3709 ], [ -98.3691, 46.4424 ], [ -98.3272, 46.4423 ], [ -98.3273, 46.5668 ], [ -98.3268, 46.6312 ], [ -98.0339, 46.6307 ], [ -98.0335, 46.5436 ], [ -98.0341, 46.4446 ], [ -98.0347, 46.4204 ], [ -98.0344, 46.4183 ], [ -98.0345, 46.384 ], [ -98.0349, 46.3689 ], [ -98.0346, 46.2827 ], [ -98.369, 46.283 ], [ -98.3694, 46.356 ], [ -98.3688, 46.3709 ] ] ] } },
{ "type": "Feature", "properties": { "GEOIDFQ": "1400000US38067950500", "NAME": "9505", "NAMELSAD": "Census Tract 9505" }, "geometry": { "type": "Polygon", "coordinates": [ [ [ -97.5573, 48.7027 ], [ -97.5573, 48.7164 ], [ -97.5567, 48.7186 ], [ -97.557, 48.7473 ], [ -97.5567, 48.7903 ], [ -97.5348, 48.7899 ], [ -97.3346, 48.79 ], [ -97.2958, 48.7898 ], [ -97.292, 48.7893 ], [ -97.2912, 48.7899 ], [ -97.2068, 48.7895 ], [ -97.1846, 48.7891 ], [ -97.174, 48.7891 ], [ -97.1734, 48.7894 ], [ -97.1639, 48.7891 ], [ -97.1576, 48.7875 ], [ -97.1596, 48.7855 ], [ -97.1598, 48.7843 ], [ -97.1589, 48.7833 ], [ -97.157, 48.7825 ], [ -97.1553, 48.7823 ], [ -97.1496, 48.7825 ], [ -97.1476, 48.7815 ], [ -97.1473, 48.7803 ], [ -97.1486, 48.7792 ], [ -97.1575, 48.7769 ], [ -97.159, 48.7757 ], [ -97.1589, 48.7745 ], [ -97.1577, 48.7734 ], [ -97.1532, 48.7727 ], [ -97.1517, 48.7719 ], [ -97.1501, 48.7693 ], [ -97.1459, 48.7656 ], [ -97.1455, 48.7648 ], [ -97.1456, 48.7635 ], [ -97.1468, 48.7619 ], [ -97.1523, 48.7598 ], [ -97.1544, 48.7582 ], [ -97.1548, 48.7565 ], [ -97.1538, 48.754 ], [ -97.1515, 48.7513 ], [ -97.1491, 48.7504 ], [ -97.1456, 48.7503 ], [ -97.1422, 48.7509 ], [ -97.1405, 48.7509 ], [ -97.1389, 48.7505 ], [ -97.1375, 48.7496 ], [ -97.1362, 48.7464 ], [ -97.1367, 48.7425 ], [ -97.1384, 48.7402 ], [ -97.1417, 48.738 ], [ -97.1422, 48.7372 ], [ -97.1421, 48.7362 ], [ -97.1411, 48.7352 ], [ -97.1388, 48.7343 ], [ -97.1323, 48.7345 ], [ -97.1303, 48.7342 ], [ -97.1288, 48.7332 ], [ -97.1283, 48.7321 ], [ -97.1288, 48.7307 ], [ -97.1299, 48.7297 ], [ -97.1316, 48.7292 ], [ -97.1364, 48.7285 ], [ -97.1376, 48.7276 ], [ -97.1374, 48.7266 ], [ -97.1361, 48.7255 ], [ -97.1272, 48.7216 ], [ -97.1255, 48.7205 ], [ -97.1235, 48.7181 ], [ -97.1215, 48.7136 ], [ -97.1194, 48.7116 ], [ -97.1169, 48.7105 ], [ -97.1121, 48.7093 ], [ -97.1101, 48.708 ], [ -97.1101, 48.7065 ], [ -97.1113, 48.7057 ], [ -97.1174, 48.705 ], [ -97.1203, 48.704 ], [ -97.1207, 48.7026 ], [ -97.1199, 48.7012 ], [ -97.1152, 48.6976 ], [ -97.1108, 48.6926 ], [ -97.1087, 48.691 ], [ -97.1054, 48.6896 ], [ -97.0934, 48.6866 ], [ -97.0913, 48.6856 ], [ -97.0903, 48.6844 ], [ -97.0908, 48.6829 ], [ -97.0924, 48.6821 ], [ -97.0946, 48.6821 ], [ -97.0984, 48.6834 ], [ -97.1002, 48.6832 ], [ -97.1013, 48.6823 ], [ -97.1019, 48.6808 ], [ -97.1001, 48.6711 ], [ -97.1003, 48.6689 ], [ -97.101, 48.6678 ], [ -97.1024, 48.6668 ], [ -97.1045, 48.666 ], [ -97.108, 48.6652 ], [ -97.1092, 48.6643 ], [ -97.109, 48.6633 ], [ -97.108, 48.6627 ], [ -97.1065, 48.6625 ], [ -97.103, 48.6628 ], [ -97.1007, 48.6627 ], [ -97.0993, 48.6621 ], [ -97.0987, 48.661 ], [ -97.0997, 48.6587 ], [ -97.1059, 48.6536 ], [ -97.1068, 48.6516 ], [ -97.107, 48.6493 ], [ -97.1079, 48.6479 ], [ -97.1102, 48.6464 ], [ -97.1147, 48.6454 ], [ -97.1157, 48.6446 ], [ -97.1153, 48.6432 ], [ -97.1115, 48.6407 ], [ -97.1099, 48.6385 ], [ -97.109, 48.6341 ], [ -97.1094, 48.6325 ], [ -97.1118, 48.6308 ], [ -97.1147, 48.6303 ], [ -97.1176, 48.6311 ], [ -97.1221, 48.6334 ], [ -97.126, 48.6341 ], [ -97.1277, 48.6339 ], [ -97.1297, 48.6331 ], [ -97.1311, 48.6315 ], [ -97.1311, 48.6298 ], [ -97.1296, 48.6279 ], [ -97.1247, 48.6251 ], [ -97.1201, 48.6217 ], [ -97.1192, 48.6197 ], [ -97.1195, 48.6186 ], [ -97.1204, 48.618 ], [ -97.1217, 48.6179 ], [ -97.1237, 48.6181 ], [ -97.1255, 48.619 ], [ -97.1278, 48.6212 ], [ -97.1296, 48.6224 ], [ -97.1316, 48.6229 ], [ -97.1339, 48.6228 ], [ -97.1352, 48.6221 ], [ -97.1353, 48.6209 ], [ -97.1344, 48.62 ], [ -97.1308, 48.6181 ], [ -97.1296, 48.6168 ], [ -97.1288, 48.6152 ], [ -97.1296, 48.6137 ], [ -97.1308, 48.6132 ], [ -97.1323, 48.6131 ], [ -97.1381, 48.6147 ], [ -97.1438, 48.6148 ], [ -97.148, 48.6138 ], [ -97.1498, 48.6127 ], [ -97.1506, 48.6117 ], [ -97.1508, 48.6106 ], [ -97.1503, 48.6097 ], [ -97.1491, 48.6087 ], [ -97.1477, 48.6082 ], [ -97.1447, 48.6079 ], [ -97.1375, 48.6089 ], [ -97.1352, 48.6083 ], [ -97.1343, 48.6074 ], [ -97.1351, 48.6061 ], [ -97.1389, 48.6038 ], [ -97.1422, 48.5997 ], [ -97.1438, 48.5984 ], [ -97.1461, 48.5978 ], [ -97.1498, 48.5981 ], [ -97.1514, 48.598 ], [ -97.1522, 48.5977 ], [ -97.1528, 48.5964 ], [ -97.154, 48.5954 ], [ -97.1535, 48.5944 ], [ -97.1523, 48.5938 ], [ -97.1452, 48.5941 ], [ -97.1434, 48.5935 ], [ -97.1423, 48.5926 ], [ -97.1419, 48.5907 ], [ -97.1424, 48.5857 ], [ -97.1431, 48.5833 ], [ -97.1439, 48.5821 ], [ -97.1451, 48.5814 ], [ -97.1473, 48.581 ], [ -97.1493, 48.5812 ], [ -97.1537, 48.5826 ], [ -97.1564, 48.5827 ], [ -97.1593, 48.582 ], [ -97.1606, 48.5809 ], [ -97.1604, 48.5793 ], [ -97.1587, 48.5782 ], [ -97.1566, 48.5779 ], [ -97.1519, 48.5779 ], [ -97.1502, 48.5773 ], [ -97.1487, 48.5764 ], [ -97.148, 48.5753 ], [ -97.1478, 48.573 ], [ -97.1492, 48.57 ], [ -97.1514, 48.5678 ], [ -97.1537, 48.5669 ], [ -97.1716, 48.565 ], [ -97.174, 48.5641 ], [ -97.1753, 48.5625 ], [ -97.1752, 48.5611 ], [ -97.1739, 48.56 ], [ -97.1714, 48.5588 ], [ -97.1662, 48.5572 ], [ -97.1621, 48.557 ], [ -97.1545, 48.5574 ], [ -97.147, 48.5574 ], [ -97.1441, 48.5572 ], [ -97.1419, 48.5567 ], [ -97.1397, 48.5557 ], [ -97.1383, 48.5544 ], [ -97.1381, 48.5531 ], [ -97.1393, 48.5518 ], [ -97.1416, 48.5513 ], [ -97.1489, 48.5516 ], [ -97.1551, 48.5511 ], [ -97.1572, 48.5515 ], [ -97.1616, 48.554 ], [ -97.163, 48.5541 ], [ -97.1647, 48.5537 ], [ -97.1656, 48.5531 ], [ -97.1661, 48.5523 ], [ -97.1659, 48.5485 ], [ -97.1641, 48.5449 ], [ -97.1615, 48.5422 ], [ -97.3495, 48.5429 ], [ -97.5573, 48.5431 ], [ -97.5573, 48.7027 ] ] ] } },
{ "type": "Feature", "properties": { "GEOIDFQ": "1400000US38067950100", "NAME": "9501", "NAMELSAD": "Census Tract 9501" }, "geometry": { "type": "Polygon", "coordinates": [ [ [ -97.5569, 49.0005 ], [ -97.229, 49.0005 ], [ -97.2335, 48.9982 ], [ -97.2342, 48.9971 ], [ -97.2342, 48.9963 ], [ -97.2329, 48.9951 ], [ -97.2289, 48.9949 ], [ -97.2275, 48.9946 ], [ -97.2266, 48.9939 ], [ -97.2266, 48.993 ], [ -97.2281, 48.9919 ], [ -97.2328, 48.9899 ], [ -97.2341, 48.989 ], [ -97.2376, 48.9851 ], [ -97.2383, 48.9827 ], [ -97.2378, 48.9729 ], [ -97.2391, 48.9692 ], [ -97.2386, 48.9665 ], [ -97.2361, 48.965 ], [ -97.2297, 48.9642 ], [ -97.2287, 48.9638 ], [ -97.2275, 48.9623 ], [ -97.2278, 48.9612 ], [ -97.2305, 48.9584 ], [ -97.2317, 48.9562 ], [ -97.2331, 48.9511 ], [ -97.234, 48.9493 ], [ -97.234, 48.9474 ], [ -97.2324, 48.9464 ], [ -97.2281, 48.9467 ], [ -97.2266, 48.9458 ], [ -97.2271, 48.9392 ], [ -97.2258, 48.9353 ], [ -97.2246, 48.9338 ], [ -97.222, 48.9325 ], [ -97.2159, 48.9326 ], [ -97.2144, 48.9316 ], [ -97.2147, 48.93 ], [ -97.2172, 48.9277 ], [ -97.2184, 48.926 ], [ -97.2196, 48.9236 ], [ -97.2198, 48.9221 ], [ -97.2195, 48.9211 ], [ -97.218, 48.9197 ], [ -97.2162, 48.9189 ], [ -97.2131, 48.9182 ], [ -97.2116, 48.9172 ], [ -97.2108, 48.916 ], [ -97.2107, 48.9139 ], [ -97.2127, 48.909 ], [ -97.2121, 48.9067 ], [ -97.2114, 48.9056 ], [ -97.2098, 48.904 ], [ -97.2074, 48.9025 ], [ -97.1992, 48.9004 ], [ -97.1933, 48.8983 ], [ -97.19, 48.8955 ], [ -97.1897, 48.8943 ], [ -97.1902, 48.893 ], [ -97.192, 48.8918 ], [ -97.194, 48.8913 ], [ -97.1953, 48.8914 ], [ -97.1983, 48.8924 ], [ -97.2, 48.8926 ], [ -97.201, 48.8924 ], [ -97.2016, 48.8919 ], [ -97.2014, 48.891 ], [ -97.1984, 48.8889 ], [ -97.1973, 48.8873 ], [ -97.1977, 48.8861 ], [ -97.1998, 48.8833 ], [ -97.1994, 48.8811 ], [ -97.1967, 48.8791 ], [ -97.1903, 48.8767 ], [ -97.1867, 48.8764 ], [ -97.1833, 48.8771 ], [ -97.1809, 48.8772 ], [ -97.1789, 48.8768 ], [ -97.1778, 48.8756 ], [ -97.178, 48.8746 ], [ -97.1793, 48.8731 ], [ -97.185, 48.8693 ], [ -97.1894, 48.8668 ], [ -97.1904, 48.8655 ], [ -97.1906, 48.8643 ], [ -97.19, 48.8635 ], [ -97.1885, 48.863 ], [ -97.1872, 48.863 ], [ -97.1847, 48.8637 ], [ -97.1823, 48.864 ], [ -97.1804, 48.8636 ], [ -97.1792, 48.8628 ], [ -97.1787, 48.8614 ], [ -97.1794, 48.8582 ], [ -97.1788, 48.8567 ], [ -97.1776, 48.8554 ], [ -97.1741, 48.8533 ], [ -97.1731, 48.8517 ], [ -97.1731, 48.8506 ], [ -97.1739, 48.8494 ], [ -97.1753, 48.8487 ], [ -97.1776, 48.8482 ], [ -97.1818, 48.848 ], [ -97.1828, 48.8474 ], [ -97.1829, 48.8469 ], [ -97.1821, 48.8462 ], [ -97.1777, 48.8457 ], [ -97.1758, 48.8448 ], [ -97.1743, 48.8424 ], [ -97.1739, 48.838 ], [ -97.1745, 48.8368 ], [ -97.1766, 48.8355 ], [ -97.1784, 48.835 ], [ -97.1825, 48.8348 ], [ -97.1842, 48.8339 ], [ -97.1848, 48.8328 ], [ -97.1846, 48.8314 ], [ -97.1833, 48.8296 ], [ -97.1788, 48.8264 ], [ -97.178, 48.8251 ], [ -97.178, 48.8228 ], [ -97.1791, 48.8206 ], [ -97.1808, 48.8192 ], [ -97.1837, 48.8179 ], [ -97.1888, 48.8169 ], [ -97.1901, 48.8161 ], [ -97.1903, 48.8152 ], [ -97.1895, 48.8144 ], [ -97.1881, 48.8142 ], [ -97.1838, 48.8152 ], [ -97.181, 48.8152 ], [ -97.1785, 48.8145 ], [ -97.1739, 48.8121 ], [ -97.1721, 48.8115 ], [ -97.1691, 48.8113 ], [ -97.1643, 48.812 ], [ -97.161, 48.8116 ], [ -97.1587, 48.8109 ], [ -97.1577, 48.8096 ], [ -97.1575, 48.8081 ], [ -97.158, 48.8071 ], [ -97.1592, 48.8062 ], [ -97.1617, 48.8055 ], [ -97.1676, 48.8047 ], [ -97.1739, 48.8024 ], [ -97.1789, 48.8011 ], [ -97.181, 48.8 ], [ -97.1817, 48.7988 ], [ -97.1813, 48.798 ], [ -97.1803, 48.7973 ], [ -97.1776, 48.7971 ], [ -97.1757, 48.7977 ], [ -97.1721, 48.8004 ], [ -97.1694, 48.8013 ], [ -97.1665, 48.8015 ], [ -97.1634, 48.8006 ], [ -97.1621, 48.7996 ], [ -97.1617, 48.7987 ], [ -97.1617, 48.7973 ], [ -97.1625, 48.7967 ], [ -97.1642, 48.796 ], [ -97.1697, 48.7967 ], [ -97.1714, 48.7965 ], [ -97.1737, 48.7955 ], [ -97.1742, 48.7948 ], [ -97.174, 48.7939 ], [ -97.1714, 48.792 ], [ -97.1675, 48.7913 ], [ -97.1646, 48.7909 ], [ -97.1605, 48.7915 ], [ -97.1582, 48.7912 ], [ -97.1569, 48.7899 ], [ -97.1576, 48.7875 ], [ -97.1639, 48.7891 ], [ -97.1734, 48.7894 ], [ -97.174, 48.7891 ], [ -97.1846, 48.7891 ], [ -97.2068, 48.7895 ], [ -97.2912, 48.7899 ], [ -97.292, 48.7893 ], [ -97.2958, 48.7898 ], [ -97.3346, 48.79 ], [ -97.5348, 48.7899 ], [ -97.5567, 48.7903 ], [ -97.5563, 48.861 ], [ -97.5572, 48.9782 ], [ -97.5569, 49.0005 ] ] ] } },
{ "type": "Feature", "properties": { "GEOIDFQ": "1400000US38067950200", "NAME": "9502", "NAMELSAD": "Census Tract 9502" }, "geometry": { "type": "Polygon", "coordinates": [ [ [ -97.95, 49.0005 ], [ -97.5569, 49.0005 ], [ -97.5572, 48.9781 ], [ -97.5563, 48.8565 ], [ -97.5566, 48.8046 ], [ -97.6116, 48.8047 ], [ -97.6447, 48.8051 ], [ -97.6861, 48.8049 ], [ -97.7015, 48.8043 ], [ -97.7099, 48.8034 ], [ -97.7315, 48.8045 ], [ -97.731, 48.8122 ], [ -97.7312, 48.8191 ], [ -97.7424, 48.8191 ], [ -97.7534, 48.8197 ], [ -97.7752, 48.8197 ], [ -97.7971, 48.8193 ], [ -97.8183, 48.8194 ], [ -97.8286, 48.8184 ], [ -97.8391, 48.8183 ], [ -97.8832, 48.8188 ], [ -97.95, 48.819 ], [ -97.949, 48.9041 ], [ -97.9491, 48.9196 ], [ -97.9507, 48.9487 ], [ -97.95, 49.0005 ] ] ] } },
{ "type": "Feature", "properties": { "GEOIDFQ": "1400000US38005956700", "NAME": "9567", "NAMELSAD": "Census Tract 9567" }, "geometry": { "type": "Polygon", "coordinates": [ [ [ -99.847, 48.3712 ], [ -99.6255, 48.3712 ], [ -99.2003, 48.3707 ], [ -99.1999, 48.1553 ], [ -99.1976, 48.1543 ], [ -99.1953, 48.1526 ], [ -99.1952, 48.1511 ], [ -99.1938, 48.1494 ], [ -99.1926, 48.1487 ], [ -99.1912, 48.1486 ], [ -99.1891, 48.1489 ], [ -99.1878, 48.1495 ], [ -99.1861, 48.1496 ], [ -99.1747, 48.1473 ], [ -99.1584, 48.142 ], [ -99.1535, 48.1398 ], [ -99.1494, 48.1384 ], [ -99.1477, 48.1383 ], [ -99.1466, 48.1387 ], [ -99.1394, 48.1437 ], [ -99.1362, 48.1443 ], [ -99.1343, 48.1438 ], [ -99.129, 48.1404 ], [ -99.1291, 48.1396 ], [ -99.1305, 48.139 ], [ -99.1318, 48.1371 ], [ -99.1316, 48.1366 ], [ -99.1273, 48.1341 ], [ -99.1274, 48.133 ], [ -99.1282, 48.1319 ], [ -99.1278, 48.1312 ], [ -99.1274, 48.1308 ], [ -99.1254, 48.1304 ], [ -99.1251, 48.13 ], [ -99.1241, 48.1298 ], [ -99.1221, 48.1285 ], [ -99.1165, 48.1207 ], [ -99.1166, 48.1195 ], [ -99.1157, 48.1178 ], [ -99.1182, 48.1147 ], [ -99.1185, 48.1131 ], [ -99.1182, 48.1118 ], [ -99.1172, 48.1111 ], [ -99.1106, 48.1087 ], [ -99.1093, 48.1077 ], [ -99.0704, 48.1079 ], [ -99.0708, 48.0789 ], [ -99.0703, 48.0528 ], [ -99.0706, 48.0524 ], [ -99.0705, 48.0469 ], [ -99.0922, 48.0464 ], [ -99.1198, 48.0464 ], [ -99.1197, 48.0433 ], [ -99.1192, 48.0424 ], [ -99.1168, 48.0394 ], [ -99.1155, 48.0385 ], [ -99.1153, 48.0376 ], [ -99.1105, 48.0344 ], [ -99.1096, 48.0319 ], [ -99.1137, 48.0334 ], [ -99.1167, 48.0339 ], [ -99.1192, 48.0373 ], [ -99.1202, 48.0401 ], [ -99.1213, 48.0409 ], [ -99.1244, 48.0417 ], [ -99.1268, 48.0412 ], [ -99.1285, 48.0412 ], [ -99.1313, 48.0415 ], [ -99.1327, 48.0424 ], [ -99.1378, 48.0415 ], [ -99.1388, 48.042 ], [ -99.1413, 48.0423 ], [ -99.1456, 48.042 ], [ -99.1471, 48.0417 ], [ -99.1531, 48.0392 ], [ -99.1558, 48.0389 ], [ -99.1592, 48.0408 ], [ -99.1608, 48.0414 ], [ -99.1624, 48.0415 ], [ -99.1638, 48.0424 ], [ -99.1655, 48.0428 ], [ -99.166, 48.0429 ], [ -99.1668, 48.0422 ], [ -99.1679, 48.0421 ], [ -99.1707, 48.0425 ], [ -99.1741, 48.0425 ], [ -99.1761, 48.0432 ], [ -99.1785, 48.0432 ], [ -99.1792, 48.0435 ], [ -99.1814, 48.0463 ], [ -99.1828, 48.046 ], [ -99.1871, 48.0426 ], [ -99.191, 48.042 ], [ -99.1898, 48.0436 ], [ -99.1901, 48.044 ], [ -99.1918, 48.0448 ], [ -99.1921, 48.0453 ], [ -99.1913, 48.0473 ], [ -99.1913, 48.0502 ], [ -99.1902, 48.0528 ], [ -99.1903, 48.0553 ], [ -99.1889, 48.0575 ], [ -99.1867, 48.0599 ], [ -99.1851, 48.0606 ], [ -99.1849, 48.0617 ], [ -99.1835, 48.0632 ], [ -99.1813, 48.0642 ], [ -99.1812, 48.0645 ], [ -99.1816, 48.0651 ], [ -99.1812, 48.0664 ], [ -99.1829, 48.0674 ], [ -99.1831, 48.0682 ], [ -99.1848, 48.0699 ], [ -99.1878, 48.071 ], [ -99.189, 48.072 ], [ -99.1897, 48.0715 ], [ -99.1917, 48.0711 ], [ -99.1931, 48.0687 ], [ -99.1929, 48.0657 ], [ -99.1957, 48.0614 ], [ -99.1969, 48.0583 ], [ -99.1967, 48.0569 ], [ -99.1979, 48.0499 ], [ -99.1986, 48.0494 ], [ -99.2002, 48.0498 ], [ -99.2016, 48.0518 ], [ -99.2046, 48.0546 ], [ -99.2076, 48.0558 ], [ -99.2101, 48.0551 ], [ -99.2115, 48.0539 ], [ -99.2116, 48.0523 ], [ -99.2108, 48.0511 ], [ -99.2111, 48.0505 ], [ -99.2115, 48.0505 ], [ -99.2129, 48.0515 ], [ -99.2145, 48.052 ], [ -99.2164, 48.0505 ], [ -99.2175, 48.0513 ], [ -99.2152, 48.0568 ], [ -99.2146, 48.0611 ], [ -99.2129, 48.0677 ], [ -99.211, 48.071 ], [ -99.2074, 48.082 ], [ -99.207, 48.0846 ], [ -99.2075, 48.0853 ], [ -99.2083, 48.0857 ], [ -99.2102, 48.085 ], [ -99.2116, 48.0839 ], [ -99.219, 48.0753 ], [ -99.2219, 48.0706 ], [ -99.2238, 48.0657 ], [ -99.2275, 48.0657 ], [ -99.228, 48.0665 ], [ -99.2302, 48.0668 ], [ -99.2317, 48.0674 ], [ -99.2338, 48.0697 ], [ -99.2373, 48.0709 ], [ -99.239, 48.0721 ], [ -99.2405, 48.0741 ], [ -99.2418, 48.0768 ], [ -99.2437, 48.0775 ], [ -99.251, 48.0789 ], [ -99.2503, 48.0767 ], [ -99.251, 48.0765 ], [ -99.2525, 48.0769 ], [ -99.2552, 48.0762 ], [ -99.2599, 48.0722 ], [ -99.2616, 48.0716 ], [ -99.2645, 48.0718 ], [ -99.2656, 48.0714 ], [ -99.2595, 48.0643 ], [ -99.2593, 48.0431 ], [ -99.26, 48.0428 ], [ -99.2646, 48.0426 ], [ -99.2649, 48.0357 ], [ -99.2663, 48.0355 ], [ -99.2966, 48.0355 ], [ -99.2971, 48.035 ], [ -99.2972, 48.021 ], [ -99.3189, 48.021 ], [ -99.3188, 47.9915 ], [ -99.3405, 47.9916 ], [ -99.3404, 47.9626 ], [ -99.3836, 47.9626 ], [ -99.3834, 47.9336 ], [ -99.405, 47.9336 ], [ -99.4049, 47.9256 ], [ -99.4044, 47.926 ], [ -99.4037, 47.9258 ], [ -99.4034, 47.9249 ], [ -99.4018, 47.9242 ], [ -99.4018, 47.9233 ], [ -99.4007, 47.9228 ], [ -99.4001, 47.9217 ], [ -99.3988, 47.9218 ], [ -99.3974, 47.9211 ], [ -99.3963, 47.9176 ], [ -99.3949, 47.9169 ], [ -99.3935, 47.9145 ], [ -99.3951, 47.9132 ], [ -99.3951, 47.9108 ], [ -99.3958, 47.9088 ], [ -99.3964, 47.9083 ], [ -99.3965, 47.9072 ], [ -99.3957, 47.9051 ], [ -99.3958, 47.9046 ], [ -99.3936, 47.9036 ], [ -99.3903, 47.9013 ], [ -99.39, 47.8998 ], [ -99.3894, 47.8997 ], [ -99.3872, 47.9002 ], [ -99.3868, 47.9 ], [ -99.3864, 47.898 ], [ -99.3858, 47.8973 ], [ -99.3862, 47.8957 ], [ -99.3886, 47.8953 ], [ -99.3892, 47.8941 ], [ -99.3885, 47.8927 ], [ -99.3886, 47.8913 ], [ -99.3878, 47.8902 ], [ -99.3866, 47.8894 ], [ -99.3865, 47.8878 ], [ -99.3854, 47.8873 ], [ -99.3854, 47.8869 ], [ -99.3859, 47.8859 ], [ -99.3878, 47.8844 ], [ -99.3888, 47.884 ], [ -99.389, 47.8836 ], [ -99.3881, 47.8828 ], [ -99.3864, 47.8835 ], [ -99.3858, 47.8834 ], [ -99.3846, 47.8822 ], [ -99.385, 47.8816 ], [ -99.3864, 47.8818 ], [ -99.387, 47.8817 ], [ -99.3872, 47.8813 ], [ -99.3858, 47.8796 ], [ -99.3851, 47.8779 ], [ -99.3847, 47.8777 ], [ -99.3827, 47.8784 ], [ -99.3821, 47.878 ], [ -99.3815, 47.8771 ], [ -99.381, 47.8745 ], [ -99.3801, 47.8737 ], [ -99.3763, 47.8744 ], [ -99.375, 47.874 ], [ -99.3745, 47.8735 ], [ -99.375, 47.8729 ], [ -99.3782, 47.873 ], [ -99.3781, 47.8718 ], [ -99.3777, 47.8715 ], [ -99.3739, 47.8707 ], [ -99.3715, 47.8706 ], [ -99.3698, 47.8691 ], [ -99.3686, 47.8687 ], [ -99.3654, 47.8684 ], [ -99.364, 47.8668 ], [ -99.3641, 47.8655 ], [ -99.3636, 47.865 ], [ -99.3611, 47.8647 ], [ -99.3594, 47.8635 ], [ -99.357, 47.8634 ], [ -99.3556, 47.8642 ], [ -99.3533, 47.8635 ], [ -99.351, 47.8613 ], [ -99.3512, 47.8608 ], [ -99.3527, 47.8602 ], [ -99.3528, 47.8594 ], [ -99.3524, 47.8593 ], [ -99.35, 47.8599 ], [ -99.3494, 47.8589 ], [ -99.35, 47.8578 ], [ -99.352, 47.8571 ], [ -99.3522, 47.8563 ], [ -99.3492, 47.8556 ], [ -99.3487, 47.8547 ], [ -99.3481, 47.8544 ], [ -99.3455, 47.8546 ], [ -99.3453, 47.8529 ], [ -99.3427, 47.8522 ], [ -99.342, 47.8524 ], [ -99.3415, 47.8521 ], [ -99.3413, 47.8513 ], [ -99.3398, 47.8511 ], [ -99.3389, 47.8502 ], [ -99.3345, 47.8503 ], [ -99.3331, 47.8498 ], [ -99.3317, 47.8469 ], [ -99.3403, 47.8467 ], [ -99.5128, 47.8469 ], [ -99.5556, 47.8467 ], [ -99.7047, 47.8472 ], [ -99.8122, 47.8473 ], [ -99.8121, 48.0215 ], [ -99.8482, 48.0215 ], [ -99.847, 48.3712 ] ] ] } },
{ "type": "Feature", "properties": { "GEOIDFQ": "1400000US38083960200", "NAME": "9602", "NAMELSAD": "Census Tract 9602" }, "geometry": { "type": "Polygon", "coordinates": [ [ [ -100.6731, 47.3707 ], [ -100.6726, 47.3719 ], [ -100.673, 47.3725 ], [ -100.6731, 47.3813 ], [ -100.673, 47.5209 ], [ -100.6733, 47.5242 ], [ -100.673, 47.5261 ], [ -100.6724, 47.6739 ], [ -100.6721, 47.6741 ], [ -100.6595, 47.6743 ], [ -100.6528, 47.6741 ], [ -100.6134, 47.6741 ], [ -100.6119, 47.6738 ], [ -100.6115, 47.674 ], [ -100.609, 47.6741 ], [ -100.5851, 47.6741 ], [ -100.5852, 47.732 ], [ -100.5849, 47.7333 ], [ -100.5854, 47.7899 ], [ -100.5852, 47.8478 ], [ -100.3741, 47.8473 ], [ -100.198, 47.8477 ], [ -100.0693, 47.8474 ], [ -100.0692, 47.6881 ], [ -100.0696, 47.6736 ], [ -100.0328, 47.6737 ], [ -100.033, 47.6317 ], [ -100.0326, 47.5592 ], [ -100.0333, 47.3272 ], [ -100.6732, 47.3276 ], [ -100.6731, 47.3707 ] ] ] } },
{ "type": "Feature", "properties": { "GEOIDFQ": "1400000US38087965000", "NAME": "9650", "NAMELSAD": "Census Tract 9650" }, "geometry": { "type": "Polygon", "coordinates": [ [ [ -104.0452, 46.5409 ], [ -103.8009, 46.5407 ], [ -103.8009, 46.6297 ], [ -103.5112, 46.6298 ], [ -103.4683, 46.6302 ], [ -103.2504, 46.6299 ], [ -103.2317, 46.6297 ], [ -103.1894, 46.6299 ], [ -103.0305, 46.6297 ], [ -102.9275, 46.63 ], [ -102.9278, 46.625 ], [ -102.9274, 46.5863 ], [ -102.9261, 46.5559 ], [ -102.9265, 46.555 ], [ -102.9262, 46.5536 ], [ -102.9265, 46.5533 ], [ -102.9261, 46.5519 ], [ -102.9256, 46.5402 ], [ -102.9259, 46.5116 ], [ -102.9253, 46.4515 ], [ -102.9256, 46.4338 ], [ -102.9253, 46.4263 ], [ -102.9257, 46.3686 ], [ -102.9247, 46.2985 ], [ -102.9244, 46.2949 ], [ -102.9247, 46.2935 ], [ -102.9245, 46.2815 ], [ -103.0165, 46.2803 ], [ -103.0287, 46.2802 ], [ -103.0289, 46.2804 ], [ -103.0295, 46.2802 ], [ -103.051, 46.2799 ], [ -103.3664, 46.2798 ], [ -103.5927, 46.2802 ], [ -103.8015, 46.28 ], [ -103.9055, 46.2802 ], [ -103.9058, 46.2804 ], [ -104.0456, 46.2801 ], [ -104.0452, 46.5409 ] ] ] } },
{ "type": "Feature", "properties": { "GEOIDFQ": "1400000US38081974200", "NAME": "9742", "NAMELSAD": "Census Tract 9742" }, "geometry": { "type": "Polygon", "coordinates": [ [ [ -98.0081, 46.0247 ], [ -98.0074, 46.1096 ], [ -97.904, 46.1098 ], [ -97.9043, 46.0806 ], [ -97.8202, 46.0808 ], [ -97.8202, 46.0664 ], [ -97.7993, 46.0663 ], [ -97.7993, 46.0808 ], [ -97.675, 46.0808 ], [ -97.6748, 46.1532 ], [ -97.5498, 46.1528 ], [ -97.5496, 46.1673 ], [ -97.5287, 46.1675 ], [ -97.5288, 46.1529 ], [ -97.5081, 46.1529 ], [ -97.5071, 46.2543 ], [ -97.4886, 46.2541 ], [ -97.4888, 46.2824 ], [ -97.2594, 46.2824 ], [ -97.2596, 45.997 ], [ -97.259, 45.9966 ], [ -97.2285, 45.9923 ], [ -97.2283, 45.9354 ], [ -97.4168, 45.9361 ], [ -97.4309, 45.936 ], [ -97.4498, 45.9352 ], [ -97.482, 45.9351 ], [ -97.5181, 45.9353 ], [ -98.0081, 45.9359 ], [ -98.0081, 46.0247 ] ] ] } },
{ "type": "Feature", "properties": { "GEOIDFQ": "1400000US38089963501", "NAME": "9635.01", "NAMELSAD": "Census Tract 9635.01" }, "geometry": { "type": "Polygon", "coordinates": [ [ [ -102.832, 46.8903 ], [ -102.8295, 46.8904 ], [ -102.8305, 46.8918 ], [ -102.8211, 46.8948 ], [ -102.8159, 46.8958 ], [ -102.7898, 46.8959 ], [ -102.7898, 46.8887 ], [ -102.7963, 46.8885 ], [ -102.8007, 46.887 ], [ -102.8109, 46.887 ], [ -102.8109, 46.8765 ], [ -102.8241, 46.8752 ], [ -102.8321, 46.8722 ], [ -102.832, 46.8903 ] ] ] } },
{ "type": "Feature", "properties": { "GEOIDFQ": "1400000US38089963502", "NAME": "9635.02", "NAMELSAD": "Census Tract 9635.02" }, "geometry": { "type": "Polygon", "coordinates": [ [ [ -102.832, 46.9195 ], [ -102.7898, 46.9194 ], [ -102.7898, 46.8959 ], [ -102.8159, 46.8958 ], [ -102.8211, 46.8948 ], [ -102.8305, 46.8918 ], [ -102.832, 46.8947 ], [ -102.832, 46.9195 ] ] ] } },
{ "type": "Feature", "properties": { "GEOIDFQ": "1400000US38099958100", "NAME": "9581", "NAMELSAD": "Census Tract 9581" }, "geometry": { "type": "Polygon", "coordinates": [ [ [ -97.862, 48.3761 ], [ -97.862, 48.4103 ], [ -97.8625, 48.4163 ], [ -97.862, 48.4241 ], [ -97.8621, 48.4613 ], [ -97.8617, 48.4708 ], [ -97.8621, 48.4851 ], [ -97.8185, 48.4852 ], [ -97.8185, 48.5141 ], [ -97.8148, 48.5142 ], [ -97.8133, 48.5163 ], [ -97.8146, 48.5176 ], [ -97.818, 48.5183 ], [ -97.8184, 48.5187 ], [ -97.8185, 48.5431 ], [ -97.4256, 48.543 ], [ -97.4262, 48.4727 ], [ -97.4256, 48.4703 ], [ -97.4262, 48.4703 ], [ -97.4166, 48.4414 ], [ -97.4394, 48.4415 ], [ -97.4481, 48.4451 ], [ -97.4479, 48.4406 ], [ -97.4484, 48.4126 ], [ -97.4266, 48.4125 ], [ -97.4271, 48.1949 ], [ -97.514, 48.1947 ], [ -97.8605, 48.1949 ], [ -97.8605, 48.2844 ], [ -97.86, 48.3597 ], [ -97.8608, 48.3626 ], [ -97.8635, 48.3669 ], [ -97.864, 48.3695 ], [ -97.862, 48.3761 ] ], [ [ -97.7533, 48.3837 ], [ -97.7533, 48.3707 ], [ -97.754, 48.3697 ], [ -97.7533, 48.3693 ], [ -97.7314, 48.3693 ], [ -97.7316, 48.3837 ], [ -97.7098, 48.3837 ], [ -97.7099, 48.4127 ], [ -97.7967, 48.4127 ], [ -97.7968, 48.3838 ], [ -97.7533, 48.3837 ] ] ] } },
{ "type": "Feature", "properties": { "GEOIDFQ": "1400000US38099958300", "NAME": "9583", "NAMELSAD": "Census Tract 9583" }, "geometry": { "type": "Polygon", "coordinates": [ [ [ -98.318, 48.5438 ], [ -98.1878, 48.5433 ], [ -97.8185, 48.5431 ], [ -97.8184, 48.5187 ], [ -97.818, 48.5183 ], [ -97.8146, 48.5176 ], [ -97.8133, 48.5163 ], [ -97.8148, 48.5142 ], [ -97.8185, 48.5141 ], [ -97.8185, 48.4852 ], [ -97.8621, 48.4851 ], [ -97.8617, 48.4708 ], [ -97.8621, 48.4613 ], [ -97.862, 48.4241 ], [ -97.8625, 48.4163 ], [ -97.862, 48.4103 ], [ -97.862, 48.3761 ], [ -97.864, 48.3695 ], [ -97.8635, 48.3669 ], [ -97.8608, 48.3626 ], [ -97.86, 48.3597 ], [ -97.8605, 48.2844 ], [ -97.8605, 48.1949 ], [ -98.0329, 48.1946 ], [ -98.2922, 48.1952 ], [ -98.2925, 48.2504 ], [ -98.2919, 48.3697 ], [ -98.3184, 48.3697 ], [ -98.318, 48.5438 ] ] ] } },
{ "type": "Feature", "properties": { "GEOIDFQ": "1400000US38099958200", "NAME": "9582", "NAMELSAD": "Census Tract 9582" }, "geometry": { "type": "Polygon", "coordinates": [ [ [ -97.7967, 48.4127 ], [ -97.7099, 48.4127 ], [ -97.7098, 48.3837 ], [ -97.7316, 48.3837 ], [ -97.7314, 48.3693 ], [ -97.7533, 48.3693 ], [ -97.754, 48.3697 ], [ -97.7533, 48.3707 ], [ -97.7533, 48.3837 ], [ -97.7968, 48.3838 ], [ -97.7967, 48.4127 ] ] ] } },
{ "type": "Feature", "properties": { "GEOIDFQ": "1400000US38099958000", "NAME": "9580", "NAMELSAD": "Census Tract 9580" }, "geometry": { "type": "Polygon", "coordinates": [ [ [ -97.4479, 48.4406 ], [ -97.4481, 48.4451 ], [ -97.4394, 48.4415 ], [ -97.4166, 48.4414 ], [ -97.4028, 48.3979 ], [ -97.4267, 48.3981 ], [ -97.4266, 48.4125 ], [ -97.4484, 48.4126 ], [ -97.4479, 48.4406 ] ] ] } },
{ "type": "Feature", "properties": { "GEOIDFQ": "1400000US38099957900", "NAME": "9579", "NAMELSAD": "Census Tract 9579" }, "geometry": { "type": "Polygon", "coordinates": [ [ [ -97.4044, 48.4412 ], [ -97.3754, 48.4415 ], [ -97.3753, 48.4343 ], [ -97.3647, 48.4343 ], [ -97.3636, 48.4328 ], [ -97.3637, 48.4317 ], [ -97.3645, 48.4307 ], [ -97.3644, 48.428 ], [ -97.3621, 48.427 ], [ -97.3537, 48.427 ], [ -97.3646, 48.4199 ], [ -97.3646, 48.3979 ], [ -97.4028, 48.3979 ], [ -97.4127, 48.4287 ], [ -97.4164, 48.4414 ], [ -97.4044, 48.4412 ] ] ] } },
{ "type": "Feature", "properties": { "GEOIDFQ": "1400000US38099957800", "NAME": "9578", "NAMELSAD": "Census Tract 9578" }, "geometry": { "type": "Polygon", "coordinates": [ [ [ -97.4267, 48.3981 ], [ -97.3646, 48.3979 ], [ -97.3646, 48.4199 ], [ -97.3537, 48.427 ], [ -97.3621, 48.427 ], [ -97.3644, 48.428 ], [ -97.3645, 48.4307 ], [ -97.3637, 48.4317 ], [ -97.3636, 48.4328 ], [ -97.3647, 48.4343 ], [ -97.3753, 48.4343 ], [ -97.3754, 48.4415 ], [ -97.4044, 48.4412 ], [ -97.4166, 48.4414 ], [ -97.4262, 48.4703 ], [ -97.4256, 48.4703 ], [ -97.4262, 48.4727 ], [ -97.4256, 48.543 ], [ -97.1614, 48.5423 ], [ -97.1582, 48.5409 ], [ -97.1505, 48.5395 ], [ -97.1456, 48.5381 ], [ -97.1424, 48.5365 ], [ -97.1414, 48.5355 ], [ -97.141, 48.5342 ], [ -97.1412, 48.5332 ], [ -97.1422, 48.5322 ], [ -97.1439, 48.5316 ], [ -97.1499, 48.5312 ], [ -97.1528, 48.5303 ], [ -97.1544, 48.5284 ], [ -97.1549, 48.5265 ], [ -97.1548, 48.5242 ], [ -97.154, 48.5217 ], [ -97.1524, 48.5204 ], [ -97.1488, 48.5188 ], [ -97.1454, 48.5187 ], [ -97.1427, 48.5194 ], [ -97.1386, 48.5214 ], [ -97.134, 48.5227 ], [ -97.1308, 48.5227 ], [ -97.129, 48.5222 ], [ -97.1276, 48.5214 ], [ -97.1268, 48.5202 ], [ -97.1271, 48.5189 ], [ -97.1281, 48.5178 ], [ -97.1366, 48.5122 ], [ -97.139, 48.5117 ], [ -97.1421, 48.5115 ], [ -97.1477, 48.5123 ], [ -97.1492, 48.5123 ], [ -97.1499, 48.512 ], [ -97.1502, 48.5105 ], [ -97.1495, 48.5085 ], [ -97.1498, 48.502 ], [ -97.1479, 48.4995 ], [ -97.1453, 48.4979 ], [ -97.1368, 48.4953 ], [ -97.1346, 48.4942 ], [ -97.1316, 48.4916 ], [ -97.1312, 48.4896 ], [ -97.1322, 48.4884 ], [ -97.134, 48.4878 ], [ -97.1351, 48.4877 ], [ -97.1368, 48.4884 ], [ -97.14, 48.492 ], [ -97.1415, 48.4926 ], [ -97.143, 48.4923 ], [ -97.1434, 48.4913 ], [ -97.1401, 48.4887 ], [ -97.1393, 48.4873 ], [ -97.1396, 48.4854 ], [ -97.1403, 48.4847 ], [ -97.1411, 48.4842 ], [ -97.1456, 48.483 ], [ -97.1546, 48.482 ], [ -97.1592, 48.4811 ], [ -97.1624, 48.4792 ], [ -97.1627, 48.4778 ], [ -97.1617, 48.4762 ], [ -97.161, 48.4758 ], [ -97.157, 48.475 ], [ -97.1511, 48.4752 ], [ -97.1406, 48.4775 ], [ -97.1384, 48.4776 ], [ -97.1324, 48.4772 ], [ -97.1309, 48.4769 ], [ -97.1289, 48.4757 ], [ -97.1282, 48.4744 ], [ -97.1283, 48.4728 ], [ -97.1295, 48.4715 ], [ -97.1306, 48.4712 ], [ -97.1325, 48.4713 ], [ -97.1341, 48.4717 ], [ -97.138, 48.4737 ], [ -97.1407, 48.4747 ], [ -97.1445, 48.4746 ], [ -97.1461, 48.4741 ], [ -97.1474, 48.4728 ], [ -97.1482, 48.4707 ], [ -97.1475, 48.4684 ], [ -97.1455, 48.4659 ], [ -97.143, 48.4638 ], [ -97.1408, 48.463 ], [ -97.1396, 48.4629 ], [ -97.1334, 48.4638 ], [ -97.1306, 48.4634 ], [ -97.1294, 48.4624 ], [ -97.1285, 48.4603 ], [ -97.1293, 48.454 ], [ -97.1307, 48.4522 ], [ -97.1353, 48.4489 ], [ -97.1378, 48.4477 ], [ -97.1481, 48.4441 ], [ -97.1492, 48.4434 ], [ -97.1506, 48.4408 ], [ -97.1503, 48.4396 ], [ -97.1498, 48.4392 ], [ -97.1478, 48.4383 ], [ -97.1452, 48.4381 ], [ -97.1411, 48.4386 ], [ -97.1399, 48.4392 ], [ -97.1345, 48.4433 ], [ -97.1328, 48.4438 ], [ -97.1296, 48.444 ], [ -97.128, 48.4437 ], [ -97.1266, 48.4431 ], [ -97.1248, 48.4419 ], [ -97.1234, 48.4383 ], [ -97.1237, 48.436 ], [ -97.1246, 48.4336 ], [ -97.1278, 48.4313 ], [ -97.1315, 48.4311 ], [ -97.1385, 48.4335 ], [ -97.1412, 48.4338 ], [ -97.144, 48.4331 ], [ -97.1452, 48.4326 ], [ -97.1459, 48.4311 ], [ -97.1458, 48.4303 ], [ -97.1446, 48.429 ], [ -97.1426, 48.4277 ], [ -97.1391, 48.4264 ], [ -97.1332, 48.4258 ], [ -97.1286, 48.4241 ], [ -97.125, 48.4224 ], [ -97.1229, 48.4207 ], [ -97.1224, 48.4195 ], [ -97.1225, 48.4183 ], [ -97.1237, 48.4167 ], [ -97.126, 48.4161 ], [ -97.1274, 48.4168 ], [ -97.1301, 48.419 ], [ -97.1336, 48.4209 ], [ -97.1384, 48.4216 ], [ -97.1421, 48.4214 ], [ -97.1466, 48.4206 ], [ -97.1509, 48.4195 ], [ -97.154, 48.4181 ], [ -97.1554, 48.4167 ], [ -97.1555, 48.415 ], [ -97.1551, 48.4143 ], [ -97.1544, 48.4135 ], [ -97.1533, 48.4131 ], [ -97.1505, 48.4127 ], [ -97.1489, 48.4129 ], [ -97.1467, 48.4139 ], [ -97.1445, 48.4172 ], [ -97.1435, 48.418 ], [ -97.1421, 48.4185 ], [ -97.1407, 48.4187 ], [ -97.1399, 48.4185 ], [ -97.1389, 48.4172 ], [ -97.1385, 48.4145 ], [ -97.1363, 48.4126 ], [ -97.1323, 48.4104 ], [ -97.1313, 48.4089 ], [ -97.1312, 48.4073 ], [ -97.1323, 48.4059 ], [ -97.14, 48.4024 ], [ -97.1427, 48.3995 ], [ -97.1457, 48.3974 ], [ -97.1482, 48.3968 ], [ -97.1534, 48.397 ], [ -97.1586, 48.3963 ], [ -97.1621, 48.3948 ], [ -97.1631, 48.3936 ], [ -97.1633, 48.392 ], [ -97.1608, 48.3912 ], [ -97.1587, 48.3913 ], [ -97.1568, 48.3909 ], [ -97.1564, 48.3904 ], [ -97.1566, 48.3895 ], [ -97.1577, 48.3874 ], [ -97.1572, 48.3857 ], [ -97.1533, 48.3834 ], [ -97.1506, 48.3824 ], [ -97.147, 48.3814 ], [ -97.1455, 48.3814 ], [ -97.1443, 48.3816 ], [ -97.1402, 48.3834 ], [ -97.1362, 48.3839 ], [ -97.1344, 48.3833 ], [ -97.1333, 48.3822 ], [ -97.1339, 48.3811 ], [ -97.1345, 48.3808 ], [ -97.1356, 48.3804 ], [ -97.1395, 48.38 ], [ -97.141, 48.3792 ], [ -97.1414, 48.3785 ], [ -97.1412, 48.3777 ], [ -97.1373, 48.373 ], [ -97.1374, 48.3718 ], [ -97.1379, 48.3712 ], [ -97.1393, 48.3704 ], [ -97.141, 48.3702 ], [ -97.1433, 48.3702 ], [ -97.1512, 48.3712 ], [ -97.1525, 48.371 ], [ -97.1548, 48.37 ], [ -97.1558, 48.368 ], [ -97.1563, 48.3656 ], [ -97.1555, 48.3638 ], [ -97.1518, 48.3619 ], [ -97.1485, 48.3607 ], [ -97.1469, 48.3596 ], [ -97.1453, 48.3576 ], [ -97.1443, 48.355 ], [ -97.1435, 48.3543 ], [ -97.1382, 48.3531 ], [ -97.1362, 48.3522 ], [ -97.1361, 48.3502 ], [ -97.1408, 48.3467 ], [ -97.141, 48.3456 ], [ -97.1401, 48.3446 ], [ -97.1383, 48.3439 ], [ -97.132, 48.3439 ], [ -97.1298, 48.3435 ], [ -97.1267, 48.3421 ], [ -97.1259, 48.3406 ], [ -97.1259, 48.3384 ], [ -97.129, 48.3329 ], [ -97.1309, 48.332 ], [ -97.1378, 48.3308 ], [ -97.14, 48.3298 ], [ -97.142, 48.328 ], [ -97.1423, 48.3267 ], [ -97.1417, 48.3257 ], [ -97.1405, 48.3252 ], [ -97.139, 48.3251 ], [ -97.1343, 48.3277 ], [ -97.1318, 48.3282 ], [ -97.1292, 48.3281 ], [ -97.1203, 48.3271 ], [ -97.1175, 48.3259 ], [ -97.1156, 48.3239 ], [ -97.1157, 48.323 ], [ -97.1165, 48.3221 ], [ -97.1197, 48.3208 ], [ -97.1253, 48.3196 ], [ -97.1312, 48.3195 ], [ -97.1326, 48.3191 ], [ -97.1341, 48.318 ], [ -97.1352, 48.3154 ], [ -97.1379, 48.312 ], [ -97.1381, 48.3106 ], [ -97.1377, 48.3097 ], [ -97.1366, 48.3091 ], [ -97.1343, 48.3088 ], [ -97.1325, 48.3094 ], [ -97.129, 48.3115 ], [ -97.1276, 48.3118 ], [ -97.1259, 48.3118 ], [ -97.1242, 48.3111 ], [ -97.1222, 48.3099 ], [ -97.1222, 48.3087 ], [ -97.1263, 48.3058 ], [ -97.1267, 48.304 ], [ -97.1242, 48.3021 ], [ -97.1201, 48.3011 ], [ -97.1148, 48.2989 ], [ -97.1131, 48.2978 ], [ -97.1122, 48.2959 ], [ -97.1129, 48.2948 ], [ -97.1138, 48.2942 ], [ -97.1153, 48.2939 ], [ -97.1192, 48.2942 ], [ -97.1213, 48.2954 ], [ -97.1242, 48.2984 ], [ -97.1263, 48.2991 ], [ -97.1276, 48.299 ], [ -97.1293, 48.2983 ], [ -97.1336, 48.2941 ], [ -97.1369, 48.2921 ], [ -97.1381, 48.2908 ], [ -97.1384, 48.2887 ], [ -97.1379, 48.2879 ], [ -97.1355, 48.2871 ], [ -97.133, 48.2879 ], [ -97.1296, 48.2908 ], [ -97.128, 48.2915 ], [ -97.1257, 48.2918 ], [ -97.1231, 48.2908 ], [ -97.1222, 48.2901 ], [ -97.1177, 48.2835 ], [ -97.1167, 48.2812 ], [ -97.1166, 48.2797 ], [ -97.1175, 48.278 ], [ -97.1198, 48.2769 ], [ -97.124, 48.277 ], [ -97.1251, 48.2767 ], [ -97.1256, 48.2754 ], [ -97.1243, 48.2736 ], [ -97.1237, 48.272 ], [ -97.1241, 48.2712 ], [ -97.1253, 48.2704 ], [ -97.1272, 48.2698 ], [ -97.1298, 48.2698 ], [ -97.1361, 48.271 ], [ -97.1391, 48.2712 ], [ -97.1431, 48.2704 ], [ -97.1444, 48.2697 ], [ -97.145, 48.2688 ], [ -97.1449, 48.2668 ], [ -97.1439, 48.2657 ], [ -97.1407, 48.2653 ], [ -97.1351, 48.2658 ], [ -97.1263, 48.2644 ], [ -97.1242, 48.2636 ], [ -97.123, 48.2617 ], [ -97.1243, 48.2603 ], [ -97.1253, 48.26 ], [ -97.1299, 48.2598 ], [ -97.1306, 48.259 ], [ -97.1306, 48.2581 ], [ -97.13, 48.2572 ], [ -97.1268, 48.255 ], [ -97.1249, 48.2532 ], [ -97.1243, 48.2513 ], [ -97.1251, 48.25 ], [ -97.1274, 48.2494 ], [ -97.1334, 48.2499 ], [ -97.1356, 48.2495 ], [ -97.14, 48.2473 ], [ -97.1431, 48.2467 ], [ -97.1445, 48.2461 ], [ -97.1467, 48.2445 ], [ -97.1471, 48.2422 ], [ -97.1459, 48.2416 ], [ -97.1444, 48.2412 ], [ -97.1405, 48.2415 ], [ -97.1375, 48.2413 ], [ -97.1357, 48.2409 ], [ -97.1346, 48.2402 ], [ -97.1337, 48.2391 ], [ -97.1344, 48.2377 ], [ -97.1358, 48.2369 ], [ -97.1416, 48.2365 ], [ -97.143, 48.2361 ], [ -97.1443, 48.235 ], [ -97.1446, 48.2336 ], [ -97.1436, 48.2318 ], [ -97.1424, 48.231 ], [ -97.1393, 48.2302 ], [ -97.1351, 48.2297 ], [ -97.1303, 48.2297 ], [ -97.1244, 48.2284 ], [ -97.1217, 48.2269 ], [ -97.1207, 48.2258 ], [ -97.1207, 48.2248 ], [ -97.1223, 48.2233 ], [ -97.1245, 48.2232 ], [ -97.1266, 48.2238 ], [ -97.1333, 48.2269 ], [ -97.1372, 48.227 ], [ -97.1408, 48.2262 ], [ -97.1497, 48.2231 ], [ -97.1517, 48.2214 ], [ -97.1522, 48.2196 ], [ -97.1509, 48.2183 ], [ -97.1498, 48.2181 ], [ -97.1483, 48.2183 ], [ -97.1471, 48.2188 ], [ -97.1458, 48.2201 ], [ -97.1436, 48.2215 ], [ -97.1406, 48.2221 ], [ -97.1391, 48.222 ], [ -97.1322, 48.2196 ], [ -97.1273, 48.2185 ], [ -97.1229, 48.2165 ], [ -97.1195, 48.2135 ], [ -97.1179, 48.2106 ], [ -97.1183, 48.2086 ], [ -97.1189, 48.2078 ], [ -97.1205, 48.2073 ], [ -97.1229, 48.2074 ], [ -97.1245, 48.208 ], [ -97.1261, 48.21 ], [ -97.1279, 48.2144 ], [ -97.1314, 48.2172 ], [ -97.1355, 48.2179 ], [ -97.1374, 48.2177 ], [ -97.139, 48.2171 ], [ -97.1393, 48.2168 ], [ -97.1395, 48.2144 ], [ -97.1383, 48.2131 ], [ -97.1354, 48.2115 ], [ -97.1318, 48.2112 ], [ -97.1302, 48.2108 ], [ -97.1292, 48.2099 ], [ -97.1293, 48.2084 ], [ -97.1301, 48.2076 ], [ -97.1316, 48.2071 ], [ -97.1391, 48.2058 ], [ -97.1409, 48.2045 ], [ -97.1412, 48.203 ], [ -97.1401, 48.2018 ], [ -97.1368, 48.1995 ], [ -97.1359, 48.1983 ], [ -97.1357, 48.1971 ], [ -97.1365, 48.1963 ], [ -97.1409, 48.1944 ], [ -97.1412, 48.1937 ], [ -97.2111, 48.1937 ], [ -97.3833, 48.195 ], [ -97.4271, 48.1949 ], [ -97.4267, 48.3981 ] ] ] } },
{ "type": "Feature", "properties": { "GEOIDFQ": "1400000US38005940100", "NAME": "9401", "NAMELSAD": "Census Tract 9401" }, "geometry": { "type": "Polygon", "coordinates": [ [ [ -99.3834, 47.9336 ], [ -99.3836, 47.9626 ], [ -99.3404, 47.9626 ], [ -99.3405, 47.9916 ], [ -99.3188, 47.9915 ], [ -99.3189, 48.021 ], [ -99.2972, 48.021 ], [ -99.2971, 48.035 ], [ -99.2966, 48.0355 ], [ -99.2663, 48.0355 ], [ -99.2649, 48.0357 ], [ -99.2646, 48.0426 ], [ -99.26, 48.0428 ], [ -99.2593, 48.0431 ], [ -99.2595, 48.0643 ], [ -99.2656, 48.0714 ], [ -99.2645, 48.0718 ], [ -99.2616, 48.0716 ], [ -99.2599, 48.0722 ], [ -99.2552, 48.0762 ], [ -99.2525, 48.0769 ], [ -99.251, 48.0765 ], [ -99.2503, 48.0767 ], [ -99.251, 48.0789 ], [ -99.2437, 48.0775 ], [ -99.2418, 48.0768 ], [ -99.2405, 48.0741 ], [ -99.239, 48.0721 ], [ -99.2373, 48.0709 ], [ -99.2338, 48.0697 ], [ -99.2317, 48.0674 ], [ -99.2302, 48.0668 ], [ -99.228, 48.0665 ], [ -99.2275, 48.0657 ], [ -99.2238, 48.0657 ], [ -99.2219, 48.0706 ], [ -99.219, 48.0753 ], [ -99.2116, 48.0839 ], [ -99.2102, 48.085 ], [ -99.2079, 48.0856 ], [ -99.207, 48.0846 ], [ -99.2074, 48.082 ], [ -99.211, 48.071 ], [ -99.2129, 48.0677 ], [ -99.2146, 48.0611 ], [ -99.2152, 48.0568 ], [ -99.2175, 48.0513 ], [ -99.2164, 48.0505 ], [ -99.2145, 48.052 ], [ -99.2129, 48.0515 ], [ -99.2115, 48.0505 ], [ -99.2111, 48.0505 ], [ -99.2108, 48.0511 ], [ -99.2116, 48.0523 ], [ -99.2115, 48.0539 ], [ -99.2101, 48.0551 ], [ -99.2076, 48.0558 ], [ -99.2046, 48.0546 ], [ -99.2016, 48.0518 ], [ -99.2002, 48.0498 ], [ -99.1986, 48.0494 ], [ -99.1979, 48.0499 ], [ -99.1967, 48.0569 ], [ -99.1969, 48.0583 ], [ -99.1957, 48.0614 ], [ -99.1929, 48.0657 ], [ -99.1931, 48.0687 ], [ -99.1917, 48.0711 ], [ -99.1897, 48.0715 ], [ -99.189, 48.072 ], [ -99.1878, 48.071 ], [ -99.1848, 48.0699 ], [ -99.1831, 48.0682 ], [ -99.1829, 48.0674 ], [ -99.1812, 48.0664 ], [ -99.1816, 48.0651 ], [ -99.1812, 48.0645 ], [ -99.1813, 48.0642 ], [ -99.1835, 48.0632 ], [ -99.1849, 48.0617 ], [ -99.1851, 48.0606 ], [ -99.1867, 48.0599 ], [ -99.1889, 48.0575 ], [ -99.1903, 48.0553 ], [ -99.1902, 48.0528 ], [ -99.1913, 48.0502 ], [ -99.1913, 48.0473 ], [ -99.1921, 48.0453 ], [ -99.1918, 48.0448 ], [ -99.1901, 48.044 ], [ -99.1898, 48.0436 ], [ -99.191, 48.042 ], [ -99.1871, 48.0426 ], [ -99.1828, 48.046 ], [ -99.1814, 48.0463 ], [ -99.1792, 48.0435 ], [ -99.1785, 48.0432 ], [ -99.1761, 48.0432 ], [ -99.1741, 48.0425 ], [ -99.1707, 48.0425 ], [ -99.1679, 48.0421 ], [ -99.1668, 48.0422 ], [ -99.166, 48.0429 ], [ -99.1655, 48.0428 ], [ -99.1638, 48.0424 ], [ -99.1624, 48.0415 ], [ -99.1608, 48.0414 ], [ -99.1592, 48.0408 ], [ -99.1558, 48.0389 ], [ -99.1531, 48.0392 ], [ -99.1471, 48.0417 ], [ -99.1456, 48.042 ], [ -99.1413, 48.0423 ], [ -99.1388, 48.042 ], [ -99.1378, 48.0415 ], [ -99.1327, 48.0424 ], [ -99.1313, 48.0415 ], [ -99.1285, 48.0412 ], [ -99.1268, 48.0412 ], [ -99.1244, 48.0417 ], [ -99.1213, 48.0409 ], [ -99.1202, 48.0401 ], [ -99.1192, 48.0373 ], [ -99.1167, 48.0339 ], [ -99.1137, 48.0334 ], [ -99.1096, 48.0319 ], [ -99.1105, 48.0344 ], [ -99.1153, 48.0376 ], [ -99.1155, 48.0385 ], [ -99.1168, 48.0394 ], [ -99.1192, 48.0424 ], [ -99.1197, 48.0433 ], [ -99.1198, 48.0464 ], [ -99.0922, 48.0464 ], [ -99.0705, 48.0469 ], [ -99.0704, 48.022 ], [ -99.0602, 48.022 ], [ -99.0505, 48.0306 ], [ -99.0498, 48.0328 ], [ -99.0502, 48.035 ], [ -99.0495, 48.0386 ], [ -99.0452, 48.0414 ], [ -99.0419, 48.042 ], [ -99.0414, 48.0436 ], [ -99.0386, 48.0448 ], [ -99.0377, 48.0468 ], [ -99.0368, 48.0474 ], [ -99.032, 48.0468 ], [ -99.0303, 48.0472 ], [ -99.027, 48.0493 ], [ -99.0251, 48.0513 ], [ -99.0243, 48.0514 ], [ -99.0193, 48.0497 ], [ -99.0157, 48.0496 ], [ -99.0153, 48.049 ], [ -99.0139, 48.0501 ], [ -99.0138, 48.0508 ], [ -99.0124, 48.0512 ], [ -99.0127, 48.0534 ], [ -99.0123, 48.0535 ], [ -99.0114, 48.0523 ], [ -99.0085, 48.0523 ], [ -99.0061, 48.0512 ], [ -99.001, 48.0533 ], [ -99.0008, 48.0528 ], [ -99.0021, 48.0511 ], [ -99.0012, 48.05 ], [ -99.0012, 48.0491 ], [ -99.0019, 48.0478 ], [ -99.0008, 48.0459 ], [ -99.0019, 48.0453 ], [ -99.0043, 48.0419 ], [ -99.0004, 48.0334 ], [ -98.9992, 48.0315 ], [ -98.9985, 48.029 ], [ -98.9976, 48.0281 ], [ -98.9973, 48.027 ], [ -98.9979, 48.0261 ], [ -98.9971, 48.025 ], [ -98.9972, 48.0233 ], [ -98.9966, 48.0222 ], [ -98.9949, 48.0207 ], [ -98.9947, 48.02 ], [ -98.9951, 48.0195 ], [ -98.9944, 48.0188 ], [ -98.9943, 48.0181 ], [ -98.9929, 48.0174 ], [ -98.9908, 48.0169 ], [ -98.9884, 48.0173 ], [ -98.9873, 48.0189 ], [ -98.9865, 48.0194 ], [ -98.986, 48.0194 ], [ -98.9856, 48.0183 ], [ -98.9842, 48.0178 ], [ -98.9866, 48.017 ], [ -98.9878, 48.0158 ], [ -98.9879, 48.015 ], [ -98.9874, 48.014 ], [ -98.9886, 48.013 ], [ -98.9885, 48.0114 ], [ -98.9882, 48.0103 ], [ -98.987, 48.0087 ], [ -98.9869, 48.0075 ], [ -98.9893, 48.0062 ], [ -98.9891, 48.0045 ], [ -98.9895, 48.0041 ], [ -98.9889, 48.0038 ], [ -98.9885, 48.0021 ], [ -98.9924, 47.9989 ], [ -98.9935, 47.9969 ], [ -98.9932, 47.9952 ], [ -98.9916, 47.9928 ], [ -98.9913, 47.9903 ], [ -98.9861, 47.9927 ], [ -98.9854, 47.9938 ], [ -98.9826, 47.9957 ], [ -98.9797, 47.9968 ], [ -98.9744, 47.9973 ], [ -98.9735, 47.9979 ], [ -98.9727, 47.9976 ], [ -98.9711, 47.9978 ], [ -98.9684, 47.9975 ], [ -98.9661, 47.9984 ], [ -98.964, 47.9985 ], [ -98.9629, 47.9993 ], [ -98.961, 47.9998 ], [ -98.9604, 48.0005 ], [ -98.9596, 48.0006 ], [ -98.9584, 48.0018 ], [ -98.9556, 48.0026 ], [ -98.9554, 48.0029 ], [ -98.9561, 48.0037 ], [ -98.9559, 48.0047 ], [ -98.9539, 48.0031 ], [ -98.9452, 48.0027 ], [ -98.9471, 47.9966 ], [ -98.9493, 47.9936 ], [ -98.9495, 47.9928 ], [ -98.9487, 47.9915 ], [ -98.9492, 47.9902 ], [ -98.9473, 47.9888 ], [ -98.9475, 47.9851 ], [ -98.9455, 47.9849 ], [ -98.9437, 47.9843 ], [ -98.9419, 47.9842 ], [ -98.9399, 47.9831 ], [ -98.9347, 47.9813 ], [ -98.9321, 47.9807 ], [ -98.9293, 47.9807 ], [ -98.9263, 47.9796 ], [ -98.9293, 47.9777 ], [ -98.9305, 47.9766 ], [ -98.9313, 47.9748 ], [ -98.9315, 47.9728 ], [ -98.9324, 47.9716 ], [ -98.9314, 47.9703 ], [ -98.931, 47.8472 ], [ -98.9558, 47.847 ], [ -98.9554, 47.8466 ], [ -99.0072, 47.8464 ], [ -99.083, 47.8468 ], [ -99.0936, 47.8469 ], [ -99.0941, 47.8475 ], [ -99.0962, 47.8475 ], [ -99.0968, 47.8469 ], [ -99.0987, 47.8469 ], [ -99.0992, 47.8476 ], [ -99.3057, 47.8467 ], [ -99.3317, 47.8469 ], [ -99.3331, 47.8498 ], [ -99.3345, 47.8503 ], [ -99.3389, 47.8502 ], [ -99.3398, 47.8511 ], [ -99.3413, 47.8513 ], [ -99.3415, 47.8521 ], [ -99.342, 47.8524 ], [ -99.3427, 47.8522 ], [ -99.3453, 47.8529 ], [ -99.3455, 47.8546 ], [ -99.3481, 47.8544 ], [ -99.3487, 47.8547 ], [ -99.3492, 47.8556 ], [ -99.3522, 47.8563 ], [ -99.352, 47.8571 ], [ -99.35, 47.8578 ], [ -99.3494, 47.8589 ], [ -99.35, 47.8599 ], [ -99.3524, 47.8593 ], [ -99.3528, 47.8594 ], [ -99.3527, 47.8602 ], [ -99.3512, 47.8608 ], [ -99.351, 47.8613 ], [ -99.3533, 47.8635 ], [ -99.3556, 47.8642 ], [ -99.357, 47.8634 ], [ -99.3594, 47.8635 ], [ -99.3611, 47.8647 ], [ -99.3636, 47.865 ], [ -99.3641, 47.8655 ], [ -99.364, 47.8668 ], [ -99.3654, 47.8684 ], [ -99.3686, 47.8687 ], [ -99.3698, 47.8691 ], [ -99.3715, 47.8706 ], [ -99.3739, 47.8707 ], [ -99.3777, 47.8715 ], [ -99.3781, 47.8718 ], [ -99.3782, 47.873 ], [ -99.375, 47.8729 ], [ -99.3745, 47.8735 ], [ -99.375, 47.874 ], [ -99.3763, 47.8744 ], [ -99.3801, 47.8737 ], [ -99.381, 47.8745 ], [ -99.3815, 47.8771 ], [ -99.3821, 47.878 ], [ -99.3827, 47.8784 ], [ -99.3847, 47.8777 ], [ -99.3851, 47.8779 ], [ -99.3858, 47.8796 ], [ -99.3872, 47.8813 ], [ -99.387, 47.8817 ], [ -99.3864, 47.8818 ], [ -99.385, 47.8816 ], [ -99.3846, 47.8822 ], [ -99.3858, 47.8834 ], [ -99.3864, 47.8835 ], [ -99.3881, 47.8828 ], [ -99.389, 47.8836 ], [ -99.3888, 47.884 ], [ -99.3878, 47.8844 ], [ -99.3859, 47.8859 ], [ -99.3854, 47.8869 ], [ -99.3854, 47.8873 ], [ -99.3865, 47.8878 ], [ -99.3866, 47.8894 ], [ -99.3878, 47.8902 ], [ -99.3886, 47.8913 ], [ -99.3885, 47.8927 ], [ -99.3892, 47.8941 ], [ -99.3886, 47.8953 ], [ -99.3862, 47.8957 ], [ -99.3858, 47.8973 ], [ -99.3864, 47.898 ], [ -99.3868, 47.9 ], [ -99.3872, 47.9002 ], [ -99.3894, 47.8997 ], [ -99.39, 47.8998 ], [ -99.3903, 47.9013 ], [ -99.3936, 47.9036 ], [ -99.3958, 47.9046 ], [ -99.3957, 47.9051 ], [ -99.3965, 47.9072 ], [ -99.3964, 47.9083 ], [ -99.3958, 47.9088 ], [ -99.3951, 47.9108 ], [ -99.3951, 47.9132 ], [ -99.3935, 47.9145 ], [ -99.3949, 47.9169 ], [ -99.3963, 47.9176 ], [ -99.3974, 47.9211 ], [ -99.3988, 47.9218 ], [ -99.4001, 47.9217 ], [ -99.4007, 47.9228 ], [ -99.4018, 47.9233 ], [ -99.4018, 47.9242 ], [ -99.4034, 47.9249 ], [ -99.4037, 47.9258 ], [ -99.4044, 47.926 ], [ -99.4049, 47.9256 ], [ -99.405, 47.9336 ], [ -99.3834, 47.9336 ] ] ] } },
{ "type": "Feature", "properties": { "GEOIDFQ": "1400000US38005940200", "NAME": "9402", "NAMELSAD": "Census Tract 9402" }, "geometry": { "type": "Polygon", "coordinates": [ [ [ -98.9493, 47.9936 ], [ -98.9471, 47.9966 ], [ -98.9452, 48.0027 ], [ -98.9434, 48.0026 ], [ -98.9415, 48.002 ], [ -98.9382, 48.0 ], [ -98.9329, 47.9985 ], [ -98.9301, 47.9971 ], [ -98.9289, 47.997 ], [ -98.9261, 47.9987 ], [ -98.9232, 47.9997 ], [ -98.9234, 48.0003 ], [ -98.9175, 48.0041 ], [ -98.916, 48.0058 ], [ -98.9158, 48.0081 ], [ -98.916, 48.0087 ], [ -98.9169, 48.0089 ], [ -98.918, 48.0106 ], [ -98.9183, 48.013 ], [ -98.9189, 48.0146 ], [ -98.9197, 48.0153 ], [ -98.92, 48.0175 ], [ -98.9194, 48.0193 ], [ -98.9179, 48.0208 ], [ -98.9158, 48.0214 ], [ -98.9118, 48.0215 ], [ -98.9092, 48.0225 ], [ -98.9043, 48.0231 ], [ -98.9032, 48.0236 ], [ -98.9026, 48.0243 ], [ -98.9016, 48.0245 ], [ -98.9012, 48.025 ], [ -98.9016, 48.0268 ], [ -98.9012, 48.0269 ], [ -98.8977, 48.0271 ], [ -98.8951, 48.0262 ], [ -98.8933, 48.0266 ], [ -98.893, 48.0262 ], [ -98.8938, 48.0254 ], [ -98.8961, 48.0248 ], [ -98.8976, 48.0241 ], [ -98.8981, 48.0235 ], [ -98.8991, 48.0205 ], [ -98.8989, 48.0188 ], [ -98.898, 48.0168 ], [ -98.8963, 48.015 ], [ -98.8941, 48.0135 ], [ -98.8931, 48.0121 ], [ -98.8928, 48.0098 ], [ -98.8935, 48.0077 ], [ -98.8929, 48.0075 ], [ -98.8872, 48.0082 ], [ -98.8872, 48.0087 ], [ -98.8879, 48.0088 ], [ -98.8889, 48.0095 ], [ -98.889, 48.0106 ], [ -98.8879, 48.0123 ], [ -98.8877, 48.0139 ], [ -98.8855, 48.0165 ], [ -98.8844, 48.0186 ], [ -98.8844, 48.0197 ], [ -98.8832, 48.0227 ], [ -98.8834, 48.0245 ], [ -98.8826, 48.0256 ], [ -98.8808, 48.0261 ], [ -98.8784, 48.029 ], [ -98.8764, 48.0303 ], [ -98.8683, 48.0339 ], [ -98.8661, 48.0352 ], [ -98.8635, 48.0374 ], [ -98.8601, 48.0391 ], [ -98.8516, 48.042 ], [ -98.8478, 48.0441 ], [ -98.8419, 48.0454 ], [ -98.8393, 48.0472 ], [ -98.8354, 48.049 ], [ -98.832, 48.0532 ], [ -98.8289, 48.0556 ], [ -98.8273, 48.0563 ], [ -98.8267, 48.0571 ], [ -98.8269, 48.0594 ], [ -98.8272, 48.0592 ], [ -98.8264, 48.0604 ], [ -98.8261, 48.0622 ], [ -98.8243, 48.0623 ], [ -98.8076, 48.0598 ], [ -98.8039, 48.0599 ], [ -98.8026, 48.0586 ], [ -98.8002, 48.0582 ], [ -98.7975, 48.0573 ], [ -98.7949, 48.0558 ], [ -98.7949, 48.055 ], [ -98.8001, 48.0549 ], [ -98.802, 48.054 ], [ -98.8024, 48.0528 ], [ -98.8022, 48.0518 ], [ -98.8011, 48.0502 ], [ -98.8015, 48.0474 ], [ -98.8, 48.0445 ], [ -98.7987, 48.0433 ], [ -98.7987, 48.0427 ], [ -98.7965, 48.0391 ], [ -98.7937, 48.0373 ], [ -98.7914, 48.0334 ], [ -98.79, 48.0321 ], [ -98.789, 48.0318 ], [ -98.7885, 48.0311 ], [ -98.7868, 48.0307 ], [ -98.7859, 48.0301 ], [ -98.7863, 48.0298 ], [ -98.7854, 48.0299 ], [ -98.7852, 48.0296 ], [ -98.7864, 48.0283 ], [ -98.7869, 48.0254 ], [ -98.7857, 48.0211 ], [ -98.7856, 48.0193 ], [ -98.7847, 48.017 ], [ -98.7848, 48.0146 ], [ -98.7844, 48.0132 ], [ -98.7847, 48.0125 ], [ -98.7864, 48.0118 ], [ -98.788, 48.0104 ], [ -98.7875, 48.0096 ], [ -98.7876, 48.0081 ], [ -98.7869, 48.0069 ], [ -98.7833, 48.0055 ], [ -98.7828, 48.0033 ], [ -98.7824, 48.0031 ], [ -98.7832, 48.0016 ], [ -98.7765, 48.0006 ], [ -98.7754, 48.0008 ], [ -98.7746, 48.0 ], [ -98.7698, 47.9987 ], [ -98.768, 47.9992 ], [ -98.7675, 48.0 ], [ -98.7676, 48.0021 ], [ -98.7681, 48.0034 ], [ -98.7692, 48.0042 ], [ -98.7692, 48.0049 ], [ -98.7686, 48.0076 ], [ -98.769, 48.0115 ], [ -98.7682, 48.0128 ], [ -98.7678, 48.0181 ], [ -98.767, 48.0215 ], [ -98.7674, 48.0231 ], [ -98.7669, 48.0245 ], [ -98.7677, 48.0285 ], [ -98.7677, 48.0305 ], [ -98.7673, 48.0306 ], [ -98.7662, 48.0269 ], [ -98.7658, 48.0217 ], [ -98.7653, 48.0201 ], [ -98.7661, 48.0168 ], [ -98.7655, 48.015 ], [ -98.7657, 48.0127 ], [ -98.7651, 48.0099 ], [ -98.7637, 48.0076 ], [ -98.7602, 48.0059 ], [ -98.7593, 48.0048 ], [ -98.7608, 48.0033 ], [ -98.7623, 48.0028 ], [ -98.7631, 48.002 ], [ -98.7636, 48.0012 ], [ -98.7631, 47.9991 ], [ -98.7614, 47.9974 ], [ -98.7553, 47.9945 ], [ -98.7528, 47.9926 ], [ -98.7522, 47.991 ], [ -98.7526, 47.9886 ], [ -98.7519, 47.9858 ], [ -98.7506, 47.9831 ], [ -98.7515, 47.9806 ], [ -98.7536, 47.9778 ], [ -98.7571, 47.9764 ], [ -98.7591, 47.9746 ], [ -98.7594, 47.9738 ], [ -98.7591, 47.9718 ], [ -98.7596, 47.9712 ], [ -98.7605, 47.971 ], [ -98.7619, 47.9715 ], [ -98.7621, 47.972 ], [ -98.7615, 47.9723 ], [ -98.7616, 47.9729 ], [ -98.763, 47.9743 ], [ -98.7651, 47.9751 ], [ -98.767, 47.9752 ], [ -98.77, 47.975 ], [ -98.7776, 47.9737 ], [ -98.7801, 47.9729 ], [ -98.7815, 47.9719 ], [ -98.7847, 47.9687 ], [ -98.7847, 47.9657 ], [ -98.7873, 47.9645 ], [ -98.7886, 47.9619 ], [ -98.7922, 47.959 ], [ -98.7971, 47.9564 ], [ -98.797, 47.9546 ], [ -98.7963, 47.9543 ], [ -98.7956, 47.9525 ], [ -98.7943, 47.9513 ], [ -98.7916, 47.9506 ], [ -98.7893, 47.9514 ], [ -98.7876, 47.9531 ], [ -98.785, 47.9548 ], [ -98.7843, 47.9563 ], [ -98.783, 47.9571 ], [ -98.7798, 47.9608 ], [ -98.773, 47.9643 ], [ -98.7706, 47.9678 ], [ -98.7663, 47.9695 ], [ -98.7649, 47.9697 ], [ -98.763, 47.9717 ], [ -98.7614, 47.9711 ], [ -98.7583, 47.9707 ], [ -98.7555, 47.9709 ], [ -98.7532, 47.9713 ], [ -98.7506, 47.9731 ], [ -98.7495, 47.9732 ], [ -98.7357, 47.9803 ], [ -98.7341, 47.9822 ], [ -98.7326, 47.985 ], [ -98.7306, 47.9872 ], [ -98.7301, 47.9873 ], [ -98.7284, 47.9895 ], [ -98.7272, 47.9914 ], [ -98.7269, 47.9928 ], [ -98.7259, 47.9937 ], [ -98.7239, 47.9973 ], [ -98.7228, 47.9981 ], [ -98.7207, 47.9987 ], [ -98.714, 47.9986 ], [ -98.71, 48.0001 ], [ -98.7075, 48.0027 ], [ -98.7064, 48.0034 ], [ -98.7, 48.0032 ], [ -98.6939, 48.0037 ], [ -98.6826, 48.0009 ], [ -98.6721, 48.0004 ], [ -98.671, 48.0 ], [ -98.6703, 47.9987 ], [ -98.6673, 47.9956 ], [ -98.6668, 47.9942 ], [ -98.6638, 47.9921 ], [ -98.6637, 47.9914 ], [ -98.6651, 47.9903 ], [ -98.6642, 47.9878 ], [ -98.6642, 47.9868 ], [ -98.665, 47.9856 ], [ -98.6692, 47.9827 ], [ -98.6708, 47.9804 ], [ -98.6702, 47.9794 ], [ -98.6657, 47.9748 ], [ -98.6658, 47.9728 ], [ -98.6643, 47.9705 ], [ -98.6643, 47.9679 ], [ -98.6635, 47.9643 ], [ -98.6599, 47.9602 ], [ -98.659, 47.9599 ], [ -98.6553, 47.9571 ], [ -98.652, 47.9542 ], [ -98.6507, 47.9537 ], [ -98.6482, 47.9517 ], [ -98.645, 47.9505 ], [ -98.6421, 47.9479 ], [ -98.6394, 47.9469 ], [ -98.6368, 47.9452 ], [ -98.6348, 47.9444 ], [ -98.6308, 47.9417 ], [ -98.6283, 47.9406 ], [ -98.626, 47.9385 ], [ -98.6257, 47.9368 ], [ -98.6279, 47.936 ], [ -98.6285, 47.9355 ], [ -98.6297, 47.9334 ], [ -98.6305, 47.9328 ], [ -98.6333, 47.9323 ], [ -98.6353, 47.931 ], [ -98.6349, 47.9297 ], [ -98.633, 47.9292 ], [ -98.6332, 47.9279 ], [ -98.6317, 47.926 ], [ -98.6316, 47.9231 ], [ -98.6297, 47.9207 ], [ -98.6281, 47.92 ], [ -98.628, 47.919 ], [ -98.6269, 47.9172 ], [ -98.6254, 47.9164 ], [ -98.5831, 47.9166 ], [ -98.5824, 47.9151 ], [ -98.5256, 47.9151 ], [ -98.5255, 47.8463 ], [ -98.5442, 47.8462 ], [ -98.5448, 47.8474 ], [ -98.5465, 47.8475 ], [ -98.8231, 47.8476 ], [ -98.931, 47.8472 ], [ -98.9314, 47.9703 ], [ -98.9324, 47.9716 ], [ -98.9315, 47.9728 ], [ -98.9313, 47.9748 ], [ -98.9305, 47.9766 ], [ -98.9293, 47.9777 ], [ -98.9263, 47.9796 ], [ -98.9293, 47.9807 ], [ -98.9321, 47.9807 ], [ -98.9347, 47.9813 ], [ -98.9399, 47.9831 ], [ -98.9419, 47.9842 ], [ -98.9437, 47.9843 ], [ -98.9455, 47.9849 ], [ -98.9475, 47.9851 ], [ -98.9473, 47.9888 ], [ -98.9492, 47.9902 ], [ -98.9487, 47.9915 ], [ -98.9495, 47.9928 ], [ -98.9493, 47.9936 ] ] ] } },
{ "type": "Feature", "properties": { "GEOIDFQ": "1400000US38097970100", "NAME": "9701", "NAMELSAD": "Census Tract 9701" }, "geometry": { "type": "Polygon", "coordinates": [ [ [ -97.4727, 47.6721 ], [ -96.887, 47.6722 ], [ -96.8894, 47.6709 ], [ -96.8899, 47.6698 ], [ -96.8894, 47.6685 ], [ -96.8866, 47.6659 ], [ -96.8854, 47.6636 ], [ -96.8856, 47.6617 ], [ -96.8875, 47.6587 ], [ -96.8867, 47.6555 ], [ -96.8868, 47.6534 ], [ -96.8862, 47.6523 ], [ -96.8825, 47.6501 ], [ -96.8821, 47.6481 ], [ -96.8829, 47.6443 ], [ -96.8824, 47.643 ], [ -96.8826, 47.6419 ], [ -96.8844, 47.6406 ], [ -96.8863, 47.6403 ], [ -96.8881, 47.6396 ], [ -96.8881, 47.6383 ], [ -96.8866, 47.6368 ], [ -96.8825, 47.6337 ], [ -96.882, 47.6329 ], [ -96.8815, 47.63 ], [ -96.8809, 47.6295 ], [ -96.8793, 47.6287 ], [ -96.8766, 47.6289 ], [ -96.8754, 47.6287 ], [ -96.8744, 47.6278 ], [ -96.8745, 47.6269 ], [ -96.8754, 47.6266 ], [ -96.8792, 47.6267 ], [ -96.8805, 47.626 ], [ -96.8806, 47.6256 ], [ -96.8799, 47.6248 ], [ -96.8775, 47.6244 ], [ -96.8759, 47.6234 ], [ -96.8763, 47.6221 ], [ -96.8797, 47.6203 ], [ -96.8797, 47.6193 ], [ -96.879, 47.6188 ], [ -96.8754, 47.6191 ], [ -96.8727, 47.6184 ], [ -96.8718, 47.6185 ], [ -96.871, 47.6181 ], [ -96.871, 47.6169 ], [ -96.874, 47.6149 ], [ -96.8742, 47.614 ], [ -96.8736, 47.6135 ], [ -96.872, 47.6136 ], [ -96.8706, 47.6145 ], [ -96.8691, 47.6148 ], [ -96.8659, 47.6126 ], [ -96.8602, 47.6122 ], [ -96.8571, 47.6107 ], [ -96.8557, 47.6093 ], [ -96.8548, 47.6069 ], [ -96.8551, 47.6056 ], [ -96.8569, 47.6031 ], [ -96.8568, 47.6018 ], [ -96.8554, 47.6007 ], [ -96.8521, 47.5997 ], [ -96.851, 47.5985 ], [ -96.8514, 47.597 ], [ -96.8527, 47.5962 ], [ -96.8538, 47.596 ], [ -96.858, 47.5963 ], [ -96.8589, 47.5957 ], [ -96.8589, 47.5951 ], [ -96.858, 47.5945 ], [ -96.8544, 47.5931 ], [ -96.8514, 47.5926 ], [ -96.8503, 47.5918 ], [ -96.8499, 47.5908 ], [ -96.8512, 47.5879 ], [ -96.8516, 47.5858 ], [ -96.8533, 47.5836 ], [ -96.8528, 47.5811 ], [ -96.8537, 47.5789 ], [ -96.8562, 47.5769 ], [ -96.8591, 47.5755 ], [ -96.8603, 47.5754 ], [ -96.8605, 47.575 ], [ -96.8598, 47.5741 ], [ -96.8544, 47.5722 ], [ -96.8524, 47.571 ], [ -96.8517, 47.5702 ], [ -96.8516, 47.5687 ], [ -96.8528, 47.5679 ], [ -96.8544, 47.5674 ], [ -96.8585, 47.5671 ], [ -96.8598, 47.5674 ], [ -96.8617, 47.5685 ], [ -96.8642, 47.5689 ], [ -96.8648, 47.5695 ], [ -96.8658, 47.5697 ], [ -96.8682, 47.5685 ], [ -96.8689, 47.567 ], [ -96.8684, 47.5658 ], [ -96.8668, 47.5641 ], [ -96.865, 47.563 ], [ -96.8631, 47.5625 ], [ -96.8609, 47.5628 ], [ -96.8567, 47.5647 ], [ -96.8519, 47.5657 ], [ -96.8497, 47.5667 ], [ -96.8486, 47.5667 ], [ -96.8475, 47.5662 ], [ -96.8473, 47.5656 ], [ -96.8476, 47.5647 ], [ -96.854, 47.5605 ], [ -96.8563, 47.56 ], [ -96.8601, 47.5606 ], [ -96.8614, 47.5601 ], [ -96.8617, 47.5593 ], [ -96.8605, 47.5576 ], [ -96.8579, 47.5554 ], [ -96.8567, 47.5551 ], [ -96.8517, 47.5546 ], [ -96.8502, 47.5538 ], [ -96.8498, 47.5532 ], [ -96.8503, 47.5519 ], [ -96.8538, 47.5492 ], [ -96.8549, 47.5486 ], [ -96.8577, 47.5478 ], [ -96.8587, 47.5471 ], [ -96.8601, 47.5469 ], [ -96.8604, 47.5459 ], [ -96.8583, 47.5449 ], [ -96.8512, 47.5434 ], [ -96.8486, 47.5426 ], [ -96.8462, 47.5408 ], [ -96.8453, 47.5388 ], [ -96.8467, 47.5374 ], [ -96.8488, 47.5372 ], [ -96.8506, 47.5381 ], [ -96.8526, 47.5407 ], [ -96.8554, 47.5421 ], [ -96.8577, 47.5422 ], [ -96.8623, 47.5412 ], [ -96.8633, 47.5405 ], [ -96.8636, 47.5395 ], [ -96.8631, 47.5386 ], [ -96.862, 47.5378 ], [ -96.8606, 47.5372 ], [ -96.859, 47.5371 ], [ -96.8559, 47.5382 ], [ -96.8545, 47.5383 ], [ -96.8535, 47.5376 ], [ -96.8536, 47.5362 ], [ -96.8569, 47.5339 ], [ -96.8588, 47.531 ], [ -96.8609, 47.5294 ], [ -96.8628, 47.5289 ], [ -96.8692, 47.5289 ], [ -96.8707, 47.5282 ], [ -96.8712, 47.5273 ], [ -96.8709, 47.5267 ], [ -96.8701, 47.5263 ], [ -96.8677, 47.5259 ], [ -96.8667, 47.5254 ], [ -96.8661, 47.5229 ], [ -96.8636, 47.52 ], [ -96.8633, 47.5172 ], [ -96.8609, 47.5155 ], [ -96.8572, 47.5146 ], [ -96.8539, 47.5144 ], [ -96.8522, 47.5148 ], [ -96.8473, 47.5167 ], [ -96.8455, 47.517 ], [ -96.8439, 47.5168 ], [ -96.8421, 47.5158 ], [ -96.8419, 47.5149 ], [ -96.8425, 47.5138 ], [ -96.8431, 47.513 ], [ -96.8443, 47.5125 ], [ -96.8466, 47.5124 ], [ -96.8492, 47.5133 ], [ -96.8508, 47.5136 ], [ -96.8522, 47.5133 ], [ -96.8533, 47.5126 ], [ -96.8536, 47.5112 ], [ -96.8521, 47.5098 ], [ -96.8503, 47.5096 ], [ -96.8468, 47.5104 ], [ -96.8451, 47.5105 ], [ -96.8431, 47.5099 ], [ -96.8425, 47.5094 ], [ -96.8423, 47.5086 ], [ -96.8437, 47.5074 ], [ -96.847, 47.5065 ], [ -96.8491, 47.5064 ], [ -96.8515, 47.5076 ], [ -96.8525, 47.5075 ], [ -96.853, 47.5069 ], [ -96.8529, 47.5051 ], [ -96.8536, 47.5019 ], [ -96.8527, 47.5007 ], [ -96.8507, 47.5 ], [ -96.8523, 47.4989 ], [ -96.853, 47.4992 ], [ -96.8556, 47.4978 ], [ -96.8913, 47.4976 ], [ -97.0486, 47.498 ], [ -97.1492, 47.4977 ], [ -97.2766, 47.498 ], [ -97.2872, 47.4975 ], [ -97.2926, 47.498 ], [ -97.3047, 47.498 ], [ -97.3047, 47.5125 ], [ -97.3682, 47.513 ], [ -97.3686, 47.5108 ], [ -97.3697, 47.5108 ], [ -97.3701, 47.5087 ], [ -97.3707, 47.5078 ], [ -97.3705, 47.5071 ], [ -97.371, 47.5066 ], [ -97.372, 47.5067 ], [ -97.3735, 47.508 ], [ -97.3754, 47.5088 ], [ -97.3765, 47.5099 ], [ -97.377, 47.5099 ], [ -97.3788, 47.5086 ], [ -97.3787, 47.508 ], [ -97.3776, 47.5065 ], [ -97.375, 47.5049 ], [ -97.3754, 47.5043 ], [ -97.3776, 47.504 ], [ -97.3797, 47.5054 ], [ -97.3804, 47.5054 ], [ -97.3825, 47.5051 ], [ -97.383, 47.5038 ], [ -97.3841, 47.5036 ], [ -97.3846, 47.5038 ], [ -97.3852, 47.5057 ], [ -97.3857, 47.5057 ], [ -97.388, 47.5043 ], [ -97.3873, 47.5026 ], [ -97.3895, 47.5029 ], [ -97.3892, 47.5018 ], [ -97.3907, 47.5016 ], [ -97.3915, 47.502 ], [ -97.3912, 47.5046 ], [ -97.3919, 47.5051 ], [ -97.3929, 47.5052 ], [ -97.3936, 47.5044 ], [ -97.3945, 47.5021 ], [ -97.3956, 47.5012 ], [ -97.3969, 47.5011 ], [ -97.3978, 47.5019 ], [ -97.3991, 47.5021 ], [ -97.4009, 47.5018 ], [ -97.4032, 47.5004 ], [ -97.4038, 47.5005 ], [ -97.4047, 47.5015 ], [ -97.4053, 47.5016 ], [ -97.4057, 47.5011 ], [ -97.4203, 47.5111 ], [ -97.424, 47.5124 ], [ -97.4273, 47.5129 ], [ -97.4453, 47.5129 ], [ -97.4476, 47.5132 ], [ -97.4501, 47.5141 ], [ -97.4512, 47.5133 ], [ -97.4525, 47.5129 ], [ -97.4634, 47.5128 ], [ -97.4656, 47.5124 ], [ -97.4669, 47.5128 ], [ -97.473, 47.5128 ], [ -97.4735, 47.5148 ], [ -97.4727, 47.6721 ] ] ] } },
{ "type": "Feature", "properties": { "GEOIDFQ": "1400000US38059020200", "NAME": "202", "NAMELSAD": "Census Tract 202" }, "geometry": { "type": "Polygon", "coordinates": [ [ [ -101.0082, 46.8602 ], [ -101.0082, 46.9029 ], [ -101.0075, 46.9051 ], [ -101.0049, 46.9096 ], [ -101.0044, 46.9113 ], [ -101.0045, 46.9133 ], [ -101.007, 46.9217 ], [ -101.008, 46.9272 ], [ -101.0079, 46.9485 ], [ -101.0083, 46.9507 ], [ -100.9647, 46.9511 ], [ -100.9634, 46.9492 ], [ -100.9519, 46.9378 ], [ -100.9515, 46.9361 ], [ -100.9528, 46.929 ], [ -100.9523, 46.9275 ], [ -100.9501, 46.9242 ], [ -100.9481, 46.9225 ], [ -100.9377, 46.9168 ], [ -100.935, 46.9137 ], [ -100.9319, 46.915 ], [ -100.9372, 46.9211 ], [ -100.935, 46.9225 ], [ -100.9326, 46.9225 ], [ -100.9308, 46.922 ], [ -100.9284, 46.9225 ], [ -100.9047, 46.9226 ], [ -100.9069, 46.9144 ], [ -100.9075, 46.9087 ], [ -100.908, 46.9076 ], [ -100.9082, 46.9056 ], [ -100.9058, 46.8998 ], [ -100.9039, 46.897 ], [ -100.8755, 46.8651 ], [ -100.8636, 46.8465 ], [ -100.8595, 46.8412 ], [ -100.8537, 46.8361 ], [ -100.8416, 46.828 ], [ -100.8341, 46.822 ], [ -100.8372, 46.8216 ], [ -100.8403, 46.8219 ], [ -100.8518, 46.8259 ], [ -100.8579, 46.8291 ], [ -100.8641, 46.8347 ], [ -100.8679, 46.8366 ], [ -100.8929, 46.8413 ], [ -100.8928, 46.8372 ], [ -100.8909, 46.8306 ], [ -100.8998, 46.8293 ], [ -100.9004, 46.8314 ], [ -100.9019, 46.8312 ], [ -100.903, 46.8316 ], [ -100.9053, 46.831 ], [ -100.9053, 46.8319 ], [ -100.9062, 46.8322 ], [ -100.9118, 46.8307 ], [ -100.9127, 46.83 ], [ -100.9106, 46.8288 ], [ -100.9095, 46.8288 ], [ -100.9095, 46.8279 ], [ -100.9118, 46.8279 ], [ -100.9117, 46.8267 ], [ -100.9103, 46.8243 ], [ -100.9198, 46.8233 ], [ -100.9266, 46.8237 ], [ -100.9836, 46.8356 ], [ -100.9862, 46.8365 ], [ -100.9914, 46.8388 ], [ -100.9979, 46.8427 ], [ -101.0001, 46.8437 ], [ -101.0125, 46.8464 ], [ -101.0082, 46.8602 ] ] ] } },
{ "type": "Feature", "properties": { "GEOIDFQ": "1400000US38059020500", "NAME": "205", "NAMELSAD": "Census Tract 205" }, "geometry": { "type": "Polygon", "coordinates": [ [ [ -102.0968, 46.9811 ], [ -102.0959, 46.9813 ], [ -101.5684, 46.9813 ], [ -101.4313, 46.9811 ], [ -101.4021, 46.9813 ], [ -101.389, 46.9811 ], [ -101.2827, 46.981 ], [ -101.282, 46.8832 ], [ -101.2814, 46.8793 ], [ -101.2819, 46.8751 ], [ -101.2812, 46.8366 ], [ -101.2811, 46.8331 ], [ -101.2796, 46.8293 ], [ -101.2809, 46.8255 ], [ -101.2809, 46.8026 ], [ -101.2791, 46.7482 ], [ -101.2779, 46.6622 ], [ -101.2785, 46.6607 ], [ -101.2801, 46.6596 ], [ -101.2821, 46.6592 ], [ -101.3055, 46.6594 ], [ -101.3073, 46.6591 ], [ -101.3086, 46.6584 ], [ -101.3094, 46.6568 ], [ -101.3089, 46.633 ], [ -101.3092, 46.6305 ], [ -101.4676, 46.6307 ], [ -101.5004, 46.6305 ], [ -101.7181, 46.631 ], [ -101.7185, 46.6313 ], [ -101.7186, 46.6346 ], [ -101.7182, 46.7178 ], [ -102.0962, 46.7178 ], [ -102.0972, 46.9805 ], [ -102.0968, 46.9811 ] ] ] } },
{ "type": "Feature", "properties": { "GEOIDFQ": "1400000US38059020100", "NAME": "201", "NAMELSAD": "Census Tract 201" }, "geometry": { "type": "Polygon", "coordinates": [ [ [ -100.9062, 46.8322 ], [ -100.9053, 46.8319 ], [ -100.9053, 46.831 ], [ -100.903, 46.8316 ], [ -100.9019, 46.8312 ], [ -100.9004, 46.8314 ], [ -100.8998, 46.8293 ], [ -100.8909, 46.8306 ], [ -100.8928, 46.8372 ], [ -100.8929, 46.8413 ], [ -100.8709, 46.8373 ], [ -100.8673, 46.8364 ], [ -100.8641, 46.8347 ], [ -100.8579, 46.8291 ], [ -100.8518, 46.8259 ], [ -100.8615, 46.8291 ], [ -100.8639, 46.8295 ], [ -100.8667, 46.8296 ], [ -100.8687, 46.8293 ], [ -100.8702, 46.8284 ], [ -100.9109, 46.8229 ], [ -100.9116, 46.8242 ], [ -100.9103, 46.8243 ], [ -100.9117, 46.8267 ], [ -100.9118, 46.8279 ], [ -100.9095, 46.8279 ], [ -100.9095, 46.8288 ], [ -100.9106, 46.8288 ], [ -100.9127, 46.83 ], [ -100.9123, 46.8303 ], [ -100.9062, 46.8322 ] ] ] } },
{ "type": "Feature", "properties": { "GEOIDFQ": "1400000US38059020400", "NAME": "204", "NAMELSAD": "Census Tract 204" }, "geometry": { "type": "Polygon", "coordinates": [ [ [ -101.3082, 46.6586 ], [ -101.3058, 46.6594 ], [ -101.2814, 46.6592 ], [ -101.2789, 46.6603 ], [ -101.2779, 46.662 ], [ -101.2791, 46.7482 ], [ -101.2809, 46.7999 ], [ -101.2809, 46.8255 ], [ -101.2796, 46.8293 ], [ -101.2811, 46.8331 ], [ -101.2812, 46.8366 ], [ -101.2819, 46.8751 ], [ -101.2814, 46.8793 ], [ -101.282, 46.8832 ], [ -101.2827, 46.981 ], [ -101.1781, 46.9816 ], [ -101.1512, 46.982 ], [ -101.0532, 46.9823 ], [ -100.9666, 46.983 ], [ -100.936, 46.9828 ], [ -100.9384, 46.9778 ], [ -100.9392, 46.9727 ], [ -100.938, 46.9692 ], [ -100.9334, 46.9644 ], [ -100.9123, 46.9532 ], [ -100.9092, 46.9509 ], [ -100.9077, 46.9487 ], [ -100.9053, 46.9401 ], [ -100.9052, 46.9371 ], [ -100.904, 46.9313 ], [ -100.9039, 46.9278 ], [ -100.9047, 46.9226 ], [ -100.9284, 46.9225 ], [ -100.9308, 46.922 ], [ -100.9326, 46.9225 ], [ -100.935, 46.9225 ], [ -100.9372, 46.9211 ], [ -100.9319, 46.915 ], [ -100.935, 46.9137 ], [ -100.9377, 46.9168 ], [ -100.9481, 46.9225 ], [ -100.9501, 46.9242 ], [ -100.9523, 46.9275 ], [ -100.9528, 46.929 ], [ -100.9515, 46.9361 ], [ -100.9519, 46.9378 ], [ -100.9634, 46.9492 ], [ -100.9647, 46.9511 ], [ -101.0083, 46.9507 ], [ -101.0079, 46.9485 ], [ -101.008, 46.9272 ], [ -101.007, 46.9217 ], [ -101.0045, 46.9133 ], [ -101.0044, 46.9113 ], [ -101.0049, 46.9096 ], [ -101.0075, 46.9051 ], [ -101.0082, 46.9029 ], [ -101.0082, 46.8602 ], [ -101.0125, 46.8464 ], [ -101.0001, 46.8437 ], [ -100.9979, 46.8427 ], [ -100.9914, 46.8388 ], [ -100.985, 46.836 ], [ -100.9653, 46.8318 ], [ -100.9649, 46.8002 ], [ -100.9636, 46.7994 ], [ -100.9645, 46.7986 ], [ -100.9653, 46.7992 ], [ -100.9657, 46.7988 ], [ -100.9666, 46.7973 ], [ -100.9663, 46.7969 ], [ -100.9667, 46.7956 ], [ -100.965, 46.7934 ], [ -100.9644, 46.7626 ], [ -100.8959, 46.7635 ], [ -100.8908, 46.762 ], [ -100.8889, 46.7618 ], [ -100.886, 46.7622 ], [ -100.8827, 46.7635 ], [ -100.8719, 46.7636 ], [ -100.8797, 46.7491 ], [ -100.8797, 46.7346 ], [ -100.8293, 46.7348 ], [ -100.8279, 46.735 ], [ -100.8138, 46.7348 ], [ -100.8033, 46.7356 ], [ -100.7949, 46.7371 ], [ -100.7937, 46.7366 ], [ -100.7912, 46.7363 ], [ -100.7829, 46.7373 ], [ -100.7795, 46.7366 ], [ -100.7762, 46.7338 ], [ -100.774, 46.7297 ], [ -100.774, 46.7274 ], [ -100.775, 46.7248 ], [ -100.7751, 46.7225 ], [ -100.777, 46.7209 ], [ -100.7799, 46.7195 ], [ -100.7886, 46.7192 ], [ -100.791, 46.7188 ], [ -100.7959, 46.7174 ], [ -100.7974, 46.7166 ], [ -100.7979, 46.7156 ], [ -100.7958, 46.712 ], [ -100.7935, 46.7067 ], [ -100.7888, 46.6917 ], [ -100.7878, 46.6906 ], [ -100.7842, 46.688 ], [ -100.7825, 46.6873 ], [ -100.7782, 46.6865 ], [ -100.7727, 46.6868 ], [ -100.7697, 46.6873 ], [ -100.7562, 46.6919 ], [ -100.7514, 46.693 ], [ -100.7497, 46.693 ], [ -100.7454, 46.691 ], [ -100.7427, 46.6887 ], [ -100.7398, 46.6846 ], [ -100.7383, 46.6804 ], [ -100.738, 46.678 ], [ -100.7384, 46.6764 ], [ -100.7427, 46.6729 ], [ -100.7441, 46.6707 ], [ -100.7455, 46.6658 ], [ -100.7452, 46.6638 ], [ -100.7441, 46.6624 ], [ -100.7401, 46.6598 ], [ -100.7369, 46.658 ], [ -100.7332, 46.6567 ], [ -100.728, 46.6557 ], [ -100.7246, 46.6557 ], [ -100.7123, 46.6574 ], [ -100.7087, 46.6584 ], [ -100.7019, 46.6605 ], [ -100.6971, 46.6625 ], [ -100.6884, 46.6671 ], [ -100.6821, 46.6711 ], [ -100.6757, 46.6737 ], [ -100.6708, 46.6747 ], [ -100.6624, 46.677 ], [ -100.6604, 46.6773 ], [ -100.6541, 46.6795 ], [ -100.652, 46.6799 ], [ -100.646, 46.6796 ], [ -100.6417, 46.6784 ], [ -100.6401, 46.6772 ], [ -100.6396, 46.6757 ], [ -100.64, 46.672 ], [ -100.6418, 46.6657 ], [ -100.6442, 46.6631 ], [ -100.646, 46.6617 ], [ -100.6522, 46.6582 ], [ -100.6554, 46.6552 ], [ -100.6595, 46.6501 ], [ -100.6624, 46.6441 ], [ -100.6637, 46.6396 ], [ -100.6627, 46.6355 ], [ -100.6606, 46.6334 ], [ -100.6535, 46.6292 ], [ -100.641, 46.6227 ], [ -100.6295, 46.6142 ], [ -100.6254, 46.6122 ], [ -100.6018, 46.6037 ], [ -100.5847, 46.5995 ], [ -100.5681, 46.594 ], [ -100.561, 46.5878 ], [ -100.5611, 46.5843 ], [ -100.5654, 46.5784 ], [ -100.5714, 46.5777 ], [ -100.5762, 46.5789 ], [ -100.5809, 46.5806 ], [ -100.5857, 46.5792 ], [ -100.5878, 46.5766 ], [ -100.587, 46.5734 ], [ -100.5763, 46.5626 ], [ -100.5685, 46.556 ], [ -100.558, 46.5457 ], [ -100.5446, 46.5338 ], [ -100.5441, 46.5304 ], [ -100.5458, 46.5252 ], [ -100.5507, 46.5196 ], [ -100.5588, 46.5142 ], [ -100.5628, 46.512 ], [ -100.5709, 46.509 ], [ -100.5747, 46.5078 ], [ -100.5787, 46.5056 ], [ -100.5833, 46.4993 ], [ -100.5866, 46.4927 ], [ -100.5906, 46.4803 ], [ -100.5912, 46.473 ], [ -100.5924, 46.4662 ], [ -100.5981, 46.4513 ], [ -100.5986, 46.4477 ], [ -100.5984, 46.4436 ], [ -100.5972, 46.4391 ], [ -100.5953, 46.4355 ], [ -100.5943, 46.4347 ], [ -100.59, 46.4283 ], [ -100.5902, 46.4279 ], [ -100.6002, 46.4293 ], [ -100.6015, 46.4284 ], [ -100.6008, 46.4248 ], [ -100.6022, 46.4242 ], [ -100.6036, 46.4244 ], [ -100.6059, 46.4261 ], [ -100.6091, 46.4271 ], [ -100.6113, 46.4274 ], [ -100.6129, 46.4271 ], [ -100.6138, 46.4264 ], [ -100.6135, 46.4247 ], [ -100.6079, 46.4223 ], [ -100.6067, 46.421 ], [ -100.6067, 46.4191 ], [ -100.6079, 46.418 ], [ -100.6099, 46.4169 ], [ -100.6123, 46.417 ], [ -100.6165, 46.4178 ], [ -100.6192, 46.4198 ], [ -100.6199, 46.4224 ], [ -100.6207, 46.4236 ], [ -100.623, 46.4253 ], [ -100.6253, 46.4258 ], [ -100.6275, 46.4241 ], [ -100.627, 46.419 ], [ -100.6282, 46.4181 ], [ -100.6392, 46.4144 ], [ -100.6424, 46.4124 ], [ -100.651, 46.412 ], [ -100.6547, 46.411 ], [ -100.6583, 46.4079 ], [ -100.6637, 46.4064 ], [ -100.6659, 46.4063 ], [ -100.6746, 46.4126 ], [ -100.6775, 46.4133 ], [ -100.6819, 46.4122 ], [ -100.6845, 46.4105 ], [ -100.6865, 46.4097 ], [ -100.6875, 46.4068 ], [ -100.6885, 46.4057 ], [ -100.6908, 46.401 ], [ -100.6912, 46.3991 ], [ -100.6919, 46.3979 ], [ -100.6966, 46.3947 ], [ -100.6981, 46.394 ], [ -100.7012, 46.3936 ], [ -100.7022, 46.394 ], [ -100.7035, 46.3964 ], [ -100.7056, 46.3988 ], [ -100.7067, 46.3991 ], [ -100.7083, 46.3981 ], [ -100.7091, 46.3969 ], [ -100.7098, 46.3915 ], [ -100.7086, 46.3903 ], [ -100.7069, 46.3864 ], [ -100.707, 46.386 ], [ -100.7085, 46.3848 ], [ -100.7135, 46.3837 ], [ -100.7183, 46.3804 ], [ -100.7205, 46.3797 ], [ -100.7224, 46.3803 ], [ -100.7228, 46.3808 ], [ -100.7228, 46.383 ], [ -100.7219, 46.3852 ], [ -100.7221, 46.386 ], [ -100.7213, 46.3883 ], [ -100.7213, 46.3901 ], [ -100.7221, 46.392 ], [ -100.7232, 46.3926 ], [ -100.7247, 46.3926 ], [ -100.7313, 46.3901 ], [ -100.7353, 46.3903 ], [ -100.7372, 46.3912 ], [ -100.736, 46.3938 ], [ -100.7345, 46.3948 ], [ -100.734, 46.3961 ], [ -100.7367, 46.4011 ], [ -100.7373, 46.4016 ], [ -100.7378, 46.4016 ], [ -100.7426, 46.4001 ], [ -100.7457, 46.3953 ], [ -100.7471, 46.3939 ], [ -100.7494, 46.3927 ], [ -100.7516, 46.3931 ], [ -100.7532, 46.3957 ], [ -100.755, 46.3962 ], [ -100.7586, 46.3962 ], [ -100.7603, 46.3957 ], [ -100.7635, 46.3939 ], [ -100.764, 46.3939 ], [ -100.7658, 46.3956 ], [ -100.7646, 46.3969 ], [ -100.7649, 46.3977 ], [ -100.7654, 46.3979 ], [ -100.7695, 46.3979 ], [ -100.7707, 46.3975 ], [ -100.7714, 46.396 ], [ -100.7735, 46.3944 ], [ -100.774, 46.3917 ], [ -100.7754, 46.3912 ], [ -100.7781, 46.3915 ], [ -100.7801, 46.3904 ], [ -100.7825, 46.3908 ], [ -100.7849, 46.3903 ], [ -100.7899, 46.3909 ], [ -100.7953, 46.391 ], [ -100.7976, 46.3903 ], [ -100.8004, 46.3907 ], [ -100.8049, 46.3901 ], [ -100.8059, 46.3893 ], [ -100.8059, 46.3874 ], [ -100.8067, 46.3856 ], [ -100.808, 46.3847 ], [ -100.8105, 46.3845 ], [ -100.813, 46.3858 ], [ -100.8149, 46.3847 ], [ -100.8159, 46.3849 ], [ -100.817, 46.3856 ], [ -100.819, 46.3876 ], [ -100.8212, 46.389 ], [ -100.8231, 46.389 ], [ -100.8282, 46.3881 ], [ -100.8312, 46.3881 ], [ -100.8319, 46.3887 ], [ -100.8321, 46.3895 ], [ -100.8311, 46.3919 ], [ -100.832, 46.3927 ], [ -100.8326, 46.3927 ], [ -100.834, 46.3919 ], [ -100.8379, 46.3909 ], [ -100.8468, 46.3936 ], [ -100.8527, 46.3944 ], [ -100.8537, 46.3954 ], [ -100.8536, 46.4004 ], [ -100.8552, 46.4026 ], [ -100.857, 46.4033 ], [ -100.858, 46.403 ], [ -100.8584, 46.4024 ], [ -100.8591, 46.3998 ], [ -100.8624, 46.3986 ], [ -100.8625, 46.3968 ], [ -100.8619, 46.3949 ], [ -100.8627, 46.3934 ], [ -100.8633, 46.393 ], [ -100.865, 46.3929 ], [ -100.8652, 46.3922 ], [ -100.867, 46.3915 ], [ -100.8687, 46.3894 ], [ -100.8696, 46.3892 ], [ -100.8737, 46.3897 ], [ -100.8773, 46.3897 ], [ -100.8794, 46.3895 ], [ -100.8819, 46.3898 ], [ -100.8827, 46.3902 ], [ -100.8832, 46.391 ], [ -100.8831, 46.392 ], [ -100.8814, 46.3951 ], [ -100.8806, 46.3978 ], [ -100.8779, 46.4017 ], [ -100.8777, 46.4033 ], [ -100.8779, 46.4044 ], [ -100.8804, 46.4094 ], [ -100.881, 46.4096 ], [ -100.8846, 46.4091 ], [ -100.887, 46.4079 ], [ -100.8877, 46.4068 ], [ -100.8898, 46.4051 ], [ -100.8916, 46.4044 ], [ -100.8936, 46.4044 ], [ -100.897, 46.4034 ], [ -100.8979, 46.4026 ], [ -100.8983, 46.3998 ], [ -100.8968, 46.3976 ], [ -100.8955, 46.3969 ], [ -100.8954, 46.396 ], [ -100.8969, 46.3957 ], [ -100.903, 46.3973 ], [ -100.9062, 46.3976 ], [ -100.908, 46.3974 ], [ -100.9136, 46.3958 ], [ -100.9172, 46.3955 ], [ -100.918, 46.3949 ], [ -100.9189, 46.395 ], [ -100.9194, 46.3932 ], [ -100.9187, 46.3919 ], [ -100.9198, 46.3899 ], [ -100.9239, 46.3873 ], [ -100.9244, 46.3866 ], [ -100.9241, 46.3837 ], [ -100.9245, 46.383 ], [ -100.9264, 46.3821 ], [ -100.9283, 46.3818 ], [ -100.931, 46.3822 ], [ -100.9317, 46.3817 ], [ -100.9291, 46.3778 ], [ -100.9292, 46.3773 ], [ -100.9317, 46.3757 ], [ -100.9327, 46.3756 ], [ -100.9354, 46.3762 ], [ -100.9366, 46.3768 ], [ -100.9384, 46.3768 ], [ -100.939, 46.3765 ], [ -100.9397, 46.375 ], [ -100.9375, 46.3726 ], [ -100.937, 46.3711 ], [ -100.9398, 46.369 ], [ -100.9418, 46.3688 ], [ -100.9427, 46.3683 ], [ -100.9426, 46.3674 ], [ -100.9444, 46.3635 ], [ -100.9449, 46.3614 ], [ -100.9436, 46.3595 ], [ -100.9417, 46.3589 ], [ -100.9409, 46.358 ], [ -100.9406, 46.3561 ], [ -100.9415, 46.3537 ], [ -100.9412, 46.3506 ], [ -100.9415, 46.35 ], [ -100.946, 46.3491 ], [ -100.9506, 46.3496 ], [ -100.9542, 46.3494 ], [ -100.9563, 46.3491 ], [ -100.9608, 46.3477 ], [ -100.962, 46.3463 ], [ -100.9617, 46.3457 ], [ -100.9603, 46.3449 ], [ -100.9583, 46.342 ], [ -100.9575, 46.3392 ], [ -100.9581, 46.3388 ], [ -100.9634, 46.3384 ], [ -100.966, 46.3374 ], [ -100.9715, 46.3361 ], [ -100.9719, 46.3336 ], [ -100.9686, 46.3315 ], [ -100.9683, 46.3302 ], [ -100.9693, 46.3288 ], [ -100.973, 46.326 ], [ -100.974, 46.3255 ], [ -100.9767, 46.3261 ], [ -100.9781, 46.3275 ], [ -100.9784, 46.3292 ], [ -100.9788, 46.3296 ], [ -100.9795, 46.3297 ], [ -100.9825, 46.329 ], [ -100.9835, 46.328 ], [ -100.9844, 46.3251 ], [ -100.9842, 46.324 ], [ -100.9833, 46.3232 ], [ -100.9827, 46.3218 ], [ -100.9837, 46.3192 ], [ -100.9881, 46.318 ], [ -100.9912, 46.3161 ], [ -100.9936, 46.3156 ], [ -100.9953, 46.3155 ], [ -100.9963, 46.3159 ], [ -100.997, 46.3165 ], [ -100.998, 46.318 ], [ -100.9994, 46.319 ], [ -101.0004, 46.3194 ], [ -101.0025, 46.3194 ], [ -101.0031, 46.3197 ], [ -101.0038, 46.3213 ], [ -101.0037, 46.3226 ], [ -101.0053, 46.3235 ], [ -101.0075, 46.3237 ], [ -101.01, 46.3234 ], [ -101.0135, 46.3221 ], [ -101.0167, 46.3204 ], [ -101.0174, 46.3196 ], [ -101.017, 46.3182 ], [ -101.0115, 46.3125 ], [ -101.0137, 46.3086 ], [ -101.0139, 46.3075 ], [ -101.0133, 46.3065 ], [ -101.0117, 46.3063 ], [ -101.0075, 46.3076 ], [ -101.0051, 46.3077 ], [ -101.0034, 46.3072 ], [ -101.0005, 46.3055 ], [ -100.9985, 46.3054 ], [ -100.9972, 46.3047 ], [ -100.9974, 46.3042 ], [ -101.0011, 46.3026 ], [ -101.0016, 46.3014 ], [ -101.0017, 46.2995 ], [ -101.0036, 46.2969 ], [ -101.0047, 46.2965 ], [ -101.0058, 46.2965 ], [ -101.0111, 46.2979 ], [ -101.0145, 46.2996 ], [ -101.0159, 46.2998 ], [ -101.0169, 46.2996 ], [ -101.0178, 46.2986 ], [ -101.0187, 46.2964 ], [ -101.0185, 46.2943 ], [ -101.0189, 46.2934 ], [ -101.0229, 46.2913 ], [ -101.0258, 46.2885 ], [ -101.0261, 46.2865 ], [ -101.0257, 46.2844 ], [ -101.0485, 46.2845 ], [ -101.0485, 46.3715 ], [ -101.299, 46.3714 ], [ -101.2988, 46.6304 ], [ -101.3092, 46.6305 ], [ -101.3089, 46.633 ], [ -101.3094, 46.6568 ], [ -101.3082, 46.6586 ] ] ] } },
{ "type": "Feature", "properties": { "GEOIDFQ": "1400000US38071957800", "NAME": "9578", "NAMELSAD": "Census Tract 9578" }, "geometry": { "type": "Polygon", "coordinates": [ [ [ -98.9337, 48.0854 ], [ -98.932, 48.0861 ], [ -98.93, 48.0883 ], [ -98.9295, 48.0897 ], [ -98.9295, 48.0917 ], [ -98.9303, 48.094 ], [ -98.9302, 48.0953 ], [ -98.9294, 48.0962 ], [ -98.9259, 48.0975 ], [ -98.9244, 48.0984 ], [ -98.9236, 48.1018 ], [ -98.9407, 48.102 ], [ -98.9407, 48.1223 ], [ -98.8977, 48.1223 ], [ -98.8977, 48.1329 ], [ -98.876, 48.1237 ], [ -98.876, 48.1407 ], [ -98.8758, 48.1437 ], [ -98.8752, 48.1445 ], [ -98.876, 48.1462 ], [ -98.876, 48.1513 ], [ -98.8436, 48.1513 ], [ -98.8435, 48.1148 ], [ -98.8652, 48.1149 ], [ -98.8651, 48.1066 ], [ -98.8642, 48.1034 ], [ -98.8694, 48.0974 ], [ -98.8741, 48.093 ], [ -98.873, 48.0922 ], [ -98.8707, 48.0921 ], [ -98.8693, 48.091 ], [ -98.8674, 48.0873 ], [ -98.8649, 48.0895 ], [ -98.8601, 48.0898 ], [ -98.8572, 48.0894 ], [ -98.8497, 48.0859 ], [ -98.8279, 48.0857 ], [ -98.8279, 48.0854 ], [ -98.8262, 48.0853 ], [ -98.8194, 48.081 ], [ -98.8125, 48.0793 ], [ -98.8113, 48.0782 ], [ -98.8113, 48.0603 ], [ -98.8243, 48.0623 ], [ -98.8261, 48.0622 ], [ -98.8264, 48.0604 ], [ -98.8272, 48.0592 ], [ -98.8269, 48.0594 ], [ -98.8267, 48.0571 ], [ -98.8273, 48.0563 ], [ -98.8289, 48.0556 ], [ -98.832, 48.0532 ], [ -98.8354, 48.049 ], [ -98.8393, 48.0472 ], [ -98.8419, 48.0454 ], [ -98.8478, 48.0441 ], [ -98.8516, 48.042 ], [ -98.8601, 48.0391 ], [ -98.8635, 48.0374 ], [ -98.8661, 48.0352 ], [ -98.8683, 48.0339 ], [ -98.8725, 48.0322 ], [ -98.878, 48.0293 ], [ -98.8808, 48.0261 ], [ -98.8824, 48.0257 ], [ -98.8834, 48.0245 ], [ -98.8832, 48.0227 ], [ -98.8844, 48.0197 ], [ -98.8844, 48.0186 ], [ -98.8855, 48.0165 ], [ -98.8877, 48.0139 ], [ -98.8879, 48.0123 ], [ -98.889, 48.0106 ], [ -98.8889, 48.0095 ], [ -98.8879, 48.0088 ], [ -98.8872, 48.0087 ], [ -98.8872, 48.0082 ], [ -98.8929, 48.0075 ], [ -98.8936, 48.0078 ], [ -98.8928, 48.0098 ], [ -98.8933, 48.0125 ], [ -98.898, 48.0168 ], [ -98.899, 48.0193 ], [ -98.8991, 48.0205 ], [ -98.8976, 48.0241 ], [ -98.8938, 48.0254 ], [ -98.893, 48.0262 ], [ -98.8933, 48.0266 ], [ -98.8951, 48.0262 ], [ -98.8967, 48.0267 ], [ -98.8978, 48.0275 ], [ -98.8994, 48.0279 ], [ -98.8996, 48.0293 ], [ -98.8986, 48.0304 ], [ -98.8981, 48.034 ], [ -98.8985, 48.0371 ], [ -98.9005, 48.0385 ], [ -98.9036, 48.0389 ], [ -98.9073, 48.0404 ], [ -98.91, 48.0423 ], [ -98.9151, 48.0448 ], [ -98.9184, 48.0468 ], [ -98.9222, 48.0513 ], [ -98.9231, 48.0516 ], [ -98.9277, 48.0546 ], [ -98.9309, 48.0555 ], [ -98.9321, 48.0564 ], [ -98.9338, 48.057 ], [ -98.9349, 48.0588 ], [ -98.9408, 48.0605 ], [ -98.9408, 48.0727 ], [ -98.9337, 48.0854 ] ] ] } },
{ "type": "Feature", "properties": { "GEOIDFQ": "1400000US38071957700", "NAME": "9577", "NAMELSAD": "Census Tract 9577" }, "geometry": { "type": "Polygon", "coordinates": [ [ [ -99.2003, 48.3707 ], [ -98.9708, 48.3704 ], [ -98.9704, 48.5442 ], [ -98.8784, 48.5439 ], [ -98.5773, 48.5436 ], [ -98.318, 48.5438 ], [ -98.3184, 48.3697 ], [ -98.2919, 48.3697 ], [ -98.2925, 48.2504 ], [ -98.2922, 48.1952 ], [ -98.4221, 48.1948 ], [ -98.4225, 48.0211 ], [ -98.5256, 48.0211 ], [ -98.5256, 47.9151 ], [ -98.5824, 47.9151 ], [ -98.5831, 47.9166 ], [ -98.6254, 47.9164 ], [ -98.6262, 47.9168 ], [ -98.6269, 47.9172 ], [ -98.6276, 47.9183 ], [ -98.6281, 47.92 ], [ -98.6297, 47.9207 ], [ -98.6316, 47.9231 ], [ -98.6317, 47.926 ], [ -98.6332, 47.9279 ], [ -98.633, 47.9292 ], [ -98.6349, 47.9297 ], [ -98.6353, 47.9306 ], [ -98.6348, 47.9315 ], [ -98.6333, 47.9323 ], [ -98.6305, 47.9328 ], [ -98.6297, 47.9334 ], [ -98.6279, 47.936 ], [ -98.6257, 47.9368 ], [ -98.6256, 47.9376 ], [ -98.6263, 47.9389 ], [ -98.627, 47.9392 ], [ -98.6283, 47.9406 ], [ -98.6308, 47.9417 ], [ -98.6348, 47.9444 ], [ -98.6368, 47.9452 ], [ -98.6394, 47.9469 ], [ -98.6421, 47.9479 ], [ -98.645, 47.9505 ], [ -98.6482, 47.9517 ], [ -98.6507, 47.9537 ], [ -98.652, 47.9542 ], [ -98.6553, 47.9571 ], [ -98.659, 47.9599 ], [ -98.6599, 47.9602 ], [ -98.6635, 47.9643 ], [ -98.6643, 47.9679 ], [ -98.6643, 47.9705 ], [ -98.6658, 47.9728 ], [ -98.6657, 47.9748 ], [ -98.6702, 47.9794 ], [ -98.6708, 47.9804 ], [ -98.6692, 47.9827 ], [ -98.665, 47.9856 ], [ -98.6642, 47.9868 ], [ -98.6642, 47.9878 ], [ -98.6651, 47.9903 ], [ -98.6637, 47.9914 ], [ -98.6638, 47.9921 ], [ -98.6668, 47.9942 ], [ -98.6673, 47.9956 ], [ -98.6703, 47.9987 ], [ -98.671, 48.0 ], [ -98.6721, 48.0004 ], [ -98.6826, 48.0009 ], [ -98.6939, 48.0037 ], [ -98.7, 48.0032 ], [ -98.7064, 48.0034 ], [ -98.7075, 48.0027 ], [ -98.71, 48.0001 ], [ -98.714, 47.9986 ], [ -98.7207, 47.9987 ], [ -98.723, 47.998 ], [ -98.7239, 47.9973 ], [ -98.7259, 47.9937 ], [ -98.7269, 47.9928 ], [ -98.7272, 47.9914 ], [ -98.7284, 47.9895 ], [ -98.7301, 47.9873 ], [ -98.7306, 47.9872 ], [ -98.7326, 47.985 ], [ -98.7341, 47.9822 ], [ -98.7357, 47.9803 ], [ -98.7495, 47.9732 ], [ -98.7506, 47.9731 ], [ -98.7532, 47.9713 ], [ -98.7555, 47.9709 ], [ -98.7583, 47.9707 ], [ -98.7614, 47.9711 ], [ -98.763, 47.9717 ], [ -98.7649, 47.9697 ], [ -98.7663, 47.9695 ], [ -98.7706, 47.9678 ], [ -98.773, 47.9643 ], [ -98.7798, 47.9608 ], [ -98.783, 47.9571 ], [ -98.7843, 47.9563 ], [ -98.785, 47.9548 ], [ -98.7876, 47.9531 ], [ -98.7893, 47.9514 ], [ -98.7916, 47.9506 ], [ -98.7943, 47.9513 ], [ -98.7956, 47.9525 ], [ -98.7963, 47.9543 ], [ -98.797, 47.9546 ], [ -98.7971, 47.9564 ], [ -98.7922, 47.959 ], [ -98.7886, 47.9619 ], [ -98.7873, 47.9645 ], [ -98.7847, 47.9657 ], [ -98.7847, 47.9687 ], [ -98.7822, 47.9713 ], [ -98.7801, 47.9729 ], [ -98.7776, 47.9737 ], [ -98.7758, 47.9739 ], [ -98.774, 47.9744 ], [ -98.7687, 47.9752 ], [ -98.7651, 47.9751 ], [ -98.763, 47.9743 ], [ -98.7619, 47.9735 ], [ -98.7615, 47.9723 ], [ -98.7621, 47.972 ], [ -98.7619, 47.9715 ], [ -98.7605, 47.971 ], [ -98.7592, 47.9715 ], [ -98.7591, 47.9746 ], [ -98.7571, 47.9764 ], [ -98.7536, 47.9778 ], [ -98.7506, 47.9825 ], [ -98.7507, 47.9839 ], [ -98.7519, 47.9858 ], [ -98.7526, 47.9886 ], [ -98.7524, 47.9917 ], [ -98.7528, 47.9926 ], [ -98.7544, 47.9939 ], [ -98.7614, 47.9974 ], [ -98.7631, 47.9991 ], [ -98.7636, 48.0012 ], [ -98.7631, 48.002 ], [ -98.7623, 48.0028 ], [ -98.7608, 48.0033 ], [ -98.7593, 48.0048 ], [ -98.7602, 48.0059 ], [ -98.7637, 48.0076 ], [ -98.7651, 48.0099 ], [ -98.7657, 48.0127 ], [ -98.7655, 48.015 ], [ -98.7661, 48.0168 ], [ -98.7653, 48.0201 ], [ -98.7658, 48.0217 ], [ -98.7662, 48.0269 ], [ -98.7673, 48.0306 ], [ -98.7677, 48.0305 ], [ -98.7677, 48.0285 ], [ -98.7669, 48.0245 ], [ -98.7674, 48.0231 ], [ -98.767, 48.0215 ], [ -98.7678, 48.0181 ], [ -98.7682, 48.0128 ], [ -98.769, 48.0115 ], [ -98.7686, 48.0076 ], [ -98.7692, 48.0049 ], [ -98.7692, 48.0042 ], [ -98.7681, 48.0034 ], [ -98.7676, 48.0021 ], [ -98.7675, 48.0 ], [ -98.768, 47.9992 ], [ -98.7698, 47.9987 ], [ -98.7746, 48.0 ], [ -98.7754, 48.0008 ], [ -98.7765, 48.0006 ], [ -98.7832, 48.0016 ], [ -98.7824, 48.0031 ], [ -98.7828, 48.0033 ], [ -98.7833, 48.0055 ], [ -98.7869, 48.0069 ], [ -98.7876, 48.0081 ], [ -98.7875, 48.0096 ], [ -98.788, 48.0104 ], [ -98.7864, 48.0118 ], [ -98.7847, 48.0125 ], [ -98.7844, 48.0132 ], [ -98.7848, 48.0146 ], [ -98.7847, 48.017 ], [ -98.7856, 48.0193 ], [ -98.7857, 48.0211 ], [ -98.7869, 48.0254 ], [ -98.7864, 48.0283 ], [ -98.7852, 48.0296 ], [ -98.7854, 48.0299 ], [ -98.7863, 48.0298 ], [ -98.7859, 48.0301 ], [ -98.7868, 48.0307 ], [ -98.7885, 48.0311 ], [ -98.789, 48.0318 ], [ -98.7904, 48.0324 ], [ -98.7914, 48.0334 ], [ -98.7937, 48.0373 ], [ -98.7965, 48.0391 ], [ -98.7987, 48.0427 ], [ -98.7987, 48.0433 ], [ -98.8, 48.0445 ], [ -98.8012, 48.0466 ], [ -98.8015, 48.0474 ], [ -98.8011, 48.0502 ], [ -98.8022, 48.0518 ], [ -98.8024, 48.0528 ], [ -98.802, 48.054 ], [ -98.8009, 48.0547 ], [ -98.7949, 48.055 ], [ -98.7948, 48.0556 ], [ -98.7975, 48.0573 ], [ -98.8002, 48.0582 ], [ -98.8026, 48.0586 ], [ -98.8039, 48.0599 ], [ -98.8076, 48.0598 ], [ -98.8113, 48.0603 ], [ -98.8109, 48.1079 ], [ -98.8327, 48.1079 ], [ -98.8327, 48.1178 ], [ -98.8435, 48.1179 ], [ -98.8436, 48.1513 ], [ -98.876, 48.1513 ], [ -98.876, 48.1462 ], [ -98.8752, 48.1445 ], [ -98.8758, 48.1437 ], [ -98.876, 48.1407 ], [ -98.876, 48.1237 ], [ -98.8977, 48.1329 ], [ -98.8977, 48.1223 ], [ -98.9407, 48.1223 ], [ -98.9407, 48.102 ], [ -98.9236, 48.1018 ], [ -98.9244, 48.0984 ], [ -98.9259, 48.0975 ], [ -98.9294, 48.0962 ], [ -98.9302, 48.0953 ], [ -98.9303, 48.094 ], [ -98.9295, 48.0917 ], [ -98.9295, 48.0897 ], [ -98.93, 48.0883 ], [ -98.932, 48.0861 ], [ -98.9337, 48.0854 ], [ -98.9408, 48.0727 ], [ -98.9408, 48.0605 ], [ -98.9349, 48.0588 ], [ -98.9338, 48.057 ], [ -98.9321, 48.0564 ], [ -98.9309, 48.0555 ], [ -98.9277, 48.0546 ], [ -98.9231, 48.0516 ], [ -98.9222, 48.0513 ], [ -98.9184, 48.0468 ], [ -98.9143, 48.0443 ], [ -98.91, 48.0423 ], [ -98.9073, 48.0404 ], [ -98.9036, 48.0389 ], [ -98.9005, 48.0385 ], [ -98.8993, 48.0379 ], [ -98.8984, 48.0368 ], [ -98.8981, 48.034 ], [ -98.8986, 48.0304 ], [ -98.8996, 48.0293 ], [ -98.8994, 48.0279 ], [ -98.8978, 48.0275 ], [ -98.8967, 48.0267 ], [ -98.8977, 48.0271 ], [ -98.9016, 48.0268 ], [ -98.9012, 48.025 ], [ -98.9038, 48.0233 ], [ -98.9055, 48.0228 ], [ -98.9092, 48.0225 ], [ -98.9118, 48.0215 ], [ -98.9158, 48.0214 ], [ -98.9179, 48.0208 ], [ -98.9192, 48.0196 ], [ -98.92, 48.018 ], [ -98.9197, 48.0153 ], [ -98.9188, 48.0144 ], [ -98.918, 48.0106 ], [ -98.9167, 48.0087 ], [ -98.9159, 48.0086 ], [ -98.9158, 48.0065 ], [ -98.9175, 48.0041 ], [ -98.9234, 48.0003 ], [ -98.9232, 47.9997 ], [ -98.9261, 47.9987 ], [ -98.9283, 47.9971 ], [ -98.9301, 47.9971 ], [ -98.9329, 47.9985 ], [ -98.9382, 48.0 ], [ -98.9402, 48.0014 ], [ -98.943, 48.0025 ], [ -98.9448, 48.0028 ], [ -98.9539, 48.0031 ], [ -98.9559, 48.0047 ], [ -98.9561, 48.0037 ], [ -98.9554, 48.0029 ], [ -98.9556, 48.0026 ], [ -98.9584, 48.0018 ], [ -98.9596, 48.0006 ], [ -98.9604, 48.0005 ], [ -98.961, 47.9998 ], [ -98.9629, 47.9993 ], [ -98.964, 47.9985 ], [ -98.9661, 47.9984 ], [ -98.9684, 47.9975 ], [ -98.9711, 47.9978 ], [ -98.9727, 47.9976 ], [ -98.9735, 47.9979 ], [ -98.9744, 47.9973 ], [ -98.9797, 47.9968 ], [ -98.9826, 47.9957 ], [ -98.9854, 47.9938 ], [ -98.9861, 47.9927 ], [ -98.9913, 47.9903 ], [ -98.9916, 47.9928 ], [ -98.9932, 47.9952 ], [ -98.9935, 47.9969 ], [ -98.9924, 47.9989 ], [ -98.9885, 48.0021 ], [ -98.9889, 48.0038 ], [ -98.9895, 48.0041 ], [ -98.9891, 48.0045 ], [ -98.9893, 48.0062 ], [ -98.9869, 48.0075 ], [ -98.987, 48.0087 ], [ -98.9882, 48.0103 ], [ -98.9885, 48.0114 ], [ -98.9886, 48.013 ], [ -98.9874, 48.014 ], [ -98.9879, 48.015 ], [ -98.9878, 48.0158 ], [ -98.9866, 48.017 ], [ -98.9842, 48.0178 ], [ -98.9856, 48.0183 ], [ -98.986, 48.0194 ], [ -98.9865, 48.0194 ], [ -98.9873, 48.0189 ], [ -98.9884, 48.0173 ], [ -98.9908, 48.0169 ], [ -98.9929, 48.0174 ], [ -98.9943, 48.0181 ], [ -98.9944, 48.0188 ], [ -98.9951, 48.0195 ], [ -98.9947, 48.02 ], [ -98.9949, 48.0207 ], [ -98.9966, 48.0222 ], [ -98.9972, 48.0233 ], [ -98.9971, 48.025 ], [ -98.9979, 48.0261 ], [ -98.9973, 48.027 ], [ -98.9976, 48.0281 ], [ -98.9985, 48.029 ], [ -98.9992, 48.0315 ], [ -99.0004, 48.0334 ], [ -99.0043, 48.0419 ], [ -99.0019, 48.0453 ], [ -99.0008, 48.0459 ], [ -99.0019, 48.0478 ], [ -99.0012, 48.0491 ], [ -99.0012, 48.05 ], [ -99.0021, 48.0511 ], [ -99.0008, 48.0528 ], [ -99.001, 48.0533 ], [ -99.0061, 48.0512 ], [ -99.0085, 48.0523 ], [ -99.0114, 48.0523 ], [ -99.0123, 48.0535 ], [ -99.0127, 48.0534 ], [ -99.0124, 48.0512 ], [ -99.0138, 48.0508 ], [ -99.0139, 48.0501 ], [ -99.0153, 48.049 ], [ -99.0157, 48.0496 ], [ -99.0193, 48.0497 ], [ -99.0243, 48.0514 ], [ -99.0251, 48.0513 ], [ -99.027, 48.0493 ], [ -99.0303, 48.0472 ], [ -99.032, 48.0468 ], [ -99.0368, 48.0474 ], [ -99.0377, 48.0468 ], [ -99.0386, 48.0448 ], [ -99.0414, 48.0436 ], [ -99.0419, 48.042 ], [ -99.0452, 48.0414 ], [ -99.0495, 48.0386 ], [ -99.0502, 48.035 ], [ -99.0498, 48.0328 ], [ -99.0505, 48.0306 ], [ -99.0602, 48.022 ], [ -99.0704, 48.022 ], [ -99.0706, 48.0524 ], [ -99.0703, 48.0528 ], [ -99.0708, 48.0789 ], [ -99.0704, 48.1079 ], [ -99.1093, 48.1077 ], [ -99.1106, 48.1087 ], [ -99.1172, 48.1111 ], [ -99.1182, 48.1118 ], [ -99.1185, 48.1131 ], [ -99.1182, 48.1147 ], [ -99.1157, 48.1178 ], [ -99.1166, 48.1195 ], [ -99.1165, 48.1207 ], [ -99.1221, 48.1285 ], [ -99.1241, 48.1298 ], [ -99.1251, 48.13 ], [ -99.1254, 48.1304 ], [ -99.1274, 48.1308 ], [ -99.1278, 48.1312 ], [ -99.1282, 48.1319 ], [ -99.1274, 48.133 ], [ -99.1273, 48.1341 ], [ -99.1316, 48.1366 ], [ -99.1318, 48.1371 ], [ -99.1305, 48.139 ], [ -99.1291, 48.1396 ], [ -99.129, 48.1404 ], [ -99.1343, 48.1438 ], [ -99.1362, 48.1443 ], [ -99.1394, 48.1437 ], [ -99.1466, 48.1387 ], [ -99.1477, 48.1383 ], [ -99.1494, 48.1384 ], [ -99.1535, 48.1398 ], [ -99.1584, 48.142 ], [ -99.1747, 48.1473 ], [ -99.1861, 48.1496 ], [ -99.1878, 48.1495 ], [ -99.1891, 48.1489 ], [ -99.1912, 48.1486 ], [ -99.1926, 48.1487 ], [ -99.1938, 48.1494 ], [ -99.1952, 48.1511 ], [ -99.1953, 48.1526 ], [ -99.1976, 48.1543 ], [ -99.1999, 48.1553 ], [ -99.2003, 48.3707 ] ] ] } },
{ "type": "Feature", "properties": { "GEOIDFQ": "1400000US38071957600", "NAME": "9576", "NAMELSAD": "Census Tract 9576" }, "geometry": { "type": "Polygon", "coordinates": [ [ [ -98.8694, 48.0974 ], [ -98.8642, 48.1034 ], [ -98.8651, 48.1066 ], [ -98.8652, 48.1149 ], [ -98.8438, 48.1148 ], [ -98.8435, 48.1179 ], [ -98.8327, 48.1178 ], [ -98.8327, 48.1079 ], [ -98.8109, 48.1079 ], [ -98.8113, 48.0782 ], [ -98.8125, 48.0793 ], [ -98.8194, 48.081 ], [ -98.8262, 48.0853 ], [ -98.8279, 48.0854 ], [ -98.8279, 48.0857 ], [ -98.8497, 48.0859 ], [ -98.8572, 48.0894 ], [ -98.8601, 48.0898 ], [ -98.8649, 48.0895 ], [ -98.8674, 48.0873 ], [ -98.8693, 48.091 ], [ -98.8707, 48.0921 ], [ -98.873, 48.0922 ], [ -98.8737, 48.0926 ], [ -98.8741, 48.093 ], [ -98.8694, 48.0974 ] ] ] } },
{ "type": "Feature", "properties": { "GEOIDFQ": "1400000US38015011200", "NAME": "112", "NAMELSAD": "Census Tract 112" }, "geometry": { "type": "Polygon", "coordinates": [ [ [ -100.8299, 46.7634 ], [ -100.8242, 46.7636 ], [ -100.8159, 46.7657 ], [ -100.8159, 46.766 ], [ -100.8141, 46.7669 ], [ -100.8121, 46.7691 ], [ -100.8095, 46.7741 ], [ -100.8093, 46.7787 ], [ -100.809, 46.7794 ], [ -100.8073, 46.7803 ], [ -100.7868, 46.7805 ], [ -100.7802, 46.7819 ], [ -100.7795, 46.7825 ], [ -100.7794, 46.7841 ], [ -100.7785, 46.7842 ], [ -100.7777, 46.7847 ], [ -100.7759, 46.784 ], [ -100.7719, 46.7839 ], [ -100.7691, 46.7833 ], [ -100.7658, 46.7813 ], [ -100.7634, 46.7783 ], [ -100.7631, 46.7762 ], [ -100.7632, 46.7633 ], [ -100.7629, 46.7623 ], [ -100.7616, 46.761 ], [ -100.7543, 46.7569 ], [ -100.7528, 46.7551 ], [ -100.7528, 46.7364 ], [ -100.7518, 46.734 ], [ -100.7488, 46.7303 ], [ -100.747, 46.7241 ], [ -100.7456, 46.7229 ], [ -100.7441, 46.7224 ], [ -100.7354, 46.7221 ], [ -100.733, 46.7209 ], [ -100.7322, 46.7193 ], [ -100.7325, 46.7104 ], [ -100.7315, 46.7088 ], [ -100.7303, 46.7081 ], [ -100.7289, 46.7078 ], [ -100.7154, 46.7078 ], [ -100.7135, 46.7074 ], [ -100.7124, 46.7068 ], [ -100.7114, 46.7052 ], [ -100.7114, 46.6961 ], [ -100.7103, 46.6947 ], [ -100.7085, 46.6938 ], [ -100.7055, 46.6936 ], [ -100.6946, 46.6941 ], [ -100.686, 46.6964 ], [ -100.6788, 46.6974 ], [ -100.6767, 46.697 ], [ -100.6731, 46.6946 ], [ -100.6709, 46.6939 ], [ -100.6485, 46.6939 ], [ -100.6484, 46.6797 ], [ -100.652, 46.6799 ], [ -100.6541, 46.6795 ], [ -100.6604, 46.6773 ], [ -100.6624, 46.677 ], [ -100.6708, 46.6747 ], [ -100.6757, 46.6737 ], [ -100.6821, 46.6711 ], [ -100.6884, 46.6671 ], [ -100.6971, 46.6625 ], [ -100.7019, 46.6605 ], [ -100.7123, 46.6574 ], [ -100.7215, 46.6561 ], [ -100.728, 46.6557 ], [ -100.7332, 46.6567 ], [ -100.7369, 46.658 ], [ -100.7441, 46.6624 ], [ -100.7452, 46.6638 ], [ -100.7455, 46.6658 ], [ -100.7441, 46.6707 ], [ -100.7427, 46.6729 ], [ -100.7384, 46.6764 ], [ -100.738, 46.678 ], [ -100.7383, 46.6804 ], [ -100.7398, 46.6846 ], [ -100.7427, 46.6887 ], [ -100.7454, 46.691 ], [ -100.7497, 46.693 ], [ -100.7514, 46.693 ], [ -100.7562, 46.6919 ], [ -100.7697, 46.6873 ], [ -100.7727, 46.6868 ], [ -100.7782, 46.6865 ], [ -100.7825, 46.6873 ], [ -100.7842, 46.688 ], [ -100.7878, 46.6906 ], [ -100.7888, 46.6917 ], [ -100.7935, 46.7067 ], [ -100.7958, 46.712 ], [ -100.7979, 46.7156 ], [ -100.7974, 46.7166 ], [ -100.7959, 46.7174 ], [ -100.7938, 46.7181 ], [ -100.7886, 46.7192 ], [ -100.7799, 46.7195 ], [ -100.776, 46.7216 ], [ -100.7751, 46.7225 ], [ -100.775, 46.7248 ], [ -100.7739, 46.7287 ], [ -100.7752, 46.7324 ], [ -100.777, 46.7346 ], [ -100.7795, 46.7366 ], [ -100.7829, 46.7373 ], [ -100.7912, 46.7363 ], [ -100.7937, 46.7366 ], [ -100.7949, 46.7371 ], [ -100.801, 46.7359 ], [ -100.8056, 46.7355 ], [ -100.8115, 46.7359 ], [ -100.8176, 46.7374 ], [ -100.8283, 46.7428 ], [ -100.8303, 46.7442 ], [ -100.8335, 46.7473 ], [ -100.8348, 46.7491 ], [ -100.8363, 46.7572 ], [ -100.838, 46.7605 ], [ -100.8299, 46.7634 ] ] ] } },
{ "type": "Feature", "properties": { "GEOIDFQ": "1400000US38015011400", "NAME": "114", "NAMELSAD": "Census Tract 114" }, "geometry": { "type": "Polygon", "coordinates": [ [ [ -100.6664, 46.9103 ], [ -100.6454, 46.9103 ], [ -100.6449, 46.9392 ], [ -100.6438, 46.9537 ], [ -100.6437, 46.9828 ], [ -100.5557, 46.9822 ], [ -100.5378, 46.9825 ], [ -100.5288, 46.9822 ], [ -100.5004, 46.9822 ], [ -100.4964, 46.9825 ], [ -100.3391, 46.9819 ], [ -100.3077, 46.982 ], [ -100.3074, 46.9818 ], [ -100.268, 46.9818 ], [ -100.2613, 46.9816 ], [ -100.1781, 46.9819 ], [ -100.1254, 46.9813 ], [ -100.1171, 46.9817 ], [ -100.0753, 46.9814 ], [ -100.0777, 46.8171 ], [ -100.0792, 46.735 ], [ -100.0801, 46.7071 ], [ -100.0802, 46.6922 ], [ -100.0799, 46.6915 ], [ -100.0812, 46.6334 ], [ -100.2315, 46.634 ], [ -100.2699, 46.6338 ], [ -100.3258, 46.6342 ], [ -100.3419, 46.634 ], [ -100.3753, 46.6343 ], [ -100.4594, 46.6343 ], [ -100.5936, 46.635 ], [ -100.662, 46.6346 ], [ -100.6627, 46.6355 ], [ -100.6637, 46.6396 ], [ -100.6624, 46.6441 ], [ -100.6595, 46.6501 ], [ -100.6554, 46.6552 ], [ -100.6522, 46.6582 ], [ -100.646, 46.6617 ], [ -100.6442, 46.6631 ], [ -100.6418, 46.6657 ], [ -100.64, 46.672 ], [ -100.6396, 46.6757 ], [ -100.6401, 46.6772 ], [ -100.6417, 46.6784 ], [ -100.646, 46.6796 ], [ -100.6484, 46.6797 ], [ -100.6471, 46.7944 ], [ -100.6681, 46.7944 ], [ -100.6664, 46.9103 ] ] ] } },
{ "type": "Feature", "properties": { "GEOIDFQ": "1400000US38015010300", "NAME": "103", "NAMELSAD": "Census Tract 103" }, "geometry": { "type": "Polygon", "coordinates": [ [ [ -100.7766, 46.817 ], [ -100.7765, 46.8203 ], [ -100.776, 46.8216 ], [ -100.7729, 46.8251 ], [ -100.7728, 46.8313 ], [ -100.7623, 46.8313 ], [ -100.7624, 46.8288 ], [ -100.7611, 46.829 ], [ -100.7607, 46.8299 ], [ -100.76, 46.8303 ], [ -100.7533, 46.8304 ], [ -100.754, 46.8292 ], [ -100.753, 46.8288 ], [ -100.753, 46.8273 ], [ -100.7519, 46.8273 ], [ -100.7519, 46.8236 ], [ -100.7536, 46.8236 ], [ -100.7536, 46.8234 ], [ -100.752, 46.8209 ], [ -100.752, 46.8192 ], [ -100.7532, 46.8186 ], [ -100.7576, 46.8185 ], [ -100.7588, 46.8178 ], [ -100.7601, 46.8175 ], [ -100.7605, 46.8166 ], [ -100.7611, 46.8164 ], [ -100.7773, 46.8166 ], [ -100.7766, 46.817 ] ] ] } },
{ "type": "Feature", "properties": { "GEOIDFQ": "1400000US38015011300", "NAME": "113", "NAMELSAD": "Census Tract 113" }, "geometry": { "type": "Polygon", "coordinates": [ [ [ -100.7665, 46.7837 ], [ -100.7662, 46.7863 ], [ -100.7636, 46.7875 ], [ -100.7626, 46.7872 ], [ -100.7524, 46.7873 ], [ -100.7522, 46.8024 ], [ -100.7411, 46.7972 ], [ -100.7344, 46.7998 ], [ -100.7321, 46.8017 ], [ -100.7312, 46.8034 ], [ -100.7306, 46.8114 ], [ -100.7305, 46.8312 ], [ -100.7241, 46.8315 ], [ -100.7199, 46.8322 ], [ -100.716, 46.8332 ], [ -100.7034, 46.8375 ], [ -100.699, 46.8383 ], [ -100.6959, 46.8385 ], [ -100.6674, 46.8385 ], [ -100.6681, 46.7944 ], [ -100.6471, 46.7944 ], [ -100.648, 46.7085 ], [ -100.6485, 46.6939 ], [ -100.6709, 46.6939 ], [ -100.6731, 46.6946 ], [ -100.6767, 46.697 ], [ -100.6788, 46.6974 ], [ -100.686, 46.6964 ], [ -100.6946, 46.6941 ], [ -100.7055, 46.6936 ], [ -100.7085, 46.6938 ], [ -100.7103, 46.6947 ], [ -100.7114, 46.6961 ], [ -100.7114, 46.7052 ], [ -100.7124, 46.7068 ], [ -100.7135, 46.7074 ], [ -100.7154, 46.7078 ], [ -100.7289, 46.7078 ], [ -100.7303, 46.7081 ], [ -100.7315, 46.7088 ], [ -100.7325, 46.7104 ], [ -100.7322, 46.7193 ], [ -100.7326, 46.7205 ], [ -100.7338, 46.7215 ], [ -100.7354, 46.7221 ], [ -100.7441, 46.7224 ], [ -100.7462, 46.7233 ], [ -100.7471, 46.7243 ], [ -100.7488, 46.7303 ], [ -100.7521, 46.7347 ], [ -100.7529, 46.7376 ], [ -100.7528, 46.7551 ], [ -100.7543, 46.7569 ], [ -100.7616, 46.761 ], [ -100.763, 46.7626 ], [ -100.7631, 46.7762 ], [ -100.7634, 46.7783 ], [ -100.7652, 46.7807 ], [ -100.7674, 46.7825 ], [ -100.7665, 46.7837 ] ] ] } },
{ "type": "Feature", "properties": { "GEOIDFQ": "1400000US38015010700", "NAME": "107", "NAMELSAD": "Census Tract 107" }, "geometry": { "type": "Polygon", "coordinates": [ [ [ -100.7944, 46.8002 ], [ -100.7878, 46.8001 ], [ -100.7877, 46.8021 ], [ -100.7833, 46.8018 ], [ -100.7786, 46.802 ], [ -100.7789, 46.7867 ], [ -100.7787, 46.7857 ], [ -100.7777, 46.7847 ], [ -100.7785, 46.7842 ], [ -100.7794, 46.7841 ], [ -100.7795, 46.7825 ], [ -100.7811, 46.7817 ], [ -100.7876, 46.7804 ], [ -100.7947, 46.7804 ], [ -100.7944, 46.8002 ] ] ] } },
{ "type": "Feature", "properties": { "GEOIDFQ": "1400000US38015010600", "NAME": "106", "NAMELSAD": "Census Tract 106" }, "geometry": { "type": "Polygon", "coordinates": [ [ [ -100.8392, 46.7665 ], [ -100.8378, 46.7692 ], [ -100.8352, 46.772 ], [ -100.8337, 46.7733 ], [ -100.8318, 46.7743 ], [ -100.8301, 46.7761 ], [ -100.8291, 46.778 ], [ -100.8264, 46.781 ], [ -100.8224, 46.7868 ], [ -100.8191, 46.7924 ], [ -100.8189, 46.7943 ], [ -100.8197, 46.7976 ], [ -100.8174, 46.8053 ], [ -100.8182, 46.8069 ], [ -100.8265, 46.8181 ], [ -100.8243, 46.8187 ], [ -100.8224, 46.8188 ], [ -100.8204, 46.8178 ], [ -100.8185, 46.8151 ], [ -100.8165, 46.8138 ], [ -100.8007, 46.8069 ], [ -100.7977, 46.8059 ], [ -100.7943, 46.8052 ], [ -100.7947, 46.7804 ], [ -100.8062, 46.7804 ], [ -100.8083, 46.7799 ], [ -100.8093, 46.7787 ], [ -100.8094, 46.7746 ], [ -100.8099, 46.773 ], [ -100.8121, 46.7691 ], [ -100.8141, 46.7669 ], [ -100.8159, 46.766 ], [ -100.816, 46.7657 ], [ -100.8242, 46.7636 ], [ -100.8299, 46.7634 ], [ -100.838, 46.7605 ], [ -100.8391, 46.7626 ], [ -100.8392, 46.7665 ] ] ] } },
{ "type": "Feature", "properties": { "GEOIDFQ": "1400000US38085940800", "NAME": "9408", "NAMELSAD": "Census Tract 9408" }, "geometry": { "type": "Polygon", "coordinates": [ [ [ -101.9983, 46.0533 ], [ -101.9975, 46.0527 ], [ -101.9971, 46.0528 ], [ -101.9973, 46.054 ], [ -101.9966, 46.0547 ], [ -101.9965, 46.0561 ], [ -101.9957, 46.0566 ], [ -101.9952, 46.0566 ], [ -101.9942, 46.0556 ], [ -101.9922, 46.0519 ], [ -101.9924, 46.0511 ], [ -101.9932, 46.051 ], [ -101.9951, 46.0514 ], [ -101.9957, 46.0505 ], [ -101.9931, 46.0498 ], [ -101.9925, 46.0485 ], [ -101.9911, 46.0483 ], [ -101.9916, 46.0474 ], [ -101.9914, 46.047 ], [ -101.9885, 46.0481 ], [ -101.9864, 46.0484 ], [ -101.9833, 46.0476 ], [ -101.9824, 46.0471 ], [ -101.9796, 46.0474 ], [ -101.9787, 46.0484 ], [ -101.9762, 46.0481 ], [ -101.9754, 46.0475 ], [ -101.9747, 46.0476 ], [ -101.9737, 46.0483 ], [ -101.9743, 46.0496 ], [ -101.9723, 46.0494 ], [ -101.9718, 46.0509 ], [ -101.9705, 46.0517 ], [ -101.9705, 46.0525 ], [ -101.9713, 46.0534 ], [ -101.9711, 46.0539 ], [ -101.9699, 46.0543 ], [ -101.9698, 46.0557 ], [ -101.9702, 46.0564 ], [ -101.9699, 46.0568 ], [ -101.9685, 46.0558 ], [ -101.9678, 46.0543 ], [ -101.9663, 46.0543 ], [ -101.9649, 46.0531 ], [ -101.9649, 46.0521 ], [ -101.9653, 46.0516 ], [ -101.9652, 46.0498 ], [ -101.9665, 46.0488 ], [ -101.9655, 46.0486 ], [ -101.9626, 46.0493 ], [ -101.9624, 46.0498 ], [ -101.9634, 46.0508 ], [ -101.9628, 46.0512 ], [ -101.9581, 46.0504 ], [ -101.9572, 46.0505 ], [ -101.956, 46.0526 ], [ -101.956, 46.0532 ], [ -101.9571, 46.0538 ], [ -101.9571, 46.0541 ], [ -101.9553, 46.0552 ], [ -101.9543, 46.0554 ], [ -101.9535, 46.0573 ], [ -101.95, 46.0579 ], [ -101.9482, 46.059 ], [ -101.9467, 46.0584 ], [ -101.9464, 46.0585 ], [ -101.945, 46.0611 ], [ -101.9479, 46.0616 ], [ -101.9496, 46.0623 ], [ -101.9499, 46.0629 ], [ -101.9491, 46.0635 ], [ -101.9476, 46.0637 ], [ -101.9455, 46.063 ], [ -101.9447, 46.0631 ], [ -101.9439, 46.0637 ], [ -101.9432, 46.0651 ], [ -101.9418, 46.0654 ], [ -101.9387, 46.0632 ], [ -101.9379, 46.0632 ], [ -101.9373, 46.0643 ], [ -101.9392, 46.0649 ], [ -101.9393, 46.0657 ], [ -101.9378, 46.0664 ], [ -101.9352, 46.0655 ], [ -101.9339, 46.0635 ], [ -101.9311, 46.063 ], [ -101.9312, 46.0625 ], [ -101.934, 46.0621 ], [ -101.9341, 46.0614 ], [ -101.9282, 46.0596 ], [ -101.9266, 46.0579 ], [ -101.9261, 46.0566 ], [ -101.9244, 46.0557 ], [ -101.923, 46.0554 ], [ -101.9223, 46.0544 ], [ -101.9213, 46.0542 ], [ -101.9195, 46.0556 ], [ -101.9205, 46.0566 ], [ -101.922, 46.0572 ], [ -101.9228, 46.0584 ], [ -101.9226, 46.0598 ], [ -101.9232, 46.0605 ], [ -101.9227, 46.0608 ], [ -101.9211, 46.0602 ], [ -101.92, 46.0594 ], [ -101.9193, 46.0594 ], [ -101.9179, 46.06 ], [ -101.9157, 46.0589 ], [ -101.9145, 46.0587 ], [ -101.9141, 46.0582 ], [ -101.9143, 46.0574 ], [ -101.9167, 46.0569 ], [ -101.9168, 46.0567 ], [ -101.914, 46.0559 ], [ -101.9134, 46.0546 ], [ -101.9123, 46.0538 ], [ -101.9118, 46.0538 ], [ -101.9091, 46.0553 ], [ -101.9079, 46.0572 ], [ -101.9079, 46.0577 ], [ -101.9108, 46.0578 ], [ -101.9112, 46.0581 ], [ -101.9103, 46.0595 ], [ -101.9103, 46.0603 ], [ -101.9112, 46.0613 ], [ -101.9109, 46.0622 ], [ -101.9105, 46.0623 ], [ -101.9069, 46.0611 ], [ -101.906, 46.0604 ], [ -101.905, 46.0588 ], [ -101.9073, 46.0586 ], [ -101.9075, 46.0583 ], [ -101.9032, 46.0558 ], [ -101.9029, 46.0562 ], [ -101.9034, 46.0581 ], [ -101.9022, 46.0597 ], [ -101.8985, 46.0583 ], [ -101.8984, 46.0578 ], [ -101.9, 46.0575 ], [ -101.8998, 46.0569 ], [ -101.8985, 46.0564 ], [ -101.8965, 46.0564 ], [ -101.894, 46.0569 ], [ -101.8942, 46.0577 ], [ -101.8951, 46.0586 ], [ -101.8952, 46.059 ], [ -101.8948, 46.0593 ], [ -101.8923, 46.0593 ], [ -101.8923, 46.0597 ], [ -101.8937, 46.0604 ], [ -101.8934, 46.0614 ], [ -101.8925, 46.0621 ], [ -101.8915, 46.062 ], [ -101.8899, 46.0613 ], [ -101.8889, 46.0615 ], [ -101.8886, 46.064 ], [ -101.89, 46.0637 ], [ -101.8933, 46.0639 ], [ -101.8948, 46.0632 ], [ -101.8954, 46.0633 ], [ -101.8957, 46.0647 ], [ -101.897, 46.066 ], [ -101.8956, 46.0669 ], [ -101.8957, 46.0688 ], [ -101.8953, 46.0692 ], [ -101.8928, 46.0691 ], [ -101.8917, 46.0686 ], [ -101.8893, 46.0689 ], [ -101.8882, 46.0687 ], [ -101.8876, 46.0683 ], [ -101.8884, 46.0667 ], [ -101.888, 46.0659 ], [ -101.8862, 46.0648 ], [ -101.8846, 46.0654 ], [ -101.8834, 46.0652 ], [ -101.8814, 46.0632 ], [ -101.8809, 46.0632 ], [ -101.8807, 46.0636 ], [ -101.8809, 46.0647 ], [ -101.8829, 46.0662 ], [ -101.8846, 46.0681 ], [ -101.884, 46.0694 ], [ -101.883, 46.07 ], [ -101.8819, 46.0698 ], [ -101.876, 46.0679 ], [ -101.876, 46.0669 ], [ -101.8773, 46.0661 ], [ -101.8775, 46.0656 ], [ -101.8746, 46.0634 ], [ -101.8721, 46.0638 ], [ -101.8711, 46.063 ], [ -101.87, 46.0629 ], [ -101.8693, 46.0631 ], [ -101.8692, 46.0637 ], [ -101.8709, 46.065 ], [ -101.8707, 46.0655 ], [ -101.8669, 46.0663 ], [ -101.8618, 46.0648 ], [ -101.861, 46.0649 ], [ -101.8583, 46.0663 ], [ -101.8578, 46.067 ], [ -101.8548, 46.0687 ], [ -101.8548, 46.0695 ], [ -101.8565, 46.0707 ], [ -101.8562, 46.0715 ], [ -101.8525, 46.0721 ], [ -101.8494, 46.0733 ], [ -101.8483, 46.0728 ], [ -101.8471, 46.0708 ], [ -101.8464, 46.0665 ], [ -101.8457, 46.0655 ], [ -101.845, 46.0655 ], [ -101.8448, 46.0658 ], [ -101.8445, 46.0677 ], [ -101.8435, 46.0677 ], [ -101.8432, 46.067 ], [ -101.8442, 46.0651 ], [ -101.8451, 46.0646 ], [ -101.8482, 46.0643 ], [ -101.8503, 46.065 ], [ -101.8506, 46.0648 ], [ -101.8507, 46.0645 ], [ -101.8497, 46.0638 ], [ -101.8495, 46.0625 ], [ -101.8475, 46.0614 ], [ -101.8473, 46.0607 ], [ -101.8465, 46.0605 ], [ -101.8437, 46.0616 ], [ -101.843, 46.0633 ], [ -101.8416, 46.0634 ], [ -101.8413, 46.063 ], [ -101.8419, 46.0622 ], [ -101.8407, 46.0613 ], [ -101.8402, 46.0604 ], [ -101.8403, 46.0598 ], [ -101.8434, 46.0579 ], [ -101.8434, 46.0576 ], [ -101.8422, 46.0572 ], [ -101.8408, 46.0576 ], [ -101.8401, 46.0573 ], [ -101.8402, 46.0568 ], [ -101.841, 46.0563 ], [ -101.8425, 46.0561 ], [ -101.845, 46.0574 ], [ -101.846, 46.055 ], [ -101.846, 46.0539 ], [ -101.845, 46.0528 ], [ -101.8429, 46.0515 ], [ -101.8426, 46.0502 ], [ -101.8434, 46.0499 ], [ -101.8473, 46.0497 ], [ -101.8477, 46.05 ], [ -101.8465, 46.0509 ], [ -101.8467, 46.0515 ], [ -101.8491, 46.052 ], [ -101.8495, 46.0518 ], [ -101.8492, 46.0501 ], [ -101.85, 46.0476 ], [ -101.8523, 46.0474 ], [ -101.8565, 46.0486 ], [ -101.8595, 46.0488 ], [ -101.8603, 46.0481 ], [ -101.8576, 46.0465 ], [ -101.8515, 46.046 ], [ -101.8478, 46.0439 ], [ -101.8459, 46.0443 ], [ -101.8447, 46.0419 ], [ -101.8457, 46.0414 ], [ -101.8478, 46.0415 ], [ -101.848, 46.0411 ], [ -101.8471, 46.0408 ], [ -101.8435, 46.0408 ], [ -101.8429, 46.04 ], [ -101.8427, 46.0375 ], [ -101.8419, 46.0374 ], [ -101.8413, 46.0382 ], [ -101.8406, 46.038 ], [ -101.8415, 46.0346 ], [ -101.8411, 46.0337 ], [ -101.843, 46.0321 ], [ -101.8419, 46.0307 ], [ -101.8421, 46.0291 ], [ -101.8416, 46.0288 ], [ -101.839, 46.0287 ], [ -101.8384, 46.029 ], [ -101.8391, 46.0319 ], [ -101.8384, 46.033 ], [ -101.8366, 46.0327 ], [ -101.8371, 46.0315 ], [ -101.8365, 46.0312 ], [ -101.8353, 46.0316 ], [ -101.835, 46.0337 ], [ -101.8343, 46.0338 ], [ -101.8338, 46.0334 ], [ -101.8338, 46.032 ], [ -101.8334, 46.0318 ], [ -101.8324, 46.0319 ], [ -101.8304, 46.0331 ], [ -101.8306, 46.0342 ], [ -101.8292, 46.0349 ], [ -101.8292, 46.0376 ], [ -101.8282, 46.0379 ], [ -101.8252, 46.0371 ], [ -101.8223, 46.0356 ], [ -101.8218, 46.0337 ], [ -101.814, 46.0277 ], [ -101.8124, 46.0272 ], [ -101.8116, 46.0274 ], [ -101.8121, 46.0283 ], [ -101.8135, 46.0289 ], [ -101.8135, 46.0296 ], [ -101.8127, 46.0306 ], [ -101.8131, 46.0308 ], [ -101.8149, 46.0304 ], [ -101.8146, 46.0317 ], [ -101.812, 46.0316 ], [ -101.8106, 46.0311 ], [ -101.8091, 46.0312 ], [ -101.8074, 46.0301 ], [ -101.8051, 46.0305 ], [ -101.805, 46.0298 ], [ -101.8023, 46.0279 ], [ -101.8034, 46.0267 ], [ -101.8037, 46.0253 ], [ -101.8002, 46.0249 ], [ -101.7994, 46.0242 ], [ -101.7987, 46.0242 ], [ -101.7982, 46.0247 ], [ -101.7983, 46.0259 ], [ -101.8005, 46.0263 ], [ -101.8009, 46.0269 ], [ -101.7973, 46.0286 ], [ -101.7976, 46.0292 ], [ -101.7998, 46.0295 ], [ -101.798, 46.0306 ], [ -101.7976, 46.0315 ], [ -101.7995, 46.0317 ], [ -101.8001, 46.0324 ], [ -101.7949, 46.0359 ], [ -101.7938, 46.0361 ], [ -101.7923, 46.0359 ], [ -101.7912, 46.0344 ], [ -101.7903, 46.0344 ], [ -101.7875, 46.0354 ], [ -101.7864, 46.0372 ], [ -101.7849, 46.037 ], [ -101.7843, 46.0371 ], [ -101.7838, 46.0381 ], [ -101.7829, 46.0384 ], [ -101.7825, 46.0382 ], [ -101.7827, 46.0373 ], [ -101.7841, 46.0365 ], [ -101.7841, 46.036 ], [ -101.7827, 46.0353 ], [ -101.7817, 46.0353 ], [ -101.7805, 46.0359 ], [ -101.7799, 46.0381 ], [ -101.7793, 46.039 ], [ -101.7788, 46.0391 ], [ -101.7774, 46.0386 ], [ -101.7756, 46.0367 ], [ -101.7733, 46.0374 ], [ -101.7719, 46.0373 ], [ -101.7714, 46.0367 ], [ -101.7718, 46.0361 ], [ -101.7735, 46.0353 ], [ -101.7739, 46.0346 ], [ -101.7731, 46.0342 ], [ -101.7711, 46.0342 ], [ -101.7696, 46.0331 ], [ -101.7677, 46.0338 ], [ -101.7666, 46.0311 ], [ -101.7658, 46.0306 ], [ -101.7642, 46.0316 ], [ -101.7626, 46.0317 ], [ -101.7624, 46.0326 ], [ -101.763, 46.0332 ], [ -101.7653, 46.0332 ], [ -101.7674, 46.0357 ], [ -101.7668, 46.036 ], [ -101.7618, 46.0356 ], [ -101.7566, 46.0405 ], [ -101.7562, 46.041 ], [ -101.7563, 46.0422 ], [ -101.7556, 46.0425 ], [ -101.7547, 46.0418 ], [ -101.7551, 46.0381 ], [ -101.7541, 46.0376 ], [ -101.7521, 46.038 ], [ -101.7512, 46.0413 ], [ -101.7496, 46.0417 ], [ -101.7491, 46.0412 ], [ -101.749, 46.0402 ], [ -101.7498, 46.0389 ], [ -101.7493, 46.037 ], [ -101.75, 46.0358 ], [ -101.749, 46.0332 ], [ -101.7492, 46.0329 ], [ -101.7504, 46.0327 ], [ -101.7541, 46.0334 ], [ -101.7553, 46.0329 ], [ -101.7563, 46.0315 ], [ -101.7583, 46.0318 ], [ -101.7583, 46.031 ], [ -101.7568, 46.0288 ], [ -101.7561, 46.0288 ], [ -101.7536, 46.0303 ], [ -101.7527, 46.0305 ], [ -101.7525, 46.029 ], [ -101.7515, 46.0284 ], [ -101.7465, 46.0282 ], [ -101.7462, 46.03 ], [ -101.7438, 46.0306 ], [ -101.7437, 46.0327 ], [ -101.7427, 46.0334 ], [ -101.7421, 46.0345 ], [ -101.7403, 46.035 ], [ -101.7396, 46.0355 ], [ -101.7396, 46.0368 ], [ -101.7386, 46.0376 ], [ -101.7376, 46.0376 ], [ -101.7372, 46.0366 ], [ -101.734, 46.0358 ], [ -101.7302, 46.0363 ], [ -101.7289, 46.0361 ], [ -101.7274, 46.0355 ], [ -101.7266, 46.0342 ], [ -101.7267, 46.0334 ], [ -101.7276, 46.0329 ], [ -101.7276, 46.0324 ], [ -101.7258, 46.0321 ], [ -101.7251, 46.0316 ], [ -101.723, 46.0287 ], [ -101.7224, 46.0285 ], [ -101.7219, 46.0294 ], [ -101.7209, 46.0295 ], [ -101.7199, 46.0285 ], [ -101.7172, 46.0287 ], [ -101.7157, 46.0281 ], [ -101.7158, 46.0276 ], [ -101.7173, 46.0268 ], [ -101.7176, 46.0252 ], [ -101.7197, 46.0238 ], [ -101.7193, 46.0232 ], [ -101.7183, 46.0229 ], [ -101.7165, 46.0231 ], [ -101.7151, 46.0217 ], [ -101.7127, 46.0216 ], [ -101.7115, 46.0222 ], [ -101.7114, 46.0229 ], [ -101.7117, 46.0233 ], [ -101.7129, 46.0233 ], [ -101.7138, 46.0239 ], [ -101.714, 46.0245 ], [ -101.7135, 46.0261 ], [ -101.7129, 46.0263 ], [ -101.7102, 46.0258 ], [ -101.7047, 46.0222 ], [ -101.7015, 46.0252 ], [ -101.701, 46.0266 ], [ -101.7003, 46.0269 ], [ -101.6989, 46.027 ], [ -101.6985, 46.0268 ], [ -101.6987, 46.026 ], [ -101.6997, 46.0251 ], [ -101.6992, 46.0247 ], [ -101.6974, 46.0241 ], [ -101.6969, 46.0234 ], [ -101.6975, 46.022 ], [ -101.6981, 46.022 ], [ -101.6989, 46.0232 ], [ -101.6997, 46.023 ], [ -101.6997, 46.0225 ], [ -101.6985, 46.0214 ], [ -101.6956, 46.0201 ], [ -101.6931, 46.0193 ], [ -101.6918, 46.0203 ], [ -101.6897, 46.0211 ], [ -101.6894, 46.0226 ], [ -101.6887, 46.0227 ], [ -101.6879, 46.0224 ], [ -101.6878, 46.0216 ], [ -101.6859, 46.0198 ], [ -101.6857, 46.019 ], [ -101.6863, 46.0189 ], [ -101.689, 46.0196 ], [ -101.6894, 46.0192 ], [ -101.6893, 46.0186 ], [ -101.6862, 46.0163 ], [ -101.6864, 46.0142 ], [ -101.6859, 46.0136 ], [ -101.6824, 46.0126 ], [ -101.6815, 46.0126 ], [ -101.6811, 46.0129 ], [ -101.6811, 46.0136 ], [ -101.6816, 46.014 ], [ -101.684, 46.015 ], [ -101.6852, 46.016 ], [ -101.6846, 46.0167 ], [ -101.6827, 46.0167 ], [ -101.6808, 46.016 ], [ -101.6773, 46.0159 ], [ -101.6754, 46.0163 ], [ -101.6755, 46.015 ], [ -101.6783, 46.012 ], [ -101.6783, 46.0116 ], [ -101.6777, 46.0115 ], [ -101.6745, 46.0124 ], [ -101.6719, 46.0123 ], [ -101.6713, 46.0134 ], [ -101.6701, 46.0137 ], [ -101.6684, 46.014 ], [ -101.6662, 46.0139 ], [ -101.6647, 46.0145 ], [ -101.6646, 46.0157 ], [ -101.6641, 46.016 ], [ -101.6631, 46.0155 ], [ -101.6627, 46.0147 ], [ -101.6636, 46.013 ], [ -101.6649, 46.0121 ], [ -101.6645, 46.0116 ], [ -101.6629, 46.0121 ], [ -101.6605, 46.0119 ], [ -101.6599, 46.0128 ], [ -101.6573, 46.0122 ], [ -101.6566, 46.0124 ], [ -101.6575, 46.0151 ], [ -101.6583, 46.0151 ], [ -101.6594, 46.0137 ], [ -101.6605, 46.0139 ], [ -101.6607, 46.0145 ], [ -101.6601, 46.0151 ], [ -101.6551, 46.017 ], [ -101.6542, 46.017 ], [ -101.6535, 46.0154 ], [ -101.652, 46.0143 ], [ -101.6502, 46.0148 ], [ -101.6465, 46.0149 ], [ -101.6442, 46.0161 ], [ -101.6431, 46.0205 ], [ -101.6455, 46.0208 ], [ -101.6465, 46.0213 ], [ -101.646, 46.0233 ], [ -101.6488, 46.0234 ], [ -101.65, 46.024 ], [ -101.649, 46.0248 ], [ -101.6473, 46.0254 ], [ -101.6445, 46.0239 ], [ -101.6433, 46.024 ], [ -101.6435, 46.0252 ], [ -101.6467, 46.0279 ], [ -101.6461, 46.0296 ], [ -101.6455, 46.0296 ], [ -101.6437, 46.0281 ], [ -101.6432, 46.0282 ], [ -101.6426, 46.0294 ], [ -101.642, 46.0296 ], [ -101.6379, 46.0288 ], [ -101.6369, 46.029 ], [ -101.6352, 46.0301 ], [ -101.6351, 46.0307 ], [ -101.6359, 46.0312 ], [ -101.6373, 46.0309 ], [ -101.638, 46.031 ], [ -101.6385, 46.0324 ], [ -101.6352, 46.0344 ], [ -101.635, 46.0356 ], [ -101.6356, 46.0363 ], [ -101.6371, 46.0364 ], [ -101.6381, 46.0371 ], [ -101.6373, 46.0375 ], [ -101.6314, 46.0379 ], [ -101.631, 46.0371 ], [ -101.6317, 46.036 ], [ -101.6243, 46.0365 ], [ -101.6227, 46.037 ], [ -101.6218, 46.0368 ], [ -101.6212, 46.0352 ], [ -101.6227, 46.033 ], [ -101.62, 46.0321 ], [ -101.6201, 46.0305 ], [ -101.6194, 46.0299 ], [ -101.6188, 46.0299 ], [ -101.6174, 46.0309 ], [ -101.6163, 46.0307 ], [ -101.6155, 46.0291 ], [ -101.617, 46.0279 ], [ -101.6174, 46.027 ], [ -101.6157, 46.0256 ], [ -101.6149, 46.024 ], [ -101.6144, 46.0236 ], [ -101.6131, 46.0233 ], [ -101.6111, 46.0242 ], [ -101.6101, 46.0237 ], [ -101.6115, 46.0196 ], [ -101.6112, 46.0187 ], [ -101.6095, 46.0189 ], [ -101.6037, 46.017 ], [ -101.603, 46.0163 ], [ -101.603, 46.0156 ], [ -101.6008, 46.0146 ], [ -101.5995, 46.0132 ], [ -101.5984, 46.0136 ], [ -101.5982, 46.0145 ], [ -101.599, 46.0154 ], [ -101.6005, 46.0161 ], [ -101.6001, 46.0167 ], [ -101.5981, 46.0169 ], [ -101.5965, 46.0175 ], [ -101.5944, 46.0176 ], [ -101.5938, 46.0171 ], [ -101.5933, 46.0158 ], [ -101.5954, 46.015 ], [ -101.5958, 46.0145 ], [ -101.5938, 46.0132 ], [ -101.5921, 46.011 ], [ -101.5919, 46.0096 ], [ -101.5915, 46.0092 ], [ -101.5904, 46.0091 ], [ -101.5885, 46.0096 ], [ -101.5886, 46.0101 ], [ -101.5907, 46.0125 ], [ -101.5899, 46.0134 ], [ -101.5884, 46.0137 ], [ -101.5878, 46.0135 ], [ -101.5863, 46.0118 ], [ -101.5855, 46.012 ], [ -101.5857, 46.0142 ], [ -101.5883, 46.0155 ], [ -101.5883, 46.0164 ], [ -101.586, 46.0166 ], [ -101.5835, 46.0157 ], [ -101.5819, 46.0176 ], [ -101.5789, 46.0186 ], [ -101.5789, 46.0192 ], [ -101.5797, 46.0202 ], [ -101.5794, 46.0207 ], [ -101.5742, 46.0229 ], [ -101.5742, 46.0235 ], [ -101.5762, 46.024 ], [ -101.5767, 46.0245 ], [ -101.5763, 46.0253 ], [ -101.5747, 46.0255 ], [ -101.5738, 46.0251 ], [ -101.5722, 46.0236 ], [ -101.5717, 46.0218 ], [ -101.5711, 46.0215 ], [ -101.5704, 46.0219 ], [ -101.5695, 46.0232 ], [ -101.5678, 46.0237 ], [ -101.5677, 46.021 ], [ -101.5682, 46.0197 ], [ -101.5679, 46.0186 ], [ -101.5664, 46.0179 ], [ -101.5643, 46.0181 ], [ -101.5632, 46.0177 ], [ -101.5631, 46.0165 ], [ -101.5646, 46.0166 ], [ -101.5647, 46.0156 ], [ -101.5657, 46.0153 ], [ -101.5667, 46.0153 ], [ -101.5671, 46.0144 ], [ -101.5663, 46.014 ], [ -101.5645, 46.0139 ], [ -101.5616, 46.0128 ], [ -101.5598, 46.0109 ], [ -101.5589, 46.0111 ], [ -101.5579, 46.0119 ], [ -101.5565, 46.0117 ], [ -101.5556, 46.0099 ], [ -101.5542, 46.0091 ], [ -101.5545, 46.0071 ], [ -101.5536, 46.0068 ], [ -101.5533, 46.007 ], [ -101.5533, 46.0083 ], [ -101.5519, 46.0109 ], [ -101.5501, 46.0115 ], [ -101.5481, 46.011 ], [ -101.5462, 46.0129 ], [ -101.546, 46.0149 ], [ -101.5452, 46.0161 ], [ -101.5462, 46.0161 ], [ -101.5473, 46.0154 ], [ -101.5484, 46.0153 ], [ -101.5496, 46.0157 ], [ -101.5508, 46.0168 ], [ -101.5504, 46.0173 ], [ -101.5496, 46.0173 ], [ -101.5486, 46.0181 ], [ -101.5472, 46.0183 ], [ -101.5428, 46.0174 ], [ -101.5422, 46.0161 ], [ -101.5371, 46.0161 ], [ -101.5351, 46.0164 ], [ -101.5346, 46.0159 ], [ -101.5343, 46.0137 ], [ -101.5336, 46.0133 ], [ -101.5318, 46.0146 ], [ -101.5287, 46.0154 ], [ -101.5273, 46.0164 ], [ -101.5272, 46.0172 ], [ -101.5278, 46.0182 ], [ -101.5295, 46.019 ], [ -101.5305, 46.0205 ], [ -101.5331, 46.0206 ], [ -101.533, 46.0211 ], [ -101.5311, 46.0227 ], [ -101.5316, 46.0257 ], [ -101.5321, 46.0259 ], [ -101.5338, 46.0244 ], [ -101.5347, 46.0245 ], [ -101.5355, 46.0262 ], [ -101.5355, 46.0282 ], [ -101.5367, 46.0292 ], [ -101.5362, 46.03 ], [ -101.5352, 46.0306 ], [ -101.5334, 46.0306 ], [ -101.5314, 46.0295 ], [ -101.5293, 46.0289 ], [ -101.5248, 46.0286 ], [ -101.5236, 46.0286 ], [ -101.5197, 46.0302 ], [ -101.5175, 46.0308 ], [ -101.5162, 46.0306 ], [ -101.5157, 46.03 ], [ -101.5158, 46.0293 ], [ -101.5179, 46.0291 ], [ -101.5186, 46.0286 ], [ -101.5194, 46.0264 ], [ -101.5192, 46.0257 ], [ -101.5174, 46.0254 ], [ -101.5118, 46.0267 ], [ -101.5116, 46.0272 ], [ -101.5124, 46.0282 ], [ -101.5104, 46.03 ], [ -101.5094, 46.0301 ], [ -101.5081, 46.0289 ], [ -101.5081, 46.0281 ], [ -101.5091, 46.0274 ], [ -101.5103, 46.0271 ], [ -101.5106, 46.0267 ], [ -101.5097, 46.0266 ], [ -101.5091, 46.0253 ], [ -101.5074, 46.0246 ], [ -101.5043, 46.0254 ], [ -101.5029, 46.0244 ], [ -101.5021, 46.023 ], [ -101.5013, 46.0228 ], [ -101.4983, 46.0232 ], [ -101.4963, 46.0239 ], [ -101.499, 46.0259 ], [ -101.4989, 46.0269 ], [ -101.4982, 46.0274 ], [ -101.4968, 46.0275 ], [ -101.4964, 46.0258 ], [ -101.4957, 46.0253 ], [ -101.4928, 46.0252 ], [ -101.4917, 46.0255 ], [ -101.4915, 46.0261 ], [ -101.4933, 46.0266 ], [ -101.4938, 46.0269 ], [ -101.4935, 46.0274 ], [ -101.49, 46.0282 ], [ -101.4876, 46.0277 ], [ -101.4859, 46.028 ], [ -101.4858, 46.0291 ], [ -101.4869, 46.0302 ], [ -101.4881, 46.0305 ], [ -101.4904, 46.0295 ], [ -101.4917, 46.0298 ], [ -101.493, 46.0316 ], [ -101.4955, 46.0337 ], [ -101.4948, 46.0349 ], [ -101.4938, 46.0356 ], [ -101.4926, 46.0357 ], [ -101.4919, 46.035 ], [ -101.4919, 46.0327 ], [ -101.4899, 46.0328 ], [ -101.4898, 46.035 ], [ -101.4909, 46.0374 ], [ -101.4903, 46.0375 ], [ -101.4847, 46.0368 ], [ -101.4839, 46.0372 ], [ -101.4839, 46.0381 ], [ -101.4855, 46.0375 ], [ -101.4861, 46.0383 ], [ -101.4869, 46.0386 ], [ -101.4874, 46.0421 ], [ -101.4879, 46.0427 ], [ -101.4898, 46.0424 ], [ -101.4891, 46.0407 ], [ -101.4898, 46.0389 ], [ -101.4905, 46.0386 ], [ -101.492, 46.039 ], [ -101.4937, 46.0389 ], [ -101.4943, 46.0385 ], [ -101.4942, 46.0381 ], [ -101.493, 46.0376 ], [ -101.493, 46.0373 ], [ -101.4936, 46.037 ], [ -101.4974, 46.0379 ], [ -101.4983, 46.0406 ], [ -101.4975, 46.0418 ], [ -101.4944, 46.0425 ], [ -101.4916, 46.0436 ], [ -101.4898, 46.0457 ], [ -101.4884, 46.0464 ], [ -101.4861, 46.0468 ], [ -101.4846, 46.0482 ], [ -101.4842, 46.0493 ], [ -101.4847, 46.0496 ], [ -101.4864, 46.0499 ], [ -101.4884, 46.0496 ], [ -101.4899, 46.0497 ], [ -101.4901, 46.0504 ], [ -101.4893, 46.0512 ], [ -101.4877, 46.0517 ], [ -101.4861, 46.0513 ], [ -101.4842, 46.0525 ], [ -101.4805, 46.0525 ], [ -101.4789, 46.0527 ], [ -101.4783, 46.0533 ], [ -101.4793, 46.0543 ], [ -101.4787, 46.0551 ], [ -101.4759, 46.0543 ], [ -101.4728, 46.0539 ], [ -101.4718, 46.0542 ], [ -101.472, 46.055 ], [ -101.4737, 46.0555 ], [ -101.4751, 46.0588 ], [ -101.4748, 46.0595 ], [ -101.4711, 46.0597 ], [ -101.4696, 46.0592 ], [ -101.4685, 46.0585 ], [ -101.4676, 46.057 ], [ -101.4685, 46.0554 ], [ -101.467, 46.0509 ], [ -101.4663, 46.0504 ], [ -101.4608, 46.051 ], [ -101.4597, 46.0508 ], [ -101.4591, 46.0502 ], [ -101.4585, 46.0499 ], [ -101.4564, 46.052 ], [ -101.4516, 46.0519 ], [ -101.4485, 46.0537 ], [ -101.4474, 46.054 ], [ -101.4456, 46.0539 ], [ -101.445, 46.0545 ], [ -101.4445, 46.0563 ], [ -101.443, 46.0561 ], [ -101.4421, 46.0548 ], [ -101.4412, 46.0542 ], [ -101.4393, 46.055 ], [ -101.4381, 46.0551 ], [ -101.4356, 46.0546 ], [ -101.4328, 46.0532 ], [ -101.4307, 46.053 ], [ -101.4305, 46.0539 ], [ -101.4318, 46.0548 ], [ -101.4319, 46.0556 ], [ -101.4314, 46.0563 ], [ -101.4288, 46.0579 ], [ -101.4283, 46.0589 ], [ -101.4288, 46.0599 ], [ -101.428, 46.0606 ], [ -101.426, 46.0609 ], [ -101.4235, 46.0599 ], [ -101.4221, 46.0598 ], [ -101.4204, 46.0593 ], [ -101.4171, 46.0604 ], [ -101.4159, 46.06 ], [ -101.4153, 46.0587 ], [ -101.4146, 46.0584 ], [ -101.4116, 46.0595 ], [ -101.4112, 46.0614 ], [ -101.4151, 46.0638 ], [ -101.4144, 46.0654 ], [ -101.4126, 46.0666 ], [ -101.4101, 46.0664 ], [ -101.4091, 46.0669 ], [ -101.4071, 46.0708 ], [ -101.4066, 46.071 ], [ -101.4044, 46.0709 ], [ -101.4011, 46.0726 ], [ -101.3985, 46.0728 ], [ -101.3975, 46.0738 ], [ -101.3976, 46.0746 ], [ -101.3985, 46.076 ], [ -101.3985, 46.0766 ], [ -101.3978, 46.0771 ], [ -101.3933, 46.0767 ], [ -101.392, 46.0772 ], [ -101.3888, 46.0792 ], [ -101.3856, 46.0793 ], [ -101.384, 46.0781 ], [ -101.3819, 46.0772 ], [ -101.3742, 46.0766 ], [ -101.3706, 46.0755 ], [ -101.3684, 46.0752 ], [ -101.3667, 46.0737 ], [ -101.3664, 46.0704 ], [ -101.3642, 46.0699 ], [ -101.3623, 46.0704 ], [ -101.3618, 46.0724 ], [ -101.362, 46.0744 ], [ -101.3605, 46.0766 ], [ -101.3591, 46.0775 ], [ -101.3576, 46.0778 ], [ -101.3561, 46.0777 ], [ -101.3556, 46.0773 ], [ -101.3558, 46.0762 ], [ -101.354, 46.0746 ], [ -101.353, 46.0743 ], [ -101.3512, 46.0745 ], [ -101.3473, 46.0757 ], [ -101.3472, 46.078 ], [ -101.3463, 46.0794 ], [ -101.3447, 46.0796 ], [ -101.3397, 46.0811 ], [ -101.3372, 46.0815 ], [ -101.3349, 46.0827 ], [ -101.3352, 46.0839 ], [ -101.3361, 46.0848 ], [ -101.3389, 46.085 ], [ -101.3415, 46.0848 ], [ -101.3442, 46.0859 ], [ -101.3445, 46.0867 ], [ -101.3435, 46.0893 ], [ -101.3364, 46.0906 ], [ -101.3326, 46.0919 ], [ -101.3271, 46.0909 ], [ -101.3256, 46.0911 ], [ -101.3238, 46.0958 ], [ -101.3227, 46.0971 ], [ -101.3213, 46.0964 ], [ -101.3205, 46.0954 ], [ -101.3193, 46.095 ], [ -101.3179, 46.0951 ], [ -101.3168, 46.0949 ], [ -101.3146, 46.0933 ], [ -101.3139, 46.0921 ], [ -101.3124, 46.0919 ], [ -101.3116, 46.0925 ], [ -101.3116, 46.0933 ], [ -101.3134, 46.0959 ], [ -101.319, 46.0997 ], [ -101.3192, 46.1004 ], [ -101.3164, 46.1014 ], [ -101.3146, 46.1012 ], [ -101.313, 46.1015 ], [ -101.3106, 46.1038 ], [ -101.3088, 46.1043 ], [ -101.3056, 46.1047 ], [ -101.3035, 46.1055 ], [ -101.2999, 46.1048 ], [ -101.2994, 46.1054 ], [ -101.2996, 46.106 ], [ -101.3009, 46.1073 ], [ -101.3017, 46.11 ], [ -101.2981, 46.1115 ], [ -101.297, 46.1127 ], [ -101.2977, 46.1143 ], [ -101.2947, 46.1157 ], [ -101.2953, 46.1164 ], [ -101.2986, 46.117 ], [ -101.2982, 46.1183 ], [ -101.2968, 46.1182 ], [ -101.297, 46.1195 ], [ -101.2979, 46.1203 ], [ -101.299, 46.1207 ], [ -101.3017, 46.1201 ], [ -101.305, 46.1217 ], [ -101.3062, 46.1235 ], [ -101.3077, 46.1236 ], [ -101.3114, 46.125 ], [ -101.311, 46.1262 ], [ -101.3082, 46.1276 ], [ -101.3063, 46.1276 ], [ -101.3047, 46.127 ], [ -101.3033, 46.1274 ], [ -101.302, 46.1294 ], [ -101.3021, 46.1308 ], [ -101.303, 46.1318 ], [ -101.3027, 46.1329 ], [ -101.3022, 46.1332 ], [ -101.2998, 46.1329 ], [ -101.2984, 46.1319 ], [ -101.2974, 46.1303 ], [ -101.2974, 46.1279 ], [ -101.2963, 46.1273 ], [ -101.295, 46.1273 ], [ -101.2936, 46.1277 ], [ -101.2929, 46.1285 ], [ -101.2928, 46.1298 ], [ -101.2941, 46.1311 ], [ -101.294, 46.132 ], [ -101.2929, 46.1336 ], [ -101.2922, 46.134 ], [ -101.288, 46.1347 ], [ -101.2859, 46.1353 ], [ -101.2838, 46.1354 ], [ -101.2817, 46.1345 ], [ -101.2831, 46.1319 ], [ -101.2827, 46.1302 ], [ -101.2817, 46.1294 ], [ -101.277, 46.1293 ], [ -101.2755, 46.1298 ], [ -101.2749, 46.1313 ], [ -101.2758, 46.135 ], [ -101.2746, 46.1361 ], [ -101.2736, 46.1363 ], [ -101.2716, 46.1355 ], [ -101.2694, 46.1327 ], [ -101.2687, 46.1312 ], [ -101.2671, 46.1306 ], [ -101.2654, 46.1309 ], [ -101.2637, 46.1328 ], [ -101.2637, 46.1338 ], [ -101.2643, 46.1344 ], [ -101.2635, 46.1364 ], [ -101.2619, 46.1386 ], [ -101.2593, 46.14 ], [ -101.2572, 46.1398 ], [ -101.2561, 46.1393 ], [ -101.2537, 46.135 ], [ -101.2532, 46.1347 ], [ -101.252, 46.1348 ], [ -101.2501, 46.1364 ], [ -101.2499, 46.1395 ], [ -101.2507, 46.1402 ], [ -101.2507, 46.141 ], [ -101.2501, 46.1412 ], [ -101.2495, 46.142 ], [ -101.2485, 46.1424 ], [ -101.247, 46.1422 ], [ -101.2466, 46.1406 ], [ -101.2458, 46.1398 ], [ -101.2429, 46.1384 ], [ -101.2412, 46.1383 ], [ -101.2392, 46.1399 ], [ -101.2388, 46.1411 ], [ -101.2389, 46.1424 ], [ -101.2379, 46.143 ], [ -101.2368, 46.1431 ], [ -101.2337, 46.1418 ], [ -101.2325, 46.1403 ], [ -101.2294, 46.138 ], [ -101.2281, 46.138 ], [ -101.2274, 46.1387 ], [ -101.2275, 46.1408 ], [ -101.226, 46.1425 ], [ -101.2242, 46.1435 ], [ -101.2205, 46.1444 ], [ -101.2195, 46.1454 ], [ -101.2196, 46.146 ], [ -101.2204, 46.1468 ], [ -101.2232, 46.1483 ], [ -101.2237, 46.149 ], [ -101.2236, 46.1497 ], [ -101.2219, 46.1506 ], [ -101.2209, 46.1506 ], [ -101.218, 46.1497 ], [ -101.2161, 46.1499 ], [ -101.2142, 46.1512 ], [ -101.2132, 46.1528 ], [ -101.213, 46.1542 ], [ -101.2135, 46.1558 ], [ -101.2129, 46.1561 ], [ -101.212, 46.1562 ], [ -101.2094, 46.1552 ], [ -101.2065, 46.1547 ], [ -101.2027, 46.1534 ], [ -101.2005, 46.1532 ], [ -101.1968, 46.1489 ], [ -101.195, 46.1477 ], [ -101.1922, 46.1475 ], [ -101.1904, 46.1478 ], [ -101.1897, 46.1487 ], [ -101.1899, 46.1497 ], [ -101.1927, 46.1517 ], [ -101.1942, 46.1537 ], [ -101.1951, 46.1556 ], [ -101.1952, 46.1568 ], [ -101.1967, 46.1589 ], [ -101.1967, 46.16 ], [ -101.1958, 46.1614 ], [ -101.1931, 46.1622 ], [ -101.1901, 46.1622 ], [ -101.1891, 46.1625 ], [ -101.1883, 46.1632 ], [ -101.1889, 46.1665 ], [ -101.1898, 46.167 ], [ -101.1917, 46.167 ], [ -101.1927, 46.1673 ], [ -101.194, 46.168 ], [ -101.1944, 46.1691 ], [ -101.1943, 46.1709 ], [ -101.1927, 46.1718 ], [ -101.1926, 46.1745 ], [ -101.1933, 46.1749 ], [ -101.1948, 46.1748 ], [ -101.1959, 46.1759 ], [ -101.1954, 46.1773 ], [ -101.1934, 46.1788 ], [ -101.1923, 46.1803 ], [ -101.192, 46.1817 ], [ -101.1933, 46.1825 ], [ -101.1969, 46.1816 ], [ -101.1983, 46.1824 ], [ -101.1981, 46.1838 ], [ -101.1966, 46.1853 ], [ -101.1933, 46.1875 ], [ -101.191, 46.1913 ], [ -101.1874, 46.1927 ], [ -101.1829, 46.1934 ], [ -101.1781, 46.195 ], [ -101.1767, 46.1951 ], [ -101.175, 46.1949 ], [ -101.174, 46.1941 ], [ -101.1732, 46.1918 ], [ -101.1724, 46.1914 ], [ -101.1715, 46.1915 ], [ -101.17, 46.193 ], [ -101.1697, 46.1946 ], [ -101.1693, 46.1951 ], [ -101.1666, 46.196 ], [ -101.1656, 46.1971 ], [ -101.166, 46.1979 ], [ -101.1681, 46.1986 ], [ -101.1693, 46.1995 ], [ -101.1695, 46.2005 ], [ -101.1688, 46.2017 ], [ -101.1679, 46.202 ], [ -101.1668, 46.2019 ], [ -101.1633, 46.2006 ], [ -101.1617, 46.2004 ], [ -101.1593, 46.1988 ], [ -101.1586, 46.1986 ], [ -101.1566, 46.1989 ], [ -101.1544, 46.2009 ], [ -101.1508, 46.2008 ], [ -101.1476, 46.2014 ], [ -101.1429, 46.2039 ], [ -101.1424, 46.205 ], [ -101.1437, 46.2064 ], [ -101.1438, 46.2079 ], [ -101.1432, 46.2094 ], [ -101.1424, 46.21 ], [ -101.1402, 46.2108 ], [ -101.1374, 46.2112 ], [ -101.1319, 46.2144 ], [ -101.1301, 46.214 ], [ -101.1272, 46.2119 ], [ -101.125, 46.2111 ], [ -101.1241, 46.2113 ], [ -101.1226, 46.2137 ], [ -101.1215, 46.2141 ], [ -101.1202, 46.2145 ], [ -101.1161, 46.2144 ], [ -101.1153, 46.2161 ], [ -101.1141, 46.217 ], [ -101.1148, 46.2189 ], [ -101.1141, 46.2198 ], [ -101.1117, 46.2206 ], [ -101.109, 46.223 ], [ -101.1063, 46.2248 ], [ -101.1016, 46.2268 ], [ -101.101, 46.2274 ], [ -101.1001, 46.2302 ], [ -101.103, 46.2337 ], [ -101.1034, 46.235 ], [ -101.1028, 46.2369 ], [ -101.1054, 46.2428 ], [ -101.1075, 46.2429 ], [ -101.1114, 46.2419 ], [ -101.114, 46.2401 ], [ -101.1148, 46.2401 ], [ -101.1161, 46.2407 ], [ -101.1167, 46.2416 ], [ -101.1168, 46.243 ], [ -101.1161, 46.2446 ], [ -101.1126, 46.2473 ], [ -101.1074, 46.2489 ], [ -101.1062, 46.2495 ], [ -101.106, 46.2507 ], [ -101.107, 46.2521 ], [ -101.1071, 46.2536 ], [ -101.1064, 46.2554 ], [ -101.1054, 46.2565 ], [ -101.104, 46.2571 ], [ -101.1001, 46.2572 ], [ -101.0977, 46.2566 ], [ -101.0944, 46.2564 ], [ -101.0931, 46.2568 ], [ -101.0913, 46.2581 ], [ -101.0903, 46.261 ], [ -101.0905, 46.2629 ], [ -101.0891, 46.2648 ], [ -101.0885, 46.2674 ], [ -101.0898, 46.2681 ], [ -101.095, 46.2678 ], [ -101.0968, 46.2681 ], [ -101.0979, 46.2693 ], [ -101.0981, 46.2701 ], [ -101.0962, 46.2728 ], [ -101.0896, 46.2744 ], [ -101.0866, 46.2755 ], [ -101.0854, 46.2755 ], [ -101.0822, 46.2751 ], [ -101.0804, 46.2736 ], [ -101.0793, 46.2732 ], [ -101.0782, 46.2732 ], [ -101.0754, 46.2743 ], [ -101.0743, 46.2743 ], [ -101.0705, 46.2719 ], [ -101.0685, 46.2712 ], [ -101.0663, 46.2707 ], [ -101.0638, 46.2707 ], [ -101.0602, 46.2712 ], [ -101.0585, 46.2702 ], [ -101.0576, 46.2702 ], [ -101.0559, 46.2708 ], [ -101.0552, 46.2717 ], [ -101.0548, 46.2775 ], [ -101.0545, 46.278 ], [ -101.0494, 46.2808 ], [ -101.0467, 46.2813 ], [ -101.0447, 46.2821 ], [ -101.0411, 46.2818 ], [ -101.0383, 46.2801 ], [ -101.0377, 46.2791 ], [ -101.037, 46.2761 ], [ -101.0364, 46.2757 ], [ -101.0331, 46.2754 ], [ -101.0299, 46.2759 ], [ -101.0248, 46.2781 ], [ -101.024, 46.2787 ], [ -101.024, 46.2795 ], [ -101.0256, 46.2834 ], [ -101.0261, 46.2878 ], [ -101.025, 46.2896 ], [ -101.0236, 46.2908 ], [ -101.0189, 46.2934 ], [ -101.0185, 46.2943 ], [ -101.0187, 46.2964 ], [ -101.0178, 46.2986 ], [ -101.0169, 46.2996 ], [ -101.0159, 46.2998 ], [ -101.0145, 46.2996 ], [ -101.0098, 46.2975 ], [ -101.0058, 46.2965 ], [ -101.0047, 46.2965 ], [ -101.0036, 46.2969 ], [ -101.0021, 46.2986 ], [ -101.0011, 46.3026 ], [ -100.9974, 46.3042 ], [ -100.9972, 46.3047 ], [ -100.9985, 46.3054 ], [ -101.0005, 46.3055 ], [ -101.0034, 46.3072 ], [ -101.0051, 46.3077 ], [ -101.0075, 46.3076 ], [ -101.0117, 46.3063 ], [ -101.0133, 46.3065 ], [ -101.0139, 46.3075 ], [ -101.0137, 46.3086 ], [ -101.0115, 46.3125 ], [ -101.017, 46.3182 ], [ -101.0174, 46.3196 ], [ -101.0167, 46.3204 ], [ -101.0135, 46.3221 ], [ -101.01, 46.3234 ], [ -101.0075, 46.3237 ], [ -101.0053, 46.3235 ], [ -101.0037, 46.3226 ], [ -101.0038, 46.3213 ], [ -101.0031, 46.3197 ], [ -101.0025, 46.3194 ], [ -101.0004, 46.3194 ], [ -100.9994, 46.319 ], [ -100.998, 46.318 ], [ -100.997, 46.3165 ], [ -100.9963, 46.3159 ], [ -100.9953, 46.3155 ], [ -100.9936, 46.3156 ], [ -100.9912, 46.3161 ], [ -100.9881, 46.318 ], [ -100.9837, 46.3192 ], [ -100.9827, 46.3218 ], [ -100.9833, 46.3232 ], [ -100.9842, 46.324 ], [ -100.9844, 46.3251 ], [ -100.9835, 46.328 ], [ -100.9825, 46.329 ], [ -100.9795, 46.3297 ], [ -100.9788, 46.3296 ], [ -100.9784, 46.3292 ], [ -100.9781, 46.3275 ], [ -100.9767, 46.3261 ], [ -100.974, 46.3255 ], [ -100.9693, 46.3288 ], [ -100.9683, 46.3302 ], [ -100.9683, 46.3308 ], [ -100.9686, 46.3315 ], [ -100.9719, 46.3336 ], [ -100.9715, 46.3361 ], [ -100.966, 46.3374 ], [ -100.9634, 46.3384 ], [ -100.9581, 46.3388 ], [ -100.9575, 46.3392 ], [ -100.9583, 46.342 ], [ -100.9603, 46.3449 ], [ -100.9617, 46.3457 ], [ -100.962, 46.3463 ], [ -100.9608, 46.3477 ], [ -100.9563, 46.3491 ], [ -100.9542, 46.3494 ], [ -100.9506, 46.3496 ], [ -100.946, 46.3491 ], [ -100.9415, 46.35 ], [ -100.9412, 46.3506 ], [ -100.9415, 46.3537 ], [ -100.9406, 46.3561 ], [ -100.9409, 46.358 ], [ -100.9417, 46.3589 ], [ -100.9436, 46.3595 ], [ -100.9449, 46.3614 ], [ -100.9444, 46.3635 ], [ -100.9426, 46.3674 ], [ -100.9427, 46.3683 ], [ -100.9418, 46.3688 ], [ -100.9398, 46.369 ], [ -100.937, 46.3711 ], [ -100.9375, 46.3726 ], [ -100.9397, 46.375 ], [ -100.9397, 46.3755 ], [ -100.939, 46.3765 ], [ -100.9376, 46.3769 ], [ -100.9327, 46.3756 ], [ -100.9317, 46.3757 ], [ -100.9292, 46.3773 ], [ -100.9291, 46.3778 ], [ -100.9317, 46.3817 ], [ -100.931, 46.3822 ], [ -100.9283, 46.3818 ], [ -100.9264, 46.3821 ], [ -100.9245, 46.383 ], [ -100.9241, 46.3837 ], [ -100.9244, 46.3866 ], [ -100.9239, 46.3873 ], [ -100.9198, 46.3899 ], [ -100.9187, 46.3919 ], [ -100.9194, 46.3932 ], [ -100.9189, 46.395 ], [ -100.918, 46.3949 ], [ -100.9172, 46.3955 ], [ -100.9136, 46.3958 ], [ -100.908, 46.3974 ], [ -100.9062, 46.3976 ], [ -100.903, 46.3973 ], [ -100.8969, 46.3957 ], [ -100.8959, 46.3957 ], [ -100.8954, 46.396 ], [ -100.8955, 46.3969 ], [ -100.8968, 46.3976 ], [ -100.8983, 46.3998 ], [ -100.8979, 46.4026 ], [ -100.8974, 46.4032 ], [ -100.8936, 46.4044 ], [ -100.8916, 46.4044 ], [ -100.8898, 46.4051 ], [ -100.8877, 46.4068 ], [ -100.887, 46.4079 ], [ -100.8846, 46.4091 ], [ -100.881, 46.4096 ], [ -100.88, 46.409 ], [ -100.8777, 46.4033 ], [ -100.8779, 46.4017 ], [ -100.8806, 46.3978 ], [ -100.8814, 46.3951 ], [ -100.8831, 46.392 ], [ -100.8832, 46.391 ], [ -100.8827, 46.3902 ], [ -100.8819, 46.3898 ], [ -100.8794, 46.3895 ], [ -100.8773, 46.3897 ], [ -100.8737, 46.3897 ], [ -100.8696, 46.3892 ], [ -100.8687, 46.3894 ], [ -100.867, 46.3915 ], [ -100.8652, 46.3922 ], [ -100.865, 46.3929 ], [ -100.8633, 46.393 ], [ -100.8627, 46.3934 ], [ -100.8619, 46.3949 ], [ -100.8625, 46.3968 ], [ -100.8624, 46.3986 ], [ -100.8591, 46.3998 ], [ -100.8584, 46.4024 ], [ -100.858, 46.403 ], [ -100.857, 46.4033 ], [ -100.8552, 46.4026 ], [ -100.8536, 46.4004 ], [ -100.8537, 46.3954 ], [ -100.8527, 46.3944 ], [ -100.8468, 46.3936 ], [ -100.8379, 46.3909 ], [ -100.834, 46.3919 ], [ -100.8326, 46.3927 ], [ -100.832, 46.3927 ], [ -100.8311, 46.3919 ], [ -100.8321, 46.3895 ], [ -100.8319, 46.3887 ], [ -100.8312, 46.3881 ], [ -100.8282, 46.3881 ], [ -100.8231, 46.389 ], [ -100.8212, 46.389 ], [ -100.8203, 46.3886 ], [ -100.8159, 46.3849 ], [ -100.8149, 46.3847 ], [ -100.813, 46.3858 ], [ -100.8113, 46.3847 ], [ -100.8094, 46.3845 ], [ -100.808, 46.3847 ], [ -100.8067, 46.3856 ], [ -100.8059, 46.3874 ], [ -100.8059, 46.3893 ], [ -100.8049, 46.3901 ], [ -100.8004, 46.3907 ], [ -100.7976, 46.3903 ], [ -100.7953, 46.391 ], [ -100.7899, 46.3909 ], [ -100.7849, 46.3903 ], [ -100.7825, 46.3908 ], [ -100.7801, 46.3904 ], [ -100.7781, 46.3915 ], [ -100.7754, 46.3912 ], [ -100.7746, 46.3914 ], [ -100.7736, 46.3925 ], [ -100.7735, 46.3944 ], [ -100.7714, 46.396 ], [ -100.7707, 46.3975 ], [ -100.7695, 46.3979 ], [ -100.7654, 46.3979 ], [ -100.7649, 46.3977 ], [ -100.7646, 46.3969 ], [ -100.7658, 46.3956 ], [ -100.764, 46.3939 ], [ -100.7635, 46.3939 ], [ -100.7603, 46.3957 ], [ -100.7586, 46.3962 ], [ -100.755, 46.3962 ], [ -100.7532, 46.3957 ], [ -100.7516, 46.3931 ], [ -100.7494, 46.3927 ], [ -100.7471, 46.3939 ], [ -100.7457, 46.3953 ], [ -100.7426, 46.4001 ], [ -100.7378, 46.4016 ], [ -100.7367, 46.4011 ], [ -100.734, 46.3961 ], [ -100.7345, 46.3948 ], [ -100.736, 46.3938 ], [ -100.7372, 46.3912 ], [ -100.7353, 46.3903 ], [ -100.7313, 46.3901 ], [ -100.7247, 46.3926 ], [ -100.7232, 46.3926 ], [ -100.7221, 46.392 ], [ -100.7213, 46.3901 ], [ -100.7213, 46.3883 ], [ -100.7221, 46.386 ], [ -100.7219, 46.3852 ], [ -100.7228, 46.383 ], [ -100.7228, 46.3808 ], [ -100.7224, 46.3803 ], [ -100.7205, 46.3797 ], [ -100.7183, 46.3804 ], [ -100.7135, 46.3837 ], [ -100.7085, 46.3848 ], [ -100.707, 46.386 ], [ -100.7069, 46.3864 ], [ -100.7086, 46.3903 ], [ -100.7098, 46.3915 ], [ -100.7091, 46.3969 ], [ -100.7083, 46.3981 ], [ -100.7067, 46.3991 ], [ -100.7056, 46.3988 ], [ -100.7035, 46.3964 ], [ -100.7022, 46.394 ], [ -100.7012, 46.3936 ], [ -100.6981, 46.394 ], [ -100.6966, 46.3947 ], [ -100.6919, 46.3979 ], [ -100.6912, 46.3991 ], [ -100.6908, 46.401 ], [ -100.6885, 46.4057 ], [ -100.6875, 46.4068 ], [ -100.6865, 46.4097 ], [ -100.6845, 46.4105 ], [ -100.6819, 46.4122 ], [ -100.6775, 46.4133 ], [ -100.6746, 46.4126 ], [ -100.6659, 46.4063 ], [ -100.6637, 46.4064 ], [ -100.6583, 46.4079 ], [ -100.6547, 46.411 ], [ -100.651, 46.412 ], [ -100.6424, 46.4124 ], [ -100.6392, 46.4144 ], [ -100.6282, 46.4181 ], [ -100.627, 46.419 ], [ -100.6275, 46.4241 ], [ -100.6253, 46.4258 ], [ -100.623, 46.4253 ], [ -100.6207, 46.4236 ], [ -100.6199, 46.4224 ], [ -100.6192, 46.4198 ], [ -100.6165, 46.4178 ], [ -100.6123, 46.417 ], [ -100.6099, 46.4169 ], [ -100.6079, 46.418 ], [ -100.6067, 46.4191 ], [ -100.6067, 46.421 ], [ -100.6079, 46.4223 ], [ -100.6135, 46.4247 ], [ -100.6138, 46.4264 ], [ -100.6127, 46.4272 ], [ -100.6101, 46.4273 ], [ -100.6059, 46.4261 ], [ -100.6036, 46.4244 ], [ -100.6015, 46.4243 ], [ -100.6008, 46.4248 ], [ -100.6015, 46.4284 ], [ -100.6002, 46.4293 ], [ -100.5902, 46.4279 ], [ -100.5882, 46.4246 ], [ -100.5808, 46.416 ], [ -100.578, 46.4109 ], [ -100.5736, 46.4043 ], [ -100.5686, 46.3948 ], [ -100.5594, 46.3817 ], [ -100.5563, 46.3752 ], [ -100.5555, 46.3743 ], [ -100.5522, 46.3663 ], [ -100.5512, 46.3635 ], [ -100.5503, 46.3576 ], [ -100.5495, 46.3407 ], [ -100.5486, 46.3333 ], [ -100.5492, 46.3293 ], [ -100.5506, 46.3257 ], [ -100.5533, 46.3194 ], [ -100.5591, 46.308 ], [ -100.5667, 46.2972 ], [ -100.5699, 46.2934 ], [ -100.5752, 46.2888 ], [ -100.5766, 46.287 ], [ -100.5804, 46.2814 ], [ -100.5816, 46.2786 ], [ -100.5815, 46.2759 ], [ -100.5798, 46.2723 ], [ -100.5713, 46.2623 ], [ -100.5747, 46.262 ], [ -100.5757, 46.2623 ], [ -100.6057, 46.2622 ], [ -100.6171, 46.2634 ], [ -100.6236, 46.2623 ], [ -100.6706, 46.2622 ], [ -100.6752, 46.2618 ], [ -100.6857, 46.2621 ], [ -100.7116, 46.262 ], [ -100.7115, 46.2487 ], [ -100.7115, 46.2484 ], [ -100.7123, 46.2484 ], [ -100.7133, 46.2475 ], [ -100.7939, 46.2474 ], [ -100.794, 46.251 ], [ -100.7977, 46.2492 ], [ -100.7974, 46.248 ], [ -100.7991, 46.2481 ], [ -100.7994, 46.2485 ], [ -100.8004, 46.2484 ], [ -100.801, 46.2488 ], [ -100.8015, 46.2485 ], [ -100.8014, 46.2482 ], [ -100.8009, 46.2481 ], [ -100.8013, 46.2477 ], [ -100.8031, 46.2482 ], [ -100.8041, 46.2477 ], [ -100.8032, 46.2464 ], [ -100.8055, 46.2462 ], [ -100.8051, 46.2447 ], [ -100.806, 46.2437 ], [ -100.8059, 46.2425 ], [ -100.8071, 46.2427 ], [ -100.8071, 46.2421 ], [ -100.8074, 46.242 ], [ -100.809, 46.2425 ], [ -100.8102, 46.2416 ], [ -100.8098, 46.2412 ], [ -100.8103, 46.2403 ], [ -100.8114, 46.2402 ], [ -100.8127, 46.2409 ], [ -100.8136, 46.2389 ], [ -100.8172, 46.238 ], [ -100.8175, 46.2369 ], [ -100.8194, 46.2342 ], [ -100.8184, 46.2339 ], [ -100.8179, 46.2332 ], [ -100.8161, 46.2329 ], [ -100.816, 46.2317 ], [ -100.8175, 46.2321 ], [ -100.8184, 46.2319 ], [ -100.8189, 46.2308 ], [ -100.8205, 46.2308 ], [ -100.8221, 46.2302 ], [ -100.8233, 46.2307 ], [ -100.8241, 46.2306 ], [ -100.8253, 46.2297 ], [ -100.8266, 46.2307 ], [ -100.8271, 46.2318 ], [ -100.828, 46.232 ], [ -100.8298, 46.2315 ], [ -100.8307, 46.2309 ], [ -100.8318, 46.2312 ], [ -100.8317, 46.2328 ], [ -100.8304, 46.2333 ], [ -100.8303, 46.2336 ], [ -100.8318, 46.2343 ], [ -100.8326, 46.2343 ], [ -100.8339, 46.2327 ], [ -100.8356, 46.2322 ], [ -100.8388, 46.2327 ], [ -100.8409, 46.2336 ], [ -100.8435, 46.2329 ], [ -100.8451, 46.2342 ], [ -100.8463, 46.2342 ], [ -100.8473, 46.2336 ], [ -100.8481, 46.2337 ], [ -100.8499, 46.2348 ], [ -100.8506, 46.2347 ], [ -100.8508, 46.2338 ], [ -100.8501, 46.2326 ], [ -100.8508, 46.2315 ], [ -100.8525, 46.2314 ], [ -100.8544, 46.2323 ], [ -100.8555, 46.232 ], [ -100.8548, 46.2309 ], [ -100.8549, 46.2303 ], [ -100.8582, 46.2283 ], [ -100.8581, 46.2276 ], [ -100.8573, 46.2276 ], [ -100.8565, 46.227 ], [ -100.8589, 46.2259 ], [ -100.8591, 46.2243 ], [ -100.8595, 46.2238 ], [ -100.8606, 46.2238 ], [ -100.8614, 46.2256 ], [ -100.8637, 46.2256 ], [ -100.863, 46.2247 ], [ -100.8647, 46.2227 ], [ -100.8661, 46.2222 ], [ -100.8684, 46.2206 ], [ -100.8709, 46.2205 ], [ -100.8723, 46.2199 ], [ -100.8762, 46.2154 ], [ -100.8759, 46.2066 ], [ -100.8772, 46.2044 ], [ -100.8764, 46.2031 ], [ -100.8764, 46.1896 ], [ -100.8581, 46.1896 ], [ -100.858, 46.1891 ], [ -100.8399, 46.1771 ], [ -100.8271, 46.1678 ], [ -100.8132, 46.1647 ], [ -100.8126, 46.1586 ], [ -100.8153, 46.1535 ], [ -100.8154, 46.1525 ], [ -100.8139, 46.1492 ], [ -100.8075, 46.1409 ], [ -100.8049, 46.1358 ], [ -100.804, 46.1349 ], [ -100.8049, 46.1342 ], [ -100.805, 46.1336 ], [ -100.8042, 46.1322 ], [ -100.8045, 46.1286 ], [ -100.8052, 46.1275 ], [ -100.8065, 46.1266 ], [ -100.8083, 46.1259 ], [ -100.8092, 46.1241 ], [ -100.8113, 46.1234 ], [ -100.8137, 46.1236 ], [ -100.8146, 46.1233 ], [ -100.824, 46.1249 ], [ -100.8285, 46.1254 ], [ -100.8305, 46.1253 ], [ -100.8309, 46.1244 ], [ -100.8288, 46.1239 ], [ -100.8278, 46.1228 ], [ -100.8266, 46.1222 ], [ -100.8246, 46.1183 ], [ -100.8248, 46.117 ], [ -100.8263, 46.116 ], [ -100.827, 46.1159 ], [ -100.8299, 46.1109 ], [ -100.8304, 46.1116 ], [ -100.8343, 46.1117 ], [ -100.8353, 46.11 ], [ -100.8349, 46.1082 ], [ -100.8353, 46.1071 ], [ -100.8354, 46.0894 ], [ -100.8349, 46.0874 ], [ -100.8352, 46.087 ], [ -100.8387, 46.087 ], [ -100.8449, 46.0882 ], [ -100.8468, 46.0882 ], [ -100.8488, 46.0879 ], [ -100.8512, 46.0868 ], [ -100.8541, 46.086 ], [ -100.8581, 46.0833 ], [ -100.8592, 46.0815 ], [ -100.8639, 46.0789 ], [ -100.8635, 46.0777 ], [ -100.862, 46.076 ], [ -100.8618, 46.075 ], [ -100.861, 46.0747 ], [ -100.8611, 46.0744 ], [ -100.864, 46.0751 ], [ -100.87, 46.0757 ], [ -100.8714, 46.0764 ], [ -100.8759, 46.0751 ], [ -100.8776, 46.0735 ], [ -100.8775, 46.0727 ], [ -100.8766, 46.0713 ], [ -100.8767, 46.045 ], [ -100.8759, 46.045 ], [ -100.8761, 46.0435 ], [ -100.8746, 46.0429 ], [ -100.8742, 46.0423 ], [ -100.8746, 46.0412 ], [ -100.8754, 46.0408 ], [ -100.877, 46.042 ], [ -100.8777, 46.042 ], [ -100.8783, 46.0386 ], [ -100.8777, 46.0358 ], [ -100.8765, 46.0353 ], [ -100.8762, 46.0348 ], [ -100.874, 46.0345 ], [ -100.8734, 46.0339 ], [ -100.8733, 46.0324 ], [ -100.8717, 46.0312 ], [ -100.8734, 46.0297 ], [ -100.8758, 46.0304 ], [ -100.8771, 46.0298 ], [ -100.8772, 46.0292 ], [ -100.8769, 46.0287 ], [ -100.8762, 46.0285 ], [ -100.8759, 46.0276 ], [ -100.8754, 46.0274 ], [ -100.874, 46.0275 ], [ -100.8735, 46.0269 ], [ -100.8739, 46.0259 ], [ -100.8745, 46.0256 ], [ -100.8747, 46.0242 ], [ -100.8765, 46.0238 ], [ -100.8783, 46.0237 ], [ -100.8782, 46.0229 ], [ -100.8788, 46.0224 ], [ -100.8791, 46.0205 ], [ -100.8782, 46.0196 ], [ -100.8782, 46.0191 ], [ -100.8801, 46.0191 ], [ -100.8811, 46.0183 ], [ -100.8808, 46.0171 ], [ -100.8803, 46.017 ], [ -100.8787, 46.017 ], [ -100.8782, 46.0177 ], [ -100.8776, 46.0179 ], [ -100.876, 46.0175 ], [ -100.8745, 46.0166 ], [ -100.8743, 46.0148 ], [ -100.8719, 46.0151 ], [ -100.8703, 46.0149 ], [ -100.8715, 46.0147 ], [ -100.8717, 46.0135 ], [ -100.8724, 46.0133 ], [ -100.8746, 46.0136 ], [ -100.8767, 46.0146 ], [ -100.8767, 45.9437 ], [ -100.9384, 45.9439 ], [ -101.0589, 45.9434 ], [ -101.1137, 45.9441 ], [ -101.2058, 45.9439 ], [ -101.3667, 45.9442 ], [ -101.4204, 45.9438 ], [ -101.4998, 45.9443 ], [ -101.5215, 45.944 ], [ -101.6248, 45.9444 ], [ -101.6802, 45.9442 ], [ -101.8869, 45.9448 ], [ -101.9392, 45.9445 ], [ -101.9922, 45.9446 ], [ -101.9987, 45.9447 ], [ -101.9983, 46.0533 ] ] ] } },
{ "type": "Feature", "properties": { "GEOIDFQ": "1400000US38015010200", "NAME": "102", "NAMELSAD": "Census Tract 102" }, "geometry": { "type": "Polygon", "coordinates": [ [ [ -100.7784, 46.8166 ], [ -100.7611, 46.8164 ], [ -100.7605, 46.8166 ], [ -100.7601, 46.8175 ], [ -100.7588, 46.8178 ], [ -100.7576, 46.8185 ], [ -100.7532, 46.8186 ], [ -100.752, 46.8192 ], [ -100.7522, 46.8024 ], [ -100.756, 46.8036 ], [ -100.7599, 46.8043 ], [ -100.7786, 46.8047 ], [ -100.7784, 46.8166 ] ] ] } },
{ "type": "Feature", "properties": { "GEOIDFQ": "1400000US38035010900", "NAME": "109", "NAMELSAD": "Census Tract 109" }, "geometry": { "type": "Polygon", "coordinates": [ [ [ -97.0357, 47.914 ], [ -97.0241, 47.914 ], [ -97.0224, 47.9137 ], [ -97.0214, 47.9147 ], [ -97.0196, 47.9143 ], [ -97.0175, 47.9132 ], [ -97.0162, 47.9118 ], [ -97.0151, 47.9092 ], [ -97.0149, 47.9077 ], [ -97.0157, 47.9064 ], [ -97.0171, 47.9057 ], [ -97.0187, 47.9057 ], [ -97.0205, 47.9063 ], [ -97.0232, 47.9084 ], [ -97.0243, 47.9085 ], [ -97.0252, 47.9078 ], [ -97.0244, 47.9056 ], [ -97.0199, 47.9017 ], [ -97.0201, 47.9003 ], [ -97.0212, 47.8993 ], [ -97.024, 47.8981 ], [ -97.0289, 47.898 ], [ -97.0289, 47.8996 ], [ -97.0358, 47.8997 ], [ -97.0357, 47.914 ] ] ] } },
{ "type": "Feature", "properties": { "GEOIDFQ": "1400000US38035011000", "NAME": "110", "NAMELSAD": "Census Tract 110" }, "geometry": { "type": "Polygon", "coordinates": [ [ [ -97.0449, 47.9185 ], [ -97.0414, 47.9189 ], [ -97.0382, 47.9201 ], [ -97.0394, 47.919 ], [ -97.0383, 47.9184 ], [ -97.0357, 47.9185 ], [ -97.0358, 47.904 ], [ -97.045, 47.9039 ], [ -97.0449, 47.9185 ] ] ] } },
{ "type": "Feature", "properties": { "GEOIDFQ": "1400000US38035011900", "NAME": "119", "NAMELSAD": "Census Tract 119" }, "geometry": { "type": "Polygon", "coordinates": [ [ [ -97.4238, 47.9545 ], [ -97.4076, 47.9546 ], [ -97.407, 47.9945 ], [ -97.403, 47.9945 ], [ -97.4031, 47.9909 ], [ -97.391, 47.9909 ], [ -97.3912, 47.9765 ], [ -97.3858, 47.9765 ], [ -97.3858, 47.9693 ], [ -97.375, 47.9693 ], [ -97.375, 47.973 ], [ -97.3642, 47.973 ], [ -97.3645, 47.9512 ], [ -97.3537, 47.9512 ], [ -97.3537, 47.9475 ], [ -97.3646, 47.9475 ], [ -97.3647, 47.9334 ], [ -97.4185, 47.9332 ], [ -97.4185, 47.9401 ], [ -97.4239, 47.94 ], [ -97.4238, 47.9545 ] ] ] } },
{ "type": "Feature", "properties": { "GEOIDFQ": "1400000US38093967401", "NAME": "9674.01", "NAMELSAD": "Census Tract 9674.01" }, "geometry": { "type": "Polygon", "coordinates": [ [ [ -98.6919, 46.9209 ], [ -98.6919, 46.9124 ], [ -98.6943, 46.9117 ], [ -98.6959, 46.9109 ], [ -98.6975, 46.9108 ], [ -98.7009, 46.9126 ], [ -98.7025, 46.9128 ], [ -98.7025, 46.916 ], [ -98.7058, 46.916 ], [ -98.7059, 46.9208 ], [ -98.6919, 46.9209 ] ] ] } },
{ "type": "Feature", "properties": { "GEOIDFQ": "1400000US38093967402", "NAME": "9674.02", "NAMELSAD": "Census Tract 9674.02" }, "geometry": { "type": "Polygon", "coordinates": [ [ [ -98.7129, 46.9312 ], [ -98.7039, 46.9306 ], [ -98.7054, 46.9314 ], [ -98.7047, 46.9343 ], [ -98.7035, 46.9361 ], [ -98.7036, 46.9377 ], [ -98.7022, 46.9385 ], [ -98.7017, 46.9398 ], [ -98.7, 46.9404 ], [ -98.6996, 46.9408 ], [ -98.6999, 46.9414 ], [ -98.7009, 46.9421 ], [ -98.7009, 46.9441 ], [ -98.7017, 46.9461 ], [ -98.7016, 46.9469 ], [ -98.6993, 46.9486 ], [ -98.6985, 46.9499 ], [ -98.692, 46.95 ], [ -98.6919, 46.9209 ], [ -98.7059, 46.9208 ], [ -98.7058, 46.916 ], [ -98.7025, 46.916 ], [ -98.7025, 46.9128 ], [ -98.7009, 46.9126 ], [ -98.6975, 46.9108 ], [ -98.6959, 46.9109 ], [ -98.6943, 46.9117 ], [ -98.6919, 46.9124 ], [ -98.692, 46.9079 ], [ -98.6888, 46.9064 ], [ -98.6907, 46.9064 ], [ -98.6943, 46.9084 ], [ -98.6973, 46.9093 ], [ -98.7127, 46.9091 ], [ -98.7129, 46.9312 ] ] ] } },
{ "type": "Feature", "properties": { "GEOIDFQ": "1400000US38067950600", "NAME": "9506", "NAMELSAD": "Census Tract 9506" }, "geometry": { "type": "Polygon", "coordinates": [ [ [ -97.95, 48.819 ], [ -97.8832, 48.8188 ], [ -97.8391, 48.8183 ], [ -97.8286, 48.8184 ], [ -97.8183, 48.8194 ], [ -97.7971, 48.8193 ], [ -97.7752, 48.8197 ], [ -97.7534, 48.8197 ], [ -97.7424, 48.8191 ], [ -97.7312, 48.8191 ], [ -97.731, 48.8122 ], [ -97.7315, 48.8045 ], [ -97.7099, 48.8034 ], [ -97.7015, 48.8043 ], [ -97.6861, 48.8049 ], [ -97.6447, 48.8051 ], [ -97.6116, 48.8047 ], [ -97.5566, 48.8046 ], [ -97.557, 48.748 ], [ -97.5567, 48.7186 ], [ -97.5573, 48.7164 ], [ -97.5573, 48.7027 ], [ -97.5573, 48.5431 ], [ -97.9271, 48.5431 ], [ -97.9272, 48.7165 ], [ -97.9274, 48.7177 ], [ -97.9494, 48.7177 ], [ -97.95, 48.819 ] ] ] } },
{ "type": "Feature", "properties": { "GEOIDFQ": "1400000US38063959000", "NAME": "9590", "NAMELSAD": "Census Tract 9590" }, "geometry": { "type": "Polygon", "coordinates": [ [ [ -98.5257, 47.7735 ], [ -98.524, 47.7729 ], [ -98.5221, 47.7735 ], [ -98.5228, 47.7747 ], [ -98.5238, 47.7749 ], [ -98.524, 47.7753 ], [ -98.5233, 47.7759 ], [ -98.5225, 47.7759 ], [ -98.5225, 47.8071 ], [ -98.5254, 47.8126 ], [ -98.5255, 47.8141 ], [ -98.5256, 48.0211 ], [ -98.4225, 48.0211 ], [ -98.4221, 48.1948 ], [ -98.2939, 48.1952 ], [ -98.0329, 48.1946 ], [ -97.9033, 48.1948 ], [ -97.9036, 48.0209 ], [ -97.8821, 48.0208 ], [ -97.8822, 47.8027 ], [ -97.8827, 47.7502 ], [ -97.8823, 47.6722 ], [ -98.112, 47.6726 ], [ -98.2589, 47.6722 ], [ -98.2638, 47.6725 ], [ -98.2865, 47.6722 ], [ -98.3517, 47.6724 ], [ -98.5254, 47.6723 ], [ -98.5257, 47.7735 ] ] ] } },
{ "type": "Feature", "properties": { "GEOIDFQ": "1400000US38011965200", "NAME": "9652", "NAMELSAD": "Census Tract 9652" }, "geometry": { "type": "Polygon", "coordinates": [ [ [ -103.4524, 46.1926 ], [ -103.4494, 46.1944 ], [ -103.4319, 46.1911 ], [ -103.4318, 46.2058 ], [ -103.4111, 46.2057 ], [ -103.4111, 46.2347 ], [ -103.3694, 46.2348 ], [ -103.3697, 46.1956 ], [ -103.3693, 46.1951 ], [ -103.3694, 46.1618 ], [ -103.3704, 46.1607 ], [ -103.3713, 46.1602 ], [ -103.3727, 46.1597 ], [ -103.3739, 46.1599 ], [ -103.3751, 46.1588 ], [ -103.376, 46.1586 ], [ -103.3772, 46.1561 ], [ -103.3781, 46.1555 ], [ -103.3793, 46.1554 ], [ -103.3802, 46.155 ], [ -103.3806, 46.1536 ], [ -103.3801, 46.1531 ], [ -103.3807, 46.1526 ], [ -103.3826, 46.1524 ], [ -103.3836, 46.1529 ], [ -103.3845, 46.1528 ], [ -103.385, 46.1531 ], [ -103.386, 46.153 ], [ -103.3885, 46.1542 ], [ -103.3869, 46.1558 ], [ -103.3872, 46.1566 ], [ -103.3878, 46.157 ], [ -103.3871, 46.1576 ], [ -103.3878, 46.1577 ], [ -103.3878, 46.1588 ], [ -103.3886, 46.1598 ], [ -103.3883, 46.1606 ], [ -103.3914, 46.1611 ], [ -103.393, 46.164 ], [ -103.398, 46.1642 ], [ -103.3981, 46.1646 ], [ -103.3972, 46.1655 ], [ -103.3971, 46.1662 ], [ -103.3991, 46.1676 ], [ -103.4003, 46.1674 ], [ -103.4008, 46.1681 ], [ -103.4012, 46.1678 ], [ -103.4033, 46.1677 ], [ -103.4053, 46.1689 ], [ -103.4077, 46.1689 ], [ -103.4082, 46.1696 ], [ -103.4103, 46.1697 ], [ -103.4105, 46.1714 ], [ -103.411, 46.1714 ], [ -103.411, 46.1502 ], [ -103.412, 46.1504 ], [ -103.4128, 46.1517 ], [ -103.4139, 46.1526 ], [ -103.4134, 46.1528 ], [ -103.4137, 46.1538 ], [ -103.4133, 46.1545 ], [ -103.4138, 46.155 ], [ -103.4148, 46.1553 ], [ -103.4142, 46.1561 ], [ -103.4157, 46.1574 ], [ -103.4157, 46.1583 ], [ -103.418, 46.1593 ], [ -103.4239, 46.1589 ], [ -103.4236, 46.1596 ], [ -103.4248, 46.1596 ], [ -103.4244, 46.1602 ], [ -103.4257, 46.1606 ], [ -103.427, 46.1616 ], [ -103.4259, 46.1635 ], [ -103.4278, 46.164 ], [ -103.4284, 46.1647 ], [ -103.4294, 46.1648 ], [ -103.4303, 46.1652 ], [ -103.4298, 46.1658 ], [ -103.4308, 46.1662 ], [ -103.4307, 46.1669 ], [ -103.4316, 46.1671 ], [ -103.4319, 46.1674 ], [ -103.4319, 46.1768 ], [ -103.446, 46.1768 ], [ -103.4464, 46.1772 ], [ -103.4466, 46.1798 ], [ -103.4473, 46.1801 ], [ -103.4466, 46.1806 ], [ -103.4478, 46.1815 ], [ -103.4473, 46.182 ], [ -103.4481, 46.1825 ], [ -103.4487, 46.1837 ], [ -103.45, 46.1843 ], [ -103.4502, 46.1851 ], [ -103.4516, 46.1856 ], [ -103.451, 46.1862 ], [ -103.452, 46.1883 ], [ -103.452, 46.1885 ], [ -103.4516, 46.1884 ], [ -103.4516, 46.189 ], [ -103.4525, 46.1902 ], [ -103.4524, 46.1926 ] ] ] } },
{ "type": "Feature", "properties": { "GEOIDFQ": "1400000US38011965300", "NAME": "9653", "NAMELSAD": "Census Tract 9653" }, "geometry": { "type": "Polygon", "coordinates": [ [ [ -104.046, 46.077 ], [ -104.0455, 46.1661 ], [ -104.0456, 46.2801 ], [ -103.9058, 46.2804 ], [ -103.9055, 46.2802 ], [ -103.8015, 46.28 ], [ -103.5927, 46.2802 ], [ -103.3664, 46.2798 ], [ -103.1398, 46.2798 ], [ -103.051, 46.2799 ], [ -103.0295, 46.2802 ], [ -103.0289, 46.2804 ], [ -103.0287, 46.2802 ], [ -102.9952, 46.2807 ], [ -102.9955, 46.2347 ], [ -102.995, 46.0465 ], [ -102.9955, 46.003 ], [ -102.9952, 45.9452 ], [ -103.1934, 45.9453 ], [ -103.3885, 45.945 ], [ -103.4114, 45.9453 ], [ -103.4313, 45.9451 ], [ -103.4324, 45.9453 ], [ -103.494, 45.9449 ], [ -103.5006, 45.9453 ], [ -103.5568, 45.9451 ], [ -103.5573, 45.9454 ], [ -103.562, 45.9454 ], [ -103.7449, 45.9451 ], [ -103.7503, 45.9453 ], [ -103.8453, 45.9451 ], [ -103.8517, 45.9453 ], [ -103.8884, 45.9451 ], [ -103.9078, 45.9454 ], [ -104.0455, 45.9453 ], [ -104.0468, 46.0176 ], [ -104.046, 46.077 ] ], [ [ -103.4516, 46.189 ], [ -103.4516, 46.1884 ], [ -103.452, 46.1885 ], [ -103.452, 46.1883 ], [ -103.451, 46.1862 ], [ -103.4516, 46.1856 ], [ -103.4502, 46.1851 ], [ -103.45, 46.1843 ], [ -103.4487, 46.1837 ], [ -103.4481, 46.1825 ], [ -103.4473, 46.182 ], [ -103.4478, 46.1815 ], [ -103.4466, 46.1806 ], [ -103.4473, 46.1801 ], [ -103.4466, 46.1798 ], [ -103.4464, 46.1772 ], [ -103.446, 46.1768 ], [ -103.4319, 46.1768 ], [ -103.4319, 46.1674 ], [ -103.4316, 46.1671 ], [ -103.4307, 46.1669 ], [ -103.4308, 46.1662 ], [ -103.4298, 46.1658 ], [ -103.4303, 46.1652 ], [ -103.4294, 46.1648 ], [ -103.4284, 46.1647 ], [ -103.4278, 46.164 ], [ -103.4259, 46.1635 ], [ -103.427, 46.1616 ], [ -103.4257, 46.1606 ], [ -103.4244, 46.1602 ], [ -103.4248, 46.1596 ], [ -103.4236, 46.1596 ], [ -103.4239, 46.1589 ], [ -103.418, 46.1593 ], [ -103.4157, 46.1583 ], [ -103.4157, 46.1574 ], [ -103.4142, 46.1561 ], [ -103.4148, 46.1553 ], [ -103.4138, 46.155 ], [ -103.4133, 46.1545 ], [ -103.4137, 46.1538 ], [ -103.4134, 46.1528 ], [ -103.4139, 46.1526 ], [ -103.4128, 46.1517 ], [ -103.412, 46.1504 ], [ -103.411, 46.1502 ], [ -103.411, 46.1714 ], [ -103.4105, 46.1714 ], [ -103.4103, 46.1697 ], [ -103.4082, 46.1696 ], [ -103.4077, 46.1689 ], [ -103.4053, 46.1689 ], [ -103.4033, 46.1677 ], [ -103.4012, 46.1678 ], [ -103.4008, 46.1681 ], [ -103.4003, 46.1674 ], [ -103.3991, 46.1676 ], [ -103.3971, 46.1662 ], [ -103.3972, 46.1655 ], [ -103.3981, 46.1646 ], [ -103.398, 46.1642 ], [ -103.393, 46.164 ], [ -103.3914, 46.1611 ], [ -103.3883, 46.1606 ], [ -103.3886, 46.1598 ], [ -103.3878, 46.1588 ], [ -103.3878, 46.1577 ], [ -103.3871, 46.1576 ], [ -103.3878, 46.157 ], [ -103.3872, 46.1566 ], [ -103.3869, 46.1558 ], [ -103.3885, 46.1542 ], [ -103.386, 46.153 ], [ -103.385, 46.1531 ], [ -103.3845, 46.1528 ], [ -103.3836, 46.1529 ], [ -103.3826, 46.1524 ], [ -103.3807, 46.1526 ], [ -103.3801, 46.1531 ], [ -103.3806, 46.1536 ], [ -103.3802, 46.155 ], [ -103.3793, 46.1554 ], [ -103.3781, 46.1555 ], [ -103.3772, 46.1561 ], [ -103.376, 46.1586 ], [ -103.3751, 46.1588 ], [ -103.3739, 46.1599 ], [ -103.3727, 46.1597 ], [ -103.3713, 46.1602 ], [ -103.3704, 46.1607 ], [ -103.3694, 46.1618 ], [ -103.3693, 46.1951 ], [ -103.3697, 46.1956 ], [ -103.3694, 46.2348 ], [ -103.4111, 46.2347 ], [ -103.4111, 46.2057 ], [ -103.4318, 46.2058 ], [ -103.4319, 46.1911 ], [ -103.4494, 46.1944 ], [ -103.4524, 46.1926 ], [ -103.4526, 46.1905 ], [ -103.4516, 46.189 ] ] ] } },
{ "type": "Feature", "properties": { "GEOIDFQ": "1400000US38103960000", "NAME": "9600", "NAMELSAD": "Census Tract 9600" }, "geometry": { "type": "Polygon", "coordinates": [ [ [ -100.0692, 47.6881 ], [ -100.0693, 47.8474 ], [ -99.9852, 47.8474 ], [ -99.9623, 47.8477 ], [ -99.9515, 47.8474 ], [ -99.7047, 47.8472 ], [ -99.5556, 47.8467 ], [ -99.2972, 47.8468 ], [ -99.2973, 47.673 ], [ -99.2657, 47.673 ], [ -99.2663, 47.4575 ], [ -99.2662, 47.327 ], [ -99.2669, 47.3272 ], [ -99.3763, 47.3269 ], [ -99.9479, 47.3274 ], [ -100.0333, 47.3272 ], [ -100.0326, 47.5592 ], [ -100.033, 47.6317 ], [ -100.0328, 47.6737 ], [ -100.0696, 47.6736 ], [ -100.0692, 47.6881 ] ], [ [ -99.9448, 47.7732 ], [ -99.9442, 47.7717 ], [ -99.9441, 47.7663 ], [ -99.9431, 47.7637 ], [ -99.9313, 47.7499 ], [ -99.9291, 47.7481 ], [ -99.9257, 47.7466 ], [ -99.9224, 47.746 ], [ -99.8981, 47.7459 ], [ -99.8981, 47.7749 ], [ -99.9197, 47.7749 ], [ -99.9198, 47.7926 ], [ -99.9267, 47.794 ], [ -99.9285, 47.7934 ], [ -99.9295, 47.7934 ], [ -99.9355, 47.7952 ], [ -99.9375, 47.7961 ], [ -99.9408, 47.7967 ], [ -99.9408, 47.7739 ], [ -99.9447, 47.7753 ], [ -99.9463, 47.7751 ], [ -99.9448, 47.7732 ] ] ] } },
{ "type": "Feature", "properties": { "GEOIDFQ": "1400000US38017000203", "NAME": "2.03", "NAMELSAD": "Census Tract 2.03" }, "geometry": { "type": "Polygon", "coordinates": [ [ [ -96.7873, 46.9193 ], [ -96.7862, 46.9242 ], [ -96.7864, 46.9248 ], [ -96.7873, 46.9253 ], [ -96.7861, 46.9268 ], [ -96.7857, 46.9299 ], [ -96.7849, 46.9292 ], [ -96.7856, 46.9253 ], [ -96.7852, 46.9244 ], [ -96.7838, 46.9244 ], [ -96.7831, 46.9247 ], [ -96.781, 46.9276 ], [ -96.7797, 46.9283 ], [ -96.7783, 46.9277 ], [ -96.7783, 46.926 ], [ -96.7779, 46.9257 ], [ -96.7767, 46.9257 ], [ -96.7768, 46.9168 ], [ -96.7814, 46.9168 ], [ -96.7822, 46.9165 ], [ -96.7812, 46.9154 ], [ -96.7816, 46.9146 ], [ -96.7829, 46.9137 ], [ -96.7829, 46.9048 ], [ -96.7874, 46.9048 ], [ -96.7873, 46.9193 ] ] ] } },
{ "type": "Feature", "properties": { "GEOIDFQ": "1400000US38017000204", "NAME": "2.04", "NAMELSAD": "Census Tract 2.04" }, "geometry": { "type": "Polygon", "coordinates": [ [ [ -96.7978, 46.9337 ], [ -96.7913, 46.9339 ], [ -96.7909, 46.9306 ], [ -96.7918, 46.9283 ], [ -96.7911, 46.9273 ], [ -96.7899, 46.9272 ], [ -96.7891, 46.9275 ], [ -96.7885, 46.9289 ], [ -96.7874, 46.9301 ], [ -96.7857, 46.9299 ], [ -96.7861, 46.9268 ], [ -96.7873, 46.9253 ], [ -96.7864, 46.9248 ], [ -96.7862, 46.9242 ], [ -96.7873, 46.9193 ], [ -96.7874, 46.9048 ], [ -96.798, 46.9048 ], [ -96.7978, 46.9337 ] ] ] } },
{ "type": "Feature", "properties": { "GEOIDFQ": "1400000US38017000602", "NAME": "6.02", "NAMELSAD": "Census Tract 6.02" }, "geometry": { "type": "Polygon", "coordinates": [ [ [ -96.8196, 46.8832 ], [ -96.797, 46.8832 ], [ -96.797, 46.8823 ], [ -96.794, 46.8818 ], [ -96.7942, 46.8737 ], [ -96.8069, 46.874 ], [ -96.8069, 46.8698 ], [ -96.8195, 46.8698 ], [ -96.8196, 46.8832 ] ] ] } },
{ "type": "Feature", "properties": { "GEOIDFQ": "1400000US38017040501", "NAME": "405.01", "NAMELSAD": "Census Tract 405.01" }, "geometry": { "type": "Polygon", "coordinates": [ [ [ -96.8621, 46.8328 ], [ -96.8609, 46.8038 ], [ -96.8716, 46.8039 ], [ -96.872, 46.8184 ], [ -96.8826, 46.8185 ], [ -96.8832, 46.8331 ], [ -96.8621, 46.8328 ] ] ] } },
{ "type": "Feature", "properties": { "GEOIDFQ": "1400000US38017001003", "NAME": "10.03", "NAMELSAD": "Census Tract 10.03" }, "geometry": { "type": "Polygon", "coordinates": [ [ [ -96.8197, 46.8472 ], [ -96.8093, 46.8474 ], [ -96.7988, 46.8485 ], [ -96.7988, 46.8436 ], [ -96.8096, 46.8433 ], [ -96.8114, 46.8427 ], [ -96.8106, 46.8409 ], [ -96.8105, 46.8327 ], [ -96.82, 46.8326 ], [ -96.8197, 46.8472 ] ] ] } },
{ "type": "Feature", "properties": { "GEOIDFQ": "1400000US38047972500", "NAME": "9725", "NAMELSAD": "Census Tract 9725" }, "geometry": { "type": "Polygon", "coordinates": [ [ [ -99.9169, 46.3121 ], [ -99.9168, 46.4618 ], [ -99.9156, 46.6329 ], [ -99.8525, 46.6325 ], [ -99.7839, 46.6325 ], [ -99.7813, 46.6322 ], [ -99.7786, 46.6325 ], [ -99.7022, 46.6324 ], [ -99.5137, 46.6317 ], [ -99.3566, 46.6315 ], [ -99.1557, 46.6306 ], [ -99.1455, 46.6308 ], [ -99.0411, 46.6306 ], [ -99.0404, 46.6306 ], [ -99.0405, 46.6288 ], [ -99.0366, 46.6302 ], [ -99.0365, 46.5442 ], [ -99.0375, 46.365 ], [ -99.0373, 46.2829 ], [ -99.0376, 46.2832 ], [ -99.038, 46.283 ], [ -99.1471, 46.2829 ], [ -99.3933, 46.2835 ], [ -99.7124, 46.2828 ], [ -99.7524, 46.2824 ], [ -99.8682, 46.283 ], [ -99.8754, 46.2828 ], [ -99.8784, 46.2828 ], [ -99.8784, 46.2831 ], [ -99.907, 46.283 ], [ -99.9169, 46.2832 ], [ -99.9172, 46.2837 ], [ -99.9169, 46.3121 ] ] ] } },
{ "type": "Feature", "properties": { "GEOIDFQ": "1400000US38073969000", "NAME": "9690", "NAMELSAD": "Census Tract 9690" }, "geometry": { "type": "Polygon", "coordinates": [ [ [ -98.0345, 46.384 ], [ -98.0344, 46.4183 ], [ -98.0347, 46.4204 ], [ -98.0341, 46.4446 ], [ -98.0335, 46.5436 ], [ -98.0339, 46.6307 ], [ -97.6372, 46.6298 ], [ -97.6371, 46.6161 ], [ -97.6265, 46.6161 ], [ -97.6263, 46.5871 ], [ -97.5737, 46.5872 ], [ -97.5732, 46.5454 ], [ -97.5734, 46.5148 ], [ -97.5313, 46.5148 ], [ -97.5319, 46.4241 ], [ -97.5315, 46.4133 ], [ -97.511, 46.4132 ], [ -97.5112, 46.3842 ], [ -97.4693, 46.3843 ], [ -97.4694, 46.355 ], [ -97.5113, 46.3552 ], [ -97.5114, 46.3115 ], [ -97.4905, 46.3115 ], [ -97.4904, 46.2825 ], [ -97.9093, 46.2823 ], [ -98.0346, 46.2827 ], [ -98.0349, 46.3697 ], [ -98.0345, 46.384 ] ], [ [ -97.7207, 46.442 ], [ -97.6995, 46.4417 ], [ -97.6997, 46.4097 ], [ -97.6925, 46.4099 ], [ -97.6872, 46.4106 ], [ -97.6837, 46.4107 ], [ -97.6836, 46.4054 ], [ -97.658, 46.4056 ], [ -97.6581, 46.4564 ], [ -97.6791, 46.4565 ], [ -97.681, 46.453 ], [ -97.6815, 46.4494 ], [ -97.6909, 46.453 ], [ -97.7033, 46.4566 ], [ -97.7212, 46.4567 ], [ -97.7207, 46.442 ] ] ] } },
{ "type": "Feature", "properties": { "GEOIDFQ": "1400000US38089963400", "NAME": "9634", "NAMELSAD": "Census Tract 9634" }, "geometry": { "type": "Polygon", "coordinates": [ [ [ -102.7898, 46.9194 ], [ -102.7476, 46.9195 ], [ -102.7478, 46.9069 ], [ -102.7475, 46.9065 ], [ -102.7475, 46.8919 ], [ -102.7421, 46.8902 ], [ -102.7302, 46.8843 ], [ -102.7265, 46.8832 ], [ -102.7265, 46.876 ], [ -102.7268, 46.8757 ], [ -102.7279, 46.876 ], [ -102.7288, 46.875 ], [ -102.7298, 46.8695 ], [ -102.7441, 46.8743 ], [ -102.7484, 46.8754 ], [ -102.7687, 46.877 ], [ -102.7686, 46.8906 ], [ -102.7898, 46.8905 ], [ -102.7898, 46.9194 ] ] ] } },
{ "type": "Feature", "properties": { "GEOIDFQ": "1400000US38055960800", "NAME": "9608", "NAMELSAD": "Census Tract 9608" }, "geometry": { "type": "Polygon", "coordinates": [ [ [ -101.4415, 47.4746 ], [ -101.4401, 47.4773 ], [ -101.4362, 47.4813 ], [ -101.4228, 47.4925 ], [ -101.4164, 47.4967 ], [ -101.4092, 47.5 ], [ -101.3872, 47.5075 ], [ -101.3828, 47.5096 ], [ -101.3754, 47.5139 ], [ -101.3709, 47.5187 ], [ -101.3693, 47.5224 ], [ -101.3696, 47.5245 ], [ -101.3706, 47.5261 ], [ -101.3724, 47.5274 ], [ -101.3897, 47.5354 ], [ -101.3966, 47.5378 ], [ -101.4174, 47.5547 ], [ -101.3563, 47.5889 ], [ -101.1465, 47.5889 ], [ -101.0995, 47.5696 ], [ -101.0944, 47.5685 ], [ -101.0954, 47.5653 ], [ -101.099, 47.5624 ], [ -101.0999, 47.5607 ], [ -101.0996, 47.5035 ], [ -101.1002, 47.5025 ], [ -101.1018, 47.502 ], [ -101.0996, 47.502 ], [ -101.0997, 47.4585 ], [ -100.9161, 47.4584 ], [ -100.9137, 47.4585 ], [ -100.9117, 47.4591 ], [ -100.9111, 47.4583 ], [ -100.9078, 47.4584 ], [ -100.9084, 47.4592 ], [ -100.9098, 47.4601 ], [ -100.9084, 47.4617 ], [ -100.9078, 47.4634 ], [ -100.9079, 47.4827 ], [ -100.9072, 47.4844 ], [ -100.9059, 47.4857 ], [ -100.9075, 47.4867 ], [ -100.9079, 47.4877 ], [ -100.9079, 47.5019 ], [ -100.817, 47.5018 ], [ -100.8136, 47.5029 ], [ -100.81, 47.5018 ], [ -100.7905, 47.5016 ], [ -100.6944, 47.502 ], [ -100.6814, 47.5018 ], [ -100.6804, 47.5021 ], [ -100.6731, 47.5021 ], [ -100.6731, 47.3813 ], [ -100.673, 47.3725 ], [ -100.6726, 47.3719 ], [ -100.6731, 47.3707 ], [ -100.6732, 47.3276 ], [ -100.7493, 47.3277 ], [ -100.7494, 47.3239 ], [ -100.749, 47.3237 ], [ -100.749, 47.2429 ], [ -100.7494, 47.1572 ], [ -100.9262, 47.1569 ], [ -100.9654, 47.1571 ], [ -100.9673, 47.1594 ], [ -100.9777, 47.1678 ], [ -100.9832, 47.1737 ], [ -100.9891, 47.1846 ], [ -100.9931, 47.196 ], [ -100.9934, 47.1983 ], [ -100.9931, 47.2026 ], [ -100.992, 47.2063 ], [ -100.9863, 47.2176 ], [ -100.9803, 47.226 ], [ -100.9776, 47.2308 ], [ -100.9762, 47.2343 ], [ -100.9759, 47.2388 ], [ -100.9766, 47.2463 ], [ -100.9776, 47.25 ], [ -100.98, 47.2535 ], [ -100.9819, 47.2553 ], [ -100.9883, 47.2576 ], [ -100.9914, 47.2596 ], [ -100.9927, 47.2611 ], [ -100.9941, 47.2657 ], [ -101.0009, 47.2705 ], [ -101.0028, 47.2715 ], [ -101.0146, 47.2764 ], [ -101.0176, 47.2773 ], [ -101.0264, 47.2828 ], [ -101.0346, 47.2864 ], [ -101.0399, 47.2881 ], [ -101.0454, 47.2892 ], [ -101.0542, 47.2903 ], [ -101.057, 47.2913 ], [ -101.0587, 47.2928 ], [ -101.0604, 47.2933 ], [ -101.0699, 47.2939 ], [ -101.075, 47.2946 ], [ -101.0784, 47.2946 ], [ -101.0834, 47.2954 ], [ -101.0845, 47.2962 ], [ -101.0871, 47.2966 ], [ -101.0915, 47.2961 ], [ -101.0951, 47.2952 ], [ -101.1086, 47.2952 ], [ -101.1148, 47.2938 ], [ -101.1208, 47.2935 ], [ -101.1249, 47.2927 ], [ -101.1278, 47.2916 ], [ -101.136, 47.2893 ], [ -101.1457, 47.286 ], [ -101.1487, 47.2853 ], [ -101.1535, 47.2844 ], [ -101.1603, 47.2839 ], [ -101.1688, 47.2827 ], [ -101.1806, 47.2806 ], [ -101.1839, 47.2791 ], [ -101.1852, 47.2778 ], [ -101.1862, 47.276 ], [ -101.1891, 47.2685 ], [ -101.1882, 47.2639 ], [ -101.1885, 47.2608 ], [ -101.1913, 47.2565 ], [ -101.1953, 47.2488 ], [ -101.1973, 47.2474 ], [ -101.2027, 47.247 ], [ -101.2094, 47.2475 ], [ -101.2154, 47.2485 ], [ -101.2224, 47.2506 ], [ -101.2236, 47.2513 ], [ -101.2289, 47.2532 ], [ -101.2322, 47.2552 ], [ -101.2346, 47.2571 ], [ -101.239, 47.2591 ], [ -101.2504, 47.2637 ], [ -101.2572, 47.2649 ], [ -101.2586, 47.2663 ], [ -101.2599, 47.2685 ], [ -101.2628, 47.2702 ], [ -101.2708, 47.2737 ], [ -101.2774, 47.2755 ], [ -101.2838, 47.2783 ], [ -101.2912, 47.2802 ], [ -101.2996, 47.2814 ], [ -101.3077, 47.2837 ], [ -101.3189, 47.2877 ], [ -101.3206, 47.288 ], [ -101.3266, 47.2878 ], [ -101.34, 47.2891 ], [ -101.3427, 47.29 ], [ -101.3457, 47.2919 ], [ -101.3466, 47.2936 ], [ -101.3469, 47.2961 ], [ -101.3464, 47.3029 ], [ -101.3479, 47.3076 ], [ -101.3475, 47.3095 ], [ -101.3484, 47.3125 ], [ -101.3513, 47.3174 ], [ -101.3566, 47.3248 ], [ -101.3569, 47.3259 ], [ -101.3575, 47.3396 ], [ -101.3581, 47.3414 ], [ -101.3589, 47.3481 ], [ -101.3602, 47.3523 ], [ -101.3606, 47.3554 ], [ -101.3597, 47.3613 ], [ -101.3597, 47.3632 ], [ -101.3603, 47.3651 ], [ -101.3616, 47.3671 ], [ -101.3637, 47.3687 ], [ -101.3681, 47.3706 ], [ -101.3754, 47.373 ], [ -101.3833, 47.3804 ], [ -101.3901, 47.3859 ], [ -101.3944, 47.3901 ], [ -101.4025, 47.4023 ], [ -101.4048, 47.4091 ], [ -101.4071, 47.422 ], [ -101.4094, 47.4294 ], [ -101.4123, 47.4355 ], [ -101.4219, 47.4468 ], [ -101.4371, 47.4583 ], [ -101.4386, 47.4603 ], [ -101.4409, 47.4624 ], [ -101.4418, 47.4648 ], [ -101.4426, 47.4702 ], [ -101.4415, 47.4746 ] ] ] } },
{ "type": "Feature", "properties": { "GEOIDFQ": "1400000US38035010400", "NAME": "104", "NAMELSAD": "Census Tract 104" }, "geometry": { "type": "Polygon", "coordinates": [ [ [ -97.1315, 47.9332 ], [ -97.1119, 47.9331 ], [ -97.099, 47.9328 ], [ -97.0935, 47.933 ], [ -97.0724, 47.933 ], [ -97.0715, 47.932 ], [ -97.0715, 47.9316 ], [ -97.0726, 47.9311 ], [ -97.0732, 47.9304 ], [ -97.074, 47.9303 ], [ -97.0755, 47.931 ], [ -97.0764, 47.9308 ], [ -97.0763, 47.9301 ], [ -97.0753, 47.9296 ], [ -97.0752, 47.9288 ], [ -97.0781, 47.9284 ], [ -97.0789, 47.9279 ], [ -97.0774, 47.9274 ], [ -97.0769, 47.9269 ], [ -97.0776, 47.9257 ], [ -97.0878, 47.9258 ], [ -97.0876, 47.9204 ], [ -97.0863, 47.9191 ], [ -97.0841, 47.9186 ], [ -97.1052, 47.9187 ], [ -97.107, 47.9182 ], [ -97.1315, 47.9183 ], [ -97.1315, 47.9332 ] ] ] } },
{ "type": "Feature", "properties": { "GEOIDFQ": "1400000US38035010700", "NAME": "107", "NAMELSAD": "Census Tract 107" }, "geometry": { "type": "Polygon", "coordinates": [ [ [ -97.0449, 47.9185 ], [ -97.045, 47.9039 ], [ -97.0558, 47.9039 ], [ -97.0555, 47.9152 ], [ -97.0559, 47.9161 ], [ -97.056, 47.9185 ], [ -97.0449, 47.9185 ] ] ] } },
{ "type": "Feature", "properties": { "GEOIDFQ": "1400000US38035010801", "NAME": "108.01", "NAMELSAD": "Census Tract 108.01" }, "geometry": { "type": "Polygon", "coordinates": [ [ [ -97.1099, 47.9153 ], [ -97.109, 47.9169 ], [ -97.1069, 47.9183 ], [ -97.1052, 47.9187 ], [ -97.056, 47.9185 ], [ -97.0559, 47.9161 ], [ -97.0555, 47.9152 ], [ -97.0558, 47.9039 ], [ -97.0882, 47.904 ], [ -97.0882, 47.9037 ], [ -97.0937, 47.9036 ], [ -97.0941, 47.9038 ], [ -97.11, 47.9038 ], [ -97.1099, 47.9153 ] ] ] } },
{ "type": "Feature", "properties": { "GEOIDFQ": "1400000US38061940300", "NAME": "9403", "NAMELSAD": "Census Tract 9403" }, "geometry": { "type": "Polygon", "coordinates": [ [ [ -102.3136, 47.9179 ], [ -102.3117, 47.9194 ], [ -102.3117, 47.9206 ], [ -102.3113, 47.9209 ], [ -102.3096, 47.924 ], [ -102.3102, 47.9248 ], [ -102.3103, 47.9259 ], [ -102.309, 47.9276 ], [ -102.3072, 47.9288 ], [ -102.3072, 47.9302 ], [ -102.3061, 47.931 ], [ -102.3049, 47.9312 ], [ -102.3033, 47.9313 ], [ -102.3012, 47.9308 ], [ -102.2989, 47.9316 ], [ -102.2991, 47.9327 ], [ -102.3006, 47.9351 ], [ -102.3005, 47.9373 ], [ -102.2968, 47.941 ], [ -102.2927, 47.9444 ], [ -102.2911, 47.9466 ], [ -102.2913, 47.9471 ], [ -102.2917, 47.9471 ], [ -102.294, 47.946 ], [ -102.2945, 47.946 ], [ -102.2943, 47.9472 ], [ -102.2961, 47.9472 ], [ -102.2949, 47.948 ], [ -102.2944, 47.9513 ], [ -102.2914, 47.9533 ], [ -102.2896, 47.9536 ], [ -102.2865, 47.9551 ], [ -102.2858, 47.9558 ], [ -102.2864, 47.9578 ], [ -102.2851, 47.9586 ], [ -102.2851, 47.9603 ], [ -102.2865, 47.96 ], [ -102.2884, 47.9601 ], [ -102.2888, 47.9608 ], [ -102.2868, 47.9619 ], [ -102.2867, 47.9624 ], [ -102.2873, 47.9624 ], [ -102.2885, 47.9616 ], [ -102.2894, 47.9624 ], [ -102.2893, 47.9628 ], [ -102.2876, 47.964 ], [ -102.2875, 47.9647 ], [ -102.2885, 47.9654 ], [ -102.2895, 47.9652 ], [ -102.2909, 47.9654 ], [ -102.2919, 47.966 ], [ -102.292, 47.9666 ], [ -102.2889, 47.9667 ], [ -102.2886, 47.9673 ], [ -102.2898, 47.968 ], [ -102.2899, 47.9689 ], [ -102.2892, 47.9695 ], [ -102.2876, 47.9691 ], [ -102.2867, 47.9693 ], [ -102.2862, 47.9716 ], [ -102.2854, 47.9719 ], [ -102.2827, 47.9713 ], [ -102.2811, 47.9715 ], [ -102.2806, 47.972 ], [ -102.2803, 47.9745 ], [ -102.2793, 47.9747 ], [ -102.2781, 47.9735 ], [ -102.2771, 47.9733 ], [ -102.2742, 47.9755 ], [ -102.2752, 47.9769 ], [ -102.274, 47.9784 ], [ -102.2692, 47.979 ], [ -102.2684, 47.9802 ], [ -102.2713, 47.9815 ], [ -102.2717, 47.9829 ], [ -102.2709, 47.9836 ], [ -102.2682, 47.9842 ], [ -102.2676, 47.985 ], [ -102.2667, 47.9854 ], [ -102.2674, 47.9866 ], [ -102.2681, 47.9896 ], [ -102.2675, 47.9896 ], [ -102.2656, 47.9882 ], [ -102.2641, 47.989 ], [ -102.2606, 47.9893 ], [ -102.2604, 47.9898 ], [ -102.2612, 47.9903 ], [ -102.2611, 47.9911 ], [ -102.2625, 47.992 ], [ -102.2619, 47.9935 ], [ -102.2597, 47.9932 ], [ -102.2588, 47.995 ], [ -102.2572, 47.9958 ], [ -102.2559, 47.9959 ], [ -102.2522, 47.9952 ], [ -102.2518, 47.996 ], [ -102.2525, 47.9974 ], [ -102.2511, 47.9983 ], [ -102.248, 47.9983 ], [ -102.2452, 47.999 ], [ -102.244, 47.9983 ], [ -102.2433, 47.9983 ], [ -102.2428, 47.9985 ], [ -102.2428, 47.999 ], [ -102.1287, 47.9985 ], [ -102.0254, 47.9985 ], [ -102.0001, 47.9981 ], [ -101.8857, 47.9982 ], [ -101.8716, 47.9986 ], [ -101.8719, 47.8476 ], [ -102.2828, 47.8475 ], [ -102.2836, 47.8493 ], [ -102.2854, 47.851 ], [ -102.287, 47.8533 ], [ -102.2918, 47.8562 ], [ -102.2934, 47.8575 ], [ -102.2936, 47.8583 ], [ -102.2947, 47.8594 ], [ -102.2951, 47.861 ], [ -102.2954, 47.8652 ], [ -102.299, 47.8698 ], [ -102.303, 47.8696 ], [ -102.3036, 47.87 ], [ -102.3031, 47.8712 ], [ -102.3013, 47.872 ], [ -102.3013, 47.8731 ], [ -102.3009, 47.8735 ], [ -102.2982, 47.8746 ], [ -102.298, 47.875 ], [ -102.2987, 47.8759 ], [ -102.3013, 47.8764 ], [ -102.3031, 47.8772 ], [ -102.3048, 47.8792 ], [ -102.307, 47.8811 ], [ -102.3078, 47.8823 ], [ -102.3074, 47.8853 ], [ -102.3085, 47.8872 ], [ -102.3078, 47.8891 ], [ -102.3077, 47.8915 ], [ -102.3053, 47.8944 ], [ -102.304, 47.897 ], [ -102.3045, 47.8986 ], [ -102.3069, 47.8987 ], [ -102.3073, 47.8996 ], [ -102.3054, 47.902 ], [ -102.3036, 47.9068 ], [ -102.304, 47.9071 ], [ -102.3047, 47.9071 ], [ -102.3061, 47.9059 ], [ -102.3069, 47.9059 ], [ -102.3067, 47.908 ], [ -102.3077, 47.91 ], [ -102.3086, 47.9097 ], [ -102.3112, 47.9074 ], [ -102.3115, 47.9062 ], [ -102.3111, 47.9048 ], [ -102.3118, 47.9047 ], [ -102.313, 47.9053 ], [ -102.3142, 47.9055 ], [ -102.3148, 47.9064 ], [ -102.3134, 47.9061 ], [ -102.3131, 47.907 ], [ -102.3152, 47.9119 ], [ -102.3152, 47.9143 ], [ -102.3136, 47.9179 ] ] ] } },
{ "type": "Feature", "properties": { "GEOIDFQ": "1400000US38061955200", "NAME": "9552", "NAMELSAD": "Census Tract 9552" }, "geometry": { "type": "Polygon", "coordinates": [ [ [ -102.8858, 48.5464 ], [ -102.7208, 48.5463 ], [ -102.5005, 48.5466 ], [ -102.3715, 48.5463 ], [ -102.1117, 48.5463 ], [ -101.9733, 48.5465 ], [ -101.9735, 48.3723 ], [ -101.9222, 48.3723 ], [ -101.9221, 48.3714 ], [ -101.9221, 48.0232 ], [ -101.8715, 48.0232 ], [ -101.8716, 47.9986 ], [ -101.8857, 47.9982 ], [ -101.916, 47.9981 ], [ -102.0001, 47.9981 ], [ -102.0254, 47.9985 ], [ -102.1287, 47.9985 ], [ -102.2504, 47.9991 ], [ -102.2571, 47.9985 ], [ -102.3754, 47.9987 ], [ -102.553, 47.9986 ], [ -102.5567, 48.0008 ], [ -102.5617, 48.0016 ], [ -102.5726, 48.0042 ], [ -102.5846, 48.0079 ], [ -102.5939, 48.0116 ], [ -102.5977, 48.0146 ], [ -102.5992, 48.0197 ], [ -102.5987, 48.0266 ], [ -102.5988, 48.0328 ], [ -102.5994, 48.0372 ], [ -102.6004, 48.0391 ], [ -102.6024, 48.0413 ], [ -102.6084, 48.0464 ], [ -102.6127, 48.0471 ], [ -102.6151, 48.0467 ], [ -102.6164, 48.0463 ], [ -102.6255, 48.0408 ], [ -102.6324, 48.0383 ], [ -102.6398, 48.0371 ], [ -102.6503, 48.0383 ], [ -102.6547, 48.0393 ], [ -102.6582, 48.0407 ], [ -102.6617, 48.0429 ], [ -102.6645, 48.0453 ], [ -102.6663, 48.047 ], [ -102.6676, 48.0492 ], [ -102.668, 48.0509 ], [ -102.6672, 48.0542 ], [ -102.6637, 48.0588 ], [ -102.6623, 48.0685 ], [ -102.6623, 48.0718 ], [ -102.6627, 48.0749 ], [ -102.6635, 48.0767 ], [ -102.6677, 48.0799 ], [ -102.6711, 48.0812 ], [ -102.6772, 48.0827 ], [ -102.6843, 48.0831 ], [ -102.6889, 48.0837 ], [ -102.7037, 48.0879 ], [ -102.7127, 48.0882 ], [ -102.7181, 48.0878 ], [ -102.7241, 48.0878 ], [ -102.7332, 48.0883 ], [ -102.7419, 48.0906 ], [ -102.7548, 48.0921 ], [ -102.7577, 48.0933 ], [ -102.7585, 48.0947 ], [ -102.7573, 48.0957 ], [ -102.7505, 48.098 ], [ -102.7445, 48.0993 ], [ -102.7416, 48.1008 ], [ -102.7398, 48.1035 ], [ -102.7388, 48.106 ], [ -102.7378, 48.1098 ], [ -102.7376, 48.1166 ], [ -102.7398, 48.1199 ], [ -102.7423, 48.1223 ], [ -102.7448, 48.1239 ], [ -102.7485, 48.125 ], [ -102.7505, 48.1262 ], [ -102.7578, 48.1289 ], [ -102.7623, 48.13 ], [ -102.7663, 48.1304 ], [ -102.7695, 48.1295 ], [ -102.7773, 48.125 ], [ -102.7853, 48.1218 ], [ -102.7905, 48.1201 ], [ -102.7948, 48.1191 ], [ -102.8032, 48.1187 ], [ -102.8065, 48.1189 ], [ -102.8241, 48.1224 ], [ -102.8285, 48.1237 ], [ -102.8282, 48.125 ], [ -102.828, 48.1682 ], [ -102.8282, 48.1713 ], [ -102.8282, 48.3726 ], [ -102.8859, 48.3727 ], [ -102.8858, 48.5464 ] ] ] } },
{ "type": "Feature", "properties": { "GEOIDFQ": "1400000US38065961200", "NAME": "9612", "NAMELSAD": "Census Tract 9612" }, "geometry": { "type": "Polygon", "coordinates": [ [ [ -101.7646, 47.2415 ], [ -101.7286, 47.2414 ], [ -101.7224, 47.2419 ], [ -101.712, 47.2417 ], [ -101.7117, 47.2414 ], [ -101.5968, 47.2412 ], [ -101.3754, 47.2416 ], [ -101.2576, 47.2413 ], [ -101.257, 47.2649 ], [ -101.2504, 47.2637 ], [ -101.239, 47.2591 ], [ -101.2346, 47.2571 ], [ -101.2322, 47.2552 ], [ -101.2289, 47.2532 ], [ -101.2236, 47.2513 ], [ -101.2224, 47.2506 ], [ -101.2179, 47.2492 ], [ -101.2154, 47.2485 ], [ -101.2084, 47.2474 ], [ -101.2027, 47.247 ], [ -101.1975, 47.2474 ], [ -101.1953, 47.2488 ], [ -101.1913, 47.2565 ], [ -101.1886, 47.2603 ], [ -101.1882, 47.2639 ], [ -101.1891, 47.2685 ], [ -101.1862, 47.276 ], [ -101.1852, 47.2778 ], [ -101.1839, 47.2791 ], [ -101.1806, 47.2806 ], [ -101.1688, 47.2827 ], [ -101.1603, 47.2839 ], [ -101.1535, 47.2844 ], [ -101.1487, 47.2853 ], [ -101.1457, 47.286 ], [ -101.136, 47.2893 ], [ -101.1278, 47.2916 ], [ -101.1249, 47.2927 ], [ -101.1208, 47.2935 ], [ -101.1148, 47.2938 ], [ -101.1086, 47.2952 ], [ -101.0951, 47.2952 ], [ -101.0915, 47.2961 ], [ -101.0871, 47.2966 ], [ -101.0845, 47.2962 ], [ -101.0834, 47.2954 ], [ -101.0784, 47.2946 ], [ -101.075, 47.2946 ], [ -101.0699, 47.2939 ], [ -101.0604, 47.2933 ], [ -101.0587, 47.2928 ], [ -101.057, 47.2913 ], [ -101.0542, 47.2903 ], [ -101.0454, 47.2892 ], [ -101.0399, 47.2881 ], [ -101.0346, 47.2864 ], [ -101.0264, 47.2828 ], [ -101.0176, 47.2773 ], [ -101.0146, 47.2764 ], [ -101.0028, 47.2715 ], [ -101.0009, 47.2705 ], [ -100.9941, 47.2657 ], [ -100.9927, 47.2611 ], [ -100.9914, 47.2596 ], [ -100.9883, 47.2576 ], [ -100.9819, 47.2553 ], [ -100.98, 47.2535 ], [ -100.9776, 47.25 ], [ -100.9762, 47.2435 ], [ -100.9759, 47.2388 ], [ -100.9762, 47.2343 ], [ -100.9776, 47.2308 ], [ -100.98, 47.2265 ], [ -100.9855, 47.2188 ], [ -100.9876, 47.2152 ], [ -100.992, 47.2063 ], [ -100.9931, 47.2026 ], [ -100.9934, 47.1997 ], [ -100.9931, 47.196 ], [ -100.9903, 47.1874 ], [ -100.985, 47.1765 ], [ -100.9808, 47.1708 ], [ -100.9755, 47.1659 ], [ -100.9665, 47.1588 ], [ -100.9651, 47.1565 ], [ -100.9615, 47.153 ], [ -100.9586, 47.1511 ], [ -100.953, 47.1485 ], [ -100.9488, 47.1451 ], [ -100.9466, 47.1427 ], [ -100.945, 47.1401 ], [ -100.943, 47.1349 ], [ -100.9397, 47.1236 ], [ -100.9399, 47.119 ], [ -100.9381, 47.1058 ], [ -100.9375, 47.0936 ], [ -100.9358, 47.0896 ], [ -100.9304, 47.0825 ], [ -100.9255, 47.0769 ], [ -100.9197, 47.0724 ], [ -100.9126, 47.0675 ], [ -100.9078, 47.0647 ], [ -100.902, 47.0602 ], [ -100.8928, 47.0547 ], [ -100.8881, 47.0509 ], [ -100.8842, 47.0473 ], [ -100.881, 47.0422 ], [ -100.8804, 47.0402 ], [ -100.8786, 47.0383 ], [ -100.8784, 47.036 ], [ -100.879, 47.0338 ], [ -100.8797, 47.0222 ], [ -100.8822, 47.0151 ], [ -100.8957, 47.0027 ], [ -100.9016, 47.0 ], [ -100.9104, 46.9971 ], [ -100.9172, 46.9954 ], [ -100.9233, 46.993 ], [ -100.9284, 46.9904 ], [ -100.9327, 46.9873 ], [ -100.936, 46.9828 ], [ -100.9666, 46.983 ], [ -101.0532, 46.9823 ], [ -101.1512, 46.982 ], [ -101.1781, 46.9816 ], [ -101.2827, 46.981 ], [ -101.389, 46.9811 ], [ -101.4021, 46.9813 ], [ -101.4313, 46.9811 ], [ -101.7644, 46.9813 ], [ -101.7646, 47.1651 ], [ -101.7643, 47.1862 ], [ -101.7646, 47.2415 ] ] ] } },
{ "type": "Feature", "properties": { "GEOIDFQ": "1400000US38015010500", "NAME": "105", "NAMELSAD": "Census Tract 105" }, "geometry": { "type": "Polygon", "coordinates": [ [ [ -100.8058, 46.8308 ], [ -100.8024, 46.8313 ], [ -100.794, 46.8313 ], [ -100.7943, 46.8052 ], [ -100.7977, 46.8059 ], [ -100.8007, 46.8069 ], [ -100.8165, 46.8138 ], [ -100.8185, 46.8151 ], [ -100.8202, 46.8176 ], [ -100.8214, 46.8185 ], [ -100.8234, 46.8188 ], [ -100.8265, 46.8181 ], [ -100.8289, 46.8194 ], [ -100.8321, 46.8205 ], [ -100.834, 46.822 ], [ -100.8058, 46.8308 ] ] ] } },
{ "type": "Feature", "properties": { "GEOIDFQ": "1400000US38015010800", "NAME": "108", "NAMELSAD": "Census Tract 108" }, "geometry": { "type": "Polygon", "coordinates": [ [ [ -100.7786, 46.8047 ], [ -100.7608, 46.8044 ], [ -100.756, 46.8036 ], [ -100.7522, 46.8024 ], [ -100.7524, 46.7873 ], [ -100.7626, 46.7872 ], [ -100.7636, 46.7875 ], [ -100.7662, 46.7863 ], [ -100.7665, 46.7837 ], [ -100.7675, 46.7825 ], [ -100.7708, 46.7837 ], [ -100.7759, 46.784 ], [ -100.7776, 46.7846 ], [ -100.7789, 46.7861 ], [ -100.7786, 46.8047 ] ] ] } },
{ "type": "Feature", "properties": { "GEOIDFQ": "1400000US38015010900", "NAME": "109", "NAMELSAD": "Census Tract 109" }, "geometry": { "type": "Polygon", "coordinates": [ [ [ -100.7305, 46.8312 ], [ -100.7306, 46.8114 ], [ -100.7313, 46.8031 ], [ -100.7321, 46.8017 ], [ -100.7339, 46.8001 ], [ -100.7411, 46.7972 ], [ -100.7522, 46.8024 ], [ -100.7519, 46.8206 ], [ -100.7524, 46.8217 ], [ -100.7534, 46.8227 ], [ -100.7536, 46.8236 ], [ -100.7519, 46.8236 ], [ -100.7519, 46.8273 ], [ -100.753, 46.8273 ], [ -100.753, 46.8288 ], [ -100.754, 46.8292 ], [ -100.7533, 46.8304 ], [ -100.76, 46.8303 ], [ -100.7607, 46.8299 ], [ -100.7611, 46.829 ], [ -100.7624, 46.8288 ], [ -100.7623, 46.8313 ], [ -100.7305, 46.8312 ] ] ] } },
{ "type": "Feature", "properties": { "GEOIDFQ": "1400000US38015011101", "NAME": "111.01", "NAMELSAD": "Census Tract 111.01" }, "geometry": { "type": "Polygon", "coordinates": [ [ [ -100.7937, 46.8526 ], [ -100.7724, 46.8525 ], [ -100.7728, 46.8313 ], [ -100.794, 46.8313 ], [ -100.7937, 46.8526 ] ] ] } },
{ "type": "Feature", "properties": { "GEOIDFQ": "1400000US38015011500", "NAME": "115", "NAMELSAD": "Census Tract 115" }, "geometry": { "type": "Polygon", "coordinates": [ [ [ -100.9262, 47.1569 ], [ -100.7494, 47.1572 ], [ -100.749, 47.2429 ], [ -100.749, 47.3237 ], [ -100.7494, 47.3239 ], [ -100.7493, 47.3277 ], [ -100.1133, 47.3273 ], [ -100.1146, 46.9817 ], [ -100.1254, 46.9813 ], [ -100.1781, 46.9819 ], [ -100.2613, 46.9816 ], [ -100.268, 46.9818 ], [ -100.3074, 46.9818 ], [ -100.3077, 46.982 ], [ -100.3391, 46.9819 ], [ -100.4964, 46.9825 ], [ -100.5004, 46.9822 ], [ -100.5288, 46.9822 ], [ -100.5378, 46.9825 ], [ -100.5557, 46.9822 ], [ -100.6296, 46.9827 ], [ -100.7548, 46.9831 ], [ -100.7902, 46.983 ], [ -100.8119, 46.9834 ], [ -100.8138, 46.9831 ], [ -100.8306, 46.983 ], [ -100.8754, 46.9837 ], [ -100.8902, 46.9836 ], [ -100.8894, 46.9858 ], [ -100.8904, 46.9859 ], [ -100.8908, 46.9846 ], [ -100.8914, 46.9843 ], [ -100.8932, 46.9861 ], [ -100.895, 46.9864 ], [ -100.8972, 46.9849 ], [ -100.8983, 46.986 ], [ -100.8997, 46.9868 ], [ -100.9005, 46.989 ], [ -100.9039, 46.9909 ], [ -100.9091, 46.9976 ], [ -100.9016, 47.0 ], [ -100.8957, 47.0027 ], [ -100.8822, 47.0151 ], [ -100.8797, 47.0222 ], [ -100.879, 47.0338 ], [ -100.8784, 47.036 ], [ -100.8786, 47.0383 ], [ -100.8804, 47.0402 ], [ -100.881, 47.0422 ], [ -100.8842, 47.0473 ], [ -100.8881, 47.0509 ], [ -100.8928, 47.0547 ], [ -100.902, 47.0602 ], [ -100.9078, 47.0647 ], [ -100.9126, 47.0675 ], [ -100.9197, 47.0724 ], [ -100.9255, 47.0769 ], [ -100.9304, 47.0825 ], [ -100.9358, 47.0896 ], [ -100.9375, 47.0936 ], [ -100.9381, 47.1058 ], [ -100.9399, 47.119 ], [ -100.9397, 47.1236 ], [ -100.9447, 47.1395 ], [ -100.9466, 47.1427 ], [ -100.9488, 47.1451 ], [ -100.953, 47.1485 ], [ -100.9605, 47.1522 ], [ -100.9639, 47.1551 ], [ -100.9654, 47.1571 ], [ -100.9262, 47.1569 ] ] ] } },
{ "type": "Feature", "properties": { "GEOIDFQ": "1400000US38015010400", "NAME": "104", "NAMELSAD": "Census Tract 104" }, "geometry": { "type": "Polygon", "coordinates": [ [ [ -100.794, 46.8313 ], [ -100.7728, 46.8313 ], [ -100.7729, 46.8251 ], [ -100.7762, 46.8212 ], [ -100.7769, 46.8167 ], [ -100.7942, 46.8167 ], [ -100.794, 46.8313 ] ] ] } },
{ "type": "Feature", "properties": { "GEOIDFQ": "1400000US38053940100", "NAME": "9401", "NAMELSAD": "Census Tract 9401" }, "geometry": { "type": "Polygon", "coordinates": [ [ [ -102.7849, 47.9631 ], [ -102.7852, 47.9672 ], [ -102.7851, 47.9775 ], [ -102.7846, 47.9775 ], [ -102.7848, 47.999 ], [ -102.7541, 47.9992 ], [ -102.553, 47.9986 ], [ -102.5516, 47.9961 ], [ -102.5516, 47.9916 ], [ -102.5554, 47.9847 ], [ -102.5591, 47.9797 ], [ -102.5626, 47.9732 ], [ -102.5659, 47.969 ], [ -102.5772, 47.9577 ], [ -102.5835, 47.9527 ], [ -102.5916, 47.9477 ], [ -102.5956, 47.9457 ], [ -102.6053, 47.9417 ], [ -102.6105, 47.9391 ], [ -102.6126, 47.9377 ], [ -102.616, 47.9347 ], [ -102.6215, 47.9289 ], [ -102.6255, 47.9262 ], [ -102.6277, 47.9239 ], [ -102.6327, 47.9173 ], [ -102.6448, 47.9067 ], [ -102.6479, 47.9016 ], [ -102.6484, 47.8998 ], [ -102.6491, 47.896 ], [ -102.6495, 47.8832 ], [ -102.6507, 47.8809 ], [ -102.655, 47.875 ], [ -102.6547, 47.8694 ], [ -102.6558, 47.8649 ], [ -102.6562, 47.8608 ], [ -102.6547, 47.8518 ], [ -102.649, 47.8315 ], [ -102.6464, 47.8266 ], [ -102.6449, 47.8252 ], [ -102.6423, 47.8237 ], [ -102.6428, 47.8043 ], [ -102.6423, 47.7743 ], [ -102.6427, 47.75 ], [ -102.6427, 47.674 ], [ -102.7843, 47.6741 ], [ -102.785, 47.75 ], [ -102.7847, 47.8668 ], [ -102.7853, 47.8909 ], [ -102.7849, 47.9631 ] ] ] } },
{ "type": "Feature", "properties": { "GEOIDFQ": "1400000US38053962500", "NAME": "9625", "NAMELSAD": "Census Tract 9625" }, "geometry": { "type": "Polygon", "coordinates": [ [ [ -104.0434, 47.7325 ], [ -104.0414, 47.8627 ], [ -104.044, 47.9961 ], [ -104.0403, 47.9948 ], [ -104.0358, 47.9941 ], [ -104.0307, 47.9921 ], [ -104.0277, 47.9919 ], [ -104.0216, 47.9892 ], [ -104.0171, 47.9849 ], [ -104.0149, 47.9817 ], [ -104.0116, 47.9714 ], [ -104.0092, 47.9687 ], [ -104.007, 47.9673 ], [ -104.0038, 47.967 ], [ -103.9994, 47.9677 ], [ -103.9909, 47.9712 ], [ -103.9899, 47.9719 ], [ -103.9874, 47.9743 ], [ -103.9863, 47.976 ], [ -103.9858, 47.9787 ], [ -103.9867, 47.9825 ], [ -103.9855, 47.984 ], [ -103.984, 47.9847 ], [ -103.9816, 47.985 ], [ -103.9674, 47.9855 ], [ -103.9611, 47.9841 ], [ -103.9545, 47.9817 ], [ -103.9491, 47.9787 ], [ -103.9427, 47.9757 ], [ -103.936, 47.9702 ], [ -103.9332, 47.9666 ], [ -103.927, 47.9607 ], [ -103.9233, 47.9576 ], [ -103.9198, 47.9559 ], [ -103.904, 47.9592 ], [ -103.8958, 47.9613 ], [ -103.8881, 47.962 ], [ -103.8851, 47.9627 ], [ -103.8814, 47.9641 ], [ -103.8755, 47.967 ], [ -103.871, 47.9708 ], [ -103.8694, 47.9728 ], [ -103.8661, 47.9814 ], [ -103.8643, 47.988 ], [ -103.8637, 47.9888 ], [ -103.8595, 47.9915 ], [ -103.8579, 47.993 ], [ -103.8559, 47.9951 ], [ -103.8554, 47.9964 ], [ -103.8552, 47.9978 ], [ -103.8567, 48.001 ], [ -103.861, 48.0043 ], [ -103.8644, 48.0087 ], [ -103.8636, 48.0111 ], [ -103.8627, 48.0124 ], [ -103.8598, 48.0151 ], [ -103.8584, 48.0158 ], [ -103.8563, 48.0151 ], [ -103.8296, 48.0 ], [ -103.8277, 47.9984 ], [ -103.8261, 47.9963 ], [ -103.8254, 47.9928 ], [ -103.8255, 47.9898 ], [ -103.826, 47.9869 ], [ -103.829, 47.9806 ], [ -103.8288, 47.9801 ], [ -103.8277, 47.9797 ], [ -103.824, 47.979 ], [ -103.8213, 47.9799 ], [ -103.8173, 47.9817 ], [ -103.811, 47.9859 ], [ -103.8008, 47.9943 ], [ -103.7969, 48.0 ], [ -103.7916, 48.0133 ], [ -103.7913, 48.0185 ], [ -103.793, 48.0276 ], [ -103.7978, 48.0355 ], [ -103.7978, 48.039 ], [ -103.7957, 48.0474 ], [ -103.7942, 48.0505 ], [ -103.7919, 48.0533 ], [ -103.7906, 48.0557 ], [ -103.7877, 48.058 ], [ -103.7844, 48.0595 ], [ -103.7807, 48.0593 ], [ -103.7758, 48.0583 ], [ -103.7705, 48.0565 ], [ -103.7596, 48.0476 ], [ -103.7548, 48.0432 ], [ -103.7475, 48.0408 ], [ -103.7457, 48.0405 ], [ -103.7434, 48.0405 ], [ -103.7415, 48.0412 ], [ -103.7394, 48.0437 ], [ -103.7366, 48.0454 ], [ -103.7307, 48.0479 ], [ -103.7262, 48.049 ], [ -103.7147, 48.0547 ], [ -103.711, 48.058 ], [ -103.7095, 48.0624 ], [ -103.7095, 48.0655 ], [ -103.7108, 48.0679 ], [ -103.7131, 48.0695 ], [ -103.718, 48.0707 ], [ -103.7211, 48.072 ], [ -103.7296, 48.0772 ], [ -103.7369, 48.0811 ], [ -103.7403, 48.0834 ], [ -103.7439, 48.0876 ], [ -103.7443, 48.0903 ], [ -103.7436, 48.0922 ], [ -103.7422, 48.0934 ], [ -103.74, 48.0939 ], [ -103.7294, 48.1002 ], [ -103.7224, 48.1047 ], [ -103.7171, 48.1091 ], [ -103.7148, 48.1103 ], [ -103.6983, 48.1174 ], [ -103.6873, 48.1207 ], [ -103.683, 48.1217 ], [ -103.6776, 48.1224 ], [ -103.6708, 48.1219 ], [ -103.6606, 48.1192 ], [ -103.6509, 48.1139 ], [ -103.6465, 48.112 ], [ -103.6387, 48.1109 ], [ -103.6338, 48.1111 ], [ -103.6301, 48.1122 ], [ -103.6255, 48.1143 ], [ -103.621, 48.1168 ], [ -103.6128, 48.1228 ], [ -103.6064, 48.1303 ], [ -103.6039, 48.1321 ], [ -103.6009, 48.1335 ], [ -103.5976, 48.1344 ], [ -103.5902, 48.1341 ], [ -103.5884, 48.1328 ], [ -103.587, 48.131 ], [ -103.5858, 48.1276 ], [ -103.5857, 48.1246 ], [ -103.5877, 48.123 ], [ -103.5924, 48.1205 ], [ -103.6033, 48.117 ], [ -103.6065, 48.1154 ], [ -103.6082, 48.1141 ], [ -103.6087, 48.113 ], [ -103.6087, 48.1112 ], [ -103.6077, 48.1094 ], [ -103.6043, 48.1064 ], [ -103.5989, 48.1025 ], [ -103.5892, 48.0947 ], [ -103.5847, 48.0925 ], [ -103.5794, 48.0908 ], [ -103.5682, 48.0879 ], [ -103.5583, 48.0872 ], [ -103.5495, 48.0878 ], [ -103.5482, 48.0875 ], [ -103.5472, 48.0858 ], [ -103.5485, 48.0819 ], [ -103.5515, 48.0778 ], [ -103.5541, 48.0755 ], [ -103.5592, 48.0719 ], [ -103.574, 48.0641 ], [ -103.5819, 48.0584 ], [ -103.5844, 48.0549 ], [ -103.5853, 48.0525 ], [ -103.5856, 48.0488 ], [ -103.5847, 48.0442 ], [ -103.5821, 48.0415 ], [ -103.5796, 48.0402 ], [ -103.5694, 48.0357 ], [ -103.5661, 48.035 ], [ -103.5571, 48.0342 ], [ -103.5472, 48.0341 ], [ -103.5358, 48.035 ], [ -103.5319, 48.0358 ], [ -103.528, 48.0351 ], [ -103.5255, 48.0333 ], [ -103.5243, 48.0318 ], [ -103.523, 48.0294 ], [ -103.52, 48.0257 ], [ -103.5166, 48.0195 ], [ -103.51, 48.0116 ], [ -103.5085, 48.0104 ], [ -103.5333, 47.9954 ], [ -103.5387, 47.99 ], [ -103.5347, 47.9849 ], [ -103.5332, 47.9826 ], [ -103.5326, 47.9805 ], [ -103.5322, 47.9804 ], [ -103.5314, 47.9807 ], [ -103.5311, 47.9805 ], [ -103.5314, 47.9783 ], [ -103.5305, 47.9773 ], [ -103.5304, 47.9722 ], [ -103.5292, 47.9714 ], [ -103.526, 47.9711 ], [ -103.5252, 47.9704 ], [ -103.5251, 47.9642 ], [ -103.5245, 47.962 ], [ -103.5222, 47.9585 ], [ -103.52, 47.9562 ], [ -103.5191, 47.953 ], [ -103.5159, 47.9494 ], [ -103.5142, 47.9483 ], [ -103.5143, 47.9454 ], [ -103.5127, 47.9442 ], [ -103.5108, 47.9409 ], [ -103.5113, 47.9387 ], [ -103.508, 47.9347 ], [ -103.5064, 47.9319 ], [ -103.503, 47.9289 ], [ -103.5017, 47.9255 ], [ -103.502, 47.9243 ], [ -103.5038, 47.9225 ], [ -103.5045, 47.9208 ], [ -103.5114, 47.9207 ], [ -103.5133, 47.9211 ], [ -103.5164, 47.9208 ], [ -103.5191, 47.9215 ], [ -103.5199, 47.9212 ], [ -103.5203, 47.9198 ], [ -103.5192, 47.9161 ], [ -103.5196, 47.9152 ], [ -103.5196, 47.9046 ], [ -103.5191, 47.7616 ], [ -103.5191, 47.7615 ], [ -103.4977, 47.7614 ], [ -103.4976, 47.676 ], [ -103.4983, 47.6744 ], [ -103.5015, 47.6723 ], [ -103.5023, 47.6707 ], [ -103.5023, 47.6208 ], [ -103.503, 47.6187 ], [ -103.5023, 47.6181 ], [ -103.5023, 47.6027 ], [ -103.5003, 47.6011 ], [ -103.4995, 47.599 ], [ -103.4996, 47.597 ], [ -103.4988, 47.593 ], [ -103.4992, 47.5892 ], [ -103.4984, 47.5881 ], [ -103.497, 47.5875 ], [ -103.496, 47.5856 ], [ -103.4913, 47.5826 ], [ -103.4894, 47.5797 ], [ -103.4874, 47.5771 ], [ -103.4861, 47.576 ], [ -103.4871, 47.5732 ], [ -103.486, 47.5664 ], [ -103.4857, 47.5602 ], [ -103.4848, 47.5591 ], [ -103.4841, 47.5561 ], [ -103.4831, 47.5538 ], [ -103.4826, 47.5506 ], [ -103.48, 47.5495 ], [ -103.4769, 47.5492 ], [ -103.4714, 47.5466 ], [ -103.4686, 47.5459 ], [ -103.4665, 47.5465 ], [ -103.4651, 47.5481 ], [ -103.4643, 47.5482 ], [ -103.4636, 47.5474 ], [ -103.4634, 47.5462 ], [ -103.4625, 47.5455 ], [ -103.4585, 47.5448 ], [ -103.4575, 47.5444 ], [ -103.455, 47.5446 ], [ -103.4534, 47.5437 ], [ -103.4521, 47.5438 ], [ -103.4509, 47.5414 ], [ -103.4498, 47.5402 ], [ -103.449, 47.5399 ], [ -103.4462, 47.5401 ], [ -103.4432, 47.5429 ], [ -103.4408, 47.5439 ], [ -103.4387, 47.5441 ], [ -103.4372, 47.5435 ], [ -103.4368, 47.5443 ], [ -103.4328, 47.5451 ], [ -103.4275, 47.5398 ], [ -103.4273, 47.5357 ], [ -103.4282, 47.5334 ], [ -103.4307, 47.5307 ], [ -103.4336, 47.53 ], [ -103.448, 47.5309 ], [ -103.4534, 47.5305 ], [ -103.4541, 47.53 ], [ -103.4542, 47.529 ], [ -103.4522, 47.5262 ], [ -103.4522, 47.5242 ], [ -103.4532, 47.523 ], [ -103.4561, 47.5216 ], [ -103.4573, 47.5214 ], [ -103.458, 47.5216 ], [ -103.4584, 47.5224 ], [ -103.4581, 47.5261 ], [ -103.4588, 47.527 ], [ -103.4599, 47.5277 ], [ -103.4624, 47.528 ], [ -103.4652, 47.5276 ], [ -103.4704, 47.5264 ], [ -103.4763, 47.5255 ], [ -103.482, 47.5251 ], [ -103.485, 47.5252 ], [ -103.4877, 47.527 ], [ -103.4912, 47.5319 ], [ -103.4947, 47.5341 ], [ -103.4983, 47.5348 ], [ -103.4995, 47.5347 ], [ -103.5013, 47.534 ], [ -103.5019, 47.53 ], [ -103.5038, 47.5267 ], [ -103.5066, 47.5253 ], [ -103.5085, 47.5252 ], [ -103.5094, 47.5255 ], [ -103.5094, 47.5291 ], [ -103.5103, 47.5318 ], [ -103.5132, 47.5344 ], [ -103.5192, 47.5369 ], [ -103.5277, 47.5384 ], [ -103.5302, 47.5378 ], [ -103.5456, 47.5317 ], [ -103.5458, 47.531 ], [ -103.5454, 47.5307 ], [ -103.541, 47.5298 ], [ -103.5382, 47.5283 ], [ -103.5376, 47.5265 ], [ -103.5388, 47.5234 ], [ -103.5405, 47.5219 ], [ -103.5465, 47.5209 ], [ -103.5503, 47.5198 ], [ -103.5582, 47.5162 ], [ -103.5631, 47.5148 ], [ -103.5635, 47.5138 ], [ -103.5627, 47.5132 ], [ -103.5595, 47.5132 ], [ -103.5578, 47.5125 ], [ -103.5568, 47.5113 ], [ -103.5561, 47.5087 ], [ -103.5562, 47.5082 ], [ -103.5578, 47.5072 ], [ -103.563, 47.5065 ], [ -103.5681, 47.5066 ], [ -103.569, 47.5069 ], [ -103.5695, 47.5078 ], [ -103.5695, 47.5093 ], [ -103.5679, 47.5123 ], [ -103.5674, 47.5155 ], [ -103.5686, 47.5168 ], [ -103.5702, 47.5177 ], [ -103.5734, 47.5186 ], [ -103.5762, 47.5186 ], [ -103.5781, 47.5176 ], [ -103.5801, 47.5143 ], [ -103.5817, 47.5127 ], [ -103.5844, 47.5118 ], [ -103.5876, 47.5115 ], [ -103.5887, 47.5115 ], [ -103.5899, 47.5121 ], [ -103.5921, 47.5145 ], [ -103.5926, 47.5157 ], [ -103.5914, 47.5189 ], [ -103.5922, 47.5208 ], [ -103.5947, 47.5218 ], [ -103.5993, 47.5228 ], [ -103.6018, 47.5228 ], [ -103.6025, 47.5223 ], [ -103.6028, 47.5214 ], [ -103.6023, 47.5206 ], [ -103.6004, 47.5195 ], [ -103.5989, 47.519 ], [ -103.5958, 47.5187 ], [ -103.5946, 47.5177 ], [ -103.5944, 47.5157 ], [ -103.5955, 47.5144 ], [ -103.5968, 47.5139 ], [ -103.6027, 47.5137 ], [ -103.6057, 47.5131 ], [ -103.6081, 47.5134 ], [ -103.6089, 47.5139 ], [ -103.6097, 47.515 ], [ -103.6111, 47.5189 ], [ -103.6129, 47.5204 ], [ -103.6141, 47.5208 ], [ -103.6165, 47.5209 ], [ -103.618, 47.5206 ], [ -103.6211, 47.5193 ], [ -103.6225, 47.5183 ], [ -103.6229, 47.5176 ], [ -103.6229, 47.5142 ], [ -103.6217, 47.5128 ], [ -103.6179, 47.5097 ], [ -103.6179, 47.5063 ], [ -103.6195, 47.5038 ], [ -103.6251, 47.5014 ], [ -103.6289, 47.4986 ], [ -103.6298, 47.4968 ], [ -103.6295, 47.4939 ], [ -103.6291, 47.4935 ], [ -103.6255, 47.4923 ], [ -103.6243, 47.4915 ], [ -103.6217, 47.491 ], [ -103.6186, 47.4892 ], [ -103.6172, 47.4872 ], [ -103.6177, 47.4867 ], [ -103.6173, 47.485 ], [ -103.6161, 47.4832 ], [ -103.6139, 47.4812 ], [ -103.6134, 47.4805 ], [ -103.6134, 47.4791 ], [ -103.6138, 47.4788 ], [ -103.615, 47.4789 ], [ -103.6174, 47.48 ], [ -103.619, 47.4803 ], [ -103.6215, 47.4795 ], [ -103.6248, 47.4791 ], [ -103.6262, 47.4784 ], [ -103.6259, 47.4773 ], [ -103.6229, 47.4751 ], [ -103.6223, 47.4734 ], [ -103.6228, 47.4718 ], [ -103.6237, 47.4704 ], [ -103.6248, 47.4696 ], [ -103.6258, 47.4695 ], [ -103.6274, 47.4686 ], [ -103.6308, 47.4639 ], [ -103.6354, 47.4607 ], [ -103.6376, 47.4598 ], [ -103.6383, 47.4591 ], [ -103.6383, 47.4584 ], [ -103.6376, 47.458 ], [ -103.6337, 47.457 ], [ -103.6319, 47.4561 ], [ -103.6307, 47.4553 ], [ -103.6291, 47.4534 ], [ -103.6277, 47.4503 ], [ -103.628, 47.4491 ], [ -103.6289, 47.448 ], [ -103.6311, 47.4465 ], [ -103.639, 47.4455 ], [ -103.6399, 47.4463 ], [ -103.6391, 47.4485 ], [ -103.6398, 47.4501 ], [ -103.6416, 47.4508 ], [ -103.6442, 47.4506 ], [ -103.6456, 47.4499 ], [ -103.6461, 47.4491 ], [ -103.649, 47.4472 ], [ -103.6524, 47.4443 ], [ -103.6532, 47.4426 ], [ -103.6533, 47.4406 ], [ -103.6519, 47.4391 ], [ -103.6499, 47.4391 ], [ -103.646, 47.4399 ], [ -103.6439, 47.4398 ], [ -103.6421, 47.4394 ], [ -103.6394, 47.4384 ], [ -103.636, 47.4357 ], [ -103.6351, 47.4314 ], [ -103.6361, 47.4308 ], [ -103.642, 47.4303 ], [ -103.6449, 47.4296 ], [ -103.6468, 47.4276 ], [ -103.6471, 47.4264 ], [ -103.6467, 47.4249 ], [ -103.6442, 47.4228 ], [ -103.6421, 47.42 ], [ -103.6399, 47.4189 ], [ -103.6383, 47.4188 ], [ -103.637, 47.4191 ], [ -103.6337, 47.421 ], [ -103.6317, 47.4215 ], [ -103.6286, 47.4214 ], [ -103.6257, 47.4199 ], [ -103.6253, 47.4193 ], [ -103.6255, 47.4189 ], [ -103.6285, 47.4169 ], [ -103.6294, 47.4158 ], [ -103.6292, 47.4142 ], [ -103.6284, 47.4136 ], [ -103.6244, 47.4128 ], [ -103.6224, 47.4119 ], [ -103.6221, 47.4116 ], [ -103.621, 47.4114 ], [ -103.6209, 47.4109 ], [ -103.6178, 47.4085 ], [ -103.6165, 47.4081 ], [ -103.6147, 47.4063 ], [ -103.6152, 47.4057 ], [ -103.6175, 47.4048 ], [ -103.621, 47.4042 ], [ -103.6235, 47.4034 ], [ -103.6251, 47.4022 ], [ -103.625, 47.4002 ], [ -103.6229, 47.3998 ], [ -103.6175, 47.3996 ], [ -103.6145, 47.3989 ], [ -103.6141, 47.3984 ], [ -103.6092, 47.3963 ], [ -103.6073, 47.3951 ], [ -103.6066, 47.3943 ], [ -103.6066, 47.3927 ], [ -103.6083, 47.3918 ], [ -103.6104, 47.3917 ], [ -103.6134, 47.3903 ], [ -103.6161, 47.3885 ], [ -103.617, 47.3883 ], [ -103.6184, 47.387 ], [ -103.619, 47.3858 ], [ -103.6186, 47.3851 ], [ -103.617, 47.3843 ], [ -103.6119, 47.3841 ], [ -103.6109, 47.3837 ], [ -103.6098, 47.3828 ], [ -103.6096, 47.3808 ], [ -103.6121, 47.3784 ], [ -103.6124, 47.3773 ], [ -103.6047, 47.3689 ], [ -103.6037, 47.3675 ], [ -103.6035, 47.3652 ], [ -103.6045, 47.3634 ], [ -103.6071, 47.3614 ], [ -103.6096, 47.3603 ], [ -103.6135, 47.3594 ], [ -103.6176, 47.3573 ], [ -103.621, 47.356 ], [ -103.6217, 47.3561 ], [ -103.6226, 47.357 ], [ -103.6238, 47.3615 ], [ -103.6249, 47.3624 ], [ -103.6277, 47.3632 ], [ -103.6314, 47.3631 ], [ -103.6336, 47.3626 ], [ -103.6384, 47.3597 ], [ -103.6392, 47.3597 ], [ -103.6431, 47.358 ], [ -103.6436, 47.3574 ], [ -103.6434, 47.3569 ], [ -103.6466, 47.3543 ], [ -103.6467, 47.3533 ], [ -103.6423, 47.3471 ], [ -103.64, 47.3453 ], [ -103.6383, 47.3443 ], [ -103.6364, 47.342 ], [ -103.6368, 47.3416 ], [ -103.6394, 47.3412 ], [ -103.6423, 47.3401 ], [ -103.6441, 47.3379 ], [ -103.6445, 47.3358 ], [ -103.6452, 47.3348 ], [ -103.6469, 47.3336 ], [ -103.6487, 47.3326 ], [ -103.6532, 47.3314 ], [ -103.6569, 47.3292 ], [ -103.9915, 47.3302 ], [ -104.0447, 47.3301 ], [ -104.0452, 47.3385 ], [ -104.0434, 47.7325 ] ] ] } },
{ "type": "Feature", "properties": { "GEOIDFQ": "1400000US38077971400", "NAME": "9714", "NAMELSAD": "Census Tract 9714" }, "geometry": { "type": "Polygon", "coordinates": [ [ [ -97.2593, 46.2389 ], [ -97.1789, 46.2391 ], [ -97.1348, 46.2388 ], [ -97.0943, 46.2393 ], [ -97.0312, 46.2395 ], [ -97.0312, 46.2614 ], [ -97.0102, 46.2616 ], [ -96.834, 46.2616 ], [ -96.8346, 46.2255 ], [ -96.8342, 46.1667 ], [ -96.836, 46.0942 ], [ -96.8356, 46.0372 ], [ -96.8363, 45.9504 ], [ -96.8373, 45.9466 ], [ -96.8406, 45.941 ], [ -96.8373, 45.9405 ], [ -96.8375, 45.9449 ], [ -96.8257, 45.9449 ], [ -96.8257, 45.9392 ], [ -96.799, 45.9358 ], [ -96.894, 45.9359 ], [ -96.9068, 45.9355 ], [ -96.9148, 45.9357 ], [ -96.9329, 45.9355 ], [ -96.9727, 45.9359 ], [ -96.9776, 45.9355 ], [ -96.9865, 45.9355 ], [ -96.9985, 45.9358 ], [ -97.1063, 45.9359 ], [ -97.1226, 45.9356 ], [ -97.2283, 45.9354 ], [ -97.2285, 45.9923 ], [ -97.2596, 45.9968 ], [ -97.2593, 46.2389 ] ] ] } },
{ "type": "Feature", "properties": { "GEOIDFQ": "1400000US38105953400", "NAME": "9534", "NAMELSAD": "Census Tract 9534" }, "geometry": { "type": "Polygon", "coordinates": [ [ [ -103.6295, 48.6338 ], [ -103.5476, 48.6339 ], [ -103.3871, 48.6332 ], [ -103.2026, 48.6333 ], [ -103.1873, 48.6337 ], [ -103.1791, 48.6333 ], [ -103.1462, 48.6332 ], [ -102.8858, 48.6333 ], [ -102.8859, 48.3727 ], [ -102.9571, 48.3725 ], [ -102.9572, 48.3419 ], [ -103.0334, 48.342 ], [ -103.0441, 48.3425 ], [ -103.0874, 48.3426 ], [ -103.0874, 48.3725 ], [ -103.1029, 48.3726 ], [ -103.1029, 48.3773 ], [ -103.1035, 48.3768 ], [ -103.1064, 48.376 ], [ -103.111, 48.3732 ], [ -103.1133, 48.3726 ], [ -103.196, 48.3726 ], [ -103.1959, 48.3421 ], [ -103.3371, 48.3426 ], [ -103.5222, 48.3424 ], [ -103.5253, 48.3426 ], [ -103.5303, 48.3434 ], [ -103.5333, 48.3436 ], [ -103.5434, 48.3424 ], [ -103.6178, 48.3425 ], [ -103.6208, 48.3419 ], [ -103.6237, 48.3404 ], [ -103.6251, 48.3413 ], [ -103.6257, 48.3423 ], [ -103.626, 48.3498 ], [ -103.6259, 48.3695 ], [ -103.6247, 48.3754 ], [ -103.6244, 48.3874 ], [ -103.6247, 48.4551 ], [ -103.6243, 48.5036 ], [ -103.6246, 48.5198 ], [ -103.6257, 48.5257 ], [ -103.6245, 48.5321 ], [ -103.6242, 48.5976 ], [ -103.625, 48.6016 ], [ -103.6296, 48.612 ], [ -103.6298, 48.6227 ], [ -103.6295, 48.6338 ] ] ] } },
{ "type": "Feature", "properties": { "GEOIDFQ": "1400000US38105953500", "NAME": "9535", "NAMELSAD": "Census Tract 9535" }, "geometry": { "type": "Polygon", "coordinates": [ [ [ -104.0479, 48.6339 ], [ -103.8424, 48.6335 ], [ -103.8384, 48.6337 ], [ -103.7505, 48.6335 ], [ -103.6295, 48.6338 ], [ -103.6298, 48.6299 ], [ -103.6296, 48.612 ], [ -103.625, 48.6016 ], [ -103.6242, 48.5976 ], [ -103.6245, 48.5321 ], [ -103.6257, 48.5257 ], [ -103.6246, 48.5198 ], [ -103.6243, 48.5036 ], [ -103.6247, 48.4551 ], [ -103.6244, 48.3874 ], [ -103.6247, 48.3754 ], [ -103.6259, 48.3695 ], [ -103.626, 48.3498 ], [ -103.6257, 48.3423 ], [ -103.6251, 48.3413 ], [ -103.6237, 48.3404 ], [ -103.6253, 48.3387 ], [ -103.6259, 48.3373 ], [ -103.6258, 48.2447 ], [ -103.6432, 48.2447 ], [ -103.6475, 48.2425 ], [ -103.6475, 48.2415 ], [ -103.6494, 48.2411 ], [ -103.6652, 48.2412 ], [ -103.665, 48.2408 ], [ -103.6631, 48.24 ], [ -103.6618, 48.2385 ], [ -103.663, 48.2377 ], [ -103.6634, 48.2358 ], [ -103.6657, 48.2347 ], [ -103.669, 48.2305 ], [ -103.6689, 48.2138 ], [ -103.6679, 48.2117 ], [ -103.6713, 48.2121 ], [ -103.6906, 48.2122 ], [ -103.6907, 48.1687 ], [ -103.6936, 48.1686 ], [ -103.6952, 48.1678 ], [ -103.6962, 48.1677 ], [ -103.6974, 48.1679 ], [ -103.6989, 48.1687 ], [ -103.7037, 48.1684 ], [ -103.7063, 48.1687 ], [ -103.7336, 48.1687 ], [ -103.7339, 48.1641 ], [ -103.7332, 48.1571 ], [ -103.7336, 48.1546 ], [ -103.7337, 48.1107 ], [ -103.7209, 48.1107 ], [ -103.7203, 48.1108 ], [ -103.7201, 48.1113 ], [ -103.7171, 48.1091 ], [ -103.7224, 48.1047 ], [ -103.7294, 48.1002 ], [ -103.74, 48.0939 ], [ -103.7422, 48.0934 ], [ -103.7436, 48.0922 ], [ -103.7443, 48.0903 ], [ -103.7439, 48.0876 ], [ -103.7403, 48.0834 ], [ -103.7369, 48.0811 ], [ -103.7296, 48.0772 ], [ -103.7211, 48.072 ], [ -103.718, 48.0707 ], [ -103.7131, 48.0695 ], [ -103.7108, 48.0679 ], [ -103.7095, 48.0655 ], [ -103.7095, 48.0624 ], [ -103.711, 48.058 ], [ -103.7147, 48.0547 ], [ -103.7262, 48.049 ], [ -103.7307, 48.0479 ], [ -103.7366, 48.0454 ], [ -103.7394, 48.0437 ], [ -103.7415, 48.0412 ], [ -103.7434, 48.0405 ], [ -103.7457, 48.0405 ], [ -103.7475, 48.0408 ], [ -103.7548, 48.0432 ], [ -103.7596, 48.0476 ], [ -103.7705, 48.0565 ], [ -103.7758, 48.0583 ], [ -103.7807, 48.0593 ], [ -103.7844, 48.0595 ], [ -103.7877, 48.058 ], [ -103.7906, 48.0557 ], [ -103.7919, 48.0533 ], [ -103.7942, 48.0505 ], [ -103.7957, 48.0474 ], [ -103.7978, 48.039 ], [ -103.7978, 48.0355 ], [ -103.793, 48.0276 ], [ -103.7913, 48.0185 ], [ -103.7916, 48.0133 ], [ -103.7969, 48.0 ], [ -103.7993, 47.9964 ], [ -103.8008, 47.9943 ], [ -103.811, 47.9859 ], [ -103.8173, 47.9817 ], [ -103.8213, 47.9799 ], [ -103.824, 47.979 ], [ -103.8288, 47.9801 ], [ -103.829, 47.981 ], [ -103.826, 47.9869 ], [ -103.8255, 47.9898 ], [ -103.8254, 47.9928 ], [ -103.8265, 47.9971 ], [ -103.8296, 48.0 ], [ -103.8563, 48.0151 ], [ -103.8584, 48.0158 ], [ -103.8598, 48.0151 ], [ -103.8627, 48.0124 ], [ -103.8636, 48.0111 ], [ -103.8644, 48.0087 ], [ -103.861, 48.0043 ], [ -103.8567, 48.001 ], [ -103.8552, 47.9978 ], [ -103.8554, 47.9964 ], [ -103.8559, 47.9951 ], [ -103.8579, 47.993 ], [ -103.8595, 47.9915 ], [ -103.8637, 47.9888 ], [ -103.8643, 47.988 ], [ -103.8661, 47.9814 ], [ -103.8694, 47.9728 ], [ -103.871, 47.9708 ], [ -103.8755, 47.967 ], [ -103.8814, 47.9641 ], [ -103.8851, 47.9627 ], [ -103.8881, 47.962 ], [ -103.8958, 47.9613 ], [ -103.904, 47.9592 ], [ -103.9198, 47.9559 ], [ -103.9233, 47.9576 ], [ -103.927, 47.9607 ], [ -103.9332, 47.9666 ], [ -103.936, 47.9702 ], [ -103.9427, 47.9757 ], [ -103.9491, 47.9787 ], [ -103.9545, 47.9817 ], [ -103.9611, 47.9841 ], [ -103.9674, 47.9855 ], [ -103.9816, 47.985 ], [ -103.984, 47.9847 ], [ -103.9855, 47.984 ], [ -103.9867, 47.9825 ], [ -103.9858, 47.9787 ], [ -103.9863, 47.976 ], [ -103.9874, 47.9743 ], [ -103.9899, 47.9719 ], [ -103.9909, 47.9712 ], [ -103.9994, 47.9677 ], [ -104.0038, 47.967 ], [ -104.007, 47.9673 ], [ -104.0092, 47.9687 ], [ -104.0116, 47.9714 ], [ -104.0149, 47.9817 ], [ -104.0171, 47.9849 ], [ -104.0216, 47.9892 ], [ -104.0277, 47.9919 ], [ -104.0307, 47.9921 ], [ -104.0358, 47.9941 ], [ -104.0403, 47.9948 ], [ -104.044, 47.9961 ], [ -104.0452, 48.1139 ], [ -104.0461, 48.2876 ], [ -104.0459, 48.3073 ], [ -104.0455, 48.3105 ], [ -104.0459, 48.311 ], [ -104.046, 48.3139 ], [ -104.0464, 48.3365 ], [ -104.0476, 48.4892 ], [ -104.0479, 48.6339 ] ] ] } },
{ "type": "Feature", "properties": { "GEOIDFQ": "1400000US38105953800", "NAME": "9538", "NAMELSAD": "Census Tract 9538" }, "geometry": { "type": "Polygon", "coordinates": [ [ [ -103.6483, 48.1566 ], [ -103.6468, 48.1582 ], [ -103.6344, 48.1668 ], [ -103.6307, 48.1682 ], [ -103.6258, 48.1687 ], [ -103.6258, 48.1542 ], [ -103.6495, 48.1542 ], [ -103.6483, 48.1566 ] ] ] } },
{ "type": "Feature", "properties": { "GEOIDFQ": "1400000US38015011103", "NAME": "111.03", "NAMELSAD": "Census Tract 111.03" }, "geometry": { "type": "Polygon", "coordinates": [ [ [ -100.8382, 46.828 ], [ -100.8394, 46.8291 ], [ -100.8391, 46.8295 ], [ -100.8397, 46.8311 ], [ -100.8389, 46.8333 ], [ -100.8365, 46.8362 ], [ -100.837, 46.8374 ], [ -100.8359, 46.8374 ], [ -100.8326, 46.8325 ], [ -100.8304, 46.8322 ], [ -100.8285, 46.8307 ], [ -100.8249, 46.8296 ], [ -100.8231, 46.8295 ], [ -100.8181, 46.8306 ], [ -100.8179, 46.8381 ], [ -100.8074, 46.8381 ], [ -100.806, 46.8377 ], [ -100.8048, 46.838 ], [ -100.7983, 46.838 ], [ -100.798, 46.8417 ], [ -100.7938, 46.8418 ], [ -100.794, 46.8313 ], [ -100.8024, 46.8313 ], [ -100.8058, 46.8308 ], [ -100.834, 46.822 ], [ -100.8398, 46.8266 ], [ -100.8386, 46.8271 ], [ -100.8382, 46.828 ] ] ] } },
{ "type": "Feature", "properties": { "GEOIDFQ": "1400000US38093967200", "NAME": "9672", "NAMELSAD": "Census Tract 9672" }, "geometry": { "type": "Polygon", "coordinates": [ [ [ -99.4488, 46.6818 ], [ -99.4485, 46.75 ], [ -99.4463, 46.9362 ], [ -99.3915, 46.936 ], [ -99.3624, 46.9364 ], [ -99.3623, 46.9361 ], [ -99.3608, 46.936 ], [ -99.2998, 46.9358 ], [ -99.2995, 46.9629 ], [ -99.2573, 46.9624 ], [ -99.2574, 46.9524 ], [ -99.2563, 46.95 ], [ -99.2573, 46.9482 ], [ -99.2575, 46.9356 ], [ -99.227, 46.9354 ], [ -99.227, 46.936 ], [ -99.2257, 46.9368 ], [ -99.2234, 46.9369 ], [ -99.2205, 46.9365 ], [ -99.2182, 46.9368 ], [ -99.2142, 46.9363 ], [ -99.1841, 46.935 ], [ -99.1311, 46.9351 ], [ -99.1309, 46.9206 ], [ -99.1092, 46.9206 ], [ -99.1062, 46.9202 ], [ -99.099, 46.9206 ], [ -98.9842, 46.9217 ], [ -98.7766, 46.9212 ], [ -98.7766, 46.9129 ], [ -98.776, 46.9114 ], [ -98.7767, 46.9098 ], [ -98.7767, 46.8778 ], [ -98.7756, 46.8775 ], [ -98.6713, 46.8775 ], [ -98.6714, 46.8892 ], [ -98.6719, 46.8901 ], [ -98.6728, 46.8906 ], [ -98.666, 46.892 ], [ -98.6624, 46.8924 ], [ -98.595, 46.8924 ], [ -98.5663, 46.8921 ], [ -98.4392, 46.8926 ], [ -98.4388, 46.8203 ], [ -98.4393, 46.7471 ], [ -98.4389, 46.6891 ], [ -98.4391, 46.6311 ], [ -99.0333, 46.6306 ], [ -99.0372, 46.6301 ], [ -99.0405, 46.6288 ], [ -99.0404, 46.6306 ], [ -99.0411, 46.6306 ], [ -99.1455, 46.6308 ], [ -99.1557, 46.6306 ], [ -99.3566, 46.6315 ], [ -99.4487, 46.6316 ], [ -99.4497, 46.6316 ], [ -99.4488, 46.6818 ] ] ] } },
{ "type": "Feature", "properties": { "GEOIDFQ": "1400000US38053962302", "NAME": "9623.02", "NAMELSAD": "Census Tract 9623.02" }, "geometry": { "type": "Polygon", "coordinates": [ [ [ -103.6532, 47.3314 ], [ -103.6487, 47.3326 ], [ -103.6469, 47.3336 ], [ -103.6452, 47.3348 ], [ -103.6445, 47.3358 ], [ -103.6441, 47.3379 ], [ -103.6423, 47.3401 ], [ -103.6394, 47.3412 ], [ -103.6368, 47.3416 ], [ -103.6364, 47.342 ], [ -103.6383, 47.3443 ], [ -103.64, 47.3453 ], [ -103.6423, 47.3471 ], [ -103.6467, 47.3533 ], [ -103.6466, 47.3543 ], [ -103.6434, 47.3569 ], [ -103.6436, 47.3574 ], [ -103.6431, 47.358 ], [ -103.6392, 47.3597 ], [ -103.6384, 47.3597 ], [ -103.6336, 47.3626 ], [ -103.6314, 47.3631 ], [ -103.6277, 47.3632 ], [ -103.6249, 47.3624 ], [ -103.6238, 47.3615 ], [ -103.6226, 47.357 ], [ -103.6217, 47.3561 ], [ -103.621, 47.356 ], [ -103.6176, 47.3573 ], [ -103.6135, 47.3594 ], [ -103.6096, 47.3603 ], [ -103.6071, 47.3614 ], [ -103.6045, 47.3634 ], [ -103.6035, 47.3652 ], [ -103.6037, 47.3675 ], [ -103.6047, 47.3689 ], [ -103.6124, 47.3773 ], [ -103.6121, 47.3784 ], [ -103.6096, 47.3808 ], [ -103.6098, 47.3828 ], [ -103.6109, 47.3837 ], [ -103.6119, 47.3841 ], [ -103.617, 47.3843 ], [ -103.6186, 47.3851 ], [ -103.619, 47.3858 ], [ -103.6184, 47.387 ], [ -103.617, 47.3883 ], [ -103.6161, 47.3885 ], [ -103.6134, 47.3903 ], [ -103.6104, 47.3917 ], [ -103.6083, 47.3918 ], [ -103.6066, 47.3927 ], [ -103.6066, 47.3943 ], [ -103.6073, 47.3951 ], [ -103.6092, 47.3963 ], [ -103.6141, 47.3984 ], [ -103.6145, 47.3989 ], [ -103.6175, 47.3996 ], [ -103.6229, 47.3998 ], [ -103.625, 47.4002 ], [ -103.6251, 47.4022 ], [ -103.6235, 47.4034 ], [ -103.621, 47.4042 ], [ -103.6175, 47.4048 ], [ -103.6152, 47.4057 ], [ -103.6147, 47.4063 ], [ -103.6165, 47.4081 ], [ -103.6178, 47.4085 ], [ -103.6209, 47.4109 ], [ -103.621, 47.4114 ], [ -103.6221, 47.4116 ], [ -103.6224, 47.4119 ], [ -103.6244, 47.4128 ], [ -103.6284, 47.4136 ], [ -103.6292, 47.4142 ], [ -103.6294, 47.4158 ], [ -103.6285, 47.4169 ], [ -103.6255, 47.4189 ], [ -103.6253, 47.4193 ], [ -103.6257, 47.4199 ], [ -103.6286, 47.4214 ], [ -103.6317, 47.4215 ], [ -103.6337, 47.421 ], [ -103.637, 47.4191 ], [ -103.6383, 47.4188 ], [ -103.6399, 47.4189 ], [ -103.6421, 47.42 ], [ -103.6442, 47.4228 ], [ -103.6467, 47.4249 ], [ -103.6471, 47.4264 ], [ -103.6468, 47.4276 ], [ -103.6449, 47.4296 ], [ -103.642, 47.4303 ], [ -103.6361, 47.4308 ], [ -103.6351, 47.4314 ], [ -103.636, 47.4357 ], [ -103.6394, 47.4384 ], [ -103.6421, 47.4394 ], [ -103.6439, 47.4398 ], [ -103.646, 47.4399 ], [ -103.6499, 47.4391 ], [ -103.6519, 47.4391 ], [ -103.6533, 47.4406 ], [ -103.6532, 47.4426 ], [ -103.6524, 47.4443 ], [ -103.649, 47.4472 ], [ -103.6461, 47.4491 ], [ -103.6456, 47.4499 ], [ -103.6442, 47.4506 ], [ -103.6416, 47.4508 ], [ -103.6398, 47.4501 ], [ -103.6391, 47.4485 ], [ -103.6399, 47.4463 ], [ -103.639, 47.4455 ], [ -103.6311, 47.4465 ], [ -103.6289, 47.448 ], [ -103.628, 47.4491 ], [ -103.6277, 47.4503 ], [ -103.6291, 47.4534 ], [ -103.6307, 47.4553 ], [ -103.6319, 47.4561 ], [ -103.6337, 47.457 ], [ -103.6376, 47.458 ], [ -103.6383, 47.4584 ], [ -103.6383, 47.4591 ], [ -103.6376, 47.4598 ], [ -103.6354, 47.4607 ], [ -103.6308, 47.4639 ], [ -103.6274, 47.4686 ], [ -103.6258, 47.4695 ], [ -103.6248, 47.4696 ], [ -103.6237, 47.4704 ], [ -103.6228, 47.4718 ], [ -103.6223, 47.4734 ], [ -103.6229, 47.4751 ], [ -103.6259, 47.4773 ], [ -103.6262, 47.4784 ], [ -103.6248, 47.4791 ], [ -103.6215, 47.4795 ], [ -103.619, 47.4803 ], [ -103.6174, 47.48 ], [ -103.615, 47.4789 ], [ -103.6138, 47.4788 ], [ -103.6134, 47.4791 ], [ -103.6134, 47.4805 ], [ -103.6139, 47.4812 ], [ -103.6161, 47.4832 ], [ -103.6173, 47.485 ], [ -103.6177, 47.4867 ], [ -103.6172, 47.4872 ], [ -103.6186, 47.4892 ], [ -103.6217, 47.491 ], [ -103.6243, 47.4915 ], [ -103.6255, 47.4923 ], [ -103.6291, 47.4935 ], [ -103.6295, 47.4939 ], [ -103.6298, 47.4968 ], [ -103.6289, 47.4986 ], [ -103.6251, 47.5014 ], [ -103.6195, 47.5038 ], [ -103.6179, 47.5063 ], [ -103.6179, 47.5097 ], [ -103.6217, 47.5128 ], [ -103.6229, 47.5142 ], [ -103.6229, 47.5176 ], [ -103.6225, 47.5183 ], [ -103.6211, 47.5193 ], [ -103.618, 47.5206 ], [ -103.6165, 47.5209 ], [ -103.6141, 47.5208 ], [ -103.6129, 47.5204 ], [ -103.6111, 47.5189 ], [ -103.6097, 47.515 ], [ -103.6089, 47.5139 ], [ -103.6081, 47.5134 ], [ -103.6057, 47.5131 ], [ -103.6027, 47.5137 ], [ -103.5968, 47.5139 ], [ -103.5955, 47.5144 ], [ -103.5944, 47.5157 ], [ -103.5946, 47.5177 ], [ -103.5958, 47.5187 ], [ -103.5989, 47.519 ], [ -103.6004, 47.5195 ], [ -103.6023, 47.5206 ], [ -103.6028, 47.5214 ], [ -103.6025, 47.5223 ], [ -103.6018, 47.5228 ], [ -103.5993, 47.5228 ], [ -103.5947, 47.5218 ], [ -103.5922, 47.5208 ], [ -103.5914, 47.5189 ], [ -103.5926, 47.5157 ], [ -103.5921, 47.5145 ], [ -103.5899, 47.5121 ], [ -103.5887, 47.5115 ], [ -103.5876, 47.5115 ], [ -103.5844, 47.5118 ], [ -103.5817, 47.5127 ], [ -103.5801, 47.5143 ], [ -103.5781, 47.5176 ], [ -103.5762, 47.5186 ], [ -103.5734, 47.5186 ], [ -103.5702, 47.5177 ], [ -103.5686, 47.5168 ], [ -103.5674, 47.5155 ], [ -103.5679, 47.5123 ], [ -103.5695, 47.5093 ], [ -103.5695, 47.5078 ], [ -103.569, 47.5069 ], [ -103.5657, 47.5065 ], [ -103.5603, 47.5067 ], [ -103.5578, 47.5072 ], [ -103.5562, 47.5082 ], [ -103.5568, 47.5113 ], [ -103.5578, 47.5125 ], [ -103.5589, 47.513 ], [ -103.5618, 47.5131 ], [ -103.5631, 47.5134 ], [ -103.5636, 47.5142 ], [ -103.5633, 47.5147 ], [ -103.5617, 47.5154 ], [ -103.5582, 47.5162 ], [ -103.5503, 47.5198 ], [ -103.5465, 47.5209 ], [ -103.5412, 47.5217 ], [ -103.5397, 47.5223 ], [ -103.5382, 47.5243 ], [ -103.5377, 47.5256 ], [ -103.5375, 47.5271 ], [ -103.5382, 47.5283 ], [ -103.541, 47.5298 ], [ -103.5454, 47.5307 ], [ -103.5458, 47.531 ], [ -103.5456, 47.5317 ], [ -103.5302, 47.5378 ], [ -103.5277, 47.5384 ], [ -103.5192, 47.5369 ], [ -103.5132, 47.5344 ], [ -103.5103, 47.5318 ], [ -103.5094, 47.5291 ], [ -103.5094, 47.5255 ], [ -103.5085, 47.5252 ], [ -103.5066, 47.5253 ], [ -103.5038, 47.5267 ], [ -103.5019, 47.53 ], [ -103.5013, 47.534 ], [ -103.4995, 47.5347 ], [ -103.4983, 47.5348 ], [ -103.4947, 47.5341 ], [ -103.4912, 47.5319 ], [ -103.4877, 47.527 ], [ -103.485, 47.5252 ], [ -103.482, 47.5251 ], [ -103.4763, 47.5255 ], [ -103.4704, 47.5264 ], [ -103.4652, 47.5276 ], [ -103.4624, 47.528 ], [ -103.4599, 47.5277 ], [ -103.4588, 47.527 ], [ -103.4581, 47.5261 ], [ -103.4584, 47.5224 ], [ -103.458, 47.5216 ], [ -103.4573, 47.5214 ], [ -103.4561, 47.5216 ], [ -103.4532, 47.523 ], [ -103.4522, 47.5242 ], [ -103.4522, 47.5262 ], [ -103.4542, 47.529 ], [ -103.4541, 47.53 ], [ -103.4534, 47.5305 ], [ -103.448, 47.5309 ], [ -103.4357, 47.53 ], [ -103.4321, 47.5302 ], [ -103.4307, 47.5307 ], [ -103.4282, 47.5334 ], [ -103.4274, 47.535 ], [ -103.4277, 47.539 ], [ -103.4274, 47.5394 ], [ -103.4278, 47.5403 ], [ -103.4285, 47.5406 ], [ -103.4302, 47.5426 ], [ -103.4328, 47.5451 ], [ -103.4368, 47.5443 ], [ -103.4372, 47.5435 ], [ -103.4387, 47.5441 ], [ -103.4408, 47.5439 ], [ -103.4432, 47.5429 ], [ -103.4462, 47.5401 ], [ -103.449, 47.5399 ], [ -103.4498, 47.5402 ], [ -103.4509, 47.5414 ], [ -103.4521, 47.5438 ], [ -103.4534, 47.5437 ], [ -103.455, 47.5446 ], [ -103.4575, 47.5444 ], [ -103.4585, 47.5448 ], [ -103.4625, 47.5455 ], [ -103.4634, 47.5462 ], [ -103.4636, 47.5474 ], [ -103.4643, 47.5482 ], [ -103.4651, 47.5481 ], [ -103.4665, 47.5465 ], [ -103.4686, 47.5459 ], [ -103.4714, 47.5466 ], [ -103.4769, 47.5492 ], [ -103.48, 47.5495 ], [ -103.4824, 47.5504 ], [ -103.4829, 47.551 ], [ -103.4831, 47.5538 ], [ -103.4841, 47.5561 ], [ -103.4848, 47.5591 ], [ -103.4857, 47.5602 ], [ -103.486, 47.5664 ], [ -103.4871, 47.5732 ], [ -103.4861, 47.576 ], [ -103.4874, 47.5771 ], [ -103.4894, 47.5797 ], [ -103.4913, 47.5826 ], [ -103.496, 47.5856 ], [ -103.4972, 47.5877 ], [ -103.4984, 47.5881 ], [ -103.4991, 47.589 ], [ -103.4988, 47.593 ], [ -103.4996, 47.597 ], [ -103.4995, 47.599 ], [ -103.5003, 47.6011 ], [ -103.5023, 47.6027 ], [ -103.5023, 47.6181 ], [ -103.503, 47.6187 ], [ -103.5023, 47.6208 ], [ -103.5023, 47.6707 ], [ -103.5015, 47.6723 ], [ -103.4983, 47.6744 ], [ -103.4976, 47.676 ], [ -103.4977, 47.7614 ], [ -103.5191, 47.7615 ], [ -103.5193, 47.8049 ], [ -103.4414, 47.8047 ], [ -103.3624, 47.8048 ], [ -103.3479, 47.8045 ], [ -103.3096, 47.7983 ], [ -103.3046, 47.7979 ], [ -103.3046, 47.7893 ], [ -103.3032, 47.7893 ], [ -103.2857, 47.7777 ], [ -103.2834, 47.7765 ], [ -103.2831, 47.7757 ], [ -103.2619, 47.7758 ], [ -103.262, 47.7827 ], [ -103.2627, 47.7839 ], [ -103.2619, 47.7853 ], [ -103.262, 47.7902 ], [ -103.2503, 47.7901 ], [ -103.246, 47.7894 ], [ -103.2411, 47.7901 ], [ -103.2191, 47.7901 ], [ -103.219, 47.7713 ], [ -103.2185, 47.7704 ], [ -103.211, 47.7669 ], [ -103.2, 47.7652 ], [ -103.1875, 47.7612 ], [ -103.1672, 47.7541 ], [ -103.1571, 47.7518 ], [ -103.1549, 47.7518 ], [ -103.1537, 47.7511 ], [ -103.1536, 47.7504 ], [ -103.1542, 47.7491 ], [ -103.1529, 47.7447 ], [ -103.1546, 47.7427 ], [ -103.1547, 47.7377 ], [ -103.1526, 47.735 ], [ -103.1507, 47.7334 ], [ -103.1501, 47.7323 ], [ -103.1506, 47.7314 ], [ -103.1537, 47.73 ], [ -103.1546, 47.7288 ], [ -103.1545, 47.7132 ], [ -103.1549, 47.7119 ], [ -103.1546, 47.7113 ], [ -103.1514, 47.7095 ], [ -103.1492, 47.7096 ], [ -103.1446, 47.7078 ], [ -103.1292, 47.7042 ], [ -103.1244, 47.7043 ], [ -103.1187, 47.7048 ], [ -103.116, 47.7018 ], [ -103.1124, 47.6949 ], [ -103.1135, 47.6949 ], [ -103.1145, 47.6941 ], [ -103.116, 47.6938 ], [ -103.1175, 47.6939 ], [ -103.1192, 47.6946 ], [ -103.123, 47.694 ], [ -103.1266, 47.6918 ], [ -103.1293, 47.6915 ], [ -103.1297, 47.6888 ], [ -103.1333, 47.6886 ], [ -103.1333, 47.6857 ], [ -103.132, 47.6834 ], [ -103.1339, 47.6812 ], [ -103.134, 47.68 ], [ -103.135, 47.6782 ], [ -103.1333, 47.6763 ], [ -103.1331, 47.6753 ], [ -103.1344, 47.6735 ], [ -103.1345, 47.6727 ], [ -103.1357, 47.6722 ], [ -103.135, 47.6712 ], [ -103.1352, 47.6706 ], [ -103.1373, 47.6701 ], [ -103.1393, 47.6691 ], [ -103.1396, 47.6685 ], [ -103.1389, 47.667 ], [ -103.1391, 47.666 ], [ -103.1372, 47.6651 ], [ -103.1367, 47.6638 ], [ -103.1367, 47.6609 ], [ -103.1363, 47.66 ], [ -103.1371, 47.659 ], [ -103.1365, 47.6588 ], [ -103.1346, 47.6594 ], [ -103.1329, 47.659 ], [ -103.1295, 47.6596 ], [ -103.128, 47.6588 ], [ -103.1268, 47.6586 ], [ -103.1271, 47.658 ], [ -103.1267, 47.6559 ], [ -103.1258, 47.6552 ], [ -103.1252, 47.6539 ], [ -103.1245, 47.6534 ], [ -103.1226, 47.653 ], [ -103.1197, 47.6488 ], [ -103.1186, 47.6479 ], [ -103.1161, 47.6482 ], [ -103.1151, 47.6469 ], [ -103.113, 47.6466 ], [ -103.1101, 47.6455 ], [ -103.0998, 47.6457 ], [ -103.0992, 47.5671 ], [ -103.0993, 47.5299 ], [ -103.0997, 47.5158 ], [ -103.0993, 47.4869 ], [ -103.0992, 47.3287 ], [ -103.2657, 47.3284 ], [ -103.2866, 47.3288 ], [ -103.3717, 47.3285 ], [ -103.482, 47.3288 ], [ -103.5596, 47.3284 ], [ -103.6094, 47.3285 ], [ -103.6095, 47.3288 ], [ -103.6569, 47.3292 ], [ -103.6532, 47.3314 ] ] ] } },
{ "type": "Feature", "properties": { "GEOIDFQ": "1400000US38053962301", "NAME": "9623.01", "NAMELSAD": "Census Tract 9623.01" }, "geometry": { "type": "Polygon", "coordinates": [ [ [ -103.5333, 47.9954 ], [ -103.5085, 48.0104 ], [ -103.5043, 48.0075 ], [ -103.5012, 48.0059 ], [ -103.4965, 48.0052 ], [ -103.494, 48.0052 ], [ -103.4884, 48.0058 ], [ -103.486, 48.0064 ], [ -103.481, 48.0088 ], [ -103.4748, 48.0126 ], [ -103.4665, 48.0208 ], [ -103.4631, 48.0232 ], [ -103.458, 48.0251 ], [ -103.4529, 48.0257 ], [ -103.4473, 48.0273 ], [ -103.4422, 48.0294 ], [ -103.4357, 48.0336 ], [ -103.4312, 48.0355 ], [ -103.4284, 48.0359 ], [ -103.42, 48.0356 ], [ -103.4152, 48.0345 ], [ -103.3964, 48.0278 ], [ -103.3854, 48.0263 ], [ -103.3798, 48.0251 ], [ -103.3769, 48.025 ], [ -103.373, 48.0255 ], [ -103.3566, 48.0287 ], [ -103.3487, 48.0313 ], [ -103.3467, 48.0317 ], [ -103.3414, 48.0339 ], [ -103.3329, 48.0368 ], [ -103.3261, 48.0386 ], [ -103.3228, 48.0399 ], [ -103.3158, 48.0416 ], [ -103.313, 48.042 ], [ -103.3092, 48.0421 ], [ -103.2942, 48.0393 ], [ -103.2913, 48.0394 ], [ -103.2884, 48.0401 ], [ -103.2849, 48.0421 ], [ -103.2813, 48.0458 ], [ -103.2788, 48.0512 ], [ -103.2773, 48.058 ], [ -103.2759, 48.0594 ], [ -103.2732, 48.0609 ], [ -103.2678, 48.0621 ], [ -103.2637, 48.0626 ], [ -103.2602, 48.0626 ], [ -103.2479, 48.0603 ], [ -103.244, 48.06 ], [ -103.2391, 48.0602 ], [ -103.2369, 48.0608 ], [ -103.2349, 48.0619 ], [ -103.2277, 48.0681 ], [ -103.2262, 48.0725 ], [ -103.226, 48.0751 ], [ -103.2272, 48.0779 ], [ -103.2291, 48.0796 ], [ -103.2306, 48.0809 ], [ -103.2358, 48.0835 ], [ -103.2468, 48.0857 ], [ -103.2516, 48.0873 ], [ -103.2537, 48.0892 ], [ -103.2538, 48.0909 ], [ -103.2525, 48.093 ], [ -103.2414, 48.105 ], [ -103.2373, 48.1089 ], [ -103.2273, 48.1166 ], [ -103.2173, 48.125 ], [ -103.2138, 48.1286 ], [ -103.2073, 48.1332 ], [ -103.2019, 48.1352 ], [ -103.1977, 48.1353 ], [ -103.1918, 48.1344 ], [ -103.1848, 48.1342 ], [ -103.1724, 48.1349 ], [ -103.1571, 48.1362 ], [ -103.1453, 48.1384 ], [ -103.1386, 48.1414 ], [ -103.1319, 48.1429 ], [ -103.1255, 48.1429 ], [ -103.1214, 48.1436 ], [ -103.1165, 48.1452 ], [ -103.1071, 48.1465 ], [ -103.1016, 48.1465 ], [ -103.0968, 48.1458 ], [ -103.0933, 48.1445 ], [ -103.0921, 48.1431 ], [ -103.0914, 48.1409 ], [ -103.0913, 48.138 ], [ -103.093, 48.1319 ], [ -103.0931, 48.1277 ], [ -103.0922, 48.1264 ], [ -103.0888, 48.1246 ], [ -103.0861, 48.1247 ], [ -103.085, 48.125 ], [ -103.0809, 48.1268 ], [ -103.0747, 48.1304 ], [ -103.0714, 48.132 ], [ -103.0691, 48.1324 ], [ -103.0607, 48.133 ], [ -103.0441, 48.1351 ], [ -103.0397, 48.1352 ], [ -103.0347, 48.1356 ], [ -103.0275, 48.1355 ], [ -103.0127, 48.1325 ], [ -103.0068, 48.1319 ], [ -103.0038, 48.1323 ], [ -102.9986, 48.1346 ], [ -102.9938, 48.1359 ], [ -102.9876, 48.1367 ], [ -102.9702, 48.1381 ], [ -102.954, 48.1373 ], [ -102.9474, 48.136 ], [ -102.9385, 48.1325 ], [ -102.9319, 48.126 ], [ -102.9315, 48.125 ], [ -102.9287, 48.1236 ], [ -102.9199, 48.1218 ], [ -102.9069, 48.1218 ], [ -102.8997, 48.1233 ], [ -102.897, 48.1242 ], [ -102.8925, 48.1263 ], [ -102.884, 48.1315 ], [ -102.8773, 48.135 ], [ -102.8755, 48.1354 ], [ -102.8746, 48.136 ], [ -102.8668, 48.137 ], [ -102.8649, 48.1369 ], [ -102.8595, 48.1355 ], [ -102.855, 48.1347 ], [ -102.8478, 48.1326 ], [ -102.8401, 48.1298 ], [ -102.8337, 48.1264 ], [ -102.8319, 48.125 ], [ -102.831, 48.1249 ], [ -102.829, 48.1238 ], [ -102.8241, 48.1224 ], [ -102.8065, 48.1189 ], [ -102.8032, 48.1187 ], [ -102.7968, 48.119 ], [ -102.7948, 48.1191 ], [ -102.7905, 48.1201 ], [ -102.7853, 48.1218 ], [ -102.7773, 48.125 ], [ -102.7695, 48.1295 ], [ -102.7663, 48.1304 ], [ -102.7623, 48.13 ], [ -102.7578, 48.1289 ], [ -102.7505, 48.1262 ], [ -102.7485, 48.125 ], [ -102.7448, 48.1239 ], [ -102.7423, 48.1223 ], [ -102.7398, 48.1199 ], [ -102.7376, 48.1166 ], [ -102.7374, 48.1137 ], [ -102.7378, 48.1098 ], [ -102.7388, 48.106 ], [ -102.7398, 48.1035 ], [ -102.7416, 48.1008 ], [ -102.7445, 48.0993 ], [ -102.7505, 48.098 ], [ -102.7573, 48.0957 ], [ -102.7585, 48.0947 ], [ -102.7577, 48.0933 ], [ -102.7548, 48.0921 ], [ -102.7419, 48.0906 ], [ -102.7332, 48.0883 ], [ -102.7241, 48.0878 ], [ -102.7181, 48.0878 ], [ -102.7127, 48.0882 ], [ -102.7037, 48.0879 ], [ -102.6889, 48.0837 ], [ -102.6843, 48.0831 ], [ -102.6772, 48.0827 ], [ -102.6711, 48.0812 ], [ -102.6677, 48.0799 ], [ -102.6635, 48.0767 ], [ -102.6627, 48.0749 ], [ -102.6623, 48.0685 ], [ -102.6637, 48.0588 ], [ -102.6672, 48.0542 ], [ -102.668, 48.0509 ], [ -102.6676, 48.0492 ], [ -102.6663, 48.047 ], [ -102.6617, 48.0429 ], [ -102.6582, 48.0407 ], [ -102.6547, 48.0393 ], [ -102.6503, 48.0383 ], [ -102.6398, 48.0371 ], [ -102.6324, 48.0383 ], [ -102.6255, 48.0408 ], [ -102.6164, 48.0463 ], [ -102.6151, 48.0467 ], [ -102.6127, 48.0471 ], [ -102.6084, 48.0464 ], [ -102.6024, 48.0413 ], [ -102.6004, 48.0391 ], [ -102.5994, 48.0372 ], [ -102.5988, 48.0328 ], [ -102.5987, 48.0266 ], [ -102.5992, 48.0197 ], [ -102.5977, 48.0146 ], [ -102.5939, 48.0116 ], [ -102.5846, 48.0079 ], [ -102.5726, 48.0042 ], [ -102.5617, 48.0016 ], [ -102.5567, 48.0008 ], [ -102.553, 47.9986 ], [ -102.7541, 47.9992 ], [ -102.7848, 47.999 ], [ -102.7846, 47.9775 ], [ -102.7851, 47.9775 ], [ -102.7852, 47.9672 ], [ -102.7849, 47.9631 ], [ -102.7853, 47.8909 ], [ -102.7847, 47.8668 ], [ -102.785, 47.75 ], [ -102.7843, 47.6741 ], [ -102.8564, 47.6744 ], [ -103.027, 47.6742 ], [ -103.0997, 47.6745 ], [ -103.0998, 47.6457 ], [ -103.1101, 47.6455 ], [ -103.113, 47.6466 ], [ -103.1151, 47.6469 ], [ -103.1161, 47.6482 ], [ -103.1183, 47.6478 ], [ -103.1188, 47.6481 ], [ -103.1226, 47.653 ], [ -103.1245, 47.6534 ], [ -103.1252, 47.6539 ], [ -103.1258, 47.6552 ], [ -103.1267, 47.6559 ], [ -103.1271, 47.658 ], [ -103.1268, 47.6586 ], [ -103.128, 47.6588 ], [ -103.1293, 47.6596 ], [ -103.1329, 47.659 ], [ -103.1344, 47.6594 ], [ -103.1365, 47.6588 ], [ -103.1371, 47.6591 ], [ -103.1363, 47.66 ], [ -103.1367, 47.6609 ], [ -103.1367, 47.6638 ], [ -103.1372, 47.6651 ], [ -103.1391, 47.666 ], [ -103.1389, 47.667 ], [ -103.1396, 47.6686 ], [ -103.1393, 47.6691 ], [ -103.1373, 47.6701 ], [ -103.1352, 47.6706 ], [ -103.135, 47.6712 ], [ -103.1357, 47.6722 ], [ -103.1345, 47.6727 ], [ -103.1344, 47.6735 ], [ -103.1331, 47.6753 ], [ -103.1333, 47.6763 ], [ -103.135, 47.6782 ], [ -103.134, 47.68 ], [ -103.1339, 47.6812 ], [ -103.132, 47.6834 ], [ -103.1333, 47.6857 ], [ -103.1333, 47.6886 ], [ -103.1297, 47.6888 ], [ -103.1293, 47.6915 ], [ -103.1266, 47.6918 ], [ -103.123, 47.694 ], [ -103.1192, 47.6946 ], [ -103.1175, 47.6939 ], [ -103.116, 47.6938 ], [ -103.1145, 47.6941 ], [ -103.1135, 47.6949 ], [ -103.1124, 47.6949 ], [ -103.116, 47.7018 ], [ -103.1187, 47.7048 ], [ -103.1244, 47.7043 ], [ -103.1292, 47.7042 ], [ -103.1446, 47.7078 ], [ -103.1492, 47.7096 ], [ -103.1514, 47.7095 ], [ -103.1546, 47.7113 ], [ -103.1549, 47.7119 ], [ -103.1545, 47.7132 ], [ -103.1546, 47.7288 ], [ -103.1537, 47.73 ], [ -103.1506, 47.7314 ], [ -103.1501, 47.7323 ], [ -103.1507, 47.7334 ], [ -103.1526, 47.735 ], [ -103.1547, 47.7377 ], [ -103.1546, 47.7427 ], [ -103.1529, 47.7447 ], [ -103.1542, 47.7491 ], [ -103.1536, 47.7504 ], [ -103.1537, 47.7511 ], [ -103.1549, 47.7518 ], [ -103.1571, 47.7518 ], [ -103.1672, 47.7541 ], [ -103.1875, 47.7612 ], [ -103.2, 47.7652 ], [ -103.211, 47.7669 ], [ -103.2189, 47.7708 ], [ -103.2191, 47.8189 ], [ -103.2872, 47.8191 ], [ -103.2951, 47.8194 ], [ -103.3046, 47.8192 ], [ -103.3046, 47.7979 ], [ -103.3096, 47.7983 ], [ -103.3479, 47.8045 ], [ -103.352, 47.8048 ], [ -103.4414, 47.8047 ], [ -103.5193, 47.8049 ], [ -103.5196, 47.9046 ], [ -103.5196, 47.9152 ], [ -103.5192, 47.9161 ], [ -103.5203, 47.9198 ], [ -103.5199, 47.9212 ], [ -103.5191, 47.9215 ], [ -103.5164, 47.9208 ], [ -103.5133, 47.9211 ], [ -103.5114, 47.9207 ], [ -103.5045, 47.9208 ], [ -103.5038, 47.9225 ], [ -103.502, 47.9243 ], [ -103.5017, 47.9255 ], [ -103.503, 47.9289 ], [ -103.5064, 47.9319 ], [ -103.508, 47.9347 ], [ -103.5113, 47.9387 ], [ -103.5108, 47.9409 ], [ -103.5127, 47.9442 ], [ -103.5143, 47.9454 ], [ -103.5142, 47.9483 ], [ -103.5159, 47.9494 ], [ -103.5191, 47.953 ], [ -103.52, 47.9562 ], [ -103.5222, 47.9585 ], [ -103.5245, 47.962 ], [ -103.5251, 47.9642 ], [ -103.5252, 47.9704 ], [ -103.526, 47.9711 ], [ -103.5292, 47.9714 ], [ -103.5304, 47.9722 ], [ -103.5305, 47.9773 ], [ -103.5314, 47.9783 ], [ -103.5311, 47.9805 ], [ -103.5314, 47.9807 ], [ -103.5322, 47.9804 ], [ -103.5326, 47.9805 ], [ -103.5332, 47.9826 ], [ -103.5347, 47.9849 ], [ -103.5387, 47.99 ], [ -103.5333, 47.9954 ] ] ] } },
{ "type": "Feature", "properties": { "GEOIDFQ": "1400000US38105954100", "NAME": "9541", "NAMELSAD": "Census Tract 9541" }, "geometry": { "type": "Polygon", "coordinates": [ [ [ -103.6691, 48.1422 ], [ -103.6636, 48.1445 ], [ -103.6605, 48.1452 ], [ -103.6501, 48.1452 ], [ -103.6495, 48.1494 ], [ -103.6495, 48.1542 ], [ -103.6066, 48.1543 ], [ -103.6044, 48.1517 ], [ -103.6041, 48.147 ], [ -103.596, 48.147 ], [ -103.5969, 48.1462 ], [ -103.5975, 48.1425 ], [ -103.5955, 48.1404 ], [ -103.5932, 48.1341 ], [ -103.597, 48.1344 ], [ -103.5992, 48.1341 ], [ -103.6039, 48.1321 ], [ -103.6064, 48.1303 ], [ -103.6107, 48.1249 ], [ -103.615, 48.1211 ], [ -103.621, 48.1168 ], [ -103.6255, 48.1143 ], [ -103.6309, 48.1119 ], [ -103.6338, 48.1111 ], [ -103.6387, 48.1109 ], [ -103.6465, 48.112 ], [ -103.6509, 48.1139 ], [ -103.6594, 48.1187 ], [ -103.6633, 48.1201 ], [ -103.6694, 48.1216 ], [ -103.6691, 48.1422 ] ] ] } },
{ "type": "Feature", "properties": { "GEOIDFQ": "1400000US38105953900", "NAME": "9539", "NAMELSAD": "Census Tract 9539" }, "geometry": { "type": "Polygon", "coordinates": [ [ [ -103.605, 48.1688 ], [ -103.5999, 48.1686 ], [ -103.5983, 48.168 ], [ -103.5992, 48.167 ], [ -103.5989, 48.1659 ], [ -103.597, 48.1647 ], [ -103.5967, 48.1619 ], [ -103.5959, 48.1602 ], [ -103.5967, 48.1579 ], [ -103.5968, 48.1547 ], [ -103.5961, 48.1529 ], [ -103.5947, 48.1514 ], [ -103.5946, 48.1502 ], [ -103.596, 48.147 ], [ -103.6041, 48.147 ], [ -103.6044, 48.1517 ], [ -103.6066, 48.1543 ], [ -103.6258, 48.1542 ], [ -103.6258, 48.1687 ], [ -103.605, 48.1688 ] ] ] } },
{ "type": "Feature", "properties": { "GEOIDFQ": "1400000US38105953600", "NAME": "9536", "NAMELSAD": "Census Tract 9536" }, "geometry": { "type": "Polygon", "coordinates": [ [ [ -103.6259, 48.3373 ], [ -103.6253, 48.3387 ], [ -103.6233, 48.3407 ], [ -103.6208, 48.3419 ], [ -103.6178, 48.3425 ], [ -103.5434, 48.3424 ], [ -103.5333, 48.3436 ], [ -103.5303, 48.3434 ], [ -103.5253, 48.3426 ], [ -103.5222, 48.3424 ], [ -103.3371, 48.3426 ], [ -103.1959, 48.3421 ], [ -103.196, 48.3726 ], [ -103.1133, 48.3726 ], [ -103.111, 48.3732 ], [ -103.1064, 48.376 ], [ -103.1035, 48.3768 ], [ -103.1029, 48.3773 ], [ -103.1029, 48.3726 ], [ -103.0874, 48.3725 ], [ -103.0874, 48.3426 ], [ -103.0441, 48.3425 ], [ -103.0334, 48.342 ], [ -102.9572, 48.3419 ], [ -102.9571, 48.3725 ], [ -102.8282, 48.3726 ], [ -102.8282, 48.1713 ], [ -102.828, 48.1682 ], [ -102.8282, 48.125 ], [ -102.8285, 48.1237 ], [ -102.831, 48.1249 ], [ -102.8319, 48.125 ], [ -102.8337, 48.1264 ], [ -102.8401, 48.1298 ], [ -102.8478, 48.1326 ], [ -102.855, 48.1347 ], [ -102.8595, 48.1355 ], [ -102.8649, 48.1369 ], [ -102.8668, 48.137 ], [ -102.8746, 48.136 ], [ -102.8755, 48.1354 ], [ -102.8773, 48.135 ], [ -102.884, 48.1315 ], [ -102.8925, 48.1263 ], [ -102.897, 48.1242 ], [ -102.8997, 48.1233 ], [ -102.9069, 48.1218 ], [ -102.9199, 48.1218 ], [ -102.9287, 48.1236 ], [ -102.9315, 48.125 ], [ -102.9319, 48.126 ], [ -102.9385, 48.1325 ], [ -102.9474, 48.136 ], [ -102.954, 48.1373 ], [ -102.9676, 48.1381 ], [ -102.9729, 48.138 ], [ -102.9812, 48.1371 ], [ -102.9876, 48.1367 ], [ -102.9938, 48.1359 ], [ -102.9986, 48.1346 ], [ -103.0038, 48.1323 ], [ -103.0068, 48.1319 ], [ -103.0127, 48.1325 ], [ -103.0275, 48.1355 ], [ -103.0347, 48.1356 ], [ -103.0397, 48.1352 ], [ -103.0441, 48.1351 ], [ -103.0607, 48.133 ], [ -103.0691, 48.1324 ], [ -103.0714, 48.132 ], [ -103.0747, 48.1304 ], [ -103.0809, 48.1268 ], [ -103.085, 48.125 ], [ -103.0861, 48.1247 ], [ -103.0888, 48.1246 ], [ -103.0922, 48.1264 ], [ -103.0931, 48.1277 ], [ -103.093, 48.1319 ], [ -103.0913, 48.138 ], [ -103.0914, 48.1409 ], [ -103.0921, 48.1431 ], [ -103.0933, 48.1445 ], [ -103.0968, 48.1458 ], [ -103.1016, 48.1465 ], [ -103.1071, 48.1465 ], [ -103.1165, 48.1452 ], [ -103.1214, 48.1436 ], [ -103.1255, 48.1429 ], [ -103.1319, 48.1429 ], [ -103.1386, 48.1414 ], [ -103.1453, 48.1384 ], [ -103.1571, 48.1362 ], [ -103.1724, 48.1349 ], [ -103.1848, 48.1342 ], [ -103.1918, 48.1344 ], [ -103.1977, 48.1353 ], [ -103.2019, 48.1352 ], [ -103.2073, 48.1332 ], [ -103.2138, 48.1286 ], [ -103.2173, 48.125 ], [ -103.2273, 48.1166 ], [ -103.2373, 48.1089 ], [ -103.2414, 48.105 ], [ -103.2525, 48.093 ], [ -103.2536, 48.0912 ], [ -103.2539, 48.0895 ], [ -103.2532, 48.0885 ], [ -103.2516, 48.0873 ], [ -103.2468, 48.0857 ], [ -103.2358, 48.0835 ], [ -103.2306, 48.0809 ], [ -103.2272, 48.0779 ], [ -103.2263, 48.0764 ], [ -103.2262, 48.0725 ], [ -103.2277, 48.0681 ], [ -103.233, 48.0633 ], [ -103.2362, 48.0611 ], [ -103.2391, 48.0602 ], [ -103.244, 48.06 ], [ -103.2493, 48.0605 ], [ -103.2602, 48.0626 ], [ -103.2637, 48.0626 ], [ -103.2678, 48.0621 ], [ -103.2729, 48.061 ], [ -103.2759, 48.0594 ], [ -103.2773, 48.058 ], [ -103.2788, 48.0512 ], [ -103.2813, 48.0458 ], [ -103.2849, 48.0421 ], [ -103.2884, 48.0401 ], [ -103.2913, 48.0394 ], [ -103.2942, 48.0393 ], [ -103.3092, 48.0421 ], [ -103.313, 48.042 ], [ -103.3158, 48.0416 ], [ -103.3228, 48.0399 ], [ -103.3261, 48.0386 ], [ -103.3329, 48.0368 ], [ -103.3414, 48.0339 ], [ -103.3467, 48.0317 ], [ -103.3487, 48.0313 ], [ -103.3555, 48.029 ], [ -103.3751, 48.0252 ], [ -103.3798, 48.0251 ], [ -103.3854, 48.0263 ], [ -103.3964, 48.0278 ], [ -103.4152, 48.0345 ], [ -103.42, 48.0356 ], [ -103.4284, 48.0359 ], [ -103.4312, 48.0355 ], [ -103.4357, 48.0336 ], [ -103.4422, 48.0294 ], [ -103.4473, 48.0273 ], [ -103.4529, 48.0257 ], [ -103.458, 48.0251 ], [ -103.4631, 48.0232 ], [ -103.4665, 48.0208 ], [ -103.4748, 48.0126 ], [ -103.481, 48.0088 ], [ -103.4851, 48.0067 ], [ -103.4884, 48.0058 ], [ -103.494, 48.0052 ], [ -103.4965, 48.0052 ], [ -103.5012, 48.0059 ], [ -103.5043, 48.0075 ], [ -103.51, 48.0116 ], [ -103.5166, 48.0195 ], [ -103.52, 48.0257 ], [ -103.523, 48.0294 ], [ -103.5243, 48.0318 ], [ -103.5255, 48.0333 ], [ -103.528, 48.0351 ], [ -103.5319, 48.0358 ], [ -103.5358, 48.035 ], [ -103.5472, 48.0341 ], [ -103.5571, 48.0342 ], [ -103.5661, 48.035 ], [ -103.5694, 48.0357 ], [ -103.5796, 48.0402 ], [ -103.5821, 48.0415 ], [ -103.5847, 48.0442 ], [ -103.5856, 48.0488 ], [ -103.5853, 48.0525 ], [ -103.5844, 48.0549 ], [ -103.5819, 48.0584 ], [ -103.574, 48.0641 ], [ -103.5592, 48.0719 ], [ -103.5541, 48.0755 ], [ -103.5515, 48.0778 ], [ -103.5485, 48.0819 ], [ -103.5472, 48.0858 ], [ -103.5482, 48.0875 ], [ -103.5495, 48.0878 ], [ -103.5583, 48.0872 ], [ -103.5682, 48.0879 ], [ -103.5794, 48.0908 ], [ -103.5847, 48.0925 ], [ -103.5892, 48.0947 ], [ -103.5932, 48.0977 ], [ -103.5989, 48.1025 ], [ -103.6054, 48.1073 ], [ -103.6077, 48.1094 ], [ -103.6087, 48.1112 ], [ -103.6087, 48.113 ], [ -103.6082, 48.1141 ], [ -103.6065, 48.1154 ], [ -103.6033, 48.117 ], [ -103.595, 48.1195 ], [ -103.5899, 48.1218 ], [ -103.5857, 48.1246 ], [ -103.5856, 48.1267 ], [ -103.5861, 48.1287 ], [ -103.5876, 48.132 ], [ -103.5902, 48.1341 ], [ -103.5932, 48.1341 ], [ -103.5955, 48.1404 ], [ -103.5975, 48.1425 ], [ -103.5969, 48.1462 ], [ -103.5962, 48.1466 ], [ -103.5956, 48.1476 ], [ -103.5946, 48.1502 ], [ -103.5947, 48.1514 ], [ -103.5961, 48.1529 ], [ -103.5968, 48.1547 ], [ -103.5967, 48.1579 ], [ -103.5959, 48.1602 ], [ -103.5967, 48.1619 ], [ -103.5966, 48.1637 ], [ -103.597, 48.1647 ], [ -103.5989, 48.1659 ], [ -103.5992, 48.167 ], [ -103.5957, 48.1699 ], [ -103.5919, 48.1721 ], [ -103.5913, 48.1731 ], [ -103.5915, 48.1747 ], [ -103.594, 48.1747 ], [ -103.5952, 48.1731 ], [ -103.597, 48.1721 ], [ -103.5983, 48.172 ], [ -103.5991, 48.1749 ], [ -103.5976, 48.176 ], [ -103.598, 48.1767 ], [ -103.5993, 48.1773 ], [ -103.6031, 48.1829 ], [ -103.6031, 48.1835 ], [ -103.6023, 48.1841 ], [ -103.6, 48.1844 ], [ -103.5998, 48.1848 ], [ -103.6005, 48.1856 ], [ -103.6007, 48.1866 ], [ -103.6003, 48.1871 ], [ -103.5992, 48.1874 ], [ -103.5984, 48.1873 ], [ -103.5979, 48.1876 ], [ -103.5982, 48.1882 ], [ -103.5995, 48.1886 ], [ -103.6007, 48.1886 ], [ -103.602, 48.1906 ], [ -103.6029, 48.1911 ], [ -103.6041, 48.1913 ], [ -103.6043, 48.1916 ], [ -103.6041, 48.1923 ], [ -103.6035, 48.1924 ], [ -103.6012, 48.1915 ], [ -103.6, 48.1915 ], [ -103.5995, 48.1925 ], [ -103.5999, 48.1932 ], [ -103.6008, 48.1938 ], [ -103.6029, 48.1946 ], [ -103.6038, 48.1976 ], [ -103.6037, 48.2002 ], [ -103.6031, 48.2007 ], [ -103.6038, 48.2011 ], [ -103.6037, 48.2046 ], [ -103.6023, 48.2052 ], [ -103.6001, 48.2049 ], [ -103.5994, 48.2053 ], [ -103.5994, 48.2059 ], [ -103.5999, 48.2063 ], [ -103.6013, 48.2062 ], [ -103.6015, 48.2066 ], [ -103.6009, 48.2072 ], [ -103.6032, 48.2081 ], [ -103.6037, 48.2086 ], [ -103.6025, 48.2137 ], [ -103.6041, 48.2155 ], [ -103.604, 48.2424 ], [ -103.6067, 48.2441 ], [ -103.6086, 48.2447 ], [ -103.6258, 48.2447 ], [ -103.6259, 48.3373 ] ] ] } },
{ "type": "Feature", "properties": { "GEOIDFQ": "1400000US38103959800", "NAME": "9598", "NAMELSAD": "Census Tract 9598" }, "geometry": { "type": "Polygon", "coordinates": [ [ [ -99.9447, 47.7753 ], [ -99.9408, 47.7739 ], [ -99.9408, 47.7967 ], [ -99.9375, 47.7961 ], [ -99.9355, 47.7952 ], [ -99.9295, 47.7934 ], [ -99.9285, 47.7934 ], [ -99.9267, 47.794 ], [ -99.9198, 47.7926 ], [ -99.9197, 47.7749 ], [ -99.8981, 47.7749 ], [ -99.8981, 47.7459 ], [ -99.9224, 47.746 ], [ -99.9257, 47.7466 ], [ -99.9291, 47.7481 ], [ -99.9313, 47.7499 ], [ -99.9431, 47.7637 ], [ -99.9441, 47.7663 ], [ -99.9442, 47.7717 ], [ -99.9461, 47.7752 ], [ -99.9447, 47.7753 ] ] ] } },
{ "type": "Feature", "properties": { "GEOIDFQ": "1400000US38081974000", "NAME": "9740", "NAMELSAD": "Census Tract 9740" }, "geometry": { "type": "Polygon", "coordinates": [ [ [ -98.0067, 46.2826 ], [ -97.9093, 46.2823 ], [ -97.4888, 46.2824 ], [ -97.4886, 46.2541 ], [ -97.5071, 46.2543 ], [ -97.5081, 46.1529 ], [ -97.5288, 46.1529 ], [ -97.5287, 46.1675 ], [ -97.5496, 46.1673 ], [ -97.5498, 46.1528 ], [ -97.6748, 46.1532 ], [ -97.675, 46.0808 ], [ -97.7993, 46.0808 ], [ -97.7993, 46.0663 ], [ -97.8202, 46.0664 ], [ -97.8202, 46.0808 ], [ -97.9043, 46.0806 ], [ -97.904, 46.1098 ], [ -98.0074, 46.1096 ], [ -98.0067, 46.2826 ] ] ] } },
{ "type": "Feature", "properties": { "GEOIDFQ": "1400000US38101010500", "NAME": "105", "NAMELSAD": "Census Tract 105" }, "geometry": { "type": "Polygon", "coordinates": [ [ [ -101.3401, 48.2319 ], [ -101.3064, 48.2342 ], [ -101.3023, 48.2348 ], [ -101.3014, 48.2338 ], [ -101.3014, 48.2255 ], [ -101.296, 48.2255 ], [ -101.2959, 48.2077 ], [ -101.3012, 48.208 ], [ -101.3225, 48.2117 ], [ -101.3258, 48.2131 ], [ -101.3393, 48.2213 ], [ -101.3414, 48.2221 ], [ -101.3432, 48.2223 ], [ -101.3401, 48.2319 ] ] ] } },
{ "type": "Feature", "properties": { "GEOIDFQ": "1400000US38101010100", "NAME": "101", "NAMELSAD": "Census Tract 101" }, "geometry": { "type": "Polygon", "coordinates": [ [ [ -101.3007, 48.2355 ], [ -101.2998, 48.2363 ], [ -101.296, 48.2375 ], [ -101.296, 48.2382 ], [ -101.2941, 48.2397 ], [ -101.2935, 48.2398 ], [ -101.2883, 48.2401 ], [ -101.2872, 48.2388 ], [ -101.286, 48.2384 ], [ -101.2851, 48.2373 ], [ -101.2817, 48.2375 ], [ -101.2819, 48.2362 ], [ -101.2847, 48.2361 ], [ -101.2856, 48.2354 ], [ -101.2856, 48.2348 ], [ -101.2846, 48.2342 ], [ -101.2796, 48.2329 ], [ -101.2796, 48.2326 ], [ -101.285, 48.2327 ], [ -101.283, 48.2315 ], [ -101.2786, 48.2299 ], [ -101.2794, 48.2288 ], [ -101.2798, 48.2255 ], [ -101.3014, 48.2255 ], [ -101.3014, 48.2338 ], [ -101.3023, 48.2348 ], [ -101.3007, 48.2355 ] ] ] } },
{ "type": "Feature", "properties": { "GEOIDFQ": "1400000US38101011000", "NAME": "110", "NAMELSAD": "Census Tract 110" }, "geometry": { "type": "Polygon", "coordinates": [ [ [ -102.2336, 48.7203 ], [ -102.1525, 48.7203 ], [ -102.1522, 48.8072 ], [ -102.0216, 48.8071 ], [ -102.0214, 48.7203 ], [ -101.8422, 48.7201 ], [ -101.8429, 48.5916 ], [ -101.8428, 48.4594 ], [ -101.5915, 48.4592 ], [ -101.5911, 48.4581 ], [ -101.5898, 48.4568 ], [ -101.586, 48.4574 ], [ -101.5856, 48.4566 ], [ -101.5848, 48.4562 ], [ -101.58, 48.4557 ], [ -101.5788, 48.455 ], [ -101.5784, 48.4539 ], [ -101.5796, 48.452 ], [ -101.5804, 48.4496 ], [ -101.5796, 48.4489 ], [ -101.5777, 48.4485 ], [ -101.5756, 48.4492 ], [ -101.5727, 48.4491 ], [ -101.5719, 48.4502 ], [ -101.5708, 48.4505 ], [ -101.5703, 48.4504 ], [ -101.5702, 48.448 ], [ -101.5691, 48.4471 ], [ -101.5678, 48.4469 ], [ -101.5662, 48.4476 ], [ -101.5656, 48.4487 ], [ -101.5651, 48.449 ], [ -101.5643, 48.449 ], [ -101.5594, 48.447 ], [ -101.5568, 48.4466 ], [ -101.555, 48.4458 ], [ -101.5544, 48.4447 ], [ -101.5527, 48.4432 ], [ -101.5522, 48.4419 ], [ -101.5514, 48.4414 ], [ -101.5502, 48.4415 ], [ -101.5492, 48.4423 ], [ -101.5486, 48.4437 ], [ -101.5473, 48.444 ], [ -101.5468, 48.4433 ], [ -101.5471, 48.4388 ], [ -101.5464, 48.4378 ], [ -101.5447, 48.4371 ], [ -101.5418, 48.4369 ], [ -101.5414, 48.4364 ], [ -101.5418, 48.4353 ], [ -101.5437, 48.4331 ], [ -101.5426, 48.4318 ], [ -101.5402, 48.4314 ], [ -101.5396, 48.4315 ], [ -101.5379, 48.4328 ], [ -101.5366, 48.4326 ], [ -101.5364, 48.4323 ], [ -101.5375, 48.4303 ], [ -101.537, 48.429 ], [ -101.5361, 48.4287 ], [ -101.5334, 48.4304 ], [ -101.5325, 48.4321 ], [ -101.5312, 48.4323 ], [ -101.5305, 48.4318 ], [ -101.5309, 48.4281 ], [ -101.5307, 48.4276 ], [ -101.5301, 48.4274 ], [ -101.5285, 48.428 ], [ -101.527, 48.4301 ], [ -101.5255, 48.43 ], [ -101.5254, 48.4285 ], [ -101.5274, 48.4253 ], [ -101.5286, 48.4251 ], [ -101.5298, 48.4255 ], [ -101.5304, 48.4252 ], [ -101.5293, 48.4235 ], [ -101.5305, 48.4231 ], [ -101.5329, 48.4236 ], [ -101.5335, 48.4235 ], [ -101.5333, 48.4229 ], [ -101.5316, 48.4214 ], [ -101.5305, 48.4208 ], [ -101.5272, 48.4213 ], [ -101.5245, 48.4234 ], [ -101.5229, 48.424 ], [ -101.5219, 48.4223 ], [ -101.5224, 48.4217 ], [ -101.5241, 48.4212 ], [ -101.5251, 48.418 ], [ -101.524, 48.4178 ], [ -101.5215, 48.4184 ], [ -101.5198, 48.4192 ], [ -101.5192, 48.4191 ], [ -101.5199, 48.416 ], [ -101.5203, 48.4157 ], [ -101.5235, 48.4153 ], [ -101.5237, 48.415 ], [ -101.5223, 48.4137 ], [ -101.523, 48.4119 ], [ -101.5236, 48.4113 ], [ -101.5266, 48.4111 ], [ -101.527, 48.4106 ], [ -101.527, 48.4102 ], [ -101.5256, 48.4095 ], [ -101.5233, 48.4095 ], [ -101.5225, 48.4093 ], [ -101.5223, 48.4084 ], [ -101.5232, 48.4081 ], [ -101.5267, 48.4079 ], [ -101.5289, 48.4073 ], [ -101.5283, 48.4052 ], [ -101.5286, 48.403 ], [ -101.526, 48.3995 ], [ -101.5224, 48.3992 ], [ -101.5215, 48.3988 ], [ -101.5195, 48.3948 ], [ -101.52, 48.3899 ], [ -101.5191, 48.3866 ], [ -101.5156, 48.3862 ], [ -101.5136, 48.3844 ], [ -101.5129, 48.3843 ], [ -101.5103, 48.3855 ], [ -101.5091, 48.3848 ], [ -101.5091, 48.3821 ], [ -101.5095, 48.3816 ], [ -101.5121, 48.3805 ], [ -101.512, 48.3798 ], [ -101.5087, 48.3796 ], [ -101.5061, 48.3804 ], [ -101.505, 48.3802 ], [ -101.5052, 48.3781 ], [ -101.5066, 48.3758 ], [ -101.5072, 48.3755 ], [ -101.5095, 48.3754 ], [ -101.5131, 48.3773 ], [ -101.5143, 48.3769 ], [ -101.5146, 48.3764 ], [ -101.5141, 48.3745 ], [ -101.5125, 48.3726 ], [ -101.5117, 48.3722 ], [ -101.5101, 48.3722 ], [ -101.5092, 48.3733 ], [ -101.5077, 48.3741 ], [ -101.5059, 48.3745 ], [ -101.5052, 48.3741 ], [ -101.5053, 48.3732 ], [ -101.5076, 48.3705 ], [ -101.5074, 48.3698 ], [ -101.5051, 48.3696 ], [ -101.5047, 48.3692 ], [ -101.5073, 48.367 ], [ -101.5071, 48.3657 ], [ -101.5022, 48.3629 ], [ -101.5016, 48.3628 ], [ -101.4996, 48.3641 ], [ -101.4987, 48.3641 ], [ -101.4988, 48.3633 ], [ -101.5004, 48.3627 ], [ -101.5008, 48.3619 ], [ -101.4985, 48.3607 ], [ -101.4963, 48.3606 ], [ -101.4956, 48.3603 ], [ -101.4939, 48.3592 ], [ -101.493, 48.3574 ], [ -101.4924, 48.3571 ], [ -101.4914, 48.3569 ], [ -101.4902, 48.3573 ], [ -101.4894, 48.3592 ], [ -101.4881, 48.3598 ], [ -101.4872, 48.3596 ], [ -101.486, 48.3574 ], [ -101.4854, 48.3571 ], [ -101.4828, 48.3569 ], [ -101.4819, 48.3565 ], [ -101.4828, 48.3552 ], [ -101.4825, 48.3543 ], [ -101.4814, 48.3538 ], [ -101.4795, 48.3537 ], [ -101.4787, 48.3532 ], [ -101.4786, 48.3522 ], [ -101.4792, 48.3503 ], [ -101.4783, 48.3496 ], [ -101.4777, 48.3495 ], [ -101.4765, 48.3504 ], [ -101.4755, 48.3505 ], [ -101.4752, 48.3502 ], [ -101.4756, 48.3485 ], [ -101.4747, 48.3483 ], [ -101.474, 48.3489 ], [ -101.4732, 48.3506 ], [ -101.4724, 48.3509 ], [ -101.4717, 48.3506 ], [ -101.4717, 48.3496 ], [ -101.473, 48.3471 ], [ -101.4736, 48.3466 ], [ -101.4748, 48.3464 ], [ -101.4748, 48.3461 ], [ -101.473, 48.3459 ], [ -101.469, 48.3464 ], [ -101.4635, 48.3451 ], [ -101.4619, 48.3438 ], [ -101.4624, 48.3409 ], [ -101.4633, 48.3406 ], [ -101.465, 48.3405 ], [ -101.468, 48.3413 ], [ -101.4689, 48.3408 ], [ -101.4688, 48.3401 ], [ -101.4678, 48.3391 ], [ -101.467, 48.3389 ], [ -101.4661, 48.339 ], [ -101.4656, 48.3397 ], [ -101.4637, 48.3399 ], [ -101.4612, 48.339 ], [ -101.4596, 48.337 ], [ -101.4572, 48.3358 ], [ -101.4576, 48.335 ], [ -101.4598, 48.3338 ], [ -101.46, 48.3332 ], [ -101.4597, 48.3329 ], [ -101.458, 48.333 ], [ -101.4554, 48.3324 ], [ -101.4555, 48.3318 ], [ -101.4564, 48.331 ], [ -101.4562, 48.3303 ], [ -101.4526, 48.3296 ], [ -101.4516, 48.3298 ], [ -101.4508, 48.3321 ], [ -101.4515, 48.3335 ], [ -101.4505, 48.3338 ], [ -101.4498, 48.3335 ], [ -101.4491, 48.3327 ], [ -101.4487, 48.3315 ], [ -101.45, 48.3294 ], [ -101.4512, 48.3283 ], [ -101.4535, 48.3283 ], [ -101.4542, 48.3281 ], [ -101.4545, 48.3276 ], [ -101.4541, 48.3269 ], [ -101.4502, 48.3259 ], [ -101.4486, 48.3264 ], [ -101.448, 48.3263 ], [ -101.4477, 48.3258 ], [ -101.449, 48.3245 ], [ -101.449, 48.3239 ], [ -101.4486, 48.3236 ], [ -101.4474, 48.3235 ], [ -101.4455, 48.3246 ], [ -101.4442, 48.3256 ], [ -101.4439, 48.3271 ], [ -101.4435, 48.3274 ], [ -101.4424, 48.3271 ], [ -101.4412, 48.324 ], [ -101.4403, 48.3242 ], [ -101.4395, 48.3255 ], [ -101.4384, 48.3255 ], [ -101.4374, 48.3243 ], [ -101.4375, 48.3229 ], [ -101.4381, 48.322 ], [ -101.4411, 48.3201 ], [ -101.4421, 48.32 ], [ -101.444, 48.3208 ], [ -101.4447, 48.3205 ], [ -101.4447, 48.3199 ], [ -101.444, 48.3193 ], [ -101.4383, 48.3188 ], [ -101.438, 48.318 ], [ -101.4385, 48.3174 ], [ -101.4405, 48.3163 ], [ -101.4405, 48.3156 ], [ -101.439, 48.3147 ], [ -101.4375, 48.3145 ], [ -101.4352, 48.3157 ], [ -101.4346, 48.3159 ], [ -101.4341, 48.3157 ], [ -101.4345, 48.3145 ], [ -101.4356, 48.3138 ], [ -101.439, 48.314 ], [ -101.4389, 48.3136 ], [ -101.4372, 48.3128 ], [ -101.4353, 48.3125 ], [ -101.4565, 48.3125 ], [ -101.4577, 48.312 ], [ -101.4589, 48.3125 ], [ -101.4935, 48.3125 ], [ -101.4985, 48.3127 ], [ -101.5009, 48.3118 ], [ -101.5041, 48.3111 ], [ -101.5169, 48.3098 ], [ -101.5172, 48.3091 ], [ -101.52, 48.3083 ], [ -101.5203, 48.3078 ], [ -101.5297, 48.3093 ], [ -101.5406, 48.3121 ], [ -101.5462, 48.3126 ], [ -101.6424, 48.3129 ], [ -101.7164, 48.3128 ], [ -101.7186, 48.3132 ], [ -101.7212, 48.3142 ], [ -101.7394, 48.3262 ], [ -101.7411, 48.3269 ], [ -101.7442, 48.3274 ], [ -101.8075, 48.3271 ], [ -101.8199, 48.3284 ], [ -101.8292, 48.3274 ], [ -101.922, 48.3272 ], [ -101.9222, 48.3723 ], [ -101.9735, 48.3723 ], [ -101.9733, 48.5465 ], [ -102.2339, 48.5463 ], [ -102.2341, 48.6209 ], [ -102.2336, 48.7203 ] ] ] } },
{ "type": "Feature", "properties": { "GEOIDFQ": "1400000US38101011200", "NAME": "112", "NAMELSAD": "Census Tract 112" }, "geometry": { "type": "Polygon", "coordinates": [ [ [ -101.2963, 48.1892 ], [ -101.2946, 48.1889 ], [ -101.2937, 48.1883 ], [ -101.2923, 48.1889 ], [ -101.2893, 48.1884 ], [ -101.288, 48.1887 ], [ -101.2864, 48.1906 ], [ -101.2867, 48.1915 ], [ -101.2877, 48.1917 ], [ -101.2863, 48.1925 ], [ -101.2867, 48.1937 ], [ -101.2853, 48.1941 ], [ -101.285, 48.1939 ], [ -101.2844, 48.1939 ], [ -101.2835, 48.1948 ], [ -101.2826, 48.195 ], [ -101.2802, 48.1942 ], [ -101.2782, 48.1947 ], [ -101.2768, 48.1945 ], [ -101.2758, 48.1936 ], [ -101.2746, 48.1935 ], [ -101.2746, 48.1931 ], [ -101.2751, 48.1927 ], [ -101.2743, 48.1922 ], [ -101.2719, 48.1926 ], [ -101.2705, 48.1924 ], [ -101.2691, 48.1915 ], [ -101.2695, 48.1904 ], [ -101.2693, 48.19 ], [ -101.2676, 48.19 ], [ -101.2661, 48.1903 ], [ -101.2659, 48.1906 ], [ -101.2663, 48.191 ], [ -101.2644, 48.1914 ], [ -101.2628, 48.1924 ], [ -101.2604, 48.1923 ], [ -101.26, 48.193 ], [ -101.2608, 48.1947 ], [ -101.2601, 48.1951 ], [ -101.2591, 48.1952 ], [ -101.2582, 48.196 ], [ -101.2566, 48.1962 ], [ -101.2567, 48.1969 ], [ -101.2558, 48.1976 ], [ -101.2561, 48.1983 ], [ -101.255, 48.1983 ], [ -101.2545, 48.1992 ], [ -101.2537, 48.1992 ], [ -101.253, 48.2 ], [ -101.2522, 48.1997 ], [ -101.253, 48.199 ], [ -101.2529, 48.1984 ], [ -101.2522, 48.1982 ], [ -101.2507, 48.1988 ], [ -101.25, 48.1987 ], [ -101.2499, 48.1975 ], [ -101.2491, 48.197 ], [ -101.2491, 48.1965 ], [ -101.2498, 48.1958 ], [ -101.2497, 48.1952 ], [ -101.2487, 48.1951 ], [ -101.2461, 48.196 ], [ -101.2454, 48.1946 ], [ -101.2441, 48.1954 ], [ -101.2426, 48.1956 ], [ -101.2424, 48.1969 ], [ -101.2401, 48.1972 ], [ -101.2397, 48.1973 ], [ -101.2395, 48.198 ], [ -101.2384, 48.1969 ], [ -101.238, 48.1968 ], [ -101.2376, 48.197 ], [ -101.2373, 48.1979 ], [ -101.2366, 48.1975 ], [ -101.2366, 48.1967 ], [ -101.2361, 48.1962 ], [ -101.234, 48.1962 ], [ -101.2327, 48.1966 ], [ -101.2325, 48.1964 ], [ -101.2333, 48.1954 ], [ -101.2322, 48.1944 ], [ -101.2313, 48.1965 ], [ -101.2285, 48.1972 ], [ -101.2282, 48.1978 ], [ -101.2286, 48.1981 ], [ -101.2312, 48.1978 ], [ -101.2328, 48.1988 ], [ -101.231, 48.1991 ], [ -101.2296, 48.1998 ], [ -101.2248, 48.1965 ], [ -101.2163, 48.1964 ], [ -101.2097, 48.1966 ], [ -101.2094, 48.2292 ], [ -101.1395, 48.2294 ], [ -101.1373, 48.2298 ], [ -101.1355, 48.2307 ], [ -101.1246, 48.2378 ], [ -101.1227, 48.2386 ], [ -101.12, 48.2391 ], [ -101.1066, 48.24 ], [ -101.0144, 48.24 ], [ -101.015, 48.0227 ], [ -100.9705, 48.0228 ], [ -100.9709, 47.9351 ], [ -100.9707, 47.9343 ], [ -100.9713, 47.8772 ], [ -100.971, 47.8749 ], [ -100.9712, 47.8487 ], [ -101.0004, 47.8484 ], [ -101.0031, 47.8482 ], [ -101.1238, 47.8486 ], [ -101.2362, 47.8482 ], [ -101.2929, 47.8483 ], [ -101.2929, 47.8937 ], [ -101.2922, 47.8978 ], [ -101.2939, 47.9058 ], [ -101.2948, 47.9126 ], [ -101.2943, 47.9145 ], [ -101.2919, 47.9191 ], [ -101.2912, 47.9214 ], [ -101.2915, 47.9234 ], [ -101.2936, 47.9278 ], [ -101.2938, 47.9294 ], [ -101.2929, 47.938 ], [ -101.2929, 47.965 ], [ -101.2933, 47.9725 ], [ -101.293, 47.9745 ], [ -101.2912, 47.979 ], [ -101.2911, 47.996 ], [ -101.2898, 48.003 ], [ -101.2902, 48.0052 ], [ -101.2926, 48.0112 ], [ -101.293, 48.0217 ], [ -101.2953, 48.0272 ], [ -101.2956, 48.0293 ], [ -101.2957, 48.1474 ], [ -101.2953, 48.1637 ], [ -101.2954, 48.1796 ], [ -101.2965, 48.1878 ], [ -101.2963, 48.1892 ] ] ] } },
{ "type": "Feature", "properties": { "GEOIDFQ": "1400000US38101010302", "NAME": "103.02", "NAMELSAD": "Census Tract 103.02" }, "geometry": { "type": "Polygon", "coordinates": [ [ [ -101.3386, 48.2544 ], [ -101.3366, 48.2584 ], [ -101.3133, 48.2586 ], [ -101.3122, 48.2585 ], [ -101.3122, 48.2544 ], [ -101.3114, 48.2537 ], [ -101.308, 48.2534 ], [ -101.3059, 48.2527 ], [ -101.3055, 48.2512 ], [ -101.3055, 48.2472 ], [ -101.3177, 48.2473 ], [ -101.3177, 48.2401 ], [ -101.3377, 48.2401 ], [ -101.3392, 48.2507 ], [ -101.3386, 48.2544 ] ] ] } },
{ "type": "Feature", "properties": { "GEOIDFQ": "1400000US38101010800", "NAME": "108", "NAMELSAD": "Census Tract 108" }, "geometry": { "type": "Polygon", "coordinates": [ [ [ -101.5913, 48.4592 ], [ -101.59, 48.4592 ], [ -101.0598, 48.4584 ], [ -101.0599, 48.3715 ], [ -101.0142, 48.3714 ], [ -101.014, 48.3121 ], [ -101.0144, 48.24 ], [ -101.1066, 48.24 ], [ -101.12, 48.2391 ], [ -101.1227, 48.2386 ], [ -101.1246, 48.2378 ], [ -101.1355, 48.2307 ], [ -101.1373, 48.2298 ], [ -101.1395, 48.2294 ], [ -101.2094, 48.2292 ], [ -101.2094, 48.2401 ], [ -101.2528, 48.24 ], [ -101.2528, 48.2835 ], [ -101.3098, 48.2833 ], [ -101.3124, 48.2831 ], [ -101.3148, 48.2824 ], [ -101.3173, 48.2812 ], [ -101.3187, 48.2801 ], [ -101.3351, 48.2604 ], [ -101.3375, 48.2569 ], [ -101.3387, 48.2539 ], [ -101.3392, 48.2504 ], [ -101.3378, 48.242 ], [ -101.3378, 48.2397 ], [ -101.3405, 48.2306 ], [ -101.3425, 48.231 ], [ -101.3447, 48.2301 ], [ -101.3466, 48.2303 ], [ -101.3469, 48.2297 ], [ -101.3448, 48.2283 ], [ -101.3477, 48.2277 ], [ -101.3486, 48.2277 ], [ -101.3506, 48.2286 ], [ -101.3527, 48.229 ], [ -101.3531, 48.2294 ], [ -101.352, 48.2299 ], [ -101.3519, 48.2306 ], [ -101.3521, 48.2314 ], [ -101.3527, 48.232 ], [ -101.3538, 48.2322 ], [ -101.3549, 48.2319 ], [ -101.3553, 48.2308 ], [ -101.3559, 48.2305 ], [ -101.3578, 48.2321 ], [ -101.3581, 48.2344 ], [ -101.3575, 48.2346 ], [ -101.3565, 48.234 ], [ -101.3557, 48.234 ], [ -101.355, 48.2348 ], [ -101.3553, 48.2352 ], [ -101.3566, 48.2351 ], [ -101.3572, 48.2354 ], [ -101.3576, 48.2373 ], [ -101.359, 48.237 ], [ -101.3604, 48.2357 ], [ -101.3624, 48.236 ], [ -101.3615, 48.2368 ], [ -101.3616, 48.2372 ], [ -101.3624, 48.2374 ], [ -101.3624, 48.2378 ], [ -101.361, 48.2394 ], [ -101.36, 48.2399 ], [ -101.3602, 48.2408 ], [ -101.3614, 48.2408 ], [ -101.3632, 48.24 ], [ -101.3659, 48.2393 ], [ -101.3686, 48.2397 ], [ -101.3682, 48.2404 ], [ -101.3688, 48.2442 ], [ -101.3703, 48.2458 ], [ -101.3714, 48.246 ], [ -101.3736, 48.2454 ], [ -101.3742, 48.2447 ], [ -101.3742, 48.2435 ], [ -101.3748, 48.2432 ], [ -101.377, 48.2435 ], [ -101.3785, 48.2446 ], [ -101.3787, 48.2452 ], [ -101.3807, 48.2452 ], [ -101.3799, 48.2428 ], [ -101.3803, 48.2425 ], [ -101.382, 48.2431 ], [ -101.3828, 48.243 ], [ -101.3824, 48.2417 ], [ -101.3829, 48.2409 ], [ -101.3862, 48.2419 ], [ -101.3877, 48.2428 ], [ -101.3881, 48.2438 ], [ -101.3871, 48.2452 ], [ -101.3848, 48.2458 ], [ -101.3844, 48.2466 ], [ -101.3854, 48.247 ], [ -101.3874, 48.247 ], [ -101.3882, 48.2461 ], [ -101.3903, 48.2457 ], [ -101.3915, 48.2475 ], [ -101.3913, 48.2481 ], [ -101.3906, 48.2483 ], [ -101.3888, 48.2476 ], [ -101.3877, 48.2479 ], [ -101.3868, 48.2487 ], [ -101.3871, 48.2492 ], [ -101.3896, 48.2494 ], [ -101.3899, 48.2503 ], [ -101.3908, 48.2504 ], [ -101.3918, 48.25 ], [ -101.3929, 48.2491 ], [ -101.3963, 48.2482 ], [ -101.3972, 48.2483 ], [ -101.3978, 48.2495 ], [ -101.3975, 48.2505 ], [ -101.3993, 48.2503 ], [ -101.3997, 48.2505 ], [ -101.3999, 48.2524 ], [ -101.3985, 48.2537 ], [ -101.4002, 48.2544 ], [ -101.4002, 48.2558 ], [ -101.4007, 48.2562 ], [ -101.4048, 48.2563 ], [ -101.4056, 48.2577 ], [ -101.4052, 48.2584 ], [ -101.4041, 48.2588 ], [ -101.4023, 48.2585 ], [ -101.4014, 48.2589 ], [ -101.4013, 48.2595 ], [ -101.4023, 48.2601 ], [ -101.4043, 48.26 ], [ -101.4078, 48.2608 ], [ -101.4079, 48.262 ], [ -101.4085, 48.2623 ], [ -101.4109, 48.2617 ], [ -101.411, 48.2622 ], [ -101.4103, 48.263 ], [ -101.4108, 48.2637 ], [ -101.4119, 48.2643 ], [ -101.4129, 48.2637 ], [ -101.4139, 48.264 ], [ -101.4137, 48.2651 ], [ -101.4123, 48.267 ], [ -101.4108, 48.2677 ], [ -101.4108, 48.2683 ], [ -101.4117, 48.2698 ], [ -101.4133, 48.2704 ], [ -101.4145, 48.2722 ], [ -101.4152, 48.2722 ], [ -101.4161, 48.2714 ], [ -101.4172, 48.2714 ], [ -101.4173, 48.2717 ], [ -101.4153, 48.2756 ], [ -101.4175, 48.2777 ], [ -101.4172, 48.2785 ], [ -101.418, 48.2788 ], [ -101.4186, 48.2798 ], [ -101.4178, 48.28 ], [ -101.4164, 48.2796 ], [ -101.4159, 48.2822 ], [ -101.4179, 48.2839 ], [ -101.4188, 48.2839 ], [ -101.4201, 48.2832 ], [ -101.4223, 48.2842 ], [ -101.4234, 48.2844 ], [ -101.4236, 48.2848 ], [ -101.4236, 48.2865 ], [ -101.423, 48.287 ], [ -101.4219, 48.2872 ], [ -101.4216, 48.2868 ], [ -101.4224, 48.2853 ], [ -101.422, 48.2846 ], [ -101.4207, 48.2847 ], [ -101.4161, 48.2863 ], [ -101.4149, 48.2875 ], [ -101.4152, 48.2878 ], [ -101.4168, 48.2869 ], [ -101.4179, 48.287 ], [ -101.418, 48.2874 ], [ -101.4163, 48.2881 ], [ -101.4166, 48.2894 ], [ -101.4182, 48.2881 ], [ -101.4195, 48.2886 ], [ -101.4195, 48.2893 ], [ -101.4184, 48.2898 ], [ -101.4181, 48.2906 ], [ -101.4197, 48.2935 ], [ -101.4204, 48.2936 ], [ -101.4212, 48.2931 ], [ -101.4217, 48.2934 ], [ -101.4222, 48.296 ], [ -101.4243, 48.2947 ], [ -101.4261, 48.2952 ], [ -101.4258, 48.2962 ], [ -101.4238, 48.2965 ], [ -101.4209, 48.2981 ], [ -101.4209, 48.2986 ], [ -101.4214, 48.299 ], [ -101.4224, 48.299 ], [ -101.4258, 48.2979 ], [ -101.4269, 48.298 ], [ -101.4278, 48.2988 ], [ -101.4278, 48.2996 ], [ -101.4272, 48.3 ], [ -101.425, 48.2994 ], [ -101.4238, 48.2997 ], [ -101.4236, 48.3006 ], [ -101.425, 48.3009 ], [ -101.4249, 48.3014 ], [ -101.4237, 48.3019 ], [ -101.4237, 48.3036 ], [ -101.4243, 48.3039 ], [ -101.4248, 48.3038 ], [ -101.4258, 48.3021 ], [ -101.4264, 48.3018 ], [ -101.4285, 48.3018 ], [ -101.4289, 48.3021 ], [ -101.4286, 48.3029 ], [ -101.4262, 48.3029 ], [ -101.4269, 48.3059 ], [ -101.4282, 48.3059 ], [ -101.4296, 48.3046 ], [ -101.4302, 48.3046 ], [ -101.432, 48.3063 ], [ -101.4318, 48.3073 ], [ -101.4288, 48.308 ], [ -101.4265, 48.3081 ], [ -101.4269, 48.3102 ], [ -101.4264, 48.311 ], [ -101.4268, 48.3113 ], [ -101.4275, 48.3112 ], [ -101.4306, 48.3088 ], [ -101.4332, 48.3092 ], [ -101.4338, 48.3101 ], [ -101.4323, 48.3106 ], [ -101.4305, 48.3117 ], [ -101.4301, 48.3124 ], [ -101.4304, 48.3136 ], [ -101.433, 48.3147 ], [ -101.434, 48.3141 ], [ -101.4341, 48.3126 ], [ -101.4363, 48.3126 ], [ -101.4384, 48.3134 ], [ -101.439, 48.314 ], [ -101.4369, 48.3137 ], [ -101.435, 48.314 ], [ -101.4342, 48.315 ], [ -101.4341, 48.3157 ], [ -101.4346, 48.3159 ], [ -101.4352, 48.3157 ], [ -101.4375, 48.3145 ], [ -101.439, 48.3147 ], [ -101.4405, 48.3156 ], [ -101.4405, 48.3163 ], [ -101.4385, 48.3174 ], [ -101.438, 48.318 ], [ -101.4383, 48.3188 ], [ -101.444, 48.3193 ], [ -101.4447, 48.3199 ], [ -101.4447, 48.3205 ], [ -101.444, 48.3208 ], [ -101.4421, 48.32 ], [ -101.4411, 48.3201 ], [ -101.4381, 48.322 ], [ -101.4375, 48.3229 ], [ -101.4374, 48.3243 ], [ -101.4384, 48.3255 ], [ -101.4395, 48.3255 ], [ -101.4403, 48.3242 ], [ -101.4412, 48.324 ], [ -101.4424, 48.3271 ], [ -101.4435, 48.3274 ], [ -101.4439, 48.3271 ], [ -101.4442, 48.3256 ], [ -101.4466, 48.3239 ], [ -101.4478, 48.3235 ], [ -101.449, 48.3239 ], [ -101.449, 48.3245 ], [ -101.4477, 48.3258 ], [ -101.448, 48.3263 ], [ -101.4486, 48.3264 ], [ -101.4502, 48.3259 ], [ -101.4541, 48.3269 ], [ -101.4545, 48.3276 ], [ -101.4542, 48.3281 ], [ -101.4512, 48.3283 ], [ -101.4503, 48.329 ], [ -101.4488, 48.3313 ], [ -101.4491, 48.3327 ], [ -101.4502, 48.3337 ], [ -101.4514, 48.3336 ], [ -101.4509, 48.3316 ], [ -101.4513, 48.3303 ], [ -101.452, 48.3297 ], [ -101.4562, 48.3303 ], [ -101.4564, 48.331 ], [ -101.4555, 48.3318 ], [ -101.4554, 48.3324 ], [ -101.458, 48.333 ], [ -101.4597, 48.3329 ], [ -101.46, 48.3332 ], [ -101.4598, 48.3338 ], [ -101.4576, 48.335 ], [ -101.4572, 48.3358 ], [ -101.4596, 48.337 ], [ -101.4612, 48.339 ], [ -101.4637, 48.3399 ], [ -101.4656, 48.3397 ], [ -101.4665, 48.3389 ], [ -101.4678, 48.3391 ], [ -101.4689, 48.3403 ], [ -101.4689, 48.3408 ], [ -101.4684, 48.3412 ], [ -101.4675, 48.3413 ], [ -101.465, 48.3405 ], [ -101.4633, 48.3406 ], [ -101.4624, 48.3409 ], [ -101.4619, 48.3438 ], [ -101.4635, 48.3451 ], [ -101.469, 48.3464 ], [ -101.473, 48.3459 ], [ -101.4748, 48.3461 ], [ -101.4748, 48.3464 ], [ -101.4736, 48.3466 ], [ -101.473, 48.3471 ], [ -101.4717, 48.3496 ], [ -101.4717, 48.3506 ], [ -101.4724, 48.3509 ], [ -101.4732, 48.3506 ], [ -101.474, 48.3489 ], [ -101.4747, 48.3483 ], [ -101.4756, 48.3485 ], [ -101.4752, 48.3502 ], [ -101.4755, 48.3505 ], [ -101.4765, 48.3504 ], [ -101.4777, 48.3495 ], [ -101.4783, 48.3496 ], [ -101.4792, 48.3503 ], [ -101.4786, 48.3522 ], [ -101.4787, 48.3532 ], [ -101.4795, 48.3537 ], [ -101.4814, 48.3538 ], [ -101.4825, 48.3543 ], [ -101.4828, 48.3552 ], [ -101.4819, 48.3565 ], [ -101.4828, 48.3569 ], [ -101.4854, 48.3571 ], [ -101.486, 48.3574 ], [ -101.4872, 48.3596 ], [ -101.4881, 48.3598 ], [ -101.4894, 48.3592 ], [ -101.4902, 48.3573 ], [ -101.4914, 48.3569 ], [ -101.4924, 48.3571 ], [ -101.493, 48.3574 ], [ -101.4939, 48.3592 ], [ -101.4956, 48.3603 ], [ -101.4963, 48.3606 ], [ -101.4985, 48.3607 ], [ -101.5008, 48.3619 ], [ -101.5004, 48.3627 ], [ -101.4988, 48.3633 ], [ -101.4987, 48.3641 ], [ -101.4996, 48.3641 ], [ -101.5016, 48.3628 ], [ -101.5022, 48.3629 ], [ -101.5071, 48.3657 ], [ -101.5073, 48.367 ], [ -101.5047, 48.3692 ], [ -101.5051, 48.3696 ], [ -101.5074, 48.3698 ], [ -101.5076, 48.3705 ], [ -101.5053, 48.3732 ], [ -101.5052, 48.3741 ], [ -101.5059, 48.3745 ], [ -101.5077, 48.3741 ], [ -101.5092, 48.3733 ], [ -101.5101, 48.3722 ], [ -101.5117, 48.3722 ], [ -101.5125, 48.3726 ], [ -101.5141, 48.3745 ], [ -101.5146, 48.3764 ], [ -101.5143, 48.3769 ], [ -101.5131, 48.3773 ], [ -101.5095, 48.3754 ], [ -101.5072, 48.3755 ], [ -101.5066, 48.3758 ], [ -101.5052, 48.3781 ], [ -101.505, 48.3802 ], [ -101.5061, 48.3804 ], [ -101.5087, 48.3796 ], [ -101.512, 48.3798 ], [ -101.5121, 48.3805 ], [ -101.5095, 48.3816 ], [ -101.5091, 48.3821 ], [ -101.5091, 48.3848 ], [ -101.5103, 48.3855 ], [ -101.5129, 48.3843 ], [ -101.5136, 48.3844 ], [ -101.5156, 48.3862 ], [ -101.5191, 48.3866 ], [ -101.52, 48.3899 ], [ -101.5195, 48.3948 ], [ -101.5215, 48.3988 ], [ -101.5224, 48.3992 ], [ -101.526, 48.3995 ], [ -101.5286, 48.403 ], [ -101.5283, 48.4052 ], [ -101.5289, 48.4073 ], [ -101.5267, 48.4079 ], [ -101.5232, 48.4081 ], [ -101.5223, 48.4084 ], [ -101.5225, 48.4093 ], [ -101.5233, 48.4095 ], [ -101.5256, 48.4095 ], [ -101.527, 48.4102 ], [ -101.527, 48.4106 ], [ -101.5266, 48.4111 ], [ -101.5236, 48.4113 ], [ -101.523, 48.4119 ], [ -101.5223, 48.4137 ], [ -101.5237, 48.415 ], [ -101.5235, 48.4153 ], [ -101.5203, 48.4157 ], [ -101.5199, 48.416 ], [ -101.5191, 48.4189 ], [ -101.5193, 48.4193 ], [ -101.5198, 48.4192 ], [ -101.5225, 48.4181 ], [ -101.524, 48.4178 ], [ -101.5251, 48.418 ], [ -101.5241, 48.4212 ], [ -101.5224, 48.4217 ], [ -101.5219, 48.4223 ], [ -101.5229, 48.424 ], [ -101.5245, 48.4234 ], [ -101.5272, 48.4213 ], [ -101.5305, 48.4208 ], [ -101.5333, 48.4229 ], [ -101.5333, 48.4236 ], [ -101.5305, 48.4231 ], [ -101.5293, 48.4235 ], [ -101.5304, 48.4252 ], [ -101.5298, 48.4255 ], [ -101.5286, 48.4251 ], [ -101.5274, 48.4253 ], [ -101.5254, 48.4285 ], [ -101.5255, 48.43 ], [ -101.527, 48.4301 ], [ -101.5285, 48.428 ], [ -101.5294, 48.4275 ], [ -101.5307, 48.4276 ], [ -101.5305, 48.4318 ], [ -101.5312, 48.4323 ], [ -101.5318, 48.4323 ], [ -101.5325, 48.4321 ], [ -101.5334, 48.4304 ], [ -101.5351, 48.4292 ], [ -101.5361, 48.4287 ], [ -101.537, 48.429 ], [ -101.5375, 48.4303 ], [ -101.5364, 48.4323 ], [ -101.5366, 48.4326 ], [ -101.5379, 48.4328 ], [ -101.5396, 48.4315 ], [ -101.5402, 48.4314 ], [ -101.5426, 48.4318 ], [ -101.5433, 48.4324 ], [ -101.5436, 48.4333 ], [ -101.5418, 48.4353 ], [ -101.5414, 48.4364 ], [ -101.5418, 48.4369 ], [ -101.5447, 48.4371 ], [ -101.5464, 48.4378 ], [ -101.5471, 48.4388 ], [ -101.5468, 48.4433 ], [ -101.5473, 48.444 ], [ -101.5486, 48.4437 ], [ -101.5492, 48.4423 ], [ -101.5502, 48.4415 ], [ -101.5514, 48.4414 ], [ -101.5522, 48.4419 ], [ -101.5527, 48.4432 ], [ -101.5544, 48.4447 ], [ -101.555, 48.4458 ], [ -101.5568, 48.4466 ], [ -101.5594, 48.447 ], [ -101.5643, 48.449 ], [ -101.5651, 48.449 ], [ -101.5656, 48.4487 ], [ -101.5662, 48.4476 ], [ -101.5678, 48.4469 ], [ -101.5691, 48.4471 ], [ -101.5702, 48.448 ], [ -101.5703, 48.4504 ], [ -101.5708, 48.4505 ], [ -101.5719, 48.4502 ], [ -101.5727, 48.4491 ], [ -101.5756, 48.4492 ], [ -101.5777, 48.4485 ], [ -101.5796, 48.4489 ], [ -101.5804, 48.4496 ], [ -101.5796, 48.452 ], [ -101.5784, 48.4539 ], [ -101.5788, 48.455 ], [ -101.58, 48.4557 ], [ -101.5848, 48.4562 ], [ -101.5856, 48.4566 ], [ -101.586, 48.4574 ], [ -101.5898, 48.4568 ], [ -101.5911, 48.4581 ], [ -101.5913, 48.4592 ] ], [ [ -101.389, 48.4297 ], [ -101.389, 48.427 ], [ -101.3877, 48.427 ], [ -101.3876, 48.4252 ], [ -101.3863, 48.4252 ], [ -101.3863, 48.4225 ], [ -101.3809, 48.4225 ], [ -101.3808, 48.4216 ], [ -101.3781, 48.4216 ], [ -101.3781, 48.4207 ], [ -101.3754, 48.4207 ], [ -101.3754, 48.4204 ], [ -101.3675, 48.4167 ], [ -101.3675, 48.4143 ], [ -101.3645, 48.4143 ], [ -101.3645, 48.4153 ], [ -101.3626, 48.4153 ], [ -101.3527, 48.4107 ], [ -101.3541, 48.4093 ], [ -101.3532, 48.4089 ], [ -101.3528, 48.4087 ], [ -101.3514, 48.4101 ], [ -101.3427, 48.4061 ], [ -101.3428, 48.401 ], [ -101.3378, 48.4008 ], [ -101.3378, 48.3955 ], [ -101.3334, 48.3955 ], [ -101.3334, 48.3992 ], [ -101.3322, 48.3991 ], [ -101.3322, 48.4008 ], [ -101.3278, 48.4008 ], [ -101.3264, 48.3998 ], [ -101.3237, 48.3998 ], [ -101.3223, 48.4008 ], [ -101.2993, 48.4007 ], [ -101.2993, 48.4267 ], [ -101.3016, 48.4267 ], [ -101.3017, 48.4296 ], [ -101.3119, 48.4296 ], [ -101.3121, 48.4288 ], [ -101.3129, 48.4291 ], [ -101.317, 48.4294 ], [ -101.3172, 48.4313 ], [ -101.3165, 48.4324 ], [ -101.3155, 48.4331 ], [ -101.3155, 48.4338 ], [ -101.3096, 48.437 ], [ -101.3067, 48.4401 ], [ -101.3127, 48.4403 ], [ -101.315, 48.4378 ], [ -101.3149, 48.4369 ], [ -101.3201, 48.4369 ], [ -101.3208, 48.4367 ], [ -101.3208, 48.4373 ], [ -101.321, 48.437 ], [ -101.3291, 48.437 ], [ -101.3291, 48.4334 ], [ -101.321, 48.4334 ], [ -101.3208, 48.4297 ], [ -101.3332, 48.4298 ], [ -101.3332, 48.4333 ], [ -101.3341, 48.4334 ], [ -101.339, 48.4333 ], [ -101.3391, 48.4296 ], [ -101.3427, 48.4296 ], [ -101.3426, 48.4442 ], [ -101.3546, 48.4442 ], [ -101.361, 48.4369 ], [ -101.3808, 48.4366 ], [ -101.3808, 48.4316 ], [ -101.3918, 48.4315 ], [ -101.3918, 48.4297 ], [ -101.389, 48.4297 ] ] ] } },
{ "type": "Feature", "properties": { "GEOIDFQ": "1400000US38101010200", "NAME": "102", "NAMELSAD": "Census Tract 102" }, "geometry": { "type": "Polygon", "coordinates": [ [ [ -101.296, 48.2478 ], [ -101.2946, 48.2513 ], [ -101.2956, 48.257 ], [ -101.2956, 48.2834 ], [ -101.2528, 48.2835 ], [ -101.2528, 48.24 ], [ -101.2094, 48.2401 ], [ -101.2094, 48.2292 ], [ -101.2593, 48.2292 ], [ -101.2618, 48.23 ], [ -101.2638, 48.2315 ], [ -101.2669, 48.2316 ], [ -101.2719, 48.2326 ], [ -101.2788, 48.2325 ], [ -101.2846, 48.2342 ], [ -101.2856, 48.2348 ], [ -101.2856, 48.2354 ], [ -101.284, 48.2363 ], [ -101.2819, 48.2362 ], [ -101.2817, 48.2375 ], [ -101.2851, 48.2373 ], [ -101.286, 48.2384 ], [ -101.2872, 48.2388 ], [ -101.2884, 48.2401 ], [ -101.2941, 48.2397 ], [ -101.296, 48.2382 ], [ -101.296, 48.2478 ] ] ] } },
{ "type": "Feature", "properties": { "GEOIDFQ": "1400000US38057961800", "NAME": "9618", "NAMELSAD": "Census Tract 9618" }, "geometry": { "type": "Polygon", "coordinates": [ [ [ -102.2055, 47.5317 ], [ -102.2053, 47.5745 ], [ -102.2033, 47.5733 ], [ -102.2008, 47.5724 ], [ -102.1962, 47.5716 ], [ -102.1935, 47.5706 ], [ -102.1827, 47.5678 ], [ -102.1668, 47.5664 ], [ -102.1599, 47.5653 ], [ -102.156, 47.5656 ], [ -102.1493, 47.567 ], [ -102.1431, 47.567 ], [ -102.1355, 47.5676 ], [ -102.1254, 47.5698 ], [ -102.1254, 47.5689 ], [ -102.1231, 47.5696 ], [ -102.1205, 47.5698 ], [ -102.1169, 47.5699 ], [ -102.1125, 47.5696 ], [ -102.1043, 47.5704 ], [ -102.0999, 47.5711 ], [ -102.0888, 47.5742 ], [ -102.0856, 47.5745 ], [ -102.0822, 47.5746 ], [ -102.0762, 47.5738 ], [ -102.0674, 47.5704 ], [ -102.0622, 47.5694 ], [ -102.0597, 47.5694 ], [ -102.051, 47.5703 ], [ -102.0425, 47.5726 ], [ -102.0391, 47.5729 ], [ -102.0366, 47.5727 ], [ -102.0312, 47.5708 ], [ -102.0292, 47.5695 ], [ -102.0267, 47.5661 ], [ -102.0236, 47.5633 ], [ -102.0221, 47.5611 ], [ -102.0216, 47.5596 ], [ -102.0225, 47.5566 ], [ -102.0305, 47.5472 ], [ -102.0319, 47.5438 ], [ -102.0316, 47.5419 ], [ -102.0302, 47.5402 ], [ -102.0284, 47.5389 ], [ -102.0262, 47.5379 ], [ -102.0203, 47.5362 ], [ -102.0183, 47.5359 ], [ -102.011, 47.5365 ], [ -102.0004, 47.5387 ], [ -101.9905, 47.5393 ], [ -101.9723, 47.5389 ], [ -101.9628, 47.5379 ], [ -101.9464, 47.5338 ], [ -101.9344, 47.5289 ], [ -101.9237, 47.5233 ], [ -101.892, 47.5051 ], [ -101.8883, 47.504 ], [ -101.8846, 47.5036 ], [ -101.8792, 47.5036 ], [ -101.8754, 47.5042 ], [ -101.87, 47.5044 ], [ -101.8673, 47.5041 ], [ -101.8537, 47.5011 ], [ -101.8348, 47.4952 ], [ -101.8306, 47.4946 ], [ -101.8238, 47.4944 ], [ -101.812, 47.497 ], [ -101.8045, 47.5 ], [ -101.7975, 47.5038 ], [ -101.7897, 47.5061 ], [ -101.7418, 47.5292 ], [ -101.7337, 47.5322 ], [ -101.7075, 47.5383 ], [ -101.6976, 47.539 ], [ -101.6854, 47.538 ], [ -101.6747, 47.5365 ], [ -101.6647, 47.5346 ], [ -101.6417, 47.5284 ], [ -101.6379, 47.5276 ], [ -101.635, 47.5276 ], [ -101.6308, 47.5286 ], [ -101.6266, 47.5291 ], [ -101.6254, 47.5288 ], [ -101.6183, 47.5286 ], [ -101.6114, 47.5288 ], [ -101.5779, 47.5341 ], [ -101.571, 47.5356 ], [ -101.5645, 47.5375 ], [ -101.561, 47.5379 ], [ -101.5557, 47.5398 ], [ -101.5536, 47.5414 ], [ -101.55, 47.5428 ], [ -101.5371, 47.5459 ], [ -101.529, 47.5473 ], [ -101.5125, 47.551 ], [ -101.4987, 47.5564 ], [ -101.4909, 47.5567 ], [ -101.4877, 47.556 ], [ -101.4797, 47.5554 ], [ -101.4732, 47.557 ], [ -101.4542, 47.5632 ], [ -101.4465, 47.5644 ], [ -101.4365, 47.5642 ], [ -101.428, 47.562 ], [ -101.4214, 47.558 ], [ -101.3966, 47.5378 ], [ -101.3897, 47.5354 ], [ -101.3724, 47.5274 ], [ -101.3706, 47.5261 ], [ -101.3696, 47.5245 ], [ -101.3693, 47.5224 ], [ -101.3709, 47.5187 ], [ -101.3729, 47.5163 ], [ -101.3754, 47.5139 ], [ -101.3787, 47.5118 ], [ -101.3872, 47.5075 ], [ -101.3989, 47.5034 ], [ -101.4049, 47.5017 ], [ -101.4118, 47.4989 ], [ -101.4179, 47.4958 ], [ -101.4242, 47.4915 ], [ -101.4362, 47.4813 ], [ -101.4406, 47.4766 ], [ -101.4415, 47.4746 ], [ -101.4427, 47.4695 ], [ -101.4415, 47.4635 ], [ -101.4409, 47.4624 ], [ -101.4386, 47.4603 ], [ -101.4371, 47.4583 ], [ -101.4219, 47.4468 ], [ -101.4123, 47.4355 ], [ -101.4094, 47.4294 ], [ -101.4071, 47.422 ], [ -101.4048, 47.4091 ], [ -101.4025, 47.4023 ], [ -101.394, 47.3896 ], [ -101.3901, 47.3859 ], [ -101.3833, 47.3804 ], [ -101.3754, 47.373 ], [ -101.3681, 47.3706 ], [ -101.3637, 47.3687 ], [ -101.3616, 47.3671 ], [ -101.3603, 47.3651 ], [ -101.3597, 47.3632 ], [ -101.3597, 47.3613 ], [ -101.3606, 47.3554 ], [ -101.3602, 47.3523 ], [ -101.3589, 47.3481 ], [ -101.3581, 47.3414 ], [ -101.3575, 47.3396 ], [ -101.3569, 47.3259 ], [ -101.3566, 47.3248 ], [ -101.3492, 47.314 ], [ -101.3477, 47.3105 ], [ -101.3479, 47.3076 ], [ -101.3464, 47.3029 ], [ -101.3469, 47.2954 ], [ -101.3466, 47.2936 ], [ -101.3457, 47.2919 ], [ -101.3438, 47.2905 ], [ -101.34, 47.2891 ], [ -101.3266, 47.2878 ], [ -101.3206, 47.288 ], [ -101.3189, 47.2877 ], [ -101.3077, 47.2837 ], [ -101.2996, 47.2814 ], [ -101.2912, 47.2802 ], [ -101.2859, 47.2789 ], [ -101.2838, 47.2783 ], [ -101.2774, 47.2755 ], [ -101.2708, 47.2737 ], [ -101.2608, 47.2691 ], [ -101.2593, 47.2678 ], [ -101.2582, 47.2658 ], [ -101.257, 47.2649 ], [ -101.2576, 47.2413 ], [ -101.3754, 47.2416 ], [ -101.5968, 47.2412 ], [ -101.7117, 47.2414 ], [ -101.712, 47.2417 ], [ -101.7224, 47.2419 ], [ -101.7286, 47.2414 ], [ -101.7436, 47.2414 ], [ -101.7434, 47.2566 ], [ -101.7437, 47.2611 ], [ -101.7449, 47.2644 ], [ -101.7436, 47.265 ], [ -101.7439, 47.2661 ], [ -101.7438, 47.2991 ], [ -101.7916, 47.299 ], [ -101.7979, 47.2981 ], [ -101.8109, 47.2943 ], [ -101.8213, 47.2926 ], [ -101.8438, 47.2914 ], [ -101.8697, 47.292 ], [ -101.8702, 47.29 ], [ -101.8703, 47.2755 ], [ -101.8707, 47.2743 ], [ -101.847, 47.2617 ], [ -101.8426, 47.2603 ], [ -101.8311, 47.2594 ], [ -101.8293, 47.2584 ], [ -101.8276, 47.2564 ], [ -101.8263, 47.2556 ], [ -101.8191, 47.2535 ], [ -101.8116, 47.254 ], [ -101.8065, 47.2557 ], [ -101.8037, 47.2559 ], [ -101.8033, 47.2547 ], [ -101.8034, 47.2531 ], [ -101.8028, 47.2523 ], [ -101.802, 47.2519 ], [ -101.801, 47.2525 ], [ -101.8017, 47.2537 ], [ -101.8013, 47.2542 ], [ -101.7986, 47.2538 ], [ -101.7959, 47.2546 ], [ -101.7929, 47.2541 ], [ -101.7904, 47.2543 ], [ -101.7894, 47.255 ], [ -101.7875, 47.2549 ], [ -101.7857, 47.2538 ], [ -101.7855, 47.2379 ], [ -101.7646, 47.2412 ], [ -101.7643, 47.1862 ], [ -101.7646, 47.1651 ], [ -101.7644, 46.9813 ], [ -102.1449, 46.9814 ], [ -102.1444, 47.1693 ], [ -102.1445, 47.3281 ], [ -102.2056, 47.3281 ], [ -102.2053, 47.458 ], [ -102.2058, 47.5293 ], [ -102.2055, 47.5317 ] ], [ [ -101.6589, 47.2846 ], [ -101.6565, 47.2846 ], [ -101.6565, 47.276 ], [ -101.6554, 47.276 ], [ -101.6536, 47.2756 ], [ -101.6529, 47.2745 ], [ -101.6486, 47.274 ], [ -101.6473, 47.2745 ], [ -101.6473, 47.2759 ], [ -101.644, 47.2752 ], [ -101.6419, 47.2755 ], [ -101.6408, 47.2761 ], [ -101.6411, 47.2768 ], [ -101.6403, 47.2775 ], [ -101.6391, 47.2803 ], [ -101.6359, 47.2824 ], [ -101.6358, 47.2833 ], [ -101.637, 47.2841 ], [ -101.6369, 47.2858 ], [ -101.6357, 47.2865 ], [ -101.6349, 47.2881 ], [ -101.6335, 47.2886 ], [ -101.6326, 47.2885 ], [ -101.6298, 47.2861 ], [ -101.6268, 47.2852 ], [ -101.6221, 47.285 ], [ -101.6182, 47.2841 ], [ -101.615, 47.2841 ], [ -101.6107, 47.2833 ], [ -101.6098, 47.2852 ], [ -101.6079, 47.2854 ], [ -101.6076, 47.287 ], [ -101.6068, 47.2878 ], [ -101.6062, 47.2895 ], [ -101.6068, 47.2907 ], [ -101.6099, 47.2926 ], [ -101.6107, 47.2943 ], [ -101.6119, 47.2956 ], [ -101.6119, 47.2962 ], [ -101.6114, 47.2967 ], [ -101.6104, 47.2969 ], [ -101.6089, 47.2964 ], [ -101.6064, 47.2964 ], [ -101.6038, 47.2955 ], [ -101.6024, 47.2942 ], [ -101.6007, 47.2939 ], [ -101.5995, 47.294 ], [ -101.5976, 47.2951 ], [ -101.5927, 47.2948 ], [ -101.5907, 47.2957 ], [ -101.5904, 47.2969 ], [ -101.587, 47.3017 ], [ -101.5877, 47.3042 ], [ -101.5887, 47.3056 ], [ -101.5901, 47.3065 ], [ -101.5916, 47.3082 ], [ -101.5925, 47.3106 ], [ -101.5923, 47.3118 ], [ -101.5908, 47.3129 ], [ -101.5906, 47.3135 ], [ -101.6068, 47.3137 ], [ -101.6067, 47.3276 ], [ -101.6051, 47.3286 ], [ -101.6048, 47.3302 ], [ -101.6, 47.3336 ], [ -101.6, 47.3426 ], [ -101.608, 47.3426 ], [ -101.6105, 47.3435 ], [ -101.6105, 47.3571 ], [ -101.653, 47.357 ], [ -101.6528, 47.3283 ], [ -101.6529, 47.3281 ], [ -101.6589, 47.3281 ], [ -101.6589, 47.2846 ] ] ] } },
{ "type": "Feature", "properties": { "GEOIDFQ": "1400000US38101010301", "NAME": "103.01", "NAMELSAD": "Census Tract 103.01" }, "geometry": { "type": "Polygon", "coordinates": [ [ [ -101.3198, 48.2789 ], [ -101.3173, 48.2812 ], [ -101.3145, 48.2825 ], [ -101.3106, 48.2833 ], [ -101.2956, 48.2834 ], [ -101.2956, 48.257 ], [ -101.2946, 48.2513 ], [ -101.296, 48.2472 ], [ -101.2989, 48.2472 ], [ -101.2999, 48.2475 ], [ -101.3055, 48.2472 ], [ -101.3055, 48.2512 ], [ -101.3059, 48.2527 ], [ -101.308, 48.2534 ], [ -101.3114, 48.2537 ], [ -101.3122, 48.2544 ], [ -101.3122, 48.2585 ], [ -101.3365, 48.2585 ], [ -101.3198, 48.2789 ] ] ] } },
{ "type": "Feature", "properties": { "GEOIDFQ": "1400000US38023954500", "NAME": "9545", "NAMELSAD": "Census Tract 9545" }, "geometry": { "type": "Polygon", "coordinates": [ [ [ -104.0487, 48.9999 ], [ -103.5993, 48.9993 ], [ -102.939, 48.9993 ], [ -102.9395, 48.9142 ], [ -102.9392, 48.9129 ], [ -102.9398, 48.8708 ], [ -102.9395, 48.8074 ], [ -102.9399, 48.7205 ], [ -102.8857, 48.7205 ], [ -102.8858, 48.6333 ], [ -103.1462, 48.6332 ], [ -103.1791, 48.6333 ], [ -103.1873, 48.6337 ], [ -103.2026, 48.6333 ], [ -103.3871, 48.6332 ], [ -103.5476, 48.6339 ], [ -103.7505, 48.6335 ], [ -104.0479, 48.6339 ], [ -104.049, 48.9331 ], [ -104.0487, 48.9999 ] ] ] } },
{ "type": "Feature", "properties": { "GEOIDFQ": "1400000US38073969100", "NAME": "9691", "NAMELSAD": "Census Tract 9691" }, "geometry": { "type": "Polygon", "coordinates": [ [ [ -97.7212, 46.4567 ], [ -97.7033, 46.4566 ], [ -97.6909, 46.453 ], [ -97.6815, 46.4494 ], [ -97.681, 46.453 ], [ -97.6791, 46.4565 ], [ -97.6581, 46.4564 ], [ -97.658, 46.4056 ], [ -97.6836, 46.4054 ], [ -97.6837, 46.4107 ], [ -97.6872, 46.4106 ], [ -97.6925, 46.4099 ], [ -97.6997, 46.4097 ], [ -97.6995, 46.4417 ], [ -97.7207, 46.442 ], [ -97.7212, 46.4567 ] ] ] } },
{ "type": "Feature", "properties": { "GEOIDFQ": "1400000US38093967800", "NAME": "9678", "NAMELSAD": "Census Tract 9678" }, "geometry": { "type": "Polygon", "coordinates": [ [ [ -98.7182, 46.8908 ], [ -98.7135, 46.8967 ], [ -98.7118, 46.8978 ], [ -98.7086, 46.899 ], [ -98.71, 46.8991 ], [ -98.7107, 46.8999 ], [ -98.7129, 46.8996 ], [ -98.7165, 46.9001 ], [ -98.7159, 46.9016 ], [ -98.716, 46.9025 ], [ -98.7149, 46.9026 ], [ -98.7127, 46.9023 ], [ -98.7136, 46.9051 ], [ -98.7127, 46.9051 ], [ -98.7127, 46.9091 ], [ -98.6973, 46.9093 ], [ -98.6943, 46.9084 ], [ -98.6907, 46.9064 ], [ -98.6919, 46.9064 ], [ -98.6918, 46.8973 ], [ -98.6914, 46.8966 ], [ -98.6918, 46.8949 ], [ -98.6896, 46.8909 ], [ -98.6881, 46.8865 ], [ -98.6886, 46.885 ], [ -98.6906, 46.8832 ], [ -98.6915, 46.8818 ], [ -98.6917, 46.8775 ], [ -98.7143, 46.8776 ], [ -98.7189, 46.8876 ], [ -98.719, 46.8889 ], [ -98.7182, 46.8908 ] ] ] } },
{ "type": "Feature", "properties": { "GEOIDFQ": "1400000US38101010400", "NAME": "104", "NAMELSAD": "Census Tract 104" }, "geometry": { "type": "Polygon", "coordinates": [ [ [ -101.3377, 48.2401 ], [ -101.3177, 48.2401 ], [ -101.3177, 48.2473 ], [ -101.3041, 48.2472 ], [ -101.3027, 48.2475 ], [ -101.2999, 48.2475 ], [ -101.2989, 48.2472 ], [ -101.296, 48.2472 ], [ -101.296, 48.2375 ], [ -101.2998, 48.2363 ], [ -101.3017, 48.2349 ], [ -101.3064, 48.2342 ], [ -101.3177, 48.2334 ], [ -101.3401, 48.2319 ], [ -101.3377, 48.2401 ] ] ] } },
{ "type": "Feature", "properties": { "GEOIDFQ": "1400000US38035011702", "NAME": "117.02", "NAMELSAD": "Census Tract 117.02" }, "geometry": { "type": "Polygon", "coordinates": [ [ [ -97.3657, 47.8462 ], [ -97.2608, 47.8463 ], [ -97.1101, 47.8459 ], [ -97.1099, 47.8885 ], [ -97.1099, 47.8894 ], [ -97.1096, 47.8895 ], [ -97.0667, 47.8895 ], [ -97.067, 47.8604 ], [ -96.9991, 47.8601 ], [ -96.9976, 47.8577 ], [ -96.9969, 47.8548 ], [ -96.9968, 47.8526 ], [ -96.9975, 47.8498 ], [ -96.9974, 47.8487 ], [ -96.9968, 47.848 ], [ -96.9945, 47.8467 ], [ -96.994, 47.8459 ], [ -96.9944, 47.8452 ], [ -96.9972, 47.844 ], [ -96.9983, 47.8426 ], [ -96.9983, 47.8419 ], [ -96.9978, 47.8415 ], [ -96.997, 47.8416 ], [ -96.9938, 47.8427 ], [ -96.9927, 47.8428 ], [ -96.9924, 47.8419 ], [ -96.9942, 47.8393 ], [ -96.994, 47.8384 ], [ -96.9923, 47.8378 ], [ -96.9877, 47.838 ], [ -96.9863, 47.8371 ], [ -96.985, 47.8333 ], [ -96.9821, 47.8309 ], [ -96.9815, 47.8296 ], [ -96.9829, 47.8281 ], [ -96.987, 47.8263 ], [ -96.9871, 47.8256 ], [ -96.9858, 47.8252 ], [ -96.981, 47.8257 ], [ -96.9777, 47.8255 ], [ -96.9756, 47.8249 ], [ -96.9741, 47.8234 ], [ -96.9744, 47.8226 ], [ -96.9753, 47.8221 ], [ -96.9771, 47.8221 ], [ -96.9795, 47.8226 ], [ -96.9805, 47.8219 ], [ -96.9801, 47.8151 ], [ -96.9779, 47.8117 ], [ -96.9787, 47.8099 ], [ -96.98, 47.8092 ], [ -96.9816, 47.809 ], [ -96.9872, 47.8099 ], [ -96.9896, 47.8099 ], [ -96.9912, 47.8093 ], [ -96.9916, 47.8082 ], [ -96.9898, 47.8073 ], [ -96.9859, 47.8069 ], [ -96.9817, 47.8046 ], [ -96.9768, 47.8037 ], [ -96.9744, 47.8036 ], [ -96.9725, 47.803 ], [ -96.9721, 47.8024 ], [ -96.9725, 47.8019 ], [ -96.9756, 47.8018 ], [ -96.9766, 47.8012 ], [ -96.9772, 47.799 ], [ -96.9763, 47.7978 ], [ -96.973, 47.7978 ], [ -96.9681, 47.7998 ], [ -96.9671, 47.7999 ], [ -96.9665, 47.7996 ], [ -96.966, 47.7971 ], [ -96.9648, 47.7955 ], [ -96.9632, 47.7945 ], [ -96.9586, 47.7927 ], [ -96.9571, 47.791 ], [ -96.9576, 47.7899 ], [ -96.961, 47.789 ], [ -96.9635, 47.7874 ], [ -96.9651, 47.7853 ], [ -96.9654, 47.7843 ], [ -96.9651, 47.7835 ], [ -96.9636, 47.783 ], [ -96.9617, 47.7833 ], [ -96.9586, 47.7856 ], [ -96.958, 47.7857 ], [ -96.9575, 47.7845 ], [ -96.9593, 47.7818 ], [ -96.9591, 47.7806 ], [ -96.9575, 47.7799 ], [ -96.9532, 47.78 ], [ -96.9524, 47.7794 ], [ -96.9527, 47.7788 ], [ -96.9564, 47.7763 ], [ -96.9567, 47.7755 ], [ -96.9563, 47.7751 ], [ -96.9552, 47.7746 ], [ -96.9532, 47.7745 ], [ -96.949, 47.7753 ], [ -96.9468, 47.7751 ], [ -96.9461, 47.7745 ], [ -96.9458, 47.7728 ], [ -96.9451, 47.7722 ], [ -96.9427, 47.771 ], [ -96.9392, 47.7685 ], [ -96.9357, 47.7677 ], [ -96.9349, 47.7672 ], [ -96.935, 47.7661 ], [ -96.9383, 47.7631 ], [ -96.9383, 47.7608 ], [ -96.936, 47.7585 ], [ -96.9296, 47.7564 ], [ -96.9289, 47.7559 ], [ -96.9289, 47.7553 ], [ -96.9299, 47.7548 ], [ -96.9322, 47.7547 ], [ -96.9337, 47.755 ], [ -96.937, 47.7563 ], [ -96.9381, 47.7564 ], [ -96.9394, 47.7559 ], [ -96.9397, 47.7548 ], [ -96.9385, 47.7539 ], [ -96.9326, 47.7524 ], [ -96.9303, 47.7513 ], [ -96.9292, 47.7504 ], [ -96.9284, 47.7481 ], [ -96.9287, 47.7438 ], [ -96.9296, 47.7425 ], [ -96.9328, 47.7401 ], [ -96.9328, 47.7375 ], [ -96.931, 47.735 ], [ -96.9273, 47.7315 ], [ -96.9252, 47.7301 ], [ -96.9241, 47.7262 ], [ -96.9231, 47.7257 ], [ -96.9193, 47.725 ], [ -96.9184, 47.724 ], [ -96.919, 47.7229 ], [ -96.9211, 47.7214 ], [ -96.9248, 47.7198 ], [ -96.9301, 47.7181 ], [ -96.9309, 47.717 ], [ -96.931, 47.7155 ], [ -96.9296, 47.7144 ], [ -96.9278, 47.7143 ], [ -96.9262, 47.715 ], [ -96.9231, 47.7178 ], [ -96.9216, 47.7179 ], [ -96.9198, 47.7169 ], [ -96.9189, 47.7151 ], [ -96.9203, 47.7122 ], [ -96.9199, 47.7104 ], [ -96.9187, 47.7095 ], [ -96.9168, 47.7087 ], [ -96.9128, 47.7083 ], [ -96.9121, 47.7077 ], [ -96.9119, 47.7068 ], [ -96.9128, 47.7049 ], [ -96.9144, 47.7037 ], [ -96.9178, 47.7034 ], [ -96.9204, 47.7018 ], [ -96.9211, 47.7009 ], [ -96.9209, 47.7 ], [ -96.9199, 47.6993 ], [ -96.9179, 47.6992 ], [ -96.914, 47.7018 ], [ -96.9131, 47.7019 ], [ -96.912, 47.7015 ], [ -96.9095, 47.6973 ], [ -96.9077, 47.6957 ], [ -96.907, 47.6944 ], [ -96.9073, 47.6936 ], [ -96.9098, 47.6917 ], [ -96.9099, 47.6901 ], [ -96.9095, 47.6892 ], [ -96.908, 47.6885 ], [ -96.9061, 47.6887 ], [ -96.9047, 47.6896 ], [ -96.9033, 47.6913 ], [ -96.902, 47.6917 ], [ -96.9004, 47.6911 ], [ -96.8992, 47.6896 ], [ -96.899, 47.6849 ], [ -96.896, 47.6782 ], [ -96.8966, 47.6753 ], [ -96.8962, 47.6742 ], [ -96.895, 47.6734 ], [ -96.8935, 47.6731 ], [ -96.8904, 47.6733 ], [ -96.8867, 47.6743 ], [ -96.8855, 47.6741 ], [ -96.885, 47.6736 ], [ -96.8854, 47.6729 ], [ -96.8868, 47.6721 ], [ -97.3676, 47.6721 ], [ -97.3657, 47.8462 ] ] ] } },
{ "type": "Feature", "properties": { "GEOIDFQ": "1400000US38035011701", "NAME": "117.01", "NAMELSAD": "Census Tract 117.01" }, "geometry": { "type": "Polygon", "coordinates": [ [ [ -97.367, 47.9334 ], [ -97.3482, 47.9334 ], [ -97.2391, 47.9331 ], [ -97.2387, 48.0118 ], [ -97.2373, 48.0198 ], [ -97.0723, 48.0195 ], [ -97.0718, 48.0181 ], [ -97.0707, 48.0169 ], [ -97.0693, 48.0162 ], [ -97.0649, 48.0157 ], [ -97.0633, 48.015 ], [ -97.063, 48.0145 ], [ -97.063, 48.0132 ], [ -97.0666, 48.0104 ], [ -97.0668, 48.0096 ], [ -97.0645, 48.0034 ], [ -97.0645, 48.0 ], [ -97.0639, 47.9977 ], [ -97.0629, 47.9964 ], [ -97.0609, 47.9952 ], [ -97.0549, 47.9929 ], [ -97.0536, 47.9916 ], [ -97.0531, 47.9904 ], [ -97.0533, 47.9887 ], [ -97.0565, 47.9806 ], [ -97.0593, 47.9753 ], [ -97.0592, 47.9734 ], [ -97.0573, 47.9707 ], [ -97.0574, 47.9697 ], [ -97.058, 47.9687 ], [ -97.0611, 47.9664 ], [ -97.0618, 47.9647 ], [ -97.0615, 47.9637 ], [ -97.0604, 47.9627 ], [ -97.0592, 47.962 ], [ -97.056, 47.9609 ], [ -97.0538, 47.9595 ], [ -97.0525, 47.9574 ], [ -97.0523, 47.9558 ], [ -97.0527, 47.9544 ], [ -97.0554, 47.9502 ], [ -97.0553, 47.9475 ], [ -97.0533, 47.9449 ], [ -97.049, 47.9424 ], [ -97.0467, 47.9415 ], [ -97.0437, 47.9408 ], [ -97.0394, 47.9406 ], [ -97.0397, 47.9372 ], [ -97.0464, 47.9372 ], [ -97.0464, 47.9361 ], [ -97.0515, 47.9361 ], [ -97.0491, 47.9331 ], [ -97.0924, 47.933 ], [ -97.099, 47.9328 ], [ -97.1119, 47.9331 ], [ -97.1315, 47.9332 ], [ -97.1315, 47.9183 ], [ -97.107, 47.9182 ], [ -97.109, 47.9169 ], [ -97.1099, 47.9153 ], [ -97.1101, 47.8459 ], [ -97.2608, 47.8463 ], [ -97.3657, 47.8462 ], [ -97.365, 47.9128 ], [ -97.3646, 47.9192 ], [ -97.3649, 47.9257 ], [ -97.3668, 47.9296 ], [ -97.367, 47.9334 ] ] ] } },
{ "type": "Feature", "properties": { "GEOIDFQ": "1400000US38035010301", "NAME": "103.01", "NAMELSAD": "Census Tract 103.01" }, "geometry": { "type": "Polygon", "coordinates": [ [ [ -97.0767, 47.9287 ], [ -97.0752, 47.9288 ], [ -97.0752, 47.9295 ], [ -97.0764, 47.9302 ], [ -97.0761, 47.931 ], [ -97.0734, 47.9303 ], [ -97.0726, 47.9311 ], [ -97.0715, 47.9316 ], [ -97.0724, 47.933 ], [ -97.0666, 47.9331 ], [ -97.0664, 47.9223 ], [ -97.0597, 47.9223 ], [ -97.0597, 47.9185 ], [ -97.0761, 47.9185 ], [ -97.0758, 47.9192 ], [ -97.0744, 47.9196 ], [ -97.0741, 47.92 ], [ -97.0774, 47.9215 ], [ -97.0762, 47.9227 ], [ -97.0766, 47.9235 ], [ -97.0763, 47.9243 ], [ -97.0778, 47.9253 ], [ -97.0768, 47.9268 ], [ -97.0773, 47.9273 ], [ -97.0789, 47.9279 ], [ -97.0767, 47.9287 ] ] ] } },
{ "type": "Feature", "properties": { "GEOIDFQ": "1400000US38035010302", "NAME": "103.02", "NAMELSAD": "Census Tract 103.02" }, "geometry": { "type": "Polygon", "coordinates": [ [ [ -97.0878, 47.9258 ], [ -97.0776, 47.9257 ], [ -97.0777, 47.9251 ], [ -97.0763, 47.9242 ], [ -97.0766, 47.9235 ], [ -97.0762, 47.9227 ], [ -97.0774, 47.9215 ], [ -97.0741, 47.9199 ], [ -97.0758, 47.9192 ], [ -97.0761, 47.9185 ], [ -97.0841, 47.9186 ], [ -97.0855, 47.9188 ], [ -97.0868, 47.9194 ], [ -97.0876, 47.9204 ], [ -97.0878, 47.9258 ] ] ] } },
{ "type": "Feature", "properties": { "GEOIDFQ": "1400000US38035011201", "NAME": "112.01", "NAMELSAD": "Census Tract 112.01" }, "geometry": { "type": "Polygon", "coordinates": [ [ [ -97.045, 47.9039 ], [ -97.0358, 47.904 ], [ -97.036, 47.8859 ], [ -97.0452, 47.8859 ], [ -97.045, 47.9039 ] ] ] } },
{ "type": "Feature", "properties": { "GEOIDFQ": "1400000US38035010805", "NAME": "108.05", "NAMELSAD": "Census Tract 108.05" }, "geometry": { "type": "Polygon", "coordinates": [ [ [ -97.0665, 47.904 ], [ -97.0558, 47.9039 ], [ -97.056, 47.8894 ], [ -97.0667, 47.8895 ], [ -97.0665, 47.904 ] ] ] } },
{ "type": "Feature", "properties": { "GEOIDFQ": "1400000US38035011202", "NAME": "112.02", "NAMELSAD": "Census Tract 112.02" }, "geometry": { "type": "Polygon", "coordinates": [ [ [ -97.0667, 47.8895 ], [ -97.0451, 47.8894 ], [ -97.0452, 47.8859 ], [ -97.036, 47.8859 ], [ -97.0361, 47.8783 ], [ -97.0375, 47.8767 ], [ -97.0376, 47.8749 ], [ -97.0453, 47.8749 ], [ -97.0453, 47.8603 ], [ -97.067, 47.8604 ], [ -97.0667, 47.8895 ] ] ] } },
{ "type": "Feature", "properties": { "GEOIDFQ": "1400000US38035010806", "NAME": "108.06", "NAMELSAD": "Census Tract 108.06" }, "geometry": { "type": "Polygon", "coordinates": [ [ [ -97.0558, 47.9039 ], [ -97.045, 47.9039 ], [ -97.0451, 47.8894 ], [ -97.056, 47.8894 ], [ -97.0558, 47.9039 ] ] ] } },
{ "type": "Feature", "properties": { "GEOIDFQ": "1400000US38001965600", "NAME": "9656", "NAMELSAD": "Census Tract 9656" }, "geometry": { "type": "Polygon", "coordinates": [ [ [ -102.995, 46.0465 ], [ -102.9955, 46.2347 ], [ -102.9952, 46.2807 ], [ -102.9106, 46.2816 ], [ -102.7901, 46.2815 ], [ -102.7412, 46.2819 ], [ -102.7332, 46.2822 ], [ -102.6517, 46.2826 ], [ -102.6504, 46.2829 ], [ -102.6496, 46.2826 ], [ -102.5689, 46.2827 ], [ -102.4976, 46.2832 ], [ -102.4973, 46.2304 ], [ -102.497, 46.2292 ], [ -102.4973, 46.2265 ], [ -102.4971, 46.2059 ], [ -102.1438, 46.2053 ], [ -101.9979, 46.2053 ], [ -101.9987, 45.9447 ], [ -102.0429, 45.9446 ], [ -102.0875, 45.9449 ], [ -102.1233, 45.9447 ], [ -102.1244, 45.9451 ], [ -102.1264, 45.9447 ], [ -102.1593, 45.9446 ], [ -102.332, 45.945 ], [ -102.638, 45.9449 ], [ -102.6422, 45.9452 ], [ -102.6523, 45.9453 ], [ -102.704, 45.9451 ], [ -102.9952, 45.9452 ], [ -102.9955, 46.003 ], [ -102.995, 46.0465 ] ] ] } },
{ "type": "Feature", "properties": { "GEOIDFQ": "1400000US38091968700", "NAME": "9687", "NAMELSAD": "Census Tract 9687" }, "geometry": { "type": "Polygon", "coordinates": [ [ [ -97.9848, 47.5431 ], [ -97.9842, 47.6723 ], [ -97.4727, 47.6721 ], [ -97.4735, 47.5148 ], [ -97.4732, 47.513 ], [ -97.4733, 47.4549 ], [ -97.4735, 47.4409 ], [ -97.4739, 47.4391 ], [ -97.4744, 47.375 ], [ -97.4742, 47.3246 ], [ -97.4516, 47.3245 ], [ -97.4513, 47.297 ], [ -97.4515, 47.2391 ], [ -97.4805, 47.2393 ], [ -97.5784, 47.239 ], [ -97.706, 47.24 ], [ -97.8554, 47.2403 ], [ -97.8829, 47.2406 ], [ -97.9612, 47.2403 ], [ -97.9602, 47.326 ], [ -97.9864, 47.3262 ], [ -97.9848, 47.5431 ] ] ] } },
{ "type": "Feature", "properties": { "GEOIDFQ": "1400000US38075952900", "NAME": "9529", "NAMELSAD": "Census Tract 9529" }, "geometry": { "type": "Polygon", "coordinates": [ [ [ -102.0212, 48.9989 ], [ -101.4966, 48.9994 ], [ -101.4967, 48.7201 ], [ -101.451, 48.72 ], [ -101.4513, 48.5461 ], [ -101.0597, 48.5454 ], [ -101.0598, 48.4584 ], [ -101.8428, 48.4594 ], [ -101.8429, 48.5916 ], [ -101.8422, 48.7201 ], [ -102.0214, 48.7203 ], [ -102.0212, 48.9989 ] ] ] } },
{ "type": "Feature", "properties": { "GEOIDFQ": "1400000US38003968300", "NAME": "9683", "NAMELSAD": "Census Tract 9683" }, "geometry": { "type": "Polygon", "coordinates": [ [ [ -98.0039, 46.9387 ], [ -97.9996, 46.9393 ], [ -97.9883, 46.9386 ], [ -97.976, 46.9372 ], [ -97.9545, 46.9356 ], [ -97.9545, 46.9207 ], [ -97.9553, 46.9194 ], [ -97.9569, 46.9192 ], [ -97.9621, 46.919 ], [ -97.9638, 46.9194 ], [ -97.9649, 46.9193 ], [ -97.967, 46.9211 ], [ -97.9707, 46.9224 ], [ -97.979, 46.9234 ], [ -97.9832, 46.9237 ], [ -98.0061, 46.9235 ], [ -98.0122, 46.9231 ], [ -98.0149, 46.9225 ], [ -98.0151, 46.927 ], [ -98.0158, 46.9285 ], [ -98.0164, 46.9328 ], [ -98.0174, 46.9344 ], [ -98.0039, 46.9387 ] ] ] } },
{ "type": "Feature", "properties": { "GEOIDFQ": "1400000US38003968000", "NAME": "9680", "NAMELSAD": "Census Tract 9680" }, "geometry": { "type": "Polygon", "coordinates": [ [ [ -98.4671, 47.2404 ], [ -98.3217, 47.2406 ], [ -98.2368, 47.241 ], [ -98.1743, 47.2408 ], [ -98.0889, 47.2413 ], [ -97.9805, 47.2405 ], [ -97.9792, 47.2391 ], [ -97.9779, 47.239 ], [ -97.9767, 47.2396 ], [ -97.9737, 47.2388 ], [ -97.9726, 47.2379 ], [ -97.9699, 47.2374 ], [ -97.9691, 47.2371 ], [ -97.969, 47.2354 ], [ -97.9671, 47.2343 ], [ -97.9659, 47.2344 ], [ -97.9638, 47.2336 ], [ -97.963, 47.2329 ], [ -97.963, 47.2321 ], [ -97.9615, 47.2306 ], [ -97.9607, 47.1895 ], [ -97.9642, 47.1862 ], [ -97.9652, 47.1858 ], [ -97.966, 47.1849 ], [ -97.9751, 47.1782 ], [ -97.9765, 47.1776 ], [ -97.9794, 47.1752 ], [ -97.9796, 47.1746 ], [ -97.981, 47.1735 ], [ -97.9809, 47.173 ], [ -97.979, 47.172 ], [ -97.9799, 47.172 ], [ -97.982, 47.1725 ], [ -97.9835, 47.172 ], [ -97.9841, 47.1709 ], [ -97.9866, 47.1696 ], [ -97.9889, 47.1673 ], [ -97.9911, 47.1662 ], [ -97.992, 47.1661 ], [ -97.9933, 47.1648 ], [ -97.9939, 47.1637 ], [ -97.9938, 47.1623 ], [ -97.995, 47.1631 ], [ -97.9969, 47.1627 ], [ -97.999, 47.162 ], [ -97.9993, 47.1617 ], [ -98.0003, 47.1616 ], [ -98.006, 47.1586 ], [ -98.0077, 47.1588 ], [ -98.0083, 47.1596 ], [ -98.0091, 47.1592 ], [ -98.0072, 47.1579 ], [ -98.0072, 47.1576 ], [ -98.0122, 47.1534 ], [ -98.014, 47.1496 ], [ -98.015, 47.1485 ], [ -98.0148, 47.1476 ], [ -98.0161, 47.1469 ], [ -98.0165, 47.1458 ], [ -98.0183, 47.144 ], [ -98.0188, 47.1421 ], [ -98.0212, 47.1402 ], [ -98.0223, 47.1388 ], [ -98.0238, 47.1385 ], [ -98.0264, 47.1367 ], [ -98.027, 47.1359 ], [ -98.0269, 47.1351 ], [ -98.0277, 47.1331 ], [ -98.029, 47.1319 ], [ -98.0289, 47.1312 ], [ -98.0278, 47.1308 ], [ -98.0251, 47.1314 ], [ -98.0246, 47.1314 ], [ -98.0246, 47.1311 ], [ -98.0267, 47.1295 ], [ -98.0278, 47.1292 ], [ -98.0286, 47.1284 ], [ -98.0318, 47.1275 ], [ -98.0331, 47.1261 ], [ -98.0337, 47.1246 ], [ -98.0333, 47.1238 ], [ -98.0341, 47.1229 ], [ -98.0335, 47.1217 ], [ -98.0336, 47.1208 ], [ -98.0328, 47.1199 ], [ -98.033, 47.1189 ], [ -98.0326, 47.1187 ], [ -98.0328, 47.118 ], [ -98.0322, 47.1168 ], [ -98.0325, 47.1158 ], [ -98.0323, 47.1147 ], [ -98.0308, 47.1129 ], [ -98.0295, 47.1099 ], [ -98.0273, 47.1077 ], [ -98.0258, 47.1072 ], [ -98.0259, 47.1066 ], [ -98.0254, 47.1066 ], [ -98.0249, 47.1058 ], [ -98.0214, 47.1041 ], [ -98.0205, 47.1029 ], [ -98.0194, 47.1026 ], [ -98.0186, 47.1018 ], [ -98.0168, 47.1014 ], [ -98.0167, 47.1006 ], [ -98.016, 47.1001 ], [ -98.014, 47.0972 ], [ -98.0123, 47.0972 ], [ -98.0112, 47.0978 ], [ -98.0106, 47.0978 ], [ -98.0126, 47.0945 ], [ -98.0126, 47.0933 ], [ -98.0144, 47.0914 ], [ -98.0155, 47.0882 ], [ -98.0162, 47.0873 ], [ -98.017, 47.0853 ], [ -98.0181, 47.0846 ], [ -98.0209, 47.0816 ], [ -98.0235, 47.0799 ], [ -98.024, 47.0792 ], [ -98.0253, 47.0787 ], [ -98.0269, 47.0786 ], [ -98.0273, 47.0778 ], [ -98.0285, 47.0779 ], [ -98.0292, 47.0773 ], [ -98.0337, 47.0752 ], [ -98.0362, 47.0734 ], [ -98.0383, 47.0725 ], [ -98.0395, 47.0712 ], [ -98.0428, 47.0689 ], [ -98.044, 47.0673 ], [ -98.0458, 47.0667 ], [ -98.048, 47.0653 ], [ -98.0492, 47.0639 ], [ -98.0492, 47.0635 ], [ -98.0512, 47.0632 ], [ -98.0521, 47.0626 ], [ -98.0535, 47.0624 ], [ -98.0582, 47.0599 ], [ -98.0608, 47.0575 ], [ -98.0631, 47.0548 ], [ -98.0635, 47.054 ], [ -98.0634, 47.0527 ], [ -98.0644, 47.0525 ], [ -98.0651, 47.0517 ], [ -98.0658, 47.0476 ], [ -98.0645, 47.0433 ], [ -98.0649, 47.0418 ], [ -98.0672, 47.0388 ], [ -98.0686, 47.0372 ], [ -98.0735, 47.0349 ], [ -98.0741, 47.0339 ], [ -98.0759, 47.0334 ], [ -98.0759, 47.0328 ], [ -98.079, 47.0304 ], [ -98.0795, 47.0304 ], [ -98.0798, 47.0297 ], [ -98.0825, 47.028 ], [ -98.086, 47.0266 ], [ -98.0862, 47.0275 ], [ -98.0886, 47.0261 ], [ -98.0921, 47.0253 ], [ -98.0941, 47.024 ], [ -98.0953, 47.0227 ], [ -98.0976, 47.0214 ], [ -98.1008, 47.0204 ], [ -98.1011, 47.0198 ], [ -98.0997, 47.0186 ], [ -98.0997, 47.0182 ], [ -98.1008, 47.0169 ], [ -98.1008, 47.0156 ], [ -98.1026, 47.0136 ], [ -98.1017, 47.0121 ], [ -98.1026, 47.0109 ], [ -98.1041, 47.0106 ], [ -98.1044, 47.0098 ], [ -98.1041, 47.0087 ], [ -98.1028, 47.0076 ], [ -98.1021, 47.0073 ], [ -98.0988, 47.0075 ], [ -98.099, 47.0069 ], [ -98.102, 47.005 ], [ -98.102, 47.0044 ], [ -98.1003, 47.0014 ], [ -98.0991, 47.0012 ], [ -98.0974, 47.0017 ], [ -98.097, 47.0015 ], [ -98.0971, 47.0008 ], [ -98.098, 47.0 ], [ -98.0978, 46.9996 ], [ -98.0989, 46.9988 ], [ -98.0987, 46.9974 ], [ -98.0976, 46.9956 ], [ -98.0961, 46.9946 ], [ -98.0965, 46.9925 ], [ -98.0952, 46.9912 ], [ -98.094, 46.9888 ], [ -98.0934, 46.9885 ], [ -98.0926, 46.9885 ], [ -98.0913, 46.9902 ], [ -98.0898, 46.9907 ], [ -98.0855, 46.9893 ], [ -98.0848, 46.9883 ], [ -98.0847, 46.9875 ], [ -98.0858, 46.9866 ], [ -98.0885, 46.9857 ], [ -98.0884, 46.9852 ], [ -98.0868, 46.9847 ], [ -98.0853, 46.9851 ], [ -98.0839, 46.9834 ], [ -98.0761, 46.9791 ], [ -98.0745, 46.9787 ], [ -98.0725, 46.9787 ], [ -98.0716, 46.9774 ], [ -98.0708, 46.977 ], [ -98.0705, 46.9755 ], [ -98.0684, 46.9721 ], [ -98.0675, 46.9712 ], [ -98.0647, 46.9697 ], [ -98.0639, 46.9684 ], [ -98.061, 46.9673 ], [ -98.0606, 46.9692 ], [ -98.0599, 46.9696 ], [ -98.0586, 46.9695 ], [ -98.0553, 46.9678 ], [ -98.0553, 46.9667 ], [ -98.0565, 46.9659 ], [ -98.0555, 46.9655 ], [ -98.0526, 46.9662 ], [ -98.0513, 46.9672 ], [ -98.0502, 46.9676 ], [ -98.0493, 46.967 ], [ -98.0493, 46.9664 ], [ -98.0523, 46.9647 ], [ -98.0497, 46.9639 ], [ -98.0488, 46.9639 ], [ -98.0479, 46.9644 ], [ -98.0464, 46.9658 ], [ -98.0425, 46.9659 ], [ -98.0418, 46.9655 ], [ -98.0419, 46.9633 ], [ -98.0414, 46.963 ], [ -98.0392, 46.9643 ], [ -98.0372, 46.9649 ], [ -98.0356, 46.9649 ], [ -98.0321, 46.9642 ], [ -98.0312, 46.9651 ], [ -98.0306, 46.9652 ], [ -98.0298, 46.9635 ], [ -98.0311, 46.9611 ], [ -98.0302, 46.9608 ], [ -98.0283, 46.961 ], [ -98.0248, 46.9603 ], [ -98.0237, 46.9586 ], [ -98.0223, 46.9579 ], [ -98.0212, 46.9583 ], [ -98.0198, 46.9594 ], [ -98.0187, 46.9591 ], [ -98.018, 46.9577 ], [ -98.0158, 46.9568 ], [ -98.0148, 46.9561 ], [ -98.0141, 46.9549 ], [ -98.0139, 46.9536 ], [ -98.0154, 46.9515 ], [ -98.0127, 46.9507 ], [ -98.009, 46.9483 ], [ -98.0082, 46.9468 ], [ -98.0087, 46.9455 ], [ -98.0081, 46.9454 ], [ -98.0055, 46.9459 ], [ -98.0032, 46.9453 ], [ -98.0017, 46.9453 ], [ -98.0004, 46.9459 ], [ -97.9992, 46.9459 ], [ -97.9988, 46.9451 ], [ -98.0001, 46.9443 ], [ -98.0003, 46.9439 ], [ -97.9997, 46.943 ], [ -97.9997, 46.942 ], [ -97.9988, 46.9414 ], [ -97.9969, 46.9413 ], [ -97.9956, 46.9408 ], [ -97.9952, 46.9405 ], [ -97.9951, 46.9393 ], [ -97.9945, 46.9389 ], [ -97.9996, 46.9393 ], [ -98.0027, 46.939 ], [ -98.0174, 46.9344 ], [ -98.0183, 46.935 ], [ -98.0594, 46.9353 ], [ -98.0595, 46.9083 ], [ -98.0399, 46.9077 ], [ -98.0301, 46.909 ], [ -98.0282, 46.9099 ], [ -98.0258, 46.9097 ], [ -98.0256, 46.9124 ], [ -98.0167, 46.9107 ], [ -98.0136, 46.9106 ], [ -98.01, 46.9111 ], [ -97.9996, 46.8988 ], [ -97.9974, 46.8974 ], [ -97.9968, 46.8964 ], [ -97.9972, 46.8681 ], [ -97.9977, 46.8659 ], [ -97.997, 46.8634 ], [ -97.9973, 46.8458 ], [ -97.9987, 46.8419 ], [ -97.9972, 46.8369 ], [ -97.9972, 46.8071 ], [ -97.9966, 46.8059 ], [ -97.9925, 46.803 ], [ -97.9919, 46.8019 ], [ -97.9918, 46.7925 ], [ -97.9914, 46.7913 ], [ -97.9896, 46.7901 ], [ -97.9883, 46.7899 ], [ -97.9847, 46.7899 ], [ -97.984, 46.7891 ], [ -97.9828, 46.7692 ], [ -97.9786, 46.7546 ], [ -97.979, 46.7514 ], [ -97.9801, 46.7485 ], [ -97.9801, 46.7423 ], [ -97.9814, 46.7306 ], [ -97.9803, 46.7267 ], [ -97.9767, 46.7215 ], [ -97.9761, 46.7198 ], [ -97.9763, 46.6988 ], [ -97.9771, 46.6904 ], [ -97.9767, 46.6878 ], [ -97.977, 46.6817 ], [ -97.975, 46.6772 ], [ -97.9754, 46.6759 ], [ -97.9773, 46.6739 ], [ -97.9775, 46.673 ], [ -97.9752, 46.667 ], [ -97.9756, 46.6653 ], [ -97.9769, 46.6628 ], [ -97.9763, 46.6306 ], [ -98.2195, 46.6312 ], [ -98.4391, 46.6311 ], [ -98.4389, 46.6891 ], [ -98.4393, 46.7471 ], [ -98.4388, 46.8203 ], [ -98.4397, 46.9796 ], [ -98.4675, 46.9796 ], [ -98.4671, 47.2404 ] ] ] } },
{ "type": "Feature", "properties": { "GEOIDFQ": "1400000US38003968200", "NAME": "9682", "NAMELSAD": "Census Tract 9682" }, "geometry": { "type": "Polygon", "coordinates": [ [ [ -98.0594, 46.9353 ], [ -98.018, 46.9349 ], [ -98.0164, 46.9328 ], [ -98.0158, 46.9285 ], [ -98.0151, 46.927 ], [ -98.0149, 46.9225 ], [ -98.0122, 46.9231 ], [ -98.0061, 46.9235 ], [ -97.98, 46.9235 ], [ -97.9719, 46.9226 ], [ -97.9686, 46.9218 ], [ -97.9657, 46.9203 ], [ -97.9646, 46.9183 ], [ -97.9646, 46.915 ], [ -97.9692, 46.9164 ], [ -97.9757, 46.9165 ], [ -97.9757, 46.9079 ], [ -97.9822, 46.9078 ], [ -98.0004, 46.9087 ], [ -98.0081, 46.9088 ], [ -98.0094, 46.91 ], [ -98.01, 46.9111 ], [ -98.0136, 46.9106 ], [ -98.0167, 46.9107 ], [ -98.0256, 46.9124 ], [ -98.0258, 46.9097 ], [ -98.0282, 46.9099 ], [ -98.0301, 46.909 ], [ -98.0399, 46.9077 ], [ -98.0595, 46.9083 ], [ -98.0594, 46.9353 ] ] ] } },
{ "type": "Feature", "properties": { "GEOIDFQ": "1400000US38003967900", "NAME": "9679", "NAMELSAD": "Census Tract 9679" }, "geometry": { "type": "Polygon", "coordinates": [ [ [ -98.1026, 47.0109 ], [ -98.1018, 47.0118 ], [ -98.1018, 47.0125 ], [ -98.1026, 47.0136 ], [ -98.1008, 47.0156 ], [ -98.1008, 47.0169 ], [ -98.0997, 47.0182 ], [ -98.0997, 47.0186 ], [ -98.1011, 47.0198 ], [ -98.1008, 47.0204 ], [ -98.0976, 47.0214 ], [ -98.0953, 47.0227 ], [ -98.0941, 47.024 ], [ -98.0921, 47.0253 ], [ -98.0886, 47.0261 ], [ -98.0862, 47.0275 ], [ -98.086, 47.0266 ], [ -98.0825, 47.028 ], [ -98.0798, 47.0297 ], [ -98.0795, 47.0304 ], [ -98.079, 47.0304 ], [ -98.0759, 47.0328 ], [ -98.0759, 47.0334 ], [ -98.0741, 47.0339 ], [ -98.0735, 47.0349 ], [ -98.0686, 47.0372 ], [ -98.0672, 47.0388 ], [ -98.0649, 47.0418 ], [ -98.0645, 47.0433 ], [ -98.0658, 47.0476 ], [ -98.0651, 47.0517 ], [ -98.0644, 47.0525 ], [ -98.0634, 47.0527 ], [ -98.0635, 47.054 ], [ -98.0631, 47.0548 ], [ -98.0608, 47.0575 ], [ -98.0582, 47.0599 ], [ -98.0535, 47.0624 ], [ -98.0521, 47.0626 ], [ -98.0512, 47.0632 ], [ -98.0492, 47.0635 ], [ -98.0492, 47.0639 ], [ -98.048, 47.0653 ], [ -98.0458, 47.0667 ], [ -98.044, 47.0673 ], [ -98.0428, 47.0689 ], [ -98.0395, 47.0712 ], [ -98.0383, 47.0725 ], [ -98.0362, 47.0734 ], [ -98.0337, 47.0752 ], [ -98.0292, 47.0773 ], [ -98.0285, 47.0779 ], [ -98.0273, 47.0778 ], [ -98.0269, 47.0786 ], [ -98.0253, 47.0787 ], [ -98.024, 47.0792 ], [ -98.0235, 47.0799 ], [ -98.0209, 47.0816 ], [ -98.0181, 47.0846 ], [ -98.017, 47.0853 ], [ -98.0162, 47.0873 ], [ -98.0155, 47.0882 ], [ -98.0144, 47.0914 ], [ -98.0126, 47.0933 ], [ -98.0126, 47.0945 ], [ -98.0106, 47.0978 ], [ -98.0112, 47.0978 ], [ -98.0123, 47.0972 ], [ -98.014, 47.0972 ], [ -98.016, 47.1001 ], [ -98.0167, 47.1006 ], [ -98.0168, 47.1014 ], [ -98.0186, 47.1018 ], [ -98.0194, 47.1026 ], [ -98.0205, 47.1029 ], [ -98.0214, 47.1041 ], [ -98.0249, 47.1058 ], [ -98.0254, 47.1066 ], [ -98.0259, 47.1066 ], [ -98.0258, 47.1072 ], [ -98.0273, 47.1077 ], [ -98.0295, 47.1099 ], [ -98.0308, 47.1129 ], [ -98.0323, 47.1147 ], [ -98.0325, 47.1158 ], [ -98.0322, 47.1168 ], [ -98.0328, 47.118 ], [ -98.0326, 47.1187 ], [ -98.033, 47.1189 ], [ -98.0328, 47.1199 ], [ -98.0336, 47.1208 ], [ -98.0335, 47.1217 ], [ -98.0341, 47.1229 ], [ -98.0333, 47.1238 ], [ -98.0337, 47.1246 ], [ -98.0331, 47.1261 ], [ -98.0318, 47.1275 ], [ -98.0286, 47.1284 ], [ -98.0278, 47.1292 ], [ -98.0267, 47.1295 ], [ -98.0246, 47.1311 ], [ -98.0246, 47.1314 ], [ -98.0251, 47.1314 ], [ -98.0278, 47.1308 ], [ -98.0289, 47.1312 ], [ -98.029, 47.1319 ], [ -98.0277, 47.1331 ], [ -98.0269, 47.1351 ], [ -98.027, 47.1359 ], [ -98.0264, 47.1367 ], [ -98.0238, 47.1385 ], [ -98.0223, 47.1388 ], [ -98.0212, 47.1402 ], [ -98.0188, 47.1421 ], [ -98.0183, 47.144 ], [ -98.0165, 47.1458 ], [ -98.0161, 47.1469 ], [ -98.0148, 47.1476 ], [ -98.015, 47.1485 ], [ -98.014, 47.1496 ], [ -98.0122, 47.1534 ], [ -98.0072, 47.1576 ], [ -98.0072, 47.1579 ], [ -98.0091, 47.1592 ], [ -98.0083, 47.1596 ], [ -98.0077, 47.1588 ], [ -98.006, 47.1586 ], [ -98.0003, 47.1616 ], [ -97.9993, 47.1617 ], [ -97.999, 47.162 ], [ -97.9969, 47.1627 ], [ -97.995, 47.1631 ], [ -97.9938, 47.1623 ], [ -97.9939, 47.1637 ], [ -97.9933, 47.1648 ], [ -97.992, 47.1661 ], [ -97.9911, 47.1662 ], [ -97.9889, 47.1673 ], [ -97.9866, 47.1696 ], [ -97.9841, 47.1709 ], [ -97.9835, 47.172 ], [ -97.982, 47.1725 ], [ -97.9799, 47.172 ], [ -97.979, 47.172 ], [ -97.9809, 47.173 ], [ -97.981, 47.1735 ], [ -97.9796, 47.1746 ], [ -97.9794, 47.1752 ], [ -97.9765, 47.1776 ], [ -97.9751, 47.1782 ], [ -97.966, 47.1849 ], [ -97.9652, 47.1858 ], [ -97.9642, 47.1862 ], [ -97.9607, 47.1895 ], [ -97.9615, 47.2306 ], [ -97.963, 47.2321 ], [ -97.963, 47.2329 ], [ -97.9638, 47.2336 ], [ -97.9659, 47.2344 ], [ -97.9671, 47.2343 ], [ -97.969, 47.2354 ], [ -97.9691, 47.2371 ], [ -97.9709, 47.2378 ], [ -97.9726, 47.2379 ], [ -97.9731, 47.2385 ], [ -97.9757, 47.2394 ], [ -97.9767, 47.2396 ], [ -97.9779, 47.239 ], [ -97.9792, 47.2391 ], [ -97.9805, 47.2405 ], [ -97.9612, 47.2403 ], [ -97.8829, 47.2406 ], [ -97.8554, 47.2403 ], [ -97.7059, 47.24 ], [ -97.7054, 47.0668 ], [ -97.7062, 46.9786 ], [ -97.6815, 46.9785 ], [ -97.682, 46.6299 ], [ -97.9763, 46.6306 ], [ -97.9769, 46.6628 ], [ -97.9756, 46.6653 ], [ -97.9752, 46.667 ], [ -97.9775, 46.673 ], [ -97.9773, 46.6739 ], [ -97.9754, 46.6759 ], [ -97.975, 46.6772 ], [ -97.977, 46.6817 ], [ -97.9767, 46.6878 ], [ -97.9771, 46.6904 ], [ -97.9763, 46.6988 ], [ -97.9761, 46.7198 ], [ -97.9767, 46.7215 ], [ -97.9803, 46.7267 ], [ -97.9814, 46.7306 ], [ -97.9801, 46.7423 ], [ -97.9801, 46.7485 ], [ -97.979, 46.7514 ], [ -97.9786, 46.7546 ], [ -97.9828, 46.7692 ], [ -97.984, 46.7891 ], [ -97.9847, 46.7899 ], [ -97.9883, 46.7899 ], [ -97.9896, 46.7901 ], [ -97.9914, 46.7913 ], [ -97.9918, 46.7925 ], [ -97.9919, 46.8019 ], [ -97.9925, 46.803 ], [ -97.9966, 46.8059 ], [ -97.9972, 46.8071 ], [ -97.9972, 46.8369 ], [ -97.9987, 46.8419 ], [ -97.9973, 46.8458 ], [ -97.997, 46.8634 ], [ -97.9977, 46.8659 ], [ -97.9972, 46.8681 ], [ -97.9968, 46.8964 ], [ -97.9974, 46.8974 ], [ -97.9996, 46.8988 ], [ -98.0081, 46.9088 ], [ -98.0004, 46.9087 ], [ -97.9822, 46.9078 ], [ -97.9757, 46.9079 ], [ -97.9757, 46.9165 ], [ -97.9692, 46.9164 ], [ -97.9646, 46.915 ], [ -97.9646, 46.9181 ], [ -97.9649, 46.9193 ], [ -97.9638, 46.9194 ], [ -97.9621, 46.919 ], [ -97.9553, 46.9194 ], [ -97.9544, 46.9212 ], [ -97.9545, 46.9356 ], [ -97.9945, 46.9389 ], [ -97.9951, 46.9393 ], [ -97.9952, 46.9405 ], [ -97.9956, 46.9408 ], [ -97.9969, 46.9413 ], [ -97.9988, 46.9414 ], [ -97.9997, 46.942 ], [ -97.9997, 46.943 ], [ -98.0003, 46.9439 ], [ -98.0001, 46.9443 ], [ -97.9988, 46.9451 ], [ -97.9992, 46.9459 ], [ -98.0004, 46.9459 ], [ -98.0017, 46.9453 ], [ -98.0032, 46.9453 ], [ -98.0055, 46.9459 ], [ -98.0081, 46.9454 ], [ -98.0087, 46.9455 ], [ -98.0082, 46.9468 ], [ -98.009, 46.9483 ], [ -98.0127, 46.9507 ], [ -98.0154, 46.9515 ], [ -98.0139, 46.9536 ], [ -98.0141, 46.9549 ], [ -98.0148, 46.9561 ], [ -98.0158, 46.9568 ], [ -98.018, 46.9577 ], [ -98.0187, 46.9591 ], [ -98.0198, 46.9594 ], [ -98.0212, 46.9583 ], [ -98.0223, 46.9579 ], [ -98.0237, 46.9586 ], [ -98.0248, 46.9603 ], [ -98.0283, 46.961 ], [ -98.0302, 46.9608 ], [ -98.0311, 46.9611 ], [ -98.0298, 46.9635 ], [ -98.0306, 46.9652 ], [ -98.0312, 46.9651 ], [ -98.0321, 46.9642 ], [ -98.0356, 46.9649 ], [ -98.0372, 46.9649 ], [ -98.0392, 46.9643 ], [ -98.0414, 46.963 ], [ -98.0419, 46.9633 ], [ -98.0418, 46.9655 ], [ -98.0425, 46.9659 ], [ -98.0464, 46.9658 ], [ -98.0479, 46.9644 ], [ -98.0488, 46.9639 ], [ -98.0497, 46.9639 ], [ -98.0523, 46.9647 ], [ -98.0493, 46.9664 ], [ -98.0493, 46.967 ], [ -98.0502, 46.9676 ], [ -98.0513, 46.9672 ], [ -98.0526, 46.9662 ], [ -98.0555, 46.9655 ], [ -98.0565, 46.9659 ], [ -98.0553, 46.9667 ], [ -98.0553, 46.9678 ], [ -98.0586, 46.9695 ], [ -98.0599, 46.9696 ], [ -98.0606, 46.9692 ], [ -98.061, 46.9673 ], [ -98.0639, 46.9684 ], [ -98.0647, 46.9697 ], [ -98.0675, 46.9712 ], [ -98.0684, 46.9721 ], [ -98.0705, 46.9755 ], [ -98.0708, 46.977 ], [ -98.0716, 46.9774 ], [ -98.0725, 46.9787 ], [ -98.0745, 46.9787 ], [ -98.0761, 46.9791 ], [ -98.0839, 46.9834 ], [ -98.0853, 46.9851 ], [ -98.0868, 46.9847 ], [ -98.0884, 46.9852 ], [ -98.0885, 46.9857 ], [ -98.0858, 46.9866 ], [ -98.0847, 46.9875 ], [ -98.0848, 46.9883 ], [ -98.0855, 46.9893 ], [ -98.0898, 46.9907 ], [ -98.0913, 46.9902 ], [ -98.0926, 46.9885 ], [ -98.0934, 46.9885 ], [ -98.094, 46.9888 ], [ -98.0952, 46.9912 ], [ -98.0965, 46.9925 ], [ -98.0961, 46.9946 ], [ -98.0976, 46.9956 ], [ -98.0987, 46.9974 ], [ -98.0989, 46.9988 ], [ -98.0978, 46.9996 ], [ -98.098, 47.0 ], [ -98.0971, 47.0008 ], [ -98.097, 47.0015 ], [ -98.0974, 47.0017 ], [ -98.0991, 47.0012 ], [ -98.1003, 47.0014 ], [ -98.102, 47.0044 ], [ -98.102, 47.005 ], [ -98.099, 47.0069 ], [ -98.0988, 47.0075 ], [ -98.1021, 47.0073 ], [ -98.1028, 47.0076 ], [ -98.1041, 47.0087 ], [ -98.1043, 47.0104 ], [ -98.1026, 47.0109 ] ] ] } },
{ "type": "Feature", "properties": { "GEOIDFQ": "1400000US38101010602", "NAME": "106.02", "NAMELSAD": "Census Tract 106.02" }, "geometry": { "type": "Polygon", "coordinates": [ [ [ -101.2958, 48.1928 ], [ -101.2959, 48.2077 ], [ -101.2924, 48.2079 ], [ -101.2888, 48.2085 ], [ -101.2785, 48.2112 ], [ -101.2611, 48.2119 ], [ -101.2563, 48.2117 ], [ -101.2498, 48.2094 ], [ -101.2485, 48.2092 ], [ -101.2467, 48.2093 ], [ -101.2446, 48.2103 ], [ -101.2225, 48.2281 ], [ -101.2189, 48.2292 ], [ -101.2094, 48.2292 ], [ -101.2097, 48.1966 ], [ -101.2163, 48.1964 ], [ -101.2248, 48.1965 ], [ -101.2296, 48.1998 ], [ -101.231, 48.1991 ], [ -101.2328, 48.1988 ], [ -101.2312, 48.1978 ], [ -101.2286, 48.1981 ], [ -101.2282, 48.1978 ], [ -101.2285, 48.1972 ], [ -101.2313, 48.1965 ], [ -101.2322, 48.1944 ], [ -101.2333, 48.1954 ], [ -101.2325, 48.1964 ], [ -101.2327, 48.1966 ], [ -101.234, 48.1962 ], [ -101.2361, 48.1962 ], [ -101.2366, 48.1967 ], [ -101.2366, 48.1975 ], [ -101.2373, 48.1979 ], [ -101.2376, 48.197 ], [ -101.238, 48.1968 ], [ -101.2384, 48.1969 ], [ -101.2395, 48.198 ], [ -101.2397, 48.1973 ], [ -101.2401, 48.1972 ], [ -101.2424, 48.1969 ], [ -101.2426, 48.1956 ], [ -101.2441, 48.1954 ], [ -101.2454, 48.1946 ], [ -101.2461, 48.196 ], [ -101.2487, 48.1951 ], [ -101.2497, 48.1952 ], [ -101.2498, 48.1958 ], [ -101.2491, 48.1965 ], [ -101.2491, 48.197 ], [ -101.2499, 48.1975 ], [ -101.25, 48.1987 ], [ -101.2507, 48.1988 ], [ -101.2522, 48.1982 ], [ -101.2529, 48.1984 ], [ -101.253, 48.199 ], [ -101.2522, 48.1997 ], [ -101.2527, 48.2 ], [ -101.2537, 48.1992 ], [ -101.2545, 48.1992 ], [ -101.255, 48.1983 ], [ -101.2561, 48.1983 ], [ -101.2558, 48.1976 ], [ -101.2567, 48.1969 ], [ -101.2566, 48.1962 ], [ -101.2582, 48.196 ], [ -101.2591, 48.1952 ], [ -101.2601, 48.1951 ], [ -101.2608, 48.1947 ], [ -101.26, 48.193 ], [ -101.2604, 48.1923 ], [ -101.2628, 48.1924 ], [ -101.2644, 48.1914 ], [ -101.2663, 48.191 ], [ -101.2659, 48.1906 ], [ -101.2661, 48.1903 ], [ -101.2676, 48.19 ], [ -101.2693, 48.19 ], [ -101.2695, 48.1904 ], [ -101.2691, 48.1915 ], [ -101.2705, 48.1924 ], [ -101.2719, 48.1926 ], [ -101.2743, 48.1922 ], [ -101.2751, 48.1927 ], [ -101.2746, 48.1931 ], [ -101.2746, 48.1935 ], [ -101.2758, 48.1936 ], [ -101.2768, 48.1945 ], [ -101.2782, 48.1947 ], [ -101.2802, 48.1942 ], [ -101.2826, 48.195 ], [ -101.2835, 48.1948 ], [ -101.2844, 48.1939 ], [ -101.285, 48.1939 ], [ -101.2853, 48.1941 ], [ -101.2867, 48.1937 ], [ -101.2863, 48.1925 ], [ -101.2877, 48.1917 ], [ -101.2867, 48.1915 ], [ -101.2864, 48.1906 ], [ -101.2885, 48.1885 ], [ -101.2917, 48.1889 ], [ -101.2937, 48.1883 ], [ -101.2946, 48.1889 ], [ -101.2963, 48.1892 ], [ -101.2958, 48.1928 ] ] ] } },
{ "type": "Feature", "properties": { "GEOIDFQ": "1400000US38101010702", "NAME": "107.02", "NAMELSAD": "Census Tract 107.02" }, "geometry": { "type": "Polygon", "coordinates": [ [ [ -101.2715, 48.2326 ], [ -101.2669, 48.2316 ], [ -101.2638, 48.2315 ], [ -101.2612, 48.2297 ], [ -101.2587, 48.2292 ], [ -101.218, 48.2292 ], [ -101.2209, 48.2288 ], [ -101.2234, 48.2276 ], [ -101.2446, 48.2103 ], [ -101.2465, 48.2094 ], [ -101.2518, 48.2136 ], [ -101.2548, 48.2178 ], [ -101.2615, 48.2221 ], [ -101.2674, 48.2254 ], [ -101.2723, 48.227 ], [ -101.2746, 48.2286 ], [ -101.283, 48.2315 ], [ -101.285, 48.2327 ], [ -101.2715, 48.2326 ] ] ] } },
{ "type": "Feature", "properties": { "GEOIDFQ": "1400000US38101010601", "NAME": "106.01", "NAMELSAD": "Census Tract 106.01" }, "geometry": { "type": "Polygon", "coordinates": [ [ [ -101.3419, 48.2222 ], [ -101.3397, 48.2216 ], [ -101.3258, 48.2131 ], [ -101.3225, 48.2117 ], [ -101.3012, 48.208 ], [ -101.2959, 48.2077 ], [ -101.2959, 48.1966 ], [ -101.3393, 48.1966 ], [ -101.3392, 48.2111 ], [ -101.3438, 48.2129 ], [ -101.3438, 48.2189 ], [ -101.3447, 48.22 ], [ -101.3447, 48.2224 ], [ -101.3419, 48.2222 ] ] ] } },
{ "type": "Feature", "properties": { "GEOIDFQ": "1400000US38101010701", "NAME": "107.01", "NAMELSAD": "Census Tract 107.01" }, "geometry": { "type": "Polygon", "coordinates": [ [ [ -101.296, 48.2255 ], [ -101.2798, 48.2255 ], [ -101.2794, 48.2288 ], [ -101.2786, 48.2299 ], [ -101.2746, 48.2286 ], [ -101.2723, 48.227 ], [ -101.2669, 48.2251 ], [ -101.2629, 48.223 ], [ -101.2555, 48.2183 ], [ -101.2543, 48.2174 ], [ -101.2518, 48.2136 ], [ -101.2465, 48.2094 ], [ -101.249, 48.2092 ], [ -101.2556, 48.2115 ], [ -101.2586, 48.2119 ], [ -101.2611, 48.2119 ], [ -101.2785, 48.2112 ], [ -101.2888, 48.2085 ], [ -101.2924, 48.2079 ], [ -101.2959, 48.2077 ], [ -101.296, 48.2255 ] ] ] } },
{ "type": "Feature", "properties": { "GEOIDFQ": "1400000US38101010902", "NAME": "109.02", "NAMELSAD": "Census Tract 109.02" }, "geometry": { "type": "Polygon", "coordinates": [ [ [ -101.3808, 48.4316 ], [ -101.3808, 48.4366 ], [ -101.361, 48.4369 ], [ -101.3546, 48.4442 ], [ -101.3426, 48.4442 ], [ -101.3427, 48.4296 ], [ -101.3418, 48.4296 ], [ -101.3415, 48.4286 ], [ -101.3405, 48.4275 ], [ -101.3195, 48.4177 ], [ -101.3178, 48.4173 ], [ -101.3159, 48.4174 ], [ -101.317, 48.4294 ], [ -101.3129, 48.4291 ], [ -101.3121, 48.4288 ], [ -101.3119, 48.4296 ], [ -101.3017, 48.4296 ], [ -101.3016, 48.4267 ], [ -101.2993, 48.4267 ], [ -101.2993, 48.4007 ], [ -101.3223, 48.4008 ], [ -101.3237, 48.3998 ], [ -101.3264, 48.3998 ], [ -101.3278, 48.4008 ], [ -101.3322, 48.4008 ], [ -101.3322, 48.3991 ], [ -101.3334, 48.3992 ], [ -101.3334, 48.3955 ], [ -101.3378, 48.3955 ], [ -101.3378, 48.4008 ], [ -101.3428, 48.401 ], [ -101.3427, 48.4061 ], [ -101.3514, 48.4101 ], [ -101.3528, 48.4087 ], [ -101.3532, 48.4089 ], [ -101.3541, 48.4093 ], [ -101.3527, 48.4107 ], [ -101.3626, 48.4153 ], [ -101.3645, 48.4153 ], [ -101.3645, 48.4143 ], [ -101.3675, 48.4143 ], [ -101.3675, 48.4167 ], [ -101.3754, 48.4204 ], [ -101.3754, 48.4207 ], [ -101.3781, 48.4207 ], [ -101.3781, 48.4216 ], [ -101.3808, 48.4216 ], [ -101.3809, 48.4225 ], [ -101.3863, 48.4225 ], [ -101.3863, 48.4252 ], [ -101.3876, 48.4252 ], [ -101.3877, 48.427 ], [ -101.389, 48.427 ], [ -101.389, 48.4297 ], [ -101.3918, 48.4297 ], [ -101.3918, 48.4315 ], [ -101.3808, 48.4316 ] ] ] } },
{ "type": "Feature", "properties": { "GEOIDFQ": "1400000US38101010901", "NAME": "109.01", "NAMELSAD": "Census Tract 109.01" }, "geometry": { "type": "Polygon", "coordinates": [ [ [ -101.3391, 48.4296 ], [ -101.339, 48.4333 ], [ -101.3341, 48.4334 ], [ -101.3332, 48.4333 ], [ -101.3332, 48.4298 ], [ -101.3208, 48.4297 ], [ -101.321, 48.4334 ], [ -101.3291, 48.4334 ], [ -101.3291, 48.437 ], [ -101.321, 48.437 ], [ -101.3208, 48.4373 ], [ -101.3208, 48.4367 ], [ -101.3201, 48.4369 ], [ -101.3149, 48.4369 ], [ -101.315, 48.4378 ], [ -101.3127, 48.4403 ], [ -101.3067, 48.4401 ], [ -101.3096, 48.437 ], [ -101.3155, 48.4338 ], [ -101.3155, 48.4331 ], [ -101.3165, 48.4324 ], [ -101.3172, 48.4313 ], [ -101.3159, 48.4174 ], [ -101.3178, 48.4173 ], [ -101.3195, 48.4177 ], [ -101.3389, 48.4267 ], [ -101.3405, 48.4275 ], [ -101.3415, 48.4286 ], [ -101.3418, 48.4296 ], [ -101.3391, 48.4296 ] ] ] } },
{ "type": "Feature", "properties": { "GEOIDFQ": "1400000US38025962200", "NAME": "9622", "NAMELSAD": "Census Tract 9622" }, "geometry": { "type": "Polygon", "coordinates": [ [ [ -103.0997, 47.6745 ], [ -103.027, 47.6742 ], [ -102.8754, 47.6745 ], [ -102.7921, 47.6741 ], [ -102.6427, 47.674 ], [ -102.6427, 47.75 ], [ -102.6423, 47.7743 ], [ -102.6428, 47.8043 ], [ -102.6423, 47.8237 ], [ -102.6312, 47.815 ], [ -102.6255, 47.808 ], [ -102.6249, 47.8068 ], [ -102.6232, 47.8055 ], [ -102.6122, 47.8005 ], [ -102.6065, 47.7983 ], [ -102.6036, 47.7976 ], [ -102.5966, 47.7951 ], [ -102.5923, 47.7928 ], [ -102.5836, 47.7889 ], [ -102.5728, 47.7846 ], [ -102.5667, 47.7818 ], [ -102.562, 47.7801 ], [ -102.5598, 47.7798 ], [ -102.5506, 47.7801 ], [ -102.5394, 47.7817 ], [ -102.5355, 47.7826 ], [ -102.5219, 47.7834 ], [ -102.5153, 47.7829 ], [ -102.5041, 47.7811 ], [ -102.5007, 47.78 ], [ -102.4991, 47.78 ], [ -102.4939, 47.778 ], [ -102.4879, 47.7747 ], [ -102.4817, 47.77 ], [ -102.473, 47.7649 ], [ -102.4711, 47.7641 ], [ -102.463, 47.7615 ], [ -102.4595, 47.7609 ], [ -102.4495, 47.7606 ], [ -102.4331, 47.7593 ], [ -102.4294, 47.7583 ], [ -102.4244, 47.7563 ], [ -102.4167, 47.7524 ], [ -102.4137, 47.7518 ], [ -102.4099, 47.7514 ], [ -102.4064, 47.7514 ], [ -102.4001, 47.7524 ], [ -102.3972, 47.7532 ], [ -102.3869, 47.7572 ], [ -102.3755, 47.7635 ], [ -102.3717, 47.7673 ], [ -102.3685, 47.7751 ], [ -102.3619, 47.7856 ], [ -102.3583, 47.7906 ], [ -102.3521, 47.7964 ], [ -102.3471, 47.7992 ], [ -102.3426, 47.8007 ], [ -102.3356, 47.8011 ], [ -102.3256, 47.7991 ], [ -102.3194, 47.7974 ], [ -102.3109, 47.7944 ], [ -102.3076, 47.7929 ], [ -102.2949, 47.7891 ], [ -102.2891, 47.7878 ], [ -102.2717, 47.7854 ], [ -102.2636, 47.7826 ], [ -102.261, 47.7814 ], [ -102.2597, 47.7796 ], [ -102.2583, 47.7762 ], [ -102.2579, 47.7739 ], [ -102.258, 47.7698 ], [ -102.2584, 47.7677 ], [ -102.2594, 47.7655 ], [ -102.2613, 47.7621 ], [ -102.2627, 47.7606 ], [ -102.2675, 47.7576 ], [ -102.2707, 47.7563 ], [ -102.2731, 47.756 ], [ -102.2859, 47.7571 ], [ -102.2881, 47.7567 ], [ -102.2895, 47.7562 ], [ -102.2908, 47.7551 ], [ -102.2913, 47.7528 ], [ -102.2906, 47.751 ], [ -102.2896, 47.75 ], [ -102.2878, 47.7439 ], [ -102.2866, 47.7413 ], [ -102.2851, 47.7388 ], [ -102.2821, 47.7356 ], [ -102.2751, 47.7315 ], [ -102.2632, 47.7271 ], [ -102.262, 47.7253 ], [ -102.2613, 47.7232 ], [ -102.2617, 47.7102 ], [ -102.2626, 47.7031 ], [ -102.2642, 47.6954 ], [ -102.2631, 47.6767 ], [ -102.2656, 47.6658 ], [ -102.2662, 47.6597 ], [ -102.266, 47.6558 ], [ -102.2644, 47.6489 ], [ -102.2635, 47.637 ], [ -102.2639, 47.6306 ], [ -102.2655, 47.6243 ], [ -102.265, 47.622 ], [ -102.2625, 47.6179 ], [ -102.2568, 47.6132 ], [ -102.2521, 47.6099 ], [ -102.2479, 47.608 ], [ -102.2365, 47.6014 ], [ -102.2303, 47.5974 ], [ -102.2265, 47.5939 ], [ -102.2239, 47.5896 ], [ -102.2219, 47.5873 ], [ -102.2173, 47.5841 ], [ -102.2115, 47.5789 ], [ -102.2053, 47.5745 ], [ -102.2055, 47.5317 ], [ -102.2058, 47.5273 ], [ -102.2053, 47.458 ], [ -102.2056, 47.3281 ], [ -102.1445, 47.3281 ], [ -102.1448, 47.0103 ], [ -102.5255, 47.0102 ], [ -102.5254, 46.9813 ], [ -102.5887, 46.9814 ], [ -102.6181, 46.9812 ], [ -102.6405, 46.9814 ], [ -102.6535, 46.9811 ], [ -102.7124, 46.9813 ], [ -102.7793, 46.9809 ], [ -103.0327, 46.9806 ], [ -103.0327, 47.0305 ], [ -103.0331, 47.0437 ], [ -103.0327, 47.0671 ], [ -103.033, 47.1397 ], [ -103.0329, 47.1833 ], [ -103.0325, 47.1976 ], [ -103.0328, 47.241 ], [ -103.0324, 47.3287 ], [ -103.0992, 47.3287 ], [ -103.0993, 47.4869 ], [ -103.0997, 47.5158 ], [ -103.0993, 47.5299 ], [ -103.0992, 47.5671 ], [ -103.0997, 47.6745 ] ] ] } },
{ "type": "Feature", "properties": { "GEOIDFQ": "1400000US38017000801", "NAME": "8.01", "NAMELSAD": "Census Tract 8.01" }, "geometry": { "type": "Polygon", "coordinates": [ [ [ -96.7983, 46.874 ], [ -96.7851, 46.8732 ], [ -96.7853, 46.8721 ], [ -96.7821, 46.8723 ], [ -96.7807, 46.8731 ], [ -96.7807, 46.8739 ], [ -96.7762, 46.8739 ], [ -96.7809, 46.8721 ], [ -96.7817, 46.8714 ], [ -96.7818, 46.8701 ], [ -96.7805, 46.8685 ], [ -96.7807, 46.8672 ], [ -96.784, 46.863 ], [ -96.784, 46.8617 ], [ -96.7984, 46.8616 ], [ -96.7983, 46.874 ] ] ] } },
{ "type": "Feature", "properties": { "GEOIDFQ": "1400000US38017000901", "NAME": "9.01", "NAMELSAD": "Census Tract 9.01" }, "geometry": { "type": "Polygon", "coordinates": [ [ [ -96.809, 46.8616 ], [ -96.784, 46.8617 ], [ -96.7824, 46.8601 ], [ -96.7776, 46.8575 ], [ -96.7761, 46.8555 ], [ -96.7759, 46.8546 ], [ -96.7765, 46.8539 ], [ -96.7777, 46.8538 ], [ -96.7837, 46.8557 ], [ -96.7844, 46.8557 ], [ -96.7853, 46.8552 ], [ -96.7856, 46.8542 ], [ -96.7846, 46.8521 ], [ -96.7835, 46.8513 ], [ -96.7815, 46.851 ], [ -96.7805, 46.8511 ], [ -96.7766, 46.8525 ], [ -96.775, 46.8525 ], [ -96.7741, 46.8522 ], [ -96.7732, 46.8513 ], [ -96.7736, 46.8503 ], [ -96.7743, 46.8498 ], [ -96.7786, 46.8488 ], [ -96.7807, 46.8476 ], [ -96.7927, 46.8489 ], [ -96.8091, 46.8474 ], [ -96.809, 46.8616 ] ] ] } },
{ "type": "Feature", "properties": { "GEOIDFQ": "1400000US38033962900", "NAME": "9629", "NAMELSAD": "Census Tract 9629" }, "geometry": { "type": "Polygon", "coordinates": [ [ [ -104.045, 47.0349 ], [ -104.0447, 47.1935 ], [ -104.0448, 47.2557 ], [ -104.0457, 47.2616 ], [ -104.045, 47.264 ], [ -104.0449, 47.2662 ], [ -104.045, 47.3301 ], [ -103.7919, 47.3297 ], [ -103.6947, 47.3292 ], [ -103.6667, 47.3294 ], [ -103.6675, 47.2794 ], [ -103.667, 47.2544 ], [ -103.6668, 47.153 ], [ -103.6673, 47.0519 ], [ -103.6671, 46.9798 ], [ -103.6096, 46.9799 ], [ -103.609, 46.9474 ], [ -103.6096, 46.7599 ], [ -103.609, 46.7165 ], [ -103.6093, 46.6298 ], [ -103.8009, 46.6297 ], [ -103.8009, 46.5407 ], [ -104.0452, 46.5409 ], [ -104.0453, 46.6995 ], [ -104.0458, 46.7142 ], [ -104.0455, 46.7429 ], [ -104.046, 46.8466 ], [ -104.045, 47.0349 ] ] ] } },
{ "type": "Feature", "properties": { "GEOIDFQ": "1400000US38097970200", "NAME": "9702", "NAMELSAD": "Census Tract 9702" }, "geometry": { "type": "Polygon", "coordinates": [ [ [ -97.4047, 47.5015 ], [ -97.4038, 47.5005 ], [ -97.4032, 47.5004 ], [ -97.4009, 47.5018 ], [ -97.3991, 47.5021 ], [ -97.3978, 47.5019 ], [ -97.3969, 47.5011 ], [ -97.3956, 47.5012 ], [ -97.3945, 47.5021 ], [ -97.3936, 47.5044 ], [ -97.3929, 47.5052 ], [ -97.3919, 47.5051 ], [ -97.3912, 47.5046 ], [ -97.3915, 47.502 ], [ -97.3907, 47.5016 ], [ -97.3892, 47.5018 ], [ -97.3895, 47.5029 ], [ -97.3873, 47.5026 ], [ -97.388, 47.5043 ], [ -97.3857, 47.5057 ], [ -97.3852, 47.5057 ], [ -97.3846, 47.5038 ], [ -97.3841, 47.5036 ], [ -97.383, 47.5038 ], [ -97.3825, 47.5051 ], [ -97.3804, 47.5054 ], [ -97.3797, 47.5054 ], [ -97.3776, 47.504 ], [ -97.3754, 47.5043 ], [ -97.375, 47.5049 ], [ -97.3776, 47.5065 ], [ -97.3787, 47.508 ], [ -97.3788, 47.5086 ], [ -97.377, 47.5099 ], [ -97.3765, 47.5099 ], [ -97.3754, 47.5088 ], [ -97.3735, 47.508 ], [ -97.372, 47.5067 ], [ -97.371, 47.5066 ], [ -97.3705, 47.5071 ], [ -97.3707, 47.5078 ], [ -97.3701, 47.5087 ], [ -97.3697, 47.5108 ], [ -97.3686, 47.5108 ], [ -97.3682, 47.513 ], [ -97.3047, 47.5125 ], [ -97.3046, 47.4908 ], [ -97.3065, 47.4906 ], [ -97.3064, 47.4835 ], [ -97.3261, 47.4835 ], [ -97.3467, 47.484 ], [ -97.368, 47.4836 ], [ -97.3892, 47.4838 ], [ -97.3892, 47.4983 ], [ -97.4005, 47.4986 ], [ -97.4034, 47.4996 ], [ -97.4057, 47.5011 ], [ -97.4056, 47.5015 ], [ -97.4047, 47.5015 ] ] ] } },
{ "type": "Feature", "properties": { "GEOIDFQ": "1400000US38059020301", "NAME": "203.01", "NAMELSAD": "Census Tract 203.01" }, "geometry": { "type": "Polygon", "coordinates": [ [ [ -100.8807, 46.827 ], [ -100.8702, 46.8284 ], [ -100.8682, 46.8294 ], [ -100.8631, 46.8294 ], [ -100.8601, 46.8287 ], [ -100.8409, 46.8221 ], [ -100.8372, 46.8216 ], [ -100.8341, 46.822 ], [ -100.8321, 46.8205 ], [ -100.8265, 46.8182 ], [ -100.8182, 46.8069 ], [ -100.8174, 46.8053 ], [ -100.8197, 46.7976 ], [ -100.8189, 46.7943 ], [ -100.8191, 46.7924 ], [ -100.8224, 46.7868 ], [ -100.8264, 46.781 ], [ -100.8291, 46.778 ], [ -100.8301, 46.7761 ], [ -100.8318, 46.7743 ], [ -100.8337, 46.7733 ], [ -100.8352, 46.772 ], [ -100.8378, 46.7692 ], [ -100.8392, 46.7665 ], [ -100.8393, 46.763 ], [ -100.8363, 46.7572 ], [ -100.8348, 46.7491 ], [ -100.8335, 46.7473 ], [ -100.8303, 46.7442 ], [ -100.826, 46.7414 ], [ -100.8176, 46.7374 ], [ -100.8115, 46.7359 ], [ -100.8056, 46.7355 ], [ -100.8138, 46.7348 ], [ -100.8279, 46.735 ], [ -100.8293, 46.7348 ], [ -100.8797, 46.7346 ], [ -100.8797, 46.7491 ], [ -100.8719, 46.7636 ], [ -100.8718, 46.768 ], [ -100.8713, 46.7686 ], [ -100.8707, 46.7687 ], [ -100.8726, 46.7763 ], [ -100.8724, 46.7781 ], [ -100.8717, 46.7795 ], [ -100.8671, 46.7838 ], [ -100.8591, 46.7879 ], [ -100.858, 46.7891 ], [ -100.8574, 46.7909 ], [ -100.8578, 46.7929 ], [ -100.8599, 46.7979 ], [ -100.8648, 46.8042 ], [ -100.8674, 46.8068 ], [ -100.8783, 46.8161 ], [ -100.8806, 46.8192 ], [ -100.8807, 46.827 ] ] ] } },
{ "type": "Feature", "properties": { "GEOIDFQ": "1400000US38059020303", "NAME": "203.03", "NAMELSAD": "Census Tract 203.03" }, "geometry": { "type": "Polygon", "coordinates": [ [ [ -100.9663, 46.7969 ], [ -100.9666, 46.7973 ], [ -100.9657, 46.7988 ], [ -100.9653, 46.7992 ], [ -100.9645, 46.7986 ], [ -100.9636, 46.7994 ], [ -100.9649, 46.8002 ], [ -100.9653, 46.8318 ], [ -100.9266, 46.8237 ], [ -100.9233, 46.8233 ], [ -100.919, 46.8234 ], [ -100.9116, 46.8242 ], [ -100.9109, 46.8229 ], [ -100.8807, 46.827 ], [ -100.8807, 46.8194 ], [ -100.8794, 46.8175 ], [ -100.8834, 46.8169 ], [ -100.8876, 46.8166 ], [ -100.8907, 46.8159 ], [ -100.8972, 46.8162 ], [ -100.8992, 46.8161 ], [ -100.9004, 46.8159 ], [ -100.9026, 46.8148 ], [ -100.9049, 46.8146 ], [ -100.9056, 46.8071 ], [ -100.9081, 46.7989 ], [ -100.9082, 46.797 ], [ -100.9079, 46.7955 ], [ -100.9058, 46.7914 ], [ -100.9026, 46.7869 ], [ -100.9018, 46.7851 ], [ -100.9015, 46.7635 ], [ -100.9644, 46.7626 ], [ -100.965, 46.7934 ], [ -100.9664, 46.7947 ], [ -100.9667, 46.7961 ], [ -100.9663, 46.7969 ] ] ] } },
{ "type": "Feature", "properties": { "GEOIDFQ": "1400000US38059020302", "NAME": "203.02", "NAMELSAD": "Census Tract 203.02" }, "geometry": { "type": "Polygon", "coordinates": [ [ [ -100.9056, 46.8071 ], [ -100.9049, 46.8146 ], [ -100.9026, 46.8148 ], [ -100.9004, 46.8159 ], [ -100.8992, 46.8161 ], [ -100.8972, 46.8162 ], [ -100.8907, 46.8159 ], [ -100.8876, 46.8166 ], [ -100.8834, 46.8169 ], [ -100.8794, 46.8175 ], [ -100.8779, 46.8157 ], [ -100.8653, 46.8048 ], [ -100.8599, 46.7979 ], [ -100.8575, 46.7916 ], [ -100.8578, 46.7895 ], [ -100.8591, 46.7879 ], [ -100.8671, 46.7838 ], [ -100.8721, 46.7789 ], [ -100.8726, 46.7763 ], [ -100.8707, 46.7687 ], [ -100.8713, 46.7686 ], [ -100.8718, 46.768 ], [ -100.8719, 46.7636 ], [ -100.8827, 46.7635 ], [ -100.886, 46.7622 ], [ -100.8889, 46.7618 ], [ -100.8914, 46.7621 ], [ -100.8956, 46.7635 ], [ -100.9015, 46.7635 ], [ -100.9018, 46.7851 ], [ -100.9026, 46.7869 ], [ -100.905, 46.7902 ], [ -100.9075, 46.7948 ], [ -100.9082, 46.7976 ], [ -100.9056, 46.8071 ] ] ] } },
{ "type": "Feature", "properties": { "GEOIDFQ": "1400000US38089963800", "NAME": "9638", "NAMELSAD": "Census Tract 9638" }, "geometry": { "type": "Polygon", "coordinates": [ [ [ -102.8241, 46.8752 ], [ -102.797, 46.8778 ], [ -102.787, 46.8784 ], [ -102.7501, 46.8756 ], [ -102.7441, 46.8743 ], [ -102.7298, 46.8695 ], [ -102.7331, 46.8598 ], [ -102.7381, 46.8586 ], [ -102.7475, 46.8572 ], [ -102.7475, 46.8392 ], [ -102.7798, 46.839 ], [ -102.8093, 46.8431 ], [ -102.8108, 46.8431 ], [ -102.8108, 46.8615 ], [ -102.8056, 46.8616 ], [ -102.8056, 46.8657 ], [ -102.8073, 46.8656 ], [ -102.8086, 46.8643 ], [ -102.8098, 46.8638 ], [ -102.8117, 46.8636 ], [ -102.8125, 46.8641 ], [ -102.8131, 46.8656 ], [ -102.8153, 46.8675 ], [ -102.8175, 46.8685 ], [ -102.8185, 46.8684 ], [ -102.8185, 46.8676 ], [ -102.8158, 46.866 ], [ -102.8154, 46.8639 ], [ -102.8132, 46.8627 ], [ -102.8133, 46.862 ], [ -102.8147, 46.8609 ], [ -102.8162, 46.861 ], [ -102.8165, 46.8612 ], [ -102.8165, 46.8632 ], [ -102.8171, 46.8636 ], [ -102.8208, 46.8633 ], [ -102.822, 46.8639 ], [ -102.8223, 46.8649 ], [ -102.8231, 46.8657 ], [ -102.8224, 46.868 ], [ -102.8229, 46.8687 ], [ -102.8241, 46.8685 ], [ -102.8252, 46.8675 ], [ -102.8261, 46.8675 ], [ -102.8275, 46.8669 ], [ -102.8288, 46.8669 ], [ -102.8301, 46.8676 ], [ -102.8314, 46.8675 ], [ -102.8326, 46.8682 ], [ -102.8329, 46.8698 ], [ -102.835, 46.8713 ], [ -102.8241, 46.8752 ] ] ] } },
{ "type": "Feature", "properties": { "GEOIDFQ": "1400000US38095951500", "NAME": "9515", "NAMELSAD": "Census Tract 9515" }, "geometry": { "type": "Polygon", "coordinates": [ [ [ -99.5255, 48.9211 ], [ -99.5258, 48.9994 ], [ -98.9998, 49.0 ], [ -99.0005, 48.8919 ], [ -99.0001, 48.8912 ], [ -99.0008, 48.8195 ], [ -99.0004, 48.7327 ], [ -98.9999, 48.7181 ], [ -98.9704, 48.7181 ], [ -98.9703, 48.5709 ], [ -98.9708, 48.3704 ], [ -99.4929, 48.3709 ], [ -99.4934, 48.3737 ], [ -99.493, 48.7184 ], [ -99.5259, 48.7184 ], [ -99.526, 48.8586 ], [ -99.5255, 48.9211 ] ] ] } },
{ "type": "Feature", "properties": { "GEOIDFQ": "1400000US38017000501", "NAME": "5.01", "NAMELSAD": "Census Tract 5.01" }, "geometry": { "type": "Polygon", "coordinates": [ [ [ -96.7938, 46.8904 ], [ -96.7755, 46.8903 ], [ -96.7745, 46.8898 ], [ -96.7741, 46.8857 ], [ -96.7736, 46.8847 ], [ -96.7724, 46.8842 ], [ -96.7715, 46.8842 ], [ -96.7682, 46.885 ], [ -96.7678, 46.8847 ], [ -96.7673, 46.8835 ], [ -96.7684, 46.8795 ], [ -96.7695, 46.8777 ], [ -96.7707, 46.8773 ], [ -96.7713, 46.8774 ], [ -96.772, 46.8782 ], [ -96.7713, 46.8806 ], [ -96.7722, 46.8815 ], [ -96.7729, 46.8813 ], [ -96.7755, 46.8791 ], [ -96.7771, 46.8804 ], [ -96.7791, 46.8811 ], [ -96.7897, 46.8812 ], [ -96.794, 46.8818 ], [ -96.7938, 46.8904 ] ] ] } },
{ "type": "Feature", "properties": { "GEOIDFQ": "1400000US38017000502", "NAME": "5.02", "NAMELSAD": "Census Tract 5.02" }, "geometry": { "type": "Polygon", "coordinates": [ [ [ -96.7938, 46.8904 ], [ -96.794, 46.8818 ], [ -96.797, 46.8823 ], [ -96.797, 46.8832 ], [ -96.8018, 46.8832 ], [ -96.8033, 46.8837 ], [ -96.8107, 46.887 ], [ -96.8153, 46.8904 ], [ -96.7938, 46.8904 ] ] ] } },
{ "type": "Feature", "properties": { "GEOIDFQ": "1400000US38017010107", "NAME": "101.07", "NAMELSAD": "Census Tract 101.07" }, "geometry": { "type": "Polygon", "coordinates": [ [ [ -96.8828, 46.8975 ], [ -96.8633, 46.9047 ], [ -96.8614, 46.9048 ], [ -96.8395, 46.8969 ], [ -96.8396, 46.8859 ], [ -96.8419, 46.866 ], [ -96.8447, 46.8667 ], [ -96.8535, 46.8668 ], [ -96.8572, 46.866 ], [ -96.8599, 46.8668 ], [ -96.8619, 46.8669 ], [ -96.8616, 46.8763 ], [ -96.8828, 46.8766 ], [ -96.8828, 46.8975 ] ] ] } },
{ "type": "Feature", "properties": { "GEOIDFQ": "1400000US38051972900", "NAME": "9729", "NAMELSAD": "Census Tract 9729" }, "geometry": { "type": "Polygon", "coordinates": [ [ [ -99.8789, 46.1733 ], [ -99.8785, 46.1753 ], [ -99.8784, 46.188 ], [ -99.8784, 46.2156 ], [ -99.8789, 46.2293 ], [ -99.8786, 46.2311 ], [ -99.8784, 46.2828 ], [ -99.865, 46.283 ], [ -99.7524, 46.2824 ], [ -99.7124, 46.2828 ], [ -99.3933, 46.2835 ], [ -99.1471, 46.2829 ], [ -99.038, 46.283 ], [ -99.0376, 46.2832 ], [ -99.0373, 46.2829 ], [ -99.0031, 46.2829 ], [ -99.0035, 46.2779 ], [ -99.0031, 46.2588 ], [ -99.0035, 46.1283 ], [ -99.004, 46.125 ], [ -99.0041, 46.114 ], [ -99.0046, 46.0156 ], [ -99.0058, 45.9397 ], [ -99.0974, 45.94 ], [ -99.4428, 45.9403 ], [ -99.6116, 45.9411 ], [ -99.7489, 45.9408 ], [ -99.8498, 45.9411 ], [ -99.8801, 45.9414 ], [ -99.8789, 46.1733 ] ] ] } },
{ "type": "Feature", "properties": { "GEOIDFQ": "1400000US38031959600", "NAME": "9596", "NAMELSAD": "Census Tract 9596" }, "geometry": { "type": "Polygon", "coordinates": [ [ [ -99.2658, 47.5876 ], [ -99.1373, 47.5878 ], [ -98.8628, 47.5872 ], [ -98.7562, 47.5876 ], [ -98.6503, 47.5873 ], [ -98.5001, 47.5872 ], [ -98.4998, 47.5496 ], [ -98.5003, 47.5295 ], [ -98.4998, 47.5292 ], [ -98.5001, 47.4955 ], [ -98.4992, 47.3265 ], [ -98.8012, 47.3267 ], [ -98.8022, 47.3267 ], [ -98.8025, 47.3264 ], [ -98.8071, 47.3269 ], [ -98.8524, 47.3267 ], [ -99.2662, 47.327 ], [ -99.2658, 47.5876 ] ] ] } },
{ "type": "Feature", "properties": { "GEOIDFQ": "1400000US38053962400", "NAME": "9624", "NAMELSAD": "Census Tract 9624" }, "geometry": { "type": "Polygon", "coordinates": [ [ [ -103.3046, 47.8192 ], [ -103.2951, 47.8194 ], [ -103.2872, 47.8191 ], [ -103.2191, 47.8189 ], [ -103.2191, 47.7901 ], [ -103.2411, 47.7901 ], [ -103.246, 47.7894 ], [ -103.2503, 47.7901 ], [ -103.262, 47.7902 ], [ -103.2619, 47.7853 ], [ -103.2627, 47.7839 ], [ -103.262, 47.7827 ], [ -103.2619, 47.7758 ], [ -103.2831, 47.7757 ], [ -103.2834, 47.7765 ], [ -103.2857, 47.7777 ], [ -103.3032, 47.7893 ], [ -103.3046, 47.7893 ], [ -103.3046, 47.8192 ] ] ] } },
{ "type": "Feature", "properties": { "GEOIDFQ": "1400000US38015011001", "NAME": "110.01", "NAMELSAD": "Census Tract 110.01" }, "geometry": { "type": "Polygon", "coordinates": [ [ [ -100.7722, 46.866 ], [ -100.7727, 46.8717 ], [ -100.7719, 46.8815 ], [ -100.7362, 46.8815 ], [ -100.7338, 46.8814 ], [ -100.7323, 46.881 ], [ -100.7309, 46.8799 ], [ -100.7303, 46.8783 ], [ -100.7305, 46.8312 ], [ -100.7728, 46.8313 ], [ -100.7722, 46.866 ] ] ] } },
{ "type": "Feature", "properties": { "GEOIDFQ": "1400000US38029966500", "NAME": "9665", "NAMELSAD": "Census Tract 9665" }, "geometry": { "type": "Polygon", "coordinates": [ [ [ -100.5936, 46.635 ], [ -100.4594, 46.6343 ], [ -100.3753, 46.6343 ], [ -100.3419, 46.634 ], [ -100.3258, 46.6342 ], [ -100.2699, 46.6338 ], [ -100.2315, 46.634 ], [ -100.1616, 46.6336 ], [ -100.1443, 46.6337 ], [ -100.1252, 46.6334 ], [ -100.1233, 46.6337 ], [ -100.0861, 46.6335 ], [ -100.0206, 46.633 ], [ -99.9784, 46.6329 ], [ -99.955, 46.6332 ], [ -99.9156, 46.6329 ], [ -99.9168, 46.4618 ], [ -99.9172, 46.2837 ], [ -99.9168, 46.2832 ], [ -99.907, 46.283 ], [ -99.8784, 46.2831 ], [ -99.8786, 46.2311 ], [ -99.8789, 46.2293 ], [ -99.8784, 46.2156 ], [ -99.8784, 46.188 ], [ -99.8785, 46.1753 ], [ -99.8789, 46.1733 ], [ -99.8801, 45.9414 ], [ -100.1254, 45.9422 ], [ -100.2468, 45.943 ], [ -100.2844, 45.9429 ], [ -100.3082, 45.9433 ], [ -100.369, 45.9434 ], [ -100.3788, 45.9432 ], [ -100.4175, 45.9435 ], [ -100.5119, 45.9437 ], [ -100.5118, 45.9478 ], [ -100.5088, 45.9523 ], [ -100.5077, 45.9553 ], [ -100.5067, 45.9616 ], [ -100.507, 45.9665 ], [ -100.511, 45.9739 ], [ -100.5166, 45.9823 ], [ -100.5219, 45.9894 ], [ -100.5276, 45.9962 ], [ -100.531, 45.9993 ], [ -100.5313, 46.0 ], [ -100.5331, 46.0005 ], [ -100.541, 46.0011 ], [ -100.55, 46.0034 ], [ -100.5566, 46.0062 ], [ -100.5619, 46.0097 ], [ -100.5678, 46.0162 ], [ -100.5746, 46.0263 ], [ -100.5792, 46.0301 ], [ -100.5913, 46.0427 ], [ -100.5951, 46.0455 ], [ -100.6, 46.0499 ], [ -100.6059, 46.0566 ], [ -100.6098, 46.0621 ], [ -100.6118, 46.0656 ], [ -100.6145, 46.0718 ], [ -100.617, 46.0828 ], [ -100.6171, 46.0879 ], [ -100.6163, 46.0911 ], [ -100.6137, 46.098 ], [ -100.6139, 46.1076 ], [ -100.6146, 46.1123 ], [ -100.6153, 46.1144 ], [ -100.6172, 46.1171 ], [ -100.6263, 46.127 ], [ -100.628, 46.1299 ], [ -100.629, 46.1341 ], [ -100.6293, 46.1377 ], [ -100.6291, 46.1456 ], [ -100.6261, 46.1528 ], [ -100.6183, 46.1659 ], [ -100.5974, 46.1899 ], [ -100.593, 46.1956 ], [ -100.5876, 46.1999 ], [ -100.5844, 46.203 ], [ -100.578, 46.2068 ], [ -100.5753, 46.2094 ], [ -100.569, 46.2187 ], [ -100.5645, 46.2268 ], [ -100.5612, 46.2318 ], [ -100.5588, 46.2367 ], [ -100.5576, 46.2416 ], [ -100.5585, 46.25 ], [ -100.5664, 46.257 ], [ -100.5786, 46.2707 ], [ -100.5809, 46.2743 ], [ -100.5817, 46.2773 ], [ -100.581, 46.2803 ], [ -100.5766, 46.287 ], [ -100.5752, 46.2888 ], [ -100.5699, 46.2934 ], [ -100.5667, 46.2972 ], [ -100.5591, 46.308 ], [ -100.5533, 46.3194 ], [ -100.5492, 46.3293 ], [ -100.5486, 46.3333 ], [ -100.5495, 46.3407 ], [ -100.5503, 46.3576 ], [ -100.5512, 46.3635 ], [ -100.5555, 46.3743 ], [ -100.5563, 46.3752 ], [ -100.5594, 46.3817 ], [ -100.5686, 46.3948 ], [ -100.5736, 46.4043 ], [ -100.578, 46.4109 ], [ -100.5808, 46.416 ], [ -100.5882, 46.4246 ], [ -100.5902, 46.4279 ], [ -100.59, 46.4283 ], [ -100.5943, 46.4347 ], [ -100.5953, 46.4355 ], [ -100.5972, 46.4391 ], [ -100.598, 46.4419 ], [ -100.5986, 46.4477 ], [ -100.5981, 46.4513 ], [ -100.5924, 46.4662 ], [ -100.5912, 46.473 ], [ -100.5909, 46.4789 ], [ -100.59, 46.4826 ], [ -100.5866, 46.4927 ], [ -100.5833, 46.4993 ], [ -100.5787, 46.5056 ], [ -100.5747, 46.5078 ], [ -100.5709, 46.509 ], [ -100.5628, 46.512 ], [ -100.5588, 46.5142 ], [ -100.5507, 46.5196 ], [ -100.5458, 46.5252 ], [ -100.5441, 46.5304 ], [ -100.5446, 46.5338 ], [ -100.558, 46.5457 ], [ -100.5685, 46.556 ], [ -100.5763, 46.5626 ], [ -100.587, 46.5734 ], [ -100.5878, 46.5766 ], [ -100.5857, 46.5792 ], [ -100.5809, 46.5806 ], [ -100.5762, 46.5789 ], [ -100.5714, 46.5777 ], [ -100.5654, 46.5784 ], [ -100.5611, 46.5843 ], [ -100.561, 46.5878 ], [ -100.5681, 46.594 ], [ -100.5847, 46.5995 ], [ -100.6018, 46.6037 ], [ -100.6254, 46.6122 ], [ -100.6295, 46.6142 ], [ -100.641, 46.6227 ], [ -100.6535, 46.6292 ], [ -100.6606, 46.6334 ], [ -100.662, 46.6346 ], [ -100.5936, 46.635 ] ] ] } },
{ "type": "Feature", "properties": { "GEOIDFQ": "1400000US38061940400", "NAME": "9404", "NAMELSAD": "Census Tract 9404" }, "geometry": { "type": "MultiPolygon", "coordinates": [ [ [ [ -102.6547, 47.8694 ], [ -102.655, 47.875 ], [ -102.6497, 47.8824 ], [ -102.6487, 47.8986 ], [ -102.6479, 47.9016 ], [ -102.6448, 47.9067 ], [ -102.6327, 47.9173 ], [ -102.6277, 47.9239 ], [ -102.6255, 47.9262 ], [ -102.6215, 47.9289 ], [ -102.616, 47.9347 ], [ -102.6126, 47.9377 ], [ -102.6105, 47.9391 ], [ -102.6053, 47.9417 ], [ -102.5956, 47.9457 ], [ -102.589, 47.9492 ], [ -102.5806, 47.9548 ], [ -102.5736, 47.9611 ], [ -102.5637, 47.9717 ], [ -102.5591, 47.9797 ], [ -102.5554, 47.9847 ], [ -102.5516, 47.9916 ], [ -102.5516, 47.9961 ], [ -102.553, 47.9986 ], [ -102.3754, 47.9987 ], [ -102.2571, 47.9985 ], [ -102.2504, 47.9991 ], [ -102.2452, 47.999 ], [ -102.248, 47.9983 ], [ -102.25, 47.9985 ], [ -102.2515, 47.9982 ], [ -102.2525, 47.9974 ], [ -102.2518, 47.996 ], [ -102.2522, 47.9952 ], [ -102.2559, 47.9959 ], [ -102.2572, 47.9958 ], [ -102.2588, 47.995 ], [ -102.2597, 47.9932 ], [ -102.2619, 47.9935 ], [ -102.2625, 47.992 ], [ -102.2611, 47.9911 ], [ -102.2612, 47.9903 ], [ -102.2604, 47.9898 ], [ -102.2606, 47.9893 ], [ -102.2641, 47.989 ], [ -102.2656, 47.9882 ], [ -102.2675, 47.9896 ], [ -102.2681, 47.9896 ], [ -102.2674, 47.9866 ], [ -102.2667, 47.9854 ], [ -102.2676, 47.985 ], [ -102.2682, 47.9842 ], [ -102.2709, 47.9836 ], [ -102.2717, 47.9829 ], [ -102.2713, 47.9815 ], [ -102.2684, 47.9802 ], [ -102.2692, 47.979 ], [ -102.2705, 47.9787 ], [ -102.2719, 47.9789 ], [ -102.2744, 47.9782 ], [ -102.2752, 47.9769 ], [ -102.2742, 47.9755 ], [ -102.2771, 47.9733 ], [ -102.2781, 47.9735 ], [ -102.2785, 47.9741 ], [ -102.2796, 47.9748 ], [ -102.2803, 47.9745 ], [ -102.2806, 47.972 ], [ -102.2811, 47.9715 ], [ -102.2827, 47.9713 ], [ -102.2854, 47.9719 ], [ -102.2866, 47.9713 ], [ -102.2867, 47.9693 ], [ -102.2876, 47.9691 ], [ -102.2888, 47.9695 ], [ -102.2896, 47.9693 ], [ -102.29, 47.9684 ], [ -102.2887, 47.967 ], [ -102.2904, 47.9665 ], [ -102.2918, 47.9667 ], [ -102.292, 47.9662 ], [ -102.2909, 47.9654 ], [ -102.2895, 47.9652 ], [ -102.2885, 47.9654 ], [ -102.2875, 47.9647 ], [ -102.2876, 47.964 ], [ -102.2893, 47.9628 ], [ -102.2894, 47.9624 ], [ -102.2885, 47.9616 ], [ -102.2873, 47.9624 ], [ -102.2867, 47.9624 ], [ -102.2868, 47.9619 ], [ -102.2888, 47.9608 ], [ -102.2884, 47.9601 ], [ -102.2865, 47.96 ], [ -102.2853, 47.9604 ], [ -102.285, 47.96 ], [ -102.2851, 47.9586 ], [ -102.2864, 47.9578 ], [ -102.2858, 47.9562 ], [ -102.286, 47.9554 ], [ -102.2896, 47.9536 ], [ -102.2914, 47.9533 ], [ -102.2944, 47.9513 ], [ -102.2949, 47.948 ], [ -102.2961, 47.9472 ], [ -102.2943, 47.9472 ], [ -102.2945, 47.946 ], [ -102.294, 47.946 ], [ -102.2917, 47.9471 ], [ -102.2913, 47.9471 ], [ -102.2911, 47.9466 ], [ -102.2927, 47.9444 ], [ -102.2968, 47.941 ], [ -102.3005, 47.9373 ], [ -102.3006, 47.9351 ], [ -102.2991, 47.9327 ], [ -102.2989, 47.9316 ], [ -102.3012, 47.9308 ], [ -102.3033, 47.9313 ], [ -102.3049, 47.9312 ], [ -102.3061, 47.931 ], [ -102.3072, 47.9302 ], [ -102.3072, 47.9288 ], [ -102.309, 47.9276 ], [ -102.3103, 47.9259 ], [ -102.3102, 47.9248 ], [ -102.3096, 47.924 ], [ -102.3113, 47.9209 ], [ -102.3117, 47.9206 ], [ -102.3117, 47.9194 ], [ -102.3136, 47.9179 ], [ -102.3152, 47.9146 ], [ -102.3152, 47.9119 ], [ -102.3131, 47.907 ], [ -102.3134, 47.9061 ], [ -102.3148, 47.9064 ], [ -102.3142, 47.9055 ], [ -102.313, 47.9053 ], [ -102.3118, 47.9047 ], [ -102.3111, 47.9048 ], [ -102.3115, 47.9062 ], [ -102.3112, 47.9074 ], [ -102.3086, 47.9097 ], [ -102.3077, 47.91 ], [ -102.3067, 47.908 ], [ -102.3069, 47.9059 ], [ -102.3061, 47.9059 ], [ -102.3047, 47.9071 ], [ -102.304, 47.9071 ], [ -102.3036, 47.9068 ], [ -102.3054, 47.902 ], [ -102.3073, 47.8996 ], [ -102.3069, 47.8987 ], [ -102.3045, 47.8986 ], [ -102.304, 47.897 ], [ -102.3053, 47.8944 ], [ -102.3077, 47.8915 ], [ -102.3078, 47.8891 ], [ -102.3085, 47.8872 ], [ -102.3074, 47.8853 ], [ -102.3078, 47.8823 ], [ -102.307, 47.8811 ], [ -102.3048, 47.8792 ], [ -102.3031, 47.8772 ], [ -102.3013, 47.8764 ], [ -102.2987, 47.8759 ], [ -102.298, 47.875 ], [ -102.2982, 47.8746 ], [ -102.3009, 47.8735 ], [ -102.3013, 47.8731 ], [ -102.3013, 47.872 ], [ -102.3031, 47.8712 ], [ -102.3036, 47.87 ], [ -102.303, 47.8696 ], [ -102.299, 47.8698 ], [ -102.2954, 47.8652 ], [ -102.2951, 47.861 ], [ -102.2947, 47.8594 ], [ -102.2936, 47.8583 ], [ -102.2934, 47.8575 ], [ -102.2918, 47.8562 ], [ -102.287, 47.8533 ], [ -102.2854, 47.851 ], [ -102.2836, 47.8493 ], [ -102.2828, 47.8475 ], [ -102.3856, 47.8478 ], [ -102.3858, 47.758 ], [ -102.3878, 47.7568 ], [ -102.3972, 47.7532 ], [ -102.4001, 47.7524 ], [ -102.4064, 47.7514 ], [ -102.4099, 47.7514 ], [ -102.4154, 47.752 ], [ -102.4182, 47.753 ], [ -102.4244, 47.7563 ], [ -102.4294, 47.7583 ], [ -102.4331, 47.7593 ], [ -102.4495, 47.7606 ], [ -102.4595, 47.7609 ], [ -102.463, 47.7615 ], [ -102.473, 47.7649 ], [ -102.4831, 47.7709 ], [ -102.4879, 47.7747 ], [ -102.4955, 47.7788 ], [ -102.4991, 47.78 ], [ -102.5007, 47.78 ], [ -102.5041, 47.7811 ], [ -102.5123, 47.7825 ], [ -102.5219, 47.7834 ], [ -102.5355, 47.7826 ], [ -102.5394, 47.7817 ], [ -102.5506, 47.7801 ], [ -102.556, 47.7798 ], [ -102.5598, 47.7798 ], [ -102.562, 47.7801 ], [ -102.5667, 47.7818 ], [ -102.5728, 47.7846 ], [ -102.5836, 47.7889 ], [ -102.5923, 47.7928 ], [ -102.5966, 47.7951 ], [ -102.6036, 47.7976 ], [ -102.6065, 47.7983 ], [ -102.6122, 47.8005 ], [ -102.6216, 47.8047 ], [ -102.6245, 47.8064 ], [ -102.6312, 47.815 ], [ -102.6414, 47.8231 ], [ -102.6449, 47.8252 ], [ -102.6464, 47.8266 ], [ -102.6484, 47.8299 ], [ -102.6503, 47.8354 ], [ -102.651, 47.8391 ], [ -102.6547, 47.8518 ], [ -102.6562, 47.8618 ], [ -102.6547, 47.8694 ] ] ], [ [ [ -102.2428, 47.999 ], [ -102.2428, 47.9985 ], [ -102.2433, 47.9983 ], [ -102.244, 47.9983 ], [ -102.2452, 47.999 ], [ -102.2428, 47.999 ] ] ] ] } },
{ "type": "Feature", "properties": { "GEOIDFQ": "1400000US38021973200", "NAME": "9732", "NAMELSAD": "Census Tract 9732" }, "geometry": { "type": "Polygon", "coordinates": [ [ [ -98.2633, 46.2503 ], [ -98.2609, 46.2529 ], [ -98.2604, 46.254 ], [ -98.2611, 46.2554 ], [ -98.2634, 46.2559 ], [ -98.2648, 46.2569 ], [ -98.2653, 46.2577 ], [ -98.265, 46.2589 ], [ -98.2634, 46.2596 ], [ -98.2606, 46.2584 ], [ -98.2579, 46.2583 ], [ -98.2557, 46.259 ], [ -98.2541, 46.2605 ], [ -98.2546, 46.2632 ], [ -98.2541, 46.2654 ], [ -98.2537, 46.2667 ], [ -98.2521, 46.2692 ], [ -98.2496, 46.2704 ], [ -98.2445, 46.2716 ], [ -98.2404, 46.272 ], [ -98.2391, 46.2724 ], [ -98.2395, 46.2733 ], [ -98.2426, 46.2734 ], [ -98.244, 46.2738 ], [ -98.2446, 46.2744 ], [ -98.2445, 46.2755 ], [ -98.2426, 46.2782 ], [ -98.2413, 46.2829 ], [ -98.0067, 46.2826 ], [ -98.0071, 46.1526 ], [ -98.0081, 46.0247 ], [ -98.0081, 45.9359 ], [ -98.1743, 45.9362 ], [ -98.1741, 45.9395 ], [ -98.1759, 45.9423 ], [ -98.1766, 45.9445 ], [ -98.1755, 45.9457 ], [ -98.175, 45.9471 ], [ -98.1735, 45.9557 ], [ -98.1716, 45.9582 ], [ -98.1697, 45.9593 ], [ -98.1703, 45.9618 ], [ -98.1701, 45.9649 ], [ -98.1688, 45.9685 ], [ -98.169, 45.9702 ], [ -98.1686, 45.9713 ], [ -98.1686, 45.9734 ], [ -98.168, 45.9752 ], [ -98.168, 45.9778 ], [ -98.165, 45.9835 ], [ -98.1648, 45.9859 ], [ -98.1633, 45.9901 ], [ -98.1623, 45.9916 ], [ -98.1616, 45.9942 ], [ -98.1605, 45.9955 ], [ -98.1591, 46.0 ], [ -98.1529, 46.0076 ], [ -98.1516, 46.0106 ], [ -98.1513, 46.0132 ], [ -98.1503, 46.0146 ], [ -98.1487, 46.0154 ], [ -98.1472, 46.0155 ], [ -98.146, 46.015 ], [ -98.1437, 46.0118 ], [ -98.1427, 46.0115 ], [ -98.1347, 46.0131 ], [ -98.1323, 46.0148 ], [ -98.1324, 46.0164 ], [ -98.1327, 46.0167 ], [ -98.1352, 46.0172 ], [ -98.1386, 46.0196 ], [ -98.1404, 46.0218 ], [ -98.1436, 46.0273 ], [ -98.1438, 46.034 ], [ -98.1435, 46.036 ], [ -98.1413, 46.0407 ], [ -98.1397, 46.046 ], [ -98.1455, 46.0498 ], [ -98.1465, 46.0512 ], [ -98.148, 46.0615 ], [ -98.1459, 46.0699 ], [ -98.1445, 46.0719 ], [ -98.143, 46.0728 ], [ -98.1374, 46.0797 ], [ -98.1305, 46.0857 ], [ -98.1281, 46.0894 ], [ -98.1263, 46.095 ], [ -98.1254, 46.096 ], [ -98.1253, 46.0955 ], [ -98.1228, 46.0974 ], [ -98.1159, 46.0993 ], [ -98.1159, 46.1009 ], [ -98.1173, 46.1033 ], [ -98.1183, 46.1071 ], [ -98.1188, 46.1139 ], [ -98.1181, 46.1194 ], [ -98.1174, 46.1216 ], [ -98.1175, 46.1265 ], [ -98.1164, 46.1348 ], [ -98.115, 46.1374 ], [ -98.1151, 46.1398 ], [ -98.1138, 46.1433 ], [ -98.1102, 46.148 ], [ -98.1099, 46.1491 ], [ -98.1112, 46.1546 ], [ -98.1131, 46.1573 ], [ -98.113, 46.1586 ], [ -98.1116, 46.1601 ], [ -98.1124, 46.1624 ], [ -98.1119, 46.1652 ], [ -98.1133, 46.1661 ], [ -98.1158, 46.1664 ], [ -98.1169, 46.1668 ], [ -98.1181, 46.1676 ], [ -98.1175, 46.1703 ], [ -98.1196, 46.1729 ], [ -98.1197, 46.1771 ], [ -98.1202, 46.1796 ], [ -98.1215, 46.1814 ], [ -98.121, 46.1844 ], [ -98.1237, 46.1862 ], [ -98.1243, 46.1869 ], [ -98.1228, 46.1898 ], [ -98.1289, 46.1945 ], [ -98.131, 46.1985 ], [ -98.1321, 46.1989 ], [ -98.1361, 46.1995 ], [ -98.1422, 46.2018 ], [ -98.1437, 46.203 ], [ -98.1441, 46.204 ], [ -98.144, 46.2067 ], [ -98.1458, 46.2112 ], [ -98.1475, 46.2126 ], [ -98.1499, 46.2134 ], [ -98.1512, 46.2133 ], [ -98.1522, 46.2126 ], [ -98.1517, 46.2119 ], [ -98.1493, 46.2105 ], [ -98.1487, 46.2096 ], [ -98.1469, 46.2083 ], [ -98.1467, 46.2078 ], [ -98.1473, 46.207 ], [ -98.1486, 46.2068 ], [ -98.1509, 46.2074 ], [ -98.1526, 46.2073 ], [ -98.1606, 46.2029 ], [ -98.1639, 46.2016 ], [ -98.165, 46.2018 ], [ -98.1653, 46.2023 ], [ -98.1599, 46.2057 ], [ -98.1578, 46.2083 ], [ -98.1578, 46.2101 ], [ -98.1586, 46.2112 ], [ -98.1598, 46.2124 ], [ -98.1615, 46.2128 ], [ -98.1627, 46.2127 ], [ -98.1633, 46.2121 ], [ -98.1633, 46.2085 ], [ -98.1644, 46.2065 ], [ -98.1694, 46.2037 ], [ -98.1719, 46.2029 ], [ -98.1758, 46.203 ], [ -98.1773, 46.2035 ], [ -98.1778, 46.2041 ], [ -98.1768, 46.2053 ], [ -98.1743, 46.2064 ], [ -98.1728, 46.2076 ], [ -98.1735, 46.209 ], [ -98.1744, 46.2093 ], [ -98.1765, 46.2091 ], [ -98.1791, 46.2071 ], [ -98.1822, 46.2061 ], [ -98.1834, 46.2062 ], [ -98.1839, 46.2066 ], [ -98.1839, 46.2095 ], [ -98.1835, 46.2106 ], [ -98.1838, 46.2117 ], [ -98.1855, 46.2134 ], [ -98.1887, 46.2147 ], [ -98.1912, 46.2148 ], [ -98.1941, 46.2144 ], [ -98.2025, 46.2098 ], [ -98.209, 46.2078 ], [ -98.2119, 46.2076 ], [ -98.2131, 46.2079 ], [ -98.2165, 46.2098 ], [ -98.2251, 46.2111 ], [ -98.2306, 46.2146 ], [ -98.2325, 46.2168 ], [ -98.2347, 46.2205 ], [ -98.2369, 46.2227 ], [ -98.2432, 46.2268 ], [ -98.2438, 46.2283 ], [ -98.243, 46.2301 ], [ -98.2434, 46.2315 ], [ -98.2468, 46.2346 ], [ -98.2505, 46.2361 ], [ -98.2529, 46.2366 ], [ -98.2548, 46.2367 ], [ -98.2599, 46.2359 ], [ -98.2632, 46.2358 ], [ -98.2671, 46.2363 ], [ -98.2693, 46.2372 ], [ -98.2702, 46.2387 ], [ -98.2633, 46.2503 ] ] ] } },
{ "type": "Feature", "properties": { "GEOIDFQ": "1400000US38021973400", "NAME": "9734", "NAMELSAD": "Census Tract 9734" }, "geometry": { "type": "Polygon", "coordinates": [ [ [ -98.5476, 46.0245 ], [ -98.4851, 46.024 ], [ -98.4854, 45.979 ], [ -98.4933, 45.9861 ], [ -98.5434, 45.9868 ], [ -98.5478, 45.9909 ], [ -98.5476, 46.0245 ] ] ] } },
{ "type": "Feature", "properties": { "GEOIDFQ": "1400000US38021973300", "NAME": "9733", "NAMELSAD": "Census Tract 9733" }, "geometry": { "type": "Polygon", "coordinates": [ [ [ -99.0046, 46.0156 ], [ -99.0041, 46.114 ], [ -99.004, 46.125 ], [ -99.0035, 46.1283 ], [ -99.0031, 46.2588 ], [ -99.0035, 46.2779 ], [ -99.0031, 46.2829 ], [ -98.8588, 46.2828 ], [ -98.8496, 46.283 ], [ -98.8287, 46.283 ], [ -98.6719, 46.2826 ], [ -98.6607, 46.2829 ], [ -98.4144, 46.283 ], [ -98.2413, 46.2829 ], [ -98.2426, 46.2782 ], [ -98.2445, 46.2755 ], [ -98.2446, 46.2744 ], [ -98.244, 46.2738 ], [ -98.2426, 46.2734 ], [ -98.2395, 46.2733 ], [ -98.2391, 46.2724 ], [ -98.2404, 46.272 ], [ -98.2445, 46.2716 ], [ -98.2496, 46.2704 ], [ -98.2521, 46.2692 ], [ -98.2537, 46.2667 ], [ -98.2541, 46.2654 ], [ -98.2546, 46.2632 ], [ -98.2541, 46.2605 ], [ -98.2557, 46.259 ], [ -98.2579, 46.2583 ], [ -98.2606, 46.2584 ], [ -98.2634, 46.2596 ], [ -98.2653, 46.2585 ], [ -98.2652, 46.2574 ], [ -98.2641, 46.2563 ], [ -98.2611, 46.2554 ], [ -98.2604, 46.254 ], [ -98.2609, 46.2529 ], [ -98.2633, 46.2503 ], [ -98.2675, 46.243 ], [ -98.27, 46.2394 ], [ -98.2701, 46.2382 ], [ -98.2693, 46.2372 ], [ -98.2671, 46.2363 ], [ -98.2632, 46.2358 ], [ -98.2599, 46.2359 ], [ -98.2548, 46.2367 ], [ -98.2529, 46.2366 ], [ -98.2505, 46.2361 ], [ -98.2468, 46.2346 ], [ -98.2434, 46.2315 ], [ -98.243, 46.2301 ], [ -98.2438, 46.2283 ], [ -98.2432, 46.2268 ], [ -98.2369, 46.2227 ], [ -98.2347, 46.2205 ], [ -98.2325, 46.2168 ], [ -98.2306, 46.2146 ], [ -98.2251, 46.2111 ], [ -98.2165, 46.2098 ], [ -98.2131, 46.2079 ], [ -98.2119, 46.2076 ], [ -98.209, 46.2078 ], [ -98.2025, 46.2098 ], [ -98.1941, 46.2144 ], [ -98.1912, 46.2148 ], [ -98.1887, 46.2147 ], [ -98.1855, 46.2134 ], [ -98.1838, 46.2117 ], [ -98.1835, 46.2106 ], [ -98.1839, 46.2095 ], [ -98.1839, 46.2066 ], [ -98.1834, 46.2062 ], [ -98.1822, 46.2061 ], [ -98.1791, 46.2071 ], [ -98.1765, 46.2091 ], [ -98.1744, 46.2093 ], [ -98.1735, 46.209 ], [ -98.1728, 46.2076 ], [ -98.1743, 46.2064 ], [ -98.1768, 46.2053 ], [ -98.1778, 46.2041 ], [ -98.1773, 46.2035 ], [ -98.1758, 46.203 ], [ -98.1719, 46.2029 ], [ -98.1694, 46.2037 ], [ -98.1644, 46.2065 ], [ -98.1633, 46.2085 ], [ -98.1633, 46.2121 ], [ -98.1627, 46.2127 ], [ -98.1615, 46.2128 ], [ -98.1598, 46.2124 ], [ -98.1586, 46.2112 ], [ -98.1578, 46.2101 ], [ -98.1578, 46.2083 ], [ -98.1599, 46.2057 ], [ -98.1653, 46.2023 ], [ -98.165, 46.2018 ], [ -98.1639, 46.2016 ], [ -98.1606, 46.2029 ], [ -98.1526, 46.2073 ], [ -98.1509, 46.2074 ], [ -98.1486, 46.2068 ], [ -98.1473, 46.207 ], [ -98.1467, 46.2078 ], [ -98.1469, 46.2083 ], [ -98.1487, 46.2096 ], [ -98.1493, 46.2105 ], [ -98.1522, 46.2123 ], [ -98.1518, 46.2131 ], [ -98.1493, 46.2134 ], [ -98.1475, 46.2126 ], [ -98.1458, 46.2112 ], [ -98.144, 46.2067 ], [ -98.1441, 46.2037 ], [ -98.1428, 46.2022 ], [ -98.1361, 46.1995 ], [ -98.1321, 46.1989 ], [ -98.131, 46.1985 ], [ -98.1289, 46.1945 ], [ -98.1228, 46.1898 ], [ -98.1243, 46.1869 ], [ -98.1237, 46.1862 ], [ -98.121, 46.1844 ], [ -98.1215, 46.1814 ], [ -98.1202, 46.1796 ], [ -98.1197, 46.1771 ], [ -98.1196, 46.1729 ], [ -98.1175, 46.1703 ], [ -98.1181, 46.1676 ], [ -98.1169, 46.1668 ], [ -98.1158, 46.1664 ], [ -98.1133, 46.1661 ], [ -98.1119, 46.1652 ], [ -98.1124, 46.1624 ], [ -98.1116, 46.1601 ], [ -98.113, 46.1586 ], [ -98.1131, 46.1573 ], [ -98.1112, 46.1546 ], [ -98.1098, 46.15 ], [ -98.1102, 46.148 ], [ -98.1138, 46.1433 ], [ -98.1146, 46.1416 ], [ -98.1151, 46.1398 ], [ -98.115, 46.1374 ], [ -98.1164, 46.1348 ], [ -98.1175, 46.1265 ], [ -98.1174, 46.1216 ], [ -98.1181, 46.1194 ], [ -98.1188, 46.1139 ], [ -98.1187, 46.1114 ], [ -98.1179, 46.1052 ], [ -98.1159, 46.1009 ], [ -98.1159, 46.0993 ], [ -98.1228, 46.0974 ], [ -98.1253, 46.0955 ], [ -98.1254, 46.096 ], [ -98.1263, 46.095 ], [ -98.1281, 46.0894 ], [ -98.1305, 46.0857 ], [ -98.1374, 46.0797 ], [ -98.143, 46.0728 ], [ -98.1445, 46.0719 ], [ -98.1459, 46.0699 ], [ -98.148, 46.0615 ], [ -98.1465, 46.0512 ], [ -98.1455, 46.0498 ], [ -98.1397, 46.046 ], [ -98.1413, 46.0407 ], [ -98.1435, 46.036 ], [ -98.1438, 46.034 ], [ -98.1436, 46.0273 ], [ -98.1404, 46.0218 ], [ -98.1386, 46.0196 ], [ -98.1352, 46.0172 ], [ -98.1327, 46.0167 ], [ -98.1324, 46.0164 ], [ -98.1323, 46.0148 ], [ -98.1347, 46.0131 ], [ -98.1427, 46.0115 ], [ -98.1437, 46.0118 ], [ -98.146, 46.015 ], [ -98.1472, 46.0155 ], [ -98.1487, 46.0154 ], [ -98.1503, 46.0146 ], [ -98.1513, 46.0132 ], [ -98.1516, 46.0106 ], [ -98.1529, 46.0076 ], [ -98.1591, 46.0 ], [ -98.1605, 45.9955 ], [ -98.1616, 45.9942 ], [ -98.1623, 45.9916 ], [ -98.1633, 45.9901 ], [ -98.1648, 45.9859 ], [ -98.165, 45.9835 ], [ -98.168, 45.9778 ], [ -98.168, 45.9752 ], [ -98.1686, 45.9734 ], [ -98.1686, 45.9713 ], [ -98.169, 45.9702 ], [ -98.1688, 45.9685 ], [ -98.1701, 45.9649 ], [ -98.1703, 45.9618 ], [ -98.1697, 45.9593 ], [ -98.1716, 45.9582 ], [ -98.1735, 45.9557 ], [ -98.175, 45.9471 ], [ -98.1755, 45.9457 ], [ -98.1766, 45.9445 ], [ -98.1759, 45.9423 ], [ -98.1741, 45.9395 ], [ -98.1743, 45.9362 ], [ -98.3115, 45.9361 ], [ -98.4144, 45.9365 ], [ -98.7044, 45.9386 ], [ -99.0058, 45.9397 ], [ -99.0046, 46.0156 ] ], [ [ -98.5434, 45.9868 ], [ -98.4933, 45.9861 ], [ -98.4854, 45.979 ], [ -98.4851, 46.024 ], [ -98.5476, 46.0245 ], [ -98.5478, 45.9909 ], [ -98.5434, 45.9868 ] ] ] } },
{ "type": "Feature", "properties": { "GEOIDFQ": "1400000US38017040505", "NAME": "405.05", "NAMELSAD": "Census Tract 405.05" }, "geometry": { "type": "Polygon", "coordinates": [ [ [ -96.839, 46.804 ], [ -96.8321, 46.804 ], [ -96.8236, 46.8034 ], [ -96.8045, 46.8034 ], [ -96.8004, 46.803 ], [ -96.7966, 46.8034 ], [ -96.7964, 46.8031 ], [ -96.7956, 46.8012 ], [ -96.7959, 46.7998 ], [ -96.7966, 46.7992 ], [ -96.8012, 46.7981 ], [ -96.8022, 46.7973 ], [ -96.8021, 46.7967 ], [ -96.8013, 46.7963 ], [ -96.797, 46.7966 ], [ -96.7956, 46.7962 ], [ -96.7946, 46.7955 ], [ -96.7944, 46.7941 ], [ -96.797, 46.7924 ], [ -96.797, 46.7916 ], [ -96.7962, 46.7899 ], [ -96.7951, 46.7888 ], [ -96.8195, 46.7891 ], [ -96.8392, 46.7896 ], [ -96.839, 46.804 ] ] ] } },
{ "type": "Feature", "properties": { "GEOIDFQ": "1400000US38017040509", "NAME": "405.09", "NAMELSAD": "Census Tract 405.09" }, "geometry": { "type": "Polygon", "coordinates": [ [ [ -96.9013, 46.8028 ], [ -96.9016, 46.804 ], [ -96.8493, 46.8038 ], [ -96.839, 46.8043 ], [ -96.8392, 46.7895 ], [ -96.7951, 46.7888 ], [ -96.7935, 46.7884 ], [ -96.7913, 46.7888 ], [ -96.7905, 46.7895 ], [ -96.7893, 46.7894 ], [ -96.7902, 46.788 ], [ -96.7902, 46.7873 ], [ -96.7876, 46.7862 ], [ -96.7871, 46.7857 ], [ -96.7873, 46.7848 ], [ -96.7882, 46.7837 ], [ -96.7907, 46.7825 ], [ -96.7933, 46.7799 ], [ -96.7964, 46.7779 ], [ -96.7968, 46.777 ], [ -96.7951, 46.7759 ], [ -96.7922, 46.7759 ], [ -96.7872, 46.7784 ], [ -96.7859, 46.7785 ], [ -96.7838, 46.7782 ], [ -96.7831, 46.7764 ], [ -96.7835, 46.775 ], [ -96.7843, 46.7743 ], [ -96.7859, 46.774 ], [ -96.7889, 46.775 ], [ -96.7901, 46.7746 ], [ -96.7892, 46.7712 ], [ -96.788, 46.77 ], [ -96.7861, 46.7691 ], [ -96.779, 46.7684 ], [ -96.7762, 46.7678 ], [ -96.7755, 46.7672 ], [ -96.7757, 46.766 ], [ -96.7764, 46.7652 ], [ -96.7784, 46.7645 ], [ -96.7857, 46.7662 ], [ -96.7884, 46.7665 ], [ -96.7895, 46.766 ], [ -96.7891, 46.7649 ], [ -96.7865, 46.7636 ], [ -96.783, 46.7629 ], [ -96.7796, 46.7631 ], [ -96.7782, 46.7624 ], [ -96.7778, 46.7616 ], [ -96.7782, 46.7604 ], [ -96.7803, 46.7602 ], [ -96.784, 46.762 ], [ -96.7864, 46.7619 ], [ -96.7873, 46.761 ], [ -96.7873, 46.7604 ], [ -96.7858, 46.7595 ], [ -96.7836, 46.7591 ], [ -96.7829, 46.7578 ], [ -96.7829, 46.7567 ], [ -96.7848, 46.7564 ], [ -96.7877, 46.7579 ], [ -96.7894, 46.7575 ], [ -96.7898, 46.7567 ], [ -96.7887, 46.7557 ], [ -96.7872, 46.7551 ], [ -96.7835, 46.7548 ], [ -96.7829, 46.7542 ], [ -96.7827, 46.7531 ], [ -96.7831, 46.7528 ], [ -96.7851, 46.7524 ], [ -96.7884, 46.7529 ], [ -96.7892, 46.7525 ], [ -96.7894, 46.752 ], [ -96.7888, 46.7516 ], [ -96.7863, 46.7516 ], [ -96.7833, 46.7509 ], [ -96.7825, 46.7495 ], [ -96.783, 46.7488 ], [ -96.7845, 46.7487 ], [ -96.7867, 46.7492 ], [ -96.7875, 46.749 ], [ -96.7877, 46.7482 ], [ -96.7855, 46.7469 ], [ -96.7808, 46.746 ], [ -96.7804, 46.7455 ], [ -96.7804, 46.7446 ], [ -96.7811, 46.744 ], [ -96.7821, 46.7439 ], [ -96.7858, 46.7446 ], [ -96.7868, 46.7442 ], [ -96.7874, 46.7431 ], [ -96.7863, 46.7426 ], [ -96.7823, 46.7426 ], [ -96.7812, 46.7424 ], [ -96.7805, 46.7418 ], [ -96.7805, 46.7412 ], [ -96.7828, 46.7406 ], [ -96.7811, 46.7387 ], [ -96.7809, 46.7379 ], [ -96.7815, 46.7372 ], [ -96.7828, 46.7367 ], [ -96.7832, 46.7361 ], [ -96.7809, 46.7346 ], [ -96.7808, 46.7338 ], [ -96.7818, 46.7331 ], [ -96.7842, 46.733 ], [ -96.7846, 46.7319 ], [ -96.7841, 46.7301 ], [ -96.783, 46.729 ], [ -96.782, 46.7288 ], [ -96.781, 46.7293 ], [ -96.7805, 46.73 ], [ -96.7796, 46.73 ], [ -96.7791, 46.7266 ], [ -96.78, 46.7258 ], [ -96.782, 46.7252 ], [ -96.7818, 46.7247 ], [ -96.7805, 46.7243 ], [ -96.7798, 46.7237 ], [ -96.7799, 46.7229 ], [ -96.7811, 46.722 ], [ -96.7863, 46.7199 ], [ -96.7903, 46.7197 ], [ -96.7912, 46.7189 ], [ -96.7912, 46.718 ], [ -96.7908, 46.7176 ], [ -96.7895, 46.7174 ], [ -96.7878, 46.7182 ], [ -96.7838, 46.7178 ], [ -96.7823, 46.7171 ], [ -96.7821, 46.7165 ], [ -96.8835, 46.7171 ], [ -96.8829, 46.7461 ], [ -96.8724, 46.746 ], [ -96.8723, 46.7533 ], [ -96.8828, 46.7534 ], [ -96.8821, 46.7897 ], [ -96.8873, 46.7897 ], [ -96.8873, 46.7915 ], [ -96.8972, 46.7916 ], [ -96.8972, 46.7922 ], [ -96.8988, 46.7917 ], [ -96.8991, 46.7949 ], [ -96.8998, 46.7949 ], [ -96.9024, 46.7975 ], [ -96.9023, 46.7982 ], [ -96.9009, 46.7988 ], [ -96.9006, 46.7994 ], [ -96.9026, 46.8017 ], [ -96.9013, 46.8028 ] ] ] } },
{ "type": "Feature", "properties": { "GEOIDFQ": "1400000US38017010206", "NAME": "102.06", "NAMELSAD": "Census Tract 102.06" }, "geometry": { "type": "Polygon", "coordinates": [ [ [ -96.9078, 46.8738 ], [ -96.9084, 46.8756 ], [ -96.9067, 46.8774 ], [ -96.9029, 46.8775 ], [ -96.9005, 46.8791 ], [ -96.9007, 46.8797 ], [ -96.9022, 46.8797 ], [ -96.9049, 46.8808 ], [ -96.9044, 46.8819 ], [ -96.8828, 46.8806 ], [ -96.883, 46.862 ], [ -96.9064, 46.8625 ], [ -96.9071, 46.863 ], [ -96.9073, 46.8644 ], [ -96.9058, 46.8661 ], [ -96.9055, 46.8688 ], [ -96.9068, 46.8699 ], [ -96.9077, 46.87 ], [ -96.9086, 46.8697 ], [ -96.9094, 46.8701 ], [ -96.9092, 46.8706 ], [ -96.9071, 46.8706 ], [ -96.9067, 46.8713 ], [ -96.907, 46.8718 ], [ -96.91, 46.873 ], [ -96.9078, 46.8738 ] ] ] } },
{ "type": "Feature", "properties": { "GEOIDFQ": "1400000US38017040506", "NAME": "405.06", "NAMELSAD": "Census Tract 405.06" }, "geometry": { "type": "Polygon", "coordinates": [ [ [ -96.903, 46.8158 ], [ -96.901, 46.8154 ], [ -96.9004, 46.8156 ], [ -96.8997, 46.8168 ], [ -96.8994, 46.8189 ], [ -96.872, 46.8184 ], [ -96.8716, 46.8039 ], [ -96.8922, 46.804 ], [ -96.8926, 46.8114 ], [ -96.8987, 46.8114 ], [ -96.9015, 46.8149 ], [ -96.9022, 46.8152 ], [ -96.9033, 46.8147 ], [ -96.9038, 46.8152 ], [ -96.903, 46.8158 ] ] ] } },
{ "type": "Feature", "properties": { "GEOIDFQ": "1400000US38017000601", "NAME": "6.01", "NAMELSAD": "Census Tract 6.01" }, "geometry": { "type": "Polygon", "coordinates": [ [ [ -96.8396, 46.8859 ], [ -96.8395, 46.8969 ], [ -96.8217, 46.8904 ], [ -96.8153, 46.8904 ], [ -96.8107, 46.887 ], [ -96.8018, 46.8832 ], [ -96.8196, 46.8832 ], [ -96.8195, 46.8615 ], [ -96.8415, 46.8616 ], [ -96.842, 46.8664 ], [ -96.8396, 46.8859 ] ] ] } },
{ "type": "Feature", "properties": { "GEOIDFQ": "1400000US38017040503", "NAME": "405.03", "NAMELSAD": "Census Tract 405.03" }, "geometry": { "type": "Polygon", "coordinates": [ [ [ -96.9265, 46.7937 ], [ -96.9133, 46.7934 ], [ -96.9133, 46.8042 ], [ -96.9016, 46.804 ], [ -96.9013, 46.8029 ], [ -96.9026, 46.8016 ], [ -96.9006, 46.7992 ], [ -96.9009, 46.7988 ], [ -96.9023, 46.7982 ], [ -96.9024, 46.7975 ], [ -96.8998, 46.7949 ], [ -96.8991, 46.7949 ], [ -96.8988, 46.7917 ], [ -96.8972, 46.7922 ], [ -96.8972, 46.7916 ], [ -96.8873, 46.7915 ], [ -96.8873, 46.7897 ], [ -96.8821, 46.7897 ], [ -96.8828, 46.7534 ], [ -96.8723, 46.7533 ], [ -96.8724, 46.746 ], [ -96.8829, 46.7461 ], [ -96.8835, 46.7171 ], [ -96.926, 46.7173 ], [ -96.9265, 46.7937 ] ] ] } },
{ "type": "Feature", "properties": { "GEOIDFQ": "1400000US38017040502", "NAME": "405.02", "NAMELSAD": "Census Tract 405.02" }, "geometry": { "type": "Polygon", "coordinates": [ [ [ -96.9267, 46.8338 ], [ -96.9267, 46.8437 ], [ -96.9262, 46.8458 ], [ -96.9262, 46.8615 ], [ -96.9073, 46.8495 ], [ -96.9046, 46.8483 ], [ -96.9009, 46.8475 ], [ -96.9009, 46.8465 ], [ -96.9006, 46.8463 ], [ -96.8993, 46.8461 ], [ -96.8981, 46.8466 ], [ -96.8976, 46.8464 ], [ -96.8981, 46.8452 ], [ -96.8995, 46.8445 ], [ -96.9005, 46.8433 ], [ -96.9046, 46.8436 ], [ -96.9063, 46.8442 ], [ -96.9073, 46.8437 ], [ -96.9051, 46.8414 ], [ -96.9051, 46.8408 ], [ -96.9061, 46.8399 ], [ -96.904, 46.8389 ], [ -96.9036, 46.8382 ], [ -96.9041, 46.8366 ], [ -96.9039, 46.8343 ], [ -96.9053, 46.8328 ], [ -96.9018, 46.8304 ], [ -96.9021, 46.8298 ], [ -96.9047, 46.8285 ], [ -96.9048, 46.8274 ], [ -96.9034, 46.827 ], [ -96.9026, 46.8281 ], [ -96.9003, 46.8284 ], [ -96.8985, 46.8258 ], [ -96.8986, 46.8244 ], [ -96.8999, 46.823 ], [ -96.8981, 46.8213 ], [ -96.898, 46.8205 ], [ -96.8998, 46.8199 ], [ -96.9013, 46.8201 ], [ -96.9021, 46.8196 ], [ -96.9018, 46.8193 ], [ -96.9, 46.8195 ], [ -96.8994, 46.8189 ], [ -96.9264, 46.819 ], [ -96.9265, 46.8336 ], [ -96.9285, 46.8336 ], [ -96.9285, 46.8338 ], [ -96.9267, 46.8338 ] ] ] } },
{ "type": "Feature", "properties": { "GEOIDFQ": "1400000US38017040504", "NAME": "405.04", "NAMELSAD": "Census Tract 405.04" }, "geometry": { "type": "Polygon", "coordinates": [ [ [ -96.8403, 46.8327 ], [ -96.839, 46.8043 ], [ -96.8493, 46.8038 ], [ -96.8609, 46.8038 ], [ -96.8621, 46.8328 ], [ -96.8403, 46.8327 ] ] ] } },
{ "type": "Feature", "properties": { "GEOIDFQ": "1400000US38017001004", "NAME": "10.04", "NAMELSAD": "Census Tract 10.04" }, "geometry": { "type": "Polygon", "coordinates": [ [ [ -96.8096, 46.8433 ], [ -96.7988, 46.8436 ], [ -96.7988, 46.8485 ], [ -96.7912, 46.8488 ], [ -96.7807, 46.8476 ], [ -96.7815, 46.847 ], [ -96.7818, 46.8456 ], [ -96.7815, 46.8451 ], [ -96.7801, 46.8438 ], [ -96.7757, 46.8414 ], [ -96.7746, 46.8396 ], [ -96.775, 46.839 ], [ -96.7759, 46.8387 ], [ -96.7771, 46.8387 ], [ -96.7783, 46.839 ], [ -96.7819, 46.8409 ], [ -96.7858, 46.8413 ], [ -96.7875, 46.8409 ], [ -96.7881, 46.84 ], [ -96.7879, 46.8393 ], [ -96.7871, 46.8388 ], [ -96.7841, 46.8379 ], [ -96.7829, 46.8363 ], [ -96.7845, 46.8333 ], [ -96.7861, 46.8324 ], [ -96.7884, 46.8329 ], [ -96.7908, 46.8339 ], [ -96.7927, 46.8343 ], [ -96.7938, 46.8339 ], [ -96.794, 46.8331 ], [ -96.7965, 46.8327 ], [ -96.8105, 46.8327 ], [ -96.8106, 46.8409 ], [ -96.8114, 46.8427 ], [ -96.8096, 46.8433 ] ] ] } },
{ "type": "Feature", "properties": { "GEOIDFQ": "1400000US38017010110", "NAME": "101.10", "NAMELSAD": "Census Tract 101.10" }, "geometry": { "type": "Polygon", "coordinates": [ [ [ -96.883, 46.8622 ], [ -96.8724, 46.862 ], [ -96.8726, 46.8475 ], [ -96.8833, 46.8475 ], [ -96.883, 46.8622 ] ] ] } },
{ "type": "Feature", "properties": { "GEOIDFQ": "1400000US38017040508", "NAME": "405.08", "NAMELSAD": "Census Tract 405.08" }, "geometry": { "type": "Polygon", "coordinates": [ [ [ -96.9064, 46.8442 ], [ -96.9046, 46.8436 ], [ -96.9004, 46.8434 ], [ -96.8995, 46.8445 ], [ -96.8981, 46.8452 ], [ -96.8975, 46.8461 ], [ -96.8981, 46.8466 ], [ -96.8993, 46.8461 ], [ -96.9006, 46.8463 ], [ -96.9009, 46.8465 ], [ -96.9009, 46.8475 ], [ -96.8979, 46.8472 ], [ -96.8833, 46.8475 ], [ -96.8833, 46.8332 ], [ -96.8826, 46.8185 ], [ -96.8994, 46.8189 ], [ -96.9, 46.8195 ], [ -96.902, 46.8193 ], [ -96.9019, 46.82 ], [ -96.8998, 46.8199 ], [ -96.898, 46.8205 ], [ -96.8981, 46.8213 ], [ -96.8999, 46.823 ], [ -96.8986, 46.8244 ], [ -96.8985, 46.8258 ], [ -96.9003, 46.8284 ], [ -96.9026, 46.8281 ], [ -96.9034, 46.827 ], [ -96.9048, 46.8274 ], [ -96.9047, 46.8285 ], [ -96.9021, 46.8298 ], [ -96.9018, 46.8304 ], [ -96.9053, 46.8328 ], [ -96.9039, 46.8343 ], [ -96.9041, 46.8366 ], [ -96.9036, 46.8382 ], [ -96.904, 46.8389 ], [ -96.9061, 46.8399 ], [ -96.9051, 46.8408 ], [ -96.9051, 46.8414 ], [ -96.9073, 46.8437 ], [ -96.9064, 46.8442 ] ] ] } },
{ "type": "Feature", "properties": { "GEOIDFQ": "1400000US38017010205", "NAME": "102.05", "NAMELSAD": "Census Tract 102.05" }, "geometry": { "type": "Polygon", "coordinates": [ [ [ -96.9064, 46.8625 ], [ -96.883, 46.862 ], [ -96.8833, 46.8475 ], [ -96.8995, 46.8473 ], [ -96.9034, 46.8479 ], [ -96.9073, 46.8495 ], [ -96.9074, 46.8499 ], [ -96.9044, 46.8531 ], [ -96.9042, 46.8546 ], [ -96.905, 46.8552 ], [ -96.9053, 46.8564 ], [ -96.9078, 46.8609 ], [ -96.9064, 46.8625 ] ] ] } },
{ "type": "Feature", "properties": { "GEOIDFQ": "1400000US38019951100", "NAME": "9511", "NAMELSAD": "Census Tract 9511" }, "geometry": { "type": "Polygon", "coordinates": [ [ [ -99.0001, 48.8912 ], [ -99.0005, 48.8919 ], [ -98.9998, 49.0 ], [ -97.95, 49.0005 ], [ -97.9507, 48.9487 ], [ -97.9491, 48.9196 ], [ -97.949, 48.9041 ], [ -97.9502, 48.8168 ], [ -97.9494, 48.7177 ], [ -97.9274, 48.7177 ], [ -97.9273, 48.7171 ], [ -97.9271, 48.5431 ], [ -98.1878, 48.5433 ], [ -98.318, 48.5438 ], [ -98.454, 48.5436 ], [ -98.8784, 48.5439 ], [ -98.9704, 48.5442 ], [ -98.9704, 48.7181 ], [ -98.9999, 48.7181 ], [ -99.0004, 48.7327 ], [ -99.0008, 48.8195 ], [ -99.0001, 48.8912 ] ], [ [ -98.4091, 48.7468 ], [ -98.3432, 48.7467 ], [ -98.3432, 48.7757 ], [ -98.4091, 48.7757 ], [ -98.4091, 48.7468 ] ] ] } },
{ "type": "Feature", "properties": { "GEOIDFQ": "1400000US38037965900", "NAME": "9659", "NAMELSAD": "Census Tract 9659" }, "geometry": { "type": "Polygon", "coordinates": [ [ [ -102.0961, 46.6745 ], [ -102.0962, 46.7178 ], [ -101.7182, 46.7178 ], [ -101.7186, 46.6346 ], [ -101.7182, 46.631 ], [ -101.5004, 46.6305 ], [ -101.4676, 46.6307 ], [ -101.2988, 46.6304 ], [ -101.299, 46.3714 ], [ -101.0485, 46.3715 ], [ -101.0485, 46.2845 ], [ -101.0257, 46.2844 ], [ -101.024, 46.2787 ], [ -101.0248, 46.2781 ], [ -101.0299, 46.2759 ], [ -101.0331, 46.2754 ], [ -101.0364, 46.2757 ], [ -101.037, 46.2761 ], [ -101.0377, 46.2791 ], [ -101.0383, 46.2801 ], [ -101.0411, 46.2818 ], [ -101.0447, 46.2821 ], [ -101.0467, 46.2813 ], [ -101.0494, 46.2808 ], [ -101.0545, 46.278 ], [ -101.0548, 46.2775 ], [ -101.0552, 46.2717 ], [ -101.0559, 46.2708 ], [ -101.0576, 46.2702 ], [ -101.0585, 46.2702 ], [ -101.0602, 46.2712 ], [ -101.0638, 46.2707 ], [ -101.0663, 46.2707 ], [ -101.0685, 46.2712 ], [ -101.0705, 46.2719 ], [ -101.0743, 46.2743 ], [ -101.0754, 46.2743 ], [ -101.0782, 46.2732 ], [ -101.0793, 46.2732 ], [ -101.0804, 46.2736 ], [ -101.0822, 46.2751 ], [ -101.0854, 46.2755 ], [ -101.0866, 46.2755 ], [ -101.0896, 46.2744 ], [ -101.0962, 46.2728 ], [ -101.0981, 46.2701 ], [ -101.0979, 46.2693 ], [ -101.0968, 46.2681 ], [ -101.095, 46.2678 ], [ -101.0898, 46.2681 ], [ -101.0885, 46.2674 ], [ -101.0891, 46.2648 ], [ -101.0905, 46.2629 ], [ -101.0903, 46.261 ], [ -101.0913, 46.2581 ], [ -101.0931, 46.2568 ], [ -101.0944, 46.2564 ], [ -101.0977, 46.2566 ], [ -101.1001, 46.2572 ], [ -101.104, 46.2571 ], [ -101.1054, 46.2565 ], [ -101.1064, 46.2554 ], [ -101.1071, 46.2536 ], [ -101.107, 46.2521 ], [ -101.106, 46.2507 ], [ -101.1062, 46.2495 ], [ -101.1074, 46.2489 ], [ -101.1126, 46.2473 ], [ -101.1161, 46.2446 ], [ -101.1168, 46.243 ], [ -101.1167, 46.2416 ], [ -101.1161, 46.2407 ], [ -101.1148, 46.2401 ], [ -101.114, 46.2401 ], [ -101.1114, 46.2419 ], [ -101.1075, 46.2429 ], [ -101.1054, 46.2428 ], [ -101.1028, 46.2369 ], [ -101.1034, 46.235 ], [ -101.103, 46.2337 ], [ -101.1001, 46.2302 ], [ -101.101, 46.2274 ], [ -101.1016, 46.2268 ], [ -101.1063, 46.2248 ], [ -101.109, 46.223 ], [ -101.1117, 46.2206 ], [ -101.1141, 46.2198 ], [ -101.1148, 46.2189 ], [ -101.1141, 46.217 ], [ -101.1153, 46.2161 ], [ -101.1161, 46.2144 ], [ -101.1202, 46.2145 ], [ -101.1215, 46.2141 ], [ -101.1226, 46.2137 ], [ -101.1241, 46.2113 ], [ -101.125, 46.2111 ], [ -101.1272, 46.2119 ], [ -101.1301, 46.214 ], [ -101.1319, 46.2144 ], [ -101.1374, 46.2112 ], [ -101.1402, 46.2108 ], [ -101.1424, 46.21 ], [ -101.1432, 46.2094 ], [ -101.1438, 46.2079 ], [ -101.1438, 46.2065 ], [ -101.1424, 46.205 ], [ -101.1435, 46.2033 ], [ -101.1476, 46.2014 ], [ -101.1508, 46.2008 ], [ -101.1544, 46.2009 ], [ -101.1566, 46.1989 ], [ -101.1574, 46.1987 ], [ -101.1593, 46.1988 ], [ -101.1611, 46.2002 ], [ -101.1633, 46.2006 ], [ -101.1653, 46.2014 ], [ -101.1679, 46.202 ], [ -101.1691, 46.2013 ], [ -101.1695, 46.1999 ], [ -101.1681, 46.1986 ], [ -101.166, 46.1979 ], [ -101.1656, 46.1971 ], [ -101.1666, 46.196 ], [ -101.1693, 46.1951 ], [ -101.1697, 46.1946 ], [ -101.17, 46.193 ], [ -101.1712, 46.1916 ], [ -101.1724, 46.1914 ], [ -101.1732, 46.1918 ], [ -101.174, 46.1941 ], [ -101.176, 46.1951 ], [ -101.1781, 46.195 ], [ -101.1829, 46.1934 ], [ -101.1874, 46.1927 ], [ -101.191, 46.1913 ], [ -101.1933, 46.1875 ], [ -101.1966, 46.1853 ], [ -101.1981, 46.1838 ], [ -101.1983, 46.1824 ], [ -101.198, 46.182 ], [ -101.1969, 46.1816 ], [ -101.1936, 46.1825 ], [ -101.1926, 46.1823 ], [ -101.192, 46.1817 ], [ -101.1923, 46.1803 ], [ -101.1934, 46.1788 ], [ -101.1954, 46.1773 ], [ -101.1959, 46.1759 ], [ -101.1948, 46.1748 ], [ -101.1933, 46.1749 ], [ -101.1926, 46.1745 ], [ -101.1927, 46.1718 ], [ -101.1943, 46.1709 ], [ -101.1944, 46.1691 ], [ -101.194, 46.168 ], [ -101.1927, 46.1673 ], [ -101.1917, 46.167 ], [ -101.1898, 46.167 ], [ -101.1889, 46.1665 ], [ -101.1883, 46.1632 ], [ -101.1891, 46.1625 ], [ -101.1901, 46.1622 ], [ -101.1931, 46.1622 ], [ -101.1958, 46.1614 ], [ -101.1967, 46.16 ], [ -101.1967, 46.1589 ], [ -101.1952, 46.1568 ], [ -101.1951, 46.1556 ], [ -101.1942, 46.1537 ], [ -101.1927, 46.1517 ], [ -101.1899, 46.1497 ], [ -101.1897, 46.1487 ], [ -101.1904, 46.1478 ], [ -101.1922, 46.1475 ], [ -101.195, 46.1477 ], [ -101.1968, 46.1489 ], [ -101.2005, 46.1532 ], [ -101.2027, 46.1534 ], [ -101.2065, 46.1547 ], [ -101.2094, 46.1552 ], [ -101.212, 46.1562 ], [ -101.2129, 46.1561 ], [ -101.2135, 46.1558 ], [ -101.213, 46.1542 ], [ -101.2132, 46.1528 ], [ -101.2142, 46.1512 ], [ -101.2161, 46.1499 ], [ -101.218, 46.1497 ], [ -101.2209, 46.1506 ], [ -101.2219, 46.1506 ], [ -101.2236, 46.1497 ], [ -101.2237, 46.149 ], [ -101.2232, 46.1483 ], [ -101.2204, 46.1468 ], [ -101.2196, 46.146 ], [ -101.2195, 46.1454 ], [ -101.2205, 46.1444 ], [ -101.2242, 46.1435 ], [ -101.226, 46.1425 ], [ -101.2275, 46.1408 ], [ -101.2274, 46.1387 ], [ -101.2281, 46.138 ], [ -101.2294, 46.138 ], [ -101.2325, 46.1403 ], [ -101.2337, 46.1418 ], [ -101.2368, 46.1431 ], [ -101.2379, 46.143 ], [ -101.2389, 46.1424 ], [ -101.2388, 46.1411 ], [ -101.2392, 46.1399 ], [ -101.2412, 46.1383 ], [ -101.2429, 46.1384 ], [ -101.2458, 46.1398 ], [ -101.2466, 46.1406 ], [ -101.247, 46.1422 ], [ -101.2485, 46.1424 ], [ -101.2495, 46.142 ], [ -101.2501, 46.1412 ], [ -101.2507, 46.141 ], [ -101.2507, 46.1402 ], [ -101.2499, 46.1395 ], [ -101.2501, 46.1364 ], [ -101.252, 46.1348 ], [ -101.2532, 46.1347 ], [ -101.2537, 46.135 ], [ -101.2561, 46.1393 ], [ -101.2572, 46.1398 ], [ -101.2593, 46.14 ], [ -101.2619, 46.1386 ], [ -101.2635, 46.1364 ], [ -101.2643, 46.1344 ], [ -101.2637, 46.1338 ], [ -101.2637, 46.1328 ], [ -101.2654, 46.1309 ], [ -101.2671, 46.1306 ], [ -101.2687, 46.1312 ], [ -101.2694, 46.1327 ], [ -101.2716, 46.1355 ], [ -101.2736, 46.1363 ], [ -101.2746, 46.1361 ], [ -101.2758, 46.135 ], [ -101.2749, 46.1313 ], [ -101.2755, 46.1298 ], [ -101.277, 46.1293 ], [ -101.2817, 46.1294 ], [ -101.2827, 46.1302 ], [ -101.2831, 46.1319 ], [ -101.2817, 46.1345 ], [ -101.2838, 46.1354 ], [ -101.2859, 46.1353 ], [ -101.288, 46.1347 ], [ -101.2922, 46.134 ], [ -101.2929, 46.1336 ], [ -101.294, 46.132 ], [ -101.2941, 46.1311 ], [ -101.2928, 46.1298 ], [ -101.2929, 46.1285 ], [ -101.2936, 46.1277 ], [ -101.295, 46.1273 ], [ -101.2963, 46.1273 ], [ -101.2974, 46.1279 ], [ -101.2974, 46.1303 ], [ -101.2984, 46.1319 ], [ -101.2998, 46.1329 ], [ -101.3022, 46.1332 ], [ -101.3027, 46.1329 ], [ -101.303, 46.1318 ], [ -101.3021, 46.1308 ], [ -101.302, 46.1294 ], [ -101.3033, 46.1274 ], [ -101.3047, 46.127 ], [ -101.3063, 46.1276 ], [ -101.3082, 46.1276 ], [ -101.311, 46.1262 ], [ -101.3114, 46.125 ], [ -101.3077, 46.1236 ], [ -101.3062, 46.1235 ], [ -101.305, 46.1217 ], [ -101.3017, 46.1201 ], [ -101.299, 46.1207 ], [ -101.2979, 46.1203 ], [ -101.297, 46.1195 ], [ -101.2968, 46.1182 ], [ -101.2982, 46.1183 ], [ -101.2986, 46.117 ], [ -101.2953, 46.1164 ], [ -101.2947, 46.1157 ], [ -101.2977, 46.1143 ], [ -101.297, 46.1127 ], [ -101.2981, 46.1115 ], [ -101.3017, 46.11 ], [ -101.3009, 46.1073 ], [ -101.2996, 46.106 ], [ -101.2994, 46.1054 ], [ -101.2999, 46.1048 ], [ -101.3035, 46.1055 ], [ -101.3056, 46.1047 ], [ -101.3088, 46.1043 ], [ -101.3106, 46.1038 ], [ -101.313, 46.1015 ], [ -101.3146, 46.1012 ], [ -101.3164, 46.1014 ], [ -101.3192, 46.1004 ], [ -101.319, 46.0997 ], [ -101.3134, 46.0959 ], [ -101.3116, 46.0933 ], [ -101.3116, 46.0925 ], [ -101.3124, 46.0919 ], [ -101.3139, 46.0921 ], [ -101.3146, 46.0933 ], [ -101.3168, 46.0949 ], [ -101.3179, 46.0951 ], [ -101.3193, 46.095 ], [ -101.3205, 46.0954 ], [ -101.3213, 46.0964 ], [ -101.3227, 46.0971 ], [ -101.3238, 46.0958 ], [ -101.3256, 46.0911 ], [ -101.3271, 46.0909 ], [ -101.3326, 46.0919 ], [ -101.3364, 46.0906 ], [ -101.3435, 46.0893 ], [ -101.3445, 46.0867 ], [ -101.3442, 46.0859 ], [ -101.3415, 46.0848 ], [ -101.3389, 46.085 ], [ -101.3361, 46.0848 ], [ -101.3352, 46.0839 ], [ -101.3349, 46.0827 ], [ -101.3372, 46.0815 ], [ -101.3397, 46.0811 ], [ -101.3447, 46.0796 ], [ -101.3463, 46.0794 ], [ -101.3472, 46.078 ], [ -101.3473, 46.0757 ], [ -101.3512, 46.0745 ], [ -101.353, 46.0743 ], [ -101.354, 46.0746 ], [ -101.3558, 46.0762 ], [ -101.3556, 46.0773 ], [ -101.3561, 46.0777 ], [ -101.3576, 46.0778 ], [ -101.3591, 46.0775 ], [ -101.3605, 46.0766 ], [ -101.362, 46.0744 ], [ -101.3618, 46.0724 ], [ -101.3623, 46.0704 ], [ -101.3642, 46.0699 ], [ -101.3664, 46.0704 ], [ -101.3667, 46.0737 ], [ -101.3684, 46.0752 ], [ -101.3706, 46.0755 ], [ -101.3742, 46.0766 ], [ -101.3819, 46.0772 ], [ -101.384, 46.0781 ], [ -101.3856, 46.0793 ], [ -101.3888, 46.0792 ], [ -101.392, 46.0772 ], [ -101.3933, 46.0767 ], [ -101.3978, 46.0771 ], [ -101.3985, 46.0766 ], [ -101.3985, 46.076 ], [ -101.3976, 46.0746 ], [ -101.3975, 46.0738 ], [ -101.3985, 46.0728 ], [ -101.4011, 46.0726 ], [ -101.4044, 46.0709 ], [ -101.4066, 46.071 ], [ -101.4071, 46.0708 ], [ -101.4091, 46.0669 ], [ -101.4101, 46.0664 ], [ -101.4126, 46.0666 ], [ -101.4144, 46.0654 ], [ -101.4151, 46.0638 ], [ -101.4112, 46.0614 ], [ -101.4116, 46.0595 ], [ -101.4146, 46.0584 ], [ -101.4153, 46.0587 ], [ -101.4159, 46.06 ], [ -101.4171, 46.0604 ], [ -101.4204, 46.0593 ], [ -101.4221, 46.0598 ], [ -101.4235, 46.0599 ], [ -101.426, 46.0609 ], [ -101.428, 46.0606 ], [ -101.4288, 46.0599 ], [ -101.4283, 46.0589 ], [ -101.4288, 46.0579 ], [ -101.4314, 46.0563 ], [ -101.4319, 46.0556 ], [ -101.4318, 46.0548 ], [ -101.4305, 46.0539 ], [ -101.4307, 46.053 ], [ -101.4328, 46.0532 ], [ -101.4356, 46.0546 ], [ -101.4381, 46.0551 ], [ -101.4393, 46.055 ], [ -101.4412, 46.0542 ], [ -101.4421, 46.0548 ], [ -101.443, 46.0561 ], [ -101.4445, 46.0563 ], [ -101.445, 46.0545 ], [ -101.4456, 46.0539 ], [ -101.4474, 46.054 ], [ -101.4485, 46.0537 ], [ -101.4516, 46.0519 ], [ -101.4564, 46.052 ], [ -101.4585, 46.0499 ], [ -101.4591, 46.0502 ], [ -101.4597, 46.0508 ], [ -101.4608, 46.051 ], [ -101.4663, 46.0504 ], [ -101.467, 46.0509 ], [ -101.4685, 46.0554 ], [ -101.4676, 46.057 ], [ -101.4685, 46.0585 ], [ -101.4696, 46.0592 ], [ -101.4711, 46.0597 ], [ -101.4748, 46.0595 ], [ -101.4751, 46.0588 ], [ -101.4737, 46.0555 ], [ -101.472, 46.055 ], [ -101.4718, 46.0542 ], [ -101.4728, 46.0539 ], [ -101.4759, 46.0543 ], [ -101.4787, 46.0551 ], [ -101.4793, 46.0543 ], [ -101.4783, 46.0533 ], [ -101.4789, 46.0527 ], [ -101.4805, 46.0525 ], [ -101.4842, 46.0525 ], [ -101.4861, 46.0513 ], [ -101.4877, 46.0517 ], [ -101.4893, 46.0512 ], [ -101.4901, 46.0504 ], [ -101.4899, 46.0497 ], [ -101.4884, 46.0496 ], [ -101.4864, 46.0499 ], [ -101.4847, 46.0496 ], [ -101.4842, 46.0493 ], [ -101.4846, 46.0482 ], [ -101.4861, 46.0468 ], [ -101.4884, 46.0464 ], [ -101.4898, 46.0457 ], [ -101.4916, 46.0436 ], [ -101.4944, 46.0425 ], [ -101.4975, 46.0418 ], [ -101.4983, 46.0406 ], [ -101.4974, 46.0379 ], [ -101.4936, 46.037 ], [ -101.493, 46.0373 ], [ -101.493, 46.0376 ], [ -101.4942, 46.0381 ], [ -101.4943, 46.0385 ], [ -101.4937, 46.0389 ], [ -101.492, 46.039 ], [ -101.4905, 46.0386 ], [ -101.4898, 46.0389 ], [ -101.4891, 46.0407 ], [ -101.4898, 46.0424 ], [ -101.4879, 46.0427 ], [ -101.4874, 46.0421 ], [ -101.4869, 46.0386 ], [ -101.4861, 46.0383 ], [ -101.4855, 46.0375 ], [ -101.4839, 46.0381 ], [ -101.4839, 46.0372 ], [ -101.4847, 46.0368 ], [ -101.4903, 46.0375 ], [ -101.4909, 46.0374 ], [ -101.4898, 46.035 ], [ -101.4899, 46.0328 ], [ -101.4919, 46.0327 ], [ -101.4919, 46.035 ], [ -101.4926, 46.0357 ], [ -101.4938, 46.0356 ], [ -101.4948, 46.0349 ], [ -101.4955, 46.0337 ], [ -101.493, 46.0316 ], [ -101.4917, 46.0298 ], [ -101.4904, 46.0295 ], [ -101.4881, 46.0305 ], [ -101.4869, 46.0302 ], [ -101.4858, 46.0291 ], [ -101.4859, 46.028 ], [ -101.4876, 46.0277 ], [ -101.49, 46.0282 ], [ -101.4935, 46.0274 ], [ -101.4938, 46.0269 ], [ -101.4933, 46.0266 ], [ -101.4915, 46.0261 ], [ -101.4917, 46.0255 ], [ -101.4928, 46.0252 ], [ -101.4957, 46.0253 ], [ -101.4964, 46.0258 ], [ -101.4968, 46.0275 ], [ -101.4982, 46.0274 ], [ -101.4989, 46.0269 ], [ -101.499, 46.0259 ], [ -101.4963, 46.0239 ], [ -101.4983, 46.0232 ], [ -101.5013, 46.0228 ], [ -101.5021, 46.023 ], [ -101.5029, 46.0244 ], [ -101.5043, 46.0254 ], [ -101.5074, 46.0246 ], [ -101.5091, 46.0253 ], [ -101.5097, 46.0266 ], [ -101.5106, 46.0267 ], [ -101.5103, 46.0271 ], [ -101.5091, 46.0274 ], [ -101.5081, 46.0281 ], [ -101.5081, 46.0289 ], [ -101.5094, 46.0301 ], [ -101.5104, 46.03 ], [ -101.5124, 46.0282 ], [ -101.5116, 46.0272 ], [ -101.5118, 46.0267 ], [ -101.5174, 46.0254 ], [ -101.5192, 46.0257 ], [ -101.5194, 46.0264 ], [ -101.5186, 46.0286 ], [ -101.5179, 46.0291 ], [ -101.5158, 46.0293 ], [ -101.5157, 46.03 ], [ -101.5162, 46.0306 ], [ -101.5175, 46.0308 ], [ -101.5197, 46.0302 ], [ -101.5236, 46.0286 ], [ -101.5248, 46.0286 ], [ -101.5293, 46.0289 ], [ -101.5314, 46.0295 ], [ -101.5334, 46.0306 ], [ -101.5352, 46.0306 ], [ -101.5362, 46.03 ], [ -101.5367, 46.0292 ], [ -101.5355, 46.0282 ], [ -101.5355, 46.0262 ], [ -101.5347, 46.0245 ], [ -101.5338, 46.0244 ], [ -101.5321, 46.0259 ], [ -101.5316, 46.0257 ], [ -101.5311, 46.0227 ], [ -101.533, 46.0211 ], [ -101.5331, 46.0206 ], [ -101.5305, 46.0205 ], [ -101.5295, 46.019 ], [ -101.5278, 46.0182 ], [ -101.5272, 46.0172 ], [ -101.5273, 46.0164 ], [ -101.5287, 46.0154 ], [ -101.5318, 46.0146 ], [ -101.5336, 46.0133 ], [ -101.5343, 46.0137 ], [ -101.5346, 46.0159 ], [ -101.5351, 46.0164 ], [ -101.5371, 46.0161 ], [ -101.5422, 46.0161 ], [ -101.5428, 46.0174 ], [ -101.5472, 46.0183 ], [ -101.5486, 46.0181 ], [ -101.5496, 46.0173 ], [ -101.5504, 46.0173 ], [ -101.5508, 46.0168 ], [ -101.5496, 46.0157 ], [ -101.5484, 46.0153 ], [ -101.5473, 46.0154 ], [ -101.5462, 46.0161 ], [ -101.5452, 46.0161 ], [ -101.546, 46.0149 ], [ -101.5462, 46.0129 ], [ -101.5481, 46.011 ], [ -101.5501, 46.0115 ], [ -101.5519, 46.0109 ], [ -101.5533, 46.0083 ], [ -101.5533, 46.007 ], [ -101.5536, 46.0068 ], [ -101.5545, 46.0071 ], [ -101.5542, 46.0091 ], [ -101.5556, 46.0099 ], [ -101.5565, 46.0117 ], [ -101.5579, 46.0119 ], [ -101.5589, 46.0111 ], [ -101.5598, 46.0109 ], [ -101.5616, 46.0128 ], [ -101.5645, 46.0139 ], [ -101.5663, 46.014 ], [ -101.5671, 46.0144 ], [ -101.5667, 46.0153 ], [ -101.5657, 46.0153 ], [ -101.5647, 46.0156 ], [ -101.5646, 46.0166 ], [ -101.5631, 46.0165 ], [ -101.5632, 46.0177 ], [ -101.5643, 46.0181 ], [ -101.5664, 46.0179 ], [ -101.5679, 46.0186 ], [ -101.5682, 46.0197 ], [ -101.5677, 46.021 ], [ -101.5678, 46.0237 ], [ -101.5695, 46.0232 ], [ -101.5704, 46.0219 ], [ -101.5711, 46.0215 ], [ -101.5717, 46.0218 ], [ -101.5722, 46.0236 ], [ -101.5738, 46.0251 ], [ -101.5747, 46.0255 ], [ -101.5763, 46.0253 ], [ -101.5767, 46.0245 ], [ -101.5762, 46.024 ], [ -101.5742, 46.0235 ], [ -101.5742, 46.0229 ], [ -101.5794, 46.0207 ], [ -101.5797, 46.0202 ], [ -101.5789, 46.0192 ], [ -101.5789, 46.0186 ], [ -101.5819, 46.0176 ], [ -101.5835, 46.0157 ], [ -101.586, 46.0166 ], [ -101.5883, 46.0164 ], [ -101.5883, 46.0155 ], [ -101.5857, 46.0142 ], [ -101.5855, 46.012 ], [ -101.5863, 46.0118 ], [ -101.5878, 46.0135 ], [ -101.5884, 46.0137 ], [ -101.5899, 46.0134 ], [ -101.5907, 46.0125 ], [ -101.5886, 46.0101 ], [ -101.5885, 46.0096 ], [ -101.5904, 46.0091 ], [ -101.5915, 46.0092 ], [ -101.5919, 46.0096 ], [ -101.5921, 46.011 ], [ -101.5938, 46.0132 ], [ -101.5958, 46.0145 ], [ -101.5954, 46.015 ], [ -101.5933, 46.0158 ], [ -101.5938, 46.0171 ], [ -101.5944, 46.0176 ], [ -101.5965, 46.0175 ], [ -101.5981, 46.0169 ], [ -101.6001, 46.0167 ], [ -101.6005, 46.0161 ], [ -101.599, 46.0154 ], [ -101.5982, 46.0145 ], [ -101.5984, 46.0136 ], [ -101.5995, 46.0132 ], [ -101.6008, 46.0146 ], [ -101.603, 46.0156 ], [ -101.603, 46.0163 ], [ -101.6037, 46.017 ], [ -101.6095, 46.0189 ], [ -101.6112, 46.0187 ], [ -101.6115, 46.0196 ], [ -101.6101, 46.0237 ], [ -101.6111, 46.0242 ], [ -101.6131, 46.0233 ], [ -101.6144, 46.0236 ], [ -101.6149, 46.024 ], [ -101.6157, 46.0256 ], [ -101.6174, 46.027 ], [ -101.617, 46.0279 ], [ -101.6155, 46.0291 ], [ -101.6163, 46.0307 ], [ -101.6174, 46.0309 ], [ -101.6188, 46.0299 ], [ -101.6194, 46.0299 ], [ -101.6201, 46.0305 ], [ -101.62, 46.0321 ], [ -101.6227, 46.033 ], [ -101.6212, 46.0352 ], [ -101.6218, 46.0368 ], [ -101.6227, 46.037 ], [ -101.6243, 46.0365 ], [ -101.6317, 46.036 ], [ -101.631, 46.0371 ], [ -101.6314, 46.0379 ], [ -101.6373, 46.0375 ], [ -101.6381, 46.0371 ], [ -101.6371, 46.0364 ], [ -101.6356, 46.0363 ], [ -101.635, 46.0356 ], [ -101.6352, 46.0344 ], [ -101.6385, 46.0324 ], [ -101.638, 46.031 ], [ -101.6373, 46.0309 ], [ -101.6359, 46.0312 ], [ -101.6351, 46.0307 ], [ -101.6352, 46.0301 ], [ -101.6369, 46.029 ], [ -101.6379, 46.0288 ], [ -101.642, 46.0296 ], [ -101.6426, 46.0294 ], [ -101.6432, 46.0282 ], [ -101.6437, 46.0281 ], [ -101.6455, 46.0296 ], [ -101.6461, 46.0296 ], [ -101.6467, 46.0279 ], [ -101.6435, 46.0252 ], [ -101.6433, 46.024 ], [ -101.6445, 46.0239 ], [ -101.6473, 46.0254 ], [ -101.649, 46.0248 ], [ -101.65, 46.024 ], [ -101.6488, 46.0234 ], [ -101.646, 46.0233 ], [ -101.6465, 46.0213 ], [ -101.6455, 46.0208 ], [ -101.6431, 46.0205 ], [ -101.6442, 46.0161 ], [ -101.6465, 46.0149 ], [ -101.6502, 46.0148 ], [ -101.652, 46.0143 ], [ -101.6535, 46.0154 ], [ -101.6542, 46.017 ], [ -101.6551, 46.017 ], [ -101.6601, 46.0151 ], [ -101.6607, 46.0145 ], [ -101.6605, 46.0139 ], [ -101.6594, 46.0137 ], [ -101.6583, 46.0151 ], [ -101.6575, 46.0151 ], [ -101.6566, 46.0124 ], [ -101.6573, 46.0122 ], [ -101.6599, 46.0128 ], [ -101.6605, 46.0119 ], [ -101.6629, 46.0121 ], [ -101.6645, 46.0116 ], [ -101.6649, 46.0121 ], [ -101.6636, 46.013 ], [ -101.6627, 46.0147 ], [ -101.6631, 46.0155 ], [ -101.6641, 46.016 ], [ -101.6646, 46.0157 ], [ -101.6647, 46.0145 ], [ -101.6662, 46.0139 ], [ -101.6684, 46.014 ], [ -101.6701, 46.0137 ], [ -101.6713, 46.0134 ], [ -101.6719, 46.0123 ], [ -101.6745, 46.0124 ], [ -101.6777, 46.0115 ], [ -101.6783, 46.0116 ], [ -101.6783, 46.012 ], [ -101.6755, 46.015 ], [ -101.6754, 46.0163 ], [ -101.6773, 46.0159 ], [ -101.6808, 46.016 ], [ -101.6827, 46.0167 ], [ -101.6846, 46.0167 ], [ -101.6852, 46.016 ], [ -101.684, 46.015 ], [ -101.6816, 46.014 ], [ -101.6811, 46.0136 ], [ -101.6811, 46.0129 ], [ -101.6815, 46.0126 ], [ -101.6824, 46.0126 ], [ -101.6859, 46.0136 ], [ -101.6864, 46.0142 ], [ -101.6862, 46.0163 ], [ -101.6893, 46.0186 ], [ -101.6894, 46.0192 ], [ -101.689, 46.0196 ], [ -101.6863, 46.0189 ], [ -101.6857, 46.019 ], [ -101.6859, 46.0198 ], [ -101.6878, 46.0216 ], [ -101.6879, 46.0224 ], [ -101.6887, 46.0227 ], [ -101.6894, 46.0226 ], [ -101.6897, 46.0211 ], [ -101.6918, 46.0203 ], [ -101.6931, 46.0193 ], [ -101.6956, 46.0201 ], [ -101.6985, 46.0214 ], [ -101.6997, 46.0225 ], [ -101.6997, 46.023 ], [ -101.6989, 46.0232 ], [ -101.6981, 46.022 ], [ -101.6975, 46.022 ], [ -101.6969, 46.0234 ], [ -101.6974, 46.0241 ], [ -101.6992, 46.0247 ], [ -101.6997, 46.0251 ], [ -101.6987, 46.026 ], [ -101.6985, 46.0268 ], [ -101.6989, 46.027 ], [ -101.7003, 46.0269 ], [ -101.701, 46.0266 ], [ -101.7015, 46.0252 ], [ -101.7047, 46.0222 ], [ -101.7102, 46.0258 ], [ -101.7129, 46.0263 ], [ -101.7135, 46.0261 ], [ -101.714, 46.0245 ], [ -101.7138, 46.0239 ], [ -101.7129, 46.0233 ], [ -101.7117, 46.0233 ], [ -101.7114, 46.0229 ], [ -101.7115, 46.0222 ], [ -101.7127, 46.0216 ], [ -101.7151, 46.0217 ], [ -101.7165, 46.0231 ], [ -101.7183, 46.0229 ], [ -101.7193, 46.0232 ], [ -101.7197, 46.0238 ], [ -101.7176, 46.0252 ], [ -101.7173, 46.0268 ], [ -101.7158, 46.0276 ], [ -101.7157, 46.0281 ], [ -101.7172, 46.0287 ], [ -101.7199, 46.0285 ], [ -101.7209, 46.0295 ], [ -101.7219, 46.0294 ], [ -101.7224, 46.0285 ], [ -101.723, 46.0287 ], [ -101.7251, 46.0316 ], [ -101.7258, 46.0321 ], [ -101.7276, 46.0324 ], [ -101.7276, 46.0329 ], [ -101.7267, 46.0334 ], [ -101.7266, 46.0342 ], [ -101.7274, 46.0355 ], [ -101.7289, 46.0361 ], [ -101.7302, 46.0363 ], [ -101.734, 46.0358 ], [ -101.7372, 46.0366 ], [ -101.7376, 46.0376 ], [ -101.7386, 46.0376 ], [ -101.7396, 46.0368 ], [ -101.7396, 46.0355 ], [ -101.7403, 46.035 ], [ -101.7421, 46.0345 ], [ -101.7427, 46.0334 ], [ -101.7437, 46.0327 ], [ -101.7438, 46.0306 ], [ -101.7462, 46.03 ], [ -101.7465, 46.0282 ], [ -101.7515, 46.0284 ], [ -101.7525, 46.029 ], [ -101.7527, 46.0305 ], [ -101.7536, 46.0303 ], [ -101.7561, 46.0288 ], [ -101.7568, 46.0288 ], [ -101.7583, 46.031 ], [ -101.7583, 46.0318 ], [ -101.7563, 46.0315 ], [ -101.7553, 46.0329 ], [ -101.7541, 46.0334 ], [ -101.7504, 46.0327 ], [ -101.7492, 46.0329 ], [ -101.749, 46.0332 ], [ -101.75, 46.0358 ], [ -101.7493, 46.037 ], [ -101.7498, 46.0389 ], [ -101.749, 46.0402 ], [ -101.7491, 46.0412 ], [ -101.7496, 46.0417 ], [ -101.7512, 46.0413 ], [ -101.7521, 46.038 ], [ -101.7541, 46.0376 ], [ -101.7551, 46.0381 ], [ -101.7547, 46.0418 ], [ -101.7556, 46.0425 ], [ -101.7563, 46.0422 ], [ -101.7562, 46.041 ], [ -101.7566, 46.0405 ], [ -101.7618, 46.0356 ], [ -101.7668, 46.036 ], [ -101.7674, 46.0357 ], [ -101.7653, 46.0332 ], [ -101.763, 46.0332 ], [ -101.7624, 46.0326 ], [ -101.7626, 46.0317 ], [ -101.7642, 46.0316 ], [ -101.7658, 46.0306 ], [ -101.7666, 46.0311 ], [ -101.7677, 46.0338 ], [ -101.7696, 46.0331 ], [ -101.7711, 46.0342 ], [ -101.7731, 46.0342 ], [ -101.7739, 46.0346 ], [ -101.7735, 46.0353 ], [ -101.7718, 46.0361 ], [ -101.7714, 46.0367 ], [ -101.7719, 46.0373 ], [ -101.7733, 46.0374 ], [ -101.7756, 46.0367 ], [ -101.7774, 46.0386 ], [ -101.7788, 46.0391 ], [ -101.7793, 46.039 ], [ -101.7799, 46.0381 ], [ -101.7805, 46.0359 ], [ -101.7817, 46.0353 ], [ -101.7827, 46.0353 ], [ -101.7841, 46.036 ], [ -101.7841, 46.0365 ], [ -101.7827, 46.0373 ], [ -101.7825, 46.0382 ], [ -101.7829, 46.0384 ], [ -101.7838, 46.0381 ], [ -101.7843, 46.0371 ], [ -101.7849, 46.037 ], [ -101.7864, 46.0372 ], [ -101.7875, 46.0354 ], [ -101.7903, 46.0344 ], [ -101.7912, 46.0344 ], [ -101.7923, 46.0359 ], [ -101.7938, 46.0361 ], [ -101.7949, 46.0359 ], [ -101.8001, 46.0324 ], [ -101.7995, 46.0317 ], [ -101.7976, 46.0315 ], [ -101.798, 46.0306 ], [ -101.7998, 46.0295 ], [ -101.7976, 46.0292 ], [ -101.7973, 46.0286 ], [ -101.8009, 46.0269 ], [ -101.8005, 46.0263 ], [ -101.7983, 46.0259 ], [ -101.7982, 46.0247 ], [ -101.7987, 46.0242 ], [ -101.7994, 46.0242 ], [ -101.8002, 46.0249 ], [ -101.8037, 46.0253 ], [ -101.8034, 46.0267 ], [ -101.8023, 46.0279 ], [ -101.805, 46.0298 ], [ -101.8051, 46.0305 ], [ -101.8074, 46.0301 ], [ -101.8091, 46.0312 ], [ -101.8106, 46.0311 ], [ -101.812, 46.0316 ], [ -101.8146, 46.0317 ], [ -101.8149, 46.0304 ], [ -101.8131, 46.0308 ], [ -101.8127, 46.0306 ], [ -101.8135, 46.0296 ], [ -101.8135, 46.0289 ], [ -101.8121, 46.0283 ], [ -101.8116, 46.0274 ], [ -101.8124, 46.0272 ], [ -101.814, 46.0277 ], [ -101.8218, 46.0337 ], [ -101.8223, 46.0356 ], [ -101.8252, 46.0371 ], [ -101.8282, 46.0379 ], [ -101.8292, 46.0376 ], [ -101.8292, 46.0349 ], [ -101.8306, 46.0342 ], [ -101.8304, 46.0331 ], [ -101.8324, 46.0319 ], [ -101.8334, 46.0318 ], [ -101.8338, 46.032 ], [ -101.8338, 46.0334 ], [ -101.8343, 46.0338 ], [ -101.835, 46.0337 ], [ -101.8353, 46.0316 ], [ -101.8365, 46.0312 ], [ -101.8371, 46.0315 ], [ -101.8366, 46.0327 ], [ -101.8384, 46.033 ], [ -101.8391, 46.0319 ], [ -101.8384, 46.029 ], [ -101.839, 46.0287 ], [ -101.8416, 46.0288 ], [ -101.8421, 46.0291 ], [ -101.8419, 46.0307 ], [ -101.843, 46.0321 ], [ -101.8411, 46.0337 ], [ -101.8415, 46.0346 ], [ -101.8406, 46.038 ], [ -101.8413, 46.0382 ], [ -101.8419, 46.0374 ], [ -101.8427, 46.0375 ], [ -101.8429, 46.04 ], [ -101.8435, 46.0408 ], [ -101.8471, 46.0408 ], [ -101.848, 46.0411 ], [ -101.8478, 46.0415 ], [ -101.8457, 46.0414 ], [ -101.8447, 46.0419 ], [ -101.8459, 46.0443 ], [ -101.8478, 46.0439 ], [ -101.8515, 46.046 ], [ -101.8576, 46.0465 ], [ -101.8603, 46.0481 ], [ -101.8595, 46.0488 ], [ -101.8565, 46.0486 ], [ -101.8523, 46.0474 ], [ -101.85, 46.0476 ], [ -101.8492, 46.0501 ], [ -101.8495, 46.0518 ], [ -101.8491, 46.052 ], [ -101.8467, 46.0515 ], [ -101.8465, 46.0509 ], [ -101.8477, 46.05 ], [ -101.8473, 46.0497 ], [ -101.8434, 46.0499 ], [ -101.8426, 46.0502 ], [ -101.8429, 46.0515 ], [ -101.845, 46.0528 ], [ -101.846, 46.0539 ], [ -101.846, 46.055 ], [ -101.845, 46.0574 ], [ -101.8425, 46.0561 ], [ -101.841, 46.0563 ], [ -101.8402, 46.0568 ], [ -101.8401, 46.0573 ], [ -101.8408, 46.0576 ], [ -101.8422, 46.0572 ], [ -101.8434, 46.0576 ], [ -101.8434, 46.0579 ], [ -101.8403, 46.0598 ], [ -101.8402, 46.0604 ], [ -101.8407, 46.0613 ], [ -101.8419, 46.0622 ], [ -101.8413, 46.063 ], [ -101.8416, 46.0634 ], [ -101.843, 46.0633 ], [ -101.8437, 46.0616 ], [ -101.8465, 46.0605 ], [ -101.8473, 46.0607 ], [ -101.8475, 46.0614 ], [ -101.8495, 46.0625 ], [ -101.8497, 46.0638 ], [ -101.8507, 46.0645 ], [ -101.8506, 46.0648 ], [ -101.8503, 46.065 ], [ -101.8482, 46.0643 ], [ -101.8451, 46.0646 ], [ -101.8442, 46.0651 ], [ -101.8432, 46.067 ], [ -101.8435, 46.0677 ], [ -101.8445, 46.0677 ], [ -101.8448, 46.0658 ], [ -101.845, 46.0655 ], [ -101.8457, 46.0655 ], [ -101.8464, 46.0665 ], [ -101.8471, 46.0708 ], [ -101.8483, 46.0728 ], [ -101.8494, 46.0733 ], [ -101.8525, 46.0721 ], [ -101.8562, 46.0715 ], [ -101.8565, 46.0707 ], [ -101.8548, 46.0695 ], [ -101.8548, 46.0687 ], [ -101.8578, 46.067 ], [ -101.8583, 46.0663 ], [ -101.861, 46.0649 ], [ -101.8618, 46.0648 ], [ -101.8669, 46.0663 ], [ -101.8707, 46.0655 ], [ -101.8709, 46.065 ], [ -101.8692, 46.0637 ], [ -101.8693, 46.0631 ], [ -101.87, 46.0629 ], [ -101.8711, 46.063 ], [ -101.8721, 46.0638 ], [ -101.8746, 46.0634 ], [ -101.8775, 46.0656 ], [ -101.8773, 46.0661 ], [ -101.876, 46.0669 ], [ -101.876, 46.0679 ], [ -101.8819, 46.0698 ], [ -101.883, 46.07 ], [ -101.884, 46.0694 ], [ -101.8846, 46.0681 ], [ -101.8829, 46.0662 ], [ -101.8809, 46.0647 ], [ -101.8807, 46.0636 ], [ -101.8809, 46.0632 ], [ -101.8814, 46.0632 ], [ -101.8834, 46.0652 ], [ -101.8846, 46.0654 ], [ -101.8862, 46.0648 ], [ -101.888, 46.0659 ], [ -101.8884, 46.0667 ], [ -101.8876, 46.0683 ], [ -101.8882, 46.0687 ], [ -101.8893, 46.0689 ], [ -101.8917, 46.0686 ], [ -101.8928, 46.0691 ], [ -101.8953, 46.0692 ], [ -101.8957, 46.0688 ], [ -101.8956, 46.0669 ], [ -101.897, 46.066 ], [ -101.8957, 46.0647 ], [ -101.8954, 46.0633 ], [ -101.8948, 46.0632 ], [ -101.8933, 46.0639 ], [ -101.89, 46.0637 ], [ -101.8886, 46.064 ], [ -101.8889, 46.0615 ], [ -101.8899, 46.0613 ], [ -101.8915, 46.062 ], [ -101.8925, 46.0621 ], [ -101.8934, 46.0614 ], [ -101.8937, 46.0604 ], [ -101.8923, 46.0597 ], [ -101.8923, 46.0593 ], [ -101.8948, 46.0593 ], [ -101.8952, 46.059 ], [ -101.8951, 46.0586 ], [ -101.8942, 46.0577 ], [ -101.894, 46.0569 ], [ -101.8965, 46.0564 ], [ -101.8985, 46.0564 ], [ -101.8998, 46.0569 ], [ -101.9, 46.0575 ], [ -101.8984, 46.0578 ], [ -101.8985, 46.0583 ], [ -101.9022, 46.0597 ], [ -101.9034, 46.0581 ], [ -101.9029, 46.0562 ], [ -101.9032, 46.0558 ], [ -101.9075, 46.0583 ], [ -101.9073, 46.0586 ], [ -101.905, 46.0588 ], [ -101.906, 46.0604 ], [ -101.9069, 46.0611 ], [ -101.9105, 46.0623 ], [ -101.9109, 46.0622 ], [ -101.9112, 46.0613 ], [ -101.9103, 46.0603 ], [ -101.9103, 46.0595 ], [ -101.9112, 46.0581 ], [ -101.9108, 46.0578 ], [ -101.9079, 46.0577 ], [ -101.9079, 46.0572 ], [ -101.9091, 46.0553 ], [ -101.9118, 46.0538 ], [ -101.9123, 46.0538 ], [ -101.9134, 46.0546 ], [ -101.914, 46.0559 ], [ -101.9168, 46.0567 ], [ -101.9167, 46.0569 ], [ -101.9143, 46.0574 ], [ -101.9141, 46.0582 ], [ -101.9145, 46.0587 ], [ -101.9157, 46.0589 ], [ -101.9179, 46.06 ], [ -101.9193, 46.0594 ], [ -101.92, 46.0594 ], [ -101.9211, 46.0602 ], [ -101.9227, 46.0608 ], [ -101.9232, 46.0605 ], [ -101.9226, 46.0598 ], [ -101.9228, 46.0584 ], [ -101.922, 46.0572 ], [ -101.9205, 46.0566 ], [ -101.9195, 46.0556 ], [ -101.9213, 46.0542 ], [ -101.9223, 46.0544 ], [ -101.923, 46.0554 ], [ -101.9244, 46.0557 ], [ -101.9261, 46.0566 ], [ -101.9266, 46.0579 ], [ -101.9282, 46.0596 ], [ -101.9341, 46.0614 ], [ -101.934, 46.0621 ], [ -101.9312, 46.0625 ], [ -101.9311, 46.063 ], [ -101.9339, 46.0635 ], [ -101.9352, 46.0655 ], [ -101.9378, 46.0664 ], [ -101.9393, 46.0657 ], [ -101.9392, 46.0649 ], [ -101.9373, 46.0643 ], [ -101.9379, 46.0632 ], [ -101.9387, 46.0632 ], [ -101.9414, 46.0653 ], [ -101.9424, 46.0654 ], [ -101.9432, 46.0651 ], [ -101.9439, 46.0637 ], [ -101.9447, 46.0631 ], [ -101.9455, 46.063 ], [ -101.9476, 46.0637 ], [ -101.9485, 46.0637 ], [ -101.9496, 46.0631 ], [ -101.9496, 46.0623 ], [ -101.9479, 46.0616 ], [ -101.945, 46.0611 ], [ -101.9463, 46.0587 ], [ -101.9467, 46.0584 ], [ -101.9482, 46.059 ], [ -101.95, 46.0579 ], [ -101.9538, 46.057 ], [ -101.9543, 46.0554 ], [ -101.9553, 46.0552 ], [ -101.9571, 46.0541 ], [ -101.9571, 46.0538 ], [ -101.956, 46.0532 ], [ -101.956, 46.0526 ], [ -101.9572, 46.0505 ], [ -101.9581, 46.0504 ], [ -101.9628, 46.0512 ], [ -101.9634, 46.0508 ], [ -101.9624, 46.0498 ], [ -101.9626, 46.0493 ], [ -101.9662, 46.0486 ], [ -101.9664, 46.0491 ], [ -101.9652, 46.0498 ], [ -101.9653, 46.0516 ], [ -101.9649, 46.0521 ], [ -101.9649, 46.0531 ], [ -101.9663, 46.0543 ], [ -101.9678, 46.0543 ], [ -101.9685, 46.0558 ], [ -101.9699, 46.0568 ], [ -101.9702, 46.0564 ], [ -101.9698, 46.0557 ], [ -101.9699, 46.0543 ], [ -101.9711, 46.0539 ], [ -101.9713, 46.0534 ], [ -101.9705, 46.0525 ], [ -101.9705, 46.0517 ], [ -101.9718, 46.0509 ], [ -101.9723, 46.0494 ], [ -101.9743, 46.0496 ], [ -101.9737, 46.0483 ], [ -101.9747, 46.0476 ], [ -101.9754, 46.0475 ], [ -101.9762, 46.0481 ], [ -101.9787, 46.0484 ], [ -101.9796, 46.0474 ], [ -101.9824, 46.0471 ], [ -101.9833, 46.0476 ], [ -101.9864, 46.0484 ], [ -101.9885, 46.0481 ], [ -101.9914, 46.047 ], [ -101.9916, 46.0474 ], [ -101.9911, 46.0483 ], [ -101.9925, 46.0485 ], [ -101.9931, 46.0498 ], [ -101.9957, 46.0505 ], [ -101.9951, 46.0514 ], [ -101.9932, 46.051 ], [ -101.9922, 46.0513 ], [ -101.9929, 46.0536 ], [ -101.9952, 46.0566 ], [ -101.9957, 46.0566 ], [ -101.9965, 46.0561 ], [ -101.9966, 46.0547 ], [ -101.9973, 46.054 ], [ -101.9971, 46.0528 ], [ -101.9975, 46.0527 ], [ -101.9983, 46.0533 ], [ -101.9978, 46.2835 ], [ -102.0469, 46.2836 ], [ -102.0472, 46.3557 ], [ -102.0494, 46.5242 ], [ -102.0492, 46.5298 ], [ -102.0512, 46.6309 ], [ -102.0967, 46.631 ], [ -102.0961, 46.6745 ] ] ] } },
{ "type": "Feature", "properties": { "GEOIDFQ": "1400000US38017040507", "NAME": "405.07", "NAMELSAD": "Census Tract 405.07" }, "geometry": { "type": "Polygon", "coordinates": [ [ [ -96.9264, 46.819 ], [ -96.8994, 46.8189 ], [ -96.8997, 46.8168 ], [ -96.9004, 46.8156 ], [ -96.901, 46.8154 ], [ -96.903, 46.8158 ], [ -96.9038, 46.815 ], [ -96.9033, 46.8147 ], [ -96.9022, 46.8152 ], [ -96.9015, 46.8149 ], [ -96.8987, 46.8114 ], [ -96.8926, 46.8114 ], [ -96.8922, 46.804 ], [ -96.9133, 46.8042 ], [ -96.9133, 46.7934 ], [ -96.9265, 46.7938 ], [ -96.9264, 46.819 ] ] ] } },
{ "type": "Feature", "properties": { "GEOIDFQ": "1400000US38069956200", "NAME": "9562", "NAMELSAD": "Census Tract 9562" }, "geometry": { "type": "Polygon", "coordinates": [ [ [ -100.237, 48.2839 ], [ -100.2374, 48.3578 ], [ -100.2371, 48.3712 ], [ -100.0082, 48.3712 ], [ -100.0073, 48.3704 ], [ -100.0042, 48.3696 ], [ -100.0007, 48.3698 ], [ -100.0007, 48.3664 ], [ -100.0, 48.3648 ], [ -99.9891, 48.3646 ], [ -99.988, 48.3647 ], [ -99.988, 48.37 ], [ -99.9771, 48.3703 ], [ -99.9771, 48.3712 ], [ -99.847, 48.3713 ], [ -99.8482, 48.0214 ], [ -99.8121, 48.0215 ], [ -99.8122, 47.8473 ], [ -99.9515, 47.8474 ], [ -99.9623, 47.8477 ], [ -100.0325, 47.8473 ], [ -100.1646, 47.8475 ], [ -100.1661, 47.8476 ], [ -100.177, 47.8475 ], [ -100.1976, 47.8476 ], [ -100.198, 47.8477 ], [ -100.1976, 48.0219 ], [ -100.237, 48.0219 ], [ -100.2371, 48.1244 ], [ -100.2368, 48.1246 ], [ -100.2372, 48.1265 ], [ -100.2375, 48.1385 ], [ -100.237, 48.2839 ] ] ] } },
{ "type": "Feature", "properties": { "GEOIDFQ": "1400000US38069956100", "NAME": "9561", "NAMELSAD": "Census Tract 9561" }, "geometry": { "type": "Polygon", "coordinates": [ [ [ -100.2766, 48.5448 ], [ -100.1459, 48.5452 ], [ -99.9498, 48.545 ], [ -99.9065, 48.5452 ], [ -99.8774, 48.5449 ], [ -99.7762, 48.5448 ], [ -99.5739, 48.545 ], [ -99.4932, 48.5448 ], [ -99.4934, 48.3737 ], [ -99.4929, 48.3709 ], [ -99.6255, 48.3712 ], [ -99.9771, 48.3712 ], [ -99.9771, 48.3703 ], [ -99.988, 48.37 ], [ -99.988, 48.3647 ], [ -99.9935, 48.3646 ], [ -99.9946, 48.3648 ], [ -100.0, 48.3648 ], [ -100.0007, 48.3664 ], [ -100.0007, 48.3698 ], [ -100.0042, 48.3696 ], [ -100.0073, 48.3704 ], [ -100.0082, 48.3712 ], [ -100.2282, 48.3712 ], [ -100.2592, 48.3714 ], [ -100.2766, 48.3712 ], [ -100.2766, 48.5448 ] ] ] } },
{ "type": "Feature", "properties": { "GEOIDFQ": "1400000US38089963300", "NAME": "9633", "NAMELSAD": "Census Tract 9633" }, "geometry": { "type": "Polygon", "coordinates": [ [ [ -102.539, 46.7071 ], [ -102.5389, 46.717 ], [ -102.5178, 46.7171 ], [ -102.5179, 46.7714 ], [ -102.5183, 46.7725 ], [ -102.5179, 46.7744 ], [ -102.5179, 46.7814 ], [ -102.5184, 46.7828 ], [ -102.5179, 46.7849 ], [ -102.5183, 46.7891 ], [ -102.5179, 46.7907 ], [ -102.518, 46.8039 ], [ -102.5074, 46.8039 ], [ -102.5074, 46.8057 ], [ -102.5064, 46.8071 ], [ -102.5074, 46.8087 ], [ -102.5073, 46.8132 ], [ -102.5064, 46.8151 ], [ -102.5069, 46.8171 ], [ -102.5049, 46.8197 ], [ -102.5071, 46.8221 ], [ -102.5074, 46.8237 ], [ -102.5087, 46.8251 ], [ -102.5073, 46.8267 ], [ -102.5073, 46.8544 ], [ -102.4966, 46.8545 ], [ -102.4961, 46.9813 ], [ -102.4831, 46.9813 ], [ -102.4832, 47.0029 ], [ -102.4826, 47.0047 ], [ -102.4832, 47.0067 ], [ -102.4832, 47.0102 ], [ -102.4195, 47.0104 ], [ -102.377, 47.0102 ], [ -102.1448, 47.0103 ], [ -102.1449, 46.9814 ], [ -102.0959, 46.9813 ], [ -102.0968, 46.9811 ], [ -102.0972, 46.9804 ], [ -102.0961, 46.6877 ], [ -102.0967, 46.631 ], [ -102.2215, 46.631 ], [ -102.3754, 46.6301 ], [ -102.5375, 46.6299 ], [ -102.5387, 46.7044 ], [ -102.5389, 46.7054 ], [ -102.5403, 46.7055 ], [ -102.5406, 46.7058 ], [ -102.539, 46.7071 ] ] ] } },
{ "type": "Feature", "properties": { "GEOIDFQ": "1400000US38089964000", "NAME": "9640", "NAMELSAD": "Census Tract 9640" }, "geometry": { "type": "Polygon", "coordinates": [ [ [ -103.2311, 46.9803 ], [ -102.9992, 46.9806 ], [ -102.999, 46.8726 ], [ -102.9983, 46.8714 ], [ -102.9952, 46.869 ], [ -102.995, 46.8696 ], [ -102.9957, 46.8704 ], [ -102.9957, 46.8713 ], [ -102.9972, 46.8712 ], [ -102.9979, 46.8716 ], [ -102.9978, 46.8724 ], [ -102.9963, 46.8731 ], [ -102.9962, 46.8748 ], [ -102.9913, 46.8759 ], [ -102.9888, 46.8758 ], [ -102.9859, 46.8746 ], [ -102.9848, 46.8735 ], [ -102.9842, 46.8736 ], [ -102.9833, 46.8743 ], [ -102.9818, 46.8743 ], [ -102.9809, 46.8721 ], [ -102.9802, 46.8715 ], [ -102.9788, 46.8712 ], [ -102.9771, 46.8716 ], [ -102.9753, 46.8709 ], [ -102.9743, 46.8717 ], [ -102.9736, 46.8717 ], [ -102.974, 46.8704 ], [ -102.9737, 46.8695 ], [ -102.9731, 46.8692 ], [ -102.9714, 46.8697 ], [ -102.9708, 46.8688 ], [ -102.9711, 46.8682 ], [ -102.9686, 46.8673 ], [ -102.9687, 46.8661 ], [ -102.9681, 46.8656 ], [ -102.9667, 46.8655 ], [ -102.9657, 46.8669 ], [ -102.9653, 46.867 ], [ -102.9643, 46.8667 ], [ -102.963, 46.8673 ], [ -102.9618, 46.8668 ], [ -102.9608, 46.8655 ], [ -102.9624, 46.8651 ], [ -102.9626, 46.8644 ], [ -102.9637, 46.8635 ], [ -102.9713, 46.8633 ], [ -102.9732, 46.8635 ], [ -102.9734, 46.8633 ], [ -102.9781, 46.8632 ], [ -102.9784, 46.7754 ], [ -102.9777, 46.7747 ], [ -102.9676, 46.7745 ], [ -102.9673, 46.7611 ], [ -102.9658, 46.7603 ], [ -102.96, 46.7601 ], [ -102.9583, 46.759 ], [ -102.9571, 46.7577 ], [ -102.9569, 46.7191 ], [ -102.9573, 46.6879 ], [ -102.9558, 46.6877 ], [ -102.8939, 46.688 ], [ -102.8946, 46.6301 ], [ -103.0305, 46.6297 ], [ -103.2317, 46.6299 ], [ -103.2311, 46.9803 ] ] ] } },
{ "type": "Feature", "properties": { "GEOIDFQ": "1400000US38089963900", "NAME": "9639", "NAMELSAD": "Census Tract 9639" }, "geometry": { "type": "Polygon", "coordinates": [ [ [ -102.9992, 46.9806 ], [ -102.7793, 46.9809 ], [ -102.7124, 46.9813 ], [ -102.6535, 46.9811 ], [ -102.6405, 46.9814 ], [ -102.6181, 46.9812 ], [ -102.5887, 46.9814 ], [ -102.5254, 46.9813 ], [ -102.5255, 47.0102 ], [ -102.4832, 47.0102 ], [ -102.4832, 47.0067 ], [ -102.4826, 47.0047 ], [ -102.4832, 47.0029 ], [ -102.4831, 46.9813 ], [ -102.4961, 46.9813 ], [ -102.4966, 46.8545 ], [ -102.5073, 46.8544 ], [ -102.5073, 46.8267 ], [ -102.5087, 46.8251 ], [ -102.5074, 46.8237 ], [ -102.5071, 46.8221 ], [ -102.5049, 46.8197 ], [ -102.5069, 46.8171 ], [ -102.5064, 46.8151 ], [ -102.5073, 46.8132 ], [ -102.5074, 46.8087 ], [ -102.5064, 46.8071 ], [ -102.5074, 46.8057 ], [ -102.5074, 46.8039 ], [ -102.518, 46.8039 ], [ -102.5179, 46.7907 ], [ -102.5183, 46.7891 ], [ -102.5179, 46.7849 ], [ -102.5184, 46.7828 ], [ -102.5179, 46.7814 ], [ -102.5179, 46.7744 ], [ -102.5183, 46.7725 ], [ -102.5179, 46.7714 ], [ -102.5178, 46.7171 ], [ -102.5389, 46.717 ], [ -102.539, 46.7071 ], [ -102.5406, 46.7058 ], [ -102.5403, 46.7055 ], [ -102.5389, 46.7054 ], [ -102.5387, 46.7044 ], [ -102.5375, 46.6299 ], [ -102.8947, 46.6301 ], [ -102.8939, 46.688 ], [ -102.9558, 46.6877 ], [ -102.9573, 46.6879 ], [ -102.9569, 46.7191 ], [ -102.9571, 46.7577 ], [ -102.9583, 46.759 ], [ -102.96, 46.7601 ], [ -102.9658, 46.7603 ], [ -102.9673, 46.7611 ], [ -102.9676, 46.7745 ], [ -102.9777, 46.7747 ], [ -102.9784, 46.7754 ], [ -102.9781, 46.8632 ], [ -102.9734, 46.8633 ], [ -102.9732, 46.8635 ], [ -102.9713, 46.8633 ], [ -102.9637, 46.8635 ], [ -102.9626, 46.8644 ], [ -102.9627, 46.8649 ], [ -102.9608, 46.8654 ], [ -102.9608, 46.8658 ], [ -102.9618, 46.8668 ], [ -102.963, 46.8673 ], [ -102.9643, 46.8667 ], [ -102.9653, 46.867 ], [ -102.9657, 46.8669 ], [ -102.9667, 46.8655 ], [ -102.9681, 46.8656 ], [ -102.9687, 46.8661 ], [ -102.9686, 46.8673 ], [ -102.9711, 46.8682 ], [ -102.9708, 46.8688 ], [ -102.9714, 46.8697 ], [ -102.9731, 46.8692 ], [ -102.9737, 46.8695 ], [ -102.974, 46.8704 ], [ -102.9736, 46.8717 ], [ -102.9743, 46.8717 ], [ -102.9753, 46.8709 ], [ -102.9771, 46.8716 ], [ -102.9788, 46.8712 ], [ -102.9802, 46.8715 ], [ -102.9809, 46.8721 ], [ -102.9818, 46.8743 ], [ -102.9833, 46.8743 ], [ -102.9842, 46.8736 ], [ -102.9848, 46.8735 ], [ -102.9859, 46.8746 ], [ -102.9888, 46.8758 ], [ -102.9913, 46.8759 ], [ -102.9962, 46.8748 ], [ -102.9963, 46.8731 ], [ -102.9978, 46.8724 ], [ -102.9979, 46.8716 ], [ -102.9972, 46.8712 ], [ -102.9957, 46.8713 ], [ -102.9957, 46.8704 ], [ -102.995, 46.8696 ], [ -102.9952, 46.869 ], [ -102.9983, 46.8714 ], [ -102.999, 46.8726 ], [ -102.9992, 46.9806 ] ], [ [ -102.8329, 46.8698 ], [ -102.8326, 46.8682 ], [ -102.8314, 46.8675 ], [ -102.8301, 46.8676 ], [ -102.8288, 46.8669 ], [ -102.8275, 46.8669 ], [ -102.8261, 46.8675 ], [ -102.8252, 46.8675 ], [ -102.8241, 46.8685 ], [ -102.8229, 46.8687 ], [ -102.8224, 46.868 ], [ -102.8231, 46.8657 ], [ -102.8223, 46.8649 ], [ -102.822, 46.8639 ], [ -102.8208, 46.8633 ], [ -102.8171, 46.8636 ], [ -102.8165, 46.8632 ], [ -102.8165, 46.8612 ], [ -102.8162, 46.861 ], [ -102.8147, 46.8609 ], [ -102.8133, 46.862 ], [ -102.8132, 46.8627 ], [ -102.8154, 46.8639 ], [ -102.8158, 46.866 ], [ -102.8185, 46.8676 ], [ -102.8185, 46.8684 ], [ -102.8175, 46.8685 ], [ -102.8153, 46.8675 ], [ -102.8131, 46.8656 ], [ -102.8125, 46.8641 ], [ -102.8117, 46.8636 ], [ -102.8098, 46.8638 ], [ -102.8086, 46.8643 ], [ -102.8073, 46.8656 ], [ -102.8056, 46.8657 ], [ -102.8056, 46.8616 ], [ -102.8108, 46.8615 ], [ -102.8108, 46.8431 ], [ -102.8093, 46.8431 ], [ -102.7798, 46.839 ], [ -102.7475, 46.8392 ], [ -102.7475, 46.8572 ], [ -102.7381, 46.8586 ], [ -102.7331, 46.8598 ], [ -102.7298, 46.8695 ], [ -102.7288, 46.875 ], [ -102.7279, 46.876 ], [ -102.7268, 46.8757 ], [ -102.7265, 46.876 ], [ -102.7265, 46.8809 ], [ -102.7265, 46.8832 ], [ -102.7302, 46.8843 ], [ -102.7421, 46.8902 ], [ -102.7475, 46.8919 ], [ -102.7475, 46.9065 ], [ -102.7478, 46.9069 ], [ -102.7476, 46.9195 ], [ -102.832, 46.9195 ], [ -102.832, 46.8947 ], [ -102.8315, 46.8932 ], [ -102.8295, 46.8904 ], [ -102.832, 46.8903 ], [ -102.8321, 46.8722 ], [ -102.8349, 46.8712 ], [ -102.8329, 46.8698 ] ] ] } },
{ "type": "Feature", "properties": { "GEOIDFQ": "1400000US38105953701", "NAME": "9537.01", "NAMELSAD": "Census Tract 9537.01" }, "geometry": { "type": "Polygon", "coordinates": [ [ [ -103.6906, 48.2122 ], [ -103.6713, 48.2121 ], [ -103.6679, 48.2117 ], [ -103.6689, 48.2138 ], [ -103.669, 48.2305 ], [ -103.6657, 48.2347 ], [ -103.6634, 48.2358 ], [ -103.663, 48.2377 ], [ -103.6618, 48.2385 ], [ -103.6631, 48.24 ], [ -103.665, 48.2408 ], [ -103.6652, 48.2412 ], [ -103.6494, 48.2411 ], [ -103.6475, 48.2415 ], [ -103.6475, 48.2425 ], [ -103.6432, 48.2447 ], [ -103.6098, 48.2448 ], [ -103.6081, 48.2446 ], [ -103.6067, 48.2441 ], [ -103.604, 48.2424 ], [ -103.6041, 48.2155 ], [ -103.6025, 48.2137 ], [ -103.6037, 48.2086 ], [ -103.6032, 48.2081 ], [ -103.6009, 48.2072 ], [ -103.6015, 48.2066 ], [ -103.6013, 48.2062 ], [ -103.5999, 48.2063 ], [ -103.5994, 48.2059 ], [ -103.5994, 48.2053 ], [ -103.6001, 48.2049 ], [ -103.6023, 48.2052 ], [ -103.6037, 48.2046 ], [ -103.6038, 48.2011 ], [ -103.6031, 48.2008 ], [ -103.6037, 48.2002 ], [ -103.6038, 48.1977 ], [ -103.6029, 48.1946 ], [ -103.5999, 48.1932 ], [ -103.5996, 48.192 ], [ -103.6, 48.1915 ], [ -103.6012, 48.1915 ], [ -103.6027, 48.1923 ], [ -103.6038, 48.1924 ], [ -103.6043, 48.1916 ], [ -103.6041, 48.1913 ], [ -103.6029, 48.1911 ], [ -103.602, 48.1906 ], [ -103.6007, 48.1886 ], [ -103.5995, 48.1886 ], [ -103.5982, 48.1882 ], [ -103.5979, 48.1876 ], [ -103.5984, 48.1873 ], [ -103.5992, 48.1874 ], [ -103.6003, 48.1871 ], [ -103.6007, 48.1866 ], [ -103.6005, 48.1856 ], [ -103.5998, 48.1848 ], [ -103.6, 48.1844 ], [ -103.6023, 48.1841 ], [ -103.6031, 48.1835 ], [ -103.6031, 48.1829 ], [ -103.5993, 48.1773 ], [ -103.598, 48.1767 ], [ -103.5976, 48.176 ], [ -103.5991, 48.1749 ], [ -103.5983, 48.172 ], [ -103.597, 48.1721 ], [ -103.5952, 48.1731 ], [ -103.594, 48.1747 ], [ -103.5915, 48.1747 ], [ -103.5913, 48.1731 ], [ -103.5919, 48.1721 ], [ -103.5957, 48.1699 ], [ -103.5983, 48.168 ], [ -103.5999, 48.1686 ], [ -103.605, 48.1688 ], [ -103.6273, 48.1687 ], [ -103.6321, 48.1678 ], [ -103.6324, 48.1687 ], [ -103.6907, 48.1687 ], [ -103.6906, 48.2122 ] ] ] } },
{ "type": "Feature", "properties": { "GEOIDFQ": "1400000US38105953702", "NAME": "9537.02", "NAMELSAD": "Census Tract 9537.02" }, "geometry": { "type": "Polygon", "coordinates": [ [ [ -103.7336, 48.1687 ], [ -103.7063, 48.1687 ], [ -103.7037, 48.1684 ], [ -103.6989, 48.1687 ], [ -103.6974, 48.1679 ], [ -103.6962, 48.1677 ], [ -103.6952, 48.1678 ], [ -103.6936, 48.1686 ], [ -103.6923, 48.1687 ], [ -103.6324, 48.1687 ], [ -103.6321, 48.1678 ], [ -103.6354, 48.1662 ], [ -103.6468, 48.1582 ], [ -103.6483, 48.1566 ], [ -103.6496, 48.1539 ], [ -103.6495, 48.1494 ], [ -103.6501, 48.1452 ], [ -103.6605, 48.1452 ], [ -103.6636, 48.1445 ], [ -103.6691, 48.1422 ], [ -103.6694, 48.1216 ], [ -103.6752, 48.1224 ], [ -103.6776, 48.1224 ], [ -103.683, 48.1217 ], [ -103.6873, 48.1207 ], [ -103.6983, 48.1174 ], [ -103.7171, 48.1091 ], [ -103.7201, 48.1113 ], [ -103.7203, 48.1108 ], [ -103.7209, 48.1107 ], [ -103.7337, 48.1107 ], [ -103.7336, 48.1546 ], [ -103.7332, 48.1571 ], [ -103.7339, 48.1641 ], [ -103.7336, 48.1687 ] ] ] } },
{ "type": "Feature", "properties": { "GEOIDFQ": "1400000US38015011105", "NAME": "111.05", "NAMELSAD": "Census Tract 111.05" }, "geometry": { "type": "Polygon", "coordinates": [ [ [ -100.936, 46.9828 ], [ -100.9327, 46.9873 ], [ -100.9284, 46.9904 ], [ -100.9233, 46.993 ], [ -100.9172, 46.9954 ], [ -100.9091, 46.9976 ], [ -100.9039, 46.9909 ], [ -100.9005, 46.989 ], [ -100.8997, 46.9868 ], [ -100.8983, 46.986 ], [ -100.8972, 46.9849 ], [ -100.8955, 46.9862 ], [ -100.8938, 46.9863 ], [ -100.8928, 46.9858 ], [ -100.8927, 46.9853 ], [ -100.8918, 46.9851 ], [ -100.8914, 46.9843 ], [ -100.8908, 46.9846 ], [ -100.8904, 46.9859 ], [ -100.8898, 46.9859 ], [ -100.8894, 46.9858 ], [ -100.8902, 46.9836 ], [ -100.8754, 46.9837 ], [ -100.8306, 46.983 ], [ -100.8138, 46.9831 ], [ -100.8119, 46.9834 ], [ -100.7915, 46.9831 ], [ -100.7914, 46.9743 ], [ -100.7907, 46.971 ], [ -100.7783, 46.9476 ], [ -100.7722, 46.9332 ], [ -100.7715, 46.9307 ], [ -100.7719, 46.897 ], [ -100.7716, 46.8858 ], [ -100.7727, 46.8717 ], [ -100.7722, 46.8673 ], [ -100.7724, 46.8525 ], [ -100.7937, 46.8526 ], [ -100.7935, 46.867 ], [ -100.8138, 46.8669 ], [ -100.8459, 46.8674 ], [ -100.8417, 46.8543 ], [ -100.8387, 46.8484 ], [ -100.8371, 46.8422 ], [ -100.8371, 46.8396 ], [ -100.8359, 46.8374 ], [ -100.837, 46.8374 ], [ -100.8365, 46.8362 ], [ -100.8388, 46.8336 ], [ -100.8396, 46.8316 ], [ -100.8391, 46.8295 ], [ -100.8394, 46.8291 ], [ -100.8382, 46.828 ], [ -100.8382, 46.8273 ], [ -100.8398, 46.8266 ], [ -100.8537, 46.8361 ], [ -100.8586, 46.8402 ], [ -100.8614, 46.8435 ], [ -100.8755, 46.8651 ], [ -100.9037, 46.8968 ], [ -100.9058, 46.8998 ], [ -100.9082, 46.9056 ], [ -100.908, 46.9076 ], [ -100.9075, 46.9087 ], [ -100.9069, 46.9144 ], [ -100.9046, 46.923 ], [ -100.9039, 46.9278 ], [ -100.9053, 46.9401 ], [ -100.9077, 46.9487 ], [ -100.9092, 46.9509 ], [ -100.9123, 46.9532 ], [ -100.9334, 46.9644 ], [ -100.938, 46.9692 ], [ -100.9392, 46.9727 ], [ -100.9384, 46.9778 ], [ -100.936, 46.9828 ] ] ] } },
{ "type": "Feature", "properties": { "GEOIDFQ": "1400000US38015011002", "NAME": "110.02", "NAMELSAD": "Census Tract 110.02" }, "geometry": { "type": "Polygon", "coordinates": [ [ [ -100.6437, 46.9828 ], [ -100.6438, 46.9537 ], [ -100.6449, 46.9392 ], [ -100.6454, 46.9103 ], [ -100.6664, 46.9103 ], [ -100.6674, 46.8385 ], [ -100.6959, 46.8385 ], [ -100.699, 46.8383 ], [ -100.7034, 46.8375 ], [ -100.716, 46.8332 ], [ -100.7199, 46.8322 ], [ -100.7241, 46.8315 ], [ -100.7305, 46.8312 ], [ -100.7303, 46.8782 ], [ -100.7309, 46.8799 ], [ -100.7323, 46.881 ], [ -100.7347, 46.8815 ], [ -100.7719, 46.8815 ], [ -100.7715, 46.889 ], [ -100.7719, 46.897 ], [ -100.7716, 46.9312 ], [ -100.7783, 46.9476 ], [ -100.7905, 46.9704 ], [ -100.7914, 46.9743 ], [ -100.7915, 46.9831 ], [ -100.6437, 46.9828 ] ] ] } },
{ "type": "Feature", "properties": { "GEOIDFQ": "1400000US38015011104", "NAME": "111.04", "NAMELSAD": "Census Tract 111.04" }, "geometry": { "type": "Polygon", "coordinates": [ [ [ -100.8138, 46.8669 ], [ -100.7935, 46.867 ], [ -100.7938, 46.8418 ], [ -100.798, 46.8417 ], [ -100.7983, 46.838 ], [ -100.8048, 46.838 ], [ -100.806, 46.8377 ], [ -100.8074, 46.8381 ], [ -100.8179, 46.8381 ], [ -100.8181, 46.8306 ], [ -100.8242, 46.8295 ], [ -100.8285, 46.8307 ], [ -100.8304, 46.8322 ], [ -100.8326, 46.8325 ], [ -100.8345, 46.835 ], [ -100.8369, 46.8392 ], [ -100.8371, 46.8422 ], [ -100.8386, 46.8481 ], [ -100.8417, 46.8543 ], [ -100.8459, 46.8674 ], [ -100.8138, 46.8669 ] ] ] } },
{ "type": "Feature", "properties": { "GEOIDFQ": "1400000US38079941800", "NAME": "9418", "NAMELSAD": "Census Tract 9418" }, "geometry": { "type": "Polygon", "coordinates": [ [ [ -99.9199, 48.8924 ], [ -99.7564, 48.892 ], [ -99.6571, 48.8922 ], [ -99.6571, 48.8226 ], [ -99.6573, 48.8124 ], [ -99.6578, 48.8114 ], [ -99.6574, 48.8081 ], [ -99.6575, 48.8054 ], [ -99.7816, 48.8054 ], [ -99.8, 48.8056 ], [ -99.9201, 48.8057 ], [ -99.9199, 48.8924 ] ] ] } },
{ "type": "Feature", "properties": { "GEOIDFQ": "1400000US38035010804", "NAME": "108.04", "NAMELSAD": "Census Tract 108.04" }, "geometry": { "type": "Polygon", "coordinates": [ [ [ -97.0941, 47.9038 ], [ -97.0937, 47.9036 ], [ -97.0882, 47.9037 ], [ -97.0882, 47.904 ], [ -97.0665, 47.904 ], [ -97.0667, 47.8895 ], [ -97.1099, 47.8894 ], [ -97.1099, 47.9038 ], [ -97.0941, 47.9038 ] ] ] } },
{ "type": "Feature", "properties": { "GEOIDFQ": "1400000US38017010111", "NAME": "101.11", "NAMELSAD": "Census Tract 101.11" }, "geometry": { "type": "Polygon", "coordinates": [ [ [ -96.8724, 46.862 ], [ -96.8618, 46.8619 ], [ -96.862, 46.8475 ], [ -96.8726, 46.8475 ], [ -96.8724, 46.862 ] ] ] } },
{ "type": "Feature", "properties": { "GEOIDFQ": "1400000US38093967500", "NAME": "9675", "NAMELSAD": "Census Tract 9675" }, "geometry": { "type": "Polygon", "coordinates": [ [ [ -98.716, 46.9499 ], [ -98.7164, 46.9456 ], [ -98.7156, 46.9433 ], [ -98.7156, 46.9354 ], [ -98.7138, 46.9347 ], [ -98.713, 46.9333 ], [ -98.7127, 46.9051 ], [ -98.7136, 46.9051 ], [ -98.7126, 46.9026 ], [ -98.7131, 46.9022 ], [ -98.7149, 46.9026 ], [ -98.716, 46.9025 ], [ -98.7159, 46.9016 ], [ -98.7165, 46.9001 ], [ -98.7129, 46.8996 ], [ -98.7107, 46.8999 ], [ -98.71, 46.8991 ], [ -98.7086, 46.899 ], [ -98.7118, 46.8978 ], [ -98.7135, 46.8967 ], [ -98.7182, 46.8908 ], [ -98.7189, 46.8894 ], [ -98.7189, 46.8876 ], [ -98.7143, 46.8776 ], [ -98.7756, 46.8775 ], [ -98.7767, 46.8778 ], [ -98.7767, 46.9098 ], [ -98.776, 46.9114 ], [ -98.7766, 46.9129 ], [ -98.7767, 46.9502 ], [ -98.716, 46.9499 ] ] ] } },
{ "type": "Feature", "properties": { "GEOIDFQ": "1400000US38093967300", "NAME": "9673", "NAMELSAD": "Census Tract 9673" }, "geometry": { "type": "Polygon", "coordinates": [ [ [ -98.692, 46.95 ], [ -98.6508, 46.9501 ], [ -98.6506, 46.9073 ], [ -98.6509, 46.907 ], [ -98.6528, 46.9064 ], [ -98.6293, 46.9064 ], [ -98.6294, 46.8924 ], [ -98.6624, 46.8924 ], [ -98.666, 46.892 ], [ -98.6728, 46.8906 ], [ -98.6719, 46.8901 ], [ -98.6714, 46.8892 ], [ -98.6713, 46.8775 ], [ -98.6917, 46.8775 ], [ -98.6915, 46.8818 ], [ -98.6906, 46.8832 ], [ -98.6886, 46.885 ], [ -98.6881, 46.8865 ], [ -98.6895, 46.8905 ], [ -98.6918, 46.8952 ], [ -98.6914, 46.8966 ], [ -98.6918, 46.8973 ], [ -98.6919, 46.9064 ], [ -98.6888, 46.9064 ], [ -98.6902, 46.9068 ], [ -98.692, 46.9079 ], [ -98.692, 46.95 ] ] ] } },
{ "type": "Feature", "properties": { "GEOIDFQ": "1400000US38093967000", "NAME": "9670", "NAMELSAD": "Census Tract 9670" }, "geometry": { "type": "Polygon", "coordinates": [ [ [ -99.4808, 47.2277 ], [ -99.4812, 47.25 ], [ -99.4811, 47.327 ], [ -99.2669, 47.3272 ], [ -99.2662, 47.327 ], [ -99.2493, 47.3269 ], [ -99.2078, 47.3268 ], [ -98.8071, 47.3269 ], [ -98.8025, 47.3264 ], [ -98.8022, 47.3267 ], [ -98.8012, 47.3267 ], [ -98.4672, 47.3265 ], [ -98.4669, 47.2984 ], [ -98.4675, 47.2416 ], [ -98.4671, 47.2404 ], [ -98.467, 47.2114 ], [ -98.4675, 46.9796 ], [ -98.4397, 46.9796 ], [ -98.4392, 46.8926 ], [ -98.5663, 46.8921 ], [ -98.6294, 46.8924 ], [ -98.6293, 46.9064 ], [ -98.6528, 46.9064 ], [ -98.6509, 46.907 ], [ -98.6506, 46.9073 ], [ -98.6508, 46.9501 ], [ -98.6985, 46.9499 ], [ -98.6993, 46.9486 ], [ -98.701, 46.9475 ], [ -98.7017, 46.9466 ], [ -98.7009, 46.9441 ], [ -98.7009, 46.9421 ], [ -98.6999, 46.9414 ], [ -98.6996, 46.9408 ], [ -98.7, 46.9404 ], [ -98.7017, 46.9398 ], [ -98.7022, 46.9385 ], [ -98.7036, 46.9377 ], [ -98.7035, 46.9361 ], [ -98.7047, 46.9343 ], [ -98.7054, 46.9314 ], [ -98.7039, 46.9306 ], [ -98.7129, 46.9312 ], [ -98.7133, 46.9342 ], [ -98.7142, 46.935 ], [ -98.7156, 46.9354 ], [ -98.7156, 46.9433 ], [ -98.7164, 46.9456 ], [ -98.716, 46.9499 ], [ -98.7767, 46.9502 ], [ -98.7766, 46.9212 ], [ -98.9842, 46.9217 ], [ -99.099, 46.9206 ], [ -99.1062, 46.9202 ], [ -99.1092, 46.9206 ], [ -99.1309, 46.9206 ], [ -99.1311, 46.9351 ], [ -99.1841, 46.935 ], [ -99.2142, 46.9363 ], [ -99.2182, 46.9368 ], [ -99.2205, 46.9365 ], [ -99.2234, 46.9369 ], [ -99.2257, 46.9368 ], [ -99.227, 46.936 ], [ -99.227, 46.9354 ], [ -99.2575, 46.9356 ], [ -99.2573, 46.9482 ], [ -99.2563, 46.95 ], [ -99.2574, 46.9524 ], [ -99.2573, 46.9624 ], [ -99.2995, 46.9629 ], [ -99.2998, 46.9358 ], [ -99.3608, 46.936 ], [ -99.3623, 46.9361 ], [ -99.3624, 46.9364 ], [ -99.3915, 46.936 ], [ -99.4463, 46.9362 ], [ -99.4459, 46.9802 ], [ -99.481, 46.9804 ], [ -99.4814, 47.0849 ], [ -99.4808, 47.2277 ] ] ] } },
{ "type": "Feature", "properties": { "GEOIDFQ": "1400000US38057961600", "NAME": "9616", "NAMELSAD": "Census Tract 9616" }, "geometry": { "type": "Polygon", "coordinates": [ [ [ -101.6589, 47.3281 ], [ -101.6529, 47.3281 ], [ -101.6528, 47.3283 ], [ -101.653, 47.357 ], [ -101.6105, 47.3571 ], [ -101.6105, 47.3435 ], [ -101.608, 47.3426 ], [ -101.6, 47.3426 ], [ -101.6, 47.3336 ], [ -101.6048, 47.3302 ], [ -101.6051, 47.3286 ], [ -101.6067, 47.3276 ], [ -101.6068, 47.3137 ], [ -101.5906, 47.3135 ], [ -101.5908, 47.3129 ], [ -101.5923, 47.3118 ], [ -101.5925, 47.3106 ], [ -101.5916, 47.3082 ], [ -101.5901, 47.3065 ], [ -101.5887, 47.3056 ], [ -101.5877, 47.3042 ], [ -101.587, 47.3017 ], [ -101.5904, 47.2969 ], [ -101.5907, 47.2957 ], [ -101.5927, 47.2948 ], [ -101.5976, 47.2951 ], [ -101.5995, 47.294 ], [ -101.6007, 47.2939 ], [ -101.6024, 47.2942 ], [ -101.6038, 47.2955 ], [ -101.6064, 47.2964 ], [ -101.6089, 47.2964 ], [ -101.6104, 47.2969 ], [ -101.6114, 47.2967 ], [ -101.6119, 47.2962 ], [ -101.6119, 47.2956 ], [ -101.6107, 47.2943 ], [ -101.6099, 47.2926 ], [ -101.6068, 47.2907 ], [ -101.6062, 47.2895 ], [ -101.6068, 47.2878 ], [ -101.6076, 47.287 ], [ -101.6079, 47.2854 ], [ -101.6098, 47.2852 ], [ -101.6107, 47.2833 ], [ -101.615, 47.2841 ], [ -101.6182, 47.2841 ], [ -101.6221, 47.285 ], [ -101.6268, 47.2852 ], [ -101.6298, 47.2861 ], [ -101.6326, 47.2885 ], [ -101.6335, 47.2886 ], [ -101.6349, 47.2881 ], [ -101.6357, 47.2865 ], [ -101.6369, 47.2858 ], [ -101.637, 47.2841 ], [ -101.6358, 47.2833 ], [ -101.6359, 47.2824 ], [ -101.6391, 47.2803 ], [ -101.6403, 47.2775 ], [ -101.6411, 47.2768 ], [ -101.6408, 47.2761 ], [ -101.6419, 47.2755 ], [ -101.644, 47.2752 ], [ -101.6473, 47.2759 ], [ -101.6473, 47.2745 ], [ -101.6486, 47.274 ], [ -101.6529, 47.2745 ], [ -101.6536, 47.2756 ], [ -101.6554, 47.276 ], [ -101.6565, 47.276 ], [ -101.6565, 47.2846 ], [ -101.6589, 47.2846 ], [ -101.6589, 47.3281 ] ] ] } },
{ "type": "Feature", "properties": { "GEOIDFQ": "1400000US38057961700", "NAME": "9617", "NAMELSAD": "Census Tract 9617" }, "geometry": { "type": "Polygon", "coordinates": [ [ [ -101.8702, 47.29 ], [ -101.8697, 47.292 ], [ -101.8438, 47.2914 ], [ -101.8213, 47.2926 ], [ -101.8109, 47.2943 ], [ -101.7979, 47.2981 ], [ -101.7916, 47.299 ], [ -101.7438, 47.2991 ], [ -101.7439, 47.2661 ], [ -101.7436, 47.265 ], [ -101.7449, 47.2644 ], [ -101.7437, 47.2611 ], [ -101.7434, 47.2566 ], [ -101.7436, 47.2414 ], [ -101.7646, 47.2415 ], [ -101.7646, 47.2412 ], [ -101.7855, 47.2379 ], [ -101.7857, 47.2538 ], [ -101.7875, 47.2549 ], [ -101.7894, 47.255 ], [ -101.7904, 47.2543 ], [ -101.7929, 47.2541 ], [ -101.7959, 47.2546 ], [ -101.7986, 47.2538 ], [ -101.8013, 47.2542 ], [ -101.8017, 47.2537 ], [ -101.801, 47.2525 ], [ -101.802, 47.2519 ], [ -101.8028, 47.2523 ], [ -101.8034, 47.2531 ], [ -101.8033, 47.2547 ], [ -101.8037, 47.2559 ], [ -101.8065, 47.2557 ], [ -101.8116, 47.254 ], [ -101.8182, 47.2534 ], [ -101.8206, 47.2537 ], [ -101.8268, 47.2558 ], [ -101.8293, 47.2584 ], [ -101.8311, 47.2594 ], [ -101.8426, 47.2603 ], [ -101.8463, 47.2613 ], [ -101.8707, 47.2743 ], [ -101.8702, 47.29 ] ] ] } },
{ "type": "Feature", "properties": { "GEOIDFQ": "1400000US38089963600", "NAME": "9636", "NAMELSAD": "Census Tract 9636" }, "geometry": { "type": "Polygon", "coordinates": [ [ [ -102.8109, 46.887 ], [ -102.8007, 46.887 ], [ -102.7963, 46.8885 ], [ -102.7898, 46.8887 ], [ -102.7899, 46.8783 ], [ -102.8109, 46.8765 ], [ -102.8109, 46.887 ] ] ] } },
{ "type": "Feature", "properties": { "GEOIDFQ": "1400000US38089963700", "NAME": "9637", "NAMELSAD": "Census Tract 9637" }, "geometry": { "type": "Polygon", "coordinates": [ [ [ -102.7898, 46.8905 ], [ -102.7686, 46.8906 ], [ -102.7687, 46.877 ], [ -102.787, 46.8784 ], [ -102.7899, 46.8783 ], [ -102.7898, 46.8905 ] ] ] } },
{ "type": "Feature", "properties": { "GEOIDFQ": "1400000US38041964800", "NAME": "9648", "NAMELSAD": "Census Tract 9648" }, "geometry": { "type": "Polygon", "coordinates": [ [ [ -102.9275, 46.63 ], [ -102.8741, 46.6302 ], [ -102.6427, 46.6299 ], [ -102.4024, 46.63 ], [ -102.4024, 46.6026 ], [ -102.407, 46.6025 ], [ -102.4075, 46.6022 ], [ -102.4073, 46.5943 ], [ -102.4028, 46.5919 ], [ -102.4024, 46.5913 ], [ -102.4022, 46.5301 ], [ -102.3813, 46.5301 ], [ -102.3812, 46.5097 ], [ -102.3832, 46.5104 ], [ -102.385, 46.5098 ], [ -102.3857, 46.5093 ], [ -102.3858, 46.5083 ], [ -102.3849, 46.5079 ], [ -102.3858, 46.5077 ], [ -102.3858, 46.5074 ], [ -102.3866, 46.5076 ], [ -102.3861, 46.5064 ], [ -102.387, 46.5064 ], [ -102.3882, 46.5058 ], [ -102.3881, 46.5053 ], [ -102.3886, 46.5052 ], [ -102.3888, 46.5047 ], [ -102.3896, 46.5054 ], [ -102.3903, 46.5052 ], [ -102.3908, 46.506 ], [ -102.3925, 46.5061 ], [ -102.3927, 46.5068 ], [ -102.3938, 46.5069 ], [ -102.3939, 46.5064 ], [ -102.3945, 46.506 ], [ -102.3955, 46.5063 ], [ -102.3962, 46.5058 ], [ -102.3971, 46.5061 ], [ -102.3967, 46.5054 ], [ -102.3972, 46.5054 ], [ -102.3979, 46.504 ], [ -102.3963, 46.5042 ], [ -102.3966, 46.5036 ], [ -102.3962, 46.5026 ], [ -102.3952, 46.5024 ], [ -102.394, 46.5015 ], [ -102.3955, 46.5006 ], [ -102.3951, 46.4994 ], [ -102.3962, 46.4993 ], [ -102.3964, 46.4984 ], [ -102.3964, 46.498 ], [ -102.3953, 46.4979 ], [ -102.3949, 46.4968 ], [ -102.3964, 46.4959 ], [ -102.3971, 46.4967 ], [ -102.3975, 46.4968 ], [ -102.4001, 46.4966 ], [ -102.4003, 46.4955 ], [ -102.3991, 46.4934 ], [ -102.399, 46.4926 ], [ -102.4009, 46.4908 ], [ -102.4011, 46.4874 ], [ -102.4022, 46.4867 ], [ -102.4023, 46.4843 ], [ -102.402, 46.4288 ], [ -102.4228, 46.4287 ], [ -102.4229, 46.389 ], [ -102.4225, 46.3886 ], [ -102.42, 46.3879 ], [ -102.4196, 46.3858 ], [ -102.4202, 46.3842 ], [ -102.4225, 46.3832 ], [ -102.4228, 46.3813 ], [ -102.4228, 46.3636 ], [ -102.422, 46.3596 ], [ -102.4228, 46.3566 ], [ -102.4228, 46.3457 ], [ -102.424, 46.3436 ], [ -102.4319, 46.3388 ], [ -102.4333, 46.3367 ], [ -102.4333, 46.2982 ], [ -102.4856, 46.2978 ], [ -102.4855, 46.2833 ], [ -102.5689, 46.2827 ], [ -102.6496, 46.2826 ], [ -102.6504, 46.2829 ], [ -102.6517, 46.2826 ], [ -102.7332, 46.2822 ], [ -102.7412, 46.2819 ], [ -102.7901, 46.2815 ], [ -102.9245, 46.2815 ], [ -102.9247, 46.2935 ], [ -102.9244, 46.2949 ], [ -102.9247, 46.2985 ], [ -102.9257, 46.3686 ], [ -102.9253, 46.4263 ], [ -102.9256, 46.4338 ], [ -102.9253, 46.4515 ], [ -102.9259, 46.5116 ], [ -102.9256, 46.5402 ], [ -102.9261, 46.5519 ], [ -102.9265, 46.5533 ], [ -102.9262, 46.5536 ], [ -102.9265, 46.555 ], [ -102.9261, 46.5559 ], [ -102.9274, 46.5863 ], [ -102.9278, 46.625 ], [ -102.9275, 46.63 ] ] ] } },
{ "type": "Feature", "properties": { "GEOIDFQ": "1400000US38041964700", "NAME": "9647", "NAMELSAD": "Census Tract 9647" }, "geometry": { "type": "Polygon", "coordinates": [ [ [ -102.4855, 46.2833 ], [ -102.4856, 46.2978 ], [ -102.4333, 46.2982 ], [ -102.4333, 46.3367 ], [ -102.4319, 46.3388 ], [ -102.424, 46.3436 ], [ -102.4228, 46.3457 ], [ -102.4228, 46.3566 ], [ -102.422, 46.3596 ], [ -102.4228, 46.3636 ], [ -102.4228, 46.3813 ], [ -102.4225, 46.3832 ], [ -102.4202, 46.3842 ], [ -102.4196, 46.3858 ], [ -102.42, 46.3879 ], [ -102.4225, 46.3886 ], [ -102.4229, 46.389 ], [ -102.4228, 46.4287 ], [ -102.402, 46.4288 ], [ -102.4023, 46.4843 ], [ -102.4022, 46.4867 ], [ -102.4011, 46.4874 ], [ -102.4009, 46.4908 ], [ -102.399, 46.4926 ], [ -102.3991, 46.4934 ], [ -102.4003, 46.4955 ], [ -102.4001, 46.4966 ], [ -102.3975, 46.4968 ], [ -102.3971, 46.4967 ], [ -102.3964, 46.4959 ], [ -102.3949, 46.4968 ], [ -102.3953, 46.4979 ], [ -102.3964, 46.498 ], [ -102.3964, 46.4984 ], [ -102.3962, 46.4993 ], [ -102.3951, 46.4994 ], [ -102.3955, 46.5006 ], [ -102.394, 46.5015 ], [ -102.3952, 46.5024 ], [ -102.3962, 46.5026 ], [ -102.3966, 46.5036 ], [ -102.3963, 46.5042 ], [ -102.3979, 46.504 ], [ -102.3972, 46.5054 ], [ -102.3967, 46.5054 ], [ -102.3971, 46.5061 ], [ -102.3962, 46.5058 ], [ -102.3955, 46.5063 ], [ -102.3945, 46.506 ], [ -102.3939, 46.5064 ], [ -102.3938, 46.5069 ], [ -102.3927, 46.5068 ], [ -102.3925, 46.5061 ], [ -102.3908, 46.506 ], [ -102.3903, 46.5052 ], [ -102.3896, 46.5054 ], [ -102.3888, 46.5047 ], [ -102.3886, 46.5052 ], [ -102.3881, 46.5053 ], [ -102.3882, 46.5058 ], [ -102.387, 46.5064 ], [ -102.3861, 46.5064 ], [ -102.3866, 46.5076 ], [ -102.3858, 46.5074 ], [ -102.3858, 46.5077 ], [ -102.3849, 46.5079 ], [ -102.3858, 46.5083 ], [ -102.3857, 46.5093 ], [ -102.385, 46.5098 ], [ -102.3832, 46.5104 ], [ -102.3812, 46.5097 ], [ -102.3813, 46.5301 ], [ -102.4022, 46.5301 ], [ -102.4024, 46.5913 ], [ -102.4028, 46.5919 ], [ -102.4073, 46.5943 ], [ -102.4075, 46.6022 ], [ -102.407, 46.6025 ], [ -102.4024, 46.6026 ], [ -102.4024, 46.63 ], [ -102.2215, 46.631 ], [ -102.0512, 46.6309 ], [ -102.0492, 46.5298 ], [ -102.0494, 46.5242 ], [ -102.0472, 46.3557 ], [ -102.0469, 46.2836 ], [ -101.9978, 46.2835 ], [ -101.9979, 46.2053 ], [ -102.1438, 46.2053 ], [ -102.4971, 46.2059 ], [ -102.4973, 46.2265 ], [ -102.497, 46.2292 ], [ -102.4973, 46.2304 ], [ -102.4976, 46.2832 ], [ -102.4855, 46.2833 ] ] ] } },
{ "type": "Feature", "properties": { "GEOIDFQ": "1400000US38017040800", "NAME": "408", "NAMELSAD": "Census Tract 408" }, "geometry": { "type": "Polygon", "coordinates": [ [ [ -97.1057, 46.8912 ], [ -97.0949, 46.8912 ], [ -97.0952, 46.9057 ], [ -97.0528, 46.9058 ], [ -97.0516, 46.9618 ], [ -97.0508, 46.9754 ], [ -97.05, 46.9773 ], [ -96.9433, 46.9772 ], [ -96.9428, 47.0052 ], [ -96.9431, 47.0189 ], [ -96.9429, 47.0356 ], [ -96.9221, 47.0354 ], [ -96.9221, 47.0645 ], [ -96.8928, 47.0639 ], [ -96.8204, 47.0631 ], [ -96.8197, 47.0617 ], [ -96.8209, 47.0609 ], [ -96.8229, 47.061 ], [ -96.8272, 47.0621 ], [ -96.8294, 47.0616 ], [ -96.8304, 47.0608 ], [ -96.8301, 47.06 ], [ -96.8296, 47.0597 ], [ -96.8274, 47.0591 ], [ -96.823, 47.0597 ], [ -96.8217, 47.0592 ], [ -96.8217, 47.0582 ], [ -96.8245, 47.0571 ], [ -96.8251, 47.0565 ], [ -96.8251, 47.0556 ], [ -96.8199, 47.0538 ], [ -96.8177, 47.0523 ], [ -96.8176, 47.0516 ], [ -96.8196, 47.0495 ], [ -96.8237, 47.0475 ], [ -96.8268, 47.0469 ], [ -96.8276, 47.0463 ], [ -96.8276, 47.0457 ], [ -96.8264, 47.0452 ], [ -96.8247, 47.0462 ], [ -96.8205, 47.0476 ], [ -96.8186, 47.0476 ], [ -96.8179, 47.0471 ], [ -96.8178, 47.0453 ], [ -96.8227, 47.0383 ], [ -96.8227, 47.0369 ], [ -96.8215, 47.0358 ], [ -96.8204, 47.0356 ], [ -96.8188, 47.0362 ], [ -96.8172, 47.0389 ], [ -96.8156, 47.0398 ], [ -96.8138, 47.0397 ], [ -96.8128, 47.039 ], [ -96.8127, 47.0383 ], [ -96.8157, 47.0344 ], [ -96.8171, 47.0333 ], [ -96.8188, 47.0331 ], [ -96.8233, 47.0338 ], [ -96.8249, 47.0336 ], [ -96.8269, 47.0327 ], [ -96.8273, 47.0313 ], [ -96.826, 47.0301 ], [ -96.8218, 47.0307 ], [ -96.8205, 47.0303 ], [ -96.8192, 47.0294 ], [ -96.818, 47.0277 ], [ -96.8149, 47.0252 ], [ -96.8148, 47.0244 ], [ -96.8155, 47.0238 ], [ -96.8162, 47.0237 ], [ -96.8196, 47.0245 ], [ -96.8209, 47.0244 ], [ -96.8274, 47.0229 ], [ -96.8295, 47.0216 ], [ -96.831, 47.0185 ], [ -96.8337, 47.0179 ], [ -96.8348, 47.0174 ], [ -96.8347, 47.017 ], [ -96.833, 47.016 ], [ -96.8323, 47.0152 ], [ -96.8325, 47.0143 ], [ -96.8339, 47.0128 ], [ -96.8335, 47.0101 ], [ -96.8377, 47.0088 ], [ -96.8388, 47.008 ], [ -96.8395, 47.0067 ], [ -96.8391, 47.0062 ], [ -96.8381, 47.0061 ], [ -96.8348, 47.0073 ], [ -96.8339, 47.0068 ], [ -96.8338, 47.0051 ], [ -96.833, 47.0042 ], [ -96.8318, 47.0044 ], [ -96.8302, 47.0053 ], [ -96.8288, 47.0051 ], [ -96.8281, 47.0043 ], [ -96.8282, 47.0023 ], [ -96.8275, 47.0016 ], [ -96.8264, 47.0017 ], [ -96.8232, 47.0037 ], [ -96.8221, 47.0039 ], [ -96.8211, 47.0035 ], [ -96.8209, 47.003 ], [ -96.823, 47.0014 ], [ -96.8233, 47.0003 ], [ -96.8222, 46.9993 ], [ -96.8195, 46.9984 ], [ -96.8195, 46.9974 ], [ -96.8205, 46.9972 ], [ -96.8223, 46.9978 ], [ -96.8239, 46.9974 ], [ -96.8245, 46.9962 ], [ -96.8246, 46.9933 ], [ -96.8225, 46.9913 ], [ -96.8223, 46.9906 ], [ -96.8235, 46.9893 ], [ -96.826, 46.9888 ], [ -96.8264, 46.9879 ], [ -96.8262, 46.9875 ], [ -96.8229, 46.9862 ], [ -96.822, 46.985 ], [ -96.8201, 46.9794 ], [ -96.8199, 46.9773 ], [ -96.82, 46.9768 ], [ -96.8615, 46.9771 ], [ -96.8616, 46.9517 ], [ -96.8612, 46.9511 ], [ -96.8611, 46.9489 ], [ -96.8616, 46.9487 ], [ -96.8613, 46.9485 ], [ -96.8614, 46.9048 ], [ -96.8641, 46.9046 ], [ -96.8828, 46.8975 ], [ -96.8828, 46.8806 ], [ -96.9686, 46.8858 ], [ -96.9686, 46.8777 ], [ -96.9534, 46.8777 ], [ -96.9498, 46.8771 ], [ -96.945, 46.8757 ], [ -96.9404, 46.8733 ], [ -96.9377, 46.8712 ], [ -96.9328, 46.8661 ], [ -96.9262, 46.8618 ], [ -96.9262, 46.8458 ], [ -96.9267, 46.8437 ], [ -96.9267, 46.8338 ], [ -96.9285, 46.8338 ], [ -96.9285, 46.8336 ], [ -96.9265, 46.8336 ], [ -96.9265, 46.8046 ], [ -97.0529, 46.8041 ], [ -97.0527, 46.8771 ], [ -97.1056, 46.8766 ], [ -97.1057, 46.8912 ] ] ] } },
{ "type": "Feature", "properties": { "GEOIDFQ": "1400000US38017010308", "NAME": "103.08", "NAMELSAD": "Census Tract 103.08" }, "geometry": { "type": "Polygon", "coordinates": [ [ [ -96.8411, 46.8473 ], [ -96.8197, 46.8472 ], [ -96.82, 46.8326 ], [ -96.8403, 46.8327 ], [ -96.8411, 46.8434 ], [ -96.8411, 46.8473 ] ] ] } },
{ "type": "Feature", "properties": { "GEOIDFQ": "1400000US38017010109", "NAME": "101.09", "NAMELSAD": "Census Tract 101.09" }, "geometry": { "type": "Polygon", "coordinates": [ [ [ -96.8828, 46.8766 ], [ -96.8616, 46.8763 ], [ -96.862, 46.8619 ], [ -96.883, 46.8622 ], [ -96.8828, 46.8766 ] ] ] } },
{ "type": "Feature", "properties": { "GEOIDFQ": "1400000US38017040700", "NAME": "407", "NAMELSAD": "Census Tract 407" }, "geometry": { "type": "Polygon", "coordinates": [ [ [ -96.8833, 46.8475 ], [ -96.8411, 46.8473 ], [ -96.8411, 46.8402 ], [ -96.8403, 46.8327 ], [ -96.8832, 46.8331 ], [ -96.8833, 46.8475 ] ] ] } },
{ "type": "Feature", "properties": { "GEOIDFQ": "1400000US38077970900", "NAME": "9709", "NAMELSAD": "Census Tract 9709" }, "geometry": { "type": "Polygon", "coordinates": [ [ [ -96.632, 46.3259 ], [ -96.6065, 46.3259 ], [ -96.606, 46.3262 ], [ -96.6052, 46.3259 ], [ -96.601, 46.327 ], [ -96.6003, 46.327 ], [ -96.5998, 46.3265 ], [ -96.5998, 46.3256 ], [ -96.6008, 46.3242 ], [ -96.6006, 46.3222 ], [ -96.6012, 46.3195 ], [ -96.6002, 46.3186 ], [ -96.5972, 46.3178 ], [ -96.5968, 46.3168 ], [ -96.5982, 46.3147 ], [ -96.5985, 46.311 ], [ -96.6003, 46.3088 ], [ -96.6002, 46.3053 ], [ -96.6009, 46.3044 ], [ -96.6032, 46.3031 ], [ -96.6036, 46.3024 ], [ -96.6023, 46.3011 ], [ -96.601, 46.3006 ], [ -96.5976, 46.2986 ], [ -96.5972, 46.2981 ], [ -96.5974, 46.2974 ], [ -96.5984, 46.2968 ], [ -96.6008, 46.2963 ], [ -96.6051, 46.2947 ], [ -96.6058, 46.2936 ], [ -96.6048, 46.2929 ], [ -96.598, 46.2921 ], [ -96.5967, 46.2915 ], [ -96.5962, 46.291 ], [ -96.5959, 46.2892 ], [ -96.5963, 46.288 ], [ -96.598, 46.2876 ], [ -96.6014, 46.2874 ], [ -96.6024, 46.2866 ], [ -96.602, 46.2859 ], [ -96.6009, 46.2857 ], [ -96.5963, 46.2866 ], [ -96.5949, 46.2863 ], [ -96.5952, 46.2853 ], [ -96.598, 46.2839 ], [ -96.5995, 46.2828 ], [ -96.6005, 46.2811 ], [ -96.6, 46.2799 ], [ -96.5984, 46.2793 ], [ -96.5959, 46.2772 ], [ -96.5953, 46.2739 ], [ -96.5973, 46.2728 ], [ -96.596, 46.2715 ], [ -96.598, 46.2702 ], [ -96.6013, 46.27 ], [ -96.6024, 46.2704 ], [ -96.6024, 46.2719 ], [ -96.6053, 46.2719 ], [ -96.6053, 46.2715 ], [ -96.6156, 46.2716 ], [ -96.6157, 46.2726 ], [ -96.6166, 46.2729 ], [ -96.6175, 46.2725 ], [ -96.621, 46.2724 ], [ -96.6236, 46.2716 ], [ -96.6241, 46.2727 ], [ -96.6255, 46.2727 ], [ -96.6261, 46.2684 ], [ -96.6303, 46.2683 ], [ -96.6319, 46.2697 ], [ -96.6325, 46.2713 ], [ -96.632, 46.3259 ] ] ] } },
{ "type": "Feature", "properties": { "GEOIDFQ": "1400000US38077971000", "NAME": "9710", "NAMELSAD": "Census Tract 9710" }, "geometry": { "type": "Polygon", "coordinates": [ [ [ -96.6261, 46.2684 ], [ -96.6255, 46.2727 ], [ -96.6241, 46.2727 ], [ -96.6236, 46.2716 ], [ -96.621, 46.2724 ], [ -96.6175, 46.2725 ], [ -96.6166, 46.2729 ], [ -96.6157, 46.2726 ], [ -96.6156, 46.2716 ], [ -96.6053, 46.2715 ], [ -96.6053, 46.2719 ], [ -96.6024, 46.2719 ], [ -96.6024, 46.2704 ], [ -96.6013, 46.27 ], [ -96.5974, 46.2704 ], [ -96.5969, 46.2678 ], [ -96.5987, 46.2653 ], [ -96.5989, 46.2641 ], [ -96.6004, 46.2622 ], [ -96.6004, 46.2616 ], [ -96.5998, 46.2613 ], [ -96.598, 46.2611 ], [ -96.5963, 46.2605 ], [ -96.5944, 46.2592 ], [ -96.5929, 46.2573 ], [ -96.5926, 46.2566 ], [ -96.5929, 46.2557 ], [ -96.5954, 46.2535 ], [ -96.5928, 46.2508 ], [ -96.5914, 46.2498 ], [ -96.59, 46.2495 ], [ -96.5853, 46.2505 ], [ -96.5842, 46.2504 ], [ -96.5837, 46.2496 ], [ -96.5847, 46.2481 ], [ -96.5861, 46.247 ], [ -96.5906, 46.2451 ], [ -96.5914, 46.245 ], [ -96.5929, 46.2456 ], [ -96.5939, 46.2455 ], [ -96.5952, 46.2441 ], [ -96.5982, 46.2431 ], [ -96.5987, 46.2422 ], [ -96.5981, 46.2395 ], [ -96.6163, 46.2395 ], [ -96.6157, 46.2632 ], [ -96.6273, 46.2667 ], [ -96.6303, 46.2683 ], [ -96.6261, 46.2684 ] ] ] } },
{ "type": "Feature", "properties": { "GEOIDFQ": "1400000US38077970800", "NAME": "9708", "NAMELSAD": "Census Tract 9708" }, "geometry": { "type": "Polygon", "coordinates": [ [ [ -97.2802, 46.3982 ], [ -97.2803, 46.4416 ], [ -97.2711, 46.4413 ], [ -97.2141, 46.4419 ], [ -97.2028, 46.4419 ], [ -97.1944, 46.4414 ], [ -97.1161, 46.4419 ], [ -97.0934, 46.4416 ], [ -96.9676, 46.4416 ], [ -96.9675, 46.4272 ], [ -96.7057, 46.4274 ], [ -96.7053, 46.4262 ], [ -96.7042, 46.4253 ], [ -96.7021, 46.4252 ], [ -96.7024, 46.4225 ], [ -96.7048, 46.4192 ], [ -96.7047, 46.4182 ], [ -96.704, 46.4175 ], [ -96.7026, 46.4177 ], [ -96.6971, 46.4202 ], [ -96.6941, 46.422 ], [ -96.6933, 46.4221 ], [ -96.6927, 46.4217 ], [ -96.6931, 46.4196 ], [ -96.6919, 46.4169 ], [ -96.6925, 46.4159 ], [ -96.694, 46.4155 ], [ -96.6969, 46.4171 ], [ -96.6989, 46.4172 ], [ -96.7015, 46.4165 ], [ -96.7019, 46.4159 ], [ -96.7015, 46.415 ], [ -96.6991, 46.413 ], [ -96.6972, 46.4126 ], [ -96.6958, 46.4128 ], [ -96.6916, 46.4142 ], [ -96.6867, 46.4146 ], [ -96.6854, 46.4142 ], [ -96.6849, 46.4134 ], [ -96.685, 46.4124 ], [ -96.6899, 46.4096 ], [ -96.6889, 46.4065 ], [ -96.6881, 46.4057 ], [ -96.6874, 46.4056 ], [ -96.6823, 46.4075 ], [ -96.6813, 46.4075 ], [ -96.6805, 46.4071 ], [ -96.6783, 46.4045 ], [ -96.6761, 46.3996 ], [ -96.6748, 46.3985 ], [ -96.6725, 46.3953 ], [ -96.6729, 46.3937 ], [ -96.6752, 46.3918 ], [ -96.6751, 46.391 ], [ -96.6738, 46.3905 ], [ -96.6693, 46.3916 ], [ -96.6684, 46.3916 ], [ -96.6677, 46.3912 ], [ -96.6675, 46.3905 ], [ -96.668, 46.39 ], [ -96.6706, 46.39 ], [ -96.671, 46.3895 ], [ -96.6682, 46.3876 ], [ -96.6684, 46.3865 ], [ -96.6693, 46.3855 ], [ -96.6696, 46.3844 ], [ -96.6668, 46.3799 ], [ -96.6675, 46.3769 ], [ -96.667, 46.3754 ], [ -96.6658, 46.3746 ], [ -96.6643, 46.3743 ], [ -96.6578, 46.3744 ], [ -96.6577, 46.3736 ], [ -96.66, 46.3723 ], [ -96.6604, 46.3716 ], [ -96.6597, 46.3709 ], [ -96.6579, 46.3704 ], [ -96.6567, 46.3696 ], [ -96.655, 46.3659 ], [ -96.6525, 46.3644 ], [ -96.6491, 46.3631 ], [ -96.6444, 46.3626 ], [ -96.6432, 46.3619 ], [ -96.6431, 46.3613 ], [ -96.6437, 46.3607 ], [ -96.6476, 46.3591 ], [ -96.6484, 46.3581 ], [ -96.6465, 46.3527 ], [ -96.6452, 46.3507 ], [ -96.6442, 46.3501 ], [ -96.6426, 46.35 ], [ -96.6397, 46.3517 ], [ -96.6368, 46.3525 ], [ -96.6329, 46.3528 ], [ -96.6307, 46.3543 ], [ -96.6294, 46.3543 ], [ -96.629, 46.354 ], [ -96.6294, 46.3516 ], [ -96.6286, 46.35 ], [ -96.6278, 46.3494 ], [ -96.6212, 46.3476 ], [ -96.6176, 46.3477 ], [ -96.6167, 46.3474 ], [ -96.6162, 46.3459 ], [ -96.6192, 46.3432 ], [ -96.6204, 46.3412 ], [ -96.6202, 46.3402 ], [ -96.6166, 46.3395 ], [ -96.6141, 46.3373 ], [ -96.6112, 46.3369 ], [ -96.6096, 46.3362 ], [ -96.609, 46.3356 ], [ -96.6085, 46.3336 ], [ -96.6079, 46.3326 ], [ -96.6062, 46.3312 ], [ -96.6008, 46.331 ], [ -96.5997, 46.3306 ], [ -96.5994, 46.3297 ], [ -96.6008, 46.3288 ], [ -96.6045, 46.328 ], [ -96.6059, 46.3271 ], [ -96.606, 46.3262 ], [ -96.6065, 46.3259 ], [ -96.632, 46.3259 ], [ -96.6325, 46.2713 ], [ -96.6319, 46.2697 ], [ -96.6288, 46.2673 ], [ -96.6157, 46.2632 ], [ -96.6158, 46.2612 ], [ -96.6481, 46.261 ], [ -96.6489, 46.2618 ], [ -96.6542, 46.2611 ], [ -96.7205, 46.2613 ], [ -96.7405, 46.2611 ], [ -96.7653, 46.2615 ], [ -96.8481, 46.2617 ], [ -97.0312, 46.2614 ], [ -97.0312, 46.2395 ], [ -97.0943, 46.2393 ], [ -97.1348, 46.2388 ], [ -97.1789, 46.2391 ], [ -97.2593, 46.2389 ], [ -97.2594, 46.2823 ], [ -97.2806, 46.2823 ], [ -97.2807, 46.3713 ], [ -97.2802, 46.3982 ] ] ] } },
{ "type": "Feature", "properties": { "GEOIDFQ": "1400000US38077971100", "NAME": "9711", "NAMELSAD": "Census Tract 9711" }, "geometry": { "type": "Polygon", "coordinates": [ [ [ -96.8373, 45.9466 ], [ -96.8363, 45.9504 ], [ -96.8356, 46.0372 ], [ -96.836, 46.0942 ], [ -96.8342, 46.1667 ], [ -96.8346, 46.2255 ], [ -96.834, 46.2616 ], [ -96.7653, 46.2615 ], [ -96.7405, 46.2611 ], [ -96.7205, 46.2613 ], [ -96.6542, 46.2611 ], [ -96.6489, 46.2618 ], [ -96.6481, 46.261 ], [ -96.6158, 46.2612 ], [ -96.6163, 46.2395 ], [ -96.5981, 46.2395 ], [ -96.598, 46.238 ], [ -96.599, 46.2357 ], [ -96.5969, 46.2325 ], [ -96.5978, 46.2289 ], [ -96.5969, 46.2261 ], [ -96.5947, 46.2235 ], [ -96.5958, 46.2198 ], [ -96.5952, 46.2193 ], [ -96.5926, 46.2189 ], [ -96.5917, 46.2181 ], [ -96.5915, 46.2164 ], [ -96.5929, 46.2144 ], [ -96.5928, 46.2139 ], [ -96.5922, 46.2135 ], [ -96.5891, 46.2133 ], [ -96.5884, 46.2129 ], [ -96.5895, 46.2109 ], [ -96.5912, 46.2091 ], [ -96.5911, 46.2087 ], [ -96.5908, 46.2085 ], [ -96.59, 46.2086 ], [ -96.5882, 46.2097 ], [ -96.5871, 46.21 ], [ -96.5838, 46.2083 ], [ -96.5843, 46.2074 ], [ -96.5876, 46.207 ], [ -96.589, 46.2049 ], [ -96.5889, 46.2045 ], [ -96.5883, 46.2042 ], [ -96.585, 46.2044 ], [ -96.5843, 46.2041 ], [ -96.5845, 46.2034 ], [ -96.5866, 46.2024 ], [ -96.5873, 46.2016 ], [ -96.5866, 46.2012 ], [ -96.5845, 46.2015 ], [ -96.5837, 46.2012 ], [ -96.5846, 46.1975 ], [ -96.5855, 46.197 ], [ -96.5896, 46.1969 ], [ -96.5912, 46.1957 ], [ -96.5905, 46.1952 ], [ -96.586, 46.1951 ], [ -96.5851, 46.1946 ], [ -96.5854, 46.194 ], [ -96.5878, 46.1938 ], [ -96.5875, 46.1921 ], [ -96.5905, 46.1905 ], [ -96.5902, 46.1899 ], [ -96.5885, 46.1897 ], [ -96.5874, 46.1887 ], [ -96.5875, 46.1879 ], [ -96.5894, 46.1873 ], [ -96.5896, 46.1869 ], [ -96.589, 46.1864 ], [ -96.5877, 46.1862 ], [ -96.5874, 46.1858 ], [ -96.5913, 46.1851 ], [ -96.5916, 46.1847 ], [ -96.5907, 46.184 ], [ -96.5866, 46.1828 ], [ -96.5862, 46.1818 ], [ -96.5872, 46.1813 ], [ -96.5885, 46.1817 ], [ -96.5892, 46.1814 ], [ -96.5884, 46.1791 ], [ -96.5917, 46.1785 ], [ -96.5921, 46.1781 ], [ -96.5918, 46.1769 ], [ -96.5927, 46.1752 ], [ -96.592, 46.1746 ], [ -96.5911, 46.1745 ], [ -96.5902, 46.1749 ], [ -96.5889, 46.1762 ], [ -96.5881, 46.1764 ], [ -96.5856, 46.1754 ], [ -96.586, 46.1769 ], [ -96.5856, 46.1773 ], [ -96.5806, 46.1773 ], [ -96.5791, 46.1768 ], [ -96.5833, 46.1742 ], [ -96.5838, 46.1736 ], [ -96.5835, 46.1727 ], [ -96.5829, 46.1728 ], [ -96.5823, 46.1738 ], [ -96.5816, 46.1739 ], [ -96.5807, 46.1734 ], [ -96.58, 46.1734 ], [ -96.5785, 46.1744 ], [ -96.5766, 46.1739 ], [ -96.5771, 46.1728 ], [ -96.577, 46.1715 ], [ -96.5782, 46.1713 ], [ -96.5801, 46.1717 ], [ -96.5825, 46.1714 ], [ -96.5835, 46.1711 ], [ -96.5839, 46.1706 ], [ -96.5838, 46.1701 ], [ -96.5832, 46.1698 ], [ -96.5821, 46.1698 ], [ -96.5797, 46.1697 ], [ -96.5776, 46.1704 ], [ -96.5766, 46.1703 ], [ -96.5753, 46.169 ], [ -96.5753, 46.1685 ], [ -96.5767, 46.168 ], [ -96.5792, 46.1682 ], [ -96.5806, 46.1676 ], [ -96.5806, 46.1668 ], [ -96.5801, 46.1666 ], [ -96.5775, 46.1664 ], [ -96.577, 46.166 ], [ -96.5779, 46.1648 ], [ -96.5773, 46.1629 ], [ -96.5795, 46.1619 ], [ -96.5799, 46.1612 ], [ -96.5793, 46.1608 ], [ -96.578, 46.1607 ], [ -96.5763, 46.1596 ], [ -96.5784, 46.1565 ], [ -96.5783, 46.1532 ], [ -96.5801, 46.1518 ], [ -96.5803, 46.1511 ], [ -96.5792, 46.1491 ], [ -96.5793, 46.1474 ], [ -96.5775, 46.1466 ], [ -96.5772, 46.1449 ], [ -96.5749, 46.1439 ], [ -96.575, 46.1422 ], [ -96.5728, 46.1405 ], [ -96.5729, 46.1387 ], [ -96.5712, 46.1368 ], [ -96.5718, 46.1349 ], [ -96.5687, 46.1332 ], [ -96.5686, 46.1323 ], [ -96.5714, 46.1311 ], [ -96.5709, 46.1306 ], [ -96.5686, 46.1304 ], [ -96.5701, 46.1286 ], [ -96.5697, 46.1261 ], [ -96.5717, 46.1257 ], [ -96.572, 46.1246 ], [ -96.5684, 46.1233 ], [ -96.5675, 46.12 ], [ -96.5669, 46.1195 ], [ -96.5626, 46.1195 ], [ -96.5602, 46.1166 ], [ -96.5612, 46.1162 ], [ -96.5628, 46.1163 ], [ -96.5669, 46.1148 ], [ -96.5649, 46.1109 ], [ -96.5631, 46.1101 ], [ -96.563, 46.1082 ], [ -96.5613, 46.1073 ], [ -96.5607, 46.1062 ], [ -96.5591, 46.105 ], [ -96.5591, 46.1036 ], [ -96.5579, 46.1025 ], [ -96.5587, 46.1005 ], [ -96.5568, 46.0976 ], [ -96.5575, 46.0955 ], [ -96.5563, 46.094 ], [ -96.5567, 46.093 ], [ -96.5564, 46.0917 ], [ -96.5574, 46.0906 ], [ -96.557, 46.0889 ], [ -96.5574, 46.0877 ], [ -96.5558, 46.0864 ], [ -96.5555, 46.0854 ], [ -96.5544, 46.0841 ], [ -96.5555, 46.0821 ], [ -96.5559, 46.0791 ], [ -96.5573, 46.0776 ], [ -96.5572, 46.0767 ], [ -96.5564, 46.0754 ], [ -96.5579, 46.0725 ], [ -96.5576, 46.0708 ], [ -96.5568, 46.0699 ], [ -96.5568, 46.0647 ], [ -96.5585, 46.0632 ], [ -96.5582, 46.0618 ], [ -96.5591, 46.0605 ], [ -96.5591, 46.0585 ], [ -96.561, 46.0553 ], [ -96.5663, 46.0515 ], [ -96.5666, 46.0503 ], [ -96.5714, 46.0414 ], [ -96.5745, 46.0365 ], [ -96.5779, 46.0272 ], [ -96.5771, 46.023 ], [ -96.5742, 46.0165 ], [ -96.5759, 46.008 ], [ -96.5758, 46.0073 ], [ -96.5741, 46.0044 ], [ -96.5736, 46.0023 ], [ -96.5724, 45.9882 ], [ -96.5725, 45.9771 ], [ -96.5703, 45.9636 ], [ -96.5682, 45.9588 ], [ -96.5653, 45.9573 ], [ -96.5654, 45.9535 ], [ -96.5648, 45.9503 ], [ -96.5621, 45.9477 ], [ -96.5613, 45.9457 ], [ -96.562, 45.9405 ], [ -96.5628, 45.9371 ], [ -96.5637, 45.9352 ], [ -96.6038, 45.9352 ], [ -96.7162, 45.936 ], [ -96.799, 45.9358 ], [ -96.8257, 45.9392 ], [ -96.8257, 45.9449 ], [ -96.8375, 45.9449 ], [ -96.8373, 45.9405 ], [ -96.8406, 45.941 ], [ -96.8373, 45.9466 ] ] ] } },
{ "type": "Feature", "properties": { "GEOIDFQ": "1400000US38077970700", "NAME": "9707", "NAMELSAD": "Census Tract 9707" }, "geometry": { "type": "Polygon", "coordinates": [ [ [ -97.2797, 46.5863 ], [ -97.2799, 46.6293 ], [ -97.0047, 46.6298 ], [ -96.921, 46.6303 ], [ -96.7981, 46.6303 ], [ -96.7981, 46.6292 ], [ -96.7968, 46.6287 ], [ -96.7957, 46.6292 ], [ -96.7961, 46.6311 ], [ -96.7954, 46.6316 ], [ -96.7909, 46.6296 ], [ -96.7889, 46.6292 ], [ -96.7871, 46.6299 ], [ -96.7849, 46.6313 ], [ -96.7829, 46.6317 ], [ -96.7822, 46.6314 ], [ -96.7822, 46.631 ], [ -96.7851, 46.6301 ], [ -96.7853, 46.628 ], [ -96.786, 46.6271 ], [ -96.7875, 46.6264 ], [ -96.7905, 46.6258 ], [ -96.7913, 46.625 ], [ -96.7901, 46.6244 ], [ -96.7874, 46.6239 ], [ -96.7813, 46.6257 ], [ -96.7791, 46.6257 ], [ -96.778, 46.6252 ], [ -96.7782, 46.6245 ], [ -96.7811, 46.6244 ], [ -96.7857, 46.6228 ], [ -96.7874, 46.6209 ], [ -96.7873, 46.6195 ], [ -96.7865, 46.6189 ], [ -96.7852, 46.619 ], [ -96.7846, 46.6215 ], [ -96.7836, 46.6222 ], [ -96.7824, 46.6216 ], [ -96.7813, 46.62 ], [ -96.7802, 46.6195 ], [ -96.7786, 46.6197 ], [ -96.7762, 46.6212 ], [ -96.7753, 46.6211 ], [ -96.775, 46.6175 ], [ -96.7762, 46.6169 ], [ -96.7794, 46.6173 ], [ -96.7808, 46.6172 ], [ -96.7815, 46.6165 ], [ -96.7812, 46.6154 ], [ -96.7797, 46.6143 ], [ -96.7775, 46.6139 ], [ -96.7764, 46.6142 ], [ -96.7741, 46.6162 ], [ -96.7729, 46.6164 ], [ -96.7712, 46.6157 ], [ -96.7707, 46.6147 ], [ -96.7713, 46.6142 ], [ -96.7735, 46.6141 ], [ -96.7746, 46.6121 ], [ -96.7745, 46.611 ], [ -96.7725, 46.6099 ], [ -96.7725, 46.6093 ], [ -96.7747, 46.6085 ], [ -96.7783, 46.608 ], [ -96.7788, 46.6075 ], [ -96.7786, 46.6068 ], [ -96.7775, 46.6059 ], [ -96.7761, 46.6054 ], [ -96.7697, 46.6067 ], [ -96.7683, 46.6065 ], [ -96.7682, 46.6059 ], [ -96.7688, 46.6051 ], [ -96.7722, 46.6038 ], [ -96.772, 46.6033 ], [ -96.7701, 46.6024 ], [ -96.7705, 46.6018 ], [ -96.7721, 46.6012 ], [ -96.7725, 46.6007 ], [ -96.7719, 46.599 ], [ -96.7718, 46.5966 ], [ -96.7709, 46.5956 ], [ -96.77, 46.5957 ], [ -96.7694, 46.5979 ], [ -96.7682, 46.5987 ], [ -96.7671, 46.5989 ], [ -96.7663, 46.5988 ], [ -96.7656, 46.5982 ], [ -96.7642, 46.595 ], [ -96.7632, 46.5942 ], [ -96.7614, 46.5942 ], [ -96.7572, 46.5955 ], [ -96.7562, 46.5955 ], [ -96.7555, 46.595 ], [ -96.7557, 46.593 ], [ -96.757, 46.5917 ], [ -96.7586, 46.5914 ], [ -96.7614, 46.5921 ], [ -96.7627, 46.5916 ], [ -96.7631, 46.591 ], [ -96.7626, 46.5893 ], [ -96.7606, 46.588 ], [ -96.7575, 46.5869 ], [ -96.7561, 46.587 ], [ -96.7536, 46.5883 ], [ -96.7525, 46.5883 ], [ -96.7509, 46.5861 ], [ -96.7508, 46.5852 ], [ -96.7513, 46.5847 ], [ -96.7549, 46.5839 ], [ -96.7582, 46.5839 ], [ -96.7604, 46.5835 ], [ -96.7611, 46.583 ], [ -96.761, 46.582 ], [ -96.7599, 46.5814 ], [ -96.7577, 46.5823 ], [ -96.7549, 46.5821 ], [ -96.7525, 46.5835 ], [ -96.7506, 46.5838 ], [ -96.7491, 46.5837 ], [ -96.7479, 46.583 ], [ -96.7472, 46.5818 ], [ -96.7476, 46.5807 ], [ -96.7488, 46.5806 ], [ -96.7507, 46.582 ], [ -96.752, 46.5821 ], [ -96.7524, 46.5818 ], [ -96.7527, 46.5794 ], [ -96.7532, 46.5787 ], [ -96.7547, 46.578 ], [ -96.7572, 46.5782 ], [ -96.7575, 46.5777 ], [ -96.7566, 46.5768 ], [ -96.7565, 46.5751 ], [ -96.7558, 46.5743 ], [ -96.7551, 46.5745 ], [ -96.7537, 46.576 ], [ -96.7524, 46.5763 ], [ -96.7482, 46.5761 ], [ -96.7466, 46.5755 ], [ -96.7461, 46.5744 ], [ -96.7466, 46.5737 ], [ -96.7474, 46.5734 ], [ -96.7501, 46.5737 ], [ -96.7516, 46.5734 ], [ -96.7527, 46.5726 ], [ -96.7528, 46.5714 ], [ -96.7521, 46.5708 ], [ -96.7484, 46.5715 ], [ -96.7469, 46.5714 ], [ -96.7454, 46.5708 ], [ -96.745, 46.5698 ], [ -96.7471, 46.5683 ], [ -96.7474, 46.5675 ], [ -96.7468, 46.5671 ], [ -96.7437, 46.5671 ], [ -96.7433, 46.5667 ], [ -96.7432, 46.5653 ], [ -96.7417, 46.564 ], [ -96.742, 46.5635 ], [ -96.7426, 46.5635 ], [ -96.7448, 46.565 ], [ -96.7456, 46.5653 ], [ -96.7461, 46.5649 ], [ -96.7464, 46.563 ], [ -96.7471, 46.5624 ], [ -96.7484, 46.5623 ], [ -96.7509, 46.5629 ], [ -96.752, 46.5626 ], [ -96.7525, 46.5622 ], [ -96.7523, 46.5617 ], [ -96.7481, 46.5603 ], [ -96.747, 46.5595 ], [ -96.7468, 46.5588 ], [ -96.7476, 46.5584 ], [ -96.7513, 46.5583 ], [ -96.7536, 46.5579 ], [ -96.7544, 46.5568 ], [ -96.7533, 46.5559 ], [ -96.7519, 46.5555 ], [ -96.7473, 46.5563 ], [ -96.746, 46.5561 ], [ -96.7459, 46.5552 ], [ -96.7492, 46.5496 ], [ -96.7483, 46.5494 ], [ -96.7463, 46.5506 ], [ -96.7452, 46.5506 ], [ -96.7434, 46.5496 ], [ -96.7411, 46.5478 ], [ -96.7406, 46.5468 ], [ -96.7407, 46.5456 ], [ -96.7419, 46.5453 ], [ -96.7436, 46.5478 ], [ -96.7449, 46.5482 ], [ -96.7462, 46.5476 ], [ -96.748, 46.5456 ], [ -96.7504, 46.5448 ], [ -96.7505, 46.5441 ], [ -96.7456, 46.543 ], [ -96.7418, 46.5439 ], [ -96.7397, 46.5439 ], [ -96.7387, 46.5432 ], [ -96.739, 46.5423 ], [ -96.7412, 46.5407 ], [ -96.7421, 46.5408 ], [ -96.7451, 46.542 ], [ -96.7486, 46.5416 ], [ -96.7501, 46.5408 ], [ -96.7491, 46.5398 ], [ -96.7468, 46.5389 ], [ -96.7458, 46.5391 ], [ -96.7439, 46.5404 ], [ -96.7418, 46.5399 ], [ -96.739, 46.5397 ], [ -96.7383, 46.5393 ], [ -96.7387, 46.5389 ], [ -96.7416, 46.5388 ], [ -96.7427, 46.5381 ], [ -96.7418, 46.5371 ], [ -96.7382, 46.5358 ], [ -96.7378, 46.5351 ], [ -96.738, 46.5346 ], [ -96.7432, 46.5355 ], [ -96.7454, 46.5354 ], [ -96.7462, 46.5349 ], [ -96.7458, 46.5344 ], [ -96.744, 46.5341 ], [ -96.7432, 46.5336 ], [ -96.742, 46.5293 ], [ -96.7434, 46.5265 ], [ -96.7453, 46.5256 ], [ -96.7453, 46.525 ], [ -96.7448, 46.5247 ], [ -96.7424, 46.5248 ], [ -96.7399, 46.5255 ], [ -96.7385, 46.5255 ], [ -96.7372, 46.5251 ], [ -96.7367, 46.5241 ], [ -96.7371, 46.5224 ], [ -96.7376, 46.5219 ], [ -96.7398, 46.5218 ], [ -96.7422, 46.5205 ], [ -96.7446, 46.5207 ], [ -96.7452, 46.5202 ], [ -96.7431, 46.5191 ], [ -96.7421, 46.5193 ], [ -96.7408, 46.5203 ], [ -96.74, 46.52 ], [ -96.7374, 46.5175 ], [ -96.738, 46.5157 ], [ -96.7376, 46.5144 ], [ -96.7342, 46.5121 ], [ -96.7344, 46.5113 ], [ -96.7353, 46.5107 ], [ -96.7368, 46.5108 ], [ -96.7391, 46.5116 ], [ -96.74, 46.5115 ], [ -96.7404, 46.5111 ], [ -96.7384, 46.5086 ], [ -96.7344, 46.507 ], [ -96.7333, 46.5046 ], [ -96.7335, 46.5035 ], [ -96.7344, 46.5035 ], [ -96.7346, 46.5051 ], [ -96.736, 46.5051 ], [ -96.7401, 46.5015 ], [ -96.7421, 46.5005 ], [ -96.7424, 46.5 ], [ -96.7423, 46.4995 ], [ -96.7415, 46.4992 ], [ -96.7407, 46.5005 ], [ -96.74, 46.501 ], [ -96.7383, 46.5013 ], [ -96.737, 46.5012 ], [ -96.7365, 46.5005 ], [ -96.7384, 46.4991 ], [ -96.7386, 46.498 ], [ -96.7378, 46.4977 ], [ -96.7347, 46.4978 ], [ -96.7334, 46.497 ], [ -96.7349, 46.495 ], [ -96.7332, 46.4927 ], [ -96.7337, 46.4924 ], [ -96.7363, 46.4922 ], [ -96.737, 46.4916 ], [ -96.7343, 46.4891 ], [ -96.7341, 46.4886 ], [ -96.7349, 46.4881 ], [ -96.7382, 46.4882 ], [ -96.7393, 46.4875 ], [ -96.7397, 46.4867 ], [ -96.7386, 46.4855 ], [ -96.7354, 46.4849 ], [ -96.7331, 46.4839 ], [ -96.7325, 46.4829 ], [ -96.7331, 46.4822 ], [ -96.7362, 46.4817 ], [ -96.7369, 46.4813 ], [ -96.7386, 46.4797 ], [ -96.7388, 46.4785 ], [ -96.7376, 46.4776 ], [ -96.7358, 46.4776 ], [ -96.7353, 46.4783 ], [ -96.7356, 46.4802 ], [ -96.7347, 46.4806 ], [ -96.7336, 46.4805 ], [ -96.7328, 46.4799 ], [ -96.7325, 46.4782 ], [ -96.7319, 46.4782 ], [ -96.7313, 46.4787 ], [ -96.7306, 46.4788 ], [ -96.7292, 46.4769 ], [ -96.7268, 46.4763 ], [ -96.7265, 46.4753 ], [ -96.7271, 46.4723 ], [ -96.7264, 46.4717 ], [ -96.7236, 46.4709 ], [ -96.7216, 46.4708 ], [ -96.7208, 46.4727 ], [ -96.7197, 46.4734 ], [ -96.7153, 46.4725 ], [ -96.7144, 46.4721 ], [ -96.7141, 46.4712 ], [ -96.7148, 46.4705 ], [ -96.7192, 46.4709 ], [ -96.7209, 46.4697 ], [ -96.7225, 46.4692 ], [ -96.723, 46.4685 ], [ -96.7231, 46.4669 ], [ -96.7224, 46.4657 ], [ -96.7214, 46.4652 ], [ -96.7184, 46.4678 ], [ -96.7176, 46.4676 ], [ -96.7164, 46.4664 ], [ -96.7136, 46.4667 ], [ -96.7129, 46.4662 ], [ -96.7137, 46.465 ], [ -96.7171, 46.4636 ], [ -96.7187, 46.4621 ], [ -96.7181, 46.4613 ], [ -96.7131, 46.4608 ], [ -96.7116, 46.4599 ], [ -96.7124, 46.4579 ], [ -96.7122, 46.4554 ], [ -96.7129, 46.455 ], [ -96.714, 46.4549 ], [ -96.7156, 46.4558 ], [ -96.7167, 46.456 ], [ -96.7176, 46.4544 ], [ -96.7171, 46.4531 ], [ -96.715, 46.4529 ], [ -96.7137, 46.4523 ], [ -96.713, 46.451 ], [ -96.7131, 46.4502 ], [ -96.7151, 46.4494 ], [ -96.7209, 46.4495 ], [ -96.7217, 46.4488 ], [ -96.7208, 46.447 ], [ -96.7178, 46.446 ], [ -96.7168, 46.4466 ], [ -96.7159, 46.4463 ], [ -96.7155, 46.4464 ], [ -96.715, 46.4484 ], [ -96.7133, 46.4488 ], [ -96.7113, 46.4467 ], [ -96.7114, 46.4465 ], [ -96.7153, 46.4453 ], [ -96.7164, 46.4446 ], [ -96.7158, 46.4439 ], [ -96.7124, 46.442 ], [ -96.7123, 46.4413 ], [ -96.7128, 46.4411 ], [ -96.716, 46.4418 ], [ -96.7183, 46.4418 ], [ -96.7211, 46.4409 ], [ -96.7219, 46.4399 ], [ -96.7213, 46.4395 ], [ -96.7194, 46.44 ], [ -96.718, 46.4394 ], [ -96.7172, 46.4379 ], [ -96.7174, 46.4364 ], [ -96.7169, 46.4348 ], [ -96.7161, 46.4341 ], [ -96.7151, 46.4339 ], [ -96.7142, 46.4341 ], [ -96.7137, 46.435 ], [ -96.7162, 46.4366 ], [ -96.7159, 46.4373 ], [ -96.7144, 46.4372 ], [ -96.7125, 46.4379 ], [ -96.7121, 46.4359 ], [ -96.7114, 46.4356 ], [ -96.7096, 46.4356 ], [ -96.7072, 46.4361 ], [ -96.706, 46.437 ], [ -96.7052, 46.4381 ], [ -96.7046, 46.4382 ], [ -96.7033, 46.4373 ], [ -96.7031, 46.4367 ], [ -96.7044, 46.4352 ], [ -96.7045, 46.4338 ], [ -96.7066, 46.4325 ], [ -96.7073, 46.4317 ], [ -96.7077, 46.4306 ], [ -96.7076, 46.4296 ], [ -96.7068, 46.429 ], [ -96.7057, 46.4288 ], [ -96.7045, 46.4291 ], [ -96.7028, 46.4302 ], [ -96.7012, 46.4302 ], [ -96.7008, 46.4297 ], [ -96.7012, 46.429 ], [ -96.7022, 46.4281 ], [ -96.7046, 46.4269 ], [ -96.7047, 46.4264 ], [ -96.7041, 46.4262 ], [ -96.7022, 46.427 ], [ -96.7004, 46.4272 ], [ -96.6992, 46.4269 ], [ -96.6989, 46.4264 ], [ -96.6993, 46.4259 ], [ -96.7012, 46.4259 ], [ -96.7021, 46.4252 ], [ -96.7042, 46.4253 ], [ -96.7053, 46.4262 ], [ -96.7057, 46.4274 ], [ -96.9675, 46.4272 ], [ -96.9676, 46.4416 ], [ -97.0934, 46.4416 ], [ -97.1161, 46.4419 ], [ -97.1944, 46.4414 ], [ -97.2028, 46.4419 ], [ -97.2141, 46.4419 ], [ -97.2711, 46.4413 ], [ -97.2803, 46.4416 ], [ -97.2797, 46.5863 ] ] ] } },
{ "type": "Feature", "properties": { "GEOIDFQ": "1400000US38017010307", "NAME": "103.07", "NAMELSAD": "Census Tract 103.07" }, "geometry": { "type": "Polygon", "coordinates": [ [ [ -96.8138, 46.8227 ], [ -96.8119, 46.824 ], [ -96.8045, 46.8241 ], [ -96.8035, 46.824 ], [ -96.8037, 46.8217 ], [ -96.7983, 46.822 ], [ -96.7991, 46.8214 ], [ -96.8002, 46.8197 ], [ -96.7995, 46.8155 ], [ -96.7998, 46.8143 ], [ -96.8027, 46.8117 ], [ -96.8021, 46.8106 ], [ -96.8012, 46.81 ], [ -96.7976, 46.8093 ], [ -96.7966, 46.8087 ], [ -96.796, 46.8082 ], [ -96.7958, 46.8072 ], [ -96.7969, 46.8064 ], [ -96.8029, 46.8056 ], [ -96.8032, 46.8045 ], [ -96.8017, 46.8041 ], [ -96.7992, 46.8048 ], [ -96.7983, 46.8047 ], [ -96.7969, 46.8039 ], [ -96.7966, 46.8034 ], [ -96.8004, 46.803 ], [ -96.8045, 46.8034 ], [ -96.8186, 46.8034 ], [ -96.8195, 46.8225 ], [ -96.8138, 46.8227 ] ] ] } },
{ "type": "Feature", "properties": { "GEOIDFQ": "1400000US38017000903", "NAME": "9.03", "NAMELSAD": "Census Tract 9.03" }, "geometry": { "type": "Polygon", "coordinates": [ [ [ -96.8195, 46.8615 ], [ -96.8196, 46.8542 ], [ -96.8381, 46.8543 ], [ -96.841, 46.8554 ], [ -96.8415, 46.8616 ], [ -96.8195, 46.8615 ] ] ] } },
{ "type": "Feature", "properties": { "GEOIDFQ": "1400000US38017010106", "NAME": "101.06", "NAMELSAD": "Census Tract 101.06" }, "geometry": { "type": "Polygon", "coordinates": [ [ [ -96.8619, 46.8669 ], [ -96.8599, 46.8668 ], [ -96.8572, 46.866 ], [ -96.8535, 46.8668 ], [ -96.8447, 46.8667 ], [ -96.8419, 46.866 ], [ -96.841, 46.8559 ], [ -96.8411, 46.8473 ], [ -96.862, 46.8475 ], [ -96.8619, 46.8669 ] ] ] } },
{ "type": "Feature", "properties": { "GEOIDFQ": "1400000US38017010306", "NAME": "103.06", "NAMELSAD": "Census Tract 103.06" }, "geometry": { "type": "Polygon", "coordinates": [ [ [ -96.7965, 46.8327 ], [ -96.794, 46.8331 ], [ -96.7919, 46.8318 ], [ -96.7876, 46.8306 ], [ -96.7853, 46.8294 ], [ -96.7806, 46.8264 ], [ -96.7801, 46.8254 ], [ -96.7804, 46.8249 ], [ -96.7817, 46.8248 ], [ -96.7835, 46.8262 ], [ -96.7916, 46.8277 ], [ -96.7928, 46.8268 ], [ -96.7931, 46.826 ], [ -96.7921, 46.8238 ], [ -96.7924, 46.823 ], [ -96.7933, 46.8225 ], [ -96.7974, 46.8224 ], [ -96.7983, 46.822 ], [ -96.8037, 46.8217 ], [ -96.8035, 46.824 ], [ -96.8045, 46.8241 ], [ -96.8119, 46.824 ], [ -96.8138, 46.8227 ], [ -96.8195, 46.8225 ], [ -96.82, 46.8325 ], [ -96.7965, 46.8327 ] ] ] } },
{ "type": "Feature", "properties": { "GEOIDFQ": "1400000US38049955600", "NAME": "9556", "NAMELSAD": "Census Tract 9556" }, "geometry": { "type": "Polygon", "coordinates": [ [ [ -101.0596, 48.6324 ], [ -100.8637, 48.6328 ], [ -100.7334, 48.6328 ], [ -100.6468, 48.6324 ], [ -100.5783, 48.6327 ], [ -100.4068, 48.6319 ], [ -100.4065, 48.5446 ], [ -100.2766, 48.5448 ], [ -100.2766, 48.3712 ], [ -100.2592, 48.3714 ], [ -100.2371, 48.3712 ], [ -100.2374, 48.3578 ], [ -100.237, 48.2839 ], [ -100.2375, 48.1381 ], [ -100.3883, 48.1379 ], [ -100.3883, 48.1524 ], [ -100.4534, 48.1526 ], [ -100.4533, 48.196 ], [ -100.554, 48.1961 ], [ -100.5613, 48.1938 ], [ -100.5714, 48.1935 ], [ -100.5817, 48.191 ], [ -100.5826, 48.1903 ], [ -100.5831, 48.1896 ], [ -100.5831, 48.1832 ], [ -100.5839, 48.1823 ], [ -100.5852, 48.1818 ], [ -100.6313, 48.1817 ], [ -100.6334, 48.1805 ], [ -100.6358, 48.1799 ], [ -100.637, 48.1801 ], [ -100.6384, 48.181 ], [ -100.6427, 48.1818 ], [ -100.6457, 48.1814 ], [ -100.6536, 48.1788 ], [ -100.6546, 48.1776 ], [ -100.656, 48.1769 ], [ -100.6585, 48.1745 ], [ -100.6655, 48.1744 ], [ -100.6692, 48.1745 ], [ -100.6696, 48.1768 ], [ -100.6691, 48.1807 ], [ -100.6692, 48.1828 ], [ -100.6695, 48.1828 ], [ -100.676, 48.1826 ], [ -100.6818, 48.1817 ], [ -100.7202, 48.1818 ], [ -100.7218, 48.1795 ], [ -100.7296, 48.1782 ], [ -100.7341, 48.1782 ], [ -100.7341, 48.1819 ], [ -100.7617, 48.1817 ], [ -100.9506, 48.1819 ], [ -100.9506, 48.1807 ], [ -100.9574, 48.1827 ], [ -100.9722, 48.1876 ], [ -100.9852, 48.1909 ], [ -101.0145, 48.1996 ], [ -101.014, 48.3121 ], [ -101.0142, 48.3714 ], [ -101.0599, 48.3715 ], [ -101.0596, 48.6324 ] ] ] } },
{ "type": "Feature", "properties": { "GEOIDFQ": "1400000US38043966800", "NAME": "9668", "NAMELSAD": "Census Tract 9668" }, "geometry": { "type": "Polygon", "coordinates": [ [ [ -100.1133, 47.3273 ], [ -100.0307, 47.3271 ], [ -99.9479, 47.3274 ], [ -99.4811, 47.327 ], [ -99.4812, 47.25 ], [ -99.4808, 47.2277 ], [ -99.4814, 47.0849 ], [ -99.481, 46.9804 ], [ -99.4459, 46.9802 ], [ -99.4485, 46.75 ], [ -99.4488, 46.6818 ], [ -99.4497, 46.6316 ], [ -99.7476, 46.6325 ], [ -99.7796, 46.6325 ], [ -99.7813, 46.6322 ], [ -99.7832, 46.6325 ], [ -99.8286, 46.6327 ], [ -99.8525, 46.6325 ], [ -99.955, 46.6332 ], [ -99.9784, 46.6329 ], [ -100.0812, 46.6334 ], [ -100.0799, 46.6915 ], [ -100.0802, 46.6922 ], [ -100.0801, 46.7071 ], [ -100.0792, 46.735 ], [ -100.0777, 46.8171 ], [ -100.0752, 46.9813 ], [ -100.0756, 46.9816 ], [ -100.1146, 46.9817 ], [ -100.1133, 47.3273 ] ] ] } },
{ "type": "Feature", "properties": { "GEOIDFQ": "1400000US38049955900", "NAME": "9559", "NAMELSAD": "Census Tract 9559" }, "geometry": { "type": "Polygon", "coordinates": [ [ [ -101.0145, 48.1996 ], [ -100.9852, 48.1909 ], [ -100.9722, 48.1876 ], [ -100.9574, 48.1827 ], [ -100.9506, 48.1807 ], [ -100.9506, 48.1819 ], [ -100.7617, 48.1817 ], [ -100.7341, 48.1819 ], [ -100.7341, 48.1782 ], [ -100.7296, 48.1782 ], [ -100.7218, 48.1795 ], [ -100.7202, 48.1818 ], [ -100.6818, 48.1817 ], [ -100.676, 48.1826 ], [ -100.6695, 48.1828 ], [ -100.6692, 48.1828 ], [ -100.6691, 48.1807 ], [ -100.6696, 48.1768 ], [ -100.6692, 48.1745 ], [ -100.6655, 48.1744 ], [ -100.6585, 48.1745 ], [ -100.656, 48.1769 ], [ -100.6546, 48.1776 ], [ -100.6536, 48.1788 ], [ -100.6457, 48.1814 ], [ -100.6427, 48.1818 ], [ -100.6384, 48.181 ], [ -100.637, 48.1801 ], [ -100.6358, 48.1799 ], [ -100.6334, 48.1805 ], [ -100.6313, 48.1817 ], [ -100.5852, 48.1818 ], [ -100.5839, 48.1823 ], [ -100.5831, 48.1832 ], [ -100.5831, 48.1896 ], [ -100.5826, 48.1903 ], [ -100.5817, 48.191 ], [ -100.5714, 48.1935 ], [ -100.5613, 48.1938 ], [ -100.554, 48.1961 ], [ -100.4533, 48.196 ], [ -100.4534, 48.1526 ], [ -100.3883, 48.1524 ], [ -100.3883, 48.1379 ], [ -100.2375, 48.1381 ], [ -100.2372, 48.1265 ], [ -100.2368, 48.1246 ], [ -100.2371, 48.1244 ], [ -100.237, 48.0219 ], [ -100.1976, 48.0219 ], [ -100.1979, 47.8477 ], [ -100.3741, 47.8473 ], [ -100.629, 47.8479 ], [ -100.7142, 47.8478 ], [ -100.8007, 47.8482 ], [ -100.9712, 47.8482 ], [ -100.971, 47.8749 ], [ -100.9713, 47.8772 ], [ -100.9707, 47.9343 ], [ -100.9709, 47.9351 ], [ -100.9705, 48.0228 ], [ -101.015, 48.0227 ], [ -101.0145, 48.1996 ] ] ] } },
{ "type": "Feature", "properties": { "GEOIDFQ": "1400000US38017000904", "NAME": "9.04", "NAMELSAD": "Census Tract 9.04" }, "geometry": { "type": "Polygon", "coordinates": [ [ [ -96.841, 46.8554 ], [ -96.8381, 46.8543 ], [ -96.8196, 46.8542 ], [ -96.8195, 46.8615 ], [ -96.809, 46.8616 ], [ -96.8091, 46.8474 ], [ -96.8378, 46.8472 ], [ -96.8411, 46.8473 ], [ -96.841, 46.8554 ] ] ] } },
{ "type": "Feature", "properties": { "GEOIDFQ": "1400000US38019950900", "NAME": "9509", "NAMELSAD": "Census Tract 9509" }, "geometry": { "type": "Polygon", "coordinates": [ [ [ -98.4091, 48.7757 ], [ -98.3432, 48.7757 ], [ -98.3432, 48.7467 ], [ -98.4091, 48.7468 ], [ -98.4091, 48.7757 ] ] ] } },
{ "type": "Feature", "properties": { "GEOIDFQ": "1400000US38085940900", "NAME": "9409", "NAMELSAD": "Census Tract 9409" }, "geometry": { "type": "Polygon", "coordinates": [ [ [ -100.8801, 46.0191 ], [ -100.8782, 46.0191 ], [ -100.8782, 46.0196 ], [ -100.8791, 46.0205 ], [ -100.8788, 46.0224 ], [ -100.8782, 46.0229 ], [ -100.8783, 46.0237 ], [ -100.8765, 46.0238 ], [ -100.8747, 46.0242 ], [ -100.8745, 46.0256 ], [ -100.8739, 46.0259 ], [ -100.8735, 46.0269 ], [ -100.874, 46.0275 ], [ -100.8754, 46.0274 ], [ -100.8759, 46.0276 ], [ -100.8762, 46.0285 ], [ -100.8769, 46.0287 ], [ -100.8772, 46.0292 ], [ -100.8771, 46.0298 ], [ -100.8758, 46.0304 ], [ -100.8734, 46.0297 ], [ -100.8717, 46.0312 ], [ -100.8733, 46.0324 ], [ -100.8734, 46.0339 ], [ -100.874, 46.0345 ], [ -100.8762, 46.0348 ], [ -100.8765, 46.0353 ], [ -100.8777, 46.0358 ], [ -100.8783, 46.0386 ], [ -100.8777, 46.042 ], [ -100.877, 46.042 ], [ -100.8754, 46.0408 ], [ -100.8746, 46.0412 ], [ -100.8742, 46.0423 ], [ -100.8746, 46.0429 ], [ -100.8761, 46.0435 ], [ -100.8759, 46.045 ], [ -100.8767, 46.045 ], [ -100.8766, 46.0713 ], [ -100.8776, 46.0728 ], [ -100.8773, 46.0741 ], [ -100.8759, 46.0751 ], [ -100.8714, 46.0764 ], [ -100.87, 46.0757 ], [ -100.864, 46.0751 ], [ -100.8611, 46.0744 ], [ -100.861, 46.0747 ], [ -100.8618, 46.075 ], [ -100.862, 46.076 ], [ -100.8635, 46.0777 ], [ -100.8639, 46.0789 ], [ -100.8592, 46.0815 ], [ -100.8581, 46.0833 ], [ -100.8541, 46.086 ], [ -100.8512, 46.0868 ], [ -100.8488, 46.0879 ], [ -100.8468, 46.0882 ], [ -100.8449, 46.0882 ], [ -100.8387, 46.087 ], [ -100.8352, 46.087 ], [ -100.8349, 46.0874 ], [ -100.8354, 46.0894 ], [ -100.8353, 46.1071 ], [ -100.8349, 46.1082 ], [ -100.8353, 46.11 ], [ -100.8343, 46.1117 ], [ -100.8304, 46.1116 ], [ -100.8299, 46.1109 ], [ -100.827, 46.1159 ], [ -100.8263, 46.116 ], [ -100.8248, 46.117 ], [ -100.8246, 46.1183 ], [ -100.8266, 46.1222 ], [ -100.8278, 46.1228 ], [ -100.8288, 46.1239 ], [ -100.8309, 46.1244 ], [ -100.8305, 46.1253 ], [ -100.8285, 46.1254 ], [ -100.824, 46.1249 ], [ -100.8146, 46.1233 ], [ -100.8137, 46.1236 ], [ -100.8113, 46.1234 ], [ -100.8092, 46.1241 ], [ -100.8083, 46.1259 ], [ -100.8065, 46.1266 ], [ -100.8052, 46.1275 ], [ -100.8045, 46.1286 ], [ -100.8042, 46.1322 ], [ -100.805, 46.1336 ], [ -100.8049, 46.1342 ], [ -100.804, 46.1348 ], [ -100.8049, 46.1358 ], [ -100.8075, 46.1409 ], [ -100.8139, 46.1492 ], [ -100.8154, 46.1525 ], [ -100.8153, 46.1535 ], [ -100.8126, 46.1586 ], [ -100.8132, 46.1647 ], [ -100.8271, 46.1678 ], [ -100.8399, 46.1771 ], [ -100.858, 46.1891 ], [ -100.8581, 46.1896 ], [ -100.8764, 46.1896 ], [ -100.8764, 46.2031 ], [ -100.8772, 46.2044 ], [ -100.8759, 46.2066 ], [ -100.8763, 46.2152 ], [ -100.8724, 46.2198 ], [ -100.8709, 46.2205 ], [ -100.8684, 46.2206 ], [ -100.8661, 46.2222 ], [ -100.8647, 46.2227 ], [ -100.863, 46.2247 ], [ -100.8637, 46.2256 ], [ -100.8614, 46.2256 ], [ -100.8606, 46.2238 ], [ -100.8595, 46.2238 ], [ -100.8591, 46.2243 ], [ -100.8589, 46.2259 ], [ -100.8565, 46.227 ], [ -100.8573, 46.2276 ], [ -100.8581, 46.2276 ], [ -100.8582, 46.2283 ], [ -100.8549, 46.2303 ], [ -100.8548, 46.2309 ], [ -100.8555, 46.232 ], [ -100.8544, 46.2323 ], [ -100.8525, 46.2314 ], [ -100.8508, 46.2315 ], [ -100.8501, 46.2326 ], [ -100.8508, 46.2338 ], [ -100.8506, 46.2347 ], [ -100.8499, 46.2348 ], [ -100.8481, 46.2337 ], [ -100.8473, 46.2336 ], [ -100.8463, 46.2342 ], [ -100.8451, 46.2342 ], [ -100.8435, 46.2329 ], [ -100.8409, 46.2336 ], [ -100.8388, 46.2327 ], [ -100.8356, 46.2322 ], [ -100.8339, 46.2327 ], [ -100.8326, 46.2343 ], [ -100.8318, 46.2343 ], [ -100.8303, 46.2336 ], [ -100.8304, 46.2333 ], [ -100.8317, 46.2328 ], [ -100.8318, 46.2312 ], [ -100.8307, 46.2309 ], [ -100.8298, 46.2315 ], [ -100.828, 46.232 ], [ -100.8271, 46.2318 ], [ -100.8266, 46.2307 ], [ -100.8253, 46.2297 ], [ -100.8241, 46.2306 ], [ -100.8233, 46.2307 ], [ -100.8221, 46.2302 ], [ -100.8205, 46.2308 ], [ -100.8189, 46.2308 ], [ -100.8184, 46.2319 ], [ -100.8175, 46.2321 ], [ -100.816, 46.2317 ], [ -100.8161, 46.2329 ], [ -100.8179, 46.2332 ], [ -100.8184, 46.2339 ], [ -100.8194, 46.2342 ], [ -100.8175, 46.2369 ], [ -100.8172, 46.238 ], [ -100.8136, 46.2389 ], [ -100.8127, 46.2409 ], [ -100.8114, 46.2402 ], [ -100.8103, 46.2403 ], [ -100.8098, 46.2412 ], [ -100.8102, 46.2416 ], [ -100.809, 46.2425 ], [ -100.8074, 46.242 ], [ -100.8071, 46.2421 ], [ -100.8071, 46.2427 ], [ -100.8059, 46.2425 ], [ -100.806, 46.2437 ], [ -100.8051, 46.2447 ], [ -100.8055, 46.2462 ], [ -100.8032, 46.2464 ], [ -100.8041, 46.2477 ], [ -100.8031, 46.2482 ], [ -100.8013, 46.2477 ], [ -100.8009, 46.2481 ], [ -100.8014, 46.2482 ], [ -100.8015, 46.2485 ], [ -100.801, 46.2488 ], [ -100.8004, 46.2484 ], [ -100.7994, 46.2485 ], [ -100.7991, 46.2481 ], [ -100.7974, 46.248 ], [ -100.7977, 46.2492 ], [ -100.794, 46.251 ], [ -100.7939, 46.2474 ], [ -100.7133, 46.2475 ], [ -100.7123, 46.2484 ], [ -100.7115, 46.2484 ], [ -100.7115, 46.2487 ], [ -100.7116, 46.262 ], [ -100.6857, 46.2621 ], [ -100.6752, 46.2618 ], [ -100.6706, 46.2622 ], [ -100.6236, 46.2623 ], [ -100.6171, 46.2634 ], [ -100.6057, 46.2622 ], [ -100.5757, 46.2623 ], [ -100.5747, 46.262 ], [ -100.5713, 46.2623 ], [ -100.5664, 46.257 ], [ -100.5644, 46.2555 ], [ -100.5585, 46.25 ], [ -100.5582, 46.2493 ], [ -100.5576, 46.2416 ], [ -100.5592, 46.2357 ], [ -100.569, 46.2187 ], [ -100.5753, 46.2094 ], [ -100.578, 46.2068 ], [ -100.5844, 46.203 ], [ -100.5876, 46.1999 ], [ -100.593, 46.1956 ], [ -100.5974, 46.1899 ], [ -100.6183, 46.1659 ], [ -100.6261, 46.1528 ], [ -100.6291, 46.1456 ], [ -100.629, 46.1341 ], [ -100.628, 46.1299 ], [ -100.6263, 46.127 ], [ -100.6172, 46.1171 ], [ -100.6153, 46.1144 ], [ -100.6146, 46.1123 ], [ -100.6139, 46.1076 ], [ -100.6137, 46.098 ], [ -100.6163, 46.0911 ], [ -100.6171, 46.0879 ], [ -100.617, 46.0828 ], [ -100.6145, 46.0718 ], [ -100.6118, 46.0656 ], [ -100.6098, 46.0621 ], [ -100.6059, 46.0566 ], [ -100.6, 46.0499 ], [ -100.5951, 46.0455 ], [ -100.5913, 46.0427 ], [ -100.5792, 46.0301 ], [ -100.5746, 46.0263 ], [ -100.5678, 46.0162 ], [ -100.5619, 46.0097 ], [ -100.5566, 46.0062 ], [ -100.55, 46.0034 ], [ -100.541, 46.0011 ], [ -100.5331, 46.0005 ], [ -100.5313, 46.0 ], [ -100.531, 45.9993 ], [ -100.5276, 45.9962 ], [ -100.5219, 45.9894 ], [ -100.5166, 45.9823 ], [ -100.511, 45.9739 ], [ -100.507, 45.9665 ], [ -100.5067, 45.9616 ], [ -100.5077, 45.9553 ], [ -100.5088, 45.9523 ], [ -100.5118, 45.9478 ], [ -100.5119, 45.9437 ], [ -100.6229, 45.9436 ], [ -100.7211, 45.944 ], [ -100.7506, 45.9437 ], [ -100.7722, 45.9439 ], [ -100.8767, 45.9437 ], [ -100.8767, 46.0146 ], [ -100.8746, 46.0136 ], [ -100.8724, 46.0133 ], [ -100.8717, 46.0135 ], [ -100.8715, 46.0147 ], [ -100.8703, 46.015 ], [ -100.8719, 46.0151 ], [ -100.8743, 46.0148 ], [ -100.8745, 46.0166 ], [ -100.876, 46.0175 ], [ -100.8776, 46.0179 ], [ -100.8782, 46.0177 ], [ -100.8787, 46.017 ], [ -100.8803, 46.017 ], [ -100.8808, 46.0171 ], [ -100.8811, 46.0183 ], [ -100.8801, 46.0191 ] ] ] } },
{ "type": "Feature", "properties": { "GEOIDFQ": "1400000US38035012000", "NAME": "120", "NAMELSAD": "Census Tract 120" }, "geometry": { "type": "Polygon", "coordinates": [ [ [ -97.9035, 48.0935 ], [ -97.8575, 48.0936 ], [ -97.8493, 48.0933 ], [ -97.8438, 48.0935 ], [ -97.7739, 48.0934 ], [ -97.7739, 48.0217 ], [ -97.7742, 48.021 ], [ -97.6923, 48.0208 ], [ -97.6887, 48.0208 ], [ -97.6883, 48.0205 ], [ -97.6878, 48.0209 ], [ -97.4038, 48.0206 ], [ -97.3959, 48.0209 ], [ -97.3906, 48.02 ], [ -97.3636, 48.0127 ], [ -97.3642, 47.973 ], [ -97.375, 47.973 ], [ -97.375, 47.9693 ], [ -97.3858, 47.9693 ], [ -97.3858, 47.9765 ], [ -97.3912, 47.9765 ], [ -97.391, 47.9909 ], [ -97.4031, 47.9909 ], [ -97.403, 47.9945 ], [ -97.407, 47.9945 ], [ -97.4076, 47.9546 ], [ -97.4238, 47.9545 ], [ -97.4239, 47.94 ], [ -97.4185, 47.9401 ], [ -97.4185, 47.9332 ], [ -97.367, 47.9334 ], [ -97.3669, 47.93 ], [ -97.3649, 47.9257 ], [ -97.3646, 47.9192 ], [ -97.365, 47.9128 ], [ -97.3657, 47.8462 ], [ -97.4751, 47.8457 ], [ -97.6219, 47.8456 ], [ -97.6863, 47.846 ], [ -97.6885, 47.8462 ], [ -97.7738, 47.8462 ], [ -97.7749, 47.8464 ], [ -97.775, 47.8317 ], [ -97.7915, 47.8316 ], [ -97.8179, 47.8316 ], [ -97.818, 47.8463 ], [ -97.8717, 47.8463 ], [ -97.8821, 47.846 ], [ -97.8821, 48.0208 ], [ -97.9036, 48.0209 ], [ -97.9035, 48.0935 ] ] ] } },
{ "type": "Feature", "properties": { "GEOIDFQ": "1400000US38097970400", "NAME": "9704", "NAMELSAD": "Census Tract 9704" }, "geometry": { "type": "Polygon", "coordinates": [ [ [ -97.0724, 47.4149 ], [ -97.0719, 47.415 ], [ -97.0714, 47.418 ], [ -97.055, 47.418 ], [ -97.055, 47.4253 ], [ -97.0498, 47.4252 ], [ -97.0497, 47.4289 ], [ -97.0349, 47.4289 ], [ -97.0311, 47.4298 ], [ -97.0176, 47.43 ], [ -97.0175, 47.4107 ], [ -97.0282, 47.4107 ], [ -97.0281, 47.3966 ], [ -97.0715, 47.3965 ], [ -97.0735, 47.4001 ], [ -97.0741, 47.4037 ], [ -97.0724, 47.4149 ] ] ] } },
{ "type": "Feature", "properties": { "GEOIDFQ": "1400000US38097970300", "NAME": "9703", "NAMELSAD": "Census Tract 9703" }, "geometry": { "type": "Polygon", "coordinates": [ [ [ -97.4739, 47.4391 ], [ -97.4735, 47.4409 ], [ -97.4733, 47.4549 ], [ -97.4732, 47.513 ], [ -97.4727, 47.5128 ], [ -97.4669, 47.5128 ], [ -97.4656, 47.5124 ], [ -97.4634, 47.5128 ], [ -97.4533, 47.5128 ], [ -97.4514, 47.5132 ], [ -97.4501, 47.5141 ], [ -97.4483, 47.5133 ], [ -97.446, 47.5129 ], [ -97.4268, 47.5128 ], [ -97.4223, 47.5119 ], [ -97.4197, 47.5107 ], [ -97.4023, 47.4991 ], [ -97.3992, 47.4985 ], [ -97.3892, 47.4983 ], [ -97.3892, 47.4838 ], [ -97.368, 47.4836 ], [ -97.3467, 47.484 ], [ -97.3261, 47.4835 ], [ -97.3064, 47.4835 ], [ -97.3065, 47.4906 ], [ -97.3046, 47.4908 ], [ -97.3047, 47.498 ], [ -97.2926, 47.498 ], [ -97.2857, 47.4975 ], [ -97.2766, 47.498 ], [ -97.1441, 47.4977 ], [ -97.0486, 47.498 ], [ -96.8569, 47.4976 ], [ -96.8556, 47.4978 ], [ -96.853, 47.4992 ], [ -96.8523, 47.4989 ], [ -96.8507, 47.5 ], [ -96.8489, 47.499 ], [ -96.8488, 47.4981 ], [ -96.8494, 47.4976 ], [ -96.8544, 47.4956 ], [ -96.8566, 47.4936 ], [ -96.8612, 47.4921 ], [ -96.864, 47.4926 ], [ -96.8651, 47.4915 ], [ -96.8648, 47.4905 ], [ -96.8635, 47.4897 ], [ -96.8546, 47.4878 ], [ -96.8527, 47.4871 ], [ -96.8522, 47.4864 ], [ -96.8528, 47.4845 ], [ -96.8541, 47.4835 ], [ -96.8557, 47.4832 ], [ -96.8591, 47.4836 ], [ -96.8609, 47.4842 ], [ -96.8627, 47.4841 ], [ -96.8659, 47.4805 ], [ -96.8681, 47.4793 ], [ -96.8685, 47.4785 ], [ -96.8685, 47.4776 ], [ -96.8675, 47.4769 ], [ -96.8668, 47.4767 ], [ -96.8652, 47.4768 ], [ -96.8641, 47.4774 ], [ -96.8605, 47.4807 ], [ -96.8569, 47.4812 ], [ -96.8534, 47.4805 ], [ -96.8519, 47.4791 ], [ -96.8522, 47.4774 ], [ -96.8538, 47.4759 ], [ -96.8576, 47.4737 ], [ -96.8586, 47.4739 ], [ -96.8602, 47.4737 ], [ -96.861, 47.4726 ], [ -96.8603, 47.4684 ], [ -96.8592, 47.4662 ], [ -96.8578, 47.4645 ], [ -96.8543, 47.462 ], [ -96.8539, 47.4604 ], [ -96.8549, 47.4594 ], [ -96.8559, 47.4595 ], [ -96.8583, 47.4584 ], [ -96.8625, 47.4582 ], [ -96.8636, 47.457 ], [ -96.8635, 47.4564 ], [ -96.8622, 47.4555 ], [ -96.8596, 47.4553 ], [ -96.8566, 47.4555 ], [ -96.8548, 47.455 ], [ -96.8543, 47.4546 ], [ -96.8544, 47.4536 ], [ -96.8551, 47.453 ], [ -96.8585, 47.4524 ], [ -96.8593, 47.4517 ], [ -96.857, 47.449 ], [ -96.8579, 47.4478 ], [ -96.8594, 47.4468 ], [ -96.8596, 47.4458 ], [ -96.8582, 47.4429 ], [ -96.8562, 47.4406 ], [ -96.8559, 47.4392 ], [ -96.8576, 47.438 ], [ -96.8606, 47.4379 ], [ -96.8619, 47.4376 ], [ -96.8629, 47.4364 ], [ -96.8625, 47.4355 ], [ -96.8608, 47.4346 ], [ -96.8545, 47.4334 ], [ -96.8531, 47.4327 ], [ -96.8528, 47.432 ], [ -96.8532, 47.4316 ], [ -96.8542, 47.4314 ], [ -96.8566, 47.4323 ], [ -96.858, 47.4321 ], [ -96.8608, 47.43 ], [ -96.8642, 47.4288 ], [ -96.8647, 47.4276 ], [ -96.8641, 47.427 ], [ -96.8627, 47.4265 ], [ -96.8615, 47.4265 ], [ -96.8592, 47.4272 ], [ -96.8568, 47.4271 ], [ -96.8547, 47.4263 ], [ -96.8543, 47.4253 ], [ -96.8548, 47.4247 ], [ -96.8562, 47.4239 ], [ -96.8611, 47.4228 ], [ -96.8651, 47.4207 ], [ -96.8708, 47.42 ], [ -96.8718, 47.419 ], [ -96.8706, 47.4181 ], [ -96.8693, 47.4182 ], [ -96.8661, 47.419 ], [ -96.8638, 47.4181 ], [ -96.861, 47.4177 ], [ -96.8609, 47.4172 ], [ -96.8619, 47.4155 ], [ -96.8617, 47.4144 ], [ -96.8597, 47.4125 ], [ -96.8582, 47.4103 ], [ -96.8568, 47.4097 ], [ -96.855, 47.4095 ], [ -96.8524, 47.4098 ], [ -96.8443, 47.412 ], [ -96.8422, 47.4118 ], [ -96.8419, 47.4108 ], [ -96.8429, 47.4099 ], [ -96.8473, 47.4079 ], [ -96.8518, 47.4072 ], [ -96.8527, 47.4066 ], [ -96.8527, 47.4061 ], [ -96.8521, 47.4053 ], [ -96.851, 47.4046 ], [ -96.8452, 47.4031 ], [ -96.8429, 47.4012 ], [ -96.8391, 47.3994 ], [ -96.8399, 47.3982 ], [ -96.843, 47.3968 ], [ -96.8463, 47.3962 ], [ -96.848, 47.3957 ], [ -96.8491, 47.3939 ], [ -96.8483, 47.3932 ], [ -96.8445, 47.3922 ], [ -96.8429, 47.3923 ], [ -96.8409, 47.3933 ], [ -96.8396, 47.3927 ], [ -96.8377, 47.3899 ], [ -96.8375, 47.389 ], [ -96.8383, 47.3881 ], [ -96.8416, 47.3871 ], [ -96.8422, 47.386 ], [ -96.8388, 47.3841 ], [ -96.838, 47.383 ], [ -96.8382, 47.3821 ], [ -96.8398, 47.3809 ], [ -96.8424, 47.3807 ], [ -96.8443, 47.3812 ], [ -96.8469, 47.3826 ], [ -96.848, 47.3827 ], [ -96.8492, 47.3824 ], [ -96.85, 47.3816 ], [ -96.8499, 47.3807 ], [ -96.8487, 47.3798 ], [ -96.844, 47.3778 ], [ -96.8433, 47.3769 ], [ -96.8435, 47.3759 ], [ -96.8443, 47.3753 ], [ -96.8459, 47.3748 ], [ -96.8529, 47.375 ], [ -96.8543, 47.3744 ], [ -96.8546, 47.3738 ], [ -96.8539, 47.3726 ], [ -96.8501, 47.3709 ], [ -96.8473, 47.3703 ], [ -96.8449, 47.3707 ], [ -96.842, 47.3728 ], [ -96.8398, 47.3735 ], [ -96.8384, 47.3735 ], [ -96.837, 47.373 ], [ -96.8367, 47.3723 ], [ -96.837, 47.3714 ], [ -96.838, 47.3707 ], [ -96.844, 47.368 ], [ -96.8476, 47.3685 ], [ -96.8506, 47.3696 ], [ -96.8525, 47.3697 ], [ -96.857, 47.369 ], [ -96.8579, 47.3683 ], [ -96.8582, 47.3676 ], [ -96.8578, 47.3668 ], [ -96.8565, 47.3662 ], [ -96.8506, 47.3663 ], [ -96.8484, 47.3646 ], [ -96.8479, 47.3637 ], [ -96.8482, 47.3628 ], [ -96.8517, 47.3605 ], [ -96.8523, 47.3595 ], [ -96.852, 47.3581 ], [ -96.8505, 47.3571 ], [ -96.8472, 47.3564 ], [ -96.839, 47.3563 ], [ -96.8374, 47.3555 ], [ -96.8371, 47.3542 ], [ -96.8381, 47.3535 ], [ -96.8401, 47.3535 ], [ -96.8432, 47.3547 ], [ -96.8446, 47.3543 ], [ -96.845, 47.3532 ], [ -96.8431, 47.3515 ], [ -96.8429, 47.3508 ], [ -96.8438, 47.3502 ], [ -96.8452, 47.3502 ], [ -96.847, 47.3497 ], [ -96.8474, 47.3489 ], [ -96.8471, 47.3477 ], [ -96.8452, 47.3459 ], [ -96.8428, 47.3447 ], [ -96.8413, 47.3418 ], [ -96.8404, 47.3409 ], [ -96.8386, 47.3405 ], [ -96.8361, 47.341 ], [ -96.8342, 47.3409 ], [ -96.8315, 47.3398 ], [ -96.8306, 47.3386 ], [ -96.8313, 47.3369 ], [ -96.8348, 47.3325 ], [ -96.8366, 47.3319 ], [ -96.8408, 47.3322 ], [ -96.8429, 47.3321 ], [ -96.8456, 47.3306 ], [ -96.8462, 47.329 ], [ -96.8457, 47.3279 ], [ -96.8444, 47.3269 ], [ -96.8413, 47.3266 ], [ -96.8389, 47.3275 ], [ -96.836, 47.3306 ], [ -96.835, 47.3309 ], [ -96.8335, 47.3309 ], [ -96.8312, 47.3303 ], [ -96.8297, 47.3293 ], [ -96.8288, 47.328 ], [ -96.8291, 47.3269 ], [ -96.8311, 47.3258 ], [ -96.8354, 47.3257 ], [ -96.8369, 47.3248 ], [ -96.8369, 47.3233 ], [ -96.8347, 47.3207 ], [ -96.8348, 47.3196 ], [ -96.8355, 47.3191 ], [ -96.837, 47.3184 ], [ -96.8404, 47.3186 ], [ -96.8428, 47.3182 ], [ -96.8461, 47.317 ], [ -96.8468, 47.3164 ], [ -96.847, 47.3157 ], [ -96.8463, 47.3149 ], [ -96.8438, 47.3144 ], [ -96.8424, 47.3134 ], [ -96.8423, 47.3122 ], [ -96.8439, 47.3102 ], [ -96.8437, 47.3093 ], [ -96.843, 47.3088 ], [ -96.8421, 47.3086 ], [ -96.8408, 47.3088 ], [ -96.8385, 47.3113 ], [ -96.8365, 47.3115 ], [ -96.8355, 47.3109 ], [ -96.8336, 47.3084 ], [ -96.831, 47.3066 ], [ -96.8307, 47.3061 ], [ -96.8311, 47.3049 ], [ -96.8349, 47.303 ], [ -96.8366, 47.2995 ], [ -96.8412, 47.296 ], [ -96.8438, 47.2931 ], [ -96.8438, 47.29 ], [ -96.8411, 47.2832 ], [ -96.8409, 47.2798 ], [ -96.8401, 47.2756 ], [ -96.8406, 47.2745 ], [ -96.8414, 47.2739 ], [ -96.8466, 47.2727 ], [ -96.8474, 47.272 ], [ -96.8477, 47.2711 ], [ -96.8472, 47.2701 ], [ -96.8449, 47.2688 ], [ -96.8427, 47.2685 ], [ -96.8389, 47.2692 ], [ -96.8373, 47.2692 ], [ -96.8359, 47.2688 ], [ -96.8347, 47.2676 ], [ -96.8349, 47.2659 ], [ -96.837, 47.2647 ], [ -96.8398, 47.2646 ], [ -96.8436, 47.2655 ], [ -96.8452, 47.2652 ], [ -96.847, 47.2633 ], [ -96.8474, 47.2619 ], [ -96.847, 47.2611 ], [ -96.8458, 47.2608 ], [ -96.8446, 47.2611 ], [ -96.8418, 47.2626 ], [ -96.8373, 47.263 ], [ -96.8364, 47.2629 ], [ -96.8358, 47.2622 ], [ -96.8354, 47.261 ], [ -96.8357, 47.26 ], [ -96.8361, 47.2592 ], [ -96.8373, 47.2585 ], [ -96.8386, 47.2583 ], [ -96.8434, 47.2592 ], [ -96.8445, 47.259 ], [ -96.8452, 47.2585 ], [ -96.8453, 47.2578 ], [ -96.8447, 47.2574 ], [ -96.84, 47.2575 ], [ -96.8389, 47.257 ], [ -96.8385, 47.2562 ], [ -96.839, 47.2553 ], [ -96.8398, 47.2545 ], [ -96.8429, 47.2533 ], [ -96.8441, 47.2521 ], [ -96.8444, 47.2512 ], [ -96.8434, 47.2496 ], [ -96.8412, 47.2495 ], [ -96.8399, 47.2505 ], [ -96.8394, 47.2526 ], [ -96.8385, 47.253 ], [ -96.8373, 47.253 ], [ -96.8352, 47.2501 ], [ -96.8324, 47.2479 ], [ -96.8322, 47.2468 ], [ -96.834, 47.2455 ], [ -96.839, 47.2443 ], [ -96.8416, 47.2431 ], [ -96.8433, 47.2417 ], [ -96.8438, 47.2399 ], [ -96.8428, 47.239 ], [ -96.8408, 47.2389 ], [ -96.8402, 47.2395 ], [ -96.8391, 47.2419 ], [ -96.8381, 47.2424 ], [ -96.8369, 47.2425 ], [ -96.8359, 47.2418 ], [ -96.835, 47.2393 ], [ -96.8334, 47.238 ], [ -96.8477, 47.2377 ], [ -96.9421, 47.2388 ], [ -97.2759, 47.2386 ], [ -97.4515, 47.2391 ], [ -97.4513, 47.297 ], [ -97.4516, 47.3245 ], [ -97.4742, 47.3246 ], [ -97.4739, 47.4391 ] ], [ [ -97.0735, 47.4001 ], [ -97.0715, 47.3965 ], [ -97.0281, 47.3966 ], [ -97.0282, 47.4107 ], [ -97.0175, 47.4107 ], [ -97.0176, 47.43 ], [ -97.0311, 47.4298 ], [ -97.0349, 47.4289 ], [ -97.0497, 47.4289 ], [ -97.0498, 47.4252 ], [ -97.055, 47.4253 ], [ -97.055, 47.418 ], [ -97.0714, 47.418 ], [ -97.0719, 47.415 ], [ -97.0724, 47.4149 ], [ -97.0741, 47.4033 ], [ -97.0735, 47.4001 ] ] ] } },
{ "type": "Feature", "properties": { "GEOIDFQ": "1400000US38035011100", "NAME": "111", "NAMELSAD": "Census Tract 111" }, "geometry": { "type": "Polygon", "coordinates": [ [ [ -97.0453, 47.8749 ], [ -97.0376, 47.8749 ], [ -97.0375, 47.8767 ], [ -97.0361, 47.8783 ], [ -97.0358, 47.8997 ], [ -97.0289, 47.8996 ], [ -97.0289, 47.898 ], [ -97.024, 47.8981 ], [ -97.025, 47.8968 ], [ -97.0249, 47.8949 ], [ -97.0235, 47.8938 ], [ -97.0198, 47.892 ], [ -97.0188, 47.891 ], [ -97.0192, 47.8896 ], [ -97.0239, 47.8877 ], [ -97.0248, 47.8871 ], [ -97.0254, 47.8859 ], [ -97.0253, 47.8844 ], [ -97.0245, 47.8831 ], [ -97.023, 47.8819 ], [ -97.019, 47.8799 ], [ -97.018, 47.8787 ], [ -97.0182, 47.8776 ], [ -97.0191, 47.8767 ], [ -97.0232, 47.875 ], [ -97.023, 47.8738 ], [ -97.0214, 47.8727 ], [ -97.0177, 47.8716 ], [ -97.0152, 47.8712 ], [ -97.0101, 47.8711 ], [ -97.0063, 47.8705 ], [ -97.0037, 47.8695 ], [ -97.0018, 47.8681 ], [ -97.0015, 47.867 ], [ -97.0026, 47.866 ], [ -97.0055, 47.8653 ], [ -97.0058, 47.8643 ], [ -96.9992, 47.8602 ], [ -97.0453, 47.8603 ], [ -97.0453, 47.8749 ] ] ] } },
{ "type": "Feature", "properties": { "GEOIDFQ": "1400000US38035010200", "NAME": "102", "NAMELSAD": "Census Tract 102" }, "geometry": { "type": "Polygon", "coordinates": [ [ [ -97.0512, 47.9331 ], [ -97.0496, 47.9322 ], [ -97.0483, 47.9312 ], [ -97.045, 47.9273 ], [ -97.0449, 47.9185 ], [ -97.0597, 47.9185 ], [ -97.0597, 47.9223 ], [ -97.0664, 47.9223 ], [ -97.0666, 47.9331 ], [ -97.0512, 47.9331 ] ] ] } },
{ "type": "Feature", "properties": { "GEOIDFQ": "1400000US38035011800", "NAME": "118", "NAMELSAD": "Census Tract 118" }, "geometry": { "type": "Polygon", "coordinates": [ [ [ -97.8824, 47.7591 ], [ -97.8821, 47.846 ], [ -97.8717, 47.8463 ], [ -97.818, 47.8463 ], [ -97.8179, 47.8316 ], [ -97.7915, 47.8316 ], [ -97.775, 47.8317 ], [ -97.7749, 47.8464 ], [ -97.7738, 47.8462 ], [ -97.6885, 47.8462 ], [ -97.6863, 47.846 ], [ -97.6219, 47.8456 ], [ -97.4751, 47.8457 ], [ -97.3657, 47.8462 ], [ -97.3676, 47.6721 ], [ -97.8823, 47.6721 ], [ -97.8827, 47.7504 ], [ -97.8824, 47.7591 ] ] ] } },
{ "type": "Feature", "properties": { "GEOIDFQ": "1400000US38035010600", "NAME": "106", "NAMELSAD": "Census Tract 106" }, "geometry": { "type": "Polygon", "coordinates": [ [ [ -97.0377, 47.9205 ], [ -97.0335, 47.9229 ], [ -97.0285, 47.9269 ], [ -97.0231, 47.9231 ], [ -97.0183, 47.9204 ], [ -97.0176, 47.9192 ], [ -97.0187, 47.918 ], [ -97.0227, 47.9168 ], [ -97.0237, 47.9162 ], [ -97.0238, 47.9156 ], [ -97.0233, 47.9153 ], [ -97.0214, 47.9147 ], [ -97.0224, 47.9137 ], [ -97.0241, 47.914 ], [ -97.0357, 47.914 ], [ -97.0357, 47.9185 ], [ -97.0383, 47.9184 ], [ -97.0394, 47.919 ], [ -97.0377, 47.9205 ] ] ] } },
{ "type": "Feature", "properties": { "GEOIDFQ": "1400000US38035011400", "NAME": "114", "NAMELSAD": "Census Tract 114" }, "geometry": { "type": "Polygon", "coordinates": [ [ [ -97.9033, 48.1948 ], [ -97.514, 48.1947 ], [ -97.4065, 48.195 ], [ -97.2552, 48.1939 ], [ -97.1412, 48.1937 ], [ -97.1415, 48.1925 ], [ -97.1429, 48.191 ], [ -97.1475, 48.1878 ], [ -97.1498, 48.1858 ], [ -97.1498, 48.1835 ], [ -97.1485, 48.1824 ], [ -97.1468, 48.1821 ], [ -97.1417, 48.183 ], [ -97.1406, 48.1829 ], [ -97.1384, 48.1823 ], [ -97.1367, 48.1809 ], [ -97.136, 48.1789 ], [ -97.136, 48.1767 ], [ -97.1371, 48.1754 ], [ -97.1389, 48.1747 ], [ -97.1452, 48.174 ], [ -97.1475, 48.1724 ], [ -97.1475, 48.1706 ], [ -97.1454, 48.1675 ], [ -97.1442, 48.1625 ], [ -97.142, 48.1602 ], [ -97.1386, 48.1595 ], [ -97.1345, 48.1603 ], [ -97.1322, 48.1614 ], [ -97.1286, 48.1625 ], [ -97.1248, 48.1628 ], [ -97.1215, 48.1615 ], [ -97.121, 48.1596 ], [ -97.1217, 48.1582 ], [ -97.1245, 48.1566 ], [ -97.1329, 48.1534 ], [ -97.1392, 48.1515 ], [ -97.1403, 48.1509 ], [ -97.1459, 48.1451 ], [ -97.1465, 48.1441 ], [ -97.1465, 48.1422 ], [ -97.1455, 48.1413 ], [ -97.1436, 48.141 ], [ -97.1393, 48.1429 ], [ -97.1368, 48.1433 ], [ -97.1266, 48.1415 ], [ -97.124, 48.1405 ], [ -97.1224, 48.1391 ], [ -97.1224, 48.1381 ], [ -97.123, 48.137 ], [ -97.1254, 48.1361 ], [ -97.1277, 48.1362 ], [ -97.132, 48.1376 ], [ -97.1325, 48.1376 ], [ -97.1335, 48.1371 ], [ -97.1332, 48.1365 ], [ -97.1301, 48.134 ], [ -97.1295, 48.1331 ], [ -97.1283, 48.1272 ], [ -97.1269, 48.1243 ], [ -97.1216, 48.1169 ], [ -97.1207, 48.115 ], [ -97.1206, 48.1134 ], [ -97.1231, 48.1095 ], [ -97.1237, 48.108 ], [ -97.1235, 48.1072 ], [ -97.1226, 48.1062 ], [ -97.1198, 48.1054 ], [ -97.1132, 48.1062 ], [ -97.1115, 48.1059 ], [ -97.1095, 48.1047 ], [ -97.1084, 48.0999 ], [ -97.1022, 48.0967 ], [ -97.1019, 48.0959 ], [ -97.1026, 48.0945 ], [ -97.104, 48.0938 ], [ -97.1069, 48.0934 ], [ -97.1089, 48.0929 ], [ -97.1095, 48.0925 ], [ -97.1099, 48.0914 ], [ -97.1094, 48.0909 ], [ -97.1047, 48.0901 ], [ -97.1022, 48.0891 ], [ -97.1013, 48.0883 ], [ -97.0998, 48.0859 ], [ -97.0994, 48.0821 ], [ -97.1002, 48.0788 ], [ -97.1008, 48.0775 ], [ -97.1042, 48.0746 ], [ -97.1047, 48.0731 ], [ -97.1045, 48.0724 ], [ -97.1031, 48.0717 ], [ -97.0988, 48.0715 ], [ -97.0978, 48.0711 ], [ -97.0958, 48.0676 ], [ -97.092, 48.0644 ], [ -97.087, 48.0582 ], [ -97.0829, 48.0558 ], [ -97.0756, 48.0527 ], [ -97.074, 48.0512 ], [ -97.0713, 48.0458 ], [ -97.0704, 48.0418 ], [ -97.0701, 48.0361 ], [ -97.0688, 48.029 ], [ -97.069, 48.0263 ], [ -97.0713, 48.0228 ], [ -97.0725, 48.0195 ], [ -97.2373, 48.0198 ], [ -97.2387, 48.0118 ], [ -97.2391, 47.9331 ], [ -97.2836, 47.9331 ], [ -97.298, 47.9334 ], [ -97.3647, 47.9334 ], [ -97.3646, 47.9475 ], [ -97.3537, 47.9475 ], [ -97.3537, 47.9507 ], [ -97.3537, 47.9512 ], [ -97.3645, 47.9512 ], [ -97.3636, 48.0127 ], [ -97.3906, 48.02 ], [ -97.3959, 48.0209 ], [ -97.4038, 48.0206 ], [ -97.6878, 48.0209 ], [ -97.6883, 48.0205 ], [ -97.6887, 48.0208 ], [ -97.6923, 48.0208 ], [ -97.7742, 48.021 ], [ -97.7739, 48.0217 ], [ -97.7739, 48.0934 ], [ -97.8438, 48.0935 ], [ -97.8493, 48.0933 ], [ -97.8575, 48.0936 ], [ -97.9035, 48.0935 ], [ -97.9033, 48.1948 ] ] ] } },
{ "type": "Feature", "properties": { "GEOIDFQ": "1400000US38101011300", "NAME": "113", "NAMELSAD": "Census Tract 113" }, "geometry": { "type": "Polygon", "coordinates": [ [ [ -101.9219, 48.2272 ], [ -101.922, 48.3272 ], [ -101.8292, 48.3274 ], [ -101.8199, 48.3284 ], [ -101.8075, 48.3271 ], [ -101.7442, 48.3274 ], [ -101.7411, 48.3269 ], [ -101.7394, 48.3262 ], [ -101.7212, 48.3142 ], [ -101.7186, 48.3132 ], [ -101.7164, 48.3128 ], [ -101.6424, 48.3129 ], [ -101.5462, 48.3126 ], [ -101.5406, 48.3121 ], [ -101.5297, 48.3093 ], [ -101.5203, 48.3078 ], [ -101.52, 48.3083 ], [ -101.5172, 48.3091 ], [ -101.5169, 48.3098 ], [ -101.5041, 48.3111 ], [ -101.5009, 48.3118 ], [ -101.4985, 48.3127 ], [ -101.4935, 48.3125 ], [ -101.4589, 48.3125 ], [ -101.4577, 48.312 ], [ -101.4565, 48.3125 ], [ -101.4346, 48.3125 ], [ -101.4339, 48.3128 ], [ -101.4338, 48.3144 ], [ -101.433, 48.3147 ], [ -101.4304, 48.3136 ], [ -101.4301, 48.3124 ], [ -101.4305, 48.3117 ], [ -101.4323, 48.3106 ], [ -101.4335, 48.3103 ], [ -101.4337, 48.3095 ], [ -101.4306, 48.3088 ], [ -101.4275, 48.3112 ], [ -101.4268, 48.3113 ], [ -101.4264, 48.311 ], [ -101.4269, 48.3095 ], [ -101.4263, 48.3082 ], [ -101.4267, 48.308 ], [ -101.4288, 48.308 ], [ -101.4318, 48.3073 ], [ -101.432, 48.3063 ], [ -101.4302, 48.3046 ], [ -101.4296, 48.3046 ], [ -101.4282, 48.3059 ], [ -101.4269, 48.3059 ], [ -101.4262, 48.3029 ], [ -101.4286, 48.3029 ], [ -101.4289, 48.3021 ], [ -101.4285, 48.3018 ], [ -101.4271, 48.3017 ], [ -101.4258, 48.3021 ], [ -101.4245, 48.3039 ], [ -101.4237, 48.3036 ], [ -101.4235, 48.3031 ], [ -101.4237, 48.3019 ], [ -101.4249, 48.3014 ], [ -101.425, 48.3009 ], [ -101.4236, 48.3006 ], [ -101.4238, 48.2997 ], [ -101.425, 48.2994 ], [ -101.4268, 48.3 ], [ -101.4275, 48.2999 ], [ -101.4276, 48.2984 ], [ -101.4269, 48.298 ], [ -101.4258, 48.2979 ], [ -101.4224, 48.299 ], [ -101.4214, 48.299 ], [ -101.4209, 48.2986 ], [ -101.4215, 48.2976 ], [ -101.4238, 48.2965 ], [ -101.4258, 48.2962 ], [ -101.4261, 48.2952 ], [ -101.4243, 48.2947 ], [ -101.4222, 48.296 ], [ -101.4217, 48.2934 ], [ -101.4212, 48.2931 ], [ -101.4204, 48.2936 ], [ -101.4197, 48.2935 ], [ -101.4181, 48.2906 ], [ -101.4184, 48.2898 ], [ -101.4195, 48.2893 ], [ -101.4195, 48.2886 ], [ -101.4182, 48.2881 ], [ -101.4166, 48.2894 ], [ -101.4163, 48.2881 ], [ -101.418, 48.2874 ], [ -101.4179, 48.287 ], [ -101.4168, 48.2869 ], [ -101.4152, 48.2878 ], [ -101.4149, 48.2875 ], [ -101.4161, 48.2863 ], [ -101.4207, 48.2847 ], [ -101.422, 48.2846 ], [ -101.4224, 48.2853 ], [ -101.4216, 48.2868 ], [ -101.4219, 48.2872 ], [ -101.423, 48.287 ], [ -101.4236, 48.2865 ], [ -101.4236, 48.2848 ], [ -101.4234, 48.2844 ], [ -101.4223, 48.2842 ], [ -101.4201, 48.2832 ], [ -101.4188, 48.2839 ], [ -101.4179, 48.2839 ], [ -101.4159, 48.2822 ], [ -101.4164, 48.2796 ], [ -101.4178, 48.28 ], [ -101.4186, 48.2798 ], [ -101.418, 48.2788 ], [ -101.4172, 48.2785 ], [ -101.4175, 48.2777 ], [ -101.4153, 48.2756 ], [ -101.4173, 48.2717 ], [ -101.4172, 48.2714 ], [ -101.4161, 48.2714 ], [ -101.4152, 48.2722 ], [ -101.4145, 48.2722 ], [ -101.4133, 48.2704 ], [ -101.4117, 48.2698 ], [ -101.4108, 48.2683 ], [ -101.4108, 48.2677 ], [ -101.4123, 48.267 ], [ -101.4137, 48.2651 ], [ -101.4139, 48.264 ], [ -101.4129, 48.2637 ], [ -101.4119, 48.2643 ], [ -101.4108, 48.2637 ], [ -101.4103, 48.263 ], [ -101.411, 48.2622 ], [ -101.4109, 48.2617 ], [ -101.4085, 48.2623 ], [ -101.4079, 48.262 ], [ -101.4078, 48.2608 ], [ -101.4043, 48.26 ], [ -101.4023, 48.2601 ], [ -101.4013, 48.2595 ], [ -101.4014, 48.2589 ], [ -101.4023, 48.2585 ], [ -101.4041, 48.2588 ], [ -101.4052, 48.2584 ], [ -101.4056, 48.2577 ], [ -101.4048, 48.2563 ], [ -101.4007, 48.2562 ], [ -101.4002, 48.2558 ], [ -101.4002, 48.2544 ], [ -101.3985, 48.2537 ], [ -101.3999, 48.2524 ], [ -101.3997, 48.2505 ], [ -101.3993, 48.2503 ], [ -101.3975, 48.2505 ], [ -101.3978, 48.2495 ], [ -101.3976, 48.2485 ], [ -101.3963, 48.2482 ], [ -101.3929, 48.2491 ], [ -101.3918, 48.25 ], [ -101.3908, 48.2504 ], [ -101.3899, 48.2503 ], [ -101.3896, 48.2494 ], [ -101.3871, 48.2492 ], [ -101.3868, 48.2487 ], [ -101.3877, 48.2479 ], [ -101.3888, 48.2476 ], [ -101.3906, 48.2483 ], [ -101.3913, 48.2481 ], [ -101.3915, 48.2475 ], [ -101.3903, 48.2457 ], [ -101.3882, 48.2461 ], [ -101.3874, 48.247 ], [ -101.3854, 48.247 ], [ -101.3844, 48.2466 ], [ -101.3848, 48.2458 ], [ -101.3871, 48.2452 ], [ -101.3881, 48.2434 ], [ -101.3877, 48.2428 ], [ -101.3862, 48.2419 ], [ -101.3829, 48.2409 ], [ -101.3824, 48.2417 ], [ -101.3828, 48.243 ], [ -101.382, 48.2431 ], [ -101.3803, 48.2425 ], [ -101.3799, 48.2428 ], [ -101.3807, 48.2452 ], [ -101.3787, 48.2452 ], [ -101.3785, 48.2446 ], [ -101.377, 48.2435 ], [ -101.3748, 48.2432 ], [ -101.3742, 48.2435 ], [ -101.3742, 48.2447 ], [ -101.3736, 48.2454 ], [ -101.3714, 48.246 ], [ -101.3703, 48.2458 ], [ -101.3687, 48.2438 ], [ -101.3682, 48.2404 ], [ -101.3686, 48.2397 ], [ -101.3659, 48.2393 ], [ -101.3632, 48.24 ], [ -101.3614, 48.2408 ], [ -101.3602, 48.2408 ], [ -101.36, 48.2399 ], [ -101.361, 48.2394 ], [ -101.3624, 48.2378 ], [ -101.3624, 48.2374 ], [ -101.3616, 48.2372 ], [ -101.3615, 48.2368 ], [ -101.3624, 48.236 ], [ -101.3604, 48.2357 ], [ -101.359, 48.237 ], [ -101.3576, 48.2373 ], [ -101.3572, 48.2354 ], [ -101.3551, 48.2351 ], [ -101.3557, 48.234 ], [ -101.3565, 48.234 ], [ -101.3575, 48.2346 ], [ -101.3581, 48.2344 ], [ -101.3578, 48.2321 ], [ -101.3564, 48.2307 ], [ -101.3555, 48.2306 ], [ -101.3549, 48.2319 ], [ -101.3538, 48.2322 ], [ -101.3527, 48.232 ], [ -101.3521, 48.2314 ], [ -101.352, 48.2299 ], [ -101.3531, 48.2294 ], [ -101.353, 48.2291 ], [ -101.3506, 48.2286 ], [ -101.3486, 48.2277 ], [ -101.3448, 48.2283 ], [ -101.3469, 48.2297 ], [ -101.3466, 48.2303 ], [ -101.3447, 48.2301 ], [ -101.3425, 48.231 ], [ -101.3405, 48.2306 ], [ -101.3432, 48.2223 ], [ -101.3447, 48.2224 ], [ -101.3447, 48.22 ], [ -101.3438, 48.2189 ], [ -101.3438, 48.2129 ], [ -101.3392, 48.2111 ], [ -101.3393, 48.1966 ], [ -101.2959, 48.1966 ], [ -101.2959, 48.1922 ], [ -101.2965, 48.1872 ], [ -101.2954, 48.1803 ], [ -101.2953, 48.1658 ], [ -101.2957, 48.1474 ], [ -101.2956, 48.0293 ], [ -101.2953, 48.0272 ], [ -101.293, 48.0217 ], [ -101.2926, 48.0112 ], [ -101.2902, 48.0052 ], [ -101.2898, 48.003 ], [ -101.2911, 47.996 ], [ -101.2912, 47.979 ], [ -101.293, 47.9745 ], [ -101.2933, 47.9725 ], [ -101.2929, 47.965 ], [ -101.2929, 47.938 ], [ -101.2938, 47.9294 ], [ -101.2936, 47.9278 ], [ -101.2915, 47.9234 ], [ -101.2912, 47.9214 ], [ -101.2919, 47.9191 ], [ -101.2943, 47.9145 ], [ -101.2948, 47.9126 ], [ -101.2939, 47.9058 ], [ -101.2922, 47.8978 ], [ -101.2929, 47.8937 ], [ -101.2929, 47.8483 ], [ -101.4005, 47.8483 ], [ -101.6146, 47.8477 ], [ -101.8719, 47.8476 ], [ -101.8715, 48.0232 ], [ -101.9221, 48.0232 ], [ -101.9223, 48.1343 ], [ -101.9219, 48.2272 ] ] ] } },
{ "type": "Feature", "properties": { "GEOIDFQ": "1400000US38035010100", "NAME": "101", "NAMELSAD": "Census Tract 101" }, "geometry": { "type": "Polygon", "coordinates": [ [ [ -97.0464, 47.9361 ], [ -97.0464, 47.9372 ], [ -97.0397, 47.9372 ], [ -97.0394, 47.9406 ], [ -97.0372, 47.94 ], [ -97.0358, 47.939 ], [ -97.0355, 47.9364 ], [ -97.0373, 47.9333 ], [ -97.0371, 47.9316 ], [ -97.0344, 47.9293 ], [ -97.0285, 47.9269 ], [ -97.0335, 47.9229 ], [ -97.0382, 47.9201 ], [ -97.0411, 47.919 ], [ -97.0449, 47.9185 ], [ -97.045, 47.9273 ], [ -97.0483, 47.9312 ], [ -97.0512, 47.9331 ], [ -97.0491, 47.9331 ], [ -97.0516, 47.936 ], [ -97.0464, 47.9361 ] ] ] } },
{ "type": "Feature", "properties": { "GEOIDFQ": "1400000US38079951700", "NAME": "9517", "NAMELSAD": "Census Tract 9517" }, "geometry": { "type": "Polygon", "coordinates": [ [ [ -100.1825, 48.8611 ], [ -100.1829, 48.8991 ], [ -100.1826, 48.9419 ], [ -100.1829, 48.9432 ], [ -100.1828, 48.9504 ], [ -100.1824, 48.9519 ], [ -100.1826, 48.9993 ], [ -99.6589, 48.9993 ], [ -99.6576, 48.9985 ], [ -99.657, 48.9977 ], [ -99.657, 48.8938 ], [ -99.6574, 48.8931 ], [ -99.6593, 48.8923 ], [ -99.7564, 48.892 ], [ -99.9199, 48.8924 ], [ -99.9201, 48.7912 ], [ -100.0955, 48.7914 ], [ -100.0954, 48.8058 ], [ -100.1829, 48.8062 ], [ -100.183, 48.8514 ], [ -100.1825, 48.8611 ] ] ] } },
{ "type": "Feature", "properties": { "GEOIDFQ": "1400000US38079951900", "NAME": "9519", "NAMELSAD": "Census Tract 9519" }, "geometry": { "type": "Polygon", "coordinates": [ [ [ -100.1829, 48.8062 ], [ -100.0954, 48.8058 ], [ -100.0955, 48.7914 ], [ -100.0132, 48.7912 ], [ -99.9201, 48.7912 ], [ -99.9201, 48.8057 ], [ -99.5257, 48.8051 ], [ -99.5259, 48.7184 ], [ -99.493, 48.7184 ], [ -99.4932, 48.5448 ], [ -99.5739, 48.545 ], [ -99.7762, 48.5448 ], [ -99.8774, 48.5449 ], [ -99.9065, 48.5452 ], [ -99.9498, 48.545 ], [ -100.1459, 48.5452 ], [ -100.1455, 48.7189 ], [ -100.183, 48.7189 ], [ -100.1829, 48.8062 ] ] ] } },
{ "type": "Feature", "properties": { "GEOIDFQ": "1400000US38079951600", "NAME": "9516", "NAMELSAD": "Census Tract 9516" }, "geometry": { "type": "Polygon", "coordinates": [ [ [ -99.6578, 48.8928 ], [ -99.6571, 48.8936 ], [ -99.657, 48.9161 ], [ -99.657, 48.9971 ], [ -99.6576, 48.9985 ], [ -99.6589, 48.9993 ], [ -99.5258, 48.9994 ], [ -99.5255, 48.9353 ], [ -99.526, 48.8586 ], [ -99.5257, 48.8051 ], [ -99.6575, 48.8054 ], [ -99.6574, 48.8081 ], [ -99.6578, 48.8114 ], [ -99.6573, 48.8124 ], [ -99.6571, 48.8226 ], [ -99.6571, 48.8922 ], [ -99.659, 48.8923 ], [ -99.6578, 48.8928 ] ] ] } },
{ "type": "Feature", "properties": { "GEOIDFQ": "1400000US38009952400", "NAME": "9524", "NAMELSAD": "Census Tract 9524" }, "geometry": { "type": "Polygon", "coordinates": [ [ [ -100.9686, 48.9674 ], [ -100.9633, 48.9813 ], [ -100.9629, 48.9838 ], [ -100.9579, 48.9929 ], [ -100.9584, 48.9996 ], [ -100.1826, 48.9993 ], [ -100.1824, 48.9519 ], [ -100.1828, 48.9504 ], [ -100.1829, 48.9432 ], [ -100.1826, 48.9419 ], [ -100.1829, 48.8991 ], [ -100.1825, 48.8611 ], [ -100.183, 48.8514 ], [ -100.183, 48.7189 ], [ -100.1455, 48.7189 ], [ -100.1459, 48.5452 ], [ -100.4065, 48.5446 ], [ -100.4068, 48.6319 ], [ -100.5164, 48.6325 ], [ -100.5783, 48.6327 ], [ -100.6468, 48.6324 ], [ -100.7164, 48.6327 ], [ -100.7167, 48.6371 ], [ -100.7161, 48.6382 ], [ -100.7142, 48.6392 ], [ -100.7145, 48.6401 ], [ -100.7159, 48.6401 ], [ -100.7224, 48.6394 ], [ -100.7243, 48.64 ], [ -100.7245, 48.6403 ], [ -100.7241, 48.6425 ], [ -100.7245, 48.6432 ], [ -100.7255, 48.6435 ], [ -100.727, 48.6435 ], [ -100.7313, 48.643 ], [ -100.7326, 48.6435 ], [ -100.7342, 48.6459 ], [ -100.7345, 48.6482 ], [ -100.7365, 48.6503 ], [ -100.7484, 48.6555 ], [ -100.7512, 48.6575 ], [ -100.7622, 48.6625 ], [ -100.7653, 48.6636 ], [ -100.7694, 48.6637 ], [ -100.7729, 48.6624 ], [ -100.7758, 48.6606 ], [ -100.7777, 48.6604 ], [ -100.7801, 48.6615 ], [ -100.7808, 48.6626 ], [ -100.7801, 48.6644 ], [ -100.7786, 48.6663 ], [ -100.7788, 48.6681 ], [ -100.7801, 48.6687 ], [ -100.7826, 48.6683 ], [ -100.7843, 48.6663 ], [ -100.7849, 48.6635 ], [ -100.7848, 48.662 ], [ -100.7853, 48.6608 ], [ -100.7864, 48.6605 ], [ -100.7883, 48.6611 ], [ -100.7944, 48.6756 ], [ -100.8004, 48.6819 ], [ -100.8036, 48.6844 ], [ -100.8067, 48.6918 ], [ -100.8061, 48.7026 ], [ -100.8137, 48.7111 ], [ -100.8163, 48.7127 ], [ -100.8172, 48.7137 ], [ -100.8175, 48.7165 ], [ -100.8193, 48.7178 ], [ -100.8208, 48.7198 ], [ -100.8238, 48.7216 ], [ -100.8251, 48.7238 ], [ -100.8248, 48.7248 ], [ -100.8253, 48.7283 ], [ -100.8259, 48.7297 ], [ -100.8271, 48.7307 ], [ -100.8277, 48.7318 ], [ -100.8273, 48.738 ], [ -100.8279, 48.7435 ], [ -100.8296, 48.7465 ], [ -100.8313, 48.748 ], [ -100.8376, 48.75 ], [ -100.8439, 48.7559 ], [ -100.8459, 48.7631 ], [ -100.8466, 48.7644 ], [ -100.8505, 48.7676 ], [ -100.8556, 48.771 ], [ -100.8655, 48.7762 ], [ -100.8754, 48.785 ], [ -100.8837, 48.791 ], [ -100.8881, 48.7953 ], [ -100.8902, 48.7975 ], [ -100.8923, 48.801 ], [ -100.8934, 48.8039 ], [ -100.8938, 48.8085 ], [ -100.8957, 48.814 ], [ -100.8956, 48.8151 ], [ -100.8963, 48.8158 ], [ -100.8987, 48.8167 ], [ -100.9006, 48.818 ], [ -100.9049, 48.8195 ], [ -100.9049, 48.8218 ], [ -100.9093, 48.8267 ], [ -100.9116, 48.8313 ], [ -100.9144, 48.8348 ], [ -100.915, 48.8382 ], [ -100.9182, 48.8425 ], [ -100.9188, 48.844 ], [ -100.9229, 48.8489 ], [ -100.9275, 48.8534 ], [ -100.9333, 48.8573 ], [ -100.9365, 48.8608 ], [ -100.9376, 48.8634 ], [ -100.938, 48.8679 ], [ -100.9389, 48.8694 ], [ -100.9399, 48.8704 ], [ -100.9421, 48.871 ], [ -100.9459, 48.8715 ], [ -100.9485, 48.8731 ], [ -100.95, 48.8761 ], [ -100.9487, 48.8791 ], [ -100.9511, 48.8893 ], [ -100.9528, 48.894 ], [ -100.9603, 48.9085 ], [ -100.9637, 48.9169 ], [ -100.9654, 48.9196 ], [ -100.9721, 48.9379 ], [ -100.9713, 48.9531 ], [ -100.9686, 48.9674 ] ], [ [ -100.43, 48.8062 ], [ -100.4279, 48.8043 ], [ -100.4245, 48.8046 ], [ -100.4244, 48.8352 ], [ -100.4679, 48.8352 ], [ -100.4679, 48.8063 ], [ -100.43, 48.8062 ] ] ] } },
{ "type": "Feature", "properties": { "GEOIDFQ": "1400000US38009952500", "NAME": "9525", "NAMELSAD": "Census Tract 9525" }, "geometry": { "type": "Polygon", "coordinates": [ [ [ -101.4966, 48.9994 ], [ -100.9584, 48.9996 ], [ -100.9579, 48.9929 ], [ -100.9629, 48.9838 ], [ -100.9633, 48.9813 ], [ -100.9686, 48.9674 ], [ -100.9713, 48.9531 ], [ -100.9721, 48.9379 ], [ -100.9654, 48.9196 ], [ -100.9637, 48.9169 ], [ -100.9603, 48.9085 ], [ -100.9528, 48.894 ], [ -100.9511, 48.8893 ], [ -100.9487, 48.8791 ], [ -100.95, 48.8761 ], [ -100.9485, 48.8731 ], [ -100.9459, 48.8715 ], [ -100.9421, 48.871 ], [ -100.9399, 48.8704 ], [ -100.9389, 48.8694 ], [ -100.938, 48.8679 ], [ -100.9376, 48.8634 ], [ -100.9365, 48.8608 ], [ -100.9333, 48.8573 ], [ -100.9275, 48.8534 ], [ -100.9229, 48.8489 ], [ -100.9188, 48.844 ], [ -100.9182, 48.8425 ], [ -100.915, 48.8382 ], [ -100.9144, 48.8348 ], [ -100.9116, 48.8313 ], [ -100.9093, 48.8267 ], [ -100.9049, 48.8218 ], [ -100.9049, 48.8195 ], [ -100.9006, 48.818 ], [ -100.8987, 48.8167 ], [ -100.8963, 48.8158 ], [ -100.8956, 48.8151 ], [ -100.8957, 48.814 ], [ -100.8938, 48.8085 ], [ -100.8934, 48.8039 ], [ -100.8923, 48.801 ], [ -100.8902, 48.7975 ], [ -100.8881, 48.7953 ], [ -100.8837, 48.791 ], [ -100.8754, 48.785 ], [ -100.8655, 48.7762 ], [ -100.8556, 48.771 ], [ -100.8505, 48.7676 ], [ -100.8466, 48.7644 ], [ -100.8459, 48.7631 ], [ -100.8439, 48.7559 ], [ -100.8376, 48.75 ], [ -100.8313, 48.748 ], [ -100.8296, 48.7465 ], [ -100.8279, 48.7435 ], [ -100.8273, 48.738 ], [ -100.8277, 48.7318 ], [ -100.8271, 48.7307 ], [ -100.8259, 48.7297 ], [ -100.8253, 48.7283 ], [ -100.8248, 48.7248 ], [ -100.8251, 48.7238 ], [ -100.8238, 48.7216 ], [ -100.8208, 48.7198 ], [ -100.8193, 48.7178 ], [ -100.8175, 48.7165 ], [ -100.8172, 48.7137 ], [ -100.8163, 48.7127 ], [ -100.8137, 48.7111 ], [ -100.8061, 48.7026 ], [ -100.8067, 48.6918 ], [ -100.8036, 48.6844 ], [ -100.8004, 48.6819 ], [ -100.7944, 48.6756 ], [ -100.7883, 48.6611 ], [ -100.7864, 48.6605 ], [ -100.7853, 48.6608 ], [ -100.7848, 48.662 ], [ -100.7849, 48.6635 ], [ -100.7843, 48.6663 ], [ -100.7826, 48.6683 ], [ -100.7801, 48.6687 ], [ -100.7788, 48.6681 ], [ -100.7786, 48.6663 ], [ -100.7801, 48.6644 ], [ -100.7808, 48.6626 ], [ -100.7801, 48.6615 ], [ -100.7777, 48.6604 ], [ -100.7758, 48.6606 ], [ -100.7729, 48.6624 ], [ -100.7694, 48.6637 ], [ -100.7653, 48.6636 ], [ -100.7582, 48.6608 ], [ -100.7504, 48.6571 ], [ -100.7484, 48.6555 ], [ -100.7365, 48.6503 ], [ -100.7345, 48.6482 ], [ -100.7342, 48.6459 ], [ -100.7326, 48.6435 ], [ -100.7313, 48.643 ], [ -100.727, 48.6435 ], [ -100.7255, 48.6435 ], [ -100.7245, 48.6432 ], [ -100.7241, 48.6425 ], [ -100.7245, 48.6403 ], [ -100.7234, 48.6396 ], [ -100.7224, 48.6394 ], [ -100.7149, 48.6401 ], [ -100.7145, 48.6401 ], [ -100.7142, 48.6392 ], [ -100.7161, 48.6382 ], [ -100.7167, 48.6371 ], [ -100.7164, 48.6327 ], [ -100.9837, 48.6327 ], [ -101.0596, 48.6324 ], [ -101.0597, 48.5454 ], [ -101.4513, 48.5461 ], [ -101.451, 48.72 ], [ -101.4967, 48.7201 ], [ -101.4966, 48.9994 ] ] ] } },
{ "type": "Feature", "properties": { "GEOIDFQ": "1400000US38009952300", "NAME": "9523", "NAMELSAD": "Census Tract 9523" }, "geometry": { "type": "Polygon", "coordinates": [ [ [ -100.4679, 48.8352 ], [ -100.4244, 48.8352 ], [ -100.4245, 48.8046 ], [ -100.4279, 48.8043 ], [ -100.43, 48.8062 ], [ -100.4676, 48.8062 ], [ -100.4679, 48.8063 ], [ -100.4679, 48.8352 ] ] ] } },
{ "type": "Feature", "properties": { "GEOIDFQ": "1400000US38027959200", "NAME": "9592", "NAMELSAD": "Census Tract 9592" }, "geometry": { "type": "Polygon", "coordinates": [ [ [ -99.2972, 47.8468 ], [ -99.0992, 47.8476 ], [ -99.0987, 47.8469 ], [ -99.0968, 47.8469 ], [ -99.0962, 47.8475 ], [ -99.0941, 47.8475 ], [ -99.0936, 47.8469 ], [ -99.083, 47.8468 ], [ -99.0072, 47.8464 ], [ -98.9554, 47.8466 ], [ -98.9558, 47.847 ], [ -98.9029, 47.8474 ], [ -98.8846, 47.8472 ], [ -98.8231, 47.8476 ], [ -98.7272, 47.8476 ], [ -98.5465, 47.8475 ], [ -98.5448, 47.8474 ], [ -98.5442, 47.8462 ], [ -98.5255, 47.8463 ], [ -98.5254, 47.8126 ], [ -98.5225, 47.8071 ], [ -98.5225, 47.7759 ], [ -98.5233, 47.7759 ], [ -98.524, 47.7753 ], [ -98.5238, 47.7749 ], [ -98.5228, 47.7747 ], [ -98.5221, 47.7735 ], [ -98.524, 47.7729 ], [ -98.5257, 47.7735 ], [ -98.5254, 47.6723 ], [ -98.5002, 47.6724 ], [ -98.5001, 47.5872 ], [ -98.6503, 47.5873 ], [ -98.7562, 47.5876 ], [ -98.8628, 47.5872 ], [ -99.1373, 47.5878 ], [ -99.2658, 47.5876 ], [ -99.2657, 47.673 ], [ -99.2973, 47.673 ], [ -99.2972, 47.8468 ] ] ] } },
{ "type": "Feature", "properties": { "GEOIDFQ": "1400000US38013953300", "NAME": "9533", "NAMELSAD": "Census Tract 9533" }, "geometry": { "type": "Polygon", "coordinates": [ [ [ -102.9395, 48.8074 ], [ -102.9398, 48.8708 ], [ -102.9392, 48.9129 ], [ -102.9395, 48.9142 ], [ -102.939, 48.9993 ], [ -102.4565, 48.9989 ], [ -102.0212, 48.9989 ], [ -102.0216, 48.8071 ], [ -102.1522, 48.8072 ], [ -102.1525, 48.7203 ], [ -102.2336, 48.7203 ], [ -102.2341, 48.6209 ], [ -102.2339, 48.5463 ], [ -102.3785, 48.5463 ], [ -102.5005, 48.5466 ], [ -102.7208, 48.5463 ], [ -102.8858, 48.5464 ], [ -102.8857, 48.7205 ], [ -102.9399, 48.7205 ], [ -102.9395, 48.8074 ] ] ] } },
{ "type": "Feature", "properties": { "GEOIDFQ": "1400000US38039968600", "NAME": "9686", "NAMELSAD": "Census Tract 9686" }, "geometry": { "type": "Polygon", "coordinates": [ [ [ -98.4998, 47.5496 ], [ -98.5002, 47.6724 ], [ -98.2865, 47.6722 ], [ -98.2638, 47.6725 ], [ -98.2589, 47.6722 ], [ -98.112, 47.6726 ], [ -97.9842, 47.6723 ], [ -97.9848, 47.5431 ], [ -97.9864, 47.3262 ], [ -97.9602, 47.326 ], [ -97.9612, 47.2403 ], [ -98.0889, 47.2413 ], [ -98.1743, 47.2408 ], [ -98.2368, 47.241 ], [ -98.3217, 47.2406 ], [ -98.4671, 47.2404 ], [ -98.4675, 47.2416 ], [ -98.4669, 47.2984 ], [ -98.4672, 47.3265 ], [ -98.4992, 47.3265 ], [ -98.5001, 47.4955 ], [ -98.4998, 47.5292 ], [ -98.5003, 47.5296 ], [ -98.4998, 47.5496 ] ] ] } },
{ "type": "Feature", "properties": { "GEOIDFQ": "1400000US38017000300", "NAME": "3", "NAMELSAD": "Census Tract 3" }, "geometry": { "type": "Polygon", "coordinates": [ [ [ -96.8615, 46.9771 ], [ -96.82, 46.9768 ], [ -96.821, 46.9755 ], [ -96.8214, 46.9728 ], [ -96.8233, 46.9712 ], [ -96.8227, 46.97 ], [ -96.8196, 46.9674 ], [ -96.8186, 46.9671 ], [ -96.8156, 46.967 ], [ -96.814, 46.9666 ], [ -96.8133, 46.9662 ], [ -96.8122, 46.9646 ], [ -96.8098, 46.9638 ], [ -96.8084, 46.9641 ], [ -96.8076, 46.9646 ], [ -96.8071, 46.9669 ], [ -96.8065, 46.9676 ], [ -96.8048, 46.9673 ], [ -96.8031, 46.9645 ], [ -96.802, 46.9641 ], [ -96.8011, 46.9648 ], [ -96.8023, 46.9669 ], [ -96.8016, 46.9683 ], [ -96.7996, 46.9681 ], [ -96.795, 46.9658 ], [ -96.7957, 46.9643 ], [ -96.7981, 46.9622 ], [ -96.7992, 46.9597 ], [ -96.7999, 46.9592 ], [ -96.8037, 46.9582 ], [ -96.8033, 46.9567 ], [ -96.7996, 46.9543 ], [ -96.799, 46.9511 ], [ -96.7995, 46.9493 ], [ -96.8004, 46.9487 ], [ -96.8035, 46.9481 ], [ -96.8041, 46.9469 ], [ -96.8029, 46.9459 ], [ -96.7994, 46.9443 ], [ -96.798, 46.9442 ], [ -96.797, 46.9445 ], [ -96.7963, 46.945 ], [ -96.7957, 46.9464 ], [ -96.795, 46.9468 ], [ -96.7941, 46.9469 ], [ -96.793, 46.9466 ], [ -96.7916, 46.9449 ], [ -96.7914, 46.9436 ], [ -96.7922, 46.9406 ], [ -96.7919, 46.9395 ], [ -96.7902, 46.9381 ], [ -96.7899, 46.937 ], [ -96.7913, 46.9353 ], [ -96.7913, 46.9339 ], [ -96.7978, 46.9337 ], [ -96.798, 46.9048 ], [ -96.7874, 46.9048 ], [ -96.7875, 46.9012 ], [ -96.798, 46.9011 ], [ -96.7981, 46.8903 ], [ -96.8217, 46.8904 ], [ -96.8614, 46.9048 ], [ -96.8613, 46.9485 ], [ -96.8616, 46.9487 ], [ -96.8611, 46.9489 ], [ -96.8612, 46.9511 ], [ -96.8616, 46.9517 ], [ -96.8615, 46.9771 ] ] ] } },
{ "type": "Feature", "properties": { "GEOIDFQ": "1400000US38017040600", "NAME": "406", "NAMELSAD": "Census Tract 406" }, "geometry": { "type": "Polygon", "coordinates": [ [ [ -97.3042, 46.7394 ], [ -97.3037, 46.8033 ], [ -97.2206, 46.8037 ], [ -97.1172, 46.8035 ], [ -97.0381, 46.8042 ], [ -96.9265, 46.8046 ], [ -96.926, 46.7173 ], [ -96.7823, 46.7164 ], [ -96.7844, 46.7159 ], [ -96.7875, 46.714 ], [ -96.7875, 46.7136 ], [ -96.7869, 46.7131 ], [ -96.784, 46.7122 ], [ -96.7836, 46.7114 ], [ -96.785, 46.7107 ], [ -96.7892, 46.7099 ], [ -96.7896, 46.7094 ], [ -96.7886, 46.7084 ], [ -96.7849, 46.7072 ], [ -96.7839, 46.7064 ], [ -96.7838, 46.706 ], [ -96.7845, 46.7056 ], [ -96.7879, 46.7052 ], [ -96.7912, 46.7037 ], [ -96.7909, 46.703 ], [ -96.7898, 46.7023 ], [ -96.7858, 46.7021 ], [ -96.7842, 46.7014 ], [ -96.7844, 46.7009 ], [ -96.7869, 46.701 ], [ -96.788, 46.7006 ], [ -96.7881, 46.7002 ], [ -96.7852, 46.6958 ], [ -96.7849, 46.6944 ], [ -96.7856, 46.6937 ], [ -96.7869, 46.6935 ], [ -96.7873, 46.6932 ], [ -96.786, 46.6919 ], [ -96.7861, 46.6915 ], [ -96.7903, 46.6903 ], [ -96.7906, 46.6891 ], [ -96.7893, 46.6882 ], [ -96.7847, 46.6874 ], [ -96.7841, 46.6867 ], [ -96.7841, 46.6853 ], [ -96.7845, 46.6848 ], [ -96.7857, 46.6846 ], [ -96.7876, 46.6852 ], [ -96.7876, 46.683 ], [ -96.7884, 46.6817 ], [ -96.7897, 46.6819 ], [ -96.792, 46.6833 ], [ -96.794, 46.6836 ], [ -96.7948, 46.6833 ], [ -96.7947, 46.6824 ], [ -96.7939, 46.6814 ], [ -96.7877, 46.6782 ], [ -96.7875, 46.6771 ], [ -96.7888, 46.6766 ], [ -96.7921, 46.6766 ], [ -96.7931, 46.6772 ], [ -96.7939, 46.6791 ], [ -96.7948, 46.6795 ], [ -96.796, 46.6793 ], [ -96.7967, 46.6787 ], [ -96.7991, 46.6785 ], [ -96.7995, 46.6752 ], [ -96.7989, 46.674 ], [ -96.7977, 46.6734 ], [ -96.7967, 46.6732 ], [ -96.7942, 46.6739 ], [ -96.7927, 46.674 ], [ -96.7916, 46.6732 ], [ -96.7913, 46.6724 ], [ -96.7922, 46.6716 ], [ -96.7942, 46.6716 ], [ -96.7945, 46.6713 ], [ -96.7934, 46.6692 ], [ -96.7941, 46.668 ], [ -96.795, 46.6672 ], [ -96.7961, 46.6675 ], [ -96.7978, 46.6689 ], [ -96.7988, 46.669 ], [ -96.8013, 46.6684 ], [ -96.8022, 46.6679 ], [ -96.8019, 46.6672 ], [ -96.8007, 46.6666 ], [ -96.7998, 46.6665 ], [ -96.7965, 46.667 ], [ -96.7952, 46.6662 ], [ -96.7955, 46.6659 ], [ -96.7975, 46.6658 ], [ -96.7986, 46.6653 ], [ -96.7985, 46.6642 ], [ -96.7972, 46.6623 ], [ -96.7976, 46.6618 ], [ -96.8, 46.6611 ], [ -96.7999, 46.6606 ], [ -96.7972, 46.6599 ], [ -96.7969, 46.6596 ], [ -96.7972, 46.6588 ], [ -96.7987, 46.6581 ], [ -96.799, 46.6576 ], [ -96.7989, 46.6541 ], [ -96.7981, 46.6535 ], [ -96.7967, 46.6534 ], [ -96.7951, 46.6525 ], [ -96.7907, 46.6491 ], [ -96.7909, 46.6478 ], [ -96.7939, 46.6469 ], [ -96.7942, 46.6464 ], [ -96.7915, 46.6447 ], [ -96.7908, 46.6426 ], [ -96.7902, 46.6419 ], [ -96.7866, 46.6411 ], [ -96.7858, 46.6405 ], [ -96.7861, 46.6401 ], [ -96.7908, 46.6387 ], [ -96.7923, 46.6348 ], [ -96.793, 46.6343 ], [ -96.796, 46.6332 ], [ -96.798, 46.6303 ], [ -96.921, 46.6303 ], [ -97.0047, 46.6298 ], [ -97.2629, 46.6293 ], [ -97.3043, 46.6294 ], [ -97.3042, 46.7394 ] ] ] } },
{ "type": "Feature", "properties": { "GEOIDFQ": "1400000US38017040300", "NAME": "403", "NAMELSAD": "Census Tract 403" }, "geometry": { "type": "Polygon", "coordinates": [ [ [ -97.4295, 46.978 ], [ -97.3249, 46.9777 ], [ -97.3244, 47.0645 ], [ -97.1907, 47.0644 ], [ -97.1746, 47.0648 ], [ -97.0695, 47.0649 ], [ -97.0704, 46.9773 ], [ -97.05, 46.9773 ], [ -97.0508, 46.9754 ], [ -97.0516, 46.9618 ], [ -97.0528, 46.9058 ], [ -97.0952, 46.9057 ], [ -97.0949, 46.8912 ], [ -97.1057, 46.8912 ], [ -97.1057, 46.8774 ], [ -97.1056, 46.8766 ], [ -97.0527, 46.8771 ], [ -97.0529, 46.8041 ], [ -97.1172, 46.8035 ], [ -97.2206, 46.8037 ], [ -97.3143, 46.8033 ], [ -97.4299, 46.8035 ], [ -97.4295, 46.978 ] ] ] } },
{ "type": "Feature", "properties": { "GEOIDFQ": "1400000US38017000802", "NAME": "8.02", "NAMELSAD": "Census Tract 8.02" }, "geometry": { "type": "Polygon", "coordinates": [ [ [ -96.8195, 46.8698 ], [ -96.8069, 46.8698 ], [ -96.8069, 46.874 ], [ -96.7983, 46.874 ], [ -96.7984, 46.8616 ], [ -96.8195, 46.8615 ], [ -96.8195, 46.8698 ] ] ] } },
{ "type": "Feature", "properties": { "GEOIDFQ": "1400000US38017000400", "NAME": "4", "NAMELSAD": "Census Tract 4" }, "geometry": { "type": "Polygon", "coordinates": [ [ [ -96.798, 46.9011 ], [ -96.7875, 46.9012 ], [ -96.7874, 46.9048 ], [ -96.7829, 46.9048 ], [ -96.7832, 46.8903 ], [ -96.7981, 46.8903 ], [ -96.798, 46.9011 ] ] ] } },
{ "type": "Feature", "properties": { "GEOIDFQ": "1400000US38017040100", "NAME": "401", "NAMELSAD": "Census Tract 401" }, "geometry": { "type": "Polygon", "coordinates": [ [ [ -97.7054, 47.0668 ], [ -97.7059, 47.24 ], [ -97.5784, 47.239 ], [ -97.4805, 47.2393 ], [ -97.4515, 47.2391 ], [ -97.4507, 47.1066 ], [ -97.4519, 46.978 ], [ -97.4295, 46.978 ], [ -97.4299, 46.8035 ], [ -97.3037, 46.8033 ], [ -97.3042, 46.7394 ], [ -97.3043, 46.6294 ], [ -97.682, 46.6299 ], [ -97.6815, 46.9785 ], [ -97.7062, 46.9786 ], [ -97.7054, 47.0668 ] ] ] } },
{ "type": "Feature", "properties": { "GEOIDFQ": "1400000US38017000700", "NAME": "7", "NAMELSAD": "Census Tract 7" }, "geometry": { "type": "Polygon", "coordinates": [ [ [ -96.794, 46.8818 ], [ -96.7889, 46.8811 ], [ -96.7791, 46.8811 ], [ -96.7771, 46.8804 ], [ -96.7755, 46.8791 ], [ -96.7766, 46.879 ], [ -96.7782, 46.8793 ], [ -96.7797, 46.8802 ], [ -96.7803, 46.8803 ], [ -96.7813, 46.8797 ], [ -96.7802, 46.877 ], [ -96.7794, 46.8762 ], [ -96.7766, 46.8752 ], [ -96.7761, 46.8742 ], [ -96.7762, 46.8739 ], [ -96.7807, 46.8739 ], [ -96.7808, 46.8729 ], [ -96.7823, 46.8722 ], [ -96.7853, 46.8721 ], [ -96.7851, 46.8732 ], [ -96.7942, 46.8737 ], [ -96.794, 46.8818 ] ] ] } }
]
}
