{
"type": "FeatureCollection",
"name": "state_46_tracts_simplified",
"crs": { "type": "name", "properties": { "name": "urn:ogc:def:crs:OGC:1.3:CRS84" } },
"features": [
{ "type": "Feature", "properties": { "GEOIDFQ": "1400000US46071941200", "NAME": "9412", "NAMELSAD": "Census Tract 9412" }, "geometry": { "type": "Polygon", "coordinates": [ [ [ -102.1387, 43.6357 ], [ -102.1392, 43.7009 ], [ -102.1354, 43.7021 ], [ -102.1332, 43.7037 ], [ -102.1294, 43.7052 ], [ -102.1265, 43.7056 ], [ -102.1243, 43.7044 ], [ -102.123, 43.7043 ], [ -102.1203, 43.7055 ], [ -102.1194, 43.708 ], [ -102.1176, 43.7094 ], [ -102.117, 43.7128 ], [ -102.1163, 43.7128 ], [ -102.1151, 43.7121 ], [ -102.1136, 43.7102 ], [ -102.1132, 43.7077 ], [ -102.1116, 43.7054 ], [ -102.1085, 43.7033 ], [ -102.1074, 43.7019 ], [ -102.1078, 43.6979 ], [ -102.1117, 43.6946 ], [ -102.1123, 43.6929 ], [ -102.112, 43.6917 ], [ -102.1102, 43.6895 ], [ -102.1096, 43.6869 ], [ -102.1085, 43.6858 ], [ -102.1031, 43.6851 ], [ -102.0982, 43.6853 ], [ -102.0952, 43.6883 ], [ -102.0951, 43.6897 ], [ -102.0967, 43.6939 ], [ -102.0958, 43.6953 ], [ -102.0947, 43.6953 ], [ -102.0916, 43.6942 ], [ -102.0842, 43.6933 ], [ -102.0815, 43.6927 ], [ -102.0787, 43.6915 ], [ -102.0765, 43.6909 ], [ -102.074, 43.6908 ], [ -102.0709, 43.6899 ], [ -102.0673, 43.6896 ], [ -102.0643, 43.6901 ], [ -102.0613, 43.6896 ], [ -102.0599, 43.6897 ], [ -102.0575, 43.6889 ], [ -102.0556, 43.6888 ], [ -102.0524, 43.6892 ], [ -102.0501, 43.6926 ], [ -102.0471, 43.6954 ], [ -102.044, 43.6958 ], [ -102.0422, 43.6949 ], [ -102.0402, 43.6913 ], [ -102.0376, 43.6894 ], [ -102.0369, 43.6884 ], [ -102.0359, 43.6883 ], [ -102.0336, 43.689 ], [ -102.0334, 43.6907 ], [ -102.0355, 43.693 ], [ -102.036, 43.6962 ], [ -102.0371, 43.6988 ], [ -102.0342, 43.7026 ], [ -102.0302, 43.7054 ], [ -102.0276, 43.7067 ], [ -102.0267, 43.7085 ], [ -102.0252, 43.7103 ], [ -102.0256, 43.712 ], [ -102.0252, 43.713 ], [ -102.0245, 43.7134 ], [ -102.0227, 43.7129 ], [ -102.0225, 43.7104 ], [ -102.019, 43.7079 ], [ -102.0202, 43.7078 ], [ -102.0183, 43.7065 ], [ -102.0166, 43.7042 ], [ -102.0082, 43.7057 ], [ -102.0033, 43.7077 ], [ -102.0009, 43.7081 ], [ -101.9997, 43.7089 ], [ -101.9973, 43.7091 ], [ -101.996, 43.7088 ], [ -101.9954, 43.7079 ], [ -101.9954, 43.7071 ], [ -101.9983, 43.7016 ], [ -101.9976, 43.7013 ], [ -101.9894, 43.7021 ], [ -101.9879, 43.702 ], [ -101.9845, 43.7011 ], [ -101.9829, 43.7012 ], [ -101.9813, 43.702 ], [ -101.9802, 43.7033 ], [ -101.9791, 43.7067 ], [ -101.9774, 43.7069 ], [ -101.976, 43.7062 ], [ -101.9739, 43.7039 ], [ -101.9726, 43.7001 ], [ -101.9734, 43.6988 ], [ -101.9766, 43.6968 ], [ -101.9773, 43.696 ], [ -101.9771, 43.6951 ], [ -101.9753, 43.6946 ], [ -101.9698, 43.6958 ], [ -101.966, 43.6948 ], [ -101.9623, 43.696 ], [ -101.9589, 43.6977 ], [ -101.9558, 43.7003 ], [ -101.9516, 43.7072 ], [ -101.9488, 43.708 ], [ -101.9462, 43.7076 ], [ -101.942, 43.7052 ], [ -101.9406, 43.7047 ], [ -101.9393, 43.7035 ], [ -101.9386, 43.7014 ], [ -101.9389, 43.699 ], [ -101.9397, 43.6983 ], [ -101.9399, 43.6972 ], [ -101.9386, 43.6945 ], [ -101.9366, 43.6937 ], [ -101.9348, 43.6935 ], [ -101.9333, 43.6938 ], [ -101.9307, 43.6936 ], [ -101.9257, 43.692 ], [ -101.9243, 43.6905 ], [ -101.9244, 43.6898 ], [ -101.926, 43.6884 ], [ -101.9257, 43.6877 ], [ -101.9242, 43.6877 ], [ -101.9201, 43.6897 ], [ -101.9177, 43.6925 ], [ -101.9166, 43.695 ], [ -101.9142, 43.6969 ], [ -101.9124, 43.6969 ], [ -101.9091, 43.6958 ], [ -101.9073, 43.6956 ], [ -101.9048, 43.6946 ], [ -101.9022, 43.6944 ], [ -101.9008, 43.6935 ], [ -101.8993, 43.6931 ], [ -101.8979, 43.6923 ], [ -101.8964, 43.6921 ], [ -101.8949, 43.6913 ], [ -101.8938, 43.6903 ], [ -101.8937, 43.6894 ], [ -101.8925, 43.6885 ], [ -101.8927, 43.6869 ], [ -101.8921, 43.6859 ], [ -101.892, 43.6843 ], [ -101.8911, 43.6839 ], [ -101.8867, 43.6845 ], [ -101.8817, 43.687 ], [ -101.8796, 43.6905 ], [ -101.8818, 43.6944 ], [ -101.8788, 43.6955 ], [ -101.8764, 43.6955 ], [ -101.8732, 43.6948 ], [ -101.8715, 43.6935 ], [ -101.8709, 43.6922 ], [ -101.871, 43.6911 ], [ -101.8715, 43.6903 ], [ -101.8744, 43.6879 ], [ -101.8745, 43.6871 ], [ -101.8739, 43.6861 ], [ -101.8732, 43.6861 ], [ -101.8693, 43.6879 ], [ -101.8661, 43.6883 ], [ -101.8638, 43.6881 ], [ -101.8603, 43.6869 ], [ -101.8583, 43.687 ], [ -101.8575, 43.6876 ], [ -101.8565, 43.6894 ], [ -101.8566, 43.6906 ], [ -101.8553, 43.6934 ], [ -101.8542, 43.6941 ], [ -101.848, 43.6963 ], [ -101.8465, 43.6961 ], [ -101.8445, 43.6952 ], [ -101.8434, 43.6938 ], [ -101.8431, 43.6929 ], [ -101.8434, 43.6914 ], [ -101.8444, 43.6893 ], [ -101.844, 43.6884 ], [ -101.8417, 43.6874 ], [ -101.8392, 43.6878 ], [ -101.8375, 43.6892 ], [ -101.8366, 43.691 ], [ -101.8345, 43.6925 ], [ -101.8317, 43.6961 ], [ -101.8304, 43.6962 ], [ -101.83, 43.6955 ], [ -101.8309, 43.6929 ], [ -101.8304, 43.6923 ], [ -101.8273, 43.6924 ], [ -101.8255, 43.6931 ], [ -101.824, 43.6942 ], [ -101.8236, 43.695 ], [ -101.8238, 43.6959 ], [ -101.8259, 43.6976 ], [ -101.8264, 43.6985 ], [ -101.8261, 43.7004 ], [ -101.8253, 43.7014 ], [ -101.8245, 43.7016 ], [ -101.8218, 43.7 ], [ -101.8211, 43.7003 ], [ -101.8205, 43.7013 ], [ -101.8207, 43.702 ], [ -101.8218, 43.7027 ], [ -101.8268, 43.7041 ], [ -101.8266, 43.7049 ], [ -101.825, 43.7054 ], [ -101.823, 43.7054 ], [ -101.8209, 43.7048 ], [ -101.8181, 43.7039 ], [ -101.8171, 43.7033 ], [ -101.8163, 43.7015 ], [ -101.8168, 43.6988 ], [ -101.8165, 43.6969 ], [ -101.8148, 43.6959 ], [ -101.8135, 43.696 ], [ -101.8127, 43.6964 ], [ -101.81, 43.6989 ], [ -101.8098, 43.7004 ], [ -101.8107, 43.7028 ], [ -101.8105, 43.7044 ], [ -101.8089, 43.7049 ], [ -101.8063, 43.7047 ], [ -101.8051, 43.7035 ], [ -101.8047, 43.7003 ], [ -101.8035, 43.6973 ], [ -101.8044, 43.6959 ], [ -101.8072, 43.6942 ], [ -101.8077, 43.6932 ], [ -101.807, 43.6922 ], [ -101.8045, 43.692 ], [ -101.8006, 43.6936 ], [ -101.7932, 43.6951 ], [ -101.7926, 43.6957 ], [ -101.7922, 43.6984 ], [ -101.7912, 43.6988 ], [ -101.7888, 43.6981 ], [ -101.787, 43.6983 ], [ -101.7852, 43.6994 ], [ -101.7836, 43.7014 ], [ -101.7826, 43.7015 ], [ -101.7793, 43.7 ], [ -101.7781, 43.7 ], [ -101.7772, 43.7009 ], [ -101.7768, 43.7029 ], [ -101.7807, 43.7052 ], [ -101.7795, 43.707 ], [ -101.7778, 43.7073 ], [ -101.7666, 43.7055 ], [ -101.7646, 43.7045 ], [ -101.7635, 43.7031 ], [ -101.7638, 43.7019 ], [ -101.7661, 43.7007 ], [ -101.77, 43.6998 ], [ -101.7726, 43.6999 ], [ -101.7757, 43.6993 ], [ -101.7768, 43.6981 ], [ -101.777, 43.697 ], [ -101.7766, 43.6961 ], [ -101.7753, 43.6952 ], [ -101.7727, 43.695 ], [ -101.7632, 43.6959 ], [ -101.7603, 43.6959 ], [ -101.759, 43.6949 ], [ -101.7586, 43.6931 ], [ -101.7544, 43.6898 ], [ -101.7529, 43.6897 ], [ -101.7507, 43.6908 ], [ -101.7493, 43.6926 ], [ -101.7491, 43.6941 ], [ -101.7505, 43.6972 ], [ -101.7491, 43.6981 ], [ -101.7467, 43.6982 ], [ -101.7451, 43.6978 ], [ -101.7438, 43.6968 ], [ -101.743, 43.6933 ], [ -101.7406, 43.6922 ], [ -101.7392, 43.6923 ], [ -101.7377, 43.6929 ], [ -101.7365, 43.6945 ], [ -101.736, 43.696 ], [ -101.7356, 43.6962 ], [ -101.7347, 43.696 ], [ -101.7326, 43.6945 ], [ -101.7306, 43.6915 ], [ -101.7306, 43.6907 ], [ -101.7296, 43.6891 ], [ -101.7286, 43.6883 ], [ -101.7274, 43.6881 ], [ -101.7255, 43.689 ], [ -101.7236, 43.6914 ], [ -101.7203, 43.6941 ], [ -101.7176, 43.6956 ], [ -101.7141, 43.697 ], [ -101.713, 43.6985 ], [ -101.7112, 43.6983 ], [ -101.7091, 43.6964 ], [ -101.7062, 43.6956 ], [ -101.7039, 43.6957 ], [ -101.7024, 43.6963 ], [ -101.7019, 43.6972 ], [ -101.702, 43.6983 ], [ -101.703, 43.6996 ], [ -101.703, 43.7 ], [ -101.6997, 43.7009 ], [ -101.6963, 43.7011 ], [ -101.6951, 43.7004 ], [ -101.6952, 43.6998 ], [ -101.6957, 43.6991 ], [ -101.6977, 43.6979 ], [ -101.6978, 43.6966 ], [ -101.6956, 43.6943 ], [ -101.6946, 43.6939 ], [ -101.6936, 43.6941 ], [ -101.6925, 43.6956 ], [ -101.6925, 43.698 ], [ -101.692, 43.6992 ], [ -101.6904, 43.7007 ], [ -101.6921, 43.7036 ], [ -101.6917, 43.7043 ], [ -101.6832, 43.7047 ], [ -101.6801, 43.7046 ], [ -101.6784, 43.704 ], [ -101.6777, 43.7029 ], [ -101.6778, 43.7021 ], [ -101.6785, 43.701 ], [ -101.6803, 43.7003 ], [ -101.6841, 43.6996 ], [ -101.6849, 43.6988 ], [ -101.685, 43.698 ], [ -101.6842, 43.6972 ], [ -101.683, 43.6971 ], [ -101.6821, 43.6975 ], [ -101.6783, 43.7001 ], [ -101.6738, 43.7049 ], [ -101.6738, 43.7067 ], [ -101.6745, 43.7078 ], [ -101.6768, 43.7093 ], [ -101.6767, 43.7101 ], [ -101.675, 43.7103 ], [ -101.6734, 43.71 ], [ -101.6711, 43.7085 ], [ -101.6648, 43.7071 ], [ -101.6618, 43.7071 ], [ -101.659, 43.7079 ], [ -101.657, 43.708 ], [ -101.6552, 43.7084 ], [ -101.654, 43.7094 ], [ -101.653, 43.7113 ], [ -101.651, 43.7136 ], [ -101.6502, 43.7164 ], [ -101.6503, 43.7176 ], [ -101.6516, 43.7187 ], [ -101.6531, 43.7191 ], [ -101.6551, 43.7188 ], [ -101.6579, 43.7175 ], [ -101.659, 43.7177 ], [ -101.6594, 43.7183 ], [ -101.6587, 43.7195 ], [ -101.6547, 43.7233 ], [ -101.6542, 43.7246 ], [ -101.6519, 43.7265 ], [ -101.6484, 43.7268 ], [ -101.6458, 43.726 ], [ -101.6427, 43.7244 ], [ -101.6423, 43.7244 ], [ -101.6416, 43.7249 ], [ -101.6413, 43.7261 ], [ -101.6416, 43.7276 ], [ -101.6437, 43.7292 ], [ -101.6441, 43.7305 ], [ -101.643, 43.732 ], [ -101.6398, 43.7333 ], [ -101.639, 43.7342 ], [ -101.6391, 43.7357 ], [ -101.6419, 43.7377 ], [ -101.6424, 43.7385 ], [ -101.6423, 43.7395 ], [ -101.6406, 43.7414 ], [ -101.6394, 43.7417 ], [ -101.6341, 43.7414 ], [ -101.6312, 43.7419 ], [ -101.6298, 43.7418 ], [ -101.6282, 43.7412 ], [ -101.6266, 43.7399 ], [ -101.6251, 43.738 ], [ -101.6255, 43.7354 ], [ -101.6266, 43.7343 ], [ -101.6262, 43.7321 ], [ -101.6248, 43.731 ], [ -101.6221, 43.7314 ], [ -101.6202, 43.7322 ], [ -101.619, 43.7332 ], [ -101.6173, 43.7369 ], [ -101.6176, 43.7394 ], [ -101.6206, 43.7443 ], [ -101.6207, 43.7449 ], [ -101.6177, 43.7486 ], [ -101.6159, 43.7494 ], [ -101.6122, 43.7494 ], [ -101.6102, 43.7485 ], [ -101.6093, 43.7473 ], [ -101.6089, 43.7458 ], [ -101.6091, 43.7447 ], [ -101.6114, 43.7419 ], [ -101.6108, 43.7407 ], [ -101.6099, 43.7403 ], [ -101.6089, 43.7403 ], [ -101.6079, 43.7409 ], [ -101.6049, 43.744 ], [ -101.603, 43.7452 ], [ -101.5979, 43.75 ], [ -101.5948, 43.7509 ], [ -101.5933, 43.7507 ], [ -101.5918, 43.75 ], [ -101.5905, 43.7481 ], [ -101.5904, 43.7455 ], [ -101.5922, 43.7425 ], [ -101.5919, 43.7411 ], [ -101.5908, 43.7403 ], [ -101.5898, 43.7404 ], [ -101.587, 43.7415 ], [ -101.5815, 43.7452 ], [ -101.58, 43.745 ], [ -101.579, 43.7446 ], [ -101.5782, 43.7427 ], [ -101.5772, 43.7422 ], [ -101.5758, 43.7422 ], [ -101.5734, 43.7431 ], [ -101.5699, 43.7433 ], [ -101.5673, 43.7446 ], [ -101.5646, 43.748 ], [ -101.564, 43.7485 ], [ -101.5624, 43.7488 ], [ -101.5605, 43.7483 ], [ -101.5588, 43.7474 ], [ -101.5574, 43.7458 ], [ -101.5539, 43.7433 ], [ -101.5498, 43.7419 ], [ -101.5474, 43.7417 ], [ -101.5455, 43.7425 ], [ -101.5458, 43.7442 ], [ -101.5471, 43.7455 ], [ -101.5482, 43.746 ], [ -101.5525, 43.7467 ], [ -101.5544, 43.7474 ], [ -101.5554, 43.7484 ], [ -101.5552, 43.7503 ], [ -101.554, 43.7505 ], [ -101.5524, 43.75 ], [ -101.5497, 43.7484 ], [ -101.5461, 43.7469 ], [ -101.5454, 43.7461 ], [ -101.5438, 43.7452 ], [ -101.542, 43.7446 ], [ -101.541, 43.7447 ], [ -101.5391, 43.7458 ], [ -101.5384, 43.747 ], [ -101.5378, 43.751 ], [ -101.5373, 43.7514 ], [ -101.5356, 43.7527 ], [ -101.5343, 43.7532 ], [ -101.5311, 43.7535 ], [ -101.5254, 43.7526 ], [ -101.5242, 43.7522 ], [ -101.5231, 43.7512 ], [ -101.5221, 43.75 ], [ -101.5231, 43.7463 ], [ -101.5225, 43.7452 ], [ -101.521, 43.7442 ], [ -101.518, 43.7429 ], [ -101.5145, 43.7422 ], [ -101.5136, 43.7416 ], [ -101.5127, 43.7399 ], [ -101.5116, 43.7395 ], [ -101.5079, 43.7392 ], [ -101.5056, 43.7399 ], [ -101.5046, 43.741 ], [ -101.5044, 43.7421 ], [ -101.505, 43.7437 ], [ -101.505, 43.745 ], [ -101.504, 43.746 ], [ -101.5029, 43.7464 ], [ -101.5001, 43.7463 ], [ -101.4983, 43.7457 ], [ -101.4932, 43.746 ], [ -101.4882, 43.7439 ], [ -101.4863, 43.7424 ], [ -101.4852, 43.7426 ], [ -101.4851, 43.7446 ], [ -101.4868, 43.7464 ], [ -101.4874, 43.748 ], [ -101.4868, 43.749 ], [ -101.4847, 43.7499 ], [ -101.4837, 43.7514 ], [ -101.4856, 43.7535 ], [ -101.4848, 43.7541 ], [ -101.4834, 43.7545 ], [ -101.4818, 43.7548 ], [ -101.4793, 43.7542 ], [ -101.4787, 43.7537 ], [ -101.4775, 43.7512 ], [ -101.4769, 43.7506 ], [ -101.4686, 43.75 ], [ -101.4682, 43.7508 ], [ -101.4694, 43.7524 ], [ -101.4734, 43.7549 ], [ -101.4776, 43.7569 ], [ -101.4781, 43.7581 ], [ -101.4763, 43.7608 ], [ -101.4747, 43.7614 ], [ -101.473, 43.7631 ], [ -101.4686, 43.7643 ], [ -101.4661, 43.7639 ], [ -101.4644, 43.7629 ], [ -101.4637, 43.762 ], [ -101.4633, 43.7607 ], [ -101.4636, 43.7593 ], [ -101.4654, 43.7582 ], [ -101.4694, 43.7582 ], [ -101.4706, 43.7577 ], [ -101.4711, 43.7565 ], [ -101.4705, 43.7554 ], [ -101.4691, 43.7547 ], [ -101.4658, 43.7546 ], [ -101.4636, 43.7554 ], [ -101.4622, 43.7561 ], [ -101.4602, 43.7604 ], [ -101.4584, 43.7629 ], [ -101.4581, 43.7668 ], [ -101.4586, 43.7693 ], [ -101.4583, 43.7717 ], [ -101.4565, 43.7722 ], [ -101.452, 43.7726 ], [ -101.4472, 43.7719 ], [ -101.4457, 43.7707 ], [ -101.4453, 43.7695 ], [ -101.4455, 43.7689 ], [ -101.4472, 43.7667 ], [ -101.4507, 43.765 ], [ -101.4511, 43.7634 ], [ -101.4505, 43.7629 ], [ -101.4497, 43.763 ], [ -101.444, 43.7648 ], [ -101.4387, 43.7688 ], [ -101.4342, 43.7733 ], [ -101.4337, 43.7751 ], [ -101.4344, 43.7777 ], [ -101.4342, 43.7782 ], [ -101.4336, 43.7785 ], [ -101.4319, 43.7787 ], [ -101.4281, 43.7781 ], [ -101.4247, 43.7782 ], [ -101.4223, 43.7786 ], [ -101.4214, 43.7792 ], [ -101.4207, 43.78 ], [ -101.4205, 43.7813 ], [ -101.4211, 43.7824 ], [ -101.4245, 43.7846 ], [ -101.4245, 43.7856 ], [ -101.4233, 43.7864 ], [ -101.4187, 43.7873 ], [ -101.4166, 43.7883 ], [ -101.4148, 43.7884 ], [ -101.4124, 43.7879 ], [ -101.4108, 43.787 ], [ -101.4101, 43.7855 ], [ -101.4102, 43.7842 ], [ -101.411, 43.783 ], [ -101.4141, 43.7806 ], [ -101.4145, 43.7799 ], [ -101.4145, 43.7792 ], [ -101.4133, 43.7781 ], [ -101.4114, 43.7784 ], [ -101.4066, 43.7808 ], [ -101.4055, 43.7818 ], [ -101.4022, 43.7867 ], [ -101.4006, 43.7878 ], [ -101.3986, 43.7878 ], [ -101.3965, 43.7868 ], [ -101.3963, 43.7852 ], [ -101.3973, 43.7823 ], [ -101.397, 43.7813 ], [ -101.3962, 43.7806 ], [ -101.3951, 43.7802 ], [ -101.3942, 43.7802 ], [ -101.3932, 43.7806 ], [ -101.3886, 43.7846 ], [ -101.3838, 43.7864 ], [ -101.3852, 43.7908 ], [ -101.3841, 43.7933 ], [ -101.3829, 43.7943 ], [ -101.3799, 43.7948 ], [ -101.3788, 43.7961 ], [ -101.3772, 43.7964 ], [ -101.3681, 43.7946 ], [ -101.3657, 43.7948 ], [ -101.3628, 43.7938 ], [ -101.3621, 43.7916 ], [ -101.3628, 43.7896 ], [ -101.3641, 43.7885 ], [ -101.3681, 43.7875 ], [ -101.3695, 43.7866 ], [ -101.3684, 43.7854 ], [ -101.3647, 43.7843 ], [ -101.3563, 43.7838 ], [ -101.3538, 43.7832 ], [ -101.3517, 43.7834 ], [ -101.3507, 43.7841 ], [ -101.3502, 43.7849 ], [ -101.3505, 43.787 ], [ -101.3515, 43.7889 ], [ -101.3504, 43.7893 ], [ -101.3475, 43.7882 ], [ -101.3428, 43.7838 ], [ -101.3408, 43.7826 ], [ -101.3388, 43.7824 ], [ -101.3375, 43.7829 ], [ -101.3358, 43.7843 ], [ -101.3367, 43.7866 ], [ -101.3365, 43.7871 ], [ -101.3343, 43.787 ], [ -101.3315, 43.7876 ], [ -101.3288, 43.7847 ], [ -101.3287, 43.7834 ], [ -101.3306, 43.781 ], [ -101.3331, 43.7792 ], [ -101.3331, 43.7783 ], [ -101.3319, 43.7778 ], [ -101.3302, 43.7778 ], [ -101.3284, 43.7784 ], [ -101.3247, 43.7788 ], [ -101.3231, 43.7798 ], [ -101.323, 43.7815 ], [ -101.3217, 43.7833 ], [ -101.3213, 43.7849 ], [ -101.3229, 43.7887 ], [ -101.3223, 43.7894 ], [ -101.3199, 43.7895 ], [ -101.3167, 43.7886 ], [ -101.3154, 43.7879 ], [ -101.3124, 43.7845 ], [ -101.3107, 43.7832 ], [ -101.3071, 43.7822 ], [ -101.3066, 43.7812 ], [ -101.3069, 43.7799 ], [ -101.3079, 43.7793 ], [ -101.3101, 43.7794 ], [ -101.3106, 43.779 ], [ -101.31, 43.7785 ], [ -101.3041, 43.7783 ], [ -101.3013, 43.7791 ], [ -101.2976, 43.7811 ], [ -101.2936, 43.7839 ], [ -101.2933, 43.7853 ], [ -101.2945, 43.7882 ], [ -101.2939, 43.7886 ], [ -101.2915, 43.7881 ], [ -101.2871, 43.7856 ], [ -101.2839, 43.7853 ], [ -101.2832, 43.7849 ], [ -101.2824, 43.7837 ], [ -101.2821, 43.7805 ], [ -101.2805, 43.7793 ], [ -101.2785, 43.7791 ], [ -101.2716, 43.7805 ], [ -101.2675, 43.7841 ], [ -101.2666, 43.7863 ], [ -101.2668, 43.7877 ], [ -101.269, 43.7921 ], [ -101.2688, 43.7931 ], [ -101.2682, 43.7935 ], [ -101.266, 43.7936 ], [ -101.2641, 43.7933 ], [ -101.2629, 43.7926 ], [ -101.2641, 43.7891 ], [ -101.2639, 43.7869 ], [ -101.2634, 43.786 ], [ -101.2621, 43.7856 ], [ -101.2569, 43.7859 ], [ -101.254, 43.7846 ], [ -101.2528, 43.7845 ], [ -101.2488, 43.7879 ], [ -101.2478, 43.7902 ], [ -101.2481, 43.792 ], [ -101.2496, 43.7933 ], [ -101.2522, 43.7943 ], [ -101.2545, 43.794 ], [ -101.2577, 43.7922 ], [ -101.2595, 43.792 ], [ -101.2611, 43.7931 ], [ -101.2613, 43.7942 ], [ -101.261, 43.7952 ], [ -101.2603, 43.7958 ], [ -101.2588, 43.7962 ], [ -101.2541, 43.7967 ], [ -101.2429, 43.796 ], [ -101.2396, 43.7949 ], [ -101.2383, 43.7935 ], [ -101.2378, 43.7922 ], [ -101.2377, 43.7884 ], [ -101.2361, 43.7863 ], [ -101.2345, 43.7855 ], [ -101.2319, 43.7853 ], [ -101.2307, 43.7857 ], [ -101.2295, 43.787 ], [ -101.2301, 43.7886 ], [ -101.2274, 43.7913 ], [ -101.2273, 43.7911 ], [ -101.2281, 43.789 ], [ -101.2282, 43.3892 ], [ -101.2781, 43.3894 ], [ -101.3182, 43.3888 ], [ -101.3913, 43.3893 ], [ -101.6742, 43.3888 ], [ -101.7225, 43.3891 ], [ -101.7583, 43.3889 ], [ -101.7984, 43.3894 ], [ -101.8742, 43.3893 ], [ -101.876, 43.3898 ], [ -101.9306, 43.3893 ], [ -101.9895, 43.3895 ], [ -102.0008, 43.3902 ], [ -102.0451, 43.3896 ], [ -102.1108, 43.3899 ], [ -102.1106, 43.4133 ], [ -102.111, 43.4212 ], [ -102.1105, 43.4471 ], [ -102.1111, 43.4768 ], [ -102.1391, 43.4767 ], [ -102.1392, 43.5948 ], [ -102.1387, 43.6357 ] ] ] } },
{ "type": "Feature", "properties": { "GEOIDFQ": "1400000US46019967701", "NAME": "9677.01", "NAMELSAD": "Census Tract 9677.01" }, "geometry": { "type": "Polygon", "coordinates": [ [ [ -104.0558, 44.7493 ], [ -104.0522, 44.7486 ], [ -104.0503, 44.7486 ], [ -104.0468, 44.7498 ], [ -104.0449, 44.7475 ], [ -104.0451, 44.746 ], [ -104.0472, 44.7449 ], [ -104.048, 44.7438 ], [ -104.0498, 44.7432 ], [ -104.0529, 44.7433 ], [ -104.0544, 44.7424 ], [ -104.0532, 44.7403 ], [ -104.0499, 44.7387 ], [ -104.0506, 44.7373 ], [ -104.0517, 44.7366 ], [ -104.0516, 44.7363 ], [ -104.0487, 44.7358 ], [ -104.0469, 44.7364 ], [ -104.046, 44.7355 ], [ -104.0444, 44.7347 ], [ -104.044, 44.733 ], [ -104.0408, 44.7325 ], [ -104.0371, 44.734 ], [ -104.0356, 44.7339 ], [ -104.0313, 44.7347 ], [ -104.03, 44.7354 ], [ -104.0298, 44.7366 ], [ -104.029, 44.7371 ], [ -104.0281, 44.7368 ], [ -104.026, 44.7354 ], [ -104.0259, 44.7329 ], [ -104.0291, 44.7308 ], [ -104.0295, 44.7302 ], [ -104.0295, 44.7298 ], [ -104.0279, 44.7291 ], [ -104.0288, 44.7284 ], [ -104.0288, 44.7276 ], [ -104.0317, 44.7264 ], [ -104.0361, 44.7262 ], [ -104.0375, 44.726 ], [ -104.0377, 44.7257 ], [ -104.037, 44.7224 ], [ -104.0344, 44.7205 ], [ -104.033, 44.7202 ], [ -104.0315, 44.7194 ], [ -104.0298, 44.7191 ], [ -104.0282, 44.7191 ], [ -104.0248, 44.7203 ], [ -104.0243, 44.7201 ], [ -104.0233, 44.7185 ], [ -104.0222, 44.718 ], [ -104.0188, 44.7187 ], [ -104.0181, 44.7194 ], [ -104.0176, 44.7209 ], [ -104.0199, 44.7213 ], [ -104.0194, 44.7222 ], [ -104.018, 44.723 ], [ -104.0169, 44.7247 ], [ -104.0119, 44.7233 ], [ -104.0109, 44.7226 ], [ -104.0093, 44.7223 ], [ -104.0086, 44.7225 ], [ -104.0065, 44.7218 ], [ -104.004, 44.7197 ], [ -104.0043, 44.7177 ], [ -104.0028, 44.7159 ], [ -104.0013, 44.7162 ], [ -104.001, 44.717 ], [ -104.0001, 44.7176 ], [ -103.9989, 44.7214 ], [ -103.998, 44.722 ], [ -103.9972, 44.7217 ], [ -103.9977, 44.7202 ], [ -103.9967, 44.7196 ], [ -103.9951, 44.7209 ], [ -103.9914, 44.7215 ], [ -103.9887, 44.7226 ], [ -103.9879, 44.7222 ], [ -103.9884, 44.7215 ], [ -103.9861, 44.7209 ], [ -103.9842, 44.7215 ], [ -103.985, 44.722 ], [ -103.9847, 44.7224 ], [ -103.9831, 44.7227 ], [ -103.9823, 44.7219 ], [ -103.9815, 44.722 ], [ -103.9809, 44.7217 ], [ -103.9809, 44.72 ], [ -103.9804, 44.7198 ], [ -103.979, 44.7202 ], [ -103.9779, 44.7212 ], [ -103.9772, 44.7223 ], [ -103.9769, 44.7239 ], [ -103.9797, 44.7275 ], [ -103.9805, 44.7275 ], [ -103.9803, 44.7256 ], [ -103.9814, 44.7259 ], [ -103.9816, 44.7272 ], [ -103.9806, 44.7283 ], [ -103.9775, 44.7291 ], [ -103.977, 44.7289 ], [ -103.9769, 44.728 ], [ -103.9773, 44.7268 ], [ -103.9745, 44.7256 ], [ -103.9728, 44.7264 ], [ -103.9722, 44.7279 ], [ -103.9712, 44.7275 ], [ -103.9701, 44.7261 ], [ -103.97, 44.7237 ], [ -103.969, 44.723 ], [ -103.9698, 44.7212 ], [ -103.9723, 44.7191 ], [ -103.9743, 44.7186 ], [ -103.9753, 44.7172 ], [ -103.9689, 44.7131 ], [ -103.9672, 44.7131 ], [ -103.9665, 44.7136 ], [ -103.9663, 44.7145 ], [ -103.9649, 44.7145 ], [ -103.9635, 44.715 ], [ -103.9631, 44.7149 ], [ -103.962, 44.7136 ], [ -103.9631, 44.7118 ], [ -103.9638, 44.7097 ], [ -103.9647, 44.7094 ], [ -103.967, 44.71 ], [ -103.9674, 44.7093 ], [ -103.9671, 44.7085 ], [ -103.9656, 44.7083 ], [ -103.9643, 44.7088 ], [ -103.9616, 44.709 ], [ -103.9606, 44.7086 ], [ -103.96, 44.7076 ], [ -103.9631, 44.7063 ], [ -103.9631, 44.7054 ], [ -103.9605, 44.7052 ], [ -103.9594, 44.7039 ], [ -103.9572, 44.7027 ], [ -103.9556, 44.7025 ], [ -103.9548, 44.7028 ], [ -103.9546, 44.7039 ], [ -103.957, 44.7041 ], [ -103.9573, 44.7068 ], [ -103.9589, 44.7091 ], [ -103.9587, 44.7098 ], [ -103.9576, 44.7106 ], [ -103.9559, 44.7097 ], [ -103.9546, 44.7084 ], [ -103.9544, 44.7057 ], [ -103.9535, 44.7052 ], [ -103.95, 44.7059 ], [ -103.9481, 44.7051 ], [ -103.9455, 44.7063 ], [ -103.9437, 44.7066 ], [ -103.9426, 44.7082 ], [ -103.9403, 44.7077 ], [ -103.9372, 44.7053 ], [ -103.9351, 44.7045 ], [ -103.9343, 44.7018 ], [ -103.933, 44.7015 ], [ -103.9311, 44.7021 ], [ -103.9298, 44.7019 ], [ -103.9298, 44.7011 ], [ -103.9314, 44.6993 ], [ -103.9335, 44.6979 ], [ -103.936, 44.6967 ], [ -103.9364, 44.6961 ], [ -103.9355, 44.6951 ], [ -103.9352, 44.6938 ], [ -103.9301, 44.692 ], [ -103.9289, 44.6912 ], [ -103.9272, 44.6911 ], [ -103.9272, 44.6916 ], [ -103.9259, 44.6925 ], [ -103.925, 44.6948 ], [ -103.9254, 44.6964 ], [ -103.9247, 44.6979 ], [ -103.9231, 44.6984 ], [ -103.9213, 44.698 ], [ -103.9182, 44.699 ], [ -103.9172, 44.6985 ], [ -103.9167, 44.6976 ], [ -103.917, 44.697 ], [ -103.9183, 44.6962 ], [ -103.9187, 44.6954 ], [ -103.916, 44.6934 ], [ -103.9177, 44.6909 ], [ -103.9159, 44.6904 ], [ -103.9145, 44.6905 ], [ -103.913, 44.6922 ], [ -103.9089, 44.6943 ], [ -103.9051, 44.6927 ], [ -103.8984, 44.6912 ], [ -103.8753, 44.6911 ], [ -103.8709, 44.6874 ], [ -103.8608, 44.6746 ], [ -103.8588, 44.6733 ], [ -103.8536, 44.6709 ], [ -103.8536, 44.6645 ], [ -103.8567, 44.6567 ], [ -103.8577, 44.6548 ], [ -103.8566, 44.6546 ], [ -103.8501, 44.6559 ], [ -103.8444, 44.6558 ], [ -103.8444, 44.6567 ], [ -103.8453, 44.6568 ], [ -103.8458, 44.6572 ], [ -103.8458, 44.6626 ], [ -103.8296, 44.6626 ], [ -103.8276, 44.6633 ], [ -103.8246, 44.6626 ], [ -103.8213, 44.6624 ], [ -103.8184, 44.6629 ], [ -103.8158, 44.6624 ], [ -103.817, 44.6618 ], [ -103.8179, 44.6622 ], [ -103.8193, 44.6621 ], [ -103.8204, 44.6611 ], [ -103.8202, 44.6606 ], [ -103.8207, 44.6601 ], [ -103.8178, 44.658 ], [ -103.8167, 44.6582 ], [ -103.8148, 44.6577 ], [ -103.817, 44.6576 ], [ -103.8177, 44.6572 ], [ -103.8166, 44.6553 ], [ -103.8167, 44.6546 ], [ -103.8158, 44.6543 ], [ -103.8166, 44.6542 ], [ -103.8166, 44.6537 ], [ -103.8159, 44.6525 ], [ -103.8134, 44.6525 ], [ -103.8125, 44.6519 ], [ -103.8133, 44.6517 ], [ -103.8143, 44.652 ], [ -103.815, 44.6516 ], [ -103.8141, 44.649 ], [ -103.8131, 44.6477 ], [ -103.8133, 44.6472 ], [ -103.8107, 44.6458 ], [ -103.8102, 44.6433 ], [ -103.8104, 44.6421 ], [ -103.8073, 44.6411 ], [ -103.8108, 44.6412 ], [ -103.8112, 44.641 ], [ -103.8105, 44.6391 ], [ -103.8111, 44.6379 ], [ -103.8109, 44.6368 ], [ -103.8115, 44.6363 ], [ -103.8114, 44.6353 ], [ -103.8109, 44.6346 ], [ -103.8127, 44.6325 ], [ -103.8131, 44.6312 ], [ -103.8153, 44.629 ], [ -103.8146, 44.6275 ], [ -103.813, 44.6262 ], [ -103.8134, 44.6256 ], [ -103.813, 44.6231 ], [ -103.8133, 44.6224 ], [ -103.8142, 44.6217 ], [ -103.814, 44.6201 ], [ -103.815, 44.6186 ], [ -103.8158, 44.6185 ], [ -103.8164, 44.618 ], [ -103.8169, 44.617 ], [ -103.8167, 44.6158 ], [ -103.816, 44.615 ], [ -103.8162, 44.6144 ], [ -103.817, 44.6144 ], [ -103.8186, 44.6152 ], [ -103.8188, 44.6149 ], [ -103.8186, 44.6143 ], [ -103.8171, 44.6131 ], [ -103.8156, 44.614 ], [ -103.8147, 44.6124 ], [ -103.8175, 44.6117 ], [ -103.8191, 44.6126 ], [ -103.8198, 44.6125 ], [ -103.8213, 44.613 ], [ -103.8215, 44.6124 ], [ -103.8177, 44.6101 ], [ -103.8183, 44.6059 ], [ -103.8194, 44.6058 ], [ -103.8227, 44.6035 ], [ -103.8262, 44.6022 ], [ -103.8284, 44.6011 ], [ -103.8282, 44.6 ], [ -103.8271, 44.5994 ], [ -103.827, 44.599 ], [ -103.8287, 44.5983 ], [ -103.829, 44.5977 ], [ -103.8287, 44.5972 ], [ -103.8278, 44.5971 ], [ -103.8261, 44.5951 ], [ -103.8264, 44.5932 ], [ -103.8286, 44.5925 ], [ -103.8285, 44.5937 ], [ -103.8289, 44.5938 ], [ -103.8362, 44.5941 ], [ -103.838, 44.5937 ], [ -103.8375, 44.5931 ], [ -103.8339, 44.592 ], [ -103.8344, 44.5909 ], [ -103.8339, 44.59 ], [ -103.8349, 44.5891 ], [ -103.8355, 44.5892 ], [ -103.836, 44.5899 ], [ -103.8377, 44.5906 ], [ -103.8384, 44.5894 ], [ -103.841, 44.5878 ], [ -103.8424, 44.5874 ], [ -103.8451, 44.5894 ], [ -103.8447, 44.5906 ], [ -103.8461, 44.5906 ], [ -103.8465, 44.59 ], [ -103.8474, 44.5898 ], [ -103.8485, 44.5905 ], [ -103.8486, 44.5916 ], [ -103.8493, 44.5921 ], [ -103.8501, 44.5923 ], [ -103.8511, 44.592 ], [ -103.8522, 44.5923 ], [ -103.8533, 44.5918 ], [ -103.8542, 44.5908 ], [ -103.8539, 44.5901 ], [ -103.8526, 44.5899 ], [ -103.8526, 44.5887 ], [ -103.8529, 44.5885 ], [ -103.8543, 44.5887 ], [ -103.855, 44.5875 ], [ -103.8554, 44.5876 ], [ -103.8554, 44.5882 ], [ -103.8547, 44.5895 ], [ -103.855, 44.5903 ], [ -103.8558, 44.5899 ], [ -103.857, 44.5898 ], [ -103.8571, 44.589 ], [ -103.8577, 44.5887 ], [ -103.8584, 44.5888 ], [ -103.8587, 44.5894 ], [ -103.8597, 44.5898 ], [ -103.8631, 44.5898 ], [ -103.8638, 44.5895 ], [ -103.8627, 44.5889 ], [ -103.863, 44.5884 ], [ -103.8626, 44.5872 ], [ -103.8634, 44.5865 ], [ -103.8642, 44.5865 ], [ -103.8675, 44.5879 ], [ -103.8667, 44.5893 ], [ -103.8687, 44.5902 ], [ -103.8694, 44.5914 ], [ -103.8706, 44.5924 ], [ -103.8702, 44.5936 ], [ -103.8715, 44.5951 ], [ -103.8728, 44.5939 ], [ -103.8735, 44.5938 ], [ -103.8744, 44.5943 ], [ -103.8746, 44.595 ], [ -103.8739, 44.5959 ], [ -103.8741, 44.5964 ], [ -103.8768, 44.5975 ], [ -103.8778, 44.5973 ], [ -103.8796, 44.5975 ], [ -103.8802, 44.5969 ], [ -103.8814, 44.5971 ], [ -103.8815, 44.5977 ], [ -103.8865, 44.5983 ], [ -103.8884, 44.599 ], [ -103.8891, 44.5986 ], [ -103.8879, 44.5982 ], [ -103.888, 44.5974 ], [ -103.8898, 44.5972 ], [ -103.8905, 44.5953 ], [ -103.8925, 44.5957 ], [ -103.8925, 44.5945 ], [ -103.8937, 44.5941 ], [ -103.8945, 44.5941 ], [ -103.8948, 44.5949 ], [ -103.8935, 44.5964 ], [ -103.8934, 44.597 ], [ -103.8968, 44.5974 ], [ -103.8984, 44.5965 ], [ -103.8984, 44.5961 ], [ -103.8971, 44.596 ], [ -103.8964, 44.5954 ], [ -103.8967, 44.5949 ], [ -103.8982, 44.5952 ], [ -103.8978, 44.5942 ], [ -103.9013, 44.5949 ], [ -103.9031, 44.5948 ], [ -103.9052, 44.5937 ], [ -103.9072, 44.5935 ], [ -103.9074, 44.5928 ], [ -103.9061, 44.593 ], [ -103.9048, 44.5927 ], [ -103.9049, 44.5918 ], [ -103.9043, 44.5904 ], [ -103.9048, 44.5902 ], [ -103.9059, 44.5906 ], [ -103.907, 44.5898 ], [ -103.9065, 44.5889 ], [ -103.9079, 44.5882 ], [ -103.9079, 44.588 ], [ -103.9066, 44.5879 ], [ -103.9065, 44.5877 ], [ -103.9075, 44.5871 ], [ -103.9093, 44.5873 ], [ -103.9094, 44.5869 ], [ -103.9099, 44.5868 ], [ -103.9099, 44.5882 ], [ -103.9117, 44.5879 ], [ -103.9121, 44.5882 ], [ -103.9116, 44.5887 ], [ -103.9118, 44.5892 ], [ -103.9146, 44.5884 ], [ -103.915, 44.5892 ], [ -103.916, 44.59 ], [ -103.9165, 44.5898 ], [ -103.9162, 44.5885 ], [ -103.9172, 44.5881 ], [ -103.9183, 44.5892 ], [ -103.9193, 44.5894 ], [ -103.9185, 44.5885 ], [ -103.9189, 44.5877 ], [ -103.918, 44.5871 ], [ -103.918, 44.5867 ], [ -103.919, 44.5858 ], [ -103.9199, 44.5857 ], [ -103.9194, 44.5849 ], [ -103.9199, 44.5842 ], [ -103.9207, 44.5842 ], [ -103.9224, 44.5862 ], [ -103.9238, 44.5869 ], [ -103.9254, 44.5858 ], [ -103.9246, 44.585 ], [ -103.9272, 44.5844 ], [ -103.9271, 44.5834 ], [ -103.9275, 44.5832 ], [ -103.9282, 44.5831 ], [ -103.9312, 44.5853 ], [ -103.9315, 44.5841 ], [ -103.9301, 44.5833 ], [ -103.9316, 44.5828 ], [ -103.9321, 44.5837 ], [ -103.9332, 44.5832 ], [ -103.9334, 44.5821 ], [ -103.9319, 44.582 ], [ -103.9326, 44.5811 ], [ -103.9324, 44.5803 ], [ -103.933, 44.5797 ], [ -103.9345, 44.5794 ], [ -103.9361, 44.5798 ], [ -103.9375, 44.5808 ], [ -103.9385, 44.5802 ], [ -103.9387, 44.5807 ], [ -103.94, 44.5813 ], [ -103.9399, 44.5826 ], [ -103.9405, 44.5827 ], [ -103.9428, 44.5815 ], [ -103.9455, 44.5795 ], [ -103.9454, 44.5788 ], [ -103.9478, 44.5775 ], [ -103.9484, 44.5778 ], [ -103.9479, 44.5795 ], [ -103.9463, 44.5799 ], [ -103.9464, 44.5801 ], [ -103.949, 44.5798 ], [ -103.9504, 44.5789 ], [ -103.9548, 44.5774 ], [ -103.9554, 44.5781 ], [ -103.9535, 44.5789 ], [ -103.9535, 44.5791 ], [ -103.9567, 44.5789 ], [ -103.9571, 44.5779 ], [ -103.9578, 44.5776 ], [ -103.9597, 44.5787 ], [ -103.9597, 44.5772 ], [ -103.9608, 44.5777 ], [ -103.9633, 44.5776 ], [ -103.9642, 44.5787 ], [ -103.9671, 44.58 ], [ -103.9675, 44.5806 ], [ -103.9671, 44.5813 ], [ -103.9674, 44.5819 ], [ -103.9685, 44.5817 ], [ -103.9691, 44.5811 ], [ -103.9684, 44.5798 ], [ -103.9689, 44.5794 ], [ -103.971, 44.5794 ], [ -103.9708, 44.5782 ], [ -103.9694, 44.5776 ], [ -103.9701, 44.5771 ], [ -103.973, 44.5779 ], [ -103.9726, 44.5785 ], [ -103.9728, 44.5791 ], [ -103.972, 44.5798 ], [ -103.9723, 44.5803 ], [ -103.9763, 44.5798 ], [ -103.9766, 44.5801 ], [ -103.9759, 44.5808 ], [ -103.9764, 44.5809 ], [ -103.9776, 44.5804 ], [ -103.9783, 44.5792 ], [ -103.9795, 44.5792 ], [ -103.9791, 44.5799 ], [ -103.9793, 44.5807 ], [ -103.9785, 44.5813 ], [ -103.9799, 44.5817 ], [ -103.9808, 44.5814 ], [ -103.9815, 44.5805 ], [ -103.9825, 44.5803 ], [ -103.9842, 44.5794 ], [ -103.984, 44.5785 ], [ -103.9826, 44.5788 ], [ -103.9823, 44.5779 ], [ -103.9866, 44.576 ], [ -103.9862, 44.5777 ], [ -103.9872, 44.5779 ], [ -103.9874, 44.5771 ], [ -103.988, 44.5771 ], [ -103.9884, 44.5773 ], [ -103.9882, 44.5782 ], [ -103.9894, 44.5779 ], [ -103.9899, 44.5788 ], [ -103.9912, 44.5781 ], [ -103.9913, 44.5777 ], [ -103.9898, 44.577 ], [ -103.9892, 44.5761 ], [ -103.9897, 44.5759 ], [ -103.9925, 44.5765 ], [ -103.9943, 44.5779 ], [ -103.9947, 44.578 ], [ -103.9962, 44.577 ], [ -103.9958, 44.578 ], [ -103.9972, 44.5783 ], [ -103.999, 44.5781 ], [ -104.0005, 44.574 ], [ -104.0009, 44.5742 ], [ -104.0016, 44.5737 ], [ -104.0027, 44.5734 ], [ -104.0045, 44.5742 ], [ -104.0052, 44.575 ], [ -104.0059, 44.575 ], [ -104.0067, 44.5743 ], [ -104.0075, 44.5743 ], [ -104.0116, 44.5751 ], [ -104.0115, 44.576 ], [ -104.013, 44.5758 ], [ -104.0131, 44.5769 ], [ -104.0138, 44.5775 ], [ -104.013, 44.5787 ], [ -104.0139, 44.5795 ], [ -104.0151, 44.5792 ], [ -104.0159, 44.5802 ], [ -104.0175, 44.5798 ], [ -104.0171, 44.5789 ], [ -104.0175, 44.5781 ], [ -104.0165, 44.5776 ], [ -104.0169, 44.577 ], [ -104.0224, 44.5781 ], [ -104.0229, 44.5788 ], [ -104.0225, 44.5798 ], [ -104.0242, 44.5821 ], [ -104.0253, 44.5829 ], [ -104.0259, 44.5828 ], [ -104.0258, 44.5819 ], [ -104.0268, 44.5814 ], [ -104.0257, 44.5802 ], [ -104.0257, 44.5795 ], [ -104.0268, 44.5788 ], [ -104.0274, 44.5788 ], [ -104.0273, 44.5803 ], [ -104.0281, 44.5802 ], [ -104.0292, 44.5772 ], [ -104.0307, 44.5769 ], [ -104.0313, 44.5779 ], [ -104.0334, 44.5789 ], [ -104.0331, 44.5805 ], [ -104.0338, 44.5811 ], [ -104.0344, 44.5812 ], [ -104.0347, 44.5799 ], [ -104.0356, 44.579 ], [ -104.0364, 44.579 ], [ -104.0369, 44.58 ], [ -104.038, 44.58 ], [ -104.0389, 44.5794 ], [ -104.0379, 44.5785 ], [ -104.0378, 44.5778 ], [ -104.0405, 44.5775 ], [ -104.0407, 44.577 ], [ -104.0401, 44.5763 ], [ -104.0413, 44.5754 ], [ -104.0462, 44.5744 ], [ -104.0469, 44.575 ], [ -104.0469, 44.5763 ], [ -104.0476, 44.5763 ], [ -104.0481, 44.5754 ], [ -104.0488, 44.5751 ], [ -104.0492, 44.5755 ], [ -104.0491, 44.5768 ], [ -104.0498, 44.5768 ], [ -104.0505, 44.5758 ], [ -104.0499, 44.5743 ], [ -104.0504, 44.5742 ], [ -104.0516, 44.5749 ], [ -104.052, 44.5748 ], [ -104.0517, 44.5733 ], [ -104.0554, 44.571 ], [ -104.0559, 44.571 ], [ -104.0558, 44.7493 ] ] ] } },
{ "type": "Feature", "properties": { "GEOIDFQ": "1400000US46019967702", "NAME": "9677.02", "NAMELSAD": "Census Tract 9677.02" }, "geometry": { "type": "Polygon", "coordinates": [ [ [ -103.8706, 44.6911 ], [ -103.8693, 44.6917 ], [ -103.8684, 44.6911 ], [ -103.8319, 44.691 ], [ -103.8309, 44.6907 ], [ -103.8307, 44.6918 ], [ -103.8296, 44.6931 ], [ -103.8279, 44.6994 ], [ -103.8236, 44.704 ], [ -103.8233, 44.7057 ], [ -103.8236, 44.7078 ], [ -103.8202, 44.7096 ], [ -103.8167, 44.7104 ], [ -103.8138, 44.7117 ], [ -103.812, 44.7118 ], [ -103.7905, 44.7077 ], [ -103.7864, 44.7075 ], [ -103.783, 44.7065 ], [ -103.7808, 44.7054 ], [ -103.7808, 44.704 ], [ -103.7799, 44.702 ], [ -103.7758, 44.7018 ], [ -103.7755, 44.6984 ], [ -103.7702, 44.6984 ], [ -103.7701, 44.6957 ], [ -103.7675, 44.691 ], [ -103.7898, 44.6909 ], [ -103.7897, 44.6808 ], [ -103.7913, 44.6772 ], [ -103.8174, 44.6771 ], [ -103.8179, 44.6763 ], [ -103.8178, 44.6753 ], [ -103.8149, 44.6738 ], [ -103.8161, 44.6734 ], [ -103.8185, 44.6738 ], [ -103.8197, 44.6732 ], [ -103.8213, 44.6714 ], [ -103.8215, 44.67 ], [ -103.8225, 44.6692 ], [ -103.8224, 44.6677 ], [ -103.8231, 44.6664 ], [ -103.8218, 44.6626 ], [ -103.8249, 44.6626 ], [ -103.8276, 44.6633 ], [ -103.8296, 44.6626 ], [ -103.8458, 44.6626 ], [ -103.8458, 44.6572 ], [ -103.8453, 44.6568 ], [ -103.8444, 44.6567 ], [ -103.8444, 44.6558 ], [ -103.8501, 44.6559 ], [ -103.8566, 44.6546 ], [ -103.8577, 44.6548 ], [ -103.8567, 44.6567 ], [ -103.8536, 44.6645 ], [ -103.8536, 44.6709 ], [ -103.8588, 44.6733 ], [ -103.8608, 44.6746 ], [ -103.8709, 44.6874 ], [ -103.8753, 44.6911 ], [ -103.8706, 44.6911 ] ] ] } },
{ "type": "Feature", "properties": { "GEOIDFQ": "1400000US46102941100", "NAME": "9411", "NAMELSAD": "Census Tract 9411" }, "geometry": { "type": "Polygon", "coordinates": [ [ [ -103.001, 43.6058 ], [ -102.999, 43.6068 ], [ -102.9961, 43.6072 ], [ -102.9942, 43.6086 ], [ -102.9933, 43.6107 ], [ -102.9918, 43.6114 ], [ -102.9892, 43.6118 ], [ -102.9849, 43.6101 ], [ -102.9815, 43.6113 ], [ -102.9788, 43.6133 ], [ -102.9786, 43.6153 ], [ -102.9791, 43.6169 ], [ -102.9785, 43.6177 ], [ -102.9768, 43.6185 ], [ -102.9745, 43.6187 ], [ -102.971, 43.6173 ], [ -102.9681, 43.6165 ], [ -102.9664, 43.617 ], [ -102.9652, 43.6169 ], [ -102.9636, 43.6163 ], [ -102.9602, 43.6141 ], [ -102.9583, 43.6135 ], [ -102.9545, 43.6141 ], [ -102.9521, 43.6152 ], [ -102.9515, 43.6159 ], [ -102.9467, 43.6172 ], [ -102.9437, 43.6173 ], [ -102.9415, 43.6168 ], [ -102.9375, 43.617 ], [ -102.9326, 43.6187 ], [ -102.9318, 43.6194 ], [ -102.9309, 43.6217 ], [ -102.9286, 43.6244 ], [ -102.9274, 43.625 ], [ -102.9269, 43.6261 ], [ -102.9272, 43.6268 ], [ -102.9283, 43.6277 ], [ -102.9304, 43.6278 ], [ -102.9321, 43.6291 ], [ -102.9327, 43.6309 ], [ -102.9298, 43.6364 ], [ -102.9278, 43.6377 ], [ -102.9224, 43.6398 ], [ -102.9217, 43.6407 ], [ -102.9208, 43.643 ], [ -102.9208, 43.6443 ], [ -102.9241, 43.649 ], [ -102.9242, 43.6507 ], [ -102.9227, 43.6529 ], [ -102.9191, 43.655 ], [ -102.9183, 43.656 ], [ -102.9183, 43.6576 ], [ -102.9199, 43.6605 ], [ -102.9195, 43.6612 ], [ -102.9168, 43.6629 ], [ -102.9115, 43.6633 ], [ -102.9094, 43.6651 ], [ -102.9083, 43.6677 ], [ -102.9087, 43.6692 ], [ -102.9107, 43.672 ], [ -102.9111, 43.6734 ], [ -102.9109, 43.6738 ], [ -102.9089, 43.6745 ], [ -102.9025, 43.6749 ], [ -102.8918, 43.6722 ], [ -102.8877, 43.6717 ], [ -102.8868, 43.6712 ], [ -102.8818, 43.6709 ], [ -102.8786, 43.6692 ], [ -102.8727, 43.6671 ], [ -102.8706, 43.6673 ], [ -102.867, 43.6688 ], [ -102.8648, 43.6691 ], [ -102.8634, 43.6689 ], [ -102.8619, 43.6675 ], [ -102.863, 43.6632 ], [ -102.8627, 43.661 ], [ -102.8621, 43.6597 ], [ -102.8599, 43.6587 ], [ -102.8533, 43.6582 ], [ -102.8502, 43.6593 ], [ -102.8489, 43.66 ], [ -102.8484, 43.6615 ], [ -102.8489, 43.6641 ], [ -102.8483, 43.6651 ], [ -102.8468, 43.6654 ], [ -102.8407, 43.663 ], [ -102.8345, 43.6582 ], [ -102.8325, 43.6572 ], [ -102.8306, 43.6569 ], [ -102.8279, 43.6574 ], [ -102.826, 43.659 ], [ -102.8251, 43.6604 ], [ -102.8247, 43.6625 ], [ -102.8237, 43.6644 ], [ -102.8138, 43.6676 ], [ -102.8136, 43.6692 ], [ -102.8143, 43.6706 ], [ -102.8161, 43.6718 ], [ -102.8161, 43.6735 ], [ -102.8153, 43.6753 ], [ -102.8132, 43.6781 ], [ -102.8128, 43.6792 ], [ -102.8093, 43.6826 ], [ -102.809, 43.6843 ], [ -102.8081, 43.6857 ], [ -102.8083, 43.6865 ], [ -102.8094, 43.6876 ], [ -102.3798, 43.6875 ], [ -102.3515, 43.5942 ], [ -102.3474, 43.5776 ], [ -102.3383, 43.5469 ], [ -102.3134, 43.4571 ], [ -102.3125, 43.4525 ], [ -102.3112, 43.4492 ], [ -102.2786, 43.3326 ], [ -102.2733, 43.3122 ], [ -102.2734, 43.3139 ], [ -102.2508, 43.2326 ], [ -102.2466, 43.2151 ], [ -102.2398, 43.1939 ], [ -102.2383, 43.1874 ], [ -102.2222, 43.1296 ], [ -102.2689, 43.1296 ], [ -102.2707, 43.1292 ], [ -102.2793, 43.129 ], [ -102.3662, 43.1299 ], [ -102.5646, 43.1298 ], [ -102.6463, 43.1294 ], [ -102.658, 43.1298 ], [ -102.6583, 43.1296 ], [ -102.659, 43.1301 ], [ -102.66, 43.1299 ], [ -102.667, 43.1298 ], [ -102.7708, 43.1297 ], [ -102.7714, 43.1299 ], [ -102.8113, 43.1303 ], [ -103.0008, 43.13 ], [ -103.001, 43.6058 ] ] ] } },
{ "type": "Feature", "properties": { "GEOIDFQ": "1400000US46102941000", "NAME": "9410", "NAMELSAD": "Census Tract 9410" }, "geometry": { "type": "Polygon", "coordinates": [ [ [ -103.0008, 43.13 ], [ -102.9995, 43.1301 ], [ -102.8113, 43.1303 ], [ -102.7714, 43.1299 ], [ -102.7708, 43.1297 ], [ -102.667, 43.1298 ], [ -102.66, 43.1299 ], [ -102.659, 43.1301 ], [ -102.6583, 43.1296 ], [ -102.658, 43.1298 ], [ -102.6463, 43.1294 ], [ -102.5646, 43.1298 ], [ -102.4754, 43.1297 ], [ -102.4723, 43.13 ], [ -102.3714, 43.1299 ], [ -102.2793, 43.129 ], [ -102.2707, 43.1292 ], [ -102.2689, 43.1296 ], [ -102.2593, 43.1297 ], [ -102.0814, 43.1292 ], [ -102.0821, 43.0042 ], [ -102.0825, 42.9994 ], [ -102.3339, 42.9994 ], [ -102.4422, 42.9997 ], [ -102.4869, 42.9995 ], [ -102.4982, 42.9999 ], [ -102.8679, 43.0 ], [ -102.8892, 43.0004 ], [ -103.0006, 43.0008 ], [ -103.0008, 43.13 ] ] ] } },
{ "type": "Feature", "properties": { "GEOIDFQ": "1400000US46102941200", "NAME": "9412", "NAMELSAD": "Census Tract 9412" }, "geometry": { "type": "Polygon", "coordinates": [ [ [ -102.1853, 43.6875 ], [ -102.1832, 43.6879 ], [ -102.1787, 43.6873 ], [ -102.1752, 43.6878 ], [ -102.1702, 43.6896 ], [ -102.1665, 43.6918 ], [ -102.1662, 43.6935 ], [ -102.1665, 43.6943 ], [ -102.1684, 43.6958 ], [ -102.1684, 43.6969 ], [ -102.1676, 43.6972 ], [ -102.1643, 43.6972 ], [ -102.1591, 43.6963 ], [ -102.1567, 43.6972 ], [ -102.1561, 43.6977 ], [ -102.1559, 43.6987 ], [ -102.157, 43.7031 ], [ -102.1562, 43.7048 ], [ -102.1537, 43.7061 ], [ -102.1514, 43.7061 ], [ -102.1483, 43.7044 ], [ -102.1473, 43.7031 ], [ -102.1444, 43.7027 ], [ -102.1402, 43.7006 ], [ -102.1392, 43.7009 ], [ -102.1387, 43.6357 ], [ -102.1392, 43.5948 ], [ -102.1391, 43.4767 ], [ -102.1111, 43.4768 ], [ -102.1105, 43.4471 ], [ -102.111, 43.4212 ], [ -102.1094, 43.2742 ], [ -102.1096, 43.231 ], [ -102.1089, 43.1293 ], [ -102.2222, 43.1296 ], [ -102.2383, 43.1874 ], [ -102.2398, 43.1939 ], [ -102.2466, 43.2151 ], [ -102.2508, 43.2326 ], [ -102.2734, 43.3139 ], [ -102.2733, 43.3122 ], [ -102.2786, 43.3326 ], [ -102.3112, 43.4492 ], [ -102.3125, 43.4525 ], [ -102.3134, 43.4571 ], [ -102.3383, 43.5469 ], [ -102.3474, 43.5776 ], [ -102.3515, 43.5942 ], [ -102.3798, 43.6875 ], [ -102.1853, 43.6875 ] ] ] } },
{ "type": "Feature", "properties": { "GEOIDFQ": "1400000US46011958804", "NAME": "9588.04", "NAMELSAD": "Census Tract 9588.04" }, "geometry": { "type": "Polygon", "coordinates": [ [ [ -96.8088, 44.3171 ], [ -96.8005, 44.3169 ], [ -96.8004, 44.3189 ], [ -96.7884, 44.3188 ], [ -96.7886, 44.3046 ], [ -96.8088, 44.3089 ], [ -96.8088, 44.3171 ] ] ] } },
{ "type": "Feature", "properties": { "GEOIDFQ": "1400000US46067968800", "NAME": "9688", "NAMELSAD": "Census Tract 9688" }, "geometry": { "type": "Polygon", "coordinates": [ [ [ -98.015, 43.3844 ], [ -98.0146, 43.37 ], [ -97.995, 43.37 ], [ -97.9951, 43.3706 ], [ -97.9814, 43.3714 ], [ -97.9809, 43.3712 ], [ -97.9805, 43.3702 ], [ -97.9729, 43.3697 ], [ -97.9702, 43.3701 ], [ -97.9473, 43.3699 ], [ -97.9452, 43.369 ], [ -97.9364, 43.3688 ], [ -97.9366, 43.3843 ], [ -97.8835, 43.3845 ], [ -97.7232, 43.3862 ], [ -97.719, 43.3869 ], [ -97.7154, 43.3884 ], [ -97.7044, 43.3963 ], [ -97.7041, 43.3949 ], [ -97.7047, 43.3916 ], [ -97.7057, 43.3911 ], [ -97.7094, 43.3917 ], [ -97.7098, 43.391 ], [ -97.7075, 43.3887 ], [ -97.7063, 43.3884 ], [ -97.7031, 43.3885 ], [ -97.6992, 43.3866 ], [ -97.6988, 43.3859 ], [ -97.699, 43.3853 ], [ -97.7006, 43.3833 ], [ -97.7006, 43.382 ], [ -97.7012, 43.381 ], [ -97.6962, 43.3776 ], [ -97.6934, 43.3768 ], [ -97.6915, 43.375 ], [ -97.6894, 43.3745 ], [ -97.6893, 43.3739 ], [ -97.6908, 43.3726 ], [ -97.6876, 43.3719 ], [ -97.6855, 43.3717 ], [ -97.6833, 43.3719 ], [ -97.6801, 43.3711 ], [ -97.6764, 43.371 ], [ -97.6761, 43.3701 ], [ -97.6764, 43.3695 ], [ -97.6784, 43.3675 ], [ -97.6777, 43.3671 ], [ -97.6748, 43.3677 ], [ -97.6723, 43.3674 ], [ -97.6702, 43.3677 ], [ -97.6696, 43.3681 ], [ -97.6691, 43.37 ], [ -97.6683, 43.3703 ], [ -97.6673, 43.3701 ], [ -97.6637, 43.3684 ], [ -97.6632, 43.3677 ], [ -97.6635, 43.3671 ], [ -97.6674, 43.3641 ], [ -97.6673, 43.3636 ], [ -97.6664, 43.3632 ], [ -97.6645, 43.3636 ], [ -97.6624, 43.3649 ], [ -97.6569, 43.3661 ], [ -97.6564, 43.3658 ], [ -97.6566, 43.3648 ], [ -97.6572, 43.3639 ], [ -97.6586, 43.3627 ], [ -97.6612, 43.3621 ], [ -97.6644, 43.3624 ], [ -97.6649, 43.3614 ], [ -97.6635, 43.3605 ], [ -97.6612, 43.3599 ], [ -97.6591, 43.3615 ], [ -97.6566, 43.361 ], [ -97.6558, 43.3615 ], [ -97.6552, 43.3639 ], [ -97.6547, 43.3645 ], [ -97.6541, 43.3642 ], [ -97.6531, 43.3615 ], [ -97.6547, 43.3587 ], [ -97.6543, 43.358 ], [ -97.6535, 43.3576 ], [ -97.6521, 43.3577 ], [ -97.6488, 43.3591 ], [ -97.6472, 43.3601 ], [ -97.6463, 43.3615 ], [ -97.6458, 43.3617 ], [ -97.6449, 43.3614 ], [ -97.6433, 43.3592 ], [ -97.639, 43.356 ], [ -97.6361, 43.3533 ], [ -97.6367, 43.351 ], [ -97.6334, 43.3485 ], [ -97.6315, 43.3483 ], [ -97.6274, 43.35 ], [ -97.6268, 43.3497 ], [ -97.6266, 43.3482 ], [ -97.6313, 43.3468 ], [ -97.6322, 43.3459 ], [ -97.6298, 43.3447 ], [ -97.6269, 43.3442 ], [ -97.6264, 43.3429 ], [ -97.6238, 43.3419 ], [ -97.6239, 43.3413 ], [ -97.626, 43.3402 ], [ -97.6265, 43.3395 ], [ -97.6229, 43.3339 ], [ -97.6204, 43.3316 ], [ -97.6175, 43.3307 ], [ -97.6173, 43.3304 ], [ -97.6178, 43.3296 ], [ -97.6189, 43.3297 ], [ -97.62, 43.3304 ], [ -97.6206, 43.3305 ], [ -97.6211, 43.3302 ], [ -97.6218, 43.3278 ], [ -97.6235, 43.3277 ], [ -97.6239, 43.3274 ], [ -97.6232, 43.3235 ], [ -97.6206, 43.3207 ], [ -97.6216, 43.3192 ], [ -97.6226, 43.3186 ], [ -97.6238, 43.3185 ], [ -97.6261, 43.3199 ], [ -97.6267, 43.3198 ], [ -97.6272, 43.3192 ], [ -97.627, 43.3178 ], [ -97.6244, 43.316 ], [ -97.6242, 43.3155 ], [ -97.6249, 43.3127 ], [ -97.6284, 43.3078 ], [ -97.6279, 43.3066 ], [ -97.6264, 43.3055 ], [ -97.6263, 43.3044 ], [ -97.6267, 43.3039 ], [ -97.6285, 43.3035 ], [ -97.6302, 43.3015 ], [ -97.6315, 43.3013 ], [ -97.6333, 43.3029 ], [ -97.6345, 43.3055 ], [ -97.6354, 43.3052 ], [ -97.6347, 43.3016 ], [ -97.6327, 43.2982 ], [ -97.6327, 43.2966 ], [ -97.6338, 43.2942 ], [ -97.6332, 43.2926 ], [ -97.6311, 43.2903 ], [ -97.6316, 43.288 ], [ -97.631, 43.2871 ], [ -97.6273, 43.2852 ], [ -97.6253, 43.2845 ], [ -97.6246, 43.2838 ], [ -97.6251, 43.2811 ], [ -97.629, 43.2808 ], [ -97.6304, 43.2799 ], [ -97.6288, 43.275 ], [ -97.6277, 43.2737 ], [ -97.6224, 43.2731 ], [ -97.6219, 43.2725 ], [ -97.622, 43.272 ], [ -97.6226, 43.2713 ], [ -97.6237, 43.271 ], [ -97.6314, 43.2706 ], [ -97.6322, 43.2703 ], [ -97.6324, 43.269 ], [ -97.631, 43.2681 ], [ -97.6291, 43.2676 ], [ -97.628, 43.2662 ], [ -97.6282, 43.2656 ], [ -97.6295, 43.264 ], [ -97.6313, 43.263 ], [ -97.6325, 43.2631 ], [ -97.6362, 43.2659 ], [ -97.6367, 43.266 ], [ -97.6376, 43.2653 ], [ -97.639, 43.2624 ], [ -97.6427, 43.2588 ], [ -97.645, 43.2557 ], [ -97.6473, 43.2538 ], [ -97.647, 43.2529 ], [ -97.6452, 43.2509 ], [ -97.6451, 43.25 ], [ -97.6482, 43.2473 ], [ -97.6506, 43.2437 ], [ -97.6523, 43.2428 ], [ -97.6566, 43.2412 ], [ -97.6588, 43.2413 ], [ -97.6594, 43.2423 ], [ -97.6593, 43.244 ], [ -97.6577, 43.2466 ], [ -97.6579, 43.247 ], [ -97.6587, 43.2472 ], [ -97.6599, 43.2468 ], [ -97.6617, 43.2455 ], [ -97.6687, 43.2391 ], [ -97.6701, 43.2359 ], [ -97.6741, 43.2347 ], [ -97.6749, 43.2341 ], [ -97.6741, 43.2267 ], [ -97.6732, 43.225 ], [ -97.671, 43.2236 ], [ -97.6708, 43.2227 ], [ -97.6721, 43.2216 ], [ -97.6763, 43.2199 ], [ -97.6765, 43.2194 ], [ -97.6758, 43.2183 ], [ -97.6739, 43.2172 ], [ -97.6724, 43.2169 ], [ -97.6692, 43.2175 ], [ -97.6686, 43.2174 ], [ -97.6685, 43.2169 ], [ -97.6702, 43.2161 ], [ -97.6702, 43.2152 ], [ -97.6689, 43.214 ], [ -97.6658, 43.2125 ], [ -97.6654, 43.2111 ], [ -97.6655, 43.2106 ], [ -97.6673, 43.2098 ], [ -97.6691, 43.2096 ], [ -97.6703, 43.2099 ], [ -97.6737, 43.2125 ], [ -97.6755, 43.2131 ], [ -97.6764, 43.2128 ], [ -97.677, 43.211 ], [ -97.6755, 43.209 ], [ -97.6726, 43.2076 ], [ -97.6723, 43.2071 ], [ -97.6726, 43.2042 ], [ -97.672, 43.2034 ], [ -97.6703, 43.2031 ], [ -97.6687, 43.2037 ], [ -97.6661, 43.2054 ], [ -97.6632, 43.2057 ], [ -97.66, 43.2046 ], [ -97.6595, 43.204 ], [ -97.6594, 43.2035 ], [ -97.6607, 43.2017 ], [ -97.6606, 43.2011 ], [ -97.66, 43.201 ], [ -97.6585, 43.2018 ], [ -97.6575, 43.2048 ], [ -97.6561, 43.2049 ], [ -97.6506, 43.2011 ], [ -97.6486, 43.1989 ], [ -97.6475, 43.1968 ], [ -97.6447, 43.1971 ], [ -97.6439, 43.1966 ], [ -97.6441, 43.196 ], [ -97.6457, 43.1946 ], [ -97.6482, 43.1939 ], [ -97.6508, 43.1948 ], [ -97.6531, 43.1965 ], [ -97.6544, 43.1968 ], [ -97.6554, 43.196 ], [ -97.6564, 43.1944 ], [ -97.6574, 43.1923 ], [ -97.6571, 43.1921 ], [ -97.654, 43.1923 ], [ -97.6516, 43.1904 ], [ -97.6402, 43.1901 ], [ -97.6391, 43.1907 ], [ -97.6381, 43.1935 ], [ -97.6376, 43.1939 ], [ -97.6365, 43.1938 ], [ -97.6345, 43.1918 ], [ -97.6344, 43.1907 ], [ -97.6353, 43.1896 ], [ -97.6376, 43.1884 ], [ -97.6378, 43.1874 ], [ -97.6373, 43.1867 ], [ -97.6333, 43.1846 ], [ -97.6328, 43.1828 ], [ -97.6321, 43.182 ], [ -97.6298, 43.1813 ], [ -97.6259, 43.1782 ], [ -97.6247, 43.1762 ], [ -97.6259, 43.1762 ], [ -97.6246, 43.1741 ], [ -97.6239, 43.1743 ], [ -97.6225, 43.1739 ], [ -97.6194, 43.1738 ], [ -97.617, 43.1748 ], [ -97.6164, 43.1756 ], [ -97.6163, 43.1766 ], [ -97.6153, 43.1768 ], [ -97.614, 43.175 ], [ -97.6132, 43.1728 ], [ -97.6132, 43.1719 ], [ -97.6148, 43.1687 ], [ -97.7558, 43.1696 ], [ -97.795, 43.1691 ], [ -98.0771, 43.1683 ], [ -98.0707, 43.1825 ], [ -98.069, 43.1849 ], [ -98.1095, 43.1968 ], [ -98.1097, 43.2582 ], [ -98.1118, 43.3839 ], [ -98.015, 43.3844 ] ] ] } },
{ "type": "Feature", "properties": { "GEOIDFQ": "1400000US46067968600", "NAME": "9686", "NAMELSAD": "Census Tract 9686" }, "geometry": { "type": "Polygon", "coordinates": [ [ [ -97.8176, 43.4669 ], [ -97.8158, 43.4703 ], [ -97.8165, 43.4715 ], [ -97.8188, 43.4727 ], [ -97.819, 43.4739 ], [ -97.8186, 43.4749 ], [ -97.8106, 43.4823 ], [ -97.8095, 43.4838 ], [ -97.8097, 43.4845 ], [ -97.8136, 43.4854 ], [ -97.8147, 43.4869 ], [ -97.8142, 43.4874 ], [ -97.8109, 43.4876 ], [ -97.8065, 43.4906 ], [ -97.8069, 43.491 ], [ -97.8094, 43.4905 ], [ -97.8106, 43.4909 ], [ -97.8116, 43.4953 ], [ -97.811, 43.4958 ], [ -97.8079, 43.4962 ], [ -97.8044, 43.4978 ], [ -97.8017, 43.4997 ], [ -97.4014, 43.4998 ], [ -97.4004, 43.2939 ], [ -97.3995, 43.2562 ], [ -97.3992, 43.1694 ], [ -97.5824, 43.1685 ], [ -97.6148, 43.1687 ], [ -97.6132, 43.1719 ], [ -97.6132, 43.1728 ], [ -97.614, 43.175 ], [ -97.6153, 43.1768 ], [ -97.6163, 43.1766 ], [ -97.6164, 43.1756 ], [ -97.617, 43.1748 ], [ -97.6194, 43.1738 ], [ -97.6225, 43.1739 ], [ -97.6239, 43.1743 ], [ -97.6246, 43.1741 ], [ -97.6259, 43.1762 ], [ -97.6247, 43.1762 ], [ -97.6259, 43.1782 ], [ -97.6298, 43.1813 ], [ -97.6321, 43.182 ], [ -97.6328, 43.1828 ], [ -97.6333, 43.1846 ], [ -97.6373, 43.1867 ], [ -97.6378, 43.1874 ], [ -97.6376, 43.1884 ], [ -97.6353, 43.1896 ], [ -97.6344, 43.1907 ], [ -97.6345, 43.1918 ], [ -97.6365, 43.1938 ], [ -97.6376, 43.1939 ], [ -97.6381, 43.1935 ], [ -97.6391, 43.1907 ], [ -97.6402, 43.1901 ], [ -97.6516, 43.1904 ], [ -97.654, 43.1923 ], [ -97.6571, 43.1921 ], [ -97.6574, 43.1923 ], [ -97.6564, 43.1944 ], [ -97.6554, 43.196 ], [ -97.6544, 43.1968 ], [ -97.6531, 43.1965 ], [ -97.6508, 43.1948 ], [ -97.6482, 43.1939 ], [ -97.6457, 43.1946 ], [ -97.6441, 43.196 ], [ -97.6439, 43.1966 ], [ -97.6447, 43.1971 ], [ -97.6475, 43.1968 ], [ -97.6486, 43.1989 ], [ -97.6506, 43.2011 ], [ -97.6561, 43.2049 ], [ -97.6575, 43.2048 ], [ -97.6585, 43.2018 ], [ -97.66, 43.201 ], [ -97.6606, 43.2011 ], [ -97.6607, 43.2017 ], [ -97.6594, 43.2035 ], [ -97.6595, 43.204 ], [ -97.66, 43.2046 ], [ -97.6632, 43.2057 ], [ -97.6661, 43.2054 ], [ -97.6687, 43.2037 ], [ -97.6703, 43.2031 ], [ -97.672, 43.2034 ], [ -97.6726, 43.2042 ], [ -97.6723, 43.2071 ], [ -97.6726, 43.2076 ], [ -97.6755, 43.209 ], [ -97.677, 43.211 ], [ -97.6764, 43.2128 ], [ -97.6755, 43.2131 ], [ -97.6747, 43.213 ], [ -97.6703, 43.2099 ], [ -97.6691, 43.2096 ], [ -97.6673, 43.2098 ], [ -97.6655, 43.2106 ], [ -97.6654, 43.2116 ], [ -97.6658, 43.2125 ], [ -97.6689, 43.214 ], [ -97.6702, 43.2152 ], [ -97.6702, 43.2161 ], [ -97.6685, 43.2169 ], [ -97.6686, 43.2174 ], [ -97.6692, 43.2175 ], [ -97.6724, 43.2169 ], [ -97.6739, 43.2172 ], [ -97.6758, 43.2183 ], [ -97.6765, 43.2194 ], [ -97.6763, 43.2199 ], [ -97.6721, 43.2216 ], [ -97.6708, 43.2227 ], [ -97.671, 43.2236 ], [ -97.6732, 43.225 ], [ -97.6741, 43.2267 ], [ -97.6749, 43.2341 ], [ -97.6741, 43.2347 ], [ -97.6701, 43.2359 ], [ -97.6687, 43.2391 ], [ -97.6617, 43.2455 ], [ -97.6599, 43.2468 ], [ -97.6587, 43.2472 ], [ -97.6579, 43.247 ], [ -97.6577, 43.2466 ], [ -97.6593, 43.244 ], [ -97.6594, 43.2423 ], [ -97.6588, 43.2413 ], [ -97.6566, 43.2412 ], [ -97.6523, 43.2428 ], [ -97.6506, 43.2437 ], [ -97.6482, 43.2473 ], [ -97.6451, 43.25 ], [ -97.6452, 43.2509 ], [ -97.647, 43.2529 ], [ -97.6473, 43.2538 ], [ -97.645, 43.2557 ], [ -97.6427, 43.2588 ], [ -97.639, 43.2624 ], [ -97.6376, 43.2653 ], [ -97.6367, 43.266 ], [ -97.6362, 43.2659 ], [ -97.6325, 43.2631 ], [ -97.6313, 43.263 ], [ -97.6295, 43.264 ], [ -97.6282, 43.2656 ], [ -97.628, 43.2662 ], [ -97.6291, 43.2676 ], [ -97.631, 43.2681 ], [ -97.6324, 43.269 ], [ -97.6322, 43.2703 ], [ -97.6314, 43.2706 ], [ -97.6237, 43.271 ], [ -97.6226, 43.2713 ], [ -97.622, 43.272 ], [ -97.6219, 43.2725 ], [ -97.6224, 43.2731 ], [ -97.6277, 43.2737 ], [ -97.6288, 43.275 ], [ -97.6304, 43.2799 ], [ -97.629, 43.2808 ], [ -97.6251, 43.2811 ], [ -97.6246, 43.2838 ], [ -97.6253, 43.2845 ], [ -97.6273, 43.2852 ], [ -97.631, 43.2871 ], [ -97.6316, 43.288 ], [ -97.6311, 43.2903 ], [ -97.6332, 43.2926 ], [ -97.6338, 43.2942 ], [ -97.6327, 43.2966 ], [ -97.6327, 43.2982 ], [ -97.6347, 43.3016 ], [ -97.6354, 43.3048 ], [ -97.6353, 43.3054 ], [ -97.6345, 43.3055 ], [ -97.6329, 43.3025 ], [ -97.632, 43.3015 ], [ -97.6307, 43.3012 ], [ -97.6285, 43.3035 ], [ -97.6267, 43.3039 ], [ -97.6263, 43.3044 ], [ -97.6264, 43.3055 ], [ -97.6279, 43.3066 ], [ -97.6284, 43.3078 ], [ -97.6249, 43.3127 ], [ -97.6242, 43.3155 ], [ -97.6244, 43.316 ], [ -97.627, 43.3178 ], [ -97.6272, 43.3192 ], [ -97.6267, 43.3198 ], [ -97.6261, 43.3199 ], [ -97.6238, 43.3185 ], [ -97.6226, 43.3186 ], [ -97.6216, 43.3192 ], [ -97.6206, 43.3207 ], [ -97.6232, 43.3235 ], [ -97.6239, 43.3274 ], [ -97.6235, 43.3277 ], [ -97.6218, 43.3278 ], [ -97.6211, 43.3302 ], [ -97.6206, 43.3305 ], [ -97.62, 43.3304 ], [ -97.6189, 43.3297 ], [ -97.6178, 43.3296 ], [ -97.6173, 43.3304 ], [ -97.6175, 43.3307 ], [ -97.6204, 43.3316 ], [ -97.6229, 43.3339 ], [ -97.6265, 43.3395 ], [ -97.626, 43.3402 ], [ -97.6239, 43.3413 ], [ -97.6238, 43.3419 ], [ -97.6264, 43.3429 ], [ -97.6269, 43.3442 ], [ -97.6298, 43.3447 ], [ -97.6322, 43.3459 ], [ -97.6313, 43.3468 ], [ -97.6266, 43.3482 ], [ -97.6268, 43.3497 ], [ -97.6274, 43.35 ], [ -97.6315, 43.3483 ], [ -97.6334, 43.3485 ], [ -97.6367, 43.351 ], [ -97.6361, 43.3533 ], [ -97.6375, 43.3547 ], [ -97.6433, 43.3592 ], [ -97.6453, 43.3616 ], [ -97.6463, 43.3615 ], [ -97.6477, 43.3598 ], [ -97.6504, 43.3584 ], [ -97.6521, 43.3577 ], [ -97.654, 43.3578 ], [ -97.6547, 43.3587 ], [ -97.6531, 43.3615 ], [ -97.6541, 43.3642 ], [ -97.6547, 43.3645 ], [ -97.6561, 43.3611 ], [ -97.6576, 43.361 ], [ -97.6591, 43.3615 ], [ -97.6612, 43.3599 ], [ -97.6635, 43.3605 ], [ -97.6649, 43.3614 ], [ -97.6648, 43.3621 ], [ -97.6636, 43.3624 ], [ -97.6604, 43.3622 ], [ -97.6586, 43.3627 ], [ -97.6572, 43.3639 ], [ -97.6564, 43.3658 ], [ -97.6569, 43.3661 ], [ -97.6576, 43.366 ], [ -97.6624, 43.3649 ], [ -97.6653, 43.3633 ], [ -97.667, 43.3634 ], [ -97.6673, 43.3642 ], [ -97.6635, 43.3671 ], [ -97.6632, 43.3677 ], [ -97.6637, 43.3684 ], [ -97.6673, 43.3701 ], [ -97.6683, 43.3703 ], [ -97.6691, 43.37 ], [ -97.6696, 43.3681 ], [ -97.6702, 43.3677 ], [ -97.6723, 43.3674 ], [ -97.6748, 43.3677 ], [ -97.6777, 43.3671 ], [ -97.6784, 43.3675 ], [ -97.6764, 43.3695 ], [ -97.6761, 43.3701 ], [ -97.6764, 43.371 ], [ -97.6801, 43.3711 ], [ -97.6833, 43.3719 ], [ -97.6855, 43.3717 ], [ -97.6876, 43.3719 ], [ -97.6908, 43.3726 ], [ -97.6893, 43.3739 ], [ -97.6894, 43.3745 ], [ -97.6915, 43.375 ], [ -97.6934, 43.3768 ], [ -97.6962, 43.3776 ], [ -97.7012, 43.381 ], [ -97.7006, 43.382 ], [ -97.7006, 43.3833 ], [ -97.699, 43.3853 ], [ -97.6988, 43.3859 ], [ -97.6992, 43.3866 ], [ -97.7031, 43.3885 ], [ -97.7063, 43.3884 ], [ -97.7075, 43.3887 ], [ -97.7098, 43.391 ], [ -97.7094, 43.3917 ], [ -97.7057, 43.3911 ], [ -97.7047, 43.3916 ], [ -97.7041, 43.3949 ], [ -97.7049, 43.3975 ], [ -97.706, 43.3981 ], [ -97.707, 43.398 ], [ -97.7082, 43.3958 ], [ -97.7089, 43.3958 ], [ -97.7111, 43.3972 ], [ -97.7184, 43.4006 ], [ -97.7227, 43.4014 ], [ -97.7245, 43.4023 ], [ -97.7243, 43.403 ], [ -97.7208, 43.4046 ], [ -97.7196, 43.4057 ], [ -97.7191, 43.4081 ], [ -97.7193, 43.4089 ], [ -97.7202, 43.4095 ], [ -97.7209, 43.4096 ], [ -97.7216, 43.4091 ], [ -97.7212, 43.4068 ], [ -97.7216, 43.4059 ], [ -97.7223, 43.4058 ], [ -97.7229, 43.4076 ], [ -97.7257, 43.4098 ], [ -97.73, 43.4102 ], [ -97.7315, 43.4099 ], [ -97.7312, 43.4094 ], [ -97.7269, 43.4079 ], [ -97.7262, 43.4072 ], [ -97.7309, 43.4035 ], [ -97.7332, 43.4026 ], [ -97.734, 43.403 ], [ -97.7345, 43.4054 ], [ -97.7356, 43.4061 ], [ -97.7363, 43.4057 ], [ -97.7384, 43.4035 ], [ -97.7395, 43.4036 ], [ -97.7408, 43.405 ], [ -97.7439, 43.4037 ], [ -97.7482, 43.4041 ], [ -97.7482, 43.4048 ], [ -97.7462, 43.4062 ], [ -97.7452, 43.4085 ], [ -97.7452, 43.4099 ], [ -97.7584, 43.4132 ], [ -97.7595, 43.413 ], [ -97.7596, 43.4123 ], [ -97.7554, 43.409 ], [ -97.7544, 43.4077 ], [ -97.7537, 43.4066 ], [ -97.7548, 43.4058 ], [ -97.7618, 43.4043 ], [ -97.7691, 43.4054 ], [ -97.7709, 43.4069 ], [ -97.776, 43.4069 ], [ -97.7784, 43.4075 ], [ -97.7786, 43.4077 ], [ -97.7783, 43.4085 ], [ -97.7757, 43.4103 ], [ -97.7754, 43.4107 ], [ -97.7755, 43.4114 ], [ -97.7803, 43.414 ], [ -97.7808, 43.4152 ], [ -97.7823, 43.4164 ], [ -97.7854, 43.4176 ], [ -97.7899, 43.4199 ], [ -97.7924, 43.4219 ], [ -97.7933, 43.423 ], [ -97.7956, 43.4305 ], [ -97.7964, 43.4306 ], [ -97.7973, 43.4292 ], [ -97.7992, 43.4294 ], [ -97.8001, 43.4291 ], [ -97.8009, 43.4282 ], [ -97.8021, 43.4281 ], [ -97.8026, 43.4304 ], [ -97.8053, 43.4343 ], [ -97.8075, 43.4384 ], [ -97.8073, 43.4388 ], [ -97.8043, 43.4402 ], [ -97.804, 43.4406 ], [ -97.8042, 43.4413 ], [ -97.8053, 43.4418 ], [ -97.809, 43.4418 ], [ -97.8114, 43.4446 ], [ -97.8089, 43.4485 ], [ -97.8089, 43.4498 ], [ -97.8107, 43.4541 ], [ -97.8114, 43.4544 ], [ -97.8136, 43.4534 ], [ -97.8148, 43.4532 ], [ -97.8161, 43.4535 ], [ -97.8168, 43.4545 ], [ -97.8178, 43.459 ], [ -97.8206, 43.4614 ], [ -97.8209, 43.4627 ], [ -97.8176, 43.4669 ] ] ] } },
{ "type": "Feature", "properties": { "GEOIDFQ": "1400000US46067968700", "NAME": "9687", "NAMELSAD": "Census Tract 9687" }, "geometry": { "type": "Polygon", "coordinates": [ [ [ -97.8017, 43.4997 ], [ -97.8044, 43.4978 ], [ -97.8079, 43.4962 ], [ -97.811, 43.4958 ], [ -97.8116, 43.4953 ], [ -97.8106, 43.4909 ], [ -97.8094, 43.4905 ], [ -97.8069, 43.491 ], [ -97.8065, 43.4906 ], [ -97.8109, 43.4876 ], [ -97.8142, 43.4874 ], [ -97.8147, 43.4869 ], [ -97.8136, 43.4854 ], [ -97.8097, 43.4845 ], [ -97.8095, 43.4838 ], [ -97.8106, 43.4823 ], [ -97.8186, 43.4749 ], [ -97.819, 43.4739 ], [ -97.8188, 43.4727 ], [ -97.8165, 43.4715 ], [ -97.8158, 43.4703 ], [ -97.8176, 43.4669 ], [ -97.8209, 43.4627 ], [ -97.8206, 43.4614 ], [ -97.8178, 43.459 ], [ -97.8168, 43.4545 ], [ -97.8161, 43.4535 ], [ -97.8148, 43.4532 ], [ -97.8136, 43.4534 ], [ -97.8114, 43.4544 ], [ -97.8107, 43.4541 ], [ -97.8089, 43.4498 ], [ -97.8089, 43.4485 ], [ -97.8114, 43.4446 ], [ -97.809, 43.4418 ], [ -97.8053, 43.4418 ], [ -97.8042, 43.4413 ], [ -97.804, 43.4406 ], [ -97.8043, 43.4402 ], [ -97.8073, 43.4388 ], [ -97.8075, 43.4384 ], [ -97.8053, 43.4343 ], [ -97.8026, 43.4304 ], [ -97.8021, 43.4281 ], [ -97.8009, 43.4282 ], [ -97.8001, 43.4291 ], [ -97.7992, 43.4294 ], [ -97.7973, 43.4292 ], [ -97.7964, 43.4306 ], [ -97.7956, 43.4305 ], [ -97.7933, 43.423 ], [ -97.7924, 43.4219 ], [ -97.7899, 43.4199 ], [ -97.7854, 43.4176 ], [ -97.7823, 43.4164 ], [ -97.7808, 43.4152 ], [ -97.7803, 43.414 ], [ -97.7755, 43.4114 ], [ -97.7754, 43.4107 ], [ -97.7757, 43.4103 ], [ -97.7783, 43.4085 ], [ -97.7786, 43.4077 ], [ -97.7784, 43.4075 ], [ -97.776, 43.4069 ], [ -97.7709, 43.4069 ], [ -97.7691, 43.4054 ], [ -97.7618, 43.4043 ], [ -97.7548, 43.4058 ], [ -97.7537, 43.4066 ], [ -97.7544, 43.4077 ], [ -97.7554, 43.409 ], [ -97.7596, 43.4123 ], [ -97.7595, 43.413 ], [ -97.7584, 43.4132 ], [ -97.7452, 43.4099 ], [ -97.7452, 43.4085 ], [ -97.7462, 43.4062 ], [ -97.7482, 43.4048 ], [ -97.7482, 43.4041 ], [ -97.7439, 43.4037 ], [ -97.7408, 43.405 ], [ -97.7395, 43.4036 ], [ -97.7384, 43.4035 ], [ -97.7363, 43.4057 ], [ -97.7356, 43.4061 ], [ -97.7345, 43.4054 ], [ -97.734, 43.403 ], [ -97.7332, 43.4026 ], [ -97.7309, 43.4035 ], [ -97.7262, 43.4072 ], [ -97.7269, 43.4079 ], [ -97.7312, 43.4094 ], [ -97.7315, 43.4099 ], [ -97.73, 43.4102 ], [ -97.7257, 43.4098 ], [ -97.7229, 43.4076 ], [ -97.7225, 43.4061 ], [ -97.7219, 43.4057 ], [ -97.7212, 43.4068 ], [ -97.7216, 43.4091 ], [ -97.7209, 43.4096 ], [ -97.7193, 43.4089 ], [ -97.7194, 43.406 ], [ -97.7208, 43.4046 ], [ -97.7245, 43.4028 ], [ -97.7241, 43.402 ], [ -97.7184, 43.4006 ], [ -97.7111, 43.3972 ], [ -97.7089, 43.3958 ], [ -97.7082, 43.3958 ], [ -97.7073, 43.3979 ], [ -97.7065, 43.3981 ], [ -97.7049, 43.3975 ], [ -97.7044, 43.3963 ], [ -97.7154, 43.3884 ], [ -97.719, 43.3869 ], [ -97.7232, 43.3862 ], [ -97.8835, 43.3845 ], [ -97.9366, 43.3843 ], [ -97.9364, 43.3688 ], [ -97.9452, 43.369 ], [ -97.9473, 43.3699 ], [ -97.9702, 43.3701 ], [ -97.9729, 43.3697 ], [ -97.9805, 43.3702 ], [ -97.9809, 43.3712 ], [ -97.9814, 43.3714 ], [ -97.9951, 43.3706 ], [ -97.995, 43.37 ], [ -98.0146, 43.37 ], [ -98.015, 43.3844 ], [ -98.1118, 43.3839 ], [ -98.1132, 43.4844 ], [ -98.1148, 43.4983 ], [ -97.8017, 43.4997 ] ] ] } },
{ "type": "Feature", "properties": { "GEOIDFQ": "1400000US46043969600", "NAME": "9696", "NAMELSAD": "Census Tract 9696" }, "geometry": { "type": "Polygon", "coordinates": [ [ [ -98.7071, 43.4568 ], [ -98.7058, 43.4993 ], [ -98.469, 43.4985 ], [ -98.2632, 43.4987 ], [ -98.2333, 43.498 ], [ -98.2133, 43.4979 ], [ -98.1148, 43.4983 ], [ -98.1132, 43.4844 ], [ -98.1097, 43.2582 ], [ -98.1095, 43.1968 ], [ -98.1593, 43.2122 ], [ -98.1686, 43.2155 ], [ -98.2507, 43.2402 ], [ -98.3652, 43.2756 ], [ -98.3669, 43.2757 ], [ -98.4035, 43.2876 ], [ -98.5251, 43.3254 ], [ -98.5284, 43.3267 ], [ -98.5372, 43.3292 ], [ -98.5822, 43.3435 ], [ -98.5845, 43.3439 ], [ -98.6224, 43.3556 ], [ -98.6807, 43.3732 ], [ -98.6807, 43.3711 ], [ -98.7069, 43.3701 ], [ -98.7071, 43.4568 ] ] ] } },
{ "type": "Feature", "properties": { "GEOIDFQ": "1400000US46123971700", "NAME": "9717", "NAMELSAD": "Census Tract 9717" }, "geometry": { "type": "Polygon", "coordinates": [ [ [ -99.9068, 43.4008 ], [ -99.9057, 43.4005 ], [ -99.9029, 43.4008 ], [ -99.8505, 43.4008 ], [ -99.8505, 43.4153 ], [ -99.7908, 43.4153 ], [ -99.7908, 43.3718 ], [ -99.8107, 43.3718 ], [ -99.8107, 43.3339 ], [ -99.8141, 43.3303 ], [ -99.8147, 43.3298 ], [ -99.8172, 43.3295 ], [ -99.8206, 43.3284 ], [ -99.8702, 43.3284 ], [ -99.8702, 43.343 ], [ -99.9294, 43.343 ], [ -99.9294, 43.3858 ], [ -99.935, 43.3863 ], [ -99.9493, 43.3863 ], [ -99.9494, 43.4009 ], [ -99.9068, 43.4008 ] ] ] } },
{ "type": "Feature", "properties": { "GEOIDFQ": "1400000US46123971600", "NAME": "9716", "NAMELSAD": "Census Tract 9716" }, "geometry": { "type": "Polygon", "coordinates": [ [ [ -100.2309, 43.4999 ], [ -100.2304, 43.5003 ], [ -100.2309, 43.5363 ], [ -100.2306, 43.5723 ], [ -100.231, 43.625 ], [ -100.2308, 43.7139 ], [ -100.2267, 43.7148 ], [ -100.2254, 43.7141 ], [ -100.2247, 43.7131 ], [ -100.2236, 43.709 ], [ -100.2247, 43.7062 ], [ -100.2249, 43.7024 ], [ -100.2244, 43.6974 ], [ -100.2221, 43.6935 ], [ -100.2195, 43.6914 ], [ -100.2179, 43.6907 ], [ -100.2129, 43.6864 ], [ -100.2109, 43.6836 ], [ -100.2099, 43.6833 ], [ -100.2088, 43.6835 ], [ -100.2066, 43.6862 ], [ -100.2016, 43.6937 ], [ -100.199, 43.6995 ], [ -100.1992, 43.7014 ], [ -100.1971, 43.7042 ], [ -100.1956, 43.7053 ], [ -100.194, 43.7056 ], [ -100.1919, 43.7055 ], [ -100.1899, 43.7062 ], [ -100.1828, 43.7065 ], [ -100.1788, 43.7059 ], [ -100.1711, 43.706 ], [ -100.1654, 43.7051 ], [ -100.1641, 43.7044 ], [ -100.1619, 43.7044 ], [ -100.1541, 43.7017 ], [ -100.1494, 43.6989 ], [ -100.146, 43.6961 ], [ -100.1404, 43.6945 ], [ -100.1388, 43.6952 ], [ -100.1387, 43.6969 ], [ -100.1401, 43.6986 ], [ -100.1437, 43.7004 ], [ -100.1445, 43.7012 ], [ -100.145, 43.7021 ], [ -100.1448, 43.7033 ], [ -100.1429, 43.7041 ], [ -100.1407, 43.7042 ], [ -100.1326, 43.7032 ], [ -100.1293, 43.7012 ], [ -100.1229, 43.6965 ], [ -100.121, 43.6943 ], [ -100.1205, 43.69 ], [ -100.1194, 43.6883 ], [ -100.1152, 43.6854 ], [ -100.111, 43.6857 ], [ -100.1093, 43.6869 ], [ -100.1086, 43.6885 ], [ -100.1082, 43.6921 ], [ -100.1069, 43.694 ], [ -100.1058, 43.6944 ], [ -100.1044, 43.6942 ], [ -100.1, 43.6924 ], [ -100.0936, 43.6893 ], [ -100.0903, 43.6867 ], [ -100.0884, 43.6856 ], [ -100.0872, 43.6852 ], [ -100.0834, 43.6858 ], [ -100.082, 43.687 ], [ -100.0799, 43.6912 ], [ -100.0775, 43.692 ], [ -100.0697, 43.6923 ], [ -100.0661, 43.6915 ], [ -100.0646, 43.6915 ], [ -100.0565, 43.693 ], [ -100.0502, 43.6922 ], [ -100.0478, 43.6932 ], [ -100.0461, 43.6944 ], [ -100.0455, 43.6961 ], [ -100.0456, 43.6979 ], [ -100.0472, 43.7022 ], [ -100.0471, 43.7031 ], [ -100.0451, 43.704 ], [ -100.0432, 43.7044 ], [ -100.0409, 43.7045 ], [ -100.0391, 43.7043 ], [ -100.0362, 43.7033 ], [ -100.0335, 43.7016 ], [ -100.0322, 43.698 ], [ -100.0311, 43.6975 ], [ -100.0195, 43.7036 ], [ -100.0166, 43.7067 ], [ -100.0133, 43.7078 ], [ -100.0093, 43.7073 ], [ -100.0082, 43.7067 ], [ -100.0074, 43.706 ], [ -100.0069, 43.7047 ], [ -100.0075, 43.7021 ], [ -100.0106, 43.6966 ], [ -100.011, 43.6953 ], [ -100.0099, 43.6937 ], [ -100.0086, 43.6929 ], [ -100.0058, 43.6922 ], [ -100.0034, 43.6924 ], [ -100.0004, 43.6938 ], [ -99.9995, 43.6951 ], [ -99.999, 43.6969 ], [ -99.9999, 43.7 ], [ -99.9997, 43.7009 ], [ -99.9989, 43.7018 ], [ -99.998, 43.702 ], [ -99.994, 43.7003 ], [ -99.9904, 43.6982 ], [ -99.9861, 43.6947 ], [ -99.9853, 43.6938 ], [ -99.9834, 43.6888 ], [ -99.9825, 43.6877 ], [ -99.9815, 43.6871 ], [ -99.9798, 43.6872 ], [ -99.9776, 43.6879 ], [ -99.9762, 43.689 ], [ -99.9761, 43.6904 ], [ -99.9752, 43.6923 ], [ -99.9738, 43.6932 ], [ -99.9706, 43.6932 ], [ -99.9672, 43.6924 ], [ -99.9656, 43.6913 ], [ -99.9654, 43.6896 ], [ -99.9648, 43.6889 ], [ -99.962, 43.6886 ], [ -99.9567, 43.6915 ], [ -99.9554, 43.6928 ], [ -99.9549, 43.6939 ], [ -99.9549, 43.6958 ], [ -99.9557, 43.6974 ], [ -99.955, 43.6982 ], [ -99.9471, 43.6976 ], [ -99.9452, 43.697 ], [ -99.9355, 43.6959 ], [ -99.9343, 43.6955 ], [ -99.9331, 43.6944 ], [ -99.9317, 43.6916 ], [ -99.9322, 43.6882 ], [ -99.9318, 43.6874 ], [ -99.9303, 43.6865 ], [ -99.9254, 43.6868 ], [ -99.9211, 43.6891 ], [ -99.9149, 43.6932 ], [ -99.9077, 43.6965 ], [ -99.9032, 43.7001 ], [ -99.901, 43.7008 ], [ -99.8982, 43.7008 ], [ -99.8936, 43.6985 ], [ -99.8926, 43.6973 ], [ -99.892, 43.6958 ], [ -99.8913, 43.6913 ], [ -99.89, 43.6898 ], [ -99.8859, 43.687 ], [ -99.8851, 43.6859 ], [ -99.8855, 43.6834 ], [ -99.889, 43.6799 ], [ -99.8893, 43.6782 ], [ -99.8885, 43.6773 ], [ -99.8878, 43.6769 ], [ -99.8844, 43.6772 ], [ -99.8828, 43.6766 ], [ -99.8804, 43.6747 ], [ -99.8787, 43.6741 ], [ -99.8753, 43.6734 ], [ -99.8725, 43.6711 ], [ -99.8717, 43.6707 ], [ -99.8706, 43.6707 ], [ -99.867, 43.673 ], [ -99.8622, 43.6786 ], [ -99.862, 43.6829 ], [ -99.8629, 43.684 ], [ -99.8643, 43.685 ], [ -99.8727, 43.6883 ], [ -99.8731, 43.6891 ], [ -99.8724, 43.6897 ], [ -99.8667, 43.6917 ], [ -99.8629, 43.692 ], [ -99.8585, 43.6916 ], [ -99.8572, 43.6912 ], [ -99.8557, 43.6901 ], [ -99.8538, 43.688 ], [ -99.8521, 43.6879 ], [ -99.8512, 43.6884 ], [ -99.851, 43.69 ], [ -99.8517, 43.6914 ], [ -99.8537, 43.6937 ], [ -99.8584, 43.6974 ], [ -99.8614, 43.6985 ], [ -99.8619, 43.6993 ], [ -99.8612, 43.7006 ], [ -99.8597, 43.7012 ], [ -99.8566, 43.7013 ], [ -99.853, 43.7006 ], [ -99.8469, 43.6956 ], [ -99.8455, 43.6935 ], [ -99.8434, 43.692 ], [ -99.8414, 43.689 ], [ -99.8399, 43.6887 ], [ -99.8378, 43.6891 ], [ -99.828, 43.6929 ], [ -99.8156, 43.6971 ], [ -99.8118, 43.6989 ], [ -99.8021, 43.7006 ], [ -99.7997, 43.702 ], [ -99.7981, 43.7038 ], [ -99.7995, 43.7089 ], [ -99.7994, 43.7108 ], [ -99.7986, 43.7116 ], [ -99.7937, 43.7115 ], [ -99.7902, 43.7106 ], [ -99.7839, 43.7097 ], [ -99.7808, 43.7098 ], [ -99.7763, 43.7108 ], [ -99.7717, 43.7134 ], [ -99.7691, 43.713 ], [ -99.7609, 43.7093 ], [ -99.7577, 43.7086 ], [ -99.7549, 43.7091 ], [ -99.7509, 43.7104 ], [ -99.7474, 43.71 ], [ -99.7458, 43.7103 ], [ -99.7451, 43.7117 ], [ -99.7459, 43.7136 ], [ -99.7481, 43.7157 ], [ -99.7543, 43.718 ], [ -99.7557, 43.7192 ], [ -99.7569, 43.7209 ], [ -99.7572, 43.7248 ], [ -99.7578, 43.7261 ], [ -99.7609, 43.7275 ], [ -99.7624, 43.7287 ], [ -99.7635, 43.731 ], [ -99.7638, 43.7367 ], [ -99.7621, 43.7396 ], [ -99.7587, 43.7425 ], [ -99.7506, 43.7477 ], [ -99.7462, 43.7487 ], [ -99.745, 43.7488 ], [ -99.7414, 43.7479 ], [ -99.7404, 43.7472 ], [ -99.7392, 43.744 ], [ -99.7401, 43.7422 ], [ -99.7398, 43.7414 ], [ -99.7389, 43.7407 ], [ -99.7383, 43.7373 ], [ -99.7364, 43.7354 ], [ -99.7361, 43.7328 ], [ -99.7365, 43.7305 ], [ -99.7386, 43.7253 ], [ -99.74, 43.7247 ], [ -99.7402, 43.7237 ], [ -99.7397, 43.7228 ], [ -99.7362, 43.7205 ], [ -99.7336, 43.7194 ], [ -99.73, 43.7188 ], [ -99.7266, 43.7198 ], [ -99.7258, 43.7208 ], [ -99.7238, 43.7217 ], [ -99.721, 43.7258 ], [ -99.7168, 43.7285 ], [ -99.7146, 43.7296 ], [ -99.7135, 43.7314 ], [ -99.7109, 43.7331 ], [ -99.7098, 43.7371 ], [ -99.7104, 43.742 ], [ -99.7085, 43.7446 ], [ -99.7088, 43.7459 ], [ -99.7069, 43.7496 ], [ -99.7046, 43.7514 ], [ -99.7023, 43.752 ], [ -99.7006, 43.7533 ], [ -99.6983, 43.7573 ], [ -99.6965, 43.7589 ], [ -99.6944, 43.7601 ], [ -99.693, 43.7605 ], [ -99.6912, 43.7603 ], [ -99.6893, 43.7593 ], [ -99.6865, 43.7584 ], [ -99.6837, 43.7559 ], [ -99.682, 43.7531 ], [ -99.6818, 43.7508 ], [ -99.681, 43.7494 ], [ -99.6814, 43.748 ], [ -99.6827, 43.7461 ], [ -99.683, 43.7449 ], [ -99.685, 43.7428 ], [ -99.6854, 43.7418 ], [ -99.689, 43.7383 ], [ -99.6908, 43.7342 ], [ -99.6905, 43.7325 ], [ -99.6895, 43.7308 ], [ -99.6867, 43.7286 ], [ -99.6843, 43.7278 ], [ -99.6805, 43.7281 ], [ -99.6754, 43.7279 ], [ -99.6717, 43.7286 ], [ -99.6675, 43.7303 ], [ -99.667, 43.7312 ], [ -99.6642, 43.7332 ], [ -99.6623, 43.7355 ], [ -99.6619, 43.7413 ], [ -99.6623, 43.7426 ], [ -99.6636, 43.744 ], [ -99.6639, 43.7468 ], [ -99.6635, 43.7494 ], [ -99.6651, 43.7526 ], [ -99.6649, 43.7554 ], [ -99.6674, 43.7606 ], [ -99.6674, 43.7635 ], [ -99.6669, 43.7642 ], [ -99.6627, 43.7657 ], [ -99.6617, 43.7665 ], [ -99.6582, 43.7665 ], [ -99.6558, 43.7658 ], [ -99.6478, 43.761 ], [ -99.6451, 43.76 ], [ -99.6435, 43.7584 ], [ -99.6423, 43.7543 ], [ -99.6415, 43.753 ], [ -99.6412, 43.7493 ], [ -99.6415, 43.7469 ], [ -99.6421, 43.7455 ], [ -99.6419, 43.7426 ], [ -99.6436, 43.7382 ], [ -99.6416, 43.7357 ], [ -99.6377, 43.7353 ], [ -99.6339, 43.7361 ], [ -99.6297, 43.738 ], [ -99.6274, 43.74 ], [ -99.6253, 43.7408 ], [ -99.6236, 43.7424 ], [ -99.6236, 43.4999 ], [ -99.5345, 43.4998 ], [ -99.5339, 43.4581 ], [ -99.5341, 43.0822 ], [ -99.5336, 43.0817 ], [ -99.5341, 43.0809 ], [ -99.534, 42.998 ], [ -99.6993, 42.9978 ], [ -99.7708, 42.9981 ], [ -99.86, 42.9978 ], [ -99.8699, 42.9981 ], [ -99.8756, 42.9978 ], [ -99.8897, 42.9981 ], [ -99.9503, 42.9982 ], [ -99.9608, 42.9981 ], [ -99.963, 42.9977 ], [ -100.0022, 42.9983 ], [ -100.0342, 42.9981 ], [ -100.1283, 42.9987 ], [ -100.1512, 42.9984 ], [ -100.1984, 42.9987 ], [ -100.1985, 43.1287 ], [ -100.2138, 43.1287 ], [ -100.2143, 43.4778 ], [ -100.231, 43.478 ], [ -100.2309, 43.4999 ] ], [ [ -99.935, 43.3863 ], [ -99.9294, 43.3858 ], [ -99.9294, 43.343 ], [ -99.8702, 43.343 ], [ -99.8702, 43.3284 ], [ -99.8202, 43.3285 ], [ -99.8172, 43.3295 ], [ -99.8147, 43.3298 ], [ -99.8107, 43.3339 ], [ -99.8107, 43.3718 ], [ -99.7908, 43.3718 ], [ -99.7908, 43.4153 ], [ -99.8505, 43.4153 ], [ -99.8505, 43.4008 ], [ -99.9029, 43.4008 ], [ -99.9057, 43.4005 ], [ -99.9068, 43.4008 ], [ -99.9494, 43.4009 ], [ -99.9493, 43.3863 ], [ -99.935, 43.3863 ] ] ] } },
{ "type": "Feature", "properties": { "GEOIDFQ": "1400000US46135966200", "NAME": "9662", "NAMELSAD": "Census Tract 9662" }, "geometry": { "type": "Polygon", "coordinates": [ [ [ -97.3606, 42.9524 ], [ -97.3599, 42.9432 ], [ -97.3589, 42.9377 ], [ -97.3587, 42.9311 ], [ -97.3573, 42.926 ], [ -97.3557, 42.9026 ], [ -97.3557, 42.8932 ], [ -97.3554, 42.8927 ], [ -97.338, 42.9015 ], [ -97.3305, 42.9062 ], [ -97.3282, 42.907 ], [ -97.326, 42.9075 ], [ -97.3266, 42.9047 ], [ -97.3265, 42.9022 ], [ -97.3254, 42.9008 ], [ -97.3234, 42.9002 ], [ -97.321, 42.9007 ], [ -97.3197, 42.9032 ], [ -97.3189, 42.9059 ], [ -97.3148, 42.9081 ], [ -97.3097, 42.9086 ], [ -97.2969, 42.908 ], [ -97.2905, 42.9072 ], [ -97.2872, 42.906 ], [ -97.28, 42.9014 ], [ -97.2756, 42.8935 ], [ -97.2765, 42.8851 ], [ -97.2773, 42.883 ], [ -97.2787, 42.8815 ], [ -97.2788, 42.8804 ], [ -97.2797, 42.8794 ], [ -97.2804, 42.8773 ], [ -97.2824, 42.875 ], [ -97.2842, 42.8741 ], [ -97.2876, 42.8734 ], [ -97.2887, 42.8727 ], [ -97.2904, 42.8705 ], [ -97.2914, 42.8699 ], [ -97.2959, 42.8694 ], [ -97.2969, 42.869 ], [ -97.298, 42.8674 ], [ -97.2996, 42.8673 ], [ -97.3008, 42.8645 ], [ -97.3021, 42.8657 ], [ -97.3043, 42.8668 ], [ -97.3067, 42.8676 ], [ -97.308, 42.8675 ], [ -97.3162, 42.8633 ], [ -97.3215, 42.8628 ], [ -97.3245, 42.862 ], [ -97.3263, 42.8613 ], [ -97.3285, 42.8595 ], [ -97.3307, 42.8584 ], [ -97.3362, 42.8568 ], [ -97.3412, 42.8559 ], [ -97.3521, 42.856 ], [ -97.3565, 42.855 ], [ -97.3596, 42.8548 ], [ -97.3618, 42.8551 ], [ -97.3686, 42.8584 ], [ -97.3714, 42.8601 ], [ -97.3758, 42.8634 ], [ -97.3767, 42.8652 ], [ -97.3879, 42.8644 ], [ -97.3887, 42.866 ], [ -97.3809, 42.866 ], [ -97.3794, 42.8663 ], [ -97.379, 42.8678 ], [ -97.3796, 42.8686 ], [ -97.3817, 42.8691 ], [ -97.3807, 42.8707 ], [ -97.3816, 42.8723 ], [ -97.3808, 42.8743 ], [ -97.3822, 42.8748 ], [ -97.3827, 42.8743 ], [ -97.3827, 42.879 ], [ -97.3872, 42.879 ], [ -97.3871, 42.8979 ], [ -97.392, 42.8979 ], [ -97.392, 42.9089 ], [ -97.3974, 42.9089 ], [ -97.3979, 42.9523 ], [ -97.3606, 42.9524 ] ] ] } },
{ "type": "Feature", "properties": { "GEOIDFQ": "1400000US46135966100", "NAME": "9661", "NAMELSAD": "Census Tract 9661" }, "geometry": { "type": "Polygon", "coordinates": [ [ [ -97.4016, 42.8788 ], [ -97.4015, 42.8798 ], [ -97.4022, 42.8798 ], [ -97.4022, 42.8834 ], [ -97.3966, 42.8834 ], [ -97.3967, 42.8789 ], [ -97.3827, 42.879 ], [ -97.3827, 42.8743 ], [ -97.3822, 42.8748 ], [ -97.3808, 42.8743 ], [ -97.3816, 42.8723 ], [ -97.3807, 42.8707 ], [ -97.3817, 42.8691 ], [ -97.3797, 42.8687 ], [ -97.3792, 42.8683 ], [ -97.379, 42.8678 ], [ -97.3794, 42.8663 ], [ -97.3846, 42.8658 ], [ -97.3887, 42.866 ], [ -97.3879, 42.8644 ], [ -97.394, 42.8642 ], [ -97.394, 42.8669 ], [ -97.4033, 42.869 ], [ -97.4036, 42.8788 ], [ -97.4016, 42.8788 ] ] ] } },
{ "type": "Feature", "properties": { "GEOIDFQ": "1400000US46093020303", "NAME": "203.03", "NAMELSAD": "Census Tract 203.03" }, "geometry": { "type": "Polygon", "coordinates": [ [ [ -103.4499, 44.2304 ], [ -103.4453, 44.2299 ], [ -103.4419, 44.2287 ], [ -103.441, 44.2277 ], [ -103.44, 44.2254 ], [ -103.438, 44.2235 ], [ -103.436, 44.2203 ], [ -103.4364, 44.2189 ], [ -103.4358, 44.218 ], [ -103.4279, 44.215 ], [ -103.4232, 44.2122 ], [ -103.4222, 44.2106 ], [ -103.4197, 44.21 ], [ -103.4164, 44.2082 ], [ -103.4151, 44.2083 ], [ -103.414, 44.2079 ], [ -103.4121, 44.2051 ], [ -103.4108, 44.205 ], [ -103.4093, 44.2059 ], [ -103.4085, 44.206 ], [ -103.4081, 44.2051 ], [ -103.4085, 44.204 ], [ -103.4071, 44.2033 ], [ -103.4043, 44.2027 ], [ -103.4022, 44.2029 ], [ -103.4002, 44.2022 ], [ -103.3997, 44.2014 ], [ -103.3986, 44.2006 ], [ -103.3976, 44.2012 ], [ -103.3967, 44.201 ], [ -103.3964, 44.2005 ], [ -103.3959, 44.2004 ], [ -103.3967, 44.1988 ], [ -103.396, 44.1983 ], [ -103.3935, 44.1992 ], [ -103.3925, 44.1985 ], [ -103.3913, 44.1985 ], [ -103.3897, 44.1995 ], [ -103.3875, 44.202 ], [ -103.3856, 44.2028 ], [ -103.385, 44.2027 ], [ -103.3839, 44.2018 ], [ -103.3823, 44.2019 ], [ -103.3806, 44.2006 ], [ -103.3786, 44.2007 ], [ -103.3773, 44.2023 ], [ -103.3755, 44.2055 ], [ -103.3702, 44.2061 ], [ -103.3685, 44.2069 ], [ -103.3651, 44.2098 ], [ -103.3672, 44.212 ], [ -103.3669, 44.2129 ], [ -103.3655, 44.2142 ], [ -103.3657, 44.2151 ], [ -103.3483, 44.1975 ], [ -103.3238, 44.1799 ], [ -103.3225, 44.1781 ], [ -103.3201, 44.1719 ], [ -103.319, 44.1703 ], [ -103.3178, 44.1692 ], [ -103.3093, 44.1639 ], [ -103.3075, 44.1621 ], [ -103.2954, 44.1409 ], [ -103.4525, 44.1408 ], [ -103.4525, 44.2128 ], [ -103.4529, 44.232 ], [ -103.4499, 44.2304 ] ] ] } },
{ "type": "Feature", "properties": { "GEOIDFQ": "1400000US46119979100", "NAME": "9791", "NAMELSAD": "Census Tract 9791" }, "geometry": { "type": "Polygon", "coordinates": [ [ [ -100.7285, 44.7951 ], [ -100.7242, 44.8076 ], [ -100.7221, 44.8111 ], [ -100.7189, 44.8149 ], [ -100.7152, 44.8212 ], [ -100.7134, 44.8229 ], [ -100.7022, 44.8284 ], [ -100.7002, 44.8289 ], [ -100.698, 44.8289 ], [ -100.6933, 44.8283 ], [ -100.686, 44.8266 ], [ -100.6795, 44.8246 ], [ -100.6764, 44.8232 ], [ -100.6668, 44.8169 ], [ -100.6616, 44.813 ], [ -100.6589, 44.8105 ], [ -100.6473, 44.7974 ], [ -100.6417, 44.7918 ], [ -100.6335, 44.7854 ], [ -100.6254, 44.7803 ], [ -100.6195, 44.7758 ], [ -100.611, 44.7701 ], [ -100.609, 44.7694 ], [ -100.6011, 44.7678 ], [ -100.5854, 44.7647 ], [ -100.5804, 44.764 ], [ -100.5727, 44.7631 ], [ -100.5595, 44.7622 ], [ -100.5495, 44.7602 ], [ -100.5464, 44.7603 ], [ -100.5435, 44.7611 ], [ -100.5303, 44.766 ], [ -100.5269, 44.7683 ], [ -100.5203, 44.7758 ], [ -100.5173, 44.7807 ], [ -100.5149, 44.7837 ], [ -100.5033, 44.7923 ], [ -100.4968, 44.7997 ], [ -100.4875, 44.8077 ], [ -100.4751, 44.8164 ], [ -100.4681, 44.8197 ], [ -100.4588, 44.8255 ], [ -100.4382, 44.8341 ], [ -100.433, 44.837 ], [ -100.4187, 44.8434 ], [ -100.4027, 44.8568 ], [ -100.3972, 44.8627 ], [ -100.3941, 44.8673 ], [ -100.3931, 44.8705 ], [ -100.393, 44.875 ], [ -100.395, 44.8797 ], [ -100.4048, 44.8977 ], [ -100.3754, 44.8977 ], [ -100.349, 44.8983 ], [ -100.2381, 44.8978 ], [ -99.8648, 44.8977 ], [ -99.7561, 44.8973 ], [ -99.7149, 44.8976 ], [ -99.6743, 44.8975 ], [ -99.6743, 44.7945 ], [ -99.6748, 44.7821 ], [ -99.6764, 44.5481 ], [ -99.9991, 44.5484 ], [ -100.0276, 44.548 ], [ -100.0296, 44.5483 ], [ -100.0309, 44.5483 ], [ -100.0309, 44.548 ], [ -100.0358, 44.5479 ], [ -100.0398, 44.5483 ], [ -100.1644, 44.5484 ], [ -100.4363, 44.5476 ], [ -100.4741, 44.5478 ], [ -100.5265, 44.5474 ], [ -100.5279, 44.5493 ], [ -100.5294, 44.5501 ], [ -100.5342, 44.5518 ], [ -100.5381, 44.5528 ], [ -100.5489, 44.5538 ], [ -100.5595, 44.5539 ], [ -100.5812, 44.5561 ], [ -100.5878, 44.5562 ], [ -100.593, 44.5566 ], [ -100.6075, 44.5606 ], [ -100.617, 44.5646 ], [ -100.6209, 44.5667 ], [ -100.6261, 44.5711 ], [ -100.6324, 44.5756 ], [ -100.6401, 44.5837 ], [ -100.6424, 44.5883 ], [ -100.6456, 44.598 ], [ -100.6457, 44.6019 ], [ -100.6431, 44.6203 ], [ -100.6424, 44.6218 ], [ -100.6339, 44.6316 ], [ -100.6248, 44.6516 ], [ -100.6242, 44.6551 ], [ -100.6214, 44.6647 ], [ -100.6192, 44.6701 ], [ -100.6135, 44.6881 ], [ -100.6125, 44.6935 ], [ -100.6126, 44.7027 ], [ -100.6138, 44.7071 ], [ -100.6193, 44.7165 ], [ -100.6301, 44.7372 ], [ -100.6345, 44.7401 ], [ -100.6375, 44.7412 ], [ -100.6444, 44.743 ], [ -100.6495, 44.7436 ], [ -100.6657, 44.744 ], [ -100.6717, 44.7449 ], [ -100.6803, 44.7474 ], [ -100.6811, 44.7483 ], [ -100.6826, 44.7517 ], [ -100.6852, 44.7549 ], [ -100.6914, 44.7597 ], [ -100.7003, 44.7641 ], [ -100.7101, 44.7676 ], [ -100.7176, 44.7709 ], [ -100.7225, 44.7739 ], [ -100.7253, 44.7768 ], [ -100.7283, 44.7816 ], [ -100.7292, 44.7861 ], [ -100.7293, 44.7896 ], [ -100.7285, 44.7951 ] ] ] } },
{ "type": "Feature", "properties": { "GEOIDFQ": "1400000US46079960201", "NAME": "9602.01", "NAMELSAD": "Census Tract 9602.01" }, "geometry": { "type": "Polygon", "coordinates": [ [ [ -97.1494, 44.0075 ], [ -97.1305, 44.0074 ], [ -97.1273, 44.0071 ], [ -97.1083, 44.0072 ], [ -97.1067, 44.0079 ], [ -97.0694, 44.0077 ], [ -97.0696, 43.9801 ], [ -97.0711, 43.9801 ], [ -97.0731, 43.979 ], [ -97.0748, 43.9787 ], [ -97.1491, 43.9785 ], [ -97.1494, 44.0075 ] ] ] } },
{ "type": "Feature", "properties": { "GEOIDFQ": "1400000US46079960202", "NAME": "9602.02", "NAMELSAD": "Census Tract 9602.02" }, "geometry": { "type": "Polygon", "coordinates": [ [ [ -97.1284, 44.0364 ], [ -97.0896, 44.0369 ], [ -97.0695, 44.0367 ], [ -97.0694, 44.0077 ], [ -97.1067, 44.0079 ], [ -97.1083, 44.0072 ], [ -97.1273, 44.0071 ], [ -97.1305, 44.0074 ], [ -97.1494, 44.0075 ], [ -97.1495, 44.0365 ], [ -97.1284, 44.0364 ] ] ] } },
{ "type": "Feature", "properties": { "GEOIDFQ": "1400000US46029954402", "NAME": "9544.02", "NAMELSAD": "Census Tract 9544.02" }, "geometry": { "type": "Polygon", "coordinates": [ [ [ -97.1222, 44.902 ], [ -97.1221, 44.9046 ], [ -97.1187, 44.9046 ], [ -97.1188, 44.9031 ], [ -97.1172, 44.903 ], [ -97.1152, 44.9035 ], [ -97.108, 44.902 ], [ -97.1082, 44.9012 ], [ -97.1069, 44.901 ], [ -97.1076, 44.9002 ], [ -97.1116, 44.8901 ], [ -97.1269, 44.8901 ], [ -97.1222, 44.902 ] ] ] } },
{ "type": "Feature", "properties": { "GEOIDFQ": "1400000US46029954401", "NAME": "9544.01", "NAMELSAD": "Census Tract 9544.01" }, "geometry": { "type": "Polygon", "coordinates": [ [ [ -97.1076, 44.9002 ], [ -97.1069, 44.901 ], [ -97.0863, 44.8967 ], [ -97.0861, 44.8901 ], [ -97.1116, 44.8901 ], [ -97.1076, 44.9002 ] ] ] } },
{ "type": "Feature", "properties": { "GEOIDFQ": "1400000US46029954100", "NAME": "9541", "NAMELSAD": "Census Tract 9541" }, "geometry": { "type": "Polygon", "coordinates": [ [ [ -97.1493, 45.0015 ], [ -97.1469, 45.0015 ], [ -97.1468, 45.0068 ], [ -97.1444, 45.0124 ], [ -97.14, 45.0206 ], [ -97.1254, 45.0509 ], [ -97.1253, 45.052 ], [ -97.1066, 45.09 ], [ -97.1035, 45.0983 ], [ -97.1017, 45.1005 ], [ -97.0947, 45.1144 ], [ -97.0908, 45.125 ], [ -97.09, 45.125 ], [ -97.0776, 45.1509 ], [ -97.0157, 45.1505 ], [ -96.9781, 45.1506 ], [ -96.9452, 45.1502 ], [ -96.8839, 45.1502 ], [ -96.8833, 45.1166 ], [ -96.8835, 45.0927 ], [ -96.8829, 45.0782 ], [ -96.8825, 45.042 ], [ -96.8828, 45.0058 ], [ -96.8823, 44.9661 ], [ -96.882, 44.9637 ], [ -96.8827, 44.89 ], [ -96.8843, 44.89 ], [ -96.8846, 44.8044 ], [ -97.006, 44.8044 ], [ -97.1272, 44.8033 ], [ -97.127, 44.8468 ], [ -97.1087, 44.8473 ], [ -97.1089, 44.8764 ], [ -97.0573, 44.8767 ], [ -97.0567, 44.9047 ], [ -97.0865, 44.9046 ], [ -97.0864, 44.9337 ], [ -97.1284, 44.9335 ], [ -97.1465, 44.9339 ], [ -97.1469, 44.9242 ], [ -97.1767, 44.9454 ], [ -97.1493, 45.0015 ] ] ] } },
{ "type": "Feature", "properties": { "GEOIDFQ": "1400000US46061964100", "NAME": "9641", "NAMELSAD": "Census Tract 9641" }, "geometry": { "type": "Polygon", "coordinates": [ [ [ -97.9677, 43.8272 ], [ -97.9673, 43.8507 ], [ -97.9068, 43.8506 ], [ -97.8335, 43.8496 ], [ -97.7684, 43.8498 ], [ -97.7677, 43.8498 ], [ -97.7676, 43.8501 ], [ -97.7669, 43.8499 ], [ -97.7478, 43.8497 ], [ -97.6085, 43.8491 ], [ -97.609, 43.7626 ], [ -97.607, 43.7313 ], [ -97.6065, 43.6748 ], [ -97.607, 43.4998 ], [ -97.7786, 43.4998 ], [ -97.9646, 43.499 ], [ -97.9665, 43.6007 ], [ -97.9662, 43.6153 ], [ -97.9668, 43.6298 ], [ -97.9663, 43.6726 ], [ -97.968, 43.7466 ], [ -97.9684, 43.7856 ], [ -97.9679, 43.8117 ], [ -97.9684, 43.8191 ], [ -97.9677, 43.8272 ] ] ] } },
{ "type": "Feature", "properties": { "GEOIDFQ": "1400000US46035962802", "NAME": "9628.02", "NAMELSAD": "Census Tract 9628.02" }, "geometry": { "type": "Polygon", "coordinates": [ [ [ -98.0171, 43.7156 ], [ -98.0171, 43.7166 ], [ -98.0102, 43.7166 ], [ -98.0101, 43.7156 ], [ -98.0073, 43.7156 ], [ -98.0076, 43.7241 ], [ -98.0017, 43.7242 ], [ -98.0021, 43.7231 ], [ -98.0047, 43.7214 ], [ -98.0048, 43.721 ], [ -98.0042, 43.7205 ], [ -98.0024, 43.7202 ], [ -98.0016, 43.7207 ], [ -97.9982, 43.7211 ], [ -97.9976, 43.7206 ], [ -97.9966, 43.7208 ], [ -97.9963, 43.7214 ], [ -97.9956, 43.7215 ], [ -97.9944, 43.7201 ], [ -97.9945, 43.7191 ], [ -97.9953, 43.7192 ], [ -97.9954, 43.7189 ], [ -97.9947, 43.7186 ], [ -97.9951, 43.7166 ], [ -97.9935, 43.7165 ], [ -97.9932, 43.7169 ], [ -97.9913, 43.7172 ], [ -97.9908, 43.7157 ], [ -97.9899, 43.7153 ], [ -97.9893, 43.7157 ], [ -97.9893, 43.7163 ], [ -97.9903, 43.7176 ], [ -97.9899, 43.7183 ], [ -97.9888, 43.7183 ], [ -97.9856, 43.7159 ], [ -97.9859, 43.7141 ], [ -97.9852, 43.7129 ], [ -97.9839, 43.7129 ], [ -97.9831, 43.7138 ], [ -97.9824, 43.7137 ], [ -97.9813, 43.7127 ], [ -97.981, 43.7107 ], [ -97.9802, 43.7102 ], [ -97.9787, 43.7116 ], [ -97.978, 43.7114 ], [ -97.9773, 43.7104 ], [ -97.9767, 43.7076 ], [ -97.978, 43.7078 ], [ -97.9792, 43.7084 ], [ -97.9806, 43.7081 ], [ -97.9795, 43.7058 ], [ -97.9797, 43.7047 ], [ -97.9794, 43.7043 ], [ -97.9787, 43.7043 ], [ -97.9763, 43.7054 ], [ -97.9754, 43.7041 ], [ -97.9755, 43.7034 ], [ -97.975, 43.7034 ], [ -97.9741, 43.7021 ], [ -97.9721, 43.7014 ], [ -97.9695, 43.7018 ], [ -97.9683, 43.7014 ], [ -97.969, 43.6985 ], [ -97.9702, 43.697 ], [ -97.9695, 43.6962 ], [ -97.968, 43.6958 ], [ -97.9669, 43.6964 ], [ -97.9669, 43.6936 ], [ -97.9748, 43.6969 ], [ -97.9765, 43.6972 ], [ -97.9908, 43.6977 ], [ -97.9959, 43.6987 ], [ -97.9999, 43.7008 ], [ -98.0028, 43.7031 ], [ -98.0052, 43.7044 ], [ -98.0185, 43.7066 ], [ -98.0186, 43.7155 ], [ -98.0171, 43.7156 ] ] ] } },
{ "type": "Feature", "properties": { "GEOIDFQ": "1400000US46035962801", "NAME": "9628.01", "NAMELSAD": "Census Tract 9628.01" }, "geometry": { "type": "Polygon", "coordinates": [ [ [ -98.0339, 43.7166 ], [ -98.0339, 43.7177 ], [ -98.0171, 43.7178 ], [ -98.0171, 43.7156 ], [ -98.0186, 43.7155 ], [ -98.0185, 43.7066 ], [ -98.0338, 43.7091 ], [ -98.0405, 43.7096 ], [ -98.0426, 43.7102 ], [ -98.0444, 43.711 ], [ -98.0461, 43.7124 ], [ -98.0471, 43.7139 ], [ -98.0476, 43.7164 ], [ -98.0339, 43.7166 ] ] ] } },
{ "type": "Feature", "properties": { "GEOIDFQ": "1400000US46029954502", "NAME": "9545.02", "NAMELSAD": "Census Tract 9545.02" }, "geometry": { "type": "Polygon", "coordinates": [ [ [ -97.2539, 44.9127 ], [ -97.2513, 44.9161 ], [ -97.2504, 44.919 ], [ -97.2497, 44.9196 ], [ -97.2423, 44.9199 ], [ -97.2369, 44.9216 ], [ -97.2353, 44.9227 ], [ -97.2344, 44.9225 ], [ -97.2323, 44.9214 ], [ -97.231, 44.9217 ], [ -97.2308, 44.9223 ], [ -97.2325, 44.927 ], [ -97.2329, 44.9325 ], [ -97.2321, 44.9347 ], [ -97.2291, 44.9382 ], [ -97.2282, 44.9402 ], [ -97.2207, 44.9445 ], [ -97.2182, 44.9451 ], [ -97.2114, 44.9477 ], [ -97.201, 44.9511 ], [ -97.188, 44.9502 ], [ -97.188, 44.9508 ], [ -97.1828, 44.9489 ], [ -97.179, 44.9469 ], [ -97.1469, 44.9242 ], [ -97.1465, 44.9339 ], [ -97.1297, 44.9336 ], [ -97.1287, 44.9312 ], [ -97.1248, 44.9105 ], [ -97.1221, 44.9046 ], [ -97.122, 44.9033 ], [ -97.1269, 44.8901 ], [ -97.1804, 44.8906 ], [ -97.2492, 44.8906 ], [ -97.249, 44.9023 ], [ -97.2529, 44.9051 ], [ -97.2548, 44.9097 ], [ -97.2539, 44.9127 ] ] ] } },
{ "type": "Feature", "properties": { "GEOIDFQ": "1400000US46029954600", "NAME": "9546", "NAMELSAD": "Census Tract 9546" }, "geometry": { "type": "Polygon", "coordinates": [ [ [ -97.4939, 45.0284 ], [ -97.4942, 45.0402 ], [ -97.4943, 45.1516 ], [ -97.3702, 45.1519 ], [ -97.2453, 45.1512 ], [ -97.24, 45.1512 ], [ -97.2377, 45.1519 ], [ -97.1329, 45.1518 ], [ -97.0825, 45.1513 ], [ -97.0776, 45.1509 ], [ -97.09, 45.125 ], [ -97.0908, 45.125 ], [ -97.0947, 45.1144 ], [ -97.1017, 45.1005 ], [ -97.1035, 45.0983 ], [ -97.1066, 45.09 ], [ -97.1253, 45.052 ], [ -97.1254, 45.0509 ], [ -97.14, 45.0206 ], [ -97.1444, 45.0124 ], [ -97.1468, 45.0068 ], [ -97.1469, 45.0015 ], [ -97.1493, 45.0015 ], [ -97.1762, 44.9458 ], [ -97.1767, 44.9453 ], [ -97.1818, 44.9485 ], [ -97.188, 44.9508 ], [ -97.188, 44.9502 ], [ -97.2003, 44.9512 ], [ -97.2083, 44.9488 ], [ -97.2182, 44.9451 ], [ -97.2212, 44.9443 ], [ -97.2286, 44.94 ], [ -97.2289, 44.9385 ], [ -97.2323, 44.9343 ], [ -97.2329, 44.9318 ], [ -97.2325, 44.9274 ], [ -97.2308, 44.9223 ], [ -97.2311, 44.9216 ], [ -97.2323, 44.9214 ], [ -97.2344, 44.9225 ], [ -97.2353, 44.9227 ], [ -97.2369, 44.9216 ], [ -97.2423, 44.9199 ], [ -97.2497, 44.9196 ], [ -97.2504, 44.919 ], [ -97.2513, 44.9161 ], [ -97.2538, 44.913 ], [ -97.2547, 44.91 ], [ -97.2529, 44.9051 ], [ -97.249, 44.9023 ], [ -97.2492, 44.8904 ], [ -97.2482, 44.8881 ], [ -97.2482, 44.8767 ], [ -97.2285, 44.8766 ], [ -97.2286, 44.8646 ], [ -97.2297, 44.86 ], [ -97.2287, 44.8573 ], [ -97.2288, 44.8476 ], [ -97.1884, 44.847 ], [ -97.1474, 44.8472 ], [ -97.127, 44.8468 ], [ -97.1272, 44.8033 ], [ -97.2503, 44.8042 ], [ -97.3699, 44.8039 ], [ -97.4913, 44.804 ], [ -97.4912, 44.8913 ], [ -97.4942, 44.8913 ], [ -97.4938, 44.9023 ], [ -97.494, 44.9286 ], [ -97.4944, 44.9327 ], [ -97.4941, 44.9344 ], [ -97.4942, 44.9347 ], [ -97.4947, 44.9347 ], [ -97.4939, 45.0284 ] ] ] } },
{ "type": "Feature", "properties": { "GEOIDFQ": "1400000US46033965100", "NAME": "9651", "NAMELSAD": "Census Tract 9651" }, "geometry": { "type": "Polygon", "coordinates": [ [ [ -103.8755, 43.8547 ], [ -103.7505, 43.8549 ], [ -103.632, 43.8555 ], [ -103.6345, 43.8529 ], [ -103.6352, 43.8516 ], [ -103.6354, 43.8466 ], [ -103.6389, 43.8382 ], [ -103.6392, 43.8341 ], [ -103.6411, 43.8305 ], [ -103.64, 43.8234 ], [ -103.6407, 43.806 ], [ -103.64, 43.804 ], [ -103.6383, 43.8025 ], [ -103.64, 43.8015 ], [ -103.6489, 43.8003 ], [ -103.6522, 43.8003 ], [ -103.654, 43.7977 ], [ -103.6554, 43.7967 ], [ -103.656, 43.7956 ], [ -103.6585, 43.7939 ], [ -103.6561, 43.7903 ], [ -103.6561, 43.7897 ], [ -103.6574, 43.7882 ], [ -103.6573, 43.7874 ], [ -103.6557, 43.7869 ], [ -103.6543, 43.7858 ], [ -103.6525, 43.7837 ], [ -103.6523, 43.7831 ], [ -103.651, 43.7826 ], [ -103.6503, 43.7816 ], [ -103.6506, 43.7804 ], [ -103.6516, 43.7801 ], [ -103.6531, 43.7786 ], [ -103.6531, 43.7769 ], [ -103.654, 43.7769 ], [ -103.6552, 43.778 ], [ -103.6567, 43.7776 ], [ -103.6573, 43.7768 ], [ -103.6571, 43.7753 ], [ -103.656, 43.7737 ], [ -103.6557, 43.7697 ], [ -103.6543, 43.7683 ], [ -103.6548, 43.768 ], [ -103.6548, 43.7672 ], [ -103.6562, 43.7669 ], [ -103.6533, 43.7639 ], [ -103.6495, 43.761 ], [ -103.6444, 43.7582 ], [ -103.6393, 43.7564 ], [ -103.6368, 43.7562 ], [ -103.6349, 43.7564 ], [ -103.6328, 43.7574 ], [ -103.6301, 43.7563 ], [ -103.6351, 43.7513 ], [ -103.6385, 43.7496 ], [ -103.6435, 43.7465 ], [ -103.6431, 43.7455 ], [ -103.6431, 43.742 ], [ -103.6412, 43.7402 ], [ -103.6377, 43.7397 ], [ -103.6354, 43.7381 ], [ -103.6348, 43.7354 ], [ -103.635, 43.7351 ], [ -103.6362, 43.7346 ], [ -103.6364, 43.734 ], [ -103.6359, 43.7332 ], [ -103.6335, 43.7312 ], [ -103.6339, 43.7297 ], [ -103.6336, 43.7286 ], [ -103.631, 43.7269 ], [ -103.6296, 43.7249 ], [ -103.6276, 43.7234 ], [ -103.6261, 43.7211 ], [ -103.6234, 43.7192 ], [ -103.6233, 43.7181 ], [ -103.6224, 43.7163 ], [ -103.6195, 43.7145 ], [ -103.6194, 43.7133 ], [ -103.6199, 43.7119 ], [ -103.6187, 43.7092 ], [ -103.6191, 43.7076 ], [ -103.6177, 43.7059 ], [ -103.6157, 43.7013 ], [ -103.614, 43.6999 ], [ -103.6132, 43.6972 ], [ -103.6135, 43.6966 ], [ -103.6111, 43.6959 ], [ -103.6094, 43.6959 ], [ -103.6077, 43.6954 ], [ -103.6053, 43.6955 ], [ -103.603, 43.689 ], [ -103.6001, 43.6849 ], [ -103.601, 43.6791 ], [ -103.6006, 43.677 ], [ -103.5972, 43.6711 ], [ -103.5913, 43.6659 ], [ -103.59, 43.6643 ], [ -103.5894, 43.6649 ], [ -103.5885, 43.6673 ], [ -103.5869, 43.6689 ], [ -103.5866, 43.6703 ], [ -103.5857, 43.6711 ], [ -103.5852, 43.6732 ], [ -103.5831, 43.6759 ], [ -103.5794, 43.6843 ], [ -103.5804, 43.6887 ], [ -103.5805, 43.6936 ], [ -103.5825, 43.6978 ], [ -103.5832, 43.708 ], [ -103.5817, 43.7239 ], [ -103.5802, 43.7449 ], [ -103.5786, 43.7509 ], [ -103.5801, 43.7566 ], [ -103.5812, 43.7587 ], [ -103.5815, 43.7587 ], [ -103.583, 43.76 ], [ -103.5863, 43.7634 ], [ -103.5881, 43.7629 ], [ -103.5906, 43.7682 ], [ -103.5907, 43.7688 ], [ -103.5897, 43.7689 ], [ -103.5855, 43.7684 ], [ -103.5851, 43.7688 ], [ -103.5848, 43.7706 ], [ -103.5874, 43.7752 ], [ -103.5867, 43.7801 ], [ -103.587, 43.7833 ], [ -103.5899, 43.7897 ], [ -103.59, 43.7928 ], [ -103.5895, 43.794 ], [ -103.5896, 43.7975 ], [ -103.5893, 43.7988 ], [ -103.591, 43.803 ], [ -103.5901, 43.8043 ], [ -103.5935, 43.8089 ], [ -103.5925, 43.8129 ], [ -103.5926, 43.8153 ], [ -103.5912, 43.8162 ], [ -103.5909, 43.8176 ], [ -103.5883, 43.8196 ], [ -103.5863, 43.8241 ], [ -103.5851, 43.8252 ], [ -103.5827, 43.8259 ], [ -103.5793, 43.8292 ], [ -103.5771, 43.8304 ], [ -103.5766, 43.8319 ], [ -103.5722, 43.8349 ], [ -103.5712, 43.835 ], [ -103.5682, 43.8343 ], [ -103.5658, 43.8354 ], [ -103.5643, 43.8367 ], [ -103.5632, 43.8371 ], [ -103.5625, 43.8378 ], [ -103.5623, 43.8387 ], [ -103.5636, 43.8412 ], [ -103.5644, 43.8418 ], [ -103.5659, 43.8421 ], [ -103.566, 43.8432 ], [ -103.5675, 43.8441 ], [ -103.5707, 43.8447 ], [ -103.571, 43.8453 ], [ -103.5724, 43.8457 ], [ -103.5739, 43.8451 ], [ -103.5746, 43.8442 ], [ -103.5757, 43.8438 ], [ -103.5769, 43.845 ], [ -103.578, 43.8448 ], [ -103.578, 43.8453 ], [ -103.579, 43.8462 ], [ -103.5777, 43.848 ], [ -103.5776, 43.8498 ], [ -103.5772, 43.8495 ], [ -103.5772, 43.8479 ], [ -103.5763, 43.8495 ], [ -103.5765, 43.8517 ], [ -103.5759, 43.8516 ], [ -103.5759, 43.8508 ], [ -103.5751, 43.8497 ], [ -103.5751, 43.8509 ], [ -103.5746, 43.8518 ], [ -103.5749, 43.8525 ], [ -103.5764, 43.853 ], [ -103.5781, 43.8558 ], [ -103.3755, 43.8566 ], [ -103.2994, 43.8563 ], [ -103.0966, 43.8568 ], [ -102.959, 43.8566 ], [ -102.6872, 43.8556 ], [ -102.6867, 43.8535 ], [ -102.6868, 43.8526 ], [ -102.6874, 43.8518 ], [ -102.692, 43.8497 ], [ -102.6937, 43.8479 ], [ -102.6938, 43.8463 ], [ -102.6928, 43.8447 ], [ -102.6897, 43.844 ], [ -102.6885, 43.8434 ], [ -102.6882, 43.8408 ], [ -102.6886, 43.8396 ], [ -102.6899, 43.8386 ], [ -102.6909, 43.8367 ], [ -102.6935, 43.8337 ], [ -102.6947, 43.8316 ], [ -102.6956, 43.8285 ], [ -102.697, 43.8267 ], [ -102.6976, 43.8247 ], [ -102.6988, 43.8231 ], [ -102.6995, 43.8199 ], [ -102.6993, 43.8162 ], [ -102.7001, 43.8149 ], [ -102.7009, 43.812 ], [ -102.7004, 43.8063 ], [ -102.6997, 43.8039 ], [ -102.6991, 43.8025 ], [ -102.696, 43.8008 ], [ -102.6954, 43.7991 ], [ -102.6959, 43.7976 ], [ -102.6964, 43.7971 ], [ -102.6987, 43.7967 ], [ -102.7037, 43.7977 ], [ -102.705, 43.7976 ], [ -102.706, 43.7971 ], [ -102.7067, 43.7956 ], [ -102.7053, 43.7926 ], [ -102.7061, 43.791 ], [ -102.7077, 43.7895 ], [ -102.7098, 43.7885 ], [ -102.7137, 43.7847 ], [ -102.7189, 43.7815 ], [ -102.724, 43.7769 ], [ -102.7257, 43.7758 ], [ -102.7322, 43.7747 ], [ -102.7336, 43.7738 ], [ -102.7353, 43.7735 ], [ -102.7378, 43.7717 ], [ -102.7388, 43.7707 ], [ -102.7389, 43.7697 ], [ -102.7383, 43.7686 ], [ -102.7374, 43.7678 ], [ -102.7335, 43.7659 ], [ -102.7332, 43.7654 ], [ -102.7336, 43.7642 ], [ -102.7359, 43.7629 ], [ -102.7379, 43.7604 ], [ -102.7395, 43.7596 ], [ -102.7442, 43.7585 ], [ -102.7475, 43.7564 ], [ -102.7507, 43.7528 ], [ -102.7518, 43.7525 ], [ -102.7526, 43.7517 ], [ -102.7537, 43.75 ], [ -102.7535, 43.7475 ], [ -102.754, 43.7462 ], [ -102.7586, 43.7411 ], [ -102.7602, 43.74 ], [ -102.7646, 43.739 ], [ -102.7658, 43.7394 ], [ -102.7681, 43.7395 ], [ -102.7699, 43.7389 ], [ -102.7717, 43.7371 ], [ -102.7732, 43.7345 ], [ -102.7732, 43.7337 ], [ -102.7705, 43.7309 ], [ -102.7703, 43.73 ], [ -102.7707, 43.7292 ], [ -102.7712, 43.7284 ], [ -102.773, 43.7272 ], [ -102.7772, 43.7268 ], [ -102.7788, 43.7241 ], [ -102.7778, 43.7214 ], [ -102.7785, 43.7205 ], [ -102.7809, 43.7201 ], [ -102.7827, 43.7207 ], [ -102.7849, 43.7223 ], [ -102.7914, 43.7218 ], [ -102.793, 43.7197 ], [ -102.7925, 43.7184 ], [ -102.7929, 43.7179 ], [ -102.7928, 43.7165 ], [ -102.7952, 43.7133 ], [ -102.7983, 43.7117 ], [ -102.8022, 43.711 ], [ -102.8033, 43.7102 ], [ -102.8039, 43.7065 ], [ -102.8033, 43.7047 ], [ -102.8018, 43.7026 ], [ -102.801, 43.6988 ], [ -102.8017, 43.698 ], [ -102.8041, 43.6975 ], [ -102.8095, 43.6975 ], [ -102.8113, 43.6971 ], [ -102.8131, 43.696 ], [ -102.8141, 43.6946 ], [ -102.8143, 43.6936 ], [ -102.8169, 43.6912 ], [ -102.8173, 43.6903 ], [ -102.8171, 43.6897 ], [ -102.816, 43.6889 ], [ -102.8117, 43.6885 ], [ -102.8101, 43.688 ], [ -102.8087, 43.687 ], [ -102.8081, 43.6861 ], [ -102.809, 43.6843 ], [ -102.8093, 43.6826 ], [ -102.8128, 43.6792 ], [ -102.8132, 43.6781 ], [ -102.8153, 43.6753 ], [ -102.8161, 43.6735 ], [ -102.8161, 43.6718 ], [ -102.8143, 43.6706 ], [ -102.8136, 43.6692 ], [ -102.8138, 43.6676 ], [ -102.8237, 43.6644 ], [ -102.8256, 43.6595 ], [ -102.8274, 43.6577 ], [ -102.8288, 43.6571 ], [ -102.8306, 43.6569 ], [ -102.8325, 43.6572 ], [ -102.8345, 43.6582 ], [ -102.8407, 43.663 ], [ -102.8473, 43.6654 ], [ -102.8483, 43.6651 ], [ -102.8489, 43.6641 ], [ -102.8484, 43.6615 ], [ -102.8489, 43.66 ], [ -102.8525, 43.6583 ], [ -102.8562, 43.6583 ], [ -102.8605, 43.6588 ], [ -102.8621, 43.6597 ], [ -102.8631, 43.6627 ], [ -102.8619, 43.6675 ], [ -102.8634, 43.6689 ], [ -102.8648, 43.6691 ], [ -102.867, 43.6688 ], [ -102.8706, 43.6673 ], [ -102.8727, 43.6671 ], [ -102.8786, 43.6692 ], [ -102.8818, 43.6709 ], [ -102.8868, 43.6712 ], [ -102.8877, 43.6717 ], [ -102.8918, 43.6722 ], [ -102.9025, 43.6749 ], [ -102.9068, 43.6747 ], [ -102.9101, 43.6742 ], [ -102.9109, 43.6738 ], [ -102.9111, 43.6728 ], [ -102.9087, 43.6692 ], [ -102.9083, 43.6677 ], [ -102.9086, 43.6662 ], [ -102.9105, 43.6639 ], [ -102.9115, 43.6633 ], [ -102.9168, 43.6629 ], [ -102.9195, 43.6612 ], [ -102.9199, 43.6605 ], [ -102.9183, 43.6576 ], [ -102.9183, 43.656 ], [ -102.9191, 43.655 ], [ -102.9227, 43.6529 ], [ -102.9242, 43.6507 ], [ -102.9241, 43.649 ], [ -102.9208, 43.6443 ], [ -102.9208, 43.643 ], [ -102.9217, 43.6407 ], [ -102.9224, 43.6398 ], [ -102.9278, 43.6377 ], [ -102.9298, 43.6364 ], [ -102.9327, 43.6309 ], [ -102.9321, 43.6291 ], [ -102.9304, 43.6278 ], [ -102.9283, 43.6277 ], [ -102.9272, 43.6268 ], [ -102.9269, 43.6261 ], [ -102.9274, 43.625 ], [ -102.9286, 43.6244 ], [ -102.9309, 43.6217 ], [ -102.9318, 43.6194 ], [ -102.9326, 43.6187 ], [ -102.9375, 43.617 ], [ -102.9415, 43.6168 ], [ -102.9437, 43.6173 ], [ -102.9467, 43.6172 ], [ -102.9515, 43.6159 ], [ -102.9521, 43.6152 ], [ -102.9545, 43.6141 ], [ -102.9583, 43.6135 ], [ -102.9602, 43.6141 ], [ -102.9636, 43.6163 ], [ -102.9652, 43.6169 ], [ -102.9664, 43.617 ], [ -102.9681, 43.6165 ], [ -102.971, 43.6173 ], [ -102.9745, 43.6187 ], [ -102.9761, 43.6187 ], [ -102.9785, 43.6177 ], [ -102.9791, 43.6169 ], [ -102.9786, 43.6153 ], [ -102.9787, 43.6135 ], [ -102.9815, 43.6113 ], [ -102.9849, 43.6101 ], [ -102.9892, 43.6118 ], [ -102.9918, 43.6114 ], [ -102.9933, 43.6107 ], [ -102.9942, 43.6086 ], [ -102.9961, 43.6072 ], [ -102.999, 43.6068 ], [ -103.001, 43.6058 ], [ -103.0009, 43.4768 ], [ -103.0436, 43.4771 ], [ -103.1483, 43.4768 ], [ -103.199, 43.4772 ], [ -103.2439, 43.4771 ], [ -103.2505, 43.4774 ], [ -103.3427, 43.4778 ], [ -103.5439, 43.4774 ], [ -103.5657, 43.4777 ], [ -103.7505, 43.478 ], [ -103.7848, 43.4776 ], [ -103.9336, 43.4788 ], [ -104.0548, 43.4778 ], [ -104.0555, 43.8535 ], [ -103.8755, 43.8547 ] ] ] } },
{ "type": "Feature", "properties": { "GEOIDFQ": "1400000US46083010107", "NAME": "101.07", "NAMELSAD": "Census Tract 101.07" }, "geometry": { "type": "Polygon", "coordinates": [ [ [ -96.7474, 43.4607 ], [ -96.6587, 43.4604 ], [ -96.6584, 43.4025 ], [ -96.7472, 43.4026 ], [ -96.7474, 43.4607 ] ] ] } },
{ "type": "Feature", "properties": { "GEOIDFQ": "1400000US46025955800", "NAME": "9558", "NAMELSAD": "Census Tract 9558" }, "geometry": { "type": "Polygon", "coordinates": [ [ [ -97.9827, 44.9814 ], [ -97.9824, 44.9999 ], [ -97.982, 45.0008 ], [ -97.9824, 45.0228 ], [ -97.9819, 45.1059 ], [ -97.9821, 45.1456 ], [ -97.9818, 45.1533 ], [ -97.8873, 45.1526 ], [ -97.8587, 45.1521 ], [ -97.7191, 45.1521 ], [ -97.6979, 45.1524 ], [ -97.6182, 45.1517 ], [ -97.4943, 45.1516 ], [ -97.4942, 45.0402 ], [ -97.4939, 45.0284 ], [ -97.4947, 44.9347 ], [ -97.4942, 44.9347 ], [ -97.4941, 44.9344 ], [ -97.4944, 44.9327 ], [ -97.494, 44.9271 ], [ -97.4938, 44.9023 ], [ -97.4942, 44.8913 ], [ -97.4912, 44.8913 ], [ -97.4912, 44.8795 ], [ -97.4923, 44.5439 ], [ -97.8563, 44.5444 ], [ -97.8562, 44.6312 ], [ -97.9778, 44.6316 ], [ -97.9768, 44.75 ], [ -97.9772, 44.8923 ], [ -97.9828, 44.8923 ], [ -97.9827, 44.9814 ] ] ] } },
{ "type": "Feature", "properties": { "GEOIDFQ": "1400000US46011958805", "NAME": "9588.05", "NAMELSAD": "Census Tract 9588.05" }, "geometry": { "type": "Polygon", "coordinates": [ [ [ -96.8489, 44.3552 ], [ -96.8482, 44.3696 ], [ -96.7876, 44.3694 ], [ -96.7884, 44.3188 ], [ -96.8004, 44.3189 ], [ -96.8005, 44.3169 ], [ -96.8088, 44.3171 ], [ -96.8088, 44.3089 ], [ -96.7886, 44.3046 ], [ -96.7886, 44.297 ], [ -96.8492, 44.2973 ], [ -96.8496, 44.3123 ], [ -96.8489, 44.3552 ] ] ] } },
{ "type": "Feature", "properties": { "GEOIDFQ": "1400000US46099001110", "NAME": "11.10", "NAMELSAD": "Census Tract 11.10" }, "geometry": { "type": "Polygon", "coordinates": [ [ [ -96.7835, 43.5076 ], [ -96.7608, 43.5076 ], [ -96.7584, 43.5084 ], [ -96.7511, 43.5084 ], [ -96.748, 43.5004 ], [ -96.7882, 43.5004 ], [ -96.7835, 43.5076 ] ] ] } },
{ "type": "Feature", "properties": { "GEOIDFQ": "1400000US46099001109", "NAME": "11.09", "NAMELSAD": "Census Tract 11.09" }, "geometry": { "type": "Polygon", "coordinates": [ [ [ -96.7813, 43.5111 ], [ -96.7806, 43.5133 ], [ -96.7807, 43.5308 ], [ -96.7792, 43.5302 ], [ -96.7765, 43.5279 ], [ -96.7715, 43.5264 ], [ -96.771, 43.5231 ], [ -96.7675, 43.5173 ], [ -96.7658, 43.5157 ], [ -96.7655, 43.5148 ], [ -96.7511, 43.5149 ], [ -96.7511, 43.5084 ], [ -96.7584, 43.5084 ], [ -96.7608, 43.5076 ], [ -96.7835, 43.5076 ], [ -96.7813, 43.5111 ] ] ] } },
{ "type": "Feature", "properties": { "GEOIDFQ": "1400000US46099001805", "NAME": "18.05", "NAMELSAD": "Census Tract 18.05" }, "geometry": { "type": "Polygon", "coordinates": [ [ [ -96.6814, 43.522 ], [ -96.6714, 43.5221 ], [ -96.6714, 43.5038 ], [ -96.6692, 43.5016 ], [ -96.6688, 43.5003 ], [ -96.6814, 43.5003 ], [ -96.6814, 43.522 ] ] ] } },
{ "type": "Feature", "properties": { "GEOIDFQ": "1400000US46099001111", "NAME": "11.11", "NAMELSAD": "Census Tract 11.11" }, "geometry": { "type": "Polygon", "coordinates": [ [ [ -96.8082, 43.5439 ], [ -96.8083, 43.5433 ], [ -96.81, 43.5432 ], [ -96.8104, 43.5419 ], [ -96.8126, 43.5418 ], [ -96.8128, 43.5405 ], [ -96.8121, 43.5393 ], [ -96.8095, 43.5382 ], [ -96.807, 43.5387 ], [ -96.8056, 43.5386 ], [ -96.8053, 43.538 ], [ -96.8059, 43.5369 ], [ -96.8042, 43.5359 ], [ -96.8031, 43.5358 ], [ -96.8022, 43.5343 ], [ -96.799, 43.5347 ], [ -96.7972, 43.534 ], [ -96.7941, 43.5337 ], [ -96.7909, 43.5339 ], [ -96.7909, 43.5293 ], [ -96.8009, 43.5293 ], [ -96.8009, 43.5148 ], [ -96.8109, 43.5148 ], [ -96.8117, 43.5192 ], [ -96.8154, 43.5261 ], [ -96.8158, 43.533 ], [ -96.8307, 43.5329 ], [ -96.8307, 43.5439 ], [ -96.8082, 43.5439 ] ] ] } },
{ "type": "Feature", "properties": { "GEOIDFQ": "1400000US46099000702", "NAME": "7.02", "NAMELSAD": "Census Tract 7.02" }, "geometry": { "type": "Polygon", "coordinates": [ [ [ -96.7328, 43.5512 ], [ -96.7327, 43.5401 ], [ -96.7341, 43.5405 ], [ -96.7341, 43.5402 ], [ -96.7413, 43.5402 ], [ -96.7412, 43.5434 ], [ -96.7426, 43.5442 ], [ -96.7427, 43.5512 ], [ -96.7328, 43.5512 ] ] ] } },
{ "type": "Feature", "properties": { "GEOIDFQ": "1400000US46099001806", "NAME": "18.06", "NAMELSAD": "Census Tract 18.06" }, "geometry": { "type": "Polygon", "coordinates": [ [ [ -96.6636, 43.5148 ], [ -96.6636, 43.5155 ], [ -96.6648, 43.5154 ], [ -96.6648, 43.5199 ], [ -96.6655, 43.5207 ], [ -96.6655, 43.5217 ], [ -96.6674, 43.5233 ], [ -96.6675, 43.5294 ], [ -96.6518, 43.5294 ], [ -96.6516, 43.5082 ], [ -96.6498, 43.5004 ], [ -96.6688, 43.5003 ], [ -96.6692, 43.5016 ], [ -96.6714, 43.5038 ], [ -96.6714, 43.5148 ], [ -96.6636, 43.5148 ] ] ] } },
{ "type": "Feature", "properties": { "GEOIDFQ": "1400000US46099001112", "NAME": "11.12", "NAMELSAD": "Census Tract 11.12" }, "geometry": { "type": "Polygon", "coordinates": [ [ [ -96.8307, 43.5329 ], [ -96.8158, 43.533 ], [ -96.8154, 43.5261 ], [ -96.8117, 43.5192 ], [ -96.8109, 43.5148 ], [ -96.8308, 43.5148 ], [ -96.8307, 43.5329 ] ] ] } },
{ "type": "Feature", "properties": { "GEOIDFQ": "1400000US46099001501", "NAME": "15.01", "NAMELSAD": "Census Tract 15.01" }, "geometry": { "type": "Polygon", "coordinates": [ [ [ -96.7412, 43.5149 ], [ -96.7412, 43.5171 ], [ -96.7387, 43.5171 ], [ -96.7387, 43.5185 ], [ -96.7381, 43.5185 ], [ -96.7382, 43.5221 ], [ -96.7362, 43.5221 ], [ -96.7363, 43.5273 ], [ -96.74, 43.5273 ], [ -96.74, 43.526 ], [ -96.7412, 43.526 ], [ -96.7413, 43.5294 ], [ -96.7301, 43.5294 ], [ -96.73, 43.5208 ], [ -96.7288, 43.5207 ], [ -96.7287, 43.5185 ], [ -96.7262, 43.5185 ], [ -96.7262, 43.513 ], [ -96.7312, 43.5118 ], [ -96.7312, 43.5102 ], [ -96.7492, 43.5034 ], [ -96.7511, 43.5084 ], [ -96.7511, 43.5149 ], [ -96.7412, 43.5149 ] ] ] } },
{ "type": "Feature", "properties": { "GEOIDFQ": "1400000US46099000701", "NAME": "7.01", "NAMELSAD": "Census Tract 7.01" }, "geometry": { "type": "Polygon", "coordinates": [ [ [ -96.7241, 43.5512 ], [ -96.7256, 43.5483 ], [ -96.7253, 43.5477 ], [ -96.7221, 43.5456 ], [ -96.7194, 43.5447 ], [ -96.7195, 43.5424 ], [ -96.72, 43.5414 ], [ -96.7327, 43.5414 ], [ -96.7328, 43.5512 ], [ -96.7241, 43.5512 ] ] ] } },
{ "type": "Feature", "properties": { "GEOIDFQ": "1400000US46099001502", "NAME": "15.02", "NAMELSAD": "Census Tract 15.02" }, "geometry": { "type": "Polygon", "coordinates": [ [ [ -96.7413, 43.5402 ], [ -96.7341, 43.5402 ], [ -96.7341, 43.5405 ], [ -96.7327, 43.5401 ], [ -96.7326, 43.5349 ], [ -96.73, 43.5349 ], [ -96.7301, 43.5294 ], [ -96.7413, 43.5294 ], [ -96.7413, 43.5402 ] ] ] } },
{ "type": "Feature", "properties": { "GEOIDFQ": "1400000US46075091600", "NAME": "916", "NAMELSAD": "Census Tract 916" }, "geometry": { "type": "Polygon", "coordinates": [ [ [ -101.0641, 43.9949 ], [ -101.0468, 43.995 ], [ -101.0469, 44.1685 ], [ -101.0004, 44.1682 ], [ -100.9857, 44.1685 ], [ -100.9662, 44.1682 ], [ -100.9, 44.168 ], [ -100.8672, 44.1684 ], [ -100.8062, 44.1684 ], [ -100.7813, 44.168 ], [ -100.7786, 44.1684 ], [ -100.7731, 44.1686 ], [ -100.7558, 44.1685 ], [ -100.7504, 44.1681 ], [ -100.742, 44.1683 ], [ -100.6229, 44.1682 ], [ -100.5863, 44.1688 ], [ -100.5667, 44.1684 ], [ -100.5312, 44.1683 ], [ -100.3672, 44.1687 ], [ -100.3668, 43.9242 ], [ -100.3662, 43.847 ], [ -100.3394, 43.8471 ], [ -100.3393, 43.7391 ], [ -100.339, 43.7169 ], [ -100.3414, 43.7179 ], [ -100.3431, 43.7178 ], [ -100.3444, 43.7186 ], [ -100.3454, 43.72 ], [ -100.3459, 43.7255 ], [ -100.3474, 43.7277 ], [ -100.349, 43.7285 ], [ -100.3539, 43.7301 ], [ -100.3559, 43.7314 ], [ -100.3588, 43.7344 ], [ -100.3607, 43.7352 ], [ -100.364, 43.7358 ], [ -100.3654, 43.7367 ], [ -100.3668, 43.7383 ], [ -100.3693, 43.7392 ], [ -100.3731, 43.7386 ], [ -100.3763, 43.7333 ], [ -100.3784, 43.7315 ], [ -100.3775, 43.7299 ], [ -100.3773, 43.7283 ], [ -100.3794, 43.7265 ], [ -100.3813, 43.7261 ], [ -100.385, 43.7264 ], [ -100.3871, 43.7258 ], [ -100.3883, 43.7265 ], [ -100.3903, 43.7289 ], [ -100.3923, 43.73 ], [ -100.3958, 43.7309 ], [ -100.4013, 43.7309 ], [ -100.4067, 43.7323 ], [ -100.4154, 43.7356 ], [ -100.4178, 43.7356 ], [ -100.4185, 43.7351 ], [ -100.4183, 43.7344 ], [ -100.4143, 43.7308 ], [ -100.413, 43.7278 ], [ -100.413, 43.7262 ], [ -100.4146, 43.7221 ], [ -100.418, 43.7187 ], [ -100.4195, 43.718 ], [ -100.4226, 43.7185 ], [ -100.4261, 43.7221 ], [ -100.4273, 43.7228 ], [ -100.4344, 43.7252 ], [ -100.4407, 43.7307 ], [ -100.4428, 43.7321 ], [ -100.4442, 43.7324 ], [ -100.4459, 43.7323 ], [ -100.4469, 43.7318 ], [ -100.449, 43.7259 ], [ -100.4517, 43.7228 ], [ -100.4539, 43.7217 ], [ -100.4576, 43.721 ], [ -100.4606, 43.7211 ], [ -100.4611, 43.7213 ], [ -100.4617, 43.7226 ], [ -100.4634, 43.7233 ], [ -100.468, 43.7227 ], [ -100.4721, 43.7212 ], [ -100.4735, 43.721 ], [ -100.4742, 43.7218 ], [ -100.4733, 43.7217 ], [ -100.4728, 43.7225 ], [ -100.4681, 43.7252 ], [ -100.4664, 43.727 ], [ -100.4652, 43.7297 ], [ -100.4652, 43.7315 ], [ -100.4662, 43.7335 ], [ -100.4683, 43.7358 ], [ -100.4713, 43.7368 ], [ -100.4723, 43.7363 ], [ -100.4722, 43.7346 ], [ -100.4712, 43.7326 ], [ -100.4713, 43.7313 ], [ -100.4727, 43.7298 ], [ -100.4735, 43.728 ], [ -100.4749, 43.7272 ], [ -100.4767, 43.727 ], [ -100.479, 43.7278 ], [ -100.4798, 43.7289 ], [ -100.4811, 43.7284 ], [ -100.4821, 43.7289 ], [ -100.4827, 43.7296 ], [ -100.4834, 43.7314 ], [ -100.4848, 43.7326 ], [ -100.4857, 43.7357 ], [ -100.488, 43.7377 ], [ -100.49, 43.7383 ], [ -100.491, 43.738 ], [ -100.4931, 43.7351 ], [ -100.4955, 43.7328 ], [ -100.5, 43.7303 ], [ -100.5034, 43.7297 ], [ -100.5043, 43.7289 ], [ -100.5057, 43.7287 ], [ -100.5069, 43.7287 ], [ -100.5082, 43.7298 ], [ -100.5088, 43.7298 ], [ -100.5096, 43.7288 ], [ -100.5146, 43.7299 ], [ -100.5167, 43.7306 ], [ -100.5164, 43.7323 ], [ -100.5177, 43.7332 ], [ -100.5171, 43.7346 ], [ -100.5147, 43.7355 ], [ -100.5145, 43.7372 ], [ -100.5157, 43.7374 ], [ -100.5159, 43.738 ], [ -100.5151, 43.7407 ], [ -100.5183, 43.7442 ], [ -100.5205, 43.7457 ], [ -100.5221, 43.7463 ], [ -100.5248, 43.7462 ], [ -100.5275, 43.7456 ], [ -100.5322, 43.7412 ], [ -100.5342, 43.7398 ], [ -100.5343, 43.7394 ], [ -100.5397, 43.7373 ], [ -100.5403, 43.738 ], [ -100.541, 43.7381 ], [ -100.5415, 43.7368 ], [ -100.5465, 43.737 ], [ -100.5478, 43.7379 ], [ -100.5527, 43.7374 ], [ -100.5532, 43.7371 ], [ -100.5547, 43.7372 ], [ -100.5554, 43.7384 ], [ -100.5594, 43.74 ], [ -100.5605, 43.7407 ], [ -100.5618, 43.7432 ], [ -100.5614, 43.7437 ], [ -100.5606, 43.7438 ], [ -100.5589, 43.7431 ], [ -100.5568, 43.7416 ], [ -100.5547, 43.7411 ], [ -100.5536, 43.7413 ], [ -100.5531, 43.741 ], [ -100.5511, 43.7423 ], [ -100.5503, 43.7437 ], [ -100.5505, 43.7447 ], [ -100.5499, 43.7462 ], [ -100.5498, 43.7485 ], [ -100.5504, 43.7513 ], [ -100.5521, 43.7548 ], [ -100.5528, 43.7555 ], [ -100.5535, 43.7561 ], [ -100.5545, 43.7561 ], [ -100.5612, 43.7535 ], [ -100.5628, 43.7531 ], [ -100.568, 43.7527 ], [ -100.5698, 43.753 ], [ -100.57, 43.7525 ], [ -100.5724, 43.7527 ], [ -100.5729, 43.753 ], [ -100.5732, 43.754 ], [ -100.573, 43.7549 ], [ -100.5756, 43.761 ], [ -100.5776, 43.7638 ], [ -100.5805, 43.7664 ], [ -100.5823, 43.7675 ], [ -100.5862, 43.769 ], [ -100.5879, 43.7693 ], [ -100.5922, 43.7686 ], [ -100.5943, 43.7656 ], [ -100.5963, 43.7657 ], [ -100.5974, 43.7652 ], [ -100.5999, 43.7652 ], [ -100.6015, 43.7647 ], [ -100.6022, 43.7644 ], [ -100.6013, 43.7646 ], [ -100.6025, 43.763 ], [ -100.6058, 43.7618 ], [ -100.6088, 43.7599 ], [ -100.6093, 43.7591 ], [ -100.6111, 43.7586 ], [ -100.6105, 43.7576 ], [ -100.6106, 43.7543 ], [ -100.6113, 43.7539 ], [ -100.6103, 43.7534 ], [ -100.6102, 43.7516 ], [ -100.6114, 43.751 ], [ -100.6115, 43.7505 ], [ -100.6112, 43.75 ], [ -100.6102, 43.7498 ], [ -100.6104, 43.7493 ], [ -100.6111, 43.748 ], [ -100.6129, 43.7461 ], [ -100.6141, 43.7453 ], [ -100.6159, 43.7448 ], [ -100.6169, 43.7438 ], [ -100.6178, 43.7434 ], [ -100.6192, 43.7434 ], [ -100.6217, 43.7442 ], [ -100.6238, 43.7443 ], [ -100.6249, 43.7435 ], [ -100.6342, 43.74 ], [ -100.635, 43.7402 ], [ -100.6357, 43.7389 ], [ -100.6365, 43.7385 ], [ -100.6393, 43.7381 ], [ -100.6425, 43.7381 ], [ -100.6439, 43.7386 ], [ -100.645, 43.7395 ], [ -100.6454, 43.7403 ], [ -100.6452, 43.7413 ], [ -100.6442, 43.7413 ], [ -100.642, 43.7403 ], [ -100.6403, 43.74 ], [ -100.6383, 43.7403 ], [ -100.6373, 43.7411 ], [ -100.637, 43.7429 ], [ -100.6374, 43.745 ], [ -100.6379, 43.7463 ], [ -100.6395, 43.7479 ], [ -100.6428, 43.7491 ], [ -100.6479, 43.7487 ], [ -100.6494, 43.749 ], [ -100.6507, 43.7496 ], [ -100.6547, 43.7487 ], [ -100.6576, 43.7468 ], [ -100.6585, 43.7469 ], [ -100.6613, 43.7449 ], [ -100.6612, 43.7443 ], [ -100.6636, 43.7432 ], [ -100.6673, 43.7403 ], [ -100.669, 43.7369 ], [ -100.6692, 43.7347 ], [ -100.6674, 43.7341 ], [ -100.6668, 43.7348 ], [ -100.6618, 43.7356 ], [ -100.6569, 43.7358 ], [ -100.6551, 43.7355 ], [ -100.6533, 43.7346 ], [ -100.6531, 43.7316 ], [ -100.6544, 43.7305 ], [ -100.6555, 43.7305 ], [ -100.6615, 43.729 ], [ -100.6631, 43.7278 ], [ -100.6709, 43.7251 ], [ -100.6715, 43.7244 ], [ -100.6745, 43.7231 ], [ -100.6779, 43.7224 ], [ -100.6785, 43.7218 ], [ -100.6783, 43.7202 ], [ -100.6768, 43.717 ], [ -100.6765, 43.7144 ], [ -100.6767, 43.7138 ], [ -100.6793, 43.7116 ], [ -100.6823, 43.7118 ], [ -100.6853, 43.7126 ], [ -100.6872, 43.714 ], [ -100.6888, 43.7139 ], [ -100.6895, 43.7142 ], [ -100.6898, 43.7138 ], [ -100.693, 43.7149 ], [ -100.6937, 43.7153 ], [ -100.6943, 43.7162 ], [ -100.6951, 43.7165 ], [ -100.6976, 43.7164 ], [ -100.6973, 43.7172 ], [ -100.6983, 43.7195 ], [ -100.698, 43.7206 ], [ -100.6962, 43.7222 ], [ -100.6959, 43.724 ], [ -100.6981, 43.7258 ], [ -100.6993, 43.7261 ], [ -100.6997, 43.7258 ], [ -100.7023, 43.7271 ], [ -100.7032, 43.7267 ], [ -100.7032, 43.7263 ], [ -100.701, 43.724 ], [ -100.7013, 43.7232 ], [ -100.7039, 43.7219 ], [ -100.7043, 43.7214 ], [ -100.7047, 43.7205 ], [ -100.704, 43.7193 ], [ -100.7052, 43.719 ], [ -100.7068, 43.7181 ], [ -100.7095, 43.718 ], [ -100.7131, 43.7201 ], [ -100.7161, 43.7204 ], [ -100.7185, 43.7183 ], [ -100.7192, 43.717 ], [ -100.7192, 43.715 ], [ -100.72, 43.7142 ], [ -100.7206, 43.7141 ], [ -100.7214, 43.7123 ], [ -100.7227, 43.7114 ], [ -100.7238, 43.7117 ], [ -100.724, 43.7122 ], [ -100.7238, 43.7133 ], [ -100.7225, 43.7151 ], [ -100.7231, 43.7161 ], [ -100.7254, 43.7172 ], [ -100.7249, 43.7189 ], [ -100.7254, 43.7203 ], [ -100.7264, 43.7212 ], [ -100.7284, 43.7218 ], [ -100.7312, 43.7208 ], [ -100.7315, 43.7215 ], [ -100.732, 43.7217 ], [ -100.7326, 43.7212 ], [ -100.7327, 43.7215 ], [ -100.734, 43.7209 ], [ -100.7359, 43.7211 ], [ -100.738, 43.7207 ], [ -100.7382, 43.72 ], [ -100.7391, 43.7199 ], [ -100.7395, 43.7194 ], [ -100.7395, 43.7184 ], [ -100.7389, 43.7173 ], [ -100.7367, 43.7167 ], [ -100.7296, 43.7162 ], [ -100.728, 43.7151 ], [ -100.7274, 43.714 ], [ -100.7277, 43.7113 ], [ -100.7289, 43.7094 ], [ -100.7315, 43.7081 ], [ -100.7345, 43.7075 ], [ -100.7356, 43.7082 ], [ -100.739, 43.713 ], [ -100.7406, 43.7141 ], [ -100.7425, 43.7162 ], [ -100.7427, 43.7176 ], [ -100.7434, 43.7188 ], [ -100.7441, 43.7193 ], [ -100.7468, 43.7194 ], [ -100.7483, 43.7204 ], [ -100.7529, 43.7217 ], [ -100.7537, 43.7225 ], [ -100.7536, 43.7233 ], [ -100.7525, 43.7245 ], [ -100.7516, 43.7241 ], [ -100.7507, 43.7244 ], [ -100.7458, 43.7271 ], [ -100.7441, 43.7276 ], [ -100.7432, 43.7282 ], [ -100.7422, 43.7297 ], [ -100.7418, 43.7317 ], [ -100.7423, 43.732 ], [ -100.7431, 43.7319 ], [ -100.7435, 43.7328 ], [ -100.7446, 43.7339 ], [ -100.7449, 43.7367 ], [ -100.7446, 43.7379 ], [ -100.7453, 43.7389 ], [ -100.7463, 43.739 ], [ -100.7472, 43.7388 ], [ -100.7477, 43.7352 ], [ -100.7492, 43.7344 ], [ -100.7507, 43.7342 ], [ -100.752, 43.7344 ], [ -100.7536, 43.7354 ], [ -100.7542, 43.737 ], [ -100.7557, 43.7382 ], [ -100.7576, 43.7391 ], [ -100.761, 43.7392 ], [ -100.7612, 43.7385 ], [ -100.7602, 43.7371 ], [ -100.7574, 43.736 ], [ -100.7562, 43.7351 ], [ -100.7556, 43.7326 ], [ -100.7559, 43.7327 ], [ -100.7562, 43.732 ], [ -100.7584, 43.7311 ], [ -100.7596, 43.731 ], [ -100.7614, 43.7311 ], [ -100.7618, 43.7314 ], [ -100.762, 43.7312 ], [ -100.7647, 43.7324 ], [ -100.7674, 43.7319 ], [ -100.7738, 43.7261 ], [ -100.7766, 43.7246 ], [ -100.7805, 43.724 ], [ -100.7904, 43.7258 ], [ -100.7922, 43.7272 ], [ -100.7924, 43.728 ], [ -100.7908, 43.7291 ], [ -100.7889, 43.7292 ], [ -100.7876, 43.7285 ], [ -100.7842, 43.7277 ], [ -100.7809, 43.729 ], [ -100.7768, 43.7286 ], [ -100.7755, 43.729 ], [ -100.7754, 43.7298 ], [ -100.7768, 43.7312 ], [ -100.7778, 43.7316 ], [ -100.7819, 43.7311 ], [ -100.7854, 43.7302 ], [ -100.7868, 43.7303 ], [ -100.7902, 43.7322 ], [ -100.795, 43.7339 ], [ -100.7952, 43.7344 ], [ -100.7949, 43.7349 ], [ -100.7936, 43.7353 ], [ -100.7898, 43.7346 ], [ -100.7885, 43.7349 ], [ -100.7865, 43.7373 ], [ -100.7868, 43.7402 ], [ -100.788, 43.7405 ], [ -100.7899, 43.7424 ], [ -100.7934, 43.7403 ], [ -100.7947, 43.7401 ], [ -100.796, 43.7405 ], [ -100.7967, 43.741 ], [ -100.7965, 43.7412 ], [ -100.7987, 43.7427 ], [ -100.7991, 43.7425 ], [ -100.7999, 43.7433 ], [ -100.8021, 43.7428 ], [ -100.8044, 43.7436 ], [ -100.8048, 43.7444 ], [ -100.8049, 43.7475 ], [ -100.8043, 43.7492 ], [ -100.8029, 43.7496 ], [ -100.8018, 43.7496 ], [ -100.8011, 43.7479 ], [ -100.799, 43.747 ], [ -100.7965, 43.7474 ], [ -100.7955, 43.7488 ], [ -100.7956, 43.75 ], [ -100.7946, 43.7512 ], [ -100.7946, 43.7521 ], [ -100.7957, 43.7541 ], [ -100.7972, 43.7554 ], [ -100.7986, 43.7555 ], [ -100.8001, 43.7545 ], [ -100.8019, 43.754 ], [ -100.8037, 43.7544 ], [ -100.8051, 43.7556 ], [ -100.8063, 43.7581 ], [ -100.8058, 43.7594 ], [ -100.806, 43.7616 ], [ -100.8057, 43.7635 ], [ -100.8083, 43.7668 ], [ -100.8141, 43.7667 ], [ -100.8235, 43.7684 ], [ -100.8292, 43.769 ], [ -100.8342, 43.769 ], [ -100.8364, 43.7685 ], [ -100.8367, 43.7672 ], [ -100.8341, 43.764 ], [ -100.8343, 43.7626 ], [ -100.8353, 43.7621 ], [ -100.8354, 43.7611 ], [ -100.8378, 43.7591 ], [ -100.8398, 43.7592 ], [ -100.8416, 43.7606 ], [ -100.8403, 43.7621 ], [ -100.8408, 43.7634 ], [ -100.8399, 43.7651 ], [ -100.8399, 43.7665 ], [ -100.8408, 43.7678 ], [ -100.8441, 43.7677 ], [ -100.845, 43.7679 ], [ -100.8455, 43.7683 ], [ -100.8455, 43.7696 ], [ -100.8467, 43.7719 ], [ -100.8517, 43.7801 ], [ -100.8551, 43.7838 ], [ -100.8614, 43.7888 ], [ -100.8643, 43.7892 ], [ -100.8651, 43.7886 ], [ -100.8664, 43.7837 ], [ -100.8676, 43.7821 ], [ -100.8676, 43.7814 ], [ -100.8706, 43.7803 ], [ -100.8755, 43.7808 ], [ -100.8769, 43.7828 ], [ -100.8772, 43.7856 ], [ -100.8765, 43.7865 ], [ -100.8742, 43.7871 ], [ -100.8727, 43.7878 ], [ -100.872, 43.7891 ], [ -100.8735, 43.7915 ], [ -100.8729, 43.7926 ], [ -100.8743, 43.7944 ], [ -100.8732, 43.7962 ], [ -100.8731, 43.7974 ], [ -100.8747, 43.8003 ], [ -100.8779, 43.8014 ], [ -100.8807, 43.8017 ], [ -100.884, 43.8013 ], [ -100.8845, 43.7999 ], [ -100.8834, 43.7979 ], [ -100.8828, 43.7949 ], [ -100.8833, 43.7937 ], [ -100.8851, 43.7919 ], [ -100.8856, 43.7917 ], [ -100.8896, 43.7916 ], [ -100.8954, 43.793 ], [ -100.9001, 43.7936 ], [ -100.902, 43.7944 ], [ -100.9019, 43.7963 ], [ -100.9002, 43.7964 ], [ -100.897, 43.7959 ], [ -100.8933, 43.7971 ], [ -100.8929, 43.7978 ], [ -100.8939, 43.8006 ], [ -100.8951, 43.7999 ], [ -100.8975, 43.8005 ], [ -100.9022, 43.8005 ], [ -100.9048, 43.8001 ], [ -100.9073, 43.8005 ], [ -100.9092, 43.8018 ], [ -100.911, 43.8053 ], [ -100.9124, 43.807 ], [ -100.9121, 43.809 ], [ -100.9107, 43.8096 ], [ -100.9089, 43.8095 ], [ -100.9066, 43.8063 ], [ -100.9048, 43.8052 ], [ -100.9023, 43.8046 ], [ -100.9011, 43.8047 ], [ -100.8994, 43.8053 ], [ -100.8976, 43.8069 ], [ -100.897, 43.8094 ], [ -100.8978, 43.812 ], [ -100.8999, 43.8137 ], [ -100.9015, 43.8137 ], [ -100.9046, 43.8143 ], [ -100.9072, 43.8138 ], [ -100.9082, 43.8133 ], [ -100.9091, 43.8123 ], [ -100.9095, 43.8124 ], [ -100.9113, 43.8116 ], [ -100.9119, 43.8117 ], [ -100.9125, 43.8125 ], [ -100.9166, 43.8143 ], [ -100.9173, 43.8156 ], [ -100.9177, 43.8203 ], [ -100.9182, 43.822 ], [ -100.9198, 43.8239 ], [ -100.9237, 43.8263 ], [ -100.9299, 43.8309 ], [ -100.9315, 43.8313 ], [ -100.9363, 43.8314 ], [ -100.9406, 43.8309 ], [ -100.9411, 43.8282 ], [ -100.9433, 43.8244 ], [ -100.9444, 43.8172 ], [ -100.9456, 43.8151 ], [ -100.9483, 43.8132 ], [ -100.9528, 43.8112 ], [ -100.956, 43.8103 ], [ -100.9588, 43.8101 ], [ -100.9605, 43.8108 ], [ -100.9604, 43.8117 ], [ -100.9578, 43.8122 ], [ -100.9557, 43.812 ], [ -100.9546, 43.8125 ], [ -100.9538, 43.8135 ], [ -100.9536, 43.8165 ], [ -100.954, 43.8173 ], [ -100.9547, 43.8178 ], [ -100.956, 43.8181 ], [ -100.9583, 43.8166 ], [ -100.9604, 43.8158 ], [ -100.962, 43.8157 ], [ -100.9646, 43.8159 ], [ -100.9701, 43.8176 ], [ -100.9723, 43.8205 ], [ -100.973, 43.8246 ], [ -100.9738, 43.8268 ], [ -100.9737, 43.8272 ], [ -100.9729, 43.8273 ], [ -100.9725, 43.8278 ], [ -100.9711, 43.8284 ], [ -100.9687, 43.8282 ], [ -100.9674, 43.8269 ], [ -100.9653, 43.8263 ], [ -100.9621, 43.8271 ], [ -100.9599, 43.829 ], [ -100.9593, 43.8304 ], [ -100.9593, 43.8327 ], [ -100.9603, 43.8357 ], [ -100.9616, 43.8364 ], [ -100.9629, 43.8343 ], [ -100.9645, 43.833 ], [ -100.9698, 43.8311 ], [ -100.9739, 43.831 ], [ -100.9764, 43.8316 ], [ -100.9815, 43.8333 ], [ -100.9828, 43.8334 ], [ -100.9838, 43.8346 ], [ -100.9811, 43.8362 ], [ -100.9806, 43.8377 ], [ -100.9829, 43.8401 ], [ -100.9838, 43.8406 ], [ -100.9856, 43.8404 ], [ -100.9865, 43.8408 ], [ -100.9872, 43.8423 ], [ -100.9871, 43.8434 ], [ -100.9854, 43.847 ], [ -100.9859, 43.8484 ], [ -100.987, 43.8491 ], [ -100.9919, 43.8501 ], [ -100.9956, 43.8498 ], [ -100.9998, 43.8471 ], [ -101.0006, 43.8468 ], [ -101.002, 43.847 ], [ -101.002, 43.8465 ], [ -101.0027, 43.8457 ], [ -101.0048, 43.8446 ], [ -101.0061, 43.8447 ], [ -101.0092, 43.8422 ], [ -101.0112, 43.8412 ], [ -101.0121, 43.8426 ], [ -101.0132, 43.8433 ], [ -101.0187, 43.8431 ], [ -101.0204, 43.8427 ], [ -101.0218, 43.8418 ], [ -101.0235, 43.8416 ], [ -101.0251, 43.8421 ], [ -101.0274, 43.8422 ], [ -101.03, 43.8429 ], [ -101.0308, 43.8428 ], [ -101.0319, 43.8433 ], [ -101.0323, 43.8444 ], [ -101.0314, 43.8474 ], [ -101.0301, 43.8487 ], [ -101.0268, 43.8497 ], [ -101.0255, 43.8509 ], [ -101.0249, 43.8523 ], [ -101.0297, 43.8577 ], [ -101.0309, 43.858 ], [ -101.0323, 43.8575 ], [ -101.0326, 43.8571 ], [ -101.033, 43.8547 ], [ -101.0348, 43.8519 ], [ -101.0387, 43.8512 ], [ -101.041, 43.851 ], [ -101.0428, 43.8527 ], [ -101.0453, 43.8525 ], [ -101.0484, 43.8515 ], [ -101.0501, 43.8516 ], [ -101.0511, 43.8542 ], [ -101.0517, 43.8541 ], [ -101.0529, 43.8545 ], [ -101.0558, 43.8546 ], [ -101.0586, 43.8538 ], [ -101.059, 43.8531 ], [ -101.059, 43.8523 ], [ -101.057, 43.8491 ], [ -101.0572, 43.8474 ], [ -101.0578, 43.8472 ], [ -101.0577, 43.8463 ], [ -101.0586, 43.8453 ], [ -101.0621, 43.8445 ], [ -101.0643, 43.8411 ], [ -101.064, 43.8546 ], [ -101.0644, 43.8659 ], [ -101.0641, 43.9949 ] ] ] } },
{ "type": "Feature", "properties": { "GEOIDFQ": "1400000US46121940100", "NAME": "9401", "NAMELSAD": "Census Tract 9401" }, "geometry": { "type": "Polygon", "coordinates": [ [ [ -101.228, 43.2139 ], [ -101.225, 43.2153 ], [ -101.2085, 43.2302 ], [ -101.2058, 43.2316 ], [ -101.204, 43.2321 ], [ -101.2019, 43.2321 ], [ -101.1996, 43.2317 ], [ -101.198, 43.231 ], [ -101.1866, 43.2226 ], [ -101.1844, 43.2216 ], [ -101.1623, 43.2173 ], [ -101.1604, 43.2171 ], [ -101.1579, 43.2175 ], [ -101.1551, 43.2188 ], [ -101.1218, 43.2413 ], [ -101.1196, 43.2421 ], [ -101.1116, 43.2435 ], [ -101.1096, 43.2442 ], [ -101.1067, 43.246 ], [ -101.1047, 43.248 ], [ -101.1035, 43.2504 ], [ -101.1017, 43.2604 ], [ -101.1003, 43.2623 ], [ -101.0981, 43.2636 ], [ -101.0725, 43.2714 ], [ -101.0517, 43.2742 ], [ -101.0496, 43.2748 ], [ -101.03, 43.2873 ], [ -101.0069, 43.2938 ], [ -100.9867, 43.2942 ], [ -100.984, 43.2949 ], [ -100.972, 43.3003 ], [ -100.9688, 43.3011 ], [ -100.9361, 43.3013 ], [ -100.9182, 43.3028 ], [ -100.9131, 43.3038 ], [ -100.9084, 43.3058 ], [ -100.9043, 43.3087 ], [ -100.9024, 43.3107 ], [ -100.8956, 43.3201 ], [ -100.8944, 43.3212 ], [ -100.8926, 43.3221 ], [ -100.8783, 43.3265 ], [ -100.8742, 43.3265 ], [ -100.8491, 43.3207 ], [ -100.8354, 43.3179 ], [ -100.8169, 43.3158 ], [ -100.812, 43.3143 ], [ -100.7924, 43.3056 ], [ -100.7901, 43.3049 ], [ -100.7628, 43.303 ], [ -100.7504, 43.3029 ], [ -100.7492, 43.2168 ], [ -100.7486, 43.1311 ], [ -100.7481, 43.1271 ], [ -100.7479, 42.9982 ], [ -101.1408, 42.9979 ], [ -101.228, 42.9976 ], [ -101.228, 43.2139 ] ] ] } },
{ "type": "Feature", "properties": { "GEOIDFQ": "1400000US46121940200", "NAME": "9402", "NAMELSAD": "Census Tract 9402" }, "geometry": { "type": "Polygon", "coordinates": [ [ [ -101.2282, 43.3892 ], [ -101.0407, 43.3891 ], [ -100.9918, 43.3895 ], [ -100.8335, 43.3897 ], [ -100.8287, 43.3894 ], [ -100.8194, 43.3897 ], [ -100.5644, 43.3902 ], [ -100.3325, 43.39 ], [ -100.2141, 43.3904 ], [ -100.2138, 43.1287 ], [ -100.1985, 43.1287 ], [ -100.1984, 42.9987 ], [ -100.5156, 42.9993 ], [ -100.6139, 42.9982 ], [ -100.7479, 42.9982 ], [ -100.7481, 43.1271 ], [ -100.7486, 43.1311 ], [ -100.7492, 43.2168 ], [ -100.7504, 43.3029 ], [ -100.7628, 43.303 ], [ -100.7901, 43.3049 ], [ -100.7924, 43.3056 ], [ -100.812, 43.3143 ], [ -100.8164, 43.3157 ], [ -100.8362, 43.318 ], [ -100.8491, 43.3207 ], [ -100.8742, 43.3265 ], [ -100.8777, 43.3266 ], [ -100.8926, 43.3221 ], [ -100.8944, 43.3212 ], [ -100.8956, 43.3201 ], [ -100.9024, 43.3107 ], [ -100.9043, 43.3087 ], [ -100.9084, 43.3058 ], [ -100.9131, 43.3038 ], [ -100.9182, 43.3028 ], [ -100.9361, 43.3013 ], [ -100.9688, 43.3011 ], [ -100.972, 43.3003 ], [ -100.984, 43.2949 ], [ -100.9867, 43.2942 ], [ -101.0069, 43.2938 ], [ -101.03, 43.2873 ], [ -101.0496, 43.2748 ], [ -101.0517, 43.2742 ], [ -101.0725, 43.2714 ], [ -101.0981, 43.2636 ], [ -101.1003, 43.2623 ], [ -101.1017, 43.2604 ], [ -101.1035, 43.2504 ], [ -101.1047, 43.248 ], [ -101.1067, 43.246 ], [ -101.1096, 43.2442 ], [ -101.1116, 43.2435 ], [ -101.1201, 43.242 ], [ -101.1224, 43.241 ], [ -101.1551, 43.2188 ], [ -101.1572, 43.2177 ], [ -101.1601, 43.2172 ], [ -101.1623, 43.2173 ], [ -101.1844, 43.2216 ], [ -101.1866, 43.2226 ], [ -101.198, 43.231 ], [ -101.2007, 43.2319 ], [ -101.2036, 43.2321 ], [ -101.2058, 43.2316 ], [ -101.2082, 43.2304 ], [ -101.2243, 43.2159 ], [ -101.2262, 43.2146 ], [ -101.228, 43.2139 ], [ -101.2282, 43.3892 ] ] ] } },
{ "type": "Feature", "properties": { "GEOIDFQ": "1400000US46127020200", "NAME": "202", "NAMELSAD": "Census Tract 202" }, "geometry": { "type": "Polygon", "coordinates": [ [ [ -96.8063, 42.8228 ], [ -96.7081, 42.8228 ], [ -96.6882, 42.8226 ], [ -96.687, 42.8222 ], [ -96.6633, 42.8222 ], [ -96.5861, 42.8223 ], [ -96.5858, 42.8215 ], [ -96.5841, 42.82 ], [ -96.5841, 42.819 ], [ -96.586, 42.8178 ], [ -96.5876, 42.8178 ], [ -96.5889, 42.8185 ], [ -96.5896, 42.8179 ], [ -96.5901, 42.8161 ], [ -96.5907, 42.8154 ], [ -96.5916, 42.8153 ], [ -96.5945, 42.8159 ], [ -96.5959, 42.815 ], [ -96.5951, 42.8128 ], [ -96.5957, 42.8104 ], [ -96.5946, 42.81 ], [ -96.5924, 42.81 ], [ -96.5908, 42.8089 ], [ -96.5905, 42.8082 ], [ -96.591, 42.8061 ], [ -96.5932, 42.8026 ], [ -96.5924, 42.8013 ], [ -96.5924, 42.8007 ], [ -96.5943, 42.798 ], [ -96.5955, 42.7974 ], [ -96.5966, 42.7976 ], [ -96.5973, 42.7982 ], [ -96.5982, 42.8 ], [ -96.599, 42.7996 ], [ -96.5997, 42.7984 ], [ -96.5994, 42.7975 ], [ -96.5972, 42.7965 ], [ -96.5968, 42.7948 ], [ -96.5951, 42.7938 ], [ -96.5952, 42.7929 ], [ -96.5976, 42.7919 ], [ -96.6008, 42.7917 ], [ -96.6035, 42.7923 ], [ -96.6052, 42.7914 ], [ -96.6049, 42.7903 ], [ -96.6026, 42.7887 ], [ -96.6023, 42.7881 ], [ -96.6039, 42.7855 ], [ -96.6036, 42.784 ], [ -96.6039, 42.7834 ], [ -96.6054, 42.7831 ], [ -96.608, 42.7844 ], [ -96.609, 42.784 ], [ -96.6092, 42.7826 ], [ -96.6105, 42.7826 ], [ -96.611, 42.7829 ], [ -96.6117, 42.7843 ], [ -96.6126, 42.7846 ], [ -96.6133, 42.7842 ], [ -96.6139, 42.7825 ], [ -96.6147, 42.7822 ], [ -96.6155, 42.7828 ], [ -96.6152, 42.7845 ], [ -96.6156, 42.785 ], [ -96.6195, 42.7841 ], [ -96.6203, 42.783 ], [ -96.6215, 42.7803 ], [ -96.622, 42.7768 ], [ -96.623, 42.7762 ], [ -96.6261, 42.7759 ], [ -96.627, 42.7753 ], [ -96.6271, 42.7742 ], [ -96.6261, 42.7722 ], [ -96.6264, 42.7714 ], [ -96.6271, 42.7712 ], [ -96.6292, 42.772 ], [ -96.6313, 42.7696 ], [ -96.6322, 42.7699 ], [ -96.6325, 42.771 ], [ -96.6331, 42.7713 ], [ -96.6352, 42.7707 ], [ -96.6364, 42.7697 ], [ -96.6364, 42.7686 ], [ -96.6355, 42.768 ], [ -96.6344, 42.768 ], [ -96.6331, 42.7688 ], [ -96.6327, 42.7686 ], [ -96.6315, 42.7661 ], [ -96.6323, 42.765 ], [ -96.6349, 42.7656 ], [ -96.636, 42.7654 ], [ -96.6365, 42.7648 ], [ -96.6361, 42.764 ], [ -96.6329, 42.7619 ], [ -96.631, 42.7601 ], [ -96.63, 42.7585 ], [ -96.6281, 42.7572 ], [ -96.6272, 42.7544 ], [ -96.6264, 42.7541 ], [ -96.6256, 42.7545 ], [ -96.6244, 42.7573 ], [ -96.6228, 42.7584 ], [ -96.6215, 42.7582 ], [ -96.6203, 42.7576 ], [ -96.62, 42.7559 ], [ -96.6193, 42.7546 ], [ -96.6202, 42.7535 ], [ -96.6217, 42.7535 ], [ -96.6233, 42.7529 ], [ -96.6256, 42.753 ], [ -96.6266, 42.7524 ], [ -96.627, 42.7511 ], [ -96.6275, 42.7507 ], [ -96.63, 42.7507 ], [ -96.6306, 42.7491 ], [ -96.6298, 42.748 ], [ -96.63, 42.7471 ], [ -96.6316, 42.7464 ], [ -96.6322, 42.7452 ], [ -96.6314, 42.7446 ], [ -96.6295, 42.7442 ], [ -96.6294, 42.7436 ], [ -96.6314, 42.743 ], [ -96.634, 42.7428 ], [ -96.6356, 42.7419 ], [ -96.6356, 42.7408 ], [ -96.6348, 42.7398 ], [ -96.6307, 42.7367 ], [ -96.6305, 42.7353 ], [ -96.6314, 42.7351 ], [ -96.6328, 42.7353 ], [ -96.635, 42.7365 ], [ -96.6384, 42.7375 ], [ -96.6393, 42.7373 ], [ -96.6394, 42.7364 ], [ -96.6383, 42.7346 ], [ -96.6365, 42.7331 ], [ -96.6352, 42.7326 ], [ -96.6326, 42.7322 ], [ -96.6305, 42.7302 ], [ -96.6306, 42.7294 ], [ -96.6324, 42.7285 ], [ -96.6326, 42.7271 ], [ -96.6347, 42.7261 ], [ -96.6347, 42.7251 ], [ -96.6342, 42.7243 ], [ -96.6337, 42.7241 ], [ -96.6322, 42.7249 ], [ -96.627, 42.7259 ], [ -96.6249, 42.7257 ], [ -96.6244, 42.7252 ], [ -96.6255, 42.7236 ], [ -96.6245, 42.7221 ], [ -96.6245, 42.7209 ], [ -96.6254, 42.7198 ], [ -96.628, 42.7178 ], [ -96.6259, 42.7169 ], [ -96.6248, 42.716 ], [ -96.6243, 42.7152 ], [ -96.6244, 42.714 ], [ -96.6269, 42.7099 ], [ -96.6293, 42.709 ], [ -96.6304, 42.7069 ], [ -96.6302, 42.7054 ], [ -96.6295, 42.7051 ], [ -96.6284, 42.705 ], [ -96.6268, 42.7041 ], [ -96.6255, 42.7042 ], [ -96.6249, 42.7048 ], [ -96.6253, 42.7071 ], [ -96.6245, 42.7077 ], [ -96.624, 42.7076 ], [ -96.6216, 42.705 ], [ -96.6209, 42.7028 ], [ -96.6198, 42.702 ], [ -96.6192, 42.6998 ], [ -96.6185, 42.6997 ], [ -96.617, 42.7005 ], [ -96.6161, 42.7004 ], [ -96.6155, 42.6999 ], [ -96.6156, 42.6988 ], [ -96.6151, 42.6984 ], [ -96.6124, 42.6995 ], [ -96.6106, 42.7018 ], [ -96.6098, 42.7023 ], [ -96.6068, 42.7023 ], [ -96.6054, 42.7019 ], [ -96.6045, 42.7 ], [ -96.6045, 42.6986 ], [ -96.6064, 42.6978 ], [ -96.6077, 42.6978 ], [ -96.6092, 42.6985 ], [ -96.6104, 42.698 ], [ -96.6122, 42.6962 ], [ -96.6118, 42.6951 ], [ -96.6108, 42.6947 ], [ -96.6056, 42.6947 ], [ -96.6044, 42.6956 ], [ -96.6043, 42.6969 ], [ -96.6023, 42.697 ], [ -96.6016, 42.6976 ], [ -96.6014, 42.699 ], [ -96.5999, 42.699 ], [ -96.5992, 42.6982 ], [ -96.5991, 42.6971 ], [ -96.5976, 42.6956 ], [ -96.5966, 42.6951 ], [ -96.5939, 42.6943 ], [ -96.5939, 42.6938 ], [ -96.5959, 42.6928 ], [ -96.5965, 42.6919 ], [ -96.5963, 42.6913 ], [ -96.5944, 42.6908 ], [ -96.5936, 42.6898 ], [ -96.5941, 42.689 ], [ -96.5966, 42.6883 ], [ -96.5986, 42.689 ], [ -96.5994, 42.6889 ], [ -96.6002, 42.688 ], [ -96.5996, 42.6869 ], [ -96.5989, 42.6867 ], [ -96.594, 42.6867 ], [ -96.5923, 42.6872 ], [ -96.5914, 42.6884 ], [ -96.592, 42.6902 ], [ -96.591, 42.691 ], [ -96.5898, 42.691 ], [ -96.5886, 42.6902 ], [ -96.5865, 42.69 ], [ -96.5854, 42.6863 ], [ -96.5864, 42.6838 ], [ -96.5862, 42.6832 ], [ -96.5803, 42.6828 ], [ -96.5765, 42.6831 ], [ -96.5753, 42.6828 ], [ -96.5746, 42.682 ], [ -96.575, 42.6807 ], [ -96.576, 42.6799 ], [ -96.5784, 42.6788 ], [ -96.5787, 42.6781 ], [ -96.5779, 42.6776 ], [ -96.5763, 42.6777 ], [ -96.5729, 42.679 ], [ -96.572, 42.6782 ], [ -96.5721, 42.6765 ], [ -96.5739, 42.6741 ], [ -96.5755, 42.6732 ], [ -96.5782, 42.6726 ], [ -96.5784, 42.6718 ], [ -96.5736, 42.6707 ], [ -96.5716, 42.6709 ], [ -96.5704, 42.6721 ], [ -96.5697, 42.675 ], [ -96.568, 42.6763 ], [ -96.567, 42.6764 ], [ -96.5663, 42.6757 ], [ -96.5655, 42.6727 ], [ -96.5644, 42.6713 ], [ -96.5598, 42.6688 ], [ -96.5583, 42.6666 ], [ -96.5558, 42.6642 ], [ -96.5561, 42.6638 ], [ -96.5588, 42.6636 ], [ -96.5597, 42.6631 ], [ -96.5594, 42.6607 ], [ -96.5599, 42.6588 ], [ -96.5596, 42.658 ], [ -96.5577, 42.6576 ], [ -96.5555, 42.658 ], [ -96.5496, 42.6606 ], [ -96.5466, 42.6615 ], [ -96.5443, 42.6615 ], [ -96.5429, 42.6612 ], [ -96.5412, 42.6599 ], [ -96.5378, 42.6556 ], [ -96.5373, 42.6528 ], [ -96.538, 42.649 ], [ -96.567, 42.6494 ], [ -96.6871, 42.6494 ], [ -96.6871, 42.6521 ], [ -96.6877, 42.6531 ], [ -96.6913, 42.6562 ], [ -96.6976, 42.6591 ], [ -96.728, 42.6669 ], [ -96.7352, 42.6672 ], [ -96.7469, 42.6662 ], [ -96.7494, 42.6657 ], [ -96.7512, 42.6644 ], [ -96.7641, 42.662 ], [ -96.7729, 42.6622 ], [ -96.7768, 42.6627 ], [ -96.7932, 42.666 ], [ -96.7986, 42.6681 ], [ -96.8008, 42.6697 ], [ -96.8022, 42.6722 ], [ -96.8002, 42.6843 ], [ -96.8005, 42.6925 ], [ -96.8016, 42.6968 ], [ -96.8016, 42.6988 ], [ -96.8062, 42.7042 ], [ -96.8065, 42.7279 ], [ -96.8063, 42.8228 ] ] ] } },
{ "type": "Feature", "properties": { "GEOIDFQ": "1400000US46127020100", "NAME": "201", "NAMELSAD": "Census Tract 201" }, "geometry": { "type": "Polygon", "coordinates": [ [ [ -96.8054, 42.9328 ], [ -96.8057, 43.0837 ], [ -96.5454, 43.0838 ], [ -96.4541, 43.0834 ], [ -96.4543, 43.0826 ], [ -96.4558, 43.0808 ], [ -96.4553, 43.0755 ], [ -96.4556, 43.0743 ], [ -96.4572, 43.0724 ], [ -96.4576, 43.0708 ], [ -96.4594, 43.0698 ], [ -96.4594, 43.0692 ], [ -96.4583, 43.0681 ], [ -96.4582, 43.0676 ], [ -96.4605, 43.0663 ], [ -96.4603, 43.0652 ], [ -96.4607, 43.0643 ], [ -96.4642, 43.0627 ], [ -96.4674, 43.0619 ], [ -96.4705, 43.0623 ], [ -96.4728, 43.0637 ], [ -96.4767, 43.0627 ], [ -96.4785, 43.0611 ], [ -96.4814, 43.0598 ], [ -96.4828, 43.0585 ], [ -96.484, 43.058 ], [ -96.4852, 43.0567 ], [ -96.487, 43.0558 ], [ -96.4887, 43.0542 ], [ -96.4892, 43.0515 ], [ -96.4909, 43.0508 ], [ -96.4992, 43.05 ], [ -96.5005, 43.0489 ], [ -96.5018, 43.0487 ], [ -96.506, 43.049 ], [ -96.5088, 43.0502 ], [ -96.5105, 43.0499 ], [ -96.5136, 43.0471 ], [ -96.5148, 43.0452 ], [ -96.5145, 43.0437 ], [ -96.5128, 43.0418 ], [ -96.5125, 43.0411 ], [ -96.5141, 43.0409 ], [ -96.5162, 43.0414 ], [ -96.5171, 43.0411 ], [ -96.518, 43.0402 ], [ -96.5202, 43.0402 ], [ -96.5209, 43.0401 ], [ -96.5213, 43.0397 ], [ -96.5213, 43.0381 ], [ -96.5201, 43.0378 ], [ -96.5169, 43.0387 ], [ -96.5132, 43.0403 ], [ -96.5122, 43.0405 ], [ -96.511, 43.0397 ], [ -96.5105, 43.0387 ], [ -96.5093, 43.0379 ], [ -96.5091, 43.0368 ], [ -96.5107, 43.032 ], [ -96.5135, 43.0309 ], [ -96.514, 43.0303 ], [ -96.512, 43.0262 ], [ -96.5103, 43.0243 ], [ -96.5067, 43.0226 ], [ -96.5039, 43.0204 ], [ -96.499, 43.0191 ], [ -96.4987, 43.0182 ], [ -96.4996, 43.0171 ], [ -96.4995, 43.0165 ], [ -96.4986, 43.0161 ], [ -96.4965, 43.0163 ], [ -96.4957, 43.0159 ], [ -96.4941, 43.0137 ], [ -96.4935, 43.0115 ], [ -96.492, 43.0102 ], [ -96.4928, 43.0057 ], [ -96.4946, 43.0036 ], [ -96.4946, 43.0016 ], [ -96.4968, 43.0004 ], [ -96.497, 42.9985 ], [ -96.5039, 42.9968 ], [ -96.5074, 42.9966 ], [ -96.5099, 42.9952 ], [ -96.5128, 42.9919 ], [ -96.5127, 42.9914 ], [ -96.5112, 42.9903 ], [ -96.5124, 42.9889 ], [ -96.5118, 42.9869 ], [ -96.5124, 42.9857 ], [ -96.5153, 42.9841 ], [ -96.5164, 42.9843 ], [ -96.5177, 42.9853 ], [ -96.5184, 42.9852 ], [ -96.5189, 42.9839 ], [ -96.5168, 42.9821 ], [ -96.5168, 42.981 ], [ -96.5179, 42.9801 ], [ -96.5203, 42.9807 ], [ -96.5208, 42.9803 ], [ -96.5201, 42.9776 ], [ -96.5189, 42.9764 ], [ -96.5169, 42.9754 ], [ -96.5162, 42.9733 ], [ -96.5158, 42.9728 ], [ -96.5114, 42.9715 ], [ -96.5078, 42.9712 ], [ -96.5061, 42.9715 ], [ -96.5052, 42.9711 ], [ -96.5027, 42.9676 ], [ -96.5018, 42.9608 ], [ -96.4992, 42.9587 ], [ -96.4989, 42.958 ], [ -96.4996, 42.9574 ], [ -96.5027, 42.9571 ], [ -96.5036, 42.9564 ], [ -96.5041, 42.9551 ], [ -96.5049, 42.9545 ], [ -96.5089, 42.9537 ], [ -96.5093, 42.9524 ], [ -96.5079, 42.9484 ], [ -96.5092, 42.9467 ], [ -96.5093, 42.9452 ], [ -96.5101, 42.9446 ], [ -96.5113, 42.9444 ], [ -96.5142, 42.9449 ], [ -96.5149, 42.9435 ], [ -96.5199, 42.94 ], [ -96.5202, 42.9389 ], [ -96.5199, 42.938 ], [ -96.5191, 42.9371 ], [ -96.5168, 42.9359 ], [ -96.5164, 42.9352 ], [ -96.5164, 42.9331 ], [ -96.5168, 42.9323 ], [ -96.5183, 42.9318 ], [ -96.5198, 42.932 ], [ -96.5205, 42.9325 ], [ -96.5206, 42.9337 ], [ -96.5217, 42.9351 ], [ -96.5231, 42.9358 ], [ -96.5253, 42.9356 ], [ -96.5288, 42.9334 ], [ -96.5341, 42.9282 ], [ -96.5346, 42.9266 ], [ -96.533, 42.9248 ], [ -96.5341, 42.9237 ], [ -96.5364, 42.9231 ], [ -96.5399, 42.9251 ], [ -96.5409, 42.9248 ], [ -96.5413, 42.9239 ], [ -96.5417, 42.9214 ], [ -96.5412, 42.9194 ], [ -96.5402, 42.9187 ], [ -96.5381, 42.918 ], [ -96.5378, 42.9173 ], [ -96.5401, 42.9123 ], [ -96.5396, 42.9114 ], [ -96.5378, 42.911 ], [ -96.5386, 42.9078 ], [ -96.5369, 42.9066 ], [ -96.5365, 42.9056 ], [ -96.5375, 42.9049 ], [ -96.539, 42.9046 ], [ -96.5424, 42.9051 ], [ -96.5431, 42.9045 ], [ -96.5429, 42.9038 ], [ -96.5415, 42.9026 ], [ -96.5395, 42.8999 ], [ -96.5382, 42.8999 ], [ -96.5361, 42.9009 ], [ -96.5289, 42.8979 ], [ -96.5284, 42.8969 ], [ -96.5301, 42.8958 ], [ -96.5297, 42.8942 ], [ -96.5284, 42.8933 ], [ -96.5257, 42.8928 ], [ -96.5253, 42.8919 ], [ -96.5257, 42.8912 ], [ -96.5272, 42.8906 ], [ -96.5345, 42.8906 ], [ -96.5366, 42.8894 ], [ -96.5385, 42.8899 ], [ -96.5398, 42.8898 ], [ -96.5404, 42.8894 ], [ -96.5404, 42.8888 ], [ -96.5397, 42.8882 ], [ -96.538, 42.8876 ], [ -96.5377, 42.8867 ], [ -96.5388, 42.8859 ], [ -96.5431, 42.8842 ], [ -96.5435, 42.8838 ], [ -96.5432, 42.8828 ], [ -96.5405, 42.8817 ], [ -96.5378, 42.8791 ], [ -96.5377, 42.8785 ], [ -96.5405, 42.8775 ], [ -96.5418, 42.8761 ], [ -96.5439, 42.8747 ], [ -96.5449, 42.8745 ], [ -96.5465, 42.8745 ], [ -96.5471, 42.874 ], [ -96.5497, 42.8699 ], [ -96.5483, 42.8686 ], [ -96.5462, 42.8676 ], [ -96.546, 42.8664 ], [ -96.5466, 42.8639 ], [ -96.5472, 42.8635 ], [ -96.5499, 42.8642 ], [ -96.5505, 42.8635 ], [ -96.5502, 42.8628 ], [ -96.549, 42.8617 ], [ -96.547, 42.8617 ], [ -96.5461, 42.8612 ], [ -96.5471, 42.8587 ], [ -96.5468, 42.8574 ], [ -96.5452, 42.8571 ], [ -96.5436, 42.8582 ], [ -96.5432, 42.8594 ], [ -96.5426, 42.8597 ], [ -96.5418, 42.8594 ], [ -96.5412, 42.8585 ], [ -96.5415, 42.8569 ], [ -96.5429, 42.8536 ], [ -96.5453, 42.8499 ], [ -96.5471, 42.8497 ], [ -96.5484, 42.851 ], [ -96.5495, 42.8512 ], [ -96.5506, 42.8501 ], [ -96.5504, 42.8494 ], [ -96.5493, 42.8483 ], [ -96.5495, 42.8478 ], [ -96.5502, 42.8476 ], [ -96.5528, 42.8482 ], [ -96.5549, 42.8497 ], [ -96.5557, 42.8496 ], [ -96.5561, 42.8492 ], [ -96.555, 42.8473 ], [ -96.5548, 42.8452 ], [ -96.5538, 42.8432 ], [ -96.5523, 42.842 ], [ -96.5486, 42.8409 ], [ -96.5503, 42.8375 ], [ -96.5514, 42.8363 ], [ -96.5528, 42.836 ], [ -96.5558, 42.8365 ], [ -96.5585, 42.8395 ], [ -96.5597, 42.8396 ], [ -96.5609, 42.8391 ], [ -96.5614, 42.8381 ], [ -96.5627, 42.8368 ], [ -96.5629, 42.8359 ], [ -96.5624, 42.8334 ], [ -96.563, 42.8314 ], [ -96.5615, 42.8295 ], [ -96.5624, 42.8286 ], [ -96.5636, 42.8282 ], [ -96.5645, 42.8286 ], [ -96.5649, 42.8298 ], [ -96.5673, 42.8326 ], [ -96.5697, 42.8345 ], [ -96.5695, 42.8355 ], [ -96.5679, 42.8368 ], [ -96.5683, 42.8378 ], [ -96.5691, 42.8379 ], [ -96.5724, 42.837 ], [ -96.5744, 42.838 ], [ -96.5749, 42.8376 ], [ -96.5754, 42.8359 ], [ -96.5768, 42.8351 ], [ -96.5782, 42.8347 ], [ -96.5794, 42.835 ], [ -96.5797, 42.8356 ], [ -96.5795, 42.8362 ], [ -96.5782, 42.8368 ], [ -96.5783, 42.8378 ], [ -96.5794, 42.8382 ], [ -96.581, 42.838 ], [ -96.5815, 42.8375 ], [ -96.5823, 42.8337 ], [ -96.5818, 42.8332 ], [ -96.5806, 42.8328 ], [ -96.58, 42.831 ], [ -96.5779, 42.8292 ], [ -96.5776, 42.828 ], [ -96.5806, 42.8249 ], [ -96.5835, 42.8248 ], [ -96.5854, 42.8241 ], [ -96.5861, 42.8223 ], [ -96.6633, 42.8222 ], [ -96.687, 42.8222 ], [ -96.6882, 42.8226 ], [ -96.7081, 42.8228 ], [ -96.8063, 42.8228 ], [ -96.8054, 42.9328 ] ] ] } },
{ "type": "Feature", "properties": { "GEOIDFQ": "1400000US46115000300", "NAME": "3", "NAMELSAD": "Census Tract 3" }, "geometry": { "type": "Polygon", "coordinates": [ [ [ -98.4969, 44.9195 ], [ -98.4947, 44.9211 ], [ -98.4903, 44.9231 ], [ -98.487, 44.9238 ], [ -98.4848, 44.927 ], [ -98.4863, 44.9271 ], [ -98.4901, 44.9256 ], [ -98.4913, 44.9254 ], [ -98.495, 44.9263 ], [ -98.4953, 44.9269 ], [ -98.4949, 44.9279 ], [ -98.494, 44.9284 ], [ -98.491, 44.927 ], [ -98.4896, 44.9272 ], [ -98.4883, 44.9296 ], [ -98.483, 44.9319 ], [ -98.4833, 44.9323 ], [ -98.4871, 44.9332 ], [ -98.4876, 44.934 ], [ -98.487, 44.9349 ], [ -98.4861, 44.9354 ], [ -98.4835, 44.936 ], [ -98.481, 44.9372 ], [ -98.4799, 44.9382 ], [ -98.48, 44.9389 ], [ -98.4806, 44.9392 ], [ -98.4838, 44.9381 ], [ -98.4856, 44.9382 ], [ -98.4861, 44.9385 ], [ -98.4858, 44.94 ], [ -98.4848, 44.9416 ], [ -98.4815, 44.9436 ], [ -98.48, 44.9466 ], [ -98.4805, 44.9468 ], [ -98.4825, 44.9465 ], [ -98.4837, 44.947 ], [ -98.4841, 44.9509 ], [ -98.4831, 44.955 ], [ -98.4838, 44.955 ], [ -98.4846, 44.9546 ], [ -98.4859, 44.9544 ], [ -98.4868, 44.9549 ], [ -98.4866, 44.9559 ], [ -98.4845, 44.9572 ], [ -98.4843, 44.9579 ], [ -98.4868, 44.9587 ], [ -98.4883, 44.9589 ], [ -98.4897, 44.9577 ], [ -98.492, 44.9577 ], [ -98.4951, 44.9597 ], [ -98.4957, 44.9607 ], [ -98.4955, 44.9612 ], [ -98.4945, 44.9617 ], [ -98.4938, 44.9615 ], [ -98.4914, 44.9601 ], [ -98.4867, 44.9607 ], [ -98.4864, 44.9615 ], [ -98.4876, 44.9622 ], [ -98.4912, 44.962 ], [ -98.4922, 44.9625 ], [ -98.4935, 44.9649 ], [ -98.4933, 44.9657 ], [ -98.4927, 44.9662 ], [ -98.4917, 44.9663 ], [ -98.4892, 44.9654 ], [ -98.4871, 44.9654 ], [ -98.4843, 44.9664 ], [ -98.4824, 44.9678 ], [ -98.4803, 44.9688 ], [ -98.4792, 44.9706 ], [ -98.4766, 44.9734 ], [ -98.4769, 44.974 ], [ -98.4803, 44.9739 ], [ -98.4836, 44.9724 ], [ -98.4848, 44.9723 ], [ -98.4877, 44.9731 ], [ -98.4879, 44.9738 ], [ -98.4877, 44.9763 ], [ -98.4866, 44.9778 ], [ -98.4859, 44.9779 ], [ -98.4838, 44.9766 ], [ -98.4808, 44.977 ], [ -98.4791, 44.9767 ], [ -98.4782, 44.977 ], [ -98.4773, 44.9781 ], [ -98.4776, 44.9788 ], [ -98.4784, 44.9792 ], [ -98.481, 44.9782 ], [ -98.4818, 44.9784 ], [ -98.4816, 44.9808 ], [ -98.4849, 44.9833 ], [ -98.4859, 44.985 ], [ -98.4856, 44.9857 ], [ -98.4843, 44.9865 ], [ -98.4811, 44.9867 ], [ -98.481, 44.9871 ], [ -98.4826, 44.9886 ], [ -98.4827, 44.9896 ], [ -98.4809, 44.9906 ], [ -98.4779, 44.9914 ], [ -98.4762, 44.9937 ], [ -98.4768, 44.9948 ], [ -98.4797, 44.9963 ], [ -98.4815, 44.9996 ], [ -98.4829, 45.0006 ], [ -98.4832, 45.0015 ], [ -98.4826, 45.0018 ], [ -98.4773, 45.0025 ], [ -98.4735, 45.0038 ], [ -98.4726, 45.0035 ], [ -98.4723, 45.001 ], [ -98.4714, 45.0004 ], [ -98.4676, 45.002 ], [ -98.4658, 45.0035 ], [ -98.4659, 45.0039 ], [ -98.467, 45.0044 ], [ -98.4669, 45.0065 ], [ -98.4739, 45.0086 ], [ -98.4753, 45.0094 ], [ -98.4757, 45.0107 ], [ -98.4732, 45.0118 ], [ -98.4704, 45.0139 ], [ -98.4697, 45.0141 ], [ -98.4689, 45.0135 ], [ -98.4689, 45.0117 ], [ -98.4684, 45.011 ], [ -98.467, 45.0107 ], [ -98.4661, 45.0114 ], [ -98.4677, 45.0128 ], [ -98.4677, 45.0137 ], [ -98.4672, 45.0142 ], [ -98.4656, 45.0145 ], [ -98.4647, 45.0143 ], [ -98.4617, 45.012 ], [ -98.4596, 45.0124 ], [ -98.458, 45.0143 ], [ -98.4579, 45.0154 ], [ -98.4587, 45.0157 ], [ -98.4595, 45.0156 ], [ -98.4617, 45.0145 ], [ -98.4622, 45.0145 ], [ -98.4625, 45.016 ], [ -98.4642, 45.0175 ], [ -98.4637, 45.019 ], [ -98.4602, 45.0178 ], [ -98.4588, 45.0161 ], [ -98.4584, 45.0161 ], [ -98.4557, 45.0176 ], [ -98.4554, 45.0182 ], [ -98.4558, 45.0191 ], [ -98.4554, 45.0198 ], [ -98.4542, 45.0206 ], [ -98.4537, 45.0205 ], [ -98.4531, 45.0199 ], [ -98.4521, 45.0206 ], [ -98.452, 45.021 ], [ -98.4537, 45.0222 ], [ -98.4538, 45.023 ], [ -98.4535, 45.0232 ], [ -98.4505, 45.0227 ], [ -98.4468, 45.0227 ], [ -98.4448, 45.0237 ], [ -98.4436, 45.025 ], [ -98.4454, 45.0257 ], [ -98.4455, 45.0264 ], [ -98.4449, 45.0277 ], [ -98.443, 45.0298 ], [ -98.4423, 45.0321 ], [ -98.4426, 45.0334 ], [ -98.4442, 45.0339 ], [ -98.4464, 45.0339 ], [ -98.4465, 45.0333 ], [ -98.4445, 45.0314 ], [ -98.4444, 45.0306 ], [ -98.4453, 45.0305 ], [ -98.4469, 45.031 ], [ -98.4493, 45.0302 ], [ -98.4502, 45.0302 ], [ -98.4507, 45.0307 ], [ -98.4482, 45.0329 ], [ -98.4477, 45.0341 ], [ -98.4492, 45.0349 ], [ -98.4534, 45.0353 ], [ -98.4535, 45.0345 ], [ -98.4511, 45.0335 ], [ -98.4511, 45.0326 ], [ -98.452, 45.0324 ], [ -98.4529, 45.0331 ], [ -98.4537, 45.033 ], [ -98.4556, 45.0311 ], [ -98.4562, 45.0307 ], [ -98.4572, 45.0307 ], [ -98.4611, 45.0335 ], [ -98.4618, 45.0351 ], [ -98.4608, 45.0357 ], [ -98.4548, 45.036 ], [ -98.4538, 45.0366 ], [ -98.4537, 45.0371 ], [ -98.4554, 45.0377 ], [ -98.4584, 45.038 ], [ -98.4615, 45.0375 ], [ -98.4607, 45.0399 ], [ -98.4614, 45.0407 ], [ -98.4635, 45.0416 ], [ -98.4634, 45.0426 ], [ -98.4628, 45.0434 ], [ -98.4593, 45.0456 ], [ -98.4577, 45.0474 ], [ -98.4563, 45.0484 ], [ -98.4534, 45.049 ], [ -98.4501, 45.0489 ], [ -98.4493, 45.0494 ], [ -98.4496, 45.0505 ], [ -98.453, 45.0505 ], [ -98.4532, 45.0516 ], [ -98.4548, 45.0529 ], [ -98.4553, 45.0539 ], [ -98.455, 45.0552 ], [ -98.4541, 45.0559 ], [ -98.4535, 45.0562 ], [ -98.4523, 45.056 ], [ -98.4528, 45.0542 ], [ -98.4525, 45.0541 ], [ -98.4513, 45.0544 ], [ -98.4494, 45.0557 ], [ -98.4488, 45.0556 ], [ -98.4492, 45.0547 ], [ -98.4489, 45.0542 ], [ -98.4473, 45.0546 ], [ -98.4438, 45.054 ], [ -98.4429, 45.0542 ], [ -98.4427, 45.055 ], [ -98.4445, 45.0565 ], [ -98.4466, 45.056 ], [ -98.4477, 45.057 ], [ -98.4495, 45.0567 ], [ -98.451, 45.0572 ], [ -98.4495, 45.0603 ], [ -98.449, 45.0633 ], [ -98.4482, 45.0639 ], [ -98.4468, 45.0637 ], [ -98.4467, 45.0632 ], [ -98.4479, 45.0624 ], [ -98.4483, 45.0615 ], [ -98.4479, 45.0611 ], [ -98.4456, 45.0617 ], [ -98.4441, 45.063 ], [ -98.4417, 45.062 ], [ -98.4421, 45.061 ], [ -98.4456, 45.0611 ], [ -98.4461, 45.0607 ], [ -98.4431, 45.0589 ], [ -98.4431, 45.0567 ], [ -98.4424, 45.0564 ], [ -98.4406, 45.0574 ], [ -98.437, 45.0614 ], [ -98.4368, 45.0625 ], [ -98.4375, 45.0639 ], [ -98.4371, 45.0649 ], [ -98.4342, 45.0662 ], [ -98.4334, 45.0671 ], [ -98.4334, 45.0674 ], [ -98.4347, 45.0674 ], [ -98.4361, 45.0669 ], [ -98.4371, 45.067 ], [ -98.4373, 45.0676 ], [ -98.4361, 45.0704 ], [ -98.4365, 45.0713 ], [ -98.4369, 45.0717 ], [ -98.438, 45.0716 ], [ -98.439, 45.071 ], [ -98.4417, 45.0711 ], [ -98.4438, 45.0731 ], [ -98.4439, 45.0741 ], [ -98.4373, 45.0769 ], [ -98.4383, 45.0774 ], [ -98.438, 45.0815 ], [ -98.4366, 45.0817 ], [ -98.4359, 45.0821 ], [ -98.4341, 45.0849 ], [ -98.4334, 45.085 ], [ -98.4324, 45.0846 ], [ -98.432, 45.0832 ], [ -98.4313, 45.0827 ], [ -98.4309, 45.0828 ], [ -98.4307, 45.0835 ], [ -98.4317, 45.0847 ], [ -98.4314, 45.0858 ], [ -98.43, 45.0869 ], [ -98.4269, 45.0884 ], [ -98.4257, 45.0903 ], [ -98.4257, 45.0921 ], [ -98.4262, 45.0925 ], [ -98.4319, 45.0933 ], [ -98.4341, 45.0927 ], [ -98.4366, 45.0932 ], [ -98.4371, 45.0937 ], [ -98.4362, 45.0961 ], [ -98.4373, 45.0986 ], [ -98.4343, 45.1022 ], [ -98.4332, 45.1025 ], [ -98.4324, 45.1006 ], [ -98.4314, 45.1003 ], [ -98.4306, 45.1004 ], [ -98.4305, 45.1009 ], [ -98.4317, 45.103 ], [ -98.4314, 45.1047 ], [ -98.4298, 45.1049 ], [ -98.4287, 45.1047 ], [ -98.4276, 45.1033 ], [ -98.4267, 45.1029 ], [ -98.4239, 45.1032 ], [ -98.422, 45.1037 ], [ -98.4219, 45.1075 ], [ -98.4229, 45.1095 ], [ -98.4241, 45.1097 ], [ -98.4256, 45.1084 ], [ -98.4267, 45.108 ], [ -98.4283, 45.1086 ], [ -98.4274, 45.1103 ], [ -98.4246, 45.1123 ], [ -98.4242, 45.1135 ], [ -98.4247, 45.114 ], [ -98.4274, 45.1135 ], [ -98.4278, 45.1148 ], [ -98.4275, 45.118 ], [ -98.4292, 45.1189 ], [ -98.4253, 45.1194 ], [ -98.4248, 45.1204 ], [ -98.4253, 45.1208 ], [ -98.4281, 45.121 ], [ -98.4298, 45.1246 ], [ -98.4289, 45.1252 ], [ -98.4265, 45.125 ], [ -98.4264, 45.1262 ], [ -98.4249, 45.127 ], [ -98.4227, 45.1289 ], [ -98.4214, 45.1276 ], [ -98.4208, 45.1278 ], [ -98.4202, 45.1296 ], [ -98.4163, 45.1298 ], [ -98.4152, 45.1318 ], [ -98.414, 45.1327 ], [ -98.4124, 45.1334 ], [ -98.412, 45.134 ], [ -98.4149, 45.1377 ], [ -98.4157, 45.1379 ], [ -98.4163, 45.1375 ], [ -98.4157, 45.1366 ], [ -98.4157, 45.1348 ], [ -98.4187, 45.1323 ], [ -98.4198, 45.1324 ], [ -98.4192, 45.134 ], [ -98.4199, 45.1347 ], [ -98.423, 45.1339 ], [ -98.4247, 45.1341 ], [ -98.4256, 45.1356 ], [ -98.4272, 45.137 ], [ -98.4276, 45.138 ], [ -98.4269, 45.1383 ], [ -98.424, 45.1381 ], [ -98.4227, 45.1386 ], [ -98.4226, 45.1392 ], [ -98.4231, 45.1395 ], [ -98.4244, 45.1395 ], [ -98.4263, 45.1406 ], [ -98.4287, 45.1413 ], [ -98.4286, 45.144 ], [ -98.4277, 45.1443 ], [ -98.4258, 45.1439 ], [ -98.4246, 45.1443 ], [ -98.4245, 45.1449 ], [ -98.426, 45.1483 ], [ -98.4246, 45.1501 ], [ -98.422, 45.1518 ], [ -98.421, 45.1519 ], [ -98.4201, 45.1506 ], [ -98.4246, 45.1492 ], [ -98.4236, 45.1485 ], [ -98.423, 45.1475 ], [ -98.422, 45.1469 ], [ -98.4215, 45.147 ], [ -98.4207, 45.1496 ], [ -98.4193, 45.1497 ], [ -98.4188, 45.1493 ], [ -98.4185, 45.1475 ], [ -98.4165, 45.1468 ], [ -98.4153, 45.1477 ], [ -98.4179, 45.149 ], [ -98.419, 45.1509 ], [ -98.4185, 45.1523 ], [ -98.4175, 45.1531 ], [ -98.4159, 45.1531 ], [ -98.4138, 45.1525 ], [ -98.4111, 45.1536 ], [ -98.4095, 45.1528 ], [ -98.4069, 45.1524 ], [ -98.4055, 45.1519 ], [ -98.4042, 45.1525 ], [ -98.4036, 45.1537 ], [ -98.4068, 45.1553 ], [ -98.4069, 45.157 ], [ -98.4049, 45.1591 ], [ -98.4015, 45.1614 ], [ -98.4001, 45.163 ], [ -98.3991, 45.1657 ], [ -98.3994, 45.1667 ], [ -98.4018, 45.1689 ], [ -98.4021, 45.17 ], [ -98.4015, 45.1705 ], [ -98.4002, 45.1704 ], [ -98.3992, 45.1691 ], [ -98.3976, 45.1685 ], [ -98.3966, 45.1687 ], [ -98.396, 45.1694 ], [ -98.3967, 45.1708 ], [ -98.3964, 45.1723 ], [ -98.3977, 45.173 ], [ -98.4003, 45.1739 ], [ -98.4009, 45.1743 ], [ -98.4011, 45.1752 ], [ -98.3997, 45.1763 ], [ -98.3919, 45.1764 ], [ -98.3911, 45.1772 ], [ -98.3916, 45.1797 ], [ -98.3899, 45.1817 ], [ -98.3907, 45.1825 ], [ -98.3912, 45.1827 ], [ -98.3917, 45.1824 ], [ -98.392, 45.1816 ], [ -98.3935, 45.1805 ], [ -98.3957, 45.1802 ], [ -98.3989, 45.1805 ], [ -98.3998, 45.1814 ], [ -98.4004, 45.1843 ], [ -98.4014, 45.1854 ], [ -98.4025, 45.1858 ], [ -98.4055, 45.1854 ], [ -98.4069, 45.1859 ], [ -98.4068, 45.1864 ], [ -98.4054, 45.1875 ], [ -98.4054, 45.1884 ], [ -98.4071, 45.1922 ], [ -98.4096, 45.1939 ], [ -98.4097, 45.1945 ], [ -98.4087, 45.1948 ], [ -98.4061, 45.1941 ], [ -98.4047, 45.1934 ], [ -98.4042, 45.1937 ], [ -98.405, 45.1944 ], [ -98.4033, 45.1952 ], [ -98.4031, 45.1957 ], [ -98.4058, 45.1965 ], [ -98.4081, 45.1967 ], [ -98.4093, 45.1971 ], [ -98.4102, 45.1977 ], [ -98.4108, 45.1988 ], [ -98.4106, 45.1991 ], [ -98.4097, 45.1992 ], [ -98.4049, 45.1974 ], [ -98.4039, 45.1973 ], [ -98.403, 45.1977 ], [ -98.4031, 45.1985 ], [ -98.4056, 45.2011 ], [ -98.4061, 45.2025 ], [ -98.4072, 45.2031 ], [ -98.407, 45.2034 ], [ -98.4056, 45.2034 ], [ -98.4055, 45.2037 ], [ -98.4067, 45.2047 ], [ -98.4063, 45.2055 ], [ -98.4042, 45.2056 ], [ -98.4036, 45.2065 ], [ -98.405, 45.2081 ], [ -98.4056, 45.208 ], [ -98.406, 45.2093 ], [ -98.4053, 45.2103 ], [ -98.4047, 45.2106 ], [ -98.4037, 45.2103 ], [ -98.4023, 45.2095 ], [ -98.4014, 45.2099 ], [ -98.4021, 45.2113 ], [ -98.4016, 45.2118 ], [ -98.4018, 45.2137 ], [ -98.4028, 45.2159 ], [ -98.4012, 45.2176 ], [ -98.4008, 45.2185 ], [ -98.4008, 45.2204 ], [ -98.4017, 45.2234 ], [ -98.4015, 45.2247 ], [ -98.4005, 45.2252 ], [ -98.399, 45.2241 ], [ -98.3973, 45.2237 ], [ -98.3959, 45.2238 ], [ -98.3949, 45.2246 ], [ -98.3949, 45.225 ], [ -98.3958, 45.2254 ], [ -98.4001, 45.2264 ], [ -98.4008, 45.2267 ], [ -98.4008, 45.2276 ], [ -98.4003, 45.2278 ], [ -98.397, 45.2276 ], [ -98.3956, 45.2272 ], [ -98.3946, 45.2277 ], [ -98.3945, 45.2282 ], [ -98.3989, 45.2297 ], [ -98.401, 45.2315 ], [ -98.4016, 45.2323 ], [ -98.4004, 45.2332 ], [ -98.399, 45.2326 ], [ -98.3971, 45.2311 ], [ -98.3961, 45.231 ], [ -98.3949, 45.2315 ], [ -98.3944, 45.2324 ], [ -98.3947, 45.2328 ], [ -98.397, 45.2336 ], [ -98.3972, 45.2341 ], [ -98.3959, 45.2354 ], [ -98.394, 45.2365 ], [ -98.3949, 45.2391 ], [ -98.3944, 45.2401 ], [ -98.3917, 45.2399 ], [ -98.3913, 45.2405 ], [ -98.3914, 45.2417 ], [ -98.3704, 45.2417 ], [ -98.1038, 45.2406 ], [ -97.9815, 45.2404 ], [ -97.9824, 45.0228 ], [ -97.982, 45.0008 ], [ -97.9824, 44.9999 ], [ -97.9827, 44.9814 ], [ -97.983, 44.9068 ], [ -97.9828, 44.8923 ], [ -97.9772, 44.8923 ], [ -97.9768, 44.75 ], [ -97.9778, 44.6316 ], [ -98.2719, 44.6326 ], [ -98.2709, 44.6347 ], [ -98.2715, 44.6396 ], [ -98.2728, 44.6402 ], [ -98.2756, 44.64 ], [ -98.2764, 44.6402 ], [ -98.2774, 44.6416 ], [ -98.2777, 44.6432 ], [ -98.2755, 44.6441 ], [ -98.275, 44.6451 ], [ -98.2785, 44.6467 ], [ -98.2801, 44.6497 ], [ -98.2794, 44.6505 ], [ -98.2779, 44.6513 ], [ -98.2773, 44.6522 ], [ -98.2772, 44.6532 ], [ -98.2782, 44.6536 ], [ -98.2798, 44.6533 ], [ -98.2815, 44.6535 ], [ -98.2833, 44.656 ], [ -98.2835, 44.6573 ], [ -98.283, 44.6583 ], [ -98.2808, 44.6598 ], [ -98.2805, 44.6611 ], [ -98.2813, 44.6618 ], [ -98.2848, 44.6623 ], [ -98.2859, 44.6633 ], [ -98.2863, 44.6651 ], [ -98.2828, 44.6665 ], [ -98.2822, 44.6673 ], [ -98.2828, 44.6682 ], [ -98.285, 44.6692 ], [ -98.2857, 44.6708 ], [ -98.2873, 44.6721 ], [ -98.2883, 44.6744 ], [ -98.2889, 44.6778 ], [ -98.2848, 44.6798 ], [ -98.2857, 44.6823 ], [ -98.2858, 44.6875 ], [ -98.2844, 44.6882 ], [ -98.2821, 44.6881 ], [ -98.2816, 44.6884 ], [ -98.2813, 44.6904 ], [ -98.2803, 44.6927 ], [ -98.2777, 44.7061 ], [ -98.2772, 44.7066 ], [ -98.2735, 44.7077 ], [ -98.2692, 44.7114 ], [ -98.2677, 44.7133 ], [ -98.2669, 44.7171 ], [ -98.2673, 44.7213 ], [ -98.2679, 44.7231 ], [ -98.2699, 44.7247 ], [ -98.2713, 44.7287 ], [ -98.2723, 44.7296 ], [ -98.2779, 44.7315 ], [ -98.2812, 44.7321 ], [ -98.2929, 44.7379 ], [ -98.2955, 44.7397 ], [ -98.2971, 44.7419 ], [ -98.2946, 44.7442 ], [ -98.2947, 44.7454 ], [ -98.2956, 44.746 ], [ -98.2985, 44.7458 ], [ -98.3001, 44.7478 ], [ -98.2998, 44.7488 ], [ -98.2973, 44.749 ], [ -98.296, 44.7496 ], [ -98.2954, 44.751 ], [ -98.2953, 44.7529 ], [ -98.2977, 44.756 ], [ -98.2999, 44.7623 ], [ -98.2985, 44.7659 ], [ -98.298, 44.7713 ], [ -98.3008, 44.7744 ], [ -98.3026, 44.7757 ], [ -98.3029, 44.7779 ], [ -98.3014, 44.7812 ], [ -98.3002, 44.7819 ], [ -98.2993, 44.782 ], [ -98.2988, 44.7816 ], [ -98.2988, 44.7803 ], [ -98.2983, 44.7799 ], [ -98.2964, 44.7798 ], [ -98.2935, 44.7814 ], [ -98.2907, 44.7853 ], [ -98.2906, 44.7859 ], [ -98.2942, 44.7882 ], [ -98.294, 44.7889 ], [ -98.2915, 44.7902 ], [ -98.2915, 44.7909 ], [ -98.2923, 44.791 ], [ -98.2935, 44.7904 ], [ -98.2943, 44.7905 ], [ -98.2951, 44.7915 ], [ -98.2953, 44.7925 ], [ -98.2936, 44.7938 ], [ -98.2941, 44.7969 ], [ -98.2935, 44.798 ], [ -98.291, 44.7995 ], [ -98.2905, 44.8003 ], [ -98.2908, 44.8009 ], [ -98.2973, 44.8049 ], [ -98.3002, 44.8082 ], [ -98.3007, 44.8094 ], [ -98.3018, 44.8133 ], [ -98.3002, 44.8167 ], [ -98.2991, 44.8219 ], [ -98.3028, 44.8256 ], [ -98.3041, 44.8282 ], [ -98.3078, 44.8314 ], [ -98.3101, 44.8365 ], [ -98.3142, 44.8389 ], [ -98.3163, 44.8419 ], [ -98.3216, 44.8439 ], [ -98.3227, 44.8448 ], [ -98.3227, 44.8455 ], [ -98.3195, 44.8486 ], [ -98.3155, 44.8546 ], [ -98.3153, 44.8574 ], [ -98.3169, 44.8589 ], [ -98.3172, 44.8612 ], [ -98.3162, 44.8634 ], [ -98.3176, 44.8669 ], [ -98.3186, 44.8672 ], [ -98.3242, 44.8674 ], [ -98.3278, 44.868 ], [ -98.3307, 44.869 ], [ -98.3359, 44.8695 ], [ -98.3381, 44.8704 ], [ -98.3408, 44.8733 ], [ -98.3405, 44.8743 ], [ -98.3389, 44.8753 ], [ -98.3372, 44.8774 ], [ -98.3373, 44.8789 ], [ -98.3379, 44.8791 ], [ -98.343, 44.8788 ], [ -98.3482, 44.8796 ], [ -98.3544, 44.8815 ], [ -98.355, 44.8828 ], [ -98.3527, 44.8861 ], [ -98.3517, 44.8869 ], [ -98.3524, 44.8877 ], [ -98.3534, 44.8875 ], [ -98.3549, 44.886 ], [ -98.357, 44.8852 ], [ -98.3571, 44.8848 ], [ -98.3582, 44.8842 ], [ -98.3608, 44.8841 ], [ -98.3631, 44.8845 ], [ -98.3645, 44.8852 ], [ -98.3648, 44.886 ], [ -98.364, 44.8884 ], [ -98.361, 44.8898 ], [ -98.3582, 44.8917 ], [ -98.3564, 44.8938 ], [ -98.3522, 44.8976 ], [ -98.3522, 44.8982 ], [ -98.3529, 44.8988 ], [ -98.3539, 44.8993 ], [ -98.3562, 44.8997 ], [ -98.3576, 44.9006 ], [ -98.3641, 44.9025 ], [ -98.3669, 44.902 ], [ -98.3694, 44.9009 ], [ -98.3779, 44.9004 ], [ -98.3809, 44.9013 ], [ -98.3861, 44.902 ], [ -98.3875, 44.902 ], [ -98.3911, 44.9007 ], [ -98.3924, 44.9007 ], [ -98.3947, 44.9023 ], [ -98.3955, 44.9024 ], [ -98.3966, 44.9023 ], [ -98.3982, 44.9013 ], [ -98.401, 44.9011 ], [ -98.4035, 44.9005 ], [ -98.4089, 44.9013 ], [ -98.4093, 44.902 ], [ -98.4089, 44.9038 ], [ -98.4073, 44.9057 ], [ -98.4074, 44.9064 ], [ -98.4126, 44.9104 ], [ -98.4164, 44.9101 ], [ -98.4165, 44.9121 ], [ -98.4171, 44.9134 ], [ -98.4188, 44.9153 ], [ -98.4211, 44.916 ], [ -98.4212, 44.9175 ], [ -98.4226, 44.9177 ], [ -98.4243, 44.916 ], [ -98.4265, 44.9163 ], [ -98.4267, 44.9168 ], [ -98.4251, 44.9186 ], [ -98.4255, 44.9198 ], [ -98.4262, 44.9199 ], [ -98.4275, 44.9191 ], [ -98.4285, 44.919 ], [ -98.4341, 44.9217 ], [ -98.4343, 44.9234 ], [ -98.4329, 44.9258 ], [ -98.4351, 44.9273 ], [ -98.4367, 44.9273 ], [ -98.4389, 44.9259 ], [ -98.4433, 44.9248 ], [ -98.448, 44.9267 ], [ -98.4496, 44.9266 ], [ -98.4509, 44.9262 ], [ -98.451, 44.9252 ], [ -98.4488, 44.9224 ], [ -98.4511, 44.9212 ], [ -98.4528, 44.9197 ], [ -98.4527, 44.9184 ], [ -98.453, 44.9176 ], [ -98.4555, 44.9152 ], [ -98.4551, 44.9149 ], [ -98.4527, 44.916 ], [ -98.4499, 44.9163 ], [ -98.4492, 44.9159 ], [ -98.4492, 44.9152 ], [ -98.4507, 44.9135 ], [ -98.4561, 44.9103 ], [ -98.4565, 44.909 ], [ -98.4559, 44.9076 ], [ -98.4561, 44.9068 ], [ -98.4567, 44.9068 ], [ -98.4602, 44.9092 ], [ -98.4636, 44.9102 ], [ -98.4665, 44.9094 ], [ -98.4696, 44.9093 ], [ -98.4742, 44.9118 ], [ -98.4786, 44.9131 ], [ -98.4824, 44.9125 ], [ -98.4842, 44.913 ], [ -98.4852, 44.9129 ], [ -98.4858, 44.9137 ], [ -98.4859, 44.9163 ], [ -98.4845, 44.9188 ], [ -98.4847, 44.9194 ], [ -98.4851, 44.9195 ], [ -98.49, 44.9203 ], [ -98.4914, 44.92 ], [ -98.491, 44.9169 ], [ -98.4893, 44.9158 ], [ -98.4893, 44.9153 ], [ -98.4898, 44.915 ], [ -98.4979, 44.9148 ], [ -98.4992, 44.9158 ], [ -98.4992, 44.9164 ], [ -98.4969, 44.9195 ] ] ] } },
{ "type": "Feature", "properties": { "GEOIDFQ": "1400000US46115000100", "NAME": "1", "NAMELSAD": "Census Tract 1" }, "geometry": { "type": "Polygon", "coordinates": [ [ [ -98.7178, 45.2437 ], [ -98.3912, 45.2416 ], [ -98.3917, 45.2399 ], [ -98.394, 45.2402 ], [ -98.3947, 45.2399 ], [ -98.3949, 45.2391 ], [ -98.394, 45.2365 ], [ -98.3959, 45.2354 ], [ -98.3972, 45.2341 ], [ -98.397, 45.2336 ], [ -98.3947, 45.2328 ], [ -98.3944, 45.2324 ], [ -98.3949, 45.2315 ], [ -98.3961, 45.231 ], [ -98.3971, 45.2311 ], [ -98.399, 45.2326 ], [ -98.4004, 45.2332 ], [ -98.4016, 45.2323 ], [ -98.401, 45.2315 ], [ -98.3989, 45.2297 ], [ -98.3945, 45.2282 ], [ -98.3946, 45.2277 ], [ -98.3956, 45.2272 ], [ -98.397, 45.2276 ], [ -98.4003, 45.2278 ], [ -98.4008, 45.2276 ], [ -98.4008, 45.2267 ], [ -98.4001, 45.2264 ], [ -98.3958, 45.2254 ], [ -98.3949, 45.225 ], [ -98.3949, 45.2246 ], [ -98.3959, 45.2238 ], [ -98.3973, 45.2237 ], [ -98.399, 45.2241 ], [ -98.4005, 45.2252 ], [ -98.4015, 45.2247 ], [ -98.4017, 45.2234 ], [ -98.4008, 45.2204 ], [ -98.4008, 45.2185 ], [ -98.4012, 45.2176 ], [ -98.4028, 45.2159 ], [ -98.4018, 45.2137 ], [ -98.4016, 45.2118 ], [ -98.4021, 45.2113 ], [ -98.4014, 45.2099 ], [ -98.4023, 45.2095 ], [ -98.4037, 45.2103 ], [ -98.4047, 45.2106 ], [ -98.4053, 45.2103 ], [ -98.406, 45.2093 ], [ -98.4056, 45.208 ], [ -98.405, 45.2081 ], [ -98.4036, 45.2065 ], [ -98.4042, 45.2056 ], [ -98.4063, 45.2055 ], [ -98.4067, 45.2047 ], [ -98.4055, 45.2037 ], [ -98.4056, 45.2034 ], [ -98.407, 45.2034 ], [ -98.4072, 45.2031 ], [ -98.4061, 45.2025 ], [ -98.4056, 45.2011 ], [ -98.4031, 45.1985 ], [ -98.403, 45.1977 ], [ -98.4039, 45.1973 ], [ -98.4049, 45.1974 ], [ -98.4097, 45.1992 ], [ -98.4106, 45.1991 ], [ -98.4108, 45.1988 ], [ -98.4102, 45.1977 ], [ -98.4093, 45.1971 ], [ -98.4081, 45.1967 ], [ -98.4058, 45.1965 ], [ -98.4031, 45.1957 ], [ -98.4033, 45.1952 ], [ -98.405, 45.1944 ], [ -98.4042, 45.1937 ], [ -98.4047, 45.1934 ], [ -98.4061, 45.1941 ], [ -98.4087, 45.1948 ], [ -98.4097, 45.1945 ], [ -98.4096, 45.1939 ], [ -98.4071, 45.1922 ], [ -98.4054, 45.1884 ], [ -98.4054, 45.1875 ], [ -98.4068, 45.1864 ], [ -98.4069, 45.1859 ], [ -98.4055, 45.1854 ], [ -98.4025, 45.1858 ], [ -98.4014, 45.1854 ], [ -98.4004, 45.1843 ], [ -98.3998, 45.1814 ], [ -98.3989, 45.1805 ], [ -98.3957, 45.1802 ], [ -98.3935, 45.1805 ], [ -98.392, 45.1816 ], [ -98.3917, 45.1824 ], [ -98.3912, 45.1827 ], [ -98.3907, 45.1825 ], [ -98.3899, 45.1817 ], [ -98.3916, 45.1797 ], [ -98.3911, 45.1772 ], [ -98.3919, 45.1764 ], [ -98.3997, 45.1763 ], [ -98.4011, 45.1752 ], [ -98.4009, 45.1743 ], [ -98.4003, 45.1739 ], [ -98.3977, 45.173 ], [ -98.3964, 45.1723 ], [ -98.3967, 45.1708 ], [ -98.396, 45.1694 ], [ -98.3966, 45.1687 ], [ -98.3976, 45.1685 ], [ -98.3992, 45.1691 ], [ -98.4002, 45.1704 ], [ -98.4015, 45.1705 ], [ -98.4021, 45.17 ], [ -98.4018, 45.1689 ], [ -98.3994, 45.1667 ], [ -98.3991, 45.1657 ], [ -98.4001, 45.163 ], [ -98.4015, 45.1614 ], [ -98.4049, 45.1591 ], [ -98.4069, 45.157 ], [ -98.4068, 45.1553 ], [ -98.4036, 45.1537 ], [ -98.4042, 45.1525 ], [ -98.4055, 45.1519 ], [ -98.4069, 45.1524 ], [ -98.4095, 45.1528 ], [ -98.4111, 45.1536 ], [ -98.4138, 45.1525 ], [ -98.4159, 45.1531 ], [ -98.4175, 45.1531 ], [ -98.4185, 45.1523 ], [ -98.419, 45.1509 ], [ -98.4179, 45.149 ], [ -98.4153, 45.1477 ], [ -98.4165, 45.1468 ], [ -98.4185, 45.1475 ], [ -98.4188, 45.1493 ], [ -98.4193, 45.1497 ], [ -98.4207, 45.1496 ], [ -98.4215, 45.147 ], [ -98.422, 45.1469 ], [ -98.423, 45.1475 ], [ -98.4236, 45.1485 ], [ -98.4246, 45.1492 ], [ -98.4201, 45.1506 ], [ -98.421, 45.1519 ], [ -98.422, 45.1518 ], [ -98.4246, 45.1501 ], [ -98.426, 45.1483 ], [ -98.4245, 45.1449 ], [ -98.4246, 45.1443 ], [ -98.4258, 45.1439 ], [ -98.4277, 45.1443 ], [ -98.4286, 45.144 ], [ -98.4287, 45.1413 ], [ -98.4263, 45.1406 ], [ -98.4244, 45.1395 ], [ -98.4231, 45.1395 ], [ -98.4226, 45.1392 ], [ -98.4227, 45.1386 ], [ -98.424, 45.1381 ], [ -98.4269, 45.1383 ], [ -98.4276, 45.138 ], [ -98.4272, 45.137 ], [ -98.4256, 45.1356 ], [ -98.4247, 45.1341 ], [ -98.423, 45.1339 ], [ -98.4199, 45.1347 ], [ -98.4192, 45.134 ], [ -98.4198, 45.1324 ], [ -98.4187, 45.1323 ], [ -98.4157, 45.1348 ], [ -98.4157, 45.1366 ], [ -98.4163, 45.1375 ], [ -98.4157, 45.1379 ], [ -98.4149, 45.1377 ], [ -98.412, 45.134 ], [ -98.4124, 45.1334 ], [ -98.414, 45.1327 ], [ -98.4152, 45.1318 ], [ -98.4163, 45.1298 ], [ -98.4202, 45.1296 ], [ -98.4208, 45.1278 ], [ -98.4214, 45.1276 ], [ -98.4227, 45.1289 ], [ -98.4249, 45.127 ], [ -98.4264, 45.1262 ], [ -98.4265, 45.125 ], [ -98.4289, 45.1252 ], [ -98.4298, 45.1246 ], [ -98.4281, 45.121 ], [ -98.4253, 45.1208 ], [ -98.4248, 45.1204 ], [ -98.4253, 45.1194 ], [ -98.4292, 45.1189 ], [ -98.4275, 45.118 ], [ -98.4278, 45.1148 ], [ -98.4274, 45.1135 ], [ -98.4247, 45.114 ], [ -98.4242, 45.1135 ], [ -98.4246, 45.1123 ], [ -98.4274, 45.1103 ], [ -98.4283, 45.1086 ], [ -98.4267, 45.108 ], [ -98.4256, 45.1084 ], [ -98.4241, 45.1097 ], [ -98.4229, 45.1095 ], [ -98.4219, 45.1075 ], [ -98.422, 45.1037 ], [ -98.4239, 45.1032 ], [ -98.4267, 45.1029 ], [ -98.4276, 45.1033 ], [ -98.4287, 45.1047 ], [ -98.4298, 45.1049 ], [ -98.4314, 45.1047 ], [ -98.4317, 45.103 ], [ -98.4305, 45.1009 ], [ -98.4306, 45.1004 ], [ -98.4314, 45.1003 ], [ -98.4324, 45.1006 ], [ -98.4332, 45.1025 ], [ -98.4343, 45.1022 ], [ -98.4373, 45.0986 ], [ -98.4362, 45.0961 ], [ -98.4371, 45.0937 ], [ -98.4366, 45.0932 ], [ -98.4341, 45.0927 ], [ -98.4319, 45.0933 ], [ -98.4262, 45.0925 ], [ -98.4257, 45.0921 ], [ -98.4257, 45.0903 ], [ -98.4269, 45.0884 ], [ -98.43, 45.0869 ], [ -98.4314, 45.0858 ], [ -98.4317, 45.0847 ], [ -98.4307, 45.0835 ], [ -98.4309, 45.0828 ], [ -98.4313, 45.0827 ], [ -98.432, 45.0832 ], [ -98.4324, 45.0846 ], [ -98.4334, 45.085 ], [ -98.4341, 45.0849 ], [ -98.4359, 45.0821 ], [ -98.4366, 45.0817 ], [ -98.438, 45.0815 ], [ -98.4383, 45.0774 ], [ -98.4373, 45.0769 ], [ -98.4439, 45.0741 ], [ -98.4438, 45.0731 ], [ -98.4417, 45.0711 ], [ -98.439, 45.071 ], [ -98.438, 45.0716 ], [ -98.4369, 45.0717 ], [ -98.4365, 45.0713 ], [ -98.4361, 45.0704 ], [ -98.4373, 45.0676 ], [ -98.4371, 45.067 ], [ -98.4361, 45.0669 ], [ -98.4347, 45.0674 ], [ -98.4334, 45.0674 ], [ -98.4334, 45.0671 ], [ -98.4342, 45.0662 ], [ -98.4371, 45.0649 ], [ -98.4375, 45.0639 ], [ -98.4368, 45.0625 ], [ -98.437, 45.0614 ], [ -98.4406, 45.0574 ], [ -98.4424, 45.0564 ], [ -98.4431, 45.0567 ], [ -98.4431, 45.0589 ], [ -98.4461, 45.0607 ], [ -98.4456, 45.0611 ], [ -98.4421, 45.061 ], [ -98.4417, 45.062 ], [ -98.4441, 45.063 ], [ -98.4456, 45.0617 ], [ -98.4479, 45.0611 ], [ -98.4483, 45.0615 ], [ -98.4479, 45.0624 ], [ -98.4467, 45.0632 ], [ -98.4468, 45.0637 ], [ -98.4482, 45.0639 ], [ -98.449, 45.0633 ], [ -98.4495, 45.0603 ], [ -98.451, 45.0572 ], [ -98.4495, 45.0567 ], [ -98.4477, 45.057 ], [ -98.4466, 45.056 ], [ -98.4445, 45.0565 ], [ -98.4427, 45.055 ], [ -98.4429, 45.0542 ], [ -98.4438, 45.054 ], [ -98.4473, 45.0546 ], [ -98.4489, 45.0542 ], [ -98.4492, 45.0547 ], [ -98.4488, 45.0556 ], [ -98.4494, 45.0557 ], [ -98.4513, 45.0544 ], [ -98.4525, 45.0541 ], [ -98.4528, 45.0542 ], [ -98.4523, 45.056 ], [ -98.4535, 45.0562 ], [ -98.4541, 45.0559 ], [ -98.455, 45.0552 ], [ -98.4553, 45.0539 ], [ -98.4548, 45.0529 ], [ -98.4532, 45.0516 ], [ -98.453, 45.0505 ], [ -98.4496, 45.0505 ], [ -98.4493, 45.0494 ], [ -98.4501, 45.0489 ], [ -98.4534, 45.049 ], [ -98.4563, 45.0484 ], [ -98.4577, 45.0474 ], [ -98.4593, 45.0456 ], [ -98.4628, 45.0434 ], [ -98.4634, 45.0426 ], [ -98.4635, 45.0416 ], [ -98.4614, 45.0407 ], [ -98.4607, 45.0399 ], [ -98.4615, 45.0375 ], [ -98.4584, 45.038 ], [ -98.4554, 45.0377 ], [ -98.4537, 45.0371 ], [ -98.4538, 45.0366 ], [ -98.4548, 45.036 ], [ -98.4608, 45.0357 ], [ -98.4618, 45.0351 ], [ -98.4611, 45.0335 ], [ -98.4572, 45.0307 ], [ -98.4562, 45.0307 ], [ -98.4556, 45.0311 ], [ -98.4537, 45.033 ], [ -98.4529, 45.0331 ], [ -98.452, 45.0324 ], [ -98.4511, 45.0326 ], [ -98.4511, 45.0335 ], [ -98.4535, 45.0345 ], [ -98.4534, 45.0353 ], [ -98.4492, 45.0349 ], [ -98.4477, 45.0341 ], [ -98.4482, 45.0329 ], [ -98.4507, 45.0307 ], [ -98.4502, 45.0302 ], [ -98.4493, 45.0302 ], [ -98.4469, 45.031 ], [ -98.4453, 45.0305 ], [ -98.4444, 45.0306 ], [ -98.4445, 45.0314 ], [ -98.4465, 45.0333 ], [ -98.4464, 45.0339 ], [ -98.4442, 45.0339 ], [ -98.4426, 45.0334 ], [ -98.4423, 45.0321 ], [ -98.443, 45.0298 ], [ -98.4449, 45.0277 ], [ -98.4455, 45.0264 ], [ -98.4454, 45.0257 ], [ -98.4436, 45.025 ], [ -98.4448, 45.0237 ], [ -98.4468, 45.0227 ], [ -98.4505, 45.0227 ], [ -98.4535, 45.0232 ], [ -98.4538, 45.023 ], [ -98.4537, 45.0222 ], [ -98.452, 45.021 ], [ -98.4521, 45.0206 ], [ -98.4531, 45.0199 ], [ -98.4537, 45.0205 ], [ -98.4542, 45.0206 ], [ -98.4554, 45.0198 ], [ -98.4558, 45.0191 ], [ -98.4554, 45.0182 ], [ -98.4557, 45.0176 ], [ -98.4584, 45.0161 ], [ -98.4588, 45.0161 ], [ -98.4602, 45.0178 ], [ -98.4637, 45.019 ], [ -98.4642, 45.0175 ], [ -98.4625, 45.016 ], [ -98.4622, 45.0145 ], [ -98.4617, 45.0145 ], [ -98.4595, 45.0156 ], [ -98.4587, 45.0157 ], [ -98.4579, 45.0154 ], [ -98.458, 45.0143 ], [ -98.4596, 45.0124 ], [ -98.4617, 45.012 ], [ -98.4647, 45.0143 ], [ -98.4656, 45.0145 ], [ -98.4672, 45.0142 ], [ -98.4677, 45.0137 ], [ -98.4677, 45.0128 ], [ -98.4661, 45.0114 ], [ -98.467, 45.0107 ], [ -98.4684, 45.011 ], [ -98.4689, 45.0117 ], [ -98.4689, 45.0135 ], [ -98.4697, 45.0141 ], [ -98.4704, 45.0139 ], [ -98.4732, 45.0118 ], [ -98.4757, 45.0107 ], [ -98.4753, 45.0094 ], [ -98.4739, 45.0086 ], [ -98.4669, 45.0065 ], [ -98.467, 45.0044 ], [ -98.4659, 45.0039 ], [ -98.4658, 45.0035 ], [ -98.4676, 45.002 ], [ -98.4714, 45.0004 ], [ -98.4723, 45.001 ], [ -98.4726, 45.0035 ], [ -98.4735, 45.0038 ], [ -98.4773, 45.0025 ], [ -98.4826, 45.0018 ], [ -98.4832, 45.0015 ], [ -98.4829, 45.0006 ], [ -98.4815, 44.9996 ], [ -98.4797, 44.9963 ], [ -98.4768, 44.9948 ], [ -98.4762, 44.9937 ], [ -98.4779, 44.9914 ], [ -98.4809, 44.9906 ], [ -98.4827, 44.9896 ], [ -98.4826, 44.9886 ], [ -98.481, 44.9871 ], [ -98.4811, 44.9867 ], [ -98.4843, 44.9865 ], [ -98.4856, 44.9857 ], [ -98.4859, 44.985 ], [ -98.4849, 44.9833 ], [ -98.4816, 44.9808 ], [ -98.4818, 44.9784 ], [ -98.481, 44.9782 ], [ -98.4784, 44.9792 ], [ -98.4776, 44.9788 ], [ -98.4773, 44.9781 ], [ -98.4782, 44.977 ], [ -98.4791, 44.9767 ], [ -98.4808, 44.977 ], [ -98.4838, 44.9766 ], [ -98.4859, 44.9779 ], [ -98.4866, 44.9778 ], [ -98.4877, 44.9763 ], [ -98.4879, 44.9738 ], [ -98.4877, 44.9731 ], [ -98.4848, 44.9723 ], [ -98.4836, 44.9724 ], [ -98.4803, 44.9739 ], [ -98.4769, 44.974 ], [ -98.4766, 44.9734 ], [ -98.4792, 44.9706 ], [ -98.4803, 44.9688 ], [ -98.4824, 44.9678 ], [ -98.4843, 44.9664 ], [ -98.4871, 44.9654 ], [ -98.4892, 44.9654 ], [ -98.4917, 44.9663 ], [ -98.4927, 44.9662 ], [ -98.4933, 44.9657 ], [ -98.4935, 44.9649 ], [ -98.4922, 44.9625 ], [ -98.4912, 44.962 ], [ -98.4876, 44.9622 ], [ -98.4864, 44.9615 ], [ -98.4867, 44.9607 ], [ -98.4914, 44.9601 ], [ -98.4938, 44.9615 ], [ -98.4945, 44.9617 ], [ -98.4955, 44.9612 ], [ -98.4957, 44.9607 ], [ -98.4951, 44.9597 ], [ -98.492, 44.9577 ], [ -98.4897, 44.9577 ], [ -98.4883, 44.9589 ], [ -98.4868, 44.9587 ], [ -98.4843, 44.9579 ], [ -98.4845, 44.9572 ], [ -98.4866, 44.9559 ], [ -98.4868, 44.9549 ], [ -98.4859, 44.9544 ], [ -98.4846, 44.9546 ], [ -98.4838, 44.955 ], [ -98.4831, 44.955 ], [ -98.4841, 44.9509 ], [ -98.4837, 44.947 ], [ -98.4825, 44.9465 ], [ -98.4805, 44.9468 ], [ -98.48, 44.9466 ], [ -98.4815, 44.9436 ], [ -98.4848, 44.9416 ], [ -98.4858, 44.94 ], [ -98.4861, 44.9385 ], [ -98.4856, 44.9382 ], [ -98.4838, 44.9381 ], [ -98.4806, 44.9392 ], [ -98.48, 44.9389 ], [ -98.4799, 44.9382 ], [ -98.481, 44.9372 ], [ -98.4835, 44.936 ], [ -98.4861, 44.9354 ], [ -98.487, 44.9349 ], [ -98.4876, 44.934 ], [ -98.4871, 44.9332 ], [ -98.4833, 44.9323 ], [ -98.483, 44.9319 ], [ -98.4883, 44.9296 ], [ -98.4896, 44.9272 ], [ -98.491, 44.927 ], [ -98.494, 44.9284 ], [ -98.4949, 44.9279 ], [ -98.4953, 44.9269 ], [ -98.495, 44.9263 ], [ -98.4913, 44.9254 ], [ -98.4901, 44.9256 ], [ -98.4863, 44.9271 ], [ -98.4848, 44.927 ], [ -98.487, 44.9238 ], [ -98.4918, 44.9225 ], [ -98.4956, 44.9206 ], [ -98.4989, 44.917 ], [ -98.4993, 44.916 ], [ -98.4984, 44.915 ], [ -98.4968, 44.9147 ], [ -98.4898, 44.915 ], [ -98.4893, 44.9153 ], [ -98.4893, 44.9158 ], [ -98.491, 44.9169 ], [ -98.4914, 44.92 ], [ -98.49, 44.9203 ], [ -98.4851, 44.9195 ], [ -98.4847, 44.9194 ], [ -98.4845, 44.9188 ], [ -98.4859, 44.9163 ], [ -98.4858, 44.9137 ], [ -98.4852, 44.9129 ], [ -98.4842, 44.913 ], [ -98.4824, 44.9125 ], [ -98.4786, 44.9131 ], [ -98.4742, 44.9118 ], [ -98.4696, 44.9093 ], [ -98.4665, 44.9094 ], [ -98.4636, 44.9102 ], [ -98.4602, 44.9092 ], [ -98.4567, 44.9068 ], [ -98.4561, 44.9068 ], [ -98.4559, 44.9076 ], [ -98.4565, 44.909 ], [ -98.4561, 44.9103 ], [ -98.4507, 44.9135 ], [ -98.4492, 44.9152 ], [ -98.4492, 44.9159 ], [ -98.4499, 44.9163 ], [ -98.4527, 44.916 ], [ -98.4551, 44.9149 ], [ -98.4555, 44.9152 ], [ -98.453, 44.9176 ], [ -98.4527, 44.9184 ], [ -98.4528, 44.9197 ], [ -98.4511, 44.9212 ], [ -98.4488, 44.9224 ], [ -98.451, 44.9252 ], [ -98.4509, 44.9262 ], [ -98.4496, 44.9266 ], [ -98.448, 44.9267 ], [ -98.4433, 44.9248 ], [ -98.4389, 44.9259 ], [ -98.4367, 44.9273 ], [ -98.4351, 44.9273 ], [ -98.4329, 44.9258 ], [ -98.4343, 44.9234 ], [ -98.4341, 44.9217 ], [ -98.4285, 44.919 ], [ -98.4275, 44.9191 ], [ -98.4262, 44.9199 ], [ -98.4255, 44.9198 ], [ -98.4251, 44.9186 ], [ -98.4267, 44.9168 ], [ -98.4265, 44.9163 ], [ -98.4243, 44.916 ], [ -98.4226, 44.9177 ], [ -98.4212, 44.9175 ], [ -98.4211, 44.916 ], [ -98.4188, 44.9153 ], [ -98.4171, 44.9134 ], [ -98.4165, 44.9121 ], [ -98.4164, 44.9101 ], [ -98.4126, 44.9104 ], [ -98.4074, 44.9064 ], [ -98.4073, 44.9057 ], [ -98.4089, 44.9038 ], [ -98.4093, 44.902 ], [ -98.4089, 44.9013 ], [ -98.4035, 44.9005 ], [ -98.401, 44.9011 ], [ -98.3982, 44.9013 ], [ -98.3966, 44.9023 ], [ -98.3955, 44.9024 ], [ -98.3947, 44.9023 ], [ -98.3924, 44.9007 ], [ -98.3911, 44.9007 ], [ -98.3875, 44.902 ], [ -98.3861, 44.902 ], [ -98.3809, 44.9013 ], [ -98.3779, 44.9004 ], [ -98.3694, 44.9009 ], [ -98.3669, 44.902 ], [ -98.3641, 44.9025 ], [ -98.3576, 44.9006 ], [ -98.3562, 44.8997 ], [ -98.3539, 44.8993 ], [ -98.3529, 44.8988 ], [ -98.3522, 44.8982 ], [ -98.3522, 44.8976 ], [ -98.3564, 44.8938 ], [ -98.3582, 44.8917 ], [ -98.361, 44.8898 ], [ -98.364, 44.8884 ], [ -98.3648, 44.886 ], [ -98.3645, 44.8852 ], [ -98.3631, 44.8845 ], [ -98.3608, 44.8841 ], [ -98.3582, 44.8842 ], [ -98.3571, 44.8848 ], [ -98.357, 44.8852 ], [ -98.3549, 44.886 ], [ -98.3534, 44.8875 ], [ -98.3524, 44.8877 ], [ -98.3517, 44.8869 ], [ -98.3527, 44.8861 ], [ -98.355, 44.8828 ], [ -98.3544, 44.8815 ], [ -98.3482, 44.8796 ], [ -98.343, 44.8788 ], [ -98.3379, 44.8791 ], [ -98.3373, 44.8789 ], [ -98.3372, 44.8774 ], [ -98.3389, 44.8753 ], [ -98.3405, 44.8743 ], [ -98.3408, 44.8733 ], [ -98.3381, 44.8704 ], [ -98.3359, 44.8695 ], [ -98.3307, 44.869 ], [ -98.3278, 44.868 ], [ -98.3242, 44.8674 ], [ -98.3186, 44.8672 ], [ -98.3176, 44.8669 ], [ -98.3162, 44.8634 ], [ -98.3172, 44.8612 ], [ -98.3169, 44.8589 ], [ -98.3153, 44.8574 ], [ -98.3155, 44.8546 ], [ -98.3195, 44.8486 ], [ -98.3227, 44.8455 ], [ -98.3227, 44.8448 ], [ -98.3216, 44.8439 ], [ -98.3163, 44.8419 ], [ -98.3142, 44.8389 ], [ -98.3101, 44.8365 ], [ -98.3078, 44.8314 ], [ -98.3041, 44.8282 ], [ -98.3028, 44.8256 ], [ -98.2991, 44.8219 ], [ -98.3002, 44.8167 ], [ -98.3018, 44.8133 ], [ -98.3007, 44.8094 ], [ -98.3002, 44.8082 ], [ -98.2973, 44.8049 ], [ -98.2908, 44.8009 ], [ -98.2905, 44.8003 ], [ -98.291, 44.7995 ], [ -98.2935, 44.798 ], [ -98.2941, 44.7969 ], [ -98.2936, 44.7938 ], [ -98.2953, 44.7925 ], [ -98.2951, 44.7915 ], [ -98.2943, 44.7905 ], [ -98.2935, 44.7904 ], [ -98.2923, 44.791 ], [ -98.2915, 44.7909 ], [ -98.2915, 44.7902 ], [ -98.294, 44.7889 ], [ -98.2942, 44.7882 ], [ -98.2906, 44.7859 ], [ -98.2907, 44.7853 ], [ -98.2935, 44.7814 ], [ -98.2964, 44.7798 ], [ -98.2983, 44.7799 ], [ -98.2988, 44.7803 ], [ -98.2988, 44.7816 ], [ -98.2993, 44.782 ], [ -98.3002, 44.7819 ], [ -98.3014, 44.7812 ], [ -98.3029, 44.7779 ], [ -98.3026, 44.7757 ], [ -98.3008, 44.7744 ], [ -98.298, 44.7713 ], [ -98.2985, 44.7659 ], [ -98.2999, 44.7623 ], [ -98.2977, 44.756 ], [ -98.2953, 44.7529 ], [ -98.2954, 44.751 ], [ -98.296, 44.7496 ], [ -98.2973, 44.749 ], [ -98.2998, 44.7488 ], [ -98.3001, 44.7478 ], [ -98.2985, 44.7458 ], [ -98.2956, 44.746 ], [ -98.2947, 44.7454 ], [ -98.2946, 44.7442 ], [ -98.2971, 44.7419 ], [ -98.2955, 44.7397 ], [ -98.2929, 44.7379 ], [ -98.2812, 44.7321 ], [ -98.2779, 44.7315 ], [ -98.2723, 44.7296 ], [ -98.2713, 44.7287 ], [ -98.2699, 44.7247 ], [ -98.2679, 44.7231 ], [ -98.2673, 44.7213 ], [ -98.2669, 44.7171 ], [ -98.2677, 44.7133 ], [ -98.2692, 44.7114 ], [ -98.2735, 44.7077 ], [ -98.2772, 44.7066 ], [ -98.2777, 44.7061 ], [ -98.2803, 44.6927 ], [ -98.2813, 44.6904 ], [ -98.2816, 44.6884 ], [ -98.2821, 44.6881 ], [ -98.2844, 44.6882 ], [ -98.2858, 44.6875 ], [ -98.2857, 44.6823 ], [ -98.2848, 44.6798 ], [ -98.2889, 44.6778 ], [ -98.2883, 44.6744 ], [ -98.2873, 44.6721 ], [ -98.2857, 44.6708 ], [ -98.285, 44.6692 ], [ -98.2828, 44.6682 ], [ -98.2822, 44.6673 ], [ -98.2828, 44.6665 ], [ -98.2863, 44.6651 ], [ -98.2859, 44.6633 ], [ -98.2848, 44.6623 ], [ -98.2813, 44.6618 ], [ -98.2805, 44.6611 ], [ -98.2808, 44.6598 ], [ -98.283, 44.6583 ], [ -98.2835, 44.6573 ], [ -98.2833, 44.656 ], [ -98.2815, 44.6535 ], [ -98.2798, 44.6533 ], [ -98.2782, 44.6536 ], [ -98.2772, 44.6532 ], [ -98.2773, 44.6522 ], [ -98.2779, 44.6513 ], [ -98.2794, 44.6505 ], [ -98.2801, 44.6497 ], [ -98.2785, 44.6467 ], [ -98.275, 44.6451 ], [ -98.2755, 44.6441 ], [ -98.2777, 44.6432 ], [ -98.2774, 44.6416 ], [ -98.2764, 44.6402 ], [ -98.2756, 44.64 ], [ -98.2728, 44.6402 ], [ -98.2715, 44.6396 ], [ -98.2709, 44.6347 ], [ -98.2719, 44.6326 ], [ -98.4432, 44.633 ], [ -98.7058, 44.6342 ], [ -98.7054, 44.8969 ], [ -98.7165, 44.8969 ], [ -98.7164, 44.9648 ], [ -98.7172, 45.08 ], [ -98.7176, 45.0851 ], [ -98.7173, 45.1126 ], [ -98.7178, 45.2437 ] ], [ [ -98.5846, 44.8506 ], [ -98.5033, 44.8502 ], [ -98.5032, 44.8623 ], [ -98.5002, 44.8597 ], [ -98.4907, 44.8501 ], [ -98.4829, 44.8501 ], [ -98.4827, 44.8969 ], [ -98.5642, 44.8979 ], [ -98.5642, 44.8913 ], [ -98.5846, 44.8975 ], [ -98.5846, 44.8506 ] ] ] } },
{ "type": "Feature", "properties": { "GEOIDFQ": "1400000US46115000200", "NAME": "2", "NAMELSAD": "Census Tract 2" }, "geometry": { "type": "Polygon", "coordinates": [ [ [ -98.5846, 44.8975 ], [ -98.5642, 44.8913 ], [ -98.5642, 44.8979 ], [ -98.4827, 44.8969 ], [ -98.4829, 44.8501 ], [ -98.4907, 44.8501 ], [ -98.5002, 44.8597 ], [ -98.5032, 44.8623 ], [ -98.5033, 44.8502 ], [ -98.5846, 44.8506 ], [ -98.5846, 44.8975 ] ] ] } },
{ "type": "Feature", "properties": { "GEOIDFQ": "1400000US46037952900", "NAME": "9529", "NAMELSAD": "Census Tract 9529" }, "geometry": { "type": "Polygon", "coordinates": [ [ [ -97.5965, 45.2382 ], [ -97.5951, 45.2392 ], [ -97.5936, 45.2396 ], [ -97.5918, 45.2396 ], [ -97.5916, 45.2686 ], [ -97.5917, 45.2697 ], [ -97.5926, 45.2715 ], [ -97.5923, 45.2724 ], [ -97.5901, 45.2736 ], [ -97.5898, 45.2742 ], [ -97.5916, 45.2777 ], [ -97.5918, 45.3119 ], [ -97.4891, 45.312 ], [ -97.4891, 45.3307 ], [ -97.4888, 45.3307 ], [ -97.4887, 45.3323 ], [ -97.4892, 45.3341 ], [ -97.489, 45.3568 ], [ -97.4894, 45.3612 ], [ -97.4892, 45.5582 ], [ -97.5098, 45.5583 ], [ -97.5097, 45.5846 ], [ -97.5106, 45.5858 ], [ -97.5147, 45.5878 ], [ -97.3734, 45.5876 ], [ -97.3646, 45.5587 ], [ -97.3304, 45.5585 ], [ -97.3034, 45.5588 ], [ -97.2891, 45.5584 ], [ -97.2271, 45.5582 ], [ -97.2265, 45.4618 ], [ -97.2269, 45.4005 ], [ -97.2261, 45.3349 ], [ -97.2263, 45.2781 ], [ -97.2259, 45.2429 ], [ -97.2263, 45.1518 ], [ -97.2377, 45.1519 ], [ -97.24, 45.1512 ], [ -97.2453, 45.1512 ], [ -97.3702, 45.1519 ], [ -97.4855, 45.1516 ], [ -97.5964, 45.1517 ], [ -97.5969, 45.2369 ], [ -97.5965, 45.2382 ] ] ] } },
{ "type": "Feature", "properties": { "GEOIDFQ": "1400000US46017940200", "NAME": "9402", "NAMELSAD": "Census Tract 9402" }, "geometry": { "type": "Polygon", "coordinates": [ [ [ -99.5577, 44.1929 ], [ -99.5367, 44.1928 ], [ -99.5311, 44.1931 ], [ -99.4694, 44.1934 ], [ -99.355, 44.1951 ], [ -99.2505, 44.1947 ], [ -99.2369, 44.1949 ], [ -99.2367, 44.1964 ], [ -99.2347, 44.1965 ], [ -99.0907, 44.1966 ], [ -99.0853, 44.1968 ], [ -99.034, 44.1965 ], [ -98.926, 44.1966 ], [ -98.9266, 44.0359 ], [ -98.9264, 44.0294 ], [ -98.9271, 43.9875 ], [ -98.927, 43.9351 ], [ -99.058, 43.9348 ], [ -99.187, 43.9332 ], [ -99.2488, 43.9334 ], [ -99.2504, 43.9331 ], [ -99.3547, 43.9336 ], [ -99.3559, 43.9344 ], [ -99.35, 43.9465 ], [ -99.3462, 43.9623 ], [ -99.3459, 43.9696 ], [ -99.346, 43.9814 ], [ -99.348, 43.986 ], [ -99.3537, 43.9953 ], [ -99.3601, 44.0 ], [ -99.365, 44.0023 ], [ -99.3674, 44.0045 ], [ -99.3706, 44.0067 ], [ -99.3799, 44.0141 ], [ -99.3847, 44.017 ], [ -99.3937, 44.0213 ], [ -99.4037, 44.0268 ], [ -99.4214, 44.0397 ], [ -99.4277, 44.0428 ], [ -99.4331, 44.0449 ], [ -99.4395, 44.0468 ], [ -99.4499, 44.0485 ], [ -99.4573, 44.0494 ], [ -99.4735, 44.05 ], [ -99.4829, 44.0507 ], [ -99.4866, 44.0511 ], [ -99.5004, 44.0537 ], [ -99.5079, 44.0542 ], [ -99.5113, 44.055 ], [ -99.5182, 44.0592 ], [ -99.5242, 44.0637 ], [ -99.5344, 44.0697 ], [ -99.5395, 44.0733 ], [ -99.5431, 44.0765 ], [ -99.5475, 44.082 ], [ -99.5584, 44.092 ], [ -99.5617, 44.0975 ], [ -99.5622, 44.0995 ], [ -99.5625, 44.1015 ], [ -99.5615, 44.1077 ], [ -99.554, 44.1278 ], [ -99.5406, 44.1501 ], [ -99.5407, 44.1585 ], [ -99.5512, 44.1712 ], [ -99.5764, 44.1925 ], [ -99.5577, 44.1929 ] ] ] } },
{ "type": "Feature", "properties": { "GEOIDFQ": "1400000US46065977800", "NAME": "9778", "NAMELSAD": "Census Tract 9778" }, "geometry": { "type": "Polygon", "coordinates": [ [ [ -100.3371, 44.3695 ], [ -100.33, 44.3695 ], [ -100.3302, 44.3715 ], [ -100.3296, 44.3724 ], [ -100.3171, 44.378 ], [ -100.316, 44.378 ], [ -100.3149, 44.3808 ], [ -100.3143, 44.3838 ], [ -100.3137, 44.3976 ], [ -100.2987, 44.4004 ], [ -100.2923, 44.4022 ], [ -100.2849, 44.4052 ], [ -100.2301, 44.4256 ], [ -100.2295, 44.3677 ], [ -100.2409, 44.3675 ], [ -100.2496, 44.3655 ], [ -100.2528, 44.3635 ], [ -100.2536, 44.3626 ], [ -100.2541, 44.3613 ], [ -100.2546, 44.3531 ], [ -100.2543, 44.3485 ], [ -100.256, 44.3457 ], [ -100.3371, 44.3614 ], [ -100.3371, 44.3695 ] ] ] } },
{ "type": "Feature", "properties": { "GEOIDFQ": "1400000US46065977900", "NAME": "9779", "NAMELSAD": "Census Tract 9779" }, "geometry": { "type": "Polygon", "coordinates": [ [ [ -100.366, 44.3745 ], [ -100.3646, 44.3744 ], [ -100.3592, 44.3714 ], [ -100.3568, 44.3735 ], [ -100.3484, 44.3686 ], [ -100.3509, 44.3663 ], [ -100.3439, 44.3628 ], [ -100.34, 44.3616 ], [ -100.3391, 44.3617 ], [ -100.3371, 44.3614 ], [ -100.2567, 44.3458 ], [ -100.2574, 44.3448 ], [ -100.2613, 44.3432 ], [ -100.2604, 44.3423 ], [ -100.259, 44.342 ], [ -100.2545, 44.3424 ], [ -100.2443, 44.3405 ], [ -100.2413, 44.3396 ], [ -100.2349, 44.3367 ], [ -100.2213, 44.3323 ], [ -100.2199, 44.3316 ], [ -100.219, 44.3305 ], [ -100.2184, 44.3286 ], [ -100.2184, 44.3261 ], [ -100.2325, 44.3256 ], [ -100.2425, 44.3267 ], [ -100.2644, 44.3303 ], [ -100.27, 44.3309 ], [ -100.2747, 44.3319 ], [ -100.2861, 44.3358 ], [ -100.2913, 44.337 ], [ -100.3033, 44.3389 ], [ -100.3306, 44.342 ], [ -100.3405, 44.3439 ], [ -100.3521, 44.3472 ], [ -100.3582, 44.3492 ], [ -100.3612, 44.3507 ], [ -100.3623, 44.3513 ], [ -100.3639, 44.3531 ], [ -100.3654, 44.3555 ], [ -100.3664, 44.3586 ], [ -100.368, 44.3673 ], [ -100.3691, 44.3714 ], [ -100.3706, 44.3736 ], [ -100.366, 44.3745 ] ] ] } },
{ "type": "Feature", "properties": { "GEOIDFQ": "1400000US46035962900", "NAME": "9629", "NAMELSAD": "Census Tract 9629" }, "geometry": { "type": "Polygon", "coordinates": [ [ [ -98.0865, 43.7311 ], [ -98.0506, 43.731 ], [ -98.0471, 43.7139 ], [ -98.0455, 43.7119 ], [ -98.0435, 43.7106 ], [ -98.0405, 43.7096 ], [ -98.0338, 43.7091 ], [ -98.0071, 43.7049 ], [ -98.0038, 43.7038 ], [ -97.9999, 43.7008 ], [ -97.9959, 43.6987 ], [ -97.9908, 43.6977 ], [ -97.9765, 43.6972 ], [ -97.9748, 43.6969 ], [ -97.9669, 43.6936 ], [ -97.9663, 43.6726 ], [ -97.9665, 43.6588 ], [ -98.0865, 43.6585 ], [ -98.0865, 43.7311 ] ] ] } },
{ "type": "Feature", "properties": { "GEOIDFQ": "1400000US46041941500", "NAME": "9415", "NAMELSAD": "Census Tract 9415" }, "geometry": { "type": "Polygon", "coordinates": [ [ [ -101.2579, 45.0081 ], [ -101.2585, 45.0094 ], [ -101.2585, 45.0312 ], [ -101.2578, 45.032 ], [ -101.2581, 45.0327 ], [ -101.2596, 45.0334 ], [ -101.2598, 45.034 ], [ -101.2584, 45.0341 ], [ -101.2583, 45.0348 ], [ -101.2591, 45.0357 ], [ -101.2586, 45.036 ], [ -101.2563, 45.035 ], [ -101.2547, 45.0352 ], [ -101.2552, 45.0357 ], [ -101.2548, 45.0363 ], [ -101.2537, 45.0361 ], [ -101.2532, 45.0356 ], [ -101.2528, 45.0356 ], [ -101.2529, 45.0364 ], [ -101.2543, 45.0373 ], [ -101.254, 45.0378 ], [ -101.2527, 45.0376 ], [ -101.2522, 45.0383 ], [ -101.2511, 45.038 ], [ -101.251, 45.0372 ], [ -101.2501, 45.0375 ], [ -101.2495, 45.0371 ], [ -101.2476, 45.0374 ], [ -101.2475, 45.0368 ], [ -101.2466, 45.0361 ], [ -101.2454, 45.0358 ], [ -101.2459, 45.0351 ], [ -101.2458, 45.0344 ], [ -101.2405, 45.0323 ], [ -101.2395, 45.0313 ], [ -101.239, 45.0313 ], [ -101.2391, 45.0377 ], [ -101.2385, 45.0383 ], [ -101.2338, 45.0382 ], [ -101.232, 45.0386 ], [ -101.2305, 45.0382 ], [ -101.2024, 45.0383 ], [ -101.201, 45.0381 ], [ -101.1998, 45.0383 ], [ -101.1583, 45.0382 ], [ -101.1573, 45.0294 ], [ -101.1573, 45.0082 ], [ -101.2185, 45.0082 ], [ -101.2184, 44.9936 ], [ -101.2271, 44.9935 ], [ -101.2786, 44.9937 ], [ -101.2788, 45.0082 ], [ -101.2579, 45.0081 ] ] ] } },
{ "type": "Feature", "properties": { "GEOIDFQ": "1400000US46057955100", "NAME": "9551", "NAMELSAD": "Census Tract 9551" }, "geometry": { "type": "Polygon", "coordinates": [ [ [ -97.1282, 44.5613 ], [ -97.1275, 44.6758 ], [ -97.1269, 44.6777 ], [ -97.1251, 44.6798 ], [ -97.1098, 44.6912 ], [ -97.1082, 44.6933 ], [ -97.1077, 44.6956 ], [ -97.1082, 44.7737 ], [ -97.1079, 44.8036 ], [ -97.006, 44.8044 ], [ -96.8846, 44.8044 ], [ -96.8845, 44.727 ], [ -96.8853, 44.6456 ], [ -96.885, 44.634 ], [ -96.8855, 44.5873 ], [ -96.8855, 44.5438 ], [ -97.0476, 44.5435 ], [ -97.0673, 44.5431 ], [ -97.1208, 44.5429 ], [ -97.128, 44.5431 ], [ -97.1285, 44.548 ], [ -97.1302, 44.5512 ], [ -97.1305, 44.5525 ], [ -97.1282, 44.5613 ] ] ] } },
{ "type": "Feature", "properties": { "GEOIDFQ": "1400000US46057955200", "NAME": "9552", "NAMELSAD": "Census Tract 9552" }, "geometry": { "type": "Polygon", "coordinates": [ [ [ -97.4913, 44.804 ], [ -97.3699, 44.8039 ], [ -97.2503, 44.8042 ], [ -97.1313, 44.8034 ], [ -97.1079, 44.8036 ], [ -97.1082, 44.7747 ], [ -97.1077, 44.7246 ], [ -97.1078, 44.6948 ], [ -97.1085, 44.6928 ], [ -97.1104, 44.6907 ], [ -97.1255, 44.6794 ], [ -97.1271, 44.6772 ], [ -97.1276, 44.675 ], [ -97.1282, 44.5613 ], [ -97.1305, 44.5525 ], [ -97.1302, 44.5512 ], [ -97.1285, 44.548 ], [ -97.128, 44.5431 ], [ -97.4923, 44.5439 ], [ -97.4913, 44.804 ] ] ] } },
{ "type": "Feature", "properties": { "GEOIDFQ": "1400000US46055960100", "NAME": "9601", "NAMELSAD": "Census Tract 9601" }, "geometry": { "type": "Polygon", "coordinates": [ [ [ -102.0072, 44.3438 ], [ -102.001, 44.3438 ], [ -102.0011, 44.5109 ], [ -102.0004, 44.5117 ], [ -102.0004, 44.5111 ], [ -101.9981, 44.5123 ], [ -101.9975, 44.513 ], [ -101.9969, 44.5168 ], [ -101.9961, 44.5189 ], [ -101.9948, 44.52 ], [ -101.9913, 44.5213 ], [ -101.9868, 44.5247 ], [ -101.9858, 44.5252 ], [ -101.9839, 44.525 ], [ -101.9812, 44.5231 ], [ -101.9786, 44.5228 ], [ -101.9777, 44.523 ], [ -101.9752, 44.5245 ], [ -101.9745, 44.5263 ], [ -101.9739, 44.5268 ], [ -101.9671, 44.525 ], [ -101.9645, 44.5256 ], [ -101.9612, 44.528 ], [ -101.9602, 44.5283 ], [ -101.9464, 44.5287 ], [ -101.9453, 44.5294 ], [ -101.9428, 44.5337 ], [ -101.941, 44.5348 ], [ -101.9396, 44.5351 ], [ -101.9379, 44.5347 ], [ -101.9362, 44.5324 ], [ -101.9348, 44.5316 ], [ -101.931, 44.5312 ], [ -101.9266, 44.5302 ], [ -101.9243, 44.53 ], [ -101.9206, 44.5312 ], [ -101.9193, 44.5325 ], [ -101.9179, 44.5331 ], [ -101.9146, 44.5335 ], [ -101.9117, 44.5327 ], [ -101.9101, 44.5326 ], [ -101.9082, 44.5332 ], [ -101.9049, 44.5351 ], [ -101.9008, 44.5358 ], [ -101.8959, 44.5359 ], [ -101.889, 44.5385 ], [ -101.8878, 44.5386 ], [ -101.886, 44.5377 ], [ -101.8848, 44.5354 ], [ -101.8813, 44.5331 ], [ -101.8801, 44.5327 ], [ -101.8789, 44.5327 ], [ -101.8763, 44.5335 ], [ -101.8754, 44.5335 ], [ -101.8733, 44.533 ], [ -101.8725, 44.5321 ], [ -101.8691, 44.5315 ], [ -101.8658, 44.5321 ], [ -101.8642, 44.532 ], [ -101.8617, 44.5306 ], [ -101.8582, 44.5273 ], [ -101.8569, 44.5267 ], [ -101.8546, 44.5268 ], [ -101.851, 44.5288 ], [ -101.8475, 44.5294 ], [ -101.8441, 44.5277 ], [ -101.8408, 44.527 ], [ -101.8396, 44.5252 ], [ -101.8388, 44.523 ], [ -101.8381, 44.5224 ], [ -101.8364, 44.5217 ], [ -101.8343, 44.5218 ], [ -101.8319, 44.5235 ], [ -101.8315, 44.527 ], [ -101.8308, 44.5292 ], [ -101.8291, 44.531 ], [ -101.8277, 44.5317 ], [ -101.8238, 44.5319 ], [ -101.8173, 44.5315 ], [ -101.8157, 44.5308 ], [ -101.8144, 44.5293 ], [ -101.8141, 44.5285 ], [ -101.815, 44.5261 ], [ -101.8137, 44.5235 ], [ -101.8128, 44.5227 ], [ -101.8112, 44.5224 ], [ -101.8052, 44.5255 ], [ -101.8054, 44.529 ], [ -101.8061, 44.5302 ], [ -101.8064, 44.5315 ], [ -101.8061, 44.5329 ], [ -101.8057, 44.534 ], [ -101.8035, 44.5362 ], [ -101.8009, 44.5407 ], [ -101.8002, 44.5415 ], [ -101.7989, 44.5423 ], [ -101.7969, 44.5432 ], [ -101.7947, 44.5435 ], [ -101.7925, 44.5428 ], [ -101.7908, 44.5418 ], [ -101.7847, 44.5408 ], [ -101.7831, 44.5393 ], [ -101.7829, 44.5365 ], [ -101.782, 44.5361 ], [ -101.7807, 44.5364 ], [ -101.7763, 44.539 ], [ -101.7734, 44.5411 ], [ -101.7689, 44.5434 ], [ -101.7658, 44.548 ], [ -101.7649, 44.5486 ], [ -101.7627, 44.549 ], [ -101.7592, 44.5483 ], [ -101.7582, 44.5484 ], [ -101.7544, 44.5505 ], [ -101.7498, 44.5539 ], [ -101.7453, 44.5547 ], [ -101.7443, 44.5552 ], [ -101.7435, 44.556 ], [ -101.7433, 44.5585 ], [ -101.744, 44.5597 ], [ -101.7493, 44.5639 ], [ -101.7491, 44.5655 ], [ -101.7483, 44.567 ], [ -101.747, 44.5678 ], [ -101.7439, 44.5681 ], [ -101.7423, 44.5687 ], [ -101.7408, 44.5689 ], [ -101.7377, 44.5689 ], [ -101.7353, 44.5686 ], [ -101.7321, 44.5664 ], [ -101.7306, 44.5659 ], [ -101.7289, 44.5661 ], [ -101.7218, 44.5696 ], [ -101.72, 44.571 ], [ -101.716, 44.5727 ], [ -101.7154, 44.5741 ], [ -101.7155, 44.5752 ], [ -101.7166, 44.5768 ], [ -101.7164, 44.5779 ], [ -101.715, 44.5795 ], [ -101.7124, 44.5802 ], [ -101.7108, 44.58 ], [ -101.7076, 44.5789 ], [ -101.7013, 44.575 ], [ -101.6974, 44.5748 ], [ -101.6925, 44.5756 ], [ -101.6911, 44.5753 ], [ -101.6903, 44.5744 ], [ -101.6903, 44.5712 ], [ -101.6896, 44.5707 ], [ -101.6872, 44.5703 ], [ -101.6829, 44.5707 ], [ -101.682, 44.5711 ], [ -101.6783, 44.5751 ], [ -101.6778, 44.578 ], [ -101.676, 44.5804 ], [ -101.6736, 44.5816 ], [ -101.6713, 44.5835 ], [ -101.6668, 44.5839 ], [ -101.6647, 44.5837 ], [ -101.6638, 44.5842 ], [ -101.6608, 44.5881 ], [ -101.6597, 44.5881 ], [ -101.658, 44.5871 ], [ -101.6576, 44.5864 ], [ -101.6574, 44.5833 ], [ -101.6565, 44.5825 ], [ -101.6552, 44.5823 ], [ -101.6543, 44.5826 ], [ -101.6483, 44.5849 ], [ -101.6453, 44.5851 ], [ -101.6437, 44.5842 ], [ -101.6438, 44.5811 ], [ -101.6433, 44.5805 ], [ -101.6424, 44.58 ], [ -101.6404, 44.5794 ], [ -101.6391, 44.5796 ], [ -101.6373, 44.5807 ], [ -101.6369, 44.5815 ], [ -101.6374, 44.5832 ], [ -101.6356, 44.5857 ], [ -101.6333, 44.5869 ], [ -101.6305, 44.5865 ], [ -101.6283, 44.5849 ], [ -101.6282, 44.5834 ], [ -101.6269, 44.5815 ], [ -101.6266, 44.5799 ], [ -101.6293, 44.5771 ], [ -101.6292, 44.5758 ], [ -101.6287, 44.575 ], [ -101.6271, 44.5739 ], [ -101.623, 44.5729 ], [ -101.62, 44.5737 ], [ -101.6169, 44.5737 ], [ -101.6135, 44.572 ], [ -101.6123, 44.5719 ], [ -101.61, 44.5722 ], [ -101.609, 44.5727 ], [ -101.6085, 44.5734 ], [ -101.6079, 44.5764 ], [ -101.6067, 44.5773 ], [ -101.6012, 44.576 ], [ -101.5983, 44.5758 ], [ -101.5945, 44.574 ], [ -101.5914, 44.5739 ], [ -101.5876, 44.5748 ], [ -101.5837, 44.5763 ], [ -101.5813, 44.578 ], [ -101.5754, 44.5782 ], [ -101.565, 44.5754 ], [ -101.5623, 44.5734 ], [ -101.5604, 44.5714 ], [ -101.5598, 44.5697 ], [ -101.5593, 44.5694 ], [ -101.557, 44.5693 ], [ -101.5552, 44.5702 ], [ -101.5546, 44.5714 ], [ -101.5545, 44.5749 ], [ -101.5528, 44.5757 ], [ -101.5508, 44.5757 ], [ -101.5474, 44.5747 ], [ -101.5446, 44.5721 ], [ -101.543, 44.5722 ], [ -101.5388, 44.5739 ], [ -101.5367, 44.574 ], [ -101.5344, 44.5723 ], [ -101.5336, 44.5687 ], [ -101.5327, 44.5678 ], [ -101.531, 44.5679 ], [ -101.5281, 44.5691 ], [ -101.5229, 44.5727 ], [ -101.5193, 44.5743 ], [ -101.5146, 44.5755 ], [ -101.5141, 44.576 ], [ -101.5136, 44.5779 ], [ -101.5148, 44.5807 ], [ -101.5144, 44.5829 ], [ -101.5135, 44.5842 ], [ -101.512, 44.5854 ], [ -101.5101, 44.5861 ], [ -101.5074, 44.5858 ], [ -101.5051, 44.5845 ], [ -101.5026, 44.5818 ], [ -101.5012, 44.5812 ], [ -101.5004, 44.5813 ], [ -101.494, 44.584 ], [ -101.4929, 44.586 ], [ -101.493, 44.5872 ], [ -101.4977, 44.5952 ], [ -101.498, 44.599 ], [ -101.4972, 44.5998 ], [ -101.49, 44.6029 ], [ -101.4886, 44.6028 ], [ -101.4836, 44.6012 ], [ -101.4813, 44.601 ], [ -101.4789, 44.6011 ], [ -101.4767, 44.6018 ], [ -101.4754, 44.603 ], [ -101.475, 44.604 ], [ -101.4752, 44.6069 ], [ -101.4691, 44.6118 ], [ -101.4657, 44.6125 ], [ -101.4639, 44.6123 ], [ -101.4592, 44.6099 ], [ -101.4574, 44.6096 ], [ -101.4558, 44.6102 ], [ -101.4553, 44.6117 ], [ -101.4564, 44.6131 ], [ -101.4603, 44.6159 ], [ -101.4651, 44.6162 ], [ -101.4659, 44.6169 ], [ -101.4668, 44.6193 ], [ -101.4611, 44.625 ], [ -101.4556, 44.6287 ], [ -101.4541, 44.6312 ], [ -101.4561, 44.6362 ], [ -101.456, 44.6368 ], [ -101.4549, 44.638 ], [ -101.4527, 44.6385 ], [ -101.4487, 44.6381 ], [ -101.4458, 44.6382 ], [ -101.442, 44.6404 ], [ -101.4408, 44.6436 ], [ -101.4402, 44.6439 ], [ -101.4377, 44.6437 ], [ -101.4326, 44.6411 ], [ -101.4306, 44.6405 ], [ -101.4292, 44.6405 ], [ -101.4249, 44.6418 ], [ -101.4198, 44.6426 ], [ -101.4157, 44.6421 ], [ -101.4122, 44.644 ], [ -101.4106, 44.6464 ], [ -101.4104, 44.6481 ], [ -101.4096, 44.6492 ], [ -101.4075, 44.6502 ], [ -101.4033, 44.6514 ], [ -101.4018, 44.6525 ], [ -101.3983, 44.6565 ], [ -101.3972, 44.6568 ], [ -101.395, 44.6562 ], [ -101.3937, 44.6562 ], [ -101.3904, 44.6577 ], [ -101.3882, 44.6565 ], [ -101.3849, 44.6537 ], [ -101.3832, 44.6533 ], [ -101.3815, 44.6537 ], [ -101.3803, 44.6546 ], [ -101.3793, 44.6572 ], [ -101.3771, 44.6587 ], [ -101.3754, 44.6587 ], [ -101.3688, 44.6561 ], [ -101.3669, 44.6558 ], [ -101.3656, 44.6559 ], [ -101.3648, 44.6564 ], [ -101.3636, 44.6578 ], [ -101.3637, 44.6596 ], [ -101.365, 44.6619 ], [ -101.3721, 44.6674 ], [ -101.374, 44.6696 ], [ -101.374, 44.671 ], [ -101.3736, 44.6722 ], [ -101.3723, 44.6738 ], [ -101.3694, 44.6738 ], [ -101.3636, 44.6724 ], [ -101.3607, 44.6722 ], [ -101.3596, 44.6724 ], [ -101.3582, 44.6737 ], [ -101.3579, 44.6754 ], [ -101.3584, 44.678 ], [ -101.3597, 44.6808 ], [ -101.3625, 44.685 ], [ -101.3626, 44.686 ], [ -101.3619, 44.6878 ], [ -101.3599, 44.689 ], [ -101.3585, 44.6894 ], [ -101.357, 44.6893 ], [ -101.352, 44.6879 ], [ -101.3467, 44.685 ], [ -101.3439, 44.6839 ], [ -101.3425, 44.6835 ], [ -101.3393, 44.6835 ], [ -101.3377, 44.6837 ], [ -101.3366, 44.6843 ], [ -101.3352, 44.6865 ], [ -101.334, 44.6897 ], [ -101.3329, 44.6907 ], [ -101.3307, 44.6912 ], [ -101.3282, 44.691 ], [ -101.3264, 44.6895 ], [ -101.3258, 44.6883 ], [ -101.326, 44.6846 ], [ -101.3257, 44.683 ], [ -101.3247, 44.6815 ], [ -101.3192, 44.6805 ], [ -101.3171, 44.6808 ], [ -101.3118, 44.6823 ], [ -101.3047, 44.6854 ], [ -101.2998, 44.6892 ], [ -101.2988, 44.6895 ], [ -101.2969, 44.6897 ], [ -101.2959, 44.6893 ], [ -101.2948, 44.6893 ], [ -101.2845, 44.6855 ], [ -101.2795, 44.6848 ], [ -101.2752, 44.6852 ], [ -101.2719, 44.6862 ], [ -101.2706, 44.6873 ], [ -101.2676, 44.6904 ], [ -101.2659, 44.6934 ], [ -101.2636, 44.6943 ], [ -101.2578, 44.6957 ], [ -101.2544, 44.697 ], [ -101.2538, 44.6977 ], [ -101.2504, 44.6984 ], [ -101.2494, 44.6989 ], [ -101.2454, 44.6991 ], [ -101.2398, 44.6985 ], [ -101.2371, 44.6965 ], [ -101.2363, 44.6907 ], [ -101.2351, 44.6906 ], [ -101.2295, 44.6923 ], [ -101.2198, 44.6962 ], [ -101.2042, 44.7029 ], [ -101.1778, 44.7152 ], [ -101.1634, 44.7208 ], [ -101.1612, 44.7221 ], [ -101.1576, 44.7249 ], [ -101.1537, 44.7288 ], [ -101.1521, 44.7324 ], [ -101.1521, 44.7348 ], [ -101.1497, 44.7423 ], [ -101.1489, 44.7435 ], [ -101.1447, 44.7462 ], [ -101.1413, 44.747 ], [ -101.1368, 44.7471 ], [ -101.1372, 44.7423 ], [ -101.1372, 44.69 ], [ -101.1414, 44.6899 ], [ -101.1421, 44.6902 ], [ -101.1545, 44.6899 ], [ -101.1554, 44.4444 ], [ -101.1552, 44.3431 ], [ -101.1668, 44.3431 ], [ -101.1669, 44.3142 ], [ -101.1665, 44.3054 ], [ -101.1669, 44.2903 ], [ -101.1668, 44.2821 ], [ -101.1665, 44.2813 ], [ -101.1669, 44.281 ], [ -101.1669, 44.2696 ], [ -101.1668, 44.2263 ], [ -101.1665, 44.2183 ], [ -101.167, 44.2046 ], [ -101.1666, 44.2041 ], [ -101.1668, 44.1681 ], [ -101.0469, 44.1685 ], [ -101.0468, 43.995 ], [ -101.1529, 43.9948 ], [ -101.2439, 43.9951 ], [ -101.3074, 43.9948 ], [ -101.3343, 43.9951 ], [ -101.3525, 43.9949 ], [ -101.3755, 43.9951 ], [ -101.4675, 43.9952 ], [ -101.4825, 43.9944 ], [ -101.5004, 43.995 ], [ -101.9328, 43.9945 ], [ -101.9592, 43.9947 ], [ -101.9681, 43.9945 ], [ -101.9962, 43.9949 ], [ -102.0004, 43.9945 ], [ -102.0073, 43.9945 ], [ -102.0073, 44.1216 ], [ -102.0077, 44.125 ], [ -102.0072, 44.3438 ] ] ] } },
{ "type": "Feature", "properties": { "GEOIDFQ": "1400000US46003973600", "NAME": "9736", "NAMELSAD": "Census Tract 9736" }, "geometry": { "type": "Polygon", "coordinates": [ [ [ -98.7963, 43.9349 ], [ -98.6089, 43.9363 ], [ -98.5704, 43.9363 ], [ -98.5575, 43.9366 ], [ -98.4626, 43.9371 ], [ -98.4506, 43.9369 ], [ -98.3315, 43.9377 ], [ -98.3315, 43.851 ], [ -98.3252, 43.8511 ], [ -98.3258, 43.6735 ], [ -98.3261, 43.6674 ], [ -98.3253, 43.5911 ], [ -98.3247, 43.5712 ], [ -98.3206, 43.4987 ], [ -98.4502, 43.4985 ], [ -98.6989, 43.4993 ], [ -98.7946, 43.4992 ], [ -98.7943, 43.6749 ], [ -98.7969, 43.8474 ], [ -98.797, 43.8486 ], [ -98.8068, 43.8485 ], [ -98.8076, 43.875 ], [ -98.8074, 43.9108 ], [ -98.8078, 43.9352 ], [ -98.7963, 43.9349 ] ] ] } },
{ "type": "Feature", "properties": { "GEOIDFQ": "1400000US46099001001", "NAME": "10.01", "NAMELSAD": "Census Tract 10.01" }, "geometry": { "type": "Polygon", "coordinates": [ [ [ -96.7864, 43.5584 ], [ -96.7819, 43.5589 ], [ -96.7796, 43.5588 ], [ -96.7804, 43.5546 ], [ -96.7806, 43.5477 ], [ -96.7691, 43.5477 ], [ -96.7691, 43.5469 ], [ -96.7707, 43.5449 ], [ -96.7709, 43.5439 ], [ -96.8307, 43.5439 ], [ -96.8308, 43.5583 ], [ -96.7864, 43.5584 ] ] ] } },
{ "type": "Feature", "properties": { "GEOIDFQ": "1400000US46099010600", "NAME": "106", "NAMELSAD": "Census Tract 106" }, "geometry": { "type": "Polygon", "coordinates": [ [ [ -96.7512, 43.5403 ], [ -96.7413, 43.5402 ], [ -96.7412, 43.526 ], [ -96.74, 43.526 ], [ -96.74, 43.5273 ], [ -96.7363, 43.5273 ], [ -96.7362, 43.5241 ], [ -96.7362, 43.5221 ], [ -96.7382, 43.5221 ], [ -96.7381, 43.5185 ], [ -96.7387, 43.5185 ], [ -96.7387, 43.5171 ], [ -96.7412, 43.5171 ], [ -96.7412, 43.5149 ], [ -96.7511, 43.5149 ], [ -96.7512, 43.5403 ] ] ] } },
{ "type": "Feature", "properties": { "GEOIDFQ": "1400000US46087964700", "NAME": "9647", "NAMELSAD": "Census Tract 9647" }, "geometry": { "type": "Polygon", "coordinates": [ [ [ -97.6066, 43.6655 ], [ -97.5011, 43.6644 ], [ -97.4361, 43.6668 ], [ -97.3799, 43.6663 ], [ -97.3004, 43.6668 ], [ -97.2386, 43.6663 ], [ -97.1292, 43.6668 ], [ -97.1295, 43.4997 ], [ -97.607, 43.4998 ], [ -97.6066, 43.6655 ] ] ] } },
{ "type": "Feature", "properties": { "GEOIDFQ": "1400000US46087964600", "NAME": "9646", "NAMELSAD": "Census Tract 9646" }, "geometry": { "type": "Polygon", "coordinates": [ [ [ -97.6085, 43.8491 ], [ -97.1291, 43.848 ], [ -97.129, 43.7611 ], [ -97.1291, 43.7499 ], [ -97.1295, 43.7463 ], [ -97.1291, 43.7321 ], [ -97.1294, 43.703 ], [ -97.1292, 43.6668 ], [ -97.2386, 43.6663 ], [ -97.3004, 43.6668 ], [ -97.3799, 43.6663 ], [ -97.4361, 43.6668 ], [ -97.5011, 43.6644 ], [ -97.6066, 43.6655 ], [ -97.607, 43.7292 ], [ -97.609, 43.7594 ], [ -97.6085, 43.8491 ] ] ] } },
{ "type": "Feature", "properties": { "GEOIDFQ": "1400000US46083010114", "NAME": "101.14", "NAMELSAD": "Census Tract 101.14" }, "geometry": { "type": "Polygon", "coordinates": [ [ [ -96.8064, 43.432 ], [ -96.7963, 43.4319 ], [ -96.7983, 43.4514 ], [ -96.7977, 43.461 ], [ -96.7973, 43.461 ], [ -96.7474, 43.4607 ], [ -96.7472, 43.4026 ], [ -96.6584, 43.4025 ], [ -96.6587, 43.4604 ], [ -96.6687, 43.4604 ], [ -96.6688, 43.5003 ], [ -96.5992, 43.5005 ], [ -96.5989, 43.4985 ], [ -96.5995, 43.4961 ], [ -96.599, 43.4953 ], [ -96.5978, 43.4944 ], [ -96.5948, 43.4931 ], [ -96.5913, 43.4945 ], [ -96.5902, 43.4941 ], [ -96.5898, 43.4929 ], [ -96.5902, 43.492 ], [ -96.5869, 43.4915 ], [ -96.5846, 43.4891 ], [ -96.585, 43.4882 ], [ -96.587, 43.4876 ], [ -96.5862, 43.486 ], [ -96.5863, 43.4855 ], [ -96.5873, 43.4849 ], [ -96.5868, 43.4838 ], [ -96.5861, 43.4835 ], [ -96.5838, 43.4832 ], [ -96.5824, 43.4834 ], [ -96.5811, 43.4815 ], [ -96.5817, 43.4807 ], [ -96.5863, 43.4787 ], [ -96.5869, 43.4779 ], [ -96.5858, 43.4764 ], [ -96.5837, 43.4751 ], [ -96.5836, 43.4744 ], [ -96.5853, 43.471 ], [ -96.5844, 43.469 ], [ -96.5824, 43.4667 ], [ -96.5853, 43.465 ], [ -96.587, 43.4645 ], [ -96.5887, 43.4652 ], [ -96.5884, 43.4666 ], [ -96.5894, 43.4665 ], [ -96.59, 43.4655 ], [ -96.59, 43.4637 ], [ -96.5906, 43.4629 ], [ -96.5912, 43.4627 ], [ -96.5932, 43.4629 ], [ -96.5947, 43.4622 ], [ -96.5947, 43.4616 ], [ -96.5935, 43.4604 ], [ -96.5939, 43.4589 ], [ -96.5947, 43.4584 ], [ -96.597, 43.4586 ], [ -96.598, 43.4576 ], [ -96.5981, 43.457 ], [ -96.5998, 43.4571 ], [ -96.601, 43.4558 ], [ -96.6012, 43.4546 ], [ -96.6007, 43.4534 ], [ -96.5996, 43.4522 ], [ -96.5998, 43.4509 ], [ -96.6004, 43.4502 ], [ -96.6011, 43.45 ], [ -96.6026, 43.4509 ], [ -96.6031, 43.4508 ], [ -96.6025, 43.4492 ], [ -96.6014, 43.4481 ], [ -96.6004, 43.4461 ], [ -96.5991, 43.4453 ], [ -96.5989, 43.4444 ], [ -96.5997, 43.4435 ], [ -96.5997, 43.4429 ], [ -96.5984, 43.4419 ], [ -96.597, 43.4423 ], [ -96.5964, 43.4422 ], [ -96.5964, 43.4412 ], [ -96.5975, 43.4404 ], [ -96.5975, 43.44 ], [ -96.5965, 43.4395 ], [ -96.5963, 43.4382 ], [ -96.5946, 43.4377 ], [ -96.5937, 43.437 ], [ -96.5936, 43.4362 ], [ -96.5944, 43.4347 ], [ -96.5941, 43.4338 ], [ -96.5931, 43.433 ], [ -96.5899, 43.4324 ], [ -96.588, 43.4315 ], [ -96.5871, 43.4316 ], [ -96.5862, 43.4322 ], [ -96.5847, 43.4316 ], [ -96.5832, 43.4321 ], [ -96.5776, 43.4317 ], [ -96.5761, 43.4319 ], [ -96.5743, 43.4311 ], [ -96.5735, 43.4299 ], [ -96.5703, 43.4285 ], [ -96.5698, 43.4272 ], [ -96.57, 43.4256 ], [ -96.5709, 43.4236 ], [ -96.5724, 43.4215 ], [ -96.5727, 43.4202 ], [ -96.5736, 43.4197 ], [ -96.5737, 43.4191 ], [ -96.5715, 43.418 ], [ -96.5683, 43.4169 ], [ -96.5669, 43.4159 ], [ -96.5646, 43.4131 ], [ -96.5634, 43.4127 ], [ -96.5604, 43.4125 ], [ -96.5597, 43.4113 ], [ -96.5595, 43.4091 ], [ -96.5581, 43.408 ], [ -96.5572, 43.4062 ], [ -96.5545, 43.4062 ], [ -96.5543, 43.4045 ], [ -96.553, 43.404 ], [ -96.5507, 43.4037 ], [ -96.5493, 43.404 ], [ -96.5484, 43.4037 ], [ -96.5466, 43.401 ], [ -96.5449, 43.4 ], [ -96.5448, 43.3989 ], [ -96.5456, 43.3973 ], [ -96.5449, 43.3964 ], [ -96.5439, 43.396 ], [ -96.5428, 43.396 ], [ -96.5417, 43.3974 ], [ -96.5403, 43.3973 ], [ -96.5391, 43.3968 ], [ -96.5375, 43.3949 ], [ -96.5362, 43.3948 ], [ -96.5306, 43.3955 ], [ -96.53, 43.3962 ], [ -96.5302, 43.3974 ], [ -96.5296, 43.3976 ], [ -96.5254, 43.3962 ], [ -96.5247, 43.3955 ], [ -96.524, 43.3938 ], [ -96.5244, 43.3912 ], [ -96.5238, 43.3898 ], [ -96.5224, 43.3887 ], [ -96.5217, 43.3868 ], [ -96.5218, 43.3847 ], [ -96.5246, 43.3823 ], [ -96.5238, 43.3814 ], [ -96.5222, 43.3816 ], [ -96.522, 43.3814 ], [ -96.5223, 43.381 ], [ -96.5239, 43.3805 ], [ -96.5245, 43.3798 ], [ -96.5234, 43.3777 ], [ -96.5214, 43.3759 ], [ -96.5222, 43.3732 ], [ -96.522, 43.3722 ], [ -96.5231, 43.3717 ], [ -96.5244, 43.3727 ], [ -96.525, 43.3726 ], [ -96.5255, 43.3711 ], [ -96.5248, 43.3699 ], [ -96.5267, 43.3681 ], [ -96.5278, 43.3682 ], [ -96.5281, 43.369 ], [ -96.5289, 43.3693 ], [ -96.5304, 43.3691 ], [ -96.531, 43.3682 ], [ -96.5309, 43.3658 ], [ -96.5294, 43.3643 ], [ -96.5295, 43.3626 ], [ -96.5289, 43.3624 ], [ -96.5276, 43.3627 ], [ -96.5273, 43.3616 ], [ -96.5272, 43.3586 ], [ -96.5277, 43.3563 ], [ -96.5271, 43.3552 ], [ -96.5251, 43.3536 ], [ -96.527, 43.3515 ], [ -96.527, 43.3505 ], [ -96.5277, 43.3483 ], [ -96.5271, 43.3478 ], [ -96.5263, 43.3477 ], [ -96.5254, 43.3484 ], [ -96.5247, 43.3484 ], [ -96.5244, 43.3471 ], [ -96.5271, 43.3442 ], [ -96.8063, 43.3448 ], [ -96.8064, 43.432 ] ] ] } },
{ "type": "Feature", "properties": { "GEOIDFQ": "1400000US46083010115", "NAME": "101.15", "NAMELSAD": "Census Tract 101.15" }, "geometry": { "type": "Polygon", "coordinates": [ [ [ -96.9248, 43.5 ], [ -96.8265, 43.5003 ], [ -96.8263, 43.4901 ], [ -96.7968, 43.49 ], [ -96.7936, 43.4909 ], [ -96.7962, 43.4839 ], [ -96.7967, 43.4815 ], [ -96.7968, 43.4732 ], [ -96.7982, 43.4528 ], [ -96.7963, 43.4319 ], [ -96.9248, 43.4322 ], [ -96.9248, 43.5 ] ] ] } },
{ "type": "Feature", "properties": { "GEOIDFQ": "1400000US46083010111", "NAME": "101.11", "NAMELSAD": "Census Tract 101.11" }, "geometry": { "type": "Polygon", "coordinates": [ [ [ -96.7077, 43.5004 ], [ -96.7077, 43.4895 ], [ -96.7473, 43.4896 ], [ -96.7476, 43.4987 ], [ -96.748, 43.5004 ], [ -96.7077, 43.5004 ] ] ] } },
{ "type": "Feature", "properties": { "GEOIDFQ": "1400000US46083010110", "NAME": "101.10", "NAMELSAD": "Census Tract 101.10" }, "geometry": { "type": "Polygon", "coordinates": [ [ [ -96.7965, 43.4826 ], [ -96.7926, 43.4933 ], [ -96.7882, 43.5003 ], [ -96.771, 43.5003 ], [ -96.7707, 43.498 ], [ -96.7673, 43.4912 ], [ -96.7673, 43.4608 ], [ -96.7977, 43.461 ], [ -96.7965, 43.4826 ] ] ] } },
{ "type": "Feature", "properties": { "GEOIDFQ": "1400000US46083010109", "NAME": "101.09", "NAMELSAD": "Census Tract 101.09" }, "geometry": { "type": "Polygon", "coordinates": [ [ [ -96.748, 43.5004 ], [ -96.7476, 43.499 ], [ -96.7473, 43.4905 ], [ -96.7474, 43.4607 ], [ -96.7673, 43.4608 ], [ -96.7673, 43.4912 ], [ -96.7707, 43.498 ], [ -96.771, 43.5003 ], [ -96.748, 43.5004 ] ] ] } },
{ "type": "Feature", "properties": { "GEOIDFQ": "1400000US46083010112", "NAME": "101.12", "NAMELSAD": "Census Tract 101.12" }, "geometry": { "type": "Polygon", "coordinates": [ [ [ -96.7077, 43.5004 ], [ -96.6688, 43.5003 ], [ -96.6688, 43.4895 ], [ -96.7077, 43.4895 ], [ -96.7077, 43.5004 ] ] ] } },
{ "type": "Feature", "properties": { "GEOIDFQ": "1400000US46099000406", "NAME": "4.06", "NAMELSAD": "Census Tract 4.06" }, "geometry": { "type": "Polygon", "coordinates": [ [ [ -96.6819, 43.5466 ], [ -96.6732, 43.544 ], [ -96.6783, 43.5439 ], [ -96.6784, 43.5412 ], [ -96.6776, 43.5408 ], [ -96.678, 43.5403 ], [ -96.6783, 43.5367 ], [ -96.6815, 43.5367 ], [ -96.6834, 43.5373 ], [ -96.6859, 43.5367 ], [ -96.694, 43.5367 ], [ -96.6942, 43.5467 ], [ -96.6819, 43.5466 ] ] ] } },
{ "type": "Feature", "properties": { "GEOIDFQ": "1400000US46099000405", "NAME": "4.05", "NAMELSAD": "Census Tract 4.05" }, "geometry": { "type": "Polygon", "coordinates": [ [ [ -96.6939, 43.5512 ], [ -96.6715, 43.5512 ], [ -96.6716, 43.5585 ], [ -96.6515, 43.5584 ], [ -96.6515, 43.5439 ], [ -96.6625, 43.5439 ], [ -96.6706, 43.5434 ], [ -96.6819, 43.5466 ], [ -96.6942, 43.5467 ], [ -96.6939, 43.5512 ] ] ] } },
{ "type": "Feature", "properties": { "GEOIDFQ": "1400000US46099001105", "NAME": "11.05", "NAMELSAD": "Census Tract 11.05" }, "geometry": { "type": "Polygon", "coordinates": [ [ [ -96.8009, 43.5148 ], [ -96.8002, 43.5136 ], [ -96.8002, 43.5065 ], [ -96.7993, 43.5047 ], [ -96.7994, 43.5034 ], [ -96.8003, 43.5025 ], [ -96.8003, 43.5003 ], [ -96.8307, 43.5003 ], [ -96.8308, 43.5148 ], [ -96.8009, 43.5148 ] ] ] } },
{ "type": "Feature", "properties": { "GEOIDFQ": "1400000US46099001107", "NAME": "11.07", "NAMELSAD": "Census Tract 11.07" }, "geometry": { "type": "Polygon", "coordinates": [ [ [ -96.8009, 43.5293 ], [ -96.7909, 43.5293 ], [ -96.7909, 43.5339 ], [ -96.7891, 43.5334 ], [ -96.7858, 43.5308 ], [ -96.7848, 43.5306 ], [ -96.7826, 43.5311 ], [ -96.7807, 43.5308 ], [ -96.7806, 43.5148 ], [ -96.8009, 43.5148 ], [ -96.8009, 43.5293 ] ] ] } },
{ "type": "Feature", "properties": { "GEOIDFQ": "1400000US46099001804", "NAME": "18.04", "NAMELSAD": "Census Tract 18.04" }, "geometry": { "type": "Polygon", "coordinates": [ [ [ -96.6714, 43.5367 ], [ -96.6714, 43.5294 ], [ -96.6675, 43.5294 ], [ -96.6674, 43.5233 ], [ -96.6655, 43.5217 ], [ -96.6655, 43.5207 ], [ -96.6648, 43.5199 ], [ -96.6648, 43.5154 ], [ -96.6636, 43.5155 ], [ -96.6636, 43.5148 ], [ -96.6714, 43.5148 ], [ -96.6714, 43.5221 ], [ -96.6814, 43.522 ], [ -96.6815, 43.5367 ], [ -96.6714, 43.5367 ] ] ] } },
{ "type": "Feature", "properties": { "GEOIDFQ": "1400000US46073974100", "NAME": "9741", "NAMELSAD": "Census Tract 9741" }, "geometry": { "type": "Polygon", "coordinates": [ [ [ -98.927, 43.9927 ], [ -98.9264, 44.0294 ], [ -98.9266, 44.0359 ], [ -98.926, 44.1966 ], [ -98.8229, 44.1963 ], [ -98.8078, 44.1967 ], [ -98.6325, 44.1969 ], [ -98.3319, 44.1967 ], [ -98.3322, 44.134 ], [ -98.3315, 43.9377 ], [ -98.4506, 43.9369 ], [ -98.4626, 43.9371 ], [ -98.5575, 43.9366 ], [ -98.5704, 43.9363 ], [ -98.6089, 43.9363 ], [ -98.7963, 43.9349 ], [ -98.8009, 43.9349 ], [ -98.8012, 43.9352 ], [ -98.8023, 43.9352 ], [ -98.927, 43.9351 ], [ -98.927, 43.9927 ] ] ] } },
{ "type": "Feature", "properties": { "GEOIDFQ": "1400000US46041941700", "NAME": "9417", "NAMELSAD": "Census Tract 9417" }, "geometry": { "type": "Polygon", "coordinates": [ [ [ -101.501, 45.0383 ], [ -101.4866, 45.0384 ], [ -101.4862, 45.0767 ], [ -101.4863, 45.1615 ], [ -101.487, 45.2335 ], [ -101.4857, 45.2439 ], [ -101.4863, 45.2491 ], [ -101.4863, 45.3856 ], [ -101.4711, 45.3856 ], [ -101.4702, 45.4724 ], [ -101.3883, 45.4727 ], [ -101.3755, 45.4724 ], [ -101.2614, 45.4728 ], [ -101.1207, 45.4725 ], [ -101.008, 45.4728 ], [ -100.6812, 45.4726 ], [ -100.6259, 45.4728 ], [ -100.6109, 45.4725 ], [ -100.5182, 45.473 ], [ -100.5086, 45.4728 ], [ -100.4493, 45.4726 ], [ -100.3419, 45.4729 ], [ -100.3413, 45.472 ], [ -100.336, 45.4559 ], [ -100.3303, 45.4422 ], [ -100.3271, 45.4387 ], [ -100.3209, 45.4331 ], [ -100.3139, 45.4287 ], [ -100.3075, 45.4237 ], [ -100.2999, 45.416 ], [ -100.2969, 45.4127 ], [ -100.2923, 45.4061 ], [ -100.2905, 45.4016 ], [ -100.2873, 45.3965 ], [ -100.2795, 45.3888 ], [ -100.2742, 45.3818 ], [ -100.2738, 45.3798 ], [ -100.274, 45.3753 ], [ -100.2782, 45.3683 ], [ -100.2794, 45.3646 ], [ -100.2804, 45.3587 ], [ -100.2823, 45.3553 ], [ -100.3082, 45.3321 ], [ -100.3129, 45.3267 ], [ -100.3155, 45.322 ], [ -100.3166, 45.3192 ], [ -100.3167, 45.3179 ], [ -100.3099, 45.2999 ], [ -100.3074, 45.2919 ], [ -100.3027, 45.2871 ], [ -100.2946, 45.2812 ], [ -100.2842, 45.2725 ], [ -100.2734, 45.2656 ], [ -100.2706, 45.2636 ], [ -100.2681, 45.2611 ], [ -100.2617, 45.251 ], [ -100.2575, 45.2395 ], [ -100.2575, 45.2357 ], [ -100.2589, 45.2308 ], [ -100.2613, 45.2243 ], [ -100.275, 45.1983 ], [ -100.2742, 45.1926 ], [ -100.2756, 45.1839 ], [ -100.2766, 45.1681 ], [ -100.279, 45.1589 ], [ -100.2907, 45.1384 ], [ -100.3035, 45.125 ], [ -100.3177, 45.1085 ], [ -100.3242, 45.1016 ], [ -100.3255, 45.0993 ], [ -100.3266, 45.0909 ], [ -100.3265, 45.0864 ], [ -100.3239, 45.0742 ], [ -100.3165, 45.0593 ], [ -100.3122, 45.0544 ], [ -100.3017, 45.0461 ], [ -100.2816, 45.0334 ], [ -100.2794, 45.0311 ], [ -100.278, 45.0277 ], [ -100.2781, 45.0232 ], [ -100.2794, 45.0201 ], [ -100.2803, 45.0184 ], [ -100.2877, 45.0148 ], [ -100.2895, 45.0145 ], [ -100.3122, 45.0152 ], [ -100.3158, 45.0156 ], [ -100.3394, 45.0225 ], [ -100.3463, 45.0247 ], [ -100.3541, 45.0264 ], [ -100.3632, 45.0291 ], [ -100.3776, 45.0301 ], [ -100.3821, 45.0297 ], [ -100.3849, 45.0291 ], [ -100.39, 45.0272 ], [ -100.3918, 45.026 ], [ -100.4084, 45.0118 ], [ -100.4181, 45.0008 ], [ -100.4234, 44.9921 ], [ -100.4241, 44.9878 ], [ -100.4238, 44.9731 ], [ -100.4186, 44.9492 ], [ -100.4157, 44.9235 ], [ -100.4136, 44.9153 ], [ -100.4118, 44.9109 ], [ -100.3933, 44.8762 ], [ -100.393, 44.875 ], [ -100.3931, 44.8705 ], [ -100.3941, 44.8673 ], [ -100.3972, 44.8627 ], [ -100.4027, 44.8568 ], [ -100.4187, 44.8434 ], [ -100.433, 44.837 ], [ -100.4382, 44.8341 ], [ -100.4588, 44.8255 ], [ -100.4681, 44.8197 ], [ -100.4751, 44.8164 ], [ -100.4799, 44.8132 ], [ -100.4875, 44.8077 ], [ -100.4968, 44.7997 ], [ -100.5033, 44.7923 ], [ -100.5149, 44.7837 ], [ -100.5173, 44.7807 ], [ -100.5203, 44.7758 ], [ -100.5269, 44.7683 ], [ -100.5303, 44.766 ], [ -100.5435, 44.7611 ], [ -100.5464, 44.7603 ], [ -100.5495, 44.7602 ], [ -100.5595, 44.7622 ], [ -100.5727, 44.7631 ], [ -100.5804, 44.764 ], [ -100.5854, 44.7647 ], [ -100.6011, 44.7678 ], [ -100.609, 44.7694 ], [ -100.611, 44.7701 ], [ -100.6195, 44.7758 ], [ -100.6254, 44.7803 ], [ -100.6335, 44.7854 ], [ -100.6417, 44.7918 ], [ -100.6473, 44.7974 ], [ -100.6589, 44.8105 ], [ -100.6643, 44.8151 ], [ -100.6701, 44.8191 ], [ -100.6764, 44.8232 ], [ -100.6825, 44.8256 ], [ -100.6933, 44.8283 ], [ -100.7002, 44.8289 ], [ -100.7022, 44.8284 ], [ -100.7141, 44.8223 ], [ -100.7152, 44.8212 ], [ -100.7189, 44.8149 ], [ -100.7221, 44.8111 ], [ -100.7242, 44.8076 ], [ -100.7289, 44.7931 ], [ -100.7293, 44.7879 ], [ -100.7288, 44.7837 ], [ -100.7275, 44.7799 ], [ -100.724, 44.7753 ], [ -100.7215, 44.7731 ], [ -100.7176, 44.7709 ], [ -100.7256, 44.7658 ], [ -100.73, 44.7644 ], [ -100.7364, 44.7637 ], [ -100.7376, 44.7642 ], [ -100.7394, 44.7658 ], [ -100.7399, 44.7678 ], [ -100.7391, 44.7696 ], [ -100.7363, 44.7724 ], [ -100.7359, 44.7733 ], [ -100.7363, 44.7744 ], [ -100.7379, 44.7754 ], [ -100.7406, 44.7761 ], [ -100.7453, 44.7759 ], [ -100.7501, 44.7748 ], [ -100.753, 44.7733 ], [ -100.753, 44.7727 ], [ -100.7501, 44.7672 ], [ -100.7496, 44.7654 ], [ -100.7499, 44.764 ], [ -100.7515, 44.7619 ], [ -100.7549, 44.7605 ], [ -100.7598, 44.7597 ], [ -100.7629, 44.7595 ], [ -100.7686, 44.7583 ], [ -100.7734, 44.7585 ], [ -100.7752, 44.7596 ], [ -100.7761, 44.7612 ], [ -100.7749, 44.7631 ], [ -100.7715, 44.7665 ], [ -100.7711, 44.7678 ], [ -100.7722, 44.7708 ], [ -100.7745, 44.7722 ], [ -100.7762, 44.7724 ], [ -100.7787, 44.7717 ], [ -100.7831, 44.7678 ], [ -100.7946, 44.7641 ], [ -100.798, 44.7635 ], [ -100.7991, 44.7638 ], [ -100.7996, 44.7646 ], [ -100.7973, 44.7681 ], [ -100.7972, 44.769 ], [ -100.7982, 44.7702 ], [ -100.8, 44.7706 ], [ -100.8018, 44.7702 ], [ -100.8055, 44.7683 ], [ -100.8083, 44.7675 ], [ -100.8102, 44.7675 ], [ -100.812, 44.768 ], [ -100.8133, 44.769 ], [ -100.8144, 44.7707 ], [ -100.8146, 44.7739 ], [ -100.8176, 44.78 ], [ -100.8193, 44.7808 ], [ -100.823, 44.7819 ], [ -100.8312, 44.7833 ], [ -100.8344, 44.7831 ], [ -100.8365, 44.7823 ], [ -100.8382, 44.7807 ], [ -100.8434, 44.777 ], [ -100.8453, 44.7767 ], [ -100.8481, 44.7772 ], [ -100.85, 44.7783 ], [ -100.8517, 44.7799 ], [ -100.8537, 44.7807 ], [ -100.8561, 44.7797 ], [ -100.8602, 44.777 ], [ -100.8673, 44.776 ], [ -100.8735, 44.773 ], [ -100.8785, 44.7717 ], [ -100.8813, 44.7706 ], [ -100.8837, 44.7703 ], [ -100.8858, 44.7703 ], [ -100.887, 44.7698 ], [ -100.889, 44.7698 ], [ -100.8912, 44.7701 ], [ -100.8925, 44.7709 ], [ -100.8932, 44.7719 ], [ -100.8941, 44.7754 ], [ -100.8956, 44.7779 ], [ -100.8984, 44.7791 ], [ -100.9019, 44.7814 ], [ -100.9079, 44.7836 ], [ -100.9107, 44.7837 ], [ -100.9117, 44.7834 ], [ -100.9119, 44.7828 ], [ -100.9115, 44.7792 ], [ -100.9118, 44.7759 ], [ -100.915, 44.7711 ], [ -100.9172, 44.7696 ], [ -100.9212, 44.7686 ], [ -100.9277, 44.7678 ], [ -100.931, 44.7669 ], [ -100.933, 44.7647 ], [ -100.9398, 44.7625 ], [ -100.9475, 44.7636 ], [ -100.9493, 44.7642 ], [ -100.9517, 44.7657 ], [ -100.9544, 44.7658 ], [ -100.9552, 44.7655 ], [ -100.958, 44.7627 ], [ -100.9583, 44.7619 ], [ -100.9572, 44.7591 ], [ -100.9556, 44.7568 ], [ -100.9551, 44.7544 ], [ -100.9568, 44.7532 ], [ -100.961, 44.7532 ], [ -100.967, 44.7514 ], [ -100.9724, 44.7518 ], [ -100.9754, 44.7514 ], [ -100.976, 44.751 ], [ -100.9776, 44.7496 ], [ -100.9797, 44.7458 ], [ -100.9814, 44.7382 ], [ -100.9836, 44.7369 ], [ -100.9855, 44.7339 ], [ -100.9877, 44.732 ], [ -100.9898, 44.7319 ], [ -100.9904, 44.7325 ], [ -100.9915, 44.7355 ], [ -100.9957, 44.7392 ], [ -100.9983, 44.7394 ], [ -100.9998, 44.7388 ], [ -101.0016, 44.737 ], [ -101.0041, 44.7313 ], [ -101.0064, 44.7288 ], [ -101.0152, 44.7267 ], [ -101.0226, 44.7242 ], [ -101.0251, 44.7243 ], [ -101.0312, 44.7257 ], [ -101.0359, 44.7274 ], [ -101.0398, 44.7301 ], [ -101.0433, 44.7319 ], [ -101.0555, 44.7401 ], [ -101.0629, 44.7425 ], [ -101.0664, 44.7428 ], [ -101.0697, 44.7424 ], [ -101.0805, 44.7386 ], [ -101.0832, 44.7384 ], [ -101.0927, 44.739 ], [ -101.1004, 44.7398 ], [ -101.113, 44.7418 ], [ -101.1174, 44.7436 ], [ -101.1208, 44.7439 ], [ -101.1261, 44.7455 ], [ -101.1344, 44.7471 ], [ -101.1368, 44.7471 ], [ -101.1369, 44.9177 ], [ -101.1362, 44.9941 ], [ -101.1799, 44.994 ], [ -101.2184, 44.9936 ], [ -101.2185, 45.0082 ], [ -101.1573, 45.0082 ], [ -101.1573, 45.0294 ], [ -101.1583, 45.0382 ], [ -101.1998, 45.0383 ], [ -101.201, 45.0381 ], [ -101.2024, 45.0383 ], [ -101.2305, 45.0382 ], [ -101.232, 45.0386 ], [ -101.2338, 45.0382 ], [ -101.2385, 45.0383 ], [ -101.2391, 45.0377 ], [ -101.239, 45.0313 ], [ -101.2395, 45.0313 ], [ -101.2405, 45.0323 ], [ -101.2458, 45.0344 ], [ -101.2459, 45.0351 ], [ -101.2454, 45.0358 ], [ -101.2466, 45.0361 ], [ -101.2475, 45.0368 ], [ -101.2476, 45.0374 ], [ -101.2495, 45.0371 ], [ -101.2501, 45.0375 ], [ -101.251, 45.0372 ], [ -101.2511, 45.038 ], [ -101.2522, 45.0383 ], [ -101.2527, 45.0376 ], [ -101.254, 45.0378 ], [ -101.2543, 45.0373 ], [ -101.2529, 45.0364 ], [ -101.2528, 45.0356 ], [ -101.2532, 45.0356 ], [ -101.2537, 45.0361 ], [ -101.2548, 45.0363 ], [ -101.2552, 45.0357 ], [ -101.2547, 45.0352 ], [ -101.2563, 45.035 ], [ -101.2586, 45.036 ], [ -101.2591, 45.0357 ], [ -101.2583, 45.0348 ], [ -101.2584, 45.0341 ], [ -101.2593, 45.0342 ], [ -101.2599, 45.0338 ], [ -101.2596, 45.0334 ], [ -101.2581, 45.0327 ], [ -101.2578, 45.032 ], [ -101.2585, 45.0312 ], [ -101.2585, 45.0094 ], [ -101.2579, 45.0081 ], [ -101.2788, 45.0082 ], [ -101.2786, 44.9937 ], [ -101.3613, 44.9941 ], [ -101.501, 44.9936 ], [ -101.501, 45.0383 ] ] ] } },
{ "type": "Feature", "properties": { "GEOIDFQ": "1400000US46049961100", "NAME": "9611", "NAMELSAD": "Census Tract 9611" }, "geometry": { "type": "Polygon", "coordinates": [ [ [ -99.5732, 45.2306 ], [ -99.5733, 45.2454 ], [ -99.5446, 45.2455 ], [ -99.5124, 45.2453 ], [ -99.2775, 45.2452 ], [ -99.2256, 45.2449 ], [ -99.1229, 45.245 ], [ -99.1031, 45.2452 ], [ -98.8724, 45.2448 ], [ -98.7178, 45.2437 ], [ -98.7173, 45.1126 ], [ -98.7176, 45.0851 ], [ -98.7172, 45.08 ], [ -98.7167, 45.0129 ], [ -98.7165, 44.8969 ], [ -99.5727, 44.8973 ], [ -99.5729, 45.0491 ], [ -99.5733, 45.071 ], [ -99.573, 45.0986 ], [ -99.5737, 45.2245 ], [ -99.5732, 45.2306 ] ] ] } },
{ "type": "Feature", "properties": { "GEOIDFQ": "1400000US46099000300", "NAME": "3", "NAMELSAD": "Census Tract 3" }, "geometry": { "type": "Polygon", "coordinates": [ [ [ -96.7233, 43.5539 ], [ -96.7238, 43.5554 ], [ -96.7213, 43.5577 ], [ -96.721, 43.5604 ], [ -96.7215, 43.5614 ], [ -96.7239, 43.5628 ], [ -96.7234, 43.5646 ], [ -96.7219, 43.566 ], [ -96.7195, 43.5674 ], [ -96.7137, 43.5667 ], [ -96.71, 43.5673 ], [ -96.7044, 43.5722 ], [ -96.7035, 43.5723 ], [ -96.6998, 43.5724 ], [ -96.6976, 43.5719 ], [ -96.6952, 43.5702 ], [ -96.6936, 43.5696 ], [ -96.6936, 43.5634 ], [ -96.7011, 43.5602 ], [ -96.7008, 43.5567 ], [ -96.7004, 43.5563 ], [ -96.7014, 43.5558 ], [ -96.7014, 43.5512 ], [ -96.724, 43.5513 ], [ -96.7233, 43.5539 ] ] ] } },
{ "type": "Feature", "properties": { "GEOIDFQ": "1400000US46103011602", "NAME": "116.02", "NAMELSAD": "Census Tract 116.02" }, "geometry": { "type": "Polygon", "coordinates": [ [ [ -103.0799, 44.1255 ], [ -103.0793, 44.1255 ], [ -103.0786, 44.1249 ], [ -103.0785, 44.1255 ], [ -103.0606, 44.1257 ], [ -103.0606, 44.1282 ], [ -103.064, 44.1317 ], [ -103.0606, 44.1317 ], [ -103.0607, 44.1408 ], [ -102.388, 44.1402 ], [ -102.3926, 44.143 ], [ -102.3942, 44.146 ], [ -102.3944, 44.1471 ], [ -102.3952, 44.1481 ], [ -102.3958, 44.1488 ], [ -102.399, 44.1508 ], [ -102.3994, 44.1513 ], [ -102.3991, 44.1523 ], [ -102.3977, 44.1544 ], [ -102.3977, 44.1562 ], [ -102.3988, 44.1566 ], [ -102.4023, 44.1555 ], [ -102.4032, 44.1555 ], [ -102.4037, 44.1558 ], [ -102.404, 44.1569 ], [ -102.4032, 44.1599 ], [ -102.4022, 44.1612 ], [ -102.4017, 44.1615 ], [ -102.3942, 44.1616 ], [ -102.3888, 44.16 ], [ -102.3882, 44.16 ], [ -102.3877, 44.1605 ], [ -102.3881, 44.1626 ], [ -102.3872, 44.1654 ], [ -102.3873, 44.1685 ], [ -102.3868, 44.1697 ], [ -102.3872, 44.1748 ], [ -102.3885, 44.1767 ], [ -102.39, 44.1777 ], [ -102.3911, 44.1781 ], [ -102.394, 44.178 ], [ -102.3963, 44.177 ], [ -102.3985, 44.1731 ], [ -102.3999, 44.1719 ], [ -102.4014, 44.1725 ], [ -102.4016, 44.1756 ], [ -102.401, 44.1784 ], [ -102.3981, 44.1842 ], [ -102.395, 44.1936 ], [ -102.3961, 44.196 ], [ -102.396, 44.1968 ], [ -102.3951, 44.1982 ], [ -102.3944, 44.2013 ], [ -102.3926, 44.2042 ], [ -102.3892, 44.2062 ], [ -102.3834, 44.2075 ], [ -102.3791, 44.2071 ], [ -102.3763, 44.2073 ], [ -102.3726, 44.2094 ], [ -102.3722, 44.2112 ], [ -102.3728, 44.2126 ], [ -102.3736, 44.2191 ], [ -102.3731, 44.221 ], [ -102.3713, 44.2225 ], [ -102.3686, 44.224 ], [ -102.3677, 44.224 ], [ -102.3636, 44.2265 ], [ -102.359, 44.2281 ], [ -102.357, 44.2306 ], [ -102.3583, 44.2336 ], [ -102.365, 44.2405 ], [ -102.3659, 44.2424 ], [ -102.3652, 44.2446 ], [ -102.3628, 44.2462 ], [ -102.3594, 44.2474 ], [ -102.3587, 44.2489 ], [ -102.3591, 44.2509 ], [ -102.3597, 44.2516 ], [ -102.3615, 44.2525 ], [ -102.3625, 44.2539 ], [ -102.3625, 44.2573 ], [ -102.3631, 44.2587 ], [ -102.3674, 44.2605 ], [ -102.368, 44.262 ], [ -102.3675, 44.2628 ], [ -102.3663, 44.2631 ], [ -102.3626, 44.2626 ], [ -102.3616, 44.2627 ], [ -102.3594, 44.2642 ], [ -102.3588, 44.2657 ], [ -102.3596, 44.2669 ], [ -102.3645, 44.2719 ], [ -102.365, 44.2732 ], [ -102.3676, 44.2767 ], [ -102.3674, 44.2812 ], [ -102.367, 44.2818 ], [ -102.3665, 44.2842 ], [ -102.367, 44.2856 ], [ -102.3656, 44.2883 ], [ -102.3621, 44.29 ], [ -102.3614, 44.2907 ], [ -102.3602, 44.2933 ], [ -102.3605, 44.2982 ], [ -102.3591, 44.3007 ], [ -102.3556, 44.3029 ], [ -102.354, 44.3028 ], [ -102.3527, 44.302 ], [ -102.3512, 44.302 ], [ -102.3487, 44.3037 ], [ -102.348, 44.3046 ], [ -102.3479, 44.3063 ], [ -102.3503, 44.3085 ], [ -102.3509, 44.3097 ], [ -102.349, 44.3124 ], [ -102.3487, 44.3135 ], [ -102.3487, 44.3182 ], [ -102.3469, 44.3199 ], [ -102.3446, 44.3211 ], [ -102.344, 44.3222 ], [ -102.3445, 44.3235 ], [ -102.346, 44.3242 ], [ -102.3478, 44.3263 ], [ -102.3459, 44.3277 ], [ -102.3422, 44.329 ], [ -102.3417, 44.3296 ], [ -102.3424, 44.3314 ], [ -102.3424, 44.3366 ], [ -102.3432, 44.3392 ], [ -102.3429, 44.3402 ], [ -102.3408, 44.3417 ], [ -102.3379, 44.342 ], [ -102.3369, 44.3425 ], [ -102.3366, 44.3433 ], [ -102.3373, 44.345 ], [ -102.3384, 44.3457 ], [ -102.3406, 44.3465 ], [ -102.3417, 44.3475 ], [ -102.342, 44.3482 ], [ -102.3416, 44.3488 ], [ -102.3355, 44.3518 ], [ -102.3329, 44.354 ], [ -102.3304, 44.357 ], [ -102.3288, 44.3578 ], [ -102.3268, 44.3577 ], [ -102.325, 44.3579 ], [ -102.324, 44.3589 ], [ -102.3233, 44.3601 ], [ -102.3233, 44.3607 ], [ -102.324, 44.3615 ], [ -102.3268, 44.3622 ], [ -102.3272, 44.3633 ], [ -102.3271, 44.3658 ], [ -102.3264, 44.3669 ], [ -102.3238, 44.3681 ], [ -102.32, 44.3675 ], [ -102.3179, 44.3666 ], [ -102.3164, 44.3642 ], [ -102.3157, 44.3637 ], [ -102.3135, 44.3634 ], [ -102.3117, 44.3638 ], [ -102.3055, 44.3678 ], [ -102.3054, 44.3693 ], [ -102.3065, 44.3722 ], [ -102.3061, 44.3726 ], [ -102.3028, 44.3735 ], [ -102.3, 44.375 ], [ -102.2983, 44.3769 ], [ -102.2985, 44.3791 ], [ -102.2997, 44.3805 ], [ -102.3019, 44.382 ], [ -102.3025, 44.3834 ], [ -102.3019, 44.3848 ], [ -102.2986, 44.3863 ], [ -102.2982, 44.3889 ], [ -102.3004, 44.3906 ], [ -102.305, 44.3917 ], [ -102.3055, 44.3928 ], [ -102.3047, 44.3944 ], [ -102.3027, 44.3954 ], [ -102.3025, 44.396 ], [ -102.3028, 44.3984 ], [ -102.3021, 44.3998 ], [ -102.3031, 44.4015 ], [ -102.3018, 44.4031 ], [ -102.3017, 44.4041 ], [ -102.3025, 44.4077 ], [ -102.3059, 44.4091 ], [ -102.3056, 44.411 ], [ -102.3043, 44.4118 ], [ -102.3036, 44.4139 ], [ -102.3045, 44.4161 ], [ -102.3045, 44.4171 ], [ -102.3031, 44.4192 ], [ -102.3031, 44.4206 ], [ -102.3053, 44.4222 ], [ -102.31, 44.4235 ], [ -102.311, 44.4248 ], [ -102.3105, 44.4261 ], [ -102.3075, 44.4274 ], [ -102.3061, 44.4288 ], [ -102.3071, 44.4331 ], [ -102.3062, 44.4341 ], [ -102.3048, 44.4343 ], [ -102.3033, 44.4337 ], [ -102.2988, 44.4308 ], [ -102.2968, 44.4306 ], [ -102.2934, 44.432 ], [ -102.2924, 44.4351 ], [ -102.2866, 44.4388 ], [ -102.2844, 44.4412 ], [ -102.2829, 44.4486 ], [ -102.28, 44.4503 ], [ -102.2774, 44.4507 ], [ -102.275, 44.4507 ], [ -102.2728, 44.4492 ], [ -102.2715, 44.4476 ], [ -102.2678, 44.4466 ], [ -102.2546, 44.4468 ], [ -102.2525, 44.447 ], [ -102.2504, 44.4481 ], [ -102.2464, 44.449 ], [ -102.2363, 44.4497 ], [ -102.2294, 44.452 ], [ -102.2261, 44.4525 ], [ -102.2221, 44.4524 ], [ -102.2203, 44.4514 ], [ -102.2201, 44.4497 ], [ -102.2223, 44.4456 ], [ -102.2224, 44.4437 ], [ -102.2208, 44.4425 ], [ -102.2182, 44.4413 ], [ -102.2109, 44.4404 ], [ -102.1971, 44.434 ], [ -102.1965, 44.4332 ], [ -102.1965, 44.4324 ], [ -102.1989, 44.4303 ], [ -102.1988, 44.4287 ], [ -102.1894, 44.4272 ], [ -102.1858, 44.4269 ], [ -102.181, 44.4271 ], [ -102.1764, 44.4282 ], [ -102.1727, 44.4286 ], [ -102.1698, 44.4285 ], [ -102.1642, 44.4275 ], [ -102.1602, 44.4288 ], [ -102.1584, 44.4302 ], [ -102.1565, 44.4335 ], [ -102.1544, 44.4351 ], [ -102.1538, 44.4369 ], [ -102.1541, 44.4378 ], [ -102.1554, 44.4392 ], [ -102.1593, 44.4415 ], [ -102.1596, 44.442 ], [ -102.1593, 44.4437 ], [ -102.1558, 44.445 ], [ -102.1538, 44.4452 ], [ -102.1441, 44.4442 ], [ -102.1377, 44.4419 ], [ -102.1325, 44.4389 ], [ -102.1304, 44.4385 ], [ -102.1234, 44.4382 ], [ -102.117, 44.4364 ], [ -102.1125, 44.4359 ], [ -102.108, 44.4366 ], [ -102.1068, 44.4373 ], [ -102.1059, 44.4384 ], [ -102.1056, 44.4421 ], [ -102.1044, 44.4465 ], [ -102.1033, 44.4477 ], [ -102.0994, 44.4505 ], [ -102.099, 44.4517 ], [ -102.094, 44.4547 ], [ -102.0865, 44.4538 ], [ -102.0847, 44.4539 ], [ -102.0839, 44.4543 ], [ -102.0829, 44.455 ], [ -102.0825, 44.4561 ], [ -102.0826, 44.4571 ], [ -102.084, 44.4594 ], [ -102.0839, 44.4607 ], [ -102.0814, 44.4613 ], [ -102.0791, 44.4632 ], [ -102.0752, 44.464 ], [ -102.0732, 44.4656 ], [ -102.0723, 44.4681 ], [ -102.0731, 44.4694 ], [ -102.076, 44.4711 ], [ -102.0759, 44.4751 ], [ -102.0721, 44.4768 ], [ -102.0702, 44.4783 ], [ -102.0675, 44.4782 ], [ -102.0649, 44.4795 ], [ -102.063, 44.4809 ], [ -102.0569, 44.4808 ], [ -102.055, 44.4817 ], [ -102.0545, 44.4833 ], [ -102.0551, 44.4874 ], [ -102.0544, 44.4903 ], [ -102.0527, 44.4923 ], [ -102.0491, 44.4945 ], [ -102.0477, 44.4976 ], [ -102.0459, 44.5 ], [ -102.0447, 44.5006 ], [ -102.0388, 44.5017 ], [ -102.0377, 44.5028 ], [ -102.0376, 44.5037 ], [ -102.0307, 44.5039 ], [ -102.0227, 44.5052 ], [ -102.0175, 44.5056 ], [ -102.0167, 44.506 ], [ -102.0118, 44.5053 ], [ -102.0059, 44.5078 ], [ -102.0033, 44.5087 ], [ -102.0017, 44.5108 ], [ -102.0011, 44.5109 ], [ -102.001, 44.3438 ], [ -102.0072, 44.3438 ], [ -102.0077, 44.125 ], [ -102.0073, 44.1216 ], [ -102.0073, 43.9945 ], [ -102.0191, 43.9945 ], [ -102.0197, 43.9716 ], [ -102.0193, 43.9656 ], [ -102.0197, 43.8982 ], [ -102.0192, 43.8624 ], [ -102.0194, 43.8466 ], [ -102.019, 43.8427 ], [ -102.0192, 43.75 ], [ -102.0197, 43.748 ], [ -102.0189, 43.7086 ], [ -102.019, 43.7079 ], [ -102.0225, 43.7104 ], [ -102.0227, 43.7129 ], [ -102.0245, 43.7134 ], [ -102.0252, 43.713 ], [ -102.0256, 43.712 ], [ -102.0252, 43.7103 ], [ -102.0267, 43.7085 ], [ -102.0276, 43.7067 ], [ -102.0325, 43.7039 ], [ -102.0357, 43.701 ], [ -102.0371, 43.6988 ], [ -102.036, 43.6962 ], [ -102.0355, 43.693 ], [ -102.0334, 43.6907 ], [ -102.0336, 43.689 ], [ -102.0359, 43.6883 ], [ -102.0369, 43.6884 ], [ -102.0376, 43.6894 ], [ -102.0402, 43.6913 ], [ -102.0422, 43.6949 ], [ -102.044, 43.6958 ], [ -102.0471, 43.6954 ], [ -102.0501, 43.6926 ], [ -102.0524, 43.6892 ], [ -102.0556, 43.6888 ], [ -102.0575, 43.6889 ], [ -102.0599, 43.6897 ], [ -102.0613, 43.6896 ], [ -102.0643, 43.6901 ], [ -102.0673, 43.6896 ], [ -102.0709, 43.6899 ], [ -102.074, 43.6908 ], [ -102.0765, 43.6909 ], [ -102.0787, 43.6915 ], [ -102.0815, 43.6927 ], [ -102.0842, 43.6933 ], [ -102.0916, 43.6942 ], [ -102.0947, 43.6953 ], [ -102.0958, 43.6953 ], [ -102.0967, 43.6939 ], [ -102.0951, 43.6897 ], [ -102.0952, 43.6883 ], [ -102.0977, 43.6857 ], [ -102.0989, 43.6852 ], [ -102.1031, 43.6851 ], [ -102.1085, 43.6858 ], [ -102.1096, 43.6869 ], [ -102.1102, 43.6895 ], [ -102.1112, 43.6904 ], [ -102.1123, 43.6929 ], [ -102.1117, 43.6947 ], [ -102.1078, 43.6979 ], [ -102.1074, 43.7019 ], [ -102.1085, 43.7033 ], [ -102.1116, 43.7054 ], [ -102.1132, 43.7077 ], [ -102.1136, 43.7102 ], [ -102.1151, 43.7121 ], [ -102.1163, 43.7128 ], [ -102.117, 43.7128 ], [ -102.1173, 43.7124 ], [ -102.1176, 43.7094 ], [ -102.1194, 43.708 ], [ -102.1203, 43.7055 ], [ -102.1223, 43.7045 ], [ -102.1243, 43.7044 ], [ -102.1265, 43.7056 ], [ -102.1294, 43.7052 ], [ -102.1332, 43.7037 ], [ -102.1354, 43.7021 ], [ -102.14, 43.7007 ], [ -102.1444, 43.7027 ], [ -102.1476, 43.7032 ], [ -102.1483, 43.7044 ], [ -102.1514, 43.7061 ], [ -102.1533, 43.7062 ], [ -102.1551, 43.7055 ], [ -102.1562, 43.7048 ], [ -102.157, 43.7031 ], [ -102.1559, 43.6987 ], [ -102.1561, 43.6977 ], [ -102.1567, 43.6972 ], [ -102.1591, 43.6963 ], [ -102.1643, 43.6972 ], [ -102.1676, 43.6972 ], [ -102.1684, 43.6969 ], [ -102.1684, 43.6958 ], [ -102.1665, 43.6943 ], [ -102.1662, 43.6935 ], [ -102.1665, 43.6918 ], [ -102.1702, 43.6896 ], [ -102.1752, 43.6878 ], [ -102.1787, 43.6873 ], [ -102.1832, 43.6879 ], [ -102.1853, 43.6875 ], [ -102.8094, 43.6876 ], [ -102.8117, 43.6885 ], [ -102.816, 43.6889 ], [ -102.8171, 43.6897 ], [ -102.8173, 43.6903 ], [ -102.8169, 43.6912 ], [ -102.8143, 43.6936 ], [ -102.8141, 43.6946 ], [ -102.8131, 43.696 ], [ -102.8105, 43.6974 ], [ -102.8066, 43.6976 ], [ -102.8041, 43.6975 ], [ -102.8017, 43.698 ], [ -102.801, 43.6988 ], [ -102.8018, 43.7026 ], [ -102.8033, 43.7047 ], [ -102.8039, 43.7065 ], [ -102.8036, 43.7098 ], [ -102.8022, 43.711 ], [ -102.7983, 43.7117 ], [ -102.7952, 43.7133 ], [ -102.7928, 43.7165 ], [ -102.7929, 43.7179 ], [ -102.7925, 43.7184 ], [ -102.793, 43.7197 ], [ -102.7919, 43.7214 ], [ -102.7914, 43.7218 ], [ -102.7849, 43.7223 ], [ -102.7827, 43.7207 ], [ -102.7809, 43.7201 ], [ -102.7785, 43.7205 ], [ -102.7778, 43.7214 ], [ -102.7788, 43.7241 ], [ -102.7772, 43.7268 ], [ -102.773, 43.7272 ], [ -102.7712, 43.7284 ], [ -102.7707, 43.7292 ], [ -102.7703, 43.73 ], [ -102.7705, 43.7309 ], [ -102.7732, 43.7337 ], [ -102.7732, 43.7345 ], [ -102.7717, 43.7371 ], [ -102.7699, 43.7389 ], [ -102.7681, 43.7395 ], [ -102.7658, 43.7394 ], [ -102.7646, 43.739 ], [ -102.7602, 43.74 ], [ -102.7586, 43.7411 ], [ -102.754, 43.7462 ], [ -102.7535, 43.7475 ], [ -102.7537, 43.75 ], [ -102.7526, 43.7517 ], [ -102.7518, 43.7525 ], [ -102.7507, 43.7528 ], [ -102.7475, 43.7564 ], [ -102.7442, 43.7585 ], [ -102.7395, 43.7596 ], [ -102.7379, 43.7604 ], [ -102.7359, 43.7629 ], [ -102.7336, 43.7642 ], [ -102.7332, 43.7654 ], [ -102.7335, 43.7659 ], [ -102.7374, 43.7678 ], [ -102.7383, 43.7686 ], [ -102.7389, 43.7697 ], [ -102.7388, 43.7707 ], [ -102.7378, 43.7717 ], [ -102.7353, 43.7735 ], [ -102.7336, 43.7738 ], [ -102.7322, 43.7747 ], [ -102.7257, 43.7758 ], [ -102.724, 43.7769 ], [ -102.7189, 43.7815 ], [ -102.7137, 43.7847 ], [ -102.7098, 43.7885 ], [ -102.7077, 43.7895 ], [ -102.7061, 43.791 ], [ -102.7053, 43.7926 ], [ -102.7067, 43.7956 ], [ -102.706, 43.7971 ], [ -102.705, 43.7976 ], [ -102.7037, 43.7977 ], [ -102.6987, 43.7967 ], [ -102.6964, 43.7971 ], [ -102.6959, 43.7976 ], [ -102.6954, 43.7991 ], [ -102.696, 43.8008 ], [ -102.6991, 43.8025 ], [ -102.6997, 43.8039 ], [ -102.7004, 43.8063 ], [ -102.7009, 43.812 ], [ -102.7001, 43.8149 ], [ -102.6993, 43.8162 ], [ -102.6995, 43.8199 ], [ -102.6988, 43.8231 ], [ -102.6976, 43.8247 ], [ -102.697, 43.8267 ], [ -102.6956, 43.8285 ], [ -102.6947, 43.8316 ], [ -102.6935, 43.8337 ], [ -102.6909, 43.8367 ], [ -102.6899, 43.8386 ], [ -102.6886, 43.8396 ], [ -102.6882, 43.8408 ], [ -102.6885, 43.8434 ], [ -102.6897, 43.844 ], [ -102.6928, 43.8447 ], [ -102.6938, 43.8463 ], [ -102.6937, 43.8479 ], [ -102.692, 43.8497 ], [ -102.6872, 43.8521 ], [ -102.6867, 43.8535 ], [ -102.6872, 43.8556 ], [ -102.8915, 43.8563 ], [ -102.8878, 43.8853 ], [ -102.8589, 43.9201 ], [ -102.8587, 43.9397 ], [ -102.8581, 43.9404 ], [ -102.8552, 43.941 ], [ -102.8539, 43.9433 ], [ -102.8544, 43.9445 ], [ -102.8582, 43.9461 ], [ -102.8588, 43.9469 ], [ -102.8585, 43.9927 ], [ -102.857, 43.9941 ], [ -102.855, 43.9946 ], [ -102.8298, 43.9946 ], [ -102.8307, 43.9952 ], [ -102.8298, 43.996 ], [ -102.8294, 43.9972 ], [ -102.8292, 44.0797 ], [ -102.8295, 44.0804 ], [ -102.8315, 44.0818 ], [ -102.8696, 44.0818 ], [ -102.8694, 44.1042 ], [ -102.8924, 44.1043 ], [ -102.8979, 44.105 ], [ -102.9025, 44.1065 ], [ -102.9159, 44.112 ], [ -102.9347, 44.1176 ], [ -102.9372, 44.1181 ], [ -102.9884, 44.1184 ], [ -103.0109, 44.118 ], [ -103.0303, 44.1181 ], [ -103.0301, 44.111 ], [ -103.0305, 44.111 ], [ -103.0299, 44.1074 ], [ -103.0303, 44.1082 ], [ -103.0311, 44.1076 ], [ -103.0317, 44.1076 ], [ -103.0318, 44.1081 ], [ -103.0339, 44.1074 ], [ -103.0345, 44.1089 ], [ -103.0351, 44.1081 ], [ -103.0359, 44.108 ], [ -103.0368, 44.108 ], [ -103.0375, 44.1087 ], [ -103.0384, 44.1088 ], [ -103.0385, 44.108 ], [ -103.0394, 44.1073 ], [ -103.0411, 44.1068 ], [ -103.0413, 44.1062 ], [ -103.0428, 44.1061 ], [ -103.0439, 44.1063 ], [ -103.0444, 44.1069 ], [ -103.0442, 44.1073 ], [ -103.043, 44.1073 ], [ -103.0429, 44.108 ], [ -103.0433, 44.1082 ], [ -103.0445, 44.1078 ], [ -103.0453, 44.1081 ], [ -103.0453, 44.109 ], [ -103.046, 44.1085 ], [ -103.0466, 44.1085 ], [ -103.047, 44.1088 ], [ -103.0505, 44.1086 ], [ -103.0505, 44.1122 ], [ -103.0573, 44.1125 ], [ -103.0624, 44.1136 ], [ -103.0668, 44.1141 ], [ -103.0742, 44.1139 ], [ -103.0794, 44.1178 ], [ -103.0799, 44.1191 ], [ -103.0799, 44.1255 ] ] ] } },
{ "type": "Feature", "properties": { "GEOIDFQ": "1400000US46103010908", "NAME": "109.08", "NAMELSAD": "Census Tract 109.08" }, "geometry": { "type": "Polygon", "coordinates": [ [ [ -103.1523, 44.0729 ], [ -103.1515, 44.075 ], [ -103.1513, 44.1006 ], [ -103.1427, 44.1023 ], [ -103.1388, 44.1035 ], [ -103.1242, 44.1115 ], [ -103.1226, 44.1105 ], [ -103.1208, 44.1109 ], [ -103.1212, 44.1114 ], [ -103.1206, 44.1115 ], [ -103.1201, 44.111 ], [ -103.1202, 44.1104 ], [ -103.1197, 44.1104 ], [ -103.1188, 44.1113 ], [ -103.1192, 44.1118 ], [ -103.118, 44.1115 ], [ -103.118, 44.1135 ], [ -103.1171, 44.1134 ], [ -103.1165, 44.1129 ], [ -103.1169, 44.1121 ], [ -103.1166, 44.1112 ], [ -103.1155, 44.1108 ], [ -103.115, 44.1127 ], [ -103.1142, 44.1128 ], [ -103.1135, 44.1124 ], [ -103.1134, 44.1107 ], [ -103.1125, 44.1104 ], [ -103.1118, 44.1115 ], [ -103.1114, 44.1112 ], [ -103.111, 44.1115 ], [ -103.1124, 44.1125 ], [ -103.1121, 44.1128 ], [ -103.1096, 44.1127 ], [ -103.1081, 44.1131 ], [ -103.1076, 44.1128 ], [ -103.1078, 44.112 ], [ -103.1067, 44.1117 ], [ -103.1078, 44.1114 ], [ -103.1087, 44.1106 ], [ -103.1083, 44.1101 ], [ -103.1068, 44.1102 ], [ -103.1048, 44.111 ], [ -103.1043, 44.1119 ], [ -103.1032, 44.1112 ], [ -103.1022, 44.1123 ], [ -103.1014, 44.1126 ], [ -103.1015, 44.1131 ], [ -103.1026, 44.1139 ], [ -103.1024, 44.1142 ], [ -103.1012, 44.1141 ], [ -103.0996, 44.1129 ], [ -103.1006, 44.1115 ], [ -103.1008, 44.1099 ], [ -103.1005, 44.1097 ], [ -103.0992, 44.1098 ], [ -103.0986, 44.1109 ], [ -103.0982, 44.1109 ], [ -103.0982, 44.1103 ], [ -103.0975, 44.1101 ], [ -103.0969, 44.1102 ], [ -103.0966, 44.1108 ], [ -103.0955, 44.1105 ], [ -103.0952, 44.1114 ], [ -103.0957, 44.1118 ], [ -103.0944, 44.1116 ], [ -103.0943, 44.1107 ], [ -103.0936, 44.1112 ], [ -103.092, 44.1116 ], [ -103.0912, 44.1104 ], [ -103.0914, 44.1091 ], [ -103.0908, 44.1094 ], [ -103.0907, 44.0922 ], [ -103.091, 44.091 ], [ -103.0928, 44.0885 ], [ -103.093, 44.0872 ], [ -103.0908, 44.0827 ], [ -103.0908, 44.0269 ], [ -103.091, 44.0236 ], [ -103.0922, 44.0235 ], [ -103.0922, 44.0226 ], [ -103.0928, 44.0228 ], [ -103.0927, 44.0237 ], [ -103.0936, 44.0244 ], [ -103.0943, 44.0243 ], [ -103.0943, 44.0236 ], [ -103.0955, 44.0238 ], [ -103.0965, 44.0234 ], [ -103.0968, 44.0239 ], [ -103.096, 44.0243 ], [ -103.0964, 44.0246 ], [ -103.0962, 44.0252 ], [ -103.0945, 44.0259 ], [ -103.0938, 44.0272 ], [ -103.0943, 44.028 ], [ -103.0956, 44.0287 ], [ -103.0987, 44.0293 ], [ -103.1, 44.0292 ], [ -103.1004, 44.0289 ], [ -103.1005, 44.0279 ], [ -103.1023, 44.0254 ], [ -103.102, 44.0245 ], [ -103.1024, 44.0239 ], [ -103.1023, 44.0245 ], [ -103.1038, 44.0263 ], [ -103.1049, 44.0267 ], [ -103.1047, 44.028 ], [ -103.105, 44.0284 ], [ -103.1065, 44.0282 ], [ -103.1088, 44.0266 ], [ -103.1079, 44.0254 ], [ -103.1083, 44.0252 ], [ -103.1096, 44.0256 ], [ -103.1099, 44.025 ], [ -103.1109, 44.0248 ], [ -103.1118, 44.0255 ], [ -103.112, 44.0266 ], [ -103.1101, 44.0279 ], [ -103.1107, 44.0279 ], [ -103.1107, 44.0285 ], [ -103.1112, 44.0287 ], [ -103.1113, 44.0278 ], [ -103.1122, 44.0266 ], [ -103.1119, 44.0254 ], [ -103.1112, 44.0246 ], [ -103.1111, 44.0238 ], [ -103.1314, 44.0238 ], [ -103.1312, 44.0674 ], [ -103.1514, 44.0675 ], [ -103.1514, 44.0685 ], [ -103.1525, 44.0688 ], [ -103.1543, 44.0711 ], [ -103.1523, 44.0729 ] ] ] } },
{ "type": "Feature", "properties": { "GEOIDFQ": "1400000US46103011800", "NAME": "118", "NAMELSAD": "Census Tract 118" }, "geometry": { "type": "Polygon", "coordinates": [ [ [ -103.1152, 44.1164 ], [ -103.111, 44.1175 ], [ -103.1108, 44.1408 ], [ -103.0607, 44.1408 ], [ -103.0606, 44.1317 ], [ -103.064, 44.1317 ], [ -103.0606, 44.1282 ], [ -103.0606, 44.1257 ], [ -103.0785, 44.1255 ], [ -103.0786, 44.1249 ], [ -103.0793, 44.1255 ], [ -103.0799, 44.1255 ], [ -103.0799, 44.1188 ], [ -103.079, 44.1174 ], [ -103.0742, 44.1139 ], [ -103.0668, 44.1141 ], [ -103.0624, 44.1136 ], [ -103.0573, 44.1125 ], [ -103.0505, 44.1122 ], [ -103.0505, 44.1086 ], [ -103.0522, 44.1091 ], [ -103.0526, 44.1103 ], [ -103.0541, 44.1107 ], [ -103.0547, 44.1107 ], [ -103.0549, 44.1102 ], [ -103.0536, 44.1101 ], [ -103.0535, 44.1095 ], [ -103.0547, 44.1094 ], [ -103.0552, 44.1085 ], [ -103.0568, 44.1086 ], [ -103.0566, 44.1075 ], [ -103.0578, 44.1071 ], [ -103.0582, 44.108 ], [ -103.0593, 44.1075 ], [ -103.06, 44.1081 ], [ -103.0611, 44.1084 ], [ -103.0637, 44.1085 ], [ -103.067, 44.1076 ], [ -103.0676, 44.1089 ], [ -103.0683, 44.109 ], [ -103.0692, 44.1084 ], [ -103.0708, 44.1096 ], [ -103.0714, 44.1095 ], [ -103.0715, 44.1083 ], [ -103.0722, 44.1079 ], [ -103.0734, 44.1088 ], [ -103.0734, 44.1098 ], [ -103.074, 44.1102 ], [ -103.0752, 44.1098 ], [ -103.0759, 44.1104 ], [ -103.0773, 44.1101 ], [ -103.0783, 44.1105 ], [ -103.0793, 44.1099 ], [ -103.0785, 44.1094 ], [ -103.0786, 44.1092 ], [ -103.0794, 44.1091 ], [ -103.0803, 44.1082 ], [ -103.0818, 44.1084 ], [ -103.0811, 44.1093 ], [ -103.0822, 44.1099 ], [ -103.0826, 44.1106 ], [ -103.0836, 44.1098 ], [ -103.0849, 44.1098 ], [ -103.0849, 44.1085 ], [ -103.0855, 44.1079 ], [ -103.0864, 44.1083 ], [ -103.0868, 44.1091 ], [ -103.088, 44.1088 ], [ -103.0883, 44.1071 ], [ -103.0888, 44.107 ], [ -103.0896, 44.1073 ], [ -103.0899, 44.1079 ], [ -103.0891, 44.1088 ], [ -103.0902, 44.1095 ], [ -103.0914, 44.1091 ], [ -103.0912, 44.1104 ], [ -103.092, 44.1116 ], [ -103.0936, 44.1112 ], [ -103.0943, 44.1107 ], [ -103.0944, 44.1116 ], [ -103.0957, 44.1118 ], [ -103.0952, 44.1114 ], [ -103.0955, 44.1105 ], [ -103.0966, 44.1108 ], [ -103.0969, 44.1102 ], [ -103.0975, 44.1101 ], [ -103.0983, 44.1104 ], [ -103.0985, 44.111 ], [ -103.0992, 44.1098 ], [ -103.1007, 44.1099 ], [ -103.1006, 44.1115 ], [ -103.0996, 44.1129 ], [ -103.1018, 44.1142 ], [ -103.1026, 44.1141 ], [ -103.1015, 44.1131 ], [ -103.1014, 44.1126 ], [ -103.1022, 44.1123 ], [ -103.1029, 44.1114 ], [ -103.1032, 44.1112 ], [ -103.1039, 44.1114 ], [ -103.1043, 44.1119 ], [ -103.1046, 44.1111 ], [ -103.1069, 44.1102 ], [ -103.1084, 44.1101 ], [ -103.1088, 44.1104 ], [ -103.1078, 44.1114 ], [ -103.1067, 44.1117 ], [ -103.1078, 44.112 ], [ -103.1076, 44.1128 ], [ -103.1083, 44.1131 ], [ -103.1096, 44.1127 ], [ -103.1121, 44.1128 ], [ -103.1124, 44.1125 ], [ -103.111, 44.1115 ], [ -103.1114, 44.1112 ], [ -103.1118, 44.1115 ], [ -103.1125, 44.1104 ], [ -103.1134, 44.1107 ], [ -103.1135, 44.1124 ], [ -103.1142, 44.1128 ], [ -103.115, 44.1127 ], [ -103.1155, 44.1108 ], [ -103.1166, 44.1112 ], [ -103.1169, 44.1121 ], [ -103.1165, 44.1129 ], [ -103.1178, 44.1135 ], [ -103.1182, 44.1124 ], [ -103.118, 44.1115 ], [ -103.1192, 44.1118 ], [ -103.1188, 44.1113 ], [ -103.1197, 44.1104 ], [ -103.1202, 44.1104 ], [ -103.1201, 44.111 ], [ -103.1206, 44.1115 ], [ -103.1212, 44.1114 ], [ -103.1208, 44.1109 ], [ -103.1226, 44.1105 ], [ -103.1242, 44.1115 ], [ -103.1152, 44.1164 ] ] ] } },
{ "type": "Feature", "properties": { "GEOIDFQ": "1400000US46103011601", "NAME": "116.01", "NAMELSAD": "Census Tract 116.01" }, "geometry": { "type": "Polygon", "coordinates": [ [ [ -103.1988, 43.9339 ], [ -103.1968, 43.9375 ], [ -103.1901, 43.944 ], [ -103.1892, 43.9454 ], [ -103.1864, 43.9559 ], [ -103.1839, 43.9707 ], [ -103.1815, 43.9753 ], [ -103.181, 43.9773 ], [ -103.1806, 43.9877 ], [ -103.1798, 43.994 ], [ -103.1816, 44.0055 ], [ -103.1836, 44.0094 ], [ -103.1315, 44.0093 ], [ -103.1314, 44.0238 ], [ -103.1111, 44.0238 ], [ -103.1112, 44.0246 ], [ -103.1119, 44.0254 ], [ -103.1122, 44.0266 ], [ -103.1113, 44.0278 ], [ -103.1112, 44.0287 ], [ -103.1107, 44.0285 ], [ -103.1107, 44.0279 ], [ -103.1101, 44.0279 ], [ -103.112, 44.0266 ], [ -103.1118, 44.0255 ], [ -103.1109, 44.0248 ], [ -103.1099, 44.025 ], [ -103.1096, 44.0256 ], [ -103.1083, 44.0252 ], [ -103.1079, 44.0254 ], [ -103.1088, 44.0266 ], [ -103.1065, 44.0282 ], [ -103.105, 44.0284 ], [ -103.1047, 44.028 ], [ -103.1049, 44.0267 ], [ -103.1038, 44.0263 ], [ -103.1023, 44.0245 ], [ -103.1024, 44.0239 ], [ -103.102, 44.0245 ], [ -103.1023, 44.0254 ], [ -103.1005, 44.0279 ], [ -103.1003, 44.029 ], [ -103.0987, 44.0293 ], [ -103.0963, 44.029 ], [ -103.0943, 44.028 ], [ -103.0938, 44.0272 ], [ -103.0945, 44.0259 ], [ -103.0962, 44.0252 ], [ -103.0964, 44.0246 ], [ -103.096, 44.0243 ], [ -103.0968, 44.0239 ], [ -103.0965, 44.0234 ], [ -103.0955, 44.0238 ], [ -103.0943, 44.0236 ], [ -103.0943, 44.0243 ], [ -103.0938, 44.0245 ], [ -103.0927, 44.0237 ], [ -103.0926, 44.0226 ], [ -103.0921, 44.0228 ], [ -103.0922, 44.0235 ], [ -103.091, 44.0236 ], [ -103.0908, 44.0827 ], [ -103.093, 44.0872 ], [ -103.0928, 44.0885 ], [ -103.091, 44.091 ], [ -103.0907, 44.0922 ], [ -103.0908, 44.1094 ], [ -103.0902, 44.1095 ], [ -103.0891, 44.1088 ], [ -103.0899, 44.1079 ], [ -103.0896, 44.1073 ], [ -103.0888, 44.107 ], [ -103.0883, 44.1071 ], [ -103.088, 44.1088 ], [ -103.0868, 44.1091 ], [ -103.0864, 44.1083 ], [ -103.0855, 44.1079 ], [ -103.0849, 44.1085 ], [ -103.0849, 44.1098 ], [ -103.0836, 44.1098 ], [ -103.0826, 44.1106 ], [ -103.0822, 44.1099 ], [ -103.0811, 44.1093 ], [ -103.0819, 44.1086 ], [ -103.0816, 44.1083 ], [ -103.0801, 44.1082 ], [ -103.0794, 44.1091 ], [ -103.0787, 44.1091 ], [ -103.0785, 44.1094 ], [ -103.0793, 44.1099 ], [ -103.0785, 44.1104 ], [ -103.0773, 44.1101 ], [ -103.0759, 44.1104 ], [ -103.0752, 44.1098 ], [ -103.074, 44.1102 ], [ -103.0734, 44.1098 ], [ -103.0734, 44.1088 ], [ -103.0723, 44.1079 ], [ -103.0715, 44.1083 ], [ -103.0714, 44.1095 ], [ -103.0708, 44.1096 ], [ -103.0692, 44.1084 ], [ -103.0683, 44.109 ], [ -103.0676, 44.1089 ], [ -103.067, 44.1076 ], [ -103.0637, 44.1085 ], [ -103.0611, 44.1084 ], [ -103.06, 44.1081 ], [ -103.0593, 44.1075 ], [ -103.0582, 44.108 ], [ -103.0578, 44.1071 ], [ -103.0566, 44.1075 ], [ -103.0568, 44.1086 ], [ -103.0552, 44.1085 ], [ -103.0547, 44.1094 ], [ -103.0535, 44.1095 ], [ -103.0536, 44.1101 ], [ -103.0549, 44.1102 ], [ -103.0547, 44.1107 ], [ -103.0541, 44.1107 ], [ -103.0526, 44.1103 ], [ -103.0522, 44.1091 ], [ -103.0509, 44.1085 ], [ -103.047, 44.1088 ], [ -103.0466, 44.1085 ], [ -103.046, 44.1085 ], [ -103.0453, 44.109 ], [ -103.0453, 44.1081 ], [ -103.0445, 44.1078 ], [ -103.0432, 44.1082 ], [ -103.043, 44.1073 ], [ -103.0442, 44.1073 ], [ -103.0443, 44.1067 ], [ -103.0439, 44.1063 ], [ -103.0425, 44.1061 ], [ -103.0413, 44.1062 ], [ -103.0411, 44.1068 ], [ -103.0394, 44.1073 ], [ -103.0385, 44.108 ], [ -103.0384, 44.1088 ], [ -103.0375, 44.1087 ], [ -103.0368, 44.108 ], [ -103.0359, 44.108 ], [ -103.0351, 44.1081 ], [ -103.0345, 44.1089 ], [ -103.0339, 44.1074 ], [ -103.0318, 44.1081 ], [ -103.0317, 44.1076 ], [ -103.0311, 44.1076 ], [ -103.0303, 44.1082 ], [ -103.0299, 44.1074 ], [ -103.0305, 44.111 ], [ -103.0301, 44.111 ], [ -103.0303, 44.1181 ], [ -103.0109, 44.118 ], [ -102.9884, 44.1184 ], [ -102.9372, 44.1181 ], [ -102.9347, 44.1176 ], [ -102.9159, 44.112 ], [ -102.9025, 44.1065 ], [ -102.8979, 44.105 ], [ -102.8924, 44.1043 ], [ -102.8694, 44.1042 ], [ -102.8696, 44.0818 ], [ -102.8315, 44.0818 ], [ -102.8295, 44.0804 ], [ -102.8292, 44.0797 ], [ -102.8294, 43.9972 ], [ -102.8298, 43.996 ], [ -102.8307, 43.9952 ], [ -102.8298, 43.9946 ], [ -102.855, 43.9946 ], [ -102.857, 43.9941 ], [ -102.8585, 43.9927 ], [ -102.8588, 43.9469 ], [ -102.8582, 43.9461 ], [ -102.8544, 43.9445 ], [ -102.8539, 43.9433 ], [ -102.8552, 43.941 ], [ -102.8581, 43.9404 ], [ -102.8587, 43.9397 ], [ -102.8589, 43.9201 ], [ -102.8878, 43.8853 ], [ -102.8915, 43.8563 ], [ -103.0966, 43.8568 ], [ -103.199, 43.8566 ], [ -103.1988, 43.9339 ] ] ] } },
{ "type": "Feature", "properties": { "GEOIDFQ": "1400000US46103010202", "NAME": "102.02", "NAMELSAD": "Census Tract 102.02" }, "geometry": { "type": "Polygon", "coordinates": [ [ [ -103.2552, 44.0833 ], [ -103.2529, 44.0841 ], [ -103.2471, 44.0854 ], [ -103.2384, 44.0855 ], [ -103.2363, 44.0861 ], [ -103.2334, 44.0857 ], [ -103.2321, 44.0898 ], [ -103.2277, 44.09 ], [ -103.215, 44.0882 ], [ -103.2128, 44.0883 ], [ -103.2139, 44.0861 ], [ -103.2135, 44.0859 ], [ -103.2139, 44.0846 ], [ -103.2167, 44.0757 ], [ -103.2154, 44.0741 ], [ -103.216, 44.0735 ], [ -103.217, 44.0744 ], [ -103.2267, 44.0754 ], [ -103.2265, 44.0765 ], [ -103.2301, 44.0771 ], [ -103.2305, 44.0761 ], [ -103.2361, 44.077 ], [ -103.2355, 44.0791 ], [ -103.2423, 44.0801 ], [ -103.2432, 44.0797 ], [ -103.2433, 44.0788 ], [ -103.2422, 44.0784 ], [ -103.2438, 44.0785 ], [ -103.2448, 44.0794 ], [ -103.2458, 44.0826 ], [ -103.2556, 44.0827 ], [ -103.2552, 44.0833 ] ] ] } },
{ "type": "Feature", "properties": { "GEOIDFQ": "1400000US46103010201", "NAME": "102.01", "NAMELSAD": "Census Tract 102.01" }, "geometry": { "type": "Polygon", "coordinates": [ [ [ -103.2116, 44.0967 ], [ -103.2117, 44.0894 ], [ -103.2125, 44.0894 ], [ -103.2128, 44.0883 ], [ -103.2148, 44.0882 ], [ -103.2277, 44.09 ], [ -103.2321, 44.0898 ], [ -103.2322, 44.0967 ], [ -103.2116, 44.0967 ] ] ] } },
{ "type": "Feature", "properties": { "GEOIDFQ": "1400000US46117960100", "NAME": "9601", "NAMELSAD": "Census Tract 9601" }, "geometry": { "type": "Polygon", "coordinates": [ [ [ -101.1665, 44.2183 ], [ -101.1669, 44.25 ], [ -101.1669, 44.281 ], [ -101.1665, 44.2813 ], [ -101.1668, 44.2821 ], [ -101.1669, 44.2903 ], [ -101.1665, 44.3054 ], [ -101.1669, 44.3142 ], [ -101.1668, 44.3431 ], [ -101.1552, 44.3431 ], [ -101.1554, 44.4444 ], [ -101.1545, 44.6899 ], [ -101.1421, 44.6902 ], [ -101.1414, 44.6899 ], [ -101.1372, 44.69 ], [ -101.1372, 44.7423 ], [ -101.1368, 44.7471 ], [ -101.1344, 44.7471 ], [ -101.1261, 44.7455 ], [ -101.1208, 44.7439 ], [ -101.1174, 44.7436 ], [ -101.113, 44.7418 ], [ -101.1004, 44.7398 ], [ -101.0927, 44.739 ], [ -101.0832, 44.7384 ], [ -101.0805, 44.7386 ], [ -101.0697, 44.7424 ], [ -101.0664, 44.7428 ], [ -101.0629, 44.7425 ], [ -101.0555, 44.7401 ], [ -101.0433, 44.7319 ], [ -101.0398, 44.7301 ], [ -101.0359, 44.7274 ], [ -101.0312, 44.7257 ], [ -101.0251, 44.7243 ], [ -101.0226, 44.7242 ], [ -101.0152, 44.7267 ], [ -101.0064, 44.7288 ], [ -101.0041, 44.7313 ], [ -101.0016, 44.737 ], [ -100.9998, 44.7388 ], [ -100.9983, 44.7394 ], [ -100.9957, 44.7392 ], [ -100.9915, 44.7355 ], [ -100.9904, 44.7325 ], [ -100.9898, 44.7319 ], [ -100.9877, 44.732 ], [ -100.9855, 44.7339 ], [ -100.9836, 44.7369 ], [ -100.9814, 44.7382 ], [ -100.9797, 44.7458 ], [ -100.9776, 44.7496 ], [ -100.976, 44.751 ], [ -100.9754, 44.7514 ], [ -100.9724, 44.7518 ], [ -100.967, 44.7514 ], [ -100.961, 44.7532 ], [ -100.9568, 44.7532 ], [ -100.9551, 44.7544 ], [ -100.9556, 44.7568 ], [ -100.9572, 44.7591 ], [ -100.9583, 44.7619 ], [ -100.958, 44.7627 ], [ -100.9552, 44.7655 ], [ -100.9544, 44.7658 ], [ -100.9517, 44.7657 ], [ -100.9493, 44.7642 ], [ -100.9475, 44.7636 ], [ -100.9398, 44.7625 ], [ -100.933, 44.7647 ], [ -100.931, 44.7669 ], [ -100.9277, 44.7678 ], [ -100.9212, 44.7686 ], [ -100.9172, 44.7696 ], [ -100.915, 44.7711 ], [ -100.9118, 44.7759 ], [ -100.9115, 44.7792 ], [ -100.9119, 44.7828 ], [ -100.9117, 44.7834 ], [ -100.9103, 44.7837 ], [ -100.9076, 44.7835 ], [ -100.9019, 44.7814 ], [ -100.8984, 44.7791 ], [ -100.8956, 44.7779 ], [ -100.8941, 44.7754 ], [ -100.8932, 44.7719 ], [ -100.8923, 44.7706 ], [ -100.8912, 44.7701 ], [ -100.888, 44.7697 ], [ -100.887, 44.7698 ], [ -100.8858, 44.7703 ], [ -100.8837, 44.7703 ], [ -100.8813, 44.7706 ], [ -100.8785, 44.7717 ], [ -100.8735, 44.773 ], [ -100.8673, 44.776 ], [ -100.8602, 44.777 ], [ -100.8561, 44.7797 ], [ -100.8537, 44.7807 ], [ -100.8517, 44.7799 ], [ -100.85, 44.7783 ], [ -100.8481, 44.7772 ], [ -100.8453, 44.7767 ], [ -100.8434, 44.777 ], [ -100.8382, 44.7807 ], [ -100.8365, 44.7823 ], [ -100.8334, 44.7833 ], [ -100.8298, 44.7832 ], [ -100.8211, 44.7814 ], [ -100.8176, 44.78 ], [ -100.8146, 44.7739 ], [ -100.8144, 44.7707 ], [ -100.8133, 44.769 ], [ -100.812, 44.768 ], [ -100.8102, 44.7675 ], [ -100.8083, 44.7675 ], [ -100.8055, 44.7683 ], [ -100.8018, 44.7702 ], [ -100.8, 44.7706 ], [ -100.7982, 44.7702 ], [ -100.7972, 44.769 ], [ -100.7973, 44.7681 ], [ -100.7996, 44.7646 ], [ -100.7991, 44.7638 ], [ -100.798, 44.7635 ], [ -100.7946, 44.7641 ], [ -100.7831, 44.7678 ], [ -100.7787, 44.7717 ], [ -100.7762, 44.7724 ], [ -100.7745, 44.7722 ], [ -100.7726, 44.7711 ], [ -100.7717, 44.7701 ], [ -100.7711, 44.7675 ], [ -100.7722, 44.7657 ], [ -100.7756, 44.7622 ], [ -100.7761, 44.7612 ], [ -100.7752, 44.7596 ], [ -100.7744, 44.759 ], [ -100.7734, 44.7585 ], [ -100.7705, 44.7582 ], [ -100.7686, 44.7583 ], [ -100.7615, 44.7597 ], [ -100.7569, 44.7601 ], [ -100.7549, 44.7605 ], [ -100.7515, 44.7619 ], [ -100.7499, 44.764 ], [ -100.7496, 44.7654 ], [ -100.7501, 44.7672 ], [ -100.753, 44.7727 ], [ -100.753, 44.7733 ], [ -100.7501, 44.7748 ], [ -100.747, 44.7756 ], [ -100.7436, 44.7761 ], [ -100.7406, 44.7761 ], [ -100.7373, 44.7751 ], [ -100.7359, 44.7737 ], [ -100.7363, 44.7724 ], [ -100.7391, 44.7696 ], [ -100.7399, 44.7678 ], [ -100.7394, 44.7658 ], [ -100.737, 44.7639 ], [ -100.7355, 44.7638 ], [ -100.73, 44.7644 ], [ -100.7273, 44.7651 ], [ -100.7237, 44.7668 ], [ -100.7176, 44.7709 ], [ -100.7101, 44.7676 ], [ -100.7003, 44.7641 ], [ -100.6914, 44.7597 ], [ -100.6852, 44.7549 ], [ -100.6826, 44.7517 ], [ -100.6811, 44.7483 ], [ -100.6803, 44.7474 ], [ -100.6717, 44.7449 ], [ -100.6657, 44.744 ], [ -100.6495, 44.7436 ], [ -100.6444, 44.743 ], [ -100.6375, 44.7412 ], [ -100.6345, 44.7401 ], [ -100.6301, 44.7372 ], [ -100.6193, 44.7165 ], [ -100.6138, 44.7071 ], [ -100.6126, 44.7027 ], [ -100.6125, 44.6935 ], [ -100.6135, 44.6881 ], [ -100.6192, 44.6701 ], [ -100.6214, 44.6647 ], [ -100.6242, 44.6551 ], [ -100.6248, 44.6516 ], [ -100.6339, 44.6316 ], [ -100.6424, 44.6218 ], [ -100.6431, 44.6203 ], [ -100.6457, 44.6019 ], [ -100.6456, 44.598 ], [ -100.6424, 44.5883 ], [ -100.6401, 44.5837 ], [ -100.6324, 44.5756 ], [ -100.6261, 44.5711 ], [ -100.6209, 44.5667 ], [ -100.6149, 44.5635 ], [ -100.6075, 44.5606 ], [ -100.593, 44.5566 ], [ -100.5878, 44.5562 ], [ -100.5812, 44.5561 ], [ -100.5595, 44.5539 ], [ -100.5489, 44.5538 ], [ -100.5423, 44.5533 ], [ -100.537, 44.5526 ], [ -100.5294, 44.5501 ], [ -100.5279, 44.5493 ], [ -100.5167, 44.5344 ], [ -100.5165, 44.5315 ], [ -100.5184, 44.5274 ], [ -100.5243, 44.5209 ], [ -100.5293, 44.5165 ], [ -100.5318, 44.5151 ], [ -100.552, 44.5095 ], [ -100.5593, 44.5062 ], [ -100.5689, 44.5002 ], [ -100.5727, 44.4967 ], [ -100.5754, 44.4928 ], [ -100.5767, 44.4872 ], [ -100.5797, 44.4797 ], [ -100.5805, 44.4768 ], [ -100.5809, 44.4721 ], [ -100.5805, 44.4629 ], [ -100.58, 44.4618 ], [ -100.574, 44.4555 ], [ -100.5665, 44.4509 ], [ -100.5614, 44.4486 ], [ -100.5545, 44.4463 ], [ -100.5514, 44.4455 ], [ -100.5445, 44.4447 ], [ -100.5392, 44.4444 ], [ -100.5361, 44.4446 ], [ -100.5313, 44.4456 ], [ -100.5184, 44.4495 ], [ -100.5004, 44.4543 ], [ -100.4749, 44.4604 ], [ -100.4724, 44.4607 ], [ -100.4594, 44.4613 ], [ -100.4386, 44.4602 ], [ -100.4169, 44.4589 ], [ -100.4129, 44.4584 ], [ -100.4076, 44.4572 ], [ -100.4016, 44.4539 ], [ -100.3938, 44.4478 ], [ -100.3901, 44.4438 ], [ -100.3886, 44.4427 ], [ -100.3864, 44.44 ], [ -100.3845, 44.4362 ], [ -100.3845, 44.4348 ], [ -100.3814, 44.4225 ], [ -100.3789, 44.404 ], [ -100.3744, 44.3855 ], [ -100.3738, 44.3801 ], [ -100.3721, 44.3761 ], [ -100.3691, 44.3714 ], [ -100.3654, 44.3555 ], [ -100.3639, 44.3531 ], [ -100.3623, 44.3513 ], [ -100.3582, 44.3492 ], [ -100.3433, 44.3446 ], [ -100.3364, 44.343 ], [ -100.3306, 44.342 ], [ -100.3284, 44.3419 ], [ -100.3263, 44.3413 ], [ -100.3242, 44.3414 ], [ -100.3033, 44.3389 ], [ -100.2913, 44.337 ], [ -100.2861, 44.3358 ], [ -100.2747, 44.3319 ], [ -100.2425, 44.3267 ], [ -100.2325, 44.3256 ], [ -100.218, 44.3261 ], [ -100.2003, 44.3232 ], [ -100.192, 44.3226 ], [ -100.1826, 44.323 ], [ -100.1728, 44.3242 ], [ -100.1657, 44.3246 ], [ -100.1503, 44.322 ], [ -100.1254, 44.3168 ], [ -100.1123, 44.3127 ], [ -100.1077, 44.3118 ], [ -100.1004, 44.312 ], [ -100.0983, 44.3118 ], [ -100.0853, 44.3085 ], [ -100.0785, 44.3049 ], [ -100.0696, 44.2994 ], [ -100.0632, 44.2959 ], [ -100.0598, 44.2942 ], [ -100.0538, 44.2921 ], [ -100.0445, 44.2878 ], [ -100.0406, 44.2864 ], [ -100.0253, 44.2833 ], [ -100.0158, 44.2808 ], [ -100.0053, 44.2759 ], [ -99.9948, 44.2717 ], [ -99.9844, 44.2683 ], [ -99.9606, 44.2645 ], [ -99.9574, 44.2644 ], [ -99.9556, 44.2643 ], [ -99.9422, 44.2664 ], [ -99.9374, 44.2657 ], [ -99.9299, 44.2663 ], [ -99.923, 44.2663 ], [ -99.9211, 44.2659 ], [ -99.9106, 44.2619 ], [ -99.9034, 44.2583 ], [ -99.8999, 44.2552 ], [ -99.8936, 44.2438 ], [ -99.8921, 44.2419 ], [ -99.8926, 44.2392 ], [ -99.8933, 44.238 ], [ -99.9062, 44.2256 ], [ -99.9348, 44.2061 ], [ -99.936, 44.2049 ], [ -99.9373, 44.2032 ], [ -99.9383, 44.2003 ], [ -99.9382, 44.1952 ], [ -99.9463, 44.195 ], [ -100.084, 44.1947 ], [ -100.3672, 44.1946 ], [ -100.3672, 44.1687 ], [ -100.3707, 44.1685 ], [ -100.4229, 44.1687 ], [ -100.5312, 44.1683 ], [ -100.5667, 44.1684 ], [ -100.5863, 44.1688 ], [ -100.6229, 44.1682 ], [ -100.742, 44.1683 ], [ -100.7504, 44.1681 ], [ -100.7558, 44.1685 ], [ -100.7731, 44.1686 ], [ -100.7786, 44.1684 ], [ -100.7813, 44.168 ], [ -100.8062, 44.1684 ], [ -100.8672, 44.1684 ], [ -100.9, 44.168 ], [ -100.9251, 44.168 ], [ -100.9857, 44.1685 ], [ -101.0004, 44.1682 ], [ -101.0469, 44.1685 ], [ -101.1668, 44.1681 ], [ -101.1666, 44.2041 ], [ -101.167, 44.2046 ], [ -101.1665, 44.2183 ] ] ] } },
{ "type": "Feature", "properties": { "GEOIDFQ": "1400000US46105968300", "NAME": "9683", "NAMELSAD": "Census Tract 9683" }, "geometry": { "type": "Polygon", "coordinates": [ [ [ -102.9572, 45.1815 ], [ -102.9574, 45.2501 ], [ -102.9565, 45.2597 ], [ -102.9573, 45.2804 ], [ -102.9571, 45.3143 ], [ -102.9564, 45.3357 ], [ -102.957, 45.3578 ], [ -102.9569, 45.3863 ], [ -102.9501, 45.3863 ], [ -102.9501, 45.3882 ], [ -102.9502, 45.442 ], [ -102.9506, 45.4435 ], [ -102.9502, 45.4436 ], [ -102.9504, 45.4693 ], [ -102.951, 45.5025 ], [ -102.951, 45.5588 ], [ -102.9509, 45.5643 ], [ -102.9505, 45.5652 ], [ -102.9509, 45.566 ], [ -102.951, 45.5726 ], [ -102.9501, 45.667 ], [ -102.9503, 45.7316 ], [ -102.95, 45.7329 ], [ -102.9424, 45.7328 ], [ -102.9427, 45.8276 ], [ -102.9421, 45.945 ], [ -102.6523, 45.9453 ], [ -102.6422, 45.9452 ], [ -102.638, 45.9449 ], [ -102.332, 45.945 ], [ -102.1593, 45.9446 ], [ -102.1264, 45.9447 ], [ -102.1244, 45.9451 ], [ -102.1233, 45.9447 ], [ -102.0875, 45.9449 ], [ -102.0007, 45.9446 ], [ -102.0002, 45.9346 ], [ -102.0006, 45.8215 ], [ -102.0003, 45.7899 ], [ -102.001, 45.7026 ], [ -102.0, 45.6042 ], [ -102.0004, 45.5261 ], [ -101.9993, 45.3676 ], [ -101.9994, 45.283 ], [ -102.0001, 45.2278 ], [ -102.0, 45.0383 ], [ -102.1095, 45.0388 ], [ -102.2504, 45.0389 ], [ -102.2578, 45.0391 ], [ -102.3826, 45.0388 ], [ -102.469, 45.0396 ], [ -102.512, 45.0394 ], [ -102.513, 45.0396 ], [ -102.6251, 45.0388 ], [ -102.6312, 45.039 ], [ -102.6345, 45.0386 ], [ -102.6721, 45.0391 ], [ -102.7118, 45.0389 ], [ -102.7509, 45.0393 ], [ -102.9574, 45.0396 ], [ -102.9571, 45.1533 ], [ -102.9571, 45.1729 ], [ -102.9575, 45.1796 ], [ -102.9572, 45.1815 ] ] ] } },
{ "type": "Feature", "properties": { "GEOIDFQ": "1400000US46089963100", "NAME": "9631", "NAMELSAD": "Census Tract 9631" }, "geometry": { "type": "Polygon", "coordinates": [ [ [ -99.7181, 45.9409 ], [ -99.6929, 45.9411 ], [ -99.6116, 45.9411 ], [ -99.4428, 45.9403 ], [ -99.0974, 45.94 ], [ -98.7244, 45.9387 ], [ -98.7244, 45.7942 ], [ -98.7249, 45.75 ], [ -98.7249, 45.6781 ], [ -98.7254, 45.6444 ], [ -98.7251, 45.6259 ], [ -98.7254, 45.6059 ], [ -98.725, 45.5913 ], [ -98.8431, 45.5923 ], [ -99.0777, 45.5923 ], [ -99.2148, 45.5926 ], [ -99.2189, 45.5928 ], [ -99.2192, 45.5926 ], [ -99.2214, 45.5926 ], [ -99.3587, 45.5929 ], [ -99.4207, 45.5927 ], [ -99.7175, 45.5934 ], [ -99.7181, 45.9409 ] ] ] } },
{ "type": "Feature", "properties": { "GEOIDFQ": "1400000US46027965700", "NAME": "9657", "NAMELSAD": "Census Tract 9657" }, "geometry": { "type": "Polygon", "coordinates": [ [ [ -97.0029, 42.7863 ], [ -96.9678, 42.7866 ], [ -96.9675, 42.7868 ], [ -96.9654, 42.7855 ], [ -96.9629, 42.7848 ], [ -96.9622, 42.7896 ], [ -96.9632, 42.7918 ], [ -96.9631, 42.794 ], [ -96.964, 42.7981 ], [ -96.9623, 42.7992 ], [ -96.9583, 42.7992 ], [ -96.9567, 42.7997 ], [ -96.9527, 42.8012 ], [ -96.9505, 42.8028 ], [ -96.9475, 42.8078 ], [ -96.9471, 42.8105 ], [ -96.9466, 42.8111 ], [ -96.9459, 42.8109 ], [ -96.9442, 42.8094 ], [ -96.9418, 42.8091 ], [ -96.9391, 42.8108 ], [ -96.936, 42.8113 ], [ -96.9355, 42.8129 ], [ -96.9318, 42.8136 ], [ -96.9305, 42.8161 ], [ -96.9286, 42.8177 ], [ -96.9243, 42.8173 ], [ -96.9243, 42.8084 ], [ -96.8656, 42.8082 ], [ -96.8657, 42.7864 ], [ -96.8706, 42.7864 ], [ -96.8706, 42.7774 ], [ -96.8701, 42.7751 ], [ -96.8706, 42.7733 ], [ -96.8706, 42.7646 ], [ -96.8737, 42.7646 ], [ -96.8756, 42.7655 ], [ -96.8751, 42.7319 ], [ -96.8773, 42.7319 ], [ -96.8818, 42.7311 ], [ -96.8876, 42.7309 ], [ -96.8924, 42.7325 ], [ -96.8948, 42.7319 ], [ -96.8986, 42.7315 ], [ -96.8996, 42.7307 ], [ -96.9068, 42.7338 ], [ -96.9079, 42.7339 ], [ -96.9183, 42.7319 ], [ -96.9267, 42.7271 ], [ -96.9287, 42.7255 ], [ -96.9335, 42.7238 ], [ -96.9357, 42.7206 ], [ -96.9376, 42.7196 ], [ -96.9424, 42.7196 ], [ -96.9465, 42.7191 ], [ -96.9487, 42.7195 ], [ -96.9559, 42.7192 ], [ -96.9616, 42.7198 ], [ -96.9635, 42.7206 ], [ -96.9648, 42.7225 ], [ -96.9657, 42.7245 ], [ -96.9658, 42.7271 ], [ -96.9613, 42.7366 ], [ -96.9609, 42.7391 ], [ -96.9618, 42.7417 ], [ -96.9689, 42.7543 ], [ -96.9753, 42.7583 ], [ -96.9801, 42.7603 ], [ -96.9832, 42.7606 ], [ -96.9901, 42.7595 ], [ -96.9928, 42.7595 ], [ -97.0029, 42.7603 ], [ -97.0029, 42.7863 ] ], [ [ -96.9488, 42.7812 ], [ -96.9387, 42.7784 ], [ -96.9383, 42.7779 ], [ -96.9286, 42.7745 ], [ -96.9245, 42.7724 ], [ -96.9239, 42.7724 ], [ -96.9243, 42.7759 ], [ -96.9199, 42.7758 ], [ -96.92, 42.7937 ], [ -96.9291, 42.7938 ], [ -96.9292, 42.7867 ], [ -96.9488, 42.7867 ], [ -96.9488, 42.7812 ] ] ] } },
{ "type": "Feature", "properties": { "GEOIDFQ": "1400000US46027965800", "NAME": "9658", "NAMELSAD": "Census Tract 9658" }, "geometry": { "type": "Polygon", "coordinates": [ [ [ -97.1605, 43.0831 ], [ -96.9241, 43.0837 ], [ -96.8057, 43.0837 ], [ -96.8054, 42.9328 ], [ -96.8065, 42.7733 ], [ -96.8062, 42.7042 ], [ -96.8131, 42.7064 ], [ -96.8195, 42.7078 ], [ -96.8296, 42.7084 ], [ -96.8434, 42.712 ], [ -96.85, 42.715 ], [ -96.8546, 42.7179 ], [ -96.8604, 42.7208 ], [ -96.8728, 42.7241 ], [ -96.8831, 42.7246 ], [ -96.8868, 42.7252 ], [ -96.8897, 42.7262 ], [ -96.8996, 42.7307 ], [ -96.8986, 42.7315 ], [ -96.8948, 42.7319 ], [ -96.8924, 42.7325 ], [ -96.8876, 42.7309 ], [ -96.8818, 42.7311 ], [ -96.8773, 42.7319 ], [ -96.8751, 42.7319 ], [ -96.8756, 42.7655 ], [ -96.8737, 42.7646 ], [ -96.8706, 42.7646 ], [ -96.8706, 42.7733 ], [ -96.8701, 42.7751 ], [ -96.8706, 42.7774 ], [ -96.8706, 42.7864 ], [ -96.8657, 42.7864 ], [ -96.8656, 42.8082 ], [ -96.9243, 42.8084 ], [ -96.9243, 42.8173 ], [ -96.9286, 42.8177 ], [ -96.9305, 42.8161 ], [ -96.9318, 42.8136 ], [ -96.9355, 42.8129 ], [ -96.936, 42.8113 ], [ -96.9391, 42.8108 ], [ -96.9418, 42.8091 ], [ -96.9442, 42.8094 ], [ -96.9459, 42.8109 ], [ -96.9466, 42.8111 ], [ -96.9471, 42.8105 ], [ -96.9475, 42.8078 ], [ -96.9505, 42.8028 ], [ -96.9527, 42.8012 ], [ -96.9567, 42.7997 ], [ -96.9583, 42.7992 ], [ -96.9623, 42.7992 ], [ -96.964, 42.7981 ], [ -96.9631, 42.794 ], [ -96.9632, 42.7918 ], [ -96.9622, 42.7896 ], [ -96.9629, 42.7848 ], [ -96.9654, 42.7855 ], [ -96.9675, 42.7868 ], [ -96.9678, 42.7866 ], [ -97.0029, 42.7863 ], [ -97.0029, 42.7603 ], [ -97.015, 42.7612 ], [ -97.0284, 42.763 ], [ -97.0302, 42.7637 ], [ -97.0323, 42.7654 ], [ -97.0339, 42.7661 ], [ -97.0379, 42.7667 ], [ -97.0417, 42.768 ], [ -97.0454, 42.7684 ], [ -97.0522, 42.7702 ], [ -97.0656, 42.7722 ], [ -97.0718, 42.7723 ], [ -97.0794, 42.7714 ], [ -97.0852, 42.7701 ], [ -97.0953, 42.7694 ], [ -97.1078, 42.7699 ], [ -97.1126, 42.7691 ], [ -97.1155, 42.7693 ], [ -97.1232, 42.7708 ], [ -97.1303, 42.7715 ], [ -97.1313, 42.7719 ], [ -97.1345, 42.7745 ], [ -97.1371, 42.7789 ], [ -97.137, 42.781 ], [ -97.1382, 42.7834 ], [ -97.1422, 42.7867 ], [ -97.1431, 42.7886 ], [ -97.1446, 42.7901 ], [ -97.1503, 42.7945 ], [ -97.1508, 42.7956 ], [ -97.1604, 42.7997 ], [ -97.1608, 42.8951 ], [ -97.1605, 43.0831 ] ] ] } },
{ "type": "Feature", "properties": { "GEOIDFQ": "1400000US46071961100", "NAME": "9611", "NAMELSAD": "Census Tract 9611" }, "geometry": { "type": "Polygon", "coordinates": [ [ [ -102.019, 43.7079 ], [ -102.0189, 43.7086 ], [ -102.0197, 43.748 ], [ -102.0192, 43.75 ], [ -102.019, 43.8427 ], [ -102.0194, 43.8466 ], [ -102.0192, 43.8624 ], [ -102.0197, 43.8982 ], [ -102.0193, 43.9656 ], [ -102.0197, 43.9716 ], [ -102.0191, 43.9945 ], [ -102.0004, 43.9945 ], [ -101.9962, 43.9949 ], [ -101.9681, 43.9945 ], [ -101.9592, 43.9947 ], [ -101.9328, 43.9945 ], [ -101.5004, 43.995 ], [ -101.4825, 43.9944 ], [ -101.4675, 43.9952 ], [ -101.3755, 43.9951 ], [ -101.3525, 43.9949 ], [ -101.3343, 43.9951 ], [ -101.3074, 43.9948 ], [ -101.2439, 43.9951 ], [ -101.1869, 43.9948 ], [ -101.0641, 43.9949 ], [ -101.0644, 43.8989 ], [ -101.064, 43.8546 ], [ -101.0643, 43.8411 ], [ -101.0687, 43.8402 ], [ -101.0705, 43.8405 ], [ -101.0708, 43.8416 ], [ -101.0687, 43.843 ], [ -101.068, 43.844 ], [ -101.0685, 43.8452 ], [ -101.0702, 43.8457 ], [ -101.0719, 43.8449 ], [ -101.0743, 43.843 ], [ -101.0763, 43.8422 ], [ -101.0788, 43.8423 ], [ -101.0794, 43.8418 ], [ -101.081, 43.8415 ], [ -101.0824, 43.8417 ], [ -101.0844, 43.8413 ], [ -101.0867, 43.8418 ], [ -101.088, 43.8423 ], [ -101.0883, 43.843 ], [ -101.0839, 43.8452 ], [ -101.0831, 43.8463 ], [ -101.083, 43.8472 ], [ -101.0846, 43.849 ], [ -101.0867, 43.8496 ], [ -101.0938, 43.8467 ], [ -101.0961, 43.8452 ], [ -101.0958, 43.8447 ], [ -101.0972, 43.8438 ], [ -101.0989, 43.8441 ], [ -101.1007, 43.8465 ], [ -101.1022, 43.8475 ], [ -101.1031, 43.8476 ], [ -101.1069, 43.8471 ], [ -101.1077, 43.8466 ], [ -101.1078, 43.8451 ], [ -101.1068, 43.8435 ], [ -101.1039, 43.8418 ], [ -101.1031, 43.8403 ], [ -101.1033, 43.8382 ], [ -101.1069, 43.8368 ], [ -101.1099, 43.838 ], [ -101.1106, 43.8389 ], [ -101.1151, 43.8411 ], [ -101.1191, 43.842 ], [ -101.1213, 43.842 ], [ -101.1212, 43.8432 ], [ -101.1248, 43.8443 ], [ -101.1254, 43.8435 ], [ -101.1268, 43.8434 ], [ -101.1271, 43.8411 ], [ -101.1281, 43.8404 ], [ -101.1311, 43.8409 ], [ -101.1316, 43.8414 ], [ -101.1379, 43.8413 ], [ -101.1408, 43.8394 ], [ -101.1426, 43.8347 ], [ -101.1425, 43.8335 ], [ -101.1415, 43.8324 ], [ -101.1392, 43.8315 ], [ -101.1368, 43.8315 ], [ -101.1344, 43.8306 ], [ -101.1343, 43.8285 ], [ -101.1369, 43.8253 ], [ -101.1367, 43.8242 ], [ -101.139, 43.8221 ], [ -101.1415, 43.8205 ], [ -101.1424, 43.82 ], [ -101.1477, 43.819 ], [ -101.1491, 43.8181 ], [ -101.1543, 43.8173 ], [ -101.1556, 43.8167 ], [ -101.1586, 43.8169 ], [ -101.1607, 43.8176 ], [ -101.1614, 43.8181 ], [ -101.1614, 43.8192 ], [ -101.1571, 43.8195 ], [ -101.1544, 43.8206 ], [ -101.1531, 43.8226 ], [ -101.1533, 43.8239 ], [ -101.1561, 43.8269 ], [ -101.1574, 43.8273 ], [ -101.1582, 43.8273 ], [ -101.1607, 43.8288 ], [ -101.1608, 43.8294 ], [ -101.1615, 43.83 ], [ -101.1642, 43.8304 ], [ -101.1658, 43.8302 ], [ -101.1663, 43.8296 ], [ -101.1661, 43.8288 ], [ -101.1631, 43.8267 ], [ -101.1632, 43.8255 ], [ -101.1644, 43.8243 ], [ -101.1671, 43.8241 ], [ -101.1692, 43.8231 ], [ -101.1698, 43.8224 ], [ -101.1707, 43.8159 ], [ -101.1689, 43.8101 ], [ -101.1717, 43.8072 ], [ -101.1735, 43.8066 ], [ -101.1747, 43.8068 ], [ -101.1755, 43.8075 ], [ -101.175, 43.8086 ], [ -101.1731, 43.81 ], [ -101.1724, 43.8114 ], [ -101.1723, 43.8135 ], [ -101.1716, 43.8146 ], [ -101.1717, 43.8162 ], [ -101.1738, 43.818 ], [ -101.1773, 43.8189 ], [ -101.1806, 43.8184 ], [ -101.181, 43.8179 ], [ -101.1812, 43.8137 ], [ -101.1797, 43.8134 ], [ -101.1777, 43.8149 ], [ -101.1755, 43.8149 ], [ -101.1742, 43.814 ], [ -101.1751, 43.8116 ], [ -101.1758, 43.8114 ], [ -101.179, 43.8132 ], [ -101.18, 43.8129 ], [ -101.1813, 43.8113 ], [ -101.1822, 43.8092 ], [ -101.1819, 43.8072 ], [ -101.1822, 43.8058 ], [ -101.1843, 43.8048 ], [ -101.1872, 43.8048 ], [ -101.1883, 43.8046 ], [ -101.1893, 43.8029 ], [ -101.1917, 43.8028 ], [ -101.1937, 43.8036 ], [ -101.1946, 43.8043 ], [ -101.1945, 43.8049 ], [ -101.1953, 43.8055 ], [ -101.1958, 43.8067 ], [ -101.1956, 43.8077 ], [ -101.1962, 43.8097 ], [ -101.1982, 43.8116 ], [ -101.202, 43.8128 ], [ -101.2035, 43.8128 ], [ -101.206, 43.8121 ], [ -101.2087, 43.8095 ], [ -101.2083, 43.8076 ], [ -101.2092, 43.806 ], [ -101.2127, 43.8043 ], [ -101.2138, 43.8048 ], [ -101.2167, 43.8044 ], [ -101.2178, 43.8038 ], [ -101.2182, 43.8027 ], [ -101.2164, 43.8008 ], [ -101.216, 43.7992 ], [ -101.2212, 43.7977 ], [ -101.2247, 43.7973 ], [ -101.2278, 43.7962 ], [ -101.2283, 43.795 ], [ -101.2274, 43.7913 ], [ -101.2301, 43.7886 ], [ -101.2295, 43.787 ], [ -101.2313, 43.7854 ], [ -101.2345, 43.7855 ], [ -101.2356, 43.7859 ], [ -101.2368, 43.7869 ], [ -101.2377, 43.7884 ], [ -101.2379, 43.7928 ], [ -101.2396, 43.7949 ], [ -101.2429, 43.796 ], [ -101.2551, 43.7967 ], [ -101.2588, 43.7962 ], [ -101.2603, 43.7958 ], [ -101.261, 43.7952 ], [ -101.2613, 43.7942 ], [ -101.261, 43.7929 ], [ -101.2595, 43.792 ], [ -101.2577, 43.7922 ], [ -101.2545, 43.794 ], [ -101.2522, 43.7943 ], [ -101.2496, 43.7933 ], [ -101.2481, 43.792 ], [ -101.2478, 43.7902 ], [ -101.2488, 43.7879 ], [ -101.2528, 43.7845 ], [ -101.254, 43.7846 ], [ -101.2569, 43.7859 ], [ -101.2621, 43.7856 ], [ -101.2634, 43.786 ], [ -101.2639, 43.7869 ], [ -101.2641, 43.7891 ], [ -101.2629, 43.7926 ], [ -101.2641, 43.7933 ], [ -101.267, 43.7937 ], [ -101.2688, 43.7931 ], [ -101.269, 43.7921 ], [ -101.2668, 43.7877 ], [ -101.2666, 43.7863 ], [ -101.267, 43.7848 ], [ -101.2688, 43.7827 ], [ -101.2716, 43.7805 ], [ -101.2785, 43.7791 ], [ -101.2805, 43.7793 ], [ -101.2821, 43.7805 ], [ -101.2824, 43.7837 ], [ -101.2832, 43.7849 ], [ -101.2839, 43.7853 ], [ -101.2871, 43.7856 ], [ -101.2915, 43.7881 ], [ -101.2939, 43.7886 ], [ -101.2945, 43.7882 ], [ -101.2933, 43.7847 ], [ -101.2941, 43.7834 ], [ -101.296, 43.7821 ], [ -101.3022, 43.7788 ], [ -101.305, 43.7783 ], [ -101.3096, 43.7785 ], [ -101.3104, 43.7787 ], [ -101.3101, 43.7794 ], [ -101.3079, 43.7793 ], [ -101.3069, 43.7799 ], [ -101.3066, 43.7812 ], [ -101.3071, 43.7822 ], [ -101.3107, 43.7832 ], [ -101.3124, 43.7845 ], [ -101.3143, 43.787 ], [ -101.316, 43.7883 ], [ -101.3199, 43.7895 ], [ -101.3215, 43.7895 ], [ -101.3223, 43.7894 ], [ -101.3229, 43.7887 ], [ -101.3213, 43.7849 ], [ -101.3217, 43.7833 ], [ -101.323, 43.7815 ], [ -101.3231, 43.7798 ], [ -101.3247, 43.7788 ], [ -101.3284, 43.7784 ], [ -101.3302, 43.7778 ], [ -101.3319, 43.7778 ], [ -101.3331, 43.7783 ], [ -101.3331, 43.7792 ], [ -101.3306, 43.781 ], [ -101.3287, 43.7834 ], [ -101.3288, 43.7847 ], [ -101.3315, 43.7876 ], [ -101.3343, 43.787 ], [ -101.3365, 43.7871 ], [ -101.3367, 43.7866 ], [ -101.3358, 43.7843 ], [ -101.3375, 43.7829 ], [ -101.3388, 43.7824 ], [ -101.3408, 43.7826 ], [ -101.3428, 43.7838 ], [ -101.3475, 43.7882 ], [ -101.3504, 43.7893 ], [ -101.3515, 43.7889 ], [ -101.3505, 43.787 ], [ -101.3502, 43.7849 ], [ -101.3507, 43.7841 ], [ -101.3517, 43.7834 ], [ -101.3538, 43.7832 ], [ -101.3563, 43.7838 ], [ -101.3647, 43.7843 ], [ -101.3684, 43.7854 ], [ -101.3695, 43.7866 ], [ -101.3681, 43.7875 ], [ -101.3641, 43.7885 ], [ -101.3628, 43.7896 ], [ -101.3621, 43.7916 ], [ -101.3628, 43.7938 ], [ -101.3657, 43.7948 ], [ -101.3681, 43.7946 ], [ -101.3761, 43.7962 ], [ -101.3781, 43.7964 ], [ -101.3799, 43.7948 ], [ -101.3829, 43.7943 ], [ -101.3841, 43.7933 ], [ -101.3847, 43.7923 ], [ -101.3852, 43.7908 ], [ -101.3838, 43.7864 ], [ -101.3886, 43.7846 ], [ -101.3932, 43.7806 ], [ -101.3942, 43.7802 ], [ -101.3951, 43.7802 ], [ -101.3962, 43.7806 ], [ -101.397, 43.7813 ], [ -101.3973, 43.783 ], [ -101.3963, 43.7852 ], [ -101.3963, 43.7865 ], [ -101.3986, 43.7878 ], [ -101.4014, 43.7875 ], [ -101.4061, 43.7813 ], [ -101.409, 43.7796 ], [ -101.4127, 43.7781 ], [ -101.4138, 43.7784 ], [ -101.4145, 43.7799 ], [ -101.4141, 43.7806 ], [ -101.411, 43.783 ], [ -101.4102, 43.7842 ], [ -101.4101, 43.7855 ], [ -101.4108, 43.787 ], [ -101.413, 43.7882 ], [ -101.4154, 43.7884 ], [ -101.4166, 43.7883 ], [ -101.4187, 43.7873 ], [ -101.4233, 43.7864 ], [ -101.4245, 43.7856 ], [ -101.4247, 43.785 ], [ -101.4211, 43.7824 ], [ -101.4205, 43.7806 ], [ -101.4214, 43.7792 ], [ -101.4223, 43.7786 ], [ -101.4247, 43.7782 ], [ -101.4281, 43.7781 ], [ -101.4319, 43.7787 ], [ -101.4336, 43.7785 ], [ -101.4344, 43.7777 ], [ -101.4338, 43.7763 ], [ -101.4338, 43.7747 ], [ -101.4342, 43.7733 ], [ -101.4353, 43.772 ], [ -101.4436, 43.7649 ], [ -101.4497, 43.763 ], [ -101.4509, 43.763 ], [ -101.4512, 43.764 ], [ -101.4507, 43.765 ], [ -101.4472, 43.7667 ], [ -101.4464, 43.7674 ], [ -101.4453, 43.7695 ], [ -101.4461, 43.7712 ], [ -101.4477, 43.7721 ], [ -101.4508, 43.7725 ], [ -101.4565, 43.7722 ], [ -101.458, 43.7718 ], [ -101.4584, 43.7715 ], [ -101.4586, 43.7693 ], [ -101.4581, 43.7668 ], [ -101.4584, 43.7629 ], [ -101.4602, 43.7604 ], [ -101.4622, 43.7561 ], [ -101.4658, 43.7546 ], [ -101.4691, 43.7547 ], [ -101.4708, 43.7557 ], [ -101.4711, 43.7565 ], [ -101.4706, 43.7577 ], [ -101.4694, 43.7582 ], [ -101.4654, 43.7582 ], [ -101.4636, 43.7593 ], [ -101.4634, 43.7613 ], [ -101.4644, 43.7629 ], [ -101.4653, 43.7636 ], [ -101.4661, 43.7639 ], [ -101.4686, 43.7643 ], [ -101.4737, 43.7627 ], [ -101.4747, 43.7614 ], [ -101.4763, 43.7608 ], [ -101.4778, 43.7587 ], [ -101.4781, 43.7581 ], [ -101.4776, 43.7569 ], [ -101.4718, 43.754 ], [ -101.4688, 43.7518 ], [ -101.4682, 43.7504 ], [ -101.4686, 43.75 ], [ -101.4694, 43.75 ], [ -101.4769, 43.7506 ], [ -101.4775, 43.7512 ], [ -101.4787, 43.7537 ], [ -101.4793, 43.7542 ], [ -101.4818, 43.7548 ], [ -101.4848, 43.7541 ], [ -101.4856, 43.7535 ], [ -101.4837, 43.7514 ], [ -101.4847, 43.7499 ], [ -101.4868, 43.749 ], [ -101.4874, 43.748 ], [ -101.4868, 43.7464 ], [ -101.4851, 43.7446 ], [ -101.485, 43.7428 ], [ -101.4859, 43.7424 ], [ -101.487, 43.7427 ], [ -101.4882, 43.7439 ], [ -101.4932, 43.746 ], [ -101.4983, 43.7457 ], [ -101.5001, 43.7463 ], [ -101.5029, 43.7464 ], [ -101.504, 43.746 ], [ -101.505, 43.745 ], [ -101.505, 43.7437 ], [ -101.5044, 43.7421 ], [ -101.5046, 43.741 ], [ -101.5056, 43.7399 ], [ -101.5089, 43.7391 ], [ -101.5116, 43.7395 ], [ -101.5127, 43.7399 ], [ -101.5136, 43.7416 ], [ -101.5145, 43.7422 ], [ -101.518, 43.7429 ], [ -101.521, 43.7442 ], [ -101.5225, 43.7452 ], [ -101.5231, 43.7471 ], [ -101.5222, 43.7504 ], [ -101.5242, 43.7522 ], [ -101.5292, 43.7533 ], [ -101.5324, 43.7535 ], [ -101.5356, 43.7527 ], [ -101.5373, 43.7514 ], [ -101.5378, 43.751 ], [ -101.5384, 43.747 ], [ -101.5391, 43.7458 ], [ -101.541, 43.7447 ], [ -101.542, 43.7446 ], [ -101.5438, 43.7452 ], [ -101.5454, 43.7461 ], [ -101.5461, 43.7469 ], [ -101.5497, 43.7484 ], [ -101.5524, 43.75 ], [ -101.554, 43.7505 ], [ -101.5552, 43.7503 ], [ -101.5554, 43.7484 ], [ -101.5544, 43.7474 ], [ -101.5525, 43.7467 ], [ -101.5482, 43.746 ], [ -101.5471, 43.7455 ], [ -101.5458, 43.7442 ], [ -101.5455, 43.7425 ], [ -101.5474, 43.7417 ], [ -101.5498, 43.7419 ], [ -101.5539, 43.7433 ], [ -101.5574, 43.7458 ], [ -101.5588, 43.7474 ], [ -101.5605, 43.7483 ], [ -101.5624, 43.7488 ], [ -101.564, 43.7485 ], [ -101.5646, 43.748 ], [ -101.5673, 43.7446 ], [ -101.5699, 43.7433 ], [ -101.5734, 43.7431 ], [ -101.5758, 43.7422 ], [ -101.5772, 43.7422 ], [ -101.5782, 43.7427 ], [ -101.579, 43.7446 ], [ -101.58, 43.745 ], [ -101.5815, 43.7452 ], [ -101.587, 43.7415 ], [ -101.5898, 43.7404 ], [ -101.5908, 43.7403 ], [ -101.5919, 43.7411 ], [ -101.5922, 43.7425 ], [ -101.5904, 43.7455 ], [ -101.5905, 43.7481 ], [ -101.5918, 43.75 ], [ -101.5933, 43.7507 ], [ -101.5948, 43.7509 ], [ -101.5979, 43.75 ], [ -101.603, 43.7452 ], [ -101.6049, 43.744 ], [ -101.6079, 43.7409 ], [ -101.6089, 43.7403 ], [ -101.6099, 43.7403 ], [ -101.6108, 43.7407 ], [ -101.6114, 43.7419 ], [ -101.6091, 43.7447 ], [ -101.6089, 43.7458 ], [ -101.6093, 43.7473 ], [ -101.6102, 43.7485 ], [ -101.6122, 43.7494 ], [ -101.6159, 43.7494 ], [ -101.6177, 43.7486 ], [ -101.6207, 43.7449 ], [ -101.6206, 43.7443 ], [ -101.6176, 43.7394 ], [ -101.6173, 43.7369 ], [ -101.619, 43.7332 ], [ -101.6202, 43.7322 ], [ -101.6221, 43.7314 ], [ -101.6248, 43.731 ], [ -101.6262, 43.7321 ], [ -101.6266, 43.7343 ], [ -101.6255, 43.7354 ], [ -101.6251, 43.738 ], [ -101.6266, 43.7399 ], [ -101.6282, 43.7412 ], [ -101.6298, 43.7418 ], [ -101.6312, 43.7419 ], [ -101.6341, 43.7414 ], [ -101.6394, 43.7417 ], [ -101.6406, 43.7414 ], [ -101.6423, 43.7395 ], [ -101.6424, 43.7385 ], [ -101.6419, 43.7377 ], [ -101.6391, 43.7357 ], [ -101.639, 43.7342 ], [ -101.6398, 43.7333 ], [ -101.643, 43.732 ], [ -101.6441, 43.7305 ], [ -101.6437, 43.7292 ], [ -101.6416, 43.7276 ], [ -101.6413, 43.7261 ], [ -101.6416, 43.7249 ], [ -101.6423, 43.7244 ], [ -101.6427, 43.7244 ], [ -101.6458, 43.726 ], [ -101.6484, 43.7268 ], [ -101.6519, 43.7265 ], [ -101.6542, 43.7246 ], [ -101.6547, 43.7233 ], [ -101.6587, 43.7195 ], [ -101.6594, 43.7183 ], [ -101.659, 43.7177 ], [ -101.6579, 43.7175 ], [ -101.6551, 43.7188 ], [ -101.6531, 43.7191 ], [ -101.6516, 43.7187 ], [ -101.6503, 43.7176 ], [ -101.6502, 43.7164 ], [ -101.651, 43.7136 ], [ -101.653, 43.7113 ], [ -101.654, 43.7094 ], [ -101.6552, 43.7084 ], [ -101.657, 43.708 ], [ -101.659, 43.7079 ], [ -101.6618, 43.7071 ], [ -101.6648, 43.7071 ], [ -101.6711, 43.7085 ], [ -101.6734, 43.71 ], [ -101.675, 43.7103 ], [ -101.6767, 43.7101 ], [ -101.6768, 43.7093 ], [ -101.6745, 43.7078 ], [ -101.6738, 43.7067 ], [ -101.6738, 43.7049 ], [ -101.6783, 43.7001 ], [ -101.6821, 43.6975 ], [ -101.683, 43.6971 ], [ -101.6842, 43.6972 ], [ -101.685, 43.698 ], [ -101.6849, 43.6988 ], [ -101.6841, 43.6996 ], [ -101.6803, 43.7003 ], [ -101.6785, 43.701 ], [ -101.6778, 43.7021 ], [ -101.6777, 43.7029 ], [ -101.6784, 43.704 ], [ -101.6801, 43.7046 ], [ -101.6832, 43.7047 ], [ -101.6917, 43.7043 ], [ -101.6921, 43.7036 ], [ -101.6904, 43.7007 ], [ -101.692, 43.6992 ], [ -101.6925, 43.698 ], [ -101.6925, 43.6956 ], [ -101.6936, 43.6941 ], [ -101.6946, 43.6939 ], [ -101.6956, 43.6943 ], [ -101.6978, 43.6966 ], [ -101.6977, 43.6979 ], [ -101.6957, 43.6991 ], [ -101.6952, 43.6998 ], [ -101.6951, 43.7004 ], [ -101.6963, 43.7011 ], [ -101.6997, 43.7009 ], [ -101.703, 43.7 ], [ -101.703, 43.6996 ], [ -101.702, 43.6983 ], [ -101.7019, 43.6972 ], [ -101.7024, 43.6963 ], [ -101.7039, 43.6957 ], [ -101.7062, 43.6956 ], [ -101.7091, 43.6964 ], [ -101.7112, 43.6983 ], [ -101.713, 43.6985 ], [ -101.7141, 43.697 ], [ -101.7176, 43.6956 ], [ -101.7203, 43.6941 ], [ -101.7236, 43.6914 ], [ -101.7255, 43.689 ], [ -101.7274, 43.6881 ], [ -101.7286, 43.6883 ], [ -101.7296, 43.6891 ], [ -101.7306, 43.6907 ], [ -101.7306, 43.6915 ], [ -101.7326, 43.6945 ], [ -101.7347, 43.696 ], [ -101.7356, 43.6962 ], [ -101.736, 43.696 ], [ -101.7365, 43.6945 ], [ -101.7377, 43.6929 ], [ -101.7392, 43.6923 ], [ -101.7406, 43.6922 ], [ -101.743, 43.6933 ], [ -101.7438, 43.6968 ], [ -101.7451, 43.6978 ], [ -101.7467, 43.6982 ], [ -101.7491, 43.6981 ], [ -101.7505, 43.6972 ], [ -101.7491, 43.6941 ], [ -101.7493, 43.6926 ], [ -101.7507, 43.6908 ], [ -101.7529, 43.6897 ], [ -101.7544, 43.6898 ], [ -101.7586, 43.6931 ], [ -101.759, 43.6949 ], [ -101.7603, 43.6959 ], [ -101.7632, 43.6959 ], [ -101.7727, 43.695 ], [ -101.7753, 43.6952 ], [ -101.7766, 43.6961 ], [ -101.777, 43.697 ], [ -101.7768, 43.6981 ], [ -101.7757, 43.6993 ], [ -101.7726, 43.6999 ], [ -101.77, 43.6998 ], [ -101.7661, 43.7007 ], [ -101.7638, 43.7019 ], [ -101.7635, 43.7031 ], [ -101.7646, 43.7045 ], [ -101.7666, 43.7055 ], [ -101.7772, 43.7072 ], [ -101.7795, 43.707 ], [ -101.7807, 43.7052 ], [ -101.7768, 43.7029 ], [ -101.7772, 43.7009 ], [ -101.7781, 43.7 ], [ -101.7793, 43.7 ], [ -101.7826, 43.7015 ], [ -101.7836, 43.7014 ], [ -101.7852, 43.6994 ], [ -101.787, 43.6983 ], [ -101.7888, 43.6981 ], [ -101.7912, 43.6988 ], [ -101.7922, 43.6984 ], [ -101.7926, 43.6957 ], [ -101.7932, 43.6951 ], [ -101.8006, 43.6936 ], [ -101.8045, 43.692 ], [ -101.807, 43.6922 ], [ -101.8077, 43.6932 ], [ -101.8072, 43.6942 ], [ -101.8044, 43.6959 ], [ -101.8035, 43.6973 ], [ -101.8047, 43.7003 ], [ -101.8051, 43.7035 ], [ -101.8063, 43.7047 ], [ -101.8089, 43.7049 ], [ -101.8105, 43.7044 ], [ -101.8107, 43.7028 ], [ -101.8098, 43.7004 ], [ -101.81, 43.6989 ], [ -101.8127, 43.6964 ], [ -101.8135, 43.696 ], [ -101.8148, 43.6959 ], [ -101.8165, 43.6969 ], [ -101.8168, 43.6988 ], [ -101.8163, 43.7015 ], [ -101.8171, 43.7033 ], [ -101.8181, 43.7039 ], [ -101.8209, 43.7048 ], [ -101.823, 43.7054 ], [ -101.825, 43.7054 ], [ -101.8266, 43.7049 ], [ -101.8268, 43.7041 ], [ -101.8218, 43.7027 ], [ -101.8207, 43.702 ], [ -101.8205, 43.7013 ], [ -101.8211, 43.7003 ], [ -101.8218, 43.7 ], [ -101.8245, 43.7016 ], [ -101.8253, 43.7014 ], [ -101.8261, 43.7004 ], [ -101.8264, 43.6985 ], [ -101.8259, 43.6976 ], [ -101.8238, 43.6959 ], [ -101.8236, 43.695 ], [ -101.824, 43.6942 ], [ -101.8255, 43.6931 ], [ -101.8273, 43.6924 ], [ -101.8304, 43.6923 ], [ -101.8309, 43.6929 ], [ -101.83, 43.6955 ], [ -101.8304, 43.6962 ], [ -101.8317, 43.6961 ], [ -101.8345, 43.6925 ], [ -101.8366, 43.691 ], [ -101.8375, 43.6892 ], [ -101.8392, 43.6878 ], [ -101.8417, 43.6874 ], [ -101.844, 43.6884 ], [ -101.8444, 43.6893 ], [ -101.8434, 43.6914 ], [ -101.8431, 43.6929 ], [ -101.8434, 43.6938 ], [ -101.8445, 43.6952 ], [ -101.8465, 43.6961 ], [ -101.848, 43.6963 ], [ -101.8542, 43.6941 ], [ -101.8553, 43.6934 ], [ -101.8566, 43.6906 ], [ -101.8565, 43.6894 ], [ -101.8575, 43.6876 ], [ -101.8583, 43.687 ], [ -101.8603, 43.6869 ], [ -101.8638, 43.6881 ], [ -101.8661, 43.6883 ], [ -101.8693, 43.6879 ], [ -101.8732, 43.6861 ], [ -101.8739, 43.6861 ], [ -101.8745, 43.6871 ], [ -101.8744, 43.6879 ], [ -101.8715, 43.6903 ], [ -101.871, 43.6911 ], [ -101.8709, 43.6922 ], [ -101.8715, 43.6935 ], [ -101.8732, 43.6948 ], [ -101.8764, 43.6955 ], [ -101.8788, 43.6955 ], [ -101.8818, 43.6944 ], [ -101.8796, 43.6905 ], [ -101.8817, 43.687 ], [ -101.8867, 43.6845 ], [ -101.8911, 43.6839 ], [ -101.892, 43.6843 ], [ -101.8921, 43.6859 ], [ -101.8927, 43.6869 ], [ -101.8925, 43.6885 ], [ -101.8937, 43.6894 ], [ -101.8938, 43.6903 ], [ -101.8949, 43.6913 ], [ -101.8964, 43.6921 ], [ -101.8979, 43.6923 ], [ -101.8993, 43.6931 ], [ -101.9008, 43.6935 ], [ -101.9022, 43.6944 ], [ -101.9048, 43.6946 ], [ -101.9073, 43.6956 ], [ -101.9091, 43.6958 ], [ -101.9124, 43.6969 ], [ -101.9142, 43.6969 ], [ -101.9166, 43.695 ], [ -101.9177, 43.6925 ], [ -101.9201, 43.6897 ], [ -101.9242, 43.6877 ], [ -101.9257, 43.6877 ], [ -101.926, 43.6884 ], [ -101.9244, 43.6898 ], [ -101.9243, 43.6905 ], [ -101.9257, 43.692 ], [ -101.9307, 43.6936 ], [ -101.9333, 43.6938 ], [ -101.9348, 43.6935 ], [ -101.9366, 43.6937 ], [ -101.9386, 43.6945 ], [ -101.9399, 43.6972 ], [ -101.9397, 43.6983 ], [ -101.9389, 43.699 ], [ -101.9386, 43.7014 ], [ -101.9393, 43.7035 ], [ -101.9406, 43.7047 ], [ -101.942, 43.7052 ], [ -101.9462, 43.7076 ], [ -101.9488, 43.708 ], [ -101.9516, 43.7072 ], [ -101.9558, 43.7003 ], [ -101.9589, 43.6977 ], [ -101.9623, 43.696 ], [ -101.966, 43.6948 ], [ -101.9698, 43.6958 ], [ -101.9753, 43.6946 ], [ -101.9771, 43.6951 ], [ -101.9773, 43.696 ], [ -101.9766, 43.6968 ], [ -101.9734, 43.6988 ], [ -101.9726, 43.7001 ], [ -101.9739, 43.7039 ], [ -101.976, 43.7062 ], [ -101.9774, 43.7069 ], [ -101.9791, 43.7067 ], [ -101.9802, 43.7033 ], [ -101.9813, 43.702 ], [ -101.9829, 43.7012 ], [ -101.9845, 43.7011 ], [ -101.9879, 43.702 ], [ -101.9894, 43.7021 ], [ -101.9968, 43.7012 ], [ -101.9983, 43.7016 ], [ -101.9954, 43.7071 ], [ -101.9956, 43.7084 ], [ -101.9965, 43.7089 ], [ -101.9997, 43.7089 ], [ -102.0009, 43.7081 ], [ -102.0033, 43.7077 ], [ -102.0082, 43.7057 ], [ -102.0162, 43.7042 ], [ -102.0171, 43.7046 ], [ -102.0183, 43.7065 ], [ -102.02, 43.7078 ], [ -102.019, 43.7079 ] ] ] } },
{ "type": "Feature", "properties": { "GEOIDFQ": "1400000US46005957100", "NAME": "9571", "NAMELSAD": "Census Tract 9571" }, "geometry": { "type": "Polygon", "coordinates": [ [ [ -98.2141, 44.3562 ], [ -98.203, 44.3562 ], [ -98.203, 44.3647 ], [ -98.1896, 44.3624 ], [ -98.1853, 44.3621 ], [ -98.154, 44.3647 ], [ -98.1547, 44.2833 ], [ -98.2139, 44.2837 ], [ -98.214, 44.2982 ], [ -98.2137, 44.2982 ], [ -98.2136, 44.2996 ], [ -98.2141, 44.3562 ] ] ] } },
{ "type": "Feature", "properties": { "GEOIDFQ": "1400000US46005956600", "NAME": "9566", "NAMELSAD": "Census Tract 9566" }, "geometry": { "type": "Polygon", "coordinates": [ [ [ -98.2548, 44.3273 ], [ -98.2546, 44.2837 ], [ -98.1547, 44.2833 ], [ -98.1539, 44.4163 ], [ -98.1561, 44.416 ], [ -98.1585, 44.4138 ], [ -98.2145, 44.4141 ], [ -98.2139, 44.5236 ], [ -98.215, 44.5272 ], [ -98.2194, 44.5326 ], [ -98.2205, 44.5359 ], [ -98.2207, 44.6324 ], [ -97.8562, 44.6312 ], [ -97.8563, 44.5444 ], [ -97.853, 44.5444 ], [ -97.8537, 44.1952 ], [ -97.9634, 44.1946 ], [ -98.0902, 44.196 ], [ -98.1372, 44.1958 ], [ -98.2062, 44.1966 ], [ -98.3355, 44.1967 ], [ -98.3361, 44.3272 ], [ -98.2548, 44.3273 ] ] ] } },
{ "type": "Feature", "properties": { "GEOIDFQ": "1400000US46109950400", "NAME": "9504", "NAMELSAD": "Census Tract 9504" }, "geometry": { "type": "Polygon", "coordinates": [ [ [ -96.9833, 45.3474 ], [ -96.9791, 45.355 ], [ -96.9772, 45.36 ], [ -96.9699, 45.375 ], [ -96.9683, 45.3796 ], [ -96.9612, 45.3931 ], [ -96.9395, 45.439 ], [ -96.9305, 45.4565 ], [ -96.9215, 45.4769 ], [ -96.9173, 45.4855 ], [ -96.8833, 45.553 ], [ -96.8814, 45.5578 ], [ -96.8597, 45.6012 ], [ -96.8568, 45.6054 ], [ -96.8424, 45.5926 ], [ -96.802, 45.5554 ], [ -96.7991, 45.5542 ], [ -96.7938, 45.5507 ], [ -96.7849, 45.5413 ], [ -96.781, 45.536 ], [ -96.7763, 45.5316 ], [ -96.7724, 45.5289 ], [ -96.771, 45.5264 ], [ -96.7634, 45.52 ], [ -96.7529, 45.5022 ], [ -96.7455, 45.4887 ], [ -96.7437, 45.4844 ], [ -96.7435, 45.4806 ], [ -96.7425, 45.4787 ], [ -96.7384, 45.4735 ], [ -96.7368, 45.4668 ], [ -96.7327, 45.4587 ], [ -96.7314, 45.457 ], [ -96.7242, 45.4515 ], [ -96.7108, 45.4369 ], [ -96.7042, 45.4287 ], [ -96.6974, 45.4215 ], [ -96.69, 45.4155 ], [ -96.6838, 45.4116 ], [ -96.6805, 45.4105 ], [ -96.6754, 45.4102 ], [ -96.6703, 45.4105 ], [ -96.6623, 45.409 ], [ -96.6571, 45.4093 ], [ -96.649, 45.4103 ], [ -96.6445, 45.4089 ], [ -96.6359, 45.4099 ], [ -96.6256, 45.4085 ], [ -96.6219, 45.4091 ], [ -96.6198, 45.4089 ], [ -96.6095, 45.4054 ], [ -96.6012, 45.4032 ], [ -96.5848, 45.3957 ], [ -96.5814, 45.3935 ], [ -96.5789, 45.3923 ], [ -96.5681, 45.3888 ], [ -96.5621, 45.3861 ], [ -96.5521, 45.3832 ], [ -96.546, 45.3811 ], [ -96.5397, 45.3803 ], [ -96.5309, 45.3785 ], [ -96.5218, 45.3756 ], [ -96.5161, 45.3727 ], [ -96.5105, 45.3685 ], [ -96.5063, 45.3673 ], [ -96.502, 45.3655 ], [ -96.4891, 45.3571 ], [ -96.4859, 45.3506 ], [ -96.482, 45.3455 ], [ -96.4803, 45.3407 ], [ -96.4766, 45.3364 ], [ -96.4745, 45.3323 ], [ -96.4705, 45.3265 ], [ -96.6167, 45.3266 ], [ -96.8626, 45.326 ], [ -96.9929, 45.3269 ], [ -96.9833, 45.3474 ] ] ] } },
{ "type": "Feature", "properties": { "GEOIDFQ": "1400000US46109940400", "NAME": "9404", "NAMELSAD": "Census Tract 9404" }, "geometry": { "type": "Polygon", "coordinates": [ [ [ -97.1125, 45.6599 ], [ -97.1027, 45.6603 ], [ -97.1026, 45.6743 ], [ -97.0823, 45.6747 ], [ -96.9808, 45.6747 ], [ -96.9789, 45.6751 ], [ -96.9783, 45.6747 ], [ -96.9784, 45.674 ], [ -96.9875, 45.6565 ], [ -96.9893, 45.6515 ], [ -96.9897, 45.6483 ], [ -96.9897, 45.6164 ], [ -97.0406, 45.6167 ], [ -97.0405, 45.6454 ], [ -97.1234, 45.6454 ], [ -97.1236, 45.6598 ], [ -97.1125, 45.6599 ] ] ] } },
{ "type": "Feature", "properties": { "GEOIDFQ": "1400000US46129965200", "NAME": "9652", "NAMELSAD": "Census Tract 9652" }, "geometry": { "type": "Polygon", "coordinates": [ [ [ -100.4864, 45.5433 ], [ -100.4852, 45.5472 ], [ -100.4826, 45.5515 ], [ -100.4775, 45.5575 ], [ -100.4751, 45.5598 ], [ -100.4667, 45.5658 ], [ -100.4545, 45.5702 ], [ -100.4507, 45.5724 ], [ -100.4408, 45.579 ], [ -100.4342, 45.5857 ], [ -100.4321, 45.5889 ], [ -100.4308, 45.5917 ], [ -100.4301, 45.5948 ], [ -100.3665, 45.5946 ], [ -100.3663, 45.5371 ], [ -100.387, 45.5373 ], [ -100.3866, 45.5218 ], [ -100.3861, 45.5209 ], [ -100.3847, 45.5197 ], [ -100.3843, 45.5188 ], [ -100.3845, 45.5167 ], [ -100.3854, 45.5157 ], [ -100.3845, 45.515 ], [ -100.383, 45.5148 ], [ -100.3825, 45.5137 ], [ -100.3827, 45.5134 ], [ -100.3822, 45.5129 ], [ -100.3812, 45.5126 ], [ -100.3798, 45.5127 ], [ -100.3762, 45.5102 ], [ -100.3753, 45.509 ], [ -100.3747, 45.5091 ], [ -100.3766, 45.5076 ], [ -100.3821, 45.5106 ], [ -100.3867, 45.5119 ], [ -100.3917, 45.512 ], [ -100.4009, 45.5097 ], [ -100.4096, 45.5088 ], [ -100.4208, 45.5097 ], [ -100.444, 45.5099 ], [ -100.4539, 45.512 ], [ -100.4601, 45.5142 ], [ -100.4659, 45.5168 ], [ -100.4721, 45.5199 ], [ -100.4768, 45.5231 ], [ -100.4792, 45.5251 ], [ -100.4845, 45.5327 ], [ -100.4866, 45.5365 ], [ -100.4864, 45.5433 ] ] ] } },
{ "type": "Feature", "properties": { "GEOIDFQ": "1400000US46129965100", "NAME": "9651", "NAMELSAD": "Census Tract 9651" }, "geometry": { "type": "Polygon", "coordinates": [ [ [ -100.3663, 45.5371 ], [ -100.3665, 45.5946 ], [ -99.9937, 45.594 ], [ -99.8455, 45.5932 ], [ -99.7697, 45.5934 ], [ -99.7529, 45.5931 ], [ -99.7077, 45.5934 ], [ -99.7083, 45.3295 ], [ -99.709, 45.2459 ], [ -99.8989, 45.2461 ], [ -99.9556, 45.2465 ], [ -100.2602, 45.2468 ], [ -100.2617, 45.251 ], [ -100.2631, 45.2534 ], [ -100.2681, 45.2611 ], [ -100.2695, 45.2625 ], [ -100.2734, 45.2656 ], [ -100.2842, 45.2725 ], [ -100.2946, 45.2812 ], [ -100.3027, 45.2871 ], [ -100.3074, 45.2919 ], [ -100.3099, 45.2999 ], [ -100.3167, 45.3179 ], [ -100.3166, 45.3192 ], [ -100.3155, 45.322 ], [ -100.3129, 45.3267 ], [ -100.3082, 45.3321 ], [ -100.2823, 45.3553 ], [ -100.2804, 45.3587 ], [ -100.2794, 45.3646 ], [ -100.2782, 45.3683 ], [ -100.274, 45.3753 ], [ -100.2738, 45.3798 ], [ -100.2742, 45.3818 ], [ -100.2795, 45.3888 ], [ -100.2873, 45.3965 ], [ -100.2905, 45.4016 ], [ -100.2923, 45.4061 ], [ -100.2969, 45.4127 ], [ -100.2999, 45.416 ], [ -100.3075, 45.4237 ], [ -100.3139, 45.4287 ], [ -100.3209, 45.4331 ], [ -100.3271, 45.4387 ], [ -100.3303, 45.4422 ], [ -100.336, 45.4559 ], [ -100.3413, 45.472 ], [ -100.3423, 45.4739 ], [ -100.3476, 45.4813 ], [ -100.3653, 45.5001 ], [ -100.3766, 45.5076 ], [ -100.3747, 45.5091 ], [ -100.3753, 45.509 ], [ -100.3762, 45.5102 ], [ -100.3798, 45.5127 ], [ -100.3812, 45.5126 ], [ -100.3822, 45.5129 ], [ -100.3827, 45.5134 ], [ -100.3825, 45.5137 ], [ -100.383, 45.5148 ], [ -100.3845, 45.515 ], [ -100.3854, 45.5156 ], [ -100.3853, 45.516 ], [ -100.3845, 45.5167 ], [ -100.3843, 45.5188 ], [ -100.3847, 45.5197 ], [ -100.3861, 45.5209 ], [ -100.3866, 45.5218 ], [ -100.387, 45.5373 ], [ -100.3663, 45.5371 ] ] ] } },
{ "type": "Feature", "properties": { "GEOIDFQ": "1400000US46065978000", "NAME": "9780", "NAMELSAD": "Census Tract 9780" }, "geometry": { "type": "Polygon", "coordinates": [ [ [ -100.5805, 44.4768 ], [ -100.5797, 44.4797 ], [ -100.5767, 44.4872 ], [ -100.5754, 44.4928 ], [ -100.5727, 44.4967 ], [ -100.5711, 44.4983 ], [ -100.5685, 44.5005 ], [ -100.5593, 44.5062 ], [ -100.5534, 44.509 ], [ -100.5446, 44.5118 ], [ -100.5318, 44.5151 ], [ -100.5303, 44.5158 ], [ -100.5243, 44.5209 ], [ -100.5184, 44.5274 ], [ -100.5165, 44.5315 ], [ -100.5167, 44.5344 ], [ -100.5265, 44.5474 ], [ -100.4741, 44.5478 ], [ -100.4363, 44.5476 ], [ -100.1644, 44.5484 ], [ -100.0398, 44.5483 ], [ -100.0358, 44.5479 ], [ -100.0309, 44.548 ], [ -100.0309, 44.5483 ], [ -100.0296, 44.5483 ], [ -100.0276, 44.548 ], [ -99.9991, 44.5484 ], [ -99.9175, 44.5484 ], [ -99.6637, 44.5481 ], [ -99.6635, 44.4964 ], [ -99.6641, 44.4451 ], [ -99.6634, 44.375 ], [ -99.6638, 44.3686 ], [ -99.6639, 44.2829 ], [ -99.6644, 44.2799 ], [ -99.6646, 44.25 ], [ -99.6635, 44.2175 ], [ -99.6661, 44.2173 ], [ -99.684, 44.2145 ], [ -99.7014, 44.2034 ], [ -99.7103, 44.1932 ], [ -99.7107, 44.1846 ], [ -99.703, 44.1772 ], [ -99.6958, 44.1724 ], [ -99.6858, 44.1703 ], [ -99.6763, 44.1701 ], [ -99.658, 44.1686 ], [ -99.645, 44.1655 ], [ -99.6351, 44.1621 ], [ -99.623, 44.1565 ], [ -99.6103, 44.1489 ], [ -99.6072, 44.1453 ], [ -99.6029, 44.1393 ], [ -99.6006, 44.133 ], [ -99.5988, 44.1238 ], [ -99.5998, 44.1183 ], [ -99.6017, 44.1145 ], [ -99.6049, 44.1101 ], [ -99.6122, 44.1037 ], [ -99.6196, 44.1003 ], [ -99.6296, 44.098 ], [ -99.6325, 44.0979 ], [ -99.6408, 44.0991 ], [ -99.6449, 44.1001 ], [ -99.6545, 44.1017 ], [ -99.6654, 44.1051 ], [ -99.6744, 44.1093 ], [ -99.6778, 44.1105 ], [ -99.6891, 44.1137 ], [ -99.6929, 44.1142 ], [ -99.6994, 44.1156 ], [ -99.7092, 44.1182 ], [ -99.7263, 44.1238 ], [ -99.7308, 44.125 ], [ -99.7504, 44.1328 ], [ -99.7631, 44.1352 ], [ -99.7687, 44.1357 ], [ -99.7747, 44.1354 ], [ -99.782, 44.1343 ], [ -99.7934, 44.1332 ], [ -99.8132, 44.1301 ], [ -99.8356, 44.1255 ], [ -99.844, 44.1246 ], [ -99.8547, 44.1238 ], [ -99.8603, 44.1236 ], [ -99.8675, 44.1244 ], [ -99.8754, 44.1264 ], [ -99.8845, 44.1296 ], [ -99.8921, 44.1344 ], [ -99.8991, 44.1412 ], [ -99.9103, 44.1546 ], [ -99.9169, 44.1679 ], [ -99.9205, 44.1722 ], [ -99.9309, 44.1829 ], [ -99.9351, 44.1883 ], [ -99.9369, 44.1914 ], [ -99.9382, 44.1952 ], [ -99.9383, 44.2003 ], [ -99.9373, 44.2032 ], [ -99.936, 44.2049 ], [ -99.9348, 44.2061 ], [ -99.9062, 44.2256 ], [ -99.8933, 44.238 ], [ -99.8926, 44.2392 ], [ -99.8921, 44.2419 ], [ -99.8936, 44.2438 ], [ -99.8999, 44.2552 ], [ -99.9034, 44.2583 ], [ -99.9106, 44.2619 ], [ -99.9211, 44.2659 ], [ -99.923, 44.2663 ], [ -99.9299, 44.2663 ], [ -99.9374, 44.2657 ], [ -99.9422, 44.2664 ], [ -99.9556, 44.2643 ], [ -99.9574, 44.2644 ], [ -99.9606, 44.2645 ], [ -99.9844, 44.2683 ], [ -99.9948, 44.2717 ], [ -100.0053, 44.2759 ], [ -100.0158, 44.2808 ], [ -100.0253, 44.2833 ], [ -100.0406, 44.2864 ], [ -100.0445, 44.2878 ], [ -100.0538, 44.2921 ], [ -100.0598, 44.2942 ], [ -100.0696, 44.2994 ], [ -100.0806, 44.3061 ], [ -100.0853, 44.3085 ], [ -100.0895, 44.3097 ], [ -100.0983, 44.3118 ], [ -100.1004, 44.312 ], [ -100.1077, 44.3118 ], [ -100.1123, 44.3127 ], [ -100.1254, 44.3168 ], [ -100.1503, 44.322 ], [ -100.1657, 44.3246 ], [ -100.1728, 44.3242 ], [ -100.1826, 44.323 ], [ -100.192, 44.3226 ], [ -100.2003, 44.3232 ], [ -100.2184, 44.3261 ], [ -100.2184, 44.3286 ], [ -100.219, 44.3305 ], [ -100.2199, 44.3316 ], [ -100.2213, 44.3323 ], [ -100.2349, 44.3367 ], [ -100.2413, 44.3396 ], [ -100.2443, 44.3405 ], [ -100.2545, 44.3424 ], [ -100.259, 44.342 ], [ -100.2604, 44.3423 ], [ -100.2613, 44.3432 ], [ -100.2574, 44.3448 ], [ -100.2567, 44.3458 ], [ -100.256, 44.3457 ], [ -100.2543, 44.3483 ], [ -100.2546, 44.3531 ], [ -100.2541, 44.3613 ], [ -100.2536, 44.3626 ], [ -100.2528, 44.3635 ], [ -100.2496, 44.3655 ], [ -100.2409, 44.3675 ], [ -100.2295, 44.3677 ], [ -100.2301, 44.4256 ], [ -100.2849, 44.4052 ], [ -100.2923, 44.4022 ], [ -100.2987, 44.4004 ], [ -100.3098, 44.3983 ], [ -100.3098, 44.4109 ], [ -100.3501, 44.4112 ], [ -100.3502, 44.4251 ], [ -100.351, 44.4277 ], [ -100.3537, 44.43 ], [ -100.3676, 44.4355 ], [ -100.3701, 44.437 ], [ -100.3736, 44.4414 ], [ -100.375, 44.4442 ], [ -100.3753, 44.4466 ], [ -100.3744, 44.4507 ], [ -100.3752, 44.4533 ], [ -100.3779, 44.4558 ], [ -100.3828, 44.4578 ], [ -100.3836, 44.4574 ], [ -100.3863, 44.4573 ], [ -100.3881, 44.4569 ], [ -100.3996, 44.4524 ], [ -100.4048, 44.4559 ], [ -100.4076, 44.4572 ], [ -100.4129, 44.4584 ], [ -100.4169, 44.4589 ], [ -100.4528, 44.461 ], [ -100.4594, 44.4613 ], [ -100.4701, 44.4609 ], [ -100.4749, 44.4604 ], [ -100.5004, 44.4543 ], [ -100.5184, 44.4495 ], [ -100.5313, 44.4456 ], [ -100.5361, 44.4446 ], [ -100.5392, 44.4444 ], [ -100.5445, 44.4447 ], [ -100.5514, 44.4455 ], [ -100.5545, 44.4463 ], [ -100.5614, 44.4486 ], [ -100.5665, 44.4509 ], [ -100.574, 44.4555 ], [ -100.58, 44.4618 ], [ -100.5808, 44.4657 ], [ -100.5805, 44.4768 ] ] ] } },
{ "type": "Feature", "properties": { "GEOIDFQ": "1400000US46081966200", "NAME": "9662", "NAMELSAD": "Census Tract 9662" }, "geometry": { "type": "Polygon", "coordinates": [ [ [ -103.8654, 44.52 ], [ -103.8622, 44.5186 ], [ -103.8604, 44.516 ], [ -103.8581, 44.5053 ], [ -103.8556, 44.5006 ], [ -103.8407, 44.4862 ], [ -103.837, 44.4837 ], [ -103.83, 44.4805 ], [ -103.8306, 44.4796 ], [ -103.8342, 44.4803 ], [ -103.8389, 44.4806 ], [ -103.8443, 44.482 ], [ -103.8451, 44.4811 ], [ -103.849, 44.4782 ], [ -103.8511, 44.4777 ], [ -103.8521, 44.4756 ], [ -103.8542, 44.4776 ], [ -103.8592, 44.48 ], [ -103.8598, 44.4815 ], [ -103.8615, 44.4819 ], [ -103.8623, 44.4834 ], [ -103.8617, 44.4847 ], [ -103.8634, 44.4856 ], [ -103.8641, 44.4891 ], [ -103.8649, 44.4903 ], [ -103.8656, 44.4929 ], [ -103.8655, 44.4958 ], [ -103.8677, 44.4974 ], [ -103.8686, 44.4998 ], [ -103.8692, 44.5005 ], [ -103.8688, 44.5012 ], [ -103.8674, 44.5017 ], [ -103.8673, 44.5024 ], [ -103.8678, 44.5037 ], [ -103.8689, 44.5046 ], [ -103.8682, 44.5051 ], [ -103.8671, 44.5051 ], [ -103.8666, 44.5056 ], [ -103.8661, 44.5064 ], [ -103.8663, 44.5077 ], [ -103.8654, 44.5091 ], [ -103.8643, 44.5095 ], [ -103.8638, 44.51 ], [ -103.8635, 44.511 ], [ -103.8639, 44.5123 ], [ -103.8629, 44.5131 ], [ -103.8624, 44.5142 ], [ -103.8631, 44.5151 ], [ -103.8632, 44.5165 ], [ -103.8639, 44.5166 ], [ -103.8656, 44.5179 ], [ -103.868, 44.5186 ], [ -103.8684, 44.5199 ], [ -103.871, 44.5203 ], [ -103.8712, 44.5206 ], [ -103.8654, 44.52 ] ] ] } },
{ "type": "Feature", "properties": { "GEOIDFQ": "1400000US46103011005", "NAME": "110.05", "NAMELSAD": "Census Tract 110.05" }, "geometry": { "type": "Polygon", "coordinates": [ [ [ -103.5843, 43.8661 ], [ -103.5848, 43.8688 ], [ -103.582, 43.8699 ], [ -103.5788, 43.8732 ], [ -103.5783, 43.8744 ], [ -103.5785, 43.876 ], [ -103.5767, 43.8755 ], [ -103.573, 43.8765 ], [ -103.5698, 43.8786 ], [ -103.567, 43.8797 ], [ -103.5657, 43.8798 ], [ -103.5648, 43.879 ], [ -103.563, 43.8797 ], [ -103.5628, 43.8803 ], [ -103.5638, 43.8818 ], [ -103.5626, 43.8832 ], [ -103.5616, 43.8838 ], [ -103.5596, 43.8836 ], [ -103.5568, 43.8845 ], [ -103.5525, 43.8879 ], [ -103.5505, 43.8906 ], [ -103.5478, 43.892 ], [ -103.5478, 43.8934 ], [ -103.545, 43.896 ], [ -103.5434, 43.896 ], [ -103.5423, 43.8981 ], [ -103.54, 43.8994 ], [ -103.536, 43.9004 ], [ -103.5341, 43.9013 ], [ -103.533, 43.9012 ], [ -103.5304, 43.9002 ], [ -103.5284, 43.9001 ], [ -103.5289, 43.9011 ], [ -103.5286, 43.9014 ], [ -103.5262, 43.9016 ], [ -103.5252, 43.9013 ], [ -103.5239, 43.9016 ], [ -103.5238, 43.9026 ], [ -103.5232, 43.9029 ], [ -103.5232, 43.9042 ], [ -103.5212, 43.9046 ], [ -103.5174, 43.9077 ], [ -103.5147, 43.909 ], [ -103.5147, 43.9104 ], [ -103.5132, 43.9104 ], [ -103.5117, 43.9118 ], [ -103.5087, 43.9133 ], [ -103.5092, 43.9159 ], [ -103.5111, 43.9183 ], [ -103.5077, 43.9193 ], [ -103.5045, 43.9214 ], [ -103.498, 43.9235 ], [ -103.4976, 43.9252 ], [ -103.4955, 43.9268 ], [ -103.487, 43.9272 ], [ -103.4853, 43.927 ], [ -103.483, 43.9258 ], [ -103.4809, 43.9228 ], [ -103.4791, 43.9221 ], [ -103.4776, 43.922 ], [ -103.4674, 43.9231 ], [ -103.462, 43.9246 ], [ -103.4604, 43.9257 ], [ -103.4593, 43.9286 ], [ -103.4572, 43.9297 ], [ -103.4513, 43.9299 ], [ -103.4486, 43.929 ], [ -103.4479, 43.9301 ], [ -103.4494, 43.9326 ], [ -103.449, 43.9341 ], [ -103.4497, 43.9361 ], [ -103.452, 43.9383 ], [ -103.4601, 43.9417 ], [ -103.4607, 43.9434 ], [ -103.4599, 43.9451 ], [ -103.4624, 43.9464 ], [ -103.4641, 43.9459 ], [ -103.4646, 43.9462 ], [ -103.4644, 43.9467 ], [ -103.4631, 43.9474 ], [ -103.4593, 43.9467 ], [ -103.4579, 43.9475 ], [ -103.4575, 43.948 ], [ -103.4576, 43.9506 ], [ -103.4561, 43.952 ], [ -103.459, 43.9549 ], [ -103.4597, 43.957 ], [ -103.4644, 43.9586 ], [ -103.4656, 43.9599 ], [ -103.4671, 43.9601 ], [ -103.4696, 43.9618 ], [ -103.4737, 43.9628 ], [ -103.4761, 43.9626 ], [ -103.4784, 43.9633 ], [ -103.4787, 43.9639 ], [ -103.4782, 43.9664 ], [ -103.4797, 43.9673 ], [ -103.4822, 43.9666 ], [ -103.4865, 43.9631 ], [ -103.4873, 43.9631 ], [ -103.4858, 43.9666 ], [ -103.4834, 43.9705 ], [ -103.4824, 43.9752 ], [ -103.4859, 43.9819 ], [ -103.4879, 43.9839 ], [ -103.4866, 43.9848 ], [ -103.4853, 43.9839 ], [ -103.484, 43.984 ], [ -103.4832, 43.9858 ], [ -103.4796, 43.9868 ], [ -103.476, 43.9863 ], [ -103.4727, 43.9873 ], [ -103.4716, 43.988 ], [ -103.4705, 43.9896 ], [ -103.4695, 43.9894 ], [ -103.4686, 43.988 ], [ -103.4674, 43.988 ], [ -103.4655, 43.9889 ], [ -103.4629, 43.988 ], [ -103.4582, 43.9874 ], [ -103.4549, 43.9877 ], [ -103.451, 43.9895 ], [ -103.4462, 43.9895 ], [ -103.4443, 43.9885 ], [ -103.4425, 43.9851 ], [ -103.4415, 43.9841 ], [ -103.4397, 43.9834 ], [ -103.4357, 43.9837 ], [ -103.4348, 43.9816 ], [ -103.4343, 43.9815 ], [ -103.4329, 43.982 ], [ -103.4307, 43.9841 ], [ -103.4289, 43.9849 ], [ -103.4272, 43.9853 ], [ -103.4231, 43.985 ], [ -103.421, 43.9854 ], [ -103.4173, 43.9888 ], [ -103.4129, 43.988 ], [ -103.4099, 43.9889 ], [ -103.4073, 43.9891 ], [ -103.4038, 43.9882 ], [ -103.4029, 43.9886 ], [ -103.4015, 43.9901 ], [ -103.3975, 43.9905 ], [ -103.3963, 43.992 ], [ -103.3931, 43.9935 ], [ -103.3902, 43.9929 ], [ -103.3895, 43.9906 ], [ -103.3851, 43.9885 ], [ -103.3774, 43.9874 ], [ -103.3725, 43.988 ], [ -103.3708, 43.9887 ], [ -103.3681, 43.9911 ], [ -103.3676, 43.9947 ], [ -103.3669, 43.9959 ], [ -103.3655, 43.9965 ], [ -103.3616, 43.9969 ], [ -103.3576, 43.9986 ], [ -103.3575, 43.9979 ], [ -103.3589, 43.9967 ], [ -103.3598, 43.9952 ], [ -103.3592, 43.9948 ], [ -103.3569, 43.9946 ], [ -103.3582, 43.992 ], [ -103.3567, 43.991 ], [ -103.3568, 43.9897 ], [ -103.3559, 43.9895 ], [ -103.355, 43.9884 ], [ -103.3519, 43.9883 ], [ -103.3519, 43.9874 ], [ -103.3534, 43.9867 ], [ -103.3523, 43.986 ], [ -103.3516, 43.9863 ], [ -103.3518, 43.9851 ], [ -103.3513, 43.9837 ], [ -103.3508, 43.9839 ], [ -103.3501, 43.9834 ], [ -103.3493, 43.9836 ], [ -103.3493, 43.9826 ], [ -103.3477, 43.9835 ], [ -103.3456, 43.9839 ], [ -103.3487, 43.9813 ], [ -103.3482, 43.9805 ], [ -103.346, 43.979 ], [ -103.3459, 43.9779 ], [ -103.3464, 43.9771 ], [ -103.3479, 43.9767 ], [ -103.3484, 43.9758 ], [ -103.3498, 43.9752 ], [ -103.3498, 43.9724 ], [ -103.3509, 43.9725 ], [ -103.3519, 43.9716 ], [ -103.3519, 43.9698 ], [ -103.3505, 43.9682 ], [ -103.3502, 43.9683 ], [ -103.3504, 43.9693 ], [ -103.3495, 43.9682 ], [ -103.3496, 43.9672 ], [ -103.351, 43.9663 ], [ -103.3505, 43.9658 ], [ -103.3486, 43.9668 ], [ -103.3404, 43.9691 ], [ -103.3314, 43.9699 ], [ -103.3128, 43.9731 ], [ -103.3071, 43.9733 ], [ -103.2997, 43.975 ], [ -103.2964, 43.975 ], [ -103.2832, 43.9723 ], [ -103.2803, 43.9727 ], [ -103.2785, 43.9735 ], [ -103.2773, 43.9749 ], [ -103.2763, 43.9815 ], [ -103.2736, 43.9867 ], [ -103.2708, 43.9896 ], [ -103.269, 43.9847 ], [ -103.2625, 43.9847 ], [ -103.2576, 43.9852 ], [ -103.2548, 43.9842 ], [ -103.2517, 43.9843 ], [ -103.2489, 43.9829 ], [ -103.2366, 43.981 ], [ -103.2316, 43.9773 ], [ -103.2286, 43.9729 ], [ -103.2274, 43.9719 ], [ -103.2264, 43.9714 ], [ -103.2236, 43.9709 ], [ -103.2219, 43.9694 ], [ -103.219, 43.9683 ], [ -103.2176, 43.9672 ], [ -103.2157, 43.9665 ], [ -103.2086, 43.9666 ], [ -103.2023, 43.9649 ], [ -103.1995, 43.9632 ], [ -103.1979, 43.9629 ], [ -103.1962, 43.962 ], [ -103.1918, 43.9594 ], [ -103.1861, 43.9576 ], [ -103.1892, 43.9454 ], [ -103.1901, 43.944 ], [ -103.1972, 43.937 ], [ -103.1983, 43.9352 ], [ -103.199, 43.9328 ], [ -103.199, 43.8566 ], [ -103.2994, 43.8563 ], [ -103.3755, 43.8566 ], [ -103.5781, 43.8558 ], [ -103.581, 43.858 ], [ -103.582, 43.8598 ], [ -103.5823, 43.8616 ], [ -103.5858, 43.8627 ], [ -103.5862, 43.8632 ], [ -103.5843, 43.8661 ] ] ] } },
{ "type": "Feature", "properties": { "GEOIDFQ": "1400000US46103011004", "NAME": "110.04", "NAMELSAD": "Census Tract 110.04" }, "geometry": { "type": "Polygon", "coordinates": [ [ [ -103.3663, 44.0223 ], [ -103.3642, 44.0228 ], [ -103.3629, 44.0239 ], [ -103.3619, 44.024 ], [ -103.3617, 44.0274 ], [ -103.3612, 44.0281 ], [ -103.3604, 44.0279 ], [ -103.3583, 44.0263 ], [ -103.3572, 44.0268 ], [ -103.3564, 44.0289 ], [ -103.3547, 44.0312 ], [ -103.3519, 44.0341 ], [ -103.3498, 44.0354 ], [ -103.3495, 44.0378 ], [ -103.3475, 44.0395 ], [ -103.3473, 44.0411 ], [ -103.3459, 44.0419 ], [ -103.3457, 44.0427 ], [ -103.3429, 44.044 ], [ -103.3423, 44.0455 ], [ -103.345, 44.0459 ], [ -103.3461, 44.0478 ], [ -103.3497, 44.048 ], [ -103.3519, 44.0455 ], [ -103.3528, 44.0451 ], [ -103.3566, 44.0452 ], [ -103.357, 44.0454 ], [ -103.3578, 44.0411 ], [ -103.3599, 44.0405 ], [ -103.3622, 44.0411 ], [ -103.3634, 44.0418 ], [ -103.3646, 44.0439 ], [ -103.3638, 44.0443 ], [ -103.3616, 44.0441 ], [ -103.361, 44.0446 ], [ -103.3619, 44.0454 ], [ -103.3621, 44.0466 ], [ -103.361, 44.0501 ], [ -103.3615, 44.0509 ], [ -103.3616, 44.0526 ], [ -103.362, 44.0532 ], [ -103.3648, 44.0538 ], [ -103.3658, 44.0537 ], [ -103.3665, 44.0542 ], [ -103.366, 44.0558 ], [ -103.3666, 44.0586 ], [ -103.366, 44.0579 ], [ -103.3654, 44.0555 ], [ -103.364, 44.0548 ], [ -103.3629, 44.0548 ], [ -103.3601, 44.0557 ], [ -103.358, 44.0557 ], [ -103.3542, 44.0553 ], [ -103.3491, 44.0535 ], [ -103.3473, 44.0532 ], [ -103.3381, 44.0543 ], [ -103.337, 44.0542 ], [ -103.336, 44.0536 ], [ -103.335, 44.0517 ], [ -103.3336, 44.0506 ], [ -103.3294, 44.0496 ], [ -103.325, 44.0472 ], [ -103.319, 44.0464 ], [ -103.3169, 44.0468 ], [ -103.3155, 44.0475 ], [ -103.3123, 44.0522 ], [ -103.3058, 44.0557 ], [ -103.3031, 44.0583 ], [ -103.297, 44.0594 ], [ -103.2952, 44.0603 ], [ -103.2946, 44.0591 ], [ -103.2936, 44.0587 ], [ -103.2926, 44.0561 ], [ -103.2931, 44.0532 ], [ -103.2924, 44.0506 ], [ -103.2926, 44.0476 ], [ -103.2954, 44.0466 ], [ -103.2934, 44.0456 ], [ -103.2905, 44.0455 ], [ -103.2897, 44.0443 ], [ -103.2907, 44.0431 ], [ -103.2915, 44.0413 ], [ -103.2908, 44.0406 ], [ -103.2915, 44.0387 ], [ -103.2906, 44.0369 ], [ -103.2876, 44.0362 ], [ -103.2867, 44.0367 ], [ -103.2862, 44.0379 ], [ -103.2841, 44.0374 ], [ -103.2833, 44.0367 ], [ -103.2818, 44.0373 ], [ -103.2813, 44.0385 ], [ -103.2722, 44.0388 ], [ -103.2721, 44.0238 ], [ -103.2496, 44.024 ], [ -103.2522, 44.0097 ], [ -103.2514, 44.0094 ], [ -103.2531, 44.0024 ], [ -103.2552, 44.0003 ], [ -103.2653, 43.9945 ], [ -103.2731, 43.9873 ], [ -103.2765, 43.981 ], [ -103.2772, 43.9751 ], [ -103.279, 43.9732 ], [ -103.2811, 43.9724 ], [ -103.2832, 43.9723 ], [ -103.2964, 43.975 ], [ -103.3001, 43.975 ], [ -103.3071, 43.9733 ], [ -103.3128, 43.9731 ], [ -103.3314, 43.9699 ], [ -103.3404, 43.9691 ], [ -103.3486, 43.9668 ], [ -103.3505, 43.9658 ], [ -103.351, 43.9663 ], [ -103.3496, 43.9672 ], [ -103.3495, 43.9682 ], [ -103.3504, 43.9693 ], [ -103.3502, 43.9683 ], [ -103.3505, 43.9682 ], [ -103.3519, 43.9698 ], [ -103.3519, 43.9716 ], [ -103.3509, 43.9725 ], [ -103.3498, 43.9724 ], [ -103.3498, 43.9752 ], [ -103.3484, 43.9758 ], [ -103.3479, 43.9767 ], [ -103.3464, 43.9771 ], [ -103.3459, 43.9779 ], [ -103.346, 43.979 ], [ -103.3482, 43.9805 ], [ -103.3487, 43.9813 ], [ -103.3456, 43.9839 ], [ -103.3477, 43.9835 ], [ -103.3493, 43.9826 ], [ -103.3493, 43.9836 ], [ -103.3501, 43.9834 ], [ -103.3508, 43.9839 ], [ -103.3513, 43.9837 ], [ -103.3518, 43.9851 ], [ -103.3516, 43.9863 ], [ -103.3523, 43.986 ], [ -103.3534, 43.9867 ], [ -103.3519, 43.9874 ], [ -103.3519, 43.9883 ], [ -103.355, 43.9884 ], [ -103.3559, 43.9895 ], [ -103.3568, 43.9897 ], [ -103.3567, 43.991 ], [ -103.3582, 43.992 ], [ -103.3569, 43.9946 ], [ -103.3592, 43.9948 ], [ -103.3598, 43.9952 ], [ -103.3589, 43.9967 ], [ -103.3575, 43.9979 ], [ -103.3576, 43.9986 ], [ -103.3527, 44.001 ], [ -103.3521, 44.0046 ], [ -103.3509, 44.0062 ], [ -103.3548, 44.0078 ], [ -103.3558, 44.0075 ], [ -103.3595, 44.0095 ], [ -103.3607, 44.0097 ], [ -103.362, 44.0107 ], [ -103.3608, 44.0114 ], [ -103.361, 44.0122 ], [ -103.3617, 44.0124 ], [ -103.3615, 44.0132 ], [ -103.3629, 44.0137 ], [ -103.3631, 44.0143 ], [ -103.3648, 44.0153 ], [ -103.3663, 44.0154 ], [ -103.3669, 44.0157 ], [ -103.3664, 44.0168 ], [ -103.3636, 44.0179 ], [ -103.3635, 44.0181 ], [ -103.3669, 44.0209 ], [ -103.3671, 44.0216 ], [ -103.3663, 44.0223 ] ] ] } },
{ "type": "Feature", "properties": { "GEOIDFQ": "1400000US46103010300", "NAME": "103", "NAMELSAD": "Census Tract 103" }, "geometry": { "type": "Polygon", "coordinates": [ [ [ -103.2504, 44.0935 ], [ -103.2509, 44.0964 ], [ -103.2482, 44.0983 ], [ -103.2473, 44.1013 ], [ -103.2472, 44.1026 ], [ -103.2481, 44.1026 ], [ -103.2481, 44.1028 ], [ -103.247, 44.1037 ], [ -103.2471, 44.1062 ], [ -103.2397, 44.1059 ], [ -103.2232, 44.1045 ], [ -103.2117, 44.1045 ], [ -103.2116, 44.0967 ], [ -103.2322, 44.0967 ], [ -103.2319, 44.0899 ], [ -103.2334, 44.0857 ], [ -103.2363, 44.0861 ], [ -103.2384, 44.0855 ], [ -103.2453, 44.0855 ], [ -103.252, 44.0844 ], [ -103.2504, 44.0935 ] ] ] } },
{ "type": "Feature", "properties": { "GEOIDFQ": "1400000US46103010400", "NAME": "104", "NAMELSAD": "Census Tract 104" }, "geometry": { "type": "Polygon", "coordinates": [ [ [ -103.1979, 44.1044 ], [ -103.1953, 44.1041 ], [ -103.1846, 44.1001 ], [ -103.1795, 44.0997 ], [ -103.1799, 44.0968 ], [ -103.1817, 44.094 ], [ -103.1834, 44.0924 ], [ -103.189, 44.0888 ], [ -103.1917, 44.0876 ], [ -103.1917, 44.0858 ], [ -103.2017, 44.0858 ], [ -103.2017, 44.0894 ], [ -103.2077, 44.0894 ], [ -103.2076, 44.0912 ], [ -103.2117, 44.0912 ], [ -103.2117, 44.1045 ], [ -103.1979, 44.1044 ] ] ] } },
{ "type": "Feature", "properties": { "GEOIDFQ": "1400000US46103010600", "NAME": "106", "NAMELSAD": "Census Tract 106" }, "geometry": { "type": "Polygon", "coordinates": [ [ [ -103.2117, 44.0676 ], [ -103.2037, 44.0675 ], [ -103.2036, 44.0686 ], [ -103.2047, 44.0686 ], [ -103.2046, 44.0713 ], [ -103.2012, 44.0712 ], [ -103.1995, 44.0721 ], [ -103.1967, 44.0698 ], [ -103.1914, 44.0614 ], [ -103.1917, 44.053 ], [ -103.2026, 44.0531 ], [ -103.2097, 44.0546 ], [ -103.2117, 44.0587 ], [ -103.2117, 44.0676 ] ] ] } },
{ "type": "Feature", "properties": { "GEOIDFQ": "1400000US46005956900", "NAME": "9569", "NAMELSAD": "Census Tract 9569" }, "geometry": { "type": "Polygon", "coordinates": [ [ [ -98.2262, 44.3657 ], [ -98.2261, 44.3687 ], [ -98.203, 44.3647 ], [ -98.203, 44.3562 ], [ -98.2273, 44.3562 ], [ -98.2273, 44.3657 ], [ -98.2262, 44.3657 ] ] ] } },
{ "type": "Feature", "properties": { "GEOIDFQ": "1400000US46005956700", "NAME": "9567", "NAMELSAD": "Census Tract 9567" }, "geometry": { "type": "Polygon", "coordinates": [ [ [ -98.4432, 44.633 ], [ -98.2207, 44.6324 ], [ -98.2205, 44.5359 ], [ -98.2194, 44.5326 ], [ -98.215, 44.5272 ], [ -98.2139, 44.5236 ], [ -98.2145, 44.4141 ], [ -98.3363, 44.4141 ], [ -98.3355, 44.1967 ], [ -98.7005, 44.1967 ], [ -98.7008, 44.1988 ], [ -98.7012, 44.2843 ], [ -98.7013, 44.5473 ], [ -98.7057, 44.5473 ], [ -98.7058, 44.6342 ], [ -98.4432, 44.633 ] ] ] } },
{ "type": "Feature", "properties": { "GEOIDFQ": "1400000US46005956800", "NAME": "9568", "NAMELSAD": "Census Tract 9568" }, "geometry": { "type": "Polygon", "coordinates": [ [ [ -98.3363, 44.4141 ], [ -98.2549, 44.4142 ], [ -98.1587, 44.4138 ], [ -98.1581, 44.414 ], [ -98.1561, 44.416 ], [ -98.1539, 44.4163 ], [ -98.154, 44.3647 ], [ -98.1867, 44.3621 ], [ -98.1907, 44.3625 ], [ -98.2141, 44.3668 ], [ -98.239, 44.3706 ], [ -98.2508, 44.3706 ], [ -98.2548, 44.3702 ], [ -98.2582, 44.3707 ], [ -98.3363, 44.3706 ], [ -98.3363, 44.4141 ] ] ] } },
{ "type": "Feature", "properties": { "GEOIDFQ": "1400000US46011959000", "NAME": "9590", "NAMELSAD": "Census Tract 9590" }, "geometry": { "type": "Polygon", "coordinates": [ [ [ -96.7886, 44.3046 ], [ -96.7585, 44.2981 ], [ -96.7574, 44.2536 ], [ -96.788, 44.2536 ], [ -96.7886, 44.3046 ] ] ] } },
{ "type": "Feature", "properties": { "GEOIDFQ": "1400000US46037952800", "NAME": "9528", "NAMELSAD": "Census Tract 9528" }, "geometry": { "type": "Polygon", "coordinates": [ [ [ -97.5843, 45.3411 ], [ -97.5507, 45.3409 ], [ -97.5508, 45.3989 ], [ -97.4892, 45.3989 ], [ -97.4892, 45.3341 ], [ -97.4887, 45.3323 ], [ -97.4888, 45.3307 ], [ -97.4891, 45.3307 ], [ -97.4891, 45.312 ], [ -97.5918, 45.3119 ], [ -97.5918, 45.3408 ], [ -97.5843, 45.3411 ] ] ] } },
{ "type": "Feature", "properties": { "GEOIDFQ": "1400000US46037952700", "NAME": "9527", "NAMELSAD": "Census Tract 9527" }, "geometry": { "type": "Polygon", "coordinates": [ [ [ -97.9815, 45.251 ], [ -97.9799, 45.4788 ], [ -97.9796, 45.5885 ], [ -97.6328, 45.5877 ], [ -97.6182, 45.5879 ], [ -97.5147, 45.5878 ], [ -97.5107, 45.5859 ], [ -97.5097, 45.5846 ], [ -97.5098, 45.5583 ], [ -97.4892, 45.5582 ], [ -97.4892, 45.3989 ], [ -97.5508, 45.3989 ], [ -97.5507, 45.3409 ], [ -97.5843, 45.3411 ], [ -97.5918, 45.3408 ], [ -97.5916, 45.2777 ], [ -97.5898, 45.2742 ], [ -97.5901, 45.2736 ], [ -97.5923, 45.2724 ], [ -97.5926, 45.2715 ], [ -97.5917, 45.2697 ], [ -97.5916, 45.2686 ], [ -97.5918, 45.2396 ], [ -97.5936, 45.2396 ], [ -97.5951, 45.2392 ], [ -97.5963, 45.2383 ], [ -97.5969, 45.2373 ], [ -97.5964, 45.1517 ], [ -97.6979, 45.1524 ], [ -97.7191, 45.1521 ], [ -97.8587, 45.1521 ], [ -97.8873, 45.1526 ], [ -97.9815, 45.1533 ], [ -97.9818, 45.1533 ], [ -97.9815, 45.251 ] ] ] } },
{ "type": "Feature", "properties": { "GEOIDFQ": "1400000US46127020302", "NAME": "203.02", "NAMELSAD": "Census Tract 203.02" }, "geometry": { "type": "Polygon", "coordinates": [ [ [ -96.7095, 42.6219 ], [ -96.7073, 42.6253 ], [ -96.6969, 42.6376 ], [ -96.6926, 42.642 ], [ -96.6891, 42.6441 ], [ -96.6878, 42.646 ], [ -96.6871, 42.6494 ], [ -96.567, 42.6494 ], [ -96.538, 42.649 ], [ -96.538, 42.6469 ], [ -96.5363, 42.645 ], [ -96.5321, 42.6427 ], [ -96.5266, 42.6415 ], [ -96.5252, 42.6379 ], [ -96.5255, 42.6356 ], [ -96.5251, 42.6347 ], [ -96.5245, 42.6345 ], [ -96.5224, 42.635 ], [ -96.5216, 42.6349 ], [ -96.5165, 42.6307 ], [ -96.5152, 42.6284 ], [ -96.5156, 42.625 ], [ -96.5164, 42.6228 ], [ -96.5181, 42.6198 ], [ -96.519, 42.619 ], [ -96.5215, 42.6177 ], [ -96.5226, 42.6176 ], [ -96.5263, 42.6179 ], [ -96.5281, 42.6184 ], [ -96.5299, 42.6179 ], [ -96.5313, 42.6166 ], [ -96.5316, 42.6153 ], [ -96.5313, 42.6136 ], [ -96.5299, 42.6105 ], [ -96.5289, 42.6094 ], [ -96.5278, 42.609 ], [ -96.5257, 42.6093 ], [ -96.522, 42.613 ], [ -96.5204, 42.6155 ], [ -96.5187, 42.6164 ], [ -96.5166, 42.6166 ], [ -96.5136, 42.6155 ], [ -96.5095, 42.6127 ], [ -96.5047, 42.605 ], [ -96.5002, 42.5941 ], [ -96.5002, 42.5927 ], [ -96.5015, 42.5904 ], [ -96.5011, 42.5893 ], [ -96.5002, 42.5886 ], [ -96.4936, 42.5881 ], [ -96.4915, 42.5873 ], [ -96.4915, 42.5861 ], [ -96.4955, 42.5828 ], [ -96.496, 42.5804 ], [ -96.495, 42.5789 ], [ -96.4914, 42.5771 ], [ -96.4862, 42.5758 ], [ -96.4857, 42.5741 ], [ -96.4861, 42.5731 ], [ -96.499, 42.5608 ], [ -96.4988, 42.5588 ], [ -96.4973, 42.557 ], [ -96.4955, 42.5564 ], [ -96.4931, 42.5564 ], [ -96.4863, 42.557 ], [ -96.4813, 42.5567 ], [ -96.477, 42.556 ], [ -96.477, 42.5467 ], [ -96.4766, 42.5465 ], [ -96.4777, 42.5356 ], [ -96.4798, 42.5296 ], [ -96.479, 42.5264 ], [ -96.4799, 42.5242 ], [ -96.4811, 42.5254 ], [ -96.4831, 42.5248 ], [ -96.5022, 42.5246 ], [ -96.5019, 42.5216 ], [ -96.5084, 42.5216 ], [ -96.5096, 42.52 ], [ -96.5099, 42.5204 ], [ -96.5114, 42.5198 ], [ -96.5116, 42.5201 ], [ -96.5126, 42.5202 ], [ -96.5129, 42.521 ], [ -96.5125, 42.5222 ], [ -96.5098, 42.5268 ], [ -96.5088, 42.5277 ], [ -96.5083, 42.5302 ], [ -96.5073, 42.5305 ], [ -96.507, 42.5318 ], [ -96.5074, 42.5336 ], [ -96.5083, 42.5342 ], [ -96.5077, 42.5346 ], [ -96.5081, 42.5353 ], [ -96.5077, 42.536 ], [ -96.5082, 42.5363 ], [ -96.5076, 42.5367 ], [ -96.5083, 42.5368 ], [ -96.5077, 42.5379 ], [ -96.5087, 42.5381 ], [ -96.509, 42.5387 ], [ -96.5094, 42.5408 ], [ -96.5091, 42.5425 ], [ -96.512, 42.5465 ], [ -96.5148, 42.5475 ], [ -96.5166, 42.5474 ], [ -96.5201, 42.5458 ], [ -96.5194, 42.544 ], [ -96.5206, 42.5453 ], [ -96.5213, 42.545 ], [ -96.5232, 42.5433 ], [ -96.5243, 42.539 ], [ -96.5244, 42.5371 ], [ -96.525, 42.5369 ], [ -96.5265, 42.5371 ], [ -96.526, 42.5393 ], [ -96.5265, 42.5394 ], [ -96.5265, 42.5398 ], [ -96.5259, 42.5397 ], [ -96.5258, 42.5401 ], [ -96.5273, 42.5407 ], [ -96.5303, 42.5408 ], [ -96.5309, 42.5412 ], [ -96.5306, 42.5418 ], [ -96.5267, 42.5418 ], [ -96.5268, 42.5466 ], [ -96.5325, 42.5465 ], [ -96.5436, 42.5485 ], [ -96.5473, 42.5484 ], [ -96.5472, 42.5381 ], [ -96.5488, 42.5205 ], [ -96.5578, 42.5204 ], [ -96.5679, 42.5179 ], [ -96.5725, 42.5157 ], [ -96.5843, 42.5078 ], [ -96.5911, 42.5054 ], [ -96.596, 42.5046 ], [ -96.6035, 42.5045 ], [ -96.6089, 42.5052 ], [ -96.6115, 42.5061 ], [ -96.626, 42.5136 ], [ -96.6282, 42.517 ], [ -96.6315, 42.5243 ], [ -96.6328, 42.5287 ], [ -96.6333, 42.5317 ], [ -96.6333, 42.5402 ], [ -96.6353, 42.5476 ], [ -96.638, 42.552 ], [ -96.6436, 42.5576 ], [ -96.6481, 42.5608 ], [ -96.6588, 42.5664 ], [ -96.6759, 42.5716 ], [ -96.6811, 42.5744 ], [ -96.6841, 42.5765 ], [ -96.687, 42.5792 ], [ -96.6989, 42.5924 ], [ -96.7062, 42.5992 ], [ -96.7079, 42.6016 ], [ -96.711, 42.6081 ], [ -96.7114, 42.6164 ], [ -96.7095, 42.6219 ] ] ] } },
{ "type": "Feature", "properties": { "GEOIDFQ": "1400000US46127020301", "NAME": "203.01", "NAMELSAD": "Census Tract 203.01" }, "geometry": { "type": "Polygon", "coordinates": [ [ [ -96.5472, 42.5381 ], [ -96.5473, 42.5484 ], [ -96.5436, 42.5485 ], [ -96.5325, 42.5465 ], [ -96.5268, 42.5466 ], [ -96.5267, 42.5418 ], [ -96.5306, 42.5418 ], [ -96.5309, 42.5412 ], [ -96.5303, 42.5408 ], [ -96.5273, 42.5407 ], [ -96.5258, 42.5401 ], [ -96.5259, 42.5397 ], [ -96.5265, 42.5398 ], [ -96.5265, 42.5394 ], [ -96.526, 42.5393 ], [ -96.5265, 42.5371 ], [ -96.525, 42.5369 ], [ -96.5244, 42.5371 ], [ -96.5239, 42.541 ], [ -96.5232, 42.5433 ], [ -96.5224, 42.5442 ], [ -96.5208, 42.5453 ], [ -96.5194, 42.544 ], [ -96.5194, 42.5445 ], [ -96.5202, 42.5455 ], [ -96.5199, 42.5459 ], [ -96.5166, 42.5474 ], [ -96.5148, 42.5475 ], [ -96.5137, 42.5472 ], [ -96.5115, 42.546 ], [ -96.5091, 42.5425 ], [ -96.5094, 42.5408 ], [ -96.509, 42.5387 ], [ -96.5087, 42.5381 ], [ -96.5077, 42.5379 ], [ -96.5083, 42.5368 ], [ -96.5076, 42.5367 ], [ -96.5082, 42.5363 ], [ -96.5077, 42.536 ], [ -96.5081, 42.5353 ], [ -96.5077, 42.5346 ], [ -96.5083, 42.5342 ], [ -96.5074, 42.5336 ], [ -96.507, 42.5318 ], [ -96.5073, 42.5305 ], [ -96.5083, 42.5302 ], [ -96.5088, 42.5277 ], [ -96.5098, 42.5268 ], [ -96.5125, 42.5222 ], [ -96.5129, 42.521 ], [ -96.5126, 42.5202 ], [ -96.5116, 42.5201 ], [ -96.5114, 42.5198 ], [ -96.5099, 42.5204 ], [ -96.5096, 42.52 ], [ -96.5084, 42.5216 ], [ -96.5019, 42.5216 ], [ -96.5022, 42.5246 ], [ -96.4831, 42.5248 ], [ -96.4811, 42.5254 ], [ -96.4799, 42.5242 ], [ -96.4916, 42.5199 ], [ -96.4934, 42.5183 ], [ -96.4937, 42.5163 ], [ -96.4924, 42.5142 ], [ -96.4882, 42.5113 ], [ -96.4844, 42.5103 ], [ -96.479, 42.5108 ], [ -96.4775, 42.5096 ], [ -96.476, 42.5078 ], [ -96.4733, 42.5035 ], [ -96.4741, 42.5033 ], [ -96.4744, 42.5018 ], [ -96.477, 42.4977 ], [ -96.4779, 42.4947 ], [ -96.4777, 42.4926 ], [ -96.4772, 42.491 ], [ -96.4764, 42.49 ], [ -96.4743, 42.4894 ], [ -96.4715, 42.4893 ], [ -96.4703, 42.4897 ], [ -96.4696, 42.4914 ], [ -96.4635, 42.4905 ], [ -96.4577, 42.4924 ], [ -96.4562, 42.4926 ], [ -96.4481, 42.4905 ], [ -96.4455, 42.4906 ], [ -96.4561, 42.4881 ], [ -96.4598, 42.4869 ], [ -96.4653, 42.4839 ], [ -96.4702, 42.4821 ], [ -96.4756, 42.4802 ], [ -96.4788, 42.4797 ], [ -96.4895, 42.4801 ], [ -96.5013, 42.4827 ], [ -96.5057, 42.4847 ], [ -96.5086, 42.4867 ], [ -96.5158, 42.4942 ], [ -96.5175, 42.4969 ], [ -96.5187, 42.5008 ], [ -96.5206, 42.5047 ], [ -96.5251, 42.5102 ], [ -96.5288, 42.5133 ], [ -96.5316, 42.5151 ], [ -96.538, 42.5181 ], [ -96.5488, 42.5205 ], [ -96.5472, 42.5381 ] ] ] } },
{ "type": "Feature", "properties": { "GEOIDFQ": "1400000US46011958803", "NAME": "9588.03", "NAMELSAD": "Census Tract 9588.03" }, "geometry": { "type": "Polygon", "coordinates": [ [ [ -96.7886, 44.297 ], [ -96.788, 44.2536 ], [ -96.8286, 44.2539 ], [ -96.829, 44.2972 ], [ -96.7886, 44.297 ] ] ] } },
{ "type": "Feature", "properties": { "GEOIDFQ": "1400000US46029954301", "NAME": "9543.01", "NAMELSAD": "Census Tract 9543.01" }, "geometry": { "type": "Polygon", "coordinates": [ [ [ -97.117, 44.9093 ], [ -97.117, 44.909 ], [ -97.0961, 44.909 ], [ -97.0955, 44.9087 ], [ -97.0905, 44.9087 ], [ -97.0905, 44.9078 ], [ -97.0879, 44.9078 ], [ -97.0877, 44.907 ], [ -97.0865, 44.907 ], [ -97.0865, 44.9046 ], [ -97.0567, 44.9047 ], [ -97.0571, 44.8902 ], [ -97.0861, 44.8901 ], [ -97.0863, 44.8967 ], [ -97.1082, 44.9012 ], [ -97.108, 44.902 ], [ -97.1152, 44.9035 ], [ -97.1172, 44.903 ], [ -97.1188, 44.9031 ], [ -97.1187, 44.9046 ], [ -97.1218, 44.9046 ], [ -97.122, 44.9093 ], [ -97.117, 44.9093 ] ] ] } },
{ "type": "Feature", "properties": { "GEOIDFQ": "1400000US46029954302", "NAME": "9543.02", "NAMELSAD": "Census Tract 9543.02" }, "geometry": { "type": "Polygon", "coordinates": [ [ [ -97.0864, 44.9337 ], [ -97.0865, 44.907 ], [ -97.0877, 44.907 ], [ -97.0879, 44.9078 ], [ -97.0905, 44.9078 ], [ -97.0905, 44.9087 ], [ -97.0955, 44.9087 ], [ -97.0961, 44.909 ], [ -97.117, 44.909 ], [ -97.117, 44.9093 ], [ -97.122, 44.9093 ], [ -97.1218, 44.9046 ], [ -97.1221, 44.9046 ], [ -97.1248, 44.9105 ], [ -97.1287, 44.9312 ], [ -97.1297, 44.9336 ], [ -97.0864, 44.9337 ] ] ] } },
{ "type": "Feature", "properties": { "GEOIDFQ": "1400000US46029954501", "NAME": "9545.01", "NAMELSAD": "Census Tract 9545.01" }, "geometry": { "type": "Polygon", "coordinates": [ [ [ -97.2054, 44.8907 ], [ -97.1238, 44.8901 ], [ -97.0571, 44.8902 ], [ -97.0573, 44.8767 ], [ -97.1089, 44.8764 ], [ -97.1087, 44.8473 ], [ -97.1274, 44.8467 ], [ -97.1474, 44.8472 ], [ -97.1884, 44.847 ], [ -97.2288, 44.8476 ], [ -97.2287, 44.8573 ], [ -97.2297, 44.86 ], [ -97.2286, 44.8646 ], [ -97.2285, 44.8766 ], [ -97.2482, 44.8767 ], [ -97.2482, 44.8881 ], [ -97.2492, 44.8906 ], [ -97.2054, 44.8907 ] ] ] } },
{ "type": "Feature", "properties": { "GEOIDFQ": "1400000US46039953700", "NAME": "9537", "NAMELSAD": "Census Tract 9537" }, "geometry": { "type": "Polygon", "coordinates": [ [ [ -96.6419, 44.7755 ], [ -96.642, 44.7611 ], [ -96.6327, 44.7611 ], [ -96.6325, 44.7466 ], [ -96.6376, 44.7465 ], [ -96.642, 44.746 ], [ -96.6421, 44.7321 ], [ -96.6624, 44.7321 ], [ -96.6624, 44.7193 ], [ -96.6627, 44.7179 ], [ -96.6635, 44.7176 ], [ -96.6759, 44.7176 ], [ -96.6828, 44.7176 ], [ -96.6826, 44.7321 ], [ -96.7436, 44.7321 ], [ -96.7438, 44.7758 ], [ -96.6419, 44.7755 ] ] ] } },
{ "type": "Feature", "properties": { "GEOIDFQ": "1400000US46039953600", "NAME": "9536", "NAMELSAD": "Census Tract 9536" }, "geometry": { "type": "Polygon", "coordinates": [ [ [ -96.8845, 44.727 ], [ -96.8843, 44.89 ], [ -96.8827, 44.89 ], [ -96.882, 44.9637 ], [ -96.8823, 44.9769 ], [ -96.801, 44.9773 ], [ -96.7846, 44.9771 ], [ -96.7605, 44.976 ], [ -96.7352, 44.9766 ], [ -96.6794, 44.9768 ], [ -96.6735, 44.9773 ], [ -96.6615, 44.9769 ], [ -96.6189, 44.9768 ], [ -96.5003, 44.977 ], [ -96.4892, 44.9774 ], [ -96.4555, 44.9773 ], [ -96.4522, 44.9774 ], [ -96.452, 44.9776 ], [ -96.4523, 44.9628 ], [ -96.452, 44.9625 ], [ -96.452, 44.9104 ], [ -96.4516, 44.9071 ], [ -96.452, 44.885 ], [ -96.4516, 44.8679 ], [ -96.4514, 44.8066 ], [ -96.4515, 44.8056 ], [ -96.4517, 44.8056 ], [ -96.4519, 44.7905 ], [ -96.4512, 44.7183 ], [ -96.4518, 44.5437 ], [ -96.8855, 44.5438 ], [ -96.8845, 44.727 ] ], [ [ -96.7436, 44.7321 ], [ -96.6826, 44.7321 ], [ -96.6828, 44.7176 ], [ -96.6633, 44.7176 ], [ -96.6624, 44.7187 ], [ -96.6624, 44.7321 ], [ -96.6421, 44.7321 ], [ -96.642, 44.746 ], [ -96.6376, 44.7465 ], [ -96.6325, 44.7466 ], [ -96.6327, 44.7611 ], [ -96.642, 44.7611 ], [ -96.6419, 44.7755 ], [ -96.7438, 44.7758 ], [ -96.7436, 44.7321 ] ] ] } },
{ "type": "Feature", "properties": { "GEOIDFQ": "1400000US46097961600", "NAME": "9616", "NAMELSAD": "Census Tract 9616" }, "geometry": { "type": "Polygon", "coordinates": [ [ [ -97.851, 43.8788 ], [ -97.8509, 43.9535 ], [ -97.8507, 44.1009 ], [ -97.851, 44.1231 ], [ -97.8503, 44.1252 ], [ -97.8495, 44.1952 ], [ -97.8158, 44.1955 ], [ -97.6778, 44.1948 ], [ -97.6293, 44.1948 ], [ -97.5685, 44.1953 ], [ -97.5321, 44.1949 ], [ -97.4614, 44.195 ], [ -97.4105, 44.1947 ], [ -97.3701, 44.195 ], [ -97.3702, 43.9803 ], [ -97.3695, 43.8485 ], [ -97.5769, 43.8489 ], [ -97.7478, 43.8497 ], [ -97.7669, 43.8499 ], [ -97.7676, 43.8501 ], [ -97.7677, 43.8498 ], [ -97.7684, 43.8498 ], [ -97.811, 43.8496 ], [ -97.8511, 43.8499 ], [ -97.8514, 43.8774 ], [ -97.851, 43.8788 ] ] ] } },
{ "type": "Feature", "properties": { "GEOIDFQ": "1400000US46099000500", "NAME": "5", "NAMELSAD": "Census Tract 5" }, "geometry": { "type": "Polygon", "coordinates": [ [ [ -96.7241, 43.5512 ], [ -96.7014, 43.5512 ], [ -96.7014, 43.5485 ], [ -96.6989, 43.5485 ], [ -96.6989, 43.5467 ], [ -96.7027, 43.5467 ], [ -96.7026, 43.5391 ], [ -96.6992, 43.5366 ], [ -96.7038, 43.5366 ], [ -96.7059, 43.5378 ], [ -96.7063, 43.5375 ], [ -96.7063, 43.5328 ], [ -96.7088, 43.534 ], [ -96.7137, 43.534 ], [ -96.7138, 43.5331 ], [ -96.7163, 43.5331 ], [ -96.7163, 43.5405 ], [ -96.7209, 43.5403 ], [ -96.7195, 43.5424 ], [ -96.7194, 43.5447 ], [ -96.7221, 43.5456 ], [ -96.7253, 43.5477 ], [ -96.7255, 43.5486 ], [ -96.7241, 43.5512 ] ] ] } },
{ "type": "Feature", "properties": { "GEOIDFQ": "1400000US46099000900", "NAME": "9", "NAMELSAD": "Census Tract 9" }, "geometry": { "type": "Polygon", "coordinates": [ [ [ -96.7691, 43.5469 ], [ -96.7691, 43.5477 ], [ -96.756, 43.5474 ], [ -96.7512, 43.547 ], [ -96.7513, 43.5541 ], [ -96.7468, 43.5511 ], [ -96.7427, 43.5512 ], [ -96.7426, 43.5442 ], [ -96.7412, 43.5434 ], [ -96.7413, 43.5402 ], [ -96.7612, 43.5403 ], [ -96.7611, 43.5439 ], [ -96.7709, 43.5439 ], [ -96.7691, 43.5469 ] ] ] } },
{ "type": "Feature", "properties": { "GEOIDFQ": "1400000US46081966601", "NAME": "9666.01", "NAMELSAD": "Census Tract 9666.01" }, "geometry": { "type": "Polygon", "coordinates": [ [ [ -104.0216, 44.4311 ], [ -104.0196, 44.4309 ], [ -104.0177, 44.4313 ], [ -104.0171, 44.4328 ], [ -104.0176, 44.4352 ], [ -104.0161, 44.4358 ], [ -104.0156, 44.4364 ], [ -104.0157, 44.4369 ], [ -104.018, 44.4377 ], [ -104.0179, 44.4402 ], [ -104.0197, 44.4413 ], [ -104.0193, 44.4419 ], [ -104.0178, 44.4426 ], [ -104.0195, 44.446 ], [ -104.0196, 44.4479 ], [ -104.0178, 44.4502 ], [ -104.0176, 44.4517 ], [ -104.018, 44.4536 ], [ -104.0208, 44.4583 ], [ -104.0205, 44.46 ], [ -103.9561, 44.4596 ], [ -103.9583, 44.4587 ], [ -103.9619, 44.4555 ], [ -103.9652, 44.4542 ], [ -103.9697, 44.4511 ], [ -103.9702, 44.4499 ], [ -103.97, 44.4472 ], [ -103.9725, 44.447 ], [ -103.9734, 44.4457 ], [ -103.9736, 44.4443 ], [ -103.9742, 44.4432 ], [ -103.9735, 44.4406 ], [ -103.9742, 44.4398 ], [ -103.9742, 44.4393 ], [ -103.9716, 44.4366 ], [ -103.9688, 44.4362 ], [ -103.968, 44.433 ], [ -103.9661, 44.432 ], [ -103.9661, 44.4315 ], [ -103.9673, 44.4309 ], [ -103.9668, 44.429 ], [ -103.9679, 44.4275 ], [ -103.9672, 44.4272 ], [ -103.9665, 44.4255 ], [ -103.9657, 44.4247 ], [ -103.9615, 44.4221 ], [ -103.9599, 44.4223 ], [ -103.9567, 44.4215 ], [ -103.9561, 44.4209 ], [ -103.9534, 44.4202 ], [ -103.9508, 44.4179 ], [ -103.9496, 44.4179 ], [ -103.9461, 44.4166 ], [ -103.9449, 44.418 ], [ -103.9434, 44.422 ], [ -103.9421, 44.4229 ], [ -103.9399, 44.4228 ], [ -103.9384, 44.4233 ], [ -103.9381, 44.4241 ], [ -103.9393, 44.4254 ], [ -103.9368, 44.4247 ], [ -103.9341, 44.4248 ], [ -103.9321, 44.4257 ], [ -103.9285, 44.4282 ], [ -103.9273, 44.4287 ], [ -103.9252, 44.4294 ], [ -103.9207, 44.4303 ], [ -103.9143, 44.4339 ], [ -103.9135, 44.4365 ], [ -103.9136, 44.4353 ], [ -103.9129, 44.4342 ], [ -103.9112, 44.4328 ], [ -103.9112, 44.4322 ], [ -103.9097, 44.4317 ], [ -103.9059, 44.4331 ], [ -103.9046, 44.4348 ], [ -103.8969, 44.4386 ], [ -103.8963, 44.4388 ], [ -103.8954, 44.4385 ], [ -103.8942, 44.4385 ], [ -103.8916, 44.4391 ], [ -103.8892, 44.4404 ], [ -103.8886, 44.4404 ], [ -103.8859, 44.4397 ], [ -103.8848, 44.439 ], [ -103.8828, 44.4391 ], [ -103.8822, 44.4394 ], [ -103.8829, 44.4338 ], [ -103.8814, 44.4333 ], [ -103.8802, 44.4335 ], [ -103.8791, 44.4342 ], [ -103.8776, 44.4333 ], [ -103.8763, 44.4332 ], [ -103.8744, 44.4343 ], [ -103.8742, 44.4339 ], [ -103.8742, 44.4329 ], [ -103.8756, 44.4309 ], [ -103.8733, 44.4291 ], [ -103.8736, 44.4273 ], [ -103.8735, 44.4269 ], [ -103.873, 44.4274 ], [ -103.8728, 44.4257 ], [ -103.8732, 44.425 ], [ -103.8755, 44.4236 ], [ -103.8794, 44.423 ], [ -103.881, 44.4224 ], [ -103.8812, 44.4217 ], [ -103.8805, 44.4206 ], [ -103.8804, 44.4195 ], [ -103.8808, 44.4163 ], [ -103.8792, 44.4158 ], [ -103.8778, 44.4159 ], [ -103.8747, 44.4153 ], [ -103.8723, 44.414 ], [ -103.8717, 44.4124 ], [ -103.8698, 44.4102 ], [ -103.8681, 44.4099 ], [ -103.8657, 44.4106 ], [ -103.8649, 44.4104 ], [ -103.8622, 44.4088 ], [ -103.8587, 44.4078 ], [ -103.8564, 44.4055 ], [ -103.8528, 44.4032 ], [ -103.8496, 44.4023 ], [ -103.8497, 44.4077 ], [ -103.8514, 44.4099 ], [ -103.852, 44.4309 ], [ -103.836, 44.4308 ], [ -103.8373, 44.4298 ], [ -103.8397, 44.4267 ], [ -103.8413, 44.4234 ], [ -103.8412, 44.4224 ], [ -103.8403, 44.4219 ], [ -103.8395, 44.4202 ], [ -103.8367, 44.4184 ], [ -103.8367, 44.4178 ], [ -103.8355, 44.4162 ], [ -103.8334, 44.4148 ], [ -103.8334, 44.4142 ], [ -103.8352, 44.4115 ], [ -103.834, 44.4071 ], [ -103.8341, 44.4062 ], [ -103.8353, 44.4049 ], [ -103.8353, 44.4044 ], [ -103.8344, 44.4039 ], [ -103.8343, 44.4034 ], [ -103.8353, 44.4022 ], [ -103.8374, 44.4011 ], [ -103.8382, 44.3998 ], [ -103.8397, 44.3986 ], [ -103.8415, 44.3976 ], [ -103.8325, 44.3866 ], [ -103.8309, 44.3869 ], [ -103.8297, 44.3866 ], [ -103.8297, 44.3872 ], [ -103.8284, 44.3883 ], [ -103.8286, 44.3907 ], [ -103.8276, 44.391 ], [ -103.8284, 44.3933 ], [ -103.8281, 44.3946 ], [ -103.8269, 44.3942 ], [ -103.8264, 44.3947 ], [ -103.8244, 44.3954 ], [ -103.8228, 44.395 ], [ -103.8219, 44.3941 ], [ -103.8221, 44.3935 ], [ -103.823, 44.3933 ], [ -103.824, 44.3939 ], [ -103.8247, 44.3935 ], [ -103.824, 44.3937 ], [ -103.8234, 44.3927 ], [ -103.8225, 44.3924 ], [ -103.8202, 44.3939 ], [ -103.8205, 44.3946 ], [ -103.8193, 44.3946 ], [ -103.8183, 44.3951 ], [ -103.8208, 44.3924 ], [ -103.8225, 44.3916 ], [ -103.8217, 44.3911 ], [ -103.8208, 44.3916 ], [ -103.8193, 44.392 ], [ -103.8176, 44.3933 ], [ -103.8159, 44.3934 ], [ -103.8168, 44.394 ], [ -103.8156, 44.3947 ], [ -103.8134, 44.3949 ], [ -103.8114, 44.396 ], [ -103.8063, 44.3957 ], [ -103.8049, 44.3963 ], [ -103.8043, 44.3974 ], [ -103.8053, 44.3982 ], [ -103.8134, 44.3998 ], [ -103.8136, 44.4 ], [ -103.8076, 44.3998 ], [ -103.8058, 44.3993 ], [ -103.804, 44.3993 ], [ -103.8002, 44.3965 ], [ -103.7996, 44.395 ], [ -103.7984, 44.3935 ], [ -103.7993, 44.3913 ], [ -103.7986, 44.3896 ], [ -103.7963, 44.3872 ], [ -103.7955, 44.3855 ], [ -103.7935, 44.3845 ], [ -103.795, 44.3818 ], [ -103.7921, 44.3828 ], [ -103.7875, 44.3809 ], [ -103.7855, 44.382 ], [ -103.786, 44.3811 ], [ -103.7826, 44.382 ], [ -103.7806, 44.3817 ], [ -103.776, 44.3793 ], [ -103.7736, 44.3785 ], [ -103.7719, 44.3771 ], [ -103.7687, 44.3764 ], [ -103.7668, 44.3745 ], [ -103.7602, 44.3706 ], [ -103.7602, 44.37 ], [ -103.7611, 44.3699 ], [ -103.7617, 44.3693 ], [ -103.7626, 44.3692 ], [ -103.763, 44.3695 ], [ -103.7674, 44.3682 ], [ -103.7714, 44.3657 ], [ -103.7747, 44.3653 ], [ -103.7781, 44.3643 ], [ -103.7803, 44.3624 ], [ -103.7813, 44.3627 ], [ -103.783, 44.3623 ], [ -103.7859, 44.3629 ], [ -103.7878, 44.3629 ], [ -103.7876, 44.3484 ], [ -103.7871, 44.3446 ], [ -103.7815, 44.3445 ], [ -103.7813, 44.3419 ], [ -103.7785, 44.3432 ], [ -103.7705, 44.3441 ], [ -103.7694, 44.3441 ], [ -103.766, 44.3431 ], [ -103.7628, 44.3446 ], [ -103.7619, 44.3447 ], [ -103.7572, 44.3428 ], [ -103.756, 44.3409 ], [ -103.7551, 44.3404 ], [ -103.7544, 44.3414 ], [ -103.7552, 44.3449 ], [ -103.7545, 44.3453 ], [ -103.752, 44.3452 ], [ -103.7515, 44.3456 ], [ -103.7526, 44.3474 ], [ -103.7528, 44.3486 ], [ -103.7523, 44.3487 ], [ -103.7498, 44.3481 ], [ -103.749, 44.3482 ], [ -103.7484, 44.3493 ], [ -103.7457, 44.3515 ], [ -103.7431, 44.3514 ], [ -103.7412, 44.3522 ], [ -103.7399, 44.3524 ], [ -103.7394, 44.3538 ], [ -103.7386, 44.3543 ], [ -103.7385, 44.3517 ], [ -103.7368, 44.3493 ], [ -103.7354, 44.3486 ], [ -103.7326, 44.3482 ], [ -103.7299, 44.3464 ], [ -103.7277, 44.3432 ], [ -103.7232, 44.3391 ], [ -103.7226, 44.3368 ], [ -103.7207, 44.3345 ], [ -103.7153, 44.3312 ], [ -103.7122, 44.3265 ], [ -103.7088, 44.324 ], [ -103.7079, 44.3209 ], [ -103.7073, 44.32 ], [ -103.7062, 44.3193 ], [ -103.701, 44.3175 ], [ -103.6991, 44.3174 ], [ -103.696, 44.3196 ], [ -103.6926, 44.3202 ], [ -103.6884, 44.3192 ], [ -103.6875, 44.3193 ], [ -103.687, 44.3217 ], [ -103.6884, 44.3228 ], [ -103.6886, 44.3235 ], [ -103.6862, 44.3265 ], [ -103.6866, 44.3281 ], [ -103.6862, 44.3285 ], [ -103.6842, 44.3285 ], [ -103.6825, 44.3293 ], [ -103.6812, 44.3285 ], [ -103.6802, 44.3283 ], [ -103.6765, 44.3289 ], [ -103.6745, 44.3279 ], [ -103.6745, 44.3263 ], [ -103.6739, 44.3254 ], [ -103.6714, 44.3243 ], [ -103.6696, 44.3243 ], [ -103.6664, 44.3257 ], [ -103.6651, 44.3256 ], [ -103.6629, 44.3247 ], [ -103.6589, 44.3248 ], [ -103.6563, 44.3235 ], [ -103.6536, 44.323 ], [ -103.6521, 44.3235 ], [ -103.6515, 44.3242 ], [ -103.6525, 44.3259 ], [ -103.6514, 44.3269 ], [ -103.6494, 44.3273 ], [ -103.6471, 44.3264 ], [ -103.6454, 44.3283 ], [ -103.643, 44.3285 ], [ -103.6409, 44.3295 ], [ -103.6409, 44.3342 ], [ -103.6389, 44.3353 ], [ -103.636, 44.3358 ], [ -103.6334, 44.3351 ], [ -103.6296, 44.3352 ], [ -103.6268, 44.3343 ], [ -103.6238, 44.3341 ], [ -103.6225, 44.3332 ], [ -103.6187, 44.3332 ], [ -103.6143, 44.3342 ], [ -103.6123, 44.3357 ], [ -103.6071, 44.3373 ], [ -103.6055, 44.3371 ], [ -103.5993, 44.3378 ], [ -103.5959, 44.3384 ], [ -103.5926, 44.3402 ], [ -103.5894, 44.3412 ], [ -103.5864, 44.3417 ], [ -103.5832, 44.3415 ], [ -103.5776, 44.3435 ], [ -103.5755, 44.3449 ], [ -103.5738, 44.3454 ], [ -103.5726, 44.3462 ], [ -103.5694, 44.3465 ], [ -103.5694, 44.3442 ], [ -103.5743, 44.3442 ], [ -103.574, 44.3143 ], [ -103.5744, 44.2561 ], [ -103.5534, 44.2564 ], [ -103.453, 44.2566 ], [ -103.4525, 44.2128 ], [ -103.4525, 44.1408 ], [ -103.4743, 44.1406 ], [ -104.0546, 44.1411 ], [ -104.0545, 44.1804 ], [ -104.0554, 44.25 ], [ -104.0557, 44.4311 ], [ -104.0216, 44.4311 ] ] ] } },
{ "type": "Feature", "properties": { "GEOIDFQ": "1400000US46081966602", "NAME": "9666.02", "NAMELSAD": "Census Tract 9666.02" }, "geometry": { "type": "Polygon", "coordinates": [ [ [ -103.7859, 44.3629 ], [ -103.783, 44.3623 ], [ -103.7813, 44.3627 ], [ -103.7803, 44.3624 ], [ -103.7781, 44.3643 ], [ -103.7747, 44.3653 ], [ -103.7714, 44.3657 ], [ -103.7674, 44.3682 ], [ -103.763, 44.3695 ], [ -103.7614, 44.3684 ], [ -103.7563, 44.3618 ], [ -103.7463, 44.3611 ], [ -103.739, 44.3591 ], [ -103.7402, 44.3588 ], [ -103.7402, 44.358 ], [ -103.74, 44.3566 ], [ -103.7387, 44.3553 ], [ -103.7386, 44.3543 ], [ -103.7394, 44.3538 ], [ -103.7399, 44.3524 ], [ -103.7412, 44.3522 ], [ -103.7431, 44.3514 ], [ -103.7457, 44.3515 ], [ -103.7484, 44.3493 ], [ -103.749, 44.3482 ], [ -103.7498, 44.3481 ], [ -103.7523, 44.3487 ], [ -103.7528, 44.3486 ], [ -103.7526, 44.3474 ], [ -103.7515, 44.3456 ], [ -103.752, 44.3452 ], [ -103.7545, 44.3453 ], [ -103.7552, 44.3449 ], [ -103.7544, 44.3414 ], [ -103.755, 44.3404 ], [ -103.756, 44.3409 ], [ -103.7573, 44.3429 ], [ -103.7598, 44.3436 ], [ -103.762, 44.3447 ], [ -103.766, 44.3431 ], [ -103.7694, 44.3441 ], [ -103.7705, 44.3441 ], [ -103.7785, 44.3432 ], [ -103.7813, 44.3419 ], [ -103.7815, 44.3445 ], [ -103.7871, 44.3446 ], [ -103.7876, 44.3484 ], [ -103.7878, 44.3629 ], [ -103.7859, 44.3629 ] ] ] } },
{ "type": "Feature", "properties": { "GEOIDFQ": "1400000US46081966304", "NAME": "9663.04", "NAMELSAD": "Census Tract 9663.04" }, "geometry": { "type": "Polygon", "coordinates": [ [ [ -103.8794, 44.423 ], [ -103.8755, 44.4236 ], [ -103.8732, 44.425 ], [ -103.8728, 44.4261 ], [ -103.873, 44.4274 ], [ -103.8735, 44.4269 ], [ -103.8736, 44.4273 ], [ -103.8733, 44.4291 ], [ -103.8756, 44.4309 ], [ -103.8742, 44.4329 ], [ -103.8742, 44.4339 ], [ -103.8748, 44.4353 ], [ -103.8763, 44.4366 ], [ -103.8762, 44.4372 ], [ -103.8753, 44.4378 ], [ -103.8732, 44.4375 ], [ -103.8721, 44.4381 ], [ -103.8725, 44.4408 ], [ -103.8696, 44.4469 ], [ -103.8682, 44.4474 ], [ -103.8659, 44.447 ], [ -103.8649, 44.4476 ], [ -103.8647, 44.4498 ], [ -103.8627, 44.4518 ], [ -103.8651, 44.4542 ], [ -103.8651, 44.4553 ], [ -103.8601, 44.457 ], [ -103.8551, 44.4614 ], [ -103.8541, 44.4651 ], [ -103.851, 44.4664 ], [ -103.8501, 44.4671 ], [ -103.848, 44.4731 ], [ -103.8484, 44.4759 ], [ -103.8491, 44.4772 ], [ -103.8491, 44.4781 ], [ -103.8486, 44.4788 ], [ -103.8449, 44.4813 ], [ -103.8444, 44.482 ], [ -103.8389, 44.4806 ], [ -103.8342, 44.4803 ], [ -103.8306, 44.4796 ], [ -103.83, 44.4805 ], [ -103.8257, 44.4786 ], [ -103.8222, 44.4779 ], [ -103.7899, 44.4753 ], [ -103.7899, 44.4617 ], [ -103.795, 44.4617 ], [ -103.7959, 44.4614 ], [ -103.7976, 44.4601 ], [ -103.8023, 44.4553 ], [ -103.808, 44.4508 ], [ -103.8109, 44.4473 ], [ -103.8112, 44.4454 ], [ -103.8144, 44.4441 ], [ -103.8141, 44.4411 ], [ -103.8116, 44.44 ], [ -103.8115, 44.4388 ], [ -103.8128, 44.4364 ], [ -103.8134, 44.4358 ], [ -103.8153, 44.4353 ], [ -103.8174, 44.436 ], [ -103.8195, 44.4341 ], [ -103.8203, 44.4321 ], [ -103.8201, 44.4295 ], [ -103.8215, 44.4278 ], [ -103.8227, 44.4251 ], [ -103.8225, 44.4235 ], [ -103.8231, 44.4224 ], [ -103.823, 44.4213 ], [ -103.8245, 44.4184 ], [ -103.8242, 44.4156 ], [ -103.8232, 44.4127 ], [ -103.8217, 44.4112 ], [ -103.8214, 44.4096 ], [ -103.8185, 44.4065 ], [ -103.8181, 44.4052 ], [ -103.8151, 44.4031 ], [ -103.8139, 44.4002 ], [ -103.8134, 44.3998 ], [ -103.8053, 44.3982 ], [ -103.8043, 44.3974 ], [ -103.805, 44.3962 ], [ -103.8063, 44.3957 ], [ -103.8114, 44.396 ], [ -103.8134, 44.3949 ], [ -103.8156, 44.3947 ], [ -103.8168, 44.394 ], [ -103.8159, 44.3934 ], [ -103.8176, 44.3933 ], [ -103.8193, 44.392 ], [ -103.8208, 44.3916 ], [ -103.8217, 44.3911 ], [ -103.8225, 44.3916 ], [ -103.8208, 44.3924 ], [ -103.8183, 44.3951 ], [ -103.8193, 44.3946 ], [ -103.8205, 44.3946 ], [ -103.8202, 44.3939 ], [ -103.8225, 44.3924 ], [ -103.8234, 44.3927 ], [ -103.824, 44.3937 ], [ -103.8247, 44.3935 ], [ -103.824, 44.3939 ], [ -103.823, 44.3933 ], [ -103.8221, 44.3935 ], [ -103.8219, 44.3941 ], [ -103.8228, 44.395 ], [ -103.8244, 44.3954 ], [ -103.8264, 44.3947 ], [ -103.8269, 44.3942 ], [ -103.8281, 44.3946 ], [ -103.8284, 44.3933 ], [ -103.8276, 44.391 ], [ -103.8286, 44.3907 ], [ -103.8284, 44.3883 ], [ -103.8297, 44.3872 ], [ -103.8297, 44.3866 ], [ -103.8309, 44.3869 ], [ -103.8325, 44.3866 ], [ -103.8415, 44.3976 ], [ -103.8397, 44.3986 ], [ -103.8382, 44.3998 ], [ -103.8374, 44.4011 ], [ -103.8353, 44.4022 ], [ -103.8343, 44.4034 ], [ -103.8344, 44.4039 ], [ -103.8353, 44.4044 ], [ -103.8353, 44.4049 ], [ -103.8341, 44.4062 ], [ -103.834, 44.4071 ], [ -103.8352, 44.4115 ], [ -103.8334, 44.4142 ], [ -103.8334, 44.4148 ], [ -103.8355, 44.4162 ], [ -103.8367, 44.4178 ], [ -103.8367, 44.4184 ], [ -103.8395, 44.4202 ], [ -103.8403, 44.4219 ], [ -103.8412, 44.4224 ], [ -103.8413, 44.4234 ], [ -103.8397, 44.4267 ], [ -103.8373, 44.4298 ], [ -103.836, 44.4308 ], [ -103.852, 44.4309 ], [ -103.8514, 44.4099 ], [ -103.8497, 44.4077 ], [ -103.8496, 44.4023 ], [ -103.8528, 44.4032 ], [ -103.8564, 44.4055 ], [ -103.8587, 44.4078 ], [ -103.8622, 44.4088 ], [ -103.8649, 44.4104 ], [ -103.8657, 44.4106 ], [ -103.8681, 44.4099 ], [ -103.8698, 44.4102 ], [ -103.8717, 44.4124 ], [ -103.8723, 44.414 ], [ -103.8747, 44.4153 ], [ -103.8778, 44.4159 ], [ -103.8792, 44.4158 ], [ -103.8808, 44.4163 ], [ -103.8805, 44.4206 ], [ -103.8812, 44.4221 ], [ -103.8794, 44.423 ] ] ] } },
{ "type": "Feature", "properties": { "GEOIDFQ": "1400000US46081966102", "NAME": "9661.02", "NAMELSAD": "Census Tract 9661.02" }, "geometry": { "type": "Polygon", "coordinates": [ [ [ -103.7826, 44.3892 ], [ -103.7798, 44.3882 ], [ -103.778, 44.3885 ], [ -103.7742, 44.3881 ], [ -103.773, 44.3875 ], [ -103.773, 44.3866 ], [ -103.7722, 44.3858 ], [ -103.769, 44.3844 ], [ -103.7662, 44.3846 ], [ -103.7658, 44.3854 ], [ -103.7633, 44.3852 ], [ -103.7626, 44.3857 ], [ -103.7626, 44.3872 ], [ -103.7621, 44.388 ], [ -103.7601, 44.3876 ], [ -103.7582, 44.3884 ], [ -103.7571, 44.3893 ], [ -103.7562, 44.3916 ], [ -103.7539, 44.3941 ], [ -103.754, 44.3971 ], [ -103.7526, 44.3973 ], [ -103.7528, 44.3954 ], [ -103.7502, 44.3947 ], [ -103.7488, 44.3952 ], [ -103.7473, 44.3953 ], [ -103.7456, 44.3957 ], [ -103.7444, 44.3981 ], [ -103.7435, 44.3979 ], [ -103.7427, 44.3972 ], [ -103.7414, 44.3976 ], [ -103.738, 44.3964 ], [ -103.7332, 44.3961 ], [ -103.7319, 44.3968 ], [ -103.7303, 44.3968 ], [ -103.7293, 44.3977 ], [ -103.7257, 44.3983 ], [ -103.7245, 44.3983 ], [ -103.7227, 44.3976 ], [ -103.72, 44.3977 ], [ -103.7156, 44.3964 ], [ -103.7151, 44.3965 ], [ -103.7129, 44.3953 ], [ -103.7089, 44.3939 ], [ -103.7078, 44.3931 ], [ -103.7073, 44.3918 ], [ -103.708, 44.3905 ], [ -103.7125, 44.3883 ], [ -103.7128, 44.3879 ], [ -103.7053, 44.3894 ], [ -103.7047, 44.3903 ], [ -103.7052, 44.3907 ], [ -103.7049, 44.3918 ], [ -103.7036, 44.3941 ], [ -103.7033, 44.3957 ], [ -103.7028, 44.3959 ], [ -103.7012, 44.3958 ], [ -103.7009, 44.3961 ], [ -103.7017, 44.3988 ], [ -103.7015, 44.3994 ], [ -103.7003, 44.3998 ], [ -103.698, 44.4044 ], [ -103.6961, 44.4057 ], [ -103.6944, 44.4062 ], [ -103.6933, 44.4076 ], [ -103.6934, 44.408 ], [ -103.6942, 44.4083 ], [ -103.6948, 44.4091 ], [ -103.695, 44.4099 ], [ -103.6938, 44.4113 ], [ -103.6938, 44.4118 ], [ -103.6951, 44.4129 ], [ -103.6937, 44.4148 ], [ -103.6936, 44.4158 ], [ -103.5686, 44.4155 ], [ -103.5694, 44.3465 ], [ -103.5726, 44.3462 ], [ -103.5738, 44.3454 ], [ -103.5755, 44.3449 ], [ -103.5776, 44.3435 ], [ -103.5832, 44.3415 ], [ -103.5864, 44.3417 ], [ -103.5894, 44.3412 ], [ -103.5926, 44.3402 ], [ -103.5959, 44.3384 ], [ -103.5993, 44.3378 ], [ -103.6055, 44.3371 ], [ -103.6071, 44.3373 ], [ -103.6123, 44.3357 ], [ -103.6143, 44.3342 ], [ -103.6187, 44.3332 ], [ -103.6225, 44.3332 ], [ -103.6238, 44.3341 ], [ -103.6268, 44.3343 ], [ -103.6296, 44.3352 ], [ -103.6334, 44.3351 ], [ -103.636, 44.3358 ], [ -103.6389, 44.3353 ], [ -103.6409, 44.3342 ], [ -103.6409, 44.3295 ], [ -103.643, 44.3285 ], [ -103.6454, 44.3283 ], [ -103.6471, 44.3264 ], [ -103.6494, 44.3273 ], [ -103.6514, 44.3269 ], [ -103.6525, 44.3259 ], [ -103.6515, 44.3242 ], [ -103.6521, 44.3235 ], [ -103.6536, 44.323 ], [ -103.6563, 44.3235 ], [ -103.6589, 44.3248 ], [ -103.6629, 44.3247 ], [ -103.6651, 44.3256 ], [ -103.6664, 44.3257 ], [ -103.6696, 44.3243 ], [ -103.6714, 44.3243 ], [ -103.6739, 44.3254 ], [ -103.6745, 44.3263 ], [ -103.6745, 44.3279 ], [ -103.6765, 44.3289 ], [ -103.6802, 44.3283 ], [ -103.6812, 44.3285 ], [ -103.6825, 44.3293 ], [ -103.6842, 44.3285 ], [ -103.6862, 44.3285 ], [ -103.6866, 44.3281 ], [ -103.6862, 44.3265 ], [ -103.6886, 44.3235 ], [ -103.6884, 44.3228 ], [ -103.687, 44.3217 ], [ -103.6875, 44.3193 ], [ -103.6884, 44.3192 ], [ -103.6926, 44.3202 ], [ -103.696, 44.3196 ], [ -103.6991, 44.3174 ], [ -103.701, 44.3175 ], [ -103.7062, 44.3193 ], [ -103.7073, 44.32 ], [ -103.7079, 44.3209 ], [ -103.7088, 44.324 ], [ -103.7122, 44.3265 ], [ -103.7153, 44.3312 ], [ -103.7207, 44.3345 ], [ -103.7226, 44.3368 ], [ -103.7232, 44.3391 ], [ -103.7277, 44.3432 ], [ -103.7299, 44.3464 ], [ -103.7326, 44.3482 ], [ -103.7354, 44.3486 ], [ -103.7368, 44.3493 ], [ -103.7385, 44.3516 ], [ -103.7386, 44.355 ], [ -103.74, 44.3568 ], [ -103.7402, 44.3588 ], [ -103.739, 44.3591 ], [ -103.7463, 44.3611 ], [ -103.7563, 44.3618 ], [ -103.7614, 44.3684 ], [ -103.7626, 44.3692 ], [ -103.7617, 44.3693 ], [ -103.7611, 44.3699 ], [ -103.7602, 44.37 ], [ -103.7603, 44.3707 ], [ -103.7668, 44.3745 ], [ -103.7687, 44.3764 ], [ -103.7717, 44.377 ], [ -103.7734, 44.3784 ], [ -103.776, 44.3793 ], [ -103.7785, 44.3809 ], [ -103.7806, 44.3817 ], [ -103.7824, 44.382 ], [ -103.7848, 44.3847 ], [ -103.7846, 44.3871 ], [ -103.7851, 44.3881 ], [ -103.7826, 44.3892 ] ] ] } },
{ "type": "Feature", "properties": { "GEOIDFQ": "1400000US46081966303", "NAME": "9663.03", "NAMELSAD": "Census Tract 9663.03" }, "geometry": { "type": "Polygon", "coordinates": [ [ [ -104.0559, 44.5176 ], [ -104.0458, 44.5177 ], [ -104.0419, 44.5166 ], [ -104.0385, 44.5177 ], [ -104.0104, 44.5178 ], [ -104.0066, 44.5175 ], [ -104.0009, 44.5178 ], [ -103.9822, 44.5178 ], [ -103.9793, 44.517 ], [ -103.9739, 44.5136 ], [ -103.9682, 44.5115 ], [ -103.9644, 44.5105 ], [ -103.9587, 44.5102 ], [ -103.9557, 44.5108 ], [ -103.9512, 44.5109 ], [ -103.9511, 44.5169 ], [ -103.9501, 44.5181 ], [ -103.9451, 44.5185 ], [ -103.9416, 44.5198 ], [ -103.9366, 44.5208 ], [ -103.9329, 44.5206 ], [ -103.9298, 44.5192 ], [ -103.9197, 44.51 ], [ -103.9166, 44.5062 ], [ -103.9128, 44.5033 ], [ -103.8902, 44.5032 ], [ -103.8902, 44.4959 ], [ -103.8749, 44.4958 ], [ -103.8749, 44.4922 ], [ -103.8703, 44.4921 ], [ -103.8703, 44.4949 ], [ -103.8688, 44.4949 ], [ -103.8688, 44.4954 ], [ -103.8654, 44.4954 ], [ -103.8656, 44.4932 ], [ -103.8649, 44.4903 ], [ -103.8641, 44.4891 ], [ -103.8634, 44.4856 ], [ -103.8617, 44.4847 ], [ -103.8623, 44.4834 ], [ -103.8615, 44.4819 ], [ -103.8598, 44.4815 ], [ -103.8592, 44.48 ], [ -103.8542, 44.4776 ], [ -103.8521, 44.4756 ], [ -103.8512, 44.4777 ], [ -103.849, 44.4782 ], [ -103.8492, 44.4775 ], [ -103.8484, 44.4759 ], [ -103.848, 44.4731 ], [ -103.8499, 44.4675 ], [ -103.851, 44.4664 ], [ -103.8541, 44.4651 ], [ -103.8551, 44.4614 ], [ -103.8601, 44.457 ], [ -103.8651, 44.4553 ], [ -103.8651, 44.4542 ], [ -103.8629, 44.4523 ], [ -103.8627, 44.4516 ], [ -103.8647, 44.4498 ], [ -103.8651, 44.4473 ], [ -103.8662, 44.447 ], [ -103.8684, 44.4474 ], [ -103.8698, 44.4466 ], [ -103.8726, 44.4406 ], [ -103.8721, 44.4381 ], [ -103.8732, 44.4375 ], [ -103.8755, 44.4378 ], [ -103.8763, 44.4371 ], [ -103.8761, 44.4364 ], [ -103.8748, 44.4353 ], [ -103.8744, 44.4343 ], [ -103.8755, 44.4336 ], [ -103.8763, 44.4332 ], [ -103.8776, 44.4333 ], [ -103.8791, 44.4342 ], [ -103.8802, 44.4335 ], [ -103.8814, 44.4333 ], [ -103.8829, 44.4338 ], [ -103.8822, 44.4394 ], [ -103.8828, 44.4391 ], [ -103.8848, 44.439 ], [ -103.8859, 44.4397 ], [ -103.8888, 44.4404 ], [ -103.8914, 44.4391 ], [ -103.8942, 44.4385 ], [ -103.8954, 44.4385 ], [ -103.8963, 44.4388 ], [ -103.8969, 44.4386 ], [ -103.9046, 44.4348 ], [ -103.9059, 44.4331 ], [ -103.9097, 44.4317 ], [ -103.9112, 44.4322 ], [ -103.9112, 44.4328 ], [ -103.9129, 44.4342 ], [ -103.9136, 44.4353 ], [ -103.9135, 44.4365 ], [ -103.9143, 44.4339 ], [ -103.9207, 44.4303 ], [ -103.9252, 44.4294 ], [ -103.9273, 44.4287 ], [ -103.9285, 44.4282 ], [ -103.9321, 44.4257 ], [ -103.9341, 44.4248 ], [ -103.9368, 44.4247 ], [ -103.9393, 44.4254 ], [ -103.9381, 44.4241 ], [ -103.9384, 44.4233 ], [ -103.9399, 44.4228 ], [ -103.9421, 44.4229 ], [ -103.9434, 44.422 ], [ -103.9449, 44.418 ], [ -103.9461, 44.4166 ], [ -103.9496, 44.4179 ], [ -103.9508, 44.4179 ], [ -103.9534, 44.4202 ], [ -103.9561, 44.4209 ], [ -103.9567, 44.4215 ], [ -103.9599, 44.4223 ], [ -103.9615, 44.4221 ], [ -103.9657, 44.4247 ], [ -103.9665, 44.4255 ], [ -103.9672, 44.4272 ], [ -103.9679, 44.4275 ], [ -103.9668, 44.429 ], [ -103.9673, 44.4309 ], [ -103.9661, 44.4315 ], [ -103.9661, 44.432 ], [ -103.968, 44.433 ], [ -103.9688, 44.4362 ], [ -103.9716, 44.4366 ], [ -103.9742, 44.4393 ], [ -103.9742, 44.4398 ], [ -103.9735, 44.4406 ], [ -103.9742, 44.4432 ], [ -103.9736, 44.4443 ], [ -103.9734, 44.4457 ], [ -103.9725, 44.447 ], [ -103.97, 44.4472 ], [ -103.9702, 44.4499 ], [ -103.9697, 44.4511 ], [ -103.9652, 44.4542 ], [ -103.9619, 44.4555 ], [ -103.9583, 44.4587 ], [ -103.9561, 44.4596 ], [ -104.0205, 44.46 ], [ -104.0208, 44.4583 ], [ -104.018, 44.4536 ], [ -104.0176, 44.4517 ], [ -104.0178, 44.4502 ], [ -104.0196, 44.4479 ], [ -104.0195, 44.446 ], [ -104.0178, 44.4426 ], [ -104.0193, 44.4419 ], [ -104.0197, 44.4413 ], [ -104.0179, 44.4402 ], [ -104.018, 44.4377 ], [ -104.0157, 44.4369 ], [ -104.0156, 44.4364 ], [ -104.0161, 44.4358 ], [ -104.0176, 44.4352 ], [ -104.0171, 44.4328 ], [ -104.0177, 44.4313 ], [ -104.0196, 44.4309 ], [ -104.0216, 44.4311 ], [ -104.0557, 44.4311 ], [ -104.0559, 44.5176 ] ] ] } },
{ "type": "Feature", "properties": { "GEOIDFQ": "1400000US46081966101", "NAME": "9661.01", "NAMELSAD": "Census Tract 9661.01" }, "geometry": { "type": "Polygon", "coordinates": [ [ [ -103.8639, 44.5221 ], [ -103.8613, 44.5259 ], [ -103.8609, 44.5383 ], [ -103.8596, 44.5461 ], [ -103.8599, 44.5823 ], [ -103.8614, 44.59 ], [ -103.8591, 44.5897 ], [ -103.8581, 44.5886 ], [ -103.8571, 44.589 ], [ -103.857, 44.5898 ], [ -103.8558, 44.5899 ], [ -103.855, 44.5903 ], [ -103.8547, 44.5895 ], [ -103.8554, 44.5882 ], [ -103.8554, 44.5876 ], [ -103.855, 44.5875 ], [ -103.8543, 44.5887 ], [ -103.8529, 44.5885 ], [ -103.8526, 44.5887 ], [ -103.8526, 44.5899 ], [ -103.8541, 44.5903 ], [ -103.8542, 44.5908 ], [ -103.8533, 44.5918 ], [ -103.8522, 44.5923 ], [ -103.8511, 44.592 ], [ -103.8501, 44.5923 ], [ -103.8486, 44.5916 ], [ -103.8485, 44.5905 ], [ -103.8474, 44.5898 ], [ -103.8465, 44.59 ], [ -103.8461, 44.5906 ], [ -103.8447, 44.5906 ], [ -103.8451, 44.5894 ], [ -103.8424, 44.5874 ], [ -103.841, 44.5878 ], [ -103.8384, 44.5894 ], [ -103.8377, 44.5906 ], [ -103.836, 44.5899 ], [ -103.8355, 44.5892 ], [ -103.8349, 44.5891 ], [ -103.8339, 44.59 ], [ -103.8344, 44.5909 ], [ -103.8339, 44.592 ], [ -103.8375, 44.5931 ], [ -103.838, 44.5937 ], [ -103.8362, 44.5941 ], [ -103.8289, 44.5938 ], [ -103.8285, 44.5937 ], [ -103.8286, 44.5925 ], [ -103.8264, 44.5932 ], [ -103.8261, 44.5951 ], [ -103.8278, 44.5971 ], [ -103.8287, 44.5972 ], [ -103.829, 44.5977 ], [ -103.8287, 44.5983 ], [ -103.827, 44.599 ], [ -103.8271, 44.5994 ], [ -103.8282, 44.6 ], [ -103.8284, 44.6011 ], [ -103.8262, 44.6022 ], [ -103.8227, 44.6035 ], [ -103.8206, 44.6048 ], [ -103.5677, 44.6041 ], [ -103.5687, 44.5196 ], [ -103.5683, 44.5149 ], [ -103.5689, 44.4269 ], [ -103.5685, 44.4225 ], [ -103.5686, 44.4155 ], [ -103.6936, 44.4158 ], [ -103.6937, 44.4148 ], [ -103.6951, 44.4129 ], [ -103.6938, 44.4118 ], [ -103.6938, 44.4113 ], [ -103.695, 44.4099 ], [ -103.6948, 44.4091 ], [ -103.6942, 44.4083 ], [ -103.6934, 44.408 ], [ -103.6933, 44.4076 ], [ -103.6944, 44.4062 ], [ -103.6961, 44.4057 ], [ -103.698, 44.4044 ], [ -103.7003, 44.3998 ], [ -103.7015, 44.3994 ], [ -103.7017, 44.3988 ], [ -103.7009, 44.3961 ], [ -103.7012, 44.3958 ], [ -103.7028, 44.3959 ], [ -103.7033, 44.3957 ], [ -103.7036, 44.3941 ], [ -103.7049, 44.3918 ], [ -103.7052, 44.3907 ], [ -103.7047, 44.3903 ], [ -103.7053, 44.3894 ], [ -103.7128, 44.3879 ], [ -103.7125, 44.3883 ], [ -103.708, 44.3905 ], [ -103.7073, 44.3918 ], [ -103.7078, 44.3931 ], [ -103.7089, 44.3939 ], [ -103.7129, 44.3953 ], [ -103.7151, 44.3965 ], [ -103.7156, 44.3964 ], [ -103.72, 44.3977 ], [ -103.7227, 44.3976 ], [ -103.7245, 44.3983 ], [ -103.7257, 44.3983 ], [ -103.7293, 44.3977 ], [ -103.7303, 44.3968 ], [ -103.7319, 44.3968 ], [ -103.7332, 44.3961 ], [ -103.738, 44.3964 ], [ -103.7414, 44.3976 ], [ -103.7427, 44.3972 ], [ -103.7435, 44.3979 ], [ -103.7445, 44.3981 ], [ -103.7456, 44.3957 ], [ -103.7473, 44.3953 ], [ -103.7488, 44.3952 ], [ -103.7502, 44.3947 ], [ -103.7528, 44.3954 ], [ -103.7526, 44.3973 ], [ -103.754, 44.3971 ], [ -103.7539, 44.3941 ], [ -103.7562, 44.3916 ], [ -103.7571, 44.3893 ], [ -103.7582, 44.3884 ], [ -103.7601, 44.3876 ], [ -103.7621, 44.388 ], [ -103.7626, 44.3872 ], [ -103.7626, 44.3857 ], [ -103.7633, 44.3852 ], [ -103.7658, 44.3854 ], [ -103.7662, 44.3846 ], [ -103.7692, 44.3844 ], [ -103.7722, 44.3858 ], [ -103.773, 44.3866 ], [ -103.773, 44.3875 ], [ -103.774, 44.3881 ], [ -103.778, 44.3885 ], [ -103.7798, 44.3882 ], [ -103.7827, 44.3892 ], [ -103.7851, 44.388 ], [ -103.7846, 44.3871 ], [ -103.7848, 44.3847 ], [ -103.7824, 44.382 ], [ -103.786, 44.3811 ], [ -103.7855, 44.382 ], [ -103.7874, 44.3809 ], [ -103.7919, 44.3828 ], [ -103.795, 44.3818 ], [ -103.7934, 44.3844 ], [ -103.7955, 44.3855 ], [ -103.7963, 44.3872 ], [ -103.7986, 44.3896 ], [ -103.7993, 44.3913 ], [ -103.7984, 44.3935 ], [ -103.7996, 44.395 ], [ -103.8002, 44.3965 ], [ -103.8039, 44.3993 ], [ -103.8055, 44.3993 ], [ -103.8074, 44.3998 ], [ -103.8098, 44.4 ], [ -103.8131, 44.3998 ], [ -103.8139, 44.4002 ], [ -103.8151, 44.4031 ], [ -103.8181, 44.4052 ], [ -103.8185, 44.4065 ], [ -103.8214, 44.4096 ], [ -103.8217, 44.4112 ], [ -103.8232, 44.4127 ], [ -103.8242, 44.4156 ], [ -103.8245, 44.4184 ], [ -103.823, 44.4213 ], [ -103.8231, 44.4224 ], [ -103.8225, 44.4235 ], [ -103.8227, 44.4251 ], [ -103.8215, 44.4278 ], [ -103.8201, 44.4295 ], [ -103.8203, 44.4321 ], [ -103.8195, 44.4341 ], [ -103.8174, 44.436 ], [ -103.8153, 44.4353 ], [ -103.8134, 44.4358 ], [ -103.8128, 44.4364 ], [ -103.8115, 44.4388 ], [ -103.8116, 44.44 ], [ -103.8141, 44.4411 ], [ -103.8144, 44.4441 ], [ -103.8112, 44.4454 ], [ -103.8109, 44.4473 ], [ -103.808, 44.4508 ], [ -103.8023, 44.4553 ], [ -103.7976, 44.4601 ], [ -103.7959, 44.4614 ], [ -103.795, 44.4617 ], [ -103.7899, 44.4617 ], [ -103.7899, 44.4753 ], [ -103.8236, 44.4781 ], [ -103.8269, 44.4791 ], [ -103.8382, 44.4844 ], [ -103.8417, 44.4871 ], [ -103.8559, 44.501 ], [ -103.8581, 44.5053 ], [ -103.8607, 44.5168 ], [ -103.8622, 44.5186 ], [ -103.8644, 44.5197 ], [ -103.8639, 44.5221 ] ] ] } },
{ "type": "Feature", "properties": { "GEOIDFQ": "1400000US46085972600", "NAME": "9726", "NAMELSAD": "Census Tract 9726" }, "geometry": { "type": "Polygon", "coordinates": [ [ [ -100.0659, 44.1949 ], [ -100.0661, 44.1419 ], [ -100.0655, 44.1152 ], [ -100.066, 44.1063 ], [ -100.066, 44.0934 ], [ -100.0666, 44.088 ], [ -100.0668, 44.0602 ], [ -100.0666, 44.0423 ], [ -100.066, 44.0355 ], [ -100.066, 44.014 ], [ -100.0054, 44.0133 ], [ -100.0001, 44.0129 ], [ -99.8458, 44.0137 ], [ -99.7939, 44.0131 ], [ -99.7613, 44.0135 ], [ -99.7598, 44.0138 ], [ -99.7505, 44.0134 ], [ -99.7472, 44.0139 ], [ -99.7179, 44.0141 ], [ -99.6953, 44.0135 ], [ -99.6685, 44.0141 ], [ -99.6457, 44.014 ], [ -99.6119, 44.0145 ], [ -99.597, 44.0142 ], [ -99.5443, 44.014 ], [ -99.5297, 44.0144 ], [ -99.5253, 44.0142 ], [ -99.525, 43.9717 ], [ -99.5255, 43.9631 ], [ -99.5256, 43.9145 ], [ -99.4862, 43.9147 ], [ -99.4656, 43.9144 ], [ -99.3864, 43.9142 ], [ -99.3632, 43.9148 ], [ -99.3632, 43.9097 ], [ -99.3619, 43.9031 ], [ -99.357, 43.8968 ], [ -99.3522, 43.8923 ], [ -99.3458, 43.8894 ], [ -99.3293, 43.8828 ], [ -99.3171, 43.875 ], [ -99.3096, 43.867 ], [ -99.3081, 43.864 ], [ -99.308, 43.8604 ], [ -99.3085, 43.8589 ], [ -99.3108, 43.8552 ], [ -99.317, 43.8471 ], [ -99.3359, 43.8229 ], [ -99.3498, 43.8094 ], [ -99.3662, 43.7924 ], [ -99.3686, 43.7911 ], [ -99.3754, 43.7891 ], [ -99.3806, 43.7861 ], [ -99.4018, 43.7802 ], [ -99.4049, 43.7789 ], [ -99.4073, 43.7773 ], [ -99.4101, 43.7746 ], [ -99.4126, 43.7703 ], [ -99.4141, 43.7659 ], [ -99.4156, 43.7607 ], [ -99.4158, 43.7543 ], [ -99.419, 43.7448 ], [ -99.4187, 43.7428 ], [ -99.4164, 43.7386 ], [ -99.4077, 43.7285 ], [ -99.4074, 43.7273 ], [ -99.4066, 43.7243 ], [ -99.4068, 43.7196 ], [ -99.4097, 43.7108 ], [ -99.4097, 43.7097 ], [ -99.407, 43.7053 ], [ -99.4071, 43.7042 ], [ -99.4079, 43.7031 ], [ -99.4097, 43.7017 ], [ -99.4146, 43.699 ], [ -99.4218, 43.6963 ], [ -99.4338, 43.6942 ], [ -99.4426, 43.6921 ], [ -99.4506, 43.6898 ], [ -99.4546, 43.6879 ], [ -99.4563, 43.6869 ], [ -99.4688, 43.6757 ], [ -99.4692, 43.6749 ], [ -99.4691, 43.6728 ], [ -99.4654, 43.6666 ], [ -99.462, 43.659 ], [ -99.4609, 43.6573 ], [ -99.4588, 43.6558 ], [ -99.4525, 43.6536 ], [ -99.4426, 43.652 ], [ -99.4345, 43.6517 ], [ -99.4294, 43.652 ], [ -99.4216, 43.6531 ], [ -99.404, 43.6571 ], [ -99.3913, 43.6584 ], [ -99.3831, 43.6582 ], [ -99.3754, 43.6569 ], [ -99.3668, 43.6529 ], [ -99.3604, 43.6476 ], [ -99.3556, 43.6423 ], [ -99.3514, 43.635 ], [ -99.3484, 43.6288 ], [ -99.3459, 43.6209 ], [ -99.3435, 43.616 ], [ -99.3422, 43.6107 ], [ -99.3411, 43.602 ], [ -99.3411, 43.5932 ], [ -99.3396, 43.5809 ], [ -99.3369, 43.5749 ], [ -99.3319, 43.5707 ], [ -99.3253, 43.5625 ], [ -99.3238, 43.5611 ], [ -99.3132, 43.5551 ], [ -99.3119, 43.5541 ], [ -99.3097, 43.5513 ], [ -99.2957, 43.5421 ], [ -99.2878, 43.5356 ], [ -99.2833, 43.5311 ], [ -99.2825, 43.5297 ], [ -99.2814, 43.5258 ], [ -99.2828, 43.5183 ], [ -99.2851, 43.5139 ], [ -99.292, 43.5046 ], [ -99.2931, 43.5036 ], [ -99.298, 43.4997 ], [ -99.6236, 43.4999 ], [ -99.6236, 43.7424 ], [ -99.6253, 43.7408 ], [ -99.6269, 43.7403 ], [ -99.6287, 43.7387 ], [ -99.6323, 43.7367 ], [ -99.6372, 43.7353 ], [ -99.6415, 43.7357 ], [ -99.6436, 43.7382 ], [ -99.642, 43.7423 ], [ -99.6421, 43.7455 ], [ -99.6415, 43.7469 ], [ -99.6412, 43.7493 ], [ -99.6415, 43.753 ], [ -99.6423, 43.7543 ], [ -99.6435, 43.7584 ], [ -99.6452, 43.7601 ], [ -99.6475, 43.7608 ], [ -99.6558, 43.7658 ], [ -99.6582, 43.7665 ], [ -99.6617, 43.7665 ], [ -99.6627, 43.7657 ], [ -99.6663, 43.7646 ], [ -99.6674, 43.7635 ], [ -99.6674, 43.7604 ], [ -99.665, 43.7555 ], [ -99.6651, 43.7526 ], [ -99.6635, 43.7495 ], [ -99.6639, 43.7468 ], [ -99.6636, 43.744 ], [ -99.6623, 43.7426 ], [ -99.6619, 43.741 ], [ -99.6624, 43.7354 ], [ -99.6643, 43.7331 ], [ -99.6682, 43.7299 ], [ -99.6717, 43.7286 ], [ -99.6743, 43.728 ], [ -99.6805, 43.7281 ], [ -99.6843, 43.7278 ], [ -99.6867, 43.7286 ], [ -99.6897, 43.7311 ], [ -99.6908, 43.7336 ], [ -99.69, 43.7364 ], [ -99.6889, 43.7385 ], [ -99.6854, 43.7418 ], [ -99.685, 43.7428 ], [ -99.683, 43.7449 ], [ -99.681, 43.7494 ], [ -99.6818, 43.7508 ], [ -99.6822, 43.7537 ], [ -99.6846, 43.7569 ], [ -99.6866, 43.7585 ], [ -99.6893, 43.7593 ], [ -99.6912, 43.7603 ], [ -99.6933, 43.7605 ], [ -99.6964, 43.759 ], [ -99.6983, 43.7572 ], [ -99.7006, 43.7533 ], [ -99.7023, 43.752 ], [ -99.7046, 43.7514 ], [ -99.7067, 43.7498 ], [ -99.7088, 43.7459 ], [ -99.7085, 43.7446 ], [ -99.7104, 43.742 ], [ -99.7098, 43.7371 ], [ -99.7109, 43.7331 ], [ -99.7135, 43.7314 ], [ -99.7146, 43.7296 ], [ -99.7168, 43.7285 ], [ -99.721, 43.7258 ], [ -99.7238, 43.7217 ], [ -99.7258, 43.7208 ], [ -99.7266, 43.7198 ], [ -99.7292, 43.719 ], [ -99.7318, 43.719 ], [ -99.7338, 43.7194 ], [ -99.7365, 43.7207 ], [ -99.7397, 43.7228 ], [ -99.7402, 43.7237 ], [ -99.74, 43.7247 ], [ -99.7386, 43.7253 ], [ -99.7365, 43.7305 ], [ -99.7361, 43.7328 ], [ -99.7364, 43.7354 ], [ -99.7383, 43.7373 ], [ -99.7389, 43.7407 ], [ -99.7398, 43.7414 ], [ -99.7401, 43.7422 ], [ -99.7392, 43.744 ], [ -99.7404, 43.7472 ], [ -99.7414, 43.7479 ], [ -99.7447, 43.7487 ], [ -99.7462, 43.7487 ], [ -99.7502, 43.7478 ], [ -99.7587, 43.7425 ], [ -99.7621, 43.7396 ], [ -99.7638, 43.7367 ], [ -99.7635, 43.731 ], [ -99.7624, 43.7287 ], [ -99.7609, 43.7275 ], [ -99.7578, 43.7261 ], [ -99.7572, 43.7248 ], [ -99.7569, 43.7209 ], [ -99.7557, 43.7192 ], [ -99.7543, 43.718 ], [ -99.7481, 43.7157 ], [ -99.7459, 43.7136 ], [ -99.7451, 43.7117 ], [ -99.7458, 43.7103 ], [ -99.7474, 43.71 ], [ -99.7509, 43.7104 ], [ -99.7549, 43.7091 ], [ -99.7577, 43.7086 ], [ -99.7609, 43.7093 ], [ -99.7691, 43.713 ], [ -99.7717, 43.7134 ], [ -99.7763, 43.7108 ], [ -99.7808, 43.7098 ], [ -99.7839, 43.7097 ], [ -99.7902, 43.7106 ], [ -99.7937, 43.7115 ], [ -99.7986, 43.7116 ], [ -99.7994, 43.7108 ], [ -99.7995, 43.7089 ], [ -99.7981, 43.7038 ], [ -99.7997, 43.702 ], [ -99.8021, 43.7006 ], [ -99.8118, 43.6989 ], [ -99.8156, 43.6971 ], [ -99.828, 43.6929 ], [ -99.8378, 43.6891 ], [ -99.8399, 43.6887 ], [ -99.8414, 43.689 ], [ -99.8434, 43.692 ], [ -99.8455, 43.6935 ], [ -99.8469, 43.6956 ], [ -99.853, 43.7006 ], [ -99.8566, 43.7013 ], [ -99.8597, 43.7012 ], [ -99.8612, 43.7006 ], [ -99.8619, 43.6993 ], [ -99.8614, 43.6985 ], [ -99.8584, 43.6974 ], [ -99.8537, 43.6937 ], [ -99.8517, 43.6914 ], [ -99.851, 43.69 ], [ -99.8512, 43.6884 ], [ -99.8521, 43.6879 ], [ -99.8538, 43.688 ], [ -99.8557, 43.6901 ], [ -99.8572, 43.6912 ], [ -99.8585, 43.6916 ], [ -99.8629, 43.692 ], [ -99.8667, 43.6917 ], [ -99.8724, 43.6897 ], [ -99.8731, 43.6891 ], [ -99.8727, 43.6883 ], [ -99.8643, 43.685 ], [ -99.8629, 43.684 ], [ -99.862, 43.6829 ], [ -99.8622, 43.6786 ], [ -99.867, 43.673 ], [ -99.8706, 43.6707 ], [ -99.8717, 43.6707 ], [ -99.8725, 43.6711 ], [ -99.8753, 43.6734 ], [ -99.8787, 43.6741 ], [ -99.8804, 43.6747 ], [ -99.8828, 43.6766 ], [ -99.8844, 43.6772 ], [ -99.8878, 43.6769 ], [ -99.8885, 43.6773 ], [ -99.8893, 43.6782 ], [ -99.889, 43.6799 ], [ -99.8855, 43.6834 ], [ -99.8851, 43.6859 ], [ -99.8859, 43.687 ], [ -99.89, 43.6898 ], [ -99.8913, 43.6913 ], [ -99.892, 43.6958 ], [ -99.8926, 43.6973 ], [ -99.8936, 43.6985 ], [ -99.8982, 43.7008 ], [ -99.901, 43.7008 ], [ -99.9032, 43.7001 ], [ -99.9077, 43.6965 ], [ -99.9149, 43.6932 ], [ -99.9211, 43.6891 ], [ -99.9254, 43.6868 ], [ -99.9303, 43.6865 ], [ -99.9318, 43.6874 ], [ -99.9322, 43.6882 ], [ -99.9317, 43.6916 ], [ -99.9331, 43.6944 ], [ -99.9343, 43.6955 ], [ -99.9355, 43.6959 ], [ -99.9452, 43.697 ], [ -99.9471, 43.6976 ], [ -99.955, 43.6982 ], [ -99.9557, 43.6974 ], [ -99.9549, 43.6958 ], [ -99.9549, 43.6939 ], [ -99.9554, 43.6928 ], [ -99.9567, 43.6915 ], [ -99.962, 43.6886 ], [ -99.9648, 43.6889 ], [ -99.9654, 43.6896 ], [ -99.9656, 43.6913 ], [ -99.9672, 43.6924 ], [ -99.9706, 43.6932 ], [ -99.9738, 43.6932 ], [ -99.9752, 43.6923 ], [ -99.9761, 43.6904 ], [ -99.9762, 43.689 ], [ -99.9776, 43.6879 ], [ -99.9798, 43.6872 ], [ -99.9815, 43.6871 ], [ -99.9825, 43.6877 ], [ -99.9834, 43.6888 ], [ -99.9853, 43.6938 ], [ -99.9861, 43.6947 ], [ -99.9904, 43.6982 ], [ -99.994, 43.7003 ], [ -99.998, 43.702 ], [ -99.9989, 43.7018 ], [ -99.9997, 43.7009 ], [ -99.9999, 43.7 ], [ -99.999, 43.6969 ], [ -99.9995, 43.6951 ], [ -100.0004, 43.6938 ], [ -100.0034, 43.6924 ], [ -100.0058, 43.6922 ], [ -100.0086, 43.6929 ], [ -100.0099, 43.6937 ], [ -100.011, 43.6953 ], [ -100.0106, 43.6966 ], [ -100.0075, 43.7021 ], [ -100.0069, 43.7047 ], [ -100.0074, 43.706 ], [ -100.0082, 43.7067 ], [ -100.0093, 43.7073 ], [ -100.0133, 43.7078 ], [ -100.0166, 43.7067 ], [ -100.0195, 43.7036 ], [ -100.0311, 43.6975 ], [ -100.0322, 43.698 ], [ -100.0335, 43.7016 ], [ -100.0362, 43.7033 ], [ -100.0391, 43.7043 ], [ -100.0409, 43.7045 ], [ -100.0432, 43.7044 ], [ -100.0462, 43.7036 ], [ -100.0471, 43.7031 ], [ -100.0472, 43.7022 ], [ -100.0456, 43.6979 ], [ -100.0455, 43.6961 ], [ -100.0461, 43.6944 ], [ -100.0468, 43.6938 ], [ -100.0502, 43.6922 ], [ -100.0565, 43.693 ], [ -100.0646, 43.6915 ], [ -100.0661, 43.6915 ], [ -100.0697, 43.6923 ], [ -100.0775, 43.692 ], [ -100.0799, 43.6912 ], [ -100.082, 43.687 ], [ -100.0834, 43.6858 ], [ -100.0872, 43.6852 ], [ -100.0884, 43.6856 ], [ -100.0903, 43.6867 ], [ -100.0936, 43.6893 ], [ -100.1, 43.6924 ], [ -100.1044, 43.6942 ], [ -100.1058, 43.6944 ], [ -100.1069, 43.694 ], [ -100.1082, 43.6921 ], [ -100.1086, 43.6885 ], [ -100.1093, 43.6869 ], [ -100.111, 43.6857 ], [ -100.1139, 43.6853 ], [ -100.1152, 43.6854 ], [ -100.1194, 43.6883 ], [ -100.1205, 43.69 ], [ -100.121, 43.6943 ], [ -100.1229, 43.6965 ], [ -100.1293, 43.7012 ], [ -100.1326, 43.7032 ], [ -100.1407, 43.7042 ], [ -100.1429, 43.7041 ], [ -100.1448, 43.7033 ], [ -100.145, 43.7021 ], [ -100.1445, 43.7012 ], [ -100.1437, 43.7004 ], [ -100.1401, 43.6986 ], [ -100.1387, 43.6969 ], [ -100.1388, 43.6952 ], [ -100.1404, 43.6945 ], [ -100.146, 43.6961 ], [ -100.1494, 43.6989 ], [ -100.1541, 43.7017 ], [ -100.1619, 43.7044 ], [ -100.1641, 43.7044 ], [ -100.1654, 43.7051 ], [ -100.1711, 43.706 ], [ -100.1788, 43.7059 ], [ -100.1828, 43.7065 ], [ -100.1899, 43.7062 ], [ -100.1919, 43.7055 ], [ -100.194, 43.7056 ], [ -100.1956, 43.7053 ], [ -100.1971, 43.7042 ], [ -100.1992, 43.7014 ], [ -100.199, 43.6995 ], [ -100.2016, 43.6937 ], [ -100.2066, 43.6862 ], [ -100.2088, 43.6835 ], [ -100.2099, 43.6833 ], [ -100.2109, 43.6836 ], [ -100.2129, 43.6864 ], [ -100.2179, 43.6907 ], [ -100.2195, 43.6914 ], [ -100.2221, 43.6935 ], [ -100.2244, 43.6974 ], [ -100.2249, 43.7024 ], [ -100.2247, 43.7062 ], [ -100.2236, 43.709 ], [ -100.2247, 43.7131 ], [ -100.2254, 43.7141 ], [ -100.2267, 43.7148 ], [ -100.2322, 43.7137 ], [ -100.2342, 43.7121 ], [ -100.2395, 43.71 ], [ -100.2504, 43.704 ], [ -100.2531, 43.703 ], [ -100.2538, 43.7029 ], [ -100.2563, 43.7042 ], [ -100.2587, 43.7085 ], [ -100.2606, 43.7091 ], [ -100.2631, 43.7093 ], [ -100.2656, 43.7092 ], [ -100.2668, 43.7088 ], [ -100.2691, 43.7079 ], [ -100.27, 43.7061 ], [ -100.2722, 43.7047 ], [ -100.2736, 43.7027 ], [ -100.2738, 43.7012 ], [ -100.2749, 43.6997 ], [ -100.2762, 43.6988 ], [ -100.28, 43.6968 ], [ -100.2841, 43.6968 ], [ -100.287, 43.6971 ], [ -100.2891, 43.6978 ], [ -100.2907, 43.6987 ], [ -100.2967, 43.706 ], [ -100.298, 43.7094 ], [ -100.299, 43.7135 ], [ -100.3003, 43.7163 ], [ -100.3001, 43.717 ], [ -100.3015, 43.7201 ], [ -100.3031, 43.7213 ], [ -100.304, 43.7226 ], [ -100.3052, 43.7233 ], [ -100.3094, 43.723 ], [ -100.3111, 43.7219 ], [ -100.3174, 43.7194 ], [ -100.3205, 43.7178 ], [ -100.3219, 43.7173 ], [ -100.3234, 43.7172 ], [ -100.3241, 43.7167 ], [ -100.326, 43.7166 ], [ -100.3273, 43.7159 ], [ -100.3331, 43.7157 ], [ -100.339, 43.7169 ], [ -100.3393, 43.7391 ], [ -100.3394, 43.8471 ], [ -100.3662, 43.847 ], [ -100.3668, 43.9242 ], [ -100.3672, 44.1946 ], [ -100.0659, 44.1949 ] ] ] } },
{ "type": "Feature", "properties": { "GEOIDFQ": "1400000US46085940100", "NAME": "9401", "NAMELSAD": "Census Tract 9401" }, "geometry": { "type": "Polygon", "coordinates": [ [ [ -100.0666, 44.088 ], [ -100.066, 44.0934 ], [ -100.066, 44.1063 ], [ -100.0655, 44.1152 ], [ -100.0661, 44.1419 ], [ -100.0659, 44.1949 ], [ -99.9463, 44.195 ], [ -99.9382, 44.1952 ], [ -99.9369, 44.1914 ], [ -99.9351, 44.1883 ], [ -99.9309, 44.1829 ], [ -99.9205, 44.1722 ], [ -99.9169, 44.1679 ], [ -99.9103, 44.1546 ], [ -99.8991, 44.1412 ], [ -99.8921, 44.1344 ], [ -99.8845, 44.1296 ], [ -99.8754, 44.1264 ], [ -99.8675, 44.1244 ], [ -99.8603, 44.1236 ], [ -99.8481, 44.1242 ], [ -99.8356, 44.1255 ], [ -99.8132, 44.1301 ], [ -99.7934, 44.1332 ], [ -99.782, 44.1343 ], [ -99.7747, 44.1354 ], [ -99.7687, 44.1357 ], [ -99.7631, 44.1352 ], [ -99.7504, 44.1328 ], [ -99.7308, 44.125 ], [ -99.7263, 44.1238 ], [ -99.7092, 44.1182 ], [ -99.6994, 44.1156 ], [ -99.6929, 44.1142 ], [ -99.6891, 44.1137 ], [ -99.6778, 44.1105 ], [ -99.6744, 44.1093 ], [ -99.6654, 44.1051 ], [ -99.6545, 44.1017 ], [ -99.6378, 44.0986 ], [ -99.6325, 44.0979 ], [ -99.6296, 44.098 ], [ -99.6196, 44.1003 ], [ -99.6122, 44.1037 ], [ -99.6049, 44.1101 ], [ -99.6017, 44.1145 ], [ -99.5998, 44.1183 ], [ -99.5988, 44.1238 ], [ -99.6006, 44.133 ], [ -99.6029, 44.1393 ], [ -99.6072, 44.1453 ], [ -99.6103, 44.1489 ], [ -99.623, 44.1565 ], [ -99.6351, 44.1621 ], [ -99.645, 44.1655 ], [ -99.658, 44.1686 ], [ -99.6763, 44.1701 ], [ -99.6858, 44.1703 ], [ -99.6958, 44.1724 ], [ -99.703, 44.1772 ], [ -99.7107, 44.1846 ], [ -99.7103, 44.1932 ], [ -99.7014, 44.2034 ], [ -99.684, 44.2145 ], [ -99.6661, 44.2173 ], [ -99.6617, 44.2176 ], [ -99.6476, 44.2176 ], [ -99.6323, 44.2157 ], [ -99.6131, 44.2104 ], [ -99.5991, 44.206 ], [ -99.5939, 44.204 ], [ -99.5755, 44.1917 ], [ -99.5512, 44.1712 ], [ -99.5407, 44.1585 ], [ -99.5406, 44.1501 ], [ -99.554, 44.1278 ], [ -99.5609, 44.1097 ], [ -99.5625, 44.1015 ], [ -99.5617, 44.0975 ], [ -99.5584, 44.092 ], [ -99.5475, 44.082 ], [ -99.5431, 44.0765 ], [ -99.5395, 44.0733 ], [ -99.5344, 44.0697 ], [ -99.5242, 44.0637 ], [ -99.5182, 44.0592 ], [ -99.5113, 44.055 ], [ -99.5079, 44.0542 ], [ -99.5004, 44.0537 ], [ -99.4866, 44.0511 ], [ -99.4829, 44.0507 ], [ -99.4735, 44.05 ], [ -99.4573, 44.0494 ], [ -99.4499, 44.0485 ], [ -99.4395, 44.0468 ], [ -99.4331, 44.0449 ], [ -99.4277, 44.0428 ], [ -99.4214, 44.0397 ], [ -99.4037, 44.0268 ], [ -99.3937, 44.0213 ], [ -99.3847, 44.017 ], [ -99.3799, 44.0141 ], [ -99.3706, 44.0067 ], [ -99.3674, 44.0045 ], [ -99.365, 44.0023 ], [ -99.3601, 44.0 ], [ -99.3537, 43.9953 ], [ -99.348, 43.986 ], [ -99.346, 43.9814 ], [ -99.3459, 43.9696 ], [ -99.3462, 43.9623 ], [ -99.35, 43.9465 ], [ -99.356, 43.9342 ], [ -99.3577, 43.9268 ], [ -99.3614, 43.9209 ], [ -99.3632, 43.9148 ], [ -99.3864, 43.9142 ], [ -99.4656, 43.9144 ], [ -99.4862, 43.9147 ], [ -99.5256, 43.9145 ], [ -99.5255, 43.9631 ], [ -99.525, 43.9717 ], [ -99.5253, 44.0142 ], [ -99.5297, 44.0144 ], [ -99.5443, 44.014 ], [ -99.597, 44.0142 ], [ -99.6119, 44.0145 ], [ -99.6457, 44.014 ], [ -99.6685, 44.0141 ], [ -99.6953, 44.0135 ], [ -99.7179, 44.0141 ], [ -99.7472, 44.0139 ], [ -99.7505, 44.0134 ], [ -99.7598, 44.0138 ], [ -99.7613, 44.0135 ], [ -99.7939, 44.0131 ], [ -99.8458, 44.0137 ], [ -100.0001, 44.0129 ], [ -100.0054, 44.0133 ], [ -100.066, 44.014 ], [ -100.066, 44.0355 ], [ -100.0666, 44.0423 ], [ -100.0666, 44.088 ] ] ] } },
{ "type": "Feature", "properties": { "GEOIDFQ": "1400000US46109940700", "NAME": "9407", "NAMELSAD": "Census Tract 9407" }, "geometry": { "type": "Polygon", "coordinates": [ [ [ -97.2283, 45.9354 ], [ -97.1226, 45.9356 ], [ -97.1063, 45.9359 ], [ -96.9985, 45.9358 ], [ -96.9865, 45.9355 ], [ -96.9776, 45.9355 ], [ -96.9727, 45.9359 ], [ -96.9329, 45.9355 ], [ -96.9148, 45.9357 ], [ -96.9068, 45.9355 ], [ -96.894, 45.9359 ], [ -96.7835, 45.9357 ], [ -96.7167, 45.936 ], [ -96.6038, 45.9352 ], [ -96.5637, 45.9352 ], [ -96.565, 45.9301 ], [ -96.5646, 45.9269 ], [ -96.5648, 45.9246 ], [ -96.564, 45.9196 ], [ -96.5652, 45.9193 ], [ -96.5666, 45.9169 ], [ -96.5691, 45.917 ], [ -96.5691, 45.9153 ], [ -96.57, 45.9135 ], [ -96.5702, 45.912 ], [ -96.5699, 45.9115 ], [ -96.569, 45.9114 ], [ -96.5675, 45.9121 ], [ -96.5655, 45.9107 ], [ -96.5645, 45.9095 ], [ -96.5662, 45.9087 ], [ -96.5664, 45.9065 ], [ -96.5675, 45.904 ], [ -96.5682, 45.9035 ], [ -96.5686, 45.901 ], [ -96.5683, 45.898 ], [ -96.5689, 45.8952 ], [ -96.5683, 45.8914 ], [ -96.5689, 45.888 ], [ -96.571, 45.8871 ], [ -96.5715, 45.886 ], [ -96.5708, 45.8832 ], [ -96.5725, 45.8787 ], [ -96.5727, 45.8765 ], [ -96.5718, 45.8733 ], [ -96.5719, 45.8718 ], [ -96.5747, 45.8668 ], [ -96.5744, 45.865 ], [ -96.5731, 45.8615 ], [ -96.5744, 45.8446 ], [ -96.5775, 45.8379 ], [ -96.5773, 45.8337 ], [ -96.5782, 45.8316 ], [ -96.5797, 45.8258 ], [ -96.5831, 45.82 ], [ -96.5848, 45.8181 ], [ -96.5885, 45.8157 ], [ -96.5932, 45.8139 ], [ -96.5967, 45.8118 ], [ -96.6019, 45.8063 ], [ -96.6076, 45.7991 ], [ -96.6125, 45.7944 ], [ -96.6182, 45.7911 ], [ -96.6253, 45.7879 ], [ -96.6278, 45.7862 ], [ -96.6294, 45.7842 ], [ -96.6303, 45.7824 ], [ -96.6305, 45.781 ], [ -96.6301, 45.7794 ], [ -96.6313, 45.7791 ], [ -96.6326, 45.778 ], [ -96.6341, 45.7779 ], [ -96.6344, 45.7764 ], [ -96.6336, 45.7757 ], [ -96.6341, 45.7746 ], [ -96.6363, 45.774 ], [ -96.6395, 45.7716 ], [ -96.6397, 45.7712 ], [ -96.6388, 45.77 ], [ -96.6392, 45.7671 ], [ -96.6419, 45.7599 ], [ -96.6474, 45.7543 ], [ -96.6522, 45.7468 ], [ -96.6626, 45.7387 ], [ -96.6727, 45.7323 ], [ -96.6872, 45.7259 ], [ -96.7015, 45.7212 ], [ -96.7112, 45.7176 ], [ -96.7451, 45.7016 ], [ -96.7503, 45.6988 ], [ -96.7572, 45.691 ], [ -96.7609, 45.6875 ], [ -96.7768, 45.68 ], [ -96.7894, 45.6734 ], [ -96.7936, 45.6707 ], [ -96.8025, 45.6673 ], [ -96.8212, 45.6569 ], [ -96.8242, 45.6557 ], [ -96.8267, 45.6537 ], [ -96.8292, 45.6553 ], [ -96.8319, 45.6552 ], [ -96.8333, 45.6565 ], [ -96.8328, 45.6576 ], [ -96.8333, 45.6602 ], [ -96.8334, 45.6663 ], [ -96.8347, 45.6695 ], [ -96.8344, 45.6711 ], [ -96.8334, 45.6731 ], [ -96.8336, 45.6886 ], [ -96.8955, 45.6889 ], [ -96.8958, 45.7467 ], [ -96.9166, 45.7465 ], [ -96.9295, 45.7468 ], [ -96.9628, 45.7036 ], [ -96.9784, 45.674 ], [ -96.9783, 45.6747 ], [ -96.9789, 45.6751 ], [ -96.9808, 45.6747 ], [ -97.0823, 45.6747 ], [ -97.1026, 45.6743 ], [ -97.1027, 45.6603 ], [ -97.1125, 45.6599 ], [ -97.1278, 45.6598 ], [ -97.1305, 45.6595 ], [ -97.1345, 45.6584 ], [ -97.1435, 45.654 ], [ -97.1458, 45.6535 ], [ -97.1519, 45.6529 ], [ -97.1532, 45.6525 ], [ -97.1574, 45.65 ], [ -97.1606, 45.6493 ], [ -97.163, 45.6496 ], [ -97.1652, 45.6504 ], [ -97.175, 45.6578 ], [ -97.1773, 45.6589 ], [ -97.1802, 45.6596 ], [ -97.2272, 45.6596 ], [ -97.2283, 45.9354 ] ] ] } },
{ "type": "Feature", "properties": { "GEOIDFQ": "1400000US46109940800", "NAME": "9408", "NAMELSAD": "Census Tract 9408" }, "geometry": { "type": "Polygon", "coordinates": [ [ [ -97.1802, 45.6596 ], [ -97.1773, 45.6589 ], [ -97.175, 45.6578 ], [ -97.1652, 45.6504 ], [ -97.163, 45.6496 ], [ -97.1606, 45.6493 ], [ -97.1574, 45.65 ], [ -97.1532, 45.6525 ], [ -97.1519, 45.6529 ], [ -97.1458, 45.6535 ], [ -97.1435, 45.654 ], [ -97.135, 45.6581 ], [ -97.1319, 45.6592 ], [ -97.1284, 45.6597 ], [ -97.1236, 45.6598 ], [ -97.1234, 45.6454 ], [ -97.0405, 45.6454 ], [ -97.0406, 45.6167 ], [ -96.9897, 45.6164 ], [ -96.9896, 45.6491 ], [ -96.989, 45.6525 ], [ -96.9875, 45.6565 ], [ -96.9628, 45.7036 ], [ -96.9295, 45.7468 ], [ -96.9166, 45.7465 ], [ -96.8958, 45.7467 ], [ -96.8955, 45.6889 ], [ -96.8336, 45.6886 ], [ -96.8334, 45.6731 ], [ -96.8344, 45.6711 ], [ -96.8347, 45.6695 ], [ -96.8334, 45.6663 ], [ -96.8333, 45.6602 ], [ -96.8328, 45.6576 ], [ -96.8333, 45.6565 ], [ -96.8319, 45.6552 ], [ -96.8292, 45.6553 ], [ -96.8267, 45.6537 ], [ -96.8293, 45.6523 ], [ -96.8327, 45.6517 ], [ -96.8386, 45.6475 ], [ -96.8407, 45.6453 ], [ -96.8442, 45.6396 ], [ -96.8502, 45.625 ], [ -96.8501, 45.6236 ], [ -96.8516, 45.6198 ], [ -96.8515, 45.618 ], [ -96.8524, 45.6151 ], [ -96.8562, 45.6099 ], [ -96.8568, 45.6054 ], [ -96.8597, 45.6012 ], [ -96.8814, 45.5578 ], [ -96.8833, 45.553 ], [ -96.9173, 45.4855 ], [ -96.9215, 45.4769 ], [ -96.9305, 45.4565 ], [ -96.9395, 45.439 ], [ -96.9612, 45.3931 ], [ -96.9683, 45.3796 ], [ -96.9699, 45.375 ], [ -96.9772, 45.36 ], [ -96.9791, 45.355 ], [ -96.9833, 45.3474 ], [ -97.0075, 45.2969 ], [ -97.1649, 45.2972 ], [ -97.2262, 45.2976 ], [ -97.2261, 45.3349 ], [ -97.2269, 45.4005 ], [ -97.2265, 45.4618 ], [ -97.2269, 45.4844 ], [ -97.2272, 45.6596 ], [ -97.1802, 45.6596 ] ] ] } },
{ "type": "Feature", "properties": { "GEOIDFQ": "1400000US46011958600", "NAME": "9586", "NAMELSAD": "Census Tract 9586" }, "geometry": { "type": "Polygon", "coordinates": [ [ [ -96.7565, 44.218 ], [ -96.7585, 44.3066 ], [ -96.7563, 44.4362 ], [ -96.7569, 44.4706 ], [ -96.7569, 44.5437 ], [ -96.4518, 44.5437 ], [ -96.4521, 44.527 ], [ -96.4515, 44.5067 ], [ -96.452, 44.5062 ], [ -96.4516, 44.5058 ], [ -96.4519, 44.5053 ], [ -96.4521, 44.4705 ], [ -96.4519, 44.4589 ], [ -96.4523, 44.3549 ], [ -96.452, 44.3423 ], [ -96.4525, 44.3258 ], [ -96.4522, 44.3139 ], [ -96.4528, 44.1968 ], [ -96.526, 44.1957 ], [ -96.6159, 44.1954 ], [ -96.6958, 44.1956 ], [ -96.7094, 44.1954 ], [ -96.7471, 44.1958 ], [ -96.7585, 44.1956 ], [ -96.7565, 44.218 ] ] ] } },
{ "type": "Feature", "properties": { "GEOIDFQ": "1400000US46099000202", "NAME": "2.02", "NAMELSAD": "Census Tract 2.02" }, "geometry": { "type": "Polygon", "coordinates": [ [ [ -96.7785, 43.5672 ], [ -96.7773, 43.5703 ], [ -96.7753, 43.5726 ], [ -96.7726, 43.5721 ], [ -96.7715, 43.5729 ], [ -96.764, 43.5729 ], [ -96.7657, 43.5696 ], [ -96.7656, 43.5659 ], [ -96.7629, 43.5646 ], [ -96.7566, 43.5641 ], [ -96.7562, 43.5638 ], [ -96.7562, 43.5539 ], [ -96.7556, 43.5537 ], [ -96.7556, 43.5514 ], [ -96.756, 43.5512 ], [ -96.7513, 43.5511 ], [ -96.7512, 43.547 ], [ -96.756, 43.5474 ], [ -96.7806, 43.5477 ], [ -96.7807, 43.5515 ], [ -96.7785, 43.5672 ] ] ] } },
{ "type": "Feature", "properties": { "GEOIDFQ": "1400000US46099000408", "NAME": "4.08", "NAMELSAD": "Census Tract 4.08" }, "geometry": { "type": "Polygon", "coordinates": [ [ [ -96.6932, 43.5635 ], [ -96.6872, 43.5657 ], [ -96.68, 43.5674 ], [ -96.6716, 43.573 ], [ -96.6704, 43.5741 ], [ -96.6664, 43.5809 ], [ -96.6524, 43.5954 ], [ -96.6533, 43.5931 ], [ -96.6545, 43.587 ], [ -96.6544, 43.573 ], [ -96.6516, 43.573 ], [ -96.6515, 43.5584 ], [ -96.6716, 43.5585 ], [ -96.6715, 43.5512 ], [ -96.6937, 43.5512 ], [ -96.6932, 43.5635 ] ] ] } },
{ "type": "Feature", "properties": { "GEOIDFQ": "1400000US46099001108", "NAME": "11.08", "NAMELSAD": "Census Tract 11.08" }, "geometry": { "type": "Polygon", "coordinates": [ [ [ -96.7806, 43.5148 ], [ -96.7807, 43.513 ], [ -96.7816, 43.5106 ], [ -96.7882, 43.5003 ], [ -96.8003, 43.5003 ], [ -96.8003, 43.5025 ], [ -96.7994, 43.5034 ], [ -96.7993, 43.5047 ], [ -96.8002, 43.5065 ], [ -96.8002, 43.5136 ], [ -96.8009, 43.5148 ], [ -96.7806, 43.5148 ] ] ] } },
{ "type": "Feature", "properties": { "GEOIDFQ": "1400000US46099010501", "NAME": "105.01", "NAMELSAD": "Census Tract 105.01" }, "geometry": { "type": "Polygon", "coordinates": [ [ [ -96.592, 43.6094 ], [ -96.5714, 43.6087 ], [ -96.5321, 43.6085 ], [ -96.5323, 43.5873 ], [ -96.5632, 43.587 ], [ -96.5651, 43.5874 ], [ -96.5679, 43.5889 ], [ -96.5693, 43.5891 ], [ -96.5721, 43.5889 ], [ -96.5747, 43.587 ], [ -96.5758, 43.5874 ], [ -96.5814, 43.5874 ], [ -96.5815, 43.5946 ], [ -96.5919, 43.5946 ], [ -96.592, 43.6008 ], [ -96.5917, 43.6013 ], [ -96.5921, 43.6018 ], [ -96.592, 43.6094 ] ] ] } },
{ "type": "Feature", "properties": { "GEOIDFQ": "1400000US46099010502", "NAME": "105.02", "NAMELSAD": "Census Tract 105.02" }, "geometry": { "type": "Polygon", "coordinates": [ [ [ -96.605, 43.5784 ], [ -96.6015, 43.5796 ], [ -96.6015, 43.5802 ], [ -96.6029, 43.5807 ], [ -96.6031, 43.5815 ], [ -96.6018, 43.5822 ], [ -96.5998, 43.5821 ], [ -96.5985, 43.5832 ], [ -96.5983, 43.584 ], [ -96.5988, 43.5843 ], [ -96.5996, 43.5843 ], [ -96.6005, 43.5838 ], [ -96.6013, 43.5839 ], [ -96.6026, 43.5867 ], [ -96.6023, 43.5871 ], [ -96.6006, 43.5873 ], [ -96.6, 43.5879 ], [ -96.5999, 43.5884 ], [ -96.601, 43.5895 ], [ -96.6011, 43.5903 ], [ -96.5991, 43.5914 ], [ -96.5983, 43.5924 ], [ -96.5987, 43.5932 ], [ -96.5969, 43.5946 ], [ -96.5815, 43.5946 ], [ -96.5814, 43.5874 ], [ -96.5758, 43.5874 ], [ -96.5747, 43.587 ], [ -96.5721, 43.5889 ], [ -96.5693, 43.5891 ], [ -96.5679, 43.5889 ], [ -96.5651, 43.5874 ], [ -96.5632, 43.587 ], [ -96.5323, 43.5873 ], [ -96.5321, 43.5584 ], [ -96.5524, 43.5583 ], [ -96.5549, 43.5575 ], [ -96.56, 43.5587 ], [ -96.5616, 43.5582 ], [ -96.5756, 43.5584 ], [ -96.5793, 43.5589 ], [ -96.5848, 43.5586 ], [ -96.5868, 43.5582 ], [ -96.5891, 43.5585 ], [ -96.5917, 43.5585 ], [ -96.5939, 43.5593 ], [ -96.5935, 43.5607 ], [ -96.5938, 43.5615 ], [ -96.5957, 43.5609 ], [ -96.5965, 43.561 ], [ -96.5974, 43.5624 ], [ -96.6006, 43.5632 ], [ -96.602, 43.5643 ], [ -96.6031, 43.5666 ], [ -96.6018, 43.5679 ], [ -96.601, 43.5694 ], [ -96.6009, 43.5707 ], [ -96.5998, 43.5733 ], [ -96.5998, 43.5742 ], [ -96.6009, 43.5753 ], [ -96.6039, 43.5752 ], [ -96.6051, 43.5765 ], [ -96.6053, 43.5778 ], [ -96.605, 43.5784 ] ] ] } },
{ "type": "Feature", "properties": { "GEOIDFQ": "1400000US46099001002", "NAME": "10.02", "NAMELSAD": "Census Tract 10.02" }, "geometry": { "type": "Polygon", "coordinates": [ [ [ -96.8126, 43.5418 ], [ -96.8104, 43.5419 ], [ -96.81, 43.5432 ], [ -96.8083, 43.5433 ], [ -96.8082, 43.5439 ], [ -96.7709, 43.5439 ], [ -96.7706, 43.5426 ], [ -96.7678, 43.5394 ], [ -96.7673, 43.5378 ], [ -96.7713, 43.53 ], [ -96.7715, 43.5264 ], [ -96.7765, 43.5279 ], [ -96.7792, 43.5302 ], [ -96.7812, 43.5309 ], [ -96.7826, 43.5311 ], [ -96.7848, 43.5306 ], [ -96.7858, 43.5308 ], [ -96.7897, 43.5337 ], [ -96.7941, 43.5337 ], [ -96.7972, 43.534 ], [ -96.799, 43.5347 ], [ -96.8014, 43.5343 ], [ -96.8024, 43.5344 ], [ -96.8031, 43.5358 ], [ -96.8042, 43.5359 ], [ -96.8059, 43.5369 ], [ -96.8053, 43.538 ], [ -96.8055, 43.5385 ], [ -96.8069, 43.5387 ], [ -96.8097, 43.5382 ], [ -96.8122, 43.5394 ], [ -96.8129, 43.5406 ], [ -96.8126, 43.5418 ] ] ] } },
{ "type": "Feature", "properties": { "GEOIDFQ": "1400000US46099000407", "NAME": "4.07", "NAMELSAD": "Census Tract 4.07" }, "geometry": { "type": "Polygon", "coordinates": [ [ [ -96.678, 43.5403 ], [ -96.6776, 43.5408 ], [ -96.6784, 43.5412 ], [ -96.6783, 43.5439 ], [ -96.6732, 43.544 ], [ -96.6694, 43.5433 ], [ -96.6625, 43.5439 ], [ -96.6522, 43.5439 ], [ -96.6518, 43.5294 ], [ -96.6714, 43.5294 ], [ -96.6714, 43.5367 ], [ -96.6783, 43.5367 ], [ -96.678, 43.5403 ] ] ] } },
{ "type": "Feature", "properties": { "GEOIDFQ": "1400000US46093020200", "NAME": "202", "NAMELSAD": "Census Tract 202" }, "geometry": { "type": "Polygon", "coordinates": [ [ [ -103.1267, 44.1635 ], [ -103.1288, 44.1651 ], [ -103.1285, 44.1653 ], [ -103.1265, 44.1637 ], [ -103.1235, 44.1655 ], [ -103.1222, 44.1655 ], [ -103.1222, 44.1729 ], [ -103.1209, 44.1729 ], [ -103.1209, 44.1765 ], [ -103.0907, 44.1764 ], [ -103.0907, 44.1728 ], [ -103.0758, 44.173 ], [ -103.0758, 44.1582 ], [ -103.081, 44.1582 ], [ -103.081, 44.1546 ], [ -103.0698, 44.1545 ], [ -103.0698, 44.1495 ], [ -103.0607, 44.1494 ], [ -103.0607, 44.143 ], [ -103.0687, 44.143 ], [ -103.0687, 44.1425 ], [ -103.0709, 44.1424 ], [ -103.071, 44.1408 ], [ -103.1108, 44.1408 ], [ -103.1107, 44.1455 ], [ -103.1132, 44.1474 ], [ -103.1144, 44.1474 ], [ -103.1144, 44.1467 ], [ -103.1162, 44.1467 ], [ -103.1161, 44.1478 ], [ -103.1187, 44.153 ], [ -103.1202, 44.1547 ], [ -103.121, 44.1546 ], [ -103.121, 44.1552 ], [ -103.1291, 44.1619 ], [ -103.1267, 44.1635 ] ] ] } },
{ "type": "Feature", "properties": { "GEOIDFQ": "1400000US46093020302", "NAME": "203.02", "NAMELSAD": "Census Tract 203.02" }, "geometry": { "type": "Polygon", "coordinates": [ [ [ -103.5683, 44.5175 ], [ -103.5687, 44.5196 ], [ -103.5677, 44.6041 ], [ -103.5005, 44.6047 ], [ -103.4672, 44.6045 ], [ -103.4671, 44.6047 ], [ -103.4475, 44.6048 ], [ -103.445, 44.6046 ], [ -103.4028, 44.6048 ], [ -103.4014, 44.605 ], [ -103.387, 44.6048 ], [ -103.3867, 44.6046 ], [ -103.3465, 44.6045 ], [ -103.3473, 44.4729 ], [ -103.3463, 44.4713 ], [ -103.3438, 44.4702 ], [ -103.3484, 44.4643 ], [ -103.3498, 44.4631 ], [ -103.381, 44.4469 ], [ -103.4222, 44.4188 ], [ -103.4251, 44.4174 ], [ -103.4286, 44.4168 ], [ -103.4285, 44.4165 ], [ -103.3909, 44.4165 ], [ -103.3892, 44.4172 ], [ -103.3883, 44.4183 ], [ -103.3881, 44.4239 ], [ -103.159, 44.4237 ], [ -103.157, 44.4236 ], [ -103.1494, 44.4218 ], [ -103.1416, 44.4221 ], [ -103.1397, 44.4218 ], [ -103.1254, 44.4152 ], [ -103.1255, 44.3742 ], [ -103.1262, 44.3694 ], [ -103.1256, 44.3654 ], [ -103.1257, 44.3448 ], [ -103.1265, 44.3442 ], [ -103.1301, 44.3441 ], [ -103.131, 44.3437 ], [ -103.1314, 44.3426 ], [ -103.1314, 44.3366 ], [ -103.1342, 44.3305 ], [ -103.1405, 44.3262 ], [ -103.1461, 44.323 ], [ -103.1482, 44.3192 ], [ -103.1512, 44.3161 ], [ -103.1517, 44.3149 ], [ -103.1514, 44.2945 ], [ -103.1527, 44.291 ], [ -103.1515, 44.2857 ], [ -103.1515, 44.2759 ], [ -103.1519, 44.273 ], [ -103.1514, 44.2707 ], [ -103.1514, 44.2656 ], [ -103.1513, 44.2434 ], [ -103.1517, 44.2414 ], [ -103.1513, 44.2395 ], [ -103.1509, 44.1683 ], [ -103.1513, 44.1408 ], [ -103.2954, 44.1409 ], [ -103.3075, 44.1621 ], [ -103.3093, 44.1639 ], [ -103.3178, 44.1692 ], [ -103.319, 44.1703 ], [ -103.3201, 44.1719 ], [ -103.3225, 44.1781 ], [ -103.3238, 44.1799 ], [ -103.3479, 44.1972 ], [ -103.3673, 44.2167 ], [ -103.378, 44.224 ], [ -103.3659, 44.2239 ], [ -103.3621, 44.2269 ], [ -103.3606, 44.2274 ], [ -103.3565, 44.2272 ], [ -103.3502, 44.226 ], [ -103.3485, 44.2262 ], [ -103.3469, 44.2273 ], [ -103.3474, 44.2283 ], [ -103.3474, 44.2386 ], [ -103.3559, 44.2385 ], [ -103.3564, 44.2398 ], [ -103.3576, 44.2399 ], [ -103.3597, 44.2412 ], [ -103.3618, 44.2411 ], [ -103.3685, 44.2422 ], [ -103.3968, 44.2421 ], [ -103.3985, 44.2441 ], [ -103.433, 44.2972 ], [ -103.4339, 44.3001 ], [ -103.4367, 44.3172 ], [ -103.4366, 44.32 ], [ -103.4354, 44.3239 ], [ -103.4352, 44.3256 ], [ -103.4357, 44.3273 ], [ -103.4372, 44.3297 ], [ -103.4445, 44.3407 ], [ -103.4452, 44.3416 ], [ -103.4453, 44.3412 ], [ -103.4665, 44.3654 ], [ -103.4787, 44.3758 ], [ -103.4834, 44.3802 ], [ -103.4861, 44.3835 ], [ -103.4863, 44.385 ], [ -103.4875, 44.3862 ], [ -103.4878, 44.3872 ], [ -103.487, 44.3891 ], [ -103.4886, 44.3915 ], [ -103.4882, 44.3921 ], [ -103.4885, 44.394 ], [ -103.4893, 44.3946 ], [ -103.4943, 44.3946 ], [ -103.4939, 44.3956 ], [ -103.4934, 44.4091 ], [ -103.4888, 44.4092 ], [ -103.4887, 44.4118 ], [ -103.4915, 44.4133 ], [ -103.4932, 44.4136 ], [ -103.4932, 44.4165 ], [ -103.4992, 44.4196 ], [ -103.5005, 44.4195 ], [ -103.5063, 44.4213 ], [ -103.509, 44.4218 ], [ -103.5231, 44.4262 ], [ -103.526, 44.4261 ], [ -103.5446, 44.4326 ], [ -103.5478, 44.4335 ], [ -103.5492, 44.4335 ], [ -103.5507, 44.4329 ], [ -103.5522, 44.4327 ], [ -103.5593, 44.4348 ], [ -103.5631, 44.4367 ], [ -103.5655, 44.4386 ], [ -103.5673, 44.4413 ], [ -103.5688, 44.4416 ], [ -103.5683, 44.5175 ] ] ] } },
{ "type": "Feature", "properties": { "GEOIDFQ": "1400000US46053971100", "NAME": "9711", "NAMELSAD": "Census Tract 9711" }, "geometry": { "type": "Polygon", "coordinates": [ [ [ -99.298, 43.4997 ], [ -99.2988, 43.4983 ], [ -99.2997, 43.4954 ], [ -99.3034, 43.4901 ], [ -99.3046, 43.4855 ], [ -99.3082, 43.4811 ], [ -99.3099, 43.4777 ], [ -99.3107, 43.4728 ], [ -99.3107, 43.4699 ], [ -99.3101, 43.4679 ], [ -99.3086, 43.4649 ], [ -99.3069, 43.4624 ], [ -99.3043, 43.4604 ], [ -99.2933, 43.4533 ], [ -99.2878, 43.4505 ], [ -99.2831, 43.4464 ], [ -99.2783, 43.4435 ], [ -99.2757, 43.4425 ], [ -99.2716, 43.4415 ], [ -99.2689, 43.4413 ], [ -99.2659, 43.4399 ], [ -99.2614, 43.4389 ], [ -99.2559, 43.4371 ], [ -99.2514, 43.4365 ], [ -99.2219, 43.436 ], [ -99.2109, 43.4369 ], [ -99.2025, 43.4368 ], [ -99.1914, 43.436 ], [ -99.1899, 43.436 ], [ -99.1835, 43.4377 ], [ -99.1777, 43.4379 ], [ -99.1699, 43.4362 ], [ -99.1648, 43.4341 ], [ -99.1583, 43.4307 ], [ -99.1539, 43.4277 ], [ -99.1485, 43.4221 ], [ -99.1396, 43.4073 ], [ -99.1404, 43.4036 ], [ -99.14, 43.4009 ], [ -99.1377, 43.3963 ], [ -99.1357, 43.3928 ], [ -99.1319, 43.3892 ], [ -99.1311, 43.3872 ], [ -99.1264, 43.3806 ], [ -99.1228, 43.3793 ], [ -99.1169, 43.376 ], [ -99.1089, 43.373 ], [ -99.1059, 43.3709 ], [ -99.1021, 43.3667 ], [ -99.0965, 43.3583 ], [ -99.0926, 43.3537 ], [ -99.0863, 43.3393 ], [ -99.083, 43.335 ], [ -99.077, 43.3298 ], [ -99.0753, 43.3278 ], [ -99.0785, 43.3261 ], [ -99.0828, 43.3231 ], [ -99.0861, 43.3202 ], [ -99.0882, 43.3192 ], [ -99.0882, 43.3182 ], [ -99.0889, 43.3177 ], [ -99.0903, 43.3147 ], [ -99.0915, 43.314 ], [ -99.0924, 43.3121 ], [ -99.0927, 43.3082 ], [ -99.0934, 43.3079 ], [ -99.0972, 43.3086 ], [ -99.0984, 43.3084 ], [ -99.1021, 43.3095 ], [ -99.1034, 43.3091 ], [ -99.1056, 43.3101 ], [ -99.1063, 43.3098 ], [ -99.1036, 43.3079 ], [ -99.0998, 43.3012 ], [ -99.0984, 43.3007 ], [ -99.094, 43.3007 ], [ -99.0903, 43.2998 ], [ -99.087, 43.2978 ], [ -99.083, 43.2966 ], [ -99.0807, 43.2944 ], [ -99.0782, 43.2906 ], [ -99.0737, 43.2873 ], [ -99.0697, 43.2858 ], [ -99.0648, 43.2815 ], [ -99.0652, 43.2801 ], [ -99.0651, 43.2773 ], [ -99.0671, 43.2772 ], [ -99.0669, 43.2745 ], [ -99.0754, 43.2747 ], [ -99.0733, 43.2729 ], [ -99.0726, 43.2715 ], [ -99.0704, 43.2695 ], [ -99.0702, 43.2665 ], [ -99.0716, 43.2638 ], [ -99.0727, 43.2631 ], [ -99.0745, 43.2639 ], [ -99.0772, 43.2644 ], [ -99.0794, 43.2656 ], [ -99.0802, 43.2656 ], [ -99.0808, 43.2668 ], [ -99.0821, 43.2667 ], [ -99.0831, 43.2662 ], [ -99.0866, 43.2667 ], [ -99.089, 43.2665 ], [ -99.0921, 43.2675 ], [ -99.0936, 43.2686 ], [ -99.0948, 43.2683 ], [ -99.0978, 43.2687 ], [ -99.1004, 43.2677 ], [ -99.1032, 43.2682 ], [ -99.1047, 43.2673 ], [ -99.1061, 43.2672 ], [ -99.1069, 43.2665 ], [ -99.109, 43.2664 ], [ -99.1091, 43.2649 ], [ -99.1085, 43.2615 ], [ -99.1088, 43.261 ], [ -99.1103, 43.2607 ], [ -99.1192, 43.2608 ], [ -99.1197, 43.2556 ], [ -99.134, 43.2556 ], [ -99.1388, 43.2567 ], [ -99.1408, 43.2556 ], [ -99.1877, 43.2556 ], [ -99.1884, 43.255 ], [ -99.1877, 43.2514 ], [ -99.1898, 43.2489 ], [ -99.1956, 43.2487 ], [ -99.1993, 43.2504 ], [ -99.2029, 43.2502 ], [ -99.2037, 43.2485 ], [ -99.2076, 43.2446 ], [ -99.2083, 43.2409 ], [ -99.2092, 43.2403 ], [ -99.2119, 43.2404 ], [ -99.2148, 43.2412 ], [ -99.2369, 43.2413 ], [ -99.2376, 43.241 ], [ -99.2378, 43.2399 ], [ -99.2384, 43.2395 ], [ -99.2473, 43.2395 ], [ -99.2519, 43.2414 ], [ -99.376, 43.2413 ], [ -99.3758, 43.169 ], [ -99.534, 43.1689 ], [ -99.5339, 43.4581 ], [ -99.5345, 43.4998 ], [ -99.298, 43.4997 ] ] ] } },
{ "type": "Feature", "properties": { "GEOIDFQ": "1400000US46053971200", "NAME": "9712", "NAMELSAD": "Census Tract 9712" }, "geometry": { "type": "Polygon", "coordinates": [ [ [ -99.5341, 43.0809 ], [ -99.5336, 43.0817 ], [ -99.5341, 43.0822 ], [ -99.534, 43.1689 ], [ -99.3758, 43.169 ], [ -99.376, 43.2413 ], [ -99.2519, 43.2414 ], [ -99.2473, 43.2395 ], [ -99.2384, 43.2395 ], [ -99.2378, 43.2399 ], [ -99.2376, 43.241 ], [ -99.2369, 43.2413 ], [ -99.2148, 43.2412 ], [ -99.2119, 43.2404 ], [ -99.2092, 43.2403 ], [ -99.2083, 43.2409 ], [ -99.2076, 43.2446 ], [ -99.2037, 43.2485 ], [ -99.2029, 43.2502 ], [ -99.1993, 43.2504 ], [ -99.1956, 43.2487 ], [ -99.1898, 43.2489 ], [ -99.1877, 43.2514 ], [ -99.1884, 43.255 ], [ -99.1877, 43.2556 ], [ -99.1408, 43.2556 ], [ -99.1388, 43.2567 ], [ -99.134, 43.2556 ], [ -99.1197, 43.2556 ], [ -99.1192, 43.2608 ], [ -99.1103, 43.2607 ], [ -99.1088, 43.261 ], [ -99.1085, 43.2615 ], [ -99.1091, 43.2649 ], [ -99.109, 43.2664 ], [ -99.1069, 43.2665 ], [ -99.1061, 43.2672 ], [ -99.1047, 43.2673 ], [ -99.1032, 43.2682 ], [ -99.1004, 43.2677 ], [ -99.0978, 43.2687 ], [ -99.0948, 43.2683 ], [ -99.0936, 43.2686 ], [ -99.0921, 43.2675 ], [ -99.089, 43.2665 ], [ -99.0866, 43.2667 ], [ -99.0831, 43.2662 ], [ -99.0821, 43.2667 ], [ -99.0808, 43.2668 ], [ -99.0802, 43.2656 ], [ -99.0794, 43.2656 ], [ -99.0773, 43.2645 ], [ -99.0745, 43.2639 ], [ -99.0727, 43.2631 ], [ -99.0715, 43.2639 ], [ -99.0703, 43.2662 ], [ -99.0703, 43.2693 ], [ -99.0726, 43.2715 ], [ -99.0733, 43.2729 ], [ -99.0754, 43.2747 ], [ -99.0669, 43.2745 ], [ -99.0671, 43.2772 ], [ -99.0651, 43.2773 ], [ -99.0652, 43.2801 ], [ -99.0648, 43.2815 ], [ -99.0697, 43.2858 ], [ -99.0737, 43.2873 ], [ -99.0782, 43.2906 ], [ -99.0807, 43.2944 ], [ -99.083, 43.2966 ], [ -99.087, 43.2978 ], [ -99.0903, 43.2998 ], [ -99.094, 43.3007 ], [ -99.0984, 43.3007 ], [ -99.0998, 43.3012 ], [ -99.1036, 43.3079 ], [ -99.1063, 43.3098 ], [ -99.1056, 43.3101 ], [ -99.1034, 43.3091 ], [ -99.1021, 43.3095 ], [ -99.0984, 43.3084 ], [ -99.0972, 43.3086 ], [ -99.0934, 43.3079 ], [ -99.0927, 43.3082 ], [ -99.0924, 43.3121 ], [ -99.0915, 43.314 ], [ -99.0903, 43.3147 ], [ -99.0889, 43.3177 ], [ -99.0882, 43.3182 ], [ -99.0882, 43.3192 ], [ -99.0861, 43.3202 ], [ -99.0828, 43.3231 ], [ -99.0785, 43.3261 ], [ -99.0753, 43.3278 ], [ -99.0693, 43.3207 ], [ -99.0571, 43.3121 ], [ -99.0376, 43.2993 ], [ -99.0337, 43.2971 ], [ -99.0277, 43.2949 ], [ -99.0203, 43.2907 ], [ -99.0004, 43.2758 ], [ -98.9912, 43.2664 ], [ -98.9813, 43.2589 ], [ -98.9688, 43.2538 ], [ -98.9623, 43.2524 ], [ -98.9504, 43.2488 ], [ -98.9457, 43.2483 ], [ -98.9096, 43.248 ], [ -98.9026, 43.2476 ], [ -98.8968, 43.2469 ], [ -98.8927, 43.2456 ], [ -98.8878, 43.2432 ], [ -98.8841, 43.2399 ], [ -98.8814, 43.2357 ], [ -98.8777, 43.2266 ], [ -98.8764, 43.2141 ], [ -98.8763, 43.2085 ], [ -98.8779, 43.1839 ], [ -98.8776, 43.18 ], [ -98.8765, 43.177 ], [ -98.8754, 43.1753 ], [ -98.8752, 43.1736 ], [ -98.8741, 43.171 ], [ -98.8716, 43.1659 ], [ -98.8688, 43.162 ], [ -98.8656, 43.1596 ], [ -98.8601, 43.1564 ], [ -98.8536, 43.1546 ], [ -98.8387, 43.153 ], [ -98.8101, 43.1519 ], [ -98.8006, 43.1513 ], [ -98.7904, 43.1501 ], [ -98.7734, 43.1459 ], [ -98.7654, 43.1413 ], [ -98.7575, 43.1356 ], [ -98.7504, 43.1295 ], [ -98.7477, 43.1267 ], [ -98.7313, 43.1052 ], [ -98.7269, 43.1002 ], [ -98.7146, 43.0889 ], [ -98.7076, 43.0841 ], [ -98.7007, 43.0814 ], [ -98.6905, 43.0766 ], [ -98.6832, 43.0748 ], [ -98.6636, 43.0719 ], [ -98.653, 43.0713 ], [ -98.6451, 43.0713 ], [ -98.6254, 43.0736 ], [ -98.6186, 43.0742 ], [ -98.6158, 43.074 ], [ -98.6127, 43.0733 ], [ -98.6096, 43.0719 ], [ -98.5916, 43.0681 ], [ -98.5781, 43.0648 ], [ -98.5601, 43.0593 ], [ -98.5575, 43.059 ], [ -98.5534, 43.0571 ], [ -98.5514, 43.0553 ], [ -98.5432, 43.0514 ], [ -98.5272, 43.0413 ], [ -98.5148, 43.0294 ], [ -98.5067, 43.0193 ], [ -98.5021, 43.0123 ], [ -98.5011, 43.0092 ], [ -98.4991, 43.0059 ], [ -98.4986, 43.0038 ], [ -98.4985, 42.9986 ], [ -98.6918, 42.9985 ], [ -98.7856, 42.9981 ], [ -98.804, 42.9985 ], [ -98.8046, 42.9983 ], [ -98.881, 42.9982 ], [ -99.0216, 42.9984 ], [ -99.0649, 42.9981 ], [ -99.0801, 42.9984 ], [ -99.1362, 42.9982 ], [ -99.1391, 42.9982 ], [ -99.1393, 42.9985 ], [ -99.1558, 42.9982 ], [ -99.164, 42.9985 ], [ -99.1957, 42.9981 ], [ -99.3484, 42.9982 ], [ -99.4715, 42.9979 ], [ -99.4887, 42.9981 ], [ -99.494, 42.9979 ], [ -99.534, 42.998 ], [ -99.5341, 43.0809 ] ] ] } },
{ "type": "Feature", "properties": { "GEOIDFQ": "1400000US46059975600", "NAME": "9756", "NAMELSAD": "Census Tract 9756" }, "geometry": { "type": "Polygon", "coordinates": [ [ [ -99.3117, 44.7393 ], [ -99.3121, 44.8524 ], [ -99.3118, 44.8972 ], [ -98.7054, 44.8969 ], [ -98.7057, 44.5473 ], [ -98.7013, 44.5473 ], [ -98.7012, 44.2843 ], [ -98.7008, 44.1988 ], [ -98.7005, 44.1967 ], [ -98.8078, 44.1967 ], [ -98.8229, 44.1963 ], [ -99.0853, 44.1968 ], [ -99.0907, 44.1966 ], [ -99.2347, 44.1965 ], [ -99.2367, 44.1964 ], [ -99.2369, 44.1949 ], [ -99.2608, 44.1946 ], [ -99.2643, 44.1948 ], [ -99.3002, 44.1948 ], [ -99.3006, 44.2485 ], [ -99.3003, 44.25 ], [ -99.3002, 44.3138 ], [ -99.3003, 44.3734 ], [ -99.3007, 44.387 ], [ -99.3002, 44.4124 ], [ -99.3007, 44.4438 ], [ -99.3005, 44.5474 ], [ -99.3125, 44.5475 ], [ -99.3126, 44.6348 ], [ -99.3117, 44.7393 ] ], [ [ -99.0443, 44.4866 ], [ -98.9415, 44.4865 ], [ -98.9405, 44.4862 ], [ -98.8637, 44.4864 ], [ -98.8631, 44.5476 ], [ -99.0445, 44.5473 ], [ -99.0443, 44.4866 ] ] ] } },
{ "type": "Feature", "properties": { "GEOIDFQ": "1400000US46059975700", "NAME": "9757", "NAMELSAD": "Census Tract 9757" }, "geometry": { "type": "Polygon", "coordinates": [ [ [ -98.8631, 44.5476 ], [ -98.8637, 44.4864 ], [ -98.9405, 44.4862 ], [ -98.9415, 44.4865 ], [ -99.0443, 44.4866 ], [ -99.0441, 44.5005 ], [ -99.0445, 44.5078 ], [ -99.0444, 44.547 ], [ -99.0446, 44.5473 ], [ -98.8631, 44.5476 ] ] ] } },
{ "type": "Feature", "properties": { "GEOIDFQ": "1400000US46077958200", "NAME": "9582", "NAMELSAD": "Census Tract 9582" }, "geometry": { "type": "Polygon", "coordinates": [ [ [ -97.853, 44.5444 ], [ -97.5524, 44.544 ], [ -97.5519, 44.5405 ], [ -97.5522, 44.4555 ], [ -97.5518, 44.4267 ], [ -97.4712, 44.4267 ], [ -97.4714, 44.3544 ], [ -97.5516, 44.3545 ], [ -97.5515, 44.3305 ], [ -97.5522, 44.2167 ], [ -97.5521, 44.1983 ], [ -97.5517, 44.1951 ], [ -97.5685, 44.1953 ], [ -97.6293, 44.1948 ], [ -97.6778, 44.1948 ], [ -97.8158, 44.1955 ], [ -97.8531, 44.1952 ], [ -97.8537, 44.1952 ], [ -97.853, 44.5444 ] ] ] } },
{ "type": "Feature", "properties": { "GEOIDFQ": "1400000US46077958100", "NAME": "9581", "NAMELSAD": "Census Tract 9581" }, "geometry": { "type": "Polygon", "coordinates": [ [ [ -97.128, 44.5431 ], [ -97.1278, 44.5324 ], [ -97.1288, 44.4198 ], [ -97.1287, 44.3645 ], [ -97.1291, 44.3513 ], [ -97.1291, 44.2297 ], [ -97.1297, 44.1959 ], [ -97.2721, 44.1961 ], [ -97.4093, 44.1947 ], [ -97.5517, 44.1951 ], [ -97.5521, 44.1983 ], [ -97.5522, 44.2167 ], [ -97.5515, 44.3305 ], [ -97.5516, 44.3545 ], [ -97.4714, 44.3544 ], [ -97.4712, 44.4267 ], [ -97.5518, 44.4267 ], [ -97.5522, 44.4555 ], [ -97.5519, 44.5405 ], [ -97.5524, 44.544 ], [ -97.128, 44.5431 ] ] ] } },
{ "type": "Feature", "properties": { "GEOIDFQ": "1400000US46101959600", "NAME": "9596", "NAMELSAD": "Census Tract 9596" }, "geometry": { "type": "Polygon", "coordinates": [ [ [ -96.8892, 44.1957 ], [ -96.5665, 44.1955 ], [ -96.526, 44.1957 ], [ -96.4528, 44.1968 ], [ -96.4535, 43.9064 ], [ -96.453, 43.8495 ], [ -96.4873, 43.8486 ], [ -96.5066, 43.8476 ], [ -96.5366, 43.8475 ], [ -96.5699, 43.848 ], [ -96.6375, 43.8479 ], [ -96.6585, 43.8484 ], [ -96.7064, 43.8482 ], [ -96.7072, 43.8484 ], [ -96.7082, 43.8482 ], [ -96.7298, 43.8482 ], [ -96.8887, 43.8484 ], [ -96.8886, 44.1382 ], [ -96.8892, 44.1568 ], [ -96.8892, 44.1957 ] ], [ [ -96.7083, 43.9654 ], [ -96.7084, 43.9497 ], [ -96.607, 43.9497 ], [ -96.6072, 43.993 ], [ -96.5865, 43.9929 ], [ -96.5867, 44.0074 ], [ -96.5876, 44.0218 ], [ -96.5687, 44.0218 ], [ -96.5471, 44.0224 ], [ -96.5466, 44.0515 ], [ -96.526, 44.0517 ], [ -96.5061, 44.0514 ], [ -96.5056, 44.0804 ], [ -96.5257, 44.0808 ], [ -96.5257, 44.0949 ], [ -96.5272, 44.1025 ], [ -96.5281, 44.1117 ], [ -96.5296, 44.1413 ], [ -96.549, 44.1382 ], [ -96.5845, 44.1383 ], [ -96.5867, 44.1389 ], [ -96.5885, 44.1383 ], [ -96.6085, 44.138 ], [ -96.6484, 44.1381 ], [ -96.6485, 44.022 ], [ -96.7088, 44.0221 ], [ -96.7089, 43.9862 ], [ -96.7083, 43.9654 ] ] ] } },
{ "type": "Feature", "properties": { "GEOIDFQ": "1400000US46101959700", "NAME": "9597", "NAMELSAD": "Census Tract 9597" }, "geometry": { "type": "Polygon", "coordinates": [ [ [ -96.7088, 44.0221 ], [ -96.6485, 44.022 ], [ -96.6484, 44.1381 ], [ -96.6085, 44.138 ], [ -96.5885, 44.1383 ], [ -96.5867, 44.1389 ], [ -96.5845, 44.1383 ], [ -96.549, 44.1382 ], [ -96.5296, 44.1413 ], [ -96.5281, 44.1117 ], [ -96.5272, 44.1025 ], [ -96.5257, 44.0949 ], [ -96.5257, 44.0808 ], [ -96.5056, 44.0804 ], [ -96.5061, 44.0514 ], [ -96.526, 44.0517 ], [ -96.5466, 44.0515 ], [ -96.5471, 44.0224 ], [ -96.5687, 44.0218 ], [ -96.5876, 44.0218 ], [ -96.5867, 44.0074 ], [ -96.5865, 43.9929 ], [ -96.6072, 43.993 ], [ -96.607, 43.9497 ], [ -96.7084, 43.9497 ], [ -96.7083, 43.9654 ], [ -96.7089, 43.9863 ], [ -96.7088, 44.0221 ] ] ] } },
{ "type": "Feature", "properties": { "GEOIDFQ": "1400000US46031941000", "NAME": "9410", "NAMELSAD": "Census Tract 9410" }, "geometry": { "type": "Polygon", "coordinates": [ [ [ -102.0003, 45.7835 ], [ -102.0006, 45.8212 ], [ -102.0002, 45.9346 ], [ -102.0007, 45.9446 ], [ -102.0004, 45.9447 ], [ -101.9392, 45.9445 ], [ -101.8869, 45.9448 ], [ -101.7861, 45.9443 ], [ -101.6802, 45.9442 ], [ -101.6248, 45.9444 ], [ -101.5215, 45.944 ], [ -101.4998, 45.9443 ], [ -101.4204, 45.9438 ], [ -101.3667, 45.9442 ], [ -101.2058, 45.9439 ], [ -101.1137, 45.9441 ], [ -101.0589, 45.9434 ], [ -100.9773, 45.9438 ], [ -100.9766, 45.9432 ], [ -100.9765, 45.7606 ], [ -100.8107, 45.7606 ], [ -100.8107, 45.7484 ], [ -100.8113, 45.7462 ], [ -100.8107, 45.7461 ], [ -100.8107, 45.7439 ], [ -100.8101, 45.743 ], [ -100.8063, 45.7399 ], [ -100.8047, 45.7391 ], [ -100.7686, 45.739 ], [ -100.7654, 45.7394 ], [ -100.7612, 45.7388 ], [ -100.733, 45.7387 ], [ -100.7294, 45.7384 ], [ -100.7258, 45.7388 ], [ -100.7073, 45.7388 ], [ -100.6764, 45.7159 ], [ -100.6747, 45.7143 ], [ -100.6734, 45.7117 ], [ -100.6619, 45.6797 ], [ -100.6608, 45.6778 ], [ -100.6581, 45.6761 ], [ -100.6431, 45.6708 ], [ -100.641, 45.6691 ], [ -100.6404, 45.6672 ], [ -100.6349, 45.6302 ], [ -100.6342, 45.6278 ], [ -100.6221, 45.6037 ], [ -100.6128, 45.592 ], [ -100.6069, 45.585 ], [ -100.6046, 45.5832 ], [ -100.5711, 45.5667 ], [ -100.5675, 45.5653 ], [ -100.5621, 45.5639 ], [ -100.5658, 45.5567 ], [ -100.5663, 45.5549 ], [ -100.5665, 45.508 ], [ -100.5682, 45.5056 ], [ -100.5945, 45.4864 ], [ -100.5991, 45.4838 ], [ -100.6114, 45.4786 ], [ -100.6049, 45.4726 ], [ -100.6109, 45.4725 ], [ -100.6259, 45.4728 ], [ -100.6812, 45.4726 ], [ -101.008, 45.4728 ], [ -101.1207, 45.4725 ], [ -101.2614, 45.4728 ], [ -101.3755, 45.4724 ], [ -101.3883, 45.4727 ], [ -101.6543, 45.4722 ], [ -101.6868, 45.4727 ], [ -101.7399, 45.4725 ], [ -101.8696, 45.4729 ], [ -101.8755, 45.4726 ], [ -101.9183, 45.4724 ], [ -101.9723, 45.4726 ], [ -101.9998, 45.4724 ], [ -102.0004, 45.5261 ], [ -102.0, 45.6042 ], [ -102.001, 45.712 ], [ -102.0003, 45.7835 ] ] ] } },
{ "type": "Feature", "properties": { "GEOIDFQ": "1400000US46031941100", "NAME": "9411", "NAMELSAD": "Census Tract 9411" }, "geometry": { "type": "Polygon", "coordinates": [ [ [ -100.834, 45.9436 ], [ -100.7722, 45.9439 ], [ -100.7506, 45.9437 ], [ -100.7211, 45.944 ], [ -100.6229, 45.9436 ], [ -100.577, 45.9438 ], [ -100.4994, 45.9437 ], [ -100.4887, 45.9303 ], [ -100.4713, 45.9218 ], [ -100.4659, 45.921 ], [ -100.4624, 45.9196 ], [ -100.4313, 45.8973 ], [ -100.4175, 45.884 ], [ -100.4001, 45.875 ], [ -100.3989, 45.875 ], [ -100.3906, 45.8715 ], [ -100.387, 45.8691 ], [ -100.3838, 45.8648 ], [ -100.3806, 45.8582 ], [ -100.3805, 45.8542 ], [ -100.3824, 45.8386 ], [ -100.3812, 45.8299 ], [ -100.379, 45.8234 ], [ -100.3755, 45.816 ], [ -100.3668, 45.802 ], [ -100.3606, 45.7907 ], [ -100.3527, 45.7759 ], [ -100.3512, 45.7718 ], [ -100.3371, 45.75 ], [ -100.3184, 45.7245 ], [ -100.309, 45.7078 ], [ -100.3082, 45.7012 ], [ -100.3088, 45.6896 ], [ -100.3155, 45.6767 ], [ -100.3178, 45.6735 ], [ -100.3203, 45.6714 ], [ -100.323, 45.6699 ], [ -100.3372, 45.6632 ], [ -100.345, 45.6615 ], [ -100.3541, 45.6605 ], [ -100.3749, 45.661 ], [ -100.3803, 45.6608 ], [ -100.3874, 45.6594 ], [ -100.3924, 45.6581 ], [ -100.402, 45.6531 ], [ -100.4064, 45.65 ], [ -100.4131, 45.6414 ], [ -100.4167, 45.6347 ], [ -100.4198, 45.6248 ], [ -100.4238, 45.6248 ], [ -100.4239, 45.623 ], [ -100.423, 45.6196 ], [ -100.4234, 45.6161 ], [ -100.4257, 45.6101 ], [ -100.4268, 45.6035 ], [ -100.4293, 45.5976 ], [ -100.4308, 45.5917 ], [ -100.4321, 45.5889 ], [ -100.4342, 45.5857 ], [ -100.4408, 45.579 ], [ -100.445, 45.5761 ], [ -100.4545, 45.5702 ], [ -100.4667, 45.5658 ], [ -100.4751, 45.5598 ], [ -100.4775, 45.5575 ], [ -100.4826, 45.5515 ], [ -100.4852, 45.5472 ], [ -100.4864, 45.5433 ], [ -100.4866, 45.5365 ], [ -100.4845, 45.5327 ], [ -100.4792, 45.5251 ], [ -100.4748, 45.5215 ], [ -100.4692, 45.5185 ], [ -100.4601, 45.5142 ], [ -100.4539, 45.512 ], [ -100.444, 45.5099 ], [ -100.4208, 45.5097 ], [ -100.4096, 45.5088 ], [ -100.4009, 45.5097 ], [ -100.3917, 45.512 ], [ -100.3867, 45.5119 ], [ -100.3821, 45.5106 ], [ -100.3759, 45.5072 ], [ -100.3653, 45.5001 ], [ -100.3476, 45.4813 ], [ -100.3423, 45.4739 ], [ -100.3419, 45.4729 ], [ -100.4493, 45.4726 ], [ -100.5086, 45.4728 ], [ -100.5182, 45.473 ], [ -100.5257, 45.4728 ], [ -100.6049, 45.4726 ], [ -100.6114, 45.4786 ], [ -100.5997, 45.4836 ], [ -100.5956, 45.4857 ], [ -100.5688, 45.5052 ], [ -100.5667, 45.5074 ], [ -100.5663, 45.5091 ], [ -100.5663, 45.5551 ], [ -100.5658, 45.5567 ], [ -100.5621, 45.5639 ], [ -100.5675, 45.5653 ], [ -100.5717, 45.5669 ], [ -100.6054, 45.5837 ], [ -100.6075, 45.5856 ], [ -100.6208, 45.6017 ], [ -100.6237, 45.6068 ], [ -100.6345, 45.6287 ], [ -100.6408, 45.6687 ], [ -100.6416, 45.6698 ], [ -100.6431, 45.6708 ], [ -100.6581, 45.6761 ], [ -100.66, 45.6771 ], [ -100.6612, 45.6783 ], [ -100.6738, 45.7128 ], [ -100.6763, 45.7159 ], [ -100.7073, 45.7388 ], [ -100.7258, 45.7388 ], [ -100.7294, 45.7384 ], [ -100.733, 45.7387 ], [ -100.7612, 45.7388 ], [ -100.7654, 45.7394 ], [ -100.7686, 45.739 ], [ -100.8035, 45.739 ], [ -100.8052, 45.7392 ], [ -100.8103, 45.7431 ], [ -100.8107, 45.7439 ], [ -100.8107, 45.7461 ], [ -100.8113, 45.7462 ], [ -100.8107, 45.7484 ], [ -100.8107, 45.7606 ], [ -100.9765, 45.7606 ], [ -100.9766, 45.9432 ], [ -100.9773, 45.9438 ], [ -100.834, 45.9436 ] ] ] } },
{ "type": "Feature", "properties": { "GEOIDFQ": "1400000US46135966400", "NAME": "9664", "NAMELSAD": "Census Tract 9664" }, "geometry": { "type": "Polygon", "coordinates": [ [ [ -97.5824, 43.1685 ], [ -97.4981, 43.1691 ], [ -97.1605, 43.17 ], [ -97.1608, 42.8951 ], [ -97.1604, 42.7997 ], [ -97.1639, 42.8013 ], [ -97.1721, 42.8029 ], [ -97.1785, 42.8032 ], [ -97.1901, 42.8051 ], [ -97.2004, 42.8055 ], [ -97.2047, 42.8065 ], [ -97.2078, 42.8078 ], [ -97.2101, 42.8093 ], [ -97.2117, 42.8107 ], [ -97.2131, 42.813 ], [ -97.2136, 42.8185 ], [ -97.2145, 42.8218 ], [ -97.2178, 42.8278 ], [ -97.2183, 42.8296 ], [ -97.2174, 42.8435 ], [ -97.218, 42.8451 ], [ -97.2207, 42.8468 ], [ -97.2286, 42.8497 ], [ -97.2319, 42.8513 ], [ -97.2379, 42.8531 ], [ -97.2503, 42.8556 ], [ -97.2571, 42.8539 ], [ -97.2679, 42.8526 ], [ -97.2729, 42.853 ], [ -97.2783, 42.8542 ], [ -97.282, 42.8542 ], [ -97.2899, 42.8555 ], [ -97.2979, 42.8618 ], [ -97.3008, 42.8645 ], [ -97.2996, 42.8673 ], [ -97.298, 42.8674 ], [ -97.2969, 42.869 ], [ -97.2959, 42.8694 ], [ -97.2914, 42.8699 ], [ -97.2904, 42.8705 ], [ -97.2887, 42.8727 ], [ -97.2876, 42.8734 ], [ -97.2842, 42.8741 ], [ -97.2824, 42.875 ], [ -97.2804, 42.8773 ], [ -97.2797, 42.8794 ], [ -97.2788, 42.8804 ], [ -97.2787, 42.8815 ], [ -97.2771, 42.8835 ], [ -97.2761, 42.8865 ], [ -97.2756, 42.8935 ], [ -97.2768, 42.896 ], [ -97.2785, 42.8982 ], [ -97.2798, 42.9011 ], [ -97.2819, 42.9028 ], [ -97.2882, 42.9064 ], [ -97.292, 42.9074 ], [ -97.2969, 42.908 ], [ -97.3097, 42.9086 ], [ -97.3135, 42.9084 ], [ -97.3155, 42.9079 ], [ -97.3189, 42.9059 ], [ -97.3197, 42.9032 ], [ -97.321, 42.9007 ], [ -97.3234, 42.9002 ], [ -97.3254, 42.9008 ], [ -97.3265, 42.9022 ], [ -97.3266, 42.9047 ], [ -97.326, 42.9075 ], [ -97.3303, 42.9063 ], [ -97.3368, 42.9021 ], [ -97.3554, 42.8927 ], [ -97.3557, 42.8932 ], [ -97.3557, 42.9026 ], [ -97.3573, 42.926 ], [ -97.3587, 42.9311 ], [ -97.3589, 42.9377 ], [ -97.3599, 42.9432 ], [ -97.3606, 42.9524 ], [ -97.4968, 42.9522 ], [ -97.4961, 42.9087 ], [ -97.5559, 42.9087 ], [ -97.5554, 42.9015 ], [ -97.5558, 42.8987 ], [ -97.5556, 42.8923 ], [ -97.5513, 42.8796 ], [ -97.5508, 42.8729 ], [ -97.5484, 42.8651 ], [ -97.5472, 42.8637 ], [ -97.5458, 42.8627 ], [ -97.5422, 42.8618 ], [ -97.536, 42.8619 ], [ -97.5335, 42.8626 ], [ -97.5315, 42.8637 ], [ -97.5302, 42.8619 ], [ -97.5266, 42.8511 ], [ -97.5319, 42.8501 ], [ -97.5447, 42.8483 ], [ -97.5546, 42.8476 ], [ -97.5619, 42.8476 ], [ -97.5671, 42.8482 ], [ -97.5746, 42.8497 ], [ -97.5919, 42.8538 ], [ -97.5993, 42.8562 ], [ -97.6038, 42.8583 ], [ -97.6051, 42.8584 ], [ -97.6118, 42.8584 ], [ -97.6174, 42.8574 ], [ -97.6203, 42.8565 ], [ -97.6254, 42.8543 ], [ -97.6354, 42.8515 ], [ -97.635, 42.8883 ], [ -97.6353, 42.9959 ], [ -97.6371, 43.0952 ], [ -97.6375, 43.1688 ], [ -97.5824, 43.1685 ] ] ] } },
{ "type": "Feature", "properties": { "GEOIDFQ": "1400000US46099001902", "NAME": "19.02", "NAMELSAD": "Census Tract 19.02" }, "geometry": { "type": "Polygon", "coordinates": [ [ [ -96.7269, 43.5118 ], [ -96.7104, 43.5155 ], [ -96.7086, 43.5163 ], [ -96.7065, 43.5181 ], [ -96.7022, 43.5276 ], [ -96.701, 43.5293 ], [ -96.6962, 43.5331 ], [ -96.6948, 43.5285 ], [ -96.6966, 43.5227 ], [ -96.6964, 43.5215 ], [ -96.6953, 43.5202 ], [ -96.6911, 43.517 ], [ -96.6902, 43.5157 ], [ -96.6894, 43.5129 ], [ -96.6897, 43.5095 ], [ -96.6904, 43.5075 ], [ -96.6948, 43.5029 ], [ -96.6962, 43.5004 ], [ -96.748, 43.5004 ], [ -96.7492, 43.5034 ], [ -96.7269, 43.5118 ] ] ] } },
{ "type": "Feature", "properties": { "GEOIDFQ": "1400000US46099000401", "NAME": "4.01", "NAMELSAD": "Census Tract 4.01" }, "geometry": { "type": "Polygon", "coordinates": [ [ [ -96.7027, 43.5467 ], [ -96.6989, 43.5467 ], [ -96.6989, 43.5485 ], [ -96.7014, 43.5485 ], [ -96.7014, 43.5558 ], [ -96.7004, 43.5563 ], [ -96.7008, 43.5567 ], [ -96.7011, 43.5602 ], [ -96.6932, 43.5635 ], [ -96.6934, 43.5546 ], [ -96.6942, 43.5485 ], [ -96.694, 43.536 ], [ -96.6948, 43.5345 ], [ -96.6962, 43.5331 ], [ -96.6971, 43.5345 ], [ -96.6996, 43.5366 ], [ -96.6992, 43.5366 ], [ -96.7026, 43.5391 ], [ -96.7027, 43.5467 ] ] ] } },
{ "type": "Feature", "properties": { "GEOIDFQ": "1400000US46103011400", "NAME": "114", "NAMELSAD": "Census Tract 114" }, "geometry": { "type": "Polygon", "coordinates": [ [ [ -103.1108, 44.1408 ], [ -103.111, 44.1175 ], [ -103.1133, 44.1171 ], [ -103.1156, 44.1162 ], [ -103.1364, 44.1047 ], [ -103.1398, 44.1031 ], [ -103.1453, 44.1017 ], [ -103.1575, 44.0997 ], [ -103.1835, 44.0999 ], [ -103.186, 44.1006 ], [ -103.1941, 44.1038 ], [ -103.1967, 44.1044 ], [ -103.2232, 44.1045 ], [ -103.2397, 44.1059 ], [ -103.2471, 44.1062 ], [ -103.247, 44.1037 ], [ -103.2481, 44.1028 ], [ -103.2481, 44.1026 ], [ -103.2472, 44.1026 ], [ -103.2473, 44.1013 ], [ -103.2482, 44.0983 ], [ -103.2509, 44.0964 ], [ -103.2504, 44.0935 ], [ -103.252, 44.0844 ], [ -103.2536, 44.0838 ], [ -103.2571, 44.0847 ], [ -103.2661, 44.0847 ], [ -103.2717, 44.0857 ], [ -103.2786, 44.0858 ], [ -103.2857, 44.092 ], [ -103.2883, 44.0959 ], [ -103.2914, 44.1039 ], [ -103.2968, 44.1264 ], [ -103.2994, 44.1329 ], [ -103.3023, 44.1371 ], [ -103.3037, 44.1408 ], [ -103.1108, 44.1408 ] ] ] } },
{ "type": "Feature", "properties": { "GEOIDFQ": "1400000US46103011300", "NAME": "113", "NAMELSAD": "Census Tract 113" }, "geometry": { "type": "Polygon", "coordinates": [ [ [ -103.4378, 44.0967 ], [ -103.4371, 44.0968 ], [ -103.435, 44.0959 ], [ -103.4333, 44.0962 ], [ -103.4327, 44.1028 ], [ -103.4292, 44.1046 ], [ -103.4259, 44.107 ], [ -103.4242, 44.1088 ], [ -103.4243, 44.1101 ], [ -103.4235, 44.1129 ], [ -103.4251, 44.1144 ], [ -103.4261, 44.1162 ], [ -103.4288, 44.1183 ], [ -103.4286, 44.1198 ], [ -103.4258, 44.1218 ], [ -103.4237, 44.125 ], [ -103.4181, 44.125 ], [ -103.4148, 44.1259 ], [ -103.4128, 44.1291 ], [ -103.4123, 44.1327 ], [ -103.4108, 44.1337 ], [ -103.4078, 44.1343 ], [ -103.4049, 44.1342 ], [ -103.4045, 44.1334 ], [ -103.4059, 44.1308 ], [ -103.4048, 44.1302 ], [ -103.4038, 44.1304 ], [ -103.4012, 44.1326 ], [ -103.4007, 44.1351 ], [ -103.3982, 44.1392 ], [ -103.3986, 44.1407 ], [ -103.3037, 44.1408 ], [ -103.3023, 44.1371 ], [ -103.2994, 44.1329 ], [ -103.2968, 44.1264 ], [ -103.2914, 44.1039 ], [ -103.2883, 44.0959 ], [ -103.2862, 44.0926 ], [ -103.2788, 44.0858 ], [ -103.2923, 44.0858 ], [ -103.2926, 44.0735 ], [ -103.2922, 44.0729 ], [ -103.2905, 44.0725 ], [ -103.2898, 44.0719 ], [ -103.2886, 44.0694 ], [ -103.2891, 44.0674 ], [ -103.2885, 44.0663 ], [ -103.2871, 44.0657 ], [ -103.2884, 44.0644 ], [ -103.2891, 44.0613 ], [ -103.2923, 44.0615 ], [ -103.2938, 44.0611 ], [ -103.2967, 44.0595 ], [ -103.303, 44.0583 ], [ -103.3058, 44.0557 ], [ -103.3123, 44.0522 ], [ -103.3155, 44.0475 ], [ -103.3169, 44.0468 ], [ -103.3191, 44.0464 ], [ -103.325, 44.0472 ], [ -103.3294, 44.0496 ], [ -103.3336, 44.0506 ], [ -103.335, 44.0517 ], [ -103.336, 44.0536 ], [ -103.3372, 44.0542 ], [ -103.3473, 44.0532 ], [ -103.3491, 44.0535 ], [ -103.3542, 44.0553 ], [ -103.358, 44.0557 ], [ -103.3599, 44.0558 ], [ -103.3629, 44.0548 ], [ -103.3644, 44.0549 ], [ -103.3654, 44.0555 ], [ -103.366, 44.0579 ], [ -103.3671, 44.059 ], [ -103.379, 44.0622 ], [ -103.3805, 44.0632 ], [ -103.3825, 44.0655 ], [ -103.3845, 44.0664 ], [ -103.397, 44.0659 ], [ -103.4058, 44.0642 ], [ -103.4083, 44.0644 ], [ -103.411, 44.0653 ], [ -103.4202, 44.0662 ], [ -103.4216, 44.0658 ], [ -103.4237, 44.0643 ], [ -103.4254, 44.0643 ], [ -103.4262, 44.0648 ], [ -103.4264, 44.0655 ], [ -103.4246, 44.0678 ], [ -103.4244, 44.0688 ], [ -103.4248, 44.0699 ], [ -103.4263, 44.0709 ], [ -103.4303, 44.072 ], [ -103.4316, 44.0728 ], [ -103.4327, 44.0772 ], [ -103.4315, 44.0801 ], [ -103.4348, 44.0831 ], [ -103.4376, 44.0836 ], [ -103.438, 44.0857 ], [ -103.4376, 44.0871 ], [ -103.4356, 44.0885 ], [ -103.4354, 44.0889 ], [ -103.4369, 44.0905 ], [ -103.4383, 44.095 ], [ -103.4378, 44.0967 ] ] ] } },
{ "type": "Feature", "properties": { "GEOIDFQ": "1400000US46103010800", "NAME": "108", "NAMELSAD": "Census Tract 108" }, "geometry": { "type": "Polygon", "coordinates": [ [ [ -103.2504, 44.0574 ], [ -103.2497, 44.0591 ], [ -103.2501, 44.0621 ], [ -103.2487, 44.0634 ], [ -103.2492, 44.0642 ], [ -103.2493, 44.0667 ], [ -103.2503, 44.0677 ], [ -103.2508, 44.0692 ], [ -103.2502, 44.0707 ], [ -103.251, 44.0713 ], [ -103.2496, 44.0713 ], [ -103.2486, 44.0738 ], [ -103.2468, 44.0745 ], [ -103.2461, 44.0758 ], [ -103.2453, 44.0763 ], [ -103.2453, 44.0773 ], [ -103.2448, 44.078 ], [ -103.2452, 44.08 ], [ -103.2439, 44.0786 ], [ -103.2424, 44.0783 ], [ -103.2422, 44.0786 ], [ -103.2433, 44.0789 ], [ -103.2432, 44.0797 ], [ -103.2425, 44.0801 ], [ -103.2355, 44.0791 ], [ -103.2361, 44.077 ], [ -103.2305, 44.0761 ], [ -103.2301, 44.0771 ], [ -103.2265, 44.0765 ], [ -103.2267, 44.059 ], [ -103.2302, 44.0592 ], [ -103.2325, 44.059 ], [ -103.2326, 44.0559 ], [ -103.235, 44.056 ], [ -103.2365, 44.0549 ], [ -103.2378, 44.055 ], [ -103.239, 44.0557 ], [ -103.2403, 44.0555 ], [ -103.2411, 44.0541 ], [ -103.2434, 44.0531 ], [ -103.2429, 44.0516 ], [ -103.2434, 44.0494 ], [ -103.2455, 44.0463 ], [ -103.2443, 44.0492 ], [ -103.2446, 44.0515 ], [ -103.2487, 44.0546 ], [ -103.2509, 44.0556 ], [ -103.2512, 44.0565 ], [ -103.2504, 44.0574 ] ] ] } },
{ "type": "Feature", "properties": { "GEOIDFQ": "1400000US46103011700", "NAME": "117", "NAMELSAD": "Census Tract 117" }, "geometry": { "type": "Polygon", "coordinates": [ [ [ -104.0551, 43.9371 ], [ -104.0547, 43.9382 ], [ -104.0546, 44.1411 ], [ -103.3986, 44.1407 ], [ -103.3982, 44.1392 ], [ -103.4007, 44.1351 ], [ -103.4012, 44.1326 ], [ -103.4038, 44.1304 ], [ -103.4048, 44.1302 ], [ -103.4059, 44.1308 ], [ -103.4045, 44.1334 ], [ -103.4049, 44.1342 ], [ -103.4078, 44.1343 ], [ -103.4108, 44.1337 ], [ -103.4123, 44.1327 ], [ -103.4128, 44.1291 ], [ -103.4148, 44.1259 ], [ -103.4181, 44.125 ], [ -103.4237, 44.125 ], [ -103.4258, 44.1218 ], [ -103.4287, 44.1196 ], [ -103.4288, 44.1183 ], [ -103.4261, 44.1162 ], [ -103.4251, 44.1144 ], [ -103.4235, 44.1129 ], [ -103.4243, 44.1101 ], [ -103.4242, 44.1088 ], [ -103.4259, 44.107 ], [ -103.4292, 44.1046 ], [ -103.4327, 44.1028 ], [ -103.4333, 44.0962 ], [ -103.435, 44.0959 ], [ -103.4371, 44.0968 ], [ -103.4381, 44.0966 ], [ -103.4383, 44.0947 ], [ -103.4371, 44.0921 ], [ -103.437, 44.0907 ], [ -103.4354, 44.0888 ], [ -103.4376, 44.0871 ], [ -103.438, 44.0857 ], [ -103.4376, 44.0836 ], [ -103.4348, 44.0831 ], [ -103.4315, 44.0801 ], [ -103.4327, 44.0772 ], [ -103.4316, 44.0728 ], [ -103.4303, 44.072 ], [ -103.4263, 44.0709 ], [ -103.4248, 44.0699 ], [ -103.4244, 44.0688 ], [ -103.4246, 44.0678 ], [ -103.4264, 44.0655 ], [ -103.4262, 44.0648 ], [ -103.4254, 44.0643 ], [ -103.4237, 44.0643 ], [ -103.4216, 44.0658 ], [ -103.4202, 44.0662 ], [ -103.411, 44.0653 ], [ -103.4083, 44.0644 ], [ -103.4058, 44.0642 ], [ -103.397, 44.0659 ], [ -103.3841, 44.0664 ], [ -103.3825, 44.0655 ], [ -103.3805, 44.0632 ], [ -103.379, 44.0622 ], [ -103.3681, 44.0594 ], [ -103.3666, 44.0586 ], [ -103.366, 44.0558 ], [ -103.3665, 44.0542 ], [ -103.3658, 44.0537 ], [ -103.3648, 44.0538 ], [ -103.362, 44.0532 ], [ -103.3616, 44.0526 ], [ -103.3615, 44.0509 ], [ -103.361, 44.0501 ], [ -103.3621, 44.0466 ], [ -103.3619, 44.0454 ], [ -103.361, 44.0446 ], [ -103.3616, 44.0441 ], [ -103.3638, 44.0443 ], [ -103.3646, 44.0439 ], [ -103.3634, 44.0418 ], [ -103.3622, 44.0411 ], [ -103.3599, 44.0405 ], [ -103.3578, 44.0411 ], [ -103.357, 44.0454 ], [ -103.3566, 44.0452 ], [ -103.3528, 44.0451 ], [ -103.3519, 44.0455 ], [ -103.3497, 44.048 ], [ -103.3461, 44.0478 ], [ -103.345, 44.0459 ], [ -103.3423, 44.0455 ], [ -103.3429, 44.044 ], [ -103.3457, 44.0427 ], [ -103.3459, 44.0419 ], [ -103.3473, 44.0411 ], [ -103.3475, 44.0395 ], [ -103.3495, 44.0378 ], [ -103.3498, 44.0354 ], [ -103.3519, 44.0341 ], [ -103.3547, 44.0312 ], [ -103.3564, 44.0289 ], [ -103.3572, 44.0268 ], [ -103.3583, 44.0263 ], [ -103.3604, 44.0279 ], [ -103.3612, 44.0281 ], [ -103.3617, 44.0274 ], [ -103.3619, 44.024 ], [ -103.3629, 44.0239 ], [ -103.3642, 44.0228 ], [ -103.3663, 44.0223 ], [ -103.3671, 44.0216 ], [ -103.3669, 44.0209 ], [ -103.3635, 44.0181 ], [ -103.3636, 44.0179 ], [ -103.3664, 44.0168 ], [ -103.3669, 44.0157 ], [ -103.3663, 44.0154 ], [ -103.3648, 44.0153 ], [ -103.3631, 44.0143 ], [ -103.3629, 44.0137 ], [ -103.3615, 44.0132 ], [ -103.3617, 44.0124 ], [ -103.361, 44.0122 ], [ -103.3608, 44.0114 ], [ -103.362, 44.0107 ], [ -103.3607, 44.0097 ], [ -103.3595, 44.0095 ], [ -103.3558, 44.0075 ], [ -103.3548, 44.0078 ], [ -103.3509, 44.0062 ], [ -103.3521, 44.0046 ], [ -103.3526, 44.0012 ], [ -103.3536, 44.0004 ], [ -103.3616, 43.9969 ], [ -103.3653, 43.9965 ], [ -103.3666, 43.996 ], [ -103.3675, 43.995 ], [ -103.3679, 43.9917 ], [ -103.3685, 43.9906 ], [ -103.3714, 43.9883 ], [ -103.3761, 43.9874 ], [ -103.378, 43.9874 ], [ -103.3852, 43.9886 ], [ -103.3895, 43.9906 ], [ -103.3902, 43.9929 ], [ -103.3929, 43.9935 ], [ -103.3963, 43.992 ], [ -103.3976, 43.9904 ], [ -103.4017, 43.99 ], [ -103.4029, 43.9886 ], [ -103.4038, 43.9882 ], [ -103.4073, 43.9891 ], [ -103.4099, 43.9889 ], [ -103.4129, 43.988 ], [ -103.4173, 43.9888 ], [ -103.421, 43.9854 ], [ -103.4231, 43.985 ], [ -103.4272, 43.9853 ], [ -103.4289, 43.9849 ], [ -103.4307, 43.9841 ], [ -103.4329, 43.982 ], [ -103.4343, 43.9815 ], [ -103.4348, 43.9816 ], [ -103.4357, 43.9837 ], [ -103.4397, 43.9834 ], [ -103.4415, 43.9841 ], [ -103.4425, 43.9851 ], [ -103.4445, 43.9886 ], [ -103.4453, 43.9892 ], [ -103.4468, 43.9896 ], [ -103.451, 43.9895 ], [ -103.4549, 43.9877 ], [ -103.4582, 43.9874 ], [ -103.4629, 43.988 ], [ -103.4655, 43.9889 ], [ -103.4674, 43.988 ], [ -103.4686, 43.988 ], [ -103.4695, 43.9894 ], [ -103.4705, 43.9896 ], [ -103.4721, 43.9876 ], [ -103.4756, 43.9864 ], [ -103.4788, 43.9868 ], [ -103.4805, 43.9866 ], [ -103.4832, 43.9858 ], [ -103.4837, 43.9842 ], [ -103.4843, 43.9839 ], [ -103.4854, 43.984 ], [ -103.4865, 43.9848 ], [ -103.4871, 43.9847 ], [ -103.4879, 43.9839 ], [ -103.4859, 43.9819 ], [ -103.4824, 43.9752 ], [ -103.4834, 43.9705 ], [ -103.4858, 43.9666 ], [ -103.4873, 43.9631 ], [ -103.4865, 43.9631 ], [ -103.4822, 43.9666 ], [ -103.4797, 43.9673 ], [ -103.4782, 43.9664 ], [ -103.4787, 43.9639 ], [ -103.4784, 43.9633 ], [ -103.4761, 43.9626 ], [ -103.4737, 43.9628 ], [ -103.4696, 43.9618 ], [ -103.4671, 43.9601 ], [ -103.4656, 43.9599 ], [ -103.4644, 43.9586 ], [ -103.4597, 43.957 ], [ -103.459, 43.9549 ], [ -103.4561, 43.952 ], [ -103.4576, 43.9506 ], [ -103.4575, 43.948 ], [ -103.4579, 43.9475 ], [ -103.4593, 43.9467 ], [ -103.4631, 43.9474 ], [ -103.4644, 43.9467 ], [ -103.4646, 43.9462 ], [ -103.4641, 43.9459 ], [ -103.4624, 43.9464 ], [ -103.4599, 43.9451 ], [ -103.4607, 43.9434 ], [ -103.4601, 43.9417 ], [ -103.4522, 43.9384 ], [ -103.4512, 43.9377 ], [ -103.4494, 43.9358 ], [ -103.449, 43.9341 ], [ -103.4494, 43.9326 ], [ -103.4479, 43.9302 ], [ -103.448, 43.9297 ], [ -103.4486, 43.929 ], [ -103.4513, 43.9299 ], [ -103.4572, 43.9297 ], [ -103.4593, 43.9286 ], [ -103.4604, 43.9257 ], [ -103.462, 43.9246 ], [ -103.4674, 43.9231 ], [ -103.4776, 43.922 ], [ -103.4791, 43.9221 ], [ -103.4809, 43.9228 ], [ -103.483, 43.9258 ], [ -103.4853, 43.927 ], [ -103.487, 43.9272 ], [ -103.4955, 43.9268 ], [ -103.4976, 43.9252 ], [ -103.498, 43.9235 ], [ -103.5045, 43.9214 ], [ -103.5077, 43.9193 ], [ -103.5111, 43.9183 ], [ -103.5092, 43.9159 ], [ -103.5087, 43.9133 ], [ -103.5117, 43.9118 ], [ -103.5132, 43.9104 ], [ -103.5147, 43.9104 ], [ -103.5147, 43.909 ], [ -103.5174, 43.9077 ], [ -103.5212, 43.9046 ], [ -103.5232, 43.9042 ], [ -103.5232, 43.9029 ], [ -103.5238, 43.9026 ], [ -103.5239, 43.9016 ], [ -103.5252, 43.9013 ], [ -103.5262, 43.9016 ], [ -103.5286, 43.9014 ], [ -103.5289, 43.9011 ], [ -103.5284, 43.9001 ], [ -103.5304, 43.9002 ], [ -103.533, 43.9012 ], [ -103.5341, 43.9013 ], [ -103.536, 43.9004 ], [ -103.54, 43.8994 ], [ -103.5423, 43.8981 ], [ -103.5434, 43.896 ], [ -103.545, 43.896 ], [ -103.5478, 43.8934 ], [ -103.5478, 43.892 ], [ -103.5505, 43.8906 ], [ -103.5525, 43.8879 ], [ -103.5568, 43.8845 ], [ -103.5596, 43.8836 ], [ -103.5616, 43.8838 ], [ -103.5626, 43.8832 ], [ -103.5638, 43.8818 ], [ -103.5628, 43.8803 ], [ -103.563, 43.8797 ], [ -103.5648, 43.879 ], [ -103.5657, 43.8798 ], [ -103.567, 43.8797 ], [ -103.5698, 43.8786 ], [ -103.573, 43.8765 ], [ -103.5767, 43.8755 ], [ -103.5785, 43.876 ], [ -103.5783, 43.8744 ], [ -103.5788, 43.8732 ], [ -103.582, 43.8699 ], [ -103.5848, 43.8688 ], [ -103.5843, 43.8661 ], [ -103.5862, 43.8632 ], [ -103.5858, 43.8627 ], [ -103.5823, 43.8616 ], [ -103.582, 43.8598 ], [ -103.581, 43.858 ], [ -103.5781, 43.8558 ], [ -103.7505, 43.8549 ], [ -103.8755, 43.8547 ], [ -104.0519, 43.8535 ], [ -104.0555, 43.8535 ], [ -104.0551, 43.9371 ] ] ] } },
{ "type": "Feature", "properties": { "GEOIDFQ": "1400000US46103011002", "NAME": "110.02", "NAMELSAD": "Census Tract 110.02" }, "geometry": { "type": "Polygon", "coordinates": [ [ [ -103.2926, 44.0476 ], [ -103.2924, 44.0506 ], [ -103.2931, 44.0532 ], [ -103.2926, 44.0561 ], [ -103.2936, 44.0587 ], [ -103.2946, 44.0591 ], [ -103.2952, 44.0603 ], [ -103.2932, 44.0614 ], [ -103.2911, 44.0616 ], [ -103.2867, 44.0609 ], [ -103.2847, 44.0612 ], [ -103.273, 44.0659 ], [ -103.2733, 44.0668 ], [ -103.2712, 44.0676 ], [ -103.2698, 44.0662 ], [ -103.2698, 44.064 ], [ -103.2672, 44.064 ], [ -103.2672, 44.0626 ], [ -103.2694, 44.0607 ], [ -103.2695, 44.0599 ], [ -103.2688, 44.0594 ], [ -103.2678, 44.0598 ], [ -103.2666, 44.0598 ], [ -103.2664, 44.0608 ], [ -103.2659, 44.0613 ], [ -103.265, 44.0608 ], [ -103.2621, 44.0608 ], [ -103.2621, 44.0605 ], [ -103.2501, 44.0604 ], [ -103.2498, 44.0588 ], [ -103.2504, 44.0574 ], [ -103.2511, 44.0567 ], [ -103.2511, 44.0558 ], [ -103.2487, 44.0546 ], [ -103.2477, 44.0536 ], [ -103.245, 44.052 ], [ -103.2443, 44.0494 ], [ -103.2455, 44.0469 ], [ -103.2496, 44.024 ], [ -103.2721, 44.0238 ], [ -103.2722, 44.0388 ], [ -103.2813, 44.0385 ], [ -103.2818, 44.0373 ], [ -103.2833, 44.0367 ], [ -103.2841, 44.0374 ], [ -103.2862, 44.0379 ], [ -103.2867, 44.0367 ], [ -103.2876, 44.0362 ], [ -103.2906, 44.0369 ], [ -103.2915, 44.0387 ], [ -103.2908, 44.0406 ], [ -103.2915, 44.0413 ], [ -103.2907, 44.0431 ], [ -103.2897, 44.0443 ], [ -103.2905, 44.0455 ], [ -103.2934, 44.0456 ], [ -103.2954, 44.0466 ], [ -103.2926, 44.0476 ] ] ] } },
{ "type": "Feature", "properties": { "GEOIDFQ": "1400000US46103011200", "NAME": "112", "NAMELSAD": "Census Tract 112" }, "geometry": { "type": "Polygon", "coordinates": [ [ [ -103.2923, 44.0858 ], [ -103.2717, 44.0857 ], [ -103.2661, 44.0847 ], [ -103.2556, 44.0845 ], [ -103.2536, 44.0838 ], [ -103.2555, 44.083 ], [ -103.2556, 44.0816 ], [ -103.2548, 44.0786 ], [ -103.2566, 44.0761 ], [ -103.2568, 44.075 ], [ -103.2621, 44.0749 ], [ -103.2663, 44.0741 ], [ -103.266, 44.075 ], [ -103.2684, 44.0757 ], [ -103.27, 44.0774 ], [ -103.2715, 44.0783 ], [ -103.2727, 44.0783 ], [ -103.2722, 44.0791 ], [ -103.2737, 44.08 ], [ -103.2741, 44.0798 ], [ -103.2742, 44.0783 ], [ -103.2772, 44.0784 ], [ -103.2766, 44.0774 ], [ -103.2807, 44.0758 ], [ -103.2841, 44.0757 ], [ -103.2856, 44.075 ], [ -103.2874, 44.0749 ], [ -103.2904, 44.0765 ], [ -103.2923, 44.0769 ], [ -103.2923, 44.0858 ] ] ] } },
{ "type": "Feature", "properties": { "GEOIDFQ": "1400000US46103011001", "NAME": "110.01", "NAMELSAD": "Census Tract 110.01" }, "geometry": { "type": "Polygon", "coordinates": [ [ [ -103.27, 44.0685 ], [ -103.2681, 44.0721 ], [ -103.2653, 44.0723 ], [ -103.2642, 44.0734 ], [ -103.2639, 44.0746 ], [ -103.2567, 44.075 ], [ -103.2566, 44.0761 ], [ -103.2548, 44.0786 ], [ -103.2556, 44.0827 ], [ -103.2458, 44.0826 ], [ -103.2449, 44.08 ], [ -103.2452, 44.0798 ], [ -103.2448, 44.078 ], [ -103.2453, 44.0773 ], [ -103.2453, 44.0763 ], [ -103.2461, 44.0758 ], [ -103.2468, 44.0745 ], [ -103.2486, 44.0738 ], [ -103.2496, 44.0713 ], [ -103.251, 44.0713 ], [ -103.2502, 44.0707 ], [ -103.2508, 44.0692 ], [ -103.2503, 44.0677 ], [ -103.2493, 44.0667 ], [ -103.2492, 44.0642 ], [ -103.2487, 44.0634 ], [ -103.2501, 44.0621 ], [ -103.2501, 44.0604 ], [ -103.2621, 44.0605 ], [ -103.2621, 44.0608 ], [ -103.265, 44.0608 ], [ -103.2659, 44.0613 ], [ -103.2664, 44.0608 ], [ -103.2666, 44.0598 ], [ -103.2678, 44.0598 ], [ -103.2688, 44.0594 ], [ -103.2695, 44.0599 ], [ -103.2694, 44.0607 ], [ -103.2672, 44.0626 ], [ -103.2672, 44.064 ], [ -103.2698, 44.064 ], [ -103.2698, 44.0662 ], [ -103.2712, 44.0676 ], [ -103.27, 44.0685 ] ] ] } },
{ "type": "Feature", "properties": { "GEOIDFQ": "1400000US46103010500", "NAME": "105", "NAMELSAD": "Census Tract 105" }, "geometry": { "type": "Polygon", "coordinates": [ [ [ -103.2139, 44.0846 ], [ -103.2135, 44.0859 ], [ -103.2139, 44.0861 ], [ -103.2133, 44.0868 ], [ -103.2125, 44.0894 ], [ -103.2117, 44.0894 ], [ -103.2117, 44.0912 ], [ -103.2076, 44.0912 ], [ -103.2077, 44.0894 ], [ -103.2017, 44.0894 ], [ -103.2017, 44.0858 ], [ -103.1917, 44.0858 ], [ -103.1917, 44.0814 ], [ -103.1894, 44.0808 ], [ -103.1865, 44.0792 ], [ -103.1866, 44.0675 ], [ -103.1952, 44.0675 ], [ -103.1971, 44.0702 ], [ -103.1995, 44.0721 ], [ -103.2012, 44.0712 ], [ -103.2046, 44.0713 ], [ -103.2047, 44.0686 ], [ -103.2036, 44.0686 ], [ -103.2037, 44.0675 ], [ -103.2117, 44.0676 ], [ -103.2118, 44.073 ], [ -103.2134, 44.0733 ], [ -103.2152, 44.073 ], [ -103.216, 44.0735 ], [ -103.2154, 44.0741 ], [ -103.2167, 44.0757 ], [ -103.2139, 44.0846 ] ] ] } },
{ "type": "Feature", "properties": { "GEOIDFQ": "1400000US46103011100", "NAME": "111", "NAMELSAD": "Census Tract 111" }, "geometry": { "type": "Polygon", "coordinates": [ [ [ -103.2925, 44.0785 ], [ -103.2923, 44.0769 ], [ -103.2904, 44.0765 ], [ -103.2874, 44.0749 ], [ -103.2857, 44.0749 ], [ -103.2841, 44.0757 ], [ -103.2807, 44.0758 ], [ -103.2766, 44.0774 ], [ -103.2772, 44.0784 ], [ -103.2742, 44.0783 ], [ -103.2741, 44.0798 ], [ -103.2737, 44.08 ], [ -103.2722, 44.0791 ], [ -103.2727, 44.0783 ], [ -103.2715, 44.0783 ], [ -103.27, 44.0774 ], [ -103.2684, 44.0757 ], [ -103.266, 44.075 ], [ -103.2663, 44.0741 ], [ -103.2642, 44.0747 ], [ -103.2639, 44.0745 ], [ -103.2642, 44.0734 ], [ -103.2653, 44.0723 ], [ -103.2681, 44.0721 ], [ -103.27, 44.0685 ], [ -103.2716, 44.0674 ], [ -103.2725, 44.0673 ], [ -103.2733, 44.0668 ], [ -103.273, 44.0659 ], [ -103.2844, 44.0613 ], [ -103.2862, 44.0609 ], [ -103.2891, 44.0613 ], [ -103.2884, 44.0644 ], [ -103.2871, 44.0657 ], [ -103.2885, 44.0663 ], [ -103.2891, 44.0674 ], [ -103.2886, 44.0694 ], [ -103.2895, 44.0716 ], [ -103.2905, 44.0725 ], [ -103.2922, 44.0729 ], [ -103.2926, 44.0736 ], [ -103.2925, 44.0785 ] ] ] } },
{ "type": "Feature", "properties": { "GEOIDFQ": "1400000US46099010402", "NAME": "104.02", "NAMELSAD": "Census Tract 104.02" }, "geometry": { "type": "Polygon", "coordinates": [ [ [ -96.6091, 43.5393 ], [ -96.608, 43.5397 ], [ -96.6058, 43.54 ], [ -96.6021, 43.5422 ], [ -96.6005, 43.5441 ], [ -96.6005, 43.546 ], [ -96.6, 43.547 ], [ -96.5991, 43.5479 ], [ -96.5978, 43.5482 ], [ -96.5971, 43.5489 ], [ -96.598, 43.5496 ], [ -96.5996, 43.5496 ], [ -96.6, 43.55 ], [ -96.5987, 43.5544 ], [ -96.5982, 43.5548 ], [ -96.5968, 43.5546 ], [ -96.5958, 43.5547 ], [ -96.5939, 43.5564 ], [ -96.5916, 43.5573 ], [ -96.5912, 43.5581 ], [ -96.5917, 43.5585 ], [ -96.5891, 43.5585 ], [ -96.5868, 43.5582 ], [ -96.5848, 43.5586 ], [ -96.5793, 43.5589 ], [ -96.5756, 43.5584 ], [ -96.5616, 43.5582 ], [ -96.56, 43.5587 ], [ -96.5549, 43.5575 ], [ -96.5524, 43.5583 ], [ -96.5321, 43.5584 ], [ -96.5321, 43.6085 ], [ -96.5714, 43.6087 ], [ -96.592, 43.6094 ], [ -96.5913, 43.674 ], [ -96.5303, 43.6736 ], [ -96.4535, 43.675 ], [ -96.4533, 43.5004 ], [ -96.5992, 43.5005 ], [ -96.6003, 43.5017 ], [ -96.5997, 43.5031 ], [ -96.6, 43.5048 ], [ -96.6025, 43.5072 ], [ -96.6034, 43.51 ], [ -96.6025, 43.5113 ], [ -96.598, 43.5136 ], [ -96.5972, 43.5145 ], [ -96.5969, 43.5151 ], [ -96.5973, 43.5201 ], [ -96.5967, 43.5214 ], [ -96.5968, 43.5224 ], [ -96.5976, 43.5238 ], [ -96.6, 43.5259 ], [ -96.6, 43.5279 ], [ -96.6013, 43.5301 ], [ -96.6034, 43.5311 ], [ -96.6064, 43.5311 ], [ -96.6097, 43.5328 ], [ -96.611, 43.5365 ], [ -96.6091, 43.5393 ] ] ] } },
{ "type": "Feature", "properties": { "GEOIDFQ": "1400000US46099010401", "NAME": "104.01", "NAMELSAD": "Census Tract 104.01" }, "geometry": { "type": "Polygon", "coordinates": [ [ [ -96.6318, 43.5429 ], [ -96.6158, 43.5428 ], [ -96.6142, 43.5419 ], [ -96.6137, 43.542 ], [ -96.6135, 43.5417 ], [ -96.614, 43.5408 ], [ -96.6122, 43.5393 ], [ -96.6126, 43.5385 ], [ -96.6121, 43.5378 ], [ -96.6124, 43.5368 ], [ -96.6119, 43.5362 ], [ -96.611, 43.5361 ], [ -96.6099, 43.5329 ], [ -96.6064, 43.5311 ], [ -96.6034, 43.5311 ], [ -96.6015, 43.5303 ], [ -96.6, 43.5279 ], [ -96.6, 43.5259 ], [ -96.5976, 43.5238 ], [ -96.5968, 43.5224 ], [ -96.5967, 43.5214 ], [ -96.5973, 43.5201 ], [ -96.5969, 43.5151 ], [ -96.5972, 43.5145 ], [ -96.598, 43.5136 ], [ -96.6025, 43.5113 ], [ -96.6034, 43.51 ], [ -96.6025, 43.5072 ], [ -96.6, 43.5048 ], [ -96.5997, 43.5031 ], [ -96.6003, 43.5017 ], [ -96.5992, 43.5005 ], [ -96.6498, 43.5004 ], [ -96.6516, 43.5089 ], [ -96.6518, 43.5358 ], [ -96.6522, 43.5439 ], [ -96.6318, 43.5429 ] ] ] } },
{ "type": "Feature", "properties": { "GEOIDFQ": "1400000US46099000201", "NAME": "2.01", "NAMELSAD": "Census Tract 2.01" }, "geometry": { "type": "Polygon", "coordinates": [ [ [ -96.7471, 43.5635 ], [ -96.7371, 43.5636 ], [ -96.7345, 43.5641 ], [ -96.7313, 43.5642 ], [ -96.7314, 43.5512 ], [ -96.7468, 43.5511 ], [ -96.7513, 43.5541 ], [ -96.7513, 43.5511 ], [ -96.756, 43.5512 ], [ -96.7556, 43.5514 ], [ -96.7556, 43.5537 ], [ -96.7562, 43.5539 ], [ -96.7562, 43.5638 ], [ -96.7566, 43.5641 ], [ -96.7471, 43.5635 ] ] ] } },
{ "type": "Feature", "properties": { "GEOIDFQ": "1400000US46091950800", "NAME": "9508", "NAMELSAD": "Census Tract 9508" }, "geometry": { "type": "Polygon", "coordinates": [ [ [ -97.9789, 45.7851 ], [ -97.9792, 45.7916 ], [ -97.9788, 45.8168 ], [ -97.9788, 45.9359 ], [ -97.5181, 45.9353 ], [ -97.482, 45.9351 ], [ -97.4498, 45.9352 ], [ -97.4309, 45.936 ], [ -97.4168, 45.9361 ], [ -97.2283, 45.9354 ], [ -97.2269, 45.6054 ], [ -97.2271, 45.5582 ], [ -97.2891, 45.5584 ], [ -97.3034, 45.5588 ], [ -97.3304, 45.5585 ], [ -97.3646, 45.5587 ], [ -97.3734, 45.5876 ], [ -97.6182, 45.5879 ], [ -97.6328, 45.5877 ], [ -97.9796, 45.5885 ], [ -97.9789, 45.7851 ] ] ] } },
{ "type": "Feature", "properties": { "GEOIDFQ": "1400000US46013951700", "NAME": "9517", "NAMELSAD": "Census Tract 9517" }, "geometry": { "type": "Polygon", "coordinates": [ [ [ -98.5984, 45.447 ], [ -98.5864, 45.4485 ], [ -98.5614, 45.4538 ], [ -98.5019, 45.4656 ], [ -98.4925, 45.4657 ], [ -98.4942, 45.4651 ], [ -98.495, 45.4639 ], [ -98.495, 45.4449 ], [ -98.4747, 45.4447 ], [ -98.4748, 45.4158 ], [ -98.4953, 45.4159 ], [ -98.4953, 45.387 ], [ -98.5775, 45.3876 ], [ -98.5775, 45.402 ], [ -98.5985, 45.4022 ], [ -98.5984, 45.447 ] ] ] } },
{ "type": "Feature", "properties": { "GEOIDFQ": "1400000US46013951600", "NAME": "9516", "NAMELSAD": "Census Tract 9516" }, "geometry": { "type": "Polygon", "coordinates": [ [ [ -98.495, 45.4571 ], [ -98.4698, 45.4569 ], [ -98.4718, 45.4545 ], [ -98.4723, 45.4528 ], [ -98.4723, 45.4499 ], [ -98.4728, 45.4484 ], [ -98.4754, 45.4447 ], [ -98.495, 45.4449 ], [ -98.495, 45.4571 ] ] ] } },
{ "type": "Feature", "properties": { "GEOIDFQ": "1400000US46013951300", "NAME": "9513", "NAMELSAD": "Census Tract 9513" }, "geometry": { "type": "Polygon", "coordinates": [ [ [ -98.5983, 45.5181 ], [ -98.557, 45.5178 ], [ -98.557, 45.5323 ], [ -98.4953, 45.5318 ], [ -98.4953, 45.4884 ], [ -98.4792, 45.4882 ], [ -98.4793, 45.4679 ], [ -98.4851, 45.4679 ], [ -98.4852, 45.4677 ], [ -98.4866, 45.4677 ], [ -98.4865, 45.4707 ], [ -98.4909, 45.4707 ], [ -98.4909, 45.4657 ], [ -98.5019, 45.4656 ], [ -98.5614, 45.4538 ], [ -98.5864, 45.4485 ], [ -98.5984, 45.4471 ], [ -98.5983, 45.5181 ] ] ] } },
{ "type": "Feature", "properties": { "GEOIDFQ": "1400000US46013951500", "NAME": "9515", "NAMELSAD": "Census Tract 9515" }, "geometry": { "type": "Polygon", "coordinates": [ [ [ -98.4946, 45.4648 ], [ -98.4938, 45.4654 ], [ -98.4909, 45.4657 ], [ -98.4909, 45.4707 ], [ -98.4865, 45.4707 ], [ -98.4866, 45.4677 ], [ -98.4852, 45.4677 ], [ -98.4851, 45.4679 ], [ -98.4793, 45.4679 ], [ -98.4793, 45.4659 ], [ -98.4746, 45.4659 ], [ -98.4747, 45.4642 ], [ -98.4732, 45.4642 ], [ -98.4732, 45.4569 ], [ -98.495, 45.4571 ], [ -98.495, 45.4639 ], [ -98.4946, 45.4648 ] ] ] } },
{ "type": "Feature", "properties": { "GEOIDFQ": "1400000US46013951900", "NAME": "9519", "NAMELSAD": "Census Tract 9519" }, "geometry": { "type": "Polygon", "coordinates": [ [ [ -98.7222, 45.3307 ], [ -98.5772, 45.3296 ], [ -98.5775, 45.3876 ], [ -98.4953, 45.387 ], [ -98.4953, 45.4159 ], [ -98.454, 45.4157 ], [ -98.454, 45.4012 ], [ -98.3923, 45.4009 ], [ -98.3922, 45.4587 ], [ -98.369, 45.4586 ], [ -98.3565, 45.459 ], [ -98.2267, 45.4583 ], [ -98.2267, 45.5018 ], [ -98.1033, 45.5012 ], [ -97.9799, 45.5014 ], [ -97.9815, 45.2404 ], [ -98.1038, 45.2406 ], [ -98.4545, 45.2419 ], [ -98.7215, 45.2438 ], [ -98.7225, 45.2438 ], [ -98.7222, 45.3307 ] ] ] } },
{ "type": "Feature", "properties": { "GEOIDFQ": "1400000US46013951400", "NAME": "9514", "NAMELSAD": "Census Tract 9514" }, "geometry": { "type": "Polygon", "coordinates": [ [ [ -98.4953, 45.5173 ], [ -98.3923, 45.5169 ], [ -98.3922, 45.4664 ], [ -98.458, 45.466 ], [ -98.4597, 45.4641 ], [ -98.4633, 45.4614 ], [ -98.4655, 45.4591 ], [ -98.4698, 45.4569 ], [ -98.4732, 45.4569 ], [ -98.4732, 45.4642 ], [ -98.4747, 45.4642 ], [ -98.4746, 45.4659 ], [ -98.4793, 45.4659 ], [ -98.4792, 45.4882 ], [ -98.4953, 45.4884 ], [ -98.4953, 45.5173 ] ] ] } },
{ "type": "Feature", "properties": { "GEOIDFQ": "1400000US46081966301", "NAME": "9663.01", "NAMELSAD": "Census Tract 9663.01" }, "geometry": { "type": "Polygon", "coordinates": [ [ [ -104.0559, 44.571 ], [ -104.0548, 44.5712 ], [ -104.0517, 44.5733 ], [ -104.052, 44.5748 ], [ -104.0516, 44.5749 ], [ -104.0504, 44.5742 ], [ -104.0499, 44.5743 ], [ -104.0505, 44.5758 ], [ -104.0501, 44.5766 ], [ -104.0495, 44.5769 ], [ -104.0491, 44.5768 ], [ -104.0492, 44.5755 ], [ -104.0488, 44.5751 ], [ -104.0481, 44.5754 ], [ -104.0476, 44.5763 ], [ -104.0469, 44.5763 ], [ -104.0469, 44.575 ], [ -104.0462, 44.5744 ], [ -104.0413, 44.5754 ], [ -104.0401, 44.5763 ], [ -104.0407, 44.577 ], [ -104.0405, 44.5775 ], [ -104.0378, 44.5778 ], [ -104.0379, 44.5785 ], [ -104.0389, 44.5794 ], [ -104.038, 44.58 ], [ -104.0369, 44.58 ], [ -104.0364, 44.579 ], [ -104.0356, 44.579 ], [ -104.0347, 44.5799 ], [ -104.0344, 44.5812 ], [ -104.0338, 44.5811 ], [ -104.0331, 44.5805 ], [ -104.0334, 44.5789 ], [ -104.0313, 44.5779 ], [ -104.0307, 44.5769 ], [ -104.03, 44.577 ], [ -104.0289, 44.5776 ], [ -104.0281, 44.5802 ], [ -104.0273, 44.5803 ], [ -104.0274, 44.5788 ], [ -104.0268, 44.5788 ], [ -104.0257, 44.5795 ], [ -104.0257, 44.5802 ], [ -104.0268, 44.5814 ], [ -104.0258, 44.5819 ], [ -104.0259, 44.5828 ], [ -104.0253, 44.5829 ], [ -104.0242, 44.5821 ], [ -104.0225, 44.5798 ], [ -104.0229, 44.5788 ], [ -104.0224, 44.5781 ], [ -104.0169, 44.577 ], [ -104.0165, 44.5776 ], [ -104.0175, 44.5781 ], [ -104.0171, 44.5789 ], [ -104.0175, 44.5798 ], [ -104.0159, 44.5802 ], [ -104.0151, 44.5792 ], [ -104.0139, 44.5795 ], [ -104.013, 44.5787 ], [ -104.0138, 44.5775 ], [ -104.0131, 44.5769 ], [ -104.013, 44.5758 ], [ -104.0115, 44.576 ], [ -104.0116, 44.5751 ], [ -104.0075, 44.5743 ], [ -104.0067, 44.5743 ], [ -104.0059, 44.575 ], [ -104.0052, 44.575 ], [ -104.0045, 44.5742 ], [ -104.0027, 44.5734 ], [ -104.0016, 44.5737 ], [ -104.0009, 44.5742 ], [ -104.0005, 44.574 ], [ -103.999, 44.5781 ], [ -103.9972, 44.5783 ], [ -103.9958, 44.578 ], [ -103.9962, 44.577 ], [ -103.9947, 44.578 ], [ -103.9943, 44.5779 ], [ -103.9925, 44.5765 ], [ -103.9897, 44.5759 ], [ -103.9892, 44.5761 ], [ -103.9898, 44.577 ], [ -103.9913, 44.5777 ], [ -103.9912, 44.5781 ], [ -103.9899, 44.5788 ], [ -103.9894, 44.5779 ], [ -103.9882, 44.5782 ], [ -103.9884, 44.5773 ], [ -103.988, 44.5771 ], [ -103.9874, 44.5771 ], [ -103.9872, 44.5779 ], [ -103.9862, 44.5777 ], [ -103.9866, 44.576 ], [ -103.9823, 44.5779 ], [ -103.9826, 44.5788 ], [ -103.984, 44.5785 ], [ -103.9842, 44.5794 ], [ -103.9825, 44.5803 ], [ -103.9815, 44.5805 ], [ -103.9808, 44.5814 ], [ -103.9799, 44.5817 ], [ -103.9785, 44.5813 ], [ -103.9793, 44.5807 ], [ -103.9791, 44.5799 ], [ -103.9795, 44.5792 ], [ -103.9783, 44.5792 ], [ -103.9776, 44.5804 ], [ -103.9764, 44.5809 ], [ -103.9759, 44.5808 ], [ -103.9766, 44.5801 ], [ -103.9763, 44.5798 ], [ -103.9723, 44.5803 ], [ -103.972, 44.5798 ], [ -103.9728, 44.5791 ], [ -103.9726, 44.5785 ], [ -103.973, 44.5779 ], [ -103.9701, 44.5771 ], [ -103.9694, 44.5776 ], [ -103.9708, 44.5782 ], [ -103.971, 44.5794 ], [ -103.9689, 44.5794 ], [ -103.9684, 44.5798 ], [ -103.9691, 44.5811 ], [ -103.9685, 44.5817 ], [ -103.9674, 44.5819 ], [ -103.9671, 44.5813 ], [ -103.9675, 44.5806 ], [ -103.9671, 44.58 ], [ -103.9642, 44.5787 ], [ -103.9633, 44.5776 ], [ -103.9608, 44.5777 ], [ -103.9597, 44.5772 ], [ -103.9597, 44.5787 ], [ -103.9578, 44.5776 ], [ -103.9571, 44.5779 ], [ -103.9567, 44.5789 ], [ -103.9535, 44.5791 ], [ -103.9535, 44.5789 ], [ -103.9554, 44.5781 ], [ -103.9548, 44.5774 ], [ -103.9504, 44.5789 ], [ -103.949, 44.5798 ], [ -103.9464, 44.5801 ], [ -103.9463, 44.5799 ], [ -103.9479, 44.5795 ], [ -103.9484, 44.5778 ], [ -103.9478, 44.5775 ], [ -103.9454, 44.5788 ], [ -103.9455, 44.5795 ], [ -103.9428, 44.5815 ], [ -103.9405, 44.5827 ], [ -103.9399, 44.5826 ], [ -103.94, 44.5813 ], [ -103.9387, 44.5807 ], [ -103.9385, 44.5802 ], [ -103.9375, 44.5808 ], [ -103.9361, 44.5798 ], [ -103.9345, 44.5794 ], [ -103.933, 44.5797 ], [ -103.9324, 44.5803 ], [ -103.9326, 44.5811 ], [ -103.9319, 44.582 ], [ -103.9334, 44.5821 ], [ -103.9332, 44.5832 ], [ -103.9321, 44.5837 ], [ -103.9316, 44.5828 ], [ -103.9301, 44.5833 ], [ -103.9315, 44.5841 ], [ -103.9312, 44.5853 ], [ -103.9282, 44.5831 ], [ -103.9275, 44.5832 ], [ -103.9271, 44.5834 ], [ -103.9272, 44.5844 ], [ -103.9246, 44.585 ], [ -103.9254, 44.5858 ], [ -103.9238, 44.5869 ], [ -103.9224, 44.5862 ], [ -103.9207, 44.5842 ], [ -103.9199, 44.5842 ], [ -103.9194, 44.5849 ], [ -103.9199, 44.5857 ], [ -103.919, 44.5858 ], [ -103.918, 44.5867 ], [ -103.918, 44.5871 ], [ -103.9189, 44.5877 ], [ -103.9185, 44.5885 ], [ -103.9193, 44.5894 ], [ -103.9183, 44.5892 ], [ -103.9172, 44.5881 ], [ -103.9162, 44.5885 ], [ -103.9165, 44.5898 ], [ -103.916, 44.59 ], [ -103.915, 44.5892 ], [ -103.9146, 44.5884 ], [ -103.9118, 44.5892 ], [ -103.9116, 44.5887 ], [ -103.9121, 44.5882 ], [ -103.9117, 44.5879 ], [ -103.9099, 44.5882 ], [ -103.9099, 44.5868 ], [ -103.9094, 44.5869 ], [ -103.9093, 44.5873 ], [ -103.9075, 44.5871 ], [ -103.9065, 44.5877 ], [ -103.9066, 44.5879 ], [ -103.9079, 44.588 ], [ -103.9079, 44.5882 ], [ -103.9065, 44.5889 ], [ -103.907, 44.5898 ], [ -103.9059, 44.5906 ], [ -103.9044, 44.5903 ], [ -103.9043, 44.5908 ], [ -103.9049, 44.5918 ], [ -103.9048, 44.5927 ], [ -103.9061, 44.593 ], [ -103.9074, 44.5928 ], [ -103.9075, 44.5932 ], [ -103.9067, 44.5937 ], [ -103.9052, 44.5937 ], [ -103.9031, 44.5948 ], [ -103.9013, 44.5949 ], [ -103.8978, 44.5942 ], [ -103.8982, 44.5952 ], [ -103.8967, 44.5949 ], [ -103.8964, 44.5954 ], [ -103.8971, 44.596 ], [ -103.8984, 44.5961 ], [ -103.8984, 44.5965 ], [ -103.8968, 44.5974 ], [ -103.8934, 44.597 ], [ -103.8935, 44.5964 ], [ -103.8948, 44.5949 ], [ -103.8948, 44.5944 ], [ -103.8942, 44.594 ], [ -103.8925, 44.5945 ], [ -103.8923, 44.5958 ], [ -103.8905, 44.5953 ], [ -103.8898, 44.5972 ], [ -103.888, 44.5974 ], [ -103.8879, 44.5982 ], [ -103.8891, 44.5986 ], [ -103.8889, 44.5989 ], [ -103.8877, 44.5988 ], [ -103.8865, 44.5983 ], [ -103.8815, 44.5977 ], [ -103.8814, 44.5971 ], [ -103.8802, 44.5969 ], [ -103.8796, 44.5975 ], [ -103.8778, 44.5973 ], [ -103.8768, 44.5975 ], [ -103.8739, 44.5963 ], [ -103.8746, 44.595 ], [ -103.8739, 44.5939 ], [ -103.8728, 44.5939 ], [ -103.8715, 44.5951 ], [ -103.8702, 44.5936 ], [ -103.8706, 44.5924 ], [ -103.8694, 44.5914 ], [ -103.8687, 44.5902 ], [ -103.8667, 44.5893 ], [ -103.8675, 44.5879 ], [ -103.8642, 44.5865 ], [ -103.8634, 44.5865 ], [ -103.8626, 44.5872 ], [ -103.863, 44.5884 ], [ -103.8627, 44.5889 ], [ -103.8638, 44.5895 ], [ -103.8614, 44.59 ], [ -103.8599, 44.5826 ], [ -103.8596, 44.5461 ], [ -103.8609, 44.5383 ], [ -103.8613, 44.5259 ], [ -103.864, 44.5218 ], [ -103.8644, 44.5197 ], [ -103.8662, 44.5202 ], [ -103.8712, 44.5206 ], [ -103.871, 44.5203 ], [ -103.8684, 44.5199 ], [ -103.868, 44.5186 ], [ -103.8656, 44.5179 ], [ -103.8639, 44.5166 ], [ -103.8632, 44.5165 ], [ -103.8631, 44.5151 ], [ -103.8624, 44.5142 ], [ -103.8629, 44.5131 ], [ -103.8639, 44.5123 ], [ -103.8635, 44.511 ], [ -103.8638, 44.51 ], [ -103.8643, 44.5095 ], [ -103.8654, 44.5091 ], [ -103.8663, 44.5077 ], [ -103.8661, 44.5064 ], [ -103.8666, 44.5056 ], [ -103.8671, 44.5051 ], [ -103.8682, 44.5051 ], [ -103.8689, 44.5046 ], [ -103.8678, 44.5037 ], [ -103.8673, 44.5024 ], [ -103.8674, 44.5017 ], [ -103.8688, 44.5012 ], [ -103.8692, 44.5005 ], [ -103.8686, 44.4998 ], [ -103.8677, 44.4974 ], [ -103.8657, 44.496 ], [ -103.8654, 44.4954 ], [ -103.8688, 44.4954 ], [ -103.8688, 44.4949 ], [ -103.8703, 44.4949 ], [ -103.8703, 44.4921 ], [ -103.8749, 44.4922 ], [ -103.8749, 44.4958 ], [ -103.8902, 44.4959 ], [ -103.8902, 44.5032 ], [ -103.9128, 44.5033 ], [ -103.9166, 44.5062 ], [ -103.9197, 44.51 ], [ -103.9298, 44.5192 ], [ -103.9316, 44.5202 ], [ -103.9339, 44.5208 ], [ -103.9366, 44.5208 ], [ -103.9416, 44.5198 ], [ -103.9451, 44.5185 ], [ -103.9501, 44.5181 ], [ -103.9511, 44.5169 ], [ -103.9512, 44.5109 ], [ -103.9557, 44.5108 ], [ -103.9587, 44.5102 ], [ -103.9644, 44.5105 ], [ -103.9682, 44.5115 ], [ -103.9739, 44.5136 ], [ -103.9793, 44.517 ], [ -103.9822, 44.5178 ], [ -104.0009, 44.5178 ], [ -104.0066, 44.5175 ], [ -104.0104, 44.5178 ], [ -104.0385, 44.5177 ], [ -104.0419, 44.5166 ], [ -104.0456, 44.5177 ], [ -104.0559, 44.5176 ], [ -104.0559, 44.571 ] ] ] } },
{ "type": "Feature", "properties": { "GEOIDFQ": "1400000US46009967700", "NAME": "9677", "NAMELSAD": "Census Tract 9677" }, "geometry": { "type": "Polygon", "coordinates": [ [ [ -98.1613, 42.8506 ], [ -98.1604, 42.8521 ], [ -98.1586, 42.8517 ], [ -98.1573, 42.8519 ], [ -98.1545, 42.8551 ], [ -98.1539, 42.8547 ], [ -98.1542, 42.8519 ], [ -98.1538, 42.8514 ], [ -98.153, 42.8513 ], [ -98.1524, 42.8524 ], [ -98.1507, 42.8534 ], [ -98.1509, 42.8523 ], [ -98.15, 42.8518 ], [ -98.1498, 42.8502 ], [ -98.1486, 42.8494 ], [ -98.1474, 42.8497 ], [ -98.1465, 42.8518 ], [ -98.1464, 42.8529 ], [ -98.1457, 42.8537 ], [ -98.1428, 42.8541 ], [ -98.1425, 42.8544 ], [ -98.1429, 42.8557 ], [ -98.1422, 42.8564 ], [ -98.1392, 42.8562 ], [ -98.1383, 42.8569 ], [ -98.1382, 42.8589 ], [ -98.1408, 42.8613 ], [ -98.1406, 42.8619 ], [ -98.1391, 42.8625 ], [ -98.1396, 42.864 ], [ -98.1395, 42.8647 ], [ -98.1382, 42.8652 ], [ -98.1357, 42.8653 ], [ -98.1344, 42.8661 ], [ -98.1316, 42.8656 ], [ -98.1301, 42.8658 ], [ -98.1299, 42.8663 ], [ -98.1322, 42.8684 ], [ -98.1319, 42.869 ], [ -98.1309, 42.8697 ], [ -98.1269, 42.8686 ], [ -98.1237, 42.8686 ], [ -98.1233, 42.8691 ], [ -98.1235, 42.8714 ], [ -98.1196, 42.8712 ], [ -98.1191, 42.8693 ], [ -98.1183, 42.8691 ], [ -98.117, 42.8694 ], [ -98.1165, 42.8706 ], [ -98.1178, 42.8716 ], [ -98.1172, 42.8729 ], [ -98.1164, 42.8736 ], [ -98.1189, 42.8744 ], [ -98.119, 42.875 ], [ -98.1181, 42.8765 ], [ -98.1151, 42.8769 ], [ -98.1148, 42.8776 ], [ -98.1164, 42.8783 ], [ -98.1159, 42.8791 ], [ -98.1148, 42.8788 ], [ -98.1136, 42.8792 ], [ -98.114, 42.8808 ], [ -98.1159, 42.8819 ], [ -98.1158, 42.8831 ], [ -98.1143, 42.8833 ], [ -98.1148, 42.8858 ], [ -98.1141, 42.8879 ], [ -98.1143, 42.8892 ], [ -98.1133, 42.8908 ], [ -98.1121, 42.8912 ], [ -98.1129, 42.8933 ], [ -98.1129, 42.8937 ], [ -98.1119, 42.8938 ], [ -98.1119, 42.8945 ], [ -98.1125, 42.8961 ], [ -98.1139, 42.8964 ], [ -98.1155, 42.8971 ], [ -98.1155, 42.8977 ], [ -98.1141, 42.8989 ], [ -98.1139, 42.8996 ], [ -98.1145, 42.8999 ], [ -98.117, 42.8998 ], [ -98.1181, 42.9008 ], [ -98.1161, 42.9015 ], [ -98.1165, 42.9039 ], [ -98.1168, 42.9041 ], [ -98.1177, 42.9039 ], [ -98.1185, 42.9042 ], [ -98.1188, 42.9057 ], [ -98.1208, 42.9055 ], [ -98.122, 42.9059 ], [ -98.1228, 42.9068 ], [ -98.1228, 42.9072 ], [ -98.1219, 42.9079 ], [ -98.1218, 42.9085 ], [ -98.1226, 42.9091 ], [ -98.1235, 42.9107 ], [ -98.1208, 42.911 ], [ -98.119, 42.912 ], [ -98.1176, 42.9119 ], [ -98.1167, 42.9109 ], [ -98.1152, 42.9107 ], [ -98.1141, 42.911 ], [ -98.1134, 42.9118 ], [ -98.1164, 42.9124 ], [ -98.117, 42.9131 ], [ -98.1168, 42.9138 ], [ -98.1123, 42.9131 ], [ -98.1111, 42.9135 ], [ -98.1114, 42.9147 ], [ -98.1125, 42.9158 ], [ -98.1135, 42.9155 ], [ -98.1144, 42.9157 ], [ -98.1143, 42.9171 ], [ -98.1134, 42.9179 ], [ -98.1124, 42.9181 ], [ -98.1118, 42.9189 ], [ -98.1118, 42.9202 ], [ -98.1097, 42.9206 ], [ -98.1102, 42.9216 ], [ -98.1099, 42.9231 ], [ -98.109, 42.9231 ], [ -98.1081, 42.9225 ], [ -98.1074, 42.9226 ], [ -98.1068, 42.9228 ], [ -98.1063, 42.9236 ], [ -98.1067, 42.924 ], [ -98.1066, 42.9263 ], [ -98.1081, 42.9276 ], [ -98.1097, 42.9274 ], [ -98.1136, 42.929 ], [ -98.1136, 42.9297 ], [ -98.1128, 42.9295 ], [ -98.1121, 42.9299 ], [ -98.1127, 42.9304 ], [ -98.1129, 42.9315 ], [ -98.1124, 42.933 ], [ -98.1103, 42.9323 ], [ -98.1094, 42.9326 ], [ -98.1087, 42.9334 ], [ -98.1113, 42.9341 ], [ -98.1111, 42.9349 ], [ -98.1117, 42.9347 ], [ -98.1118, 42.9357 ], [ -98.1134, 42.936 ], [ -98.114, 42.9373 ], [ -98.1136, 42.9376 ], [ -98.1116, 42.9375 ], [ -98.1092, 42.9368 ], [ -98.1087, 42.9372 ], [ -98.1086, 42.939 ], [ -98.1081, 42.9389 ], [ -98.1073, 42.9375 ], [ -98.1063, 42.9371 ], [ -98.1036, 42.9381 ], [ -98.1045, 42.9409 ], [ -98.1059, 42.9406 ], [ -98.1068, 42.941 ], [ -98.106, 42.9426 ], [ -98.1068, 42.9428 ], [ -98.1073, 42.9421 ], [ -98.1087, 42.9429 ], [ -98.1079, 42.9443 ], [ -98.1081, 42.9448 ], [ -98.1077, 42.9476 ], [ -98.1067, 42.948 ], [ -98.1052, 42.95 ], [ -98.1035, 42.9494 ], [ -98.1029, 42.9497 ], [ -98.104, 42.9509 ], [ -98.104, 42.9534 ], [ -98.103, 42.9536 ], [ -98.1021, 42.9524 ], [ -98.1016, 42.9525 ], [ -98.1016, 42.9542 ], [ -98.1024, 42.9549 ], [ -98.1025, 42.9556 ], [ -98.102, 42.9558 ], [ -98.101, 42.955 ], [ -98.0999, 42.9561 ], [ -98.1, 42.9568 ], [ -98.1007, 42.9567 ], [ -98.1011, 42.957 ], [ -98.1013, 42.9583 ], [ -98.1003, 42.9584 ], [ -98.0991, 42.9591 ], [ -98.098, 42.9589 ], [ -98.0977, 42.9594 ], [ -98.0974, 42.961 ], [ -98.0985, 42.9615 ], [ -98.0989, 42.9633 ], [ -98.0973, 42.9626 ], [ -98.0969, 42.9632 ], [ -98.0969, 42.9637 ], [ -98.0974, 42.964 ], [ -98.0973, 42.9649 ], [ -98.0965, 42.9651 ], [ -98.0956, 42.9644 ], [ -98.0947, 42.965 ], [ -98.095, 42.9658 ], [ -98.0961, 42.9667 ], [ -98.0962, 42.9676 ], [ -98.0965, 42.9678 ], [ -98.0971, 42.9675 ], [ -98.0989, 42.9685 ], [ -98.0965, 42.9692 ], [ -98.0975, 42.9708 ], [ -98.0943, 42.9716 ], [ -98.0928, 42.9739 ], [ -98.0931, 42.9746 ], [ -98.0943, 42.9751 ], [ -98.0966, 42.9753 ], [ -98.0965, 42.9764 ], [ -98.0959, 42.9766 ], [ -98.0966, 42.9783 ], [ -98.0956, 42.9787 ], [ -98.0942, 42.9782 ], [ -98.094, 42.9789 ], [ -98.0946, 42.9795 ], [ -98.0961, 42.9798 ], [ -98.0979, 42.9813 ], [ -98.1004, 42.982 ], [ -98.1011, 42.9825 ], [ -98.1014, 42.9833 ], [ -98.1002, 42.9841 ], [ -98.1002, 42.9854 ], [ -98.1013, 42.9872 ], [ -98.1013, 42.9882 ], [ -98.1032, 42.99 ], [ -98.1054, 42.9902 ], [ -98.1036, 42.9927 ], [ -98.1042, 42.9929 ], [ -98.1058, 42.992 ], [ -98.1065, 42.9924 ], [ -98.1061, 42.9948 ], [ -98.1067, 42.9957 ], [ -98.1079, 42.9961 ], [ -98.107, 42.9978 ], [ -98.1074, 42.9987 ], [ -98.1084, 42.9986 ], [ -98.1085, 42.9978 ], [ -98.1091, 42.9972 ], [ -98.1101, 42.997 ], [ -98.1108, 42.9972 ], [ -98.11, 42.9993 ], [ -98.1118, 42.9995 ], [ -98.1128, 43.0003 ], [ -98.1131, 43.0012 ], [ -98.1128, 43.0026 ], [ -98.1131, 43.0041 ], [ -98.1143, 43.0061 ], [ -98.1138, 43.0068 ], [ -98.1132, 43.0069 ], [ -98.1126, 43.0062 ], [ -98.1111, 43.0068 ], [ -98.1113, 43.0072 ], [ -98.1124, 43.0072 ], [ -98.1128, 43.0076 ], [ -98.1113, 43.0136 ], [ -98.1108, 43.0135 ], [ -98.1102, 43.0125 ], [ -98.1098, 43.0125 ], [ -98.1093, 43.0135 ], [ -98.1079, 43.0141 ], [ -98.1082, 43.0145 ], [ -98.1095, 43.0147 ], [ -98.1099, 43.015 ], [ -98.1094, 43.0161 ], [ -98.1078, 43.0165 ], [ -98.1088, 43.0173 ], [ -98.1089, 43.0182 ], [ -98.1097, 43.0186 ], [ -98.1108, 43.0203 ], [ -98.1106, 43.0207 ], [ -98.1088, 43.0198 ], [ -98.1085, 43.0204 ], [ -98.1088, 43.0212 ], [ -98.1106, 43.022 ], [ -98.1105, 43.0227 ], [ -98.1101, 43.023 ], [ -98.1088, 43.0226 ], [ -98.1079, 43.023 ], [ -98.1083, 43.024 ], [ -98.1079, 43.0246 ], [ -98.107, 43.0238 ], [ -98.106, 43.0239 ], [ -98.105, 43.0244 ], [ -98.1053, 43.0248 ], [ -98.106, 43.0247 ], [ -98.1068, 43.0251 ], [ -98.1063, 43.0256 ], [ -98.1045, 43.0256 ], [ -98.105, 43.0266 ], [ -98.1046, 43.0272 ], [ -98.1029, 43.0263 ], [ -98.1013, 43.0266 ], [ -98.1009, 43.0274 ], [ -98.0988, 43.0263 ], [ -98.0966, 43.027 ], [ -98.0966, 43.0275 ], [ -98.0976, 43.0281 ], [ -98.0976, 43.0284 ], [ -98.0953, 43.0287 ], [ -98.0949, 43.0298 ], [ -98.0949, 43.0306 ], [ -98.0955, 43.0306 ], [ -98.0964, 43.03 ], [ -98.0969, 43.0301 ], [ -98.0965, 43.0316 ], [ -98.0995, 43.0322 ], [ -98.0984, 43.033 ], [ -98.0987, 43.0338 ], [ -98.0984, 43.0346 ], [ -98.0995, 43.0355 ], [ -98.1008, 43.0354 ], [ -98.1018, 43.036 ], [ -98.1017, 43.0368 ], [ -98.1028, 43.0371 ], [ -98.1029, 43.0384 ], [ -98.1012, 43.0389 ], [ -98.1015, 43.0394 ], [ -98.1029, 43.0397 ], [ -98.1028, 43.0401 ], [ -98.1013, 43.0405 ], [ -98.1015, 43.0411 ], [ -98.1026, 43.0409 ], [ -98.1028, 43.0416 ], [ -98.1025, 43.0431 ], [ -98.1019, 43.0433 ], [ -98.1016, 43.044 ], [ -98.1021, 43.0443 ], [ -98.1037, 43.0442 ], [ -98.1045, 43.0445 ], [ -98.1043, 43.045 ], [ -98.1033, 43.0451 ], [ -98.1039, 43.0457 ], [ -98.1034, 43.0461 ], [ -98.102, 43.0452 ], [ -98.1015, 43.0452 ], [ -98.1016, 43.047 ], [ -98.1024, 43.0477 ], [ -98.1038, 43.0475 ], [ -98.1037, 43.0479 ], [ -98.1028, 43.0486 ], [ -98.103, 43.049 ], [ -98.1049, 43.0505 ], [ -98.1049, 43.0511 ], [ -98.1041, 43.0522 ], [ -98.1031, 43.0526 ], [ -98.1038, 43.0537 ], [ -98.1033, 43.0565 ], [ -98.1036, 43.0572 ], [ -98.1053, 43.0571 ], [ -98.1059, 43.0588 ], [ -98.1067, 43.0593 ], [ -98.1061, 43.0604 ], [ -98.1068, 43.0613 ], [ -98.1056, 43.0614 ], [ -98.1053, 43.0617 ], [ -98.1061, 43.0628 ], [ -98.1072, 43.0627 ], [ -98.1087, 43.0647 ], [ -98.1087, 43.0651 ], [ -98.1075, 43.0658 ], [ -98.1083, 43.0665 ], [ -98.1085, 43.0683 ], [ -98.1074, 43.069 ], [ -98.1074, 43.0694 ], [ -98.1086, 43.0696 ], [ -98.1084, 43.072 ], [ -98.1099, 43.0726 ], [ -98.1103, 43.0734 ], [ -98.11, 43.074 ], [ -98.1094, 43.0737 ], [ -98.1085, 43.0739 ], [ -98.1096, 43.0757 ], [ -98.1078, 43.0756 ], [ -98.1077, 43.0763 ], [ -98.1065, 43.0764 ], [ -98.1068, 43.0771 ], [ -98.1056, 43.0775 ], [ -98.1059, 43.0782 ], [ -98.1079, 43.0783 ], [ -98.1076, 43.0805 ], [ -98.1088, 43.0807 ], [ -98.1094, 43.0816 ], [ -98.1091, 43.0829 ], [ -98.1064, 43.0834 ], [ -98.1062, 43.0837 ], [ -98.1069, 43.084 ], [ -98.1064, 43.0849 ], [ -98.1073, 43.0851 ], [ -98.107, 43.0858 ], [ -98.1085, 43.0865 ], [ -98.1079, 43.0876 ], [ -98.1095, 43.0875 ], [ -98.1097, 43.0878 ], [ -98.1095, 43.089 ], [ -98.1088, 43.0891 ], [ -98.1086, 43.0914 ], [ -98.1065, 43.0939 ], [ -98.1075, 43.0948 ], [ -98.1066, 43.0948 ], [ -98.1064, 43.0958 ], [ -98.1079, 43.0961 ], [ -98.1072, 43.0972 ], [ -98.1082, 43.0975 ], [ -98.1081, 43.0981 ], [ -98.1068, 43.098 ], [ -98.107, 43.0995 ], [ -98.1059, 43.0995 ], [ -98.1058, 43.1004 ], [ -98.1071, 43.1006 ], [ -98.1078, 43.102 ], [ -98.1069, 43.1025 ], [ -98.1064, 43.1042 ], [ -98.1046, 43.1044 ], [ -98.1033, 43.1055 ], [ -98.1036, 43.106 ], [ -98.1044, 43.1059 ], [ -98.1048, 43.1067 ], [ -98.1043, 43.1082 ], [ -98.1052, 43.1093 ], [ -98.1037, 43.1101 ], [ -98.1037, 43.1108 ], [ -98.103, 43.1112 ], [ -98.1033, 43.1117 ], [ -98.1028, 43.112 ], [ -98.103, 43.1127 ], [ -98.1013, 43.1133 ], [ -98.1007, 43.1131 ], [ -98.0991, 43.1138 ], [ -98.0982, 43.1138 ], [ -98.098, 43.1144 ], [ -98.0972, 43.115 ], [ -98.0958, 43.115 ], [ -98.0955, 43.1168 ], [ -98.0946, 43.117 ], [ -98.094, 43.1182 ], [ -98.0934, 43.1184 ], [ -98.0928, 43.1191 ], [ -98.093, 43.1217 ], [ -98.0925, 43.1255 ], [ -98.093, 43.1269 ], [ -98.0922, 43.1273 ], [ -98.0927, 43.1287 ], [ -98.092, 43.1312 ], [ -98.0924, 43.1365 ], [ -98.0922, 43.1385 ], [ -98.0908, 43.1406 ], [ -98.0906, 43.143 ], [ -98.0894, 43.1454 ], [ -98.0897, 43.1466 ], [ -98.0895, 43.1502 ], [ -98.0898, 43.1525 ], [ -98.0881, 43.1553 ], [ -98.0771, 43.1683 ], [ -97.8733, 43.169 ], [ -97.8711, 43.125 ], [ -97.8723, 43.0103 ], [ -97.892, 43.0104 ], [ -97.8923, 42.9962 ], [ -97.8919, 42.9668 ], [ -97.8722, 42.9664 ], [ -97.8719, 42.8626 ], [ -97.8722, 42.8601 ], [ -97.8755, 42.8587 ], [ -97.8764, 42.857 ], [ -97.8772, 42.8543 ], [ -97.8771, 42.853 ], [ -97.8758, 42.8502 ], [ -97.8758, 42.8485 ], [ -97.876, 42.8477 ], [ -97.8791, 42.8436 ], [ -97.88, 42.8353 ], [ -97.8819, 42.8322 ], [ -97.8829, 42.8292 ], [ -97.885, 42.8262 ], [ -97.8886, 42.8172 ], [ -97.8903, 42.815 ], [ -97.8945, 42.8116 ], [ -97.9051, 42.7988 ], [ -97.909, 42.7948 ], [ -97.9111, 42.7938 ], [ -97.916, 42.7898 ], [ -97.9215, 42.7883 ], [ -97.933, 42.7781 ], [ -97.9367, 42.7757 ], [ -97.9502, 42.7696 ], [ -97.9535, 42.769 ], [ -97.9621, 42.7686 ], [ -97.9776, 42.7698 ], [ -97.9858, 42.7674 ], [ -97.9909, 42.765 ], [ -97.9933, 42.7652 ], [ -98.0004, 42.7632 ], [ -98.0026, 42.7632 ], [ -98.0058, 42.7641 ], [ -98.0131, 42.7622 ], [ -98.0173, 42.7623 ], [ -98.026, 42.7635 ], [ -98.0351, 42.7641 ], [ -98.0372, 42.7656 ], [ -98.0421, 42.7672 ], [ -98.0447, 42.7679 ], [ -98.0517, 42.7687 ], [ -98.0567, 42.7707 ], [ -98.0599, 42.7727 ], [ -98.0613, 42.7778 ], [ -98.063, 42.781 ], [ -98.0664, 42.7833 ], [ -98.0675, 42.7846 ], [ -98.0693, 42.7858 ], [ -98.0728, 42.7869 ], [ -98.0746, 42.7889 ], [ -98.0829, 42.7942 ], [ -98.088, 42.7956 ], [ -98.0947, 42.7992 ], [ -98.0993, 42.8035 ], [ -98.104, 42.8071 ], [ -98.1049, 42.8083 ], [ -98.1124, 42.8132 ], [ -98.1151, 42.8138 ], [ -98.1212, 42.8168 ], [ -98.1239, 42.8184 ], [ -98.1249, 42.8197 ], [ -98.1277, 42.82 ], [ -98.1292, 42.8211 ], [ -98.1381, 42.8325 ], [ -98.1398, 42.8343 ], [ -98.1471, 42.8396 ], [ -98.1482, 42.8398 ], [ -98.1531, 42.839 ], [ -98.1526, 42.8414 ], [ -98.1538, 42.8433 ], [ -98.1537, 42.8466 ], [ -98.1571, 42.8476 ], [ -98.1594, 42.8492 ], [ -98.1627, 42.8494 ], [ -98.163, 42.8498 ], [ -98.1613, 42.8506 ] ] ] } },
{ "type": "Feature", "properties": { "GEOIDFQ": "1400000US46009967600", "NAME": "9676", "NAMELSAD": "Census Tract 9676" }, "geometry": { "type": "Polygon", "coordinates": [ [ [ -97.892, 43.0104 ], [ -97.8723, 43.0103 ], [ -97.8711, 43.125 ], [ -97.8733, 43.169 ], [ -97.795, 43.1691 ], [ -97.7546, 43.1696 ], [ -97.6375, 43.1688 ], [ -97.6371, 43.0952 ], [ -97.6353, 42.9959 ], [ -97.635, 42.8883 ], [ -97.6354, 42.8515 ], [ -97.6468, 42.8474 ], [ -97.6579, 42.8444 ], [ -97.6621, 42.8436 ], [ -97.6683, 42.8428 ], [ -97.6865, 42.8422 ], [ -97.701, 42.8436 ], [ -97.7207, 42.8473 ], [ -97.7502, 42.8494 ], [ -97.7537, 42.8489 ], [ -97.7646, 42.849 ], [ -97.7744, 42.8497 ], [ -97.7884, 42.8534 ], [ -97.8013, 42.858 ], [ -97.8171, 42.8618 ], [ -97.8259, 42.8675 ], [ -97.8286, 42.8688 ], [ -97.8314, 42.869 ], [ -97.842, 42.8682 ], [ -97.8504, 42.8667 ], [ -97.8581, 42.8651 ], [ -97.8659, 42.8628 ], [ -97.8722, 42.8601 ], [ -97.8719, 42.8626 ], [ -97.8719, 42.8886 ], [ -97.8722, 42.9664 ], [ -97.8919, 42.9668 ], [ -97.8923, 42.9962 ], [ -97.892, 43.0104 ] ] ] } },
{ "type": "Feature", "properties": { "GEOIDFQ": "1400000US46103010700", "NAME": "107", "NAMELSAD": "Census Tract 107" }, "geometry": { "type": "Polygon", "coordinates": [ [ [ -103.2267, 44.0754 ], [ -103.217, 44.0744 ], [ -103.2152, 44.073 ], [ -103.2134, 44.0733 ], [ -103.2118, 44.073 ], [ -103.2117, 44.0587 ], [ -103.2097, 44.0546 ], [ -103.2267, 44.059 ], [ -103.2267, 44.0754 ] ] ] } },
{ "type": "Feature", "properties": { "GEOIDFQ": "1400000US46007941000", "NAME": "9410", "NAMELSAD": "Census Tract 9410" }, "geometry": { "type": "Polygon", "coordinates": [ [ [ -101.7521, 43.2013 ], [ -101.7318, 43.2013 ], [ -101.7318, 43.1914 ], [ -101.7312, 43.1927 ], [ -101.7303, 43.1936 ], [ -101.7162, 43.2011 ], [ -101.6923, 43.2011 ], [ -101.6922, 43.1575 ], [ -101.752, 43.1577 ], [ -101.7521, 43.2013 ] ] ] } },
{ "type": "Feature", "properties": { "GEOIDFQ": "1400000US46007941200", "NAME": "9412", "NAMELSAD": "Census Tract 9412" }, "geometry": { "type": "Polygon", "coordinates": [ [ [ -102.0451, 43.3896 ], [ -102.0008, 43.3902 ], [ -101.9895, 43.3895 ], [ -101.9306, 43.3893 ], [ -101.876, 43.3898 ], [ -101.8742, 43.3893 ], [ -101.7984, 43.3894 ], [ -101.7583, 43.3889 ], [ -101.7225, 43.3891 ], [ -101.6742, 43.3888 ], [ -101.3913, 43.3893 ], [ -101.3182, 43.3888 ], [ -101.2781, 43.3894 ], [ -101.2282, 43.3892 ], [ -101.228, 42.9981 ], [ -101.2299, 42.9977 ], [ -101.2398, 42.9976 ], [ -101.5142, 42.9971 ], [ -101.633, 42.9963 ], [ -101.715, 42.9965 ], [ -101.8628, 42.9994 ], [ -102.0825, 42.9994 ], [ -102.0821, 43.0042 ], [ -102.0814, 43.1292 ], [ -102.1089, 43.1293 ], [ -102.1096, 43.231 ], [ -102.1094, 43.2742 ], [ -102.1108, 43.3899 ], [ -102.0451, 43.3896 ] ], [ [ -101.752, 43.1577 ], [ -101.6922, 43.1575 ], [ -101.6923, 43.2011 ], [ -101.7162, 43.2011 ], [ -101.7303, 43.1936 ], [ -101.7312, 43.1927 ], [ -101.7318, 43.1914 ], [ -101.7318, 43.2013 ], [ -101.7521, 43.2013 ], [ -101.752, 43.1577 ] ] ] } },
{ "type": "Feature", "properties": { "GEOIDFQ": "1400000US46137941600", "NAME": "9416", "NAMELSAD": "Census Tract 9416" }, "geometry": { "type": "Polygon", "coordinates": [ [ [ -102.0, 44.9952 ], [ -102.0001, 45.2278 ], [ -101.9994, 45.2937 ], [ -101.9998, 45.4724 ], [ -101.9723, 45.4726 ], [ -101.9183, 45.4724 ], [ -101.8755, 45.4726 ], [ -101.8696, 45.4729 ], [ -101.7399, 45.4725 ], [ -101.6868, 45.4727 ], [ -101.6543, 45.4722 ], [ -101.4702, 45.4724 ], [ -101.4711, 45.3856 ], [ -101.4863, 45.3856 ], [ -101.4863, 45.2491 ], [ -101.4857, 45.2439 ], [ -101.487, 45.2335 ], [ -101.4863, 45.1615 ], [ -101.4862, 45.0767 ], [ -101.4866, 45.0384 ], [ -101.501, 45.0383 ], [ -101.501, 44.9936 ], [ -101.3613, 44.9941 ], [ -101.3198, 44.9938 ], [ -101.2271, 44.9935 ], [ -101.1362, 44.9941 ], [ -101.1369, 44.9177 ], [ -101.1368, 44.7471 ], [ -101.1413, 44.747 ], [ -101.1447, 44.7462 ], [ -101.1489, 44.7435 ], [ -101.1497, 44.7423 ], [ -101.1521, 44.7348 ], [ -101.1521, 44.7324 ], [ -101.1537, 44.7288 ], [ -101.1576, 44.7249 ], [ -101.1612, 44.7221 ], [ -101.1634, 44.7208 ], [ -101.1778, 44.7152 ], [ -101.2042, 44.7029 ], [ -101.2198, 44.6962 ], [ -101.2295, 44.6923 ], [ -101.2351, 44.6906 ], [ -101.2363, 44.6907 ], [ -101.2371, 44.6965 ], [ -101.2398, 44.6985 ], [ -101.2454, 44.6991 ], [ -101.2494, 44.6989 ], [ -101.2504, 44.6984 ], [ -101.2538, 44.6977 ], [ -101.2544, 44.697 ], [ -101.2578, 44.6957 ], [ -101.2636, 44.6943 ], [ -101.2659, 44.6934 ], [ -101.2676, 44.6904 ], [ -101.2706, 44.6873 ], [ -101.2719, 44.6862 ], [ -101.2752, 44.6852 ], [ -101.2795, 44.6848 ], [ -101.2845, 44.6855 ], [ -101.2948, 44.6893 ], [ -101.2959, 44.6893 ], [ -101.2969, 44.6897 ], [ -101.2988, 44.6895 ], [ -101.2998, 44.6892 ], [ -101.3047, 44.6854 ], [ -101.3118, 44.6823 ], [ -101.3171, 44.6808 ], [ -101.3192, 44.6805 ], [ -101.3247, 44.6815 ], [ -101.3257, 44.683 ], [ -101.326, 44.6846 ], [ -101.3258, 44.6883 ], [ -101.3264, 44.6895 ], [ -101.3282, 44.691 ], [ -101.3307, 44.6912 ], [ -101.3329, 44.6907 ], [ -101.334, 44.6897 ], [ -101.3352, 44.6865 ], [ -101.3366, 44.6843 ], [ -101.3377, 44.6837 ], [ -101.3393, 44.6835 ], [ -101.3425, 44.6835 ], [ -101.3439, 44.6839 ], [ -101.3467, 44.685 ], [ -101.352, 44.6879 ], [ -101.357, 44.6893 ], [ -101.3585, 44.6894 ], [ -101.3599, 44.689 ], [ -101.3619, 44.6878 ], [ -101.3626, 44.686 ], [ -101.3625, 44.685 ], [ -101.3597, 44.6808 ], [ -101.3584, 44.678 ], [ -101.3579, 44.6754 ], [ -101.3582, 44.6737 ], [ -101.3596, 44.6724 ], [ -101.3607, 44.6722 ], [ -101.3636, 44.6724 ], [ -101.3694, 44.6738 ], [ -101.3723, 44.6738 ], [ -101.3736, 44.6722 ], [ -101.374, 44.671 ], [ -101.374, 44.6696 ], [ -101.3721, 44.6674 ], [ -101.365, 44.6619 ], [ -101.3637, 44.6596 ], [ -101.3636, 44.6578 ], [ -101.3648, 44.6564 ], [ -101.3656, 44.6559 ], [ -101.3669, 44.6558 ], [ -101.3688, 44.6561 ], [ -101.3754, 44.6587 ], [ -101.3771, 44.6587 ], [ -101.3793, 44.6572 ], [ -101.3803, 44.6546 ], [ -101.3815, 44.6537 ], [ -101.3832, 44.6533 ], [ -101.3849, 44.6537 ], [ -101.3882, 44.6565 ], [ -101.3904, 44.6577 ], [ -101.3937, 44.6562 ], [ -101.395, 44.6562 ], [ -101.3972, 44.6568 ], [ -101.3983, 44.6565 ], [ -101.4018, 44.6525 ], [ -101.4033, 44.6514 ], [ -101.4075, 44.6502 ], [ -101.4096, 44.6492 ], [ -101.4104, 44.6481 ], [ -101.4106, 44.6464 ], [ -101.4122, 44.644 ], [ -101.4157, 44.6421 ], [ -101.4198, 44.6426 ], [ -101.4249, 44.6418 ], [ -101.4292, 44.6405 ], [ -101.4306, 44.6405 ], [ -101.4326, 44.6411 ], [ -101.4377, 44.6437 ], [ -101.4402, 44.6439 ], [ -101.4408, 44.6436 ], [ -101.442, 44.6404 ], [ -101.4458, 44.6382 ], [ -101.4487, 44.6381 ], [ -101.4527, 44.6385 ], [ -101.4549, 44.638 ], [ -101.456, 44.6368 ], [ -101.4561, 44.6362 ], [ -101.4541, 44.6312 ], [ -101.4556, 44.6287 ], [ -101.4611, 44.625 ], [ -101.4668, 44.6193 ], [ -101.4659, 44.6169 ], [ -101.4651, 44.6162 ], [ -101.4603, 44.6159 ], [ -101.4564, 44.6131 ], [ -101.4553, 44.6117 ], [ -101.4558, 44.6102 ], [ -101.4574, 44.6096 ], [ -101.4592, 44.6099 ], [ -101.4639, 44.6123 ], [ -101.4657, 44.6125 ], [ -101.4691, 44.6118 ], [ -101.4752, 44.6069 ], [ -101.475, 44.604 ], [ -101.4754, 44.603 ], [ -101.4767, 44.6018 ], [ -101.4789, 44.6011 ], [ -101.4813, 44.601 ], [ -101.4836, 44.6012 ], [ -101.4886, 44.6028 ], [ -101.49, 44.6029 ], [ -101.4972, 44.5998 ], [ -101.498, 44.599 ], [ -101.4977, 44.5952 ], [ -101.493, 44.5872 ], [ -101.4929, 44.586 ], [ -101.494, 44.584 ], [ -101.5004, 44.5813 ], [ -101.5012, 44.5812 ], [ -101.5026, 44.5818 ], [ -101.5051, 44.5845 ], [ -101.5074, 44.5858 ], [ -101.5101, 44.5861 ], [ -101.512, 44.5854 ], [ -101.5135, 44.5842 ], [ -101.5144, 44.5829 ], [ -101.5148, 44.5807 ], [ -101.5136, 44.5779 ], [ -101.5141, 44.576 ], [ -101.5146, 44.5755 ], [ -101.5193, 44.5743 ], [ -101.5229, 44.5727 ], [ -101.5281, 44.5691 ], [ -101.531, 44.5679 ], [ -101.5327, 44.5678 ], [ -101.5336, 44.5687 ], [ -101.5344, 44.5723 ], [ -101.5367, 44.574 ], [ -101.5388, 44.5739 ], [ -101.543, 44.5722 ], [ -101.5446, 44.5721 ], [ -101.5474, 44.5747 ], [ -101.5508, 44.5757 ], [ -101.5528, 44.5757 ], [ -101.5545, 44.5749 ], [ -101.5546, 44.5714 ], [ -101.5552, 44.5702 ], [ -101.557, 44.5693 ], [ -101.5593, 44.5694 ], [ -101.5598, 44.5697 ], [ -101.5604, 44.5714 ], [ -101.5623, 44.5734 ], [ -101.565, 44.5754 ], [ -101.5754, 44.5782 ], [ -101.5813, 44.578 ], [ -101.5837, 44.5763 ], [ -101.5876, 44.5748 ], [ -101.5914, 44.5739 ], [ -101.5945, 44.574 ], [ -101.5983, 44.5758 ], [ -101.6012, 44.576 ], [ -101.6067, 44.5773 ], [ -101.6079, 44.5764 ], [ -101.6085, 44.5734 ], [ -101.609, 44.5727 ], [ -101.61, 44.5722 ], [ -101.6123, 44.5719 ], [ -101.6135, 44.572 ], [ -101.6169, 44.5737 ], [ -101.62, 44.5737 ], [ -101.623, 44.5729 ], [ -101.6271, 44.5739 ], [ -101.6287, 44.575 ], [ -101.6292, 44.5758 ], [ -101.6293, 44.5771 ], [ -101.6266, 44.5799 ], [ -101.6269, 44.5815 ], [ -101.6282, 44.5834 ], [ -101.6283, 44.5849 ], [ -101.6305, 44.5865 ], [ -101.6333, 44.5869 ], [ -101.6356, 44.5857 ], [ -101.6374, 44.5832 ], [ -101.6369, 44.5815 ], [ -101.6373, 44.5807 ], [ -101.6391, 44.5796 ], [ -101.6404, 44.5794 ], [ -101.6424, 44.58 ], [ -101.6433, 44.5805 ], [ -101.6438, 44.5811 ], [ -101.6437, 44.5842 ], [ -101.6453, 44.5851 ], [ -101.6483, 44.5849 ], [ -101.6543, 44.5826 ], [ -101.6552, 44.5823 ], [ -101.6565, 44.5825 ], [ -101.6574, 44.5833 ], [ -101.6576, 44.5864 ], [ -101.658, 44.5871 ], [ -101.6597, 44.5881 ], [ -101.6608, 44.5881 ], [ -101.6638, 44.5842 ], [ -101.6647, 44.5837 ], [ -101.6668, 44.5839 ], [ -101.6713, 44.5835 ], [ -101.6736, 44.5816 ], [ -101.676, 44.5804 ], [ -101.6778, 44.578 ], [ -101.6783, 44.5751 ], [ -101.682, 44.5711 ], [ -101.6829, 44.5707 ], [ -101.6872, 44.5703 ], [ -101.6896, 44.5707 ], [ -101.6903, 44.5712 ], [ -101.6903, 44.5744 ], [ -101.6911, 44.5753 ], [ -101.6925, 44.5756 ], [ -101.6974, 44.5748 ], [ -101.7013, 44.575 ], [ -101.7076, 44.5789 ], [ -101.7108, 44.58 ], [ -101.7124, 44.5802 ], [ -101.715, 44.5795 ], [ -101.7164, 44.5779 ], [ -101.7166, 44.5768 ], [ -101.7155, 44.5752 ], [ -101.7154, 44.5741 ], [ -101.716, 44.5727 ], [ -101.72, 44.571 ], [ -101.7218, 44.5696 ], [ -101.7289, 44.5661 ], [ -101.7306, 44.5659 ], [ -101.7321, 44.5664 ], [ -101.7353, 44.5686 ], [ -101.7377, 44.5689 ], [ -101.7408, 44.5689 ], [ -101.7423, 44.5687 ], [ -101.7439, 44.5681 ], [ -101.747, 44.5678 ], [ -101.7483, 44.567 ], [ -101.7491, 44.5655 ], [ -101.7493, 44.5639 ], [ -101.744, 44.5597 ], [ -101.7433, 44.5585 ], [ -101.7435, 44.556 ], [ -101.7443, 44.5552 ], [ -101.7453, 44.5547 ], [ -101.7498, 44.5539 ], [ -101.7544, 44.5505 ], [ -101.7582, 44.5484 ], [ -101.7592, 44.5483 ], [ -101.7627, 44.549 ], [ -101.7649, 44.5486 ], [ -101.7658, 44.548 ], [ -101.7689, 44.5434 ], [ -101.7734, 44.5411 ], [ -101.7763, 44.539 ], [ -101.7807, 44.5364 ], [ -101.782, 44.5361 ], [ -101.7829, 44.5365 ], [ -101.7831, 44.5393 ], [ -101.7847, 44.5408 ], [ -101.7908, 44.5418 ], [ -101.7925, 44.5428 ], [ -101.7947, 44.5435 ], [ -101.7969, 44.5432 ], [ -101.7989, 44.5423 ], [ -101.8002, 44.5415 ], [ -101.8009, 44.5407 ], [ -101.8035, 44.5362 ], [ -101.8057, 44.534 ], [ -101.8061, 44.5329 ], [ -101.8064, 44.5315 ], [ -101.8061, 44.5302 ], [ -101.8054, 44.529 ], [ -101.8052, 44.5255 ], [ -101.8112, 44.5224 ], [ -101.8128, 44.5227 ], [ -101.8137, 44.5235 ], [ -101.815, 44.5261 ], [ -101.8141, 44.5285 ], [ -101.8144, 44.5293 ], [ -101.8157, 44.5308 ], [ -101.8173, 44.5315 ], [ -101.8238, 44.5319 ], [ -101.8277, 44.5317 ], [ -101.8291, 44.531 ], [ -101.8308, 44.5292 ], [ -101.8315, 44.527 ], [ -101.8319, 44.5235 ], [ -101.8343, 44.5218 ], [ -101.8364, 44.5217 ], [ -101.8381, 44.5224 ], [ -101.8388, 44.523 ], [ -101.8396, 44.5252 ], [ -101.8408, 44.527 ], [ -101.8441, 44.5277 ], [ -101.8475, 44.5294 ], [ -101.851, 44.5288 ], [ -101.8546, 44.5268 ], [ -101.8569, 44.5267 ], [ -101.8582, 44.5273 ], [ -101.8617, 44.5306 ], [ -101.8642, 44.532 ], [ -101.8658, 44.5321 ], [ -101.8691, 44.5315 ], [ -101.8725, 44.5321 ], [ -101.8733, 44.533 ], [ -101.8754, 44.5335 ], [ -101.8763, 44.5335 ], [ -101.8789, 44.5327 ], [ -101.8801, 44.5327 ], [ -101.8813, 44.5331 ], [ -101.8848, 44.5354 ], [ -101.886, 44.5377 ], [ -101.8878, 44.5386 ], [ -101.8885, 44.5386 ], [ -101.8959, 44.5359 ], [ -101.9008, 44.5358 ], [ -101.9049, 44.5351 ], [ -101.9082, 44.5332 ], [ -101.9101, 44.5326 ], [ -101.9117, 44.5327 ], [ -101.9146, 44.5335 ], [ -101.9179, 44.5331 ], [ -101.9193, 44.5325 ], [ -101.9206, 44.5312 ], [ -101.9243, 44.53 ], [ -101.9266, 44.5302 ], [ -101.931, 44.5312 ], [ -101.9348, 44.5316 ], [ -101.9362, 44.5324 ], [ -101.9379, 44.5347 ], [ -101.9396, 44.5351 ], [ -101.941, 44.5348 ], [ -101.9428, 44.5337 ], [ -101.9453, 44.5294 ], [ -101.9464, 44.5287 ], [ -101.9602, 44.5283 ], [ -101.9612, 44.528 ], [ -101.9645, 44.5256 ], [ -101.9671, 44.525 ], [ -101.9739, 44.5268 ], [ -101.9745, 44.5263 ], [ -101.9752, 44.5245 ], [ -101.9777, 44.523 ], [ -101.9786, 44.5228 ], [ -101.9812, 44.5231 ], [ -101.9839, 44.525 ], [ -101.9858, 44.5252 ], [ -101.9868, 44.5247 ], [ -101.9913, 44.5213 ], [ -101.9948, 44.52 ], [ -101.9961, 44.5189 ], [ -101.9969, 44.5168 ], [ -101.9975, 44.513 ], [ -101.9981, 44.5123 ], [ -102.0004, 44.5111 ], [ -102.0004, 44.8548 ], [ -102.0, 44.9952 ] ] ] } },
{ "type": "Feature", "properties": { "GEOIDFQ": "1400000US46135966302", "NAME": "9663.02", "NAMELSAD": "Census Tract 9663.02" }, "geometry": { "type": "Polygon", "coordinates": [ [ [ -97.4172, 42.9089 ], [ -97.392, 42.9089 ], [ -97.392, 42.8979 ], [ -97.3871, 42.8979 ], [ -97.3872, 42.879 ], [ -97.3967, 42.8789 ], [ -97.3966, 42.8834 ], [ -97.4022, 42.8834 ], [ -97.4022, 42.8798 ], [ -97.4015, 42.8798 ], [ -97.4016, 42.8788 ], [ -97.4036, 42.8788 ], [ -97.4034, 42.8691 ], [ -97.394, 42.8669 ], [ -97.394, 42.8642 ], [ -97.3993, 42.8648 ], [ -97.4044, 42.8678 ], [ -97.4074, 42.8684 ], [ -97.4122, 42.8677 ], [ -97.4171, 42.8659 ], [ -97.4172, 42.9089 ] ] ] } },
{ "type": "Feature", "properties": { "GEOIDFQ": "1400000US46135966301", "NAME": "9663.01", "NAMELSAD": "Census Tract 9663.01" }, "geometry": { "type": "Polygon", "coordinates": [ [ [ -97.4961, 42.9087 ], [ -97.4968, 42.9522 ], [ -97.4517, 42.9524 ], [ -97.3979, 42.9523 ], [ -97.3974, 42.9089 ], [ -97.4172, 42.9089 ], [ -97.4171, 42.8659 ], [ -97.4232, 42.8612 ], [ -97.4251, 42.8582 ], [ -97.4255, 42.8567 ], [ -97.4335, 42.8504 ], [ -97.4391, 42.8471 ], [ -97.4408, 42.8466 ], [ -97.4438, 42.846 ], [ -97.4496, 42.8458 ], [ -97.4564, 42.8469 ], [ -97.4588, 42.8483 ], [ -97.4617, 42.8492 ], [ -97.4682, 42.8502 ], [ -97.473, 42.8505 ], [ -97.4838, 42.8502 ], [ -97.487, 42.8506 ], [ -97.4915, 42.8516 ], [ -97.4962, 42.8532 ], [ -97.4991, 42.8552 ], [ -97.5003, 42.8572 ], [ -97.5048, 42.8585 ], [ -97.5081, 42.8574 ], [ -97.5121, 42.8552 ], [ -97.5159, 42.8538 ], [ -97.5266, 42.8511 ], [ -97.5302, 42.8619 ], [ -97.5315, 42.8637 ], [ -97.5335, 42.8626 ], [ -97.536, 42.8619 ], [ -97.5422, 42.8618 ], [ -97.5458, 42.8627 ], [ -97.5472, 42.8637 ], [ -97.5484, 42.8651 ], [ -97.5508, 42.8729 ], [ -97.5513, 42.8796 ], [ -97.5556, 42.8923 ], [ -97.5558, 42.8987 ], [ -97.5554, 42.9015 ], [ -97.5559, 42.9087 ], [ -97.4961, 42.9087 ] ] ] } },
{ "type": "Feature", "properties": { "GEOIDFQ": "1400000US46047964200", "NAME": "9642", "NAMELSAD": "Census Tract 9642" }, "geometry": { "type": "Polygon", "coordinates": [ [ [ -103.5439, 43.4774 ], [ -103.4916, 43.4777 ], [ -103.3755, 43.4776 ], [ -103.3422, 43.4778 ], [ -103.3497, 43.4657 ], [ -103.3502, 43.4637 ], [ -103.3503, 43.4585 ], [ -103.3512, 43.456 ], [ -103.3591, 43.4469 ], [ -103.3715, 43.4366 ], [ -103.3861, 43.4212 ], [ -103.3932, 43.4093 ], [ -103.3947, 43.4034 ], [ -103.3971, 43.3997 ], [ -103.4055, 43.4019 ], [ -103.4119, 43.4024 ], [ -103.4168, 43.4032 ], [ -103.4227, 43.4028 ], [ -103.4283, 43.4029 ], [ -103.4333, 43.4022 ], [ -103.4333, 43.3994 ], [ -103.4346, 43.3975 ], [ -103.4361, 43.3931 ], [ -103.4371, 43.3925 ], [ -103.4374, 43.3914 ], [ -103.4371, 43.3908 ], [ -103.4362, 43.3903 ], [ -103.433, 43.3894 ], [ -103.433, 43.3888 ], [ -103.4334, 43.3885 ], [ -103.4364, 43.3881 ], [ -103.4367, 43.3878 ], [ -103.4365, 43.3853 ], [ -103.4371, 43.3842 ], [ -103.4388, 43.3834 ], [ -103.4422, 43.3839 ], [ -103.4753, 43.3927 ], [ -103.4803, 43.3984 ], [ -103.4803, 43.3997 ], [ -103.4912, 43.4157 ], [ -103.481, 43.4182 ], [ -103.4783, 43.4193 ], [ -103.477, 43.4204 ], [ -103.4841, 43.4229 ], [ -103.4881, 43.4248 ], [ -103.4929, 43.4279 ], [ -103.4948, 43.4299 ], [ -103.4983, 43.4295 ], [ -103.5038, 43.4279 ], [ -103.5079, 43.4275 ], [ -103.511, 43.4277 ], [ -103.521, 43.4293 ], [ -103.5247, 43.4293 ], [ -103.5311, 43.4267 ], [ -103.5337, 43.4245 ], [ -103.5373, 43.4227 ], [ -103.5402, 43.4202 ], [ -103.542, 43.4194 ], [ -103.545, 43.4191 ], [ -103.5584, 43.419 ], [ -103.5603, 43.4217 ], [ -103.5605, 43.4263 ], [ -103.5625, 43.4271 ], [ -103.5635, 43.4286 ], [ -103.5633, 43.4302 ], [ -103.562, 43.4319 ], [ -103.5611, 43.4324 ], [ -103.5598, 43.4314 ], [ -103.5582, 43.431 ], [ -103.5556, 43.4315 ], [ -103.5555, 43.4321 ], [ -103.5567, 43.433 ], [ -103.5569, 43.4335 ], [ -103.5545, 43.4338 ], [ -103.5521, 43.4347 ], [ -103.5509, 43.4344 ], [ -103.5495, 43.4345 ], [ -103.5485, 43.4351 ], [ -103.5467, 43.4374 ], [ -103.5435, 43.4391 ], [ -103.5434, 43.4398 ], [ -103.5428, 43.4403 ], [ -103.5417, 43.4401 ], [ -103.5404, 43.4405 ], [ -103.5395, 43.4395 ], [ -103.5392, 43.4382 ], [ -103.5376, 43.4374 ], [ -103.5362, 43.4373 ], [ -103.5356, 43.4381 ], [ -103.5362, 43.4403 ], [ -103.5358, 43.4418 ], [ -103.5304, 43.4418 ], [ -103.5296, 43.4421 ], [ -103.5273, 43.4452 ], [ -103.5286, 43.445 ], [ -103.529, 43.4452 ], [ -103.5295, 43.4467 ], [ -103.5291, 43.4478 ], [ -103.53, 43.4483 ], [ -103.5313, 43.4481 ], [ -103.5314, 43.4489 ], [ -103.5308, 43.4496 ], [ -103.5318, 43.4505 ], [ -103.5336, 43.45 ], [ -103.5345, 43.4507 ], [ -103.5357, 43.4509 ], [ -103.5377, 43.4526 ], [ -103.5387, 43.4527 ], [ -103.5423, 43.4543 ], [ -103.5425, 43.456 ], [ -103.5433, 43.4557 ], [ -103.5454, 43.4569 ], [ -103.5471, 43.4567 ], [ -103.5483, 43.4574 ], [ -103.5495, 43.459 ], [ -103.5506, 43.4584 ], [ -103.5512, 43.4591 ], [ -103.5523, 43.4596 ], [ -103.5536, 43.4588 ], [ -103.555, 43.4595 ], [ -103.557, 43.4593 ], [ -103.5571, 43.4597 ], [ -103.5557, 43.461 ], [ -103.5563, 43.4616 ], [ -103.5592, 43.4614 ], [ -103.5595, 43.4627 ], [ -103.5632, 43.4617 ], [ -103.5652, 43.464 ], [ -103.5666, 43.4632 ], [ -103.5675, 43.4636 ], [ -103.5682, 43.4644 ], [ -103.5692, 43.4639 ], [ -103.5706, 43.4649 ], [ -103.5709, 43.4657 ], [ -103.5731, 43.4661 ], [ -103.5792, 43.4686 ], [ -103.5794, 43.4695 ], [ -103.5788, 43.4697 ], [ -103.5778, 43.4694 ], [ -103.5778, 43.4698 ], [ -103.5788, 43.4706 ], [ -103.5779, 43.4724 ], [ -103.58, 43.474 ], [ -103.5818, 43.4747 ], [ -103.5824, 43.4755 ], [ -103.584, 43.4762 ], [ -103.5849, 43.4777 ], [ -103.5439, 43.4774 ] ] ] } },
{ "type": "Feature", "properties": { "GEOIDFQ": "1400000US46047964100", "NAME": "9641", "NAMELSAD": "Census Tract 9641" }, "geometry": { "type": "Polygon", "coordinates": [ [ [ -104.0548, 43.4778 ], [ -103.9358, 43.4788 ], [ -103.7848, 43.4776 ], [ -103.7505, 43.478 ], [ -103.5849, 43.4777 ], [ -103.584, 43.4762 ], [ -103.5824, 43.4755 ], [ -103.5818, 43.4747 ], [ -103.58, 43.474 ], [ -103.5779, 43.4724 ], [ -103.5788, 43.4706 ], [ -103.5778, 43.4698 ], [ -103.5778, 43.4694 ], [ -103.5788, 43.4697 ], [ -103.5794, 43.4695 ], [ -103.5792, 43.4686 ], [ -103.5731, 43.4661 ], [ -103.5709, 43.4657 ], [ -103.5706, 43.4649 ], [ -103.5692, 43.4639 ], [ -103.5682, 43.4644 ], [ -103.5675, 43.4636 ], [ -103.5666, 43.4632 ], [ -103.5652, 43.464 ], [ -103.5632, 43.4617 ], [ -103.5595, 43.4627 ], [ -103.5592, 43.4614 ], [ -103.5563, 43.4616 ], [ -103.5557, 43.461 ], [ -103.5571, 43.4597 ], [ -103.557, 43.4593 ], [ -103.555, 43.4595 ], [ -103.5536, 43.4588 ], [ -103.5523, 43.4596 ], [ -103.5512, 43.4591 ], [ -103.5506, 43.4584 ], [ -103.5495, 43.459 ], [ -103.5483, 43.4574 ], [ -103.5471, 43.4567 ], [ -103.5454, 43.4569 ], [ -103.5433, 43.4557 ], [ -103.5425, 43.456 ], [ -103.5423, 43.4543 ], [ -103.5387, 43.4527 ], [ -103.5377, 43.4526 ], [ -103.5357, 43.4509 ], [ -103.5345, 43.4507 ], [ -103.5336, 43.45 ], [ -103.5318, 43.4505 ], [ -103.5308, 43.4496 ], [ -103.5314, 43.4489 ], [ -103.5313, 43.4481 ], [ -103.53, 43.4483 ], [ -103.5291, 43.4478 ], [ -103.5295, 43.4467 ], [ -103.529, 43.4452 ], [ -103.5286, 43.445 ], [ -103.5273, 43.4452 ], [ -103.5296, 43.4421 ], [ -103.5304, 43.4418 ], [ -103.5358, 43.4418 ], [ -103.5362, 43.4403 ], [ -103.5356, 43.4381 ], [ -103.5362, 43.4373 ], [ -103.5376, 43.4374 ], [ -103.5392, 43.4382 ], [ -103.5395, 43.4395 ], [ -103.5404, 43.4405 ], [ -103.5417, 43.4401 ], [ -103.5428, 43.4403 ], [ -103.5434, 43.4398 ], [ -103.5435, 43.4391 ], [ -103.5467, 43.4374 ], [ -103.5485, 43.4351 ], [ -103.5495, 43.4345 ], [ -103.5509, 43.4344 ], [ -103.5521, 43.4347 ], [ -103.5545, 43.4338 ], [ -103.5569, 43.4335 ], [ -103.5567, 43.433 ], [ -103.5555, 43.4321 ], [ -103.5556, 43.4315 ], [ -103.5582, 43.431 ], [ -103.5598, 43.4314 ], [ -103.5611, 43.4324 ], [ -103.562, 43.4319 ], [ -103.5633, 43.4302 ], [ -103.5635, 43.4286 ], [ -103.5625, 43.4271 ], [ -103.5605, 43.4263 ], [ -103.5603, 43.4217 ], [ -103.5584, 43.419 ], [ -103.545, 43.4191 ], [ -103.542, 43.4194 ], [ -103.5402, 43.4202 ], [ -103.5373, 43.4227 ], [ -103.5337, 43.4245 ], [ -103.5311, 43.4267 ], [ -103.5247, 43.4293 ], [ -103.521, 43.4293 ], [ -103.511, 43.4277 ], [ -103.5079, 43.4275 ], [ -103.5038, 43.4279 ], [ -103.4983, 43.4295 ], [ -103.4948, 43.4299 ], [ -103.4929, 43.4279 ], [ -103.4881, 43.4248 ], [ -103.4841, 43.4229 ], [ -103.477, 43.4204 ], [ -103.4783, 43.4193 ], [ -103.481, 43.4182 ], [ -103.4912, 43.4157 ], [ -103.4803, 43.3997 ], [ -103.4803, 43.3984 ], [ -103.4753, 43.3927 ], [ -103.4422, 43.3839 ], [ -103.4388, 43.3834 ], [ -103.4371, 43.3842 ], [ -103.4365, 43.3853 ], [ -103.4367, 43.3878 ], [ -103.4364, 43.3881 ], [ -103.4334, 43.3885 ], [ -103.433, 43.3888 ], [ -103.433, 43.3894 ], [ -103.4362, 43.3903 ], [ -103.4371, 43.3908 ], [ -103.4374, 43.3914 ], [ -103.4371, 43.3925 ], [ -103.4361, 43.3931 ], [ -103.4346, 43.3975 ], [ -103.4333, 43.3994 ], [ -103.4333, 43.4022 ], [ -103.4283, 43.4029 ], [ -103.4227, 43.4028 ], [ -103.4168, 43.4032 ], [ -103.4119, 43.4024 ], [ -103.4055, 43.4019 ], [ -103.3971, 43.3997 ], [ -103.3947, 43.4034 ], [ -103.3932, 43.4093 ], [ -103.3861, 43.4212 ], [ -103.3715, 43.4366 ], [ -103.3591, 43.4469 ], [ -103.3512, 43.456 ], [ -103.3503, 43.4585 ], [ -103.3502, 43.4637 ], [ -103.3497, 43.4657 ], [ -103.3422, 43.4778 ], [ -103.2505, 43.4774 ], [ -103.2439, 43.4771 ], [ -103.199, 43.4772 ], [ -103.1483, 43.4768 ], [ -103.0436, 43.4771 ], [ -103.0009, 43.4768 ], [ -103.0006, 43.0008 ], [ -103.404, 43.0009 ], [ -103.4756, 43.0005 ], [ -103.5502, 43.001 ], [ -103.5763, 43.0008 ], [ -103.5766, 43.0002 ], [ -103.5772, 43.0006 ], [ -103.5799, 43.0007 ], [ -103.6183, 43.0007 ], [ -103.6538, 43.0014 ], [ -103.6898, 43.001 ], [ -103.7338, 43.0011 ], [ -103.7504, 43.0014 ], [ -103.8136, 43.0014 ], [ -103.869, 43.0009 ], [ -103.9249, 43.0009 ], [ -103.9668, 43.0017 ], [ -104.0004, 43.0016 ], [ -104.053, 43.0006 ], [ -104.0539, 43.2969 ], [ -104.0547, 43.3751 ], [ -104.0548, 43.4778 ] ] ] } },
{ "type": "Feature", "properties": { "GEOIDFQ": "1400000US46069976700", "NAME": "9767", "NAMELSAD": "Census Tract 9767" }, "geometry": { "type": "Polygon", "coordinates": [ [ [ -99.6748, 44.7821 ], [ -99.6743, 44.7945 ], [ -99.6743, 44.8975 ], [ -99.3118, 44.8972 ], [ -99.3121, 44.8524 ], [ -99.3117, 44.7393 ], [ -99.3126, 44.6348 ], [ -99.3125, 44.5475 ], [ -99.3005, 44.5474 ], [ -99.3007, 44.4438 ], [ -99.3002, 44.4124 ], [ -99.3007, 44.387 ], [ -99.3003, 44.3734 ], [ -99.3002, 44.3138 ], [ -99.3003, 44.25 ], [ -99.3006, 44.2485 ], [ -99.3002, 44.1948 ], [ -99.3542, 44.1951 ], [ -99.3768, 44.1949 ], [ -99.4694, 44.1934 ], [ -99.5311, 44.1931 ], [ -99.5367, 44.1928 ], [ -99.5577, 44.1929 ], [ -99.5766, 44.1924 ], [ -99.5939, 44.204 ], [ -99.5991, 44.206 ], [ -99.6131, 44.2104 ], [ -99.6323, 44.2157 ], [ -99.6476, 44.2176 ], [ -99.6635, 44.2175 ], [ -99.6646, 44.25 ], [ -99.6644, 44.2799 ], [ -99.6639, 44.2829 ], [ -99.6638, 44.3686 ], [ -99.6634, 44.375 ], [ -99.6641, 44.4451 ], [ -99.6635, 44.4964 ], [ -99.6637, 44.5481 ], [ -99.6764, 44.5481 ], [ -99.6748, 44.7821 ] ] ] } },
{ "type": "Feature", "properties": { "GEOIDFQ": "1400000US46045962100", "NAME": "9621", "NAMELSAD": "Census Tract 9621" }, "geometry": { "type": "Polygon", "coordinates": [ [ [ -99.2148, 45.5926 ], [ -98.8431, 45.5923 ], [ -98.7222, 45.5912 ], [ -98.7225, 45.2438 ], [ -98.8724, 45.2448 ], [ -99.1953, 45.2452 ], [ -99.1951, 45.5763 ], [ -99.1959, 45.5778 ], [ -99.1979, 45.5787 ], [ -99.215, 45.5787 ], [ -99.2148, 45.5926 ] ] ] } },
{ "type": "Feature", "properties": { "GEOIDFQ": "1400000US46045962200", "NAME": "9622", "NAMELSAD": "Census Tract 9622" }, "geometry": { "type": "Polygon", "coordinates": [ [ [ -99.7083, 45.3295 ], [ -99.7077, 45.5934 ], [ -99.4207, 45.5927 ], [ -99.3587, 45.5929 ], [ -99.2214, 45.5926 ], [ -99.2192, 45.5926 ], [ -99.2189, 45.5928 ], [ -99.2148, 45.5926 ], [ -99.215, 45.5787 ], [ -99.1979, 45.5787 ], [ -99.1959, 45.5778 ], [ -99.1951, 45.5763 ], [ -99.1954, 45.2456 ], [ -99.1953, 45.2452 ], [ -99.1947, 45.245 ], [ -99.5124, 45.2453 ], [ -99.5446, 45.2455 ], [ -99.5641, 45.2453 ], [ -99.6064, 45.2457 ], [ -99.6557, 45.2456 ], [ -99.709, 45.2459 ], [ -99.7083, 45.3295 ] ] ] } },
{ "type": "Feature", "properties": { "GEOIDFQ": "1400000US46011958900", "NAME": "9589", "NAMELSAD": "Census Tract 9589" }, "geometry": { "type": "Polygon", "coordinates": [ [ [ -96.7876, 44.3694 ], [ -96.7675, 44.3693 ], [ -96.7677, 44.3549 ], [ -96.7577, 44.3551 ], [ -96.7585, 44.2981 ], [ -96.7886, 44.3047 ], [ -96.7876, 44.3694 ] ] ] } },
{ "type": "Feature", "properties": { "GEOIDFQ": "1400000US46011958700", "NAME": "9587", "NAMELSAD": "Census Tract 9587" }, "geometry": { "type": "Polygon", "coordinates": [ [ [ -97.1291, 44.2297 ], [ -97.1291, 44.3513 ], [ -97.1287, 44.3645 ], [ -97.1288, 44.4198 ], [ -97.1278, 44.5324 ], [ -97.128, 44.5431 ], [ -97.1208, 44.5429 ], [ -97.0673, 44.5431 ], [ -97.0476, 44.5435 ], [ -96.9023, 44.5438 ], [ -96.7569, 44.5437 ], [ -96.7569, 44.4706 ], [ -96.7563, 44.4362 ], [ -96.7577, 44.3551 ], [ -96.7677, 44.3549 ], [ -96.7675, 44.3693 ], [ -96.8482, 44.3696 ], [ -96.8489, 44.3552 ], [ -96.8496, 44.3123 ], [ -96.8492, 44.2973 ], [ -96.829, 44.2972 ], [ -96.8286, 44.2539 ], [ -96.7574, 44.2536 ], [ -96.7565, 44.218 ], [ -96.7585, 44.1956 ], [ -97.1297, 44.1959 ], [ -97.1291, 44.2297 ] ] ] } },
{ "type": "Feature", "properties": { "GEOIDFQ": "1400000US46083010400", "NAME": "104", "NAMELSAD": "Census Tract 104" }, "geometry": { "type": "Polygon", "coordinates": [ [ [ -96.9246, 43.2579 ], [ -96.9242, 43.258 ], [ -96.5525, 43.2574 ], [ -96.5528, 43.2548 ], [ -96.5519, 43.2532 ], [ -96.5527, 43.252 ], [ -96.5515, 43.2509 ], [ -96.5512, 43.2498 ], [ -96.5495, 43.2484 ], [ -96.5492, 43.2468 ], [ -96.5496, 43.2467 ], [ -96.552, 43.2475 ], [ -96.5531, 43.2475 ], [ -96.5553, 43.2465 ], [ -96.559, 43.2454 ], [ -96.5607, 43.2439 ], [ -96.5624, 43.2437 ], [ -96.5652, 43.2445 ], [ -96.5685, 43.2419 ], [ -96.5697, 43.2403 ], [ -96.5715, 43.2388 ], [ -96.5713, 43.2383 ], [ -96.5696, 43.2378 ], [ -96.569, 43.2372 ], [ -96.5695, 43.2339 ], [ -96.5683, 43.2313 ], [ -96.5653, 43.2304 ], [ -96.5634, 43.2273 ], [ -96.5607, 43.2251 ], [ -96.5595, 43.223 ], [ -96.5587, 43.2229 ], [ -96.5579, 43.2233 ], [ -96.5566, 43.2247 ], [ -96.5563, 43.2262 ], [ -96.5553, 43.2267 ], [ -96.5529, 43.227 ], [ -96.5482, 43.227 ], [ -96.5455, 43.226 ], [ -96.5422, 43.2261 ], [ -96.5402, 43.2256 ], [ -96.5371, 43.2267 ], [ -96.5367, 43.2275 ], [ -96.5361, 43.2276 ], [ -96.534, 43.227 ], [ -96.5333, 43.2263 ], [ -96.5324, 43.2262 ], [ -96.5294, 43.2243 ], [ -96.5266, 43.2241 ], [ -96.5237, 43.2216 ], [ -96.5221, 43.221 ], [ -96.5214, 43.22 ], [ -96.5214, 43.2185 ], [ -96.5197, 43.2178 ], [ -96.5177, 43.2178 ], [ -96.5151, 43.2187 ], [ -96.5138, 43.2188 ], [ -96.5127, 43.2187 ], [ -96.5112, 43.2178 ], [ -96.5089, 43.2172 ], [ -96.5082, 43.2176 ], [ -96.5081, 43.2182 ], [ -96.5088, 43.2205 ], [ -96.5086, 43.2211 ], [ -96.507, 43.2217 ], [ -96.5053, 43.2218 ], [ -96.5037, 43.2215 ], [ -96.5012, 43.2206 ], [ -96.5, 43.2211 ], [ -96.4966, 43.2237 ], [ -96.4943, 43.2233 ], [ -96.4902, 43.2233 ], [ -96.4855, 43.2242 ], [ -96.4837, 43.2235 ], [ -96.4813, 43.2234 ], [ -96.479, 43.2221 ], [ -96.4772, 43.2222 ], [ -96.4754, 43.2205 ], [ -96.475, 43.2169 ], [ -96.4765, 43.213 ], [ -96.4723, 43.2095 ], [ -96.4719, 43.2081 ], [ -96.4707, 43.2073 ], [ -96.4712, 43.2061 ], [ -96.4708, 43.2051 ], [ -96.475, 43.2026 ], [ -96.4743, 43.2009 ], [ -96.474, 43.1987 ], [ -96.4721, 43.1963 ], [ -96.473, 43.1952 ], [ -96.4729, 43.1942 ], [ -96.4737, 43.1926 ], [ -96.4736, 43.1912 ], [ -96.474, 43.1896 ], [ -96.4724, 43.1876 ], [ -96.4729, 43.1864 ], [ -96.4725, 43.1856 ], [ -96.4717, 43.1854 ], [ -96.4704, 43.1862 ], [ -96.4688, 43.1844 ], [ -96.4673, 43.1848 ], [ -96.4664, 43.1834 ], [ -96.4653, 43.183 ], [ -96.4649, 43.182 ], [ -96.4651, 43.18 ], [ -96.4664, 43.1777 ], [ -96.4655, 43.1761 ], [ -96.4669, 43.1742 ], [ -96.4667, 43.1737 ], [ -96.4654, 43.173 ], [ -96.4656, 43.1713 ], [ -96.466, 43.1707 ], [ -96.4686, 43.1705 ], [ -96.4691, 43.1694 ], [ -96.4687, 43.1687 ], [ -96.467, 43.1684 ], [ -96.4671, 43.1648 ], [ -96.4675, 43.1637 ], [ -96.466, 43.1614 ], [ -96.4667, 43.16 ], [ -96.4696, 43.1584 ], [ -96.4681, 43.1577 ], [ -96.467, 43.1563 ], [ -96.4641, 43.1564 ], [ -96.464, 43.1555 ], [ -96.4644, 43.1533 ], [ -96.465, 43.1527 ], [ -96.4659, 43.1522 ], [ -96.4683, 43.1525 ], [ -96.4685, 43.1519 ], [ -96.4655, 43.1492 ], [ -96.4651, 43.1475 ], [ -96.4639, 43.1474 ], [ -96.4631, 43.1477 ], [ -96.4627, 43.1481 ], [ -96.463, 43.1486 ], [ -96.4622, 43.1492 ], [ -96.4613, 43.1489 ], [ -96.4608, 43.1479 ], [ -96.4592, 43.1475 ], [ -96.4592, 43.1466 ], [ -96.4606, 43.146 ], [ -96.4604, 43.1449 ], [ -96.4609, 43.1441 ], [ -96.4604, 43.1436 ], [ -96.4587, 43.1434 ], [ -96.4558, 43.1442 ], [ -96.4548, 43.1438 ], [ -96.4539, 43.1426 ], [ -96.4512, 43.1427 ], [ -96.4504, 43.1424 ], [ -96.4488, 43.1399 ], [ -96.4471, 43.1383 ], [ -96.4471, 43.1376 ], [ -96.4485, 43.1369 ], [ -96.4486, 43.1362 ], [ -96.4473, 43.1359 ], [ -96.4461, 43.1366 ], [ -96.4456, 43.1365 ], [ -96.4431, 43.1336 ], [ -96.4432, 43.1314 ], [ -96.4428, 43.1286 ], [ -96.4419, 43.1284 ], [ -96.4408, 43.1289 ], [ -96.4402, 43.1283 ], [ -96.4401, 43.1274 ], [ -96.4413, 43.1261 ], [ -96.4416, 43.1245 ], [ -96.4399, 43.1222 ], [ -96.437, 43.1213 ], [ -96.4365, 43.1204 ], [ -96.4388, 43.1166 ], [ -96.4389, 43.1148 ], [ -96.4397, 43.1136 ], [ -96.444, 43.1106 ], [ -96.446, 43.11 ], [ -96.4475, 43.1065 ], [ -96.447, 43.1055 ], [ -96.4485, 43.1044 ], [ -96.4505, 43.1038 ], [ -96.4501, 43.1014 ], [ -96.4509, 43.1006 ], [ -96.4515, 43.1005 ], [ -96.4524, 43.1008 ], [ -96.4527, 43.1006 ], [ -96.4531, 43.0992 ], [ -96.4523, 43.0985 ], [ -96.4524, 43.0982 ], [ -96.4541, 43.0973 ], [ -96.4562, 43.0979 ], [ -96.457, 43.0976 ], [ -96.4568, 43.0959 ], [ -96.4578, 43.0955 ], [ -96.4602, 43.0953 ], [ -96.4613, 43.0937 ], [ -96.4623, 43.0929 ], [ -96.4631, 43.09 ], [ -96.4623, 43.0895 ], [ -96.4579, 43.0889 ], [ -96.4554, 43.0883 ], [ -96.4544, 43.0862 ], [ -96.4541, 43.0834 ], [ -96.504, 43.0837 ], [ -96.5287, 43.0835 ], [ -96.5399, 43.0838 ], [ -96.6094, 43.0836 ], [ -96.6765, 43.0839 ], [ -96.9241, 43.0837 ], [ -96.924, 43.1853 ], [ -96.9246, 43.2579 ] ] ] } },
{ "type": "Feature", "properties": { "GEOIDFQ": "1400000US46083010300", "NAME": "103", "NAMELSAD": "Census Tract 103" }, "geometry": { "type": "Polygon", "coordinates": [ [ [ -96.8064, 43.432 ], [ -96.8063, 43.3448 ], [ -96.6877, 43.3445 ], [ -96.6876, 43.2576 ], [ -96.9246, 43.2579 ], [ -96.9245, 43.3951 ], [ -96.9248, 43.4322 ], [ -96.8064, 43.432 ] ] ] } },
{ "type": "Feature", "properties": { "GEOIDFQ": "1400000US46083010200", "NAME": "102", "NAMELSAD": "Census Tract 102" }, "geometry": { "type": "Polygon", "coordinates": [ [ [ -96.6877, 43.3445 ], [ -96.5271, 43.3442 ], [ -96.5276, 43.3429 ], [ -96.5287, 43.3422 ], [ -96.5311, 43.342 ], [ -96.5316, 43.3424 ], [ -96.5319, 43.3432 ], [ -96.5328, 43.3427 ], [ -96.5329, 43.342 ], [ -96.5319, 43.3409 ], [ -96.5317, 43.3393 ], [ -96.5325, 43.3382 ], [ -96.5351, 43.3365 ], [ -96.5342, 43.3347 ], [ -96.5324, 43.3345 ], [ -96.5325, 43.3336 ], [ -96.5315, 43.3319 ], [ -96.5332, 43.3287 ], [ -96.5316, 43.3263 ], [ -96.5288, 43.3243 ], [ -96.5289, 43.3227 ], [ -96.5295, 43.3216 ], [ -96.531, 43.3207 ], [ -96.5291, 43.3189 ], [ -96.5277, 43.3186 ], [ -96.526, 43.319 ], [ -96.5256, 43.3186 ], [ -96.5258, 43.3169 ], [ -96.5265, 43.3159 ], [ -96.5272, 43.3158 ], [ -96.5286, 43.3166 ], [ -96.529, 43.3164 ], [ -96.5284, 43.314 ], [ -96.5271, 43.3129 ], [ -96.5245, 43.3121 ], [ -96.5241, 43.3114 ], [ -96.525, 43.3102 ], [ -96.5271, 43.3099 ], [ -96.5278, 43.309 ], [ -96.5287, 43.3093 ], [ -96.5292, 43.3091 ], [ -96.5284, 43.3073 ], [ -96.5269, 43.3063 ], [ -96.5271, 43.3051 ], [ -96.5277, 43.3047 ], [ -96.5294, 43.3049 ], [ -96.5319, 43.3042 ], [ -96.5322, 43.3025 ], [ -96.5302, 43.3004 ], [ -96.5302, 43.2999 ], [ -96.5375, 43.2983 ], [ -96.5388, 43.2985 ], [ -96.5408, 43.2955 ], [ -96.5471, 43.2941 ], [ -96.5495, 43.2944 ], [ -96.5505, 43.2938 ], [ -96.5509, 43.2931 ], [ -96.5522, 43.2928 ], [ -96.5533, 43.2929 ], [ -96.5549, 43.294 ], [ -96.5555, 43.2952 ], [ -96.5547, 43.2965 ], [ -96.561, 43.2961 ], [ -96.562, 43.2958 ], [ -96.5632, 43.2949 ], [ -96.5644, 43.2946 ], [ -96.5665, 43.296 ], [ -96.5673, 43.2959 ], [ -96.568, 43.2952 ], [ -96.5693, 43.2955 ], [ -96.5708, 43.2963 ], [ -96.5722, 43.2983 ], [ -96.5737, 43.299 ], [ -96.5768, 43.2988 ], [ -96.5803, 43.2979 ], [ -96.5829, 43.2981 ], [ -96.5858, 43.2967 ], [ -96.5882, 43.2963 ], [ -96.5893, 43.2953 ], [ -96.5887, 43.2929 ], [ -96.588, 43.2924 ], [ -96.5845, 43.2931 ], [ -96.5815, 43.2956 ], [ -96.5804, 43.2958 ], [ -96.5795, 43.2957 ], [ -96.5791, 43.2938 ], [ -96.5792, 43.2925 ], [ -96.5806, 43.2906 ], [ -96.5814, 43.288 ], [ -96.5808, 43.2861 ], [ -96.5787, 43.284 ], [ -96.5776, 43.279 ], [ -96.5779, 43.2782 ], [ -96.5805, 43.276 ], [ -96.5812, 43.2747 ], [ -96.5822, 43.2743 ], [ -96.5831, 43.2745 ], [ -96.5831, 43.2763 ], [ -96.5838, 43.2767 ], [ -96.5861, 43.2745 ], [ -96.5865, 43.2737 ], [ -96.5863, 43.2725 ], [ -96.585, 43.2709 ], [ -96.5857, 43.2697 ], [ -96.5853, 43.2688 ], [ -96.5842, 43.2679 ], [ -96.5829, 43.2676 ], [ -96.5811, 43.2681 ], [ -96.577, 43.2683 ], [ -96.5759, 43.2678 ], [ -96.5743, 43.2662 ], [ -96.5715, 43.2645 ], [ -96.5699, 43.2628 ], [ -96.5667, 43.2619 ], [ -96.565, 43.2603 ], [ -96.5624, 43.2598 ], [ -96.5615, 43.2593 ], [ -96.5586, 43.2589 ], [ -96.5567, 43.259 ], [ -96.5556, 43.2599 ], [ -96.5547, 43.2599 ], [ -96.5535, 43.2595 ], [ -96.5525, 43.2574 ], [ -96.6876, 43.2576 ], [ -96.6877, 43.3445 ] ] ] } },
{ "type": "Feature", "properties": { "GEOIDFQ": "1400000US46023970100", "NAME": "9701", "NAMELSAD": "Census Tract 9701" }, "geometry": { "type": "Polygon", "coordinates": [ [ [ -99.3103, 43.4761 ], [ -99.3087, 43.4804 ], [ -99.3046, 43.4855 ], [ -99.3034, 43.4901 ], [ -99.2997, 43.4954 ], [ -99.2988, 43.4983 ], [ -99.2979, 43.4999 ], [ -98.8455, 43.4992 ], [ -98.7058, 43.4993 ], [ -98.7071, 43.4568 ], [ -98.7069, 43.3701 ], [ -98.6807, 43.3711 ], [ -98.6803, 43.3589 ], [ -98.6806, 43.3273 ], [ -98.6795, 43.2838 ], [ -98.6797, 43.2718 ], [ -98.6792, 43.2717 ], [ -98.6796, 43.25 ], [ -98.6789, 43.2342 ], [ -98.6791, 43.2156 ], [ -98.6781, 43.1846 ], [ -98.6786, 43.1844 ], [ -98.6776, 43.1265 ], [ -98.678, 43.1254 ], [ -98.678, 43.074 ], [ -98.6832, 43.0748 ], [ -98.6905, 43.0766 ], [ -98.7007, 43.0814 ], [ -98.7076, 43.0841 ], [ -98.7146, 43.0889 ], [ -98.7269, 43.1002 ], [ -98.7313, 43.1052 ], [ -98.7477, 43.1267 ], [ -98.7504, 43.1295 ], [ -98.7575, 43.1356 ], [ -98.7654, 43.1413 ], [ -98.7734, 43.1459 ], [ -98.7904, 43.1501 ], [ -98.8006, 43.1513 ], [ -98.8101, 43.1519 ], [ -98.8387, 43.153 ], [ -98.8536, 43.1546 ], [ -98.8601, 43.1564 ], [ -98.8656, 43.1596 ], [ -98.8688, 43.162 ], [ -98.8716, 43.1659 ], [ -98.8741, 43.171 ], [ -98.8752, 43.1736 ], [ -98.8754, 43.1753 ], [ -98.8765, 43.177 ], [ -98.8776, 43.18 ], [ -98.8779, 43.1839 ], [ -98.8763, 43.2085 ], [ -98.8764, 43.2141 ], [ -98.8777, 43.2266 ], [ -98.8814, 43.2357 ], [ -98.8841, 43.2399 ], [ -98.8878, 43.2432 ], [ -98.8927, 43.2456 ], [ -98.8968, 43.2469 ], [ -98.9026, 43.2476 ], [ -98.9096, 43.248 ], [ -98.9457, 43.2483 ], [ -98.9504, 43.2488 ], [ -98.9623, 43.2524 ], [ -98.9688, 43.2538 ], [ -98.9813, 43.2589 ], [ -98.9912, 43.2664 ], [ -99.0004, 43.2758 ], [ -99.0203, 43.2907 ], [ -99.0277, 43.2949 ], [ -99.0337, 43.2971 ], [ -99.0376, 43.2993 ], [ -99.0571, 43.3121 ], [ -99.0693, 43.3207 ], [ -99.077, 43.3298 ], [ -99.083, 43.335 ], [ -99.0863, 43.3393 ], [ -99.0926, 43.3537 ], [ -99.0965, 43.3583 ], [ -99.1021, 43.3667 ], [ -99.1059, 43.3709 ], [ -99.1089, 43.373 ], [ -99.1169, 43.376 ], [ -99.1228, 43.3793 ], [ -99.1264, 43.3806 ], [ -99.1275, 43.382 ], [ -99.1311, 43.3872 ], [ -99.1323, 43.3897 ], [ -99.1357, 43.3928 ], [ -99.1387, 43.3981 ], [ -99.14, 43.4009 ], [ -99.1404, 43.4036 ], [ -99.1396, 43.4073 ], [ -99.1433, 43.4138 ], [ -99.1485, 43.4221 ], [ -99.1529, 43.4269 ], [ -99.1556, 43.4289 ], [ -99.1583, 43.4307 ], [ -99.1672, 43.4352 ], [ -99.1713, 43.4366 ], [ -99.1777, 43.4379 ], [ -99.1835, 43.4377 ], [ -99.1899, 43.436 ], [ -99.1914, 43.436 ], [ -99.2025, 43.4368 ], [ -99.2109, 43.4369 ], [ -99.2219, 43.436 ], [ -99.2514, 43.4365 ], [ -99.2559, 43.4371 ], [ -99.2614, 43.4389 ], [ -99.2659, 43.4399 ], [ -99.2689, 43.4413 ], [ -99.2716, 43.4415 ], [ -99.2757, 43.4425 ], [ -99.2808, 43.4448 ], [ -99.2878, 43.4505 ], [ -99.2956, 43.4548 ], [ -99.3043, 43.4604 ], [ -99.3069, 43.4624 ], [ -99.3086, 43.4649 ], [ -99.3101, 43.4679 ], [ -99.3107, 43.4699 ], [ -99.3103, 43.4761 ] ] ] } },
{ "type": "Feature", "properties": { "GEOIDFQ": "1400000US46023940300", "NAME": "9403", "NAMELSAD": "Census Tract 9403" }, "geometry": { "type": "Polygon", "coordinates": [ [ [ -98.371, 42.9141 ], [ -98.3701, 42.9143 ], [ -98.3702, 42.915 ], [ -98.3709, 42.915 ], [ -98.3722, 42.9168 ], [ -98.3719, 42.9173 ], [ -98.3711, 42.9172 ], [ -98.3709, 42.9161 ], [ -98.37, 42.916 ], [ -98.3701, 42.917 ], [ -98.3692, 42.917 ], [ -98.3702, 42.9182 ], [ -98.3704, 42.9211 ], [ -98.3699, 42.9218 ], [ -98.369, 42.9219 ], [ -98.3685, 42.9224 ], [ -98.3691, 42.9231 ], [ -98.3677, 42.9235 ], [ -98.3668, 42.9242 ], [ -98.3673, 42.9252 ], [ -98.3685, 42.9257 ], [ -98.368, 42.9261 ], [ -98.3681, 42.9273 ], [ -98.3676, 42.9274 ], [ -98.3675, 42.9265 ], [ -98.3665, 42.9265 ], [ -98.3656, 42.9274 ], [ -98.3659, 42.928 ], [ -98.3667, 42.9282 ], [ -98.3666, 42.9291 ], [ -98.3656, 42.9291 ], [ -98.3657, 42.9298 ], [ -98.3675, 42.9303 ], [ -98.3674, 42.9327 ], [ -98.3684, 42.9329 ], [ -98.3677, 42.9341 ], [ -98.3663, 42.9352 ], [ -98.3664, 42.9359 ], [ -98.3681, 42.9363 ], [ -98.3678, 42.9368 ], [ -98.3669, 42.9372 ], [ -98.3671, 42.9377 ], [ -98.3676, 42.938 ], [ -98.3684, 42.9378 ], [ -98.3686, 42.9381 ], [ -98.3682, 42.9388 ], [ -98.3684, 42.9398 ], [ -98.3671, 42.941 ], [ -98.3657, 42.9413 ], [ -98.3667, 42.9438 ], [ -98.3644, 42.9438 ], [ -98.3637, 42.9443 ], [ -98.3628, 42.9437 ], [ -98.3618, 42.9444 ], [ -98.3596, 42.9443 ], [ -98.3592, 42.9462 ], [ -98.3577, 42.9462 ], [ -98.3573, 42.9474 ], [ -98.3559, 42.947 ], [ -98.3555, 42.9477 ], [ -98.3564, 42.9484 ], [ -98.3559, 42.9489 ], [ -98.3552, 42.9488 ], [ -98.3541, 42.9493 ], [ -98.3541, 42.9495 ], [ -98.3553, 42.9497 ], [ -98.3554, 42.9507 ], [ -98.3526, 42.9507 ], [ -98.3527, 42.9514 ], [ -98.352, 42.9515 ], [ -98.3519, 42.9518 ], [ -98.3522, 42.9529 ], [ -98.3508, 42.9531 ], [ -98.3508, 42.9535 ], [ -98.35, 42.9538 ], [ -98.3506, 42.954 ], [ -98.3503, 42.9547 ], [ -98.35, 42.9549 ], [ -98.3494, 42.9546 ], [ -98.3491, 42.9548 ], [ -98.3494, 42.9553 ], [ -98.351, 42.9549 ], [ -98.3514, 42.9558 ], [ -98.3506, 42.956 ], [ -98.3502, 42.9568 ], [ -98.3514, 42.9567 ], [ -98.3513, 42.9573 ], [ -98.3489, 42.9573 ], [ -98.3487, 42.9579 ], [ -98.3477, 42.9587 ], [ -98.3477, 42.9591 ], [ -98.3483, 42.959 ], [ -98.3483, 42.9606 ], [ -98.3463, 42.9597 ], [ -98.346, 42.9615 ], [ -98.3439, 42.9613 ], [ -98.3442, 42.9622 ], [ -98.3454, 42.9626 ], [ -98.3456, 42.9635 ], [ -98.3444, 42.9634 ], [ -98.3434, 42.9644 ], [ -98.3429, 42.9639 ], [ -98.3416, 42.9643 ], [ -98.3407, 42.9656 ], [ -98.3483, 42.9657 ], [ -98.3475, 43.1038 ], [ -98.3473, 43.263 ], [ -98.3456, 43.2694 ], [ -98.2507, 43.2402 ], [ -98.1686, 43.2155 ], [ -98.1593, 43.2122 ], [ -98.1095, 43.1968 ], [ -98.069, 43.1849 ], [ -98.0707, 43.1825 ], [ -98.0771, 43.1683 ], [ -98.0881, 43.1553 ], [ -98.0898, 43.1525 ], [ -98.0895, 43.1502 ], [ -98.0897, 43.1466 ], [ -98.0894, 43.1454 ], [ -98.0906, 43.143 ], [ -98.0908, 43.1406 ], [ -98.0922, 43.1385 ], [ -98.0924, 43.1365 ], [ -98.092, 43.1312 ], [ -98.0927, 43.1287 ], [ -98.0922, 43.1273 ], [ -98.093, 43.1269 ], [ -98.0925, 43.1255 ], [ -98.093, 43.1217 ], [ -98.0928, 43.1191 ], [ -98.0934, 43.1184 ], [ -98.094, 43.1182 ], [ -98.0946, 43.117 ], [ -98.0955, 43.1168 ], [ -98.0958, 43.115 ], [ -98.0972, 43.115 ], [ -98.098, 43.1144 ], [ -98.0982, 43.1138 ], [ -98.0991, 43.1138 ], [ -98.1007, 43.1131 ], [ -98.1013, 43.1133 ], [ -98.103, 43.1127 ], [ -98.1028, 43.112 ], [ -98.1033, 43.1117 ], [ -98.103, 43.1112 ], [ -98.1037, 43.1108 ], [ -98.1037, 43.1101 ], [ -98.1052, 43.1093 ], [ -98.1043, 43.1082 ], [ -98.1048, 43.1067 ], [ -98.1044, 43.1059 ], [ -98.1036, 43.106 ], [ -98.1033, 43.1055 ], [ -98.1046, 43.1044 ], [ -98.1064, 43.1042 ], [ -98.1069, 43.1025 ], [ -98.1078, 43.102 ], [ -98.1071, 43.1006 ], [ -98.1058, 43.1004 ], [ -98.1059, 43.0995 ], [ -98.107, 43.0995 ], [ -98.1068, 43.098 ], [ -98.1081, 43.0981 ], [ -98.1082, 43.0975 ], [ -98.1072, 43.0972 ], [ -98.1079, 43.0961 ], [ -98.1064, 43.0958 ], [ -98.1066, 43.0948 ], [ -98.1075, 43.0948 ], [ -98.1065, 43.0939 ], [ -98.1086, 43.0914 ], [ -98.1088, 43.0891 ], [ -98.1095, 43.089 ], [ -98.1098, 43.0875 ], [ -98.1079, 43.0876 ], [ -98.1085, 43.0865 ], [ -98.107, 43.0858 ], [ -98.1073, 43.0851 ], [ -98.1064, 43.0849 ], [ -98.1069, 43.084 ], [ -98.1062, 43.0837 ], [ -98.1064, 43.0834 ], [ -98.1091, 43.0829 ], [ -98.1094, 43.0816 ], [ -98.1088, 43.0807 ], [ -98.1076, 43.0805 ], [ -98.1079, 43.0783 ], [ -98.1059, 43.0782 ], [ -98.1056, 43.0775 ], [ -98.1068, 43.0771 ], [ -98.1065, 43.0764 ], [ -98.1077, 43.0763 ], [ -98.1078, 43.0756 ], [ -98.1096, 43.0757 ], [ -98.1085, 43.0739 ], [ -98.1094, 43.0737 ], [ -98.11, 43.074 ], [ -98.1103, 43.0734 ], [ -98.1099, 43.0726 ], [ -98.1084, 43.072 ], [ -98.1086, 43.0696 ], [ -98.1074, 43.0694 ], [ -98.1074, 43.069 ], [ -98.1085, 43.0683 ], [ -98.1083, 43.0665 ], [ -98.1075, 43.0658 ], [ -98.1087, 43.0651 ], [ -98.1087, 43.0647 ], [ -98.1072, 43.0627 ], [ -98.1061, 43.0628 ], [ -98.1053, 43.0617 ], [ -98.1056, 43.0614 ], [ -98.1068, 43.0613 ], [ -98.1061, 43.0604 ], [ -98.1067, 43.0593 ], [ -98.1059, 43.0588 ], [ -98.1053, 43.0571 ], [ -98.1036, 43.0572 ], [ -98.1033, 43.0565 ], [ -98.1038, 43.0537 ], [ -98.1031, 43.0526 ], [ -98.1041, 43.0522 ], [ -98.1049, 43.0511 ], [ -98.1049, 43.0505 ], [ -98.103, 43.049 ], [ -98.1028, 43.0486 ], [ -98.1037, 43.0479 ], [ -98.1038, 43.0475 ], [ -98.1024, 43.0477 ], [ -98.1016, 43.047 ], [ -98.1015, 43.0452 ], [ -98.102, 43.0452 ], [ -98.1034, 43.0461 ], [ -98.1039, 43.0457 ], [ -98.1033, 43.0451 ], [ -98.1043, 43.045 ], [ -98.1045, 43.0445 ], [ -98.1037, 43.0442 ], [ -98.1021, 43.0443 ], [ -98.1016, 43.044 ], [ -98.1019, 43.0433 ], [ -98.1025, 43.0431 ], [ -98.1028, 43.0416 ], [ -98.1026, 43.0409 ], [ -98.1015, 43.0411 ], [ -98.1013, 43.0405 ], [ -98.1028, 43.0401 ], [ -98.1029, 43.0397 ], [ -98.1015, 43.0394 ], [ -98.1012, 43.0389 ], [ -98.1029, 43.0384 ], [ -98.1028, 43.0371 ], [ -98.1017, 43.0368 ], [ -98.1018, 43.036 ], [ -98.1008, 43.0354 ], [ -98.0995, 43.0355 ], [ -98.0984, 43.0346 ], [ -98.0987, 43.0338 ], [ -98.0984, 43.033 ], [ -98.0995, 43.0322 ], [ -98.0965, 43.0316 ], [ -98.0969, 43.0301 ], [ -98.0964, 43.03 ], [ -98.0955, 43.0306 ], [ -98.0949, 43.0306 ], [ -98.0949, 43.0298 ], [ -98.0953, 43.0287 ], [ -98.0976, 43.0284 ], [ -98.0976, 43.0281 ], [ -98.0966, 43.0275 ], [ -98.0966, 43.027 ], [ -98.0988, 43.0263 ], [ -98.1009, 43.0274 ], [ -98.1013, 43.0266 ], [ -98.1029, 43.0263 ], [ -98.1046, 43.0272 ], [ -98.105, 43.0266 ], [ -98.1045, 43.0256 ], [ -98.1063, 43.0256 ], [ -98.1068, 43.0251 ], [ -98.106, 43.0247 ], [ -98.1053, 43.0248 ], [ -98.105, 43.0244 ], [ -98.106, 43.0239 ], [ -98.107, 43.0238 ], [ -98.1079, 43.0246 ], [ -98.1083, 43.024 ], [ -98.1079, 43.023 ], [ -98.1088, 43.0226 ], [ -98.1101, 43.023 ], [ -98.1105, 43.0227 ], [ -98.1106, 43.022 ], [ -98.1088, 43.0212 ], [ -98.1085, 43.0204 ], [ -98.1088, 43.0198 ], [ -98.1106, 43.0207 ], [ -98.1108, 43.0203 ], [ -98.1097, 43.0186 ], [ -98.1089, 43.0182 ], [ -98.1088, 43.0173 ], [ -98.1078, 43.0165 ], [ -98.1094, 43.0161 ], [ -98.1099, 43.015 ], [ -98.1095, 43.0147 ], [ -98.1082, 43.0145 ], [ -98.1079, 43.0141 ], [ -98.1093, 43.0135 ], [ -98.1098, 43.0125 ], [ -98.1102, 43.0125 ], [ -98.1108, 43.0135 ], [ -98.1113, 43.0136 ], [ -98.1128, 43.0076 ], [ -98.1124, 43.0072 ], [ -98.1113, 43.0072 ], [ -98.1111, 43.0068 ], [ -98.1126, 43.0062 ], [ -98.1132, 43.0069 ], [ -98.1138, 43.0068 ], [ -98.1143, 43.0061 ], [ -98.1131, 43.0041 ], [ -98.1128, 43.0026 ], [ -98.1131, 43.0012 ], [ -98.1128, 43.0003 ], [ -98.1118, 42.9995 ], [ -98.11, 42.9993 ], [ -98.1108, 42.9972 ], [ -98.1101, 42.997 ], [ -98.1091, 42.9972 ], [ -98.1085, 42.9978 ], [ -98.1084, 42.9986 ], [ -98.1074, 42.9987 ], [ -98.107, 42.9978 ], [ -98.1079, 42.9961 ], [ -98.1067, 42.9957 ], [ -98.1061, 42.9948 ], [ -98.1065, 42.9924 ], [ -98.1058, 42.992 ], [ -98.1042, 42.9929 ], [ -98.1036, 42.9927 ], [ -98.1054, 42.9902 ], [ -98.1032, 42.99 ], [ -98.1013, 42.9882 ], [ -98.1013, 42.9872 ], [ -98.1002, 42.9854 ], [ -98.1002, 42.9841 ], [ -98.1014, 42.9833 ], [ -98.1011, 42.9825 ], [ -98.1004, 42.982 ], [ -98.0979, 42.9813 ], [ -98.0961, 42.9798 ], [ -98.0946, 42.9795 ], [ -98.094, 42.9789 ], [ -98.0942, 42.9782 ], [ -98.0956, 42.9787 ], [ -98.0966, 42.9783 ], [ -98.0959, 42.9766 ], [ -98.0965, 42.9764 ], [ -98.0966, 42.9753 ], [ -98.0943, 42.9751 ], [ -98.0931, 42.9746 ], [ -98.0928, 42.9739 ], [ -98.0943, 42.9716 ], [ -98.0975, 42.9708 ], [ -98.0965, 42.9692 ], [ -98.0989, 42.9685 ], [ -98.0971, 42.9675 ], [ -98.0965, 42.9678 ], [ -98.0962, 42.9676 ], [ -98.0961, 42.9667 ], [ -98.095, 42.9658 ], [ -98.0947, 42.965 ], [ -98.0956, 42.9644 ], [ -98.0965, 42.9651 ], [ -98.0973, 42.9649 ], [ -98.0974, 42.964 ], [ -98.0969, 42.9637 ], [ -98.0969, 42.9632 ], [ -98.0973, 42.9626 ], [ -98.0989, 42.9633 ], [ -98.0985, 42.9615 ], [ -98.0974, 42.961 ], [ -98.0977, 42.9594 ], [ -98.098, 42.9589 ], [ -98.0991, 42.9591 ], [ -98.1003, 42.9584 ], [ -98.1013, 42.9583 ], [ -98.1011, 42.957 ], [ -98.1007, 42.9567 ], [ -98.1, 42.9568 ], [ -98.0999, 42.9561 ], [ -98.101, 42.955 ], [ -98.102, 42.9558 ], [ -98.1025, 42.9556 ], [ -98.1024, 42.9549 ], [ -98.1016, 42.9542 ], [ -98.1016, 42.9525 ], [ -98.1021, 42.9524 ], [ -98.103, 42.9536 ], [ -98.104, 42.9534 ], [ -98.104, 42.9509 ], [ -98.1029, 42.9497 ], [ -98.1035, 42.9494 ], [ -98.1052, 42.95 ], [ -98.1067, 42.948 ], [ -98.1077, 42.9476 ], [ -98.1081, 42.9448 ], [ -98.1079, 42.9443 ], [ -98.1087, 42.9429 ], [ -98.1073, 42.9421 ], [ -98.1068, 42.9428 ], [ -98.106, 42.9426 ], [ -98.1068, 42.941 ], [ -98.1059, 42.9406 ], [ -98.1045, 42.9409 ], [ -98.1036, 42.9381 ], [ -98.1063, 42.9371 ], [ -98.1073, 42.9375 ], [ -98.1081, 42.9389 ], [ -98.1086, 42.939 ], [ -98.1087, 42.9372 ], [ -98.1092, 42.9368 ], [ -98.1116, 42.9375 ], [ -98.1136, 42.9376 ], [ -98.114, 42.9373 ], [ -98.1134, 42.936 ], [ -98.1118, 42.9357 ], [ -98.1117, 42.9347 ], [ -98.1111, 42.9349 ], [ -98.1113, 42.9341 ], [ -98.1087, 42.9334 ], [ -98.1094, 42.9326 ], [ -98.1103, 42.9323 ], [ -98.1124, 42.933 ], [ -98.1129, 42.9315 ], [ -98.1127, 42.9304 ], [ -98.1121, 42.9299 ], [ -98.1128, 42.9295 ], [ -98.1136, 42.9297 ], [ -98.1136, 42.929 ], [ -98.1097, 42.9274 ], [ -98.1081, 42.9276 ], [ -98.1066, 42.9263 ], [ -98.1067, 42.924 ], [ -98.1063, 42.9236 ], [ -98.1068, 42.9228 ], [ -98.1074, 42.9226 ], [ -98.1081, 42.9225 ], [ -98.109, 42.9231 ], [ -98.1099, 42.9231 ], [ -98.1102, 42.9216 ], [ -98.1097, 42.9206 ], [ -98.1118, 42.9202 ], [ -98.1118, 42.9189 ], [ -98.1124, 42.9181 ], [ -98.1134, 42.9179 ], [ -98.1143, 42.9171 ], [ -98.1144, 42.9157 ], [ -98.1135, 42.9155 ], [ -98.1125, 42.9158 ], [ -98.1114, 42.9147 ], [ -98.1111, 42.9135 ], [ -98.1123, 42.9131 ], [ -98.1168, 42.9138 ], [ -98.117, 42.9131 ], [ -98.1164, 42.9124 ], [ -98.1134, 42.9118 ], [ -98.1141, 42.911 ], [ -98.1152, 42.9107 ], [ -98.1167, 42.9109 ], [ -98.1176, 42.9119 ], [ -98.119, 42.912 ], [ -98.1208, 42.911 ], [ -98.1235, 42.9107 ], [ -98.1226, 42.9091 ], [ -98.1218, 42.9085 ], [ -98.1219, 42.9079 ], [ -98.1228, 42.9072 ], [ -98.1228, 42.9068 ], [ -98.122, 42.9059 ], [ -98.1208, 42.9055 ], [ -98.1188, 42.9057 ], [ -98.1185, 42.9042 ], [ -98.1177, 42.9039 ], [ -98.1168, 42.9041 ], [ -98.1165, 42.9039 ], [ -98.1161, 42.9015 ], [ -98.1181, 42.9008 ], [ -98.117, 42.8998 ], [ -98.1145, 42.8999 ], [ -98.1139, 42.8996 ], [ -98.1141, 42.8989 ], [ -98.1155, 42.8977 ], [ -98.1155, 42.8971 ], [ -98.1139, 42.8964 ], [ -98.1125, 42.8961 ], [ -98.1119, 42.8945 ], [ -98.1119, 42.8938 ], [ -98.1129, 42.8937 ], [ -98.1129, 42.8933 ], [ -98.1121, 42.8912 ], [ -98.1133, 42.8908 ], [ -98.1143, 42.8892 ], [ -98.1141, 42.8879 ], [ -98.1148, 42.8858 ], [ -98.1143, 42.8833 ], [ -98.1158, 42.8831 ], [ -98.1159, 42.8819 ], [ -98.114, 42.8808 ], [ -98.1136, 42.8792 ], [ -98.1148, 42.8788 ], [ -98.1159, 42.8791 ], [ -98.1163, 42.8781 ], [ -98.115, 42.8778 ], [ -98.1148, 42.8774 ], [ -98.1155, 42.8767 ], [ -98.1181, 42.8765 ], [ -98.1191, 42.8747 ], [ -98.1164, 42.8736 ], [ -98.1172, 42.8729 ], [ -98.1178, 42.8716 ], [ -98.1165, 42.8706 ], [ -98.117, 42.8694 ], [ -98.1183, 42.8691 ], [ -98.1191, 42.8693 ], [ -98.1196, 42.8712 ], [ -98.1235, 42.8714 ], [ -98.1233, 42.8691 ], [ -98.1237, 42.8686 ], [ -98.1269, 42.8686 ], [ -98.1309, 42.8697 ], [ -98.1319, 42.869 ], [ -98.1322, 42.8684 ], [ -98.1299, 42.8663 ], [ -98.1301, 42.8658 ], [ -98.1316, 42.8656 ], [ -98.1344, 42.8661 ], [ -98.1357, 42.8653 ], [ -98.1382, 42.8652 ], [ -98.1395, 42.8647 ], [ -98.1396, 42.864 ], [ -98.1391, 42.8625 ], [ -98.1406, 42.8619 ], [ -98.1408, 42.8613 ], [ -98.1382, 42.8589 ], [ -98.1383, 42.8569 ], [ -98.1392, 42.8562 ], [ -98.1425, 42.8563 ], [ -98.1429, 42.8552 ], [ -98.1425, 42.8544 ], [ -98.1435, 42.8539 ], [ -98.1457, 42.8537 ], [ -98.1464, 42.8529 ], [ -98.1465, 42.8518 ], [ -98.1477, 42.8495 ], [ -98.1491, 42.8496 ], [ -98.1498, 42.8502 ], [ -98.15, 42.8518 ], [ -98.1509, 42.8523 ], [ -98.1507, 42.8534 ], [ -98.1524, 42.8524 ], [ -98.153, 42.8513 ], [ -98.1538, 42.8514 ], [ -98.1542, 42.8519 ], [ -98.1539, 42.8547 ], [ -98.1545, 42.8551 ], [ -98.1573, 42.8519 ], [ -98.1586, 42.8517 ], [ -98.1601, 42.8521 ], [ -98.1607, 42.852 ], [ -98.1613, 42.8506 ], [ -98.1628, 42.85 ], [ -98.1627, 42.8494 ], [ -98.1594, 42.8492 ], [ -98.1571, 42.8476 ], [ -98.1542, 42.8469 ], [ -98.1535, 42.8463 ], [ -98.1538, 42.8433 ], [ -98.1526, 42.8414 ], [ -98.1531, 42.839 ], [ -98.1632, 42.8371 ], [ -98.1675, 42.8369 ], [ -98.1711, 42.8371 ], [ -98.1898, 42.8416 ], [ -98.2045, 42.8468 ], [ -98.2198, 42.8532 ], [ -98.2242, 42.8555 ], [ -98.2265, 42.8577 ], [ -98.2319, 42.8611 ], [ -98.2468, 42.8684 ], [ -98.2498, 42.8718 ], [ -98.2518, 42.8728 ], [ -98.2583, 42.8744 ], [ -98.2635, 42.8745 ], [ -98.2684, 42.8742 ], [ -98.28, 42.875 ], [ -98.2975, 42.8801 ], [ -98.3195, 42.8845 ], [ -98.3259, 42.8865 ], [ -98.3297, 42.8884 ], [ -98.3324, 42.8905 ], [ -98.3335, 42.8915 ], [ -98.3358, 42.8957 ], [ -98.338, 42.8978 ], [ -98.3424, 42.9008 ], [ -98.3525, 42.9054 ], [ -98.3728, 42.9124 ], [ -98.371, 42.9141 ] ], [ [ -98.3496, 42.9558 ], [ -98.3498, 42.9556 ], [ -98.3494, 42.9553 ], [ -98.3496, 42.9558 ] ] ] } },
{ "type": "Feature", "properties": { "GEOIDFQ": "1400000US46023940200", "NAME": "9402", "NAMELSAD": "Census Tract 9402" }, "geometry": { "type": "MultiPolygon", "coordinates": [ [ [ [ -98.6224, 43.3556 ], [ -98.5845, 43.3439 ], [ -98.5822, 43.3435 ], [ -98.5372, 43.3292 ], [ -98.5284, 43.3267 ], [ -98.5251, 43.3254 ], [ -98.4035, 43.2876 ], [ -98.3669, 43.2757 ], [ -98.3652, 43.2756 ], [ -98.3456, 43.2694 ], [ -98.3473, 43.263 ], [ -98.3475, 43.1038 ], [ -98.3483, 42.9657 ], [ -98.3407, 42.9656 ], [ -98.3416, 42.9643 ], [ -98.3429, 42.9639 ], [ -98.3434, 42.9644 ], [ -98.3444, 42.9634 ], [ -98.3456, 42.9635 ], [ -98.3454, 42.9626 ], [ -98.3442, 42.9622 ], [ -98.3439, 42.9613 ], [ -98.346, 42.9615 ], [ -98.3463, 42.9597 ], [ -98.3483, 42.9606 ], [ -98.3483, 42.959 ], [ -98.3477, 42.9591 ], [ -98.3477, 42.9587 ], [ -98.3487, 42.9579 ], [ -98.3489, 42.9573 ], [ -98.3513, 42.9573 ], [ -98.3514, 42.9567 ], [ -98.3502, 42.9568 ], [ -98.3506, 42.956 ], [ -98.3514, 42.9558 ], [ -98.351, 42.9549 ], [ -98.3494, 42.9553 ], [ -98.3491, 42.9548 ], [ -98.3494, 42.9546 ], [ -98.35, 42.9549 ], [ -98.3503, 42.9547 ], [ -98.3506, 42.954 ], [ -98.35, 42.9538 ], [ -98.3508, 42.9535 ], [ -98.3508, 42.9531 ], [ -98.3522, 42.9529 ], [ -98.3519, 42.9518 ], [ -98.352, 42.9515 ], [ -98.3527, 42.9514 ], [ -98.3526, 42.9507 ], [ -98.3554, 42.9507 ], [ -98.3553, 42.9497 ], [ -98.3541, 42.9495 ], [ -98.3541, 42.9493 ], [ -98.3552, 42.9488 ], [ -98.3559, 42.9489 ], [ -98.3564, 42.9484 ], [ -98.3555, 42.9477 ], [ -98.3559, 42.947 ], [ -98.3573, 42.9474 ], [ -98.3577, 42.9462 ], [ -98.3592, 42.9462 ], [ -98.3596, 42.9443 ], [ -98.3618, 42.9444 ], [ -98.3628, 42.9437 ], [ -98.3637, 42.9443 ], [ -98.3644, 42.9438 ], [ -98.3667, 42.9438 ], [ -98.3657, 42.9413 ], [ -98.3671, 42.941 ], [ -98.3684, 42.9398 ], [ -98.3682, 42.9388 ], [ -98.3686, 42.9381 ], [ -98.3684, 42.9378 ], [ -98.3676, 42.938 ], [ -98.3671, 42.9377 ], [ -98.3669, 42.9372 ], [ -98.3678, 42.9368 ], [ -98.3681, 42.9363 ], [ -98.3664, 42.9359 ], [ -98.3663, 42.9352 ], [ -98.3677, 42.9341 ], [ -98.3684, 42.9329 ], [ -98.3674, 42.9327 ], [ -98.3675, 42.9303 ], [ -98.3657, 42.9298 ], [ -98.3656, 42.9291 ], [ -98.3666, 42.9291 ], [ -98.3667, 42.9282 ], [ -98.3659, 42.928 ], [ -98.3656, 42.9274 ], [ -98.3665, 42.9265 ], [ -98.3675, 42.9265 ], [ -98.3676, 42.9274 ], [ -98.3681, 42.9273 ], [ -98.368, 42.9261 ], [ -98.3685, 42.9257 ], [ -98.3673, 42.9252 ], [ -98.3668, 42.9242 ], [ -98.3677, 42.9235 ], [ -98.3691, 42.9231 ], [ -98.3685, 42.9224 ], [ -98.369, 42.9219 ], [ -98.3699, 42.9218 ], [ -98.3704, 42.9211 ], [ -98.3702, 42.9182 ], [ -98.3692, 42.917 ], [ -98.3701, 42.917 ], [ -98.37, 42.916 ], [ -98.3709, 42.9161 ], [ -98.3711, 42.9172 ], [ -98.3719, 42.9173 ], [ -98.3722, 42.9168 ], [ -98.3709, 42.915 ], [ -98.3702, 42.915 ], [ -98.3701, 42.9143 ], [ -98.371, 42.9141 ], [ -98.3728, 42.9124 ], [ -98.3754, 42.9131 ], [ -98.3864, 42.9184 ], [ -98.3993, 42.9225 ], [ -98.4078, 42.9257 ], [ -98.4166, 42.9302 ], [ -98.4184, 42.9307 ], [ -98.4207, 42.9319 ], [ -98.4263, 42.9321 ], [ -98.4309, 42.9315 ], [ -98.4345, 42.9292 ], [ -98.4373, 42.9284 ], [ -98.4397, 42.9282 ], [ -98.4441, 42.9292 ], [ -98.4459, 42.9306 ], [ -98.447, 42.9351 ], [ -98.4483, 42.9364 ], [ -98.4522, 42.9384 ], [ -98.4585, 42.9434 ], [ -98.4617, 42.9444 ], [ -98.4674, 42.9476 ], [ -98.4789, 42.9635 ], [ -98.4905, 42.9779 ], [ -98.4957, 42.988 ], [ -98.4985, 42.9986 ], [ -98.4986, 43.0038 ], [ -98.4991, 43.0059 ], [ -98.5007, 43.0084 ], [ -98.5021, 43.0123 ], [ -98.5034, 43.0144 ], [ -98.5112, 43.0253 ], [ -98.5186, 43.0333 ], [ -98.5272, 43.0413 ], [ -98.5432, 43.0514 ], [ -98.5514, 43.0553 ], [ -98.5534, 43.0571 ], [ -98.5575, 43.059 ], [ -98.5601, 43.0593 ], [ -98.5781, 43.0648 ], [ -98.5916, 43.0681 ], [ -98.6096, 43.0719 ], [ -98.6127, 43.0733 ], [ -98.6158, 43.074 ], [ -98.6186, 43.0742 ], [ -98.6254, 43.0736 ], [ -98.6451, 43.0713 ], [ -98.653, 43.0713 ], [ -98.6636, 43.0719 ], [ -98.678, 43.074 ], [ -98.678, 43.1254 ], [ -98.6776, 43.1265 ], [ -98.6786, 43.1844 ], [ -98.6781, 43.1846 ], [ -98.6791, 43.2156 ], [ -98.6789, 43.2342 ], [ -98.6796, 43.25 ], [ -98.6792, 43.2717 ], [ -98.6797, 43.2718 ], [ -98.6795, 43.2838 ], [ -98.6806, 43.3273 ], [ -98.6803, 43.3589 ], [ -98.6807, 43.3732 ], [ -98.6224, 43.3556 ] ] ], [ [ [ -98.3498, 42.9556 ], [ -98.3496, 42.9558 ], [ -98.3494, 42.9553 ], [ -98.3498, 42.9556 ] ] ] ] } },
{ "type": "Feature", "properties": { "GEOIDFQ": "1400000US46099001200", "NAME": "12", "NAMELSAD": "Census Tract 12" }, "geometry": { "type": "Polygon", "coordinates": [ [ [ -96.7713, 43.53 ], [ -96.7673, 43.5378 ], [ -96.7678, 43.5394 ], [ -96.7706, 43.5426 ], [ -96.7709, 43.5439 ], [ -96.7611, 43.5439 ], [ -96.7612, 43.5403 ], [ -96.7512, 43.5403 ], [ -96.7511, 43.5149 ], [ -96.7655, 43.5148 ], [ -96.7658, 43.5157 ], [ -96.7675, 43.5173 ], [ -96.7712, 43.5237 ], [ -96.7713, 43.53 ] ] ] } },
{ "type": "Feature", "properties": { "GEOIDFQ": "1400000US46099001600", "NAME": "16", "NAMELSAD": "Census Tract 16" }, "geometry": { "type": "Polygon", "coordinates": [ [ [ -96.73, 43.5349 ], [ -96.7263, 43.5349 ], [ -96.7263, 43.5346 ], [ -96.7163, 43.5346 ], [ -96.7163, 43.5294 ], [ -96.7113, 43.5293 ], [ -96.7112, 43.5221 ], [ -96.73, 43.5221 ], [ -96.73, 43.5349 ] ] ] } },
{ "type": "Feature", "properties": { "GEOIDFQ": "1400000US46099001700", "NAME": "17", "NAMELSAD": "Census Tract 17" }, "geometry": { "type": "Polygon", "coordinates": [ [ [ -96.7138, 43.5331 ], [ -96.7137, 43.534 ], [ -96.7088, 43.534 ], [ -96.7063, 43.5328 ], [ -96.7063, 43.5375 ], [ -96.7059, 43.5378 ], [ -96.7038, 43.5366 ], [ -96.6996, 43.5366 ], [ -96.6971, 43.5345 ], [ -96.6962, 43.5331 ], [ -96.7007, 43.5296 ], [ -96.7022, 43.5276 ], [ -96.7069, 43.5176 ], [ -96.7089, 43.5161 ], [ -96.7116, 43.5153 ], [ -96.7112, 43.5165 ], [ -96.7113, 43.5293 ], [ -96.7163, 43.5294 ], [ -96.7163, 43.5331 ], [ -96.7138, 43.5331 ] ] ] } },
{ "type": "Feature", "properties": { "GEOIDFQ": "1400000US46099001801", "NAME": "18.01", "NAMELSAD": "Census Tract 18.01" }, "geometry": { "type": "Polygon", "coordinates": [ [ [ -96.6948, 43.5285 ], [ -96.6962, 43.5331 ], [ -96.6946, 43.5347 ], [ -96.694, 43.5367 ], [ -96.6859, 43.5367 ], [ -96.6834, 43.5373 ], [ -96.6815, 43.5367 ], [ -96.6814, 43.5003 ], [ -96.6962, 43.5004 ], [ -96.6948, 43.5029 ], [ -96.6904, 43.5075 ], [ -96.6897, 43.5095 ], [ -96.6894, 43.5129 ], [ -96.6904, 43.5162 ], [ -96.693, 43.5186 ], [ -96.6958, 43.5206 ], [ -96.6966, 43.5227 ], [ -96.6948, 43.5285 ] ] ] } },
{ "type": "Feature", "properties": { "GEOIDFQ": "1400000US46093020304", "NAME": "203.04", "NAMELSAD": "Census Tract 203.04" }, "geometry": { "type": "Polygon", "coordinates": [ [ [ -103.574, 44.3143 ], [ -103.5743, 44.3442 ], [ -103.5694, 44.3442 ], [ -103.5694, 44.3465 ], [ -103.567, 44.3474 ], [ -103.5641, 44.3473 ], [ -103.5626, 44.3479 ], [ -103.5578, 44.3483 ], [ -103.5545, 44.348 ], [ -103.5526, 44.3482 ], [ -103.5514, 44.348 ], [ -103.55, 44.3486 ], [ -103.5473, 44.3492 ], [ -103.5449, 44.3486 ], [ -103.5428, 44.3494 ], [ -103.5413, 44.3506 ], [ -103.5392, 44.3534 ], [ -103.5365, 44.3548 ], [ -103.5363, 44.3556 ], [ -103.5368, 44.3571 ], [ -103.5363, 44.3581 ], [ -103.5341, 44.3601 ], [ -103.531, 44.3615 ], [ -103.5302, 44.3629 ], [ -103.5283, 44.3637 ], [ -103.5266, 44.3638 ], [ -103.5249, 44.3649 ], [ -103.5233, 44.3655 ], [ -103.5202, 44.3661 ], [ -103.5157, 44.3676 ], [ -103.5135, 44.3692 ], [ -103.5125, 44.3707 ], [ -103.5116, 44.3739 ], [ -103.5102, 44.3749 ], [ -103.5096, 44.3762 ], [ -103.5076, 44.3773 ], [ -103.5068, 44.3787 ], [ -103.5045, 44.3807 ], [ -103.5042, 44.3894 ], [ -103.5037, 44.3913 ], [ -103.4964, 44.3907 ], [ -103.4942, 44.3902 ], [ -103.4911, 44.3886 ], [ -103.4865, 44.3833 ], [ -103.4861, 44.3835 ], [ -103.4834, 44.3802 ], [ -103.4792, 44.3762 ], [ -103.4671, 44.3661 ], [ -103.4453, 44.3412 ], [ -103.4452, 44.3416 ], [ -103.4429, 44.3386 ], [ -103.4353, 44.3262 ], [ -103.4352, 44.3245 ], [ -103.4365, 44.3204 ], [ -103.4367, 44.3172 ], [ -103.4339, 44.3001 ], [ -103.4329, 44.297 ], [ -103.4187, 44.2748 ], [ -103.3989, 44.2447 ], [ -103.3969, 44.2422 ], [ -103.3685, 44.2422 ], [ -103.3618, 44.2411 ], [ -103.3597, 44.2412 ], [ -103.3576, 44.2399 ], [ -103.3564, 44.2398 ], [ -103.3559, 44.2385 ], [ -103.3474, 44.2386 ], [ -103.3474, 44.2283 ], [ -103.3469, 44.2273 ], [ -103.3485, 44.2262 ], [ -103.3498, 44.2259 ], [ -103.3565, 44.2272 ], [ -103.3607, 44.2274 ], [ -103.3621, 44.2269 ], [ -103.3659, 44.2239 ], [ -103.378, 44.224 ], [ -103.369, 44.2181 ], [ -103.3657, 44.2151 ], [ -103.3655, 44.2142 ], [ -103.3669, 44.2129 ], [ -103.3672, 44.212 ], [ -103.3651, 44.2098 ], [ -103.3685, 44.2069 ], [ -103.3702, 44.2061 ], [ -103.3755, 44.2055 ], [ -103.3773, 44.2023 ], [ -103.3786, 44.2007 ], [ -103.3806, 44.2006 ], [ -103.3823, 44.2019 ], [ -103.3839, 44.2018 ], [ -103.385, 44.2027 ], [ -103.3856, 44.2028 ], [ -103.3875, 44.202 ], [ -103.3897, 44.1995 ], [ -103.3913, 44.1985 ], [ -103.3925, 44.1985 ], [ -103.3935, 44.1992 ], [ -103.396, 44.1983 ], [ -103.3967, 44.1988 ], [ -103.3959, 44.2004 ], [ -103.3964, 44.2005 ], [ -103.3967, 44.201 ], [ -103.3976, 44.2012 ], [ -103.3986, 44.2006 ], [ -103.3997, 44.2014 ], [ -103.4002, 44.2022 ], [ -103.4022, 44.2029 ], [ -103.4043, 44.2027 ], [ -103.4071, 44.2033 ], [ -103.4085, 44.204 ], [ -103.4081, 44.2051 ], [ -103.4085, 44.206 ], [ -103.4093, 44.2059 ], [ -103.4108, 44.205 ], [ -103.4121, 44.2051 ], [ -103.414, 44.2079 ], [ -103.4151, 44.2083 ], [ -103.4164, 44.2082 ], [ -103.4197, 44.21 ], [ -103.4222, 44.2106 ], [ -103.4232, 44.2122 ], [ -103.4279, 44.215 ], [ -103.4358, 44.218 ], [ -103.4364, 44.2189 ], [ -103.436, 44.2203 ], [ -103.438, 44.2235 ], [ -103.44, 44.2254 ], [ -103.441, 44.2277 ], [ -103.4419, 44.2287 ], [ -103.4453, 44.2299 ], [ -103.4499, 44.2304 ], [ -103.4529, 44.232 ], [ -103.453, 44.2566 ], [ -103.5534, 44.2564 ], [ -103.5744, 44.2561 ], [ -103.574, 44.3143 ] ] ] } },
{ "type": "Feature", "properties": { "GEOIDFQ": "1400000US46093020402", "NAME": "204.02", "NAMELSAD": "Census Tract 204.02" }, "geometry": { "type": "Polygon", "coordinates": [ [ [ -103.5688, 44.4416 ], [ -103.5673, 44.4413 ], [ -103.5655, 44.4386 ], [ -103.5631, 44.4367 ], [ -103.5593, 44.4348 ], [ -103.5522, 44.4327 ], [ -103.5507, 44.4329 ], [ -103.5492, 44.4335 ], [ -103.5478, 44.4335 ], [ -103.5446, 44.4326 ], [ -103.526, 44.4261 ], [ -103.5231, 44.4262 ], [ -103.509, 44.4218 ], [ -103.5063, 44.4213 ], [ -103.5005, 44.4195 ], [ -103.4992, 44.4196 ], [ -103.4945, 44.4173 ], [ -103.4932, 44.4165 ], [ -103.4932, 44.4136 ], [ -103.4915, 44.4133 ], [ -103.4887, 44.4118 ], [ -103.4888, 44.4092 ], [ -103.4934, 44.4091 ], [ -103.4939, 44.3956 ], [ -103.4943, 44.3946 ], [ -103.4893, 44.3946 ], [ -103.4884, 44.3938 ], [ -103.4882, 44.3921 ], [ -103.4886, 44.3915 ], [ -103.487, 44.3891 ], [ -103.4878, 44.3872 ], [ -103.4875, 44.3862 ], [ -103.4863, 44.385 ], [ -103.486, 44.3836 ], [ -103.4865, 44.3833 ], [ -103.4904, 44.388 ], [ -103.4931, 44.3898 ], [ -103.4964, 44.3907 ], [ -103.5026, 44.391 ], [ -103.5044, 44.3915 ], [ -103.5066, 44.3926 ], [ -103.5083, 44.3948 ], [ -103.5105, 44.4031 ], [ -103.5144, 44.4074 ], [ -103.5172, 44.4117 ], [ -103.5195, 44.4135 ], [ -103.5229, 44.4149 ], [ -103.5365, 44.4181 ], [ -103.5689, 44.4267 ], [ -103.5688, 44.4416 ] ] ] } },
{ "type": "Feature", "properties": { "GEOIDFQ": "1400000US46093020401", "NAME": "204.01", "NAMELSAD": "Census Tract 204.01" }, "geometry": { "type": "Polygon", "coordinates": [ [ [ -103.5685, 44.4214 ], [ -103.5689, 44.4267 ], [ -103.5365, 44.4181 ], [ -103.5229, 44.4149 ], [ -103.5195, 44.4135 ], [ -103.5172, 44.4117 ], [ -103.5144, 44.4074 ], [ -103.5105, 44.4031 ], [ -103.5078, 44.3938 ], [ -103.5059, 44.3921 ], [ -103.5037, 44.3913 ], [ -103.5042, 44.3894 ], [ -103.5045, 44.3807 ], [ -103.5068, 44.3787 ], [ -103.5076, 44.3773 ], [ -103.5096, 44.3762 ], [ -103.5102, 44.3749 ], [ -103.5116, 44.3739 ], [ -103.5125, 44.3706 ], [ -103.5135, 44.3692 ], [ -103.5153, 44.3677 ], [ -103.5199, 44.3662 ], [ -103.5233, 44.3655 ], [ -103.5249, 44.3649 ], [ -103.5266, 44.3638 ], [ -103.5283, 44.3637 ], [ -103.5302, 44.3629 ], [ -103.531, 44.3615 ], [ -103.5341, 44.3601 ], [ -103.5365, 44.3579 ], [ -103.5368, 44.3569 ], [ -103.5363, 44.3555 ], [ -103.5366, 44.3547 ], [ -103.5392, 44.3534 ], [ -103.5414, 44.3505 ], [ -103.544, 44.3489 ], [ -103.5451, 44.3486 ], [ -103.5473, 44.3492 ], [ -103.55, 44.3486 ], [ -103.5514, 44.348 ], [ -103.5526, 44.3482 ], [ -103.5545, 44.348 ], [ -103.5576, 44.3483 ], [ -103.5613, 44.3481 ], [ -103.5628, 44.3479 ], [ -103.5641, 44.3473 ], [ -103.567, 44.3474 ], [ -103.5694, 44.3465 ], [ -103.5685, 44.4214 ] ] ] } },
{ "type": "Feature", "properties": { "GEOIDFQ": "1400000US46099010102", "NAME": "101.02", "NAMELSAD": "Census Tract 101.02" }, "geometry": { "type": "Polygon", "coordinates": [ [ [ -96.7712, 43.8483 ], [ -96.7082, 43.8482 ], [ -96.7072, 43.8484 ], [ -96.7064, 43.8482 ], [ -96.6585, 43.8484 ], [ -96.6318, 43.8479 ], [ -96.6363, 43.8369 ], [ -96.6416, 43.8361 ], [ -96.6511, 43.8338 ], [ -96.6512, 43.7904 ], [ -96.67, 43.7894 ], [ -96.7168, 43.7899 ], [ -96.7503, 43.7906 ], [ -96.7601, 43.79 ], [ -96.7711, 43.7901 ], [ -96.7709, 43.8334 ], [ -96.7712, 43.8483 ] ] ] } },
{ "type": "Feature", "properties": { "GEOIDFQ": "1400000US46079960100", "NAME": "9601", "NAMELSAD": "Census Tract 9601" }, "geometry": { "type": "Polygon", "coordinates": [ [ [ -97.3701, 44.195 ], [ -97.2709, 44.1961 ], [ -96.8892, 44.1957 ], [ -96.8892, 44.1568 ], [ -96.8886, 44.1382 ], [ -96.8887, 44.037 ], [ -96.9897, 44.0372 ], [ -97.01, 44.0365 ], [ -97.0896, 44.0369 ], [ -97.1284, 44.0364 ], [ -97.1495, 44.0365 ], [ -97.1491, 43.9785 ], [ -97.1291, 43.9786 ], [ -97.1291, 43.848 ], [ -97.3695, 43.8485 ], [ -97.3704, 44.1101 ], [ -97.3701, 44.195 ] ] ] } },
{ "type": "Feature", "properties": { "GEOIDFQ": "1400000US46079960300", "NAME": "9603", "NAMELSAD": "Census Tract 9603" }, "geometry": { "type": "Polygon", "coordinates": [ [ [ -97.1291, 43.9786 ], [ -97.0748, 43.9787 ], [ -97.0731, 43.979 ], [ -97.0711, 43.9801 ], [ -97.0696, 43.9801 ], [ -97.0695, 44.0367 ], [ -97.01, 44.0365 ], [ -96.9897, 44.0372 ], [ -96.8887, 44.037 ], [ -96.8887, 43.8484 ], [ -97.1291, 43.848 ], [ -97.1291, 43.9786 ] ] ] } },
{ "type": "Feature", "properties": { "GEOIDFQ": "1400000US46063968700", "NAME": "9687", "NAMELSAD": "Census Tract 9687" }, "geometry": { "type": "Polygon", "coordinates": [ [ [ -103.9078, 45.9454 ], [ -103.8884, 45.9451 ], [ -103.8517, 45.9453 ], [ -103.8453, 45.9451 ], [ -103.7503, 45.9453 ], [ -103.7449, 45.9451 ], [ -103.562, 45.9454 ], [ -103.5573, 45.9454 ], [ -103.5568, 45.9451 ], [ -103.5006, 45.9453 ], [ -103.494, 45.9449 ], [ -103.4324, 45.9453 ], [ -103.4313, 45.9451 ], [ -103.4114, 45.9453 ], [ -103.3885, 45.945 ], [ -103.1934, 45.9453 ], [ -103.0482, 45.9451 ], [ -103.0345, 45.9453 ], [ -102.9421, 45.945 ], [ -102.9427, 45.8276 ], [ -102.9424, 45.7328 ], [ -102.95, 45.7329 ], [ -102.9503, 45.7316 ], [ -102.9501, 45.667 ], [ -102.951, 45.5726 ], [ -102.9509, 45.566 ], [ -102.9505, 45.5652 ], [ -102.9509, 45.5643 ], [ -102.951, 45.5588 ], [ -102.951, 45.5025 ], [ -102.9504, 45.4693 ], [ -102.9502, 45.4436 ], [ -102.9506, 45.4435 ], [ -102.9502, 45.442 ], [ -102.9501, 45.3882 ], [ -102.9501, 45.3863 ], [ -102.9569, 45.3863 ], [ -102.957, 45.3578 ], [ -102.9564, 45.3357 ], [ -102.9571, 45.3143 ], [ -102.9573, 45.2804 ], [ -102.9565, 45.2597 ], [ -102.9574, 45.2501 ], [ -102.9573, 45.2129 ], [ -103.0004, 45.2125 ], [ -103.0006, 45.213 ], [ -103.2505, 45.2128 ], [ -103.4872, 45.2133 ], [ -103.5005, 45.2128 ], [ -103.5282, 45.2128 ], [ -103.5626, 45.2133 ], [ -103.8755, 45.2131 ], [ -103.9066, 45.2134 ], [ -103.9812, 45.2128 ], [ -104.04, 45.2129 ], [ -104.0406, 45.4373 ], [ -104.0415, 45.491 ], [ -104.0411, 45.4923 ], [ -104.0423, 45.6192 ], [ -104.0426, 45.7499 ], [ -104.0437, 45.8537 ], [ -104.0455, 45.9453 ], [ -103.9078, 45.9454 ] ] ] } },
{ "type": "Feature", "properties": { "GEOIDFQ": "1400000US46099010101", "NAME": "101.01", "NAMELSAD": "Census Tract 101.01" }, "geometry": { "type": "Polygon", "coordinates": [ [ [ -96.7711, 43.7901 ], [ -96.7601, 43.79 ], [ -96.7503, 43.7906 ], [ -96.7168, 43.7899 ], [ -96.67, 43.7894 ], [ -96.6512, 43.7904 ], [ -96.6511, 43.8338 ], [ -96.6416, 43.8361 ], [ -96.6363, 43.8369 ], [ -96.6318, 43.8479 ], [ -96.5699, 43.848 ], [ -96.5371, 43.8475 ], [ -96.5086, 43.8476 ], [ -96.4873, 43.8486 ], [ -96.453, 43.8495 ], [ -96.4535, 43.675 ], [ -96.5313, 43.6736 ], [ -96.6139, 43.6741 ], [ -96.7011, 43.6742 ], [ -96.7066, 43.6746 ], [ -96.7066, 43.6742 ], [ -96.7715, 43.6743 ], [ -96.7712, 43.7273 ], [ -96.7717, 43.7466 ], [ -96.7711, 43.7901 ] ] ] } },
{ "type": "Feature", "properties": { "GEOIDFQ": "1400000US46099010405", "NAME": "104.05", "NAMELSAD": "Census Tract 104.05" }, "geometry": { "type": "Polygon", "coordinates": [ [ [ -96.811, 43.6088 ], [ -96.8001, 43.6092 ], [ -96.7849, 43.612 ], [ -96.7794, 43.6127 ], [ -96.759, 43.6128 ], [ -96.7447, 43.6104 ], [ -96.7449, 43.6084 ], [ -96.7464, 43.6068 ], [ -96.7465, 43.6058 ], [ -96.7443, 43.6052 ], [ -96.742, 43.6057 ], [ -96.741, 43.6057 ], [ -96.7402, 43.6048 ], [ -96.7404, 43.6004 ], [ -96.741, 43.5998 ], [ -96.744, 43.5983 ], [ -96.7437, 43.5953 ], [ -96.7431, 43.594 ], [ -96.7435, 43.5926 ], [ -96.7615, 43.5761 ], [ -96.764, 43.5729 ], [ -96.7715, 43.5729 ], [ -96.7726, 43.5721 ], [ -96.7753, 43.5726 ], [ -96.7769, 43.5709 ], [ -96.778, 43.569 ], [ -96.7785, 43.5672 ], [ -96.7796, 43.5588 ], [ -96.7819, 43.5589 ], [ -96.7864, 43.5584 ], [ -96.8109, 43.5584 ], [ -96.811, 43.6088 ] ] ] } },
{ "type": "Feature", "properties": { "GEOIDFQ": "1400000US46099010404", "NAME": "104.04", "NAMELSAD": "Census Tract 104.04" }, "geometry": { "type": "Polygon", "coordinates": [ [ [ -96.8905, 43.6743 ], [ -96.7066, 43.6742 ], [ -96.7066, 43.6746 ], [ -96.7011, 43.6742 ], [ -96.5913, 43.674 ], [ -96.592, 43.6094 ], [ -96.6088, 43.6095 ], [ -96.6209, 43.6104 ], [ -96.6398, 43.6105 ], [ -96.6516, 43.6088 ], [ -96.6516, 43.5978 ], [ -96.6524, 43.5954 ], [ -96.6664, 43.5809 ], [ -96.6708, 43.5737 ], [ -96.6781, 43.5684 ], [ -96.68, 43.5674 ], [ -96.6872, 43.5657 ], [ -96.6936, 43.5634 ], [ -96.6936, 43.5801 ], [ -96.6933, 43.583 ], [ -96.691, 43.5939 ], [ -96.6909, 43.6068 ], [ -96.7035, 43.6058 ], [ -96.7143, 43.6058 ], [ -96.7197, 43.6062 ], [ -96.7297, 43.6075 ], [ -96.7573, 43.6127 ], [ -96.7612, 43.6129 ], [ -96.7806, 43.6126 ], [ -96.7849, 43.612 ], [ -96.7988, 43.6094 ], [ -96.8052, 43.6088 ], [ -96.8712, 43.6086 ], [ -96.8897, 43.6093 ], [ -96.8907, 43.6095 ], [ -96.8905, 43.6743 ] ] ] } },
{ "type": "Feature", "properties": { "GEOIDFQ": "1400000US46099010406", "NAME": "104.06", "NAMELSAD": "Census Tract 104.06" }, "geometry": { "type": "Polygon", "coordinates": [ [ [ -96.8907, 43.6095 ], [ -96.8712, 43.6086 ], [ -96.811, 43.6088 ], [ -96.8109, 43.5584 ], [ -96.8308, 43.5583 ], [ -96.8307, 43.5003 ], [ -96.8901, 43.5001 ], [ -96.8907, 43.6095 ] ] ] } },
{ "type": "Feature", "properties": { "GEOIDFQ": "1400000US46099010403", "NAME": "104.03", "NAMELSAD": "Census Tract 104.03" }, "geometry": { "type": "Polygon", "coordinates": [ [ [ -96.6533, 43.5931 ], [ -96.6516, 43.5978 ], [ -96.6516, 43.6088 ], [ -96.6398, 43.6105 ], [ -96.6209, 43.6104 ], [ -96.6088, 43.6095 ], [ -96.592, 43.6094 ], [ -96.5921, 43.6018 ], [ -96.5917, 43.6013 ], [ -96.592, 43.6008 ], [ -96.5919, 43.5946 ], [ -96.5969, 43.5946 ], [ -96.5987, 43.5932 ], [ -96.5983, 43.5924 ], [ -96.5991, 43.5914 ], [ -96.6009, 43.5905 ], [ -96.6011, 43.5898 ], [ -96.5999, 43.588 ], [ -96.6006, 43.5873 ], [ -96.6023, 43.5871 ], [ -96.6025, 43.5861 ], [ -96.6013, 43.5839 ], [ -96.6005, 43.5838 ], [ -96.5996, 43.5843 ], [ -96.5988, 43.5843 ], [ -96.5983, 43.584 ], [ -96.5984, 43.5834 ], [ -96.5995, 43.5822 ], [ -96.6018, 43.5822 ], [ -96.6031, 43.5815 ], [ -96.6029, 43.5807 ], [ -96.6015, 43.5802 ], [ -96.6015, 43.5796 ], [ -96.605, 43.5784 ], [ -96.6053, 43.5778 ], [ -96.6051, 43.5765 ], [ -96.6039, 43.5752 ], [ -96.6009, 43.5753 ], [ -96.5998, 43.5742 ], [ -96.5998, 43.5733 ], [ -96.6009, 43.5707 ], [ -96.601, 43.5694 ], [ -96.6018, 43.5679 ], [ -96.6031, 43.5666 ], [ -96.602, 43.5643 ], [ -96.6006, 43.5632 ], [ -96.5974, 43.5624 ], [ -96.5965, 43.561 ], [ -96.5957, 43.5609 ], [ -96.5938, 43.5615 ], [ -96.5935, 43.5607 ], [ -96.5939, 43.5593 ], [ -96.5914, 43.5584 ], [ -96.5912, 43.5579 ], [ -96.5921, 43.557 ], [ -96.5942, 43.5562 ], [ -96.5958, 43.5547 ], [ -96.5985, 43.5548 ], [ -96.6, 43.5502 ], [ -96.5996, 43.5496 ], [ -96.598, 43.5496 ], [ -96.5972, 43.549 ], [ -96.5972, 43.5487 ], [ -96.6, 43.547 ], [ -96.6005, 43.546 ], [ -96.6005, 43.5441 ], [ -96.6021, 43.5422 ], [ -96.6058, 43.54 ], [ -96.608, 43.5397 ], [ -96.6091, 43.5393 ], [ -96.6109, 43.537 ], [ -96.611, 43.5361 ], [ -96.6119, 43.5362 ], [ -96.6124, 43.5366 ], [ -96.6121, 43.5378 ], [ -96.6126, 43.5385 ], [ -96.6122, 43.5393 ], [ -96.614, 43.5408 ], [ -96.6135, 43.5417 ], [ -96.6158, 43.5428 ], [ -96.6318, 43.5429 ], [ -96.6515, 43.5439 ], [ -96.6516, 43.573 ], [ -96.6544, 43.573 ], [ -96.6545, 43.587 ], [ -96.6533, 43.5931 ] ] ] } },
{ "type": "Feature", "properties": { "GEOIDFQ": "1400000US46095940300", "NAME": "9403", "NAMELSAD": "Census Tract 9403" }, "geometry": { "type": "Polygon", "coordinates": [ [ [ -101.2281, 43.789 ], [ -101.2273, 43.7911 ], [ -101.2282, 43.7956 ], [ -101.2278, 43.7962 ], [ -101.2255, 43.7971 ], [ -101.2212, 43.7977 ], [ -101.216, 43.7992 ], [ -101.2164, 43.8008 ], [ -101.2182, 43.8027 ], [ -101.2178, 43.8038 ], [ -101.2167, 43.8044 ], [ -101.2138, 43.8048 ], [ -101.2127, 43.8043 ], [ -101.2092, 43.806 ], [ -101.2083, 43.8076 ], [ -101.2087, 43.8095 ], [ -101.2085, 43.81 ], [ -101.206, 43.8121 ], [ -101.2035, 43.8128 ], [ -101.202, 43.8128 ], [ -101.1995, 43.8123 ], [ -101.1982, 43.8116 ], [ -101.1967, 43.8104 ], [ -101.1958, 43.8083 ], [ -101.1958, 43.8067 ], [ -101.1954, 43.8057 ], [ -101.1937, 43.8036 ], [ -101.1906, 43.8027 ], [ -101.1893, 43.8029 ], [ -101.1883, 43.8046 ], [ -101.1835, 43.805 ], [ -101.1822, 43.8058 ], [ -101.1819, 43.8072 ], [ -101.1822, 43.8092 ], [ -101.1813, 43.8113 ], [ -101.18, 43.8129 ], [ -101.179, 43.8132 ], [ -101.1784, 43.813 ], [ -101.1758, 43.8114 ], [ -101.1751, 43.8116 ], [ -101.1747, 43.8124 ], [ -101.1742, 43.814 ], [ -101.175, 43.8147 ], [ -101.1761, 43.8151 ], [ -101.1777, 43.8149 ], [ -101.1794, 43.8135 ], [ -101.1812, 43.8137 ], [ -101.1812, 43.8173 ], [ -101.1806, 43.8184 ], [ -101.1798, 43.8186 ], [ -101.1773, 43.8189 ], [ -101.1754, 43.8185 ], [ -101.173, 43.8175 ], [ -101.1717, 43.8162 ], [ -101.1716, 43.8146 ], [ -101.1723, 43.8135 ], [ -101.1724, 43.8114 ], [ -101.1731, 43.81 ], [ -101.175, 43.8086 ], [ -101.1755, 43.8075 ], [ -101.1747, 43.8068 ], [ -101.1735, 43.8066 ], [ -101.1723, 43.8069 ], [ -101.1689, 43.8101 ], [ -101.1707, 43.8159 ], [ -101.1698, 43.8224 ], [ -101.1692, 43.8231 ], [ -101.1671, 43.8241 ], [ -101.1644, 43.8243 ], [ -101.1632, 43.8255 ], [ -101.1631, 43.8267 ], [ -101.1661, 43.8288 ], [ -101.1663, 43.8296 ], [ -101.1658, 43.8302 ], [ -101.1642, 43.8304 ], [ -101.1615, 43.83 ], [ -101.1608, 43.8294 ], [ -101.1607, 43.8288 ], [ -101.1582, 43.8273 ], [ -101.1574, 43.8273 ], [ -101.1561, 43.8269 ], [ -101.1533, 43.8239 ], [ -101.1531, 43.8226 ], [ -101.1544, 43.8206 ], [ -101.1571, 43.8195 ], [ -101.1614, 43.8192 ], [ -101.1614, 43.8181 ], [ -101.1607, 43.8176 ], [ -101.1586, 43.8169 ], [ -101.1556, 43.8167 ], [ -101.1543, 43.8173 ], [ -101.1491, 43.8181 ], [ -101.1466, 43.8193 ], [ -101.1424, 43.82 ], [ -101.139, 43.8221 ], [ -101.1367, 43.8242 ], [ -101.1369, 43.8253 ], [ -101.1343, 43.8285 ], [ -101.1344, 43.8306 ], [ -101.1368, 43.8315 ], [ -101.1392, 43.8315 ], [ -101.1415, 43.8324 ], [ -101.1425, 43.8335 ], [ -101.1426, 43.8347 ], [ -101.1408, 43.8394 ], [ -101.1379, 43.8413 ], [ -101.1316, 43.8414 ], [ -101.1311, 43.8409 ], [ -101.1281, 43.8404 ], [ -101.1271, 43.8411 ], [ -101.1268, 43.8434 ], [ -101.1254, 43.8435 ], [ -101.1248, 43.8443 ], [ -101.1212, 43.8432 ], [ -101.1213, 43.842 ], [ -101.1191, 43.842 ], [ -101.1151, 43.8411 ], [ -101.1106, 43.8389 ], [ -101.1099, 43.838 ], [ -101.1069, 43.8368 ], [ -101.1033, 43.8382 ], [ -101.1031, 43.8403 ], [ -101.1039, 43.8418 ], [ -101.1068, 43.8435 ], [ -101.1078, 43.8451 ], [ -101.1077, 43.8466 ], [ -101.1069, 43.8471 ], [ -101.1031, 43.8476 ], [ -101.1022, 43.8475 ], [ -101.1007, 43.8465 ], [ -101.0989, 43.8441 ], [ -101.0972, 43.8438 ], [ -101.0958, 43.8447 ], [ -101.0961, 43.8452 ], [ -101.0938, 43.8467 ], [ -101.0867, 43.8496 ], [ -101.085, 43.8492 ], [ -101.0838, 43.8484 ], [ -101.0832, 43.8478 ], [ -101.0831, 43.8463 ], [ -101.0845, 43.8447 ], [ -101.0881, 43.8434 ], [ -101.0884, 43.8426 ], [ -101.088, 43.8423 ], [ -101.0844, 43.8413 ], [ -101.0824, 43.8417 ], [ -101.0802, 43.8416 ], [ -101.0794, 43.8418 ], [ -101.0788, 43.8423 ], [ -101.0765, 43.8422 ], [ -101.0743, 43.843 ], [ -101.0719, 43.8449 ], [ -101.0702, 43.8457 ], [ -101.0683, 43.8449 ], [ -101.068, 43.8437 ], [ -101.0708, 43.8416 ], [ -101.0708, 43.841 ], [ -101.0705, 43.8405 ], [ -101.0695, 43.8402 ], [ -101.0671, 43.8405 ], [ -101.0656, 43.841 ], [ -101.0643, 43.8411 ], [ -101.0621, 43.8445 ], [ -101.0593, 43.8451 ], [ -101.0579, 43.846 ], [ -101.057, 43.8491 ], [ -101.059, 43.8523 ], [ -101.059, 43.8531 ], [ -101.0586, 43.8538 ], [ -101.0558, 43.8546 ], [ -101.0529, 43.8545 ], [ -101.0517, 43.8541 ], [ -101.0511, 43.8542 ], [ -101.0501, 43.8516 ], [ -101.0484, 43.8515 ], [ -101.0453, 43.8525 ], [ -101.0428, 43.8527 ], [ -101.041, 43.851 ], [ -101.0387, 43.8512 ], [ -101.0348, 43.8519 ], [ -101.0333, 43.854 ], [ -101.033, 43.8564 ], [ -101.0323, 43.8575 ], [ -101.0304, 43.8579 ], [ -101.0297, 43.8577 ], [ -101.028, 43.856 ], [ -101.0279, 43.8555 ], [ -101.0249, 43.8523 ], [ -101.0255, 43.8509 ], [ -101.0268, 43.8497 ], [ -101.0301, 43.8487 ], [ -101.0314, 43.8474 ], [ -101.0323, 43.8444 ], [ -101.0319, 43.8433 ], [ -101.0308, 43.8428 ], [ -101.03, 43.8429 ], [ -101.0274, 43.8422 ], [ -101.0251, 43.8421 ], [ -101.0235, 43.8416 ], [ -101.0218, 43.8418 ], [ -101.0204, 43.8427 ], [ -101.0187, 43.8431 ], [ -101.0132, 43.8433 ], [ -101.0121, 43.8426 ], [ -101.0112, 43.8412 ], [ -101.0092, 43.8422 ], [ -101.0061, 43.8447 ], [ -101.0048, 43.8446 ], [ -101.0027, 43.8457 ], [ -101.002, 43.8465 ], [ -101.002, 43.847 ], [ -101.0006, 43.8468 ], [ -100.9998, 43.8471 ], [ -100.9956, 43.8498 ], [ -100.9919, 43.8501 ], [ -100.987, 43.8491 ], [ -100.9859, 43.8484 ], [ -100.9854, 43.847 ], [ -100.9856, 43.8462 ], [ -100.9872, 43.8426 ], [ -100.9865, 43.8408 ], [ -100.9856, 43.8404 ], [ -100.9838, 43.8406 ], [ -100.9829, 43.8401 ], [ -100.9806, 43.8377 ], [ -100.9811, 43.8362 ], [ -100.9838, 43.8346 ], [ -100.9828, 43.8334 ], [ -100.9815, 43.8333 ], [ -100.9764, 43.8316 ], [ -100.9739, 43.831 ], [ -100.9698, 43.8311 ], [ -100.9645, 43.833 ], [ -100.9629, 43.8343 ], [ -100.9619, 43.8362 ], [ -100.9616, 43.8364 ], [ -100.9607, 43.8362 ], [ -100.9596, 43.8338 ], [ -100.9592, 43.8312 ], [ -100.9599, 43.829 ], [ -100.9608, 43.828 ], [ -100.9634, 43.8266 ], [ -100.9653, 43.8263 ], [ -100.9674, 43.8269 ], [ -100.9687, 43.8282 ], [ -100.9711, 43.8284 ], [ -100.9725, 43.8278 ], [ -100.9729, 43.8273 ], [ -100.9737, 43.8272 ], [ -100.9738, 43.8268 ], [ -100.973, 43.8246 ], [ -100.9723, 43.8205 ], [ -100.9701, 43.8176 ], [ -100.9646, 43.8159 ], [ -100.962, 43.8157 ], [ -100.9604, 43.8158 ], [ -100.9583, 43.8166 ], [ -100.956, 43.8181 ], [ -100.9547, 43.8178 ], [ -100.954, 43.8173 ], [ -100.9536, 43.8165 ], [ -100.9538, 43.8135 ], [ -100.9546, 43.8125 ], [ -100.9557, 43.812 ], [ -100.9578, 43.8122 ], [ -100.9604, 43.8117 ], [ -100.9605, 43.8108 ], [ -100.9588, 43.8101 ], [ -100.956, 43.8103 ], [ -100.9528, 43.8112 ], [ -100.9483, 43.8132 ], [ -100.9456, 43.8151 ], [ -100.9444, 43.8172 ], [ -100.9433, 43.8244 ], [ -100.9411, 43.8282 ], [ -100.9406, 43.8309 ], [ -100.9363, 43.8314 ], [ -100.9315, 43.8313 ], [ -100.9299, 43.8309 ], [ -100.9237, 43.8263 ], [ -100.9198, 43.8239 ], [ -100.9182, 43.822 ], [ -100.9177, 43.8203 ], [ -100.9173, 43.8156 ], [ -100.9166, 43.8143 ], [ -100.9125, 43.8125 ], [ -100.9119, 43.8117 ], [ -100.9113, 43.8116 ], [ -100.9095, 43.8124 ], [ -100.9091, 43.8123 ], [ -100.9082, 43.8133 ], [ -100.9072, 43.8138 ], [ -100.9046, 43.8143 ], [ -100.9015, 43.8137 ], [ -100.8999, 43.8137 ], [ -100.8978, 43.812 ], [ -100.897, 43.8094 ], [ -100.8976, 43.8069 ], [ -100.8994, 43.8053 ], [ -100.9011, 43.8047 ], [ -100.9023, 43.8046 ], [ -100.9048, 43.8052 ], [ -100.9066, 43.8063 ], [ -100.9089, 43.8095 ], [ -100.9107, 43.8096 ], [ -100.9121, 43.809 ], [ -100.9124, 43.807 ], [ -100.911, 43.8053 ], [ -100.9092, 43.8018 ], [ -100.9073, 43.8005 ], [ -100.9048, 43.8001 ], [ -100.9022, 43.8005 ], [ -100.8975, 43.8005 ], [ -100.8951, 43.7999 ], [ -100.8939, 43.8006 ], [ -100.8929, 43.7978 ], [ -100.8933, 43.7971 ], [ -100.897, 43.7959 ], [ -100.9002, 43.7964 ], [ -100.9019, 43.7963 ], [ -100.902, 43.7944 ], [ -100.9001, 43.7936 ], [ -100.8954, 43.793 ], [ -100.8896, 43.7916 ], [ -100.8856, 43.7917 ], [ -100.8851, 43.7919 ], [ -100.8833, 43.7937 ], [ -100.8828, 43.7949 ], [ -100.8834, 43.7979 ], [ -100.8845, 43.7999 ], [ -100.884, 43.8013 ], [ -100.8807, 43.8017 ], [ -100.8779, 43.8014 ], [ -100.8747, 43.8003 ], [ -100.8731, 43.7974 ], [ -100.8732, 43.7962 ], [ -100.8743, 43.7944 ], [ -100.8729, 43.7926 ], [ -100.8735, 43.7915 ], [ -100.872, 43.7891 ], [ -100.8727, 43.7878 ], [ -100.8742, 43.7871 ], [ -100.8765, 43.7865 ], [ -100.8772, 43.7856 ], [ -100.8769, 43.7828 ], [ -100.8755, 43.7808 ], [ -100.8706, 43.7803 ], [ -100.8676, 43.7814 ], [ -100.8676, 43.7821 ], [ -100.8664, 43.7837 ], [ -100.8651, 43.7886 ], [ -100.8643, 43.7892 ], [ -100.8614, 43.7888 ], [ -100.8551, 43.7838 ], [ -100.8517, 43.7801 ], [ -100.8467, 43.7719 ], [ -100.8455, 43.7696 ], [ -100.8455, 43.7683 ], [ -100.845, 43.7679 ], [ -100.8441, 43.7677 ], [ -100.8408, 43.7678 ], [ -100.8399, 43.7665 ], [ -100.8399, 43.7651 ], [ -100.8408, 43.7634 ], [ -100.8403, 43.7621 ], [ -100.8416, 43.7606 ], [ -100.8398, 43.7592 ], [ -100.8378, 43.7591 ], [ -100.8354, 43.7611 ], [ -100.8353, 43.7621 ], [ -100.8343, 43.7626 ], [ -100.8341, 43.764 ], [ -100.8367, 43.7672 ], [ -100.8364, 43.7685 ], [ -100.8342, 43.769 ], [ -100.8292, 43.769 ], [ -100.8235, 43.7684 ], [ -100.8141, 43.7667 ], [ -100.8083, 43.7668 ], [ -100.8057, 43.7635 ], [ -100.806, 43.7616 ], [ -100.8058, 43.7594 ], [ -100.8063, 43.7581 ], [ -100.8051, 43.7556 ], [ -100.8037, 43.7544 ], [ -100.8019, 43.754 ], [ -100.8001, 43.7545 ], [ -100.7986, 43.7555 ], [ -100.7972, 43.7554 ], [ -100.7957, 43.7541 ], [ -100.7946, 43.7521 ], [ -100.7946, 43.7512 ], [ -100.7956, 43.75 ], [ -100.7955, 43.7488 ], [ -100.7965, 43.7474 ], [ -100.799, 43.747 ], [ -100.8011, 43.7479 ], [ -100.8018, 43.7496 ], [ -100.8029, 43.7496 ], [ -100.8043, 43.7492 ], [ -100.8049, 43.7475 ], [ -100.8048, 43.7444 ], [ -100.8044, 43.7436 ], [ -100.8021, 43.7428 ], [ -100.7999, 43.7433 ], [ -100.7991, 43.7425 ], [ -100.7987, 43.7427 ], [ -100.7965, 43.7412 ], [ -100.7967, 43.741 ], [ -100.796, 43.7405 ], [ -100.7947, 43.7401 ], [ -100.7934, 43.7403 ], [ -100.7899, 43.7424 ], [ -100.788, 43.7405 ], [ -100.7868, 43.7402 ], [ -100.7865, 43.7373 ], [ -100.7885, 43.7349 ], [ -100.7898, 43.7346 ], [ -100.7936, 43.7353 ], [ -100.7949, 43.7349 ], [ -100.7952, 43.7344 ], [ -100.795, 43.7339 ], [ -100.7902, 43.7322 ], [ -100.7868, 43.7303 ], [ -100.7854, 43.7302 ], [ -100.7819, 43.7311 ], [ -100.7778, 43.7316 ], [ -100.7768, 43.7312 ], [ -100.7754, 43.7298 ], [ -100.7755, 43.729 ], [ -100.7768, 43.7286 ], [ -100.7809, 43.729 ], [ -100.7842, 43.7277 ], [ -100.7876, 43.7285 ], [ -100.7889, 43.7292 ], [ -100.7908, 43.7291 ], [ -100.7924, 43.728 ], [ -100.7922, 43.7272 ], [ -100.7904, 43.7258 ], [ -100.7805, 43.724 ], [ -100.7766, 43.7246 ], [ -100.7738, 43.7261 ], [ -100.7674, 43.7319 ], [ -100.7647, 43.7324 ], [ -100.762, 43.7312 ], [ -100.7618, 43.7314 ], [ -100.7614, 43.7311 ], [ -100.7596, 43.731 ], [ -100.7584, 43.7311 ], [ -100.7562, 43.732 ], [ -100.7559, 43.7327 ], [ -100.7556, 43.7326 ], [ -100.7562, 43.7351 ], [ -100.7574, 43.736 ], [ -100.7602, 43.7371 ], [ -100.7612, 43.7385 ], [ -100.761, 43.7392 ], [ -100.7576, 43.7391 ], [ -100.7557, 43.7382 ], [ -100.7542, 43.737 ], [ -100.7536, 43.7354 ], [ -100.752, 43.7344 ], [ -100.7507, 43.7342 ], [ -100.7492, 43.7344 ], [ -100.7477, 43.7352 ], [ -100.7472, 43.7388 ], [ -100.7463, 43.739 ], [ -100.7453, 43.7389 ], [ -100.7446, 43.7379 ], [ -100.7449, 43.7367 ], [ -100.7446, 43.7339 ], [ -100.7435, 43.7328 ], [ -100.7431, 43.7319 ], [ -100.7423, 43.732 ], [ -100.7418, 43.7317 ], [ -100.7422, 43.7297 ], [ -100.7432, 43.7282 ], [ -100.7441, 43.7276 ], [ -100.7458, 43.7271 ], [ -100.7507, 43.7244 ], [ -100.7516, 43.7241 ], [ -100.7525, 43.7245 ], [ -100.7536, 43.7233 ], [ -100.7537, 43.7225 ], [ -100.7529, 43.7217 ], [ -100.7483, 43.7204 ], [ -100.7468, 43.7194 ], [ -100.7441, 43.7193 ], [ -100.7434, 43.7188 ], [ -100.7427, 43.7176 ], [ -100.7425, 43.7162 ], [ -100.7406, 43.7141 ], [ -100.739, 43.713 ], [ -100.7356, 43.7082 ], [ -100.7345, 43.7075 ], [ -100.7315, 43.7081 ], [ -100.7289, 43.7094 ], [ -100.7277, 43.7113 ], [ -100.7274, 43.714 ], [ -100.728, 43.7151 ], [ -100.7296, 43.7162 ], [ -100.7367, 43.7167 ], [ -100.7389, 43.7173 ], [ -100.7395, 43.7184 ], [ -100.7395, 43.7194 ], [ -100.7391, 43.7199 ], [ -100.7382, 43.72 ], [ -100.738, 43.7207 ], [ -100.7359, 43.7211 ], [ -100.734, 43.7209 ], [ -100.7327, 43.7215 ], [ -100.7326, 43.7212 ], [ -100.732, 43.7217 ], [ -100.7315, 43.7215 ], [ -100.7312, 43.7208 ], [ -100.7284, 43.7218 ], [ -100.7264, 43.7212 ], [ -100.7254, 43.7203 ], [ -100.7249, 43.7189 ], [ -100.7254, 43.7172 ], [ -100.7231, 43.7161 ], [ -100.7225, 43.7151 ], [ -100.7238, 43.7133 ], [ -100.724, 43.7122 ], [ -100.7238, 43.7117 ], [ -100.7227, 43.7114 ], [ -100.7214, 43.7123 ], [ -100.7206, 43.7141 ], [ -100.72, 43.7142 ], [ -100.7192, 43.715 ], [ -100.7192, 43.717 ], [ -100.7185, 43.7183 ], [ -100.7161, 43.7204 ], [ -100.7131, 43.7201 ], [ -100.7095, 43.718 ], [ -100.7068, 43.7181 ], [ -100.7052, 43.719 ], [ -100.704, 43.7193 ], [ -100.7047, 43.7205 ], [ -100.7043, 43.7214 ], [ -100.7039, 43.7219 ], [ -100.7013, 43.7232 ], [ -100.701, 43.724 ], [ -100.7032, 43.7263 ], [ -100.7032, 43.7267 ], [ -100.7023, 43.7271 ], [ -100.6997, 43.7258 ], [ -100.6993, 43.7261 ], [ -100.6981, 43.7258 ], [ -100.6959, 43.724 ], [ -100.6962, 43.7222 ], [ -100.698, 43.7206 ], [ -100.6983, 43.7195 ], [ -100.6973, 43.7172 ], [ -100.6976, 43.7164 ], [ -100.6951, 43.7165 ], [ -100.6943, 43.7162 ], [ -100.6937, 43.7153 ], [ -100.693, 43.7149 ], [ -100.6898, 43.7138 ], [ -100.6895, 43.7142 ], [ -100.6888, 43.7139 ], [ -100.6872, 43.714 ], [ -100.6853, 43.7126 ], [ -100.6823, 43.7118 ], [ -100.6793, 43.7116 ], [ -100.6767, 43.7138 ], [ -100.6765, 43.7144 ], [ -100.6768, 43.717 ], [ -100.6783, 43.7202 ], [ -100.6785, 43.7218 ], [ -100.6779, 43.7224 ], [ -100.6745, 43.7231 ], [ -100.6715, 43.7244 ], [ -100.6709, 43.7251 ], [ -100.6631, 43.7278 ], [ -100.6615, 43.729 ], [ -100.6555, 43.7305 ], [ -100.6544, 43.7305 ], [ -100.6531, 43.7316 ], [ -100.6533, 43.7346 ], [ -100.6551, 43.7355 ], [ -100.6569, 43.7358 ], [ -100.6618, 43.7356 ], [ -100.6668, 43.7348 ], [ -100.6674, 43.7341 ], [ -100.6692, 43.7347 ], [ -100.669, 43.7369 ], [ -100.6673, 43.7403 ], [ -100.6636, 43.7432 ], [ -100.6612, 43.7443 ], [ -100.6613, 43.7449 ], [ -100.6585, 43.7469 ], [ -100.6576, 43.7468 ], [ -100.6547, 43.7487 ], [ -100.6507, 43.7496 ], [ -100.6494, 43.749 ], [ -100.6479, 43.7487 ], [ -100.6428, 43.7491 ], [ -100.6395, 43.7479 ], [ -100.6379, 43.7463 ], [ -100.6374, 43.745 ], [ -100.637, 43.7429 ], [ -100.6373, 43.7411 ], [ -100.6383, 43.7403 ], [ -100.6403, 43.74 ], [ -100.642, 43.7403 ], [ -100.6442, 43.7413 ], [ -100.6452, 43.7413 ], [ -100.6454, 43.7403 ], [ -100.645, 43.7395 ], [ -100.6439, 43.7386 ], [ -100.6425, 43.7381 ], [ -100.6393, 43.7381 ], [ -100.6365, 43.7385 ], [ -100.6357, 43.7389 ], [ -100.635, 43.7402 ], [ -100.6342, 43.74 ], [ -100.6249, 43.7435 ], [ -100.6238, 43.7443 ], [ -100.6217, 43.7442 ], [ -100.6192, 43.7434 ], [ -100.6178, 43.7434 ], [ -100.6169, 43.7438 ], [ -100.6159, 43.7448 ], [ -100.6141, 43.7453 ], [ -100.6129, 43.7461 ], [ -100.6111, 43.748 ], [ -100.6104, 43.7493 ], [ -100.6102, 43.7498 ], [ -100.6112, 43.75 ], [ -100.6115, 43.7505 ], [ -100.6114, 43.751 ], [ -100.6102, 43.7516 ], [ -100.6103, 43.7534 ], [ -100.6113, 43.7539 ], [ -100.6106, 43.7543 ], [ -100.6105, 43.7576 ], [ -100.6111, 43.7586 ], [ -100.6093, 43.7591 ], [ -100.6088, 43.7599 ], [ -100.6058, 43.7618 ], [ -100.6025, 43.763 ], [ -100.6013, 43.7646 ], [ -100.6022, 43.7644 ], [ -100.6015, 43.7647 ], [ -100.5999, 43.7652 ], [ -100.5974, 43.7652 ], [ -100.5963, 43.7657 ], [ -100.5943, 43.7656 ], [ -100.5922, 43.7686 ], [ -100.5879, 43.7693 ], [ -100.5862, 43.769 ], [ -100.5823, 43.7675 ], [ -100.5805, 43.7664 ], [ -100.5776, 43.7638 ], [ -100.5756, 43.761 ], [ -100.573, 43.7549 ], [ -100.5732, 43.754 ], [ -100.5729, 43.753 ], [ -100.5724, 43.7527 ], [ -100.57, 43.7525 ], [ -100.5698, 43.753 ], [ -100.568, 43.7527 ], [ -100.5628, 43.7531 ], [ -100.5612, 43.7535 ], [ -100.5545, 43.7561 ], [ -100.5535, 43.7561 ], [ -100.5528, 43.7555 ], [ -100.5521, 43.7548 ], [ -100.5504, 43.7513 ], [ -100.5498, 43.7485 ], [ -100.5499, 43.7462 ], [ -100.5505, 43.7447 ], [ -100.5503, 43.7437 ], [ -100.5511, 43.7423 ], [ -100.5531, 43.741 ], [ -100.5536, 43.7413 ], [ -100.5547, 43.7411 ], [ -100.5568, 43.7416 ], [ -100.5589, 43.7431 ], [ -100.5606, 43.7438 ], [ -100.5614, 43.7437 ], [ -100.5618, 43.7432 ], [ -100.5605, 43.7407 ], [ -100.5594, 43.74 ], [ -100.5554, 43.7384 ], [ -100.555, 43.7373 ], [ -100.5532, 43.7371 ], [ -100.5527, 43.7374 ], [ -100.5478, 43.7379 ], [ -100.5465, 43.737 ], [ -100.5415, 43.7368 ], [ -100.541, 43.7381 ], [ -100.5403, 43.738 ], [ -100.5397, 43.7373 ], [ -100.5343, 43.7394 ], [ -100.5342, 43.7398 ], [ -100.5322, 43.7412 ], [ -100.5275, 43.7456 ], [ -100.5248, 43.7462 ], [ -100.5221, 43.7463 ], [ -100.5205, 43.7457 ], [ -100.5183, 43.7442 ], [ -100.5151, 43.7407 ], [ -100.5159, 43.738 ], [ -100.5157, 43.7374 ], [ -100.5145, 43.7372 ], [ -100.5147, 43.7355 ], [ -100.5171, 43.7346 ], [ -100.5177, 43.7332 ], [ -100.5164, 43.7323 ], [ -100.5167, 43.7306 ], [ -100.516, 43.7303 ], [ -100.5096, 43.7288 ], [ -100.5088, 43.7298 ], [ -100.5082, 43.7298 ], [ -100.5069, 43.7287 ], [ -100.5043, 43.7289 ], [ -100.5034, 43.7297 ], [ -100.5, 43.7303 ], [ -100.4967, 43.7319 ], [ -100.4931, 43.7351 ], [ -100.491, 43.738 ], [ -100.49, 43.7383 ], [ -100.488, 43.7377 ], [ -100.4857, 43.7357 ], [ -100.4848, 43.7326 ], [ -100.4834, 43.7314 ], [ -100.4827, 43.7296 ], [ -100.4821, 43.7289 ], [ -100.4811, 43.7284 ], [ -100.4798, 43.7289 ], [ -100.479, 43.7278 ], [ -100.4767, 43.727 ], [ -100.4742, 43.7274 ], [ -100.4713, 43.7313 ], [ -100.4712, 43.7326 ], [ -100.4722, 43.7346 ], [ -100.4723, 43.7363 ], [ -100.4713, 43.7368 ], [ -100.4683, 43.7358 ], [ -100.4662, 43.7335 ], [ -100.4652, 43.7315 ], [ -100.4652, 43.7297 ], [ -100.4664, 43.727 ], [ -100.4681, 43.7252 ], [ -100.4728, 43.7225 ], [ -100.4733, 43.7217 ], [ -100.4742, 43.7218 ], [ -100.4739, 43.7212 ], [ -100.4731, 43.7209 ], [ -100.4729, 43.7212 ], [ -100.4721, 43.7212 ], [ -100.468, 43.7227 ], [ -100.4634, 43.7233 ], [ -100.4617, 43.7226 ], [ -100.4611, 43.7213 ], [ -100.4606, 43.7211 ], [ -100.4576, 43.721 ], [ -100.4539, 43.7217 ], [ -100.4517, 43.7228 ], [ -100.449, 43.7259 ], [ -100.4469, 43.7318 ], [ -100.4459, 43.7323 ], [ -100.4442, 43.7324 ], [ -100.4428, 43.7321 ], [ -100.4407, 43.7307 ], [ -100.4344, 43.7252 ], [ -100.4273, 43.7228 ], [ -100.4261, 43.7221 ], [ -100.4226, 43.7185 ], [ -100.4195, 43.718 ], [ -100.418, 43.7187 ], [ -100.4146, 43.7221 ], [ -100.413, 43.7262 ], [ -100.413, 43.7278 ], [ -100.4143, 43.7308 ], [ -100.4183, 43.7344 ], [ -100.4185, 43.7351 ], [ -100.4178, 43.7356 ], [ -100.4154, 43.7356 ], [ -100.4067, 43.7323 ], [ -100.4013, 43.7309 ], [ -100.3958, 43.7309 ], [ -100.3923, 43.73 ], [ -100.3903, 43.7289 ], [ -100.3883, 43.7265 ], [ -100.3871, 43.7258 ], [ -100.385, 43.7264 ], [ -100.3813, 43.7261 ], [ -100.3794, 43.7265 ], [ -100.3773, 43.7283 ], [ -100.3775, 43.7299 ], [ -100.3784, 43.7315 ], [ -100.3763, 43.7333 ], [ -100.3731, 43.7386 ], [ -100.3693, 43.7392 ], [ -100.3668, 43.7383 ], [ -100.3654, 43.7367 ], [ -100.364, 43.7358 ], [ -100.3607, 43.7352 ], [ -100.3588, 43.7344 ], [ -100.3559, 43.7314 ], [ -100.3539, 43.7301 ], [ -100.349, 43.7285 ], [ -100.3474, 43.7277 ], [ -100.3459, 43.7255 ], [ -100.3454, 43.72 ], [ -100.3444, 43.7186 ], [ -100.3431, 43.7178 ], [ -100.3414, 43.7179 ], [ -100.339, 43.7169 ], [ -100.3331, 43.7157 ], [ -100.3273, 43.7159 ], [ -100.326, 43.7166 ], [ -100.3241, 43.7167 ], [ -100.3234, 43.7172 ], [ -100.3219, 43.7173 ], [ -100.3205, 43.7178 ], [ -100.3174, 43.7194 ], [ -100.3111, 43.7219 ], [ -100.3094, 43.723 ], [ -100.3052, 43.7233 ], [ -100.304, 43.7226 ], [ -100.3031, 43.7213 ], [ -100.3015, 43.7201 ], [ -100.3001, 43.717 ], [ -100.3003, 43.7163 ], [ -100.299, 43.7135 ], [ -100.298, 43.7094 ], [ -100.2967, 43.706 ], [ -100.2907, 43.6987 ], [ -100.2891, 43.6978 ], [ -100.287, 43.6971 ], [ -100.28, 43.6968 ], [ -100.2762, 43.6988 ], [ -100.2749, 43.6997 ], [ -100.2738, 43.7012 ], [ -100.2733, 43.7032 ], [ -100.2722, 43.7048 ], [ -100.27, 43.7061 ], [ -100.2695, 43.7075 ], [ -100.2656, 43.7092 ], [ -100.2606, 43.7091 ], [ -100.2587, 43.7085 ], [ -100.2563, 43.7042 ], [ -100.2538, 43.7029 ], [ -100.2531, 43.703 ], [ -100.2504, 43.704 ], [ -100.2395, 43.71 ], [ -100.2342, 43.7121 ], [ -100.2322, 43.7137 ], [ -100.2308, 43.7139 ], [ -100.231, 43.625 ], [ -100.2306, 43.5723 ], [ -100.2309, 43.5363 ], [ -100.2304, 43.5003 ], [ -100.2309, 43.4999 ], [ -100.231, 43.478 ], [ -100.2143, 43.4778 ], [ -100.2141, 43.3904 ], [ -100.3325, 43.39 ], [ -100.5644, 43.3902 ], [ -100.8194, 43.3897 ], [ -100.8287, 43.3894 ], [ -100.8335, 43.3897 ], [ -100.9918, 43.3895 ], [ -101.0407, 43.3891 ], [ -101.2282, 43.3892 ], [ -101.2281, 43.789 ] ] ] } },
{ "type": "Feature", "properties": { "GEOIDFQ": "1400000US46093020500", "NAME": "205", "NAMELSAD": "Census Tract 205" }, "geometry": { "type": "Polygon", "coordinates": [ [ [ -103.4251, 44.4174 ], [ -103.4222, 44.4188 ], [ -103.381, 44.4469 ], [ -103.3498, 44.4631 ], [ -103.3484, 44.4643 ], [ -103.3438, 44.4702 ], [ -103.3463, 44.4713 ], [ -103.3473, 44.4729 ], [ -103.3465, 44.6045 ], [ -103.2916, 44.6043 ], [ -103.2914, 44.6047 ], [ -103.2901, 44.6047 ], [ -103.2869, 44.6047 ], [ -103.2868, 44.6045 ], [ -103.2543, 44.6043 ], [ -103.2505, 44.6048 ], [ -102.9641, 44.6043 ], [ -102.9636, 44.6906 ], [ -102.9586, 44.6906 ], [ -102.9584, 44.875 ], [ -102.9588, 45.0396 ], [ -102.7509, 45.0393 ], [ -102.7118, 45.0389 ], [ -102.6721, 45.0391 ], [ -102.6345, 45.0386 ], [ -102.6312, 45.039 ], [ -102.6251, 45.0388 ], [ -102.513, 45.0396 ], [ -102.512, 45.0394 ], [ -102.469, 45.0396 ], [ -102.3826, 45.0388 ], [ -102.2578, 45.0391 ], [ -102.2504, 45.0389 ], [ -102.1095, 45.0388 ], [ -102.0, 45.0383 ], [ -102.0, 44.9567 ], [ -102.0004, 44.9345 ], [ -102.0004, 44.5117 ], [ -102.0011, 44.5109 ], [ -102.0017, 44.5108 ], [ -102.0033, 44.5087 ], [ -102.0059, 44.5078 ], [ -102.0118, 44.5053 ], [ -102.0167, 44.506 ], [ -102.0175, 44.5056 ], [ -102.0227, 44.5052 ], [ -102.0307, 44.5039 ], [ -102.0376, 44.5037 ], [ -102.0377, 44.5028 ], [ -102.0388, 44.5017 ], [ -102.0447, 44.5006 ], [ -102.0459, 44.5 ], [ -102.0477, 44.4976 ], [ -102.0491, 44.4945 ], [ -102.0527, 44.4923 ], [ -102.0544, 44.4903 ], [ -102.0551, 44.4874 ], [ -102.0545, 44.4833 ], [ -102.055, 44.4817 ], [ -102.0569, 44.4808 ], [ -102.063, 44.4809 ], [ -102.0649, 44.4795 ], [ -102.0675, 44.4782 ], [ -102.0702, 44.4783 ], [ -102.0721, 44.4768 ], [ -102.0759, 44.4751 ], [ -102.076, 44.4711 ], [ -102.0731, 44.4694 ], [ -102.0723, 44.4681 ], [ -102.0732, 44.4656 ], [ -102.0752, 44.464 ], [ -102.0791, 44.4632 ], [ -102.0814, 44.4613 ], [ -102.0839, 44.4607 ], [ -102.084, 44.4594 ], [ -102.0826, 44.4571 ], [ -102.0825, 44.4561 ], [ -102.0829, 44.455 ], [ -102.0839, 44.4543 ], [ -102.0847, 44.4539 ], [ -102.0865, 44.4538 ], [ -102.094, 44.4547 ], [ -102.099, 44.4517 ], [ -102.0994, 44.4505 ], [ -102.1033, 44.4477 ], [ -102.1044, 44.4465 ], [ -102.1056, 44.4421 ], [ -102.1059, 44.4384 ], [ -102.1068, 44.4373 ], [ -102.108, 44.4366 ], [ -102.1125, 44.4359 ], [ -102.117, 44.4364 ], [ -102.1234, 44.4382 ], [ -102.1304, 44.4385 ], [ -102.1325, 44.4389 ], [ -102.1377, 44.4419 ], [ -102.1441, 44.4442 ], [ -102.1538, 44.4452 ], [ -102.1558, 44.445 ], [ -102.1593, 44.4437 ], [ -102.1596, 44.442 ], [ -102.1593, 44.4415 ], [ -102.1554, 44.4392 ], [ -102.1541, 44.4378 ], [ -102.1538, 44.4369 ], [ -102.1544, 44.4351 ], [ -102.1565, 44.4335 ], [ -102.1584, 44.4302 ], [ -102.1602, 44.4288 ], [ -102.1642, 44.4275 ], [ -102.1698, 44.4285 ], [ -102.1727, 44.4286 ], [ -102.1764, 44.4282 ], [ -102.181, 44.4271 ], [ -102.1858, 44.4269 ], [ -102.1894, 44.4272 ], [ -102.1988, 44.4287 ], [ -102.1989, 44.4303 ], [ -102.1965, 44.4324 ], [ -102.1965, 44.4332 ], [ -102.1971, 44.434 ], [ -102.2109, 44.4404 ], [ -102.2182, 44.4413 ], [ -102.2208, 44.4425 ], [ -102.2224, 44.4437 ], [ -102.2223, 44.4456 ], [ -102.2201, 44.4497 ], [ -102.2203, 44.4514 ], [ -102.2221, 44.4524 ], [ -102.2261, 44.4525 ], [ -102.2294, 44.452 ], [ -102.2363, 44.4497 ], [ -102.2464, 44.449 ], [ -102.2504, 44.4481 ], [ -102.2525, 44.447 ], [ -102.2546, 44.4468 ], [ -102.2678, 44.4466 ], [ -102.2715, 44.4476 ], [ -102.2728, 44.4492 ], [ -102.275, 44.4507 ], [ -102.2774, 44.4507 ], [ -102.28, 44.4503 ], [ -102.2829, 44.4486 ], [ -102.2844, 44.4412 ], [ -102.2866, 44.4388 ], [ -102.2924, 44.4351 ], [ -102.2934, 44.432 ], [ -102.2968, 44.4306 ], [ -102.2988, 44.4308 ], [ -102.3033, 44.4337 ], [ -102.3048, 44.4343 ], [ -102.3062, 44.4341 ], [ -102.3071, 44.4331 ], [ -102.3061, 44.4288 ], [ -102.3075, 44.4274 ], [ -102.3105, 44.4261 ], [ -102.311, 44.4248 ], [ -102.31, 44.4235 ], [ -102.3053, 44.4222 ], [ -102.3031, 44.4206 ], [ -102.3031, 44.4192 ], [ -102.3045, 44.4171 ], [ -102.3045, 44.4161 ], [ -102.3036, 44.4139 ], [ -102.3043, 44.4118 ], [ -102.3056, 44.411 ], [ -102.3059, 44.4091 ], [ -102.3025, 44.4077 ], [ -102.3017, 44.4041 ], [ -102.3018, 44.4031 ], [ -102.3031, 44.4015 ], [ -102.3021, 44.3998 ], [ -102.3028, 44.3984 ], [ -102.3025, 44.396 ], [ -102.3027, 44.3954 ], [ -102.3047, 44.3944 ], [ -102.3055, 44.3928 ], [ -102.305, 44.3917 ], [ -102.3004, 44.3906 ], [ -102.2982, 44.3889 ], [ -102.2986, 44.3863 ], [ -102.3019, 44.3848 ], [ -102.3025, 44.3834 ], [ -102.3019, 44.382 ], [ -102.2997, 44.3805 ], [ -102.2985, 44.3791 ], [ -102.2983, 44.3769 ], [ -102.3, 44.375 ], [ -102.3028, 44.3735 ], [ -102.3061, 44.3726 ], [ -102.3065, 44.3722 ], [ -102.3054, 44.3693 ], [ -102.3055, 44.3678 ], [ -102.3117, 44.3638 ], [ -102.3135, 44.3634 ], [ -102.3157, 44.3637 ], [ -102.3164, 44.3642 ], [ -102.3179, 44.3666 ], [ -102.32, 44.3675 ], [ -102.3238, 44.3681 ], [ -102.3264, 44.3669 ], [ -102.3271, 44.3658 ], [ -102.3272, 44.3633 ], [ -102.3268, 44.3622 ], [ -102.324, 44.3615 ], [ -102.3233, 44.3607 ], [ -102.3233, 44.3601 ], [ -102.324, 44.3589 ], [ -102.325, 44.3579 ], [ -102.3268, 44.3577 ], [ -102.3288, 44.3578 ], [ -102.3304, 44.357 ], [ -102.3329, 44.354 ], [ -102.3355, 44.3518 ], [ -102.3416, 44.3488 ], [ -102.342, 44.3482 ], [ -102.3417, 44.3475 ], [ -102.3406, 44.3465 ], [ -102.3384, 44.3457 ], [ -102.3373, 44.345 ], [ -102.3366, 44.3433 ], [ -102.3369, 44.3425 ], [ -102.3379, 44.342 ], [ -102.3408, 44.3417 ], [ -102.3429, 44.3402 ], [ -102.3432, 44.3392 ], [ -102.3424, 44.3366 ], [ -102.3424, 44.3314 ], [ -102.3417, 44.3296 ], [ -102.3422, 44.329 ], [ -102.3459, 44.3277 ], [ -102.3478, 44.3263 ], [ -102.346, 44.3242 ], [ -102.3445, 44.3235 ], [ -102.344, 44.3222 ], [ -102.3446, 44.3211 ], [ -102.3469, 44.3199 ], [ -102.3487, 44.3182 ], [ -102.3487, 44.3135 ], [ -102.349, 44.3124 ], [ -102.3509, 44.3097 ], [ -102.3503, 44.3085 ], [ -102.3479, 44.3063 ], [ -102.348, 44.3046 ], [ -102.3487, 44.3037 ], [ -102.3512, 44.302 ], [ -102.3527, 44.302 ], [ -102.354, 44.3028 ], [ -102.3556, 44.3029 ], [ -102.3591, 44.3007 ], [ -102.3605, 44.2982 ], [ -102.3602, 44.2933 ], [ -102.3614, 44.2907 ], [ -102.3621, 44.29 ], [ -102.3656, 44.2883 ], [ -102.367, 44.2856 ], [ -102.3665, 44.2842 ], [ -102.367, 44.2818 ], [ -102.3674, 44.2812 ], [ -102.3676, 44.2767 ], [ -102.365, 44.2732 ], [ -102.3645, 44.2719 ], [ -102.3596, 44.2669 ], [ -102.3588, 44.2657 ], [ -102.3594, 44.2642 ], [ -102.3616, 44.2627 ], [ -102.3626, 44.2626 ], [ -102.3663, 44.2631 ], [ -102.3675, 44.2628 ], [ -102.368, 44.262 ], [ -102.3674, 44.2605 ], [ -102.3631, 44.2587 ], [ -102.3625, 44.2573 ], [ -102.3625, 44.2539 ], [ -102.3615, 44.2525 ], [ -102.3597, 44.2516 ], [ -102.3591, 44.2509 ], [ -102.3587, 44.2489 ], [ -102.3594, 44.2474 ], [ -102.3628, 44.2462 ], [ -102.3652, 44.2446 ], [ -102.3659, 44.2424 ], [ -102.365, 44.2405 ], [ -102.3583, 44.2336 ], [ -102.357, 44.2306 ], [ -102.359, 44.2281 ], [ -102.3636, 44.2265 ], [ -102.3677, 44.224 ], [ -102.3686, 44.224 ], [ -102.3713, 44.2225 ], [ -102.3731, 44.221 ], [ -102.3736, 44.2191 ], [ -102.3728, 44.2126 ], [ -102.3722, 44.2112 ], [ -102.3726, 44.2094 ], [ -102.3763, 44.2073 ], [ -102.3791, 44.2071 ], [ -102.3834, 44.2075 ], [ -102.3892, 44.2062 ], [ -102.3926, 44.2042 ], [ -102.3944, 44.2013 ], [ -102.3951, 44.1982 ], [ -102.396, 44.1968 ], [ -102.3961, 44.196 ], [ -102.395, 44.1936 ], [ -102.3981, 44.1842 ], [ -102.401, 44.1784 ], [ -102.4016, 44.1756 ], [ -102.4014, 44.1725 ], [ -102.3999, 44.1719 ], [ -102.3985, 44.1731 ], [ -102.3963, 44.177 ], [ -102.394, 44.178 ], [ -102.3911, 44.1781 ], [ -102.39, 44.1777 ], [ -102.3885, 44.1767 ], [ -102.3872, 44.1748 ], [ -102.3868, 44.1697 ], [ -102.3873, 44.1685 ], [ -102.3872, 44.1654 ], [ -102.3881, 44.1626 ], [ -102.3877, 44.1605 ], [ -102.3882, 44.16 ], [ -102.3888, 44.16 ], [ -102.3942, 44.1616 ], [ -102.4017, 44.1615 ], [ -102.4022, 44.1612 ], [ -102.4032, 44.1599 ], [ -102.404, 44.1569 ], [ -102.4037, 44.1558 ], [ -102.4032, 44.1555 ], [ -102.4023, 44.1555 ], [ -102.3988, 44.1566 ], [ -102.3977, 44.1562 ], [ -102.3977, 44.1544 ], [ -102.3991, 44.1523 ], [ -102.3994, 44.1513 ], [ -102.399, 44.1508 ], [ -102.3958, 44.1488 ], [ -102.3952, 44.1481 ], [ -102.3944, 44.1471 ], [ -102.3942, 44.146 ], [ -102.3926, 44.143 ], [ -102.388, 44.1402 ], [ -103.071, 44.1408 ], [ -103.0709, 44.1424 ], [ -103.0687, 44.1425 ], [ -103.0687, 44.143 ], [ -103.0607, 44.143 ], [ -103.0607, 44.1494 ], [ -103.0698, 44.1495 ], [ -103.0698, 44.1545 ], [ -103.081, 44.1546 ], [ -103.081, 44.1582 ], [ -103.0758, 44.1582 ], [ -103.0758, 44.173 ], [ -103.0907, 44.1728 ], [ -103.0907, 44.1764 ], [ -103.1152, 44.1765 ], [ -103.1209, 44.1765 ], [ -103.1209, 44.1729 ], [ -103.1222, 44.1729 ], [ -103.1222, 44.1655 ], [ -103.1235, 44.1655 ], [ -103.1265, 44.1637 ], [ -103.1285, 44.1653 ], [ -103.1288, 44.1651 ], [ -103.1267, 44.1635 ], [ -103.1291, 44.1619 ], [ -103.121, 44.1552 ], [ -103.121, 44.1546 ], [ -103.1202, 44.1547 ], [ -103.1187, 44.153 ], [ -103.1161, 44.1478 ], [ -103.1162, 44.1467 ], [ -103.1144, 44.1467 ], [ -103.1144, 44.1474 ], [ -103.1132, 44.1474 ], [ -103.1107, 44.1455 ], [ -103.1108, 44.1408 ], [ -103.1513, 44.1408 ], [ -103.1509, 44.1683 ], [ -103.1513, 44.2395 ], [ -103.1517, 44.2414 ], [ -103.1513, 44.2434 ], [ -103.1514, 44.2656 ], [ -103.1514, 44.2707 ], [ -103.1519, 44.273 ], [ -103.1515, 44.2759 ], [ -103.1515, 44.2857 ], [ -103.1527, 44.291 ], [ -103.1514, 44.2945 ], [ -103.1517, 44.3149 ], [ -103.1512, 44.3161 ], [ -103.1482, 44.3192 ], [ -103.1461, 44.323 ], [ -103.1405, 44.3262 ], [ -103.1342, 44.3305 ], [ -103.1314, 44.3366 ], [ -103.1314, 44.3426 ], [ -103.131, 44.3437 ], [ -103.1301, 44.3441 ], [ -103.1265, 44.3442 ], [ -103.1257, 44.3448 ], [ -103.1256, 44.3654 ], [ -103.1262, 44.3694 ], [ -103.1255, 44.3742 ], [ -103.1254, 44.4152 ], [ -103.1397, 44.4218 ], [ -103.1416, 44.4221 ], [ -103.1494, 44.4218 ], [ -103.157, 44.4236 ], [ -103.159, 44.4237 ], [ -103.3881, 44.4239 ], [ -103.3883, 44.4183 ], [ -103.3892, 44.4172 ], [ -103.3909, 44.4165 ], [ -103.4285, 44.4165 ], [ -103.4286, 44.4168 ], [ -103.4251, 44.4174 ] ] ] } },
{ "type": "Feature", "properties": { "GEOIDFQ": "1400000US46065977700", "NAME": "9777", "NAMELSAD": "Census Tract 9777" }, "geometry": { "type": "Polygon", "coordinates": [ [ [ -100.3881, 44.4569 ], [ -100.3863, 44.4573 ], [ -100.3836, 44.4574 ], [ -100.3828, 44.4578 ], [ -100.3789, 44.4564 ], [ -100.3768, 44.455 ], [ -100.3752, 44.4533 ], [ -100.3745, 44.4512 ], [ -100.3745, 44.4495 ], [ -100.3753, 44.4466 ], [ -100.375, 44.4442 ], [ -100.3736, 44.4414 ], [ -100.3704, 44.4373 ], [ -100.3676, 44.4355 ], [ -100.3537, 44.43 ], [ -100.352, 44.4288 ], [ -100.3508, 44.4274 ], [ -100.3502, 44.4251 ], [ -100.3501, 44.4112 ], [ -100.3098, 44.4109 ], [ -100.3098, 44.3983 ], [ -100.3137, 44.3976 ], [ -100.3143, 44.3838 ], [ -100.3149, 44.3808 ], [ -100.316, 44.378 ], [ -100.3171, 44.378 ], [ -100.3296, 44.3724 ], [ -100.3302, 44.3715 ], [ -100.33, 44.3695 ], [ -100.3371, 44.3695 ], [ -100.3371, 44.3614 ], [ -100.3391, 44.3617 ], [ -100.34, 44.3616 ], [ -100.3426, 44.3623 ], [ -100.3463, 44.3639 ], [ -100.3509, 44.3663 ], [ -100.3484, 44.3686 ], [ -100.3568, 44.3735 ], [ -100.3592, 44.3714 ], [ -100.3646, 44.3744 ], [ -100.366, 44.3745 ], [ -100.3706, 44.3736 ], [ -100.3738, 44.3801 ], [ -100.3744, 44.3855 ], [ -100.3789, 44.404 ], [ -100.3814, 44.4225 ], [ -100.3845, 44.4348 ], [ -100.3845, 44.4362 ], [ -100.3864, 44.44 ], [ -100.3886, 44.4427 ], [ -100.3901, 44.4438 ], [ -100.3938, 44.4478 ], [ -100.3996, 44.4524 ], [ -100.3881, 44.4569 ] ] ] } },
{ "type": "Feature", "properties": { "GEOIDFQ": "1400000US46015973100", "NAME": "9731", "NAMELSAD": "Census Tract 9731" }, "geometry": { "type": "Polygon", "coordinates": [ [ [ -99.4688, 43.6757 ], [ -99.4563, 43.6869 ], [ -99.4546, 43.6879 ], [ -99.4506, 43.6898 ], [ -99.4426, 43.6921 ], [ -99.4338, 43.6942 ], [ -99.4243, 43.6957 ], [ -99.4202, 43.6968 ], [ -99.4119, 43.7004 ], [ -99.4079, 43.7031 ], [ -99.4071, 43.7042 ], [ -99.407, 43.7053 ], [ -99.4097, 43.7097 ], [ -99.4097, 43.7108 ], [ -99.4068, 43.7196 ], [ -99.4066, 43.7243 ], [ -99.4077, 43.7285 ], [ -99.4164, 43.7386 ], [ -99.4187, 43.7428 ], [ -99.419, 43.7448 ], [ -99.4158, 43.7543 ], [ -99.4156, 43.7607 ], [ -99.4126, 43.7703 ], [ -99.4101, 43.7746 ], [ -99.4073, 43.7773 ], [ -99.4049, 43.7789 ], [ -99.4018, 43.7802 ], [ -99.3937, 43.7826 ], [ -99.3875, 43.7841 ], [ -99.3847, 43.7772 ], [ -99.384, 43.7767 ], [ -99.3846, 43.7753 ], [ -99.3861, 43.7745 ], [ -99.3871, 43.7732 ], [ -99.3888, 43.772 ], [ -99.3861, 43.7677 ], [ -99.3825, 43.7658 ], [ -99.3821, 43.7597 ], [ -99.3318, 43.7596 ], [ -99.3315, 43.746 ], [ -99.3118, 43.7454 ], [ -99.3118, 43.7595 ], [ -99.2721, 43.7595 ], [ -99.2726, 43.7741 ], [ -99.2528, 43.7739 ], [ -99.2123, 43.7741 ], [ -99.2129, 43.7808 ], [ -99.2134, 43.8022 ], [ -99.2323, 43.8028 ], [ -99.2329, 43.8032 ], [ -99.2339, 43.8309 ], [ -99.2731, 43.832 ], [ -99.2934, 43.8318 ], [ -99.307, 43.8312 ], [ -99.3052, 43.8356 ], [ -99.3008, 43.8419 ], [ -99.2966, 43.8472 ], [ -99.317, 43.8471 ], [ -99.3108, 43.8552 ], [ -99.3085, 43.8589 ], [ -99.308, 43.8604 ], [ -99.3081, 43.864 ], [ -99.3096, 43.867 ], [ -99.3171, 43.875 ], [ -99.3293, 43.8828 ], [ -99.3458, 43.8894 ], [ -99.3522, 43.8923 ], [ -99.357, 43.8968 ], [ -99.3619, 43.9031 ], [ -99.3632, 43.9097 ], [ -99.3632, 43.9154 ], [ -99.3614, 43.9209 ], [ -99.3577, 43.9268 ], [ -99.3559, 43.9344 ], [ -99.3547, 43.9336 ], [ -99.2504, 43.9331 ], [ -99.2488, 43.9334 ], [ -99.187, 43.9332 ], [ -99.058, 43.9348 ], [ -98.8078, 43.9352 ], [ -98.8074, 43.9108 ], [ -98.8076, 43.875 ], [ -98.8068, 43.8485 ], [ -98.797, 43.8486 ], [ -98.7969, 43.8474 ], [ -98.7943, 43.6749 ], [ -98.7946, 43.4992 ], [ -99.2979, 43.4999 ], [ -99.292, 43.5046 ], [ -99.2851, 43.5139 ], [ -99.2828, 43.5183 ], [ -99.2814, 43.5258 ], [ -99.2825, 43.5297 ], [ -99.2833, 43.5311 ], [ -99.2878, 43.5356 ], [ -99.2957, 43.5421 ], [ -99.3097, 43.5513 ], [ -99.3119, 43.5541 ], [ -99.3132, 43.5551 ], [ -99.3238, 43.5611 ], [ -99.3253, 43.5625 ], [ -99.3319, 43.5707 ], [ -99.3369, 43.5749 ], [ -99.3396, 43.5809 ], [ -99.3411, 43.5932 ], [ -99.3411, 43.602 ], [ -99.3422, 43.6107 ], [ -99.3435, 43.616 ], [ -99.3459, 43.6209 ], [ -99.3484, 43.6288 ], [ -99.3514, 43.635 ], [ -99.3556, 43.6423 ], [ -99.3604, 43.6476 ], [ -99.3668, 43.6529 ], [ -99.3754, 43.6569 ], [ -99.3831, 43.6582 ], [ -99.3913, 43.6584 ], [ -99.404, 43.6571 ], [ -99.4216, 43.6531 ], [ -99.4294, 43.652 ], [ -99.4345, 43.6517 ], [ -99.4426, 43.652 ], [ -99.4525, 43.6536 ], [ -99.4588, 43.6558 ], [ -99.4609, 43.6573 ], [ -99.462, 43.659 ], [ -99.4654, 43.6666 ], [ -99.4691, 43.6728 ], [ -99.4692, 43.6749 ], [ -99.4688, 43.6757 ] ] ] } },
{ "type": "Feature", "properties": { "GEOIDFQ": "1400000US46015973200", "NAME": "9732", "NAMELSAD": "Census Tract 9732" }, "geometry": { "type": "Polygon", "coordinates": [ [ [ -99.3871, 43.7732 ], [ -99.3861, 43.7745 ], [ -99.3846, 43.7753 ], [ -99.384, 43.7767 ], [ -99.3847, 43.7772 ], [ -99.3875, 43.7841 ], [ -99.3806, 43.7861 ], [ -99.3754, 43.7891 ], [ -99.3686, 43.7911 ], [ -99.3662, 43.7924 ], [ -99.3498, 43.8094 ], [ -99.3359, 43.8229 ], [ -99.317, 43.8471 ], [ -99.2966, 43.8472 ], [ -99.3008, 43.8419 ], [ -99.3052, 43.8356 ], [ -99.307, 43.8312 ], [ -99.2934, 43.8318 ], [ -99.2731, 43.832 ], [ -99.2339, 43.8309 ], [ -99.2329, 43.8032 ], [ -99.2323, 43.8028 ], [ -99.2134, 43.8022 ], [ -99.2129, 43.7808 ], [ -99.2123, 43.7741 ], [ -99.2528, 43.7739 ], [ -99.2726, 43.7741 ], [ -99.2721, 43.7595 ], [ -99.3118, 43.7595 ], [ -99.3118, 43.7454 ], [ -99.3315, 43.746 ], [ -99.3318, 43.7596 ], [ -99.3821, 43.7597 ], [ -99.3825, 43.7658 ], [ -99.3861, 43.7677 ], [ -99.3887, 43.772 ], [ -99.3871, 43.7732 ] ] ] } },
{ "type": "Feature", "properties": { "GEOIDFQ": "1400000US46019967600", "NAME": "9676", "NAMELSAD": "Census Tract 9676" }, "geometry": { "type": "Polygon", "coordinates": [ [ [ -104.0397, 44.9981 ], [ -104.0403, 45.0552 ], [ -104.04, 45.2129 ], [ -103.9812, 45.2128 ], [ -103.9066, 45.2134 ], [ -103.8755, 45.2131 ], [ -103.5626, 45.2133 ], [ -103.5282, 45.2128 ], [ -103.5005, 45.2128 ], [ -103.4872, 45.2133 ], [ -103.2505, 45.2128 ], [ -103.0006, 45.213 ], [ -103.0004, 45.2125 ], [ -102.9573, 45.2129 ], [ -102.9574, 45.0396 ], [ -102.9588, 45.0394 ], [ -102.9589, 45.012 ], [ -102.9584, 44.875 ], [ -102.9586, 44.6906 ], [ -102.9636, 44.6906 ], [ -102.9641, 44.6043 ], [ -103.2505, 44.6048 ], [ -103.2543, 44.6043 ], [ -103.2868, 44.6045 ], [ -103.2869, 44.6047 ], [ -103.2901, 44.6047 ], [ -103.2914, 44.6047 ], [ -103.2916, 44.6043 ], [ -103.3867, 44.6046 ], [ -103.387, 44.6048 ], [ -103.4014, 44.605 ], [ -103.4028, 44.6048 ], [ -103.445, 44.6046 ], [ -103.4475, 44.6048 ], [ -103.4671, 44.6047 ], [ -103.4672, 44.6045 ], [ -103.5005, 44.6047 ], [ -103.5677, 44.6041 ], [ -103.8205, 44.6048 ], [ -103.8194, 44.6058 ], [ -103.8183, 44.6059 ], [ -103.8177, 44.6101 ], [ -103.8215, 44.6124 ], [ -103.8213, 44.613 ], [ -103.8198, 44.6125 ], [ -103.8191, 44.6126 ], [ -103.8175, 44.6117 ], [ -103.8147, 44.6124 ], [ -103.8156, 44.614 ], [ -103.8171, 44.6131 ], [ -103.8186, 44.6143 ], [ -103.8188, 44.6149 ], [ -103.8186, 44.6152 ], [ -103.817, 44.6144 ], [ -103.8162, 44.6144 ], [ -103.816, 44.615 ], [ -103.8167, 44.6158 ], [ -103.8169, 44.617 ], [ -103.8164, 44.618 ], [ -103.8158, 44.6185 ], [ -103.815, 44.6186 ], [ -103.814, 44.6201 ], [ -103.8142, 44.6217 ], [ -103.8131, 44.6227 ], [ -103.813, 44.6246 ], [ -103.8134, 44.6256 ], [ -103.813, 44.6262 ], [ -103.8146, 44.6275 ], [ -103.8154, 44.6289 ], [ -103.8131, 44.6312 ], [ -103.8127, 44.6325 ], [ -103.8109, 44.6346 ], [ -103.8114, 44.6353 ], [ -103.8115, 44.6363 ], [ -103.8109, 44.6368 ], [ -103.8111, 44.6379 ], [ -103.8105, 44.6391 ], [ -103.8112, 44.641 ], [ -103.8108, 44.6412 ], [ -103.8073, 44.6411 ], [ -103.8104, 44.6421 ], [ -103.8102, 44.6433 ], [ -103.8107, 44.6458 ], [ -103.8133, 44.6472 ], [ -103.8131, 44.6477 ], [ -103.8141, 44.649 ], [ -103.815, 44.6516 ], [ -103.8143, 44.652 ], [ -103.8133, 44.6517 ], [ -103.8125, 44.6519 ], [ -103.8134, 44.6525 ], [ -103.8159, 44.6525 ], [ -103.8166, 44.6537 ], [ -103.8166, 44.6542 ], [ -103.8158, 44.6543 ], [ -103.8167, 44.6546 ], [ -103.8166, 44.6553 ], [ -103.8177, 44.6572 ], [ -103.817, 44.6576 ], [ -103.8148, 44.6577 ], [ -103.8167, 44.6582 ], [ -103.8178, 44.658 ], [ -103.8207, 44.6601 ], [ -103.8202, 44.6606 ], [ -103.8204, 44.6611 ], [ -103.8193, 44.6621 ], [ -103.8179, 44.6622 ], [ -103.817, 44.6618 ], [ -103.8157, 44.6624 ], [ -103.8184, 44.6629 ], [ -103.8213, 44.6624 ], [ -103.8218, 44.6627 ], [ -103.8231, 44.6664 ], [ -103.8224, 44.6677 ], [ -103.8225, 44.6692 ], [ -103.8215, 44.67 ], [ -103.8212, 44.6715 ], [ -103.8194, 44.6734 ], [ -103.8185, 44.6738 ], [ -103.8161, 44.6734 ], [ -103.8149, 44.6738 ], [ -103.8178, 44.6753 ], [ -103.8179, 44.6763 ], [ -103.8174, 44.6771 ], [ -103.7913, 44.6772 ], [ -103.7897, 44.6808 ], [ -103.7898, 44.6909 ], [ -103.7675, 44.691 ], [ -103.7701, 44.6957 ], [ -103.7702, 44.6984 ], [ -103.7756, 44.6985 ], [ -103.7757, 44.7017 ], [ -103.7799, 44.702 ], [ -103.7808, 44.704 ], [ -103.7808, 44.7054 ], [ -103.7836, 44.7068 ], [ -103.7864, 44.7075 ], [ -103.7903, 44.7076 ], [ -103.7948, 44.7086 ], [ -103.7969, 44.7087 ], [ -103.8106, 44.7116 ], [ -103.8144, 44.7116 ], [ -103.8167, 44.7104 ], [ -103.8202, 44.7096 ], [ -103.8236, 44.7078 ], [ -103.8233, 44.7057 ], [ -103.8236, 44.704 ], [ -103.8279, 44.6994 ], [ -103.8296, 44.6931 ], [ -103.8307, 44.6918 ], [ -103.8309, 44.6907 ], [ -103.8319, 44.691 ], [ -103.8684, 44.6911 ], [ -103.8693, 44.6917 ], [ -103.8709, 44.6911 ], [ -103.898, 44.6912 ], [ -103.9051, 44.6927 ], [ -103.9089, 44.6943 ], [ -103.913, 44.6922 ], [ -103.9145, 44.6905 ], [ -103.9155, 44.6904 ], [ -103.9177, 44.6909 ], [ -103.916, 44.6934 ], [ -103.9187, 44.6954 ], [ -103.9183, 44.6962 ], [ -103.917, 44.697 ], [ -103.9167, 44.6976 ], [ -103.9172, 44.6985 ], [ -103.9182, 44.699 ], [ -103.9213, 44.698 ], [ -103.9231, 44.6984 ], [ -103.9247, 44.6979 ], [ -103.9254, 44.6964 ], [ -103.925, 44.6948 ], [ -103.9258, 44.6926 ], [ -103.9272, 44.6916 ], [ -103.9272, 44.6911 ], [ -103.9279, 44.691 ], [ -103.9352, 44.6938 ], [ -103.9355, 44.6951 ], [ -103.9364, 44.6961 ], [ -103.936, 44.6967 ], [ -103.9335, 44.6979 ], [ -103.9314, 44.6993 ], [ -103.9298, 44.7011 ], [ -103.9298, 44.7019 ], [ -103.9311, 44.7021 ], [ -103.933, 44.7015 ], [ -103.9343, 44.7018 ], [ -103.9351, 44.7045 ], [ -103.9372, 44.7053 ], [ -103.9401, 44.7077 ], [ -103.9426, 44.7082 ], [ -103.9437, 44.7066 ], [ -103.9455, 44.7063 ], [ -103.9481, 44.7051 ], [ -103.95, 44.7059 ], [ -103.9535, 44.7052 ], [ -103.9544, 44.7057 ], [ -103.9546, 44.7084 ], [ -103.9569, 44.7104 ], [ -103.9578, 44.7106 ], [ -103.9587, 44.7098 ], [ -103.9589, 44.7091 ], [ -103.9573, 44.7068 ], [ -103.957, 44.7041 ], [ -103.9549, 44.704 ], [ -103.9545, 44.7037 ], [ -103.955, 44.7027 ], [ -103.9563, 44.7025 ], [ -103.9594, 44.7039 ], [ -103.9605, 44.7052 ], [ -103.9615, 44.7054 ], [ -103.9624, 44.7052 ], [ -103.9633, 44.7056 ], [ -103.9631, 44.7063 ], [ -103.96, 44.7076 ], [ -103.9602, 44.7082 ], [ -103.961, 44.7088 ], [ -103.9646, 44.7088 ], [ -103.9654, 44.7083 ], [ -103.9672, 44.7086 ], [ -103.9674, 44.7093 ], [ -103.967, 44.71 ], [ -103.9647, 44.7094 ], [ -103.9638, 44.7097 ], [ -103.9631, 44.7118 ], [ -103.9619, 44.7135 ], [ -103.9631, 44.7149 ], [ -103.9635, 44.715 ], [ -103.9649, 44.7145 ], [ -103.9663, 44.7145 ], [ -103.9665, 44.7136 ], [ -103.9672, 44.7131 ], [ -103.9689, 44.7131 ], [ -103.9753, 44.7172 ], [ -103.9743, 44.7186 ], [ -103.9723, 44.7191 ], [ -103.9698, 44.7212 ], [ -103.969, 44.7228 ], [ -103.9701, 44.7239 ], [ -103.9701, 44.7261 ], [ -103.9709, 44.7273 ], [ -103.9718, 44.7279 ], [ -103.9723, 44.7277 ], [ -103.973, 44.7263 ], [ -103.9745, 44.7256 ], [ -103.9773, 44.7268 ], [ -103.9769, 44.7278 ], [ -103.9771, 44.729 ], [ -103.9781, 44.7291 ], [ -103.9806, 44.7283 ], [ -103.9816, 44.7272 ], [ -103.9814, 44.7259 ], [ -103.9803, 44.7256 ], [ -103.9805, 44.7275 ], [ -103.9797, 44.7275 ], [ -103.9769, 44.7237 ], [ -103.9772, 44.7223 ], [ -103.9779, 44.7212 ], [ -103.979, 44.7202 ], [ -103.9804, 44.7198 ], [ -103.9809, 44.72 ], [ -103.9809, 44.7217 ], [ -103.9815, 44.722 ], [ -103.9823, 44.7219 ], [ -103.9831, 44.7227 ], [ -103.9847, 44.7224 ], [ -103.985, 44.722 ], [ -103.9842, 44.7215 ], [ -103.9861, 44.7209 ], [ -103.9884, 44.7215 ], [ -103.9879, 44.7222 ], [ -103.9887, 44.7226 ], [ -103.9914, 44.7215 ], [ -103.9951, 44.7209 ], [ -103.9967, 44.7196 ], [ -103.9977, 44.7202 ], [ -103.9972, 44.7217 ], [ -103.998, 44.722 ], [ -103.9989, 44.7214 ], [ -104.0001, 44.7176 ], [ -104.001, 44.717 ], [ -104.0013, 44.7162 ], [ -104.0028, 44.7159 ], [ -104.0043, 44.7177 ], [ -104.004, 44.7197 ], [ -104.0065, 44.7218 ], [ -104.0086, 44.7225 ], [ -104.0093, 44.7223 ], [ -104.0109, 44.7226 ], [ -104.0119, 44.7233 ], [ -104.0169, 44.7247 ], [ -104.018, 44.723 ], [ -104.0194, 44.7222 ], [ -104.0199, 44.7213 ], [ -104.0176, 44.7209 ], [ -104.0181, 44.7194 ], [ -104.0188, 44.7187 ], [ -104.0222, 44.718 ], [ -104.0235, 44.7187 ], [ -104.0245, 44.7202 ], [ -104.0253, 44.7202 ], [ -104.0262, 44.7197 ], [ -104.0282, 44.7191 ], [ -104.0303, 44.7192 ], [ -104.0344, 44.7205 ], [ -104.0371, 44.7227 ], [ -104.0377, 44.7249 ], [ -104.0375, 44.726 ], [ -104.0317, 44.7264 ], [ -104.0286, 44.7277 ], [ -104.0288, 44.7284 ], [ -104.0279, 44.7291 ], [ -104.0295, 44.7299 ], [ -104.0293, 44.7306 ], [ -104.0258, 44.733 ], [ -104.026, 44.7354 ], [ -104.0281, 44.7368 ], [ -104.029, 44.7371 ], [ -104.0295, 44.7369 ], [ -104.03, 44.7354 ], [ -104.0313, 44.7347 ], [ -104.0356, 44.7339 ], [ -104.0371, 44.734 ], [ -104.0408, 44.7325 ], [ -104.044, 44.733 ], [ -104.0444, 44.7347 ], [ -104.046, 44.7355 ], [ -104.0469, 44.7364 ], [ -104.0487, 44.7358 ], [ -104.0517, 44.7365 ], [ -104.0505, 44.7374 ], [ -104.0499, 44.7387 ], [ -104.0532, 44.7403 ], [ -104.0544, 44.7424 ], [ -104.0529, 44.7433 ], [ -104.0498, 44.7432 ], [ -104.048, 44.7438 ], [ -104.0472, 44.7449 ], [ -104.0451, 44.746 ], [ -104.0448, 44.7472 ], [ -104.0461, 44.7493 ], [ -104.0468, 44.7498 ], [ -104.0503, 44.7486 ], [ -104.0522, 44.7486 ], [ -104.0558, 44.7493 ], [ -104.0565, 44.867 ], [ -104.0559, 44.875 ], [ -104.0579, 44.9976 ], [ -104.0397, 44.9981 ] ] ] } },
{ "type": "Feature", "properties": { "GEOIDFQ": "1400000US46021964100", "NAME": "9641", "NAMELSAD": "Census Tract 9641" }, "geometry": { "type": "Polygon", "coordinates": [ [ [ -100.4175, 45.9435 ], [ -100.3788, 45.9432 ], [ -100.369, 45.9434 ], [ -100.3082, 45.9433 ], [ -100.2844, 45.9429 ], [ -100.2468, 45.943 ], [ -100.1254, 45.9422 ], [ -99.9632, 45.9418 ], [ -99.7606, 45.9408 ], [ -99.7181, 45.9409 ], [ -99.7175, 45.5934 ], [ -99.7529, 45.5931 ], [ -99.7697, 45.5934 ], [ -99.8455, 45.5932 ], [ -99.9937, 45.594 ], [ -100.4301, 45.5948 ], [ -100.4268, 45.6035 ], [ -100.4257, 45.6101 ], [ -100.423, 45.618 ], [ -100.4238, 45.6248 ], [ -100.4198, 45.6248 ], [ -100.4167, 45.6347 ], [ -100.4131, 45.6414 ], [ -100.4064, 45.65 ], [ -100.402, 45.6531 ], [ -100.3924, 45.6581 ], [ -100.3874, 45.6594 ], [ -100.3803, 45.6608 ], [ -100.3749, 45.661 ], [ -100.3541, 45.6605 ], [ -100.345, 45.6615 ], [ -100.3372, 45.6632 ], [ -100.3203, 45.6714 ], [ -100.3178, 45.6735 ], [ -100.3155, 45.6767 ], [ -100.3088, 45.6896 ], [ -100.3082, 45.7012 ], [ -100.309, 45.7078 ], [ -100.3184, 45.7245 ], [ -100.3371, 45.75 ], [ -100.3512, 45.7718 ], [ -100.3527, 45.7759 ], [ -100.3668, 45.802 ], [ -100.3755, 45.816 ], [ -100.379, 45.8234 ], [ -100.3812, 45.8299 ], [ -100.3824, 45.8386 ], [ -100.3805, 45.8542 ], [ -100.3806, 45.8582 ], [ -100.3838, 45.8648 ], [ -100.387, 45.8691 ], [ -100.3906, 45.8715 ], [ -100.3989, 45.875 ], [ -100.4001, 45.875 ], [ -100.4175, 45.884 ], [ -100.4313, 45.8973 ], [ -100.4624, 45.9196 ], [ -100.4659, 45.921 ], [ -100.4713, 45.9218 ], [ -100.4887, 45.9303 ], [ -100.4994, 45.9437 ], [ -100.4175, 45.9435 ] ] ] } },
{ "type": "Feature", "properties": { "GEOIDFQ": "1400000US46033965200", "NAME": "9652", "NAMELSAD": "Census Tract 9652" }, "geometry": { "type": "Polygon", "coordinates": [ [ [ -103.656, 43.7956 ], [ -103.6554, 43.7967 ], [ -103.654, 43.7977 ], [ -103.6522, 43.8003 ], [ -103.6489, 43.8003 ], [ -103.64, 43.8015 ], [ -103.6383, 43.8025 ], [ -103.64, 43.804 ], [ -103.6407, 43.806 ], [ -103.64, 43.8234 ], [ -103.6411, 43.8305 ], [ -103.6392, 43.8341 ], [ -103.6389, 43.8382 ], [ -103.6354, 43.8466 ], [ -103.6352, 43.8516 ], [ -103.6345, 43.8529 ], [ -103.632, 43.8555 ], [ -103.5781, 43.8558 ], [ -103.5764, 43.853 ], [ -103.5749, 43.8525 ], [ -103.5746, 43.8518 ], [ -103.5751, 43.8509 ], [ -103.5751, 43.8497 ], [ -103.5759, 43.8508 ], [ -103.5759, 43.8516 ], [ -103.5765, 43.8517 ], [ -103.5763, 43.8495 ], [ -103.5772, 43.8479 ], [ -103.5772, 43.8495 ], [ -103.5776, 43.8498 ], [ -103.5777, 43.848 ], [ -103.579, 43.8462 ], [ -103.578, 43.8453 ], [ -103.578, 43.8448 ], [ -103.5769, 43.845 ], [ -103.5757, 43.8438 ], [ -103.5746, 43.8442 ], [ -103.5739, 43.8451 ], [ -103.5724, 43.8457 ], [ -103.571, 43.8453 ], [ -103.5707, 43.8447 ], [ -103.5675, 43.8441 ], [ -103.566, 43.8432 ], [ -103.5659, 43.8421 ], [ -103.5644, 43.8418 ], [ -103.5636, 43.8412 ], [ -103.5623, 43.8387 ], [ -103.5625, 43.8378 ], [ -103.5632, 43.8371 ], [ -103.5643, 43.8367 ], [ -103.5658, 43.8354 ], [ -103.5682, 43.8343 ], [ -103.5712, 43.835 ], [ -103.5722, 43.8349 ], [ -103.5766, 43.8319 ], [ -103.5771, 43.8304 ], [ -103.5793, 43.8292 ], [ -103.5827, 43.8259 ], [ -103.5851, 43.8252 ], [ -103.5863, 43.8241 ], [ -103.5883, 43.8196 ], [ -103.5909, 43.8176 ], [ -103.5912, 43.8162 ], [ -103.5926, 43.8153 ], [ -103.5925, 43.8129 ], [ -103.5935, 43.8089 ], [ -103.5901, 43.8043 ], [ -103.591, 43.803 ], [ -103.5893, 43.7988 ], [ -103.5896, 43.7975 ], [ -103.5895, 43.794 ], [ -103.59, 43.7928 ], [ -103.5899, 43.7897 ], [ -103.587, 43.7833 ], [ -103.5867, 43.7801 ], [ -103.5874, 43.7752 ], [ -103.5848, 43.7706 ], [ -103.5851, 43.7688 ], [ -103.5855, 43.7684 ], [ -103.5897, 43.7689 ], [ -103.5907, 43.7688 ], [ -103.5906, 43.7682 ], [ -103.5881, 43.7629 ], [ -103.5863, 43.7634 ], [ -103.583, 43.76 ], [ -103.5815, 43.7587 ], [ -103.5812, 43.7587 ], [ -103.5801, 43.7566 ], [ -103.5786, 43.7509 ], [ -103.5802, 43.7449 ], [ -103.5817, 43.7239 ], [ -103.5832, 43.708 ], [ -103.5825, 43.6978 ], [ -103.5805, 43.6936 ], [ -103.5804, 43.6887 ], [ -103.5794, 43.6843 ], [ -103.5831, 43.6759 ], [ -103.5852, 43.6732 ], [ -103.5857, 43.6711 ], [ -103.5866, 43.6703 ], [ -103.5869, 43.6689 ], [ -103.5885, 43.6673 ], [ -103.5894, 43.6649 ], [ -103.59, 43.6643 ], [ -103.5913, 43.6659 ], [ -103.5972, 43.6711 ], [ -103.6006, 43.677 ], [ -103.601, 43.6791 ], [ -103.6001, 43.6849 ], [ -103.603, 43.689 ], [ -103.6053, 43.6955 ], [ -103.6077, 43.6954 ], [ -103.6094, 43.6959 ], [ -103.6111, 43.6959 ], [ -103.6135, 43.6966 ], [ -103.6132, 43.6972 ], [ -103.614, 43.6999 ], [ -103.6157, 43.7013 ], [ -103.6177, 43.7059 ], [ -103.6191, 43.7076 ], [ -103.6187, 43.7092 ], [ -103.6199, 43.7119 ], [ -103.6194, 43.7133 ], [ -103.6195, 43.7145 ], [ -103.6224, 43.7163 ], [ -103.6233, 43.7181 ], [ -103.6234, 43.7192 ], [ -103.6261, 43.7211 ], [ -103.6276, 43.7234 ], [ -103.6296, 43.7249 ], [ -103.631, 43.7269 ], [ -103.6336, 43.7286 ], [ -103.6339, 43.7297 ], [ -103.6335, 43.7312 ], [ -103.6359, 43.7332 ], [ -103.6364, 43.734 ], [ -103.6362, 43.7346 ], [ -103.635, 43.7351 ], [ -103.6348, 43.7354 ], [ -103.6354, 43.7381 ], [ -103.6377, 43.7397 ], [ -103.6412, 43.7402 ], [ -103.6431, 43.742 ], [ -103.6431, 43.7455 ], [ -103.6435, 43.7465 ], [ -103.6385, 43.7496 ], [ -103.6351, 43.7513 ], [ -103.6301, 43.7563 ], [ -103.6328, 43.7574 ], [ -103.6349, 43.7564 ], [ -103.6368, 43.7562 ], [ -103.6393, 43.7564 ], [ -103.6444, 43.7582 ], [ -103.6495, 43.761 ], [ -103.6533, 43.7639 ], [ -103.6562, 43.7669 ], [ -103.6548, 43.7672 ], [ -103.6548, 43.768 ], [ -103.6543, 43.7683 ], [ -103.6557, 43.7697 ], [ -103.656, 43.7737 ], [ -103.6571, 43.7753 ], [ -103.6573, 43.7768 ], [ -103.6567, 43.7776 ], [ -103.6552, 43.778 ], [ -103.654, 43.7769 ], [ -103.6531, 43.7769 ], [ -103.6531, 43.7786 ], [ -103.6516, 43.7801 ], [ -103.6506, 43.7804 ], [ -103.6503, 43.7816 ], [ -103.651, 43.7826 ], [ -103.6523, 43.7831 ], [ -103.6525, 43.7837 ], [ -103.6543, 43.7858 ], [ -103.6557, 43.7869 ], [ -103.6573, 43.7874 ], [ -103.6574, 43.7882 ], [ -103.6561, 43.7897 ], [ -103.6561, 43.7903 ], [ -103.6585, 43.7939 ], [ -103.656, 43.7956 ] ] ] } },
{ "type": "Feature", "properties": { "GEOIDFQ": "1400000US46107000100", "NAME": "1", "NAMELSAD": "Census Tract 1" }, "geometry": { "type": "Polygon", "coordinates": [ [ [ -100.4234, 44.9921 ], [ -100.4227, 44.9937 ], [ -100.4181, 45.0008 ], [ -100.4084, 45.0118 ], [ -100.3918, 45.026 ], [ -100.39, 45.0272 ], [ -100.3872, 45.0283 ], [ -100.3821, 45.0297 ], [ -100.3762, 45.0301 ], [ -100.3632, 45.0291 ], [ -100.3541, 45.0264 ], [ -100.3463, 45.0247 ], [ -100.3394, 45.0225 ], [ -100.3158, 45.0156 ], [ -100.3122, 45.0152 ], [ -100.2895, 45.0145 ], [ -100.2877, 45.0148 ], [ -100.2803, 45.0184 ], [ -100.2781, 45.0232 ], [ -100.278, 45.0277 ], [ -100.2794, 45.0311 ], [ -100.2824, 45.034 ], [ -100.3017, 45.0461 ], [ -100.3122, 45.0544 ], [ -100.3165, 45.0593 ], [ -100.3239, 45.0742 ], [ -100.3265, 45.0864 ], [ -100.3266, 45.0909 ], [ -100.3255, 45.0993 ], [ -100.3242, 45.1016 ], [ -100.3177, 45.1085 ], [ -100.3035, 45.125 ], [ -100.2907, 45.1384 ], [ -100.279, 45.1589 ], [ -100.2766, 45.1681 ], [ -100.2756, 45.1839 ], [ -100.2742, 45.1926 ], [ -100.275, 45.1983 ], [ -100.2613, 45.2243 ], [ -100.2589, 45.2308 ], [ -100.2575, 45.2357 ], [ -100.2575, 45.2395 ], [ -100.2602, 45.2468 ], [ -99.9556, 45.2465 ], [ -99.8989, 45.2461 ], [ -99.6064, 45.2457 ], [ -99.5733, 45.2454 ], [ -99.5732, 45.2306 ], [ -99.5737, 45.2266 ], [ -99.5738, 45.2161 ], [ -99.5733, 45.1943 ], [ -99.5733, 45.129 ], [ -99.573, 45.0986 ], [ -99.5733, 45.071 ], [ -99.5729, 45.0491 ], [ -99.5727, 44.8973 ], [ -99.7149, 44.8976 ], [ -99.7561, 44.8973 ], [ -99.8648, 44.8977 ], [ -100.2381, 44.8978 ], [ -100.349, 44.8983 ], [ -100.3754, 44.8977 ], [ -100.4048, 44.8977 ], [ -100.4127, 44.9128 ], [ -100.4157, 44.9235 ], [ -100.4186, 44.9492 ], [ -100.4238, 44.9731 ], [ -100.4241, 44.9878 ], [ -100.4234, 44.9921 ] ] ] } },
{ "type": "Feature", "properties": { "GEOIDFQ": "1400000US46005957000", "NAME": "9570", "NAMELSAD": "Census Tract 9570" }, "geometry": { "type": "Polygon", "coordinates": [ [ [ -98.2582, 44.3707 ], [ -98.2548, 44.3702 ], [ -98.2508, 44.3706 ], [ -98.2391, 44.3706 ], [ -98.2261, 44.3687 ], [ -98.2262, 44.3657 ], [ -98.2273, 44.3657 ], [ -98.2273, 44.3562 ], [ -98.2141, 44.3562 ], [ -98.2136, 44.2996 ], [ -98.2137, 44.2982 ], [ -98.214, 44.2982 ], [ -98.2139, 44.2837 ], [ -98.2546, 44.2837 ], [ -98.2548, 44.3273 ], [ -98.3361, 44.3272 ], [ -98.3363, 44.3706 ], [ -98.2582, 44.3707 ] ] ] } },
{ "type": "Feature", "properties": { "GEOIDFQ": "1400000US46125965200", "NAME": "9652", "NAMELSAD": "Census Tract 9652" }, "geometry": { "type": "Polygon", "coordinates": [ [ [ -97.3583, 43.3282 ], [ -97.2806, 43.3287 ], [ -97.2689, 43.3279 ], [ -97.2299, 43.3279 ], [ -97.1415, 43.3295 ], [ -96.9648, 43.3299 ], [ -96.9439, 43.3316 ], [ -96.9245, 43.3305 ], [ -96.9246, 43.251 ], [ -96.924, 43.1853 ], [ -96.9241, 43.0837 ], [ -97.1605, 43.0831 ], [ -97.1605, 43.17 ], [ -97.3992, 43.1694 ], [ -97.3995, 43.2562 ], [ -97.4004, 43.2924 ], [ -97.4006, 43.3284 ], [ -97.3583, 43.3282 ] ] ] } },
{ "type": "Feature", "properties": { "GEOIDFQ": "1400000US46125965100", "NAME": "9651", "NAMELSAD": "Census Tract 9651" }, "geometry": { "type": "Polygon", "coordinates": [ [ [ -97.1152, 43.4997 ], [ -96.9248, 43.5 ], [ -96.9245, 43.3305 ], [ -96.9439, 43.3316 ], [ -96.9648, 43.3299 ], [ -97.1415, 43.3295 ], [ -97.2299, 43.3279 ], [ -97.2689, 43.3279 ], [ -97.2806, 43.3287 ], [ -97.3583, 43.3282 ], [ -97.4006, 43.3284 ], [ -97.4014, 43.4998 ], [ -97.1152, 43.4997 ] ] ] } },
{ "type": "Feature", "properties": { "GEOIDFQ": "1400000US46111962100", "NAME": "9621", "NAMELSAD": "Census Tract 9621" }, "geometry": { "type": "Polygon", "coordinates": [ [ [ -98.3319, 44.1967 ], [ -98.2062, 44.1966 ], [ -98.1372, 44.1958 ], [ -98.0902, 44.196 ], [ -97.9634, 44.1946 ], [ -97.8495, 44.1952 ], [ -97.8503, 44.1252 ], [ -97.851, 44.1231 ], [ -97.8507, 44.1009 ], [ -97.851, 43.8788 ], [ -97.8514, 43.8782 ], [ -97.8514, 43.875 ], [ -97.8511, 43.8745 ], [ -97.8511, 43.8499 ], [ -97.9068, 43.8506 ], [ -98.0004, 43.8507 ], [ -98.0029, 43.8509 ], [ -98.1859, 43.8511 ], [ -98.2717, 43.8515 ], [ -98.3315, 43.851 ], [ -98.3313, 43.9484 ], [ -98.3322, 44.1347 ], [ -98.3319, 44.1967 ] ] ] } },
{ "type": "Feature", "properties": { "GEOIDFQ": "1400000US46051953100", "NAME": "9531", "NAMELSAD": "Census Tract 9531" }, "geometry": { "type": "Polygon", "coordinates": [ [ [ -96.9929, 45.3269 ], [ -96.8626, 45.326 ], [ -96.6167, 45.3266 ], [ -96.4705, 45.3265 ], [ -96.4692, 45.3249 ], [ -96.4688, 45.3206 ], [ -96.468, 45.3186 ], [ -96.4666, 45.3172 ], [ -96.4619, 45.3139 ], [ -96.4576, 45.3076 ], [ -96.457, 45.3039 ], [ -96.4531, 45.3008 ], [ -96.4527, 45.24 ], [ -96.5577, 45.2399 ], [ -96.5585, 45.1796 ], [ -96.6816, 45.1791 ], [ -96.6818, 45.2072 ], [ -96.6805, 45.2083 ], [ -96.6818, 45.2083 ], [ -96.6823, 45.2094 ], [ -96.6818, 45.2102 ], [ -96.6823, 45.2395 ], [ -96.8644, 45.2394 ], [ -96.8647, 45.2223 ], [ -96.9655, 45.2231 ], [ -96.9656, 45.2372 ], [ -96.9644, 45.2393 ], [ -96.9649, 45.2408 ], [ -96.9647, 45.254 ], [ -96.9645, 45.2544 ], [ -96.961, 45.2544 ], [ -96.961, 45.257 ], [ -96.9614, 45.2586 ], [ -96.9642, 45.2605 ], [ -96.9647, 45.2617 ], [ -96.9647, 45.286 ], [ -96.9778, 45.2918 ], [ -97.0027, 45.3067 ], [ -96.9929, 45.3269 ] ] ] } },
{ "type": "Feature", "properties": { "GEOIDFQ": "1400000US46099000100", "NAME": "1", "NAMELSAD": "Census Tract 1" }, "geometry": { "type": "Polygon", "coordinates": [ [ [ -96.7642, 43.5726 ], [ -96.7621, 43.5755 ], [ -96.7435, 43.5926 ], [ -96.7431, 43.594 ], [ -96.7437, 43.5953 ], [ -96.744, 43.5983 ], [ -96.7406, 43.6002 ], [ -96.7402, 43.6008 ], [ -96.7401, 43.6043 ], [ -96.741, 43.6057 ], [ -96.742, 43.6057 ], [ -96.7443, 43.6052 ], [ -96.7465, 43.6058 ], [ -96.7464, 43.6068 ], [ -96.7449, 43.6084 ], [ -96.7447, 43.6104 ], [ -96.7281, 43.6073 ], [ -96.7172, 43.606 ], [ -96.703, 43.6058 ], [ -96.6909, 43.6068 ], [ -96.691, 43.5939 ], [ -96.6935, 43.5816 ], [ -96.6936, 43.5696 ], [ -96.6952, 43.5702 ], [ -96.6976, 43.5719 ], [ -96.6998, 43.5724 ], [ -96.7035, 43.5723 ], [ -96.7044, 43.5722 ], [ -96.71, 43.5673 ], [ -96.7137, 43.5667 ], [ -96.7195, 43.5674 ], [ -96.7219, 43.566 ], [ -96.7234, 43.5646 ], [ -96.7239, 43.5628 ], [ -96.7215, 43.5614 ], [ -96.721, 43.5604 ], [ -96.7213, 43.5577 ], [ -96.7238, 43.5554 ], [ -96.7233, 43.5539 ], [ -96.7241, 43.5512 ], [ -96.7314, 43.5512 ], [ -96.7313, 43.5642 ], [ -96.7345, 43.5641 ], [ -96.7371, 43.5636 ], [ -96.7471, 43.5635 ], [ -96.7622, 43.5645 ], [ -96.7639, 43.565 ], [ -96.7656, 43.5659 ], [ -96.7657, 43.5696 ], [ -96.7642, 43.5726 ] ] ] } },
{ "type": "Feature", "properties": { "GEOIDFQ": "1400000US46099000600", "NAME": "6", "NAMELSAD": "Census Tract 6" }, "geometry": { "type": "Polygon", "coordinates": [ [ [ -96.7327, 43.5414 ], [ -96.72, 43.5414 ], [ -96.7209, 43.5403 ], [ -96.7163, 43.5405 ], [ -96.7163, 43.5346 ], [ -96.7326, 43.5349 ], [ -96.7327, 43.5414 ] ] ] } },
{ "type": "Feature", "properties": { "GEOIDFQ": "1400000US46099010200", "NAME": "102", "NAMELSAD": "Census Tract 102" }, "geometry": { "type": "Polygon", "coordinates": [ [ [ -97.1291, 43.7499 ], [ -97.129, 43.7611 ], [ -97.1291, 43.848 ], [ -96.9413, 43.8484 ], [ -96.7712, 43.8483 ], [ -96.7709, 43.8333 ], [ -96.7712, 43.7638 ], [ -96.7717, 43.7466 ], [ -96.7712, 43.7273 ], [ -96.7715, 43.6743 ], [ -96.8225, 43.6741 ], [ -97.0119, 43.6744 ], [ -97.0823, 43.6743 ], [ -97.1272, 43.6739 ], [ -97.1294, 43.6747 ], [ -97.1291, 43.7321 ], [ -97.1295, 43.7463 ], [ -97.1291, 43.7499 ] ] ] } },
{ "type": "Feature", "properties": { "GEOIDFQ": "1400000US46099010300", "NAME": "103", "NAMELSAD": "Census Tract 103" }, "geometry": { "type": "Polygon", "coordinates": [ [ [ -97.1294, 43.6562 ], [ -97.1291, 43.6571 ], [ -97.1295, 43.6613 ], [ -97.1294, 43.6747 ], [ -97.1272, 43.6739 ], [ -97.0823, 43.6743 ], [ -97.0119, 43.6744 ], [ -96.8905, 43.6743 ], [ -96.8909, 43.6287 ], [ -96.8901, 43.5001 ], [ -97.1295, 43.4997 ], [ -97.1294, 43.6562 ] ] ] } },
{ "type": "Feature", "properties": { "GEOIDFQ": "1400000US46099001901", "NAME": "19.01", "NAMELSAD": "Census Tract 19.01" }, "geometry": { "type": "Polygon", "coordinates": [ [ [ -96.7262, 43.513 ], [ -96.7262, 43.5185 ], [ -96.7287, 43.5185 ], [ -96.7288, 43.5207 ], [ -96.73, 43.5208 ], [ -96.73, 43.5221 ], [ -96.7112, 43.5221 ], [ -96.7116, 43.5153 ], [ -96.7262, 43.512 ], [ -96.7312, 43.5102 ], [ -96.7312, 43.5118 ], [ -96.7262, 43.513 ] ] ] } },
{ "type": "Feature", "properties": { "GEOIDFQ": "1400000US46083010113", "NAME": "101.13", "NAMELSAD": "Census Tract 101.13" }, "geometry": { "type": "Polygon", "coordinates": [ [ [ -96.7274, 43.4896 ], [ -96.6688, 43.4895 ], [ -96.6687, 43.4604 ], [ -96.7275, 43.4607 ], [ -96.7274, 43.4896 ] ] ] } },
{ "type": "Feature", "properties": { "GEOIDFQ": "1400000US46083010116", "NAME": "101.16", "NAMELSAD": "Census Tract 101.16" }, "geometry": { "type": "Polygon", "coordinates": [ [ [ -96.7473, 43.4896 ], [ -96.7274, 43.4896 ], [ -96.7275, 43.4607 ], [ -96.7474, 43.4607 ], [ -96.7473, 43.4896 ] ] ] } },
{ "type": "Feature", "properties": { "GEOIDFQ": "1400000US46013951800", "NAME": "9518", "NAMELSAD": "Census Tract 9518" }, "geometry": { "type": "Polygon", "coordinates": [ [ [ -98.4728, 45.4484 ], [ -98.4723, 45.4499 ], [ -98.4723, 45.4528 ], [ -98.4717, 45.4548 ], [ -98.4697, 45.457 ], [ -98.4654, 45.4591 ], [ -98.4633, 45.4614 ], [ -98.4597, 45.4641 ], [ -98.458, 45.466 ], [ -98.3922, 45.4664 ], [ -98.3923, 45.4009 ], [ -98.454, 45.4012 ], [ -98.454, 45.4157 ], [ -98.4748, 45.4158 ], [ -98.4747, 45.4447 ], [ -98.4754, 45.4447 ], [ -98.4728, 45.4484 ] ] ] } },
{ "type": "Feature", "properties": { "GEOIDFQ": "1400000US46035962600", "NAME": "9626", "NAMELSAD": "Census Tract 9626" }, "geometry": { "type": "Polygon", "coordinates": [ [ [ -98.3258, 43.6735 ], [ -98.3252, 43.8511 ], [ -98.2717, 43.8515 ], [ -97.9673, 43.8507 ], [ -97.9677, 43.8272 ], [ -97.9684, 43.8191 ], [ -97.968, 43.8126 ], [ -97.968, 43.8051 ], [ -98.0682, 43.8037 ], [ -98.0865, 43.8027 ], [ -98.0865, 43.6585 ], [ -97.9665, 43.6588 ], [ -97.9668, 43.6298 ], [ -97.9662, 43.6153 ], [ -97.9665, 43.6007 ], [ -97.9646, 43.499 ], [ -98.2133, 43.4979 ], [ -98.2333, 43.498 ], [ -98.2632, 43.4987 ], [ -98.3206, 43.4987 ], [ -98.3251, 43.5794 ], [ -98.3261, 43.6678 ], [ -98.3258, 43.6735 ] ] ] } },
{ "type": "Feature", "properties": { "GEOIDFQ": "1400000US46035962700", "NAME": "9627", "NAMELSAD": "Census Tract 9627" }, "geometry": { "type": "Polygon", "coordinates": [ [ [ -98.0865, 43.8027 ], [ -98.0682, 43.8037 ], [ -97.968, 43.8051 ], [ -97.9684, 43.7856 ], [ -97.9669, 43.6964 ], [ -97.9673, 43.696 ], [ -97.968, 43.6958 ], [ -97.9695, 43.6962 ], [ -97.9702, 43.697 ], [ -97.969, 43.6985 ], [ -97.9683, 43.7014 ], [ -97.9695, 43.7018 ], [ -97.9721, 43.7014 ], [ -97.9741, 43.7021 ], [ -97.975, 43.7034 ], [ -97.9755, 43.7034 ], [ -97.9754, 43.7041 ], [ -97.9763, 43.7054 ], [ -97.9787, 43.7043 ], [ -97.9794, 43.7043 ], [ -97.9797, 43.7047 ], [ -97.9795, 43.7058 ], [ -97.9806, 43.7081 ], [ -97.9792, 43.7084 ], [ -97.978, 43.7078 ], [ -97.9767, 43.7076 ], [ -97.9773, 43.7104 ], [ -97.978, 43.7114 ], [ -97.9787, 43.7116 ], [ -97.9802, 43.7102 ], [ -97.981, 43.7107 ], [ -97.9813, 43.7127 ], [ -97.9824, 43.7137 ], [ -97.9831, 43.7138 ], [ -97.9839, 43.7129 ], [ -97.9852, 43.7129 ], [ -97.9859, 43.7141 ], [ -97.9856, 43.7159 ], [ -97.9888, 43.7183 ], [ -97.9899, 43.7183 ], [ -97.9903, 43.7176 ], [ -97.9893, 43.7163 ], [ -97.9893, 43.7157 ], [ -97.9899, 43.7153 ], [ -97.9908, 43.7157 ], [ -97.9913, 43.7172 ], [ -97.9932, 43.7169 ], [ -97.9935, 43.7165 ], [ -97.9951, 43.7166 ], [ -97.9947, 43.7186 ], [ -97.9954, 43.7189 ], [ -97.9953, 43.7192 ], [ -97.9945, 43.7191 ], [ -97.9944, 43.7201 ], [ -97.9956, 43.7215 ], [ -97.9963, 43.7214 ], [ -97.9966, 43.7208 ], [ -97.9976, 43.7206 ], [ -97.9982, 43.7211 ], [ -98.0016, 43.7207 ], [ -98.0024, 43.7202 ], [ -98.0042, 43.7205 ], [ -98.0048, 43.721 ], [ -98.0047, 43.7214 ], [ -98.0021, 43.7231 ], [ -98.0017, 43.7242 ], [ -98.0076, 43.7241 ], [ -98.0073, 43.7156 ], [ -98.0101, 43.7156 ], [ -98.0102, 43.7166 ], [ -98.0171, 43.7166 ], [ -98.0171, 43.7178 ], [ -98.0339, 43.7177 ], [ -98.0339, 43.7166 ], [ -98.0476, 43.7164 ], [ -98.0506, 43.731 ], [ -98.0865, 43.7311 ], [ -98.0865, 43.8027 ] ] ] } },
{ "type": "Feature", "properties": { "GEOIDFQ": "1400000US46103010905", "NAME": "109.05", "NAMELSAD": "Census Tract 109.05" }, "geometry": { "type": "Polygon", "coordinates": [ [ [ -103.2653, 43.9945 ], [ -103.2552, 44.0003 ], [ -103.2528, 44.0029 ], [ -103.2514, 44.0094 ], [ -103.2522, 44.0097 ], [ -103.2456, 44.046 ], [ -103.2434, 44.0494 ], [ -103.2429, 44.0516 ], [ -103.2434, 44.053 ], [ -103.2429, 44.0535 ], [ -103.2411, 44.0541 ], [ -103.2404, 44.0554 ], [ -103.239, 44.0557 ], [ -103.2378, 44.055 ], [ -103.2365, 44.0549 ], [ -103.235, 44.056 ], [ -103.2326, 44.0559 ], [ -103.2325, 44.059 ], [ -103.2302, 44.0592 ], [ -103.2267, 44.059 ], [ -103.2275, 44.057 ], [ -103.2273, 44.0557 ], [ -103.2234, 44.0489 ], [ -103.2197, 44.0447 ], [ -103.219, 44.0429 ], [ -103.2177, 44.0431 ], [ -103.2134, 44.0448 ], [ -103.2098, 44.0451 ], [ -103.2076, 44.0458 ], [ -103.1918, 44.0457 ], [ -103.1915, 44.024 ], [ -103.1903, 44.0205 ], [ -103.1819, 44.0064 ], [ -103.1798, 43.994 ], [ -103.1806, 43.9877 ], [ -103.181, 43.9773 ], [ -103.1815, 43.9753 ], [ -103.1839, 43.9707 ], [ -103.1861, 43.9576 ], [ -103.1918, 43.9594 ], [ -103.1962, 43.962 ], [ -103.1979, 43.9629 ], [ -103.1995, 43.9632 ], [ -103.2023, 43.9649 ], [ -103.2086, 43.9666 ], [ -103.2157, 43.9665 ], [ -103.2176, 43.9672 ], [ -103.219, 43.9683 ], [ -103.2219, 43.9694 ], [ -103.2236, 43.9709 ], [ -103.2264, 43.9714 ], [ -103.2274, 43.9719 ], [ -103.2286, 43.9729 ], [ -103.2316, 43.9773 ], [ -103.2366, 43.981 ], [ -103.2489, 43.9829 ], [ -103.2517, 43.9843 ], [ -103.2548, 43.9842 ], [ -103.2576, 43.9852 ], [ -103.2625, 43.9847 ], [ -103.269, 43.9847 ], [ -103.2708, 43.9896 ], [ -103.2653, 43.9945 ] ] ] } },
{ "type": "Feature", "properties": { "GEOIDFQ": "1400000US46103010906", "NAME": "109.06", "NAMELSAD": "Census Tract 109.06" }, "geometry": { "type": "Polygon", "coordinates": [ [ [ -103.1917, 44.0876 ], [ -103.1906, 44.0879 ], [ -103.1856, 44.0908 ], [ -103.1825, 44.0931 ], [ -103.1799, 44.0968 ], [ -103.1795, 44.0997 ], [ -103.1583, 44.0997 ], [ -103.1513, 44.1006 ], [ -103.1515, 44.075 ], [ -103.1523, 44.0729 ], [ -103.1543, 44.0711 ], [ -103.1525, 44.0688 ], [ -103.1514, 44.0685 ], [ -103.1514, 44.0675 ], [ -103.1312, 44.0674 ], [ -103.1313, 44.0476 ], [ -103.1355, 44.0496 ], [ -103.1884, 44.0803 ], [ -103.1917, 44.0814 ], [ -103.1917, 44.0876 ] ] ] } },
{ "type": "Feature", "properties": { "GEOIDFQ": "1400000US46103010904", "NAME": "109.04", "NAMELSAD": "Census Tract 109.04" }, "geometry": { "type": "Polygon", "coordinates": [ [ [ -103.2267, 44.059 ], [ -103.2039, 44.0532 ], [ -103.1917, 44.053 ], [ -103.1918, 44.0457 ], [ -103.2076, 44.0458 ], [ -103.2098, 44.0451 ], [ -103.2134, 44.0448 ], [ -103.2177, 44.0431 ], [ -103.219, 44.0429 ], [ -103.2197, 44.0447 ], [ -103.2234, 44.0489 ], [ -103.2275, 44.0566 ], [ -103.2267, 44.059 ] ] ] } },
{ "type": "Feature", "properties": { "GEOIDFQ": "1400000US46103010907", "NAME": "109.07", "NAMELSAD": "Census Tract 109.07" }, "geometry": { "type": "Polygon", "coordinates": [ [ [ -103.1866, 44.0675 ], [ -103.1865, 44.0792 ], [ -103.1355, 44.0496 ], [ -103.1313, 44.0476 ], [ -103.1314, 44.0093 ], [ -103.1836, 44.0094 ], [ -103.1903, 44.0205 ], [ -103.1915, 44.024 ], [ -103.1917, 44.0557 ], [ -103.1913, 44.0609 ], [ -103.1917, 44.0622 ], [ -103.1952, 44.0675 ], [ -103.1866, 44.0675 ] ] ] } },
{ "type": "Feature", "properties": { "GEOIDFQ": "1400000US46013952000", "NAME": "9520", "NAMELSAD": "Census Tract 9520" }, "geometry": { "type": "Polygon", "coordinates": [ [ [ -98.7244, 45.7942 ], [ -98.7244, 45.9387 ], [ -98.4144, 45.9365 ], [ -98.3115, 45.9361 ], [ -98.216, 45.9362 ], [ -97.9788, 45.9359 ], [ -97.9788, 45.8168 ], [ -97.9792, 45.7916 ], [ -97.9789, 45.7851 ], [ -97.9799, 45.5014 ], [ -98.1033, 45.5012 ], [ -98.2267, 45.5018 ], [ -98.2267, 45.4583 ], [ -98.3565, 45.459 ], [ -98.369, 45.4586 ], [ -98.3922, 45.4587 ], [ -98.3923, 45.5169 ], [ -98.4953, 45.5173 ], [ -98.4953, 45.5318 ], [ -98.557, 45.5323 ], [ -98.557, 45.5178 ], [ -98.5983, 45.5181 ], [ -98.5985, 45.4022 ], [ -98.5775, 45.402 ], [ -98.5772, 45.3296 ], [ -98.7222, 45.3307 ], [ -98.7225, 45.4898 ], [ -98.7222, 45.5912 ], [ -98.725, 45.5913 ], [ -98.7251, 45.5915 ], [ -98.7254, 45.6059 ], [ -98.7244, 45.7942 ] ] ] } },
{ "type": "Feature", "properties": { "GEOIDFQ": "1400000US46027965900", "NAME": "9659", "NAMELSAD": "Census Tract 9659" }, "geometry": { "type": "Polygon", "coordinates": [ [ [ -96.9488, 42.7867 ], [ -96.9292, 42.7867 ], [ -96.9291, 42.7938 ], [ -96.92, 42.7937 ], [ -96.9199, 42.7758 ], [ -96.9243, 42.7759 ], [ -96.9239, 42.7724 ], [ -96.9245, 42.7724 ], [ -96.9286, 42.7745 ], [ -96.9383, 42.7779 ], [ -96.9387, 42.7784 ], [ -96.9488, 42.7812 ], [ -96.9488, 42.7867 ] ] ] } },
{ "type": "Feature", "properties": { "GEOIDFQ": "1400000US46083010103", "NAME": "101.03", "NAMELSAD": "Census Tract 101.03" }, "geometry": { "type": "Polygon", "coordinates": [ [ [ -96.8108, 43.5003 ], [ -96.7882, 43.5003 ], [ -96.7921, 43.4944 ], [ -96.7936, 43.4909 ], [ -96.7968, 43.49 ], [ -96.8263, 43.4901 ], [ -96.8265, 43.5003 ], [ -96.8108, 43.5003 ] ] ] } },
{ "type": "Feature", "properties": { "GEOIDFQ": "1400000US46051953300", "NAME": "9533", "NAMELSAD": "Census Tract 9533" }, "geometry": { "type": "Polygon", "coordinates": [ [ [ -97.2261, 45.1834 ], [ -97.2259, 45.2429 ], [ -97.2262, 45.2976 ], [ -97.1649, 45.2972 ], [ -97.0075, 45.2969 ], [ -97.0027, 45.3067 ], [ -96.9778, 45.2918 ], [ -96.9647, 45.286 ], [ -96.9647, 45.2617 ], [ -96.9642, 45.2605 ], [ -96.9614, 45.2586 ], [ -96.961, 45.257 ], [ -96.961, 45.2544 ], [ -96.9645, 45.2544 ], [ -96.9647, 45.254 ], [ -96.9649, 45.2408 ], [ -96.9644, 45.2393 ], [ -96.9656, 45.2372 ], [ -96.9655, 45.2231 ], [ -96.8647, 45.2223 ], [ -96.8644, 45.2394 ], [ -96.6823, 45.2395 ], [ -96.6818, 45.2102 ], [ -96.6823, 45.2094 ], [ -96.6818, 45.2083 ], [ -96.6805, 45.2083 ], [ -96.6818, 45.2072 ], [ -96.6816, 45.1791 ], [ -96.5585, 45.1796 ], [ -96.5577, 45.2399 ], [ -96.4527, 45.24 ], [ -96.4523, 45.1963 ], [ -96.4527, 45.1823 ], [ -96.452, 45.1517 ], [ -96.4526, 45.1253 ], [ -96.4521, 45.0768 ], [ -96.452, 44.9776 ], [ -96.4555, 44.9773 ], [ -96.4892, 44.9774 ], [ -96.5003, 44.977 ], [ -96.6189, 44.9768 ], [ -96.6615, 44.9769 ], [ -96.6735, 44.9773 ], [ -96.6794, 44.9768 ], [ -96.7352, 44.9766 ], [ -96.7605, 44.976 ], [ -96.7846, 44.9771 ], [ -96.801, 44.9773 ], [ -96.8823, 44.9769 ], [ -96.8828, 45.0058 ], [ -96.8825, 45.042 ], [ -96.8829, 45.0782 ], [ -96.8835, 45.0927 ], [ -96.8833, 45.1166 ], [ -96.8839, 45.1502 ], [ -96.9452, 45.1502 ], [ -96.9781, 45.1506 ], [ -97.0255, 45.1505 ], [ -97.0777, 45.1509 ], [ -97.0825, 45.1513 ], [ -97.1125, 45.1517 ], [ -97.2263, 45.1518 ], [ -97.2264, 45.1816 ], [ -97.2261, 45.1834 ] ] ] } }
]
}
