{
"type": "FeatureCollection",
"name": "state_10_tracts_simplified",
"crs": { "type": "name", "properties": { "name": "urn:ogc:def:crs:OGC:1.3:CRS84" } },
"features": [
{ "type": "Feature", "properties": { "GEOIDFQ": "1400000US10003013903", "NAME": "139.03", "NAMELSAD": "Census Tract 139.03" }, "geometry": { "type": "Polygon", "coordinates": [ [ [ -75.7026, 39.6447 ], [ -75.703, 39.6479 ], [ -75.6961, 39.6487 ], [ -75.6911, 39.6504 ], [ -75.6913, 39.6501 ], [ -75.688, 39.6457 ], [ -75.6875, 39.6455 ], [ -75.6856, 39.6425 ], [ -75.6807, 39.6376 ], [ -75.6816, 39.6365 ], [ -75.6817, 39.6354 ], [ -75.6828, 39.6346 ], [ -75.6822, 39.6344 ], [ -75.6824, 39.6339 ], [ -75.6842, 39.6333 ], [ -75.6858, 39.6348 ], [ -75.6886, 39.6359 ], [ -75.6934, 39.6327 ], [ -75.6943, 39.6325 ], [ -75.695, 39.6329 ], [ -75.6986, 39.631 ], [ -75.6998, 39.6319 ], [ -75.6998, 39.6331 ], [ -75.7007, 39.633 ], [ -75.701, 39.6337 ], [ -75.7021, 39.6341 ], [ -75.7025, 39.6351 ], [ -75.7044, 39.6341 ], [ -75.7055, 39.6356 ], [ -75.7026, 39.6447 ] ] ] } },
{ "type": "Feature", "properties": { "GEOIDFQ": "1400000US10003014908", "NAME": "149.08", "NAMELSAD": "Census Tract 149.08" }, "geometry": { "type": "Polygon", "coordinates": [ [ [ -75.6304, 39.6567 ], [ -75.6273, 39.6565 ], [ -75.6256, 39.6557 ], [ -75.6244, 39.6546 ], [ -75.6227, 39.6508 ], [ -75.6271, 39.6493 ], [ -75.6311, 39.6483 ], [ -75.6329, 39.6523 ], [ -75.6349, 39.6551 ], [ -75.6304, 39.6567 ] ] ] } },
{ "type": "Feature", "properties": { "GEOIDFQ": "1400000US10003014100", "NAME": "141", "NAMELSAD": "Census Tract 141" }, "geometry": { "type": "Polygon", "coordinates": [ [ [ -75.7021, 39.6858 ], [ -75.6987, 39.683 ], [ -75.6986, 39.6826 ], [ -75.6995, 39.6825 ], [ -75.6986, 39.6802 ], [ -75.6976, 39.6794 ], [ -75.696, 39.6789 ], [ -75.706, 39.6737 ], [ -75.7122, 39.6695 ], [ -75.7185, 39.6755 ], [ -75.7215, 39.6739 ], [ -75.7283, 39.6733 ], [ -75.7292, 39.6775 ], [ -75.7021, 39.6858 ] ] ] } },
{ "type": "Feature", "properties": { "GEOIDFQ": "1400000US10003014904", "NAME": "149.04", "NAMELSAD": "Census Tract 149.04" }, "geometry": { "type": "Polygon", "coordinates": [ [ [ -75.6547, 39.6559 ], [ -75.655, 39.66 ], [ -75.6523, 39.6613 ], [ -75.6495, 39.662 ], [ -75.6421, 39.6626 ], [ -75.6371, 39.6582 ], [ -75.6331, 39.6525 ], [ -75.6311, 39.6483 ], [ -75.634, 39.6476 ], [ -75.6338, 39.6474 ], [ -75.6598, 39.6329 ], [ -75.6547, 39.6559 ] ] ] } },
{ "type": "Feature", "properties": { "GEOIDFQ": "1400000US10003014200", "NAME": "142", "NAMELSAD": "Census Tract 142" }, "geometry": { "type": "Polygon", "coordinates": [ [ [ -75.7375, 39.6899 ], [ -75.7352, 39.6894 ], [ -75.7345, 39.6895 ], [ -75.7345, 39.6924 ], [ -75.7323, 39.6923 ], [ -75.7282, 39.6929 ], [ -75.7251, 39.6923 ], [ -75.7185, 39.6935 ], [ -75.7178, 39.6923 ], [ -75.7159, 39.6907 ], [ -75.7145, 39.6902 ], [ -75.7099, 39.6899 ], [ -75.7084, 39.6887 ], [ -75.7076, 39.6888 ], [ -75.7067, 39.6896 ], [ -75.7067, 39.6909 ], [ -75.7021, 39.6858 ], [ -75.7292, 39.6775 ], [ -75.733, 39.6854 ], [ -75.7366, 39.6845 ], [ -75.7367, 39.6856 ], [ -75.736, 39.6866 ], [ -75.7379, 39.6868 ], [ -75.7375, 39.6899 ] ] ] } },
{ "type": "Feature", "properties": { "GEOIDFQ": "1400000US10003014403", "NAME": "144.03", "NAMELSAD": "Census Tract 144.03" }, "geometry": { "type": "Polygon", "coordinates": [ [ [ -75.7753, 39.6901 ], [ -75.756, 39.683 ], [ -75.7706, 39.6704 ], [ -75.7719, 39.6717 ], [ -75.7752, 39.6785 ], [ -75.7756, 39.686 ], [ -75.7763, 39.6881 ], [ -75.7753, 39.6901 ] ] ] } },
{ "type": "Feature", "properties": { "GEOIDFQ": "1400000US10003014501", "NAME": "145.01", "NAMELSAD": "Census Tract 145.01" }, "geometry": { "type": "Polygon", "coordinates": [ [ [ -75.754, 39.6904 ], [ -75.7536, 39.6905 ], [ -75.7529, 39.6897 ], [ -75.7496, 39.6892 ], [ -75.7479, 39.6896 ], [ -75.7425, 39.6902 ], [ -75.7375, 39.6899 ], [ -75.7379, 39.6867 ], [ -75.736, 39.6866 ], [ -75.7367, 39.6856 ], [ -75.7366, 39.6845 ], [ -75.7539, 39.683 ], [ -75.7546, 39.6868 ], [ -75.754, 39.6904 ] ] ] } },
{ "type": "Feature", "properties": { "GEOIDFQ": "1400000US10003014702", "NAME": "147.02", "NAMELSAD": "Census Tract 147.02" }, "geometry": { "type": "Polygon", "coordinates": [ [ [ -75.7486, 39.6576 ], [ -75.7484, 39.6582 ], [ -75.7441, 39.659 ], [ -75.7384, 39.661 ], [ -75.7385, 39.6614 ], [ -75.7361, 39.6617 ], [ -75.732, 39.6487 ], [ -75.7423, 39.6467 ], [ -75.7427, 39.6475 ], [ -75.7448, 39.6485 ], [ -75.7469, 39.6492 ], [ -75.7485, 39.6491 ], [ -75.7494, 39.6494 ], [ -75.7527, 39.6529 ], [ -75.7539, 39.653 ], [ -75.7544, 39.6536 ], [ -75.7486, 39.6576 ] ] ] } },
{ "type": "Feature", "properties": { "GEOIDFQ": "1400000US10003014703", "NAME": "147.03", "NAMELSAD": "Census Tract 147.03" }, "geometry": { "type": "Polygon", "coordinates": [ [ [ -75.7383, 39.6716 ], [ -75.7362, 39.6753 ], [ -75.7292, 39.6775 ], [ -75.7283, 39.6733 ], [ -75.7215, 39.6739 ], [ -75.7185, 39.6755 ], [ -75.7122, 39.6695 ], [ -75.717, 39.6665 ], [ -75.7264, 39.6627 ], [ -75.7287, 39.6623 ], [ -75.7361, 39.6617 ], [ -75.7384, 39.6669 ], [ -75.7389, 39.6694 ], [ -75.7383, 39.6716 ] ] ] } },
{ "type": "Feature", "properties": { "GEOIDFQ": "1400000US10003014808", "NAME": "148.08", "NAMELSAD": "Census Tract 148.08" }, "geometry": { "type": "Polygon", "coordinates": [ [ [ -75.7425, 39.6471 ], [ -75.7423, 39.6446 ], [ -75.741, 39.6433 ], [ -75.7384, 39.6428 ], [ -75.7376, 39.6421 ], [ -75.7366, 39.6421 ], [ -75.7353, 39.6412 ], [ -75.7328, 39.6413 ], [ -75.7313, 39.6387 ], [ -75.728, 39.6373 ], [ -75.7276, 39.6362 ], [ -75.7258, 39.6359 ], [ -75.7238, 39.6373 ], [ -75.7235, 39.6384 ], [ -75.7228, 39.6391 ], [ -75.7207, 39.6379 ], [ -75.7206, 39.6368 ], [ -75.7199, 39.636 ], [ -75.7188, 39.6366 ], [ -75.717, 39.6389 ], [ -75.7156, 39.6398 ], [ -75.713, 39.6391 ], [ -75.7119, 39.6392 ], [ -75.7109, 39.6402 ], [ -75.7116, 39.6428 ], [ -75.7111, 39.643 ], [ -75.7103, 39.6427 ], [ -75.709, 39.643 ], [ -75.708, 39.6422 ], [ -75.7085, 39.6415 ], [ -75.7072, 39.6399 ], [ -75.7092, 39.6372 ], [ -75.7086, 39.6364 ], [ -75.7055, 39.6355 ], [ -75.7061, 39.6327 ], [ -75.7044, 39.6262 ], [ -75.7038, 39.6256 ], [ -75.7014, 39.6245 ], [ -75.6948, 39.6188 ], [ -75.6988, 39.6163 ], [ -75.705, 39.6111 ], [ -75.7106, 39.6087 ], [ -75.713, 39.6083 ], [ -75.7401, 39.6059 ], [ -75.745, 39.6049 ], [ -75.7463, 39.6091 ], [ -75.7444, 39.6214 ], [ -75.7434, 39.6394 ], [ -75.7439, 39.6426 ], [ -75.7463, 39.647 ], [ -75.7425, 39.6471 ] ] ] } },
{ "type": "Feature", "properties": { "GEOIDFQ": "1400000US10003000500", "NAME": "5", "NAMELSAD": "Census Tract 5" }, "geometry": { "type": "Polygon", "coordinates": [ [ [ -75.5477, 39.7532 ], [ -75.534, 39.7591 ], [ -75.5319, 39.7562 ], [ -75.5436, 39.751 ], [ -75.5439, 39.7503 ], [ -75.5461, 39.7507 ], [ -75.5483, 39.7523 ], [ -75.5477, 39.7532 ] ] ] } },
{ "type": "Feature", "properties": { "GEOIDFQ": "1400000US10003000601", "NAME": "6.01", "NAMELSAD": "Census Tract 6.01" }, "geometry": { "type": "Polygon", "coordinates": [ [ [ -75.5342, 39.7504 ], [ -75.5345, 39.7516 ], [ -75.5314, 39.7545 ], [ -75.5319, 39.7562 ], [ -75.5258, 39.759 ], [ -75.5215, 39.7535 ], [ -75.5252, 39.752 ], [ -75.5316, 39.7461 ], [ -75.5358, 39.7489 ], [ -75.5342, 39.7504 ] ] ] } },
{ "type": "Feature", "properties": { "GEOIDFQ": "1400000US10003000602", "NAME": "6.02", "NAMELSAD": "Census Tract 6.02" }, "geometry": { "type": "Polygon", "coordinates": [ [ [ -75.5436, 39.751 ], [ -75.5319, 39.7562 ], [ -75.5314, 39.7545 ], [ -75.5345, 39.7516 ], [ -75.5342, 39.7504 ], [ -75.5359, 39.7488 ], [ -75.5316, 39.7461 ], [ -75.5342, 39.7447 ], [ -75.5375, 39.7433 ], [ -75.5397, 39.7466 ], [ -75.5399, 39.7485 ], [ -75.5408, 39.7496 ], [ -75.5438, 39.7503 ], [ -75.5436, 39.751 ] ] ] } },
{ "type": "Feature", "properties": { "GEOIDFQ": "1400000US10003014909", "NAME": "149.09", "NAMELSAD": "Census Tract 149.09" }, "geometry": { "type": "Polygon", "coordinates": [ [ [ -75.609, 39.6655 ], [ -75.6045, 39.6654 ], [ -75.6186, 39.653 ], [ -75.6205, 39.6517 ], [ -75.6227, 39.6508 ], [ -75.6244, 39.6546 ], [ -75.6256, 39.6557 ], [ -75.6273, 39.6565 ], [ -75.6304, 39.6567 ], [ -75.6349, 39.6551 ], [ -75.6375, 39.6586 ], [ -75.6421, 39.6626 ], [ -75.609, 39.6655 ] ] ] } },
{ "type": "Feature", "properties": { "GEOIDFQ": "1400000US10003012200", "NAME": "122", "NAMELSAD": "Census Tract 122" }, "geometry": { "type": "Polygon", "coordinates": [ [ [ -75.6176, 39.741 ], [ -75.6106, 39.7458 ], [ -75.609, 39.7545 ], [ -75.6044, 39.7588 ], [ -75.5817, 39.7497 ], [ -75.5846, 39.7445 ], [ -75.5866, 39.746 ], [ -75.5896, 39.7461 ], [ -75.5919, 39.7458 ], [ -75.595, 39.7438 ], [ -75.5971, 39.7443 ], [ -75.5993, 39.7429 ], [ -75.6005, 39.7439 ], [ -75.6007, 39.7437 ], [ -75.6012, 39.7442 ], [ -75.6016, 39.7439 ], [ -75.6026, 39.7449 ], [ -75.6045, 39.7416 ], [ -75.6046, 39.7387 ], [ -75.62, 39.7376 ], [ -75.6176, 39.741 ] ] ] } },
{ "type": "Feature", "properties": { "GEOIDFQ": "1400000US10005051102", "NAME": "511.02", "NAMELSAD": "Census Tract 511.02" }, "geometry": { "type": "Polygon", "coordinates": [ [ [ -75.0928, 38.7144 ], [ -75.0889, 38.7152 ], [ -75.0753, 38.7167 ], [ -75.0741, 38.7071 ], [ -75.0763, 38.7069 ], [ -75.0772, 38.7081 ], [ -75.0778, 38.7075 ], [ -75.0809, 38.7081 ], [ -75.08, 38.7056 ], [ -75.0766, 38.7033 ], [ -75.0755, 38.6972 ], [ -75.0889, 38.7066 ], [ -75.0932, 38.7087 ], [ -75.0928, 38.7144 ] ] ] } },
{ "type": "Feature", "properties": { "GEOIDFQ": "1400000US10003002200", "NAME": "22", "NAMELSAD": "Census Tract 22" }, "geometry": { "type": "Polygon", "coordinates": [ [ [ -75.5648, 39.7478 ], [ -75.5593, 39.7456 ], [ -75.562, 39.7417 ], [ -75.5673, 39.7441 ], [ -75.5648, 39.7478 ] ] ] } },
{ "type": "Feature", "properties": { "GEOIDFQ": "1400000US10003013612", "NAME": "136.12", "NAMELSAD": "Census Tract 136.12" }, "geometry": { "type": "Polygon", "coordinates": [ [ [ -75.7014, 39.7696 ], [ -75.6907, 39.775 ], [ -75.6891, 39.7741 ], [ -75.6881, 39.7711 ], [ -75.6862, 39.7709 ], [ -75.6841, 39.7687 ], [ -75.6841, 39.7679 ], [ -75.6859, 39.7655 ], [ -75.6861, 39.7642 ], [ -75.6853, 39.7635 ], [ -75.6828, 39.7627 ], [ -75.6811, 39.7613 ], [ -75.6793, 39.7584 ], [ -75.6778, 39.7574 ], [ -75.6782, 39.7549 ], [ -75.6779, 39.7531 ], [ -75.6773, 39.7524 ], [ -75.6794, 39.7505 ], [ -75.6821, 39.7506 ], [ -75.686, 39.7489 ], [ -75.6906, 39.7448 ], [ -75.6913, 39.743 ], [ -75.6923, 39.7418 ], [ -75.6993, 39.7457 ], [ -75.7024, 39.7501 ], [ -75.7043, 39.762 ], [ -75.7066, 39.7665 ], [ -75.7014, 39.7696 ] ] ] } },
{ "type": "Feature", "properties": { "GEOIDFQ": "1400000US10003011000", "NAME": "110", "NAMELSAD": "Census Tract 110" }, "geometry": { "type": "Polygon", "coordinates": [ [ [ -75.5068, 39.7758 ], [ -75.5061, 39.7829 ], [ -75.5051, 39.8022 ], [ -75.4981, 39.7983 ], [ -75.4938, 39.7966 ], [ -75.4889, 39.7916 ], [ -75.4872, 39.7889 ], [ -75.4858, 39.7855 ], [ -75.4813, 39.7827 ], [ -75.4979, 39.7718 ], [ -75.5032, 39.7694 ], [ -75.5074, 39.7733 ], [ -75.5068, 39.7758 ] ] ] } },
{ "type": "Feature", "properties": { "GEOIDFQ": "1400000US10003016901", "NAME": "169.01", "NAMELSAD": "Census Tract 169.01" }, "geometry": { "type": "Polygon", "coordinates": [ [ [ -75.7575, 39.2982 ], [ -75.756, 39.2981 ], [ -75.7527, 39.2988 ], [ -75.7513, 39.2995 ], [ -75.7495, 39.3013 ], [ -75.7474, 39.3062 ], [ -75.7452, 39.3093 ], [ -75.7433, 39.3108 ], [ -75.7421, 39.3141 ], [ -75.7414, 39.3146 ], [ -75.7412, 39.3153 ], [ -75.7403, 39.3163 ], [ -75.7401, 39.3177 ], [ -75.7383, 39.3198 ], [ -75.7366, 39.3228 ], [ -75.7347, 39.3249 ], [ -75.7202, 39.3277 ], [ -75.7145, 39.3296 ], [ -75.7063, 39.3312 ], [ -75.7001, 39.3347 ], [ -75.6977, 39.3337 ], [ -75.6918, 39.3326 ], [ -75.6917, 39.334 ], [ -75.6905, 39.3355 ], [ -75.6869, 39.3381 ], [ -75.686, 39.3391 ], [ -75.6855, 39.3409 ], [ -75.6831, 39.3438 ], [ -75.6834, 39.3449 ], [ -75.6816, 39.3466 ], [ -75.6817, 39.3477 ], [ -75.6804, 39.3493 ], [ -75.679, 39.3501 ], [ -75.6786, 39.3512 ], [ -75.6777, 39.352 ], [ -75.6772, 39.3534 ], [ -75.6775, 39.3541 ], [ -75.6769, 39.3547 ], [ -75.6767, 39.3562 ], [ -75.6758, 39.357 ], [ -75.6751, 39.3594 ], [ -75.6737, 39.36 ], [ -75.6737, 39.3605 ], [ -75.6717, 39.362 ], [ -75.6693, 39.3631 ], [ -75.669, 39.364 ], [ -75.6698, 39.3657 ], [ -75.6692, 39.3666 ], [ -75.6682, 39.3671 ], [ -75.6674, 39.3685 ], [ -75.6663, 39.3691 ], [ -75.6664, 39.3697 ], [ -75.6658, 39.3711 ], [ -75.6638, 39.3724 ], [ -75.6629, 39.3721 ], [ -75.6617, 39.3726 ], [ -75.6586, 39.3699 ], [ -75.6505, 39.3641 ], [ -75.6484, 39.3622 ], [ -75.6465, 39.3597 ], [ -75.6402, 39.3478 ], [ -75.6259, 39.3315 ], [ -75.6237, 39.3284 ], [ -75.6187, 39.3195 ], [ -75.6094, 39.3088 ], [ -75.6114, 39.3093 ], [ -75.6138, 39.3082 ], [ -75.6147, 39.3085 ], [ -75.6161, 39.3097 ], [ -75.6196, 39.3101 ], [ -75.621, 39.3089 ], [ -75.623, 39.3084 ], [ -75.6235, 39.307 ], [ -75.6251, 39.3056 ], [ -75.6258, 39.3041 ], [ -75.6275, 39.3044 ], [ -75.6299, 39.3028 ], [ -75.6312, 39.3027 ], [ -75.6313, 39.3021 ], [ -75.6319, 39.3021 ], [ -75.6326, 39.3013 ], [ -75.6343, 39.3017 ], [ -75.6358, 39.3013 ], [ -75.6408, 39.3015 ], [ -75.6415, 39.3012 ], [ -75.6427, 39.2991 ], [ -75.6482, 39.2958 ], [ -75.6492, 39.2932 ], [ -75.65, 39.2923 ], [ -75.6512, 39.2916 ], [ -75.6529, 39.2919 ], [ -75.6548, 39.2912 ], [ -75.6557, 39.2916 ], [ -75.6605, 39.2917 ], [ -75.6666, 39.2903 ], [ -75.6693, 39.2914 ], [ -75.6709, 39.2908 ], [ -75.6742, 39.2909 ], [ -75.6748, 39.2904 ], [ -75.6772, 39.2916 ], [ -75.678, 39.2925 ], [ -75.6788, 39.2927 ], [ -75.6802, 39.2925 ], [ -75.6813, 39.2932 ], [ -75.6831, 39.2946 ], [ -75.6852, 39.2971 ], [ -75.7149, 39.2994 ], [ -75.7601, 39.2968 ], [ -75.7601, 39.2972 ], [ -75.7575, 39.2982 ] ] ] } },
{ "type": "Feature", "properties": { "GEOIDFQ": "1400000US10003014706", "NAME": "147.06", "NAMELSAD": "Census Tract 147.06" }, "geometry": { "type": "Polygon", "coordinates": [ [ [ -75.7423, 39.6467 ], [ -75.705, 39.6542 ], [ -75.7011, 39.6557 ], [ -75.6969, 39.6582 ], [ -75.6977, 39.6485 ], [ -75.703, 39.6479 ], [ -75.7026, 39.6447 ], [ -75.7055, 39.6355 ], [ -75.7086, 39.6364 ], [ -75.7092, 39.6372 ], [ -75.7072, 39.6399 ], [ -75.7085, 39.6415 ], [ -75.708, 39.6422 ], [ -75.7092, 39.6431 ], [ -75.7103, 39.6427 ], [ -75.7111, 39.643 ], [ -75.7116, 39.6428 ], [ -75.7109, 39.6402 ], [ -75.7119, 39.6392 ], [ -75.713, 39.6391 ], [ -75.7156, 39.6398 ], [ -75.717, 39.6389 ], [ -75.7188, 39.6366 ], [ -75.7199, 39.636 ], [ -75.7206, 39.6368 ], [ -75.7207, 39.6379 ], [ -75.7228, 39.6391 ], [ -75.7235, 39.6384 ], [ -75.7238, 39.6373 ], [ -75.7258, 39.6359 ], [ -75.7276, 39.6362 ], [ -75.728, 39.6373 ], [ -75.7313, 39.6387 ], [ -75.7328, 39.6413 ], [ -75.7353, 39.6412 ], [ -75.7366, 39.6421 ], [ -75.7376, 39.6421 ], [ -75.7384, 39.6428 ], [ -75.7407, 39.6432 ], [ -75.7421, 39.6444 ], [ -75.7426, 39.6455 ], [ -75.7423, 39.6467 ] ] ] } },
{ "type": "Feature", "properties": { "GEOIDFQ": "1400000US10003011800", "NAME": "118", "NAMELSAD": "Census Tract 118" }, "geometry": { "type": "Polygon", "coordinates": [ [ [ -75.6813, 39.8135 ], [ -75.6673, 39.8197 ], [ -75.6525, 39.8251 ], [ -75.6372, 39.8296 ], [ -75.6226, 39.8331 ], [ -75.6084, 39.8357 ], [ -75.5942, 39.8376 ], [ -75.5796, 39.8389 ], [ -75.5772, 39.8345 ], [ -75.5736, 39.8312 ], [ -75.573, 39.8299 ], [ -75.573, 39.8291 ], [ -75.5752, 39.826 ], [ -75.5757, 39.8226 ], [ -75.575, 39.8216 ], [ -75.5722, 39.8198 ], [ -75.5699, 39.8173 ], [ -75.5663, 39.8097 ], [ -75.5663, 39.8083 ], [ -75.5668, 39.8074 ], [ -75.5712, 39.8035 ], [ -75.5743, 39.7991 ], [ -75.5751, 39.7973 ], [ -75.5752, 39.7955 ], [ -75.5793, 39.7928 ], [ -75.5803, 39.7917 ], [ -75.5799, 39.7892 ], [ -75.5774, 39.7868 ], [ -75.5772, 39.7847 ], [ -75.571, 39.7827 ], [ -75.5704, 39.782 ], [ -75.5704, 39.7812 ], [ -75.5737, 39.7774 ], [ -75.5774, 39.7746 ], [ -75.5788, 39.7721 ], [ -75.5789, 39.7704 ], [ -75.584, 39.7696 ], [ -75.5863, 39.7681 ], [ -75.5906, 39.7715 ], [ -75.5922, 39.7722 ], [ -75.5975, 39.7683 ], [ -75.5989, 39.7726 ], [ -75.5974, 39.7757 ], [ -75.5977, 39.7781 ], [ -75.6012, 39.7828 ], [ -75.6039, 39.7889 ], [ -75.6091, 39.7886 ], [ -75.6117, 39.7892 ], [ -75.6149, 39.7899 ], [ -75.62, 39.792 ], [ -75.6292, 39.7945 ], [ -75.6312, 39.7965 ], [ -75.6325, 39.7965 ], [ -75.6339, 39.7972 ], [ -75.6341, 39.7984 ], [ -75.6322, 39.7993 ], [ -75.6333, 39.8002 ], [ -75.646, 39.7955 ], [ -75.6469, 39.7973 ], [ -75.6486, 39.7978 ], [ -75.6501, 39.8002 ], [ -75.6527, 39.8016 ], [ -75.6536, 39.8027 ], [ -75.6542, 39.802 ], [ -75.6547, 39.7998 ], [ -75.6562, 39.7981 ], [ -75.6596, 39.7982 ], [ -75.6606, 39.7985 ], [ -75.6624, 39.7998 ], [ -75.6616, 39.8012 ], [ -75.662, 39.8022 ], [ -75.6635, 39.8025 ], [ -75.6664, 39.8054 ], [ -75.6672, 39.8066 ], [ -75.667, 39.8082 ], [ -75.6703, 39.8085 ], [ -75.6716, 39.8089 ], [ -75.6726, 39.8083 ], [ -75.6733, 39.8072 ], [ -75.6785, 39.8088 ], [ -75.679, 39.8083 ], [ -75.6794, 39.8065 ], [ -75.6815, 39.8062 ], [ -75.6817, 39.8075 ], [ -75.6808, 39.8092 ], [ -75.6817, 39.8117 ], [ -75.6813, 39.8135 ] ] ] } },
{ "type": "Feature", "properties": { "GEOIDFQ": "1400000US10003000200", "NAME": "2", "NAMELSAD": "Census Tract 2" }, "geometry": { "type": "Polygon", "coordinates": [ [ [ -75.5374, 39.7669 ], [ -75.5366, 39.7664 ], [ -75.5353, 39.7674 ], [ -75.534, 39.7657 ], [ -75.5313, 39.7669 ], [ -75.5328, 39.7694 ], [ -75.5338, 39.7685 ], [ -75.5342, 39.7688 ], [ -75.53, 39.7718 ], [ -75.5259, 39.773 ], [ -75.524, 39.7699 ], [ -75.5223, 39.7689 ], [ -75.5184, 39.7676 ], [ -75.519, 39.7653 ], [ -75.5206, 39.7658 ], [ -75.5184, 39.7624 ], [ -75.5319, 39.7562 ], [ -75.5392, 39.7661 ], [ -75.5374, 39.7669 ] ] ] } },
{ "type": "Feature", "properties": { "GEOIDFQ": "1400000US10003013501", "NAME": "135.01", "NAMELSAD": "Census Tract 135.01" }, "geometry": { "type": "Polygon", "coordinates": [ [ [ -75.6941, 39.8069 ], [ -75.6813, 39.8135 ], [ -75.6817, 39.8114 ], [ -75.6808, 39.8089 ], [ -75.6817, 39.8075 ], [ -75.6815, 39.8062 ], [ -75.6794, 39.8065 ], [ -75.679, 39.8083 ], [ -75.6785, 39.8088 ], [ -75.6733, 39.8072 ], [ -75.6726, 39.8083 ], [ -75.6716, 39.8089 ], [ -75.6703, 39.8085 ], [ -75.6676, 39.8084 ], [ -75.6669, 39.808 ], [ -75.6672, 39.8066 ], [ -75.6664, 39.8054 ], [ -75.6635, 39.8025 ], [ -75.662, 39.8022 ], [ -75.6616, 39.8012 ], [ -75.6625, 39.8 ], [ -75.6606, 39.7985 ], [ -75.6595, 39.7982 ], [ -75.6562, 39.7981 ], [ -75.6547, 39.7998 ], [ -75.6538, 39.8027 ], [ -75.6533, 39.8026 ], [ -75.6527, 39.8016 ], [ -75.6505, 39.8006 ], [ -75.6486, 39.7978 ], [ -75.6469, 39.7973 ], [ -75.6451, 39.7937 ], [ -75.6421, 39.793 ], [ -75.6442, 39.7908 ], [ -75.6439, 39.7887 ], [ -75.6433, 39.7884 ], [ -75.6415, 39.7888 ], [ -75.6403, 39.7884 ], [ -75.6397, 39.7847 ], [ -75.6369, 39.7802 ], [ -75.6368, 39.7784 ], [ -75.6386, 39.7764 ], [ -75.6404, 39.7755 ], [ -75.6412, 39.7741 ], [ -75.6405, 39.773 ], [ -75.6382, 39.7719 ], [ -75.6354, 39.7698 ], [ -75.6349, 39.7686 ], [ -75.6349, 39.767 ], [ -75.6356, 39.7662 ], [ -75.6369, 39.7656 ], [ -75.6382, 39.7656 ], [ -75.6409, 39.7666 ], [ -75.6423, 39.7668 ], [ -75.6427, 39.7665 ], [ -75.6427, 39.7644 ], [ -75.642, 39.7629 ], [ -75.6407, 39.7627 ], [ -75.6403, 39.7628 ], [ -75.6405, 39.7642 ], [ -75.6392, 39.7647 ], [ -75.6387, 39.7646 ], [ -75.6363, 39.7629 ], [ -75.6336, 39.7592 ], [ -75.6326, 39.7586 ], [ -75.6347, 39.755 ], [ -75.6346, 39.7544 ], [ -75.6328, 39.7525 ], [ -75.6325, 39.7507 ], [ -75.6332, 39.75 ], [ -75.6361, 39.7483 ], [ -75.6376, 39.7462 ], [ -75.6374, 39.7458 ], [ -75.6363, 39.7457 ], [ -75.6356, 39.7448 ], [ -75.634, 39.7442 ], [ -75.6317, 39.7419 ], [ -75.6312, 39.7407 ], [ -75.6345, 39.7389 ], [ -75.641, 39.7421 ], [ -75.65, 39.7509 ], [ -75.6527, 39.7531 ], [ -75.6554, 39.7523 ], [ -75.6604, 39.7516 ], [ -75.6608, 39.7563 ], [ -75.6628, 39.7624 ], [ -75.6642, 39.7706 ], [ -75.6648, 39.7785 ], [ -75.6699, 39.7836 ], [ -75.6807, 39.7859 ], [ -75.6839, 39.7885 ], [ -75.6851, 39.7902 ], [ -75.6867, 39.791 ], [ -75.6869, 39.7922 ], [ -75.688, 39.7929 ], [ -75.691, 39.7926 ], [ -75.6953, 39.7931 ], [ -75.6986, 39.7956 ], [ -75.7045, 39.7985 ], [ -75.7061, 39.7998 ], [ -75.6941, 39.8069 ] ] ] } },
{ "type": "Feature", "properties": { "GEOIDFQ": "1400000US10003013604", "NAME": "136.04", "NAMELSAD": "Census Tract 136.04" }, "geometry": { "type": "Polygon", "coordinates": [ [ [ -75.6991, 39.7218 ], [ -75.6969, 39.7227 ], [ -75.6932, 39.7261 ], [ -75.6894, 39.7322 ], [ -75.6891, 39.7321 ], [ -75.6859, 39.7349 ], [ -75.6838, 39.736 ], [ -75.6823, 39.7344 ], [ -75.6806, 39.7335 ], [ -75.6781, 39.7331 ], [ -75.6728, 39.7335 ], [ -75.6683, 39.732 ], [ -75.6668, 39.7308 ], [ -75.6677, 39.7304 ], [ -75.6671, 39.7303 ], [ -75.6676, 39.7297 ], [ -75.6668, 39.7293 ], [ -75.6668, 39.729 ], [ -75.6677, 39.729 ], [ -75.6682, 39.7281 ], [ -75.6695, 39.7275 ], [ -75.6697, 39.7271 ], [ -75.6693, 39.7266 ], [ -75.6691, 39.725 ], [ -75.6665, 39.7229 ], [ -75.6657, 39.7209 ], [ -75.6658, 39.7198 ], [ -75.6722, 39.7164 ], [ -75.6816, 39.7093 ], [ -75.6839, 39.7128 ], [ -75.6956, 39.7135 ], [ -75.6977, 39.718 ], [ -75.6991, 39.7196 ], [ -75.6991, 39.7218 ] ] ] } },
{ "type": "Feature", "properties": { "GEOIDFQ": "1400000US10003000900", "NAME": "9", "NAMELSAD": "Census Tract 9" }, "geometry": { "type": "Polygon", "coordinates": [ [ [ -75.5433, 39.7471 ], [ -75.5452, 39.7478 ], [ -75.5439, 39.7503 ], [ -75.5416, 39.75 ], [ -75.5408, 39.7496 ], [ -75.5399, 39.7485 ], [ -75.5397, 39.7466 ], [ -75.5379, 39.7443 ], [ -75.537, 39.7397 ], [ -75.5373, 39.7396 ], [ -75.5377, 39.7403 ], [ -75.5456, 39.7437 ], [ -75.5433, 39.7471 ] ] ] } },
{ "type": "Feature", "properties": { "GEOIDFQ": "1400000US10001042801", "NAME": "428.01", "NAMELSAD": "Census Tract 428.01" }, "geometry": { "type": "Polygon", "coordinates": [ [ [ -75.7323, 39.0319 ], [ -75.7223, 39.0329 ], [ -75.7191, 39.0336 ], [ -75.7176, 39.0312 ], [ -75.7128, 39.0285 ], [ -75.7005, 39.0258 ], [ -75.6915, 39.0229 ], [ -75.6826, 39.0231 ], [ -75.6501, 39.0174 ], [ -75.6418, 39.0168 ], [ -75.6395, 39.0159 ], [ -75.6332, 39.0149 ], [ -75.6247, 39.0151 ], [ -75.6206, 39.013 ], [ -75.6171, 39.0117 ], [ -75.6122, 39.0046 ], [ -75.607, 39.0067 ], [ -75.6002, 38.9916 ], [ -75.5956, 38.9791 ], [ -75.5955, 38.9783 ], [ -75.5972, 38.9743 ], [ -75.5896, 38.9755 ], [ -75.5925, 38.9703 ], [ -75.593, 38.9584 ], [ -75.5942, 38.9508 ], [ -75.6003, 38.952 ], [ -75.609, 38.945 ], [ -75.6122, 38.9442 ], [ -75.617, 38.9439 ], [ -75.6265, 38.9408 ], [ -75.6278, 38.9407 ], [ -75.651, 38.9495 ], [ -75.6625, 38.9502 ], [ -75.6744, 38.9538 ], [ -75.6787, 38.9562 ], [ -75.6935, 38.9607 ], [ -75.6952, 38.9622 ], [ -75.6956, 38.9662 ], [ -75.6968, 38.971 ], [ -75.7023, 38.9697 ], [ -75.7076, 38.9664 ], [ -75.7223, 38.96 ], [ -75.7318, 38.957 ], [ -75.7329, 38.9574 ], [ -75.7387, 39.0297 ], [ -75.7323, 39.0319 ] ] ] } },
{ "type": "Feature", "properties": { "GEOIDFQ": "1400000US10005050103", "NAME": "501.03", "NAMELSAD": "Census Tract 501.03" }, "geometry": { "type": "Polygon", "coordinates": [ [ [ -75.4207, 38.8992 ], [ -75.4176, 38.8993 ], [ -75.4147, 38.901 ], [ -75.4142, 38.9028 ], [ -75.415, 38.903 ], [ -75.4141, 38.9034 ], [ -75.4145, 38.9038 ], [ -75.4135, 38.9045 ], [ -75.414, 38.9055 ], [ -75.4132, 38.9081 ], [ -75.411, 38.9092 ], [ -75.4096, 38.9091 ], [ -75.4101, 38.9103 ], [ -75.408, 38.9119 ], [ -75.4085, 38.913 ], [ -75.4075, 38.9134 ], [ -75.4077, 38.9148 ], [ -75.4071, 38.9154 ], [ -75.4072, 38.916 ], [ -75.4084, 38.9159 ], [ -75.409, 38.9163 ], [ -75.4081, 38.9176 ], [ -75.4082, 38.9187 ], [ -75.4089, 38.9195 ], [ -75.4088, 38.92 ], [ -75.4054, 38.9193 ], [ -75.4045, 38.9187 ], [ -75.4048, 38.9175 ], [ -75.4045, 38.9173 ], [ -75.4028, 38.9174 ], [ -75.4013, 38.9185 ], [ -75.4017, 38.9203 ], [ -75.4033, 38.923 ], [ -75.4022, 38.925 ], [ -75.3999, 38.9255 ], [ -75.3993, 38.9264 ], [ -75.3991, 38.9272 ], [ -75.4006, 38.9286 ], [ -75.4009, 38.9295 ], [ -75.4003, 38.9312 ], [ -75.3986, 38.9335 ], [ -75.3979, 38.9362 ], [ -75.3988, 38.9362 ], [ -75.4003, 38.9355 ], [ -75.4013, 38.936 ], [ -75.4029, 38.9374 ], [ -75.4, 38.9388 ], [ -75.3985, 38.9408 ], [ -75.3991, 38.9434 ], [ -75.401, 38.9459 ], [ -75.401, 38.947 ], [ -75.3994, 38.9491 ], [ -75.3977, 38.9503 ], [ -75.3954, 38.9511 ], [ -75.394, 38.9524 ], [ -75.3932, 38.9536 ], [ -75.3933, 38.9555 ], [ -75.3922, 38.9565 ], [ -75.3905, 38.9567 ], [ -75.389, 38.9547 ], [ -75.3835, 38.9555 ], [ -75.3826, 38.9558 ], [ -75.3823, 38.9563 ], [ -75.381, 38.9617 ], [ -75.3802, 38.9619 ], [ -75.3763, 38.9605 ], [ -75.372, 38.9614 ], [ -75.3679, 38.9597 ], [ -75.3683, 38.9573 ], [ -75.3663, 38.954 ], [ -75.3644, 38.9545 ], [ -75.3609, 38.9577 ], [ -75.3602, 38.9576 ], [ -75.3589, 38.9557 ], [ -75.357, 38.9544 ], [ -75.3566, 38.9519 ], [ -75.3544, 38.95 ], [ -75.3527, 38.9478 ], [ -75.3519, 38.9474 ], [ -75.3502, 38.9474 ], [ -75.3495, 38.9478 ], [ -75.3493, 38.9496 ], [ -75.3464, 38.9527 ], [ -75.3457, 38.9548 ], [ -75.3449, 38.9553 ], [ -75.3441, 38.9553 ], [ -75.3432, 38.9547 ], [ -75.3431, 38.9531 ], [ -75.3421, 38.951 ], [ -75.3435, 38.9485 ], [ -75.3435, 38.9475 ], [ -75.3387, 38.9463 ], [ -75.3368, 38.9465 ], [ -75.3343, 38.9478 ], [ -75.3335, 38.9485 ], [ -75.333, 38.9502 ], [ -75.3324, 38.9507 ], [ -75.3302, 38.9505 ], [ -75.3281, 38.949 ], [ -75.3269, 38.9488 ], [ -75.3243, 38.9499 ], [ -75.3222, 38.9518 ], [ -75.3208, 38.9537 ], [ -75.3172, 38.9531 ], [ -75.3135, 38.9504 ], [ -75.3134, 38.9494 ], [ -75.3143, 38.9474 ], [ -75.3131, 38.9462 ], [ -75.3121, 38.9459 ], [ -75.3053, 38.9481 ], [ -75.3046, 38.9216 ], [ -75.2617, 38.8809 ], [ -75.2182, 38.8406 ], [ -75.2345, 38.8404 ], [ -75.2356, 38.8397 ], [ -75.2369, 38.8401 ], [ -75.2376, 38.8395 ], [ -75.2392, 38.8395 ], [ -75.2408, 38.8388 ], [ -75.2443, 38.8387 ], [ -75.2451, 38.8382 ], [ -75.2461, 38.8381 ], [ -75.2482, 38.8395 ], [ -75.248, 38.8413 ], [ -75.2497, 38.842 ], [ -75.2508, 38.8437 ], [ -75.2521, 38.8442 ], [ -75.2531, 38.8441 ], [ -75.2541, 38.8433 ], [ -75.2543, 38.8425 ], [ -75.2536, 38.8412 ], [ -75.2525, 38.8406 ], [ -75.2523, 38.8401 ], [ -75.2538, 38.8394 ], [ -75.2548, 38.8408 ], [ -75.2557, 38.841 ], [ -75.2595, 38.8401 ], [ -75.2605, 38.8389 ], [ -75.2602, 38.8384 ], [ -75.2592, 38.8376 ], [ -75.2572, 38.8375 ], [ -75.2568, 38.8364 ], [ -75.258, 38.8355 ], [ -75.2595, 38.836 ], [ -75.2603, 38.8357 ], [ -75.2608, 38.8349 ], [ -75.2608, 38.834 ], [ -75.2598, 38.8332 ], [ -75.2606, 38.8323 ], [ -75.2616, 38.8324 ], [ -75.263, 38.8334 ], [ -75.2646, 38.832 ], [ -75.2665, 38.8317 ], [ -75.2666, 38.8308 ], [ -75.2658, 38.8297 ], [ -75.2667, 38.8288 ], [ -75.2687, 38.829 ], [ -75.2694, 38.8294 ], [ -75.2702, 38.8288 ], [ -75.2716, 38.8286 ], [ -75.2766, 38.8298 ], [ -75.2772, 38.8291 ], [ -75.2781, 38.8291 ], [ -75.2785, 38.8285 ], [ -75.2799, 38.8281 ], [ -75.2807, 38.8264 ], [ -75.2852, 38.8276 ], [ -75.2863, 38.8273 ], [ -75.287, 38.8275 ], [ -75.2874, 38.8292 ], [ -75.2885, 38.8292 ], [ -75.29, 38.829 ], [ -75.2911, 38.8263 ], [ -75.2923, 38.8261 ], [ -75.2939, 38.8262 ], [ -75.2947, 38.8258 ], [ -75.2966, 38.826 ], [ -75.2997, 38.8249 ], [ -75.3015, 38.8253 ], [ -75.3049, 38.8241 ], [ -75.3057, 38.8244 ], [ -75.3062, 38.8254 ], [ -75.3067, 38.8256 ], [ -75.3088, 38.8241 ], [ -75.3125, 38.8287 ], [ -75.3252, 38.8321 ], [ -75.3393, 38.8331 ], [ -75.3457, 38.8341 ], [ -75.3463, 38.835 ], [ -75.3514, 38.839 ], [ -75.3615, 38.8446 ], [ -75.3646, 38.8485 ], [ -75.3596, 38.8491 ], [ -75.3526, 38.8545 ], [ -75.3498, 38.8557 ], [ -75.3465, 38.8558 ], [ -75.3404, 38.8566 ], [ -75.3346, 38.8576 ], [ -75.333, 38.8584 ], [ -75.3291, 38.8587 ], [ -75.3363, 38.8662 ], [ -75.3392, 38.8674 ], [ -75.3453, 38.868 ], [ -75.3529, 38.8716 ], [ -75.3548, 38.8729 ], [ -75.3569, 38.8759 ], [ -75.3584, 38.8771 ], [ -75.3749, 38.8852 ], [ -75.3791, 38.8812 ], [ -75.3851, 38.8783 ], [ -75.3898, 38.8769 ], [ -75.3917, 38.8758 ], [ -75.4066, 38.8877 ], [ -75.4209, 38.8977 ], [ -75.4223, 38.8981 ], [ -75.4223, 38.8985 ], [ -75.4207, 38.8992 ] ] ] } },
{ "type": "Feature", "properties": { "GEOIDFQ": "1400000US10003015502", "NAME": "155.02", "NAMELSAD": "Census Tract 155.02" }, "geometry": { "type": "Polygon", "coordinates": [ [ [ -75.5475, 39.7138 ], [ -75.5448, 39.7224 ], [ -75.5419, 39.7212 ], [ -75.5423, 39.7206 ], [ -75.5414, 39.7202 ], [ -75.5403, 39.7206 ], [ -75.5357, 39.7188 ], [ -75.5328, 39.7126 ], [ -75.5324, 39.7102 ], [ -75.5326, 39.7066 ], [ -75.5214, 39.6968 ], [ -75.5259, 39.6909 ], [ -75.538, 39.6947 ], [ -75.5537, 39.6958 ], [ -75.5475, 39.7138 ] ] ] } },
{ "type": "Feature", "properties": { "GEOIDFQ": "1400000US10003001902", "NAME": "19.02", "NAMELSAD": "Census Tract 19.02" }, "geometry": { "type": "Polygon", "coordinates": [ [ [ -75.5598, 39.7329 ], [ -75.5585, 39.7352 ], [ -75.5563, 39.7366 ], [ -75.5531, 39.7361 ], [ -75.5474, 39.7334 ], [ -75.5437, 39.7339 ], [ -75.541, 39.7354 ], [ -75.5378, 39.7363 ], [ -75.5359, 39.7362 ], [ -75.5331, 39.7352 ], [ -75.5336, 39.728 ], [ -75.5324, 39.7253 ], [ -75.5304, 39.723 ], [ -75.5258, 39.7206 ], [ -75.5082, 39.7144 ], [ -75.5157, 39.7012 ], [ -75.5214, 39.6968 ], [ -75.5326, 39.7066 ], [ -75.5324, 39.7102 ], [ -75.5328, 39.7126 ], [ -75.5357, 39.7188 ], [ -75.5403, 39.7206 ], [ -75.5414, 39.7202 ], [ -75.5423, 39.7206 ], [ -75.5419, 39.7212 ], [ -75.5533, 39.7257 ], [ -75.553, 39.725 ], [ -75.5544, 39.7248 ], [ -75.5542, 39.7252 ], [ -75.5553, 39.7253 ], [ -75.5551, 39.7263 ], [ -75.5558, 39.7263 ], [ -75.5558, 39.7267 ], [ -75.5605, 39.7285 ], [ -75.5598, 39.7329 ] ] ] } },
{ "type": "Feature", "properties": { "GEOIDFQ": "1400000US10005051701", "NAME": "517.01", "NAMELSAD": "Census Tract 517.01" }, "geometry": { "type": "Polygon", "coordinates": [ [ [ -75.5704, 38.6019 ], [ -75.5696, 38.6029 ], [ -75.559, 38.602 ], [ -75.5571, 38.6029 ], [ -75.5488, 38.6036 ], [ -75.5488, 38.6017 ], [ -75.529, 38.6029 ], [ -75.5272, 38.6033 ], [ -75.5193, 38.6066 ], [ -75.5153, 38.6035 ], [ -75.4847, 38.6203 ], [ -75.4443, 38.6037 ], [ -75.4124, 38.5931 ], [ -75.4103, 38.5929 ], [ -75.4079, 38.5932 ], [ -75.3934, 38.5981 ], [ -75.3907, 38.5939 ], [ -75.3907, 38.5905 ], [ -75.3889, 38.5835 ], [ -75.3885, 38.5829 ], [ -75.3837, 38.5805 ], [ -75.381, 38.5769 ], [ -75.3761, 38.5615 ], [ -75.372, 38.5572 ], [ -75.3704, 38.5543 ], [ -75.3651, 38.5521 ], [ -75.3546, 38.5462 ], [ -75.3582, 38.5381 ], [ -75.4076, 38.5247 ], [ -75.4093, 38.5245 ], [ -75.429, 38.5266 ], [ -75.4529, 38.5328 ], [ -75.4552, 38.5336 ], [ -75.4716, 38.5412 ], [ -75.4822, 38.5425 ], [ -75.499, 38.5435 ], [ -75.5091, 38.5455 ], [ -75.5163, 38.5476 ], [ -75.5262, 38.552 ], [ -75.535, 38.5549 ], [ -75.5378, 38.555 ], [ -75.5447, 38.5535 ], [ -75.5564, 38.5551 ], [ -75.5564, 38.5585 ], [ -75.5571, 38.561 ], [ -75.5808, 38.5994 ], [ -75.5704, 38.6019 ] ] ] } },
{ "type": "Feature", "properties": { "GEOIDFQ": "1400000US10005051802", "NAME": "518.02", "NAMELSAD": "Census Tract 518.02" }, "geometry": { "type": "Polygon", "coordinates": [ [ [ -75.5808, 38.5465 ], [ -75.5828, 38.5474 ], [ -75.5825, 38.5507 ], [ -75.5834, 38.554 ], [ -75.5847, 38.5549 ], [ -75.5875, 38.5559 ], [ -75.5899, 38.5578 ], [ -75.5898, 38.5584 ], [ -75.589, 38.5589 ], [ -75.5893, 38.5594 ], [ -75.5885, 38.5607 ], [ -75.5876, 38.5609 ], [ -75.5839, 38.5596 ], [ -75.5832, 38.5589 ], [ -75.5795, 38.557 ], [ -75.5762, 38.5576 ], [ -75.5729, 38.559 ], [ -75.5718, 38.5588 ], [ -75.5719, 38.5606 ], [ -75.5707, 38.5628 ], [ -75.571, 38.5642 ], [ -75.5673, 38.5659 ], [ -75.5627, 38.5702 ], [ -75.5571, 38.561 ], [ -75.5564, 38.5585 ], [ -75.557, 38.5135 ], [ -75.5697, 38.5128 ], [ -75.5698, 38.5238 ], [ -75.5765, 38.524 ], [ -75.5782, 38.5223 ], [ -75.5795, 38.5219 ], [ -75.5885, 38.5232 ], [ -75.5868, 38.5338 ], [ -75.5917, 38.538 ], [ -75.5808, 38.5465 ] ] ] } },
{ "type": "Feature", "properties": { "GEOIDFQ": "1400000US10005051801", "NAME": "518.01", "NAMELSAD": "Census Tract 518.01" }, "geometry": { "type": "Polygon", "coordinates": [ [ [ -75.6956, 38.5574 ], [ -75.6938, 38.5573 ], [ -75.6917, 38.5576 ], [ -75.6854, 38.5635 ], [ -75.6794, 38.5665 ], [ -75.6723, 38.5735 ], [ -75.6703, 38.5759 ], [ -75.6694, 38.5777 ], [ -75.6699, 38.5844 ], [ -75.6695, 38.5874 ], [ -75.6676, 38.5889 ], [ -75.6622, 38.5897 ], [ -75.661, 38.5903 ], [ -75.6566, 38.5995 ], [ -75.6529, 38.6044 ], [ -75.6516, 38.604 ], [ -75.652, 38.6034 ], [ -75.6516, 38.6021 ], [ -75.65, 38.6029 ], [ -75.6501, 38.6024 ], [ -75.649, 38.6018 ], [ -75.6481, 38.6025 ], [ -75.648, 38.6016 ], [ -75.6471, 38.602 ], [ -75.6468, 38.6014 ], [ -75.6457, 38.6015 ], [ -75.6447, 38.601 ], [ -75.6421, 38.6009 ], [ -75.6406, 38.6004 ], [ -75.6376, 38.6011 ], [ -75.6368, 38.6008 ], [ -75.635, 38.6008 ], [ -75.6339, 38.6005 ], [ -75.6329, 38.5992 ], [ -75.6299, 38.5979 ], [ -75.6281, 38.5964 ], [ -75.627, 38.5963 ], [ -75.6262, 38.5967 ], [ -75.6246, 38.5958 ], [ -75.6192, 38.5967 ], [ -75.6168, 38.5975 ], [ -75.6103, 38.598 ], [ -75.6087, 38.5986 ], [ -75.603, 38.5977 ], [ -75.6017, 38.5977 ], [ -75.5998, 38.5984 ], [ -75.5956, 38.5977 ], [ -75.595, 38.5979 ], [ -75.5903, 38.5962 ], [ -75.5857, 38.5971 ], [ -75.5859, 38.5979 ], [ -75.5809, 38.5994 ], [ -75.5627, 38.5702 ], [ -75.5673, 38.5659 ], [ -75.571, 38.5642 ], [ -75.5707, 38.5628 ], [ -75.5719, 38.5606 ], [ -75.5718, 38.5588 ], [ -75.5729, 38.559 ], [ -75.5762, 38.5576 ], [ -75.5795, 38.557 ], [ -75.5832, 38.5589 ], [ -75.5839, 38.5596 ], [ -75.5876, 38.5609 ], [ -75.5885, 38.5607 ], [ -75.5893, 38.5594 ], [ -75.589, 38.5589 ], [ -75.5898, 38.5584 ], [ -75.5899, 38.5578 ], [ -75.5875, 38.5559 ], [ -75.5847, 38.5549 ], [ -75.5834, 38.554 ], [ -75.5825, 38.5507 ], [ -75.5828, 38.5474 ], [ -75.5808, 38.5465 ], [ -75.5912, 38.5384 ], [ -75.6397, 38.5176 ], [ -75.6416, 38.5172 ], [ -75.6921, 38.5211 ], [ -75.6985, 38.522 ], [ -75.7016, 38.5607 ], [ -75.6956, 38.5574 ] ] ] } },
{ "type": "Feature", "properties": { "GEOIDFQ": "1400000US10003010300", "NAME": "103", "NAMELSAD": "Census Tract 103" }, "geometry": { "type": "Polygon", "coordinates": [ [ [ -75.4763, 39.8083 ], [ -75.4736, 39.807 ], [ -75.4729, 39.8059 ], [ -75.4729, 39.8047 ], [ -75.4706, 39.8041 ], [ -75.4707, 39.8035 ], [ -75.4678, 39.8037 ], [ -75.4657, 39.8047 ], [ -75.4626, 39.808 ], [ -75.4594, 39.8104 ], [ -75.457, 39.8081 ], [ -75.4543, 39.8045 ], [ -75.4603, 39.8007 ], [ -75.4679, 39.7941 ], [ -75.4758, 39.799 ], [ -75.4809, 39.8044 ], [ -75.4763, 39.8083 ] ] ] } },
{ "type": "Feature", "properties": { "GEOIDFQ": "1400000US10003011206", "NAME": "112.06", "NAMELSAD": "Census Tract 112.06" }, "geometry": { "type": "Polygon", "coordinates": [ [ [ -75.5345, 39.8212 ], [ -75.5346, 39.8297 ], [ -75.5279, 39.8288 ], [ -75.5234, 39.8227 ], [ -75.5181, 39.8202 ], [ -75.5074, 39.817 ], [ -75.5152, 39.8082 ], [ -75.5225, 39.8124 ], [ -75.5236, 39.8123 ], [ -75.5307, 39.8092 ], [ -75.5357, 39.8084 ], [ -75.5358, 39.8119 ], [ -75.5345, 39.8212 ] ] ] } },
{ "type": "Feature", "properties": { "GEOIDFQ": "1400000US10003011300", "NAME": "113", "NAMELSAD": "Census Tract 113" }, "geometry": { "type": "Polygon", "coordinates": [ [ [ -75.5074, 39.817 ], [ -75.4935, 39.8126 ], [ -75.4979, 39.8099 ], [ -75.5051, 39.8022 ], [ -75.5152, 39.8082 ], [ -75.5074, 39.817 ] ] ] } },
{ "type": "Feature", "properties": { "GEOIDFQ": "1400000US10003013611", "NAME": "136.11", "NAMELSAD": "Census Tract 136.11" }, "geometry": { "type": "Polygon", "coordinates": [ [ [ -75.7229, 39.7432 ], [ -75.7182, 39.7454 ], [ -75.7164, 39.743 ], [ -75.716, 39.7415 ], [ -75.7133, 39.7405 ], [ -75.7114, 39.7402 ], [ -75.7095, 39.7373 ], [ -75.7085, 39.7346 ], [ -75.702, 39.7286 ], [ -75.7013, 39.7243 ], [ -75.6993, 39.7225 ], [ -75.6991, 39.7196 ], [ -75.6977, 39.718 ], [ -75.6956, 39.7135 ], [ -75.6982, 39.7128 ], [ -75.701, 39.7112 ], [ -75.7063, 39.712 ], [ -75.7111, 39.7113 ], [ -75.7114, 39.7127 ], [ -75.7108, 39.7147 ], [ -75.7129, 39.7287 ], [ -75.7157, 39.7332 ], [ -75.7174, 39.7343 ], [ -75.7204, 39.7373 ], [ -75.7247, 39.7394 ], [ -75.7229, 39.7432 ] ] ] } },
{ "type": "Feature", "properties": { "GEOIDFQ": "1400000US10003002900", "NAME": "29", "NAMELSAD": "Census Tract 29" }, "geometry": { "type": "Polygon", "coordinates": [ [ [ -75.5457, 39.7436 ], [ -75.5377, 39.7403 ], [ -75.5373, 39.7396 ], [ -75.537, 39.7397 ], [ -75.5358, 39.7388 ], [ -75.535, 39.7388 ], [ -75.532, 39.7399 ], [ -75.5268, 39.7378 ], [ -75.5265, 39.738 ], [ -75.5261, 39.7366 ], [ -75.5261, 39.7352 ], [ -75.5267, 39.7339 ], [ -75.529, 39.7321 ], [ -75.532, 39.7315 ], [ -75.5322, 39.7293 ], [ -75.5336, 39.7286 ], [ -75.5331, 39.7352 ], [ -75.5345, 39.7358 ], [ -75.5378, 39.7363 ], [ -75.541, 39.7354 ], [ -75.5437, 39.7339 ], [ -75.5474, 39.7334 ], [ -75.551, 39.7352 ], [ -75.5457, 39.7436 ] ] ] } },
{ "type": "Feature", "properties": { "GEOIDFQ": "1400000US10005051010", "NAME": "510.10", "NAMELSAD": "Census Tract 510.10" }, "geometry": { "type": "Polygon", "coordinates": [ [ [ -75.1898, 38.717 ], [ -75.1857, 38.7181 ], [ -75.1799, 38.7267 ], [ -75.1681, 38.7416 ], [ -75.1631, 38.7368 ], [ -75.154, 38.7329 ], [ -75.1447, 38.7389 ], [ -75.1339, 38.7316 ], [ -75.1459, 38.7208 ], [ -75.1605, 38.7044 ], [ -75.1642, 38.702 ], [ -75.1712, 38.699 ], [ -75.178, 38.6955 ], [ -75.1797, 38.6988 ], [ -75.1869, 38.7044 ], [ -75.1924, 38.7116 ], [ -75.1927, 38.7127 ], [ -75.1898, 38.717 ] ] ] } },
{ "type": "Feature", "properties": { "GEOIDFQ": "1400000US10005050505", "NAME": "505.05", "NAMELSAD": "Census Tract 505.05" }, "geometry": { "type": "Polygon", "coordinates": [ [ [ -75.3859, 38.6901 ], [ -75.3821, 38.687 ], [ -75.382, 38.6856 ], [ -75.3796, 38.6803 ], [ -75.3767, 38.6807 ], [ -75.3717, 38.6807 ], [ -75.359, 38.6822 ], [ -75.3561, 38.6822 ], [ -75.3543, 38.6807 ], [ -75.3569, 38.6761 ], [ -75.3606, 38.6731 ], [ -75.3614, 38.6721 ], [ -75.3608, 38.6687 ], [ -75.3609, 38.6672 ], [ -75.3648, 38.6576 ], [ -75.3614, 38.6539 ], [ -75.3664, 38.6527 ], [ -75.3681, 38.653 ], [ -75.3961, 38.6818 ], [ -75.3859, 38.6901 ] ] ] } },
{ "type": "Feature", "properties": { "GEOIDFQ": "1400000US10005050501", "NAME": "505.01", "NAMELSAD": "Census Tract 505.01" }, "geometry": { "type": "Polygon", "coordinates": [ [ [ -75.53, 38.7141 ], [ -75.5304, 38.7184 ], [ -75.5282, 38.7199 ], [ -75.5248, 38.7246 ], [ -75.5225, 38.7263 ], [ -75.5147, 38.7308 ], [ -75.512, 38.7333 ], [ -75.5096, 38.7424 ], [ -75.5038, 38.7522 ], [ -75.5004, 38.7556 ], [ -75.4937, 38.7573 ], [ -75.4861, 38.7561 ], [ -75.4842, 38.7556 ], [ -75.4727, 38.7501 ], [ -75.4642, 38.7466 ], [ -75.4558, 38.7464 ], [ -75.4442, 38.7445 ], [ -75.427, 38.7427 ], [ -75.4131, 38.7255 ], [ -75.4077, 38.7164 ], [ -75.4032, 38.7061 ], [ -75.3967, 38.6835 ], [ -75.3957, 38.6813 ], [ -75.3698, 38.6548 ], [ -75.3376, 38.6206 ], [ -75.3466, 38.6201 ], [ -75.351, 38.6168 ], [ -75.3518, 38.6167 ], [ -75.3563, 38.6189 ], [ -75.3576, 38.6191 ], [ -75.3658, 38.6254 ], [ -75.3731, 38.6289 ], [ -75.3824, 38.6311 ], [ -75.3922, 38.6318 ], [ -75.3963, 38.6344 ], [ -75.4013, 38.6396 ], [ -75.4091, 38.6404 ], [ -75.4165, 38.6427 ], [ -75.4305, 38.6521 ], [ -75.452, 38.6537 ], [ -75.4628, 38.6535 ], [ -75.4729, 38.6541 ], [ -75.4746, 38.6546 ], [ -75.4877, 38.6625 ], [ -75.4891, 38.6631 ], [ -75.4977, 38.6645 ], [ -75.5121, 38.6651 ], [ -75.5171, 38.6671 ], [ -75.5199, 38.6675 ], [ -75.5126, 38.6732 ], [ -75.5043, 38.6762 ], [ -75.5009, 38.6812 ], [ -75.4946, 38.6809 ], [ -75.4902, 38.6832 ], [ -75.4842, 38.6879 ], [ -75.4806, 38.6924 ], [ -75.5212, 38.7084 ], [ -75.5292, 38.7102 ], [ -75.5314, 38.7103 ], [ -75.53, 38.7141 ] ] ] } },
{ "type": "Feature", "properties": { "GEOIDFQ": "1400000US10005051302", "NAME": "513.02", "NAMELSAD": "Census Tract 513.02" }, "geometry": { "type": "Polygon", "coordinates": [ [ [ -75.2093, 38.5095 ], [ -75.2062, 38.5151 ], [ -75.2034, 38.5159 ], [ -75.202, 38.5176 ], [ -75.2003, 38.524 ], [ -75.1984, 38.5261 ], [ -75.2004, 38.5275 ], [ -75.1987, 38.5278 ], [ -75.1929, 38.5305 ], [ -75.1801, 38.5415 ], [ -75.1764, 38.5435 ], [ -75.1739, 38.5442 ], [ -75.1652, 38.5451 ], [ -75.1566, 38.5478 ], [ -75.1495, 38.5481 ], [ -75.1471, 38.5496 ], [ -75.1398, 38.5525 ], [ -75.135, 38.552 ], [ -75.1318, 38.5508 ], [ -75.1312, 38.5464 ], [ -75.1316, 38.5394 ], [ -75.1242, 38.5402 ], [ -75.1177, 38.5403 ], [ -75.1165, 38.5364 ], [ -75.1158, 38.5354 ], [ -75.1133, 38.5345 ], [ -75.1149, 38.5323 ], [ -75.1152, 38.5291 ], [ -75.1171, 38.5253 ], [ -75.1071, 38.5227 ], [ -75.1018, 38.5219 ], [ -75.1009, 38.5222 ], [ -75.0966, 38.525 ], [ -75.0942, 38.5254 ], [ -75.0972, 38.5211 ], [ -75.0985, 38.5174 ], [ -75.1039, 38.5134 ], [ -75.1072, 38.5128 ], [ -75.1082, 38.5118 ], [ -75.1124, 38.5093 ], [ -75.1139, 38.5079 ], [ -75.1158, 38.507 ], [ -75.1203, 38.5064 ], [ -75.1232, 38.505 ], [ -75.1257, 38.5047 ], [ -75.1268, 38.5039 ], [ -75.1309, 38.5023 ], [ -75.1314, 38.5007 ], [ -75.1314, 38.4987 ], [ -75.1318, 38.4968 ], [ -75.1307, 38.4931 ], [ -75.1327, 38.4903 ], [ -75.1375, 38.4856 ], [ -75.1386, 38.4805 ], [ -75.1403, 38.4782 ], [ -75.1466, 38.4807 ], [ -75.1536, 38.4815 ], [ -75.1573, 38.4834 ], [ -75.1589, 38.4848 ], [ -75.162, 38.4894 ], [ -75.1668, 38.4928 ], [ -75.1678, 38.4943 ], [ -75.1708, 38.4966 ], [ -75.1757, 38.4942 ], [ -75.1801, 38.4908 ], [ -75.1857, 38.491 ], [ -75.1955, 38.4922 ], [ -75.1977, 38.4952 ], [ -75.2127, 38.5054 ], [ -75.2093, 38.5095 ] ] ] } },
{ "type": "Feature", "properties": { "GEOIDFQ": "1400000US10005050403", "NAME": "504.03", "NAMELSAD": "Census Tract 504.03" }, "geometry": { "type": "Polygon", "coordinates": [ [ [ -75.651, 38.6057 ], [ -75.6473, 38.6068 ], [ -75.6449, 38.6081 ], [ -75.6442, 38.609 ], [ -75.6439, 38.6112 ], [ -75.6433, 38.6125 ], [ -75.6413, 38.6142 ], [ -75.63, 38.6188 ], [ -75.6272, 38.6216 ], [ -75.6246, 38.6229 ], [ -75.6231, 38.6246 ], [ -75.6234, 38.6267 ], [ -75.6231, 38.6282 ], [ -75.6224, 38.6289 ], [ -75.6201, 38.6298 ], [ -75.6204, 38.6304 ], [ -75.6195, 38.6306 ], [ -75.6189, 38.6314 ], [ -75.6183, 38.6329 ], [ -75.618, 38.633 ], [ -75.6181, 38.6335 ], [ -75.617, 38.6349 ], [ -75.6171, 38.6352 ], [ -75.6161, 38.6354 ], [ -75.6126, 38.6394 ], [ -75.6104, 38.6404 ], [ -75.6057, 38.6412 ], [ -75.6024, 38.6395 ], [ -75.6022, 38.6388 ], [ -75.6003, 38.639 ], [ -75.5994, 38.6385 ], [ -75.5983, 38.6384 ], [ -75.5976, 38.6387 ], [ -75.5972, 38.6395 ], [ -75.5974, 38.6402 ], [ -75.5982, 38.6402 ], [ -75.5974, 38.6404 ], [ -75.5971, 38.6425 ], [ -75.595, 38.6438 ], [ -75.5944, 38.6439 ], [ -75.5941, 38.6443 ], [ -75.5928, 38.6314 ], [ -75.592, 38.6284 ], [ -75.5858, 38.6078 ], [ -75.5809, 38.5994 ], [ -75.5859, 38.5979 ], [ -75.5857, 38.5971 ], [ -75.5903, 38.5962 ], [ -75.595, 38.5979 ], [ -75.5956, 38.5977 ], [ -75.5998, 38.5984 ], [ -75.6017, 38.5977 ], [ -75.603, 38.5977 ], [ -75.6087, 38.5986 ], [ -75.6103, 38.598 ], [ -75.6168, 38.5975 ], [ -75.6192, 38.5967 ], [ -75.6246, 38.5958 ], [ -75.6262, 38.5967 ], [ -75.627, 38.5963 ], [ -75.6281, 38.5964 ], [ -75.6299, 38.5979 ], [ -75.6329, 38.5992 ], [ -75.6339, 38.6005 ], [ -75.635, 38.6008 ], [ -75.6368, 38.6008 ], [ -75.6376, 38.6011 ], [ -75.6406, 38.6004 ], [ -75.6421, 38.6009 ], [ -75.6447, 38.601 ], [ -75.6457, 38.6015 ], [ -75.6468, 38.6014 ], [ -75.6471, 38.602 ], [ -75.648, 38.6016 ], [ -75.6481, 38.6025 ], [ -75.649, 38.6018 ], [ -75.6501, 38.6024 ], [ -75.65, 38.6029 ], [ -75.6517, 38.6021 ], [ -75.652, 38.6034 ], [ -75.6516, 38.604 ], [ -75.6528, 38.6044 ], [ -75.651, 38.6057 ] ] ] } },
{ "type": "Feature", "properties": { "GEOIDFQ": "1400000US10005050601", "NAME": "506.01", "NAMELSAD": "Census Tract 506.01" }, "geometry": { "type": "Polygon", "coordinates": [ [ [ -75.4501, 38.6392 ], [ -75.4392, 38.6445 ], [ -75.4304, 38.6521 ], [ -75.4165, 38.6427 ], [ -75.4091, 38.6404 ], [ -75.4013, 38.6396 ], [ -75.3963, 38.6344 ], [ -75.3922, 38.6318 ], [ -75.3824, 38.6311 ], [ -75.3731, 38.6289 ], [ -75.3658, 38.6254 ], [ -75.3576, 38.6191 ], [ -75.3563, 38.6189 ], [ -75.3516, 38.6166 ], [ -75.351, 38.6168 ], [ -75.3466, 38.6201 ], [ -75.3376, 38.6206 ], [ -75.3681, 38.653 ], [ -75.3664, 38.6527 ], [ -75.3612, 38.654 ], [ -75.359, 38.6536 ], [ -75.3449, 38.6475 ], [ -75.3408, 38.6468 ], [ -75.3305, 38.643 ], [ -75.3232, 38.6392 ], [ -75.3152, 38.6385 ], [ -75.3134, 38.635 ], [ -75.3117, 38.6338 ], [ -75.2959, 38.6322 ], [ -75.2948, 38.6214 ], [ -75.2937, 38.6144 ], [ -75.2939, 38.613 ], [ -75.2953, 38.6108 ], [ -75.2956, 38.6095 ], [ -75.294, 38.6006 ], [ -75.2928, 38.5978 ], [ -75.2914, 38.5961 ], [ -75.291, 38.5945 ], [ -75.2928, 38.5942 ], [ -75.2942, 38.5949 ], [ -75.2956, 38.598 ], [ -75.2968, 38.5988 ], [ -75.2995, 38.5992 ], [ -75.3047, 38.5981 ], [ -75.3041, 38.5968 ], [ -75.3042, 38.5963 ], [ -75.305, 38.5956 ], [ -75.3098, 38.5967 ], [ -75.3113, 38.5965 ], [ -75.3125, 38.5953 ], [ -75.3148, 38.5967 ], [ -75.3191, 38.6008 ], [ -75.3214, 38.5994 ], [ -75.3293, 38.5914 ], [ -75.3281, 38.5903 ], [ -75.3278, 38.5889 ], [ -75.3263, 38.5879 ], [ -75.3298, 38.5818 ], [ -75.3184, 38.5641 ], [ -75.3254, 38.561 ], [ -75.3238, 38.5599 ], [ -75.321, 38.5507 ], [ -75.321, 38.5493 ], [ -75.3175, 38.5445 ], [ -75.3341, 38.5492 ], [ -75.3398, 38.5496 ], [ -75.3379, 38.5416 ], [ -75.3346, 38.5409 ], [ -75.3352, 38.5328 ], [ -75.3324, 38.5312 ], [ -75.3295, 38.5301 ], [ -75.3239, 38.5295 ], [ -75.3267, 38.5291 ], [ -75.3348, 38.527 ], [ -75.357, 38.5248 ], [ -75.3587, 38.5367 ], [ -75.3546, 38.5462 ], [ -75.3651, 38.5521 ], [ -75.3704, 38.5543 ], [ -75.372, 38.5572 ], [ -75.3761, 38.5615 ], [ -75.381, 38.5769 ], [ -75.3837, 38.5805 ], [ -75.3885, 38.5829 ], [ -75.3889, 38.5835 ], [ -75.3907, 38.5905 ], [ -75.3907, 38.5939 ], [ -75.3934, 38.5981 ], [ -75.4079, 38.5932 ], [ -75.4103, 38.5929 ], [ -75.4124, 38.5931 ], [ -75.4443, 38.6037 ], [ -75.4844, 38.6204 ], [ -75.4501, 38.6392 ] ] ] } },
{ "type": "Feature", "properties": { "GEOIDFQ": "1400000US10003014906", "NAME": "149.06", "NAMELSAD": "Census Tract 149.06" }, "geometry": { "type": "Polygon", "coordinates": [ [ [ -75.6801, 39.6386 ], [ -75.6771, 39.6395 ], [ -75.6761, 39.6412 ], [ -75.6763, 39.6423 ], [ -75.6746, 39.6441 ], [ -75.674, 39.6444 ], [ -75.6741, 39.6465 ], [ -75.6754, 39.6461 ], [ -75.6757, 39.6468 ], [ -75.6764, 39.6469 ], [ -75.6767, 39.6481 ], [ -75.6762, 39.6493 ], [ -75.6749, 39.6498 ], [ -75.675, 39.6509 ], [ -75.6745, 39.6515 ], [ -75.6722, 39.6529 ], [ -75.6678, 39.6534 ], [ -75.6682, 39.6518 ], [ -75.6692, 39.6503 ], [ -75.6607, 39.6386 ], [ -75.6589, 39.6369 ], [ -75.6598, 39.6329 ], [ -75.6636, 39.6307 ], [ -75.6706, 39.6278 ], [ -75.6779, 39.6338 ], [ -75.6807, 39.6376 ], [ -75.6801, 39.6386 ] ] ] } },
{ "type": "Feature", "properties": { "GEOIDFQ": "1400000US10003014810", "NAME": "148.10", "NAMELSAD": "Census Tract 148.10" }, "geometry": { "type": "Polygon", "coordinates": [ [ [ -75.7401, 39.6059 ], [ -75.7154, 39.6081 ], [ -75.7153, 39.6041 ], [ -75.7148, 39.6027 ], [ -75.7137, 39.6014 ], [ -75.7175, 39.601 ], [ -75.7181, 39.6001 ], [ -75.7168, 39.5899 ], [ -75.7141, 39.5901 ], [ -75.7131, 39.5789 ], [ -75.7104, 39.5763 ], [ -75.7099, 39.5729 ], [ -75.7056, 39.5732 ], [ -75.6976, 39.5705 ], [ -75.703, 39.5566 ], [ -75.704, 39.555 ], [ -75.7057, 39.5537 ], [ -75.7191, 39.5479 ], [ -75.7208, 39.5475 ], [ -75.721, 39.547 ], [ -75.7246, 39.5454 ], [ -75.7262, 39.5439 ], [ -75.7266, 39.5418 ], [ -75.7382, 39.5411 ], [ -75.7391, 39.5528 ], [ -75.7376, 39.5605 ], [ -75.7381, 39.5665 ], [ -75.7403, 39.5813 ], [ -75.7407, 39.5875 ], [ -75.7419, 39.5876 ], [ -75.7424, 39.5883 ], [ -75.7412, 39.591 ], [ -75.7421, 39.5964 ], [ -75.745, 39.6049 ], [ -75.7401, 39.6059 ] ] ] } },
{ "type": "Feature", "properties": { "GEOIDFQ": "1400000US10001040900", "NAME": "409", "NAMELSAD": "Census Tract 409" }, "geometry": { "type": "Polygon", "coordinates": [ [ [ -75.53, 39.1729 ], [ -75.5296, 39.181 ], [ -75.518, 39.1698 ], [ -75.5172, 39.1684 ], [ -75.5164, 39.1649 ], [ -75.5153, 39.1633 ], [ -75.5169, 39.1628 ], [ -75.5193, 39.1631 ], [ -75.5283, 39.1611 ], [ -75.5316, 39.1701 ], [ -75.53, 39.1729 ] ] ] } },
{ "type": "Feature", "properties": { "GEOIDFQ": "1400000US10001042500", "NAME": "425", "NAMELSAD": "Census Tract 425" }, "geometry": { "type": "Polygon", "coordinates": [ [ [ -75.4428, 38.9158 ], [ -75.4351, 38.925 ], [ -75.4314, 38.9304 ], [ -75.4284, 38.9382 ], [ -75.4276, 38.9424 ], [ -75.4245, 38.9427 ], [ -75.4228, 38.9415 ], [ -75.4222, 38.9403 ], [ -75.4205, 38.94 ], [ -75.4176, 38.9382 ], [ -75.4138, 38.9378 ], [ -75.4128, 38.9384 ], [ -75.412, 38.9381 ], [ -75.4108, 38.9384 ], [ -75.4101, 38.9381 ], [ -75.4104, 38.9376 ], [ -75.409, 38.9379 ], [ -75.4056, 38.937 ], [ -75.4037, 38.9371 ], [ -75.4029, 38.9375 ], [ -75.4013, 38.936 ], [ -75.4001, 38.9355 ], [ -75.3989, 38.9362 ], [ -75.3979, 38.9363 ], [ -75.3986, 38.9335 ], [ -75.4003, 38.9312 ], [ -75.4009, 38.9295 ], [ -75.4006, 38.9286 ], [ -75.3991, 38.9272 ], [ -75.3993, 38.9264 ], [ -75.3999, 38.9255 ], [ -75.4022, 38.925 ], [ -75.4033, 38.9231 ], [ -75.4031, 38.9221 ], [ -75.4012, 38.919 ], [ -75.4014, 38.9184 ], [ -75.4028, 38.9174 ], [ -75.4047, 38.9173 ], [ -75.4045, 38.9186 ], [ -75.4054, 38.9193 ], [ -75.4078, 38.9196 ], [ -75.4087, 38.9201 ], [ -75.4089, 38.9195 ], [ -75.4082, 38.9187 ], [ -75.4081, 38.9177 ], [ -75.4088, 38.9168 ], [ -75.4105, 38.9164 ], [ -75.4108, 38.9168 ], [ -75.4106, 38.9175 ], [ -75.4113, 38.9177 ], [ -75.4165, 38.9181 ], [ -75.4184, 38.9168 ], [ -75.4169, 38.9155 ], [ -75.4176, 38.9143 ], [ -75.4183, 38.9143 ], [ -75.4201, 38.9155 ], [ -75.4214, 38.9156 ], [ -75.4221, 38.914 ], [ -75.4233, 38.9143 ], [ -75.4247, 38.9134 ], [ -75.4262, 38.9136 ], [ -75.4278, 38.9132 ], [ -75.4299, 38.9136 ], [ -75.4305, 38.9122 ], [ -75.4324, 38.9121 ], [ -75.4333, 38.911 ], [ -75.434, 38.9108 ], [ -75.4378, 38.9119 ], [ -75.4407, 38.9132 ], [ -75.442, 38.9128 ], [ -75.444, 38.9132 ], [ -75.4428, 38.9158 ] ] ] } },
{ "type": "Feature", "properties": { "GEOIDFQ": "1400000US10001043000", "NAME": "430", "NAMELSAD": "Census Tract 430" }, "geometry": { "type": "Polygon", "coordinates": [ [ [ -75.6249, 38.9003 ], [ -75.6062, 38.9095 ], [ -75.605, 38.9108 ], [ -75.6018, 38.9168 ], [ -75.6, 38.9181 ], [ -75.5979, 38.9186 ], [ -75.6028, 38.9217 ], [ -75.6034, 38.9283 ], [ -75.6056, 38.932 ], [ -75.6088, 38.9344 ], [ -75.6133, 38.9354 ], [ -75.6154, 38.9366 ], [ -75.6154, 38.9386 ], [ -75.6133, 38.9401 ], [ -75.6122, 38.9442 ], [ -75.6089, 38.9451 ], [ -75.6003, 38.952 ], [ -75.5874, 38.9496 ], [ -75.5793, 38.9489 ], [ -75.574, 38.9519 ], [ -75.5659, 38.9532 ], [ -75.5487, 38.9541 ], [ -75.5465, 38.9533 ], [ -75.5449, 38.9518 ], [ -75.5394, 38.9552 ], [ -75.5385, 38.9448 ], [ -75.5391, 38.9431 ], [ -75.5371, 38.9344 ], [ -75.5374, 38.934 ], [ -75.5425, 38.9323 ], [ -75.5389, 38.9268 ], [ -75.5414, 38.9219 ], [ -75.5458, 38.9175 ], [ -75.5428, 38.9147 ], [ -75.544, 38.9049 ], [ -75.5489, 38.9022 ], [ -75.5557, 38.9008 ], [ -75.5594, 38.898 ], [ -75.5644, 38.8952 ], [ -75.5654, 38.8939 ], [ -75.5647, 38.8902 ], [ -75.5662, 38.888 ], [ -75.5727, 38.8881 ], [ -75.5785, 38.8863 ], [ -75.5967, 38.8855 ], [ -75.6019, 38.8817 ], [ -75.6049, 38.8867 ], [ -75.6271, 38.8955 ], [ -75.6274, 38.8961 ], [ -75.6249, 38.9003 ] ] ] } },
{ "type": "Feature", "properties": { "GEOIDFQ": "1400000US10001040203", "NAME": "402.03", "NAMELSAD": "Census Tract 402.03" }, "geometry": { "type": "Polygon", "coordinates": [ [ [ -75.6087, 39.3089 ], [ -75.6066, 39.3081 ], [ -75.6038, 39.3112 ], [ -75.6032, 39.3106 ], [ -75.6034, 39.3091 ], [ -75.6017, 39.308 ], [ -75.6004, 39.308 ], [ -75.5996, 39.3084 ], [ -75.5991, 39.3098 ], [ -75.5971, 39.3096 ], [ -75.5958, 39.3101 ], [ -75.5949, 39.3099 ], [ -75.5945, 39.3085 ], [ -75.5936, 39.3084 ], [ -75.5923, 39.3099 ], [ -75.5921, 39.3113 ], [ -75.59, 39.3117 ], [ -75.5875, 39.311 ], [ -75.5872, 39.3096 ], [ -75.5848, 39.3086 ], [ -75.5811, 39.3111 ], [ -75.5746, 39.3134 ], [ -75.5713, 39.3183 ], [ -75.5689, 39.323 ], [ -75.5687, 39.3235 ], [ -75.5698, 39.3266 ], [ -75.5698, 39.3276 ], [ -75.569, 39.3287 ], [ -75.5652, 39.3318 ], [ -75.5624, 39.3322 ], [ -75.5588, 39.3333 ], [ -75.5576, 39.334 ], [ -75.5559, 39.3358 ], [ -75.5557, 39.3371 ], [ -75.5561, 39.3377 ], [ -75.5584, 39.3393 ], [ -75.5575, 39.3409 ], [ -75.5575, 39.3423 ], [ -75.5581, 39.3429 ], [ -75.5602, 39.3437 ], [ -75.5604, 39.3455 ], [ -75.5586, 39.3468 ], [ -75.5573, 39.3491 ], [ -75.5564, 39.3486 ], [ -75.556, 39.347 ], [ -75.555, 39.3458 ], [ -75.5526, 39.3451 ], [ -75.5512, 39.3453 ], [ -75.5511, 39.3495 ], [ -75.5519, 39.3501 ], [ -75.5542, 39.3501 ], [ -75.5547, 39.3515 ], [ -75.5534, 39.353 ], [ -75.5521, 39.3537 ], [ -75.5509, 39.354 ], [ -75.5496, 39.3539 ], [ -75.5485, 39.351 ], [ -75.5413, 39.3414 ], [ -75.527, 39.3324 ], [ -75.5201, 39.3301 ], [ -75.5126, 39.326 ], [ -75.515, 39.3148 ], [ -75.5159, 39.2847 ], [ -75.5169, 39.2821 ], [ -75.5204, 39.2776 ], [ -75.5212, 39.2747 ], [ -75.5211, 39.2676 ], [ -75.5176, 39.2456 ], [ -75.5182, 39.246 ], [ -75.5221, 39.2457 ], [ -75.5244, 39.2462 ], [ -75.525, 39.2474 ], [ -75.5241, 39.2485 ], [ -75.5246, 39.2496 ], [ -75.528, 39.2505 ], [ -75.5301, 39.2518 ], [ -75.5318, 39.252 ], [ -75.5336, 39.2512 ], [ -75.5348, 39.2493 ], [ -75.5358, 39.2489 ], [ -75.5387, 39.2492 ], [ -75.5394, 39.2498 ], [ -75.5395, 39.2515 ], [ -75.5402, 39.2516 ], [ -75.5421, 39.2516 ], [ -75.5439, 39.2509 ], [ -75.5458, 39.2514 ], [ -75.5494, 39.2512 ], [ -75.5506, 39.2503 ], [ -75.5506, 39.2489 ], [ -75.5511, 39.2477 ], [ -75.5521, 39.2471 ], [ -75.5528, 39.2473 ], [ -75.5536, 39.247 ], [ -75.5545, 39.2451 ], [ -75.5555, 39.2442 ], [ -75.5592, 39.2448 ], [ -75.5618, 39.244 ], [ -75.564, 39.2443 ], [ -75.5667, 39.2441 ], [ -75.5688, 39.2452 ], [ -75.5695, 39.2448 ], [ -75.5701, 39.2437 ], [ -75.5722, 39.2435 ], [ -75.5729, 39.2438 ], [ -75.5758, 39.2437 ], [ -75.577, 39.2427 ], [ -75.5805, 39.2424 ], [ -75.5812, 39.242 ], [ -75.5835, 39.2425 ], [ -75.5847, 39.242 ], [ -75.5876, 39.2441 ], [ -75.5881, 39.244 ], [ -75.5883, 39.2458 ], [ -75.5863, 39.2551 ], [ -75.5867, 39.2644 ], [ -75.5928, 39.2801 ], [ -75.5953, 39.2881 ], [ -75.5977, 39.2934 ], [ -75.6028, 39.3013 ], [ -75.6094, 39.3088 ], [ -75.6087, 39.3089 ] ] ] } },
{ "type": "Feature", "properties": { "GEOIDFQ": "1400000US10001041702", "NAME": "417.02", "NAMELSAD": "Census Tract 417.02" }, "geometry": { "type": "Polygon", "coordinates": [ [ [ -75.5376, 39.1131 ], [ -75.5339, 39.1131 ], [ -75.5217, 39.1168 ], [ -75.5142, 39.1183 ], [ -75.5099, 39.1179 ], [ -75.5061, 39.118 ], [ -75.5058, 39.1176 ], [ -75.5029, 39.1172 ], [ -75.5021, 39.1168 ], [ -75.4998, 39.1142 ], [ -75.4996, 39.113 ], [ -75.5014, 39.1101 ], [ -75.5159, 39.1003 ], [ -75.5268, 39.0987 ], [ -75.5292, 39.0981 ], [ -75.5352, 39.0977 ], [ -75.5361, 39.0961 ], [ -75.5384, 39.0951 ], [ -75.5459, 39.0952 ], [ -75.5376, 39.1131 ] ] ] } },
{ "type": "Feature", "properties": { "GEOIDFQ": "1400000US10003015802", "NAME": "158.02", "NAMELSAD": "Census Tract 158.02" }, "geometry": { "type": "Polygon", "coordinates": [ [ [ -75.5537, 39.6958 ], [ -75.538, 39.6947 ], [ -75.5259, 39.6909 ], [ -75.547, 39.6673 ], [ -75.5508, 39.6704 ], [ -75.551, 39.6702 ], [ -75.554, 39.6772 ], [ -75.5561, 39.678 ], [ -75.5555, 39.6823 ], [ -75.5579, 39.6837 ], [ -75.5537, 39.6958 ] ] ] } },
{ "type": "Feature", "properties": { "GEOIDFQ": "1400000US10005050703", "NAME": "507.03", "NAMELSAD": "Census Tract 507.03" }, "geometry": { "type": "Polygon", "coordinates": [ [ [ -75.291, 38.5971 ], [ -75.2902, 38.5981 ], [ -75.2861, 38.6003 ], [ -75.2806, 38.6015 ], [ -75.2603, 38.6011 ], [ -75.2398, 38.6031 ], [ -75.2272, 38.6035 ], [ -75.2255, 38.6039 ], [ -75.222, 38.6057 ], [ -75.2128, 38.6061 ], [ -75.2102, 38.6073 ], [ -75.2024, 38.6145 ], [ -75.1896, 38.606 ], [ -75.1711, 38.5952 ], [ -75.1686, 38.5926 ], [ -75.1674, 38.59 ], [ -75.1741, 38.5879 ], [ -75.1779, 38.5879 ], [ -75.1827, 38.5891 ], [ -75.195, 38.5896 ], [ -75.2088, 38.5917 ], [ -75.2117, 38.5903 ], [ -75.2189, 38.5906 ], [ -75.2228, 38.5888 ], [ -75.2256, 38.5883 ], [ -75.2347, 38.5877 ], [ -75.2365, 38.5881 ], [ -75.2379, 38.5899 ], [ -75.2394, 38.5911 ], [ -75.2405, 38.5914 ], [ -75.2447, 38.5916 ], [ -75.2459, 38.5913 ], [ -75.2498, 38.5884 ], [ -75.2535, 38.5872 ], [ -75.254, 38.5868 ], [ -75.2554, 38.5837 ], [ -75.2582, 38.5832 ], [ -75.2609, 38.5845 ], [ -75.2669, 38.5859 ], [ -75.2715, 38.5864 ], [ -75.2759, 38.586 ], [ -75.2765, 38.5864 ], [ -75.2768, 38.5873 ], [ -75.2765, 38.5912 ], [ -75.2769, 38.5924 ], [ -75.2794, 38.5929 ], [ -75.2809, 38.5936 ], [ -75.2831, 38.5938 ], [ -75.2841, 38.5946 ], [ -75.2854, 38.5948 ], [ -75.2872, 38.5958 ], [ -75.2884, 38.5957 ], [ -75.2892, 38.5953 ], [ -75.2892, 38.5948 ], [ -75.291, 38.5945 ], [ -75.2913, 38.596 ], [ -75.291, 38.5971 ] ] ] } },
{ "type": "Feature", "properties": { "GEOIDFQ": "1400000US10005051204", "NAME": "512.04", "NAMELSAD": "Census Tract 512.04" }, "geometry": { "type": "Polygon", "coordinates": [ [ [ -75.0669, 38.5227 ], [ -75.0639, 38.5237 ], [ -75.0633, 38.5249 ], [ -75.0633, 38.5274 ], [ -75.0615, 38.5275 ], [ -75.0579, 38.5265 ], [ -75.0563, 38.5269 ], [ -75.0583, 38.5287 ], [ -75.059, 38.5299 ], [ -75.0594, 38.5382 ], [ -75.0509, 38.5387 ], [ -75.0502, 38.5337 ], [ -75.0493, 38.508 ], [ -75.0466, 38.4762 ], [ -75.0476, 38.4513 ], [ -75.0493, 38.4513 ], [ -75.0488, 38.4584 ], [ -75.0489, 38.4688 ], [ -75.0521, 38.5085 ], [ -75.0605, 38.5112 ], [ -75.0617, 38.5111 ], [ -75.0624, 38.5125 ], [ -75.0636, 38.5127 ], [ -75.0691, 38.5226 ], [ -75.0669, 38.5227 ] ] ] } },
{ "type": "Feature", "properties": { "GEOIDFQ": "1400000US10005051202", "NAME": "512.02", "NAMELSAD": "Census Tract 512.02" }, "geometry": { "type": "Polygon", "coordinates": [ [ [ -75.0841, 38.5559 ], [ -75.0725, 38.5559 ], [ -75.0683, 38.5554 ], [ -75.0601, 38.5557 ], [ -75.0599, 38.556 ], [ -75.0599, 38.5556 ], [ -75.058, 38.5558 ], [ -75.0578, 38.5551 ], [ -75.053, 38.5554 ], [ -75.0509, 38.5387 ], [ -75.0602, 38.5382 ], [ -75.0661, 38.5393 ], [ -75.0807, 38.5426 ], [ -75.0865, 38.5523 ], [ -75.0841, 38.5559 ] ] ] } },
{ "type": "Feature", "properties": { "GEOIDFQ": "1400000US10003016806", "NAME": "168.06", "NAMELSAD": "Census Tract 168.06" }, "geometry": { "type": "Polygon", "coordinates": [ [ [ -75.7489, 39.4102 ], [ -75.7417, 39.4216 ], [ -75.7399, 39.4261 ], [ -75.7401, 39.4271 ], [ -75.7411, 39.4289 ], [ -75.7284, 39.4317 ], [ -75.7269, 39.4312 ], [ -75.7226, 39.4307 ], [ -75.7166, 39.4348 ], [ -75.7163, 39.4356 ], [ -75.715, 39.436 ], [ -75.7145, 39.4369 ], [ -75.7133, 39.4373 ], [ -75.7087, 39.4293 ], [ -75.706, 39.4219 ], [ -75.7049, 39.4162 ], [ -75.7035, 39.4129 ], [ -75.6987, 39.4081 ], [ -75.6927, 39.405 ], [ -75.6902, 39.4026 ], [ -75.6845, 39.3995 ], [ -75.6832, 39.3979 ], [ -75.6801, 39.3958 ], [ -75.6687, 39.3853 ], [ -75.6755, 39.3793 ], [ -75.6927, 39.377 ], [ -75.6953, 39.3754 ], [ -75.6973, 39.3731 ], [ -75.6992, 39.3686 ], [ -75.7083, 39.3823 ], [ -75.711, 39.384 ], [ -75.7124, 39.3856 ], [ -75.7157, 39.3875 ], [ -75.7186, 39.3871 ], [ -75.7207, 39.3864 ], [ -75.7256, 39.3832 ], [ -75.7265, 39.3822 ], [ -75.7282, 39.3788 ], [ -75.7296, 39.3778 ], [ -75.738, 39.3749 ], [ -75.7495, 39.3763 ], [ -75.7508, 39.3762 ], [ -75.7653, 39.367 ], [ -75.7658, 39.3672 ], [ -75.7697, 39.416 ], [ -75.7489, 39.4102 ] ] ] } },
{ "type": "Feature", "properties": { "GEOIDFQ": "1400000US10003016805", "NAME": "168.05", "NAMELSAD": "Census Tract 168.05" }, "geometry": { "type": "Polygon", "coordinates": [ [ [ -75.7653, 39.367 ], [ -75.7508, 39.3762 ], [ -75.7495, 39.3763 ], [ -75.738, 39.3749 ], [ -75.7296, 39.3778 ], [ -75.7282, 39.3788 ], [ -75.7265, 39.3822 ], [ -75.7253, 39.3834 ], [ -75.7202, 39.3866 ], [ -75.7157, 39.3875 ], [ -75.7124, 39.3856 ], [ -75.711, 39.384 ], [ -75.7083, 39.3823 ], [ -75.6992, 39.3686 ], [ -75.6973, 39.3731 ], [ -75.6953, 39.3754 ], [ -75.6927, 39.377 ], [ -75.6755, 39.3793 ], [ -75.6687, 39.3853 ], [ -75.6652, 39.3806 ], [ -75.6646, 39.3768 ], [ -75.6634, 39.3745 ], [ -75.6617, 39.3726 ], [ -75.6629, 39.3721 ], [ -75.6638, 39.3724 ], [ -75.6658, 39.3711 ], [ -75.6664, 39.3697 ], [ -75.6663, 39.3691 ], [ -75.6674, 39.3685 ], [ -75.6682, 39.3671 ], [ -75.6692, 39.3666 ], [ -75.6698, 39.3657 ], [ -75.669, 39.364 ], [ -75.6693, 39.3631 ], [ -75.6717, 39.362 ], [ -75.6737, 39.3605 ], [ -75.6737, 39.36 ], [ -75.6751, 39.3594 ], [ -75.6758, 39.357 ], [ -75.6767, 39.3562 ], [ -75.6769, 39.3547 ], [ -75.6775, 39.3541 ], [ -75.6772, 39.3534 ], [ -75.6777, 39.352 ], [ -75.6786, 39.3512 ], [ -75.679, 39.3501 ], [ -75.6804, 39.3493 ], [ -75.6817, 39.3477 ], [ -75.6816, 39.3466 ], [ -75.6834, 39.3449 ], [ -75.6831, 39.3438 ], [ -75.6855, 39.3409 ], [ -75.686, 39.3391 ], [ -75.6869, 39.3381 ], [ -75.6905, 39.3355 ], [ -75.6917, 39.334 ], [ -75.6918, 39.3326 ], [ -75.6977, 39.3337 ], [ -75.7001, 39.3347 ], [ -75.7063, 39.3312 ], [ -75.7145, 39.3296 ], [ -75.7202, 39.3277 ], [ -75.7347, 39.3249 ], [ -75.7366, 39.3228 ], [ -75.7383, 39.3198 ], [ -75.7401, 39.3177 ], [ -75.7403, 39.3163 ], [ -75.7412, 39.3153 ], [ -75.7414, 39.3146 ], [ -75.7421, 39.3141 ], [ -75.7433, 39.3108 ], [ -75.7452, 39.3093 ], [ -75.7474, 39.3062 ], [ -75.7495, 39.3013 ], [ -75.7513, 39.2995 ], [ -75.7527, 39.2988 ], [ -75.756, 39.2981 ], [ -75.7575, 39.2982 ], [ -75.7601, 39.2972 ], [ -75.7658, 39.3672 ], [ -75.7653, 39.367 ] ] ] } },
{ "type": "Feature", "properties": { "GEOIDFQ": "1400000US10003016306", "NAME": "163.06", "NAMELSAD": "Census Tract 163.06" }, "geometry": { "type": "Polygon", "coordinates": [ [ [ -75.6534, 39.6366 ], [ -75.6338, 39.6474 ], [ -75.634, 39.6476 ], [ -75.6271, 39.6493 ], [ -75.6216, 39.6512 ], [ -75.6198, 39.6521 ], [ -75.6169, 39.6545 ], [ -75.6237, 39.6461 ], [ -75.6357, 39.629 ], [ -75.6438, 39.6183 ], [ -75.6498, 39.6255 ], [ -75.6515, 39.628 ], [ -75.6531, 39.6318 ], [ -75.6534, 39.6366 ] ] ] } },
{ "type": "Feature", "properties": { "GEOIDFQ": "1400000US10003016309", "NAME": "163.09", "NAMELSAD": "Census Tract 163.09" }, "geometry": { "type": "Polygon", "coordinates": [ [ [ -75.6169, 39.6545 ], [ -75.6045, 39.6654 ], [ -75.5904, 39.6806 ], [ -75.5788, 39.6642 ], [ -75.5982, 39.6651 ], [ -75.5982, 39.6642 ], [ -75.5968, 39.6643 ], [ -75.5968, 39.6617 ], [ -75.596, 39.6614 ], [ -75.5976, 39.6588 ], [ -75.5972, 39.6576 ], [ -75.6027, 39.6566 ], [ -75.6075, 39.6551 ], [ -75.6059, 39.6553 ], [ -75.6015, 39.654 ], [ -75.5982, 39.6515 ], [ -75.597, 39.649 ], [ -75.5954, 39.6482 ], [ -75.5962, 39.6475 ], [ -75.5915, 39.6454 ], [ -75.5868, 39.6514 ], [ -75.5863, 39.6513 ], [ -75.5862, 39.6516 ], [ -75.5833, 39.6525 ], [ -75.5806, 39.6495 ], [ -75.5942, 39.6345 ], [ -75.6011, 39.6355 ], [ -75.6011, 39.637 ], [ -75.6053, 39.6384 ], [ -75.6066, 39.64 ], [ -75.6079, 39.6407 ], [ -75.6145, 39.6407 ], [ -75.6253, 39.6438 ], [ -75.6169, 39.6545 ] ] ] } },
{ "type": "Feature", "properties": { "GEOIDFQ": "1400000US10003016613", "NAME": "166.13", "NAMELSAD": "Census Tract 166.13" }, "geometry": { "type": "Polygon", "coordinates": [ [ [ -75.7125, 39.4646 ], [ -75.7084, 39.4722 ], [ -75.7077, 39.4696 ], [ -75.7064, 39.4684 ], [ -75.7045, 39.4675 ], [ -75.7035, 39.4658 ], [ -75.7026, 39.4652 ], [ -75.6988, 39.4646 ], [ -75.6975, 39.4647 ], [ -75.6938, 39.4621 ], [ -75.6903, 39.4629 ], [ -75.6877, 39.4624 ], [ -75.6882, 39.4606 ], [ -75.6864, 39.4526 ], [ -75.6969, 39.4508 ], [ -75.7167, 39.4497 ], [ -75.7206, 39.4616 ], [ -75.7125, 39.4646 ] ] ] } },
{ "type": "Feature", "properties": { "GEOIDFQ": "1400000US10003016807", "NAME": "168.07", "NAMELSAD": "Census Tract 168.07" }, "geometry": { "type": "Polygon", "coordinates": [ [ [ -75.6523, 39.4531 ], [ -75.651, 39.4534 ], [ -75.6489, 39.455 ], [ -75.6475, 39.4569 ], [ -75.6467, 39.4594 ], [ -75.6444, 39.4598 ], [ -75.6416, 39.4614 ], [ -75.6407, 39.4615 ], [ -75.6384, 39.4613 ], [ -75.6369, 39.4605 ], [ -75.6359, 39.4605 ], [ -75.6342, 39.4632 ], [ -75.6302, 39.4633 ], [ -75.6279, 39.4623 ], [ -75.625, 39.4626 ], [ -75.6245, 39.4629 ], [ -75.6245, 39.4636 ], [ -75.6256, 39.4646 ], [ -75.6258, 39.4656 ], [ -75.6252, 39.467 ], [ -75.6243, 39.4675 ], [ -75.6235, 39.4674 ], [ -75.6214, 39.4662 ], [ -75.6195, 39.4674 ], [ -75.6187, 39.4675 ], [ -75.6159, 39.467 ], [ -75.6121, 39.4652 ], [ -75.6097, 39.4636 ], [ -75.6088, 39.4624 ], [ -75.6089, 39.4617 ], [ -75.6094, 39.4612 ], [ -75.61, 39.4583 ], [ -75.6117, 39.4561 ], [ -75.6116, 39.4532 ], [ -75.6091, 39.4527 ], [ -75.6076, 39.4518 ], [ -75.6062, 39.4498 ], [ -75.6015, 39.4473 ], [ -75.5998, 39.4467 ], [ -75.5973, 39.448 ], [ -75.596, 39.4479 ], [ -75.5959, 39.4462 ], [ -75.5946, 39.4454 ], [ -75.5922, 39.4456 ], [ -75.5913, 39.446 ], [ -75.5909, 39.448 ], [ -75.5876, 39.448 ], [ -75.585, 39.4485 ], [ -75.5843, 39.4474 ], [ -75.5826, 39.4467 ], [ -75.5819, 39.4471 ], [ -75.5808, 39.449 ], [ -75.5767, 39.4507 ], [ -75.5729, 39.4483 ], [ -75.5699, 39.4473 ], [ -75.5669, 39.4418 ], [ -75.5718, 39.4404 ], [ -75.5718, 39.4407 ], [ -75.5742, 39.4382 ], [ -75.5753, 39.4377 ], [ -75.5759, 39.4378 ], [ -75.5771, 39.4392 ], [ -75.5784, 39.4399 ], [ -75.5797, 39.4399 ], [ -75.5807, 39.4392 ], [ -75.5811, 39.4387 ], [ -75.5799, 39.4375 ], [ -75.5799, 39.4363 ], [ -75.582, 39.4356 ], [ -75.5824, 39.4352 ], [ -75.5803, 39.4325 ], [ -75.5807, 39.4315 ], [ -75.5827, 39.4318 ], [ -75.5838, 39.4312 ], [ -75.5846, 39.4312 ], [ -75.5866, 39.4318 ], [ -75.589, 39.4307 ], [ -75.5908, 39.4307 ], [ -75.5922, 39.4303 ], [ -75.5935, 39.4323 ], [ -75.5945, 39.4327 ], [ -75.5958, 39.4324 ], [ -75.5955, 39.4295 ], [ -75.5965, 39.4295 ], [ -75.5976, 39.4303 ], [ -75.5984, 39.4295 ], [ -75.5991, 39.4296 ], [ -75.6, 39.4306 ], [ -75.601, 39.4307 ], [ -75.6008, 39.43 ], [ -75.5994, 39.4287 ], [ -75.599, 39.4273 ], [ -75.6008, 39.4269 ], [ -75.601, 39.4265 ], [ -75.6005, 39.4258 ], [ -75.5991, 39.4256 ], [ -75.5991, 39.4248 ], [ -75.6017, 39.4222 ], [ -75.6017, 39.4206 ], [ -75.6023, 39.4199 ], [ -75.6057, 39.4184 ], [ -75.6075, 39.4185 ], [ -75.6079, 39.4171 ], [ -75.6099, 39.4162 ], [ -75.6102, 39.4155 ], [ -75.61, 39.4144 ], [ -75.6096, 39.4142 ], [ -75.6072, 39.415 ], [ -75.6066, 39.4157 ], [ -75.6059, 39.4156 ], [ -75.6048, 39.4128 ], [ -75.6037, 39.4132 ], [ -75.6032, 39.4142 ], [ -75.6034, 39.4149 ], [ -75.6027, 39.4153 ], [ -75.6022, 39.4113 ], [ -75.5998, 39.4092 ], [ -75.6004, 39.4072 ], [ -75.5988, 39.4065 ], [ -75.5993, 39.405 ], [ -75.6011, 39.404 ], [ -75.6023, 39.4013 ], [ -75.6029, 39.4009 ], [ -75.6079, 39.4007 ], [ -75.6152, 39.4021 ], [ -75.618, 39.4008 ], [ -75.6209, 39.4026 ], [ -75.629, 39.4158 ], [ -75.6295, 39.4173 ], [ -75.6297, 39.4203 ], [ -75.6312, 39.4243 ], [ -75.6317, 39.427 ], [ -75.6339, 39.4315 ], [ -75.6382, 39.4362 ], [ -75.644, 39.4398 ], [ -75.6438, 39.4409 ], [ -75.648, 39.4483 ], [ -75.6503, 39.4502 ], [ -75.6535, 39.452 ], [ -75.6523, 39.4531 ] ] ] } },
{ "type": "Feature", "properties": { "GEOIDFQ": "1400000US10003014814", "NAME": "148.14", "NAMELSAD": "Census Tract 148.14" }, "geometry": { "type": "Polygon", "coordinates": [ [ [ -75.7634, 39.6291 ], [ -75.7623, 39.6271 ], [ -75.7613, 39.6265 ], [ -75.7521, 39.627 ], [ -75.7497, 39.6265 ], [ -75.7474, 39.6255 ], [ -75.7442, 39.6255 ], [ -75.7463, 39.6091 ], [ -75.745, 39.6049 ], [ -75.7598, 39.6032 ], [ -75.7693, 39.6048 ], [ -75.7767, 39.6054 ], [ -75.7824, 39.6064 ], [ -75.7851, 39.6062 ], [ -75.7864, 39.6217 ], [ -75.7634, 39.6291 ] ] ] } },
{ "type": "Feature", "properties": { "GEOIDFQ": "1400000US10003016614", "NAME": "166.14", "NAMELSAD": "Census Tract 166.14" }, "geometry": { "type": "Polygon", "coordinates": [ [ [ -75.6969, 39.4508 ], [ -75.6864, 39.4526 ], [ -75.6882, 39.4606 ], [ -75.6877, 39.4624 ], [ -75.6828, 39.4606 ], [ -75.6817, 39.4592 ], [ -75.6772, 39.4604 ], [ -75.6737, 39.4602 ], [ -75.6716, 39.4624 ], [ -75.6703, 39.4626 ], [ -75.6698, 39.4641 ], [ -75.6706, 39.4644 ], [ -75.6699, 39.4653 ], [ -75.6688, 39.465 ], [ -75.6674, 39.4657 ], [ -75.6665, 39.4651 ], [ -75.666, 39.4652 ], [ -75.6647, 39.467 ], [ -75.6636, 39.4676 ], [ -75.6647, 39.4683 ], [ -75.6646, 39.4687 ], [ -75.6625, 39.4683 ], [ -75.661, 39.4692 ], [ -75.6602, 39.4704 ], [ -75.6589, 39.4706 ], [ -75.6583, 39.47 ], [ -75.658, 39.468 ], [ -75.6572, 39.4676 ], [ -75.6554, 39.468 ], [ -75.6539, 39.4691 ], [ -75.6537, 39.4701 ], [ -75.6522, 39.47 ], [ -75.652, 39.4708 ], [ -75.6527, 39.4717 ], [ -75.6514, 39.4726 ], [ -75.6499, 39.4719 ], [ -75.649, 39.4704 ], [ -75.6485, 39.4704 ], [ -75.6478, 39.4714 ], [ -75.6466, 39.4719 ], [ -75.6461, 39.4709 ], [ -75.6441, 39.471 ], [ -75.6439, 39.4706 ], [ -75.6458, 39.4688 ], [ -75.6458, 39.4683 ], [ -75.6452, 39.468 ], [ -75.6426, 39.4696 ], [ -75.6404, 39.4697 ], [ -75.6403, 39.4704 ], [ -75.6414, 39.471 ], [ -75.6393, 39.4721 ], [ -75.6385, 39.4704 ], [ -75.6375, 39.47 ], [ -75.6366, 39.4682 ], [ -75.6364, 39.4673 ], [ -75.6369, 39.4662 ], [ -75.6379, 39.4661 ], [ -75.6387, 39.4671 ], [ -75.6393, 39.467 ], [ -75.6381, 39.4654 ], [ -75.6392, 39.4645 ], [ -75.6386, 39.463 ], [ -75.6373, 39.4627 ], [ -75.6361, 39.4619 ], [ -75.6351, 39.4619 ], [ -75.6359, 39.4605 ], [ -75.6369, 39.4605 ], [ -75.6384, 39.4613 ], [ -75.6407, 39.4615 ], [ -75.6416, 39.4614 ], [ -75.6444, 39.4598 ], [ -75.6471, 39.4592 ], [ -75.6475, 39.4569 ], [ -75.6489, 39.455 ], [ -75.651, 39.4534 ], [ -75.6523, 39.4531 ], [ -75.6544, 39.4512 ], [ -75.6537, 39.4497 ], [ -75.6538, 39.4483 ], [ -75.6547, 39.448 ], [ -75.6554, 39.4485 ], [ -75.6567, 39.4474 ], [ -75.6595, 39.4467 ], [ -75.6598, 39.4458 ], [ -75.6585, 39.4449 ], [ -75.659, 39.4442 ], [ -75.6611, 39.445 ], [ -75.6624, 39.4442 ], [ -75.6638, 39.4442 ], [ -75.6643, 39.4435 ], [ -75.6639, 39.4425 ], [ -75.6642, 39.4415 ], [ -75.6649, 39.44 ], [ -75.666, 39.4395 ], [ -75.6655, 39.4382 ], [ -75.6679, 39.4383 ], [ -75.6688, 39.4394 ], [ -75.6704, 39.4395 ], [ -75.6721, 39.4406 ], [ -75.673, 39.4406 ], [ -75.6746, 39.4392 ], [ -75.6771, 39.4386 ], [ -75.6849, 39.4393 ], [ -75.6871, 39.4383 ], [ -75.6895, 39.4385 ], [ -75.6916, 39.4379 ], [ -75.6935, 39.438 ], [ -75.6982, 39.437 ], [ -75.7045, 39.4369 ], [ -75.7064, 39.4363 ], [ -75.7084, 39.4367 ], [ -75.7089, 39.4373 ], [ -75.7114, 39.438 ], [ -75.7133, 39.4373 ], [ -75.7167, 39.4497 ], [ -75.6969, 39.4508 ] ] ] } },
{ "type": "Feature", "properties": { "GEOIDFQ": "1400000US10003002100", "NAME": "21", "NAMELSAD": "Census Tract 21" }, "geometry": { "type": "Polygon", "coordinates": [ [ [ -75.5593, 39.7456 ], [ -75.5526, 39.7428 ], [ -75.5547, 39.7397 ], [ -75.5564, 39.7404 ], [ -75.5573, 39.7399 ], [ -75.562, 39.7417 ], [ -75.5593, 39.7456 ] ] ] } },
{ "type": "Feature", "properties": { "GEOIDFQ": "1400000US10001040700", "NAME": "407", "NAMELSAD": "Census Tract 407" }, "geometry": { "type": "Polygon", "coordinates": [ [ [ -75.58, 39.1853 ], [ -75.579, 39.1868 ], [ -75.5755, 39.1882 ], [ -75.5712, 39.1911 ], [ -75.5691, 39.1892 ], [ -75.5664, 39.1879 ], [ -75.5632, 39.1848 ], [ -75.5623, 39.1844 ], [ -75.5608, 39.1844 ], [ -75.56, 39.1823 ], [ -75.5585, 39.1806 ], [ -75.5538, 39.1763 ], [ -75.5478, 39.1724 ], [ -75.5429, 39.1589 ], [ -75.5575, 39.159 ], [ -75.5579, 39.1629 ], [ -75.5594, 39.1652 ], [ -75.5659, 39.1683 ], [ -75.5734, 39.1702 ], [ -75.578, 39.1723 ], [ -75.5813, 39.1769 ], [ -75.5852, 39.1798 ], [ -75.5862, 39.1815 ], [ -75.58, 39.1853 ] ] ] } },
{ "type": "Feature", "properties": { "GEOIDFQ": "1400000US10001041600", "NAME": "416", "NAMELSAD": "Census Tract 416" }, "geometry": { "type": "Polygon", "coordinates": [ [ [ -75.5261, 39.1376 ], [ -75.525, 39.1388 ], [ -75.5229, 39.1403 ], [ -75.5223, 39.1379 ], [ -75.5165, 39.1236 ], [ -75.5156, 39.1181 ], [ -75.5217, 39.1168 ], [ -75.5339, 39.1131 ], [ -75.5376, 39.1131 ], [ -75.5261, 39.1376 ] ] ] } },
{ "type": "Feature", "properties": { "GEOIDFQ": "1400000US10001041802", "NAME": "418.02", "NAMELSAD": "Census Tract 418.02" }, "geometry": { "type": "Polygon", "coordinates": [ [ [ -75.6373, 39.1556 ], [ -75.5857, 39.1557 ], [ -75.5831, 39.1561 ], [ -75.5771, 39.1585 ], [ -75.561, 39.1587 ], [ -75.5559, 39.1526 ], [ -75.5553, 39.151 ], [ -75.5586, 39.1506 ], [ -75.5588, 39.1471 ], [ -75.558, 39.1451 ], [ -75.5536, 39.1378 ], [ -75.5547, 39.1293 ], [ -75.555, 39.1238 ], [ -75.5577, 39.1203 ], [ -75.5618, 39.116 ], [ -75.5799, 39.1157 ], [ -75.5916, 39.1128 ], [ -75.5932, 39.1128 ], [ -75.6046, 39.1149 ], [ -75.6073, 39.1146 ], [ -75.6153, 39.1121 ], [ -75.6189, 39.1117 ], [ -75.6336, 39.1118 ], [ -75.636, 39.1122 ], [ -75.6428, 39.1165 ], [ -75.6358, 39.1212 ], [ -75.6328, 39.1249 ], [ -75.639, 39.1334 ], [ -75.6407, 39.1337 ], [ -75.645, 39.1388 ], [ -75.6462, 39.1434 ], [ -75.6473, 39.1544 ], [ -75.6373, 39.1556 ] ] ] } },
{ "type": "Feature", "properties": { "GEOIDFQ": "1400000US10001041900", "NAME": "419", "NAMELSAD": "Census Tract 419" }, "geometry": { "type": "Polygon", "coordinates": [ [ [ -75.7462, 39.2003 ], [ -75.7416, 39.1886 ], [ -75.7407, 39.1876 ], [ -75.7341, 39.1833 ], [ -75.7329, 39.1842 ], [ -75.7278, 39.1852 ], [ -75.725, 39.1862 ], [ -75.7187, 39.1902 ], [ -75.7086, 39.1913 ], [ -75.7053, 39.1926 ], [ -75.7018, 39.193 ], [ -75.6721, 39.1793 ], [ -75.6593, 39.1747 ], [ -75.651, 39.1735 ], [ -75.6513, 39.172 ], [ -75.6507, 39.1662 ], [ -75.6473, 39.1542 ], [ -75.6462, 39.1434 ], [ -75.6451, 39.1392 ], [ -75.6407, 39.1337 ], [ -75.6389, 39.1333 ], [ -75.6328, 39.1249 ], [ -75.6358, 39.1212 ], [ -75.6428, 39.1165 ], [ -75.6456, 39.1167 ], [ -75.6519, 39.1157 ], [ -75.6542, 39.1147 ], [ -75.6562, 39.1135 ], [ -75.6606, 39.1137 ], [ -75.6648, 39.1144 ], [ -75.6677, 39.1125 ], [ -75.6723, 39.1116 ], [ -75.6814, 39.105 ], [ -75.6915, 39.1017 ], [ -75.696, 39.1012 ], [ -75.6999, 39.0989 ], [ -75.7026, 39.0992 ], [ -75.713, 39.0956 ], [ -75.7172, 39.0953 ], [ -75.7219, 39.092 ], [ -75.7275, 39.0913 ], [ -75.7308, 39.0878 ], [ -75.7386, 39.0833 ], [ -75.7427, 39.0798 ], [ -75.7523, 39.1995 ], [ -75.7462, 39.2003 ] ] ] } },
{ "type": "Feature", "properties": { "GEOIDFQ": "1400000US10001042100", "NAME": "421", "NAMELSAD": "Census Tract 421" }, "geometry": { "type": "Polygon", "coordinates": [ [ [ -75.6411, 39.0526 ], [ -75.6399, 39.0536 ], [ -75.6357, 39.0611 ], [ -75.6302, 39.068 ], [ -75.6288, 39.0692 ], [ -75.6285, 39.0708 ], [ -75.6274, 39.0711 ], [ -75.6312, 39.0773 ], [ -75.6343, 39.081 ], [ -75.6344, 39.0847 ], [ -75.6328, 39.0911 ], [ -75.6349, 39.0929 ], [ -75.6347, 39.0979 ], [ -75.6352, 39.1002 ], [ -75.6349, 39.1018 ], [ -75.6362, 39.1123 ], [ -75.6336, 39.1118 ], [ -75.6195, 39.1117 ], [ -75.6153, 39.1121 ], [ -75.6073, 39.1146 ], [ -75.6046, 39.1149 ], [ -75.5932, 39.1128 ], [ -75.5916, 39.1128 ], [ -75.5811, 39.1156 ], [ -75.5739, 39.1158 ], [ -75.5776, 39.1086 ], [ -75.5832, 39.0997 ], [ -75.5803, 39.0926 ], [ -75.5793, 39.0874 ], [ -75.5765, 39.0853 ], [ -75.5733, 39.0858 ], [ -75.5724, 39.0873 ], [ -75.5677, 39.0913 ], [ -75.5585, 39.0924 ], [ -75.5571, 39.0956 ], [ -75.5459, 39.0952 ], [ -75.5516, 39.0825 ], [ -75.5577, 39.0455 ], [ -75.557, 39.045 ], [ -75.5549, 39.0407 ], [ -75.5519, 39.0375 ], [ -75.5607, 39.0352 ], [ -75.5695, 39.0344 ], [ -75.5734, 39.0335 ], [ -75.5852, 39.0346 ], [ -75.5916, 39.0363 ], [ -75.5943, 39.0401 ], [ -75.5965, 39.0415 ], [ -75.6007, 39.041 ], [ -75.6032, 39.0413 ], [ -75.6057, 39.0402 ], [ -75.6086, 39.0398 ], [ -75.6124, 39.0415 ], [ -75.6183, 39.0423 ], [ -75.6239, 39.0439 ], [ -75.6294, 39.0429 ], [ -75.6312, 39.042 ], [ -75.6342, 39.0433 ], [ -75.6378, 39.0428 ], [ -75.6415, 39.0436 ], [ -75.6425, 39.0441 ], [ -75.6491, 39.049 ], [ -75.6411, 39.0526 ] ] ] } },
{ "type": "Feature", "properties": { "GEOIDFQ": "1400000US10001043100", "NAME": "431", "NAMELSAD": "Census Tract 431" }, "geometry": { "type": "Polygon", "coordinates": [ [ [ -75.7318, 38.957 ], [ -75.7223, 38.96 ], [ -75.7076, 38.9664 ], [ -75.7023, 38.9697 ], [ -75.6968, 38.971 ], [ -75.6956, 38.9662 ], [ -75.6953, 38.9625 ], [ -75.6944, 38.9613 ], [ -75.6932, 38.9606 ], [ -75.6787, 38.9562 ], [ -75.6732, 38.9534 ], [ -75.6621, 38.9501 ], [ -75.6575, 38.9501 ], [ -75.651, 38.9495 ], [ -75.6276, 38.9407 ], [ -75.617, 38.9439 ], [ -75.6121, 38.9442 ], [ -75.6133, 38.9401 ], [ -75.6154, 38.9387 ], [ -75.6154, 38.9366 ], [ -75.6133, 38.9354 ], [ -75.6088, 38.9344 ], [ -75.6056, 38.932 ], [ -75.6034, 38.9283 ], [ -75.6028, 38.9217 ], [ -75.5979, 38.9186 ], [ -75.6, 38.9181 ], [ -75.6018, 38.9168 ], [ -75.605, 38.9108 ], [ -75.6062, 38.9095 ], [ -75.6249, 38.9003 ], [ -75.6274, 38.8959 ], [ -75.6268, 38.8954 ], [ -75.6049, 38.8867 ], [ -75.6019, 38.8817 ], [ -75.5969, 38.8855 ], [ -75.5785, 38.8863 ], [ -75.5724, 38.8881 ], [ -75.5738, 38.8777 ], [ -75.5762, 38.8642 ], [ -75.5781, 38.8565 ], [ -75.5811, 38.8385 ], [ -75.5824, 38.8346 ], [ -75.7228, 38.8299 ], [ -75.7329, 38.9574 ], [ -75.7318, 38.957 ] ] ] } },
{ "type": "Feature", "properties": { "GEOIDFQ": "1400000US10003010502", "NAME": "105.02", "NAMELSAD": "Census Tract 105.02" }, "geometry": { "type": "Polygon", "coordinates": [ [ [ -75.4975, 39.772 ], [ -75.4781, 39.7849 ], [ -75.4742, 39.7884 ], [ -75.4729, 39.7874 ], [ -75.4715, 39.787 ], [ -75.472, 39.7863 ], [ -75.4702, 39.785 ], [ -75.4712, 39.7831 ], [ -75.4731, 39.7821 ], [ -75.4689, 39.7794 ], [ -75.4766, 39.7694 ], [ -75.4807, 39.7608 ], [ -75.4869, 39.7538 ], [ -75.4899, 39.7556 ], [ -75.492, 39.7549 ], [ -75.4937, 39.7526 ], [ -75.4952, 39.7527 ], [ -75.4976, 39.7534 ], [ -75.4975, 39.754 ], [ -75.4954, 39.7555 ], [ -75.4969, 39.7551 ], [ -75.4982, 39.7552 ], [ -75.4933, 39.7571 ], [ -75.5094, 39.7664 ], [ -75.4975, 39.772 ] ] ] } },
{ "type": "Feature", "properties": { "GEOIDFQ": "1400000US10003013505", "NAME": "135.05", "NAMELSAD": "Census Tract 135.05" }, "geometry": { "type": "Polygon", "coordinates": [ [ [ -75.7322, 39.7798 ], [ -75.725, 39.786 ], [ -75.7181, 39.7768 ], [ -75.7097, 39.77 ], [ -75.7061, 39.7657 ], [ -75.7042, 39.7616 ], [ -75.7027, 39.7509 ], [ -75.7079, 39.7501 ], [ -75.7182, 39.7454 ], [ -75.7186, 39.7464 ], [ -75.7185, 39.7486 ], [ -75.7218, 39.7509 ], [ -75.7236, 39.7556 ], [ -75.7239, 39.7612 ], [ -75.7227, 39.7635 ], [ -75.7213, 39.7693 ], [ -75.7243, 39.7703 ], [ -75.7314, 39.7706 ], [ -75.7394, 39.7729 ], [ -75.7322, 39.7798 ] ] ] } },
{ "type": "Feature", "properties": { "GEOIDFQ": "1400000US10003013506", "NAME": "135.06", "NAMELSAD": "Census Tract 135.06" }, "geometry": { "type": "Polygon", "coordinates": [ [ [ -75.7604, 39.7474 ], [ -75.7542, 39.756 ], [ -75.7474, 39.7644 ], [ -75.7394, 39.7729 ], [ -75.7314, 39.7706 ], [ -75.7243, 39.7703 ], [ -75.7213, 39.7693 ], [ -75.7227, 39.7635 ], [ -75.7239, 39.7612 ], [ -75.7236, 39.7556 ], [ -75.7218, 39.7509 ], [ -75.7185, 39.7486 ], [ -75.7186, 39.7464 ], [ -75.7182, 39.7454 ], [ -75.7229, 39.7432 ], [ -75.7236, 39.7423 ], [ -75.7247, 39.7394 ], [ -75.7267, 39.7404 ], [ -75.7303, 39.7369 ], [ -75.7354, 39.7329 ], [ -75.7386, 39.7326 ], [ -75.7414, 39.7334 ], [ -75.7427, 39.7335 ], [ -75.7491, 39.7315 ], [ -75.75, 39.7308 ], [ -75.7554, 39.729 ], [ -75.7572, 39.7328 ], [ -75.7597, 39.7328 ], [ -75.7594, 39.7339 ], [ -75.7609, 39.7363 ], [ -75.7634, 39.7376 ], [ -75.766, 39.7382 ], [ -75.7604, 39.7474 ] ] ] } },
{ "type": "Feature", "properties": { "GEOIDFQ": "1400000US10003990100", "NAME": "9901", "NAMELSAD": "Census Tract 9901" }, "geometry": { "type": "Polygon", "coordinates": [ [ [ -75.6024, 39.6254 ], [ -75.5806, 39.6495 ], [ -75.5755, 39.6498 ], [ -75.5564, 39.6549 ], [ -75.5516, 39.6621 ], [ -75.5259, 39.6909 ], [ -75.5214, 39.6968 ], [ -75.5157, 39.7012 ], [ -75.5082, 39.7144 ], [ -75.5031, 39.7246 ], [ -75.4952, 39.7441 ], [ -75.4807, 39.7608 ], [ -75.4766, 39.7694 ], [ -75.4689, 39.7794 ], [ -75.4539, 39.7893 ], [ -75.4408, 39.7957 ], [ -75.4294, 39.798 ], [ -75.4201, 39.8048 ], [ -75.4054, 39.7964 ], [ -75.4383, 39.7844 ], [ -75.4507, 39.7751 ], [ -75.4493, 39.7744 ], [ -75.4523, 39.769 ], [ -75.4594, 39.7658 ], [ -75.4622, 39.7632 ], [ -75.4639, 39.7608 ], [ -75.4635, 39.757 ], [ -75.468, 39.7458 ], [ -75.4694, 39.7429 ], [ -75.4705, 39.7419 ], [ -75.4709, 39.7404 ], [ -75.4729, 39.7384 ], [ -75.4751, 39.7348 ], [ -75.4749, 39.7344 ], [ -75.4757, 39.7337 ], [ -75.4751, 39.7295 ], [ -75.4772, 39.725 ], [ -75.4763, 39.724 ], [ -75.4768, 39.723 ], [ -75.4762, 39.7195 ], [ -75.4764, 39.7162 ], [ -75.4785, 39.7141 ], [ -75.4794, 39.7137 ], [ -75.4822, 39.7138 ], [ -75.4836, 39.7153 ], [ -75.4853, 39.7159 ], [ -75.4864, 39.7157 ], [ -75.4884, 39.7147 ], [ -75.4906, 39.7117 ], [ -75.4918, 39.7108 ], [ -75.4913, 39.7105 ], [ -75.4915, 39.7097 ], [ -75.4939, 39.7068 ], [ -75.4938, 39.7061 ], [ -75.4949, 39.7043 ], [ -75.4956, 39.7018 ], [ -75.4963, 39.701 ], [ -75.4992, 39.6995 ], [ -75.5011, 39.6994 ], [ -75.5065, 39.6973 ], [ -75.5099, 39.6939 ], [ -75.5092, 39.6921 ], [ -75.5096, 39.6872 ], [ -75.5091, 39.6858 ], [ -75.5105, 39.6803 ], [ -75.51, 39.6797 ], [ -75.5104, 39.6779 ], [ -75.5122, 39.6718 ], [ -75.5133, 39.6706 ], [ -75.5142, 39.6683 ], [ -75.5157, 39.6661 ], [ -75.518, 39.6638 ], [ -75.5218, 39.661 ], [ -75.5256, 39.6566 ], [ -75.5267, 39.6568 ], [ -75.5273, 39.6561 ], [ -75.5266, 39.656 ], [ -75.5262, 39.6556 ], [ -75.5271, 39.6538 ], [ -75.5285, 39.6529 ], [ -75.5313, 39.6495 ], [ -75.5335, 39.6476 ], [ -75.5351, 39.6468 ], [ -75.542, 39.6454 ], [ -75.5444, 39.6422 ], [ -75.5485, 39.6378 ], [ -75.5541, 39.6357 ], [ -75.557, 39.6328 ], [ -75.5579, 39.6324 ], [ -75.5585, 39.6312 ], [ -75.56, 39.6302 ], [ -75.5618, 39.6298 ], [ -75.5633, 39.6298 ], [ -75.5641, 39.6292 ], [ -75.5665, 39.6286 ], [ -75.5699, 39.6272 ], [ -75.5712, 39.6264 ], [ -75.5711, 39.6207 ], [ -75.5659, 39.6107 ], [ -75.5618, 39.6053 ], [ -75.5556, 39.6058 ], [ -75.5553, 39.6049 ], [ -75.554, 39.6038 ], [ -75.5534, 39.6027 ], [ -75.5535, 39.6018 ], [ -75.5502, 39.6007 ], [ -75.5421, 39.5945 ], [ -75.5396, 39.5943 ], [ -75.5375, 39.5936 ], [ -75.5369, 39.5919 ], [ -75.5342, 39.5903 ], [ -75.5336, 39.5893 ], [ -75.5314, 39.5888 ], [ -75.5305, 39.5868 ], [ -75.5293, 39.5861 ], [ -75.5277, 39.5841 ], [ -75.5246, 39.5841 ], [ -75.5221, 39.5834 ], [ -75.5206, 39.5835 ], [ -75.5182, 39.5829 ], [ -75.516, 39.581 ], [ -75.5153, 39.5812 ], [ -75.5147, 39.5809 ], [ -75.5142, 39.5793 ], [ -75.5128, 39.5783 ], [ -75.512, 39.5673 ], [ -75.5191, 39.5554 ], [ -75.526, 39.5485 ], [ -75.5323, 39.5433 ], [ -75.534, 39.5407 ], [ -75.5316, 39.5368 ], [ -75.5277, 39.5353 ], [ -75.5275, 39.5327 ], [ -75.5268, 39.5314 ], [ -75.5267, 39.5266 ], [ -75.5271, 39.5237 ], [ -75.5279, 39.5216 ], [ -75.5283, 39.5182 ], [ -75.5274, 39.5174 ], [ -75.5274, 39.516 ], [ -75.5297, 39.512 ], [ -75.5301, 39.5054 ], [ -75.5295, 39.5036 ], [ -75.5294, 39.5012 ], [ -75.5268, 39.4994 ], [ -75.5277, 39.499 ], [ -75.5279, 39.4981 ], [ -75.5384, 39.4969 ], [ -75.5392, 39.5023 ], [ -75.54, 39.5029 ], [ -75.5408, 39.5022 ], [ -75.5419, 39.5 ], [ -75.5426, 39.4966 ], [ -75.5591, 39.4958 ], [ -75.5636, 39.483 ], [ -75.5605, 39.4556 ], [ -75.4814, 39.3876 ], [ -75.5082, 39.3686 ], [ -75.5085, 39.3709 ], [ -75.5134, 39.3848 ], [ -75.518, 39.3928 ], [ -75.5235, 39.3989 ], [ -75.5323, 39.4153 ], [ -75.5351, 39.4193 ], [ -75.5403, 39.4226 ], [ -75.5512, 39.4319 ], [ -75.5649, 39.44 ], [ -75.5669, 39.4418 ], [ -75.5699, 39.4473 ], [ -75.5729, 39.4483 ], [ -75.5767, 39.4507 ], [ -75.5786, 39.4556 ], [ -75.5834, 39.4607 ], [ -75.586, 39.4665 ], [ -75.5867, 39.4728 ], [ -75.5864, 39.4782 ], [ -75.5817, 39.4956 ], [ -75.5744, 39.5024 ], [ -75.5696, 39.499 ], [ -75.5657, 39.5005 ], [ -75.5649, 39.5031 ], [ -75.5726, 39.5048 ], [ -75.5703, 39.5096 ], [ -75.5682, 39.5091 ], [ -75.5687, 39.5079 ], [ -75.5652, 39.5071 ], [ -75.5616, 39.5118 ], [ -75.5581, 39.52 ], [ -75.5502, 39.5189 ], [ -75.5493, 39.5233 ], [ -75.5636, 39.5256 ], [ -75.5623, 39.5288 ], [ -75.5591, 39.5614 ], [ -75.5596, 39.564 ], [ -75.561, 39.566 ], [ -75.5628, 39.5671 ], [ -75.5948, 39.5915 ], [ -75.6028, 39.5963 ], [ -75.6068, 39.6001 ], [ -75.6078, 39.605 ], [ -75.6073, 39.6096 ], [ -75.6075, 39.6126 ], [ -75.6094, 39.6163 ], [ -75.6087, 39.62 ], [ -75.6024, 39.6254 ] ], [ [ -75.5792, 39.5971 ], [ -75.5793, 39.5952 ], [ -75.5789, 39.5936 ], [ -75.5771, 39.5901 ], [ -75.575, 39.5874 ], [ -75.5741, 39.5873 ], [ -75.5724, 39.5858 ], [ -75.5688, 39.5849 ], [ -75.5673, 39.5852 ], [ -75.5646, 39.5892 ], [ -75.5653, 39.5904 ], [ -75.5697, 39.5936 ], [ -75.572, 39.5945 ], [ -75.5728, 39.5945 ], [ -75.574, 39.5962 ], [ -75.5771, 39.5972 ], [ -75.5779, 39.5986 ], [ -75.5794, 39.5988 ], [ -75.5798, 39.5994 ], [ -75.5805, 39.5996 ], [ -75.5792, 39.5971 ] ] ] } },
{ "type": "Feature", "properties": { "GEOIDFQ": "1400000US10003013614", "NAME": "136.14", "NAMELSAD": "Census Tract 136.14" }, "geometry": { "type": "Polygon", "coordinates": [ [ [ -75.671, 39.7171 ], [ -75.6582, 39.7237 ], [ -75.6545, 39.72 ], [ -75.6485, 39.7126 ], [ -75.6408, 39.7156 ], [ -75.6403, 39.7157 ], [ -75.6401, 39.7148 ], [ -75.641, 39.7136 ], [ -75.6426, 39.7126 ], [ -75.6443, 39.7109 ], [ -75.6441, 39.7099 ], [ -75.6435, 39.709 ], [ -75.6435, 39.708 ], [ -75.6443, 39.7079 ], [ -75.6456, 39.7084 ], [ -75.6462, 39.7077 ], [ -75.6483, 39.707 ], [ -75.651, 39.7078 ], [ -75.6525, 39.7073 ], [ -75.6531, 39.7075 ], [ -75.6527, 39.7086 ], [ -75.651, 39.7107 ], [ -75.6586, 39.7152 ], [ -75.6612, 39.7154 ], [ -75.663, 39.7152 ], [ -75.6657, 39.7144 ], [ -75.6673, 39.7134 ], [ -75.674, 39.7119 ], [ -75.6755, 39.7139 ], [ -75.671, 39.7171 ] ] ] } },
{ "type": "Feature", "properties": { "GEOIDFQ": "1400000US10003013615", "NAME": "136.15", "NAMELSAD": "Census Tract 136.15" }, "geometry": { "type": "Polygon", "coordinates": [ [ [ -75.687, 39.7052 ], [ -75.6755, 39.7139 ], [ -75.674, 39.7119 ], [ -75.6673, 39.7134 ], [ -75.6657, 39.7144 ], [ -75.663, 39.7152 ], [ -75.6612, 39.7154 ], [ -75.6586, 39.7152 ], [ -75.651, 39.7107 ], [ -75.6536, 39.7069 ], [ -75.6548, 39.7062 ], [ -75.6556, 39.7042 ], [ -75.6554, 39.7032 ], [ -75.658, 39.7008 ], [ -75.6595, 39.7004 ], [ -75.6612, 39.7013 ], [ -75.663, 39.7014 ], [ -75.665, 39.7 ], [ -75.6646, 39.699 ], [ -75.6656, 39.698 ], [ -75.6681, 39.6994 ], [ -75.6697, 39.7 ], [ -75.6729, 39.6991 ], [ -75.6739, 39.6993 ], [ -75.6762, 39.699 ], [ -75.6788, 39.6975 ], [ -75.6807, 39.6988 ], [ -75.6826, 39.6994 ], [ -75.684, 39.7008 ], [ -75.6852, 39.7012 ], [ -75.689, 39.7002 ], [ -75.6906, 39.6991 ], [ -75.692, 39.6989 ], [ -75.6929, 39.6991 ], [ -75.6963, 39.6977 ], [ -75.697, 39.6986 ], [ -75.6994, 39.7003 ], [ -75.6997, 39.7009 ], [ -75.687, 39.7052 ] ] ] } },
{ "type": "Feature", "properties": { "GEOIDFQ": "1400000US10003016404", "NAME": "164.04", "NAMELSAD": "Census Tract 164.04" }, "geometry": { "type": "MultiPolygon", "coordinates": [ [ [ [ -75.5798, 39.5994 ], [ -75.5794, 39.5988 ], [ -75.5779, 39.5986 ], [ -75.577, 39.5971 ], [ -75.574, 39.5962 ], [ -75.5728, 39.5945 ], [ -75.572, 39.5945 ], [ -75.5689, 39.5931 ], [ -75.5653, 39.5904 ], [ -75.5646, 39.5892 ], [ -75.5673, 39.5852 ], [ -75.5688, 39.5849 ], [ -75.5724, 39.5858 ], [ -75.5741, 39.5873 ], [ -75.575, 39.5874 ], [ -75.5771, 39.5901 ], [ -75.5789, 39.5936 ], [ -75.5793, 39.5952 ], [ -75.5792, 39.5971 ], [ -75.5806, 39.5997 ], [ -75.5798, 39.5994 ] ] ], [ [ [ -75.6531, 39.6059 ], [ -75.649, 39.6056 ], [ -75.6466, 39.6059 ], [ -75.6445, 39.6049 ], [ -75.6425, 39.6059 ], [ -75.6423, 39.6069 ], [ -75.6407, 39.6071 ], [ -75.6351, 39.6053 ], [ -75.6303, 39.6053 ], [ -75.6271, 39.6047 ], [ -75.6254, 39.6052 ], [ -75.6216, 39.6075 ], [ -75.6207, 39.6077 ], [ -75.6167, 39.6074 ], [ -75.6141, 39.6069 ], [ -75.6077, 39.6066 ], [ -75.6078, 39.605 ], [ -75.6068, 39.6001 ], [ -75.6028, 39.5963 ], [ -75.5948, 39.5915 ], [ -75.5628, 39.5671 ], [ -75.561, 39.566 ], [ -75.5596, 39.564 ], [ -75.5591, 39.5614 ], [ -75.5955, 39.5564 ], [ -75.6165, 39.553 ], [ -75.6206, 39.5528 ], [ -75.6337, 39.5551 ], [ -75.6377, 39.5553 ], [ -75.6424, 39.555 ], [ -75.6463, 39.5543 ], [ -75.651, 39.5526 ], [ -75.6524, 39.5552 ], [ -75.6548, 39.5681 ], [ -75.6608, 39.591 ], [ -75.6531, 39.6059 ] ] ] ] } },
{ "type": "Feature", "properties": { "GEOIDFQ": "1400000US10003016608", "NAME": "166.08", "NAMELSAD": "Census Tract 166.08" }, "geometry": { "type": "MultiPolygon", "coordinates": [ [ [ [ -75.5419, 39.5 ], [ -75.5408, 39.5022 ], [ -75.54, 39.5029 ], [ -75.5392, 39.5023 ], [ -75.5384, 39.4969 ], [ -75.5426, 39.4966 ], [ -75.5419, 39.5 ] ] ], [ [ [ -75.6495, 39.4992 ], [ -75.6487, 39.5457 ], [ -75.649, 39.549 ], [ -75.651, 39.5526 ], [ -75.6463, 39.5543 ], [ -75.6424, 39.555 ], [ -75.6377, 39.5553 ], [ -75.6337, 39.5551 ], [ -75.6206, 39.5528 ], [ -75.6165, 39.553 ], [ -75.5955, 39.5564 ], [ -75.5591, 39.5614 ], [ -75.5623, 39.5288 ], [ -75.5636, 39.5256 ], [ -75.5493, 39.5233 ], [ -75.5502, 39.5189 ], [ -75.5581, 39.52 ], [ -75.5616, 39.5118 ], [ -75.5652, 39.5071 ], [ -75.5687, 39.5079 ], [ -75.5682, 39.5091 ], [ -75.5703, 39.5096 ], [ -75.5726, 39.5048 ], [ -75.5649, 39.5031 ], [ -75.5657, 39.5005 ], [ -75.5696, 39.499 ], [ -75.5744, 39.5024 ], [ -75.5817, 39.4956 ], [ -75.5864, 39.4782 ], [ -75.5867, 39.4728 ], [ -75.586, 39.4665 ], [ -75.5834, 39.4607 ], [ -75.5786, 39.4556 ], [ -75.5767, 39.4507 ], [ -75.5808, 39.449 ], [ -75.5819, 39.4471 ], [ -75.5826, 39.4467 ], [ -75.5843, 39.4474 ], [ -75.585, 39.4485 ], [ -75.5876, 39.448 ], [ -75.5909, 39.448 ], [ -75.591, 39.4465 ], [ -75.5922, 39.4456 ], [ -75.5946, 39.4454 ], [ -75.5954, 39.4457 ], [ -75.5959, 39.4462 ], [ -75.596, 39.4479 ], [ -75.5967, 39.4481 ], [ -75.5998, 39.4467 ], [ -75.6009, 39.447 ], [ -75.6062, 39.4498 ], [ -75.6076, 39.4518 ], [ -75.6091, 39.4527 ], [ -75.6116, 39.4532 ], [ -75.6117, 39.4561 ], [ -75.61, 39.4583 ], [ -75.6088, 39.4624 ], [ -75.6097, 39.4636 ], [ -75.6121, 39.4652 ], [ -75.6166, 39.4672 ], [ -75.6195, 39.4674 ], [ -75.6214, 39.4662 ], [ -75.6235, 39.4674 ], [ -75.6243, 39.4675 ], [ -75.6257, 39.4663 ], [ -75.6256, 39.4646 ], [ -75.6245, 39.4632 ], [ -75.625, 39.4626 ], [ -75.6279, 39.4623 ], [ -75.6302, 39.4633 ], [ -75.6342, 39.4632 ], [ -75.6351, 39.4619 ], [ -75.6361, 39.4619 ], [ -75.6373, 39.4627 ], [ -75.6386, 39.463 ], [ -75.6392, 39.4645 ], [ -75.6381, 39.4654 ], [ -75.639, 39.4662 ], [ -75.6392, 39.4671 ], [ -75.6375, 39.466 ], [ -75.6365, 39.4667 ], [ -75.6364, 39.4673 ], [ -75.6375, 39.47 ], [ -75.6385, 39.4704 ], [ -75.6393, 39.4721 ], [ -75.6414, 39.471 ], [ -75.6403, 39.4704 ], [ -75.6404, 39.4697 ], [ -75.6426, 39.4696 ], [ -75.6455, 39.4681 ], [ -75.6458, 39.4688 ], [ -75.6439, 39.4708 ], [ -75.6441, 39.471 ], [ -75.6461, 39.4709 ], [ -75.6466, 39.4719 ], [ -75.6478, 39.4714 ], [ -75.6485, 39.4704 ], [ -75.649, 39.4704 ], [ -75.6499, 39.4719 ], [ -75.6513, 39.4726 ], [ -75.6516, 39.4766 ], [ -75.6495, 39.4992 ] ] ] ] } },
{ "type": "Feature", "properties": { "GEOIDFQ": "1400000US10003014809", "NAME": "148.09", "NAMELSAD": "Census Tract 148.09" }, "geometry": { "type": "Polygon", "coordinates": [ [ [ -75.7175, 39.601 ], [ -75.7137, 39.6014 ], [ -75.7148, 39.6027 ], [ -75.7153, 39.6041 ], [ -75.7154, 39.6081 ], [ -75.7115, 39.6085 ], [ -75.7074, 39.6098 ], [ -75.7077, 39.61 ], [ -75.7045, 39.6114 ], [ -75.6988, 39.6163 ], [ -75.6948, 39.6188 ], [ -75.693, 39.6169 ], [ -75.6901, 39.6029 ], [ -75.6906, 39.6002 ], [ -75.6912, 39.5998 ], [ -75.6819, 39.5939 ], [ -75.6785, 39.5923 ], [ -75.6916, 39.5766 ], [ -75.6976, 39.5705 ], [ -75.7056, 39.5732 ], [ -75.7099, 39.5729 ], [ -75.7104, 39.5763 ], [ -75.7132, 39.5791 ], [ -75.7141, 39.5901 ], [ -75.7168, 39.5899 ], [ -75.7181, 39.6004 ], [ -75.7175, 39.601 ] ] ] } },
{ "type": "Feature", "properties": { "GEOIDFQ": "1400000US10005051203", "NAME": "512.03", "NAMELSAD": "Census Tract 512.03" }, "geometry": { "type": "Polygon", "coordinates": [ [ [ -75.0656, 38.5392 ], [ -75.0594, 38.5382 ], [ -75.059, 38.5299 ], [ -75.0583, 38.5287 ], [ -75.0563, 38.5269 ], [ -75.0579, 38.5265 ], [ -75.0615, 38.5275 ], [ -75.0633, 38.5274 ], [ -75.0633, 38.5249 ], [ -75.0639, 38.5237 ], [ -75.0669, 38.5227 ], [ -75.0691, 38.5226 ], [ -75.0807, 38.5426 ], [ -75.0656, 38.5392 ] ] ] } },
{ "type": "Feature", "properties": { "GEOIDFQ": "1400000US10003014903", "NAME": "149.03", "NAMELSAD": "Census Tract 149.03" }, "geometry": { "type": "Polygon", "coordinates": [ [ [ -75.7055, 39.6355 ], [ -75.7049, 39.6345 ], [ -75.7042, 39.6341 ], [ -75.7025, 39.6351 ], [ -75.7021, 39.6341 ], [ -75.701, 39.6337 ], [ -75.7007, 39.633 ], [ -75.6998, 39.6331 ], [ -75.6998, 39.6319 ], [ -75.6986, 39.631 ], [ -75.695, 39.6329 ], [ -75.6943, 39.6325 ], [ -75.6934, 39.6327 ], [ -75.6893, 39.6355 ], [ -75.6883, 39.6359 ], [ -75.6858, 39.6348 ], [ -75.6847, 39.6336 ], [ -75.6838, 39.6334 ], [ -75.6822, 39.634 ], [ -75.6822, 39.6344 ], [ -75.6828, 39.6346 ], [ -75.6817, 39.6354 ], [ -75.6816, 39.6365 ], [ -75.6807, 39.6376 ], [ -75.6779, 39.6338 ], [ -75.6706, 39.6278 ], [ -75.6946, 39.6187 ], [ -75.7014, 39.6245 ], [ -75.7042, 39.6259 ], [ -75.7061, 39.6331 ], [ -75.7055, 39.6355 ] ] ] } },
{ "type": "Feature", "properties": { "GEOIDFQ": "1400000US10003014907", "NAME": "149.07", "NAMELSAD": "Census Tract 149.07" }, "geometry": { "type": "Polygon", "coordinates": [ [ [ -75.6689, 39.6557 ], [ -75.667, 39.658 ], [ -75.6649, 39.6581 ], [ -75.6641, 39.6586 ], [ -75.6633, 39.6583 ], [ -75.6611, 39.6601 ], [ -75.6616, 39.6616 ], [ -75.6606, 39.6629 ], [ -75.6578, 39.6642 ], [ -75.6562, 39.6637 ], [ -75.6546, 39.6582 ], [ -75.6547, 39.6559 ], [ -75.6589, 39.6369 ], [ -75.6607, 39.6386 ], [ -75.6692, 39.6503 ], [ -75.6682, 39.6518 ], [ -75.6678, 39.6534 ], [ -75.6682, 39.6534 ], [ -75.6692, 39.6541 ], [ -75.6689, 39.6557 ] ] ] } },
{ "type": "Feature", "properties": { "GEOIDFQ": "1400000US10003011203", "NAME": "112.03", "NAMELSAD": "Census Tract 112.03" }, "geometry": { "type": "Polygon", "coordinates": [ [ [ -75.499, 39.8335 ], [ -75.481, 39.8293 ], [ -75.4704, 39.8263 ], [ -75.4597, 39.8227 ], [ -75.4641, 39.8189 ], [ -75.501, 39.8249 ], [ -75.499, 39.8335 ] ] ] } },
{ "type": "Feature", "properties": { "GEOIDFQ": "1400000US10005051201", "NAME": "512.01", "NAMELSAD": "Census Tract 512.01" }, "geometry": { "type": "Polygon", "coordinates": [ [ [ -75.0849, 38.6078 ], [ -75.0611, 38.6084 ], [ -75.0479, 38.6093 ], [ -75.0469, 38.6043 ], [ -75.0569, 38.6042 ], [ -75.0538, 38.5618 ], [ -75.053, 38.5554 ], [ -75.0578, 38.5551 ], [ -75.058, 38.5558 ], [ -75.0599, 38.5556 ], [ -75.0599, 38.556 ], [ -75.0601, 38.5557 ], [ -75.0683, 38.5554 ], [ -75.0725, 38.5559 ], [ -75.0841, 38.5559 ], [ -75.0865, 38.5523 ], [ -75.0899, 38.5582 ], [ -75.0898, 38.56 ], [ -75.091, 38.5635 ], [ -75.0953, 38.5682 ], [ -75.0966, 38.5707 ], [ -75.0974, 38.5732 ], [ -75.0973, 38.5752 ], [ -75.0952, 38.5794 ], [ -75.0943, 38.5824 ], [ -75.0949, 38.5868 ], [ -75.0982, 38.5922 ], [ -75.1021, 38.5999 ], [ -75.1027, 38.6016 ], [ -75.1032, 38.6069 ], [ -75.0849, 38.6078 ] ] ] } },
{ "type": "Feature", "properties": { "GEOIDFQ": "1400000US10005990000", "NAME": "9900", "NAMELSAD": "Census Tract 9900" }, "geometry": { "type": "Polygon", "coordinates": [ [ [ -75.1385, 39.0027 ], [ -75.1347, 38.9976 ], [ -75.0151, 38.7887 ], [ -75.0174, 38.7866 ], [ -75.0152, 38.7776 ], [ -75.0134, 38.7723 ], [ -75.0133, 38.7561 ], [ -75.0143, 38.7485 ], [ -75.0142, 38.745 ], [ -75.0099, 38.7199 ], [ -75.009, 38.712 ], [ -75.0059, 38.6999 ], [ -75.0028, 38.6833 ], [ -75.0021, 38.6759 ], [ -75.0027, 38.6662 ], [ -75.0026, 38.6552 ], [ -75.0019, 38.6497 ], [ -75.0022, 38.6406 ], [ -75.0017, 38.6358 ], [ -75.002, 38.6317 ], [ -74.9973, 38.6251 ], [ -74.9935, 38.6125 ], [ -74.9923, 38.5958 ], [ -74.9897, 38.5774 ], [ -74.9888, 38.5609 ], [ -74.9878, 38.5498 ], [ -74.9852, 38.5282 ], [ -74.9842, 38.4971 ], [ -74.9851, 38.4739 ], [ -74.9862, 38.4663 ], [ -74.9863, 38.4516 ], [ -74.9996, 38.4511 ], [ -75.0476, 38.4513 ], [ -75.0466, 38.4762 ], [ -75.0493, 38.508 ], [ -75.0502, 38.5337 ], [ -75.0538, 38.5618 ], [ -75.0569, 38.6042 ], [ -75.0469, 38.6043 ], [ -75.049, 38.6144 ], [ -75.0588, 38.6127 ], [ -75.0619, 38.6588 ], [ -75.0705, 38.7184 ], [ -75.0708, 38.723 ], [ -75.0743, 38.7398 ], [ -75.0775, 38.7648 ], [ -75.0813, 38.786 ], [ -75.0894, 38.8095 ], [ -75.0927, 38.8105 ], [ -75.1012, 38.8084 ], [ -75.1022, 38.8007 ], [ -75.0975, 38.7943 ], [ -75.1095, 38.7888 ], [ -75.1174, 38.7874 ], [ -75.1246, 38.7897 ], [ -75.1391, 38.7925 ], [ -75.1483, 38.7934 ], [ -75.1562, 38.7937 ], [ -75.1885, 38.8118 ], [ -75.2182, 38.8406 ], [ -75.2617, 38.8809 ], [ -75.3046, 38.9216 ], [ -75.3053, 38.9481 ], [ -75.1385, 39.0027 ] ] ] } },
{ "type": "Feature", "properties": { "GEOIDFQ": "1400000US10003013400", "NAME": "134", "NAMELSAD": "Census Tract 134" }, "geometry": { "type": "Polygon", "coordinates": [ [ [ -75.6617, 39.7406 ], [ -75.6597, 39.7454 ], [ -75.6604, 39.7516 ], [ -75.6554, 39.7523 ], [ -75.6527, 39.7531 ], [ -75.65, 39.7509 ], [ -75.6417, 39.7426 ], [ -75.6378, 39.7403 ], [ -75.644, 39.741 ], [ -75.6601, 39.7327 ], [ -75.666, 39.7311 ], [ -75.6662, 39.7317 ], [ -75.6617, 39.7406 ] ] ] } },
{ "type": "Feature", "properties": { "GEOIDFQ": "1400000US10003012900", "NAME": "129", "NAMELSAD": "Census Tract 129" }, "geometry": { "type": "Polygon", "coordinates": [ [ [ -75.6085, 39.7199 ], [ -75.6073, 39.7178 ], [ -75.6051, 39.7151 ], [ -75.5822, 39.7309 ], [ -75.5798, 39.7323 ], [ -75.5731, 39.735 ], [ -75.5705, 39.7292 ], [ -75.5692, 39.7285 ], [ -75.5678, 39.7298 ], [ -75.5665, 39.7318 ], [ -75.5661, 39.7314 ], [ -75.5669, 39.7293 ], [ -75.5644, 39.7289 ], [ -75.5644, 39.7253 ], [ -75.5648, 39.7238 ], [ -75.5639, 39.7256 ], [ -75.5616, 39.7257 ], [ -75.5613, 39.7295 ], [ -75.5609, 39.7289 ], [ -75.5608, 39.7256 ], [ -75.5598, 39.7222 ], [ -75.5603, 39.7208 ], [ -75.5615, 39.7194 ], [ -75.5637, 39.7186 ], [ -75.5722, 39.7171 ], [ -75.5779, 39.7183 ], [ -75.5812, 39.7187 ], [ -75.5825, 39.7185 ], [ -75.5859, 39.7168 ], [ -75.5881, 39.7164 ], [ -75.5902, 39.7156 ], [ -75.5912, 39.7141 ], [ -75.5916, 39.7122 ], [ -75.5972, 39.7089 ], [ -75.6, 39.7091 ], [ -75.6021, 39.7107 ], [ -75.6034, 39.7111 ], [ -75.6062, 39.7111 ], [ -75.6088, 39.7105 ], [ -75.6092, 39.712 ], [ -75.6082, 39.7123 ], [ -75.6088, 39.7154 ], [ -75.6115, 39.7184 ], [ -75.6085, 39.7199 ] ] ] } },
{ "type": "Feature", "properties": { "GEOIDFQ": "1400000US10003016401", "NAME": "164.01", "NAMELSAD": "Census Tract 164.01" }, "geometry": { "type": "Polygon", "coordinates": [ [ [ -75.7262, 39.5439 ], [ -75.7246, 39.5454 ], [ -75.721, 39.547 ], [ -75.7208, 39.5475 ], [ -75.7191, 39.5479 ], [ -75.7057, 39.5537 ], [ -75.704, 39.555 ], [ -75.703, 39.5566 ], [ -75.6973, 39.5711 ], [ -75.6916, 39.5766 ], [ -75.6851, 39.5848 ], [ -75.668, 39.6045 ], [ -75.6675, 39.6043 ], [ -75.6657, 39.605 ], [ -75.6631, 39.607 ], [ -75.6617, 39.6077 ], [ -75.6607, 39.6074 ], [ -75.6598, 39.6064 ], [ -75.6583, 39.6058 ], [ -75.6571, 39.6059 ], [ -75.6568, 39.6062 ], [ -75.6531, 39.6059 ], [ -75.6608, 39.591 ], [ -75.6548, 39.5681 ], [ -75.6524, 39.5552 ], [ -75.651, 39.5526 ], [ -75.6644, 39.5455 ], [ -75.6827, 39.5421 ], [ -75.6863, 39.542 ], [ -75.7117, 39.5439 ], [ -75.7266, 39.542 ], [ -75.7262, 39.5439 ] ] ] } },
{ "type": "Feature", "properties": { "GEOIDFQ": "1400000US10003003002", "NAME": "30.02", "NAMELSAD": "Census Tract 30.02" }, "geometry": { "type": "Polygon", "coordinates": [ [ [ -75.5316, 39.746 ], [ -75.5252, 39.752 ], [ -75.5215, 39.7535 ], [ -75.5205, 39.7521 ], [ -75.5173, 39.7536 ], [ -75.5176, 39.7522 ], [ -75.5185, 39.7518 ], [ -75.5181, 39.7513 ], [ -75.5194, 39.7507 ], [ -75.5185, 39.7495 ], [ -75.5282, 39.7445 ], [ -75.5267, 39.7444 ], [ -75.5254, 39.7429 ], [ -75.5259, 39.7402 ], [ -75.5253, 39.7393 ], [ -75.5244, 39.7389 ], [ -75.524, 39.7386 ], [ -75.5251, 39.7389 ], [ -75.5268, 39.7378 ], [ -75.532, 39.7399 ], [ -75.535, 39.7388 ], [ -75.5358, 39.7388 ], [ -75.5373, 39.74 ], [ -75.5375, 39.7433 ], [ -75.5316, 39.746 ] ] ] } },
{ "type": "Feature", "properties": { "GEOIDFQ": "1400000US10003013200", "NAME": "132", "NAMELSAD": "Census Tract 132" }, "geometry": { "type": "Polygon", "coordinates": [ [ [ -75.644, 39.741 ], [ -75.6378, 39.7403 ], [ -75.6345, 39.7389 ], [ -75.6352, 39.7376 ], [ -75.6343, 39.735 ], [ -75.6393, 39.7334 ], [ -75.6493, 39.7283 ], [ -75.65, 39.7291 ], [ -75.6522, 39.7301 ], [ -75.6533, 39.7299 ], [ -75.6537, 39.7315 ], [ -75.655, 39.7324 ], [ -75.6559, 39.7349 ], [ -75.644, 39.741 ] ] ] } },
{ "type": "Feature", "properties": { "GEOIDFQ": "1400000US10003013000", "NAME": "130", "NAMELSAD": "Census Tract 130" }, "geometry": { "type": "Polygon", "coordinates": [ [ [ -75.6495, 39.7205 ], [ -75.6352, 39.7253 ], [ -75.6348, 39.7253 ], [ -75.6331, 39.7235 ], [ -75.6327, 39.7214 ], [ -75.6347, 39.7187 ], [ -75.6395, 39.7177 ], [ -75.6402, 39.7167 ], [ -75.6403, 39.7157 ], [ -75.6484, 39.7126 ], [ -75.653, 39.7182 ], [ -75.6495, 39.7205 ] ] ] } },
{ "type": "Feature", "properties": { "GEOIDFQ": "1400000US10003980100", "NAME": "9801", "NAMELSAD": "Census Tract 9801" }, "geometry": { "type": "Polygon", "coordinates": [ [ [ -75.5322, 39.7293 ], [ -75.532, 39.7315 ], [ -75.529, 39.7321 ], [ -75.5266, 39.7341 ], [ -75.526, 39.7354 ], [ -75.5265, 39.738 ], [ -75.5251, 39.7389 ], [ -75.524, 39.7386 ], [ -75.5253, 39.7393 ], [ -75.5259, 39.7402 ], [ -75.5254, 39.7429 ], [ -75.5267, 39.7444 ], [ -75.5282, 39.7445 ], [ -75.5185, 39.7495 ], [ -75.5158, 39.7461 ], [ -75.506, 39.7421 ], [ -75.4954, 39.7434 ], [ -75.5031, 39.7246 ], [ -75.5082, 39.7144 ], [ -75.5258, 39.7206 ], [ -75.5287, 39.722 ], [ -75.5304, 39.723 ], [ -75.5324, 39.7253 ], [ -75.5336, 39.7286 ], [ -75.5322, 39.7293 ] ] ] } },
{ "type": "Feature", "properties": { "GEOIDFQ": "1400000US10003001200", "NAME": "12", "NAMELSAD": "Census Tract 12" }, "geometry": { "type": "Polygon", "coordinates": [ [ [ -75.5653, 39.7606 ], [ -75.5619, 39.7627 ], [ -75.5605, 39.7625 ], [ -75.5582, 39.7615 ], [ -75.5577, 39.7604 ], [ -75.5593, 39.7599 ], [ -75.5589, 39.7594 ], [ -75.5606, 39.7592 ], [ -75.5615, 39.7587 ], [ -75.5605, 39.7577 ], [ -75.5615, 39.7571 ], [ -75.5634, 39.7543 ], [ -75.5682, 39.7563 ], [ -75.5653, 39.7606 ] ] ] } },
{ "type": "Feature", "properties": { "GEOIDFQ": "1400000US10003010400", "NAME": "104", "NAMELSAD": "Census Tract 104" }, "geometry": { "type": "Polygon", "coordinates": [ [ [ -75.4862, 39.7995 ], [ -75.481, 39.8042 ], [ -75.4758, 39.799 ], [ -75.4679, 39.7941 ], [ -75.4774, 39.7854 ], [ -75.4813, 39.7827 ], [ -75.4858, 39.7855 ], [ -75.4872, 39.7889 ], [ -75.4904, 39.7933 ], [ -75.4862, 39.7995 ] ] ] } },
{ "type": "Feature", "properties": { "GEOIDFQ": "1400000US10003010900", "NAME": "109", "NAMELSAD": "Census Tract 109" }, "geometry": { "type": "Polygon", "coordinates": [ [ [ -75.5144, 39.7935 ], [ -75.5097, 39.7984 ], [ -75.5052, 39.8 ], [ -75.5064, 39.7809 ], [ -75.5108, 39.7789 ], [ -75.5169, 39.7772 ], [ -75.517, 39.7783 ], [ -75.5184, 39.7814 ], [ -75.5189, 39.7838 ], [ -75.5238, 39.7916 ], [ -75.5144, 39.7935 ] ] ] } },
{ "type": "Feature", "properties": { "GEOIDFQ": "1400000US10003011100", "NAME": "111", "NAMELSAD": "Census Tract 111" }, "geometry": { "type": "Polygon", "coordinates": [ [ [ -75.4979, 39.8099 ], [ -75.4896, 39.8153 ], [ -75.4888, 39.8151 ], [ -75.4872, 39.8156 ], [ -75.487, 39.8142 ], [ -75.4861, 39.8135 ], [ -75.4856, 39.8136 ], [ -75.4852, 39.8145 ], [ -75.4841, 39.815 ], [ -75.4826, 39.8137 ], [ -75.4808, 39.8136 ], [ -75.4784, 39.8092 ], [ -75.4763, 39.8083 ], [ -75.4856, 39.8001 ], [ -75.4905, 39.7932 ], [ -75.4941, 39.7968 ], [ -75.4981, 39.7983 ], [ -75.505, 39.8023 ], [ -75.4979, 39.8099 ] ] ] } },
{ "type": "Feature", "properties": { "GEOIDFQ": "1400000US10003013800", "NAME": "138", "NAMELSAD": "Census Tract 138" }, "geometry": { "type": "Polygon", "coordinates": [ [ [ -75.6929, 39.6991 ], [ -75.692, 39.6989 ], [ -75.6906, 39.6991 ], [ -75.689, 39.7002 ], [ -75.6852, 39.7012 ], [ -75.684, 39.7008 ], [ -75.6826, 39.6994 ], [ -75.6807, 39.6988 ], [ -75.6788, 39.6975 ], [ -75.6762, 39.699 ], [ -75.6739, 39.6993 ], [ -75.6729, 39.6991 ], [ -75.6697, 39.7 ], [ -75.6681, 39.6994 ], [ -75.6656, 39.698 ], [ -75.6646, 39.699 ], [ -75.665, 39.7 ], [ -75.663, 39.7014 ], [ -75.6612, 39.7013 ], [ -75.6595, 39.7004 ], [ -75.658, 39.7008 ], [ -75.6554, 39.7032 ], [ -75.6556, 39.7042 ], [ -75.6552, 39.7056 ], [ -75.6533, 39.7076 ], [ -75.6525, 39.7073 ], [ -75.651, 39.7078 ], [ -75.6483, 39.707 ], [ -75.6462, 39.7077 ], [ -75.6455, 39.7074 ], [ -75.6457, 39.7063 ], [ -75.6469, 39.7054 ], [ -75.6471, 39.704 ], [ -75.6489, 39.7029 ], [ -75.6501, 39.7015 ], [ -75.6493, 39.6993 ], [ -75.6473, 39.6977 ], [ -75.6454, 39.6969 ], [ -75.6423, 39.698 ], [ -75.6418, 39.6987 ], [ -75.6421, 39.6999 ], [ -75.6417, 39.7003 ], [ -75.6381, 39.6993 ], [ -75.6355, 39.6997 ], [ -75.6297, 39.7015 ], [ -75.6228, 39.7 ], [ -75.622, 39.6991 ], [ -75.6219, 39.6976 ], [ -75.6212, 39.6974 ], [ -75.6226, 39.6969 ], [ -75.6227, 39.6949 ], [ -75.6214, 39.693 ], [ -75.621, 39.6912 ], [ -75.6215, 39.6905 ], [ -75.625, 39.6881 ], [ -75.6263, 39.6876 ], [ -75.6283, 39.6882 ], [ -75.6289, 39.6874 ], [ -75.6288, 39.6859 ], [ -75.6295, 39.685 ], [ -75.6313, 39.6853 ], [ -75.6338, 39.6843 ], [ -75.6336, 39.6837 ], [ -75.6312, 39.6824 ], [ -75.6306, 39.6816 ], [ -75.6317, 39.6801 ], [ -75.6339, 39.6782 ], [ -75.6346, 39.6782 ], [ -75.6355, 39.6788 ], [ -75.6347, 39.6803 ], [ -75.635, 39.6808 ], [ -75.6361, 39.6811 ], [ -75.6373, 39.6809 ], [ -75.6374, 39.6794 ], [ -75.639, 39.6792 ], [ -75.6397, 39.6787 ], [ -75.6395, 39.6775 ], [ -75.6378, 39.6776 ], [ -75.6371, 39.6772 ], [ -75.6364, 39.6742 ], [ -75.6369, 39.674 ], [ -75.638, 39.6742 ], [ -75.6386, 39.6738 ], [ -75.6387, 39.6721 ], [ -75.6397, 39.6722 ], [ -75.6406, 39.673 ], [ -75.6421, 39.6727 ], [ -75.6426, 39.671 ], [ -75.6438, 39.6699 ], [ -75.6439, 39.6692 ], [ -75.6433, 39.6682 ], [ -75.6418, 39.668 ], [ -75.6417, 39.6669 ], [ -75.643, 39.6669 ], [ -75.6441, 39.666 ], [ -75.6453, 39.6656 ], [ -75.6487, 39.6656 ], [ -75.65, 39.6649 ], [ -75.6551, 39.6655 ], [ -75.6567, 39.6648 ], [ -75.6567, 39.664 ], [ -75.6628, 39.6665 ], [ -75.666, 39.6675 ], [ -75.6674, 39.6675 ], [ -75.6683, 39.6682 ], [ -75.6722, 39.6694 ], [ -75.6738, 39.6705 ], [ -75.6765, 39.6735 ], [ -75.6802, 39.6754 ], [ -75.6796, 39.6768 ], [ -75.68, 39.6809 ], [ -75.6816, 39.6852 ], [ -75.6829, 39.6868 ], [ -75.6871, 39.6902 ], [ -75.6943, 39.6953 ], [ -75.6962, 39.6977 ], [ -75.6929, 39.6991 ] ] ] } },
{ "type": "Feature", "properties": { "GEOIDFQ": "1400000US10003015000", "NAME": "150", "NAMELSAD": "Census Tract 150" }, "geometry": { "type": "Polygon", "coordinates": [ [ [ -75.6555, 39.6654 ], [ -75.6546, 39.6656 ], [ -75.65, 39.6649 ], [ -75.6487, 39.6656 ], [ -75.6453, 39.6656 ], [ -75.6441, 39.666 ], [ -75.643, 39.6669 ], [ -75.6417, 39.6669 ], [ -75.6418, 39.668 ], [ -75.6433, 39.6682 ], [ -75.6439, 39.6692 ], [ -75.6438, 39.6699 ], [ -75.6426, 39.671 ], [ -75.6421, 39.6727 ], [ -75.6406, 39.673 ], [ -75.6397, 39.6722 ], [ -75.6387, 39.6721 ], [ -75.6386, 39.6738 ], [ -75.638, 39.6742 ], [ -75.6369, 39.674 ], [ -75.6364, 39.6742 ], [ -75.6371, 39.6772 ], [ -75.6378, 39.6776 ], [ -75.6395, 39.6775 ], [ -75.6397, 39.6787 ], [ -75.639, 39.6792 ], [ -75.6374, 39.6794 ], [ -75.6373, 39.6809 ], [ -75.6361, 39.6811 ], [ -75.635, 39.6808 ], [ -75.6347, 39.6803 ], [ -75.6355, 39.6788 ], [ -75.6346, 39.6782 ], [ -75.6339, 39.6782 ], [ -75.6317, 39.6801 ], [ -75.6306, 39.6816 ], [ -75.6312, 39.6824 ], [ -75.6336, 39.6837 ], [ -75.6338, 39.6843 ], [ -75.6313, 39.6853 ], [ -75.6295, 39.685 ], [ -75.6288, 39.6859 ], [ -75.6289, 39.6874 ], [ -75.6283, 39.6882 ], [ -75.6259, 39.6877 ], [ -75.6245, 39.6883 ], [ -75.6215, 39.6905 ], [ -75.621, 39.6912 ], [ -75.621, 39.6922 ], [ -75.6227, 39.6949 ], [ -75.6226, 39.6969 ], [ -75.6201, 39.6978 ], [ -75.6156, 39.7049 ], [ -75.6125, 39.7084 ], [ -75.611, 39.7096 ], [ -75.6082, 39.7107 ], [ -75.6074, 39.7073 ], [ -75.603, 39.6982 ], [ -75.5981, 39.6918 ], [ -75.5905, 39.6805 ], [ -75.6045, 39.6654 ], [ -75.609, 39.6655 ], [ -75.6488, 39.6622 ], [ -75.6518, 39.6615 ], [ -75.655, 39.66 ], [ -75.6558, 39.663 ], [ -75.6567, 39.664 ], [ -75.6568, 39.6647 ], [ -75.6555, 39.6654 ] ] ] } },
{ "type": "Feature", "properties": { "GEOIDFQ": "1400000US10003013901", "NAME": "139.01", "NAMELSAD": "Census Tract 139.01" }, "geometry": { "type": "Polygon", "coordinates": [ [ [ -75.696, 39.6789 ], [ -75.6895, 39.6782 ], [ -75.6793, 39.6752 ], [ -75.6765, 39.6735 ], [ -75.6751, 39.672 ], [ -75.6838, 39.6674 ], [ -75.6904, 39.6615 ], [ -75.6969, 39.6582 ], [ -75.696, 39.6695 ], [ -75.6969, 39.6717 ], [ -75.6977, 39.6758 ], [ -75.6987, 39.6774 ], [ -75.696, 39.6789 ] ] ] } },
{ "type": "Feature", "properties": { "GEOIDFQ": "1400000US10005051103", "NAME": "511.03", "NAMELSAD": "Census Tract 511.03" }, "geometry": { "type": "Polygon", "coordinates": [ [ [ -75.1018, 38.6116 ], [ -75.0994, 38.6145 ], [ -75.094, 38.6184 ], [ -75.0886, 38.6218 ], [ -75.0853, 38.6251 ], [ -75.0852, 38.626 ], [ -75.0852, 38.6284 ], [ -75.0885, 38.6375 ], [ -75.0905, 38.6415 ], [ -75.0919, 38.6431 ], [ -75.0935, 38.6443 ], [ -75.0953, 38.6448 ], [ -75.1027, 38.6445 ], [ -75.1026, 38.6602 ], [ -75.1013, 38.6797 ], [ -75.0997, 38.6848 ], [ -75.0941, 38.6977 ], [ -75.0932, 38.7086 ], [ -75.0889, 38.7066 ], [ -75.0755, 38.6972 ], [ -75.0766, 38.7033 ], [ -75.08, 38.7056 ], [ -75.0809, 38.7081 ], [ -75.0778, 38.7075 ], [ -75.0772, 38.7081 ], [ -75.0763, 38.7069 ], [ -75.0741, 38.7071 ], [ -75.0753, 38.7167 ], [ -75.0703, 38.717 ], [ -75.0619, 38.6588 ], [ -75.0588, 38.6127 ], [ -75.049, 38.6144 ], [ -75.0479, 38.6093 ], [ -75.0611, 38.6084 ], [ -75.0849, 38.6078 ], [ -75.1032, 38.6069 ], [ -75.103, 38.6086 ], [ -75.1018, 38.6116 ] ] ] } },
{ "type": "Feature", "properties": { "GEOIDFQ": "1400000US10005050405", "NAME": "504.05", "NAMELSAD": "Census Tract 504.05" }, "geometry": { "type": "Polygon", "coordinates": [ [ [ -75.6438, 38.6418 ], [ -75.638, 38.6439 ], [ -75.6296, 38.6454 ], [ -75.6368, 38.6627 ], [ -75.638, 38.6682 ], [ -75.6376, 38.6733 ], [ -75.6384, 38.6779 ], [ -75.6397, 38.6807 ], [ -75.64, 38.6842 ], [ -75.6377, 38.6859 ], [ -75.637, 38.6869 ], [ -75.6354, 38.6906 ], [ -75.6334, 38.6938 ], [ -75.6274, 38.7077 ], [ -75.6235, 38.7051 ], [ -75.6203, 38.7019 ], [ -75.6151, 38.6998 ], [ -75.6216, 38.669 ], [ -75.6225, 38.6617 ], [ -75.6188, 38.6477 ], [ -75.6142, 38.6382 ], [ -75.6156, 38.637 ], [ -75.6166, 38.6366 ], [ -75.6169, 38.6368 ], [ -75.6223, 38.6342 ], [ -75.6248, 38.6337 ], [ -75.6271, 38.6341 ], [ -75.6486, 38.6417 ], [ -75.6438, 38.6418 ] ] ] } },
{ "type": "Feature", "properties": { "GEOIDFQ": "1400000US10005050105", "NAME": "501.05", "NAMELSAD": "Census Tract 501.05" }, "geometry": { "type": "Polygon", "coordinates": [ [ [ -75.4291, 38.871 ], [ -75.419, 38.871 ], [ -75.4191, 38.8832 ], [ -75.4217, 38.8932 ], [ -75.4223, 38.8981 ], [ -75.4209, 38.8977 ], [ -75.4075, 38.8884 ], [ -75.3917, 38.8758 ], [ -75.3898, 38.8769 ], [ -75.3851, 38.8783 ], [ -75.3791, 38.8812 ], [ -75.3749, 38.8852 ], [ -75.3584, 38.8771 ], [ -75.3569, 38.8759 ], [ -75.3548, 38.8729 ], [ -75.3529, 38.8716 ], [ -75.3453, 38.868 ], [ -75.3394, 38.8674 ], [ -75.337, 38.8667 ], [ -75.3291, 38.8587 ], [ -75.333, 38.8584 ], [ -75.3346, 38.8576 ], [ -75.3404, 38.8566 ], [ -75.3465, 38.8558 ], [ -75.3498, 38.8557 ], [ -75.3526, 38.8545 ], [ -75.3596, 38.8491 ], [ -75.3646, 38.8485 ], [ -75.3615, 38.8446 ], [ -75.3514, 38.839 ], [ -75.3463, 38.835 ], [ -75.3457, 38.8341 ], [ -75.3489, 38.8342 ], [ -75.3626, 38.8331 ], [ -75.3697, 38.8335 ], [ -75.3822, 38.8332 ], [ -75.3886, 38.8344 ], [ -75.3938, 38.8346 ], [ -75.3947, 38.8349 ], [ -75.3954, 38.8358 ], [ -75.3951, 38.8308 ], [ -75.4032, 38.8277 ], [ -75.4081, 38.8207 ], [ -75.4093, 38.822 ], [ -75.4121, 38.8236 ], [ -75.4149, 38.8273 ], [ -75.4192, 38.829 ], [ -75.4224, 38.8334 ], [ -75.4292, 38.8282 ], [ -75.4347, 38.8282 ], [ -75.4388, 38.8269 ], [ -75.4392, 38.8693 ], [ -75.4291, 38.871 ] ] ] } },
{ "type": "Feature", "properties": { "GEOIDFQ": "1400000US10005050406", "NAME": "504.06", "NAMELSAD": "Census Tract 504.06" }, "geometry": { "type": "Polygon", "coordinates": [ [ [ -75.6216, 38.669 ], [ -75.6151, 38.6998 ], [ -75.6087, 38.6968 ], [ -75.6022, 38.6951 ], [ -75.5997, 38.6956 ], [ -75.5891, 38.6997 ], [ -75.5944, 38.6558 ], [ -75.5938, 38.6437 ], [ -75.5943, 38.6443 ], [ -75.5944, 38.6439 ], [ -75.595, 38.6438 ], [ -75.5971, 38.6425 ], [ -75.5974, 38.6404 ], [ -75.5982, 38.6402 ], [ -75.5974, 38.6402 ], [ -75.5972, 38.6396 ], [ -75.5978, 38.6386 ], [ -75.5994, 38.6385 ], [ -75.6003, 38.639 ], [ -75.6022, 38.6388 ], [ -75.6024, 38.6395 ], [ -75.6057, 38.6412 ], [ -75.6112, 38.6402 ], [ -75.6141, 38.6379 ], [ -75.6188, 38.6477 ], [ -75.6225, 38.6617 ], [ -75.6216, 38.669 ] ] ] } },
{ "type": "Feature", "properties": { "GEOIDFQ": "1400000US10003013608", "NAME": "136.08", "NAMELSAD": "Census Tract 136.08" }, "geometry": { "type": "Polygon", "coordinates": [ [ [ -75.6957, 39.7032 ], [ -75.6949, 39.7087 ], [ -75.6939, 39.7106 ], [ -75.695, 39.7135 ], [ -75.6838, 39.7127 ], [ -75.6816, 39.7093 ], [ -75.6876, 39.7049 ], [ -75.6962, 39.7021 ], [ -75.6957, 39.7032 ] ] ] } },
{ "type": "Feature", "properties": { "GEOIDFQ": "1400000US10001040502", "NAME": "405.02", "NAMELSAD": "Census Tract 405.02" }, "geometry": { "type": "Polygon", "coordinates": [ [ [ -75.577, 39.2427 ], [ -75.5758, 39.2437 ], [ -75.5729, 39.2438 ], [ -75.5722, 39.2435 ], [ -75.5701, 39.2437 ], [ -75.5695, 39.2448 ], [ -75.5688, 39.2452 ], [ -75.5667, 39.2441 ], [ -75.564, 39.2443 ], [ -75.5618, 39.244 ], [ -75.5592, 39.2448 ], [ -75.5555, 39.2442 ], [ -75.5545, 39.2451 ], [ -75.5536, 39.247 ], [ -75.5528, 39.2473 ], [ -75.5521, 39.2471 ], [ -75.5511, 39.2477 ], [ -75.5506, 39.2489 ], [ -75.5506, 39.2503 ], [ -75.5501, 39.2508 ], [ -75.5481, 39.2515 ], [ -75.5458, 39.2514 ], [ -75.5439, 39.2509 ], [ -75.5421, 39.2516 ], [ -75.5395, 39.2515 ], [ -75.5394, 39.2498 ], [ -75.5387, 39.2492 ], [ -75.5358, 39.2489 ], [ -75.5348, 39.2493 ], [ -75.5336, 39.2512 ], [ -75.5318, 39.252 ], [ -75.5301, 39.2518 ], [ -75.528, 39.2505 ], [ -75.5243, 39.2494 ], [ -75.5241, 39.2485 ], [ -75.525, 39.2474 ], [ -75.5244, 39.2462 ], [ -75.5221, 39.2457 ], [ -75.5182, 39.246 ], [ -75.5176, 39.2456 ], [ -75.517, 39.2395 ], [ -75.5163, 39.2387 ], [ -75.5139, 39.2376 ], [ -75.5132, 39.2364 ], [ -75.5111, 39.2206 ], [ -75.5067, 39.2161 ], [ -75.5047, 39.2125 ], [ -75.5015, 39.2082 ], [ -75.5005, 39.2071 ], [ -75.4854, 39.1976 ], [ -75.4795, 39.1968 ], [ -75.4849, 39.1903 ], [ -75.4963, 39.1788 ], [ -75.5024, 39.1768 ], [ -75.5379, 39.2008 ], [ -75.5418, 39.2043 ], [ -75.5462, 39.2093 ], [ -75.5486, 39.2115 ], [ -75.566, 39.2222 ], [ -75.5726, 39.2275 ], [ -75.577, 39.2322 ], [ -75.5796, 39.2359 ], [ -75.5812, 39.2393 ], [ -75.5816, 39.2421 ], [ -75.577, 39.2427 ] ] ] } },
{ "type": "Feature", "properties": { "GEOIDFQ": "1400000US10001043202", "NAME": "432.02", "NAMELSAD": "Census Tract 432.02" }, "geometry": { "type": "Polygon", "coordinates": [ [ [ -75.5483, 39.3532 ], [ -75.5479, 39.3513 ], [ -75.5452, 39.3508 ], [ -75.5441, 39.3514 ], [ -75.5429, 39.3538 ], [ -75.542, 39.3543 ], [ -75.5408, 39.3543 ], [ -75.5396, 39.3536 ], [ -75.5387, 39.3517 ], [ -75.5368, 39.3508 ], [ -75.5354, 39.3507 ], [ -75.5345, 39.3514 ], [ -75.5343, 39.3533 ], [ -75.5329, 39.3544 ], [ -75.5314, 39.3545 ], [ -75.5291, 39.3534 ], [ -75.5276, 39.3541 ], [ -75.5273, 39.3553 ], [ -75.5288, 39.3572 ], [ -75.5285, 39.3582 ], [ -75.5278, 39.359 ], [ -75.5259, 39.3596 ], [ -75.5239, 39.3598 ], [ -75.5209, 39.3586 ], [ -75.5193, 39.3603 ], [ -75.5167, 39.3611 ], [ -75.5158, 39.3646 ], [ -75.5123, 39.3657 ], [ -75.5058, 39.3703 ], [ -75.4851, 39.3588 ], [ -75.4837, 39.3502 ], [ -75.4684, 39.3414 ], [ -75.4519, 39.3344 ], [ -75.4467, 39.3274 ], [ -75.4349, 39.3235 ], [ -75.4271, 39.3135 ], [ -75.4254, 39.2952 ], [ -75.3987, 39.2665 ], [ -75.3963, 39.257 ], [ -75.3947, 39.2462 ], [ -75.3951, 39.2303 ], [ -75.3937, 39.2248 ], [ -75.3861, 39.2059 ], [ -75.3865, 39.1896 ], [ -75.4004, 39.1758 ], [ -75.4027, 39.1695 ], [ -75.4041, 39.1593 ], [ -75.4063, 39.1518 ], [ -75.4048, 39.1449 ], [ -75.4019, 39.1208 ], [ -75.398, 39.1114 ], [ -75.395, 39.1015 ], [ -75.3957, 39.08 ], [ -75.3945, 39.0716 ], [ -75.3929, 39.0676 ], [ -75.3847, 39.0562 ], [ -75.3699, 39.0498 ], [ -75.3642, 39.0454 ], [ -75.362, 39.0431 ], [ -75.3441, 39.0311 ], [ -75.3329, 39.0215 ], [ -75.3254, 39.0077 ], [ -75.314, 38.9927 ], [ -75.309, 38.9799 ], [ -75.3068, 38.9728 ], [ -75.308, 38.9525 ], [ -75.3079, 38.9473 ], [ -75.3121, 38.9459 ], [ -75.3131, 38.9462 ], [ -75.3143, 38.9474 ], [ -75.3134, 38.9495 ], [ -75.3138, 38.9507 ], [ -75.3167, 38.9529 ], [ -75.3204, 38.9538 ], [ -75.3213, 38.9535 ], [ -75.3222, 38.9518 ], [ -75.3243, 38.9499 ], [ -75.3263, 38.949 ], [ -75.3277, 38.9489 ], [ -75.3302, 38.9505 ], [ -75.3324, 38.9507 ], [ -75.333, 38.9502 ], [ -75.3335, 38.9485 ], [ -75.335, 38.9473 ], [ -75.3374, 38.9464 ], [ -75.3394, 38.9464 ], [ -75.3435, 38.9475 ], [ -75.3435, 38.9485 ], [ -75.3424, 38.95 ], [ -75.3421, 38.9511 ], [ -75.3431, 38.9531 ], [ -75.3432, 38.9547 ], [ -75.3444, 38.9554 ], [ -75.3456, 38.9549 ], [ -75.3464, 38.9527 ], [ -75.3493, 38.9496 ], [ -75.3495, 38.9478 ], [ -75.3502, 38.9474 ], [ -75.3519, 38.9474 ], [ -75.3527, 38.9478 ], [ -75.3544, 38.95 ], [ -75.3566, 38.9519 ], [ -75.357, 38.9544 ], [ -75.3589, 38.9557 ], [ -75.3602, 38.9576 ], [ -75.3609, 38.9577 ], [ -75.3644, 38.9545 ], [ -75.3663, 38.9539 ], [ -75.3682, 38.9572 ], [ -75.3679, 38.9594 ], [ -75.3684, 38.96 ], [ -75.372, 38.9614 ], [ -75.3763, 38.9605 ], [ -75.3803, 38.9619 ], [ -75.381, 38.9617 ], [ -75.3813, 38.9613 ], [ -75.3815, 38.9588 ], [ -75.3826, 38.9558 ], [ -75.389, 38.9547 ], [ -75.3905, 38.9567 ], [ -75.3922, 38.9565 ], [ -75.3933, 38.9555 ], [ -75.3932, 38.9535 ], [ -75.3945, 38.9518 ], [ -75.3954, 38.9511 ], [ -75.3983, 38.9499 ], [ -75.4002, 38.9483 ], [ -75.4011, 38.9463 ], [ -75.3991, 38.9434 ], [ -75.3985, 38.9408 ], [ -75.4, 38.9388 ], [ -75.4019, 38.9378 ], [ -75.4037, 38.9371 ], [ -75.4056, 38.937 ], [ -75.409, 38.9379 ], [ -75.4104, 38.9376 ], [ -75.4101, 38.9381 ], [ -75.4108, 38.9384 ], [ -75.412, 38.9381 ], [ -75.4128, 38.9384 ], [ -75.4138, 38.9378 ], [ -75.4174, 38.9381 ], [ -75.4184, 38.9384 ], [ -75.4205, 38.94 ], [ -75.4222, 38.9403 ], [ -75.4228, 38.9415 ], [ -75.4245, 38.9427 ], [ -75.4276, 38.9424 ], [ -75.4259, 38.9486 ], [ -75.4259, 38.951 ], [ -75.4268, 38.9548 ], [ -75.4409, 38.9838 ], [ -75.4444, 38.9876 ], [ -75.4509, 38.9922 ], [ -75.4529, 38.9948 ], [ -75.459, 39.0109 ], [ -75.4619, 39.0169 ], [ -75.4575, 39.0379 ], [ -75.4572, 39.0408 ], [ -75.4576, 39.0451 ], [ -75.4618, 39.0612 ], [ -75.462, 39.065 ], [ -75.4575, 39.0848 ], [ -75.4542, 39.1023 ], [ -75.4542, 39.1045 ], [ -75.4553, 39.1062 ], [ -75.4522, 39.1084 ], [ -75.4504, 39.1118 ], [ -75.4449, 39.1174 ], [ -75.4441, 39.119 ], [ -75.449, 39.1219 ], [ -75.447, 39.1235 ], [ -75.446, 39.1248 ], [ -75.4456, 39.1274 ], [ -75.4469, 39.1293 ], [ -75.4452, 39.1308 ], [ -75.4461, 39.1319 ], [ -75.4471, 39.1315 ], [ -75.4491, 39.133 ], [ -75.4508, 39.1331 ], [ -75.4494, 39.1348 ], [ -75.4482, 39.1349 ], [ -75.4482, 39.1363 ], [ -75.4437, 39.1534 ], [ -75.4438, 39.1567 ], [ -75.4526, 39.1774 ], [ -75.4543, 39.1798 ], [ -75.4577, 39.183 ], [ -75.4679, 39.1924 ], [ -75.4772, 39.1965 ], [ -75.4851, 39.1975 ], [ -75.5005, 39.2071 ], [ -75.5047, 39.2125 ], [ -75.5067, 39.2161 ], [ -75.5111, 39.2206 ], [ -75.5132, 39.2364 ], [ -75.5139, 39.2376 ], [ -75.5163, 39.2387 ], [ -75.5171, 39.2397 ], [ -75.5177, 39.2472 ], [ -75.5213, 39.27 ], [ -75.5212, 39.2747 ], [ -75.5208, 39.2765 ], [ -75.5198, 39.2785 ], [ -75.5169, 39.2821 ], [ -75.5159, 39.2847 ], [ -75.515, 39.3148 ], [ -75.5126, 39.326 ], [ -75.5201, 39.3301 ], [ -75.527, 39.3324 ], [ -75.5413, 39.3414 ], [ -75.5485, 39.351 ], [ -75.5496, 39.3538 ], [ -75.5483, 39.3532 ] ] ] } },
{ "type": "Feature", "properties": { "GEOIDFQ": "1400000US10001040501", "NAME": "405.01", "NAMELSAD": "Census Tract 405.01" }, "geometry": { "type": "Polygon", "coordinates": [ [ [ -75.5876, 39.2441 ], [ -75.5847, 39.242 ], [ -75.5835, 39.2425 ], [ -75.5816, 39.2421 ], [ -75.5808, 39.2383 ], [ -75.5786, 39.2343 ], [ -75.5754, 39.2303 ], [ -75.5699, 39.2251 ], [ -75.566, 39.2222 ], [ -75.5486, 39.2115 ], [ -75.5462, 39.2093 ], [ -75.5418, 39.2043 ], [ -75.5379, 39.2008 ], [ -75.5024, 39.1768 ], [ -75.5067, 39.1746 ], [ -75.5171, 39.1681 ], [ -75.5181, 39.17 ], [ -75.5303, 39.1816 ], [ -75.5701, 39.2102 ], [ -75.5715, 39.2124 ], [ -75.5798, 39.2302 ], [ -75.5881, 39.244 ], [ -75.5876, 39.2441 ] ] ] } },
{ "type": "Feature", "properties": { "GEOIDFQ": "1400000US10001990000", "NAME": "9900", "NAMELSAD": "Census Tract 9900" }, "geometry": { "type": "Polygon", "coordinates": [ [ [ -75.4814, 39.3876 ], [ -75.4694, 39.3731 ], [ -75.4448, 39.3551 ], [ -75.3811, 39.3008 ], [ -75.321, 39.2514 ], [ -75.249, 39.1589 ], [ -75.2191, 39.1159 ], [ -75.1917, 39.079 ], [ -75.1685, 39.0562 ], [ -75.1428, 39.0115 ], [ -75.1385, 39.0027 ], [ -75.3079, 38.9473 ], [ -75.308, 38.9525 ], [ -75.3068, 38.9728 ], [ -75.309, 38.9799 ], [ -75.314, 38.9927 ], [ -75.3254, 39.0077 ], [ -75.3329, 39.0215 ], [ -75.3441, 39.0311 ], [ -75.362, 39.0431 ], [ -75.3642, 39.0454 ], [ -75.3699, 39.0498 ], [ -75.3847, 39.0562 ], [ -75.3929, 39.0676 ], [ -75.3945, 39.0716 ], [ -75.3957, 39.08 ], [ -75.395, 39.1015 ], [ -75.398, 39.1114 ], [ -75.4019, 39.1208 ], [ -75.4048, 39.1449 ], [ -75.4063, 39.1518 ], [ -75.4041, 39.1593 ], [ -75.4027, 39.1695 ], [ -75.4004, 39.1758 ], [ -75.3865, 39.1896 ], [ -75.3861, 39.2059 ], [ -75.3937, 39.2248 ], [ -75.3951, 39.2303 ], [ -75.3947, 39.2462 ], [ -75.3963, 39.257 ], [ -75.3987, 39.2665 ], [ -75.4254, 39.2952 ], [ -75.4271, 39.3135 ], [ -75.4349, 39.3235 ], [ -75.4467, 39.3274 ], [ -75.4519, 39.3344 ], [ -75.4684, 39.3414 ], [ -75.4837, 39.3502 ], [ -75.4851, 39.3588 ], [ -75.5058, 39.3703 ], [ -75.4814, 39.3876 ] ] ] } },
{ "type": "Feature", "properties": { "GEOIDFQ": "1400000US10001043400", "NAME": "434", "NAMELSAD": "Census Tract 434" }, "geometry": { "type": "Polygon", "coordinates": [ [ [ -75.5254, 39.0128 ], [ -75.5242, 39.0148 ], [ -75.5228, 39.0162 ], [ -75.5211, 39.0173 ], [ -75.5196, 39.0174 ], [ -75.5183, 39.0184 ], [ -75.5172, 39.0209 ], [ -75.5151, 39.022 ], [ -75.5134, 39.0238 ], [ -75.5083, 39.0248 ], [ -75.5078, 39.0235 ], [ -75.507, 39.0235 ], [ -75.5051, 39.0255 ], [ -75.5041, 39.0255 ], [ -75.5031, 39.0261 ], [ -75.5008, 39.0279 ], [ -75.4987, 39.0287 ], [ -75.4979, 39.0296 ], [ -75.4965, 39.0287 ], [ -75.4948, 39.0288 ], [ -75.493, 39.0281 ], [ -75.4906, 39.0289 ], [ -75.4884, 39.0277 ], [ -75.4869, 39.0277 ], [ -75.4867, 39.027 ], [ -75.4859, 39.0264 ], [ -75.485, 39.0271 ], [ -75.4838, 39.0273 ], [ -75.4848, 39.0281 ], [ -75.4847, 39.0285 ], [ -75.4832, 39.0283 ], [ -75.481, 39.0275 ], [ -75.4798, 39.028 ], [ -75.4791, 39.0279 ], [ -75.4759, 39.026 ], [ -75.4763, 39.0248 ], [ -75.4773, 39.0241 ], [ -75.476, 39.0233 ], [ -75.4764, 39.0223 ], [ -75.4755, 39.0217 ], [ -75.4757, 39.0209 ], [ -75.4746, 39.0211 ], [ -75.4731, 39.0206 ], [ -75.4723, 39.0211 ], [ -75.4724, 39.022 ], [ -75.4699, 39.0214 ], [ -75.4703, 39.0196 ], [ -75.4714, 39.0197 ], [ -75.4718, 39.0193 ], [ -75.4716, 39.0169 ], [ -75.4707, 39.0158 ], [ -75.4697, 39.0156 ], [ -75.4696, 39.0141 ], [ -75.4672, 39.0134 ], [ -75.4666, 39.0128 ], [ -75.4659, 39.013 ], [ -75.4656, 39.0138 ], [ -75.4639, 39.0139 ], [ -75.4624, 39.0122 ], [ -75.4591, 39.0111 ], [ -75.4526, 38.9943 ], [ -75.4504, 38.9918 ], [ -75.4429, 38.9863 ], [ -75.4405, 38.9831 ], [ -75.4268, 38.9548 ], [ -75.4259, 38.951 ], [ -75.426, 38.9478 ], [ -75.4283, 38.9384 ], [ -75.4311, 38.931 ], [ -75.4349, 38.9253 ], [ -75.4431, 38.9153 ], [ -75.444, 38.9131 ], [ -75.4496, 38.9121 ], [ -75.4564, 38.9098 ], [ -75.4606, 38.9094 ], [ -75.4632, 38.9102 ], [ -75.4653, 38.9113 ], [ -75.4767, 38.906 ], [ -75.4796, 38.9056 ], [ -75.4818, 38.9042 ], [ -75.4842, 38.9044 ], [ -75.4844, 38.9038 ], [ -75.4848, 38.9038 ], [ -75.485, 38.9049 ], [ -75.4858, 38.9048 ], [ -75.4895, 38.9055 ], [ -75.4922, 38.916 ], [ -75.4927, 38.9223 ], [ -75.4924, 38.923 ], [ -75.4904, 38.924 ], [ -75.4914, 38.9318 ], [ -75.4894, 38.9326 ], [ -75.4904, 38.9342 ], [ -75.5007, 38.9372 ], [ -75.4968, 38.9405 ], [ -75.4879, 38.9459 ], [ -75.4879, 38.9654 ], [ -75.4915, 38.9665 ], [ -75.4931, 38.9674 ], [ -75.495, 38.9695 ], [ -75.5002, 38.9782 ], [ -75.5023, 38.98 ], [ -75.5093, 38.9848 ], [ -75.5108, 38.9894 ], [ -75.5143, 38.9918 ], [ -75.5219, 39.0038 ], [ -75.5289, 39.0102 ], [ -75.5254, 39.0128 ] ] ] } },
{ "type": "Feature", "properties": { "GEOIDFQ": "1400000US10001043300", "NAME": "433", "NAMELSAD": "Census Tract 433" }, "geometry": { "type": "Polygon", "coordinates": [ [ [ -75.5676, 39.1933 ], [ -75.5643, 39.1944 ], [ -75.5639, 39.1951 ], [ -75.565, 39.197 ], [ -75.5651, 39.1986 ], [ -75.5592, 39.2023 ], [ -75.5296, 39.181 ], [ -75.53, 39.1729 ], [ -75.5316, 39.1701 ], [ -75.5283, 39.1611 ], [ -75.5378, 39.159 ], [ -75.5429, 39.1589 ], [ -75.5478, 39.1724 ], [ -75.5538, 39.1763 ], [ -75.5585, 39.1806 ], [ -75.56, 39.1823 ], [ -75.5608, 39.1844 ], [ -75.5623, 39.1844 ], [ -75.5632, 39.1848 ], [ -75.5664, 39.1879 ], [ -75.5691, 39.1892 ], [ -75.5712, 39.1911 ], [ -75.5676, 39.1933 ] ] ] } },
{ "type": "Feature", "properties": { "GEOIDFQ": "1400000US10003010800", "NAME": "108", "NAMELSAD": "Census Tract 108" }, "geometry": { "type": "Polygon", "coordinates": [ [ [ -75.5433, 39.7788 ], [ -75.5336, 39.7889 ], [ -75.5239, 39.7916 ], [ -75.5189, 39.7838 ], [ -75.5184, 39.7814 ], [ -75.517, 39.7783 ], [ -75.5169, 39.7772 ], [ -75.5108, 39.7789 ], [ -75.5064, 39.7809 ], [ -75.5068, 39.7758 ], [ -75.5074, 39.7733 ], [ -75.5032, 39.7694 ], [ -75.5184, 39.7624 ], [ -75.5206, 39.7658 ], [ -75.519, 39.7653 ], [ -75.5184, 39.7676 ], [ -75.5223, 39.7689 ], [ -75.524, 39.7699 ], [ -75.5259, 39.773 ], [ -75.53, 39.7718 ], [ -75.5342, 39.7688 ], [ -75.5338, 39.7685 ], [ -75.5328, 39.7694 ], [ -75.5313, 39.7669 ], [ -75.534, 39.7657 ], [ -75.5353, 39.7674 ], [ -75.5366, 39.7664 ], [ -75.5374, 39.7669 ], [ -75.5428, 39.7646 ], [ -75.5449, 39.7776 ], [ -75.5433, 39.7788 ] ] ] } },
{ "type": "Feature", "properties": { "GEOIDFQ": "1400000US10003014812", "NAME": "148.12", "NAMELSAD": "Census Tract 148.12" }, "geometry": { "type": "Polygon", "coordinates": [ [ [ -75.7824, 39.6064 ], [ -75.7767, 39.6054 ], [ -75.7693, 39.6048 ], [ -75.7598, 39.6032 ], [ -75.745, 39.6049 ], [ -75.7421, 39.5964 ], [ -75.7412, 39.591 ], [ -75.7415, 39.5898 ], [ -75.7541, 39.5877 ], [ -75.7573, 39.5859 ], [ -75.7615, 39.5824 ], [ -75.7654, 39.5803 ], [ -75.7735, 39.5775 ], [ -75.7748, 39.5757 ], [ -75.777, 39.5744 ], [ -75.7824, 39.5723 ], [ -75.7851, 39.6062 ], [ -75.7824, 39.6064 ] ] ] } },
{ "type": "Feature", "properties": { "GEOIDFQ": "1400000US10003013906", "NAME": "139.06", "NAMELSAD": "Census Tract 139.06" }, "geometry": { "type": "Polygon", "coordinates": [ [ [ -75.6969, 39.6582 ], [ -75.6904, 39.6615 ], [ -75.6838, 39.6674 ], [ -75.6751, 39.672 ], [ -75.6736, 39.6703 ], [ -75.6722, 39.6694 ], [ -75.6683, 39.6682 ], [ -75.6674, 39.6675 ], [ -75.6647, 39.6671 ], [ -75.66, 39.6653 ], [ -75.6695, 39.6594 ], [ -75.6794, 39.6549 ], [ -75.6949, 39.6489 ], [ -75.6977, 39.6485 ], [ -75.6969, 39.6582 ] ] ] } },
{ "type": "Feature", "properties": { "GEOIDFQ": "1400000US10003013905", "NAME": "139.05", "NAMELSAD": "Census Tract 139.05" }, "geometry": { "type": "Polygon", "coordinates": [ [ [ -75.6794, 39.6549 ], [ -75.6695, 39.6594 ], [ -75.66, 39.6653 ], [ -75.6567, 39.664 ], [ -75.6578, 39.6642 ], [ -75.6606, 39.6629 ], [ -75.6616, 39.6616 ], [ -75.661, 39.6603 ], [ -75.6631, 39.6584 ], [ -75.6641, 39.6586 ], [ -75.6649, 39.6581 ], [ -75.6666, 39.6582 ], [ -75.6677, 39.6573 ], [ -75.6692, 39.655 ], [ -75.6692, 39.654 ], [ -75.6682, 39.6534 ], [ -75.6722, 39.6529 ], [ -75.6745, 39.6515 ], [ -75.675, 39.6509 ], [ -75.6749, 39.6498 ], [ -75.6762, 39.6493 ], [ -75.6767, 39.6481 ], [ -75.6764, 39.6469 ], [ -75.6757, 39.6468 ], [ -75.6754, 39.6461 ], [ -75.6741, 39.6465 ], [ -75.674, 39.6444 ], [ -75.6746, 39.6441 ], [ -75.6763, 39.6423 ], [ -75.6761, 39.6412 ], [ -75.6771, 39.6395 ], [ -75.6801, 39.6386 ], [ -75.6807, 39.6376 ], [ -75.6856, 39.6425 ], [ -75.6875, 39.6455 ], [ -75.688, 39.6457 ], [ -75.6912, 39.6501 ], [ -75.6794, 39.6549 ] ] ] } },
{ "type": "Feature", "properties": { "GEOIDFQ": "1400000US10003010105", "NAME": "101.05", "NAMELSAD": "Census Tract 101.05" }, "geometry": { "type": "Polygon", "coordinates": [ [ [ -75.4641, 39.8189 ], [ -75.4578, 39.8167 ], [ -75.4532, 39.8154 ], [ -75.4495, 39.8189 ], [ -75.4334, 39.8119 ], [ -75.4453, 39.8092 ], [ -75.4543, 39.8045 ], [ -75.457, 39.8081 ], [ -75.4594, 39.8104 ], [ -75.4695, 39.8142 ], [ -75.4641, 39.8189 ] ] ] } },
{ "type": "Feature", "properties": { "GEOIDFQ": "1400000US10003010703", "NAME": "107.03", "NAMELSAD": "Census Tract 107.03" }, "geometry": { "type": "Polygon", "coordinates": [ [ [ -75.511, 39.7649 ], [ -75.5115, 39.7656 ], [ -75.5093, 39.7666 ], [ -75.4933, 39.7571 ], [ -75.4987, 39.7551 ], [ -75.4997, 39.7567 ], [ -75.5041, 39.7591 ], [ -75.5055, 39.759 ], [ -75.5074, 39.7594 ], [ -75.51, 39.7584 ], [ -75.512, 39.7614 ], [ -75.511, 39.7649 ] ] ] } },
{ "type": "Feature", "properties": { "GEOIDFQ": "1400000US10003014301", "NAME": "143.01", "NAMELSAD": "Census Tract 143.01" }, "geometry": { "type": "Polygon", "coordinates": [ [ [ -75.7886, 39.7222 ], [ -75.7738, 39.7222 ], [ -75.7703, 39.7299 ], [ -75.766, 39.7381 ], [ -75.7634, 39.7376 ], [ -75.7614, 39.7367 ], [ -75.7607, 39.7361 ], [ -75.7594, 39.7339 ], [ -75.7604, 39.7317 ], [ -75.7604, 39.7298 ], [ -75.7612, 39.7294 ], [ -75.7626, 39.73 ], [ -75.7631, 39.7297 ], [ -75.7631, 39.7286 ], [ -75.7649, 39.7287 ], [ -75.7668, 39.727 ], [ -75.7673, 39.7256 ], [ -75.7669, 39.7249 ], [ -75.7653, 39.7243 ], [ -75.7642, 39.7202 ], [ -75.76, 39.7178 ], [ -75.7595, 39.7171 ], [ -75.758, 39.7161 ], [ -75.7593, 39.7137 ], [ -75.7597, 39.7092 ], [ -75.7569, 39.7054 ], [ -75.7555, 39.7044 ], [ -75.7543, 39.7027 ], [ -75.7525, 39.7017 ], [ -75.7525, 39.6983 ], [ -75.7533, 39.6962 ], [ -75.7536, 39.6964 ], [ -75.7542, 39.6953 ], [ -75.759, 39.6963 ], [ -75.7592, 39.6992 ], [ -75.7669, 39.6984 ], [ -75.7663, 39.6979 ], [ -75.7668, 39.6975 ], [ -75.7685, 39.6988 ], [ -75.7712, 39.6995 ], [ -75.7724, 39.6986 ], [ -75.7729, 39.6992 ], [ -75.7748, 39.7002 ], [ -75.7752, 39.6999 ], [ -75.7741, 39.6991 ], [ -75.7816, 39.698 ], [ -75.7817, 39.6983 ], [ -75.7857, 39.6998 ], [ -75.7859, 39.7004 ], [ -75.7886, 39.7005 ], [ -75.7886, 39.7222 ] ] ] } },
{ "type": "Feature", "properties": { "GEOIDFQ": "1400000US10003010106", "NAME": "101.06", "NAMELSAD": "Census Tract 101.06" }, "geometry": { "type": "Polygon", "coordinates": [ [ [ -75.4597, 39.8227 ], [ -75.4495, 39.8189 ], [ -75.4532, 39.8154 ], [ -75.4578, 39.8167 ], [ -75.4641, 39.8189 ], [ -75.4597, 39.8227 ] ] ] } },
{ "type": "Feature", "properties": { "GEOIDFQ": "1400000US10001040204", "NAME": "402.04", "NAMELSAD": "Census Tract 402.04" }, "geometry": { "type": "Polygon", "coordinates": [ [ [ -75.6344, 39.2786 ], [ -75.6301, 39.2847 ], [ -75.6228, 39.2934 ], [ -75.6213, 39.2945 ], [ -75.6113, 39.2972 ], [ -75.6038, 39.3026 ], [ -75.5977, 39.2934 ], [ -75.602, 39.2846 ], [ -75.6032, 39.2835 ], [ -75.6079, 39.2811 ], [ -75.6121, 39.2759 ], [ -75.614, 39.2742 ], [ -75.6274, 39.2629 ], [ -75.6304, 39.2616 ], [ -75.6325, 39.2615 ], [ -75.632, 39.2638 ], [ -75.6344, 39.271 ], [ -75.6347, 39.2772 ], [ -75.6344, 39.2786 ] ] ] } },
{ "type": "Feature", "properties": { "GEOIDFQ": "1400000US10001040206", "NAME": "402.06", "NAMELSAD": "Census Tract 402.06" }, "geometry": { "type": "Polygon", "coordinates": [ [ [ -75.6481, 39.2734 ], [ -75.6422, 39.277 ], [ -75.6384, 39.2785 ], [ -75.634, 39.2791 ], [ -75.6347, 39.2775 ], [ -75.6345, 39.2717 ], [ -75.6321, 39.264 ], [ -75.6325, 39.2615 ], [ -75.6303, 39.2616 ], [ -75.6276, 39.2628 ], [ -75.6145, 39.2738 ], [ -75.6014, 39.2644 ], [ -75.5975, 39.2672 ], [ -75.5889, 39.2697 ], [ -75.5866, 39.2641 ], [ -75.5863, 39.2556 ], [ -75.5883, 39.2447 ], [ -75.58, 39.23 ], [ -75.5839, 39.2333 ], [ -75.5868, 39.2314 ], [ -75.5914, 39.2311 ], [ -75.6264, 39.2223 ], [ -75.6262, 39.2249 ], [ -75.628, 39.2288 ], [ -75.631, 39.2322 ], [ -75.6334, 39.233 ], [ -75.6349, 39.2344 ], [ -75.6361, 39.2414 ], [ -75.636, 39.2447 ], [ -75.6368, 39.2459 ], [ -75.6417, 39.2501 ], [ -75.6404, 39.2522 ], [ -75.6545, 39.2689 ], [ -75.6481, 39.2734 ] ] ] } },
{ "type": "Feature", "properties": { "GEOIDFQ": "1400000US10001042203", "NAME": "422.03", "NAMELSAD": "Census Tract 422.03" }, "geometry": { "type": "Polygon", "coordinates": [ [ [ -75.5162, 39.098 ], [ -75.5159, 39.1003 ], [ -75.5013, 39.1102 ], [ -75.4995, 39.1133 ], [ -75.4998, 39.1142 ], [ -75.5014, 39.116 ], [ -75.5006, 39.1161 ], [ -75.4986, 39.115 ], [ -75.4992, 39.1131 ], [ -75.4982, 39.1117 ], [ -75.4964, 39.1114 ], [ -75.4934, 39.112 ], [ -75.4919, 39.1102 ], [ -75.4908, 39.1097 ], [ -75.4901, 39.11 ], [ -75.4893, 39.1114 ], [ -75.4866, 39.1114 ], [ -75.4856, 39.1108 ], [ -75.4853, 39.1098 ], [ -75.4844, 39.1087 ], [ -75.4806, 39.1081 ], [ -75.478, 39.1066 ], [ -75.4754, 39.1059 ], [ -75.4731, 39.1041 ], [ -75.472, 39.1021 ], [ -75.4688, 39.1006 ], [ -75.4672, 39.0982 ], [ -75.4649, 39.0968 ], [ -75.4621, 39.0924 ], [ -75.4619, 39.0915 ], [ -75.462, 39.091 ], [ -75.4644, 39.0895 ], [ -75.4657, 39.0875 ], [ -75.4743, 39.0851 ], [ -75.4811, 39.0816 ], [ -75.4837, 39.0789 ], [ -75.4879, 39.0762 ], [ -75.4896, 39.0753 ], [ -75.4934, 39.0743 ], [ -75.4951, 39.0768 ], [ -75.4978, 39.0769 ], [ -75.5042, 39.0807 ], [ -75.506, 39.0831 ], [ -75.5188, 39.0914 ], [ -75.5162, 39.098 ] ] ] } },
{ "type": "Feature", "properties": { "GEOIDFQ": "1400000US10001042204", "NAME": "422.04", "NAMELSAD": "Census Tract 422.04" }, "geometry": { "type": "Polygon", "coordinates": [ [ [ -75.5453, 39.0899 ], [ -75.5448, 39.0952 ], [ -75.5384, 39.0951 ], [ -75.5361, 39.0961 ], [ -75.5352, 39.0977 ], [ -75.5292, 39.0981 ], [ -75.5268, 39.0987 ], [ -75.5159, 39.1003 ], [ -75.5162, 39.098 ], [ -75.5188, 39.0914 ], [ -75.506, 39.0831 ], [ -75.5042, 39.0807 ], [ -75.4978, 39.0769 ], [ -75.4951, 39.0768 ], [ -75.4934, 39.0743 ], [ -75.4946, 39.0735 ], [ -75.5053, 39.0625 ], [ -75.5188, 39.052 ], [ -75.5255, 39.0505 ], [ -75.5318, 39.0607 ], [ -75.5337, 39.0651 ], [ -75.534, 39.0665 ], [ -75.5335, 39.0699 ], [ -75.5356, 39.0749 ], [ -75.5463, 39.0849 ], [ -75.5473, 39.0871 ], [ -75.5453, 39.0899 ] ] ] } },
{ "type": "Feature", "properties": { "GEOIDFQ": "1400000US10001042205", "NAME": "422.05", "NAMELSAD": "Census Tract 422.05" }, "geometry": { "type": "Polygon", "coordinates": [ [ [ -75.5516, 39.0825 ], [ -75.5459, 39.0952 ], [ -75.5448, 39.0952 ], [ -75.5453, 39.0899 ], [ -75.5472, 39.0872 ], [ -75.5467, 39.0854 ], [ -75.5356, 39.0749 ], [ -75.5335, 39.0699 ], [ -75.534, 39.0665 ], [ -75.5337, 39.0651 ], [ -75.5318, 39.0607 ], [ -75.5255, 39.0505 ], [ -75.5387, 39.0454 ], [ -75.5482, 39.0425 ], [ -75.5532, 39.043 ], [ -75.5558, 39.0425 ], [ -75.557, 39.045 ], [ -75.5577, 39.0455 ], [ -75.5516, 39.0825 ] ] ] } },
{ "type": "Feature", "properties": { "GEOIDFQ": "1400000US10001042802", "NAME": "428.02", "NAMELSAD": "Census Tract 428.02" }, "geometry": { "type": "Polygon", "coordinates": [ [ [ -75.5977, 39.0113 ], [ -75.6059, 39.0294 ], [ -75.603, 39.0413 ], [ -75.6007, 39.041 ], [ -75.5971, 39.0416 ], [ -75.5958, 39.0412 ], [ -75.5943, 39.0401 ], [ -75.5918, 39.0365 ], [ -75.5913, 39.0361 ], [ -75.5852, 39.0346 ], [ -75.5735, 39.0335 ], [ -75.5695, 39.0344 ], [ -75.5607, 39.0352 ], [ -75.5519, 39.0375 ], [ -75.5459, 39.0312 ], [ -75.5339, 39.0146 ], [ -75.5214, 39.0032 ], [ -75.5143, 38.9918 ], [ -75.5108, 38.9894 ], [ -75.5093, 38.9848 ], [ -75.5023, 38.98 ], [ -75.5005, 38.9784 ], [ -75.5041, 38.9768 ], [ -75.5176, 38.9682 ], [ -75.5357, 38.9601 ], [ -75.5392, 38.9554 ], [ -75.5449, 38.9518 ], [ -75.5465, 38.9533 ], [ -75.5487, 38.9541 ], [ -75.5659, 38.9532 ], [ -75.572, 38.9524 ], [ -75.5745, 38.9517 ], [ -75.5793, 38.9489 ], [ -75.5874, 38.9496 ], [ -75.5942, 38.9508 ], [ -75.593, 38.9584 ], [ -75.5925, 38.9703 ], [ -75.5896, 38.9755 ], [ -75.5972, 38.9743 ], [ -75.5955, 38.9783 ], [ -75.5956, 38.9791 ], [ -75.6002, 38.9916 ], [ -75.607, 39.0067 ], [ -75.5977, 39.0113 ] ] ] } },
{ "type": "Feature", "properties": { "GEOIDFQ": "1400000US10001042207", "NAME": "422.07", "NAMELSAD": "Census Tract 422.07" }, "geometry": { "type": "Polygon", "coordinates": [ [ [ -75.5053, 39.0625 ], [ -75.4942, 39.074 ], [ -75.4896, 39.0753 ], [ -75.4853, 39.0777 ], [ -75.4806, 39.0819 ], [ -75.4739, 39.0853 ], [ -75.4657, 39.0875 ], [ -75.4653, 39.0862 ], [ -75.4619, 39.085 ], [ -75.4573, 39.0856 ], [ -75.4586, 39.0808 ], [ -75.4621, 39.064 ], [ -75.4615, 39.0599 ], [ -75.4582, 39.0474 ], [ -75.461, 39.0517 ], [ -75.4693, 39.0601 ], [ -75.4702, 39.0614 ], [ -75.4773, 39.0542 ], [ -75.4818, 39.0555 ], [ -75.4878, 39.0596 ], [ -75.4919, 39.0572 ], [ -75.4944, 39.0551 ], [ -75.4961, 39.0544 ], [ -75.5022, 39.0542 ], [ -75.5067, 39.053 ], [ -75.5141, 39.052 ], [ -75.5188, 39.052 ], [ -75.5053, 39.0625 ] ] ] } },
{ "type": "Feature", "properties": { "GEOIDFQ": "1400000US10001041803", "NAME": "418.03", "NAMELSAD": "Census Tract 418.03" }, "geometry": { "type": "Polygon", "coordinates": [ [ [ -75.6264, 39.2223 ], [ -75.5914, 39.2311 ], [ -75.5868, 39.2314 ], [ -75.5839, 39.2333 ], [ -75.58, 39.23 ], [ -75.5798, 39.2302 ], [ -75.5703, 39.2105 ], [ -75.5592, 39.2023 ], [ -75.5651, 39.1986 ], [ -75.565, 39.197 ], [ -75.5639, 39.1951 ], [ -75.5643, 39.1944 ], [ -75.5682, 39.193 ], [ -75.5712, 39.1911 ], [ -75.5784, 39.1972 ], [ -75.5787, 39.1978 ], [ -75.5785, 39.1983 ], [ -75.5851, 39.1946 ], [ -75.588, 39.1938 ], [ -75.5916, 39.1936 ], [ -75.6033, 39.1889 ], [ -75.6063, 39.189 ], [ -75.6103, 39.1886 ], [ -75.6155, 39.1873 ], [ -75.6238, 39.1881 ], [ -75.6221, 39.1933 ], [ -75.6182, 39.1996 ], [ -75.612, 39.205 ], [ -75.6054, 39.2099 ], [ -75.6041, 39.2122 ], [ -75.6065, 39.212 ], [ -75.6202, 39.2126 ], [ -75.6296, 39.216 ], [ -75.6264, 39.2223 ] ] ] } },
{ "type": "Feature", "properties": { "GEOIDFQ": "1400000US10001040205", "NAME": "402.05", "NAMELSAD": "Census Tract 402.05" }, "geometry": { "type": "Polygon", "coordinates": [ [ [ -75.6121, 39.2759 ], [ -75.6079, 39.2811 ], [ -75.602, 39.2845 ], [ -75.5977, 39.2934 ], [ -75.5953, 39.2881 ], [ -75.5934, 39.2817 ], [ -75.5889, 39.2697 ], [ -75.5975, 39.2672 ], [ -75.6014, 39.2644 ], [ -75.6145, 39.2738 ], [ -75.6121, 39.2759 ] ] ] } },
{ "type": "Feature", "properties": { "GEOIDFQ": "1400000US10001042206", "NAME": "422.06", "NAMELSAD": "Census Tract 422.06" }, "geometry": { "type": "Polygon", "coordinates": [ [ [ -75.5532, 39.043 ], [ -75.549, 39.0425 ], [ -75.5472, 39.0427 ], [ -75.5369, 39.046 ], [ -75.5255, 39.0505 ], [ -75.5178, 39.0521 ], [ -75.517, 39.0495 ], [ -75.5142, 39.0461 ], [ -75.5123, 39.0455 ], [ -75.5083, 39.0458 ], [ -75.5079, 39.0456 ], [ -75.5075, 39.0408 ], [ -75.5106, 39.0361 ], [ -75.5105, 39.0349 ], [ -75.5144, 39.0271 ], [ -75.5092, 39.026 ], [ -75.5085, 39.0248 ], [ -75.5134, 39.0238 ], [ -75.5151, 39.022 ], [ -75.5172, 39.0209 ], [ -75.5183, 39.0184 ], [ -75.5196, 39.0174 ], [ -75.5211, 39.0173 ], [ -75.5228, 39.0162 ], [ -75.5242, 39.0148 ], [ -75.5254, 39.0128 ], [ -75.5289, 39.0102 ], [ -75.5342, 39.015 ], [ -75.5459, 39.0312 ], [ -75.5544, 39.04 ], [ -75.5558, 39.0425 ], [ -75.5532, 39.043 ] ] ] } },
{ "type": "Feature", "properties": { "GEOIDFQ": "1400000US10001041804", "NAME": "418.04", "NAMELSAD": "Census Tract 418.04" }, "geometry": { "type": "Polygon", "coordinates": [ [ [ -75.6472, 39.1838 ], [ -75.6462, 39.1849 ], [ -75.645, 39.1856 ], [ -75.6377, 39.1872 ], [ -75.628, 39.1855 ], [ -75.6252, 39.1864 ], [ -75.6238, 39.1881 ], [ -75.6155, 39.1873 ], [ -75.6103, 39.1886 ], [ -75.6063, 39.189 ], [ -75.6035, 39.1888 ], [ -75.5916, 39.1936 ], [ -75.588, 39.1938 ], [ -75.5851, 39.1946 ], [ -75.5785, 39.1983 ], [ -75.5787, 39.1978 ], [ -75.5784, 39.1972 ], [ -75.5712, 39.1911 ], [ -75.5755, 39.1882 ], [ -75.579, 39.1868 ], [ -75.58, 39.1853 ], [ -75.5862, 39.1815 ], [ -75.586, 39.181 ], [ -75.5852, 39.1798 ], [ -75.5813, 39.1769 ], [ -75.5789, 39.173 ], [ -75.5778, 39.1722 ], [ -75.5734, 39.1702 ], [ -75.5659, 39.1683 ], [ -75.5594, 39.1652 ], [ -75.5579, 39.1629 ], [ -75.5575, 39.159 ], [ -75.5622, 39.1586 ], [ -75.5771, 39.1585 ], [ -75.5831, 39.1561 ], [ -75.5857, 39.1557 ], [ -75.6373, 39.1556 ], [ -75.6473, 39.1544 ], [ -75.6505, 39.1654 ], [ -75.6513, 39.1723 ], [ -75.6472, 39.1838 ] ] ] } },
{ "type": "Feature", "properties": { "GEOIDFQ": "1400000US10001042208", "NAME": "422.08", "NAMELSAD": "Census Tract 422.08" }, "geometry": { "type": "Polygon", "coordinates": [ [ [ -75.5141, 39.052 ], [ -75.5101, 39.0525 ], [ -75.5057, 39.0532 ], [ -75.5016, 39.0543 ], [ -75.4961, 39.0544 ], [ -75.4944, 39.0551 ], [ -75.4919, 39.0572 ], [ -75.4878, 39.0596 ], [ -75.4818, 39.0555 ], [ -75.4773, 39.0542 ], [ -75.4702, 39.0614 ], [ -75.4604, 39.051 ], [ -75.4584, 39.0478 ], [ -75.4576, 39.0451 ], [ -75.4572, 39.0415 ], [ -75.4574, 39.0382 ], [ -75.4619, 39.0173 ], [ -75.4616, 39.0157 ], [ -75.4591, 39.0111 ], [ -75.4624, 39.0122 ], [ -75.4639, 39.0139 ], [ -75.4656, 39.0138 ], [ -75.4659, 39.013 ], [ -75.4666, 39.0128 ], [ -75.4672, 39.0134 ], [ -75.4696, 39.0141 ], [ -75.4697, 39.0156 ], [ -75.4707, 39.0158 ], [ -75.4716, 39.0169 ], [ -75.4718, 39.0193 ], [ -75.4714, 39.0197 ], [ -75.4703, 39.0196 ], [ -75.4699, 39.0214 ], [ -75.4724, 39.022 ], [ -75.4723, 39.0211 ], [ -75.4731, 39.0206 ], [ -75.4746, 39.0211 ], [ -75.4757, 39.0209 ], [ -75.4755, 39.0217 ], [ -75.4764, 39.0223 ], [ -75.476, 39.0233 ], [ -75.4773, 39.0241 ], [ -75.4763, 39.0248 ], [ -75.4759, 39.026 ], [ -75.4794, 39.028 ], [ -75.481, 39.0275 ], [ -75.4832, 39.0283 ], [ -75.4847, 39.0285 ], [ -75.4848, 39.0281 ], [ -75.4838, 39.0273 ], [ -75.485, 39.0271 ], [ -75.4859, 39.0264 ], [ -75.4867, 39.027 ], [ -75.4869, 39.0277 ], [ -75.4884, 39.0277 ], [ -75.4906, 39.0289 ], [ -75.493, 39.0281 ], [ -75.4948, 39.0288 ], [ -75.4965, 39.0287 ], [ -75.4979, 39.0296 ], [ -75.4987, 39.0287 ], [ -75.5008, 39.0279 ], [ -75.5031, 39.0261 ], [ -75.5041, 39.0255 ], [ -75.5051, 39.0255 ], [ -75.5061, 39.0242 ], [ -75.5074, 39.0234 ], [ -75.5079, 39.0236 ], [ -75.5082, 39.0248 ], [ -75.5085, 39.0248 ], [ -75.509, 39.0259 ], [ -75.5144, 39.0271 ], [ -75.5105, 39.0349 ], [ -75.5106, 39.0361 ], [ -75.5075, 39.0408 ], [ -75.5077, 39.0441 ], [ -75.5082, 39.0458 ], [ -75.5123, 39.0455 ], [ -75.5142, 39.0461 ], [ -75.517, 39.0495 ], [ -75.5178, 39.0521 ], [ -75.5141, 39.052 ] ] ] } },
{ "type": "Feature", "properties": { "GEOIDFQ": "1400000US10001041101", "NAME": "411.01", "NAMELSAD": "Census Tract 411.01" }, "geometry": { "type": "Polygon", "coordinates": [ [ [ -75.4986, 39.115 ], [ -75.4951, 39.116 ], [ -75.4935, 39.1184 ], [ -75.4934, 39.1247 ], [ -75.4892, 39.1273 ], [ -75.4879, 39.126 ], [ -75.4714, 39.1166 ], [ -75.4749, 39.1129 ], [ -75.4778, 39.1126 ], [ -75.4792, 39.1096 ], [ -75.4804, 39.1084 ], [ -75.4823, 39.1088 ], [ -75.4833, 39.1088 ], [ -75.4833, 39.1085 ], [ -75.4844, 39.1087 ], [ -75.4853, 39.1098 ], [ -75.4856, 39.1108 ], [ -75.4866, 39.1114 ], [ -75.4893, 39.1114 ], [ -75.4901, 39.11 ], [ -75.4908, 39.1097 ], [ -75.4919, 39.1102 ], [ -75.4934, 39.112 ], [ -75.4964, 39.1114 ], [ -75.4977, 39.1116 ], [ -75.4987, 39.1121 ], [ -75.4992, 39.1131 ], [ -75.4986, 39.115 ] ] ] } },
{ "type": "Feature", "properties": { "GEOIDFQ": "1400000US10003015200", "NAME": "152", "NAMELSAD": "Census Tract 152" }, "geometry": { "type": "Polygon", "coordinates": [ [ [ -75.6062, 39.7111 ], [ -75.6034, 39.7111 ], [ -75.6021, 39.7107 ], [ -75.6, 39.7091 ], [ -75.5972, 39.7089 ], [ -75.5916, 39.7122 ], [ -75.5912, 39.7141 ], [ -75.5902, 39.7156 ], [ -75.5881, 39.7164 ], [ -75.5859, 39.7168 ], [ -75.5825, 39.7185 ], [ -75.5812, 39.7187 ], [ -75.5779, 39.7183 ], [ -75.5722, 39.7171 ], [ -75.5637, 39.7186 ], [ -75.5615, 39.7194 ], [ -75.5599, 39.7214 ], [ -75.5598, 39.7228 ], [ -75.5608, 39.7256 ], [ -75.5609, 39.7289 ], [ -75.5558, 39.7267 ], [ -75.5555, 39.7216 ], [ -75.5566, 39.7183 ], [ -75.5905, 39.6805 ], [ -75.5981, 39.6918 ], [ -75.603, 39.6982 ], [ -75.6074, 39.7073 ], [ -75.6082, 39.7107 ], [ -75.6062, 39.7111 ] ] ] } },
{ "type": "Feature", "properties": { "GEOIDFQ": "1400000US10001980000", "NAME": "9800", "NAMELSAD": "Census Tract 9800" }, "geometry": { "type": "Polygon", "coordinates": [ [ [ -75.4873, 39.1438 ], [ -75.4734, 39.136 ], [ -75.4699, 39.1358 ], [ -75.4694, 39.1393 ], [ -75.4669, 39.1388 ], [ -75.4659, 39.1488 ], [ -75.4625, 39.1487 ], [ -75.4622, 39.1524 ], [ -75.4618, 39.1524 ], [ -75.4621, 39.1487 ], [ -75.459, 39.1485 ], [ -75.4598, 39.1461 ], [ -75.4588, 39.1461 ], [ -75.4592, 39.1388 ], [ -75.4582, 39.1366 ], [ -75.4569, 39.1354 ], [ -75.4554, 39.1348 ], [ -75.4537, 39.1346 ], [ -75.4494, 39.1348 ], [ -75.4508, 39.1331 ], [ -75.4491, 39.133 ], [ -75.4471, 39.1315 ], [ -75.4461, 39.1319 ], [ -75.4452, 39.1308 ], [ -75.4469, 39.1293 ], [ -75.4456, 39.1274 ], [ -75.446, 39.1248 ], [ -75.447, 39.1235 ], [ -75.449, 39.1219 ], [ -75.4441, 39.119 ], [ -75.4449, 39.1174 ], [ -75.4504, 39.1118 ], [ -75.4522, 39.1084 ], [ -75.4553, 39.1062 ], [ -75.4542, 39.1045 ], [ -75.4541, 39.103 ], [ -75.4573, 39.0856 ], [ -75.4619, 39.085 ], [ -75.4653, 39.0862 ], [ -75.4657, 39.0869 ], [ -75.4655, 39.0882 ], [ -75.4644, 39.0895 ], [ -75.462, 39.091 ], [ -75.4619, 39.0915 ], [ -75.4621, 39.0924 ], [ -75.4649, 39.0968 ], [ -75.4672, 39.0982 ], [ -75.4688, 39.1006 ], [ -75.472, 39.1021 ], [ -75.4731, 39.1041 ], [ -75.4754, 39.1059 ], [ -75.478, 39.1066 ], [ -75.4806, 39.1081 ], [ -75.4833, 39.1085 ], [ -75.4833, 39.1088 ], [ -75.4823, 39.1088 ], [ -75.4804, 39.1084 ], [ -75.4792, 39.1096 ], [ -75.4778, 39.1126 ], [ -75.4749, 39.1129 ], [ -75.4714, 39.1166 ], [ -75.4879, 39.126 ], [ -75.4916, 39.1307 ], [ -75.4945, 39.1362 ], [ -75.4873, 39.1438 ] ] ] } },
{ "type": "Feature", "properties": { "GEOIDFQ": "1400000US10003016307", "NAME": "163.07", "NAMELSAD": "Census Tract 163.07" }, "geometry": { "type": "Polygon", "coordinates": [ [ [ -75.6642, 39.6091 ], [ -75.6598, 39.6329 ], [ -75.6534, 39.6366 ], [ -75.6531, 39.6318 ], [ -75.6515, 39.628 ], [ -75.6498, 39.6255 ], [ -75.6438, 39.6183 ], [ -75.6531, 39.6059 ], [ -75.6568, 39.6062 ], [ -75.6571, 39.6059 ], [ -75.6583, 39.6058 ], [ -75.6598, 39.6064 ], [ -75.6604, 39.6071 ], [ -75.6615, 39.6077 ], [ -75.6631, 39.607 ], [ -75.6649, 39.6055 ], [ -75.6649, 39.6066 ], [ -75.6642, 39.6091 ] ] ] } },
{ "type": "Feature", "properties": { "GEOIDFQ": "1400000US10003016609", "NAME": "166.09", "NAMELSAD": "Census Tract 166.09" }, "geometry": { "type": "Polygon", "coordinates": [ [ [ -75.7747, 39.5351 ], [ -75.7701, 39.5358 ], [ -75.766, 39.5368 ], [ -75.7607, 39.5391 ], [ -75.7559, 39.5402 ], [ -75.7252, 39.542 ], [ -75.7262, 39.5348 ], [ -75.726, 39.5336 ], [ -75.7233, 39.53 ], [ -75.7235, 39.5292 ], [ -75.7208, 39.5269 ], [ -75.7165, 39.5215 ], [ -75.7125, 39.5156 ], [ -75.7116, 39.5112 ], [ -75.7132, 39.499 ], [ -75.7198, 39.4824 ], [ -75.7202, 39.4805 ], [ -75.727, 39.4809 ], [ -75.7299, 39.4833 ], [ -75.7353, 39.4825 ], [ -75.7361, 39.4807 ], [ -75.7362, 39.4781 ], [ -75.7383, 39.4719 ], [ -75.7397, 39.4646 ], [ -75.7416, 39.4601 ], [ -75.7434, 39.4577 ], [ -75.7453, 39.4593 ], [ -75.7521, 39.4609 ], [ -75.7676, 39.4654 ], [ -75.7737, 39.4655 ], [ -75.7794, 39.5356 ], [ -75.7747, 39.5351 ] ] ] } },
{ "type": "Feature", "properties": { "GEOIDFQ": "1400000US10003016611", "NAME": "166.11", "NAMELSAD": "Census Tract 166.11" }, "geometry": { "type": "Polygon", "coordinates": [ [ [ -75.7252, 39.542 ], [ -75.7172, 39.5433 ], [ -75.7117, 39.5439 ], [ -75.6863, 39.542 ], [ -75.6827, 39.5421 ], [ -75.6644, 39.5455 ], [ -75.651, 39.5526 ], [ -75.6494, 39.55 ], [ -75.6487, 39.5473 ], [ -75.6495, 39.5 ], [ -75.6533, 39.4997 ], [ -75.6666, 39.5015 ], [ -75.6809, 39.503 ], [ -75.6842, 39.5037 ], [ -75.6914, 39.5061 ], [ -75.693, 39.507 ], [ -75.6954, 39.5093 ], [ -75.6986, 39.511 ], [ -75.7045, 39.5115 ], [ -75.7117, 39.5112 ], [ -75.7118, 39.5136 ], [ -75.7129, 39.5162 ], [ -75.7208, 39.5269 ], [ -75.7235, 39.5292 ], [ -75.7232, 39.5299 ], [ -75.726, 39.5336 ], [ -75.7262, 39.5345 ], [ -75.7252, 39.542 ] ] ] } },
{ "type": "Feature", "properties": { "GEOIDFQ": "1400000US10003016308", "NAME": "163.08", "NAMELSAD": "Census Tract 163.08" }, "geometry": { "type": "MultiPolygon", "coordinates": [ [ [ [ -75.5712, 39.6264 ], [ -75.5702, 39.6271 ], [ -75.5665, 39.6286 ], [ -75.5641, 39.6292 ], [ -75.5633, 39.6298 ], [ -75.5603, 39.63 ], [ -75.5585, 39.6312 ], [ -75.5579, 39.6324 ], [ -75.5573, 39.6326 ], [ -75.5588, 39.63 ], [ -75.5596, 39.6254 ], [ -75.5595, 39.6223 ], [ -75.5589, 39.6185 ], [ -75.5587, 39.6179 ], [ -75.5579, 39.6175 ], [ -75.5572, 39.6131 ], [ -75.5566, 39.6115 ], [ -75.5574, 39.6095 ], [ -75.5571, 39.6078 ], [ -75.5556, 39.6058 ], [ -75.5618, 39.6053 ], [ -75.5659, 39.6107 ], [ -75.5711, 39.6207 ], [ -75.5712, 39.6264 ] ] ], [ [ [ -75.6357, 39.629 ], [ -75.6253, 39.6438 ], [ -75.6145, 39.6407 ], [ -75.6079, 39.6407 ], [ -75.6066, 39.64 ], [ -75.6053, 39.6384 ], [ -75.6011, 39.637 ], [ -75.6011, 39.6355 ], [ -75.5942, 39.6345 ], [ -75.6024, 39.6254 ], [ -75.6087, 39.62 ], [ -75.6094, 39.6163 ], [ -75.6075, 39.6126 ], [ -75.6073, 39.6096 ], [ -75.6077, 39.6066 ], [ -75.6141, 39.6069 ], [ -75.6167, 39.6074 ], [ -75.6207, 39.6077 ], [ -75.6216, 39.6075 ], [ -75.6254, 39.6052 ], [ -75.6271, 39.6047 ], [ -75.6303, 39.6053 ], [ -75.6351, 39.6053 ], [ -75.6407, 39.6071 ], [ -75.6423, 39.6069 ], [ -75.6425, 39.6059 ], [ -75.6445, 39.6049 ], [ -75.6466, 39.6059 ], [ -75.649, 39.6056 ], [ -75.6531, 39.6059 ], [ -75.6357, 39.629 ] ] ] ] } },
{ "type": "Feature", "properties": { "GEOIDFQ": "1400000US10003014813", "NAME": "148.13", "NAMELSAD": "Census Tract 148.13" }, "geometry": { "type": "Polygon", "coordinates": [ [ [ -75.7824, 39.6398 ], [ -75.7601, 39.6466 ], [ -75.7571, 39.647 ], [ -75.7463, 39.647 ], [ -75.7441, 39.6431 ], [ -75.7435, 39.6411 ], [ -75.7442, 39.6255 ], [ -75.7474, 39.6255 ], [ -75.7497, 39.6265 ], [ -75.7521, 39.627 ], [ -75.7613, 39.6265 ], [ -75.7623, 39.6271 ], [ -75.7634, 39.6291 ], [ -75.7864, 39.6217 ], [ -75.7878, 39.639 ], [ -75.7824, 39.6398 ] ] ] } },
{ "type": "Feature", "properties": { "GEOIDFQ": "1400000US10003013507", "NAME": "135.07", "NAMELSAD": "Census Tract 135.07" }, "geometry": { "type": "Polygon", "coordinates": [ [ [ -75.6845, 39.7786 ], [ -75.6809, 39.7795 ], [ -75.6785, 39.7808 ], [ -75.6746, 39.7817 ], [ -75.6715, 39.784 ], [ -75.6704, 39.7838 ], [ -75.6648, 39.7785 ], [ -75.6642, 39.7706 ], [ -75.6708, 39.7678 ], [ -75.6742, 39.7674 ], [ -75.6785, 39.7649 ], [ -75.6805, 39.7645 ], [ -75.6819, 39.7638 ], [ -75.683, 39.7628 ], [ -75.6853, 39.7635 ], [ -75.6861, 39.7642 ], [ -75.6859, 39.7655 ], [ -75.6841, 39.7679 ], [ -75.6842, 39.7689 ], [ -75.6862, 39.7709 ], [ -75.6881, 39.7711 ], [ -75.6891, 39.7741 ], [ -75.6906, 39.7751 ], [ -75.6845, 39.7786 ] ] ] } },
{ "type": "Feature", "properties": { "GEOIDFQ": "1400000US10003013508", "NAME": "135.08", "NAMELSAD": "Census Tract 135.08" }, "geometry": { "type": "Polygon", "coordinates": [ [ [ -75.7157, 39.7932 ], [ -75.7061, 39.7997 ], [ -75.7045, 39.7985 ], [ -75.6986, 39.7956 ], [ -75.6953, 39.7931 ], [ -75.691, 39.7926 ], [ -75.688, 39.7929 ], [ -75.6869, 39.7922 ], [ -75.6867, 39.791 ], [ -75.6851, 39.7902 ], [ -75.6839, 39.7885 ], [ -75.6807, 39.7859 ], [ -75.6715, 39.784 ], [ -75.6746, 39.7817 ], [ -75.6785, 39.7808 ], [ -75.6809, 39.7795 ], [ -75.6845, 39.7786 ], [ -75.7067, 39.7665 ], [ -75.7097, 39.77 ], [ -75.7181, 39.7768 ], [ -75.7249, 39.7861 ], [ -75.7157, 39.7932 ] ] ] } },
{ "type": "Feature", "properties": { "GEOIDFQ": "1400000US10003014302", "NAME": "143.02", "NAMELSAD": "Census Tract 143.02" }, "geometry": { "type": "Polygon", "coordinates": [ [ [ -75.7881, 39.7006 ], [ -75.7859, 39.7004 ], [ -75.7857, 39.6998 ], [ -75.7817, 39.6983 ], [ -75.7816, 39.698 ], [ -75.7741, 39.6991 ], [ -75.7752, 39.6999 ], [ -75.7748, 39.7002 ], [ -75.7729, 39.6992 ], [ -75.7724, 39.6986 ], [ -75.7712, 39.6995 ], [ -75.7685, 39.6988 ], [ -75.7668, 39.6975 ], [ -75.7663, 39.6979 ], [ -75.7669, 39.6984 ], [ -75.7592, 39.6992 ], [ -75.759, 39.6963 ], [ -75.7542, 39.6953 ], [ -75.7557, 39.6928 ], [ -75.7536, 39.6905 ], [ -75.754, 39.6904 ], [ -75.7546, 39.6868 ], [ -75.7541, 39.683 ], [ -75.7565, 39.6831 ], [ -75.7886, 39.6951 ], [ -75.7886, 39.7003 ], [ -75.7881, 39.7006 ] ] ] } },
{ "type": "Feature", "properties": { "GEOIDFQ": "1400000US10003010704", "NAME": "107.04", "NAMELSAD": "Census Tract 107.04" }, "geometry": { "type": "Polygon", "coordinates": [ [ [ -75.5115, 39.7656 ], [ -75.511, 39.7649 ], [ -75.5121, 39.7614 ], [ -75.51, 39.7584 ], [ -75.5074, 39.7594 ], [ -75.5055, 39.759 ], [ -75.5041, 39.7591 ], [ -75.4997, 39.7567 ], [ -75.4987, 39.7551 ], [ -75.4954, 39.7555 ], [ -75.4976, 39.7538 ], [ -75.4976, 39.7534 ], [ -75.4952, 39.7527 ], [ -75.4937, 39.7526 ], [ -75.492, 39.7549 ], [ -75.4899, 39.7556 ], [ -75.4869, 39.7538 ], [ -75.4954, 39.7434 ], [ -75.506, 39.7421 ], [ -75.5158, 39.7461 ], [ -75.5194, 39.7507 ], [ -75.5181, 39.7513 ], [ -75.5185, 39.7518 ], [ -75.5176, 39.7522 ], [ -75.5173, 39.7536 ], [ -75.5205, 39.7521 ], [ -75.5258, 39.759 ], [ -75.5115, 39.7656 ] ] ] } },
{ "type": "Feature", "properties": { "GEOIDFQ": "1400000US10005051011", "NAME": "510.11", "NAMELSAD": "Census Tract 510.11" }, "geometry": { "type": "Polygon", "coordinates": [ [ [ -75.206, 38.7222 ], [ -75.203, 38.7242 ], [ -75.2014, 38.7268 ], [ -75.198, 38.7301 ], [ -75.1739, 38.7484 ], [ -75.1631, 38.7484 ], [ -75.1591, 38.7477 ], [ -75.1558, 38.7462 ], [ -75.1447, 38.7389 ], [ -75.154, 38.7329 ], [ -75.1631, 38.7368 ], [ -75.1681, 38.7416 ], [ -75.1799, 38.7267 ], [ -75.1857, 38.7181 ], [ -75.1897, 38.7171 ], [ -75.1921, 38.7138 ], [ -75.2062, 38.7154 ], [ -75.2063, 38.7213 ], [ -75.206, 38.7222 ] ] ] } },
{ "type": "Feature", "properties": { "GEOIDFQ": "1400000US10005051502", "NAME": "515.02", "NAMELSAD": "Census Tract 515.02" }, "geometry": { "type": "Polygon", "coordinates": [ [ [ -75.3348, 38.527 ], [ -75.3254, 38.5293 ], [ -75.3056, 38.5315 ], [ -75.3067, 38.5389 ], [ -75.3011, 38.5459 ], [ -75.2926, 38.55 ], [ -75.2907, 38.5515 ], [ -75.289, 38.5523 ], [ -75.2868, 38.5516 ], [ -75.2856, 38.5517 ], [ -75.2828, 38.5536 ], [ -75.2823, 38.5547 ], [ -75.2807, 38.5562 ], [ -75.2783, 38.557 ], [ -75.2777, 38.5585 ], [ -75.2779, 38.5607 ], [ -75.2757, 38.5638 ], [ -75.2748, 38.5645 ], [ -75.2739, 38.5641 ], [ -75.2724, 38.5658 ], [ -75.2674, 38.5698 ], [ -75.2611, 38.573 ], [ -75.2597, 38.5758 ], [ -75.2583, 38.5832 ], [ -75.2554, 38.5837 ], [ -75.254, 38.5869 ], [ -75.2496, 38.5885 ], [ -75.2459, 38.5913 ], [ -75.2447, 38.5916 ], [ -75.2405, 38.5914 ], [ -75.2387, 38.5906 ], [ -75.2365, 38.5881 ], [ -75.2347, 38.5877 ], [ -75.2256, 38.5883 ], [ -75.2228, 38.5888 ], [ -75.2189, 38.5906 ], [ -75.2117, 38.5903 ], [ -75.2088, 38.5917 ], [ -75.208, 38.5917 ], [ -75.195, 38.5896 ], [ -75.1827, 38.5891 ], [ -75.1779, 38.5879 ], [ -75.1741, 38.5879 ], [ -75.1703, 38.5889 ], [ -75.1706, 38.5851 ], [ -75.1828, 38.5737 ], [ -75.1863, 38.571 ], [ -75.193, 38.5706 ], [ -75.198, 38.5689 ], [ -75.2036, 38.5644 ], [ -75.2084, 38.5621 ], [ -75.2188, 38.5611 ], [ -75.2214, 38.5583 ], [ -75.2233, 38.5586 ], [ -75.2249, 38.5581 ], [ -75.2259, 38.5584 ], [ -75.2267, 38.558 ], [ -75.2273, 38.5584 ], [ -75.228, 38.5582 ], [ -75.2287, 38.5577 ], [ -75.2307, 38.5532 ], [ -75.2319, 38.5526 ], [ -75.2359, 38.5515 ], [ -75.2374, 38.5514 ], [ -75.2407, 38.5488 ], [ -75.244, 38.5472 ], [ -75.2435, 38.5467 ], [ -75.2425, 38.5467 ], [ -75.2378, 38.5481 ], [ -75.2294, 38.5447 ], [ -75.2273, 38.5442 ], [ -75.2216, 38.541 ], [ -75.2229, 38.54 ], [ -75.2228, 38.5392 ], [ -75.225, 38.5347 ], [ -75.228, 38.5325 ], [ -75.2278, 38.5316 ], [ -75.2325, 38.5296 ], [ -75.2338, 38.5285 ], [ -75.2356, 38.5298 ], [ -75.2383, 38.5254 ], [ -75.237, 38.5217 ], [ -75.2427, 38.5211 ], [ -75.2389, 38.5148 ], [ -75.2374, 38.5011 ], [ -75.2434, 38.4961 ], [ -75.245, 38.494 ], [ -75.2494, 38.4914 ], [ -75.2498, 38.4884 ], [ -75.2545, 38.4839 ], [ -75.2554, 38.4824 ], [ -75.2558, 38.481 ], [ -75.2553, 38.4778 ], [ -75.2582, 38.477 ], [ -75.2597, 38.4769 ], [ -75.2677, 38.4754 ], [ -75.275, 38.4718 ], [ -75.2765, 38.4715 ], [ -75.2851, 38.4726 ], [ -75.2904, 38.4725 ], [ -75.2937, 38.4728 ], [ -75.2987, 38.4751 ], [ -75.2998, 38.4762 ], [ -75.3009, 38.4784 ], [ -75.3022, 38.4791 ], [ -75.3273, 38.4809 ], [ -75.3301, 38.4803 ], [ -75.3387, 38.4809 ], [ -75.3395, 38.484 ], [ -75.3415, 38.4863 ], [ -75.3471, 38.506 ], [ -75.3482, 38.5073 ], [ -75.3491, 38.5076 ], [ -75.351, 38.5102 ], [ -75.3533, 38.5193 ], [ -75.3562, 38.5201 ], [ -75.357, 38.5248 ], [ -75.3348, 38.527 ] ] ] } },
{ "type": "Feature", "properties": { "GEOIDFQ": "1400000US10005050903", "NAME": "509.03", "NAMELSAD": "Census Tract 509.03" }, "geometry": { "type": "Polygon", "coordinates": [ [ [ -75.1748, 38.7806 ], [ -75.1741, 38.7806 ], [ -75.1743, 38.7813 ], [ -75.1737, 38.7813 ], [ -75.1734, 38.7818 ], [ -75.1718, 38.7821 ], [ -75.1717, 38.7828 ], [ -75.1698, 38.7842 ], [ -75.1695, 38.7851 ], [ -75.1683, 38.7855 ], [ -75.1674, 38.7852 ], [ -75.1665, 38.7859 ], [ -75.1667, 38.7875 ], [ -75.1664, 38.7881 ], [ -75.1654, 38.7884 ], [ -75.1654, 38.789 ], [ -75.1627, 38.7897 ], [ -75.1607, 38.7887 ], [ -75.1602, 38.7889 ], [ -75.1587, 38.7882 ], [ -75.1587, 38.7876 ], [ -75.1573, 38.7868 ], [ -75.1552, 38.7837 ], [ -75.1535, 38.7823 ], [ -75.1478, 38.7799 ], [ -75.1446, 38.7799 ], [ -75.1415, 38.7793 ], [ -75.1384, 38.7772 ], [ -75.1379, 38.7764 ], [ -75.1384, 38.7762 ], [ -75.1376, 38.7758 ], [ -75.1508, 38.7634 ], [ -75.1717, 38.7568 ], [ -75.1752, 38.7604 ], [ -75.1653, 38.767 ], [ -75.1624, 38.7703 ], [ -75.1648, 38.7704 ], [ -75.165, 38.7716 ], [ -75.1667, 38.7723 ], [ -75.1664, 38.7715 ], [ -75.1673, 38.7715 ], [ -75.1676, 38.771 ], [ -75.1684, 38.7711 ], [ -75.1685, 38.7718 ], [ -75.17, 38.7714 ], [ -75.1701, 38.772 ], [ -75.1706, 38.7719 ], [ -75.1713, 38.7725 ], [ -75.1714, 38.7733 ], [ -75.1707, 38.7746 ], [ -75.1716, 38.7753 ], [ -75.1722, 38.7753 ], [ -75.1722, 38.7757 ], [ -75.1732, 38.7758 ], [ -75.1734, 38.7754 ], [ -75.174, 38.7754 ], [ -75.1747, 38.776 ], [ -75.1742, 38.7767 ], [ -75.1745, 38.777 ], [ -75.174, 38.7771 ], [ -75.174, 38.7776 ], [ -75.1735, 38.7777 ], [ -75.1732, 38.7783 ], [ -75.1738, 38.7782 ], [ -75.1736, 38.7789 ], [ -75.1742, 38.779 ], [ -75.1755, 38.78 ], [ -75.1748, 38.7806 ] ] ] } },
{ "type": "Feature", "properties": { "GEOIDFQ": "1400000US10005050506", "NAME": "505.06", "NAMELSAD": "Census Tract 505.06" }, "geometry": { "type": "Polygon", "coordinates": [ [ [ -75.3783, 38.6959 ], [ -75.3694, 38.6987 ], [ -75.366, 38.7005 ], [ -75.3252, 38.7112 ], [ -75.3167, 38.7142 ], [ -75.3107, 38.7007 ], [ -75.3094, 38.6857 ], [ -75.307, 38.6806 ], [ -75.3026, 38.6747 ], [ -75.3006, 38.665 ], [ -75.299, 38.6627 ], [ -75.2959, 38.6322 ], [ -75.3117, 38.6338 ], [ -75.3134, 38.635 ], [ -75.3152, 38.6385 ], [ -75.3232, 38.6392 ], [ -75.3319, 38.6435 ], [ -75.3408, 38.6468 ], [ -75.3449, 38.6475 ], [ -75.3585, 38.6535 ], [ -75.3614, 38.6539 ], [ -75.3648, 38.6576 ], [ -75.3609, 38.6672 ], [ -75.3608, 38.6687 ], [ -75.3614, 38.6719 ], [ -75.3606, 38.6731 ], [ -75.3569, 38.6761 ], [ -75.3543, 38.6807 ], [ -75.3561, 38.6822 ], [ -75.3584, 38.6822 ], [ -75.3715, 38.6807 ], [ -75.3767, 38.6807 ], [ -75.3796, 38.6803 ], [ -75.382, 38.6856 ], [ -75.3821, 38.687 ], [ -75.3858, 38.6901 ], [ -75.3783, 38.6959 ] ] ] } },
{ "type": "Feature", "properties": { "GEOIDFQ": "1400000US10005050807", "NAME": "508.07", "NAMELSAD": "Census Tract 508.07" }, "geometry": { "type": "Polygon", "coordinates": [ [ [ -75.2267, 38.7582 ], [ -75.2225, 38.7608 ], [ -75.2147, 38.7676 ], [ -75.2031, 38.7602 ], [ -75.2038, 38.7597 ], [ -75.2149, 38.7565 ], [ -75.2173, 38.7535 ], [ -75.2181, 38.7532 ], [ -75.2195, 38.7518 ], [ -75.2225, 38.7507 ], [ -75.2237, 38.7492 ], [ -75.2264, 38.7477 ], [ -75.2279, 38.749 ], [ -75.2444, 38.7568 ], [ -75.2267, 38.7582 ] ] ] } },
{ "type": "Feature", "properties": { "GEOIDFQ": "1400000US10005050805", "NAME": "508.05", "NAMELSAD": "Census Tract 508.05" }, "geometry": { "type": "Polygon", "coordinates": [ [ [ -75.3653, 38.7143 ], [ -75.3627, 38.7168 ], [ -75.3621, 38.7259 ], [ -75.3602, 38.7321 ], [ -75.3605, 38.7402 ], [ -75.3581, 38.745 ], [ -75.3559, 38.7437 ], [ -75.3538, 38.7446 ], [ -75.35, 38.7475 ], [ -75.3453, 38.7471 ], [ -75.3414, 38.7483 ], [ -75.3358, 38.7488 ], [ -75.3382, 38.7634 ], [ -75.3397, 38.7667 ], [ -75.3407, 38.7709 ], [ -75.3376, 38.7713 ], [ -75.3292, 38.7694 ], [ -75.3165, 38.7689 ], [ -75.3115, 38.7752 ], [ -75.3102, 38.7777 ], [ -75.305, 38.7764 ], [ -75.3007, 38.7718 ], [ -75.2986, 38.7711 ], [ -75.2979, 38.7624 ], [ -75.2941, 38.758 ], [ -75.2955, 38.7514 ], [ -75.292, 38.7494 ], [ -75.2907, 38.7477 ], [ -75.2877, 38.7304 ], [ -75.2856, 38.7249 ], [ -75.3011, 38.7205 ], [ -75.3158, 38.7145 ], [ -75.3252, 38.7112 ], [ -75.3656, 38.7006 ], [ -75.3683, 38.6992 ], [ -75.3653, 38.7143 ] ] ] } },
{ "type": "Feature", "properties": { "GEOIDFQ": "1400000US10005051013", "NAME": "510.13", "NAMELSAD": "Census Tract 510.13" }, "geometry": { "type": "Polygon", "coordinates": [ [ [ -75.2212, 38.6674 ], [ -75.2217, 38.6777 ], [ -75.2176, 38.6857 ], [ -75.2164, 38.6896 ], [ -75.2157, 38.698 ], [ -75.2148, 38.7018 ], [ -75.213, 38.7059 ], [ -75.2067, 38.714 ], [ -75.2062, 38.7154 ], [ -75.1921, 38.7138 ], [ -75.1926, 38.7128 ], [ -75.1925, 38.7118 ], [ -75.1869, 38.7044 ], [ -75.1793, 38.6983 ], [ -75.1779, 38.6952 ], [ -75.1776, 38.6918 ], [ -75.1779, 38.691 ], [ -75.1831, 38.6867 ], [ -75.1858, 38.6835 ], [ -75.1855, 38.6808 ], [ -75.1828, 38.6775 ], [ -75.1864, 38.6708 ], [ -75.1883, 38.6687 ], [ -75.1893, 38.6666 ], [ -75.1893, 38.6537 ], [ -75.1943, 38.6358 ], [ -75.1985, 38.6378 ], [ -75.2075, 38.6434 ], [ -75.2154, 38.6504 ], [ -75.2168, 38.6523 ], [ -75.2226, 38.6633 ], [ -75.2212, 38.6674 ] ] ] } },
{ "type": "Feature", "properties": { "GEOIDFQ": "1400000US10005051008", "NAME": "510.08", "NAMELSAD": "Census Tract 510.08" }, "geometry": { "type": "Polygon", "coordinates": [ [ [ -75.152, 38.7468 ], [ -75.1502, 38.7518 ], [ -75.1483, 38.7557 ], [ -75.1385, 38.7538 ], [ -75.1324, 38.7597 ], [ -75.1118, 38.7339 ], [ -75.1128, 38.7317 ], [ -75.1134, 38.7265 ], [ -75.1107, 38.7245 ], [ -75.1103, 38.7233 ], [ -75.1181, 38.7222 ], [ -75.1202, 38.7235 ], [ -75.123, 38.7231 ], [ -75.1349, 38.7324 ], [ -75.1537, 38.7451 ], [ -75.152, 38.7468 ] ] ] } },
{ "type": "Feature", "properties": { "GEOIDFQ": "1400000US10003013100", "NAME": "131", "NAMELSAD": "Census Tract 131" }, "geometry": { "type": "Polygon", "coordinates": [ [ [ -75.6393, 39.7334 ], [ -75.6343, 39.735 ], [ -75.6337, 39.7347 ], [ -75.6347, 39.7323 ], [ -75.6359, 39.7317 ], [ -75.6361, 39.731 ], [ -75.6357, 39.7311 ], [ -75.6367, 39.7298 ], [ -75.6368, 39.729 ], [ -75.637, 39.7269 ], [ -75.635, 39.7254 ], [ -75.6495, 39.7205 ], [ -75.653, 39.7182 ], [ -75.6582, 39.7237 ], [ -75.6393, 39.7334 ] ] ] } },
{ "type": "Feature", "properties": { "GEOIDFQ": "1400000US10005051101", "NAME": "511.01", "NAMELSAD": "Census Tract 511.01" }, "geometry": { "type": "Polygon", "coordinates": [ [ [ -75.0895, 38.7245 ], [ -75.0858, 38.7284 ], [ -75.0848, 38.7307 ], [ -75.0852, 38.7335 ], [ -75.0879, 38.7381 ], [ -75.0854, 38.7394 ], [ -75.0834, 38.7376 ], [ -75.0828, 38.7378 ], [ -75.0827, 38.7373 ], [ -75.0791, 38.7382 ], [ -75.0791, 38.7376 ], [ -75.0743, 38.7398 ], [ -75.0708, 38.723 ], [ -75.0703, 38.717 ], [ -75.0764, 38.7167 ], [ -75.0889, 38.7152 ], [ -75.0928, 38.7144 ], [ -75.0895, 38.7245 ] ] ] } },
{ "type": "Feature", "properties": { "GEOIDFQ": "1400000US10003013610", "NAME": "136.10", "NAMELSAD": "Census Tract 136.10" }, "geometry": { "type": "Polygon", "coordinates": [ [ [ -75.7668, 39.727 ], [ -75.7657, 39.7277 ], [ -75.7652, 39.7285 ], [ -75.7645, 39.7287 ], [ -75.7631, 39.7286 ], [ -75.7629, 39.7298 ], [ -75.7622, 39.73 ], [ -75.7612, 39.7294 ], [ -75.7606, 39.7296 ], [ -75.7604, 39.7317 ], [ -75.7597, 39.7328 ], [ -75.7572, 39.7328 ], [ -75.7554, 39.729 ], [ -75.75, 39.7308 ], [ -75.7491, 39.7315 ], [ -75.7427, 39.7335 ], [ -75.7414, 39.7334 ], [ -75.7386, 39.7326 ], [ -75.7354, 39.7329 ], [ -75.7303, 39.7369 ], [ -75.7267, 39.7404 ], [ -75.7204, 39.7373 ], [ -75.7154, 39.7329 ], [ -75.7129, 39.7287 ], [ -75.7116, 39.7195 ], [ -75.716, 39.7203 ], [ -75.7176, 39.7201 ], [ -75.7169, 39.7188 ], [ -75.7189, 39.715 ], [ -75.7179, 39.7132 ], [ -75.7183, 39.7127 ], [ -75.7201, 39.7121 ], [ -75.7213, 39.7112 ], [ -75.7224, 39.7097 ], [ -75.7224, 39.7088 ], [ -75.7204, 39.7081 ], [ -75.7204, 39.7063 ], [ -75.7198, 39.7057 ], [ -75.7201, 39.705 ], [ -75.7206, 39.705 ], [ -75.7198, 39.7036 ], [ -75.7193, 39.6987 ], [ -75.7199, 39.6981 ], [ -75.7196, 39.6962 ], [ -75.7204, 39.6953 ], [ -75.7204, 39.6943 ], [ -75.7251, 39.6923 ], [ -75.7282, 39.6929 ], [ -75.7323, 39.6923 ], [ -75.7345, 39.6924 ], [ -75.7344, 39.6897 ], [ -75.7349, 39.6893 ], [ -75.7417, 39.6903 ], [ -75.7479, 39.6896 ], [ -75.7496, 39.6892 ], [ -75.7531, 39.6898 ], [ -75.7557, 39.6928 ], [ -75.7536, 39.6964 ], [ -75.7533, 39.6962 ], [ -75.7525, 39.6983 ], [ -75.7525, 39.7017 ], [ -75.7543, 39.7027 ], [ -75.7555, 39.7044 ], [ -75.7569, 39.7054 ], [ -75.7595, 39.7088 ], [ -75.7598, 39.7097 ], [ -75.7593, 39.7137 ], [ -75.758, 39.7161 ], [ -75.7595, 39.7171 ], [ -75.76, 39.7178 ], [ -75.7642, 39.7202 ], [ -75.7653, 39.7243 ], [ -75.7669, 39.7249 ], [ -75.7672, 39.7259 ], [ -75.7668, 39.727 ] ] ] } },
{ "type": "Feature", "properties": { "GEOIDFQ": "1400000US10003011900", "NAME": "119", "NAMELSAD": "Census Tract 119" }, "geometry": { "type": "Polygon", "coordinates": [ [ [ -75.6333, 39.8002 ], [ -75.6322, 39.7993 ], [ -75.6341, 39.7984 ], [ -75.6339, 39.7972 ], [ -75.6325, 39.7965 ], [ -75.6312, 39.7965 ], [ -75.6292, 39.7945 ], [ -75.62, 39.792 ], [ -75.6149, 39.7899 ], [ -75.6117, 39.7892 ], [ -75.6091, 39.7886 ], [ -75.6039, 39.7889 ], [ -75.6012, 39.7828 ], [ -75.5977, 39.7781 ], [ -75.5974, 39.7757 ], [ -75.5989, 39.7726 ], [ -75.5975, 39.7683 ], [ -75.5922, 39.7722 ], [ -75.5906, 39.7715 ], [ -75.5863, 39.7681 ], [ -75.5843, 39.7695 ], [ -75.5797, 39.7704 ], [ -75.5789, 39.7704 ], [ -75.5783, 39.7699 ], [ -75.5761, 39.769 ], [ -75.5802, 39.7628 ], [ -75.5751, 39.7596 ], [ -75.5786, 39.7545 ], [ -75.5875, 39.7581 ], [ -75.5887, 39.7525 ], [ -75.6044, 39.7588 ], [ -75.6114, 39.7608 ], [ -75.6209, 39.7614 ], [ -75.632, 39.7628 ], [ -75.6362, 39.7627 ], [ -75.639, 39.7647 ], [ -75.6405, 39.7642 ], [ -75.6405, 39.7627 ], [ -75.642, 39.7629 ], [ -75.6427, 39.7644 ], [ -75.6426, 39.7667 ], [ -75.6417, 39.7669 ], [ -75.6382, 39.7656 ], [ -75.6364, 39.7657 ], [ -75.6349, 39.767 ], [ -75.6349, 39.7686 ], [ -75.6354, 39.7698 ], [ -75.6382, 39.7719 ], [ -75.6405, 39.773 ], [ -75.6412, 39.7738 ], [ -75.6412, 39.7746 ], [ -75.6404, 39.7755 ], [ -75.6386, 39.7764 ], [ -75.6368, 39.7784 ], [ -75.6369, 39.7802 ], [ -75.6397, 39.7847 ], [ -75.6403, 39.7884 ], [ -75.6415, 39.7888 ], [ -75.6433, 39.7884 ], [ -75.6439, 39.7887 ], [ -75.6442, 39.7908 ], [ -75.6421, 39.793 ], [ -75.6451, 39.7937 ], [ -75.6459, 39.7956 ], [ -75.6333, 39.8002 ] ] ] } },
{ "type": "Feature", "properties": { "GEOIDFQ": "1400000US10003013613", "NAME": "136.13", "NAMELSAD": "Census Tract 136.13" }, "geometry": { "type": "Polygon", "coordinates": [ [ [ -75.6913, 39.743 ], [ -75.6906, 39.7448 ], [ -75.686, 39.7489 ], [ -75.6821, 39.7506 ], [ -75.6794, 39.7505 ], [ -75.6773, 39.7524 ], [ -75.6779, 39.7531 ], [ -75.6782, 39.7549 ], [ -75.6778, 39.7573 ], [ -75.6793, 39.7584 ], [ -75.6811, 39.7613 ], [ -75.683, 39.7628 ], [ -75.6825, 39.7633 ], [ -75.6805, 39.7645 ], [ -75.6785, 39.7649 ], [ -75.6742, 39.7674 ], [ -75.6708, 39.7678 ], [ -75.6642, 39.7706 ], [ -75.6628, 39.7624 ], [ -75.6608, 39.7563 ], [ -75.6597, 39.7456 ], [ -75.6617, 39.7406 ], [ -75.6657, 39.7329 ], [ -75.6662, 39.7317 ], [ -75.666, 39.7311 ], [ -75.6668, 39.7308 ], [ -75.6683, 39.732 ], [ -75.6728, 39.7335 ], [ -75.6784, 39.7331 ], [ -75.681, 39.7337 ], [ -75.6823, 39.7344 ], [ -75.6858, 39.738 ], [ -75.6923, 39.7419 ], [ -75.6913, 39.743 ] ] ] } },
{ "type": "Feature", "properties": { "GEOIDFQ": "1400000US10003014705", "NAME": "147.05", "NAMELSAD": "Census Tract 147.05" }, "geometry": { "type": "Polygon", "coordinates": [ [ [ -75.7287, 39.6623 ], [ -75.725, 39.6633 ], [ -75.7153, 39.6674 ], [ -75.706, 39.6737 ], [ -75.6987, 39.6774 ], [ -75.698, 39.6765 ], [ -75.696, 39.6693 ], [ -75.6969, 39.6582 ], [ -75.7025, 39.6551 ], [ -75.7067, 39.6538 ], [ -75.732, 39.6487 ], [ -75.7361, 39.6617 ], [ -75.7287, 39.6623 ] ] ] } },
{ "type": "Feature", "properties": { "GEOIDFQ": "1400000US10003013700", "NAME": "137", "NAMELSAD": "Census Tract 137" }, "geometry": { "type": "Polygon", "coordinates": [ [ [ -75.7204, 39.6943 ], [ -75.7204, 39.6953 ], [ -75.7196, 39.696 ], [ -75.72, 39.6974 ], [ -75.7193, 39.6987 ], [ -75.7195, 39.7011 ], [ -75.7198, 39.7037 ], [ -75.7206, 39.705 ], [ -75.7201, 39.705 ], [ -75.7199, 39.7058 ], [ -75.7204, 39.7063 ], [ -75.7204, 39.7081 ], [ -75.7224, 39.7088 ], [ -75.7225, 39.7092 ], [ -75.7213, 39.7112 ], [ -75.7201, 39.7121 ], [ -75.7183, 39.7127 ], [ -75.7179, 39.7132 ], [ -75.7189, 39.715 ], [ -75.7169, 39.7188 ], [ -75.7176, 39.7201 ], [ -75.716, 39.7203 ], [ -75.7116, 39.7195 ], [ -75.7108, 39.7147 ], [ -75.7114, 39.7127 ], [ -75.7111, 39.7113 ], [ -75.7063, 39.712 ], [ -75.701, 39.7112 ], [ -75.6971, 39.7133 ], [ -75.695, 39.7135 ], [ -75.6939, 39.7106 ], [ -75.6949, 39.7087 ], [ -75.6957, 39.703 ], [ -75.6962, 39.702 ], [ -75.6997, 39.7009 ], [ -75.6968, 39.6985 ], [ -75.6941, 39.6951 ], [ -75.6967, 39.6949 ], [ -75.6972, 39.6941 ], [ -75.6988, 39.6936 ], [ -75.704, 39.6947 ], [ -75.7071, 39.6936 ], [ -75.7076, 39.693 ], [ -75.7075, 39.6924 ], [ -75.7061, 39.6921 ], [ -75.706, 39.6918 ], [ -75.7069, 39.6906 ], [ -75.7067, 39.6896 ], [ -75.7076, 39.6888 ], [ -75.7084, 39.6887 ], [ -75.7099, 39.6899 ], [ -75.7145, 39.6902 ], [ -75.7159, 39.6907 ], [ -75.7178, 39.6923 ], [ -75.7185, 39.6935 ], [ -75.7241, 39.6925 ], [ -75.7204, 39.6943 ] ] ] } },
{ "type": "Feature", "properties": { "GEOIDFQ": "1400000US10003014502", "NAME": "145.02", "NAMELSAD": "Census Tract 145.02" }, "geometry": { "type": "Polygon", "coordinates": [ [ [ -75.7383, 39.6843 ], [ -75.733, 39.6854 ], [ -75.7292, 39.6775 ], [ -75.7362, 39.6753 ], [ -75.7384, 39.6713 ], [ -75.7389, 39.6694 ], [ -75.7387, 39.6677 ], [ -75.7361, 39.6617 ], [ -75.7385, 39.6614 ], [ -75.7384, 39.661 ], [ -75.7441, 39.659 ], [ -75.7484, 39.6582 ], [ -75.7486, 39.6576 ], [ -75.7513, 39.6557 ], [ -75.7534, 39.6721 ], [ -75.7537, 39.683 ], [ -75.7383, 39.6843 ] ] ] } },
{ "type": "Feature", "properties": { "GEOIDFQ": "1400000US10003012400", "NAME": "124", "NAMELSAD": "Census Tract 124" }, "geometry": { "type": "Polygon", "coordinates": [ [ [ -75.6065, 39.7385 ], [ -75.599, 39.7396 ], [ -75.5951, 39.7387 ], [ -75.5919, 39.7388 ], [ -75.5895, 39.7393 ], [ -75.5894, 39.7401 ], [ -75.5829, 39.7413 ], [ -75.5843, 39.7392 ], [ -75.5799, 39.7371 ], [ -75.5848, 39.7362 ], [ -75.5851, 39.7354 ], [ -75.586, 39.7355 ], [ -75.5872, 39.7347 ], [ -75.5884, 39.7346 ], [ -75.5889, 39.7335 ], [ -75.5905, 39.733 ], [ -75.5912, 39.733 ], [ -75.5906, 39.7332 ], [ -75.5908, 39.7338 ], [ -75.5903, 39.7339 ], [ -75.5904, 39.7343 ], [ -75.5944, 39.7332 ], [ -75.5941, 39.7329 ], [ -75.5945, 39.7322 ], [ -75.597, 39.7308 ], [ -75.6008, 39.7301 ], [ -75.6033, 39.7309 ], [ -75.604, 39.7322 ], [ -75.6185, 39.7305 ], [ -75.6219, 39.7343 ], [ -75.6227, 39.7374 ], [ -75.6065, 39.7385 ] ] ] } },
{ "type": "Feature", "properties": { "GEOIDFQ": "1400000US10003014404", "NAME": "144.04", "NAMELSAD": "Census Tract 144.04" }, "geometry": { "type": "Polygon", "coordinates": [ [ [ -75.7886, 39.6704 ], [ -75.7886, 39.6951 ], [ -75.7753, 39.6901 ], [ -75.7763, 39.6881 ], [ -75.7756, 39.686 ], [ -75.7752, 39.6785 ], [ -75.7719, 39.6717 ], [ -75.7705, 39.6704 ], [ -75.7889, 39.6539 ], [ -75.7886, 39.6704 ] ] ] } },
{ "type": "Feature", "properties": { "GEOIDFQ": "1400000US10003012000", "NAME": "120", "NAMELSAD": "Census Tract 120" }, "geometry": { "type": "Polygon", "coordinates": [ [ [ -75.6361, 39.7483 ], [ -75.6332, 39.75 ], [ -75.6325, 39.7509 ], [ -75.6328, 39.7525 ], [ -75.6347, 39.7547 ], [ -75.6326, 39.7586 ], [ -75.6336, 39.7592 ], [ -75.6362, 39.7627 ], [ -75.6325, 39.7628 ], [ -75.6242, 39.7618 ], [ -75.6255, 39.7589 ], [ -75.6256, 39.7576 ], [ -75.6245, 39.7527 ], [ -75.6239, 39.7453 ], [ -75.6229, 39.7381 ], [ -75.6219, 39.7343 ], [ -75.6171, 39.7285 ], [ -75.6166, 39.7257 ], [ -75.6153, 39.7228 ], [ -75.6164, 39.7226 ], [ -75.616, 39.7218 ], [ -75.6253, 39.723 ], [ -75.632, 39.725 ], [ -75.6341, 39.7246 ], [ -75.6368, 39.7266 ], [ -75.637, 39.7272 ], [ -75.6367, 39.7298 ], [ -75.6357, 39.7311 ], [ -75.6361, 39.731 ], [ -75.6359, 39.7317 ], [ -75.6347, 39.7323 ], [ -75.6337, 39.7345 ], [ -75.6345, 39.7352 ], [ -75.6351, 39.738 ], [ -75.6345, 39.739 ], [ -75.6311, 39.7408 ], [ -75.6317, 39.7419 ], [ -75.634, 39.7442 ], [ -75.6356, 39.7448 ], [ -75.6363, 39.7457 ], [ -75.6374, 39.7458 ], [ -75.6376, 39.7462 ], [ -75.6361, 39.7483 ] ] ] } },
{ "type": "Feature", "properties": { "GEOIDFQ": "1400000US10003012700", "NAME": "127", "NAMELSAD": "Census Tract 127" }, "geometry": { "type": "Polygon", "coordinates": [ [ [ -75.6489, 39.7029 ], [ -75.6471, 39.704 ], [ -75.6469, 39.7054 ], [ -75.6457, 39.7063 ], [ -75.6455, 39.7074 ], [ -75.6462, 39.7077 ], [ -75.6458, 39.7083 ], [ -75.644, 39.7079 ], [ -75.6434, 39.7081 ], [ -75.6443, 39.7109 ], [ -75.6402, 39.7145 ], [ -75.6403, 39.7162 ], [ -75.6399, 39.7173 ], [ -75.6391, 39.7178 ], [ -75.6347, 39.7187 ], [ -75.6327, 39.7214 ], [ -75.6331, 39.7235 ], [ -75.6341, 39.7246 ], [ -75.6335, 39.7248 ], [ -75.632, 39.725 ], [ -75.6253, 39.7231 ], [ -75.6211, 39.7224 ], [ -75.616, 39.7218 ], [ -75.6164, 39.7226 ], [ -75.6153, 39.7228 ], [ -75.6141, 39.7208 ], [ -75.609, 39.7159 ], [ -75.6082, 39.7123 ], [ -75.6092, 39.712 ], [ -75.6088, 39.7105 ], [ -75.611, 39.7096 ], [ -75.6125, 39.7084 ], [ -75.6156, 39.7049 ], [ -75.6204, 39.6976 ], [ -75.6219, 39.6976 ], [ -75.622, 39.6991 ], [ -75.6228, 39.7 ], [ -75.6297, 39.7015 ], [ -75.6355, 39.6997 ], [ -75.6381, 39.6993 ], [ -75.6417, 39.7003 ], [ -75.6421, 39.6999 ], [ -75.6418, 39.6987 ], [ -75.6423, 39.698 ], [ -75.6454, 39.6969 ], [ -75.6473, 39.6977 ], [ -75.6493, 39.6993 ], [ -75.6501, 39.7015 ], [ -75.6489, 39.7029 ] ] ] } },
{ "type": "Feature", "properties": { "GEOIDFQ": "1400000US10003002500", "NAME": "25", "NAMELSAD": "Census Tract 25" }, "geometry": { "type": "Polygon", "coordinates": [ [ [ -75.5829, 39.7413 ], [ -75.5787, 39.7421 ], [ -75.5776, 39.7427 ], [ -75.5746, 39.7469 ], [ -75.5674, 39.7439 ], [ -75.5733, 39.7353 ], [ -75.5766, 39.7409 ], [ -75.577, 39.7411 ], [ -75.5771, 39.7419 ], [ -75.5802, 39.7374 ], [ -75.5843, 39.7392 ], [ -75.5829, 39.7413 ] ] ] } },
{ "type": "Feature", "properties": { "GEOIDFQ": "1400000US10005050101", "NAME": "501.01", "NAMELSAD": "Census Tract 501.01" }, "geometry": { "type": "Polygon", "coordinates": [ [ [ -75.5178, 38.8559 ], [ -75.5165, 38.86 ], [ -75.5161, 38.8628 ], [ -75.5163, 38.864 ], [ -75.5091, 38.8758 ], [ -75.5094, 38.8764 ], [ -75.5086, 38.8772 ], [ -75.5081, 38.879 ], [ -75.5071, 38.8795 ], [ -75.5057, 38.8807 ], [ -75.5044, 38.8809 ], [ -75.5033, 38.8816 ], [ -75.5019, 38.8809 ], [ -75.5011, 38.8809 ], [ -75.4994, 38.8819 ], [ -75.4978, 38.8821 ], [ -75.4964, 38.8838 ], [ -75.4959, 38.8858 ], [ -75.4947, 38.8877 ], [ -75.4918, 38.8884 ], [ -75.4896, 38.8904 ], [ -75.488, 38.8927 ], [ -75.4877, 38.8948 ], [ -75.4885, 38.8966 ], [ -75.4882, 38.8988 ], [ -75.4858, 38.9036 ], [ -75.4844, 38.9038 ], [ -75.4842, 38.9044 ], [ -75.4818, 38.9042 ], [ -75.4796, 38.9056 ], [ -75.4767, 38.906 ], [ -75.4653, 38.9113 ], [ -75.4632, 38.9102 ], [ -75.4606, 38.9094 ], [ -75.4564, 38.9098 ], [ -75.4496, 38.9121 ], [ -75.4437, 38.9131 ], [ -75.4433, 38.911 ], [ -75.4395, 38.9019 ], [ -75.4388, 38.8269 ], [ -75.4408, 38.8257 ], [ -75.4473, 38.8238 ], [ -75.453, 38.8229 ], [ -75.4554, 38.8208 ], [ -75.4581, 38.8174 ], [ -75.4646, 38.8165 ], [ -75.4756, 38.8274 ], [ -75.478, 38.8259 ], [ -75.4964, 38.8357 ], [ -75.5116, 38.8399 ], [ -75.5184, 38.849 ], [ -75.5188, 38.85 ], [ -75.5178, 38.8559 ] ] ] } },
{ "type": "Feature", "properties": { "GEOIDFQ": "1400000US10003011201", "NAME": "112.01", "NAMELSAD": "Census Tract 112.01" }, "geometry": { "type": "Polygon", "coordinates": [ [ [ -75.5489, 39.8168 ], [ -75.545, 39.8258 ], [ -75.5442, 39.8287 ], [ -75.5395, 39.8291 ], [ -75.5368, 39.8298 ], [ -75.5346, 39.8297 ], [ -75.5344, 39.8217 ], [ -75.5357, 39.8135 ], [ -75.5357, 39.8084 ], [ -75.5492, 39.8092 ], [ -75.5497, 39.8133 ], [ -75.5489, 39.8168 ] ] ] } },
{ "type": "Feature", "properties": { "GEOIDFQ": "1400000US10003011202", "NAME": "112.02", "NAMELSAD": "Census Tract 112.02" }, "geometry": { "type": "Polygon", "coordinates": [ [ [ -75.5424, 39.8349 ], [ -75.5396, 39.8389 ], [ -75.5187, 39.8368 ], [ -75.499, 39.8335 ], [ -75.501, 39.8248 ], [ -75.5221, 39.8281 ], [ -75.5356, 39.8298 ], [ -75.5442, 39.8288 ], [ -75.5424, 39.8349 ] ] ] } },
{ "type": "Feature", "properties": { "GEOIDFQ": "1400000US10003011205", "NAME": "112.05", "NAMELSAD": "Census Tract 112.05" }, "geometry": { "type": "Polygon", "coordinates": [ [ [ -75.5035, 39.825 ], [ -75.501, 39.8248 ], [ -75.502, 39.823 ], [ -75.5074, 39.817 ], [ -75.5181, 39.8202 ], [ -75.5234, 39.8227 ], [ -75.5279, 39.8288 ], [ -75.5035, 39.825 ] ] ] } },
{ "type": "Feature", "properties": { "GEOIDFQ": "1400000US10005050801", "NAME": "508.01", "NAMELSAD": "Census Tract 508.01" }, "geometry": { "type": "Polygon", "coordinates": [ [ [ -75.3393, 38.8331 ], [ -75.3257, 38.8322 ], [ -75.3125, 38.8287 ], [ -75.3066, 38.8215 ], [ -75.3038, 38.8193 ], [ -75.2695, 38.8033 ], [ -75.2584, 38.7959 ], [ -75.2516, 38.7906 ], [ -75.2527, 38.7901 ], [ -75.2533, 38.7888 ], [ -75.2558, 38.7904 ], [ -75.2567, 38.7918 ], [ -75.2586, 38.7912 ], [ -75.2593, 38.7902 ], [ -75.2603, 38.7899 ], [ -75.2616, 38.7899 ], [ -75.267, 38.7913 ], [ -75.2689, 38.793 ], [ -75.2716, 38.7926 ], [ -75.2727, 38.7931 ], [ -75.2739, 38.7932 ], [ -75.2764, 38.7901 ], [ -75.2775, 38.7903 ], [ -75.2786, 38.7913 ], [ -75.2809, 38.7913 ], [ -75.2841, 38.7895 ], [ -75.2843, 38.7889 ], [ -75.2834, 38.7883 ], [ -75.2835, 38.7859 ], [ -75.2847, 38.785 ], [ -75.2866, 38.7844 ], [ -75.2869, 38.7837 ], [ -75.2863, 38.7822 ], [ -75.2854, 38.7817 ], [ -75.2842, 38.7816 ], [ -75.2834, 38.7811 ], [ -75.2837, 38.7803 ], [ -75.2899, 38.7782 ], [ -75.2926, 38.7784 ], [ -75.2944, 38.7777 ], [ -75.2976, 38.7784 ], [ -75.2995, 38.7783 ], [ -75.2999, 38.7781 ], [ -75.2997, 38.7772 ], [ -75.3007, 38.7766 ], [ -75.3034, 38.7783 ], [ -75.305, 38.7785 ], [ -75.3067, 38.7782 ], [ -75.3083, 38.7785 ], [ -75.3094, 38.7799 ], [ -75.3099, 38.78 ], [ -75.3088, 38.7786 ], [ -75.311, 38.7786 ], [ -75.3102, 38.7777 ], [ -75.311, 38.7759 ], [ -75.3165, 38.7689 ], [ -75.3292, 38.7694 ], [ -75.3376, 38.7713 ], [ -75.3407, 38.7709 ], [ -75.3415, 38.7761 ], [ -75.3401, 38.7818 ], [ -75.3408, 38.7879 ], [ -75.3406, 38.7942 ], [ -75.3423, 38.7995 ], [ -75.342, 38.805 ], [ -75.3424, 38.8087 ], [ -75.3454, 38.8157 ], [ -75.3436, 38.8268 ], [ -75.3453, 38.829 ], [ -75.3457, 38.8341 ], [ -75.3393, 38.8331 ] ] ] } },
{ "type": "Feature", "properties": { "GEOIDFQ": "1400000US10005050401", "NAME": "504.01", "NAMELSAD": "Census Tract 504.01" }, "geometry": { "type": "Polygon", "coordinates": [ [ [ -75.7101, 38.7056 ], [ -75.7043, 38.7034 ], [ -75.7026, 38.7032 ], [ -75.6924, 38.704 ], [ -75.6814, 38.7078 ], [ -75.6727, 38.7101 ], [ -75.6699, 38.7104 ], [ -75.6637, 38.7099 ], [ -75.6616, 38.7101 ], [ -75.649, 38.7163 ], [ -75.6463, 38.7182 ], [ -75.6274, 38.7077 ], [ -75.6334, 38.6938 ], [ -75.6354, 38.6906 ], [ -75.637, 38.6869 ], [ -75.6377, 38.6859 ], [ -75.64, 38.6842 ], [ -75.6397, 38.6807 ], [ -75.6384, 38.6779 ], [ -75.6376, 38.6733 ], [ -75.638, 38.6682 ], [ -75.6368, 38.6627 ], [ -75.6296, 38.6454 ], [ -75.638, 38.6439 ], [ -75.6438, 38.6418 ], [ -75.6486, 38.6417 ], [ -75.6271, 38.6341 ], [ -75.6248, 38.6337 ], [ -75.6222, 38.6343 ], [ -75.6169, 38.6368 ], [ -75.6166, 38.6366 ], [ -75.6156, 38.637 ], [ -75.6142, 38.6382 ], [ -75.6141, 38.6379 ], [ -75.6161, 38.6354 ], [ -75.6171, 38.6352 ], [ -75.617, 38.6349 ], [ -75.6181, 38.6335 ], [ -75.618, 38.633 ], [ -75.6183, 38.6329 ], [ -75.6189, 38.6314 ], [ -75.6195, 38.6306 ], [ -75.6204, 38.6304 ], [ -75.6201, 38.6298 ], [ -75.6224, 38.6289 ], [ -75.6231, 38.6282 ], [ -75.6234, 38.6267 ], [ -75.6231, 38.6246 ], [ -75.6246, 38.6229 ], [ -75.6272, 38.6216 ], [ -75.63, 38.6188 ], [ -75.6398, 38.6149 ], [ -75.6423, 38.6134 ], [ -75.6433, 38.6125 ], [ -75.6439, 38.6112 ], [ -75.6442, 38.609 ], [ -75.6449, 38.6081 ], [ -75.6473, 38.6068 ], [ -75.6518, 38.6053 ], [ -75.6545, 38.6026 ], [ -75.6566, 38.5995 ], [ -75.661, 38.5903 ], [ -75.6622, 38.5897 ], [ -75.6676, 38.5889 ], [ -75.669, 38.5881 ], [ -75.6695, 38.5874 ], [ -75.6699, 38.5844 ], [ -75.6694, 38.5777 ], [ -75.6703, 38.5759 ], [ -75.6723, 38.5735 ], [ -75.6794, 38.5665 ], [ -75.6854, 38.5635 ], [ -75.6917, 38.5576 ], [ -75.6938, 38.5573 ], [ -75.6956, 38.5574 ], [ -75.7016, 38.5607 ], [ -75.713, 38.7056 ], [ -75.7101, 38.7056 ] ] ] } },
{ "type": "Feature", "properties": { "GEOIDFQ": "1400000US10005050701", "NAME": "507.01", "NAMELSAD": "Census Tract 507.01" }, "geometry": { "type": "Polygon", "coordinates": [ [ [ -75.2968, 38.6806 ], [ -75.2932, 38.6773 ], [ -75.2918, 38.6767 ], [ -75.29, 38.6768 ], [ -75.2772, 38.681 ], [ -75.2705, 38.6812 ], [ -75.2561, 38.6765 ], [ -75.2547, 38.6766 ], [ -75.2511, 38.6778 ], [ -75.2447, 38.6777 ], [ -75.2444, 38.6779 ], [ -75.2352, 38.6738 ], [ -75.2276, 38.6669 ], [ -75.2225, 38.6633 ], [ -75.2168, 38.6523 ], [ -75.2154, 38.6504 ], [ -75.2075, 38.6434 ], [ -75.1985, 38.6378 ], [ -75.1961, 38.6364 ], [ -75.1941, 38.6358 ], [ -75.1991, 38.6179 ], [ -75.2003, 38.6163 ], [ -75.2102, 38.6073 ], [ -75.2116, 38.6065 ], [ -75.2135, 38.606 ], [ -75.222, 38.6057 ], [ -75.2255, 38.6039 ], [ -75.2272, 38.6035 ], [ -75.2398, 38.6031 ], [ -75.2603, 38.6011 ], [ -75.2806, 38.6015 ], [ -75.2853, 38.6006 ], [ -75.29, 38.5982 ], [ -75.291, 38.5971 ], [ -75.2913, 38.5957 ], [ -75.2928, 38.5978 ], [ -75.294, 38.6006 ], [ -75.2956, 38.6095 ], [ -75.2953, 38.6108 ], [ -75.2939, 38.6131 ], [ -75.2937, 38.6145 ], [ -75.295, 38.6233 ], [ -75.299, 38.6627 ], [ -75.3006, 38.665 ], [ -75.3026, 38.6747 ], [ -75.307, 38.6806 ], [ -75.3079, 38.6825 ], [ -75.2968, 38.6806 ] ] ] } },
{ "type": "Feature", "properties": { "GEOIDFQ": "1400000US10005051702", "NAME": "517.02", "NAMELSAD": "Census Tract 517.02" }, "geometry": { "type": "Polygon", "coordinates": [ [ [ -75.5564, 38.5551 ], [ -75.5447, 38.5535 ], [ -75.5378, 38.555 ], [ -75.535, 38.5549 ], [ -75.5262, 38.552 ], [ -75.5163, 38.5476 ], [ -75.5091, 38.5455 ], [ -75.499, 38.5435 ], [ -75.4822, 38.5425 ], [ -75.4716, 38.5412 ], [ -75.4552, 38.5336 ], [ -75.4529, 38.5328 ], [ -75.429, 38.5266 ], [ -75.4093, 38.5245 ], [ -75.4076, 38.5247 ], [ -75.3582, 38.5381 ], [ -75.3587, 38.5357 ], [ -75.3562, 38.5201 ], [ -75.3533, 38.5193 ], [ -75.351, 38.5102 ], [ -75.3491, 38.5076 ], [ -75.3473, 38.5063 ], [ -75.3415, 38.4863 ], [ -75.3395, 38.484 ], [ -75.3387, 38.4809 ], [ -75.3301, 38.4803 ], [ -75.3273, 38.4809 ], [ -75.3184, 38.4803 ], [ -75.3192, 38.4798 ], [ -75.3214, 38.4764 ], [ -75.3256, 38.4723 ], [ -75.3231, 38.4707 ], [ -75.3221, 38.4676 ], [ -75.3198, 38.4664 ], [ -75.32, 38.4645 ], [ -75.3209, 38.4631 ], [ -75.321, 38.4613 ], [ -75.3227, 38.4601 ], [ -75.3231, 38.4592 ], [ -75.3273, 38.46 ], [ -75.3278, 38.4578 ], [ -75.3315, 38.452 ], [ -75.4109, 38.4523 ], [ -75.5099, 38.4543 ], [ -75.5581, 38.4557 ], [ -75.5564, 38.5551 ] ] ] } },
{ "type": "Feature", "properties": { "GEOIDFQ": "1400000US10005051900", "NAME": "519", "NAMELSAD": "Census Tract 519" }, "geometry": { "type": "Polygon", "coordinates": [ [ [ -75.6921, 38.5211 ], [ -75.6413, 38.5172 ], [ -75.5917, 38.538 ], [ -75.5868, 38.5338 ], [ -75.5885, 38.5232 ], [ -75.5795, 38.5219 ], [ -75.5782, 38.5223 ], [ -75.5765, 38.524 ], [ -75.5698, 38.5238 ], [ -75.5697, 38.5128 ], [ -75.557, 38.5135 ], [ -75.5581, 38.4556 ], [ -75.6019, 38.4568 ], [ -75.6937, 38.4601 ], [ -75.6985, 38.522 ], [ -75.6921, 38.5211 ] ] ] } },
{ "type": "Feature", "properties": { "GEOIDFQ": "1400000US10005050200", "NAME": "502", "NAMELSAD": "Census Tract 502" }, "geometry": { "type": "Polygon", "coordinates": [ [ [ -75.4968, 38.7606 ], [ -75.4946, 38.7647 ], [ -75.4877, 38.7701 ], [ -75.4825, 38.78 ], [ -75.4765, 38.7855 ], [ -75.4751, 38.7873 ], [ -75.4749, 38.788 ], [ -75.4768, 38.7927 ], [ -75.4762, 38.7949 ], [ -75.4738, 38.7965 ], [ -75.4719, 38.7992 ], [ -75.4631, 38.8093 ], [ -75.4576, 38.8133 ], [ -75.4573, 38.8144 ], [ -75.4581, 38.8174 ], [ -75.4554, 38.8208 ], [ -75.453, 38.8229 ], [ -75.4463, 38.8241 ], [ -75.4408, 38.8257 ], [ -75.4381, 38.8273 ], [ -75.4356, 38.828 ], [ -75.4292, 38.8282 ], [ -75.4224, 38.8334 ], [ -75.4192, 38.829 ], [ -75.4149, 38.8273 ], [ -75.4121, 38.8236 ], [ -75.4093, 38.822 ], [ -75.4081, 38.8207 ], [ -75.4032, 38.8277 ], [ -75.3951, 38.8308 ], [ -75.3954, 38.8358 ], [ -75.3947, 38.8349 ], [ -75.3938, 38.8346 ], [ -75.3886, 38.8344 ], [ -75.3822, 38.8332 ], [ -75.3697, 38.8335 ], [ -75.3626, 38.8331 ], [ -75.3489, 38.8342 ], [ -75.3457, 38.8341 ], [ -75.3453, 38.829 ], [ -75.3436, 38.8268 ], [ -75.3454, 38.8157 ], [ -75.3424, 38.8087 ], [ -75.342, 38.805 ], [ -75.3423, 38.7995 ], [ -75.3406, 38.7942 ], [ -75.3408, 38.7879 ], [ -75.3401, 38.7818 ], [ -75.3415, 38.7756 ], [ -75.3398, 38.767 ], [ -75.3381, 38.7627 ], [ -75.3358, 38.7488 ], [ -75.3414, 38.7483 ], [ -75.3453, 38.7471 ], [ -75.35, 38.7475 ], [ -75.3538, 38.7446 ], [ -75.356, 38.7437 ], [ -75.3581, 38.745 ], [ -75.3552, 38.7504 ], [ -75.3702, 38.7539 ], [ -75.3726, 38.7537 ], [ -75.3797, 38.75 ], [ -75.3819, 38.7494 ], [ -75.391, 38.749 ], [ -75.3963, 38.7503 ], [ -75.405, 38.7513 ], [ -75.4124, 38.7484 ], [ -75.4146, 38.7436 ], [ -75.4155, 38.7427 ], [ -75.4242, 38.7393 ], [ -75.427, 38.7427 ], [ -75.4442, 38.7445 ], [ -75.4558, 38.7464 ], [ -75.4627, 38.7464 ], [ -75.4648, 38.7468 ], [ -75.4855, 38.756 ], [ -75.4937, 38.7573 ], [ -75.5004, 38.7556 ], [ -75.4968, 38.7606 ] ] ] } },
{ "type": "Feature", "properties": { "GEOIDFQ": "1400000US10005051400", "NAME": "514", "NAMELSAD": "Census Tract 514" }, "geometry": { "type": "Polygon", "coordinates": [ [ [ -75.3278, 38.4578 ], [ -75.3273, 38.46 ], [ -75.3231, 38.4592 ], [ -75.3227, 38.4601 ], [ -75.321, 38.4613 ], [ -75.3209, 38.4631 ], [ -75.32, 38.4645 ], [ -75.3198, 38.4664 ], [ -75.3221, 38.4676 ], [ -75.3231, 38.4707 ], [ -75.3256, 38.4723 ], [ -75.3214, 38.4764 ], [ -75.3188, 38.4802 ], [ -75.3019, 38.479 ], [ -75.3009, 38.4784 ], [ -75.2998, 38.4762 ], [ -75.2987, 38.4751 ], [ -75.2932, 38.4727 ], [ -75.2851, 38.4726 ], [ -75.2768, 38.4715 ], [ -75.2755, 38.4716 ], [ -75.2677, 38.4754 ], [ -75.2597, 38.4769 ], [ -75.2582, 38.477 ], [ -75.2553, 38.4778 ], [ -75.2558, 38.481 ], [ -75.2554, 38.4824 ], [ -75.2545, 38.4839 ], [ -75.2498, 38.4884 ], [ -75.2496, 38.4908 ], [ -75.2491, 38.4917 ], [ -75.245, 38.494 ], [ -75.2434, 38.4961 ], [ -75.2377, 38.5009 ], [ -75.2273, 38.505 ], [ -75.228, 38.503 ], [ -75.2274, 38.5012 ], [ -75.2248, 38.4984 ], [ -75.2244, 38.4971 ], [ -75.2248, 38.4961 ], [ -75.2229, 38.4955 ], [ -75.2191, 38.4965 ], [ -75.2175, 38.4974 ], [ -75.2155, 38.502 ], [ -75.2127, 38.5054 ], [ -75.1977, 38.4952 ], [ -75.1956, 38.4922 ], [ -75.1846, 38.4909 ], [ -75.1772, 38.4907 ], [ -75.174, 38.4913 ], [ -75.1736, 38.4877 ], [ -75.1747, 38.4775 ], [ -75.1767, 38.4739 ], [ -75.1773, 38.4731 ], [ -75.1794, 38.4718 ], [ -75.1805, 38.4694 ], [ -75.1804, 38.4683 ], [ -75.1782, 38.4633 ], [ -75.1781, 38.4603 ], [ -75.1808, 38.4568 ], [ -75.1837, 38.4551 ], [ -75.1856, 38.4512 ], [ -75.2321, 38.4512 ], [ -75.3315, 38.452 ], [ -75.3278, 38.4578 ] ] ] } },
{ "type": "Feature", "properties": { "GEOIDFQ": "1400000US10005050302", "NAME": "503.02", "NAMELSAD": "Census Tract 503.02" }, "geometry": { "type": "Polygon", "coordinates": [ [ [ -75.5906, 38.7904 ], [ -75.5874, 38.8001 ], [ -75.5846, 38.8038 ], [ -75.5838, 38.8065 ], [ -75.584, 38.8089 ], [ -75.5855, 38.8157 ], [ -75.5857, 38.8192 ], [ -75.585, 38.8271 ], [ -75.5824, 38.8346 ], [ -75.555, 38.8356 ], [ -75.5533, 38.8373 ], [ -75.5508, 38.8389 ], [ -75.5487, 38.8411 ], [ -75.5454, 38.8428 ], [ -75.544, 38.8434 ], [ -75.5408, 38.8429 ], [ -75.5397, 38.8435 ], [ -75.5359, 38.8477 ], [ -75.5362, 38.85 ], [ -75.5203, 38.8558 ], [ -75.5163, 38.864 ], [ -75.5161, 38.8628 ], [ -75.5165, 38.86 ], [ -75.5178, 38.8559 ], [ -75.5189, 38.8497 ], [ -75.5118, 38.84 ], [ -75.4964, 38.8357 ], [ -75.478, 38.8259 ], [ -75.4756, 38.8274 ], [ -75.4649, 38.8166 ], [ -75.4644, 38.8164 ], [ -75.4581, 38.8174 ], [ -75.4573, 38.8142 ], [ -75.4577, 38.8132 ], [ -75.4631, 38.8093 ], [ -75.4719, 38.7992 ], [ -75.4738, 38.7965 ], [ -75.4762, 38.7949 ], [ -75.4768, 38.7927 ], [ -75.4749, 38.788 ], [ -75.475, 38.7875 ], [ -75.4765, 38.7855 ], [ -75.4825, 38.78 ], [ -75.4877, 38.7701 ], [ -75.4946, 38.7647 ], [ -75.4963, 38.7613 ], [ -75.4983, 38.7583 ], [ -75.5009, 38.755 ], [ -75.5038, 38.7522 ], [ -75.5097, 38.7422 ], [ -75.512, 38.7333 ], [ -75.5147, 38.7308 ], [ -75.5225, 38.7263 ], [ -75.5248, 38.7246 ], [ -75.5282, 38.7199 ], [ -75.5304, 38.7185 ], [ -75.53, 38.7141 ], [ -75.5314, 38.7103 ], [ -75.5458, 38.7081 ], [ -75.5529, 38.7078 ], [ -75.5563, 38.7078 ], [ -75.5638, 38.7097 ], [ -75.5849, 38.7199 ], [ -75.5866, 38.721 ], [ -75.5882, 38.7228 ], [ -75.5905, 38.723 ], [ -75.5937, 38.7554 ], [ -75.5906, 38.7904 ] ] ] } },
{ "type": "Feature", "properties": { "GEOIDFQ": "1400000US10005051308", "NAME": "513.08", "NAMELSAD": "Census Tract 513.08" }, "geometry": { "type": "Polygon", "coordinates": [ [ [ -75.2019, 38.5586 ], [ -75.2006, 38.559 ], [ -75.1994, 38.5587 ], [ -75.1974, 38.5601 ], [ -75.1979, 38.562 ], [ -75.1974, 38.5627 ], [ -75.1939, 38.565 ], [ -75.1928, 38.5684 ], [ -75.193, 38.5706 ], [ -75.1863, 38.571 ], [ -75.1828, 38.5737 ], [ -75.1706, 38.5851 ], [ -75.1703, 38.5889 ], [ -75.1609, 38.5928 ], [ -75.1246, 38.6008 ], [ -75.1135, 38.6056 ], [ -75.1106, 38.6062 ], [ -75.1032, 38.6069 ], [ -75.1027, 38.6016 ], [ -75.1021, 38.5999 ], [ -75.0982, 38.5922 ], [ -75.0949, 38.5868 ], [ -75.0943, 38.5824 ], [ -75.0949, 38.5804 ], [ -75.0976, 38.5794 ], [ -75.0999, 38.5794 ], [ -75.1019, 38.5798 ], [ -75.102, 38.5794 ], [ -75.1028, 38.5793 ], [ -75.1049, 38.5801 ], [ -75.1066, 38.5798 ], [ -75.108, 38.581 ], [ -75.1085, 38.5811 ], [ -75.1091, 38.5808 ], [ -75.1087, 38.5799 ], [ -75.1151, 38.5777 ], [ -75.1149, 38.5767 ], [ -75.1219, 38.5744 ], [ -75.1237, 38.5734 ], [ -75.1245, 38.5694 ], [ -75.1233, 38.5497 ], [ -75.1266, 38.551 ], [ -75.1318, 38.5508 ], [ -75.135, 38.552 ], [ -75.1396, 38.5525 ], [ -75.1471, 38.5496 ], [ -75.1497, 38.5481 ], [ -75.1566, 38.5478 ], [ -75.1652, 38.5451 ], [ -75.1712, 38.5446 ], [ -75.1752, 38.5439 ], [ -75.1801, 38.5415 ], [ -75.1929, 38.5305 ], [ -75.1987, 38.5278 ], [ -75.2004, 38.5275 ], [ -75.2021, 38.5289 ], [ -75.202, 38.5296 ], [ -75.201, 38.5303 ], [ -75.1994, 38.5304 ], [ -75.1985, 38.5315 ], [ -75.199, 38.5337 ], [ -75.1978, 38.5354 ], [ -75.1984, 38.5366 ], [ -75.1984, 38.5399 ], [ -75.1966, 38.5416 ], [ -75.1966, 38.543 ], [ -75.1982, 38.5454 ], [ -75.1975, 38.548 ], [ -75.1981, 38.5483 ], [ -75.1995, 38.5483 ], [ -75.1997, 38.5486 ], [ -75.1989, 38.5506 ], [ -75.2003, 38.5529 ], [ -75.2002, 38.5541 ], [ -75.2026, 38.5553 ], [ -75.2035, 38.5567 ], [ -75.2019, 38.5586 ] ] ] } },
{ "type": "Feature", "properties": { "GEOIDFQ": "1400000US10003001100", "NAME": "11", "NAMELSAD": "Census Tract 11" }, "geometry": { "type": "Polygon", "coordinates": [ [ [ -75.5615, 39.7571 ], [ -75.5605, 39.7577 ], [ -75.5615, 39.7587 ], [ -75.5606, 39.7592 ], [ -75.5589, 39.7594 ], [ -75.5593, 39.7599 ], [ -75.5569, 39.7606 ], [ -75.5526, 39.7566 ], [ -75.5536, 39.753 ], [ -75.5551, 39.7511 ], [ -75.5569, 39.7526 ], [ -75.5634, 39.7543 ], [ -75.5615, 39.7571 ] ] ] } },
{ "type": "Feature", "properties": { "GEOIDFQ": "1400000US10003001300", "NAME": "13", "NAMELSAD": "Census Tract 13" }, "geometry": { "type": "Polygon", "coordinates": [ [ [ -75.5761, 39.769 ], [ -75.5743, 39.7691 ], [ -75.5708, 39.771 ], [ -75.5696, 39.771 ], [ -75.5678, 39.7704 ], [ -75.5652, 39.7692 ], [ -75.5595, 39.7687 ], [ -75.5583, 39.7678 ], [ -75.5566, 39.7656 ], [ -75.5573, 39.7631 ], [ -75.5569, 39.7606 ], [ -75.5577, 39.7604 ], [ -75.5583, 39.7616 ], [ -75.5605, 39.7625 ], [ -75.5619, 39.7627 ], [ -75.5653, 39.7606 ], [ -75.5682, 39.7563 ], [ -75.5678, 39.756 ], [ -75.5686, 39.7556 ], [ -75.5701, 39.7535 ], [ -75.5736, 39.755 ], [ -75.575, 39.7529 ], [ -75.5786, 39.7544 ], [ -75.5751, 39.7596 ], [ -75.5787, 39.7617 ], [ -75.5802, 39.7628 ], [ -75.5761, 39.769 ] ] ] } },
{ "type": "Feature", "properties": { "GEOIDFQ": "1400000US10003001500", "NAME": "15", "NAMELSAD": "Census Tract 15" }, "geometry": { "type": "Polygon", "coordinates": [ [ [ -75.5608, 39.7536 ], [ -75.5566, 39.7525 ], [ -75.5551, 39.7511 ], [ -75.5564, 39.7499 ], [ -75.5593, 39.7456 ], [ -75.5647, 39.748 ], [ -75.5608, 39.7536 ] ] ] } },
{ "type": "Feature", "properties": { "GEOIDFQ": "1400000US10003014402", "NAME": "144.02", "NAMELSAD": "Census Tract 144.02" }, "geometry": { "type": "Polygon", "coordinates": [ [ [ -75.7738, 39.6658 ], [ -75.7726, 39.6676 ], [ -75.7714, 39.6684 ], [ -75.7717, 39.6693 ], [ -75.7706, 39.6704 ], [ -75.7565, 39.6828 ], [ -75.7537, 39.683 ], [ -75.7534, 39.6721 ], [ -75.7513, 39.6557 ], [ -75.7545, 39.6536 ], [ -75.755, 39.654 ], [ -75.7565, 39.6541 ], [ -75.7575, 39.6556 ], [ -75.7569, 39.657 ], [ -75.7571, 39.6576 ], [ -75.7585, 39.6569 ], [ -75.7619, 39.6568 ], [ -75.7631, 39.6575 ], [ -75.7643, 39.6577 ], [ -75.7646, 39.659 ], [ -75.7653, 39.6594 ], [ -75.7684, 39.6594 ], [ -75.769, 39.6598 ], [ -75.7693, 39.6593 ], [ -75.7707, 39.6594 ], [ -75.7706, 39.6598 ], [ -75.7711, 39.6599 ], [ -75.7718, 39.6609 ], [ -75.7731, 39.6615 ], [ -75.7738, 39.6624 ], [ -75.7745, 39.6625 ], [ -75.7738, 39.6658 ] ] ] } },
{ "type": "Feature", "properties": { "GEOIDFQ": "1400000US10003011700", "NAME": "117", "NAMELSAD": "Census Tract 117" }, "geometry": { "type": "Polygon", "coordinates": [ [ [ -75.5793, 39.7928 ], [ -75.5752, 39.7955 ], [ -75.5751, 39.7973 ], [ -75.5743, 39.7991 ], [ -75.5712, 39.8035 ], [ -75.5668, 39.8074 ], [ -75.5663, 39.8083 ], [ -75.5663, 39.8097 ], [ -75.5699, 39.8173 ], [ -75.5722, 39.8198 ], [ -75.575, 39.8216 ], [ -75.5757, 39.8226 ], [ -75.5752, 39.826 ], [ -75.573, 39.8291 ], [ -75.573, 39.8299 ], [ -75.5736, 39.8312 ], [ -75.5772, 39.8345 ], [ -75.5796, 39.8389 ], [ -75.5598, 39.8395 ], [ -75.5396, 39.8389 ], [ -75.5424, 39.8349 ], [ -75.545, 39.8258 ], [ -75.5484, 39.818 ], [ -75.5498, 39.8131 ], [ -75.5454, 39.7806 ], [ -75.5428, 39.7646 ], [ -75.5523, 39.7619 ], [ -75.5571, 39.7615 ], [ -75.5573, 39.7631 ], [ -75.5566, 39.7656 ], [ -75.5583, 39.7678 ], [ -75.5595, 39.7687 ], [ -75.5652, 39.7692 ], [ -75.5696, 39.771 ], [ -75.5708, 39.771 ], [ -75.575, 39.7689 ], [ -75.5761, 39.769 ], [ -75.5783, 39.7699 ], [ -75.579, 39.7711 ], [ -75.5774, 39.7746 ], [ -75.5737, 39.7774 ], [ -75.5707, 39.7806 ], [ -75.5704, 39.7817 ], [ -75.571, 39.7827 ], [ -75.5772, 39.7847 ], [ -75.5774, 39.7868 ], [ -75.5799, 39.7892 ], [ -75.5803, 39.7917 ], [ -75.5793, 39.7928 ] ] ] } },
{ "type": "Feature", "properties": { "GEOIDFQ": "1400000US10003014803", "NAME": "148.03", "NAMELSAD": "Census Tract 148.03" }, "geometry": { "type": "Polygon", "coordinates": [ [ [ -75.7717, 39.6693 ], [ -75.7714, 39.6684 ], [ -75.7726, 39.6676 ], [ -75.7738, 39.6658 ], [ -75.7745, 39.6625 ], [ -75.7738, 39.6624 ], [ -75.7731, 39.6615 ], [ -75.7718, 39.6609 ], [ -75.7711, 39.6599 ], [ -75.7706, 39.6598 ], [ -75.7708, 39.6594 ], [ -75.7693, 39.6593 ], [ -75.769, 39.6598 ], [ -75.7684, 39.6594 ], [ -75.7653, 39.6594 ], [ -75.7646, 39.659 ], [ -75.7643, 39.6577 ], [ -75.7631, 39.6575 ], [ -75.7618, 39.6568 ], [ -75.7585, 39.6569 ], [ -75.7571, 39.6576 ], [ -75.7569, 39.657 ], [ -75.7575, 39.6556 ], [ -75.7568, 39.6543 ], [ -75.755, 39.654 ], [ -75.7539, 39.653 ], [ -75.7528, 39.653 ], [ -75.7493, 39.6494 ], [ -75.7463, 39.649 ], [ -75.7427, 39.6475 ], [ -75.7425, 39.6471 ], [ -75.7571, 39.647 ], [ -75.7601, 39.6466 ], [ -75.7824, 39.6398 ], [ -75.7878, 39.639 ], [ -75.7889, 39.6539 ], [ -75.7717, 39.6693 ] ] ] } },
{ "type": "Feature", "properties": { "GEOIDFQ": "1400000US10003012100", "NAME": "121", "NAMELSAD": "Census Tract 121" }, "geometry": { "type": "Polygon", "coordinates": [ [ [ -75.6242, 39.7618 ], [ -75.6114, 39.7608 ], [ -75.6044, 39.7588 ], [ -75.609, 39.7545 ], [ -75.6106, 39.7458 ], [ -75.6176, 39.741 ], [ -75.62, 39.7375 ], [ -75.6227, 39.7374 ], [ -75.6239, 39.7453 ], [ -75.6245, 39.7527 ], [ -75.6256, 39.7584 ], [ -75.6242, 39.7618 ] ] ] } },
{ "type": "Feature", "properties": { "GEOIDFQ": "1400000US10003013300", "NAME": "133", "NAMELSAD": "Census Tract 133" }, "geometry": { "type": "Polygon", "coordinates": [ [ [ -75.6682, 39.7281 ], [ -75.6677, 39.729 ], [ -75.6668, 39.729 ], [ -75.6668, 39.7293 ], [ -75.6676, 39.7297 ], [ -75.6671, 39.7303 ], [ -75.6676, 39.7305 ], [ -75.6636, 39.7319 ], [ -75.6601, 39.7327 ], [ -75.6559, 39.7349 ], [ -75.655, 39.7324 ], [ -75.6537, 39.7315 ], [ -75.6533, 39.7299 ], [ -75.6522, 39.7301 ], [ -75.65, 39.7291 ], [ -75.6493, 39.7283 ], [ -75.6658, 39.7198 ], [ -75.6657, 39.7209 ], [ -75.6665, 39.7229 ], [ -75.6692, 39.725 ], [ -75.6693, 39.7266 ], [ -75.6697, 39.7272 ], [ -75.6682, 39.7281 ] ] ] } },
{ "type": "Feature", "properties": { "GEOIDFQ": "1400000US10003001600", "NAME": "16", "NAMELSAD": "Census Tract 16" }, "geometry": { "type": "Polygon", "coordinates": [ [ [ -75.5564, 39.7499 ], [ -75.555, 39.7512 ], [ -75.5534, 39.7499 ], [ -75.5517, 39.7494 ], [ -75.5535, 39.7467 ], [ -75.5514, 39.7459 ], [ -75.5528, 39.7439 ], [ -75.5521, 39.7436 ], [ -75.5526, 39.7428 ], [ -75.5593, 39.7457 ], [ -75.5564, 39.7499 ] ] ] } },
{ "type": "Feature", "properties": { "GEOIDFQ": "1400000US10003002300", "NAME": "23", "NAMELSAD": "Census Tract 23" }, "geometry": { "type": "Polygon", "coordinates": [ [ [ -75.572, 39.7508 ], [ -75.5648, 39.7478 ], [ -75.5674, 39.7439 ], [ -75.5745, 39.747 ], [ -75.572, 39.7508 ] ] ] } },
{ "type": "Feature", "properties": { "GEOIDFQ": "1400000US10003002400", "NAME": "24", "NAMELSAD": "Census Tract 24" }, "geometry": { "type": "Polygon", "coordinates": [ [ [ -75.5875, 39.7581 ], [ -75.575, 39.7529 ], [ -75.5736, 39.755 ], [ -75.5701, 39.7535 ], [ -75.5774, 39.7429 ], [ -75.5787, 39.7421 ], [ -75.5829, 39.7413 ], [ -75.5816, 39.7432 ], [ -75.5846, 39.7445 ], [ -75.5817, 39.7497 ], [ -75.5884, 39.7527 ], [ -75.5875, 39.7581 ] ] ] } },
{ "type": "Feature", "properties": { "GEOIDFQ": "1400000US10003000400", "NAME": "4", "NAMELSAD": "Census Tract 4" }, "geometry": { "type": "Polygon", "coordinates": [ [ [ -75.5523, 39.7619 ], [ -75.5428, 39.7646 ], [ -75.5414, 39.7558 ], [ -75.5477, 39.7532 ], [ -75.5483, 39.7523 ], [ -75.5491, 39.7538 ], [ -75.5514, 39.7553 ], [ -75.5562, 39.7598 ], [ -75.5571, 39.7615 ], [ -75.5523, 39.7619 ] ] ] } },
{ "type": "Feature", "properties": { "GEOIDFQ": "1400000US10003002600", "NAME": "26", "NAMELSAD": "Census Tract 26" }, "geometry": { "type": "Polygon", "coordinates": [ [ [ -75.5674, 39.7439 ], [ -75.5591, 39.7406 ], [ -75.5731, 39.735 ], [ -75.5733, 39.7353 ], [ -75.5674, 39.7439 ] ] ] } },
{ "type": "Feature", "properties": { "GEOIDFQ": "1400000US10003002700", "NAME": "27", "NAMELSAD": "Census Tract 27" }, "geometry": { "type": "Polygon", "coordinates": [ [ [ -75.5591, 39.7406 ], [ -75.5502, 39.7369 ], [ -75.551, 39.7352 ], [ -75.5531, 39.7361 ], [ -75.5563, 39.7366 ], [ -75.5585, 39.7352 ], [ -75.5598, 39.7329 ], [ -75.5605, 39.7285 ], [ -75.5613, 39.7295 ], [ -75.5616, 39.7257 ], [ -75.5639, 39.7256 ], [ -75.5646, 39.7237 ], [ -75.5644, 39.7289 ], [ -75.5669, 39.7293 ], [ -75.5661, 39.7314 ], [ -75.5665, 39.7318 ], [ -75.5678, 39.7298 ], [ -75.5692, 39.7285 ], [ -75.5705, 39.7292 ], [ -75.573, 39.735 ], [ -75.5591, 39.7406 ] ] ] } },
{ "type": "Feature", "properties": { "GEOIDFQ": "1400000US10003010200", "NAME": "102", "NAMELSAD": "Census Tract 102" }, "geometry": { "type": "Polygon", "coordinates": [ [ [ -75.4696, 39.8142 ], [ -75.4594, 39.8104 ], [ -75.4626, 39.808 ], [ -75.4657, 39.8047 ], [ -75.4687, 39.8036 ], [ -75.4707, 39.8035 ], [ -75.4706, 39.8041 ], [ -75.4729, 39.8047 ], [ -75.4729, 39.8059 ], [ -75.4736, 39.807 ], [ -75.4763, 39.8083 ], [ -75.4696, 39.8142 ] ] ] } },
{ "type": "Feature", "properties": { "GEOIDFQ": "1400000US10003012600", "NAME": "126", "NAMELSAD": "Census Tract 126" }, "geometry": { "type": "Polygon", "coordinates": [ [ [ -75.604, 39.7322 ], [ -75.6033, 39.7309 ], [ -75.6025, 39.7306 ], [ -75.6017, 39.729 ], [ -75.6007, 39.7287 ], [ -75.601, 39.7273 ], [ -75.6064, 39.7279 ], [ -75.6072, 39.7247 ], [ -75.5939, 39.7229 ], [ -75.6051, 39.7151 ], [ -75.6073, 39.7178 ], [ -75.6085, 39.7199 ], [ -75.6116, 39.7183 ], [ -75.6141, 39.7208 ], [ -75.6164, 39.7252 ], [ -75.6171, 39.7285 ], [ -75.6185, 39.7305 ], [ -75.604, 39.7322 ] ] ] } },
{ "type": "Feature", "properties": { "GEOIDFQ": "1400000US10005050408", "NAME": "504.08", "NAMELSAD": "Census Tract 504.08" }, "geometry": { "type": "Polygon", "coordinates": [ [ [ -75.5911, 38.6416 ], [ -75.5889, 38.6418 ], [ -75.5731, 38.6408 ], [ -75.5627, 38.641 ], [ -75.556, 38.6395 ], [ -75.5549, 38.6422 ], [ -75.5535, 38.6438 ], [ -75.5534, 38.6477 ], [ -75.5521, 38.6507 ], [ -75.5457, 38.6569 ], [ -75.5435, 38.6598 ], [ -75.5376, 38.6658 ], [ -75.5256, 38.6664 ], [ -75.5203, 38.6675 ], [ -75.5171, 38.6671 ], [ -75.5121, 38.6651 ], [ -75.4977, 38.6645 ], [ -75.4891, 38.6631 ], [ -75.4877, 38.6625 ], [ -75.4746, 38.6546 ], [ -75.4729, 38.6541 ], [ -75.4628, 38.6535 ], [ -75.452, 38.6537 ], [ -75.4304, 38.6521 ], [ -75.4392, 38.6445 ], [ -75.4501, 38.6392 ], [ -75.5153, 38.6035 ], [ -75.5193, 38.6066 ], [ -75.5272, 38.6033 ], [ -75.529, 38.6029 ], [ -75.5488, 38.6017 ], [ -75.5488, 38.6036 ], [ -75.5571, 38.6029 ], [ -75.559, 38.602 ], [ -75.5696, 38.6029 ], [ -75.5704, 38.6019 ], [ -75.5809, 38.5994 ], [ -75.585, 38.6061 ], [ -75.586, 38.6084 ], [ -75.5926, 38.6303 ], [ -75.5935, 38.6404 ], [ -75.5911, 38.6416 ] ] ] } },
{ "type": "Feature", "properties": { "GEOIDFQ": "1400000US10003001400", "NAME": "14", "NAMELSAD": "Census Tract 14" }, "geometry": { "type": "Polygon", "coordinates": [ [ [ -75.5686, 39.7556 ], [ -75.5679, 39.756 ], [ -75.5647, 39.7547 ], [ -75.5608, 39.7536 ], [ -75.5648, 39.7478 ], [ -75.5719, 39.7509 ], [ -75.5686, 39.7556 ] ] ] } },
{ "type": "Feature", "properties": { "GEOIDFQ": "1400000US10005980000", "NAME": "9800", "NAMELSAD": "Census Tract 9800" }, "geometry": { "type": "Polygon", "coordinates": [ [ [ -75.1219, 38.7796 ], [ -75.104, 38.7821 ], [ -75.103, 38.7862 ], [ -75.1046, 38.7911 ], [ -75.0975, 38.7943 ], [ -75.1022, 38.8007 ], [ -75.1012, 38.8084 ], [ -75.0927, 38.8105 ], [ -75.0894, 38.8095 ], [ -75.0813, 38.786 ], [ -75.0775, 38.7648 ], [ -75.0743, 38.7398 ], [ -75.0791, 38.7376 ], [ -75.0791, 38.7382 ], [ -75.0827, 38.7373 ], [ -75.0828, 38.7378 ], [ -75.0834, 38.7376 ], [ -75.0854, 38.7394 ], [ -75.0879, 38.7381 ], [ -75.0901, 38.7418 ], [ -75.0917, 38.7438 ], [ -75.0977, 38.7488 ], [ -75.1005, 38.7505 ], [ -75.1079, 38.7567 ], [ -75.1245, 38.7697 ], [ -75.1272, 38.7713 ], [ -75.13, 38.7721 ], [ -75.1219, 38.7796 ] ] ] } },
{ "type": "Feature", "properties": { "GEOIDFQ": "1400000US10005051309", "NAME": "513.09", "NAMELSAD": "Census Tract 513.09" }, "geometry": { "type": "Polygon", "coordinates": [ [ [ -75.0977, 38.4784 ], [ -75.0963, 38.4791 ], [ -75.0946, 38.483 ], [ -75.094, 38.483 ], [ -75.0937, 38.4835 ], [ -75.0934, 38.4829 ], [ -75.0925, 38.483 ], [ -75.0924, 38.4833 ], [ -75.0932, 38.4837 ], [ -75.0919, 38.4835 ], [ -75.0914, 38.4845 ], [ -75.0881, 38.4838 ], [ -75.0821, 38.4838 ], [ -75.0803, 38.4833 ], [ -75.0668, 38.4762 ], [ -75.0622, 38.4749 ], [ -75.0617, 38.4645 ], [ -75.062, 38.46 ], [ -75.0625, 38.4566 ], [ -75.0642, 38.4526 ], [ -75.0677, 38.4539 ], [ -75.0761, 38.4593 ], [ -75.0811, 38.4636 ], [ -75.0859, 38.4653 ], [ -75.0887, 38.467 ], [ -75.0909, 38.4694 ], [ -75.0987, 38.4725 ], [ -75.0977, 38.4784 ] ] ] } },
{ "type": "Feature", "properties": { "GEOIDFQ": "1400000US10005051312", "NAME": "513.12", "NAMELSAD": "Census Tract 513.12" }, "geometry": { "type": "Polygon", "coordinates": [ [ [ -75.1837, 38.4551 ], [ -75.1808, 38.4568 ], [ -75.1781, 38.4603 ], [ -75.1782, 38.4633 ], [ -75.1804, 38.4683 ], [ -75.1805, 38.4694 ], [ -75.1794, 38.4718 ], [ -75.1773, 38.4731 ], [ -75.1762, 38.4746 ], [ -75.1745, 38.4784 ], [ -75.1736, 38.4877 ], [ -75.174, 38.4913 ], [ -75.1768, 38.4907 ], [ -75.1801, 38.4908 ], [ -75.1757, 38.4942 ], [ -75.1708, 38.4966 ], [ -75.1678, 38.4943 ], [ -75.1668, 38.4928 ], [ -75.162, 38.4894 ], [ -75.1589, 38.4848 ], [ -75.1576, 38.4836 ], [ -75.1536, 38.4815 ], [ -75.1466, 38.4807 ], [ -75.1403, 38.4782 ], [ -75.1401, 38.4761 ], [ -75.1395, 38.4752 ], [ -75.1379, 38.4755 ], [ -75.137, 38.4761 ], [ -75.126, 38.4743 ], [ -75.1175, 38.4714 ], [ -75.1158, 38.4698 ], [ -75.1109, 38.4724 ], [ -75.1012, 38.4732 ], [ -75.0911, 38.4695 ], [ -75.0889, 38.4673 ], [ -75.0874, 38.4662 ], [ -75.0872, 38.4632 ], [ -75.0899, 38.4624 ], [ -75.0925, 38.4625 ], [ -75.0935, 38.4632 ], [ -75.096, 38.4635 ], [ -75.0939, 38.4629 ], [ -75.093, 38.4624 ], [ -75.0982, 38.4639 ], [ -75.0977, 38.463 ], [ -75.0951, 38.4618 ], [ -75.0945, 38.4611 ], [ -75.0963, 38.4607 ], [ -75.096, 38.4599 ], [ -75.0967, 38.4598 ], [ -75.0969, 38.4594 ], [ -75.0978, 38.4596 ], [ -75.0979, 38.4592 ], [ -75.0996, 38.4601 ], [ -75.1001, 38.4595 ], [ -75.1026, 38.4591 ], [ -75.1053, 38.461 ], [ -75.1076, 38.4608 ], [ -75.1094, 38.4601 ], [ -75.1109, 38.4602 ], [ -75.112, 38.4607 ], [ -75.1153, 38.4611 ], [ -75.1169, 38.4618 ], [ -75.1212, 38.461 ], [ -75.1246, 38.4614 ], [ -75.1285, 38.4628 ], [ -75.1347, 38.459 ], [ -75.1376, 38.4542 ], [ -75.1396, 38.4523 ], [ -75.142, 38.4512 ], [ -75.1856, 38.4514 ], [ -75.1837, 38.4551 ] ] ] } },
{ "type": "Feature", "properties": { "GEOIDFQ": "1400000US10005051311", "NAME": "513.11", "NAMELSAD": "Census Tract 513.11" }, "geometry": { "type": "Polygon", "coordinates": [ [ [ -75.1395, 38.4524 ], [ -75.1376, 38.4542 ], [ -75.1347, 38.459 ], [ -75.1285, 38.4628 ], [ -75.1246, 38.4614 ], [ -75.1212, 38.461 ], [ -75.1169, 38.4618 ], [ -75.1153, 38.4611 ], [ -75.112, 38.4607 ], [ -75.1109, 38.4602 ], [ -75.1094, 38.4601 ], [ -75.1076, 38.4608 ], [ -75.1053, 38.461 ], [ -75.1026, 38.4591 ], [ -75.1001, 38.4595 ], [ -75.0996, 38.4601 ], [ -75.0979, 38.4592 ], [ -75.0978, 38.4596 ], [ -75.0969, 38.4594 ], [ -75.0967, 38.4598 ], [ -75.096, 38.4599 ], [ -75.0963, 38.4607 ], [ -75.0945, 38.4611 ], [ -75.0951, 38.4618 ], [ -75.0977, 38.463 ], [ -75.0982, 38.4639 ], [ -75.093, 38.4624 ], [ -75.096, 38.4635 ], [ -75.0935, 38.4632 ], [ -75.0925, 38.4625 ], [ -75.0899, 38.4624 ], [ -75.0872, 38.4632 ], [ -75.0874, 38.4662 ], [ -75.0855, 38.4651 ], [ -75.0811, 38.4636 ], [ -75.0761, 38.4593 ], [ -75.0677, 38.4539 ], [ -75.0642, 38.4526 ], [ -75.0654, 38.4512 ], [ -75.1419, 38.4512 ], [ -75.1395, 38.4524 ] ] ] } },
{ "type": "Feature", "properties": { "GEOIDFQ": "1400000US10005051501", "NAME": "515.01", "NAMELSAD": "Census Tract 515.01" }, "geometry": { "type": "Polygon", "coordinates": [ [ [ -75.2407, 38.5488 ], [ -75.2374, 38.5514 ], [ -75.2359, 38.5515 ], [ -75.2319, 38.5526 ], [ -75.2307, 38.5532 ], [ -75.2287, 38.5577 ], [ -75.228, 38.5582 ], [ -75.2273, 38.5584 ], [ -75.2267, 38.558 ], [ -75.2259, 38.5584 ], [ -75.2249, 38.5581 ], [ -75.2233, 38.5586 ], [ -75.2214, 38.5583 ], [ -75.2188, 38.5611 ], [ -75.2084, 38.5621 ], [ -75.2036, 38.5644 ], [ -75.198, 38.5689 ], [ -75.193, 38.5706 ], [ -75.1928, 38.5684 ], [ -75.1939, 38.565 ], [ -75.1974, 38.5627 ], [ -75.1979, 38.562 ], [ -75.1974, 38.5601 ], [ -75.1994, 38.5587 ], [ -75.2006, 38.559 ], [ -75.2019, 38.5586 ], [ -75.2035, 38.5567 ], [ -75.2026, 38.5553 ], [ -75.2002, 38.5541 ], [ -75.2003, 38.5529 ], [ -75.1989, 38.5506 ], [ -75.1997, 38.5486 ], [ -75.1995, 38.5483 ], [ -75.1981, 38.5483 ], [ -75.1975, 38.548 ], [ -75.1982, 38.5454 ], [ -75.1979, 38.5445 ], [ -75.1966, 38.5431 ], [ -75.1966, 38.5416 ], [ -75.1984, 38.5399 ], [ -75.1984, 38.5366 ], [ -75.1978, 38.5354 ], [ -75.199, 38.5337 ], [ -75.1985, 38.5315 ], [ -75.1994, 38.5304 ], [ -75.201, 38.5303 ], [ -75.202, 38.5295 ], [ -75.2021, 38.5289 ], [ -75.1984, 38.5261 ], [ -75.2003, 38.524 ], [ -75.2021, 38.5175 ], [ -75.2034, 38.5159 ], [ -75.2062, 38.5151 ], [ -75.2095, 38.5092 ], [ -75.2155, 38.502 ], [ -75.2174, 38.4975 ], [ -75.219, 38.4966 ], [ -75.2224, 38.4955 ], [ -75.2248, 38.4961 ], [ -75.2244, 38.4971 ], [ -75.2248, 38.4984 ], [ -75.2254, 38.4994 ], [ -75.2273, 38.5011 ], [ -75.228, 38.5027 ], [ -75.2273, 38.505 ], [ -75.2374, 38.5011 ], [ -75.2389, 38.5148 ], [ -75.2427, 38.5211 ], [ -75.237, 38.5217 ], [ -75.2383, 38.5254 ], [ -75.2356, 38.5298 ], [ -75.2338, 38.5285 ], [ -75.2325, 38.5296 ], [ -75.2278, 38.5316 ], [ -75.228, 38.5325 ], [ -75.225, 38.5347 ], [ -75.2228, 38.5392 ], [ -75.2229, 38.54 ], [ -75.2216, 38.541 ], [ -75.2273, 38.5442 ], [ -75.2294, 38.5447 ], [ -75.2378, 38.5481 ], [ -75.2425, 38.5467 ], [ -75.2435, 38.5467 ], [ -75.2438, 38.5473 ], [ -75.2407, 38.5488 ] ] ] } },
{ "type": "Feature", "properties": { "GEOIDFQ": "1400000US10005050708", "NAME": "507.08", "NAMELSAD": "Census Tract 507.08" }, "geometry": { "type": "Polygon", "coordinates": [ [ [ -75.1999, 38.6169 ], [ -75.1988, 38.6185 ], [ -75.1965, 38.6268 ], [ -75.1891, 38.6257 ], [ -75.1791, 38.6184 ], [ -75.1772, 38.6197 ], [ -75.1728, 38.6207 ], [ -75.1729, 38.622 ], [ -75.1716, 38.6211 ], [ -75.1697, 38.621 ], [ -75.1677, 38.6193 ], [ -75.168, 38.6187 ], [ -75.1673, 38.6188 ], [ -75.1672, 38.618 ], [ -75.1661, 38.6179 ], [ -75.1659, 38.617 ], [ -75.1648, 38.6163 ], [ -75.1617, 38.6158 ], [ -75.1595, 38.6147 ], [ -75.1587, 38.611 ], [ -75.1582, 38.6102 ], [ -75.1538, 38.6091 ], [ -75.1454, 38.6029 ], [ -75.1413, 38.5971 ], [ -75.1609, 38.5928 ], [ -75.1674, 38.59 ], [ -75.1686, 38.5926 ], [ -75.1711, 38.5952 ], [ -75.1896, 38.606 ], [ -75.2024, 38.6145 ], [ -75.1999, 38.6169 ] ] ] } },
{ "type": "Feature", "properties": { "GEOIDFQ": "1400000US10005051307", "NAME": "513.07", "NAMELSAD": "Census Tract 513.07" }, "geometry": { "type": "Polygon", "coordinates": [ [ [ -75.1237, 38.5734 ], [ -75.1231, 38.5739 ], [ -75.1149, 38.5767 ], [ -75.1151, 38.5777 ], [ -75.1087, 38.5799 ], [ -75.1091, 38.5808 ], [ -75.1085, 38.5811 ], [ -75.108, 38.581 ], [ -75.1066, 38.5798 ], [ -75.1049, 38.5801 ], [ -75.1028, 38.5793 ], [ -75.102, 38.5794 ], [ -75.1019, 38.5798 ], [ -75.0999, 38.5794 ], [ -75.0976, 38.5794 ], [ -75.0949, 38.5804 ], [ -75.0971, 38.5761 ], [ -75.0974, 38.5732 ], [ -75.0966, 38.5707 ], [ -75.0953, 38.5682 ], [ -75.091, 38.5635 ], [ -75.0898, 38.56 ], [ -75.0899, 38.5582 ], [ -75.0894, 38.5573 ], [ -75.09, 38.5573 ], [ -75.0923, 38.5562 ], [ -75.0929, 38.5552 ], [ -75.0943, 38.5552 ], [ -75.0954, 38.5539 ], [ -75.0961, 38.5536 ], [ -75.0955, 38.5533 ], [ -75.0968, 38.5529 ], [ -75.0983, 38.5531 ], [ -75.1016, 38.5511 ], [ -75.1029, 38.5512 ], [ -75.1056, 38.55 ], [ -75.1096, 38.5496 ], [ -75.1111, 38.549 ], [ -75.1127, 38.549 ], [ -75.1139, 38.55 ], [ -75.1159, 38.5505 ], [ -75.1184, 38.5523 ], [ -75.1213, 38.5525 ], [ -75.1215, 38.5535 ], [ -75.1235, 38.5535 ], [ -75.1245, 38.5696 ], [ -75.1237, 38.5734 ] ] ] } },
{ "type": "Feature", "properties": { "GEOIDFQ": "1400000US10005050905", "NAME": "509.05", "NAMELSAD": "Census Tract 509.05" }, "geometry": { "type": "Polygon", "coordinates": [ [ [ -75.3068, 38.8256 ], [ -75.3062, 38.8254 ], [ -75.3057, 38.8244 ], [ -75.3049, 38.8241 ], [ -75.3015, 38.8253 ], [ -75.2997, 38.8249 ], [ -75.2966, 38.826 ], [ -75.2919, 38.8261 ], [ -75.2907, 38.8266 ], [ -75.2909, 38.8275 ], [ -75.2901, 38.8281 ], [ -75.29, 38.829 ], [ -75.2885, 38.8292 ], [ -75.2874, 38.8292 ], [ -75.287, 38.8275 ], [ -75.2863, 38.8273 ], [ -75.2852, 38.8276 ], [ -75.2807, 38.8264 ], [ -75.2799, 38.8281 ], [ -75.2785, 38.8285 ], [ -75.2781, 38.8291 ], [ -75.2772, 38.8291 ], [ -75.2766, 38.8298 ], [ -75.2716, 38.8286 ], [ -75.2702, 38.8288 ], [ -75.2694, 38.8294 ], [ -75.2687, 38.829 ], [ -75.2667, 38.8288 ], [ -75.2658, 38.8297 ], [ -75.2666, 38.8308 ], [ -75.2665, 38.8317 ], [ -75.2646, 38.832 ], [ -75.263, 38.8334 ], [ -75.2616, 38.8324 ], [ -75.2606, 38.8323 ], [ -75.2598, 38.8332 ], [ -75.2608, 38.834 ], [ -75.2608, 38.8349 ], [ -75.2603, 38.8357 ], [ -75.2595, 38.836 ], [ -75.258, 38.8355 ], [ -75.2568, 38.8364 ], [ -75.2572, 38.8375 ], [ -75.2592, 38.8376 ], [ -75.2602, 38.8384 ], [ -75.2605, 38.8389 ], [ -75.2595, 38.8401 ], [ -75.2557, 38.841 ], [ -75.2548, 38.8408 ], [ -75.2538, 38.8394 ], [ -75.2523, 38.8401 ], [ -75.2525, 38.8406 ], [ -75.2536, 38.8412 ], [ -75.2543, 38.8425 ], [ -75.2541, 38.8433 ], [ -75.2531, 38.8441 ], [ -75.2521, 38.8442 ], [ -75.2508, 38.8437 ], [ -75.2497, 38.842 ], [ -75.248, 38.8413 ], [ -75.2482, 38.8395 ], [ -75.2461, 38.8381 ], [ -75.2451, 38.8382 ], [ -75.2443, 38.8387 ], [ -75.2408, 38.8388 ], [ -75.2392, 38.8395 ], [ -75.2376, 38.8395 ], [ -75.2369, 38.8401 ], [ -75.2356, 38.8397 ], [ -75.2345, 38.8404 ], [ -75.2182, 38.8406 ], [ -75.1885, 38.8118 ], [ -75.1578, 38.7945 ], [ -75.1562, 38.7937 ], [ -75.1483, 38.7934 ], [ -75.1391, 38.7925 ], [ -75.1246, 38.7897 ], [ -75.1174, 38.7874 ], [ -75.1095, 38.7888 ], [ -75.1046, 38.7911 ], [ -75.103, 38.7862 ], [ -75.104, 38.7821 ], [ -75.1219, 38.7796 ], [ -75.1301, 38.7721 ], [ -75.1337, 38.7735 ], [ -75.1384, 38.7762 ], [ -75.1379, 38.7764 ], [ -75.1384, 38.7772 ], [ -75.1415, 38.7793 ], [ -75.1446, 38.7799 ], [ -75.1478, 38.7799 ], [ -75.1535, 38.7823 ], [ -75.1552, 38.7837 ], [ -75.1573, 38.7868 ], [ -75.1587, 38.7876 ], [ -75.1587, 38.7882 ], [ -75.1595, 38.7886 ], [ -75.1602, 38.7889 ], [ -75.1607, 38.7887 ], [ -75.1627, 38.7897 ], [ -75.1653, 38.7891 ], [ -75.1654, 38.7884 ], [ -75.1664, 38.7881 ], [ -75.1667, 38.7875 ], [ -75.1665, 38.7859 ], [ -75.1674, 38.7852 ], [ -75.1683, 38.7855 ], [ -75.1695, 38.7851 ], [ -75.1698, 38.7842 ], [ -75.1717, 38.7828 ], [ -75.1718, 38.7821 ], [ -75.1734, 38.7818 ], [ -75.1737, 38.7813 ], [ -75.1743, 38.7813 ], [ -75.1741, 38.7806 ], [ -75.1748, 38.7806 ], [ -75.1755, 38.78 ], [ -75.1742, 38.779 ], [ -75.1736, 38.7789 ], [ -75.1738, 38.7782 ], [ -75.1732, 38.7783 ], [ -75.1735, 38.7777 ], [ -75.174, 38.7776 ], [ -75.174, 38.7771 ], [ -75.1745, 38.777 ], [ -75.1742, 38.7767 ], [ -75.1747, 38.776 ], [ -75.174, 38.7754 ], [ -75.1734, 38.7754 ], [ -75.1732, 38.7758 ], [ -75.1722, 38.7757 ], [ -75.1722, 38.7753 ], [ -75.1716, 38.7753 ], [ -75.1707, 38.7746 ], [ -75.1714, 38.7733 ], [ -75.1713, 38.7725 ], [ -75.1706, 38.7719 ], [ -75.1701, 38.772 ], [ -75.17, 38.7714 ], [ -75.1685, 38.7718 ], [ -75.1684, 38.7711 ], [ -75.1676, 38.771 ], [ -75.1673, 38.7715 ], [ -75.1664, 38.7715 ], [ -75.1667, 38.7723 ], [ -75.165, 38.7716 ], [ -75.1648, 38.7704 ], [ -75.1624, 38.7703 ], [ -75.1653, 38.767 ], [ -75.1752, 38.7604 ], [ -75.1711, 38.7561 ], [ -75.1647, 38.7515 ], [ -75.17, 38.7497 ], [ -75.1723, 38.7494 ], [ -75.1739, 38.7484 ], [ -75.1821, 38.7495 ], [ -75.1865, 38.7495 ], [ -75.1894, 38.7509 ], [ -75.1927, 38.7545 ], [ -75.2052, 38.7614 ], [ -75.2447, 38.787 ], [ -75.2518, 38.7905 ], [ -75.2584, 38.7959 ], [ -75.2687, 38.8028 ], [ -75.3029, 38.8188 ], [ -75.3062, 38.8211 ], [ -75.3088, 38.8241 ], [ -75.3068, 38.8256 ] ] ] } },
{ "type": "Feature", "properties": { "GEOIDFQ": "1400000US10005050904", "NAME": "509.04", "NAMELSAD": "Census Tract 509.04" }, "geometry": { "type": "Polygon", "coordinates": [ [ [ -75.1723, 38.7494 ], [ -75.17, 38.7497 ], [ -75.1647, 38.7515 ], [ -75.1717, 38.7568 ], [ -75.1508, 38.7634 ], [ -75.1376, 38.7758 ], [ -75.1328, 38.7732 ], [ -75.1332, 38.7728 ], [ -75.1303, 38.7714 ], [ -75.1288, 38.7675 ], [ -75.1295, 38.7644 ], [ -75.1287, 38.7635 ], [ -75.1288, 38.7632 ], [ -75.1385, 38.7539 ], [ -75.1483, 38.7557 ], [ -75.1502, 38.7518 ], [ -75.152, 38.7468 ], [ -75.1538, 38.7449 ], [ -75.1576, 38.7472 ], [ -75.1608, 38.7481 ], [ -75.1638, 38.7485 ], [ -75.1739, 38.7484 ], [ -75.1723, 38.7494 ] ] ] } },
{ "type": "Feature", "properties": { "GEOIDFQ": "1400000US10005050707", "NAME": "507.07", "NAMELSAD": "Census Tract 507.07" }, "geometry": { "type": "Polygon", "coordinates": [ [ [ -75.1941, 38.6358 ], [ -75.1677, 38.6286 ], [ -75.1616, 38.6284 ], [ -75.1606, 38.6286 ], [ -75.1519, 38.6209 ], [ -75.1508, 38.6173 ], [ -75.1523, 38.614 ], [ -75.1525, 38.6116 ], [ -75.1552, 38.6113 ], [ -75.155, 38.6095 ], [ -75.1582, 38.6102 ], [ -75.1587, 38.611 ], [ -75.1595, 38.6147 ], [ -75.1617, 38.6158 ], [ -75.1648, 38.6163 ], [ -75.1659, 38.617 ], [ -75.1661, 38.6179 ], [ -75.1672, 38.618 ], [ -75.1673, 38.6188 ], [ -75.168, 38.6187 ], [ -75.1677, 38.6193 ], [ -75.1687, 38.6199 ], [ -75.1694, 38.6209 ], [ -75.1716, 38.6211 ], [ -75.1729, 38.622 ], [ -75.1728, 38.6207 ], [ -75.1772, 38.6197 ], [ -75.1791, 38.6184 ], [ -75.1891, 38.6257 ], [ -75.1965, 38.6268 ], [ -75.1941, 38.6358 ] ] ] } },
{ "type": "Feature", "properties": { "GEOIDFQ": "1400000US10005050806", "NAME": "508.06", "NAMELSAD": "Census Tract 508.06" }, "geometry": { "type": "Polygon", "coordinates": [ [ [ -75.3088, 38.7786 ], [ -75.3098, 38.7797 ], [ -75.3096, 38.78 ], [ -75.3083, 38.7785 ], [ -75.3067, 38.7782 ], [ -75.305, 38.7785 ], [ -75.3034, 38.7783 ], [ -75.3007, 38.7766 ], [ -75.2997, 38.7772 ], [ -75.2999, 38.7781 ], [ -75.2995, 38.7783 ], [ -75.2976, 38.7784 ], [ -75.2944, 38.7777 ], [ -75.2926, 38.7784 ], [ -75.2899, 38.7782 ], [ -75.2837, 38.7803 ], [ -75.2834, 38.7811 ], [ -75.2842, 38.7816 ], [ -75.2854, 38.7817 ], [ -75.2863, 38.7822 ], [ -75.2869, 38.7837 ], [ -75.2866, 38.7844 ], [ -75.2847, 38.785 ], [ -75.2835, 38.7859 ], [ -75.2834, 38.7883 ], [ -75.2843, 38.7889 ], [ -75.2841, 38.7895 ], [ -75.2809, 38.7913 ], [ -75.2786, 38.7913 ], [ -75.2775, 38.7903 ], [ -75.2764, 38.7901 ], [ -75.2739, 38.7932 ], [ -75.2727, 38.7931 ], [ -75.2716, 38.7926 ], [ -75.2689, 38.793 ], [ -75.267, 38.7913 ], [ -75.2616, 38.7899 ], [ -75.2603, 38.7899 ], [ -75.2593, 38.7902 ], [ -75.2586, 38.7912 ], [ -75.2567, 38.7918 ], [ -75.2558, 38.7904 ], [ -75.2533, 38.7888 ], [ -75.2527, 38.7901 ], [ -75.2518, 38.7905 ], [ -75.2451, 38.7872 ], [ -75.2147, 38.7676 ], [ -75.2225, 38.7608 ], [ -75.2267, 38.7582 ], [ -75.2444, 38.7568 ], [ -75.2271, 38.7485 ], [ -75.2236, 38.7448 ], [ -75.2228, 38.7406 ], [ -75.2226, 38.7366 ], [ -75.2386, 38.7342 ], [ -75.2856, 38.7249 ], [ -75.2877, 38.7304 ], [ -75.2907, 38.7477 ], [ -75.292, 38.7494 ], [ -75.2955, 38.7514 ], [ -75.2941, 38.758 ], [ -75.2979, 38.7624 ], [ -75.2986, 38.7711 ], [ -75.3007, 38.7718 ], [ -75.305, 38.7764 ], [ -75.3104, 38.7777 ], [ -75.3108, 38.7787 ], [ -75.3088, 38.7786 ] ] ] } },
{ "type": "Feature", "properties": { "GEOIDFQ": "1400000US10005051017", "NAME": "510.17", "NAMELSAD": "Census Tract 510.17" }, "geometry": { "type": "Polygon", "coordinates": [ [ [ -75.1324, 38.719 ], [ -75.1302, 38.7268 ], [ -75.1291, 38.7279 ], [ -75.1206, 38.7214 ], [ -75.1033, 38.713 ], [ -75.1042, 38.712 ], [ -75.1077, 38.7106 ], [ -75.1076, 38.7094 ], [ -75.1084, 38.7079 ], [ -75.1136, 38.7024 ], [ -75.114, 38.7009 ], [ -75.1138, 38.6992 ], [ -75.1167, 38.6994 ], [ -75.1188, 38.6991 ], [ -75.1193, 38.6961 ], [ -75.119, 38.6955 ], [ -75.1165, 38.6934 ], [ -75.1169, 38.6926 ], [ -75.1136, 38.6903 ], [ -75.1131, 38.6902 ], [ -75.1015, 38.6781 ], [ -75.1024, 38.6632 ], [ -75.11, 38.6675 ], [ -75.1169, 38.6722 ], [ -75.1212, 38.6758 ], [ -75.1267, 38.6831 ], [ -75.1285, 38.6883 ], [ -75.1315, 38.6947 ], [ -75.1309, 38.6973 ], [ -75.1334, 38.7018 ], [ -75.1331, 38.7049 ], [ -75.1342, 38.7099 ], [ -75.1324, 38.719 ] ] ] } },
{ "type": "Feature", "properties": { "GEOIDFQ": "1400000US10005051009", "NAME": "510.09", "NAMELSAD": "Census Tract 510.09" }, "geometry": { "type": "Polygon", "coordinates": [ [ [ -75.1328, 38.7732 ], [ -75.1272, 38.7713 ], [ -75.1245, 38.7697 ], [ -75.1079, 38.7567 ], [ -75.1005, 38.7505 ], [ -75.0977, 38.7488 ], [ -75.0918, 38.7438 ], [ -75.0901, 38.7418 ], [ -75.0854, 38.7337 ], [ -75.0848, 38.7308 ], [ -75.0858, 38.7284 ], [ -75.0892, 38.7251 ], [ -75.0909, 38.7212 ], [ -75.0928, 38.7154 ], [ -75.0932, 38.7086 ], [ -75.1052, 38.7138 ], [ -75.1196, 38.7208 ], [ -75.123, 38.7231 ], [ -75.1202, 38.7235 ], [ -75.1181, 38.7222 ], [ -75.1104, 38.7232 ], [ -75.1103, 38.724 ], [ -75.1107, 38.7245 ], [ -75.1134, 38.7265 ], [ -75.1128, 38.7317 ], [ -75.1118, 38.7339 ], [ -75.1324, 38.7597 ], [ -75.1287, 38.7634 ], [ -75.1295, 38.7644 ], [ -75.1288, 38.7674 ], [ -75.1303, 38.7714 ], [ -75.1332, 38.7729 ], [ -75.1328, 38.7732 ] ] ] } },
{ "type": "Feature", "properties": { "GEOIDFQ": "1400000US10005051014", "NAME": "510.14", "NAMELSAD": "Census Tract 510.14" }, "geometry": { "type": "Polygon", "coordinates": [ [ [ -75.1641, 38.6662 ], [ -75.1634, 38.6676 ], [ -75.1629, 38.6752 ], [ -75.1603, 38.6751 ], [ -75.1596, 38.6806 ], [ -75.141, 38.6774 ], [ -75.1348, 38.6782 ], [ -75.1349, 38.6786 ], [ -75.1364, 38.6784 ], [ -75.1368, 38.6804 ], [ -75.1248, 38.6804 ], [ -75.1212, 38.6758 ], [ -75.1169, 38.6722 ], [ -75.11, 38.6675 ], [ -75.1024, 38.6632 ], [ -75.1027, 38.6445 ], [ -75.11, 38.6441 ], [ -75.1246, 38.6404 ], [ -75.1289, 38.6409 ], [ -75.1343, 38.6427 ], [ -75.1411, 38.6436 ], [ -75.1441, 38.6456 ], [ -75.1457, 38.6474 ], [ -75.1471, 38.6502 ], [ -75.1489, 38.6511 ], [ -75.15, 38.653 ], [ -75.155, 38.6546 ], [ -75.1566, 38.6557 ], [ -75.1649, 38.6571 ], [ -75.1641, 38.6662 ] ] ] } },
{ "type": "Feature", "properties": { "GEOIDFQ": "1400000US10005051016", "NAME": "510.16", "NAMELSAD": "Census Tract 510.16" }, "geometry": { "type": "Polygon", "coordinates": [ [ [ -75.1188, 38.6991 ], [ -75.1167, 38.6994 ], [ -75.1138, 38.6992 ], [ -75.114, 38.7009 ], [ -75.1136, 38.7024 ], [ -75.1084, 38.7079 ], [ -75.1076, 38.7094 ], [ -75.1077, 38.7106 ], [ -75.1042, 38.712 ], [ -75.1033, 38.713 ], [ -75.0932, 38.7086 ], [ -75.0941, 38.6977 ], [ -75.1008, 38.6818 ], [ -75.1015, 38.6781 ], [ -75.1131, 38.6902 ], [ -75.1136, 38.6903 ], [ -75.1169, 38.6926 ], [ -75.1165, 38.6934 ], [ -75.119, 38.6955 ], [ -75.1193, 38.6961 ], [ -75.1188, 38.6991 ] ] ] } },
{ "type": "Feature", "properties": { "GEOIDFQ": "1400000US10005050604", "NAME": "506.04", "NAMELSAD": "Census Tract 506.04" }, "geometry": { "type": "Polygon", "coordinates": [ [ [ -75.3341, 38.5492 ], [ -75.3175, 38.5445 ], [ -75.321, 38.5493 ], [ -75.321, 38.5507 ], [ -75.3238, 38.5599 ], [ -75.3254, 38.561 ], [ -75.3184, 38.5641 ], [ -75.3249, 38.5742 ], [ -75.314, 38.5813 ], [ -75.2953, 38.5854 ], [ -75.2909, 38.5934 ], [ -75.291, 38.5945 ], [ -75.2892, 38.5948 ], [ -75.2892, 38.5953 ], [ -75.2884, 38.5957 ], [ -75.2871, 38.5958 ], [ -75.2854, 38.5948 ], [ -75.2841, 38.5946 ], [ -75.2831, 38.5938 ], [ -75.2809, 38.5936 ], [ -75.2794, 38.5929 ], [ -75.2769, 38.5924 ], [ -75.2765, 38.5912 ], [ -75.2768, 38.5873 ], [ -75.2765, 38.5864 ], [ -75.2759, 38.586 ], [ -75.2715, 38.5864 ], [ -75.2669, 38.5859 ], [ -75.2609, 38.5845 ], [ -75.2583, 38.5832 ], [ -75.2597, 38.5758 ], [ -75.2611, 38.573 ], [ -75.2674, 38.5698 ], [ -75.2724, 38.5658 ], [ -75.2739, 38.5641 ], [ -75.2748, 38.5645 ], [ -75.2757, 38.5638 ], [ -75.2779, 38.5607 ], [ -75.2777, 38.5588 ], [ -75.2782, 38.557 ], [ -75.2807, 38.5562 ], [ -75.2823, 38.5547 ], [ -75.2828, 38.5536 ], [ -75.2856, 38.5517 ], [ -75.2868, 38.5516 ], [ -75.289, 38.5523 ], [ -75.2907, 38.5515 ], [ -75.2926, 38.55 ], [ -75.3011, 38.5459 ], [ -75.3067, 38.5389 ], [ -75.3056, 38.5315 ], [ -75.3239, 38.5295 ], [ -75.3295, 38.5301 ], [ -75.3337, 38.5319 ], [ -75.3353, 38.533 ], [ -75.3346, 38.5409 ], [ -75.3379, 38.5416 ], [ -75.3398, 38.5496 ], [ -75.3341, 38.5492 ] ] ] } },
{ "type": "Feature", "properties": { "GEOIDFQ": "1400000US10005050603", "NAME": "506.03", "NAMELSAD": "Census Tract 506.03" }, "geometry": { "type": "Polygon", "coordinates": [ [ [ -75.3263, 38.5879 ], [ -75.3278, 38.5889 ], [ -75.3281, 38.5903 ], [ -75.3293, 38.5914 ], [ -75.3214, 38.5994 ], [ -75.3191, 38.6008 ], [ -75.3148, 38.5967 ], [ -75.3125, 38.5953 ], [ -75.3113, 38.5965 ], [ -75.3098, 38.5967 ], [ -75.305, 38.5956 ], [ -75.3042, 38.5963 ], [ -75.3041, 38.5968 ], [ -75.3047, 38.5981 ], [ -75.2995, 38.5992 ], [ -75.2968, 38.5988 ], [ -75.2956, 38.598 ], [ -75.2942, 38.5949 ], [ -75.2928, 38.5942 ], [ -75.291, 38.5945 ], [ -75.2909, 38.5934 ], [ -75.2953, 38.5854 ], [ -75.314, 38.5813 ], [ -75.3249, 38.5742 ], [ -75.3297, 38.582 ], [ -75.3263, 38.5879 ] ] ] } },
{ "type": "Feature", "properties": { "GEOIDFQ": "1400000US10005050804", "NAME": "508.04", "NAMELSAD": "Census Tract 508.04" }, "geometry": { "type": "Polygon", "coordinates": [ [ [ -75.3011, 38.7205 ], [ -75.2879, 38.7244 ], [ -75.2374, 38.7344 ], [ -75.2087, 38.7389 ], [ -75.1963, 38.7402 ], [ -75.1739, 38.7484 ], [ -75.198, 38.7301 ], [ -75.2014, 38.7268 ], [ -75.203, 38.7242 ], [ -75.2062, 38.722 ], [ -75.2064, 38.7146 ], [ -75.2136, 38.7048 ], [ -75.2157, 38.698 ], [ -75.2164, 38.6896 ], [ -75.2178, 38.6854 ], [ -75.2217, 38.6779 ], [ -75.2212, 38.6674 ], [ -75.2226, 38.6633 ], [ -75.2276, 38.6669 ], [ -75.2357, 38.6741 ], [ -75.2444, 38.6779 ], [ -75.2447, 38.6777 ], [ -75.2511, 38.6778 ], [ -75.2547, 38.6766 ], [ -75.2561, 38.6765 ], [ -75.2695, 38.6811 ], [ -75.2763, 38.6812 ], [ -75.29, 38.6768 ], [ -75.2915, 38.6767 ], [ -75.2932, 38.6773 ], [ -75.2968, 38.6806 ], [ -75.3079, 38.6825 ], [ -75.3095, 38.6862 ], [ -75.3107, 38.7007 ], [ -75.3167, 38.7142 ], [ -75.3011, 38.7205 ] ] ] } },
{ "type": "Feature", "properties": { "GEOIDFQ": "1400000US10005051015", "NAME": "510.15", "NAMELSAD": "Census Tract 510.15" }, "geometry": { "type": "Polygon", "coordinates": [ [ [ -75.1642, 38.702 ], [ -75.1605, 38.7044 ], [ -75.1459, 38.7208 ], [ -75.1339, 38.7316 ], [ -75.1291, 38.7279 ], [ -75.1302, 38.7266 ], [ -75.1324, 38.7189 ], [ -75.1342, 38.7101 ], [ -75.1331, 38.7049 ], [ -75.1334, 38.7019 ], [ -75.1309, 38.6975 ], [ -75.1314, 38.6944 ], [ -75.1285, 38.6883 ], [ -75.1267, 38.6831 ], [ -75.1248, 38.6804 ], [ -75.1368, 38.6804 ], [ -75.1364, 38.6784 ], [ -75.1349, 38.6786 ], [ -75.1348, 38.6782 ], [ -75.141, 38.6774 ], [ -75.1596, 38.6806 ], [ -75.1594, 38.6818 ], [ -75.1602, 38.6848 ], [ -75.1607, 38.6851 ], [ -75.1631, 38.6845 ], [ -75.1639, 38.6853 ], [ -75.1652, 38.6895 ], [ -75.1683, 38.6961 ], [ -75.1682, 38.6983 ], [ -75.169, 38.6999 ], [ -75.1642, 38.702 ] ] ] } },
{ "type": "Feature", "properties": { "GEOIDFQ": "1400000US10005050808", "NAME": "508.08", "NAMELSAD": "Census Tract 508.08" }, "geometry": { "type": "Polygon", "coordinates": [ [ [ -75.2237, 38.7492 ], [ -75.2225, 38.7507 ], [ -75.2195, 38.7518 ], [ -75.2181, 38.7532 ], [ -75.2173, 38.7535 ], [ -75.2149, 38.7565 ], [ -75.2038, 38.7597 ], [ -75.2031, 38.7602 ], [ -75.1925, 38.7544 ], [ -75.1898, 38.7512 ], [ -75.188, 38.75 ], [ -75.1858, 38.7495 ], [ -75.1821, 38.7495 ], [ -75.1739, 38.7484 ], [ -75.1957, 38.7403 ], [ -75.2087, 38.7389 ], [ -75.2226, 38.7366 ], [ -75.2228, 38.7406 ], [ -75.2235, 38.7447 ], [ -75.2263, 38.7478 ], [ -75.2237, 38.7492 ] ] ] } },
{ "type": "Feature", "properties": { "GEOIDFQ": "1400000US10005051012", "NAME": "510.12", "NAMELSAD": "Census Tract 510.12" }, "geometry": { "type": "Polygon", "coordinates": [ [ [ -75.1828, 38.6775 ], [ -75.1855, 38.6808 ], [ -75.1856, 38.6838 ], [ -75.183, 38.6869 ], [ -75.1778, 38.6911 ], [ -75.1776, 38.6932 ], [ -75.178, 38.6955 ], [ -75.1691, 38.6999 ], [ -75.1682, 38.6983 ], [ -75.1682, 38.6959 ], [ -75.1652, 38.6895 ], [ -75.1638, 38.685 ], [ -75.163, 38.6845 ], [ -75.1607, 38.6851 ], [ -75.1603, 38.6849 ], [ -75.1594, 38.6818 ], [ -75.1603, 38.6751 ], [ -75.1629, 38.6752 ], [ -75.1634, 38.6676 ], [ -75.1641, 38.6662 ], [ -75.1649, 38.6571 ], [ -75.1668, 38.6571 ], [ -75.1698, 38.6585 ], [ -75.1708, 38.6593 ], [ -75.1731, 38.6604 ], [ -75.1733, 38.6616 ], [ -75.1763, 38.6637 ], [ -75.178, 38.6637 ], [ -75.1799, 38.6649 ], [ -75.1814, 38.665 ], [ -75.182, 38.6656 ], [ -75.1832, 38.6697 ], [ -75.184, 38.6706 ], [ -75.1859, 38.6717 ], [ -75.1828, 38.6775 ] ] ] } },
{ "type": "Feature", "properties": { "GEOIDFQ": "1400000US10005050709", "NAME": "507.09", "NAMELSAD": "Census Tract 507.09" }, "geometry": { "type": "Polygon", "coordinates": [ [ [ -75.1893, 38.6537 ], [ -75.1893, 38.6663 ], [ -75.1885, 38.6684 ], [ -75.186, 38.6716 ], [ -75.184, 38.6706 ], [ -75.1832, 38.6697 ], [ -75.182, 38.6656 ], [ -75.1814, 38.665 ], [ -75.1799, 38.6649 ], [ -75.178, 38.6637 ], [ -75.1763, 38.6637 ], [ -75.1733, 38.6616 ], [ -75.1731, 38.6604 ], [ -75.1708, 38.6593 ], [ -75.1698, 38.6585 ], [ -75.1668, 38.6571 ], [ -75.1617, 38.6567 ], [ -75.1573, 38.6559 ], [ -75.155, 38.6546 ], [ -75.15, 38.653 ], [ -75.1489, 38.6511 ], [ -75.1471, 38.6502 ], [ -75.1457, 38.6474 ], [ -75.1441, 38.6456 ], [ -75.147, 38.6437 ], [ -75.151, 38.6435 ], [ -75.1533, 38.6421 ], [ -75.157, 38.641 ], [ -75.1599, 38.6398 ], [ -75.1633, 38.6377 ], [ -75.1665, 38.6366 ], [ -75.1689, 38.6374 ], [ -75.1697, 38.6384 ], [ -75.1712, 38.6388 ], [ -75.1741, 38.6403 ], [ -75.181, 38.6352 ], [ -75.1818, 38.6324 ], [ -75.1943, 38.6358 ], [ -75.1893, 38.6537 ] ] ] } },
{ "type": "Feature", "properties": { "GEOIDFQ": "1400000US10005050706", "NAME": "507.06", "NAMELSAD": "Census Tract 507.06" }, "geometry": { "type": "Polygon", "coordinates": [ [ [ -75.1572, 38.6317 ], [ -75.1557, 38.6319 ], [ -75.1538, 38.6315 ], [ -75.1477, 38.6292 ], [ -75.1433, 38.6259 ], [ -75.1373, 38.6225 ], [ -75.1363, 38.6223 ], [ -75.1326, 38.6226 ], [ -75.1273, 38.6241 ], [ -75.1225, 38.6248 ], [ -75.119, 38.6243 ], [ -75.1026, 38.6254 ], [ -75.0981, 38.6252 ], [ -75.0963, 38.6239 ], [ -75.0952, 38.6238 ], [ -75.0943, 38.6223 ], [ -75.0932, 38.6223 ], [ -75.0918, 38.6236 ], [ -75.0924, 38.6241 ], [ -75.0911, 38.6245 ], [ -75.0909, 38.6251 ], [ -75.0853, 38.6251 ], [ -75.0886, 38.6218 ], [ -75.094, 38.6184 ], [ -75.0994, 38.6145 ], [ -75.101, 38.6127 ], [ -75.1027, 38.6099 ], [ -75.1032, 38.6069 ], [ -75.1106, 38.6062 ], [ -75.1135, 38.6056 ], [ -75.1246, 38.6008 ], [ -75.1413, 38.5971 ], [ -75.1454, 38.6029 ], [ -75.1538, 38.6091 ], [ -75.155, 38.6095 ], [ -75.1552, 38.6113 ], [ -75.1525, 38.6116 ], [ -75.1523, 38.614 ], [ -75.1509, 38.6177 ], [ -75.152, 38.621 ], [ -75.1605, 38.6287 ], [ -75.1572, 38.6317 ] ] ] } },
{ "type": "Feature", "properties": { "GEOIDFQ": "1400000US10005050407", "NAME": "504.07", "NAMELSAD": "Census Tract 504.07" }, "geometry": { "type": "Polygon", "coordinates": [ [ [ -75.5883, 38.7062 ], [ -75.5905, 38.723 ], [ -75.5882, 38.7228 ], [ -75.5866, 38.721 ], [ -75.5849, 38.7199 ], [ -75.5638, 38.7097 ], [ -75.5554, 38.7077 ], [ -75.5458, 38.7081 ], [ -75.5307, 38.7103 ], [ -75.5233, 38.709 ], [ -75.4806, 38.6924 ], [ -75.4842, 38.6879 ], [ -75.4902, 38.6832 ], [ -75.4946, 38.6809 ], [ -75.5009, 38.6812 ], [ -75.5043, 38.6762 ], [ -75.5126, 38.6732 ], [ -75.5196, 38.6676 ], [ -75.5256, 38.6664 ], [ -75.5376, 38.6658 ], [ -75.5435, 38.6598 ], [ -75.5457, 38.6569 ], [ -75.5521, 38.6507 ], [ -75.5534, 38.6477 ], [ -75.5535, 38.6438 ], [ -75.5549, 38.6422 ], [ -75.556, 38.6395 ], [ -75.5627, 38.641 ], [ -75.5731, 38.6408 ], [ -75.5889, 38.6418 ], [ -75.5911, 38.6416 ], [ -75.5936, 38.6404 ], [ -75.5944, 38.6554 ], [ -75.5883, 38.7062 ] ] ] } },
{ "type": "Feature", "properties": { "GEOIDFQ": "1400000US10005050104", "NAME": "501.04", "NAMELSAD": "Census Tract 501.04" }, "geometry": { "type": "Polygon", "coordinates": [ [ [ -75.4437, 38.9131 ], [ -75.442, 38.9128 ], [ -75.4407, 38.9132 ], [ -75.4378, 38.9119 ], [ -75.4337, 38.9109 ], [ -75.4324, 38.9121 ], [ -75.4304, 38.9123 ], [ -75.4299, 38.9136 ], [ -75.4278, 38.9132 ], [ -75.4262, 38.9136 ], [ -75.4247, 38.9134 ], [ -75.4233, 38.9143 ], [ -75.4221, 38.914 ], [ -75.4214, 38.9156 ], [ -75.4201, 38.9155 ], [ -75.4183, 38.9143 ], [ -75.4176, 38.9143 ], [ -75.4169, 38.9155 ], [ -75.4184, 38.9168 ], [ -75.4164, 38.9181 ], [ -75.4114, 38.9178 ], [ -75.4106, 38.9175 ], [ -75.4108, 38.9168 ], [ -75.4105, 38.9164 ], [ -75.4088, 38.9168 ], [ -75.4086, 38.916 ], [ -75.4071, 38.9159 ], [ -75.4078, 38.9142 ], [ -75.4074, 38.9136 ], [ -75.4085, 38.913 ], [ -75.408, 38.9119 ], [ -75.4101, 38.9103 ], [ -75.4096, 38.9091 ], [ -75.411, 38.9092 ], [ -75.4132, 38.9081 ], [ -75.4136, 38.9071 ], [ -75.414, 38.9055 ], [ -75.4135, 38.9045 ], [ -75.4145, 38.9038 ], [ -75.4141, 38.9034 ], [ -75.415, 38.903 ], [ -75.4142, 38.9028 ], [ -75.4147, 38.901 ], [ -75.4176, 38.8993 ], [ -75.4207, 38.8992 ], [ -75.4223, 38.8985 ], [ -75.4217, 38.8932 ], [ -75.4191, 38.8832 ], [ -75.419, 38.871 ], [ -75.4291, 38.871 ], [ -75.4392, 38.8693 ], [ -75.4395, 38.9019 ], [ -75.4437, 38.9131 ] ] ] } },
{ "type": "Feature", "properties": { "GEOIDFQ": "1400000US10005050503", "NAME": "505.03", "NAMELSAD": "Census Tract 505.03" }, "geometry": { "type": "Polygon", "coordinates": [ [ [ -75.4155, 38.7427 ], [ -75.4146, 38.7436 ], [ -75.4124, 38.7484 ], [ -75.4052, 38.7513 ], [ -75.3963, 38.7503 ], [ -75.391, 38.749 ], [ -75.3819, 38.7494 ], [ -75.3802, 38.7498 ], [ -75.3729, 38.7535 ], [ -75.3711, 38.754 ], [ -75.3552, 38.7504 ], [ -75.3604, 38.7403 ], [ -75.3602, 38.7321 ], [ -75.3621, 38.7259 ], [ -75.3627, 38.717 ], [ -75.3653, 38.7143 ], [ -75.3683, 38.6992 ], [ -75.3788, 38.6956 ], [ -75.3961, 38.6818 ], [ -75.4032, 38.7061 ], [ -75.4077, 38.7164 ], [ -75.4131, 38.7255 ], [ -75.4242, 38.7393 ], [ -75.4155, 38.7427 ] ] ] } },
{ "type": "Feature", "properties": { "GEOIDFQ": "1400000US10005051205", "NAME": "512.05", "NAMELSAD": "Census Tract 512.05" }, "geometry": { "type": "Polygon", "coordinates": [ [ [ -75.0642, 38.4526 ], [ -75.0625, 38.4566 ], [ -75.062, 38.46 ], [ -75.0617, 38.4645 ], [ -75.0623, 38.4717 ], [ -75.0621, 38.4799 ], [ -75.061, 38.493 ], [ -75.0606, 38.4932 ], [ -75.0614, 38.4936 ], [ -75.0614, 38.4946 ], [ -75.0607, 38.4954 ], [ -75.0591, 38.4949 ], [ -75.0592, 38.4956 ], [ -75.0587, 38.496 ], [ -75.0595, 38.4962 ], [ -75.0595, 38.4966 ], [ -75.0601, 38.4962 ], [ -75.0606, 38.4966 ], [ -75.0612, 38.4958 ], [ -75.0624, 38.5021 ], [ -75.0637, 38.5036 ], [ -75.0632, 38.5049 ], [ -75.0635, 38.5059 ], [ -75.0645, 38.5066 ], [ -75.0645, 38.508 ], [ -75.0641, 38.5085 ], [ -75.0642, 38.511 ], [ -75.0637, 38.5129 ], [ -75.0624, 38.5125 ], [ -75.0617, 38.5111 ], [ -75.0605, 38.5112 ], [ -75.0521, 38.5085 ], [ -75.0493, 38.4764 ], [ -75.0487, 38.4644 ], [ -75.0493, 38.4513 ], [ -75.0654, 38.4512 ], [ -75.0642, 38.4526 ] ] ] } },
{ "type": "Feature", "properties": { "GEOIDFQ": "1400000US10003011600", "NAME": "116", "NAMELSAD": "Census Tract 116" }, "geometry": { "type": "Polygon", "coordinates": [ [ [ -75.546, 39.7949 ], [ -75.5457, 39.794 ], [ -75.5366, 39.7963 ], [ -75.5355, 39.7953 ], [ -75.5348, 39.7959 ], [ -75.5327, 39.7963 ], [ -75.5322, 39.7967 ], [ -75.5284, 39.7941 ], [ -75.5239, 39.7916 ], [ -75.5336, 39.7889 ], [ -75.5433, 39.7788 ], [ -75.5449, 39.7776 ], [ -75.5471, 39.7948 ], [ -75.546, 39.7949 ] ] ] } },
{ "type": "Feature", "properties": { "GEOIDFQ": "1400000US10003014000", "NAME": "140", "NAMELSAD": "Census Tract 140" }, "geometry": { "type": "Polygon", "coordinates": [ [ [ -75.7071, 39.6936 ], [ -75.704, 39.6947 ], [ -75.6988, 39.6936 ], [ -75.6972, 39.6941 ], [ -75.6967, 39.6949 ], [ -75.6941, 39.6951 ], [ -75.6919, 39.6939 ], [ -75.6835, 39.6873 ], [ -75.6814, 39.685 ], [ -75.68, 39.6809 ], [ -75.6796, 39.6768 ], [ -75.6802, 39.6754 ], [ -75.6895, 39.6782 ], [ -75.6957, 39.6788 ], [ -75.6976, 39.6794 ], [ -75.6987, 39.6804 ], [ -75.6995, 39.6825 ], [ -75.6986, 39.6826 ], [ -75.6987, 39.683 ], [ -75.7012, 39.6848 ], [ -75.7067, 39.6909 ], [ -75.7061, 39.692 ], [ -75.7073, 39.6923 ], [ -75.7076, 39.6931 ], [ -75.7071, 39.6936 ] ] ] } },
{ "type": "Feature", "properties": { "GEOIDFQ": "1400000US10003015100", "NAME": "151", "NAMELSAD": "Census Tract 151" }, "geometry": { "type": "Polygon", "coordinates": [ [ [ -75.5783, 39.6941 ], [ -75.5768, 39.6914 ], [ -75.5736, 39.6639 ], [ -75.5788, 39.6642 ], [ -75.5904, 39.6806 ], [ -75.5783, 39.6941 ] ] ] } },
{ "type": "Feature", "properties": { "GEOIDFQ": "1400000US10003015400", "NAME": "154", "NAMELSAD": "Census Tract 154" }, "geometry": { "type": "Polygon", "coordinates": [ [ [ -75.5575, 39.7172 ], [ -75.556, 39.7193 ], [ -75.5555, 39.7216 ], [ -75.5558, 39.7263 ], [ -75.5551, 39.7263 ], [ -75.5553, 39.7253 ], [ -75.5542, 39.7252 ], [ -75.5544, 39.7248 ], [ -75.553, 39.725 ], [ -75.5533, 39.7257 ], [ -75.5448, 39.7224 ], [ -75.5524, 39.6995 ], [ -75.5559, 39.7014 ], [ -75.562, 39.7086 ], [ -75.5642, 39.7099 ], [ -75.5575, 39.7172 ] ] ] } },
{ "type": "Feature", "properties": { "GEOIDFQ": "1400000US10003015600", "NAME": "156", "NAMELSAD": "Census Tract 156" }, "geometry": { "type": "Polygon", "coordinates": [ [ [ -75.5642, 39.7098 ], [ -75.562, 39.7086 ], [ -75.5559, 39.7014 ], [ -75.5524, 39.6995 ], [ -75.5537, 39.6958 ], [ -75.5714, 39.6967 ], [ -75.5767, 39.6959 ], [ -75.5642, 39.7098 ] ] ] } },
{ "type": "Feature", "properties": { "GEOIDFQ": "1400000US10003015900", "NAME": "159", "NAMELSAD": "Census Tract 159" }, "geometry": { "type": "Polygon", "coordinates": [ [ [ -75.5708, 39.6967 ], [ -75.5537, 39.6958 ], [ -75.5606, 39.6761 ], [ -75.5614, 39.6759 ], [ -75.5626, 39.677 ], [ -75.5637, 39.6766 ], [ -75.5633, 39.6761 ], [ -75.5637, 39.6758 ], [ -75.5655, 39.6773 ], [ -75.5676, 39.6844 ], [ -75.5679, 39.6891 ], [ -75.5651, 39.6924 ], [ -75.5721, 39.6965 ], [ -75.5708, 39.6967 ] ] ] } },
{ "type": "Feature", "properties": { "GEOIDFQ": "1400000US10003016000", "NAME": "160", "NAMELSAD": "Census Tract 160" }, "geometry": { "type": "Polygon", "coordinates": [ [ [ -75.5767, 39.6959 ], [ -75.5721, 39.6965 ], [ -75.5651, 39.6924 ], [ -75.5678, 39.6895 ], [ -75.568, 39.6886 ], [ -75.5676, 39.6846 ], [ -75.5657, 39.6776 ], [ -75.5688, 39.6755 ], [ -75.5691, 39.6764 ], [ -75.5704, 39.6747 ], [ -75.5703, 39.6718 ], [ -75.5712, 39.6711 ], [ -75.5719, 39.6711 ], [ -75.5739, 39.6722 ], [ -75.5747, 39.6721 ], [ -75.5768, 39.6914 ], [ -75.5783, 39.6941 ], [ -75.5767, 39.6959 ] ] ] } },
{ "type": "Feature", "properties": { "GEOIDFQ": "1400000US10003016100", "NAME": "161", "NAMELSAD": "Census Tract 161" }, "geometry": { "type": "Polygon", "coordinates": [ [ [ -75.5739, 39.6722 ], [ -75.5719, 39.6711 ], [ -75.5712, 39.6711 ], [ -75.5703, 39.6718 ], [ -75.5704, 39.6747 ], [ -75.5691, 39.6764 ], [ -75.5688, 39.6755 ], [ -75.5657, 39.6776 ], [ -75.5637, 39.6758 ], [ -75.5633, 39.6761 ], [ -75.5637, 39.6766 ], [ -75.5626, 39.677 ], [ -75.5614, 39.6759 ], [ -75.5606, 39.6761 ], [ -75.5579, 39.6837 ], [ -75.5555, 39.6823 ], [ -75.5561, 39.678 ], [ -75.554, 39.6772 ], [ -75.551, 39.6702 ], [ -75.5508, 39.6704 ], [ -75.547, 39.6673 ], [ -75.5516, 39.6621 ], [ -75.5564, 39.6549 ], [ -75.5588, 39.6542 ], [ -75.5613, 39.6578 ], [ -75.5619, 39.6579 ], [ -75.5675, 39.6626 ], [ -75.5705, 39.6636 ], [ -75.5736, 39.6639 ], [ -75.5747, 39.6721 ], [ -75.5739, 39.6722 ] ] ] } },
{ "type": "Feature", "properties": { "GEOIDFQ": "1400000US10003016200", "NAME": "162", "NAMELSAD": "Census Tract 162" }, "geometry": { "type": "Polygon", "coordinates": [ [ [ -75.6027, 39.6566 ], [ -75.5972, 39.6576 ], [ -75.5976, 39.6588 ], [ -75.596, 39.6614 ], [ -75.5968, 39.6617 ], [ -75.5968, 39.6643 ], [ -75.5982, 39.6642 ], [ -75.5982, 39.6651 ], [ -75.5705, 39.6636 ], [ -75.5675, 39.6626 ], [ -75.5619, 39.6579 ], [ -75.5613, 39.6578 ], [ -75.5588, 39.6542 ], [ -75.5755, 39.6498 ], [ -75.5806, 39.6495 ], [ -75.5833, 39.6525 ], [ -75.584, 39.6524 ], [ -75.5862, 39.6516 ], [ -75.5863, 39.6513 ], [ -75.5869, 39.6513 ], [ -75.5915, 39.6454 ], [ -75.5962, 39.6475 ], [ -75.5954, 39.6482 ], [ -75.597, 39.649 ], [ -75.5982, 39.6515 ], [ -75.6015, 39.654 ], [ -75.6059, 39.6553 ], [ -75.6075, 39.6551 ], [ -75.6027, 39.6566 ] ] ] } },
{ "type": "Feature", "properties": { "GEOIDFQ": "1400000US10003011204", "NAME": "112.04", "NAMELSAD": "Census Tract 112.04" }, "geometry": { "type": "Polygon", "coordinates": [ [ [ -75.502, 39.823 ], [ -75.501, 39.8248 ], [ -75.4641, 39.8189 ], [ -75.4763, 39.8083 ], [ -75.4784, 39.8092 ], [ -75.4805, 39.8134 ], [ -75.4812, 39.8137 ], [ -75.4827, 39.8137 ], [ -75.4841, 39.815 ], [ -75.4852, 39.8145 ], [ -75.4858, 39.8134 ], [ -75.487, 39.8142 ], [ -75.4872, 39.8156 ], [ -75.4888, 39.8151 ], [ -75.4896, 39.8153 ], [ -75.4935, 39.8126 ], [ -75.5074, 39.817 ], [ -75.502, 39.823 ] ] ] } },
{ "type": "Feature", "properties": { "GEOIDFQ": "1400000US10003016612", "NAME": "166.12", "NAMELSAD": "Census Tract 166.12" }, "geometry": { "type": "Polygon", "coordinates": [ [ [ -75.72, 39.4817 ], [ -75.7134, 39.4984 ], [ -75.7116, 39.5112 ], [ -75.7045, 39.5115 ], [ -75.6986, 39.511 ], [ -75.6954, 39.5093 ], [ -75.693, 39.507 ], [ -75.6914, 39.5061 ], [ -75.6842, 39.5037 ], [ -75.6809, 39.503 ], [ -75.6666, 39.5015 ], [ -75.6533, 39.4997 ], [ -75.6495, 39.5 ], [ -75.6516, 39.4766 ], [ -75.6513, 39.4726 ], [ -75.6527, 39.4717 ], [ -75.652, 39.4708 ], [ -75.6522, 39.47 ], [ -75.6537, 39.4701 ], [ -75.6539, 39.4691 ], [ -75.6554, 39.468 ], [ -75.6572, 39.4676 ], [ -75.6581, 39.4682 ], [ -75.6583, 39.47 ], [ -75.6589, 39.4706 ], [ -75.6602, 39.4704 ], [ -75.661, 39.4692 ], [ -75.6625, 39.4683 ], [ -75.6646, 39.4687 ], [ -75.6647, 39.4683 ], [ -75.6636, 39.4676 ], [ -75.6647, 39.467 ], [ -75.666, 39.4652 ], [ -75.6665, 39.4651 ], [ -75.6674, 39.4657 ], [ -75.6688, 39.465 ], [ -75.6699, 39.4653 ], [ -75.6706, 39.4644 ], [ -75.6698, 39.4641 ], [ -75.6703, 39.4626 ], [ -75.6716, 39.4624 ], [ -75.6734, 39.4603 ], [ -75.6742, 39.4601 ], [ -75.6772, 39.4604 ], [ -75.6795, 39.4599 ], [ -75.6814, 39.4591 ], [ -75.6828, 39.4606 ], [ -75.6862, 39.4621 ], [ -75.6903, 39.4629 ], [ -75.6938, 39.4621 ], [ -75.6975, 39.4647 ], [ -75.6988, 39.4646 ], [ -75.7026, 39.4652 ], [ -75.7035, 39.4658 ], [ -75.7045, 39.4675 ], [ -75.7064, 39.4684 ], [ -75.7077, 39.4696 ], [ -75.7084, 39.4722 ], [ -75.7125, 39.4646 ], [ -75.7206, 39.4616 ], [ -75.7211, 39.463 ], [ -75.7209, 39.4638 ], [ -75.7214, 39.4639 ], [ -75.72, 39.4817 ] ] ] } },
{ "type": "Feature", "properties": { "GEOIDFQ": "1400000US10003016808", "NAME": "168.08", "NAMELSAD": "Census Tract 168.08" }, "geometry": { "type": "Polygon", "coordinates": [ [ [ -75.7114, 39.438 ], [ -75.7089, 39.4373 ], [ -75.7084, 39.4367 ], [ -75.7064, 39.4363 ], [ -75.7045, 39.4369 ], [ -75.6982, 39.437 ], [ -75.6935, 39.438 ], [ -75.6916, 39.4379 ], [ -75.6895, 39.4385 ], [ -75.6871, 39.4383 ], [ -75.6849, 39.4393 ], [ -75.6771, 39.4386 ], [ -75.6746, 39.4392 ], [ -75.673, 39.4406 ], [ -75.6721, 39.4406 ], [ -75.6704, 39.4395 ], [ -75.6688, 39.4394 ], [ -75.6679, 39.4383 ], [ -75.6655, 39.4382 ], [ -75.666, 39.4395 ], [ -75.6649, 39.44 ], [ -75.6642, 39.4415 ], [ -75.6639, 39.4425 ], [ -75.6643, 39.4435 ], [ -75.6638, 39.4442 ], [ -75.6624, 39.4442 ], [ -75.6611, 39.445 ], [ -75.659, 39.4442 ], [ -75.6585, 39.4449 ], [ -75.6598, 39.4458 ], [ -75.6595, 39.4467 ], [ -75.6567, 39.4474 ], [ -75.6554, 39.4485 ], [ -75.6547, 39.448 ], [ -75.6538, 39.4483 ], [ -75.6537, 39.4497 ], [ -75.6544, 39.4512 ], [ -75.6536, 39.4519 ], [ -75.6506, 39.4504 ], [ -75.648, 39.4483 ], [ -75.6438, 39.4409 ], [ -75.644, 39.4398 ], [ -75.6382, 39.4362 ], [ -75.6339, 39.4315 ], [ -75.6317, 39.427 ], [ -75.6312, 39.4243 ], [ -75.6297, 39.4203 ], [ -75.6292, 39.4162 ], [ -75.6208, 39.4025 ], [ -75.618, 39.4008 ], [ -75.6152, 39.4021 ], [ -75.6079, 39.4007 ], [ -75.6029, 39.4009 ], [ -75.6023, 39.4013 ], [ -75.6011, 39.404 ], [ -75.5993, 39.405 ], [ -75.598, 39.4024 ], [ -75.596, 39.4019 ], [ -75.5962, 39.401 ], [ -75.5968, 39.4003 ], [ -75.5969, 39.3974 ], [ -75.5956, 39.397 ], [ -75.5956, 39.3964 ], [ -75.5975, 39.3939 ], [ -75.6006, 39.3938 ], [ -75.6018, 39.3926 ], [ -75.6025, 39.3931 ], [ -75.6027, 39.3944 ], [ -75.6047, 39.3953 ], [ -75.6054, 39.3952 ], [ -75.6063, 39.3936 ], [ -75.6088, 39.3942 ], [ -75.6108, 39.3933 ], [ -75.6126, 39.3936 ], [ -75.6152, 39.3934 ], [ -75.6157, 39.3936 ], [ -75.6165, 39.3949 ], [ -75.6175, 39.3952 ], [ -75.6193, 39.3951 ], [ -75.6208, 39.3934 ], [ -75.6228, 39.3919 ], [ -75.6224, 39.3907 ], [ -75.6235, 39.3886 ], [ -75.6264, 39.3875 ], [ -75.6279, 39.3874 ], [ -75.631, 39.3849 ], [ -75.6318, 39.3851 ], [ -75.6324, 39.3876 ], [ -75.6353, 39.3887 ], [ -75.6367, 39.3887 ], [ -75.6372, 39.3878 ], [ -75.6372, 39.3859 ], [ -75.638, 39.3842 ], [ -75.6386, 39.3842 ], [ -75.6392, 39.3856 ], [ -75.6399, 39.3859 ], [ -75.6407, 39.3851 ], [ -75.6421, 39.3822 ], [ -75.6454, 39.3821 ], [ -75.6465, 39.3797 ], [ -75.6463, 39.3793 ], [ -75.6437, 39.3784 ], [ -75.6436, 39.3777 ], [ -75.6441, 39.377 ], [ -75.6462, 39.3764 ], [ -75.6484, 39.3766 ], [ -75.6504, 39.3757 ], [ -75.6518, 39.3758 ], [ -75.6532, 39.3752 ], [ -75.6547, 39.3756 ], [ -75.6562, 39.3749 ], [ -75.6581, 39.3748 ], [ -75.6617, 39.3726 ], [ -75.6634, 39.3745 ], [ -75.6646, 39.3768 ], [ -75.6652, 39.3806 ], [ -75.6688, 39.3854 ], [ -75.6801, 39.3958 ], [ -75.6832, 39.3979 ], [ -75.6845, 39.3995 ], [ -75.6902, 39.4026 ], [ -75.6927, 39.405 ], [ -75.6987, 39.4081 ], [ -75.7037, 39.4132 ], [ -75.7049, 39.4162 ], [ -75.7062, 39.4225 ], [ -75.7087, 39.4293 ], [ -75.7133, 39.4373 ], [ -75.7114, 39.438 ] ] ] } },
{ "type": "Feature", "properties": { "GEOIDFQ": "1400000US10003016610", "NAME": "166.10", "NAMELSAD": "Census Tract 166.10" }, "geometry": { "type": "Polygon", "coordinates": [ [ [ -75.7676, 39.4654 ], [ -75.7521, 39.4609 ], [ -75.7453, 39.4593 ], [ -75.7434, 39.4577 ], [ -75.7416, 39.4601 ], [ -75.7397, 39.4646 ], [ -75.7383, 39.4719 ], [ -75.7362, 39.4781 ], [ -75.7361, 39.4807 ], [ -75.7353, 39.4825 ], [ -75.7299, 39.4833 ], [ -75.727, 39.4809 ], [ -75.7202, 39.4805 ], [ -75.7214, 39.4639 ], [ -75.7209, 39.4638 ], [ -75.7211, 39.463 ], [ -75.7168, 39.4503 ], [ -75.7133, 39.4373 ], [ -75.7145, 39.4369 ], [ -75.715, 39.436 ], [ -75.7163, 39.4356 ], [ -75.7166, 39.4348 ], [ -75.7226, 39.4307 ], [ -75.7269, 39.4312 ], [ -75.7284, 39.4317 ], [ -75.7411, 39.4289 ], [ -75.7401, 39.4271 ], [ -75.7399, 39.4261 ], [ -75.7417, 39.4216 ], [ -75.7489, 39.4102 ], [ -75.7697, 39.416 ], [ -75.7737, 39.4655 ], [ -75.7676, 39.4654 ] ] ] } },
{ "type": "Feature", "properties": { "GEOIDFQ": "1400000US10003014811", "NAME": "148.11", "NAMELSAD": "Census Tract 148.11" }, "geometry": { "type": "Polygon", "coordinates": [ [ [ -75.7779, 39.5739 ], [ -75.7749, 39.5756 ], [ -75.7735, 39.5775 ], [ -75.7654, 39.5803 ], [ -75.7615, 39.5824 ], [ -75.7573, 39.5859 ], [ -75.7541, 39.5877 ], [ -75.7415, 39.5898 ], [ -75.7424, 39.5883 ], [ -75.7419, 39.5876 ], [ -75.7407, 39.5875 ], [ -75.7403, 39.5813 ], [ -75.7376, 39.5612 ], [ -75.7391, 39.5533 ], [ -75.7382, 39.5411 ], [ -75.7559, 39.5402 ], [ -75.7607, 39.5391 ], [ -75.766, 39.5368 ], [ -75.7701, 39.5358 ], [ -75.7747, 39.5351 ], [ -75.7794, 39.5356 ], [ -75.7824, 39.5723 ], [ -75.7779, 39.5739 ] ] ] } },
{ "type": "Feature", "properties": { "GEOIDFQ": "1400000US10003000300", "NAME": "3", "NAMELSAD": "Census Tract 3" }, "geometry": { "type": "Polygon", "coordinates": [ [ [ -75.5393, 39.766 ], [ -75.534, 39.7591 ], [ -75.5414, 39.7558 ], [ -75.5427, 39.7646 ], [ -75.5393, 39.766 ] ] ] } },
{ "type": "Feature", "properties": { "GEOIDFQ": "1400000US10003016301", "NAME": "163.01", "NAMELSAD": "Census Tract 163.01" }, "geometry": { "type": "Polygon", "coordinates": [ [ [ -75.6822, 39.6232 ], [ -75.6645, 39.6303 ], [ -75.6598, 39.6329 ], [ -75.6642, 39.6091 ], [ -75.6649, 39.607 ], [ -75.6649, 39.6055 ], [ -75.6675, 39.6043 ], [ -75.668, 39.6045 ], [ -75.6785, 39.5923 ], [ -75.6819, 39.5939 ], [ -75.6912, 39.5998 ], [ -75.6906, 39.6002 ], [ -75.6901, 39.6029 ], [ -75.693, 39.6169 ], [ -75.6946, 39.6187 ], [ -75.6822, 39.6232 ] ] ] } },
{ "type": "Feature", "properties": { "GEOIDFQ": "1400000US10001042900", "NAME": "429", "NAMELSAD": "Census Tract 429" }, "geometry": { "type": "Polygon", "coordinates": [ [ [ -75.5811, 38.8385 ], [ -75.5781, 38.8565 ], [ -75.5762, 38.8642 ], [ -75.5738, 38.8777 ], [ -75.5724, 38.8881 ], [ -75.5662, 38.888 ], [ -75.5647, 38.8902 ], [ -75.5654, 38.8939 ], [ -75.5644, 38.8952 ], [ -75.5594, 38.898 ], [ -75.5557, 38.9008 ], [ -75.5489, 38.9022 ], [ -75.544, 38.9049 ], [ -75.5428, 38.9147 ], [ -75.5458, 38.9175 ], [ -75.5414, 38.9219 ], [ -75.5389, 38.9268 ], [ -75.5425, 38.9323 ], [ -75.5374, 38.934 ], [ -75.5371, 38.9344 ], [ -75.5391, 38.9431 ], [ -75.5385, 38.9448 ], [ -75.5394, 38.9552 ], [ -75.5355, 38.9602 ], [ -75.5176, 38.9682 ], [ -75.5041, 38.9768 ], [ -75.5005, 38.9784 ], [ -75.4938, 38.9681 ], [ -75.4921, 38.9668 ], [ -75.4879, 38.9654 ], [ -75.4879, 38.9459 ], [ -75.4968, 38.9405 ], [ -75.5007, 38.9372 ], [ -75.4904, 38.9342 ], [ -75.4894, 38.9326 ], [ -75.4914, 38.9318 ], [ -75.4904, 38.924 ], [ -75.4924, 38.923 ], [ -75.4927, 38.9223 ], [ -75.4922, 38.916 ], [ -75.4895, 38.9055 ], [ -75.4858, 38.9048 ], [ -75.485, 38.9049 ], [ -75.4848, 38.9038 ], [ -75.4858, 38.9036 ], [ -75.4859, 38.9028 ], [ -75.4882, 38.8988 ], [ -75.4885, 38.8966 ], [ -75.4877, 38.8948 ], [ -75.488, 38.8927 ], [ -75.4895, 38.8905 ], [ -75.4916, 38.8885 ], [ -75.4947, 38.8877 ], [ -75.4959, 38.8858 ], [ -75.4964, 38.8838 ], [ -75.4978, 38.8821 ], [ -75.4994, 38.8819 ], [ -75.5011, 38.8809 ], [ -75.5019, 38.8809 ], [ -75.5033, 38.8816 ], [ -75.5044, 38.8809 ], [ -75.5057, 38.8807 ], [ -75.5071, 38.8795 ], [ -75.5081, 38.879 ], [ -75.5086, 38.8772 ], [ -75.5094, 38.8764 ], [ -75.5091, 38.8758 ], [ -75.5157, 38.865 ], [ -75.5203, 38.8558 ], [ -75.5362, 38.85 ], [ -75.536, 38.8476 ], [ -75.5404, 38.8431 ], [ -75.5413, 38.8429 ], [ -75.5442, 38.8434 ], [ -75.5454, 38.8428 ], [ -75.5487, 38.8411 ], [ -75.5508, 38.8389 ], [ -75.5533, 38.8373 ], [ -75.555, 38.8356 ], [ -75.5824, 38.8346 ], [ -75.5811, 38.8385 ] ] ] } },
{ "type": "Feature", "properties": { "GEOIDFQ": "1400000US10001041701", "NAME": "417.01", "NAMELSAD": "Census Tract 417.01" }, "geometry": { "type": "Polygon", "coordinates": [ [ [ -75.5776, 39.1086 ], [ -75.5739, 39.1158 ], [ -75.5618, 39.116 ], [ -75.5577, 39.1203 ], [ -75.5556, 39.1231 ], [ -75.5534, 39.1222 ], [ -75.5525, 39.1214 ], [ -75.5513, 39.1213 ], [ -75.5489, 39.1217 ], [ -75.5486, 39.123 ], [ -75.547, 39.123 ], [ -75.5452, 39.1242 ], [ -75.5441, 39.1239 ], [ -75.5423, 39.1225 ], [ -75.5408, 39.1228 ], [ -75.539, 39.1243 ], [ -75.5383, 39.1243 ], [ -75.5362, 39.1252 ], [ -75.534, 39.1249 ], [ -75.5325, 39.1239 ], [ -75.5459, 39.0952 ], [ -75.5571, 39.0956 ], [ -75.5585, 39.0924 ], [ -75.5677, 39.0913 ], [ -75.5724, 39.0873 ], [ -75.5733, 39.0858 ], [ -75.5764, 39.0852 ], [ -75.5793, 39.0874 ], [ -75.5804, 39.0929 ], [ -75.5832, 39.0994 ], [ -75.5776, 39.1086 ] ] ] } },
{ "type": "Feature", "properties": { "GEOIDFQ": "1400000US10003013607", "NAME": "136.07", "NAMELSAD": "Census Tract 136.07" }, "geometry": { "type": "Polygon", "coordinates": [ [ [ -75.7079, 39.7501 ], [ -75.7027, 39.7509 ], [ -75.7008, 39.7474 ], [ -75.699, 39.7455 ], [ -75.6861, 39.7382 ], [ -75.6838, 39.736 ], [ -75.6859, 39.7349 ], [ -75.6891, 39.7321 ], [ -75.6894, 39.7322 ], [ -75.6932, 39.7261 ], [ -75.6969, 39.7227 ], [ -75.6991, 39.7218 ], [ -75.6996, 39.7228 ], [ -75.7013, 39.7243 ], [ -75.7018, 39.7279 ], [ -75.7025, 39.7292 ], [ -75.7085, 39.7346 ], [ -75.7095, 39.7373 ], [ -75.7113, 39.7401 ], [ -75.716, 39.7415 ], [ -75.7164, 39.743 ], [ -75.7182, 39.7454 ], [ -75.7079, 39.7501 ] ] ] } },
{ "type": "Feature", "properties": { "GEOIDFQ": "1400000US10003011400", "NAME": "114", "NAMELSAD": "Census Tract 114" }, "geometry": { "type": "Polygon", "coordinates": [ [ [ -75.5307, 39.8092 ], [ -75.5236, 39.8123 ], [ -75.5222, 39.8124 ], [ -75.5051, 39.8022 ], [ -75.5052, 39.8 ], [ -75.5097, 39.7984 ], [ -75.5144, 39.7935 ], [ -75.5239, 39.7916 ], [ -75.5318, 39.7965 ], [ -75.5336, 39.7984 ], [ -75.5357, 39.8084 ], [ -75.5307, 39.8092 ] ] ] } },
{ "type": "Feature", "properties": { "GEOIDFQ": "1400000US10003012500", "NAME": "125", "NAMELSAD": "Census Tract 125" }, "geometry": { "type": "Polygon", "coordinates": [ [ [ -75.6064, 39.7279 ], [ -75.601, 39.7273 ], [ -75.6007, 39.7287 ], [ -75.6017, 39.729 ], [ -75.6025, 39.7306 ], [ -75.6008, 39.7301 ], [ -75.597, 39.7308 ], [ -75.5945, 39.7322 ], [ -75.5941, 39.7329 ], [ -75.5944, 39.7332 ], [ -75.5904, 39.7343 ], [ -75.5903, 39.7339 ], [ -75.5908, 39.7338 ], [ -75.5906, 39.7332 ], [ -75.5912, 39.733 ], [ -75.5905, 39.733 ], [ -75.5889, 39.7335 ], [ -75.5884, 39.7346 ], [ -75.5872, 39.7347 ], [ -75.586, 39.7355 ], [ -75.5851, 39.7354 ], [ -75.5848, 39.7362 ], [ -75.5799, 39.7371 ], [ -75.5802, 39.7374 ], [ -75.5771, 39.7419 ], [ -75.577, 39.7411 ], [ -75.5766, 39.7409 ], [ -75.5731, 39.735 ], [ -75.5811, 39.7316 ], [ -75.5939, 39.7229 ], [ -75.6072, 39.7248 ], [ -75.6064, 39.7279 ] ] ] } },
{ "type": "Feature", "properties": { "GEOIDFQ": "1400000US10003012300", "NAME": "123", "NAMELSAD": "Census Tract 123" }, "geometry": { "type": "Polygon", "coordinates": [ [ [ -75.6045, 39.7416 ], [ -75.6026, 39.7449 ], [ -75.6016, 39.7439 ], [ -75.6012, 39.7442 ], [ -75.6007, 39.7437 ], [ -75.6005, 39.7439 ], [ -75.5993, 39.7429 ], [ -75.5971, 39.7443 ], [ -75.595, 39.7438 ], [ -75.5919, 39.7458 ], [ -75.5866, 39.746 ], [ -75.5841, 39.7442 ], [ -75.5816, 39.7432 ], [ -75.5829, 39.7413 ], [ -75.5894, 39.7401 ], [ -75.5895, 39.7393 ], [ -75.5914, 39.7389 ], [ -75.5951, 39.7387 ], [ -75.599, 39.7396 ], [ -75.6047, 39.7389 ], [ -75.6045, 39.7416 ] ] ] } },
{ "type": "Feature", "properties": { "GEOIDFQ": "1400000US10001040100", "NAME": "401", "NAMELSAD": "Census Tract 401" }, "geometry": { "type": "Polygon", "coordinates": [ [ [ -75.7149, 39.2994 ], [ -75.6852, 39.2971 ], [ -75.6831, 39.2946 ], [ -75.6813, 39.2932 ], [ -75.6802, 39.2925 ], [ -75.6788, 39.2927 ], [ -75.678, 39.2925 ], [ -75.6772, 39.2916 ], [ -75.6752, 39.2905 ], [ -75.6733, 39.291 ], [ -75.6703, 39.2909 ], [ -75.6693, 39.2914 ], [ -75.6678, 39.291 ], [ -75.667, 39.2903 ], [ -75.6658, 39.2906 ], [ -75.6649, 39.285 ], [ -75.6638, 39.285 ], [ -75.6625, 39.2783 ], [ -75.6404, 39.2522 ], [ -75.6417, 39.2501 ], [ -75.6368, 39.2459 ], [ -75.636, 39.2447 ], [ -75.6361, 39.2414 ], [ -75.6349, 39.2344 ], [ -75.6334, 39.233 ], [ -75.631, 39.2322 ], [ -75.6279, 39.2286 ], [ -75.6262, 39.225 ], [ -75.6262, 39.2232 ], [ -75.6264, 39.2221 ], [ -75.6297, 39.2159 ], [ -75.6202, 39.2126 ], [ -75.6065, 39.212 ], [ -75.6041, 39.2122 ], [ -75.6054, 39.2099 ], [ -75.612, 39.205 ], [ -75.6182, 39.1996 ], [ -75.6221, 39.1933 ], [ -75.6238, 39.1881 ], [ -75.6252, 39.1864 ], [ -75.6267, 39.1857 ], [ -75.6286, 39.1856 ], [ -75.636, 39.187 ], [ -75.6386, 39.1872 ], [ -75.6455, 39.1854 ], [ -75.6472, 39.1838 ], [ -75.651, 39.1735 ], [ -75.6593, 39.1747 ], [ -75.6721, 39.1793 ], [ -75.7016, 39.193 ], [ -75.7053, 39.1926 ], [ -75.7086, 39.1913 ], [ -75.7187, 39.1902 ], [ -75.725, 39.1862 ], [ -75.7278, 39.1852 ], [ -75.7329, 39.1842 ], [ -75.7341, 39.1833 ], [ -75.7407, 39.1876 ], [ -75.7419, 39.1891 ], [ -75.7462, 39.2003 ], [ -75.7523, 39.1995 ], [ -75.76, 39.2968 ], [ -75.7149, 39.2994 ] ] ] } },
{ "type": "Feature", "properties": { "GEOIDFQ": "1400000US10001040201", "NAME": "402.01", "NAMELSAD": "Census Tract 402.01" }, "geometry": { "type": "Polygon", "coordinates": [ [ [ -75.6605, 39.2917 ], [ -75.6557, 39.2916 ], [ -75.6548, 39.2912 ], [ -75.6529, 39.2919 ], [ -75.6512, 39.2916 ], [ -75.6492, 39.2932 ], [ -75.6482, 39.2958 ], [ -75.6427, 39.2991 ], [ -75.6415, 39.3012 ], [ -75.6408, 39.3015 ], [ -75.6358, 39.3013 ], [ -75.6343, 39.3017 ], [ -75.6326, 39.3013 ], [ -75.6319, 39.3021 ], [ -75.6313, 39.3021 ], [ -75.6312, 39.3027 ], [ -75.6299, 39.3028 ], [ -75.6275, 39.3044 ], [ -75.6258, 39.3041 ], [ -75.6251, 39.3056 ], [ -75.6235, 39.307 ], [ -75.623, 39.3084 ], [ -75.621, 39.3089 ], [ -75.6196, 39.3101 ], [ -75.6161, 39.3097 ], [ -75.6147, 39.3085 ], [ -75.6138, 39.3082 ], [ -75.6114, 39.3093 ], [ -75.6094, 39.3088 ], [ -75.6038, 39.3026 ], [ -75.6114, 39.2971 ], [ -75.6213, 39.2945 ], [ -75.6232, 39.293 ], [ -75.6285, 39.2868 ], [ -75.634, 39.2791 ], [ -75.6384, 39.2785 ], [ -75.6422, 39.277 ], [ -75.6481, 39.2734 ], [ -75.6545, 39.2689 ], [ -75.6626, 39.2784 ], [ -75.6638, 39.285 ], [ -75.6649, 39.285 ], [ -75.6658, 39.2906 ], [ -75.6605, 39.2917 ] ] ] } },
{ "type": "Feature", "properties": { "GEOIDFQ": "1400000US10001041500", "NAME": "415", "NAMELSAD": "Census Tract 415" }, "geometry": { "type": "Polygon", "coordinates": [ [ [ -75.5345, 39.1444 ], [ -75.5254, 39.1439 ], [ -75.5257, 39.1401 ], [ -75.5247, 39.1391 ], [ -75.5261, 39.1374 ], [ -75.5325, 39.1239 ], [ -75.534, 39.1249 ], [ -75.5362, 39.1252 ], [ -75.5383, 39.1243 ], [ -75.539, 39.1243 ], [ -75.5408, 39.1228 ], [ -75.5423, 39.1225 ], [ -75.5441, 39.1239 ], [ -75.5452, 39.1242 ], [ -75.547, 39.123 ], [ -75.5486, 39.123 ], [ -75.5489, 39.1217 ], [ -75.5513, 39.1213 ], [ -75.5525, 39.1214 ], [ -75.5534, 39.1222 ], [ -75.5548, 39.1228 ], [ -75.5345, 39.1444 ] ] ] } },
{ "type": "Feature", "properties": { "GEOIDFQ": "1400000US10001042000", "NAME": "420", "NAMELSAD": "Census Tract 420" }, "geometry": { "type": "Polygon", "coordinates": [ [ [ -75.7386, 39.0833 ], [ -75.7308, 39.0878 ], [ -75.7276, 39.0912 ], [ -75.724, 39.0919 ], [ -75.7219, 39.092 ], [ -75.7182, 39.0948 ], [ -75.7169, 39.0954 ], [ -75.713, 39.0956 ], [ -75.7026, 39.0992 ], [ -75.6999, 39.0989 ], [ -75.696, 39.1012 ], [ -75.6915, 39.1017 ], [ -75.6814, 39.105 ], [ -75.6723, 39.1116 ], [ -75.6677, 39.1125 ], [ -75.665, 39.1143 ], [ -75.6606, 39.1137 ], [ -75.6562, 39.1135 ], [ -75.6542, 39.1147 ], [ -75.6516, 39.1157 ], [ -75.6451, 39.1168 ], [ -75.6425, 39.1163 ], [ -75.6362, 39.1123 ], [ -75.6349, 39.1018 ], [ -75.6352, 39.1002 ], [ -75.6347, 39.0979 ], [ -75.6349, 39.0929 ], [ -75.6328, 39.0911 ], [ -75.6344, 39.0847 ], [ -75.6343, 39.081 ], [ -75.6312, 39.0773 ], [ -75.6274, 39.0711 ], [ -75.6285, 39.0708 ], [ -75.6288, 39.0692 ], [ -75.6302, 39.068 ], [ -75.6357, 39.0611 ], [ -75.6399, 39.0536 ], [ -75.6411, 39.0526 ], [ -75.6491, 39.049 ], [ -75.6447, 39.0455 ], [ -75.6419, 39.0438 ], [ -75.6378, 39.0428 ], [ -75.6342, 39.0433 ], [ -75.6312, 39.042 ], [ -75.6294, 39.0429 ], [ -75.6239, 39.0439 ], [ -75.6183, 39.0423 ], [ -75.6124, 39.0415 ], [ -75.6086, 39.0398 ], [ -75.6057, 39.0402 ], [ -75.603, 39.0413 ], [ -75.6059, 39.0294 ], [ -75.5977, 39.0113 ], [ -75.6043, 39.0079 ], [ -75.6122, 39.0046 ], [ -75.6171, 39.0117 ], [ -75.6206, 39.013 ], [ -75.6249, 39.0152 ], [ -75.6332, 39.0149 ], [ -75.6395, 39.0159 ], [ -75.6418, 39.0168 ], [ -75.6501, 39.0174 ], [ -75.6826, 39.0231 ], [ -75.6915, 39.0229 ], [ -75.7005, 39.0258 ], [ -75.7128, 39.0285 ], [ -75.7176, 39.0312 ], [ -75.7191, 39.0336 ], [ -75.7223, 39.0329 ], [ -75.7323, 39.0319 ], [ -75.7387, 39.0297 ], [ -75.7427, 39.0798 ], [ -75.7386, 39.0833 ] ] ] } },
{ "type": "Feature", "properties": { "GEOIDFQ": "1400000US10001041200", "NAME": "412", "NAMELSAD": "Census Tract 412" }, "geometry": { "type": "Polygon", "coordinates": [ [ [ -75.5189, 39.1427 ], [ -75.5172, 39.1446 ], [ -75.5123, 39.1575 ], [ -75.5098, 39.1574 ], [ -75.4986, 39.1439 ], [ -75.4933, 39.1336 ], [ -75.4892, 39.1273 ], [ -75.4934, 39.1247 ], [ -75.4935, 39.1184 ], [ -75.4951, 39.116 ], [ -75.4986, 39.115 ], [ -75.5006, 39.1161 ], [ -75.5014, 39.116 ], [ -75.5026, 39.1172 ], [ -75.5058, 39.1176 ], [ -75.5061, 39.118 ], [ -75.5099, 39.1179 ], [ -75.5142, 39.1183 ], [ -75.5156, 39.1181 ], [ -75.5165, 39.1236 ], [ -75.5223, 39.1379 ], [ -75.5229, 39.1403 ], [ -75.5189, 39.1427 ] ] ] } },
{ "type": "Feature", "properties": { "GEOIDFQ": "1400000US10001041000", "NAME": "410", "NAMELSAD": "Census Tract 410" }, "geometry": { "type": "Polygon", "coordinates": [ [ [ -75.5039, 39.1761 ], [ -75.4963, 39.1788 ], [ -75.4849, 39.1903 ], [ -75.4795, 39.1968 ], [ -75.4768, 39.1963 ], [ -75.4684, 39.1927 ], [ -75.4667, 39.1915 ], [ -75.4547, 39.1802 ], [ -75.453, 39.178 ], [ -75.444, 39.157 ], [ -75.4437, 39.1534 ], [ -75.4482, 39.1363 ], [ -75.4482, 39.1349 ], [ -75.4547, 39.1347 ], [ -75.4567, 39.1353 ], [ -75.4582, 39.1366 ], [ -75.4592, 39.1388 ], [ -75.4588, 39.1461 ], [ -75.4598, 39.1461 ], [ -75.459, 39.1485 ], [ -75.4621, 39.1487 ], [ -75.4618, 39.1524 ], [ -75.4622, 39.1524 ], [ -75.4625, 39.1487 ], [ -75.4659, 39.1488 ], [ -75.4669, 39.1388 ], [ -75.4694, 39.1393 ], [ -75.4699, 39.1358 ], [ -75.4734, 39.136 ], [ -75.4873, 39.1438 ], [ -75.4946, 39.1361 ], [ -75.4986, 39.1439 ], [ -75.5065, 39.1535 ], [ -75.5098, 39.1574 ], [ -75.5123, 39.1575 ], [ -75.5127, 39.1601 ], [ -75.5164, 39.1649 ], [ -75.5171, 39.1681 ], [ -75.5039, 39.1761 ] ] ] } },
{ "type": "Feature", "properties": { "GEOIDFQ": "1400000US10001041300", "NAME": "413", "NAMELSAD": "Census Tract 413" }, "geometry": { "type": "Polygon", "coordinates": [ [ [ -75.5193, 39.1631 ], [ -75.5169, 39.1628 ], [ -75.5153, 39.1633 ], [ -75.5131, 39.1607 ], [ -75.5122, 39.1588 ], [ -75.5126, 39.1563 ], [ -75.5173, 39.1443 ], [ -75.5189, 39.1427 ], [ -75.5247, 39.1391 ], [ -75.5257, 39.1401 ], [ -75.5249, 39.1518 ], [ -75.5281, 39.1611 ], [ -75.5193, 39.1631 ] ] ] } },
{ "type": "Feature", "properties": { "GEOIDFQ": "1400000US10001041400", "NAME": "414", "NAMELSAD": "Census Tract 414" }, "geometry": { "type": "Polygon", "coordinates": [ [ [ -75.5567, 39.1591 ], [ -75.5473, 39.1587 ], [ -75.538, 39.159 ], [ -75.5283, 39.1611 ], [ -75.5249, 39.1518 ], [ -75.5254, 39.1439 ], [ -75.5345, 39.1444 ], [ -75.5548, 39.1227 ], [ -75.5556, 39.1231 ], [ -75.5547, 39.1246 ], [ -75.5547, 39.1293 ], [ -75.5536, 39.1378 ], [ -75.558, 39.1451 ], [ -75.5588, 39.1471 ], [ -75.5586, 39.1506 ], [ -75.5553, 39.151 ], [ -75.5559, 39.1526 ], [ -75.561, 39.1587 ], [ -75.5567, 39.1591 ] ] ] } },
{ "type": "Feature", "properties": { "GEOIDFQ": "1400000US10005050304", "NAME": "503.04", "NAMELSAD": "Census Tract 503.04" }, "geometry": { "type": "Polygon", "coordinates": [ [ [ -75.7156, 38.801 ], [ -75.7106, 38.7993 ], [ -75.6967, 38.7958 ], [ -75.6929, 38.7939 ], [ -75.6878, 38.7899 ], [ -75.6803, 38.786 ], [ -75.6689, 38.7815 ], [ -75.6334, 38.7571 ], [ -75.6279, 38.7537 ], [ -75.6202, 38.7586 ], [ -75.6145, 38.7626 ], [ -75.6125, 38.7635 ], [ -75.6107, 38.7633 ], [ -75.6093, 38.7625 ], [ -75.5934, 38.7595 ], [ -75.5937, 38.7547 ], [ -75.592, 38.7366 ], [ -75.5883, 38.7079 ], [ -75.5891, 38.6997 ], [ -75.6012, 38.6952 ], [ -75.6037, 38.6953 ], [ -75.6087, 38.6968 ], [ -75.6162, 38.7003 ], [ -75.6201, 38.7018 ], [ -75.6236, 38.7052 ], [ -75.6299, 38.7093 ], [ -75.6463, 38.7182 ], [ -75.649, 38.7163 ], [ -75.6616, 38.7101 ], [ -75.6637, 38.7099 ], [ -75.6699, 38.7104 ], [ -75.6727, 38.7101 ], [ -75.6814, 38.7078 ], [ -75.6924, 38.704 ], [ -75.7026, 38.7032 ], [ -75.7043, 38.7034 ], [ -75.7101, 38.7056 ], [ -75.713, 38.7056 ], [ -75.7206, 38.8019 ], [ -75.7156, 38.801 ] ] ] } },
{ "type": "Feature", "properties": { "GEOIDFQ": "1400000US10005050710", "NAME": "507.10", "NAMELSAD": "Census Tract 507.10" }, "geometry": { "type": "Polygon", "coordinates": [ [ [ -75.181, 38.6352 ], [ -75.1741, 38.6403 ], [ -75.1712, 38.6388 ], [ -75.1697, 38.6384 ], [ -75.1689, 38.6374 ], [ -75.1665, 38.6366 ], [ -75.1633, 38.6377 ], [ -75.1599, 38.6398 ], [ -75.157, 38.641 ], [ -75.1533, 38.6421 ], [ -75.151, 38.6435 ], [ -75.147, 38.6437 ], [ -75.1441, 38.6456 ], [ -75.1411, 38.6436 ], [ -75.1343, 38.6427 ], [ -75.1294, 38.641 ], [ -75.1261, 38.6362 ], [ -75.1261, 38.6356 ], [ -75.128, 38.6359 ], [ -75.1296, 38.6355 ], [ -75.1298, 38.6352 ], [ -75.1292, 38.6348 ], [ -75.1323, 38.6333 ], [ -75.1342, 38.6316 ], [ -75.1375, 38.6319 ], [ -75.139, 38.6314 ], [ -75.1394, 38.6309 ], [ -75.1391, 38.63 ], [ -75.1422, 38.6253 ], [ -75.148, 38.6294 ], [ -75.1522, 38.631 ], [ -75.1557, 38.6319 ], [ -75.1576, 38.6315 ], [ -75.1608, 38.6285 ], [ -75.1655, 38.6284 ], [ -75.1677, 38.6286 ], [ -75.1818, 38.6324 ], [ -75.181, 38.6352 ] ] ] } },
{ "type": "Feature", "properties": { "GEOIDFQ": "1400000US10005050303", "NAME": "503.03", "NAMELSAD": "Census Tract 503.03" }, "geometry": { "type": "Polygon", "coordinates": [ [ [ -75.5824, 38.8346 ], [ -75.585, 38.8271 ], [ -75.5857, 38.8192 ], [ -75.5855, 38.8157 ], [ -75.584, 38.8089 ], [ -75.5838, 38.8065 ], [ -75.5846, 38.8038 ], [ -75.5874, 38.8001 ], [ -75.5906, 38.7904 ], [ -75.5934, 38.7595 ], [ -75.6093, 38.7625 ], [ -75.6107, 38.7633 ], [ -75.6125, 38.7635 ], [ -75.6145, 38.7626 ], [ -75.6202, 38.7586 ], [ -75.6279, 38.7537 ], [ -75.6334, 38.7571 ], [ -75.6689, 38.7815 ], [ -75.6803, 38.786 ], [ -75.6878, 38.7899 ], [ -75.6929, 38.7939 ], [ -75.6967, 38.7958 ], [ -75.7106, 38.7993 ], [ -75.7156, 38.801 ], [ -75.7206, 38.8019 ], [ -75.7228, 38.8299 ], [ -75.5824, 38.8346 ] ] ] } },
{ "type": "Feature", "properties": { "GEOIDFQ": "1400000US10005050711", "NAME": "507.11", "NAMELSAD": "Census Tract 507.11" }, "geometry": { "type": "Polygon", "coordinates": [ [ [ -75.1391, 38.63 ], [ -75.1394, 38.6309 ], [ -75.1388, 38.6315 ], [ -75.1375, 38.6319 ], [ -75.1342, 38.6316 ], [ -75.1323, 38.6333 ], [ -75.1292, 38.6348 ], [ -75.1298, 38.6352 ], [ -75.1296, 38.6355 ], [ -75.128, 38.6359 ], [ -75.1261, 38.6356 ], [ -75.1261, 38.6362 ], [ -75.1294, 38.641 ], [ -75.1246, 38.6404 ], [ -75.11, 38.6441 ], [ -75.1007, 38.6446 ], [ -75.0953, 38.6448 ], [ -75.0935, 38.6443 ], [ -75.0919, 38.6431 ], [ -75.0905, 38.6415 ], [ -75.0885, 38.6375 ], [ -75.0852, 38.6284 ], [ -75.0853, 38.6251 ], [ -75.0909, 38.6251 ], [ -75.0911, 38.6245 ], [ -75.0924, 38.6241 ], [ -75.0918, 38.6236 ], [ -75.0932, 38.6223 ], [ -75.0943, 38.6223 ], [ -75.0952, 38.6238 ], [ -75.0963, 38.6239 ], [ -75.0981, 38.6252 ], [ -75.1026, 38.6254 ], [ -75.119, 38.6243 ], [ -75.1225, 38.6248 ], [ -75.1273, 38.6241 ], [ -75.1326, 38.6226 ], [ -75.1363, 38.6223 ], [ -75.1373, 38.6225 ], [ -75.1421, 38.6254 ], [ -75.1391, 38.63 ] ] ] } },
{ "type": "Feature", "properties": { "GEOIDFQ": "1400000US10005051313", "NAME": "513.13", "NAMELSAD": "Census Tract 513.13" }, "geometry": { "type": "Polygon", "coordinates": [ [ [ -75.1268, 38.5511 ], [ -75.1233, 38.5497 ], [ -75.1235, 38.5535 ], [ -75.1215, 38.5535 ], [ -75.1213, 38.5525 ], [ -75.1184, 38.5523 ], [ -75.1159, 38.5505 ], [ -75.1139, 38.55 ], [ -75.1127, 38.549 ], [ -75.1111, 38.549 ], [ -75.1096, 38.5496 ], [ -75.1056, 38.55 ], [ -75.103, 38.5512 ], [ -75.1019, 38.551 ], [ -75.0983, 38.5531 ], [ -75.0968, 38.5529 ], [ -75.0955, 38.5533 ], [ -75.0961, 38.5536 ], [ -75.0954, 38.5539 ], [ -75.0943, 38.5552 ], [ -75.0929, 38.5552 ], [ -75.0923, 38.5562 ], [ -75.09, 38.5573 ], [ -75.0894, 38.5573 ], [ -75.0691, 38.5226 ], [ -75.0709, 38.5231 ], [ -75.0741, 38.5251 ], [ -75.0809, 38.5264 ], [ -75.0837, 38.5287 ], [ -75.0858, 38.5296 ], [ -75.0913, 38.5375 ], [ -75.0952, 38.5394 ], [ -75.096, 38.5411 ], [ -75.0954, 38.5426 ], [ -75.1015, 38.5422 ], [ -75.1072, 38.5374 ], [ -75.1128, 38.5351 ], [ -75.1133, 38.5345 ], [ -75.1158, 38.5354 ], [ -75.1179, 38.5404 ], [ -75.1242, 38.5402 ], [ -75.1316, 38.5394 ], [ -75.1312, 38.5464 ], [ -75.1318, 38.5508 ], [ -75.1268, 38.5511 ] ] ] } },
{ "type": "Feature", "properties": { "GEOIDFQ": "1400000US10005051314", "NAME": "513.14", "NAMELSAD": "Census Tract 513.14" }, "geometry": { "type": "Polygon", "coordinates": [ [ [ -75.1205, 38.5064 ], [ -75.116, 38.507 ], [ -75.1139, 38.5079 ], [ -75.1124, 38.5093 ], [ -75.1082, 38.5118 ], [ -75.1073, 38.5128 ], [ -75.104, 38.5134 ], [ -75.0985, 38.5175 ], [ -75.0972, 38.5211 ], [ -75.0942, 38.5254 ], [ -75.0966, 38.525 ], [ -75.1009, 38.5222 ], [ -75.1018, 38.5219 ], [ -75.1071, 38.5227 ], [ -75.1171, 38.5253 ], [ -75.1152, 38.5291 ], [ -75.1149, 38.5323 ], [ -75.1129, 38.535 ], [ -75.1072, 38.5374 ], [ -75.1013, 38.5423 ], [ -75.0954, 38.5426 ], [ -75.096, 38.5411 ], [ -75.0952, 38.5394 ], [ -75.0913, 38.5375 ], [ -75.0859, 38.5297 ], [ -75.0837, 38.5287 ], [ -75.0809, 38.5264 ], [ -75.0741, 38.5251 ], [ -75.0709, 38.5231 ], [ -75.0691, 38.5226 ], [ -75.0644, 38.5146 ], [ -75.0637, 38.5129 ], [ -75.0642, 38.511 ], [ -75.0641, 38.5085 ], [ -75.0645, 38.508 ], [ -75.0645, 38.5066 ], [ -75.0635, 38.5059 ], [ -75.0632, 38.5049 ], [ -75.0637, 38.5036 ], [ -75.0624, 38.5021 ], [ -75.0612, 38.4958 ], [ -75.0606, 38.4966 ], [ -75.0601, 38.4962 ], [ -75.0595, 38.4966 ], [ -75.0595, 38.4962 ], [ -75.0587, 38.496 ], [ -75.0592, 38.4956 ], [ -75.0591, 38.4949 ], [ -75.0607, 38.4954 ], [ -75.0614, 38.4946 ], [ -75.0614, 38.4936 ], [ -75.0606, 38.4932 ], [ -75.061, 38.493 ], [ -75.0622, 38.4749 ], [ -75.0668, 38.4762 ], [ -75.0764, 38.4811 ], [ -75.0784, 38.4824 ], [ -75.0821, 38.4838 ], [ -75.0881, 38.4838 ], [ -75.0937, 38.4851 ], [ -75.0956, 38.4841 ], [ -75.097, 38.484 ], [ -75.0975, 38.4842 ], [ -75.0988, 38.4873 ], [ -75.1036, 38.4865 ], [ -75.1045, 38.4834 ], [ -75.1068, 38.482 ], [ -75.1105, 38.4807 ], [ -75.1115, 38.4805 ], [ -75.1135, 38.4808 ], [ -75.1172, 38.4831 ], [ -75.1187, 38.4828 ], [ -75.1183, 38.4834 ], [ -75.1188, 38.4834 ], [ -75.1188, 38.4838 ], [ -75.1179, 38.4844 ], [ -75.118, 38.487 ], [ -75.1138, 38.4857 ], [ -75.1093, 38.494 ], [ -75.1061, 38.4936 ], [ -75.1046, 38.4938 ], [ -75.105, 38.4951 ], [ -75.1046, 38.4964 ], [ -75.1049, 38.4968 ], [ -75.1081, 38.4974 ], [ -75.1107, 38.4984 ], [ -75.1158, 38.5011 ], [ -75.119, 38.5018 ], [ -75.1219, 38.5036 ], [ -75.1231, 38.505 ], [ -75.1205, 38.5064 ] ] ] } },
{ "type": "Feature", "properties": { "GEOIDFQ": "1400000US10005051310", "NAME": "513.10", "NAMELSAD": "Census Tract 513.10" }, "geometry": { "type": "Polygon", "coordinates": [ [ [ -75.1386, 38.4805 ], [ -75.1375, 38.4855 ], [ -75.1327, 38.4903 ], [ -75.1307, 38.4931 ], [ -75.1318, 38.4968 ], [ -75.1311, 38.5019 ], [ -75.1305, 38.5025 ], [ -75.1267, 38.5039 ], [ -75.1254, 38.5048 ], [ -75.1232, 38.505 ], [ -75.1219, 38.5036 ], [ -75.119, 38.5018 ], [ -75.1158, 38.5011 ], [ -75.1107, 38.4984 ], [ -75.1081, 38.4974 ], [ -75.1049, 38.4968 ], [ -75.1046, 38.4964 ], [ -75.105, 38.4951 ], [ -75.1046, 38.4938 ], [ -75.1061, 38.4936 ], [ -75.1093, 38.494 ], [ -75.1138, 38.4857 ], [ -75.118, 38.487 ], [ -75.1179, 38.4844 ], [ -75.1188, 38.4838 ], [ -75.1188, 38.4834 ], [ -75.1183, 38.4834 ], [ -75.1187, 38.4828 ], [ -75.1172, 38.4831 ], [ -75.1135, 38.4808 ], [ -75.1115, 38.4805 ], [ -75.1105, 38.4807 ], [ -75.1068, 38.482 ], [ -75.1045, 38.4834 ], [ -75.1036, 38.4865 ], [ -75.0988, 38.4873 ], [ -75.0975, 38.4842 ], [ -75.097, 38.484 ], [ -75.0956, 38.4841 ], [ -75.0937, 38.4851 ], [ -75.0914, 38.4845 ], [ -75.0919, 38.4835 ], [ -75.0932, 38.4837 ], [ -75.0924, 38.4833 ], [ -75.0925, 38.483 ], [ -75.0934, 38.4829 ], [ -75.0937, 38.4835 ], [ -75.094, 38.483 ], [ -75.0946, 38.483 ], [ -75.0963, 38.4791 ], [ -75.0977, 38.4784 ], [ -75.0987, 38.4724 ], [ -75.102, 38.4732 ], [ -75.1107, 38.4725 ], [ -75.1158, 38.4698 ], [ -75.1175, 38.4714 ], [ -75.126, 38.4743 ], [ -75.137, 38.4761 ], [ -75.1379, 38.4755 ], [ -75.1395, 38.4752 ], [ -75.1405, 38.4776 ], [ -75.1386, 38.4805 ] ] ] } },
{ "type": "Feature", "properties": { "GEOIDFQ": "1400000US10003002800", "NAME": "28", "NAMELSAD": "Census Tract 28" }, "geometry": { "type": "Polygon", "coordinates": [ [ [ -75.5564, 39.7404 ], [ -75.5547, 39.7397 ], [ -75.5521, 39.7436 ], [ -75.5528, 39.7439 ], [ -75.5514, 39.7459 ], [ -75.5535, 39.7467 ], [ -75.5517, 39.7494 ], [ -75.5534, 39.7499 ], [ -75.555, 39.7512 ], [ -75.5536, 39.753 ], [ -75.5526, 39.7566 ], [ -75.5491, 39.7538 ], [ -75.5485, 39.7524 ], [ -75.5468, 39.751 ], [ -75.5439, 39.7503 ], [ -75.5452, 39.7478 ], [ -75.5433, 39.7471 ], [ -75.5502, 39.7369 ], [ -75.5573, 39.7399 ], [ -75.5564, 39.7404 ] ] ] } },
{ "type": "Feature", "properties": { "GEOIDFQ": "1400000US10003010104", "NAME": "101.04", "NAMELSAD": "Census Tract 101.04" }, "geometry": { "type": "Polygon", "coordinates": [ [ [ -75.459, 39.8016 ], [ -75.4558, 39.8037 ], [ -75.4453, 39.8092 ], [ -75.4334, 39.8119 ], [ -75.4231, 39.8067 ], [ -75.4201, 39.8048 ], [ -75.4294, 39.798 ], [ -75.4408, 39.7957 ], [ -75.4539, 39.7893 ], [ -75.4689, 39.7794 ], [ -75.4731, 39.7821 ], [ -75.4712, 39.7831 ], [ -75.4702, 39.785 ], [ -75.472, 39.7863 ], [ -75.4715, 39.787 ], [ -75.4729, 39.7874 ], [ -75.4742, 39.7884 ], [ -75.459, 39.8016 ] ] ] } },
{ "type": "Feature", "properties": { "GEOIDFQ": "1400000US10003016904", "NAME": "169.04", "NAMELSAD": "Census Tract 169.04" }, "geometry": { "type": "Polygon", "coordinates": [ [ [ -75.6581, 39.3748 ], [ -75.6562, 39.3749 ], [ -75.6547, 39.3756 ], [ -75.6532, 39.3752 ], [ -75.6518, 39.3758 ], [ -75.6504, 39.3757 ], [ -75.6484, 39.3766 ], [ -75.6462, 39.3764 ], [ -75.6441, 39.377 ], [ -75.6436, 39.3777 ], [ -75.6437, 39.3784 ], [ -75.6463, 39.3793 ], [ -75.6465, 39.3797 ], [ -75.6454, 39.3821 ], [ -75.6421, 39.3822 ], [ -75.6407, 39.3851 ], [ -75.6399, 39.3859 ], [ -75.6392, 39.3856 ], [ -75.6386, 39.3842 ], [ -75.638, 39.3842 ], [ -75.6372, 39.3859 ], [ -75.6372, 39.3878 ], [ -75.6367, 39.3887 ], [ -75.6353, 39.3887 ], [ -75.6324, 39.3876 ], [ -75.6318, 39.3851 ], [ -75.631, 39.3849 ], [ -75.6279, 39.3874 ], [ -75.6264, 39.3875 ], [ -75.6235, 39.3886 ], [ -75.6224, 39.3907 ], [ -75.6228, 39.3919 ], [ -75.6208, 39.3934 ], [ -75.6193, 39.3951 ], [ -75.6175, 39.3952 ], [ -75.6165, 39.3949 ], [ -75.6157, 39.3936 ], [ -75.6152, 39.3934 ], [ -75.6126, 39.3936 ], [ -75.6108, 39.3933 ], [ -75.6088, 39.3942 ], [ -75.6063, 39.3936 ], [ -75.6054, 39.3952 ], [ -75.6047, 39.3953 ], [ -75.6027, 39.3944 ], [ -75.6025, 39.3931 ], [ -75.6018, 39.3926 ], [ -75.6006, 39.3938 ], [ -75.5975, 39.3939 ], [ -75.5955, 39.3967 ], [ -75.5969, 39.3974 ], [ -75.5968, 39.4003 ], [ -75.5962, 39.401 ], [ -75.596, 39.4019 ], [ -75.5974, 39.4021 ], [ -75.5986, 39.4033 ], [ -75.5993, 39.4053 ], [ -75.5988, 39.4065 ], [ -75.6001, 39.407 ], [ -75.6005, 39.4075 ], [ -75.5998, 39.4092 ], [ -75.6022, 39.4113 ], [ -75.6025, 39.415 ], [ -75.6027, 39.4153 ], [ -75.6034, 39.4149 ], [ -75.6032, 39.4142 ], [ -75.6037, 39.4132 ], [ -75.6048, 39.4128 ], [ -75.6059, 39.4156 ], [ -75.6066, 39.4157 ], [ -75.6072, 39.415 ], [ -75.6096, 39.4142 ], [ -75.61, 39.4144 ], [ -75.6102, 39.4155 ], [ -75.6099, 39.4162 ], [ -75.6079, 39.4171 ], [ -75.6075, 39.4185 ], [ -75.6057, 39.4184 ], [ -75.6023, 39.4199 ], [ -75.6017, 39.4206 ], [ -75.6017, 39.4222 ], [ -75.5991, 39.4248 ], [ -75.5991, 39.4256 ], [ -75.6005, 39.4258 ], [ -75.601, 39.4265 ], [ -75.6008, 39.4269 ], [ -75.599, 39.4273 ], [ -75.5994, 39.4287 ], [ -75.6008, 39.43 ], [ -75.601, 39.4307 ], [ -75.6, 39.4306 ], [ -75.5991, 39.4296 ], [ -75.5984, 39.4295 ], [ -75.5976, 39.4303 ], [ -75.5965, 39.4295 ], [ -75.5955, 39.4295 ], [ -75.5958, 39.4324 ], [ -75.5945, 39.4327 ], [ -75.5935, 39.4323 ], [ -75.5922, 39.4303 ], [ -75.5908, 39.4307 ], [ -75.589, 39.4307 ], [ -75.5866, 39.4318 ], [ -75.5846, 39.4312 ], [ -75.5838, 39.4312 ], [ -75.5827, 39.4318 ], [ -75.5807, 39.4315 ], [ -75.5803, 39.4325 ], [ -75.5824, 39.4352 ], [ -75.582, 39.4356 ], [ -75.5799, 39.4363 ], [ -75.5799, 39.4375 ], [ -75.5811, 39.4387 ], [ -75.5807, 39.4392 ], [ -75.5797, 39.4399 ], [ -75.5784, 39.4399 ], [ -75.5771, 39.4392 ], [ -75.5759, 39.4378 ], [ -75.5753, 39.4377 ], [ -75.5742, 39.4382 ], [ -75.5718, 39.4407 ], [ -75.5718, 39.4404 ], [ -75.5669, 39.4418 ], [ -75.5635, 39.4391 ], [ -75.5512, 39.4319 ], [ -75.5403, 39.4226 ], [ -75.5351, 39.4193 ], [ -75.5323, 39.4153 ], [ -75.5235, 39.3989 ], [ -75.518, 39.3928 ], [ -75.5134, 39.3848 ], [ -75.5085, 39.3709 ], [ -75.5082, 39.3686 ], [ -75.5123, 39.3657 ], [ -75.5158, 39.3646 ], [ -75.5167, 39.3611 ], [ -75.5193, 39.3603 ], [ -75.5209, 39.3586 ], [ -75.5239, 39.3598 ], [ -75.5259, 39.3596 ], [ -75.5278, 39.359 ], [ -75.5285, 39.3582 ], [ -75.5288, 39.3572 ], [ -75.5273, 39.3553 ], [ -75.5276, 39.3541 ], [ -75.5291, 39.3534 ], [ -75.5314, 39.3545 ], [ -75.5329, 39.3544 ], [ -75.5343, 39.3533 ], [ -75.5345, 39.3514 ], [ -75.5354, 39.3507 ], [ -75.5368, 39.3508 ], [ -75.5387, 39.3517 ], [ -75.5396, 39.3536 ], [ -75.5408, 39.3543 ], [ -75.542, 39.3543 ], [ -75.5429, 39.3538 ], [ -75.5441, 39.3514 ], [ -75.5451, 39.3508 ], [ -75.5479, 39.3513 ], [ -75.5483, 39.3532 ], [ -75.5496, 39.3538 ], [ -75.5516, 39.3539 ], [ -75.5534, 39.353 ], [ -75.5546, 39.3517 ], [ -75.5546, 39.3509 ], [ -75.5539, 39.35 ], [ -75.5519, 39.3501 ], [ -75.5511, 39.3495 ], [ -75.5512, 39.3453 ], [ -75.5526, 39.3451 ], [ -75.555, 39.3458 ], [ -75.556, 39.347 ], [ -75.5564, 39.3486 ], [ -75.5573, 39.3491 ], [ -75.5586, 39.3468 ], [ -75.5603, 39.3456 ], [ -75.5605, 39.3451 ], [ -75.56, 39.3435 ], [ -75.5581, 39.3429 ], [ -75.5575, 39.3423 ], [ -75.5575, 39.3409 ], [ -75.5584, 39.3393 ], [ -75.5561, 39.3377 ], [ -75.5557, 39.3371 ], [ -75.5559, 39.3358 ], [ -75.5576, 39.334 ], [ -75.5588, 39.3333 ], [ -75.5624, 39.3322 ], [ -75.5652, 39.3318 ], [ -75.569, 39.3287 ], [ -75.5698, 39.3276 ], [ -75.5698, 39.3266 ], [ -75.5687, 39.3235 ], [ -75.5689, 39.323 ], [ -75.5713, 39.3183 ], [ -75.5746, 39.3134 ], [ -75.5811, 39.3111 ], [ -75.5848, 39.3086 ], [ -75.5872, 39.3096 ], [ -75.5873, 39.3108 ], [ -75.5877, 39.3112 ], [ -75.5904, 39.3117 ], [ -75.5921, 39.3113 ], [ -75.5923, 39.3099 ], [ -75.5936, 39.3084 ], [ -75.5945, 39.3085 ], [ -75.5949, 39.3099 ], [ -75.5958, 39.3101 ], [ -75.5971, 39.3096 ], [ -75.5991, 39.3098 ], [ -75.5996, 39.3084 ], [ -75.6004, 39.308 ], [ -75.6017, 39.308 ], [ -75.6034, 39.3091 ], [ -75.6032, 39.3106 ], [ -75.6038, 39.3112 ], [ -75.6069, 39.3081 ], [ -75.6087, 39.3089 ], [ -75.6094, 39.3088 ], [ -75.6182, 39.3189 ], [ -75.6237, 39.3284 ], [ -75.6259, 39.3315 ], [ -75.6402, 39.3478 ], [ -75.6465, 39.3597 ], [ -75.6484, 39.3622 ], [ -75.6505, 39.3641 ], [ -75.6586, 39.3699 ], [ -75.6616, 39.3727 ], [ -75.6581, 39.3748 ] ] ] } },
{ "type": "Feature", "properties": { "GEOIDFQ": "1400000US10003011500", "NAME": "115", "NAMELSAD": "Census Tract 115" }, "geometry": { "type": "Polygon", "coordinates": [ [ [ -75.5357, 39.8084 ], [ -75.534, 39.7992 ], [ -75.5322, 39.7967 ], [ -75.5324, 39.7965 ], [ -75.5348, 39.7959 ], [ -75.5355, 39.7953 ], [ -75.5366, 39.7963 ], [ -75.5457, 39.794 ], [ -75.546, 39.7949 ], [ -75.5471, 39.7948 ], [ -75.5492, 39.8092 ], [ -75.5357, 39.8084 ] ] ] } }
]
}
