{
"type": "FeatureCollection",
"name": "state_32_tracts_simplified",
"crs": { "type": "name", "properties": { "name": "urn:ogc:def:crs:OGC:1.3:CRS84" } },
"features": [
{ "type": "Feature", "properties": { "GEOIDFQ": "1400000US32003002954", "NAME": "29.54", "NAMELSAD": "Census Tract 29.54" }, "geometry": { "type": "Polygon", "coordinates": [ [ [ -115.2081, 36.1263 ], [ -115.1992, 36.1263 ], [ -115.1994, 36.1154 ], [ -115.208, 36.1154 ], [ -115.2081, 36.1263 ] ] ] } },
{ "type": "Feature", "properties": { "GEOIDFQ": "1400000US32003004709", "NAME": "47.09", "NAMELSAD": "Census Tract 47.09" }, "geometry": { "type": "Polygon", "coordinates": [ [ [ -115.0622, 36.1962 ], [ -115.0623, 36.1888 ], [ -115.0799, 36.1885 ], [ -115.0801, 36.1956 ], [ -115.0622, 36.1962 ] ] ] } },
{ "type": "Feature", "properties": { "GEOIDFQ": "1400000US32003002915", "NAME": "29.15", "NAMELSAD": "Census Tract 29.15" }, "geometry": { "type": "Polygon", "coordinates": [ [ [ -115.2623, 36.1592 ], [ -115.2609, 36.1437 ], [ -115.279, 36.1441 ], [ -115.2803, 36.1591 ], [ -115.2623, 36.1592 ] ] ] } },
{ "type": "Feature", "properties": { "GEOIDFQ": "1400000US32003002916", "NAME": "29.16", "NAMELSAD": "Census Tract 29.16" }, "geometry": { "type": "Polygon", "coordinates": [ [ [ -115.2438, 36.1592 ], [ -115.243, 36.1442 ], [ -115.2609, 36.1437 ], [ -115.2623, 36.1592 ], [ -115.2438, 36.1592 ] ] ] } },
{ "type": "Feature", "properties": { "GEOIDFQ": "1400000US32003002919", "NAME": "29.19", "NAMELSAD": "Census Tract 29.19" }, "geometry": { "type": "Polygon", "coordinates": [ [ [ -115.261, 36.1292 ], [ -115.2431, 36.1295 ], [ -115.243, 36.1145 ], [ -115.261, 36.1146 ], [ -115.261, 36.1292 ] ] ] } },
{ "type": "Feature", "properties": { "GEOIDFQ": "1400000US32031001016", "NAME": "10.16", "NAMELSAD": "Census Tract 10.16" }, "geometry": { "type": "Polygon", "coordinates": [ [ [ -119.8071, 39.504 ], [ -119.8072, 39.5056 ], [ -119.8032, 39.5057 ], [ -119.7982, 39.4956 ], [ -119.8015, 39.4952 ], [ -119.8078, 39.4955 ], [ -119.8078, 39.4985 ], [ -119.8085, 39.4996 ], [ -119.8071, 39.504 ] ] ] } },
{ "type": "Feature", "properties": { "GEOIDFQ": "1400000US32003002935", "NAME": "29.35", "NAMELSAD": "Census Tract 29.35" }, "geometry": { "type": "Polygon", "coordinates": [ [ [ -115.2165, 36.1259 ], [ -115.2164, 36.1149 ], [ -115.2249, 36.1144 ], [ -115.2249, 36.1254 ], [ -115.2165, 36.1259 ] ] ] } },
{ "type": "Feature", "properties": { "GEOIDFQ": "1400000US32031002401", "NAME": "24.01", "NAMELSAD": "Census Tract 24.01" }, "geometry": { "type": "Polygon", "coordinates": [ [ [ -119.8593, 39.5487 ], [ -119.8594, 39.5523 ], [ -119.855, 39.5523 ], [ -119.8491, 39.5567 ], [ -119.8482, 39.5556 ], [ -119.8484, 39.551 ], [ -119.8473, 39.5505 ], [ -119.8447, 39.5507 ], [ -119.844, 39.5505 ], [ -119.8438, 39.5494 ], [ -119.8446, 39.5481 ], [ -119.8445, 39.5475 ], [ -119.8411, 39.5445 ], [ -119.8396, 39.5438 ], [ -119.8392, 39.5423 ], [ -119.8386, 39.5416 ], [ -119.8411, 39.5414 ], [ -119.8428, 39.5421 ], [ -119.8448, 39.5421 ], [ -119.8452, 39.5415 ], [ -119.8452, 39.5388 ], [ -119.8467, 39.5372 ], [ -119.8502, 39.5382 ], [ -119.8552, 39.5387 ], [ -119.8559, 39.5393 ], [ -119.8559, 39.5414 ], [ -119.8565, 39.5423 ], [ -119.8622, 39.5398 ], [ -119.8639, 39.5413 ], [ -119.8654, 39.542 ], [ -119.8593, 39.5487 ] ] ] } },
{ "type": "Feature", "properties": { "GEOIDFQ": "1400000US32031002406", "NAME": "24.06", "NAMELSAD": "Census Tract 24.06" }, "geometry": { "type": "Polygon", "coordinates": [ [ [ -119.8641, 39.5377 ], [ -119.8628, 39.5394 ], [ -119.8613, 39.5403 ], [ -119.8565, 39.5423 ], [ -119.8559, 39.5414 ], [ -119.8559, 39.5393 ], [ -119.8552, 39.5387 ], [ -119.8502, 39.5382 ], [ -119.8465, 39.5372 ], [ -119.8466, 39.5335 ], [ -119.8479, 39.5327 ], [ -119.8467, 39.5329 ], [ -119.8454, 39.5324 ], [ -119.8451, 39.5313 ], [ -119.8459, 39.5307 ], [ -119.8456, 39.5294 ], [ -119.8485, 39.5276 ], [ -119.8506, 39.5274 ], [ -119.8525, 39.5266 ], [ -119.8577, 39.526 ], [ -119.8625, 39.524 ], [ -119.863, 39.5269 ], [ -119.8645, 39.531 ], [ -119.8647, 39.5357 ], [ -119.8641, 39.5377 ] ] ] } },
{ "type": "Feature", "properties": { "GEOIDFQ": "1400000US32510001002", "NAME": "10.02", "NAMELSAD": "Census Tract 10.02" }, "geometry": { "type": "Polygon", "coordinates": [ [ [ -119.751, 39.0874 ], [ -119.7497, 39.0865 ], [ -119.749, 39.0865 ], [ -119.7473, 39.0871 ], [ -119.744, 39.0877 ], [ -119.7419, 39.0893 ], [ -119.7414, 39.0893 ], [ -119.7405, 39.0884 ], [ -119.7409, 39.0874 ], [ -119.7403, 39.0871 ], [ -119.7387, 39.0881 ], [ -119.7363, 39.0906 ], [ -119.7344, 39.0917 ], [ -119.734, 39.0927 ], [ -119.7312, 39.0961 ], [ -119.7311, 39.0982 ], [ -119.7295, 39.0994 ], [ -119.728, 39.1 ], [ -119.7265, 39.0993 ], [ -119.724, 39.0987 ], [ -119.722, 39.0994 ], [ -119.719, 39.101 ], [ -119.7177, 39.1031 ], [ -119.7173, 39.1049 ], [ -119.7163, 39.1062 ], [ -119.7131, 39.1072 ], [ -119.7114, 39.1095 ], [ -119.7093, 39.1106 ], [ -119.7072, 39.111 ], [ -119.704, 39.1105 ], [ -119.7027, 39.1111 ], [ -119.7028, 39.1138 ], [ -119.7052, 39.1138 ], [ -119.7053, 39.1161 ], [ -119.7063, 39.1167 ], [ -119.7077, 39.1187 ], [ -119.7078, 39.1194 ], [ -119.7057, 39.1211 ], [ -119.7146, 39.1211 ], [ -119.7146, 39.1249 ], [ -119.7047, 39.1249 ], [ -119.7067, 39.1294 ], [ -119.7057, 39.1324 ], [ -119.7061, 39.1343 ], [ -119.7057, 39.1353 ], [ -119.7051, 39.1357 ], [ -119.7052, 39.1368 ], [ -119.7045, 39.1385 ], [ -119.7043, 39.1406 ], [ -119.7052, 39.1417 ], [ -119.7071, 39.1425 ], [ -119.7163, 39.1427 ], [ -119.7181, 39.1432 ], [ -119.727, 39.1523 ], [ -119.7271, 39.1536 ], [ -119.7244, 39.158 ], [ -119.724, 39.1595 ], [ -119.7239, 39.1608 ], [ -119.7279, 39.1609 ], [ -119.7264, 39.1624 ], [ -119.7241, 39.1666 ], [ -119.724, 39.1803 ], [ -119.6969, 39.1916 ], [ -119.6927, 39.194 ], [ -119.6903, 39.1961 ], [ -119.6893, 39.1977 ], [ -119.6871, 39.2034 ], [ -119.6858, 39.2056 ], [ -119.6823, 39.2092 ], [ -119.6479, 39.1951 ], [ -119.562, 39.1948 ], [ -119.5615, 39.1945 ], [ -119.5617, 39.1926 ], [ -119.5599, 39.1912 ], [ -119.5593, 39.1899 ], [ -119.5599, 39.1881 ], [ -119.5597, 39.1868 ], [ -119.5605, 39.186 ], [ -119.56, 39.185 ], [ -119.561, 39.184 ], [ -119.5602, 39.1812 ], [ -119.5607, 39.1785 ], [ -119.5621, 39.1772 ], [ -119.5629, 39.1746 ], [ -119.5647, 39.174 ], [ -119.5642, 39.1726 ], [ -119.5654, 39.1695 ], [ -119.5652, 39.1683 ], [ -119.5663, 39.1667 ], [ -119.5666, 39.1653 ], [ -119.5677, 39.1646 ], [ -119.5689, 39.1622 ], [ -119.5703, 39.1615 ], [ -119.5711, 39.1595 ], [ -119.5708, 39.1583 ], [ -119.5713, 39.1578 ], [ -119.5726, 39.1574 ], [ -119.5747, 39.1548 ], [ -119.5737, 39.1536 ], [ -119.5723, 39.1531 ], [ -119.5718, 39.1526 ], [ -119.5722, 39.1465 ], [ -119.5714, 39.1444 ], [ -119.5694, 39.1418 ], [ -119.5682, 39.1412 ], [ -119.5668, 39.1398 ], [ -119.5635, 39.1387 ], [ -119.5627, 39.1376 ], [ -119.5613, 39.1369 ], [ -119.5602, 39.1338 ], [ -119.5612, 39.1331 ], [ -119.5614, 39.132 ], [ -119.5606, 39.1305 ], [ -119.5608, 39.1299 ], [ -119.5601, 39.129 ], [ -119.5602, 39.1284 ], [ -119.5596, 39.128 ], [ -119.5597, 39.1263 ], [ -119.5588, 39.1242 ], [ -119.5597, 39.1226 ], [ -119.5588, 39.1207 ], [ -119.5587, 39.119 ], [ -119.5581, 39.1186 ], [ -119.5583, 39.1168 ], [ -119.5579, 39.1164 ], [ -119.5588, 39.1159 ], [ -119.5585, 39.1153 ], [ -119.5592, 39.1147 ], [ -119.5588, 39.1138 ], [ -119.5592, 39.1131 ], [ -119.5586, 39.1123 ], [ -119.5585, 39.1114 ], [ -119.5589, 39.1108 ], [ -119.5574, 39.1093 ], [ -119.5576, 39.1077 ], [ -119.5565, 39.1062 ], [ -119.5574, 39.1047 ], [ -119.5573, 39.1038 ], [ -119.5566, 39.1028 ], [ -119.5518, 39.1006 ], [ -119.5512, 39.0995 ], [ -119.5499, 39.0917 ], [ -119.5483, 39.0908 ], [ -119.5489, 39.0888 ], [ -119.5507, 39.0859 ], [ -119.6475, 39.0862 ], [ -119.6591, 39.0861 ], [ -119.6774, 39.0848 ], [ -119.7521, 39.0849 ], [ -119.7521, 39.087 ], [ -119.751, 39.0874 ] ] ] } },
{ "type": "Feature", "properties": { "GEOIDFQ": "1400000US32510001001", "NAME": "10.01", "NAMELSAD": "Census Tract 10.01" }, "geometry": { "type": "Polygon", "coordinates": [ [ [ -119.7325, 39.1768 ], [ -119.724, 39.1803 ], [ -119.7241, 39.167 ], [ -119.7272, 39.1677 ], [ -119.7315, 39.1677 ], [ -119.7326, 39.167 ], [ -119.7337, 39.1674 ], [ -119.7342, 39.1679 ], [ -119.7346, 39.1696 ], [ -119.7346, 39.1719 ], [ -119.7379, 39.1719 ], [ -119.738, 39.1754 ], [ -119.7325, 39.1768 ] ] ] } },
{ "type": "Feature", "properties": { "GEOIDFQ": "1400000US32003004500", "NAME": "45", "NAMELSAD": "Census Tract 45" }, "geometry": { "type": "Polygon", "coordinates": [ [ [ -115.1241, 36.2177 ], [ -115.1114, 36.2176 ], [ -115.1058, 36.2105 ], [ -115.1083, 36.209 ], [ -115.1093, 36.2101 ], [ -115.1104, 36.2104 ], [ -115.1293, 36.2103 ], [ -115.1241, 36.2177 ] ] ] } },
{ "type": "Feature", "properties": { "GEOIDFQ": "1400000US32031003513", "NAME": "35.13", "NAMELSAD": "Census Tract 35.13" }, "geometry": { "type": "Polygon", "coordinates": [ [ [ -119.7002, 39.5666 ], [ -119.6964, 39.5672 ], [ -119.6946, 39.5682 ], [ -119.6937, 39.5694 ], [ -119.6936, 39.5712 ], [ -119.6941, 39.5724 ], [ -119.6995, 39.5788 ], [ -119.7007, 39.5794 ], [ -119.7003, 39.5794 ], [ -119.6989, 39.5811 ], [ -119.6938, 39.5842 ], [ -119.6905, 39.5827 ], [ -119.6849, 39.5832 ], [ -119.6812, 39.5845 ], [ -119.6758, 39.5833 ], [ -119.6757, 39.5807 ], [ -119.6711, 39.5789 ], [ -119.6685, 39.5759 ], [ -119.6624, 39.5702 ], [ -119.6578, 39.5667 ], [ -119.6572, 39.5653 ], [ -119.6562, 39.5649 ], [ -119.6533, 39.5646 ], [ -119.6515, 39.563 ], [ -119.6571, 39.5599 ], [ -119.6612, 39.559 ], [ -119.6611, 39.5586 ], [ -119.654, 39.556 ], [ -119.6531, 39.5553 ], [ -119.6534, 39.5544 ], [ -119.6561, 39.5537 ], [ -119.6606, 39.5513 ], [ -119.6611, 39.5504 ], [ -119.6614, 39.5487 ], [ -119.6609, 39.5462 ], [ -119.6574, 39.5426 ], [ -119.6571, 39.5415 ], [ -119.659, 39.5384 ], [ -119.6576, 39.5365 ], [ -119.6576, 39.5359 ], [ -119.6592, 39.5337 ], [ -119.6621, 39.5328 ], [ -119.6671, 39.5331 ], [ -119.6688, 39.5322 ], [ -119.668, 39.5346 ], [ -119.6658, 39.5367 ], [ -119.6653, 39.5379 ], [ -119.6667, 39.539 ], [ -119.667, 39.5398 ], [ -119.668, 39.5398 ], [ -119.6698, 39.5409 ], [ -119.6728, 39.5438 ], [ -119.674, 39.5473 ], [ -119.6753, 39.5471 ], [ -119.6764, 39.5488 ], [ -119.6779, 39.548 ], [ -119.6793, 39.5496 ], [ -119.6822, 39.5502 ], [ -119.6895, 39.5543 ], [ -119.688, 39.5551 ], [ -119.6876, 39.5561 ], [ -119.6862, 39.557 ], [ -119.6864, 39.5581 ], [ -119.689, 39.5603 ], [ -119.693, 39.5616 ], [ -119.6986, 39.5593 ], [ -119.6997, 39.5583 ], [ -119.7026, 39.5585 ], [ -119.7032, 39.5577 ], [ -119.7041, 39.5577 ], [ -119.7055, 39.5583 ], [ -119.7056, 39.5642 ], [ -119.7002, 39.5666 ] ] ] } },
{ "type": "Feature", "properties": { "GEOIDFQ": "1400000US32031980000", "NAME": "9800", "NAMELSAD": "Census Tract 9800" }, "geometry": { "type": "Polygon", "coordinates": [ [ [ -119.7832, 39.4999 ], [ -119.7807, 39.5047 ], [ -119.78, 39.5073 ], [ -119.7801, 39.5094 ], [ -119.7832, 39.5197 ], [ -119.7774, 39.5176 ], [ -119.7746, 39.5198 ], [ -119.7722, 39.5207 ], [ -119.7712, 39.5218 ], [ -119.7663, 39.5207 ], [ -119.7594, 39.5176 ], [ -119.758, 39.5174 ], [ -119.7565, 39.518 ], [ -119.7552, 39.518 ], [ -119.7513, 39.5164 ], [ -119.7503, 39.5164 ], [ -119.7492, 39.5174 ], [ -119.7473, 39.5183 ], [ -119.7457, 39.5178 ], [ -119.7443, 39.5168 ], [ -119.7424, 39.5175 ], [ -119.7409, 39.5174 ], [ -119.7478, 39.5056 ], [ -119.7482, 39.5057 ], [ -119.7508, 39.5005 ], [ -119.7545, 39.4951 ], [ -119.757, 39.4901 ], [ -119.76, 39.4877 ], [ -119.7602, 39.4874 ], [ -119.7582, 39.4869 ], [ -119.7623, 39.478 ], [ -119.7659, 39.4787 ], [ -119.7733, 39.4813 ], [ -119.7733, 39.4829 ], [ -119.7748, 39.4843 ], [ -119.7758, 39.4858 ], [ -119.776, 39.4899 ], [ -119.7766, 39.4908 ], [ -119.7737, 39.4924 ], [ -119.7782, 39.4949 ], [ -119.7842, 39.4949 ], [ -119.7832, 39.4999 ] ] ] } },
{ "type": "Feature", "properties": { "GEOIDFQ": "1400000US32031003207", "NAME": "32.07", "NAMELSAD": "Census Tract 32.07" }, "geometry": { "type": "Polygon", "coordinates": [ [ [ -119.8249, 39.3123 ], [ -119.8166, 39.3251 ], [ -119.8155, 39.3245 ], [ -119.8145, 39.3232 ], [ -119.8034, 39.329 ], [ -119.7972, 39.3303 ], [ -119.792, 39.3317 ], [ -119.7918, 39.3302 ], [ -119.7896, 39.3307 ], [ -119.7887, 39.3304 ], [ -119.7865, 39.3288 ], [ -119.7859, 39.3272 ], [ -119.7853, 39.3269 ], [ -119.7828, 39.3275 ], [ -119.778, 39.328 ], [ -119.7768, 39.329 ], [ -119.7757, 39.3293 ], [ -119.7716, 39.328 ], [ -119.7691, 39.328 ], [ -119.768, 39.3283 ], [ -119.7666, 39.3298 ], [ -119.7621, 39.3313 ], [ -119.7571, 39.3312 ], [ -119.7546, 39.3289 ], [ -119.7542, 39.327 ], [ -119.7507, 39.3217 ], [ -119.7506, 39.3208 ], [ -119.7512, 39.3201 ], [ -119.751, 39.3184 ], [ -119.7495, 39.3178 ], [ -119.7483, 39.3178 ], [ -119.746, 39.3193 ], [ -119.7442, 39.32 ], [ -119.7424, 39.3196 ], [ -119.7403, 39.3197 ], [ -119.7396, 39.3191 ], [ -119.7379, 39.3187 ], [ -119.7358, 39.3192 ], [ -119.7343, 39.3181 ], [ -119.7317, 39.3131 ], [ -119.7276, 39.3125 ], [ -119.7259, 39.3118 ], [ -119.7245, 39.3107 ], [ -119.724, 39.3098 ], [ -119.7222, 39.3117 ], [ -119.7191, 39.311 ], [ -119.7175, 39.31 ], [ -119.7169, 39.309 ], [ -119.7152, 39.3083 ], [ -119.7146, 39.3071 ], [ -119.7133, 39.3064 ], [ -119.7123, 39.3047 ], [ -119.711, 39.305 ], [ -119.7096, 39.3049 ], [ -119.7076, 39.3038 ], [ -119.7046, 39.297 ], [ -119.7047, 39.2963 ], [ -119.7077, 39.2934 ], [ -119.7054, 39.2945 ], [ -119.7035, 39.2936 ], [ -119.7034, 39.2928 ], [ -119.7021, 39.2922 ], [ -119.7006, 39.2924 ], [ -119.699, 39.2916 ], [ -119.698, 39.2904 ], [ -119.6979, 39.2894 ], [ -119.6967, 39.2883 ], [ -119.6967, 39.2875 ], [ -119.6973, 39.286 ], [ -119.697, 39.2846 ], [ -119.6948, 39.2843 ], [ -119.6928, 39.2851 ], [ -119.6892, 39.2846 ], [ -119.6881, 39.287 ], [ -119.6864, 39.2863 ], [ -119.684, 39.2859 ], [ -119.6831, 39.2868 ], [ -119.6808, 39.2871 ], [ -119.68, 39.2887 ], [ -119.6775, 39.2873 ], [ -119.6775, 39.2809 ], [ -119.696, 39.2809 ], [ -119.6965, 39.2591 ], [ -119.7141, 39.2592 ], [ -119.7126, 39.2509 ], [ -119.7153, 39.2443 ], [ -119.7431, 39.2441 ], [ -119.745, 39.2443 ], [ -119.7521, 39.2444 ], [ -119.7522, 39.2299 ], [ -119.7709, 39.2298 ], [ -119.7709, 39.2153 ], [ -119.7989, 39.2152 ], [ -119.7989, 39.208 ], [ -119.8024, 39.208 ], [ -119.8045, 39.2087 ], [ -119.8055, 39.2099 ], [ -119.8061, 39.2112 ], [ -119.8248, 39.3007 ], [ -119.8245, 39.3053 ], [ -119.8251, 39.3062 ], [ -119.8241, 39.307 ], [ -119.8239, 39.3084 ], [ -119.8262, 39.3079 ], [ -119.8249, 39.3123 ] ] ] } },
{ "type": "Feature", "properties": { "GEOIDFQ": "1400000US32031002216", "NAME": "22.16", "NAMELSAD": "Census Tract 22.16" }, "geometry": { "type": "Polygon", "coordinates": [ [ [ -119.7592, 39.4549 ], [ -119.7579, 39.4529 ], [ -119.7577, 39.4515 ], [ -119.7601, 39.4475 ], [ -119.7606, 39.4441 ], [ -119.7603, 39.4422 ], [ -119.7585, 39.4387 ], [ -119.7617, 39.4383 ], [ -119.7679, 39.4396 ], [ -119.7697, 39.4393 ], [ -119.7734, 39.4446 ], [ -119.7784, 39.4549 ], [ -119.7592, 39.4549 ] ] ] } },
{ "type": "Feature", "properties": { "GEOIDFQ": "1400000US32031002215", "NAME": "22.15", "NAMELSAD": "Census Tract 22.15" }, "geometry": { "type": "Polygon", "coordinates": [ [ [ -119.7761, 39.4574 ], [ -119.7741, 39.4591 ], [ -119.7652, 39.4739 ], [ -119.7645, 39.4769 ], [ -119.7628, 39.4769 ], [ -119.7632, 39.4741 ], [ -119.7622, 39.4707 ], [ -119.7602, 39.4704 ], [ -119.7584, 39.4693 ], [ -119.7564, 39.4699 ], [ -119.7554, 39.4697 ], [ -119.7536, 39.4674 ], [ -119.7552, 39.4659 ], [ -119.756, 39.464 ], [ -119.7583, 39.4627 ], [ -119.7578, 39.4593 ], [ -119.7589, 39.4567 ], [ -119.7599, 39.4563 ], [ -119.7592, 39.4549 ], [ -119.7784, 39.4549 ], [ -119.7789, 39.4563 ], [ -119.7761, 39.4574 ] ] ] } },
{ "type": "Feature", "properties": { "GEOIDFQ": "1400000US32031001704", "NAME": "17.04", "NAMELSAD": "Census Tract 17.04" }, "geometry": { "type": "Polygon", "coordinates": [ [ [ -119.793, 39.5644 ], [ -119.7902, 39.5648 ], [ -119.7806, 39.5642 ], [ -119.7795, 39.565 ], [ -119.776, 39.5647 ], [ -119.7739, 39.5649 ], [ -119.7738, 39.5607 ], [ -119.775, 39.5591 ], [ -119.7785, 39.5583 ], [ -119.7791, 39.5571 ], [ -119.7844, 39.5565 ], [ -119.7884, 39.5565 ], [ -119.7905, 39.5586 ], [ -119.7985, 39.5626 ], [ -119.8011, 39.5644 ], [ -119.793, 39.5644 ] ] ] } },
{ "type": "Feature", "properties": { "GEOIDFQ": "1400000US32031003205", "NAME": "32.05", "NAMELSAD": "Census Tract 32.05" }, "geometry": { "type": "Polygon", "coordinates": [ [ [ -119.7825, 39.3345 ], [ -119.7808, 39.3355 ], [ -119.7797, 39.3366 ], [ -119.7777, 39.3419 ], [ -119.7788, 39.3467 ], [ -119.7786, 39.3485 ], [ -119.776, 39.3532 ], [ -119.7742, 39.3552 ], [ -119.7721, 39.3567 ], [ -119.7648, 39.3606 ], [ -119.7598, 39.3618 ], [ -119.7527, 39.3652 ], [ -119.7471, 39.3715 ], [ -119.7446, 39.3771 ], [ -119.7411, 39.3819 ], [ -119.7403, 39.3847 ], [ -119.7434, 39.3977 ], [ -119.7461, 39.4029 ], [ -119.7454, 39.403 ], [ -119.7428, 39.4022 ], [ -119.7366, 39.3983 ], [ -119.7307, 39.3953 ], [ -119.716, 39.3902 ], [ -119.7139, 39.3875 ], [ -119.7141, 39.3871 ], [ -119.7153, 39.3867 ], [ -119.7155, 39.386 ], [ -119.7143, 39.385 ], [ -119.7134, 39.3837 ], [ -119.7125, 39.3839 ], [ -119.7116, 39.3858 ], [ -119.71, 39.3864 ], [ -119.7083, 39.3863 ], [ -119.7053, 39.3886 ], [ -119.7057, 39.3893 ], [ -119.7096, 39.39 ], [ -119.7108, 39.3915 ], [ -119.7104, 39.3922 ], [ -119.7097, 39.3924 ], [ -119.7082, 39.3919 ], [ -119.7065, 39.3924 ], [ -119.7043, 39.392 ], [ -119.7007, 39.3902 ], [ -119.6995, 39.388 ], [ -119.7023, 39.3865 ], [ -119.7027, 39.3855 ], [ -119.7037, 39.3847 ], [ -119.7037, 39.3836 ], [ -119.7024, 39.3828 ], [ -119.7, 39.3833 ], [ -119.6975, 39.3833 ], [ -119.6969, 39.383 ], [ -119.6966, 39.3814 ], [ -119.6956, 39.3806 ], [ -119.6957, 39.3784 ], [ -119.6926, 39.3774 ], [ -119.6931, 39.3766 ], [ -119.6944, 39.3758 ], [ -119.6943, 39.3752 ], [ -119.6938, 39.3748 ], [ -119.6923, 39.3752 ], [ -119.6884, 39.3756 ], [ -119.6853, 39.3767 ], [ -119.6854, 39.3751 ], [ -119.6775, 39.3751 ], [ -119.6775, 39.3606 ], [ -119.6681, 39.3608 ], [ -119.6681, 39.3462 ], [ -119.6588, 39.3461 ], [ -119.6585, 39.3315 ], [ -119.6774, 39.3317 ], [ -119.6775, 39.2873 ], [ -119.68, 39.2887 ], [ -119.6808, 39.2871 ], [ -119.6831, 39.2868 ], [ -119.684, 39.2859 ], [ -119.6864, 39.2863 ], [ -119.6881, 39.287 ], [ -119.6892, 39.2846 ], [ -119.6928, 39.2851 ], [ -119.6948, 39.2843 ], [ -119.697, 39.2846 ], [ -119.6973, 39.286 ], [ -119.6967, 39.2875 ], [ -119.6967, 39.2883 ], [ -119.6979, 39.2894 ], [ -119.698, 39.2904 ], [ -119.699, 39.2916 ], [ -119.7006, 39.2924 ], [ -119.7021, 39.2922 ], [ -119.7034, 39.2928 ], [ -119.7035, 39.2936 ], [ -119.7054, 39.2945 ], [ -119.7065, 39.2942 ], [ -119.7076, 39.2933 ], [ -119.7072, 39.2941 ], [ -119.7047, 39.2963 ], [ -119.7046, 39.297 ], [ -119.7076, 39.3037 ], [ -119.7094, 39.3048 ], [ -119.711, 39.305 ], [ -119.7124, 39.3047 ], [ -119.7133, 39.3064 ], [ -119.7145, 39.307 ], [ -119.7152, 39.3083 ], [ -119.7169, 39.309 ], [ -119.718, 39.3104 ], [ -119.7193, 39.3111 ], [ -119.7221, 39.3117 ], [ -119.724, 39.3098 ], [ -119.7245, 39.3107 ], [ -119.7259, 39.3118 ], [ -119.7276, 39.3125 ], [ -119.7317, 39.3131 ], [ -119.7343, 39.3181 ], [ -119.7358, 39.3192 ], [ -119.7379, 39.3187 ], [ -119.7396, 39.3191 ], [ -119.7403, 39.3197 ], [ -119.7424, 39.3196 ], [ -119.7442, 39.32 ], [ -119.746, 39.3193 ], [ -119.7483, 39.3178 ], [ -119.7495, 39.3178 ], [ -119.751, 39.3184 ], [ -119.7512, 39.3201 ], [ -119.7506, 39.3208 ], [ -119.7507, 39.3217 ], [ -119.7542, 39.327 ], [ -119.7546, 39.3289 ], [ -119.7569, 39.3311 ], [ -119.7601, 39.3315 ], [ -119.7621, 39.3313 ], [ -119.7666, 39.3298 ], [ -119.768, 39.3283 ], [ -119.7691, 39.328 ], [ -119.7716, 39.328 ], [ -119.7757, 39.3293 ], [ -119.7768, 39.329 ], [ -119.778, 39.328 ], [ -119.7828, 39.3275 ], [ -119.7853, 39.3269 ], [ -119.7859, 39.3272 ], [ -119.7865, 39.3288 ], [ -119.7887, 39.3304 ], [ -119.7896, 39.3307 ], [ -119.7918, 39.3302 ], [ -119.792, 39.3317 ], [ -119.7825, 39.3345 ] ] ] } },
{ "type": "Feature", "properties": { "GEOIDFQ": "1400000US32031002217", "NAME": "22.17", "NAMELSAD": "Census Tract 22.17" }, "geometry": { "type": "Polygon", "coordinates": [ [ [ -119.7333, 39.4262 ], [ -119.7308, 39.4292 ], [ -119.73, 39.431 ], [ -119.7298, 39.4334 ], [ -119.7308, 39.4381 ], [ -119.7297, 39.4407 ], [ -119.7276, 39.4428 ], [ -119.727, 39.4444 ], [ -119.7271, 39.4457 ], [ -119.7282, 39.4482 ], [ -119.7279, 39.4501 ], [ -119.7277, 39.4504 ], [ -119.7262, 39.45 ], [ -119.7244, 39.4501 ], [ -119.7213, 39.4513 ], [ -119.7198, 39.4496 ], [ -119.7162, 39.4476 ], [ -119.7157, 39.4461 ], [ -119.7162, 39.445 ], [ -119.7159, 39.4437 ], [ -119.7163, 39.4424 ], [ -119.7153, 39.4412 ], [ -119.717, 39.4362 ], [ -119.7173, 39.4318 ], [ -119.7219, 39.431 ], [ -119.7234, 39.4305 ], [ -119.7246, 39.4295 ], [ -119.7278, 39.4255 ], [ -119.7315, 39.4236 ], [ -119.7331, 39.4231 ], [ -119.7337, 39.425 ], [ -119.7333, 39.4262 ] ] ] } },
{ "type": "Feature", "properties": { "GEOIDFQ": "1400000US32031003311", "NAME": "33.11", "NAMELSAD": "Census Tract 33.11" }, "geometry": { "type": "Polygon", "coordinates": [ [ [ -119.9557, 39.2649 ], [ -119.9541, 39.2668 ], [ -119.953, 39.2694 ], [ -119.9504, 39.2714 ], [ -119.9484, 39.2735 ], [ -119.9472, 39.2742 ], [ -119.9463, 39.2709 ], [ -119.9465, 39.2695 ], [ -119.9453, 39.2659 ], [ -119.9445, 39.2649 ], [ -119.9427, 39.2641 ], [ -119.9426, 39.263 ], [ -119.9409, 39.2603 ], [ -119.9409, 39.2576 ], [ -119.9379, 39.2554 ], [ -119.9379, 39.2547 ], [ -119.9391, 39.253 ], [ -119.9391, 39.2525 ], [ -119.9365, 39.2503 ], [ -119.9356, 39.249 ], [ -119.9357, 39.2475 ], [ -119.9373, 39.2451 ], [ -119.9415, 39.2477 ], [ -119.9437, 39.2486 ], [ -119.9479, 39.2494 ], [ -119.9527, 39.2497 ], [ -119.9508, 39.2558 ], [ -119.9511, 39.2603 ], [ -119.9533, 39.2611 ], [ -119.955, 39.2623 ], [ -119.9562, 39.2622 ], [ -119.957, 39.2624 ], [ -119.9557, 39.2649 ] ] ] } },
{ "type": "Feature", "properties": { "GEOIDFQ": "1400000US32031002219", "NAME": "22.19", "NAMELSAD": "Census Tract 22.19" }, "geometry": { "type": "Polygon", "coordinates": [ [ [ -119.7388, 39.4032 ], [ -119.7355, 39.405 ], [ -119.7344, 39.406 ], [ -119.7337, 39.4078 ], [ -119.7331, 39.4166 ], [ -119.7295, 39.4152 ], [ -119.7267, 39.415 ], [ -119.725, 39.4157 ], [ -119.7222, 39.4175 ], [ -119.7191, 39.4187 ], [ -119.7164, 39.4218 ], [ -119.7137, 39.4207 ], [ -119.7133, 39.4201 ], [ -119.7133, 39.4169 ], [ -119.7138, 39.416 ], [ -119.7149, 39.4154 ], [ -119.7168, 39.4132 ], [ -119.7182, 39.4099 ], [ -119.7229, 39.4073 ], [ -119.7269, 39.4039 ], [ -119.7292, 39.4013 ], [ -119.7334, 39.3992 ], [ -119.7341, 39.3969 ], [ -119.7405, 39.4008 ], [ -119.7417, 39.4027 ], [ -119.7388, 39.4032 ] ] ] } },
{ "type": "Feature", "properties": { "GEOIDFQ": "1400000US32031003521", "NAME": "35.21", "NAMELSAD": "Census Tract 35.21" }, "geometry": { "type": "Polygon", "coordinates": [ [ [ -119.7303, 39.5972 ], [ -119.7292, 39.5971 ], [ -119.7279, 39.5981 ], [ -119.7254, 39.5986 ], [ -119.7248, 39.5992 ], [ -119.7248, 39.6001 ], [ -119.7218, 39.5998 ], [ -119.7146, 39.5953 ], [ -119.7149, 39.586 ], [ -119.7205, 39.5878 ], [ -119.7223, 39.5877 ], [ -119.7247, 39.5869 ], [ -119.7257, 39.5881 ], [ -119.7307, 39.5912 ], [ -119.7316, 39.5937 ], [ -119.7303, 39.5972 ] ] ] } },
{ "type": "Feature", "properties": { "GEOIDFQ": "1400000US32031002214", "NAME": "22.14", "NAMELSAD": "Census Tract 22.14" }, "geometry": { "type": "Polygon", "coordinates": [ [ [ -119.7601, 39.4475 ], [ -119.7577, 39.4517 ], [ -119.7579, 39.4529 ], [ -119.7599, 39.4563 ], [ -119.7589, 39.4567 ], [ -119.7578, 39.4593 ], [ -119.7583, 39.4627 ], [ -119.756, 39.464 ], [ -119.7552, 39.4659 ], [ -119.7536, 39.4674 ], [ -119.7529, 39.4666 ], [ -119.7519, 39.4665 ], [ -119.7481, 39.4685 ], [ -119.7462, 39.4678 ], [ -119.7444, 39.4676 ], [ -119.7437, 39.4665 ], [ -119.7449, 39.4641 ], [ -119.7435, 39.4611 ], [ -119.7424, 39.4604 ], [ -119.7409, 39.461 ], [ -119.7402, 39.4632 ], [ -119.737, 39.464 ], [ -119.7342, 39.4661 ], [ -119.7332, 39.4664 ], [ -119.7282, 39.4662 ], [ -119.7225, 39.4609 ], [ -119.7213, 39.4513 ], [ -119.7222, 39.4508 ], [ -119.7244, 39.4501 ], [ -119.726, 39.45 ], [ -119.7276, 39.4504 ], [ -119.7317, 39.4521 ], [ -119.7369, 39.4521 ], [ -119.7379, 39.4516 ], [ -119.7411, 39.4487 ], [ -119.7422, 39.4468 ], [ -119.7465, 39.4428 ], [ -119.7537, 39.44 ], [ -119.7585, 39.4387 ], [ -119.7603, 39.4422 ], [ -119.7606, 39.4448 ], [ -119.7601, 39.4475 ] ] ] } },
{ "type": "Feature", "properties": { "GEOIDFQ": "1400000US32031002620", "NAME": "26.20", "NAMELSAD": "Census Tract 26.20" }, "geometry": { "type": "Polygon", "coordinates": [ [ [ -119.8597, 39.5942 ], [ -119.8575, 39.597 ], [ -119.8553, 39.5979 ], [ -119.8524, 39.5984 ], [ -119.8497, 39.5985 ], [ -119.8439, 39.5974 ], [ -119.8399, 39.595 ], [ -119.8388, 39.595 ], [ -119.8346, 39.5963 ], [ -119.8332, 39.5963 ], [ -119.8263, 39.5899 ], [ -119.8276, 39.5862 ], [ -119.8321, 39.5813 ], [ -119.8328, 39.5788 ], [ -119.8319, 39.5765 ], [ -119.8288, 39.5732 ], [ -119.8258, 39.5707 ], [ -119.8247, 39.5692 ], [ -119.8244, 39.5665 ], [ -119.8256, 39.5637 ], [ -119.8405, 39.5634 ], [ -119.8451, 39.5597 ], [ -119.8453, 39.5908 ], [ -119.8466, 39.5908 ], [ -119.8466, 39.5913 ], [ -119.8466, 39.5916 ], [ -119.8453, 39.5916 ], [ -119.8453, 39.5926 ], [ -119.8599, 39.5926 ], [ -119.8597, 39.5942 ] ] ] } },
{ "type": "Feature", "properties": { "GEOIDFQ": "1400000US32031002623", "NAME": "26.23", "NAMELSAD": "Census Tract 26.23" }, "geometry": { "type": "Polygon", "coordinates": [ [ [ -119.8366, 39.6034 ], [ -119.8339, 39.6068 ], [ -119.8324, 39.6075 ], [ -119.8139, 39.6077 ], [ -119.8099, 39.6057 ], [ -119.8092, 39.6048 ], [ -119.8088, 39.6026 ], [ -119.8078, 39.602 ], [ -119.8093, 39.601 ], [ -119.8094, 39.6003 ], [ -119.808, 39.599 ], [ -119.8077, 39.5944 ], [ -119.8063, 39.5927 ], [ -119.8062, 39.5919 ], [ -119.805, 39.5906 ], [ -119.8057, 39.5882 ], [ -119.8049, 39.5855 ], [ -119.803, 39.5837 ], [ -119.8016, 39.5832 ], [ -119.7999, 39.5832 ], [ -119.7983, 39.5838 ], [ -119.7984, 39.5808 ], [ -119.8012, 39.5805 ], [ -119.8031, 39.5797 ], [ -119.8011, 39.5779 ], [ -119.8007, 39.5762 ], [ -119.8031, 39.5743 ], [ -119.8039, 39.5732 ], [ -119.8053, 39.5733 ], [ -119.8059, 39.5747 ], [ -119.8066, 39.5751 ], [ -119.8074, 39.575 ], [ -119.8083, 39.5741 ], [ -119.811, 39.5765 ], [ -119.8179, 39.5808 ], [ -119.8263, 39.5899 ], [ -119.8373, 39.6003 ], [ -119.8366, 39.6034 ] ] ] } },
{ "type": "Feature", "properties": { "GEOIDFQ": "1400000US32031003518", "NAME": "35.18", "NAMELSAD": "Census Tract 35.18" }, "geometry": { "type": "Polygon", "coordinates": [ [ [ -119.733, 39.6561 ], [ -119.7297, 39.6572 ], [ -119.7286, 39.6579 ], [ -119.7243, 39.6634 ], [ -119.7207, 39.6617 ], [ -119.7194, 39.6616 ], [ -119.7194, 39.6605 ], [ -119.7097, 39.6604 ], [ -119.7045, 39.661 ], [ -119.7081, 39.6442 ], [ -119.7093, 39.6417 ], [ -119.7117, 39.6385 ], [ -119.7196, 39.6423 ], [ -119.7276, 39.6507 ], [ -119.7306, 39.6524 ], [ -119.7341, 39.6531 ], [ -119.7341, 39.6545 ], [ -119.733, 39.6561 ] ] ] } },
{ "type": "Feature", "properties": { "GEOIDFQ": "1400000US32031002622", "NAME": "26.22", "NAMELSAD": "Census Tract 26.22" }, "geometry": { "type": "Polygon", "coordinates": [ [ [ -119.8319, 39.5815 ], [ -119.8276, 39.5862 ], [ -119.8263, 39.5899 ], [ -119.8184, 39.5812 ], [ -119.8161, 39.5795 ], [ -119.8116, 39.5769 ], [ -119.8088, 39.5747 ], [ -119.8035, 39.5668 ], [ -119.8011, 39.5644 ], [ -119.8256, 39.5637 ], [ -119.8244, 39.5665 ], [ -119.8247, 39.5692 ], [ -119.8258, 39.5707 ], [ -119.8288, 39.5732 ], [ -119.8319, 39.5765 ], [ -119.8328, 39.5791 ], [ -119.8319, 39.5815 ] ] ] } },
{ "type": "Feature", "properties": { "GEOIDFQ": "1400000US32031002304", "NAME": "23.04", "NAMELSAD": "Census Tract 23.04" }, "geometry": { "type": "Polygon", "coordinates": [ [ [ -119.9521, 39.5334 ], [ -119.9508, 39.5348 ], [ -119.9493, 39.5359 ], [ -119.9472, 39.5364 ], [ -119.9449, 39.5364 ], [ -119.942, 39.5384 ], [ -119.9404, 39.5388 ], [ -119.9352, 39.5365 ], [ -119.9324, 39.5371 ], [ -119.9293, 39.5362 ], [ -119.927, 39.5371 ], [ -119.9257, 39.5372 ], [ -119.9247, 39.5367 ], [ -119.9234, 39.5354 ], [ -119.9184, 39.5327 ], [ -119.9172, 39.5325 ], [ -119.9142, 39.5329 ], [ -119.9152, 39.5318 ], [ -119.9153, 39.5308 ], [ -119.9161, 39.5309 ], [ -119.9179, 39.5303 ], [ -119.92, 39.5306 ], [ -119.9199, 39.5302 ], [ -119.9209, 39.5298 ], [ -119.9207, 39.5293 ], [ -119.9217, 39.5288 ], [ -119.9225, 39.5221 ], [ -119.9204, 39.5217 ], [ -119.9194, 39.5186 ], [ -119.9142, 39.5167 ], [ -119.913, 39.5159 ], [ -119.9122, 39.5149 ], [ -119.9105, 39.5147 ], [ -119.9093, 39.515 ], [ -119.9088, 39.5134 ], [ -119.9189, 39.5158 ], [ -119.9213, 39.5161 ], [ -119.9238, 39.5155 ], [ -119.934, 39.5107 ], [ -119.9371, 39.5098 ], [ -119.9418, 39.5099 ], [ -119.9484, 39.5119 ], [ -119.9495, 39.5131 ], [ -119.9509, 39.514 ], [ -119.9507, 39.5142 ], [ -119.9461, 39.512 ], [ -119.9435, 39.5114 ], [ -119.9418, 39.5121 ], [ -119.9415, 39.5137 ], [ -119.9434, 39.5179 ], [ -119.9473, 39.5203 ], [ -119.9486, 39.5216 ], [ -119.9463, 39.523 ], [ -119.9459, 39.5241 ], [ -119.946, 39.5252 ], [ -119.9485, 39.5272 ], [ -119.9498, 39.5305 ], [ -119.9509, 39.531 ], [ -119.952, 39.5309 ], [ -119.9523, 39.5325 ], [ -119.9521, 39.5334 ] ] ] } },
{ "type": "Feature", "properties": { "GEOIDFQ": "1400000US32003002206", "NAME": "22.06", "NAMELSAD": "Census Tract 22.06" }, "geometry": { "type": "Polygon", "coordinates": [ [ [ -115.2081, 36.13 ], [ -115.2033, 36.13 ], [ -115.2033, 36.1336 ], [ -115.1904, 36.1338 ], [ -115.1902, 36.1265 ], [ -115.2081, 36.1263 ], [ -115.2081, 36.13 ] ] ] } },
{ "type": "Feature", "properties": { "GEOIDFQ": "1400000US32031000401", "NAME": "4.01", "NAMELSAD": "Census Tract 4.01" }, "geometry": { "type": "Polygon", "coordinates": [ [ [ -119.8351, 39.5231 ], [ -119.8343, 39.5234 ], [ -119.8323, 39.523 ], [ -119.8278, 39.5205 ], [ -119.8244, 39.5205 ], [ -119.8256, 39.516 ], [ -119.8265, 39.5151 ], [ -119.8265, 39.5144 ], [ -119.8261, 39.5141 ], [ -119.8265, 39.5138 ], [ -119.8265, 39.5054 ], [ -119.8358, 39.505 ], [ -119.8357, 39.5197 ], [ -119.8381, 39.5196 ], [ -119.8387, 39.5193 ], [ -119.8393, 39.5194 ], [ -119.8351, 39.5231 ] ] ] } },
{ "type": "Feature", "properties": { "GEOIDFQ": "1400000US32031000103", "NAME": "1.03", "NAMELSAD": "Census Tract 1.03" }, "geometry": { "type": "Polygon", "coordinates": [ [ [ -119.8278, 39.5308 ], [ -119.8231, 39.5321 ], [ -119.819, 39.5339 ], [ -119.8157, 39.5346 ], [ -119.8142, 39.5299 ], [ -119.8155, 39.5297 ], [ -119.815, 39.528 ], [ -119.8176, 39.5275 ], [ -119.8172, 39.5262 ], [ -119.8257, 39.5245 ], [ -119.8266, 39.5268 ], [ -119.8305, 39.5292 ], [ -119.8278, 39.5308 ] ] ] } },
{ "type": "Feature", "properties": { "GEOIDFQ": "1400000US32031001504", "NAME": "15.04", "NAMELSAD": "Census Tract 15.04" }, "geometry": { "type": "Polygon", "coordinates": [ [ [ -119.8123, 39.5524 ], [ -119.8118, 39.5508 ], [ -119.8084, 39.5515 ], [ -119.8079, 39.5502 ], [ -119.8114, 39.5479 ], [ -119.8135, 39.5449 ], [ -119.8133, 39.5429 ], [ -119.8104, 39.5394 ], [ -119.8105, 39.536 ], [ -119.8171, 39.5343 ], [ -119.8215, 39.5451 ], [ -119.822, 39.5498 ], [ -119.8228, 39.5509 ], [ -119.8123, 39.5524 ] ] ] } },
{ "type": "Feature", "properties": { "GEOIDFQ": "1400000US32031002213", "NAME": "22.13", "NAMELSAD": "Census Tract 22.13" }, "geometry": { "type": "Polygon", "coordinates": [ [ [ -119.742, 39.447 ], [ -119.7411, 39.4487 ], [ -119.7371, 39.452 ], [ -119.7321, 39.4522 ], [ -119.7302, 39.4517 ], [ -119.7277, 39.4504 ], [ -119.7282, 39.4484 ], [ -119.7271, 39.4456 ], [ -119.727, 39.4441 ], [ -119.7276, 39.4428 ], [ -119.7292, 39.4413 ], [ -119.7302, 39.4397 ], [ -119.7308, 39.4381 ], [ -119.7305, 39.4358 ], [ -119.7332, 39.4353 ], [ -119.7382, 39.4353 ], [ -119.7426, 39.4365 ], [ -119.7418, 39.4384 ], [ -119.742, 39.4403 ], [ -119.7431, 39.4419 ], [ -119.7455, 39.4436 ], [ -119.742, 39.447 ] ] ] } },
{ "type": "Feature", "properties": { "GEOIDFQ": "1400000US32031000402", "NAME": "4.02", "NAMELSAD": "Census Tract 4.02" }, "geometry": { "type": "Polygon", "coordinates": [ [ [ -119.8265, 39.5138 ], [ -119.8261, 39.5141 ], [ -119.8265, 39.5144 ], [ -119.8265, 39.5151 ], [ -119.8256, 39.516 ], [ -119.8244, 39.5205 ], [ -119.8219, 39.5213 ], [ -119.8178, 39.5244 ], [ -119.8163, 39.5238 ], [ -119.8161, 39.5233 ], [ -119.8166, 39.5208 ], [ -119.8171, 39.5203 ], [ -119.8172, 39.5055 ], [ -119.8265, 39.5054 ], [ -119.8265, 39.5138 ] ] ] } },
{ "type": "Feature", "properties": { "GEOIDFQ": "1400000US32003005013", "NAME": "50.13", "NAMELSAD": "Census Tract 50.13" }, "geometry": { "type": "Polygon", "coordinates": [ [ [ -115.0291, 36.1372 ], [ -115.0294, 36.118 ], [ -115.029, 36.115 ], [ -115.0332, 36.1179 ], [ -115.0331, 36.1187 ], [ -115.0337, 36.1187 ], [ -115.0338, 36.1197 ], [ -115.0353, 36.121 ], [ -115.0356, 36.1231 ], [ -115.0379, 36.125 ], [ -115.0382, 36.1297 ], [ -115.0472, 36.1297 ], [ -115.0474, 36.1372 ], [ -115.0291, 36.1372 ] ] ] } },
{ "type": "Feature", "properties": { "GEOIDFQ": "1400000US32003002996", "NAME": "29.96", "NAMELSAD": "Census Tract 29.96" }, "geometry": { "type": "Polygon", "coordinates": [ [ [ -115.1992, 36.1263 ], [ -115.1947, 36.1264 ], [ -115.1947, 36.1154 ], [ -115.1994, 36.1156 ], [ -115.1992, 36.1263 ] ] ] } },
{ "type": "Feature", "properties": { "GEOIDFQ": "1400000US32003002207", "NAME": "22.07", "NAMELSAD": "Census Tract 22.07" }, "geometry": { "type": "Polygon", "coordinates": [ [ [ -115.2052, 36.135 ], [ -115.2054, 36.1373 ], [ -115.1995, 36.1373 ], [ -115.1993, 36.1336 ], [ -115.2033, 36.1336 ], [ -115.2033, 36.13 ], [ -115.2081, 36.13 ], [ -115.2081, 36.135 ], [ -115.2052, 36.135 ] ] ] } },
{ "type": "Feature", "properties": { "GEOIDFQ": "1400000US32003004302", "NAME": "43.02", "NAMELSAD": "Census Tract 43.02" }, "geometry": { "type": "Polygon", "coordinates": [ [ [ -115.1184, 36.2031 ], [ -115.107, 36.2033 ], [ -115.1068, 36.1959 ], [ -115.1163, 36.1958 ], [ -115.1167, 36.1971 ], [ -115.1184, 36.1985 ], [ -115.1189, 36.2004 ], [ -115.1203, 36.202 ], [ -115.1184, 36.2031 ] ] ] } },
{ "type": "Feature", "properties": { "GEOIDFQ": "1400000US32003002605", "NAME": "26.05", "NAMELSAD": "Census Tract 26.05" }, "geometry": { "type": "Polygon", "coordinates": [ [ [ -115.154, 36.1143 ], [ -115.1531, 36.1115 ], [ -115.1557, 36.1089 ], [ -115.1567, 36.109 ], [ -115.1585, 36.108 ], [ -115.1639, 36.108 ], [ -115.164, 36.1144 ], [ -115.154, 36.1143 ] ] ] } },
{ "type": "Feature", "properties": { "GEOIDFQ": "1400000US32003004402", "NAME": "44.02", "NAMELSAD": "Census Tract 44.02" }, "geometry": { "type": "Polygon", "coordinates": [ [ [ -115.1293, 36.2103 ], [ -115.121, 36.2104 ], [ -115.1209, 36.2031 ], [ -115.13, 36.2031 ], [ -115.1343, 36.2035 ], [ -115.1293, 36.2103 ] ] ] } },
{ "type": "Feature", "properties": { "GEOIDFQ": "1400000US32003004301", "NAME": "43.01", "NAMELSAD": "Census Tract 43.01" }, "geometry": { "type": "Polygon", "coordinates": [ [ [ -115.1156, 36.2047 ], [ -115.1076, 36.2094 ], [ -115.1068, 36.2079 ], [ -115.107, 36.2033 ], [ -115.1184, 36.2031 ], [ -115.1156, 36.2047 ] ] ] } },
{ "type": "Feature", "properties": { "GEOIDFQ": "1400000US32021970700", "NAME": "9707", "NAMELSAD": "Census Tract 9707" }, "geometry": { "type": "Polygon", "coordinates": [ [ [ -118.8311, 38.6535 ], [ -118.8312, 38.6611 ], [ -118.7659, 38.6612 ], [ -118.7655, 38.6587 ], [ -118.7649, 38.6573 ], [ -118.7635, 38.6559 ], [ -118.761, 38.6545 ], [ -118.7621, 38.6546 ], [ -118.7629, 38.6534 ], [ -118.7645, 38.6533 ], [ -118.7645, 38.65 ], [ -118.7653, 38.6493 ], [ -118.7668, 38.6489 ], [ -118.7663, 38.647 ], [ -118.7655, 38.647 ], [ -118.7602, 38.6451 ], [ -118.758, 38.6434 ], [ -118.7561, 38.6435 ], [ -118.756, 38.6445 ], [ -118.755, 38.6446 ], [ -118.7537, 38.6398 ], [ -118.7495, 38.6325 ], [ -118.7457, 38.6325 ], [ -118.746, 38.6315 ], [ -118.7455, 38.6305 ], [ -118.7456, 38.6286 ], [ -118.7444, 38.6276 ], [ -118.7436, 38.6258 ], [ -118.7409, 38.6251 ], [ -118.7368, 38.6234 ], [ -118.7343, 38.6218 ], [ -118.7271, 38.6206 ], [ -118.7267, 38.62 ], [ -118.7247, 38.6189 ], [ -118.7227, 38.6186 ], [ -118.7225, 38.6181 ], [ -118.7194, 38.6159 ], [ -118.7179, 38.6158 ], [ -118.7138, 38.6146 ], [ -118.7081, 38.6117 ], [ -118.7037, 38.6064 ], [ -118.7024, 38.6043 ], [ -118.7008, 38.5995 ], [ -118.6995, 38.5976 ], [ -118.6981, 38.5966 ], [ -118.6931, 38.5958 ], [ -118.6901, 38.5963 ], [ -118.6851, 38.5984 ], [ -118.682, 38.6006 ], [ -118.6802, 38.6014 ], [ -118.6819, 38.6002 ], [ -118.6799, 38.6011 ], [ -118.6788, 38.6021 ], [ -118.6778, 38.6055 ], [ -118.6749, 38.6091 ], [ -118.6756, 38.6111 ], [ -118.6752, 38.6119 ], [ -118.6737, 38.6129 ], [ -118.6733, 38.6157 ], [ -118.6727, 38.616 ], [ -118.6726, 38.6171 ], [ -118.6723, 38.6176 ], [ -118.6718, 38.6173 ], [ -118.6711, 38.6176 ], [ -118.6704, 38.6186 ], [ -118.6703, 38.6197 ], [ -118.6712, 38.6194 ], [ -118.6707, 38.62 ], [ -118.626, 38.6199 ], [ -118.6176, 38.6195 ], [ -118.6158, 38.6168 ], [ -118.6124, 38.6132 ], [ -118.6042, 38.6077 ], [ -118.6016, 38.6069 ], [ -118.5992, 38.6056 ], [ -118.5913, 38.6032 ], [ -118.5905, 38.6024 ], [ -118.5895, 38.6027 ], [ -118.5885, 38.6018 ], [ -118.5827, 38.5996 ], [ -118.4833, 38.5645 ], [ -118.4732, 38.561 ], [ -118.4688, 38.5599 ], [ -118.4687, 38.5592 ], [ -118.4704, 38.5577 ], [ -118.4706, 38.5559 ], [ -118.4715, 38.554 ], [ -118.4713, 38.5532 ], [ -118.472, 38.5504 ], [ -118.472, 38.5466 ], [ -118.47, 38.533 ], [ -118.4662, 38.525 ], [ -118.4674, 38.5221 ], [ -118.4676, 38.519 ], [ -118.4652, 38.5147 ], [ -118.4629, 38.5119 ], [ -118.4629, 38.5111 ], [ -118.4638, 38.5098 ], [ -118.4635, 38.5091 ], [ -118.4617, 38.5077 ], [ -118.4589, 38.5047 ], [ -118.4557, 38.5024 ], [ -118.455, 38.4997 ], [ -118.4559, 38.4933 ], [ -118.4552, 38.4889 ], [ -118.4557, 38.4879 ], [ -118.4556, 38.4859 ], [ -118.456, 38.4846 ], [ -118.4593, 38.4802 ], [ -118.46, 38.4752 ], [ -118.4609, 38.4746 ], [ -118.4627, 38.4746 ], [ -118.4658, 38.4738 ], [ -118.4667, 38.4731 ], [ -118.4714, 38.4712 ], [ -118.4737, 38.4682 ], [ -118.4782, 38.4657 ], [ -118.4812, 38.4633 ], [ -118.4843, 38.462 ], [ -118.4873, 38.4629 ], [ -118.4914, 38.4623 ], [ -118.4943, 38.4612 ], [ -118.496, 38.461 ], [ -118.5006, 38.4615 ], [ -118.5024, 38.4609 ], [ -118.5058, 38.4619 ], [ -118.5084, 38.4621 ], [ -118.5126, 38.4616 ], [ -118.5169, 38.4635 ], [ -118.5178, 38.4649 ], [ -118.5183, 38.4669 ], [ -118.5453, 38.4573 ], [ -118.5461, 38.4561 ], [ -118.5468, 38.4533 ], [ -118.5475, 38.4528 ], [ -118.5495, 38.4539 ], [ -118.5612, 38.455 ], [ -118.5661, 38.4559 ], [ -118.5691, 38.4555 ], [ -118.5746, 38.4521 ], [ -118.5742, 38.4426 ], [ -118.5744, 38.44 ], [ -118.5761, 38.4331 ], [ -118.5809, 38.4216 ], [ -118.5863, 38.4157 ], [ -118.5863, 38.4138 ], [ -118.59, 38.4116 ], [ -118.5968, 38.4098 ], [ -118.6064, 38.4205 ], [ -118.6095, 38.4235 ], [ -118.6129, 38.4259 ], [ -118.6307, 38.4365 ], [ -118.6332, 38.4389 ], [ -118.6494, 38.4798 ], [ -118.6499, 38.482 ], [ -118.6499, 38.4847 ], [ -118.6494, 38.4868 ], [ -118.6482, 38.4894 ], [ -118.6463, 38.4918 ], [ -118.6339, 38.5046 ], [ -118.635, 38.5048 ], [ -118.6337, 38.5182 ], [ -118.6342, 38.5177 ], [ -118.6511, 38.517 ], [ -118.6695, 38.5171 ], [ -118.6862, 38.5157 ], [ -118.6952, 38.5154 ], [ -118.7136, 38.5153 ], [ -118.7408, 38.5159 ], [ -118.7406, 38.5014 ], [ -118.7503, 38.5017 ], [ -118.751, 38.502 ], [ -118.7587, 38.5017 ], [ -118.7591, 38.4871 ], [ -118.7772, 38.4866 ], [ -118.7955, 38.4873 ], [ -118.8146, 38.4876 ], [ -118.8146, 38.5199 ], [ -118.8191, 38.5198 ], [ -118.8191, 38.5236 ], [ -118.8139, 38.5236 ], [ -118.8141, 38.5308 ], [ -118.8317, 38.5309 ], [ -118.8319, 38.5558 ], [ -118.8357, 38.5557 ], [ -118.8357, 38.5595 ], [ -118.8408, 38.5595 ], [ -118.8409, 38.5736 ], [ -118.8502, 38.5736 ], [ -118.8502, 38.5889 ], [ -118.8495, 38.5889 ], [ -118.8494, 38.6167 ], [ -118.8503, 38.6249 ], [ -118.8504, 38.6535 ], [ -118.8311, 38.6535 ] ], [ [ -118.6859, 38.5976 ], [ -118.6851, 38.5977 ], [ -118.6823, 38.5994 ], [ -118.6816, 38.6 ], [ -118.6819, 38.6002 ], [ -118.6859, 38.5976 ] ] ] } },
{ "type": "Feature", "properties": { "GEOIDFQ": "1400000US32021970800", "NAME": "9708", "NAMELSAD": "Census Tract 9708" }, "geometry": { "type": "MultiPolygon", "coordinates": [ [ [ [ -119.0907, 38.4147 ], [ -119.0357, 38.4144 ], [ -118.9062, 38.4154 ], [ -118.9069, 38.677 ], [ -118.9075, 38.7647 ], [ -118.9021, 38.7647 ], [ -118.9021, 38.8519 ], [ -119.0145, 38.852 ], [ -119.0149, 38.9441 ], [ -119.001, 38.9658 ], [ -118.9187, 39.0752 ], [ -118.7538, 39.0746 ], [ -118.6518, 39.0747 ], [ -118.626, 39.0744 ], [ -118.621, 39.0739 ], [ -118.501, 39.0739 ], [ -118.4879, 39.0737 ], [ -118.4567, 39.0737 ], [ -118.4535, 39.074 ], [ -118.376, 39.0735 ], [ -118.3332, 39.0737 ], [ -118.251, 39.0737 ], [ -118.2436, 39.0733 ], [ -117.8651, 39.0737 ], [ -117.967, 39.0511 ], [ -117.98, 39.0479 ], [ -117.9981, 39.0442 ], [ -118.124, 39.0159 ], [ -118.126, 39.0158 ], [ -118.1792, 39.004 ], [ -118.1963, 38.9999 ], [ -118.1962, 38.9191 ], [ -117.8619, 38.6249 ], [ -117.7212, 38.4999 ], [ -117.7203, 38.4999 ], [ -117.691, 38.4738 ], [ -117.8077, 38.3731 ], [ -117.9985, 38.206 ], [ -118.0787, 38.1371 ], [ -118.0914, 38.1249 ], [ -118.1227, 38.0971 ], [ -118.126, 38.0937 ], [ -118.2344, 37.9999 ], [ -118.251, 37.9831 ], [ -118.3515, 37.8937 ], [ -118.415, 37.8939 ], [ -118.4179, 37.8965 ], [ -118.4281, 37.8962 ], [ -118.572, 37.9999 ], [ -118.6217, 38.0344 ], [ -118.7142, 38.1021 ], [ -118.7466, 38.1249 ], [ -118.7719, 38.1419 ], [ -118.8591, 38.2048 ], [ -118.8759, 38.2165 ], [ -118.9225, 38.2499 ], [ -118.9497, 38.2689 ], [ -119.001, 38.3037 ], [ -119.0298, 38.325 ], [ -119.0824, 38.3613 ], [ -119.0972, 38.3729 ], [ -119.1556, 38.4138 ], [ -119.0907, 38.4147 ] ], [ [ -118.8503, 38.6249 ], [ -118.8494, 38.6167 ], [ -118.8495, 38.5889 ], [ -118.8502, 38.5889 ], [ -118.8502, 38.5736 ], [ -118.8409, 38.5736 ], [ -118.8408, 38.5595 ], [ -118.8357, 38.5595 ], [ -118.8357, 38.5557 ], [ -118.8319, 38.5558 ], [ -118.8317, 38.5309 ], [ -118.8141, 38.5308 ], [ -118.8139, 38.5236 ], [ -118.8191, 38.5236 ], [ -118.8191, 38.5198 ], [ -118.8146, 38.5199 ], [ -118.8146, 38.4876 ], [ -118.7955, 38.4873 ], [ -118.7772, 38.4866 ], [ -118.7591, 38.4871 ], [ -118.7587, 38.5017 ], [ -118.751, 38.502 ], [ -118.7503, 38.5017 ], [ -118.7406, 38.5014 ], [ -118.7408, 38.5159 ], [ -118.7136, 38.5153 ], [ -118.6952, 38.5154 ], [ -118.6862, 38.5157 ], [ -118.6695, 38.5171 ], [ -118.6511, 38.517 ], [ -118.6342, 38.5177 ], [ -118.6337, 38.5182 ], [ -118.635, 38.5048 ], [ -118.6339, 38.5046 ], [ -118.6463, 38.4918 ], [ -118.6482, 38.4894 ], [ -118.6494, 38.4868 ], [ -118.6499, 38.4847 ], [ -118.6499, 38.482 ], [ -118.6494, 38.4798 ], [ -118.6332, 38.4389 ], [ -118.6307, 38.4365 ], [ -118.6129, 38.4259 ], [ -118.6095, 38.4235 ], [ -118.6064, 38.4205 ], [ -118.5968, 38.4098 ], [ -118.59, 38.4116 ], [ -118.5863, 38.4138 ], [ -118.5863, 38.4157 ], [ -118.5809, 38.4216 ], [ -118.5761, 38.4331 ], [ -118.5744, 38.44 ], [ -118.5742, 38.4426 ], [ -118.5746, 38.4521 ], [ -118.5691, 38.4555 ], [ -118.5661, 38.4559 ], [ -118.5612, 38.455 ], [ -118.5495, 38.4539 ], [ -118.5475, 38.4528 ], [ -118.5468, 38.4533 ], [ -118.5461, 38.4561 ], [ -118.5453, 38.4573 ], [ -118.5183, 38.4669 ], [ -118.5178, 38.4649 ], [ -118.5169, 38.4635 ], [ -118.5126, 38.4616 ], [ -118.5084, 38.4621 ], [ -118.5058, 38.4619 ], [ -118.5024, 38.4609 ], [ -118.5006, 38.4615 ], [ -118.496, 38.461 ], [ -118.4943, 38.4612 ], [ -118.4914, 38.4623 ], [ -118.4873, 38.4629 ], [ -118.4843, 38.462 ], [ -118.4812, 38.4633 ], [ -118.4782, 38.4657 ], [ -118.4737, 38.4682 ], [ -118.4714, 38.4712 ], [ -118.4667, 38.4731 ], [ -118.4658, 38.4738 ], [ -118.4627, 38.4746 ], [ -118.4609, 38.4746 ], [ -118.46, 38.4752 ], [ -118.4593, 38.4802 ], [ -118.456, 38.4846 ], [ -118.4556, 38.4859 ], [ -118.4557, 38.4879 ], [ -118.4552, 38.4889 ], [ -118.4559, 38.4933 ], [ -118.455, 38.4997 ], [ -118.4557, 38.5024 ], [ -118.4589, 38.5047 ], [ -118.4617, 38.5077 ], [ -118.4635, 38.5091 ], [ -118.4638, 38.5098 ], [ -118.4629, 38.5111 ], [ -118.4629, 38.5119 ], [ -118.4652, 38.5147 ], [ -118.4676, 38.519 ], [ -118.4674, 38.5221 ], [ -118.4662, 38.525 ], [ -118.47, 38.533 ], [ -118.472, 38.5466 ], [ -118.472, 38.5504 ], [ -118.4713, 38.5532 ], [ -118.4715, 38.554 ], [ -118.4706, 38.5559 ], [ -118.4704, 38.5577 ], [ -118.4687, 38.5592 ], [ -118.4688, 38.5599 ], [ -118.4732, 38.561 ], [ -118.4833, 38.5645 ], [ -118.5827, 38.5996 ], [ -118.5885, 38.6018 ], [ -118.5895, 38.6027 ], [ -118.5905, 38.6024 ], [ -118.5913, 38.6032 ], [ -118.5992, 38.6056 ], [ -118.6016, 38.6069 ], [ -118.6042, 38.6077 ], [ -118.6124, 38.6132 ], [ -118.6158, 38.6168 ], [ -118.6176, 38.6195 ], [ -118.626, 38.6199 ], [ -118.6707, 38.62 ], [ -118.6712, 38.6194 ], [ -118.6703, 38.6197 ], [ -118.6704, 38.6186 ], [ -118.6711, 38.6176 ], [ -118.6718, 38.6173 ], [ -118.6723, 38.6176 ], [ -118.6726, 38.6171 ], [ -118.6727, 38.616 ], [ -118.6733, 38.6157 ], [ -118.6737, 38.6129 ], [ -118.6752, 38.6119 ], [ -118.6756, 38.6111 ], [ -118.6749, 38.6091 ], [ -118.6778, 38.6055 ], [ -118.6788, 38.6021 ], [ -118.6799, 38.6011 ], [ -118.6819, 38.6002 ], [ -118.6802, 38.6014 ], [ -118.6851, 38.5984 ], [ -118.6901, 38.5963 ], [ -118.6931, 38.5958 ], [ -118.6981, 38.5966 ], [ -118.6995, 38.5976 ], [ -118.7008, 38.5995 ], [ -118.7024, 38.6043 ], [ -118.7037, 38.6064 ], [ -118.7081, 38.6117 ], [ -118.7138, 38.6146 ], [ -118.7179, 38.6158 ], [ -118.7194, 38.6159 ], [ -118.7225, 38.6181 ], [ -118.7227, 38.6186 ], [ -118.7247, 38.6189 ], [ -118.7267, 38.62 ], [ -118.7271, 38.6206 ], [ -118.7343, 38.6218 ], [ -118.7368, 38.6234 ], [ -118.7409, 38.6251 ], [ -118.7436, 38.6258 ], [ -118.7444, 38.6276 ], [ -118.7456, 38.6286 ], [ -118.7455, 38.6305 ], [ -118.746, 38.6315 ], [ -118.7457, 38.6325 ], [ -118.7495, 38.6325 ], [ -118.7537, 38.6398 ], [ -118.755, 38.6446 ], [ -118.756, 38.6445 ], [ -118.7561, 38.6435 ], [ -118.758, 38.6434 ], [ -118.7602, 38.6451 ], [ -118.7655, 38.647 ], [ -118.7663, 38.647 ], [ -118.7668, 38.6489 ], [ -118.7653, 38.6493 ], [ -118.7645, 38.65 ], [ -118.7645, 38.6533 ], [ -118.7629, 38.6534 ], [ -118.7621, 38.6546 ], [ -118.761, 38.6545 ], [ -118.7635, 38.6559 ], [ -118.7649, 38.6573 ], [ -118.7655, 38.6587 ], [ -118.7659, 38.6612 ], [ -118.8312, 38.6611 ], [ -118.8311, 38.6535 ], [ -118.8504, 38.6535 ], [ -118.8503, 38.6249 ] ] ], [ [ [ -118.6816, 38.6 ], [ -118.6823, 38.5994 ], [ -118.6851, 38.5977 ], [ -118.6859, 38.5976 ], [ -118.6819, 38.6002 ], [ -118.6816, 38.6 ] ] ] ] } },
{ "type": "Feature", "properties": { "GEOIDFQ": "1400000US32003003658", "NAME": "36.58", "NAMELSAD": "Census Tract 36.58" }, "geometry": { "type": "Polygon", "coordinates": [ [ [ -115.1703, 36.2883 ], [ -115.167, 36.2907 ], [ -115.1667, 36.2928 ], [ -115.1533, 36.2927 ], [ -115.153, 36.2869 ], [ -115.1526, 36.286 ], [ -115.1506, 36.2842 ], [ -115.1528, 36.2842 ], [ -115.1529, 36.2839 ], [ -115.1711, 36.2842 ], [ -115.1711, 36.2864 ], [ -115.1703, 36.2883 ] ] ] } },
{ "type": "Feature", "properties": { "GEOIDFQ": "1400000US32003003247", "NAME": "32.47", "NAMELSAD": "Census Tract 32.47" }, "geometry": { "type": "Polygon", "coordinates": [ [ [ -115.2742, 36.2185 ], [ -115.2604, 36.2183 ], [ -115.2607, 36.2035 ], [ -115.2639, 36.2036 ], [ -115.2658, 36.205 ], [ -115.2672, 36.2052 ], [ -115.2671, 36.206 ], [ -115.2687, 36.2082 ], [ -115.2693, 36.2106 ], [ -115.2723, 36.2133 ], [ -115.2745, 36.2147 ], [ -115.274, 36.215 ], [ -115.2745, 36.2161 ], [ -115.2742, 36.2185 ] ] ] } },
{ "type": "Feature", "properties": { "GEOIDFQ": "1400000US32003005905", "NAME": "59.05", "NAMELSAD": "Census Tract 59.05" }, "geometry": { "type": "Polygon", "coordinates": [ [ [ -114.0677, 36.8215 ], [ -114.0647, 36.8218 ], [ -114.0618, 36.8239 ], [ -114.0611, 36.8248 ], [ -114.0614, 36.8271 ], [ -114.0598, 36.8295 ], [ -114.0619, 36.8305 ], [ -114.0619, 36.8332 ], [ -114.0613, 36.8335 ], [ -114.061, 36.8331 ], [ -114.0606, 36.8332 ], [ -114.0607, 36.8341 ], [ -114.0602, 36.8353 ], [ -114.0597, 36.8346 ], [ -114.06, 36.8339 ], [ -114.0595, 36.8335 ], [ -114.0592, 36.8354 ], [ -114.0599, 36.8357 ], [ -114.0603, 36.8369 ], [ -114.0585, 36.8376 ], [ -114.0575, 36.8373 ], [ -114.0572, 36.8382 ], [ -114.0569, 36.8379 ], [ -114.0562, 36.8384 ], [ -114.0563, 36.839 ], [ -114.0547, 36.8409 ], [ -114.0545, 36.8424 ], [ -114.0549, 36.8427 ], [ -114.0545, 36.843 ], [ -114.0504, 36.8431 ], [ -114.0501, 36.8179 ], [ -114.0577, 36.8159 ], [ -114.0642, 36.8129 ], [ -114.0659, 36.8164 ], [ -114.0678, 36.8175 ], [ -114.068, 36.8205 ], [ -114.0677, 36.8215 ] ] ] } },
{ "type": "Feature", "properties": { "GEOIDFQ": "1400000US32031990000", "NAME": "9900", "NAMELSAD": "Census Tract 9900" }, "geometry": { "type": "Polygon", "coordinates": [ [ [ -120.004, 39.2218 ], [ -120.0033, 39.2209 ], [ -120.0026, 39.2207 ], [ -120.0015, 39.2211 ], [ -120.0018, 39.225 ], [ -120.0015, 39.229 ], [ -120.0004, 39.2297 ], [ -120.0004, 39.2301 ], [ -120.0007, 39.2317 ], [ -120.0016, 39.2323 ], [ -120.0016, 39.2327 ], [ -120.0004, 39.2332 ], [ -120.0005, 39.2348 ], [ -119.9987, 39.2396 ], [ -119.999, 39.2414 ], [ -119.9971, 39.2455 ], [ -119.9954, 39.2474 ], [ -119.993, 39.2486 ], [ -119.9915, 39.2489 ], [ -119.9872, 39.2485 ], [ -119.9823, 39.2485 ], [ -119.9791, 39.2477 ], [ -119.9771, 39.2484 ], [ -119.9757, 39.2483 ], [ -119.9723, 39.2474 ], [ -119.9697, 39.2461 ], [ -119.9701, 39.2455 ], [ -119.9686, 39.2442 ], [ -119.9678, 39.2442 ], [ -119.966, 39.2433 ], [ -119.9636, 39.2432 ], [ -119.9536, 39.2408 ], [ -119.9484, 39.2388 ], [ -119.9369, 39.2332 ], [ -119.9356, 39.2316 ], [ -119.9341, 39.2309 ], [ -119.9332, 39.2299 ], [ -119.933, 39.2289 ], [ -119.9342, 39.2267 ], [ -119.9343, 39.2255 ], [ -119.9334, 39.2228 ], [ -119.9317, 39.2222 ], [ -119.9312, 39.2214 ], [ -119.9292, 39.2206 ], [ -119.9286, 39.2209 ], [ -119.9281, 39.2203 ], [ -119.9283, 39.2189 ], [ -119.928, 39.2174 ], [ -119.9294, 39.2155 ], [ -119.9288, 39.2116 ], [ -119.9304, 39.2097 ], [ -119.9298, 39.2072 ], [ -119.9305, 39.206 ], [ -119.9314, 39.2058 ], [ -119.9317, 39.2052 ], [ -119.9315, 39.2045 ], [ -119.9309, 39.2044 ], [ -119.9302, 39.2014 ], [ -119.9308, 39.2003 ], [ -119.9327, 39.2001 ], [ -119.9324, 39.1989 ], [ -119.934, 39.1982 ], [ -119.9342, 39.1971 ], [ -119.9335, 39.1966 ], [ -119.9322, 39.1971 ], [ -119.931, 39.1969 ], [ -119.9274, 39.1939 ], [ -119.9273, 39.1931 ], [ -119.9278, 39.1922 ], [ -119.9275, 39.1891 ], [ -119.928, 39.1885 ], [ -119.9278, 39.1867 ], [ -119.9282, 39.1851 ], [ -119.9277, 39.183 ], [ -119.9268, 39.1818 ], [ -119.9262, 39.1777 ], [ -119.928, 39.1767 ], [ -119.9291, 39.175 ], [ -119.9304, 39.1753 ], [ -119.9326, 39.1747 ], [ -119.9327, 39.172 ], [ -119.9335, 39.1705 ], [ -119.9332, 39.1699 ], [ -119.9342, 39.1656 ], [ -120.0043, 39.1656 ], [ -120.0045, 39.1874 ], [ -120.0056, 39.2226 ], [ -120.004, 39.2218 ] ] ] } },
{ "type": "Feature", "properties": { "GEOIDFQ": "1400000US32003005434", "NAME": "54.34", "NAMELSAD": "Census Tract 54.34" }, "geometry": { "type": "Polygon", "coordinates": [ [ [ -114.9591, 36.0489 ], [ -114.9498, 36.0489 ], [ -114.9498, 36.0418 ], [ -114.9453, 36.0419 ], [ -114.9453, 36.0381 ], [ -114.9409, 36.0381 ], [ -114.9409, 36.0345 ], [ -114.932, 36.0345 ], [ -114.9319, 36.0293 ], [ -114.9221, 36.027 ], [ -114.9218, 36.0258 ], [ -114.9192, 36.0232 ], [ -114.9191, 36.0224 ], [ -114.9197, 36.0214 ], [ -114.9208, 36.0211 ], [ -114.9226, 36.0215 ], [ -114.9288, 36.0216 ], [ -114.9409, 36.0226 ], [ -114.9411, 36.0272 ], [ -114.9586, 36.0271 ], [ -114.9591, 36.0272 ], [ -114.9591, 36.0489 ] ] ] } },
{ "type": "Feature", "properties": { "GEOIDFQ": "1400000US32003005439", "NAME": "54.39", "NAMELSAD": "Census Tract 54.39" }, "geometry": { "type": "Polygon", "coordinates": [ [ [ -115.0097, 36.067 ], [ -115.0067, 36.0675 ], [ -114.9938, 36.0675 ], [ -114.9939, 36.0597 ], [ -114.9984, 36.0596 ], [ -115.0017, 36.0572 ], [ -115.0114, 36.0659 ], [ -115.0097, 36.067 ] ] ] } },
{ "type": "Feature", "properties": { "GEOIDFQ": "1400000US32003005615", "NAME": "56.15", "NAMELSAD": "Census Tract 56.15" }, "geometry": { "type": "Polygon", "coordinates": [ [ [ -114.1474, 36.7757 ], [ -114.1479, 36.7768 ], [ -114.1412, 36.7805 ], [ -114.1181, 36.7965 ], [ -114.1167, 36.7965 ], [ -114.1168, 36.7962 ], [ -114.114, 36.7974 ], [ -114.1137, 36.7972 ], [ -114.114, 36.7965 ], [ -114.089, 36.7967 ], [ -114.0891, 36.7911 ], [ -114.0956, 36.7908 ], [ -114.1157, 36.7878 ], [ -114.1329, 36.7817 ], [ -114.1477, 36.7711 ], [ -114.1477, 36.7748 ], [ -114.1481, 36.7745 ], [ -114.1481, 36.7752 ], [ -114.1474, 36.7757 ] ] ] } },
{ "type": "Feature", "properties": { "GEOIDFQ": "1400000US32003001501", "NAME": "15.01", "NAMELSAD": "Census Tract 15.01" }, "geometry": { "type": "Polygon", "coordinates": [ [ [ -115.1011, 36.1589 ], [ -115.101, 36.1521 ], [ -115.1018, 36.1508 ], [ -115.101, 36.15 ], [ -115.1008, 36.1461 ], [ -115.1014, 36.1459 ], [ -115.1166, 36.1589 ], [ -115.1011, 36.1589 ] ] ] } },
{ "type": "Feature", "properties": { "GEOIDFQ": "1400000US32003002848", "NAME": "28.48", "NAMELSAD": "Census Tract 28.48" }, "geometry": { "type": "Polygon", "coordinates": [ [ [ -115.1366, 36.0637 ], [ -115.1364, 36.0661 ], [ -115.13, 36.0645 ], [ -115.1265, 36.0634 ], [ -115.1184, 36.0598 ], [ -115.1183, 36.0569 ], [ -115.1272, 36.0576 ], [ -115.1343, 36.0575 ], [ -115.1346, 36.0592 ], [ -115.137, 36.0603 ], [ -115.1376, 36.0618 ], [ -115.1366, 36.0637 ] ] ] } },
{ "type": "Feature", "properties": { "GEOIDFQ": "1400000US32510990000", "NAME": "9900", "NAMELSAD": "Census Tract 9900" }, "geometry": { "type": "Polygon", "coordinates": [ [ [ -119.9369, 39.1656 ], [ -119.9362, 39.1634 ], [ -119.9366, 39.1555 ], [ -119.9351, 39.1506 ], [ -119.9362, 39.149 ], [ -119.9491, 39.1382 ], [ -119.9479, 39.1339 ], [ -119.946, 39.1329 ], [ -119.9442, 39.1301 ], [ -119.9481, 39.129 ], [ -119.9523, 39.1297 ], [ -119.9561, 39.1253 ], [ -119.9563, 39.1225 ], [ -119.9552, 39.1208 ], [ -119.9578, 39.1127 ], [ -120.0034, 39.1127 ], [ -120.0043, 39.1656 ], [ -119.9369, 39.1656 ] ] ] } },
{ "type": "Feature", "properties": { "GEOIDFQ": "1400000US32005990000", "NAME": "9900", "NAMELSAD": "Census Tract 9900" }, "geometry": { "type": "Polygon", "coordinates": [ [ [ -119.9578, 39.1127 ], [ -119.9587, 39.1106 ], [ -119.9614, 39.1073 ], [ -119.9617, 39.1057 ], [ -119.9609, 39.1043 ], [ -119.9599, 39.1034 ], [ -119.9572, 39.1024 ], [ -119.9557, 39.1007 ], [ -119.954, 39.1005 ], [ -119.952, 39.0991 ], [ -119.9495, 39.0994 ], [ -119.9477, 39.0991 ], [ -119.9445, 39.096 ], [ -119.9427, 39.0935 ], [ -119.9416, 39.0909 ], [ -119.9413, 39.0894 ], [ -119.9416, 39.088 ], [ -119.9473, 39.0862 ], [ -119.9488, 39.0847 ], [ -119.9498, 39.0828 ], [ -119.9497, 39.081 ], [ -119.9489, 39.0794 ], [ -119.9491, 39.0785 ], [ -119.9484, 39.076 ], [ -119.949, 39.0751 ], [ -119.9484, 39.0737 ], [ -119.9464, 39.0731 ], [ -119.9434, 39.071 ], [ -119.943, 39.0697 ], [ -119.9436, 39.0677 ], [ -119.9463, 39.065 ], [ -119.9462, 39.0631 ], [ -119.9446, 39.0615 ], [ -119.9462, 39.0585 ], [ -119.9456, 39.0551 ], [ -119.9469, 39.0531 ], [ -119.9471, 39.0497 ], [ -119.9492, 39.048 ], [ -119.9501, 39.0466 ], [ -119.9493, 39.0409 ], [ -119.9508, 39.0388 ], [ -119.9521, 39.0358 ], [ -119.952, 39.0349 ], [ -119.9503, 39.0315 ], [ -119.9504, 39.0297 ], [ -119.9494, 39.0281 ], [ -119.9503, 39.0261 ], [ -119.9501, 39.0247 ], [ -119.9515, 39.0226 ], [ -119.9543, 39.0218 ], [ -119.9546, 39.021 ], [ -119.9541, 39.0196 ], [ -119.9539, 39.0156 ], [ -119.9519, 39.014 ], [ -119.951, 39.0127 ], [ -119.9508, 39.0112 ], [ -119.95, 39.0095 ], [ -119.9499, 39.0079 ], [ -119.9504, 39.0069 ], [ -119.9514, 39.0061 ], [ -119.9567, 39.0052 ], [ -119.9611, 39.0027 ], [ -119.9615, 39.0016 ], [ -119.9607, 38.9996 ], [ -119.9583, 38.9973 ], [ -119.9549, 38.9918 ], [ -119.9548, 38.99 ], [ -119.9553, 38.9889 ], [ -119.9566, 38.9881 ], [ -119.9583, 38.9877 ], [ -119.959, 38.9866 ], [ -119.9539, 38.9756 ], [ -119.9513, 38.9654 ], [ -120.001, 38.9996 ], [ -120.0034, 39.1127 ], [ -119.9578, 39.1127 ] ] ] } },
{ "type": "Feature", "properties": { "GEOIDFQ": "1400000US32003000521", "NAME": "5.21", "NAMELSAD": "Census Tract 5.21" }, "geometry": { "type": "Polygon", "coordinates": [ [ [ -115.1251, 36.1681 ], [ -115.1227, 36.1678 ], [ -115.1159, 36.1678 ], [ -115.1161, 36.1589 ], [ -115.125, 36.1589 ], [ -115.1251, 36.1681 ] ] ] } },
{ "type": "Feature", "properties": { "GEOIDFQ": "1400000US32003000523", "NAME": "5.23", "NAMELSAD": "Census Tract 5.23" }, "geometry": { "type": "Polygon", "coordinates": [ [ [ -115.1159, 36.168 ], [ -115.1055, 36.1677 ], [ -115.1055, 36.1589 ], [ -115.1161, 36.159 ], [ -115.1159, 36.168 ] ] ] } },
{ "type": "Feature", "properties": { "GEOIDFQ": "1400000US32003000403", "NAME": "4.03", "NAMELSAD": "Census Tract 4.03" }, "geometry": { "type": "Polygon", "coordinates": [ [ [ -115.1348, 36.174 ], [ -115.1251, 36.174 ], [ -115.1251, 36.1665 ], [ -115.1276, 36.1666 ], [ -115.1369, 36.1706 ], [ -115.1348, 36.174 ] ] ] } },
{ "type": "Feature", "properties": { "GEOIDFQ": "1400000US32003001401", "NAME": "14.01", "NAMELSAD": "Census Tract 14.01" }, "geometry": { "type": "Polygon", "coordinates": [ [ [ -115.1287, 36.1589 ], [ -115.1166, 36.1589 ], [ -115.1086, 36.1523 ], [ -115.1095, 36.1518 ], [ -115.1278, 36.1517 ], [ -115.1278, 36.1573 ], [ -115.1287, 36.1574 ], [ -115.1287, 36.1589 ] ] ] } },
{ "type": "Feature", "properties": { "GEOIDFQ": "1400000US32003001502", "NAME": "15.02", "NAMELSAD": "Census Tract 15.02" }, "geometry": { "type": "Polygon", "coordinates": [ [ [ -115.101, 36.1521 ], [ -115.1011, 36.1589 ], [ -115.0917, 36.1589 ], [ -115.0914, 36.1462 ], [ -115.0921, 36.1463 ], [ -115.0921, 36.1445 ], [ -115.0998, 36.1444 ], [ -115.1014, 36.1459 ], [ -115.1008, 36.1461 ], [ -115.101, 36.1499 ], [ -115.1018, 36.1508 ], [ -115.101, 36.1521 ] ] ] } },
{ "type": "Feature", "properties": { "GEOIDFQ": "1400000US32003000525", "NAME": "5.25", "NAMELSAD": "Census Tract 5.25" }, "geometry": { "type": "Polygon", "coordinates": [ [ [ -115.1072, 36.1883 ], [ -115.1072, 36.1811 ], [ -115.1161, 36.1812 ], [ -115.1161, 36.1885 ], [ -115.1072, 36.1883 ] ] ] } },
{ "type": "Feature", "properties": { "GEOIDFQ": "1400000US32003000524", "NAME": "5.24", "NAMELSAD": "Census Tract 5.24" }, "geometry": { "type": "Polygon", "coordinates": [ [ [ -115.1161, 36.1812 ], [ -115.1072, 36.1811 ], [ -115.1071, 36.1796 ], [ -115.1059, 36.1773 ], [ -115.1058, 36.1737 ], [ -115.1162, 36.1739 ], [ -115.1161, 36.1812 ] ] ] } },
{ "type": "Feature", "properties": { "GEOIDFQ": "1400000US32003003253", "NAME": "32.53", "NAMELSAD": "Census Tract 32.53" }, "geometry": { "type": "Polygon", "coordinates": [ [ [ -115.287, 36.1688 ], [ -115.2872, 36.1777 ], [ -115.2818, 36.1772 ], [ -115.2782, 36.1777 ], [ -115.278, 36.1737 ], [ -115.2734, 36.1738 ], [ -115.2734, 36.1701 ], [ -115.2599, 36.1703 ], [ -115.2599, 36.1665 ], [ -115.2862, 36.1662 ], [ -115.2879, 36.1669 ], [ -115.287, 36.1688 ] ] ] } },
{ "type": "Feature", "properties": { "GEOIDFQ": "1400000US32003003260", "NAME": "32.60", "NAMELSAD": "Census Tract 32.60" }, "geometry": { "type": "Polygon", "coordinates": [ [ [ -115.28, 36.1608 ], [ -115.2781, 36.1629 ], [ -115.2689, 36.1628 ], [ -115.2689, 36.1664 ], [ -115.2599, 36.1665 ], [ -115.26, 36.1628 ], [ -115.2621, 36.1606 ], [ -115.2624, 36.1592 ], [ -115.2803, 36.1591 ], [ -115.28, 36.1608 ] ] ] } },
{ "type": "Feature", "properties": { "GEOIDFQ": "1400000US32003003261", "NAME": "32.61", "NAMELSAD": "Census Tract 32.61" }, "geometry": { "type": "Polygon", "coordinates": [ [ [ -115.2906, 36.1642 ], [ -115.288, 36.1668 ], [ -115.2862, 36.1662 ], [ -115.2689, 36.1664 ], [ -115.2689, 36.1628 ], [ -115.2781, 36.1629 ], [ -115.28, 36.1607 ], [ -115.2803, 36.1591 ], [ -115.2914, 36.159 ], [ -115.2914, 36.162 ], [ -115.2906, 36.1642 ] ] ] } },
{ "type": "Feature", "properties": { "GEOIDFQ": "1400000US32003003104", "NAME": "31.04", "NAMELSAD": "Census Tract 31.04" }, "geometry": { "type": "Polygon", "coordinates": [ [ [ -115.2332, 36.1885 ], [ -115.2345, 36.1849 ], [ -115.2345, 36.1838 ], [ -115.2333, 36.1819 ], [ -115.2332, 36.181 ], [ -115.2446, 36.1813 ], [ -115.2446, 36.1886 ], [ -115.2332, 36.1885 ] ] ] } },
{ "type": "Feature", "properties": { "GEOIDFQ": "1400000US32003003228", "NAME": "32.28", "NAMELSAD": "Census Tract 32.28" }, "geometry": { "type": "Polygon", "coordinates": [ [ [ -115.3013, 36.3067 ], [ -115.2931, 36.3065 ], [ -115.2858, 36.2985 ], [ -115.2875, 36.2966 ], [ -115.288, 36.2951 ], [ -115.2895, 36.2957 ], [ -115.3014, 36.2956 ], [ -115.3013, 36.3067 ] ] ] } },
{ "type": "Feature", "properties": { "GEOIDFQ": "1400000US32003003249", "NAME": "32.49", "NAMELSAD": "Census Tract 32.49" }, "geometry": { "type": "Polygon", "coordinates": [ [ [ -115.3424, 36.1916 ], [ -115.3383, 36.1913 ], [ -115.3287, 36.1936 ], [ -115.3237, 36.1935 ], [ -115.3264, 36.185 ], [ -115.3292, 36.1855 ], [ -115.3321, 36.1852 ], [ -115.3372, 36.1829 ], [ -115.3412, 36.1815 ], [ -115.3425, 36.1858 ], [ -115.3424, 36.1916 ] ] ] } },
{ "type": "Feature", "properties": { "GEOIDFQ": "1400000US32003003251", "NAME": "32.51", "NAMELSAD": "Census Tract 32.51" }, "geometry": { "type": "Polygon", "coordinates": [ [ [ -115.3231, 36.1964 ], [ -115.3205, 36.2016 ], [ -115.32, 36.2051 ], [ -115.3113, 36.2042 ], [ -115.3086, 36.2044 ], [ -115.3078, 36.2018 ], [ -115.3099, 36.2012 ], [ -115.3112, 36.2002 ], [ -115.3121, 36.1968 ], [ -115.3149, 36.1939 ], [ -115.316, 36.1919 ], [ -115.3236, 36.1936 ], [ -115.3231, 36.1964 ] ] ] } },
{ "type": "Feature", "properties": { "GEOIDFQ": "1400000US32003003241", "NAME": "32.41", "NAMELSAD": "Census Tract 32.41" }, "geometry": { "type": "Polygon", "coordinates": [ [ [ -115.3156, 36.2257 ], [ -115.3072, 36.2259 ], [ -115.3045, 36.2268 ], [ -115.3022, 36.226 ], [ -115.2974, 36.2261 ], [ -115.2971, 36.2186 ], [ -115.3157, 36.2183 ], [ -115.3156, 36.2257 ] ] ] } },
{ "type": "Feature", "properties": { "GEOIDFQ": "1400000US32003003244", "NAME": "32.44", "NAMELSAD": "Census Tract 32.44" }, "geometry": { "type": "Polygon", "coordinates": [ [ [ -115.2789, 36.2262 ], [ -115.2788, 36.2186 ], [ -115.2971, 36.2186 ], [ -115.2974, 36.2261 ], [ -115.2789, 36.2262 ] ] ] } },
{ "type": "Feature", "properties": { "GEOIDFQ": "1400000US32003003235", "NAME": "32.35", "NAMELSAD": "Census Tract 32.35" }, "geometry": { "type": "Polygon", "coordinates": [ [ [ -115.2876, 36.2964 ], [ -115.2858, 36.2985 ], [ -115.2669, 36.2778 ], [ -115.2798, 36.2783 ], [ -115.2878, 36.2798 ], [ -115.288, 36.2945 ], [ -115.2876, 36.2964 ] ] ] } },
{ "type": "Feature", "properties": { "GEOIDFQ": "1400000US32003003309", "NAME": "33.09", "NAMELSAD": "Census Tract 33.09" }, "geometry": { "type": "Polygon", "coordinates": [ [ [ -115.2242, 36.2941 ], [ -115.2069, 36.295 ], [ -115.2064, 36.2763 ], [ -115.2248, 36.2761 ], [ -115.2242, 36.2941 ] ] ] } },
{ "type": "Feature", "properties": { "GEOIDFQ": "1400000US32003003311", "NAME": "33.11", "NAMELSAD": "Census Tract 33.11" }, "geometry": { "type": "Polygon", "coordinates": [ [ [ -115.224, 36.3013 ], [ -115.2071, 36.3024 ], [ -115.2069, 36.295 ], [ -115.2242, 36.2941 ], [ -115.224, 36.3013 ] ] ] } },
{ "type": "Feature", "properties": { "GEOIDFQ": "1400000US32003003103", "NAME": "31.03", "NAMELSAD": "Census Tract 31.03" }, "geometry": { "type": "Polygon", "coordinates": [ [ [ -115.2332, 36.1885 ], [ -115.224, 36.1885 ], [ -115.2238, 36.1808 ], [ -115.2332, 36.181 ], [ -115.2333, 36.1819 ], [ -115.2345, 36.1838 ], [ -115.2345, 36.1849 ], [ -115.2332, 36.1885 ] ] ] } },
{ "type": "Feature", "properties": { "GEOIDFQ": "1400000US32003003220", "NAME": "32.20", "NAMELSAD": "Census Tract 32.20" }, "geometry": { "type": "Polygon", "coordinates": [ [ [ -115.2601, 36.1888 ], [ -115.2598, 36.1785 ], [ -115.2663, 36.1779 ], [ -115.2779, 36.1777 ], [ -115.2817, 36.1772 ], [ -115.2872, 36.1777 ], [ -115.2876, 36.1886 ], [ -115.2601, 36.1888 ] ] ] } },
{ "type": "Feature", "properties": { "GEOIDFQ": "1400000US32003003305", "NAME": "33.05", "NAMELSAD": "Census Tract 33.05" }, "geometry": { "type": "Polygon", "coordinates": [ [ [ -115.2424, 36.2632 ], [ -115.2255, 36.261 ], [ -115.2256, 36.2464 ], [ -115.2401, 36.2476 ], [ -115.2454, 36.2537 ], [ -115.2471, 36.2545 ], [ -115.2484, 36.2569 ], [ -115.2538, 36.263 ], [ -115.2424, 36.2632 ] ] ] } },
{ "type": "Feature", "properties": { "GEOIDFQ": "1400000US32005001300", "NAME": "13", "NAMELSAD": "Census Tract 13" }, "geometry": { "type": "Polygon", "coordinates": [ [ [ -119.9003, 38.9331 ], [ -119.9006, 38.9342 ], [ -119.8993, 38.9329 ], [ -119.8995, 38.9357 ], [ -119.8986, 38.9349 ], [ -119.8985, 38.9359 ], [ -119.8979, 38.9365 ], [ -119.8976, 38.9365 ], [ -119.8975, 38.9359 ], [ -119.8968, 38.9362 ], [ -119.8947, 38.9361 ], [ -119.8937, 38.9373 ], [ -119.8931, 38.9372 ], [ -119.8922, 38.9381 ], [ -119.8924, 38.9389 ], [ -119.8931, 38.9393 ], [ -119.8931, 38.9415 ], [ -119.8881, 38.9433 ], [ -119.8868, 38.9444 ], [ -119.8834, 38.946 ], [ -119.8812, 38.95 ], [ -119.879, 38.9519 ], [ -119.8757, 38.9597 ], [ -119.8728, 38.9622 ], [ -119.864, 38.9634 ], [ -119.8619, 38.9633 ], [ -119.8592, 38.9641 ], [ -119.8582, 38.9648 ], [ -119.8549, 38.9653 ], [ -119.8529, 38.9651 ], [ -119.8523, 38.9646 ], [ -119.8502, 38.9649 ], [ -119.8489, 38.9645 ], [ -119.8464, 38.9644 ], [ -119.8451, 38.965 ], [ -119.8428, 38.9652 ], [ -119.841, 38.9648 ], [ -119.8396, 38.9651 ], [ -119.8382, 38.971 ], [ -119.7992, 38.9708 ], [ -119.7976, 38.9683 ], [ -119.796, 38.9676 ], [ -119.7944, 38.9658 ], [ -119.7897, 38.9635 ], [ -119.7893, 38.9625 ], [ -119.7879, 38.9613 ], [ -119.7868, 38.958 ], [ -119.7818, 38.9536 ], [ -119.7768, 38.9505 ], [ -119.7743, 38.9497 ], [ -119.7717, 38.948 ], [ -119.7685, 38.9468 ], [ -119.7689, 38.9449 ], [ -119.7674, 38.9437 ], [ -119.7661, 38.9419 ], [ -119.765, 38.9417 ], [ -119.7642, 38.9425 ], [ -119.7621, 38.9435 ], [ -119.7612, 38.9446 ], [ -119.761, 38.9372 ], [ -119.7595, 38.9371 ], [ -119.7577, 38.9359 ], [ -119.7552, 38.9354 ], [ -119.7531, 38.9342 ], [ -119.752, 38.9327 ], [ -119.7518, 38.9314 ], [ -119.751, 38.9308 ], [ -119.7495, 38.9303 ], [ -119.746, 38.93 ], [ -119.7421, 38.9285 ], [ -119.7384, 38.9255 ], [ -119.732, 38.9222 ], [ -119.728, 38.9186 ], [ -119.7234, 38.9171 ], [ -119.724, 38.9169 ], [ -119.7261, 38.9175 ], [ -119.728, 38.9176 ], [ -119.7289, 38.918 ], [ -119.7386, 38.9179 ], [ -119.7414, 38.9208 ], [ -119.7469, 38.9227 ], [ -119.7469, 38.9175 ], [ -119.7528, 38.9178 ], [ -119.7563, 38.9172 ], [ -119.7588, 38.9172 ], [ -119.7602, 38.9143 ], [ -119.7622, 38.9138 ], [ -119.7633, 38.9123 ], [ -119.7643, 38.9118 ], [ -119.7648, 38.9118 ], [ -119.7655, 38.9125 ], [ -119.7663, 38.9123 ], [ -119.7672, 38.9112 ], [ -119.7684, 38.9111 ], [ -119.7709, 38.9119 ], [ -119.7719, 38.911 ], [ -119.7729, 38.9109 ], [ -119.776, 38.9115 ], [ -119.777, 38.9109 ], [ -119.7792, 38.9116 ], [ -119.779, 38.8471 ], [ -119.9006, 38.9308 ], [ -119.9005, 38.9311 ], [ -119.8999, 38.9311 ], [ -119.8998, 38.9316 ], [ -119.9006, 38.9319 ], [ -119.9007, 38.9328 ], [ -119.9003, 38.9331 ] ] ] } },
{ "type": "Feature", "properties": { "GEOIDFQ": "1400000US32005001500", "NAME": "15", "NAMELSAD": "Census Tract 15" }, "geometry": { "type": "Polygon", "coordinates": [ [ [ -119.7613, 38.9506 ], [ -119.761, 38.9504 ], [ -119.7593, 38.9491 ], [ -119.7587, 38.9495 ], [ -119.7595, 38.9505 ], [ -119.759, 38.9507 ], [ -119.7598, 38.9517 ], [ -119.7548, 38.9517 ], [ -119.7547, 38.9613 ], [ -119.7489, 38.9613 ], [ -119.7488, 38.9517 ], [ -119.7425, 38.9517 ], [ -119.7425, 38.9468 ], [ -119.7282, 38.9468 ], [ -119.7283, 38.9395 ], [ -119.7211, 38.9395 ], [ -119.7168, 38.9247 ], [ -119.7144, 38.9228 ], [ -119.7135, 38.9223 ], [ -119.7084, 38.9223 ], [ -119.7088, 38.9214 ], [ -119.7083, 38.9193 ], [ -119.7057, 38.9183 ], [ -119.7034, 38.9154 ], [ -119.703, 38.9142 ], [ -119.714, 38.9142 ], [ -119.7159, 38.9156 ], [ -119.7175, 38.9146 ], [ -119.7216, 38.9169 ], [ -119.7243, 38.9173 ], [ -119.728, 38.9186 ], [ -119.732, 38.9222 ], [ -119.7384, 38.9255 ], [ -119.7421, 38.9285 ], [ -119.746, 38.93 ], [ -119.7495, 38.9303 ], [ -119.7514, 38.931 ], [ -119.7519, 38.9317 ], [ -119.752, 38.9327 ], [ -119.7531, 38.9342 ], [ -119.7552, 38.9354 ], [ -119.7577, 38.9359 ], [ -119.7595, 38.9371 ], [ -119.761, 38.9372 ], [ -119.7614, 38.9467 ], [ -119.7609, 38.9467 ], [ -119.7609, 38.9485 ], [ -119.7603, 38.949 ], [ -119.7617, 38.9501 ], [ -119.7613, 38.9506 ] ] ] } },
{ "type": "Feature", "properties": { "GEOIDFQ": "1400000US32005001400", "NAME": "14", "NAMELSAD": "Census Tract 14" }, "geometry": { "type": "Polygon", "coordinates": [ [ [ -119.7791, 38.9705 ], [ -119.7791, 38.9687 ], [ -119.749, 38.9688 ], [ -119.7489, 38.9613 ], [ -119.7547, 38.9613 ], [ -119.7548, 38.9517 ], [ -119.7598, 38.9517 ], [ -119.759, 38.9507 ], [ -119.7595, 38.9505 ], [ -119.7587, 38.9495 ], [ -119.7593, 38.9491 ], [ -119.7613, 38.9506 ], [ -119.7617, 38.9501 ], [ -119.7603, 38.949 ], [ -119.7609, 38.9485 ], [ -119.7609, 38.9467 ], [ -119.7614, 38.9467 ], [ -119.7612, 38.9446 ], [ -119.7621, 38.9435 ], [ -119.7655, 38.9417 ], [ -119.7661, 38.9419 ], [ -119.7674, 38.9437 ], [ -119.7689, 38.9449 ], [ -119.7685, 38.9468 ], [ -119.7717, 38.948 ], [ -119.7743, 38.9497 ], [ -119.7768, 38.9505 ], [ -119.7818, 38.9536 ], [ -119.7868, 38.958 ], [ -119.7879, 38.9613 ], [ -119.7893, 38.9625 ], [ -119.7897, 38.9635 ], [ -119.7944, 38.9658 ], [ -119.796, 38.9676 ], [ -119.7976, 38.9683 ], [ -119.7992, 38.9708 ], [ -119.7791, 38.9705 ] ] ] } },
{ "type": "Feature", "properties": { "GEOIDFQ": "1400000US32005002400", "NAME": "24", "NAMELSAD": "Census Tract 24" }, "geometry": { "type": "Polygon", "coordinates": [ [ [ -119.7783, 38.8969 ], [ -119.7752, 38.8946 ], [ -119.7749, 38.8939 ], [ -119.7753, 38.8931 ], [ -119.7728, 38.8887 ], [ -119.7727, 38.8871 ], [ -119.7708, 38.8861 ], [ -119.7688, 38.8861 ], [ -119.7681, 38.8852 ], [ -119.7672, 38.8816 ], [ -119.766, 38.8811 ], [ -119.766, 38.8789 ], [ -119.7667, 38.878 ], [ -119.7664, 38.8775 ], [ -119.7606, 38.8783 ], [ -119.763, 38.8811 ], [ -119.7628, 38.8834 ], [ -119.7635, 38.884 ], [ -119.7606, 38.8841 ], [ -119.7585, 38.8854 ], [ -119.7559, 38.8857 ], [ -119.7512, 38.8851 ], [ -119.749, 38.8854 ], [ -119.749, 38.8842 ], [ -119.7479, 38.8829 ], [ -119.7416, 38.8815 ], [ -119.7406, 38.8769 ], [ -119.7415, 38.874 ], [ -119.7371, 38.8763 ], [ -119.7231, 38.8812 ], [ -119.7196, 38.888 ], [ -119.7239, 38.889 ], [ -119.7239, 38.9002 ], [ -119.719, 38.9002 ], [ -119.719, 38.9034 ], [ -119.7123, 38.9034 ], [ -119.7128, 38.9047 ], [ -119.7145, 38.9046 ], [ -119.7145, 38.914 ], [ -119.7026, 38.9142 ], [ -119.7005, 38.912 ], [ -119.6987, 38.9115 ], [ -119.6989, 38.9079 ], [ -119.6974, 38.9052 ], [ -119.6978, 38.9039 ], [ -119.6975, 38.9016 ], [ -119.6995, 38.8977 ], [ -119.6991, 38.8971 ], [ -119.6992, 38.8939 ], [ -119.7017, 38.8926 ], [ -119.702, 38.8918 ], [ -119.7012, 38.8891 ], [ -119.7003, 38.8873 ], [ -119.6981, 38.8855 ], [ -119.6959, 38.8847 ], [ -119.6938, 38.8829 ], [ -119.6925, 38.8811 ], [ -119.6899, 38.8789 ], [ -119.6892, 38.8775 ], [ -119.69, 38.876 ], [ -119.6893, 38.8759 ], [ -119.6873, 38.8796 ], [ -119.6828, 38.872 ], [ -119.6793, 38.8681 ], [ -119.6643, 38.8562 ], [ -119.6622, 38.8548 ], [ -119.6588, 38.8535 ], [ -119.6588, 38.867 ], [ -119.6512, 38.867 ], [ -119.6511, 38.8746 ], [ -119.6429, 38.8748 ], [ -119.6428, 38.8818 ], [ -119.6097, 38.8818 ], [ -119.6097, 38.8889 ], [ -119.6045, 38.8889 ], [ -119.6045, 38.896 ], [ -119.5993, 38.896 ], [ -119.6003, 38.8982 ], [ -119.5983, 38.8984 ], [ -119.5961, 38.8981 ], [ -119.5934, 38.897 ], [ -119.5902, 38.8962 ], [ -119.5902, 38.8996 ], [ -119.588, 38.8996 ], [ -119.5863, 38.8981 ], [ -119.5854, 38.8968 ], [ -119.5838, 38.8974 ], [ -119.5838, 38.897 ], [ -119.5827, 38.8962 ], [ -119.5818, 38.8949 ], [ -119.5818, 38.894 ], [ -119.5807, 38.8925 ], [ -119.5721, 38.8923 ], [ -119.572, 38.8886 ], [ -119.5707, 38.8886 ], [ -119.5682, 38.8872 ], [ -119.5673, 38.8871 ], [ -119.5666, 38.8867 ], [ -119.5654, 38.8868 ], [ -119.5646, 38.8855 ], [ -119.5591, 38.8847 ], [ -119.558, 38.8842 ], [ -119.553, 38.8846 ], [ -119.5508, 38.8836 ], [ -119.5492, 38.8817 ], [ -119.5442, 38.8817 ], [ -119.5442, 38.8795 ], [ -119.5421, 38.8796 ], [ -119.5411, 38.8803 ], [ -119.5392, 38.8801 ], [ -119.5392, 38.8817 ], [ -119.5342, 38.8817 ], [ -119.5342, 38.8804 ], [ -119.5315, 38.8805 ], [ -119.5305, 38.8797 ], [ -119.5274, 38.8794 ], [ -119.5265, 38.8789 ], [ -119.5247, 38.8788 ], [ -119.5232, 38.8783 ], [ -119.5209, 38.8762 ], [ -119.5168, 38.8685 ], [ -119.515, 38.8675 ], [ -119.5022, 38.8675 ], [ -119.5022, 38.8658 ], [ -119.4979, 38.8682 ], [ -119.4961, 38.8702 ], [ -119.495, 38.8734 ], [ -119.4942, 38.8742 ], [ -119.4917, 38.8747 ], [ -119.489, 38.8743 ], [ -119.4865, 38.8704 ], [ -119.4849, 38.8657 ], [ -119.4832, 38.8645 ], [ -119.4819, 38.8628 ], [ -119.4815, 38.8619 ], [ -119.4815, 38.8585 ], [ -119.4801, 38.8572 ], [ -119.4803, 38.8563 ], [ -119.4764, 38.8555 ], [ -119.474, 38.8543 ], [ -119.4707, 38.8545 ], [ -119.4695, 38.8559 ], [ -119.4667, 38.8562 ], [ -119.465, 38.8567 ], [ -119.4644, 38.8566 ], [ -119.4627, 38.8548 ], [ -119.4582, 38.8549 ], [ -119.4552, 38.8561 ], [ -119.4489, 38.857 ], [ -119.4472, 38.8577 ], [ -119.4455, 38.859 ], [ -119.4415, 38.8584 ], [ -119.4409, 38.8588 ], [ -119.4406, 38.8604 ], [ -119.44, 38.8607 ], [ -119.4401, 38.853 ], [ -119.4218, 38.8529 ], [ -119.4216, 38.8239 ], [ -119.4123, 38.8239 ], [ -119.4122, 38.8093 ], [ -119.403, 38.8093 ], [ -119.403, 38.7687 ], [ -119.4052, 38.7679 ], [ -119.4082, 38.7662 ], [ -119.4096, 38.7647 ], [ -119.4123, 38.7641 ], [ -119.4225, 38.7635 ], [ -119.4254, 38.7637 ], [ -119.4272, 38.7641 ], [ -119.4303, 38.7631 ], [ -119.4398, 38.764 ], [ -119.4442, 38.7637 ], [ -119.4501, 38.764 ], [ -119.454, 38.7629 ], [ -119.4563, 38.7616 ], [ -119.4602, 38.7617 ], [ -119.4663, 38.7604 ], [ -119.4678, 38.7599 ], [ -119.4688, 38.759 ], [ -119.4702, 38.7605 ], [ -119.4732, 38.7613 ], [ -119.4727, 38.7618 ], [ -119.4739, 38.762 ], [ -119.4739, 38.7588 ], [ -119.4785, 38.7588 ], [ -119.4785, 38.7552 ], [ -119.4832, 38.7552 ], [ -119.4832, 38.7517 ], [ -119.4786, 38.7516 ], [ -119.4786, 38.7444 ], [ -119.497, 38.7444 ], [ -119.497, 38.7514 ], [ -119.5153, 38.7514 ], [ -119.5153, 38.7584 ], [ -119.5102, 38.7584 ], [ -119.5127, 38.7608 ], [ -119.5127, 38.7626 ], [ -119.511, 38.7666 ], [ -119.5076, 38.7712 ], [ -119.5125, 38.7712 ], [ -119.5124, 38.7657 ], [ -119.5354, 38.7656 ], [ -119.5355, 38.7659 ], [ -119.5359, 38.7694 ], [ -119.537, 38.7696 ], [ -119.5371, 38.7721 ], [ -119.5388, 38.7753 ], [ -119.5382, 38.778 ], [ -119.5385, 38.78 ], [ -119.5307, 38.78 ], [ -119.5307, 38.7874 ], [ -119.5354, 38.7874 ], [ -119.5354, 38.8018 ], [ -119.5307, 38.8018 ], [ -119.5307, 38.8091 ], [ -119.5585, 38.8091 ], [ -119.5585, 38.8163 ], [ -119.5538, 38.8163 ], [ -119.5538, 38.8127 ], [ -119.5491, 38.8127 ], [ -119.5489, 38.8163 ], [ -119.5532, 38.8193 ], [ -119.5574, 38.8208 ], [ -119.5626, 38.8236 ], [ -119.5634, 38.8233 ], [ -119.5656, 38.8208 ], [ -119.566, 38.8193 ], [ -119.5674, 38.8169 ], [ -119.5669, 38.8143 ], [ -119.5672, 38.8127 ], [ -119.5699, 38.812 ], [ -119.5722, 38.8097 ], [ -119.5756, 38.809 ], [ -119.5771, 38.8067 ], [ -119.5773, 38.8049 ], [ -119.5765, 38.804 ], [ -119.5765, 38.8028 ], [ -119.5783, 38.7985 ], [ -119.5793, 38.7977 ], [ -119.5791, 38.7968 ], [ -119.58, 38.794 ], [ -119.581, 38.7931 ], [ -119.5843, 38.7871 ], [ -119.585, 38.7837 ], [ -119.5857, 38.7833 ], [ -119.5896, 38.7833 ], [ -119.586, 38.7794 ], [ -119.579, 38.7671 ], [ -119.5744, 38.7576 ], [ -119.5649, 38.7442 ], [ -119.5616, 38.7441 ], [ -119.5603, 38.7413 ], [ -119.5584, 38.7405 ], [ -119.559, 38.7398 ], [ -119.5583, 38.7379 ], [ -119.5572, 38.7372 ], [ -119.5564, 38.7356 ], [ -119.5538, 38.734 ], [ -119.5535, 38.7332 ], [ -119.5524, 38.7328 ], [ -119.5518, 38.7317 ], [ -119.5507, 38.7313 ], [ -119.5496, 38.7298 ], [ -119.5488, 38.7295 ], [ -119.5471, 38.7297 ], [ -119.547, 38.7291 ], [ -119.545, 38.7289 ], [ -119.5441, 38.7275 ], [ -119.5425, 38.7272 ], [ -119.5417, 38.7261 ], [ -119.5405, 38.7259 ], [ -119.5403, 38.7245 ], [ -119.5392, 38.7241 ], [ -119.539, 38.7235 ], [ -119.5375, 38.7229 ], [ -119.5361, 38.7234 ], [ -119.5345, 38.7228 ], [ -119.5522, 38.7228 ], [ -119.5522, 38.7191 ], [ -119.5541, 38.7191 ], [ -119.5521, 38.7028 ], [ -119.5493, 38.6971 ], [ -119.5486, 38.6947 ], [ -119.5485, 38.6876 ], [ -119.5875, 38.7147 ], [ -119.626, 38.7409 ], [ -119.6383, 38.7499 ], [ -119.779, 38.8471 ], [ -119.7791, 38.8971 ], [ -119.7783, 38.8969 ] ] ] } },
{ "type": "Feature", "properties": { "GEOIDFQ": "1400000US32031001203", "NAME": "12.03", "NAMELSAD": "Census Tract 12.03" }, "geometry": { "type": "Polygon", "coordinates": [ [ [ -119.8597, 39.5253 ], [ -119.8567, 39.5262 ], [ -119.8496, 39.5266 ], [ -119.8497, 39.5211 ], [ -119.8488, 39.5209 ], [ -119.8474, 39.5195 ], [ -119.8477, 39.5194 ], [ -119.849, 39.5206 ], [ -119.8497, 39.5207 ], [ -119.8508, 39.5188 ], [ -119.853, 39.5184 ], [ -119.8545, 39.5188 ], [ -119.8577, 39.5204 ], [ -119.86, 39.5207 ], [ -119.862, 39.5205 ], [ -119.8625, 39.524 ], [ -119.8597, 39.5253 ] ] ] } },
{ "type": "Feature", "properties": { "GEOIDFQ": "1400000US32031001019", "NAME": "10.19", "NAMELSAD": "Census Tract 10.19" }, "geometry": { "type": "Polygon", "coordinates": [ [ [ -119.8126, 39.4951 ], [ -119.8094, 39.4955 ], [ -119.8048, 39.4955 ], [ -119.805, 39.4945 ], [ -119.8078, 39.4946 ], [ -119.8079, 39.4912 ], [ -119.8126, 39.4912 ], [ -119.8126, 39.4951 ] ] ] } },
{ "type": "Feature", "properties": { "GEOIDFQ": "1400000US32031003002", "NAME": "30.02", "NAMELSAD": "Census Tract 30.02" }, "geometry": { "type": "Polygon", "coordinates": [ [ [ -119.748, 39.5412 ], [ -119.7442, 39.5419 ], [ -119.7337, 39.5418 ], [ -119.7341, 39.5395 ], [ -119.7387, 39.5332 ], [ -119.7421, 39.5344 ], [ -119.7481, 39.5346 ], [ -119.748, 39.5412 ] ] ] } },
{ "type": "Feature", "properties": { "GEOIDFQ": "1400000US32031002218", "NAME": "22.18", "NAMELSAD": "Census Tract 22.18" }, "geometry": { "type": "Polygon", "coordinates": [ [ [ -119.7315, 39.4236 ], [ -119.7278, 39.4255 ], [ -119.7246, 39.4295 ], [ -119.7234, 39.4305 ], [ -119.7219, 39.431 ], [ -119.7173, 39.4318 ], [ -119.7145, 39.4268 ], [ -119.7144, 39.4255 ], [ -119.7158, 39.4224 ], [ -119.7193, 39.4186 ], [ -119.7226, 39.4173 ], [ -119.7257, 39.4154 ], [ -119.7278, 39.4149 ], [ -119.7295, 39.4152 ], [ -119.7331, 39.4166 ], [ -119.7325, 39.4197 ], [ -119.7331, 39.4231 ], [ -119.7315, 39.4236 ] ] ] } },
{ "type": "Feature", "properties": { "GEOIDFQ": "1400000US32031001018", "NAME": "10.18", "NAMELSAD": "Census Tract 10.18" }, "geometry": { "type": "Polygon", "coordinates": [ [ [ -119.8078, 39.4946 ], [ -119.805, 39.4945 ], [ -119.8048, 39.4955 ], [ -119.8015, 39.4952 ], [ -119.7982, 39.4956 ], [ -119.7963, 39.4916 ], [ -119.7992, 39.4912 ], [ -119.8079, 39.4912 ], [ -119.8078, 39.4946 ] ] ] } },
{ "type": "Feature", "properties": { "GEOIDFQ": "1400000US32031003112", "NAME": "31.12", "NAMELSAD": "Census Tract 31.12" }, "geometry": { "type": "Polygon", "coordinates": [ [ [ -119.7338, 39.5405 ], [ -119.7337, 39.5418 ], [ -119.7154, 39.542 ], [ -119.7154, 39.5337 ], [ -119.7188, 39.5336 ], [ -119.7207, 39.536 ], [ -119.7242, 39.5372 ], [ -119.7339, 39.5368 ], [ -119.7356, 39.5375 ], [ -119.7338, 39.5405 ] ] ] } },
{ "type": "Feature", "properties": { "GEOIDFQ": "1400000US32031002621", "NAME": "26.21", "NAMELSAD": "Census Tract 26.21" }, "geometry": { "type": "Polygon", "coordinates": [ [ [ -119.9402, 39.6348 ], [ -119.9311, 39.6291 ], [ -119.9258, 39.6271 ], [ -119.9229, 39.6266 ], [ -119.9172, 39.6265 ], [ -119.9134, 39.626 ], [ -119.8873, 39.6202 ], [ -119.8619, 39.6152 ], [ -119.8571, 39.6139 ], [ -119.851, 39.6112 ], [ -119.8466, 39.6084 ], [ -119.8332, 39.5963 ], [ -119.8346, 39.5963 ], [ -119.8388, 39.595 ], [ -119.8399, 39.595 ], [ -119.8439, 39.5974 ], [ -119.8497, 39.5985 ], [ -119.8524, 39.5984 ], [ -119.8553, 39.5979 ], [ -119.8575, 39.597 ], [ -119.8597, 39.5942 ], [ -119.8599, 39.5924 ], [ -119.8826, 39.5923 ], [ -119.883, 39.6069 ], [ -119.9189, 39.607 ], [ -119.9188, 39.6176 ], [ -119.9212, 39.6175 ], [ -119.9223, 39.6177 ], [ -119.9274, 39.6202 ], [ -119.9287, 39.623 ], [ -119.937, 39.6284 ], [ -119.9398, 39.6295 ], [ -119.9403, 39.6306 ], [ -119.9399, 39.6324 ], [ -119.9414, 39.6336 ], [ -119.9402, 39.6348 ] ] ] } },
{ "type": "Feature", "properties": { "GEOIDFQ": "1400000US32031000701", "NAME": "7.01", "NAMELSAD": "Census Tract 7.01" }, "geometry": { "type": "Polygon", "coordinates": [ [ [ -119.8032, 39.5203 ], [ -119.7892, 39.5202 ], [ -119.7892, 39.513 ], [ -119.8032, 39.5129 ], [ -119.8032, 39.5203 ] ] ] } },
{ "type": "Feature", "properties": { "GEOIDFQ": "1400000US32031000104", "NAME": "1.04", "NAMELSAD": "Census Tract 1.04" }, "geometry": { "type": "Polygon", "coordinates": [ [ [ -119.8172, 39.5262 ], [ -119.8176, 39.5275 ], [ -119.815, 39.528 ], [ -119.8155, 39.5297 ], [ -119.8142, 39.5299 ], [ -119.8128, 39.5253 ], [ -119.8112, 39.5219 ], [ -119.8167, 39.5206 ], [ -119.8162, 39.5235 ], [ -119.8178, 39.5244 ], [ -119.8219, 39.5213 ], [ -119.8244, 39.5205 ], [ -119.8257, 39.5245 ], [ -119.8172, 39.5262 ] ] ] } },
{ "type": "Feature", "properties": { "GEOIDFQ": "1400000US32031001204", "NAME": "12.04", "NAMELSAD": "Census Tract 12.04" }, "geometry": { "type": "Polygon", "coordinates": [ [ [ -119.8496, 39.5266 ], [ -119.8357, 39.5272 ], [ -119.8328, 39.528 ], [ -119.8306, 39.5292 ], [ -119.8277, 39.5278 ], [ -119.8265, 39.5267 ], [ -119.8244, 39.5205 ], [ -119.8278, 39.5205 ], [ -119.8323, 39.523 ], [ -119.8335, 39.5234 ], [ -119.8348, 39.5232 ], [ -119.8353, 39.5238 ], [ -119.8381, 39.5231 ], [ -119.8474, 39.5195 ], [ -119.8488, 39.5209 ], [ -119.8497, 39.5211 ], [ -119.8496, 39.5266 ] ] ] } },
{ "type": "Feature", "properties": { "GEOIDFQ": "1400000US32031000301", "NAME": "3.01", "NAMELSAD": "Census Tract 3.01" }, "geometry": { "type": "Polygon", "coordinates": [ [ [ -119.8171, 39.5203 ], [ -119.8167, 39.5206 ], [ -119.8125, 39.5216 ], [ -119.8121, 39.5201 ], [ -119.8127, 39.5192 ], [ -119.8126, 39.5057 ], [ -119.8172, 39.5055 ], [ -119.8171, 39.5203 ] ] ] } },
{ "type": "Feature", "properties": { "GEOIDFQ": "1400000US32031000302", "NAME": "3.02", "NAMELSAD": "Census Tract 3.02" }, "geometry": { "type": "Polygon", "coordinates": [ [ [ -119.8122, 39.52 ], [ -119.8125, 39.5216 ], [ -119.8112, 39.5219 ], [ -119.8032, 39.5057 ], [ -119.8126, 39.5057 ], [ -119.8127, 39.5192 ], [ -119.8122, 39.52 ] ] ] } },
{ "type": "Feature", "properties": { "GEOIDFQ": "1400000US32031001017", "NAME": "10.17", "NAMELSAD": "Census Tract 10.17" }, "geometry": { "type": "Polygon", "coordinates": [ [ [ -119.8126, 39.4984 ], [ -119.8097, 39.4985 ], [ -119.8084, 39.5 ], [ -119.8085, 39.4993 ], [ -119.8078, 39.4985 ], [ -119.8078, 39.4955 ], [ -119.8126, 39.4951 ], [ -119.8126, 39.4984 ] ] ] } },
{ "type": "Feature", "properties": { "GEOIDFQ": "1400000US32031003522", "NAME": "35.22", "NAMELSAD": "Census Tract 35.22" }, "geometry": { "type": "Polygon", "coordinates": [ [ [ -119.7283, 39.6161 ], [ -119.7245, 39.6151 ], [ -119.7187, 39.6153 ], [ -119.717, 39.6148 ], [ -119.7117, 39.6148 ], [ -119.7088, 39.6157 ], [ -119.7071, 39.6159 ], [ -119.7044, 39.6152 ], [ -119.7024, 39.614 ], [ -119.7012, 39.6124 ], [ -119.7004, 39.6103 ], [ -119.6997, 39.6097 ], [ -119.6973, 39.6087 ], [ -119.6964, 39.607 ], [ -119.7015, 39.6069 ], [ -119.7042, 39.606 ], [ -119.7127, 39.5993 ], [ -119.7144, 39.5967 ], [ -119.7146, 39.5953 ], [ -119.7218, 39.5998 ], [ -119.7225, 39.5999 ], [ -119.7248, 39.6001 ], [ -119.7248, 39.5992 ], [ -119.7254, 39.5986 ], [ -119.7279, 39.5981 ], [ -119.7292, 39.5971 ], [ -119.7303, 39.5972 ], [ -119.7289, 39.6003 ], [ -119.7288, 39.6015 ], [ -119.7301, 39.6069 ], [ -119.7308, 39.6079 ], [ -119.7322, 39.6085 ], [ -119.7283, 39.6161 ] ] ] } },
{ "type": "Feature", "properties": { "GEOIDFQ": "1400000US32003003500", "NAME": "35", "NAMELSAD": "Census Tract 35" }, "geometry": { "type": "Polygon", "coordinates": [ [ [ -115.1653, 36.203 ], [ -115.1518, 36.2031 ], [ -115.1519, 36.1957 ], [ -115.1654, 36.1959 ], [ -115.1653, 36.203 ] ] ] } },
{ "type": "Feature", "properties": { "GEOIDFQ": "1400000US32003004924", "NAME": "49.24", "NAMELSAD": "Census Tract 49.24" }, "geometry": { "type": "Polygon", "coordinates": [ [ [ -115.0653, 36.151 ], [ -115.0629, 36.1559 ], [ -115.0584, 36.1542 ], [ -115.0554, 36.1519 ], [ -115.0532, 36.1488 ], [ -115.053, 36.1428 ], [ -115.0527, 36.1419 ], [ -115.0507, 36.1406 ], [ -115.0488, 36.14 ], [ -115.0499, 36.1397 ], [ -115.0569, 36.1425 ], [ -115.0606, 36.1421 ], [ -115.0655, 36.1423 ], [ -115.0653, 36.151 ] ] ] } },
{ "type": "Feature", "properties": { "GEOIDFQ": "1400000US32003005006", "NAME": "50.06", "NAMELSAD": "Census Tract 50.06" }, "geometry": { "type": "Polygon", "coordinates": [ [ [ -115.0474, 36.1372 ], [ -115.0472, 36.1297 ], [ -115.0654, 36.1296 ], [ -115.0656, 36.137 ], [ -115.0474, 36.1372 ] ] ] } },
{ "type": "Feature", "properties": { "GEOIDFQ": "1400000US32031002107", "NAME": "21.07", "NAMELSAD": "Census Tract 21.07" }, "geometry": { "type": "Polygon", "coordinates": [ [ [ -119.7888, 39.5299 ], [ -119.7878, 39.531 ], [ -119.7859, 39.5314 ], [ -119.785, 39.531 ], [ -119.7824, 39.5308 ], [ -119.7801, 39.5296 ], [ -119.7787, 39.5278 ], [ -119.7777, 39.5273 ], [ -119.7761, 39.5241 ], [ -119.7735, 39.5224 ], [ -119.7712, 39.5218 ], [ -119.7722, 39.5207 ], [ -119.7746, 39.5198 ], [ -119.7774, 39.5176 ], [ -119.7832, 39.5197 ], [ -119.7801, 39.5094 ], [ -119.7803, 39.5059 ], [ -119.7891, 39.5059 ], [ -119.7892, 39.5286 ], [ -119.7888, 39.5299 ] ] ] } },
{ "type": "Feature", "properties": { "GEOIDFQ": "1400000US32003005010", "NAME": "50.10", "NAMELSAD": "Census Tract 50.10" }, "geometry": { "type": "Polygon", "coordinates": [ [ [ -115.064, 36.0899 ], [ -115.0593, 36.0897 ], [ -115.055, 36.0905 ], [ -115.0549, 36.1004 ], [ -115.0523, 36.1005 ], [ -115.0508, 36.1009 ], [ -115.0326, 36.0848 ], [ -115.035, 36.0838 ], [ -115.0473, 36.0839 ], [ -115.0491, 36.0835 ], [ -115.0516, 36.0824 ], [ -115.0534, 36.0822 ], [ -115.055, 36.0826 ], [ -115.0612, 36.0864 ], [ -115.064, 36.0875 ], [ -115.064, 36.0899 ] ] ] } },
{ "type": "Feature", "properties": { "GEOIDFQ": "1400000US32003004923", "NAME": "49.23", "NAMELSAD": "Census Tract 49.23" }, "geometry": { "type": "Polygon", "coordinates": [ [ [ -115.0398, 36.1594 ], [ -115.0278, 36.1593 ], [ -115.0292, 36.1588 ], [ -115.0294, 36.156 ], [ -115.0291, 36.1532 ], [ -115.0291, 36.1445 ], [ -115.0336, 36.1445 ], [ -115.0337, 36.1487 ], [ -115.0342, 36.1507 ], [ -115.0353, 36.1522 ], [ -115.0379, 36.1544 ], [ -115.0397, 36.1568 ], [ -115.0398, 36.1594 ] ] ] } },
{ "type": "Feature", "properties": { "GEOIDFQ": "1400000US32003005107", "NAME": "51.07", "NAMELSAD": "Census Tract 51.07" }, "geometry": { "type": "Polygon", "coordinates": [ [ [ -115.0687, 36.0512 ], [ -115.0687, 36.0563 ], [ -115.0567, 36.0562 ], [ -115.0566, 36.0535 ], [ -115.0553, 36.0511 ], [ -115.0554, 36.0446 ], [ -115.056, 36.0429 ], [ -115.0567, 36.0421 ], [ -115.0583, 36.0427 ], [ -115.0639, 36.0474 ], [ -115.0697, 36.0492 ], [ -115.0687, 36.0512 ] ] ] } },
{ "type": "Feature", "properties": { "GEOIDFQ": "1400000US32003004921", "NAME": "49.21", "NAMELSAD": "Census Tract 49.21" }, "geometry": { "type": "Polygon", "coordinates": [ [ [ -115.0622, 36.1665 ], [ -115.0448, 36.1673 ], [ -115.0446, 36.1594 ], [ -115.0606, 36.1591 ], [ -115.0623, 36.1591 ], [ -115.0622, 36.1665 ] ] ] } },
{ "type": "Feature", "properties": { "GEOIDFQ": "1400000US32003005108", "NAME": "51.08", "NAMELSAD": "Census Tract 51.08" }, "geometry": { "type": "Polygon", "coordinates": [ [ [ -115.0462, 36.0562 ], [ -115.0468, 36.0392 ], [ -115.0567, 36.0421 ], [ -115.0554, 36.0444 ], [ -115.0553, 36.0509 ], [ -115.0566, 36.0535 ], [ -115.0567, 36.0562 ], [ -115.0462, 36.0562 ] ] ] } },
{ "type": "Feature", "properties": { "GEOIDFQ": "1400000US32003005200", "NAME": "52", "NAMELSAD": "Census Tract 52" }, "geometry": { "type": "Polygon", "coordinates": [ [ [ -115.0028, 36.035 ], [ -114.9866, 36.0371 ], [ -114.9847, 36.0378 ], [ -114.982, 36.0397 ], [ -114.9746, 36.0332 ], [ -114.9808, 36.0292 ], [ -114.9784, 36.0269 ], [ -114.9787, 36.0251 ], [ -114.975, 36.0237 ], [ -114.9754, 36.0229 ], [ -114.9859, 36.0267 ], [ -114.9959, 36.0287 ], [ -115.0015, 36.0285 ], [ -115.0029, 36.0295 ], [ -115.0028, 36.035 ] ] ] } },
{ "type": "Feature", "properties": { "GEOIDFQ": "1400000US32003005311", "NAME": "53.11", "NAMELSAD": "Census Tract 53.11" }, "geometry": { "type": "Polygon", "coordinates": [ [ [ -115.1182, 36.0495 ], [ -115.1093, 36.0496 ], [ -115.1093, 36.0423 ], [ -115.1182, 36.0423 ], [ -115.1182, 36.0495 ] ] ] } },
{ "type": "Feature", "properties": { "GEOIDFQ": "1400000US32003005312", "NAME": "53.12", "NAMELSAD": "Census Tract 53.12" }, "geometry": { "type": "Polygon", "coordinates": [ [ [ -115.1093, 36.0533 ], [ -115.1003, 36.0534 ], [ -115.1003, 36.0424 ], [ -115.1093, 36.0423 ], [ -115.1093, 36.0533 ] ] ] } },
{ "type": "Feature", "properties": { "GEOIDFQ": "1400000US32003002974", "NAME": "29.74", "NAMELSAD": "Census Tract 29.74" }, "geometry": { "type": "Polygon", "coordinates": [ [ [ -115.2792, 36.0926 ], [ -115.2611, 36.0923 ], [ -115.2607, 36.0671 ], [ -115.2651, 36.0665 ], [ -115.2741, 36.0666 ], [ -115.2794, 36.0673 ], [ -115.2792, 36.0926 ] ] ] } },
{ "type": "Feature", "properties": { "GEOIDFQ": "1400000US32003002975", "NAME": "29.75", "NAMELSAD": "Census Tract 29.75" }, "geometry": { "type": "Polygon", "coordinates": [ [ [ -115.2429, 36.0924 ], [ -115.2425, 36.0675 ], [ -115.2463, 36.0668 ], [ -115.2507, 36.0667 ], [ -115.2552, 36.0666 ], [ -115.2607, 36.0671 ], [ -115.2611, 36.0923 ], [ -115.2429, 36.0924 ] ] ] } },
{ "type": "Feature", "properties": { "GEOIDFQ": "1400000US32003005351", "NAME": "53.51", "NAMELSAD": "Census Tract 53.51" }, "geometry": { "type": "Polygon", "coordinates": [ [ [ -115.1022, 36.0013 ], [ -115.0991, 36.005 ], [ -115.0978, 36.0058 ], [ -115.0832, 36.0058 ], [ -115.0833, 36.0004 ], [ -115.0841, 35.9989 ], [ -115.0852, 35.9982 ], [ -115.0923, 35.9965 ], [ -115.0955, 35.9936 ], [ -115.0972, 35.9928 ], [ -115.1009, 35.9925 ], [ -115.1012, 35.9961 ], [ -115.1047, 35.9992 ], [ -115.1022, 36.0013 ] ] ] } },
{ "type": "Feature", "properties": { "GEOIDFQ": "1400000US32003005350", "NAME": "53.50", "NAMELSAD": "Census Tract 53.50" }, "geometry": { "type": "Polygon", "coordinates": [ [ [ -115.0952, 36.0118 ], [ -115.0942, 36.0134 ], [ -115.0922, 36.0153 ], [ -115.0914, 36.017 ], [ -115.0914, 36.0198 ], [ -115.093, 36.0234 ], [ -115.0849, 36.0244 ], [ -115.083, 36.0184 ], [ -115.0832, 36.0058 ], [ -115.0956, 36.0059 ], [ -115.0952, 36.0118 ] ] ] } },
{ "type": "Feature", "properties": { "GEOIDFQ": "1400000US32003004925", "NAME": "49.25", "NAMELSAD": "Census Tract 49.25" }, "geometry": { "type": "Polygon", "coordinates": [ [ [ -115.0398, 36.1594 ], [ -115.0397, 36.1568 ], [ -115.0377, 36.1542 ], [ -115.0351, 36.1521 ], [ -115.0341, 36.1504 ], [ -115.0336, 36.1445 ], [ -115.043, 36.1446 ], [ -115.0431, 36.1563 ], [ -115.0445, 36.1585 ], [ -115.0446, 36.1594 ], [ -115.0398, 36.1594 ] ] ] } },
{ "type": "Feature", "properties": { "GEOIDFQ": "1400000US32031002802", "NAME": "28.02", "NAMELSAD": "Census Tract 28.02" }, "geometry": { "type": "Polygon", "coordinates": [ [ [ -119.7711, 39.5543 ], [ -119.7689, 39.5544 ], [ -119.7675, 39.555 ], [ -119.7676, 39.5529 ], [ -119.7526, 39.5528 ], [ -119.7527, 39.5439 ], [ -119.7553, 39.5441 ], [ -119.7576, 39.5454 ], [ -119.7714, 39.5455 ], [ -119.7711, 39.5543 ] ] ] } },
{ "type": "Feature", "properties": { "GEOIDFQ": "1400000US32031002901", "NAME": "29.01", "NAMELSAD": "Census Tract 29.01" }, "geometry": { "type": "Polygon", "coordinates": [ [ [ -119.752, 39.5608 ], [ -119.7479, 39.5647 ], [ -119.7469, 39.5675 ], [ -119.7452, 39.5673 ], [ -119.7431, 39.5679 ], [ -119.7423, 39.567 ], [ -119.7432, 39.5661 ], [ -119.743, 39.5637 ], [ -119.7338, 39.5635 ], [ -119.7335, 39.5562 ], [ -119.7352, 39.5553 ], [ -119.7364, 39.5561 ], [ -119.7378, 39.5564 ], [ -119.7524, 39.5564 ], [ -119.752, 39.5608 ] ] ] } },
{ "type": "Feature", "properties": { "GEOIDFQ": "1400000US32031002902", "NAME": "29.02", "NAMELSAD": "Census Tract 29.02" }, "geometry": { "type": "Polygon", "coordinates": [ [ [ -119.7524, 39.5564 ], [ -119.7373, 39.5563 ], [ -119.7358, 39.5557 ], [ -119.7339, 39.554 ], [ -119.7338, 39.5472 ], [ -119.7526, 39.5474 ], [ -119.7524, 39.5564 ] ] ] } },
{ "type": "Feature", "properties": { "GEOIDFQ": "1400000US32031003105", "NAME": "31.05", "NAMELSAD": "Census Tract 31.05" }, "geometry": { "type": "Polygon", "coordinates": [ [ [ -119.7337, 39.5708 ], [ -119.7241, 39.5708 ], [ -119.7241, 39.569 ], [ -119.7251, 39.5667 ], [ -119.7244, 39.5626 ], [ -119.7244, 39.5564 ], [ -119.7335, 39.5562 ], [ -119.7337, 39.5708 ] ] ] } },
{ "type": "Feature", "properties": { "GEOIDFQ": "1400000US32031003106", "NAME": "31.06", "NAMELSAD": "Census Tract 31.06" }, "geometry": { "type": "Polygon", "coordinates": [ [ [ -119.7339, 39.5561 ], [ -119.7327, 39.5564 ], [ -119.7244, 39.5564 ], [ -119.7237, 39.5546 ], [ -119.7155, 39.5489 ], [ -119.7151, 39.5477 ], [ -119.7154, 39.542 ], [ -119.7337, 39.5418 ], [ -119.7338, 39.5532 ], [ -119.7341, 39.5542 ], [ -119.7352, 39.5553 ], [ -119.7339, 39.5561 ] ] ] } },
{ "type": "Feature", "properties": { "GEOIDFQ": "1400000US32003005607", "NAME": "56.07", "NAMELSAD": "Census Tract 56.07" }, "geometry": { "type": "Polygon", "coordinates": [ [ [ -114.0888, 36.8003 ], [ -114.0855, 36.8033 ], [ -114.0856, 36.809 ], [ -114.0866, 36.8099 ], [ -114.0826, 36.81 ], [ -114.0739, 36.8092 ], [ -114.0713, 36.8097 ], [ -114.0679, 36.8112 ], [ -114.0678, 36.8105 ], [ -114.0699, 36.8061 ], [ -114.07, 36.8042 ], [ -114.0719, 36.803 ], [ -114.0725, 36.8018 ], [ -114.0733, 36.7991 ], [ -114.0732, 36.7961 ], [ -114.0735, 36.7949 ], [ -114.0891, 36.7911 ], [ -114.0888, 36.8003 ] ] ] } },
{ "type": "Feature", "properties": { "GEOIDFQ": "1400000US32003005871", "NAME": "58.71", "NAMELSAD": "Census Tract 58.71" }, "geometry": { "type": "Polygon", "coordinates": [ [ [ -115.3066, 36.0851 ], [ -115.2975, 36.0851 ], [ -115.2976, 36.0777 ], [ -115.3068, 36.0776 ], [ -115.3066, 36.0851 ] ] ] } },
{ "type": "Feature", "properties": { "GEOIDFQ": "1400000US32003003645", "NAME": "36.45", "NAMELSAD": "Census Tract 36.45" }, "geometry": { "type": "Polygon", "coordinates": [ [ [ -115.1893, 36.2321 ], [ -115.1884, 36.2175 ], [ -115.1974, 36.2174 ], [ -115.1983, 36.232 ], [ -115.1893, 36.2321 ] ] ] } },
{ "type": "Feature", "properties": { "GEOIDFQ": "1400000US32003003263", "NAME": "32.63", "NAMELSAD": "Census Tract 32.63" }, "geometry": { "type": "Polygon", "coordinates": [ [ [ -115.3148, 36.3067 ], [ -115.3013, 36.3067 ], [ -115.3014, 36.2956 ], [ -115.315, 36.2958 ], [ -115.3148, 36.3067 ] ] ] } },
{ "type": "Feature", "properties": { "GEOIDFQ": "1400000US32003003269", "NAME": "32.69", "NAMELSAD": "Census Tract 32.69" }, "geometry": { "type": "Polygon", "coordinates": [ [ [ -115.3248, 36.2386 ], [ -115.3227, 36.2418 ], [ -115.3172, 36.2451 ], [ -115.3159, 36.2465 ], [ -115.3152, 36.2479 ], [ -115.3107, 36.248 ], [ -115.3106, 36.2461 ], [ -115.3128, 36.2461 ], [ -115.3128, 36.2443 ], [ -115.3151, 36.2442 ], [ -115.3154, 36.2328 ], [ -115.3139, 36.2319 ], [ -115.3154, 36.2293 ], [ -115.3253, 36.2291 ], [ -115.3253, 36.2351 ], [ -115.3248, 36.2386 ] ] ] } },
{ "type": "Feature", "properties": { "GEOIDFQ": "1400000US32003005719", "NAME": "57.19", "NAMELSAD": "Census Tract 57.19" }, "geometry": { "type": "Polygon", "coordinates": [ [ [ -115.1246, 35.9196 ], [ -115.1246, 35.9241 ], [ -115.1236, 35.9258 ], [ -115.1189, 35.9258 ], [ -115.1188, 35.9321 ], [ -115.1205, 35.9321 ], [ -115.1209, 35.9367 ], [ -115.1228, 35.939 ], [ -115.1233, 35.9413 ], [ -115.1169, 35.9411 ], [ -115.1162, 35.9397 ], [ -115.1145, 35.9385 ], [ -115.1106, 35.9371 ], [ -115.1086, 35.9348 ], [ -115.1081, 35.9336 ], [ -115.1085, 35.9294 ], [ -115.1019, 35.9296 ], [ -115.0982, 35.9286 ], [ -115.1016, 35.9261 ], [ -115.1021, 35.9264 ], [ -115.1027, 35.9256 ], [ -115.1105, 35.9257 ], [ -115.1105, 35.9185 ], [ -115.1192, 35.9186 ], [ -115.1191, 35.9168 ], [ -115.1261, 35.9168 ], [ -115.1246, 35.9196 ] ] ] } },
{ "type": "Feature", "properties": { "GEOIDFQ": "1400000US32003003648", "NAME": "36.48", "NAMELSAD": "Census Tract 36.48" }, "geometry": { "type": "Polygon", "coordinates": [ [ [ -115.0986, 36.2909 ], [ -115.0935, 36.2901 ], [ -115.0901, 36.2901 ], [ -115.0859, 36.2902 ], [ -115.0813, 36.291 ], [ -115.0799, 36.291 ], [ -115.0801, 36.2693 ], [ -115.0988, 36.2691 ], [ -115.0986, 36.2909 ] ] ] } },
{ "type": "Feature", "properties": { "GEOIDFQ": "1400000US32003005872", "NAME": "58.72", "NAMELSAD": "Census Tract 58.72" }, "geometry": { "type": "Polygon", "coordinates": [ [ [ -115.618, 36.231 ], [ -115.6179, 36.2322 ], [ -115.6165, 36.2335 ], [ -115.6152, 36.2358 ], [ -115.6147, 36.2362 ], [ -115.6142, 36.236 ], [ -115.6133, 36.2336 ], [ -115.611, 36.2315 ], [ -115.6106, 36.2294 ], [ -115.6089, 36.2276 ], [ -115.6078, 36.2258 ], [ -115.6038, 36.2239 ], [ -115.6009, 36.2205 ], [ -115.5995, 36.2201 ], [ -115.5978, 36.2202 ], [ -115.5959, 36.2189 ], [ -115.5963, 36.2206 ], [ -115.5952, 36.2226 ], [ -115.5971, 36.2249 ], [ -115.5959, 36.2253 ], [ -115.5922, 36.2246 ], [ -115.5906, 36.2248 ], [ -115.5904, 36.226 ], [ -115.5916, 36.2275 ], [ -115.5918, 36.2297 ], [ -115.5859, 36.2302 ], [ -115.5813, 36.2283 ], [ -115.5797, 36.2281 ], [ -115.5792, 36.2292 ], [ -115.5803, 36.2302 ], [ -115.5782, 36.2312 ], [ -115.5785, 36.2331 ], [ -115.5773, 36.2328 ], [ -115.575, 36.2313 ], [ -115.5741, 36.2313 ], [ -115.5732, 36.2321 ], [ -115.5735, 36.2335 ], [ -115.5683, 36.2343 ], [ -115.5667, 36.2357 ], [ -115.565, 36.2357 ], [ -115.5626, 36.2365 ], [ -115.5613, 36.2373 ], [ -115.562, 36.2379 ], [ -115.5616, 36.2384 ], [ -115.558, 36.2401 ], [ -115.5558, 36.2422 ], [ -115.554, 36.2428 ], [ -115.5516, 36.2446 ], [ -115.5482, 36.2451 ], [ -115.5456, 36.2461 ], [ -115.5442, 36.2462 ], [ -115.5418, 36.2456 ], [ -115.5408, 36.2458 ], [ -115.538, 36.2481 ], [ -115.5357, 36.2519 ], [ -115.5309, 36.2545 ], [ -115.5289, 36.2547 ], [ -115.5238, 36.2537 ], [ -115.5215, 36.2547 ], [ -115.5161, 36.254 ], [ -115.5082, 36.2543 ], [ -115.5062, 36.2537 ], [ -115.5044, 36.2542 ], [ -115.5004, 36.2546 ], [ -115.4968, 36.2573 ], [ -115.4937, 36.2575 ], [ -115.4923, 36.2596 ], [ -115.4902, 36.2597 ], [ -115.4861, 36.2622 ], [ -115.4839, 36.2632 ], [ -115.4822, 36.2637 ], [ -115.4799, 36.2639 ], [ -115.4756, 36.2658 ], [ -115.4735, 36.2663 ], [ -115.4714, 36.2685 ], [ -115.4684, 36.2689 ], [ -115.4593, 36.2732 ], [ -115.4564, 36.2735 ], [ -115.4532, 36.2745 ], [ -115.4486, 36.2767 ], [ -115.4462, 36.2774 ], [ -115.443, 36.2794 ], [ -115.441, 36.2788 ], [ -115.4386, 36.2789 ], [ -115.4371, 36.2784 ], [ -115.435, 36.2782 ], [ -115.4339, 36.2787 ], [ -115.43, 36.2789 ], [ -115.4271, 36.2805 ], [ -115.4248, 36.2808 ], [ -115.4242, 36.2843 ], [ -115.424, 36.2931 ], [ -115.4054, 36.3053 ], [ -115.3438, 36.3247 ], [ -115.3412, 36.3251 ], [ -115.3334, 36.3256 ], [ -115.3332, 36.2478 ], [ -115.3343, 36.2336 ], [ -115.3341, 36.2184 ], [ -115.3282, 36.2184 ], [ -115.3305, 36.2157 ], [ -115.338, 36.2097 ], [ -115.3403, 36.2059 ], [ -115.3426, 36.1884 ], [ -115.3425, 36.1858 ], [ -115.3412, 36.1815 ], [ -115.3458, 36.1806 ], [ -115.3532, 36.1815 ], [ -115.3554, 36.1745 ], [ -115.3555, 36.1715 ], [ -115.3619, 36.17 ], [ -115.3686, 36.1701 ], [ -115.3671, 36.1639 ], [ -115.3664, 36.1626 ], [ -115.3643, 36.16 ], [ -115.3608, 36.1575 ], [ -115.3652, 36.1537 ], [ -115.3723, 36.1497 ], [ -115.3879, 36.1449 ], [ -115.3971, 36.1426 ], [ -115.4029, 36.1401 ], [ -115.4096, 36.1355 ], [ -115.4128, 36.1337 ], [ -115.417, 36.1323 ], [ -115.4204, 36.1319 ], [ -115.4264, 36.1292 ], [ -115.4268, 36.1299 ], [ -115.4312, 36.1306 ], [ -115.4363, 36.1323 ], [ -115.4374, 36.1341 ], [ -115.4407, 36.136 ], [ -115.4453, 36.1371 ], [ -115.4502, 36.1373 ], [ -115.4527, 36.1381 ], [ -115.4555, 36.1384 ], [ -115.4577, 36.1391 ], [ -115.4608, 36.1416 ], [ -115.4627, 36.1424 ], [ -115.4679, 36.1433 ], [ -115.4698, 36.1431 ], [ -115.4722, 36.1438 ], [ -115.4744, 36.1439 ], [ -115.4759, 36.1453 ], [ -115.4808, 36.1461 ], [ -115.4835, 36.1483 ], [ -115.4874, 36.1498 ], [ -115.4882, 36.1506 ], [ -115.4882, 36.1518 ], [ -115.4892, 36.1531 ], [ -115.494, 36.1555 ], [ -115.4949, 36.1566 ], [ -115.4984, 36.1592 ], [ -115.5004, 36.1615 ], [ -115.5028, 36.163 ], [ -115.5057, 36.1636 ], [ -115.5075, 36.1658 ], [ -115.5131, 36.161 ], [ -115.5152, 36.1616 ], [ -115.5161, 36.1608 ], [ -115.5195, 36.1591 ], [ -115.5199, 36.1575 ], [ -115.5196, 36.1565 ], [ -115.5201, 36.1558 ], [ -115.5218, 36.155 ], [ -115.5228, 36.1541 ], [ -115.5241, 36.1495 ], [ -115.5244, 36.1466 ], [ -115.5273, 36.1449 ], [ -115.5268, 36.1431 ], [ -115.5282, 36.1425 ], [ -115.5281, 36.1419 ], [ -115.5295, 36.1417 ], [ -115.5301, 36.1408 ], [ -115.5298, 36.1403 ], [ -115.5308, 36.1377 ], [ -115.5303, 36.1371 ], [ -115.531, 36.1359 ], [ -115.53, 36.1346 ], [ -115.5311, 36.1338 ], [ -115.5313, 36.1317 ], [ -115.5325, 36.1305 ], [ -115.5362, 36.1291 ], [ -115.5366, 36.1296 ], [ -115.54, 36.1285 ], [ -115.5404, 36.1288 ], [ -115.5409, 36.1286 ], [ -115.5431, 36.1273 ], [ -115.5444, 36.1236 ], [ -115.5465, 36.1213 ], [ -115.5491, 36.1196 ], [ -115.5507, 36.1192 ], [ -115.552, 36.1182 ], [ -115.5541, 36.1172 ], [ -115.5579, 36.1209 ], [ -115.5611, 36.1131 ], [ -115.5623, 36.1116 ], [ -115.5752, 36.1083 ], [ -115.5757, 36.1093 ], [ -115.5756, 36.1109 ], [ -115.5718, 36.1295 ], [ -115.5703, 36.1403 ], [ -115.5709, 36.1491 ], [ -115.572, 36.1519 ], [ -115.5712, 36.1556 ], [ -115.5723, 36.1574 ], [ -115.574, 36.1622 ], [ -115.5782, 36.1679 ], [ -115.5794, 36.17 ], [ -115.5847, 36.1751 ], [ -115.5867, 36.1765 ], [ -115.5882, 36.1769 ], [ -115.5889, 36.1792 ], [ -115.5898, 36.1797 ], [ -115.5918, 36.1851 ], [ -115.5942, 36.1872 ], [ -115.5961, 36.1882 ], [ -115.5963, 36.1891 ], [ -115.5959, 36.1899 ], [ -115.5952, 36.1902 ], [ -115.5953, 36.192 ], [ -115.596, 36.1934 ], [ -115.5971, 36.1941 ], [ -115.5975, 36.195 ], [ -115.5999, 36.1973 ], [ -115.6, 36.1992 ], [ -115.6008, 36.2008 ], [ -115.6013, 36.2032 ], [ -115.602, 36.2037 ], [ -115.6022, 36.2051 ], [ -115.6031, 36.2063 ], [ -115.6049, 36.2071 ], [ -115.6065, 36.2111 ], [ -115.6075, 36.2122 ], [ -115.608, 36.2136 ], [ -115.6087, 36.2139 ], [ -115.6086, 36.2151 ], [ -115.6091, 36.2165 ], [ -115.6123, 36.2197 ], [ -115.6141, 36.2209 ], [ -115.6149, 36.2223 ], [ -115.6149, 36.2234 ], [ -115.6159, 36.2242 ], [ -115.6164, 36.2258 ], [ -115.6195, 36.229 ], [ -115.618, 36.231 ] ] ] } },
{ "type": "Feature", "properties": { "GEOIDFQ": "1400000US32003003654", "NAME": "36.54", "NAMELSAD": "Census Tract 36.54" }, "geometry": { "type": "Polygon", "coordinates": [ [ [ -115.1618, 36.2617 ], [ -115.1588, 36.261 ], [ -115.1567, 36.2612 ], [ -115.1541, 36.2596 ], [ -115.1534, 36.2587 ], [ -115.1531, 36.2544 ], [ -115.1578, 36.2543 ], [ -115.1588, 36.2547 ], [ -115.1598, 36.2556 ], [ -115.1599, 36.2574 ], [ -115.1606, 36.258 ], [ -115.171, 36.258 ], [ -115.171, 36.2617 ], [ -115.1618, 36.2617 ] ] ] } },
{ "type": "Feature", "properties": { "GEOIDFQ": "1400000US32003003652", "NAME": "36.52", "NAMELSAD": "Census Tract 36.52" }, "geometry": { "type": "Polygon", "coordinates": [ [ [ -115.1348, 36.2763 ], [ -115.126, 36.2763 ], [ -115.1258, 36.2614 ], [ -115.1347, 36.2613 ], [ -115.1348, 36.2763 ] ] ] } },
{ "type": "Feature", "properties": { "GEOIDFQ": "1400000US32003005859", "NAME": "58.59", "NAMELSAD": "Census Tract 58.59" }, "geometry": { "type": "Polygon", "coordinates": [ [ [ -115.2874, 36.0628 ], [ -115.2846, 36.0611 ], [ -115.2793, 36.061 ], [ -115.2792, 36.0556 ], [ -115.2881, 36.0555 ], [ -115.2883, 36.0591 ], [ -115.2929, 36.0592 ], [ -115.293, 36.0629 ], [ -115.2874, 36.0628 ] ] ] } },
{ "type": "Feature", "properties": { "GEOIDFQ": "1400000US32003002852", "NAME": "28.52", "NAMELSAD": "Census Tract 28.52" }, "geometry": { "type": "Polygon", "coordinates": [ [ [ -115.1637, 35.9939 ], [ -115.1549, 35.9939 ], [ -115.1549, 35.9993 ], [ -115.1504, 35.9993 ], [ -115.1501, 35.9961 ], [ -115.1479, 35.9937 ], [ -115.1497, 35.9924 ], [ -115.1509, 35.9921 ], [ -115.1548, 35.992 ], [ -115.1548, 35.9884 ], [ -115.1637, 35.9884 ], [ -115.1637, 35.9939 ] ] ] } },
{ "type": "Feature", "properties": { "GEOIDFQ": "1400000US32003005111", "NAME": "51.11", "NAMELSAD": "Census Tract 51.11" }, "geometry": { "type": "Polygon", "coordinates": [ [ [ -115.0585, 36.0731 ], [ -115.056, 36.073 ], [ -115.0563, 36.0746 ], [ -115.0586, 36.0773 ], [ -115.0586, 36.0834 ], [ -115.0579, 36.0844 ], [ -115.0551, 36.0826 ], [ -115.0537, 36.0822 ], [ -115.0516, 36.0824 ], [ -115.0498, 36.0832 ], [ -115.0446, 36.0805 ], [ -115.046, 36.0763 ], [ -115.0462, 36.0637 ], [ -115.0527, 36.0637 ], [ -115.0524, 36.0659 ], [ -115.0552, 36.066 ], [ -115.0551, 36.071 ], [ -115.0597, 36.0709 ], [ -115.0597, 36.0721 ], [ -115.0585, 36.0731 ] ] ] } },
{ "type": "Feature", "properties": { "GEOIDFQ": "1400000US32003005116", "NAME": "51.16", "NAMELSAD": "Census Tract 51.16" }, "geometry": { "type": "Polygon", "coordinates": [ [ [ -115.0462, 36.0562 ], [ -115.0287, 36.0564 ], [ -115.0293, 36.0419 ], [ -115.0323, 36.0419 ], [ -115.0324, 36.0439 ], [ -115.0352, 36.0439 ], [ -115.0354, 36.0431 ], [ -115.0359, 36.0431 ], [ -115.0358, 36.0443 ], [ -115.0349, 36.0466 ], [ -115.036, 36.0467 ], [ -115.0359, 36.0472 ], [ -115.0354, 36.0472 ], [ -115.0353, 36.0487 ], [ -115.0377, 36.0487 ], [ -115.0377, 36.049 ], [ -115.0465, 36.049 ], [ -115.0462, 36.0562 ] ] ] } },
{ "type": "Feature", "properties": { "GEOIDFQ": "1400000US32003003646", "NAME": "36.46", "NAMELSAD": "Census Tract 36.46" }, "geometry": { "type": "Polygon", "coordinates": [ [ [ -115.2074, 36.232 ], [ -115.1983, 36.232 ], [ -115.1974, 36.2174 ], [ -115.2075, 36.2173 ], [ -115.2074, 36.232 ] ] ] } },
{ "type": "Feature", "properties": { "GEOIDFQ": "1400000US32003003655", "NAME": "36.55", "NAMELSAD": "Census Tract 36.55" }, "geometry": { "type": "Polygon", "coordinates": [ [ [ -115.1606, 36.258 ], [ -115.1599, 36.2574 ], [ -115.1598, 36.2556 ], [ -115.1588, 36.2547 ], [ -115.1578, 36.2543 ], [ -115.1531, 36.2544 ], [ -115.1531, 36.2492 ], [ -115.154, 36.2475 ], [ -115.1548, 36.2469 ], [ -115.1708, 36.2467 ], [ -115.171, 36.258 ], [ -115.1606, 36.258 ] ] ] } },
{ "type": "Feature", "properties": { "GEOIDFQ": "1400000US32003005722", "NAME": "57.22", "NAMELSAD": "Census Tract 57.22" }, "geometry": { "type": "Polygon", "coordinates": [ [ [ -115.1195, 35.9683 ], [ -115.1171, 35.9694 ], [ -115.1031, 35.9694 ], [ -115.1013, 35.9688 ], [ -115.1009, 35.9697 ], [ -115.101, 35.9851 ], [ -115.1002, 35.9836 ], [ -115.0977, 35.9825 ], [ -115.0965, 35.9816 ], [ -115.0948, 35.9781 ], [ -115.0947, 35.977 ], [ -115.0955, 35.9744 ], [ -115.0958, 35.9704 ], [ -115.0977, 35.9665 ], [ -115.0979, 35.965 ], [ -115.0974, 35.9636 ], [ -115.0952, 35.9608 ], [ -115.0944, 35.9574 ], [ -115.0932, 35.9546 ], [ -115.0971, 35.9534 ], [ -115.1016, 35.9535 ], [ -115.1058, 35.955 ], [ -115.1133, 35.96 ], [ -115.1159, 35.9601 ], [ -115.1182, 35.9591 ], [ -115.1204, 35.962 ], [ -115.1209, 35.9637 ], [ -115.121, 35.9661 ], [ -115.1195, 35.9683 ] ] ] } },
{ "type": "Feature", "properties": { "GEOIDFQ": "1400000US32003003270", "NAME": "32.70", "NAMELSAD": "Census Tract 32.70" }, "geometry": { "type": "Polygon", "coordinates": [ [ [ -115.3309, 36.2308 ], [ -115.3309, 36.2325 ], [ -115.3253, 36.2326 ], [ -115.3253, 36.2255 ], [ -115.3262, 36.2215 ], [ -115.3275, 36.2192 ], [ -115.3304, 36.2203 ], [ -115.3316, 36.2216 ], [ -115.332, 36.2278 ], [ -115.3309, 36.2308 ] ] ] } },
{ "type": "Feature", "properties": { "GEOIDFQ": "1400000US32003003665", "NAME": "36.65", "NAMELSAD": "Census Tract 36.65" }, "geometry": { "type": "Polygon", "coordinates": [ [ [ -115.2065, 36.2749 ], [ -115.2022, 36.2751 ], [ -115.1977, 36.2765 ], [ -115.1981, 36.2616 ], [ -115.2072, 36.2616 ], [ -115.2065, 36.2749 ] ] ] } },
{ "type": "Feature", "properties": { "GEOIDFQ": "1400000US32003003664", "NAME": "36.64", "NAMELSAD": "Census Tract 36.64" }, "geometry": { "type": "Polygon", "coordinates": [ [ [ -115.1957, 36.2837 ], [ -115.1946, 36.2842 ], [ -115.1906, 36.2814 ], [ -115.195, 36.2779 ], [ -115.1983, 36.2762 ], [ -115.2022, 36.2751 ], [ -115.2065, 36.2749 ], [ -115.2066, 36.2838 ], [ -115.1957, 36.2837 ] ] ] } },
{ "type": "Feature", "properties": { "GEOIDFQ": "1400000US32003005718", "NAME": "57.18", "NAMELSAD": "Census Tract 57.18" }, "geometry": { "type": "Polygon", "coordinates": [ [ [ -115.1147, 35.9422 ], [ -115.1117, 35.9406 ], [ -115.1071, 35.9399 ], [ -115.1045, 35.9406 ], [ -115.1022, 35.9422 ], [ -115.1014, 35.9413 ], [ -115.1013, 35.9402 ], [ -115.1029, 35.9382 ], [ -115.1032, 35.937 ], [ -115.1028, 35.9356 ], [ -115.1019, 35.9347 ], [ -115.1053, 35.9345 ], [ -115.096, 35.9303 ], [ -115.0982, 35.9286 ], [ -115.1019, 35.9296 ], [ -115.1085, 35.9294 ], [ -115.108, 35.9332 ], [ -115.1086, 35.9348 ], [ -115.1109, 35.9374 ], [ -115.1138, 35.9381 ], [ -115.1157, 35.9393 ], [ -115.1169, 35.9411 ], [ -115.1147, 35.9422 ] ] ] } },
{ "type": "Feature", "properties": { "GEOIDFQ": "1400000US32003003663", "NAME": "36.63", "NAMELSAD": "Census Tract 36.63" }, "geometry": { "type": "Polygon", "coordinates": [ [ [ -115.1938, 36.2986 ], [ -115.1938, 36.291 ], [ -115.1982, 36.2912 ], [ -115.198, 36.2871 ], [ -115.197, 36.286 ], [ -115.1946, 36.2842 ], [ -115.195, 36.2839 ], [ -115.2066, 36.2838 ], [ -115.207, 36.2987 ], [ -115.1938, 36.2986 ] ] ] } },
{ "type": "Feature", "properties": { "GEOIDFQ": "1400000US32003003660", "NAME": "36.60", "NAMELSAD": "Census Tract 36.60" }, "geometry": { "type": "Polygon", "coordinates": [ [ [ -115.1529, 36.2839 ], [ -115.153, 36.2766 ], [ -115.1602, 36.2767 ], [ -115.162, 36.2763 ], [ -115.1643, 36.2751 ], [ -115.1668, 36.2766 ], [ -115.171, 36.2769 ], [ -115.1711, 36.2842 ], [ -115.1529, 36.2839 ] ] ] } },
{ "type": "Feature", "properties": { "GEOIDFQ": "1400000US32003005877", "NAME": "58.77", "NAMELSAD": "Census Tract 58.77" }, "geometry": { "type": "Polygon", "coordinates": [ [ [ -115.4604, 35.9949 ], [ -115.4548, 35.9961 ], [ -115.4513, 35.998 ], [ -115.4507, 35.9999 ], [ -115.4499, 36.0005 ], [ -115.4433, 36.0045 ], [ -115.4405, 36.0051 ], [ -115.4367, 36.0077 ], [ -115.4276, 36.0114 ], [ -115.4252, 36.0128 ], [ -115.4183, 36.0183 ], [ -115.4037, 36.0248 ], [ -115.4013, 36.0268 ], [ -115.3988, 36.0307 ], [ -115.3963, 36.0323 ], [ -115.3935, 36.0328 ], [ -115.3839, 36.0325 ], [ -115.3551, 36.0353 ], [ -115.3508, 36.035 ], [ -115.3359, 36.0313 ], [ -115.3263, 36.0283 ], [ -115.3172, 36.0238 ], [ -115.3078, 36.0218 ], [ -115.2979, 36.0205 ], [ -115.2981, 35.998 ], [ -115.2893, 35.9979 ], [ -115.2801, 35.9982 ], [ -115.2799, 36.0122 ], [ -115.2618, 36.0123 ], [ -115.2613, 35.9842 ], [ -115.2436, 35.9842 ], [ -115.2436, 35.9986 ], [ -115.2412, 35.9988 ], [ -115.2426, 35.9959 ], [ -115.2426, 35.9942 ], [ -115.2421, 35.9926 ], [ -115.2322, 35.9807 ], [ -115.2307, 35.9797 ], [ -115.2258, 35.9789 ], [ -115.2246, 35.9783 ], [ -115.224, 35.9775 ], [ -115.2216, 35.9705 ], [ -115.2208, 35.9693 ], [ -115.21, 35.9624 ], [ -115.2007, 35.9551 ], [ -115.1987, 35.9528 ], [ -115.1983, 35.9512 ], [ -115.1987, 35.9492 ], [ -115.2012, 35.9457 ], [ -115.2019, 35.9414 ], [ -115.2035, 35.9401 ], [ -115.2048, 35.9397 ], [ -115.2096, 35.9395 ], [ -115.2203, 35.9448 ], [ -115.2226, 35.9445 ], [ -115.2238, 35.9433 ], [ -115.2258, 35.9275 ], [ -115.2255, 35.9243 ], [ -115.2236, 35.9185 ], [ -115.2217, 35.9161 ], [ -115.2182, 35.913 ], [ -115.2174, 35.9119 ], [ -115.2172, 35.9107 ], [ -115.2179, 35.9092 ], [ -115.2221, 35.9045 ], [ -115.2262, 35.8934 ], [ -115.2307, 35.8854 ], [ -115.2315, 35.881 ], [ -115.2956, 35.825 ], [ -115.3284, 35.7808 ], [ -115.3703, 35.801 ], [ -115.3792, 35.8063 ], [ -115.3887, 35.8127 ], [ -115.425, 35.8352 ], [ -115.4257, 35.8395 ], [ -115.4262, 35.8401 ], [ -115.4354, 35.8404 ], [ -115.4363, 35.8429 ], [ -115.4438, 35.8553 ], [ -115.4439, 35.8564 ], [ -115.4448, 35.8573 ], [ -115.443, 35.8633 ], [ -115.4392, 35.8639 ], [ -115.4377, 35.8648 ], [ -115.4375, 35.8702 ], [ -115.44, 35.8738 ], [ -115.4397, 35.8805 ], [ -115.44, 35.8818 ], [ -115.4387, 35.8889 ], [ -115.4377, 35.891 ], [ -115.4382, 35.8931 ], [ -115.4383, 35.8968 ], [ -115.4375, 35.899 ], [ -115.4375, 35.9018 ], [ -115.4359, 35.9075 ], [ -115.435, 35.9083 ], [ -115.4339, 35.9108 ], [ -115.4335, 35.9127 ], [ -115.432, 35.9152 ], [ -115.4323, 35.9188 ], [ -115.4315, 35.9209 ], [ -115.4315, 35.924 ], [ -115.4293, 35.9261 ], [ -115.4292, 35.9275 ], [ -115.4305, 35.9303 ], [ -115.4298, 35.9362 ], [ -115.4325, 35.9378 ], [ -115.4355, 35.9404 ], [ -115.4354, 35.9426 ], [ -115.4369, 35.9452 ], [ -115.4381, 35.9486 ], [ -115.4374, 35.9496 ], [ -115.4369, 35.9523 ], [ -115.4376, 35.9535 ], [ -115.4384, 35.9539 ], [ -115.4408, 35.9542 ], [ -115.4436, 35.959 ], [ -115.4435, 35.9603 ], [ -115.4447, 35.9653 ], [ -115.4486, 35.9709 ], [ -115.4509, 35.9754 ], [ -115.4517, 35.9779 ], [ -115.4516, 35.9831 ], [ -115.4509, 35.9882 ], [ -115.4516, 35.9957 ], [ -115.4521, 35.9965 ], [ -115.4596, 35.9941 ], [ -115.4628, 35.9938 ], [ -115.4604, 35.9949 ] ] ] } },
{ "type": "Feature", "properties": { "GEOIDFQ": "1400000US32003003653", "NAME": "36.53", "NAMELSAD": "Census Tract 36.53" }, "geometry": { "type": "Polygon", "coordinates": [ [ [ -115.117, 36.2763 ], [ -115.117, 36.2616 ], [ -115.1258, 36.2614 ], [ -115.126, 36.2763 ], [ -115.117, 36.2763 ] ] ] } },
{ "type": "Feature", "properties": { "GEOIDFQ": "1400000US32003003265", "NAME": "32.65", "NAMELSAD": "Census Tract 32.65" }, "geometry": { "type": "Polygon", "coordinates": [ [ [ -115.3149, 36.2994 ], [ -115.3149, 36.2884 ], [ -115.3334, 36.2883 ], [ -115.3335, 36.2991 ], [ -115.3149, 36.2994 ] ] ] } },
{ "type": "Feature", "properties": { "GEOIDFQ": "1400000US32003003266", "NAME": "32.66", "NAMELSAD": "Census Tract 32.66" }, "geometry": { "type": "Polygon", "coordinates": [ [ [ -115.3334, 36.2883 ], [ -115.3149, 36.2884 ], [ -115.315, 36.2814 ], [ -115.3196, 36.2816 ], [ -115.322, 36.281 ], [ -115.3242, 36.2799 ], [ -115.3257, 36.2785 ], [ -115.3272, 36.2761 ], [ -115.3277, 36.2731 ], [ -115.3276, 36.2656 ], [ -115.327, 36.263 ], [ -115.3257, 36.2611 ], [ -115.3241, 36.2599 ], [ -115.3162, 36.2565 ], [ -115.315, 36.2553 ], [ -115.315, 36.2479 ], [ -115.3332, 36.2478 ], [ -115.3334, 36.2883 ] ] ] } },
{ "type": "Feature", "properties": { "GEOIDFQ": "1400000US32003003647", "NAME": "36.47", "NAMELSAD": "Census Tract 36.47" }, "geometry": { "type": "Polygon", "coordinates": [ [ [ -115.0988, 36.2691 ], [ -115.0801, 36.2693 ], [ -115.0799, 36.2659 ], [ -115.0981, 36.2487 ], [ -115.0988, 36.249 ], [ -115.0988, 36.2691 ] ] ] } },
{ "type": "Feature", "properties": { "GEOIDFQ": "1400000US32003003659", "NAME": "36.59", "NAMELSAD": "Census Tract 36.59" }, "geometry": { "type": "Polygon", "coordinates": [ [ [ -115.1511, 36.2927 ], [ -115.1479, 36.2932 ], [ -115.144, 36.2931 ], [ -115.1304, 36.2908 ], [ -115.1304, 36.2871 ], [ -115.1285, 36.2836 ], [ -115.15, 36.2837 ], [ -115.1526, 36.286 ], [ -115.153, 36.2869 ], [ -115.1533, 36.2927 ], [ -115.1511, 36.2927 ] ] ] } },
{ "type": "Feature", "properties": { "GEOIDFQ": "1400000US32003005442", "NAME": "54.42", "NAMELSAD": "Census Tract 54.42" }, "geometry": { "type": "Polygon", "coordinates": [ [ [ -114.9938, 36.071 ], [ -114.9632, 36.0712 ], [ -114.9601, 36.0724 ], [ -114.9587, 36.0739 ], [ -114.9579, 36.0756 ], [ -114.9574, 36.0756 ], [ -114.9572, 36.0735 ], [ -114.9561, 36.0722 ], [ -114.9581, 36.0699 ], [ -114.9711, 36.0507 ], [ -114.9785, 36.0539 ], [ -114.9804, 36.0544 ], [ -114.9835, 36.0537 ], [ -114.9872, 36.0519 ], [ -114.9921, 36.051 ], [ -114.9938, 36.0537 ], [ -114.9938, 36.071 ] ] ] } },
{ "type": "Feature", "properties": { "GEOIDFQ": "1400000US32003003264", "NAME": "32.64", "NAMELSAD": "Census Tract 32.64" }, "geometry": { "type": "Polygon", "coordinates": [ [ [ -115.3148, 36.3067 ], [ -115.3149, 36.2994 ], [ -115.3335, 36.2991 ], [ -115.3336, 36.3063 ], [ -115.3148, 36.3067 ] ] ] } },
{ "type": "Feature", "properties": { "GEOIDFQ": "1400000US32003003662", "NAME": "36.62", "NAMELSAD": "Census Tract 36.62" }, "geometry": { "type": "Polygon", "coordinates": [ [ [ -115.2072, 36.3134 ], [ -115.1892, 36.313 ], [ -115.1891, 36.2986 ], [ -115.207, 36.2987 ], [ -115.2072, 36.3134 ] ] ] } },
{ "type": "Feature", "properties": { "GEOIDFQ": "1400000US32003002944", "NAME": "29.44", "NAMELSAD": "Census Tract 29.44" }, "geometry": { "type": "Polygon", "coordinates": [ [ [ -115.2791, 36.1093 ], [ -115.2769, 36.1093 ], [ -115.2768, 36.1111 ], [ -115.2719, 36.111 ], [ -115.2719, 36.1095 ], [ -115.2701, 36.1095 ], [ -115.2701, 36.1088 ], [ -115.2708, 36.1088 ], [ -115.2708, 36.1078 ], [ -115.2701, 36.1078 ], [ -115.2701, 36.1073 ], [ -115.2611, 36.1071 ], [ -115.2611, 36.0996 ], [ -115.2793, 36.1001 ], [ -115.2791, 36.1093 ] ] ] } },
{ "type": "Feature", "properties": { "GEOIDFQ": "1400000US32003002946", "NAME": "29.46", "NAMELSAD": "Census Tract 29.46" }, "geometry": { "type": "Polygon", "coordinates": [ [ [ -115.2165, 36.1259 ], [ -115.2081, 36.1263 ], [ -115.208, 36.1154 ], [ -115.2164, 36.1149 ], [ -115.2165, 36.1259 ] ] ] } },
{ "type": "Feature", "properties": { "GEOIDFQ": "1400000US32003002961", "NAME": "29.61", "NAMELSAD": "Census Tract 29.61" }, "geometry": { "type": "Polygon", "coordinates": [ [ [ -115.2251, 36.0926 ], [ -115.2253, 36.0854 ], [ -115.2243, 36.0709 ], [ -115.2245, 36.0678 ], [ -115.2296, 36.0672 ], [ -115.2362, 36.0671 ], [ -115.2425, 36.0675 ], [ -115.2429, 36.0924 ], [ -115.2251, 36.0926 ] ] ] } },
{ "type": "Feature", "properties": { "GEOIDFQ": "1400000US32007951401", "NAME": "9514.01", "NAMELSAD": "Census Tract 9514.01" }, "geometry": { "type": "Polygon", "coordinates": [ [ [ -115.7282, 40.8448 ], [ -115.7224, 40.8474 ], [ -115.7179, 40.8519 ], [ -115.719, 40.8534 ], [ -115.7205, 40.8541 ], [ -115.7205, 40.8551 ], [ -115.7199, 40.8551 ], [ -115.7178, 40.8573 ], [ -115.718, 40.8576 ], [ -115.7196, 40.8573 ], [ -115.7201, 40.8593 ], [ -115.719, 40.8604 ], [ -115.7183, 40.8601 ], [ -115.7177, 40.8594 ], [ -115.7171, 40.8595 ], [ -115.7168, 40.8603 ], [ -115.7158, 40.8603 ], [ -115.7162, 40.862 ], [ -115.7156, 40.8628 ], [ -115.7162, 40.8641 ], [ -115.7184, 40.8649 ], [ -115.7182, 40.8669 ], [ -115.7185, 40.8684 ], [ -115.722, 40.8653 ], [ -115.7265, 40.8671 ], [ -115.7287, 40.8687 ], [ -115.7281, 40.8693 ], [ -115.7286, 40.8694 ], [ -115.7162, 40.8812 ], [ -115.7144, 40.8846 ], [ -115.7123, 40.8912 ], [ -115.7104, 40.8945 ], [ -115.687, 40.9191 ], [ -115.6667, 40.9329 ], [ -115.6623, 40.9354 ], [ -115.6331, 40.948 ], [ -115.6275, 40.9495 ], [ -115.5625, 40.9491 ], [ -115.524, 40.9493 ], [ -115.4675, 40.9582 ], [ -115.4596, 40.9602 ], [ -115.4558, 40.9617 ], [ -115.4515, 40.9641 ], [ -115.4479, 40.9667 ], [ -115.4451, 40.9693 ], [ -115.4414, 40.9743 ], [ -115.4239, 41.0001 ], [ -115.4203, 41.0043 ], [ -115.3956, 41.0232 ], [ -115.3892, 41.027 ], [ -115.3315, 41.0545 ], [ -115.2934, 41.0722 ], [ -115.2889, 41.0668 ], [ -115.2836, 41.0635 ], [ -115.2749, 41.0541 ], [ -115.2647, 41.0446 ], [ -115.2649, 41.0364 ], [ -115.2663, 41.0361 ], [ -115.3232, 40.9999 ], [ -115.4158, 40.9419 ], [ -115.4376, 40.9257 ], [ -115.5708, 40.8781 ], [ -115.5966, 40.8695 ], [ -115.6111, 40.8636 ], [ -115.6614, 40.8454 ], [ -115.6615, 40.8254 ], [ -115.6614, 40.8251 ], [ -115.6583, 40.8251 ], [ -115.6619, 40.8214 ], [ -115.6582, 40.8198 ], [ -115.6568, 40.8184 ], [ -115.6539, 40.8135 ], [ -115.654, 40.8125 ], [ -115.657, 40.8102 ], [ -115.6576, 40.8087 ], [ -115.6573, 40.8076 ], [ -115.6549, 40.8041 ], [ -115.6548, 40.8028 ], [ -115.657, 40.7978 ], [ -115.6609, 40.7946 ], [ -115.6674, 40.7932 ], [ -115.6699, 40.7932 ], [ -115.674, 40.7927 ], [ -115.6762, 40.7854 ], [ -115.6976, 40.7885 ], [ -115.7, 40.7895 ], [ -115.7145, 40.7988 ], [ -115.7174, 40.8017 ], [ -115.7189, 40.8041 ], [ -115.7224, 40.8123 ], [ -115.7246, 40.8201 ], [ -115.7266, 40.8234 ], [ -115.7302, 40.8276 ], [ -115.7316, 40.8324 ], [ -115.7329, 40.8336 ], [ -115.7344, 40.8343 ], [ -115.7371, 40.8347 ], [ -115.7394, 40.8343 ], [ -115.7394, 40.835 ], [ -115.7282, 40.8448 ] ] ] } },
{ "type": "Feature", "properties": { "GEOIDFQ": "1400000US32013010702", "NAME": "107.02", "NAMELSAD": "Census Tract 107.02" }, "geometry": { "type": "Polygon", "coordinates": [ [ [ -117.7731, 40.9095 ], [ -117.7719, 40.912 ], [ -117.7479, 40.9453 ], [ -117.7263, 40.9451 ], [ -117.7158, 40.9454 ], [ -117.7163, 40.98 ], [ -117.7158, 40.9801 ], [ -117.716, 40.9831 ], [ -117.6888, 40.9885 ], [ -117.6836, 40.9898 ], [ -117.5928, 41.0258 ], [ -117.5926, 41.0253 ], [ -117.5947, 41.0243 ], [ -117.595, 41.0205 ], [ -117.5965, 41.0192 ], [ -117.5996, 41.0139 ], [ -117.6033, 41.0092 ], [ -117.6045, 41.004 ], [ -117.6064, 41.0003 ], [ -117.6071, 40.9972 ], [ -117.6077, 40.9961 ], [ -117.6081, 40.992 ], [ -117.6088, 40.9897 ], [ -117.6089, 40.9852 ], [ -117.6068, 40.9809 ], [ -117.6053, 40.9804 ], [ -117.6047, 40.9791 ], [ -117.6061, 40.9782 ], [ -117.6058, 40.9771 ], [ -117.606, 40.9744 ], [ -117.6067, 40.9723 ], [ -117.6081, 40.9713 ], [ -117.6088, 40.9699 ], [ -117.6083, 40.9669 ], [ -117.6077, 40.9657 ], [ -117.6079, 40.9631 ], [ -117.6067, 40.9593 ], [ -117.6003, 40.9582 ], [ -117.6009, 40.954 ], [ -117.6031, 40.9476 ], [ -117.6033, 40.9453 ], [ -117.6015, 40.9398 ], [ -117.6024, 40.9376 ], [ -117.6024, 40.9316 ], [ -117.6007, 40.9287 ], [ -117.6014, 40.9154 ], [ -117.6029, 40.9097 ], [ -117.6052, 40.9067 ], [ -117.6138, 40.9002 ], [ -117.6165, 40.8963 ], [ -117.6197, 40.8935 ], [ -117.6239, 40.8884 ], [ -117.6253, 40.8862 ], [ -117.6255, 40.8846 ], [ -117.6245, 40.8734 ], [ -117.6193, 40.8702 ], [ -117.6176, 40.8656 ], [ -117.6154, 40.8628 ], [ -117.6083, 40.8612 ], [ -117.6075, 40.8607 ], [ -117.6072, 40.8598 ], [ -117.608, 40.8579 ], [ -117.6076, 40.8546 ], [ -117.6089, 40.8494 ], [ -117.6116, 40.843 ], [ -117.6135, 40.8358 ], [ -117.6161, 40.835 ], [ -117.6179, 40.8335 ], [ -117.6188, 40.8343 ], [ -117.6219, 40.8351 ], [ -117.6233, 40.8349 ], [ -117.6239, 40.8342 ], [ -117.6278, 40.8348 ], [ -117.6301, 40.8342 ], [ -117.6316, 40.8332 ], [ -117.6326, 40.8299 ], [ -117.6338, 40.8292 ], [ -117.6346, 40.8276 ], [ -117.6389, 40.8251 ], [ -117.6394, 40.8249 ], [ -117.6412, 40.8254 ], [ -117.6424, 40.8283 ], [ -117.6441, 40.8293 ], [ -117.6442, 40.8578 ], [ -117.7558, 40.8577 ], [ -117.7617, 40.8758 ], [ -117.7651, 40.8876 ], [ -117.773, 40.9054 ], [ -117.7734, 40.9077 ], [ -117.7731, 40.9095 ] ] ] } },
{ "type": "Feature", "properties": { "GEOIDFQ": "1400000US32007951202", "NAME": "9512.02", "NAMELSAD": "Census Tract 9512.02" }, "geometry": { "type": "Polygon", "coordinates": [ [ [ -116.0916, 40.4479 ], [ -116.0866, 40.4476 ], [ -116.0821, 40.4479 ], [ -116.0803, 40.4484 ], [ -116.076, 40.4482 ], [ -116.0742, 40.4489 ], [ -116.0684, 40.4516 ], [ -116.067, 40.4527 ], [ -116.0644, 40.4555 ], [ -116.0614, 40.4576 ], [ -116.0603, 40.4597 ], [ -116.0578, 40.4625 ], [ -116.0538, 40.4648 ], [ -116.0497, 40.4649 ], [ -116.0466, 40.4655 ], [ -116.0451, 40.4647 ], [ -116.0427, 40.464 ], [ -116.0373, 40.4645 ], [ -116.0353, 40.4642 ], [ -116.0341, 40.4637 ], [ -116.0331, 40.4641 ], [ -116.0308, 40.4636 ], [ -116.0293, 40.4638 ], [ -116.0283, 40.4635 ], [ -116.028, 40.4628 ], [ -116.0255, 40.4623 ], [ -116.0214, 40.4596 ], [ -116.0206, 40.4596 ], [ -116.0195, 40.4591 ], [ -116.0179, 40.4591 ], [ -116.0174, 40.4577 ], [ -116.0155, 40.457 ], [ -116.0111, 40.4544 ], [ -116.0104, 40.4527 ], [ -116.0097, 40.452 ], [ -116.0088, 40.452 ], [ -116.0078, 40.4501 ], [ -116.0059, 40.4492 ], [ -116.0022, 40.4454 ], [ -116.001, 40.4409 ], [ -115.9975, 40.4372 ], [ -115.9945, 40.4373 ], [ -115.9905, 40.4364 ], [ -115.9869, 40.433 ], [ -115.9836, 40.4312 ], [ -115.9789, 40.4321 ], [ -115.9748, 40.4307 ], [ -115.9728, 40.4295 ], [ -115.9704, 40.4261 ], [ -115.9665, 40.4263 ], [ -115.9632, 40.4254 ], [ -115.9615, 40.4256 ], [ -115.9605, 40.4263 ], [ -115.9596, 40.4263 ], [ -115.9579, 40.4271 ], [ -115.956, 40.4302 ], [ -115.9567, 40.4309 ], [ -115.9561, 40.4328 ], [ -115.9566, 40.4332 ], [ -115.9563, 40.4356 ], [ -115.9551, 40.4364 ], [ -115.9537, 40.4365 ], [ -115.9535, 40.4375 ], [ -115.9522, 40.4378 ], [ -115.949, 40.4422 ], [ -115.9451, 40.4424 ], [ -115.9423, 40.4414 ], [ -115.9411, 40.4405 ], [ -115.9385, 40.4401 ], [ -115.9352, 40.4385 ], [ -115.9329, 40.4389 ], [ -115.9321, 40.4385 ], [ -115.9301, 40.4366 ], [ -115.9301, 40.4354 ], [ -115.9294, 40.4341 ], [ -115.9295, 40.4317 ], [ -115.929, 40.4301 ], [ -115.9257, 40.4275 ], [ -115.9254, 40.4265 ], [ -115.9244, 40.4274 ], [ -115.9232, 40.4295 ], [ -115.9223, 40.4302 ], [ -115.9159, 40.4377 ], [ -115.9085, 40.4441 ], [ -115.9061, 40.449 ], [ -115.9042, 40.4502 ], [ -115.9041, 40.4507 ], [ -115.905, 40.4516 ], [ -115.9045, 40.4529 ], [ -115.8994, 40.458 ], [ -115.8994, 40.4592 ], [ -115.8987, 40.4602 ], [ -115.8981, 40.465 ], [ -115.9008, 40.4716 ], [ -115.9017, 40.4731 ], [ -115.9034, 40.4742 ], [ -115.904, 40.4766 ], [ -115.9076, 40.4788 ], [ -115.9106, 40.4796 ], [ -115.9118, 40.4811 ], [ -115.9085, 40.4842 ], [ -115.9053, 40.4885 ], [ -115.9046, 40.489 ], [ -115.902, 40.4889 ], [ -115.9, 40.4897 ], [ -115.8971, 40.4896 ], [ -115.8947, 40.4901 ], [ -115.8893, 40.4927 ], [ -115.888, 40.4924 ], [ -115.8856, 40.4925 ], [ -115.8842, 40.4919 ], [ -115.8833, 40.492 ], [ -115.8802, 40.4951 ], [ -115.8783, 40.4959 ], [ -115.8771, 40.4959 ], [ -115.876, 40.4951 ], [ -115.8745, 40.4907 ], [ -115.8745, 40.4888 ], [ -115.8734, 40.4887 ], [ -115.8728, 40.4898 ], [ -115.8708, 40.4914 ], [ -115.8714, 40.4934 ], [ -115.8704, 40.4985 ], [ -115.8701, 40.5022 ], [ -115.8688, 40.5049 ], [ -115.8692, 40.5058 ], [ -115.8678, 40.5081 ], [ -115.8663, 40.5129 ], [ -115.8653, 40.5138 ], [ -115.8632, 40.5222 ], [ -115.8601, 40.5254 ], [ -115.8575, 40.5296 ], [ -115.8571, 40.5333 ], [ -115.8561, 40.535 ], [ -115.8547, 40.5364 ], [ -115.8567, 40.5375 ], [ -115.8584, 40.5392 ], [ -115.8577, 40.5428 ], [ -115.8579, 40.5441 ], [ -115.8572, 40.5502 ], [ -115.8583, 40.5513 ], [ -115.8582, 40.5523 ], [ -115.8594, 40.5544 ], [ -115.8594, 40.5574 ], [ -115.8587, 40.5586 ], [ -115.8587, 40.5596 ], [ -115.8611, 40.5624 ], [ -115.8615, 40.565 ], [ -115.8608, 40.566 ], [ -115.8614, 40.5689 ], [ -115.8611, 40.5702 ], [ -115.863, 40.5744 ], [ -115.8651, 40.5779 ], [ -115.8655, 40.5806 ], [ -115.8668, 40.5825 ], [ -115.8675, 40.5868 ], [ -115.8686, 40.5891 ], [ -115.8683, 40.5917 ], [ -115.8665, 40.5943 ], [ -115.867, 40.5961 ], [ -115.867, 40.602 ], [ -115.8678, 40.6063 ], [ -115.8663, 40.6088 ], [ -115.8663, 40.6103 ], [ -115.865, 40.613 ], [ -115.8603, 40.6171 ], [ -115.8565, 40.6215 ], [ -115.8567, 40.6224 ], [ -115.8618, 40.6269 ], [ -115.8624, 40.6283 ], [ -115.8633, 40.629 ], [ -115.8626, 40.6294 ], [ -115.8625, 40.6298 ], [ -115.8617, 40.6295 ], [ -115.8607, 40.6298 ], [ -115.8609, 40.6303 ], [ -115.8603, 40.6304 ], [ -115.8586, 40.6328 ], [ -115.8592, 40.6333 ], [ -115.8592, 40.6343 ], [ -115.8582, 40.6348 ], [ -115.859, 40.6358 ], [ -115.8579, 40.6359 ], [ -115.8579, 40.6369 ], [ -115.8565, 40.6371 ], [ -115.8567, 40.6383 ], [ -115.8557, 40.6384 ], [ -115.8549, 40.639 ], [ -115.855, 40.6394 ], [ -115.8536, 40.6403 ], [ -115.8541, 40.6414 ], [ -115.8531, 40.643 ], [ -115.8539, 40.6429 ], [ -115.8541, 40.6434 ], [ -115.8529, 40.6437 ], [ -115.8519, 40.646 ], [ -115.8529, 40.6468 ], [ -115.8523, 40.6474 ], [ -115.8525, 40.6487 ], [ -115.8519, 40.6494 ], [ -115.8535, 40.6515 ], [ -115.8532, 40.6527 ], [ -115.8541, 40.653 ], [ -115.8537, 40.6532 ], [ -115.8536, 40.6541 ], [ -115.854, 40.6552 ], [ -115.8538, 40.657 ], [ -115.8544, 40.6576 ], [ -115.8547, 40.6594 ], [ -115.8538, 40.6595 ], [ -115.8521, 40.6628 ], [ -115.8514, 40.6657 ], [ -115.8518, 40.6675 ], [ -115.8506, 40.6676 ], [ -115.8504, 40.6687 ], [ -115.8496, 40.6693 ], [ -115.8498, 40.6714 ], [ -115.8492, 40.6721 ], [ -115.8498, 40.6727 ], [ -115.8492, 40.6733 ], [ -115.8481, 40.6736 ], [ -115.8484, 40.6742 ], [ -115.8474, 40.6742 ], [ -115.8479, 40.6756 ], [ -115.8473, 40.6767 ], [ -115.8486, 40.6779 ], [ -115.848, 40.6788 ], [ -115.8464, 40.6793 ], [ -115.8462, 40.68 ], [ -115.8441, 40.6817 ], [ -115.8443, 40.6829 ], [ -115.8421, 40.6833 ], [ -115.8417, 40.6839 ], [ -115.8414, 40.6847 ], [ -115.8423, 40.6861 ], [ -115.8421, 40.6877 ], [ -115.8413, 40.6887 ], [ -115.8391, 40.6896 ], [ -115.8367, 40.6895 ], [ -115.8356, 40.6897 ], [ -115.8342, 40.6912 ], [ -115.8337, 40.6936 ], [ -115.8329, 40.6944 ], [ -115.833, 40.6961 ], [ -115.8349, 40.6977 ], [ -115.8373, 40.7015 ], [ -115.8354, 40.7039 ], [ -115.8362, 40.7071 ], [ -115.8377, 40.7086 ], [ -115.8376, 40.7091 ], [ -115.8361, 40.7104 ], [ -115.836, 40.7109 ], [ -115.8362, 40.7115 ], [ -115.8385, 40.7125 ], [ -115.8382, 40.7139 ], [ -115.8385, 40.7156 ], [ -115.8379, 40.7165 ], [ -115.8363, 40.7171 ], [ -115.8354, 40.7187 ], [ -115.8343, 40.7179 ], [ -115.8331, 40.718 ], [ -115.8332, 40.7202 ], [ -115.8315, 40.7207 ], [ -115.8316, 40.722 ], [ -115.8312, 40.7231 ], [ -115.8291, 40.7248 ], [ -115.8293, 40.7265 ], [ -115.8283, 40.7292 ], [ -115.8285, 40.7297 ], [ -115.8297, 40.7303 ], [ -115.8333, 40.731 ], [ -115.8356, 40.7322 ], [ -115.8355, 40.7353 ], [ -115.8318, 40.7361 ], [ -115.8314, 40.7374 ], [ -115.8321, 40.7383 ], [ -115.8349, 40.739 ], [ -115.8366, 40.7388 ], [ -115.8393, 40.736 ], [ -115.8401, 40.7342 ], [ -115.841, 40.7337 ], [ -115.8434, 40.7351 ], [ -115.844, 40.7367 ], [ -115.8511, 40.7357 ], [ -115.8519, 40.7366 ], [ -115.8521, 40.7379 ], [ -115.8518, 40.7383 ], [ -115.8508, 40.7386 ], [ -115.8469, 40.7385 ], [ -115.8445, 40.7403 ], [ -115.8468, 40.7414 ], [ -115.8481, 40.7446 ], [ -115.8501, 40.7467 ], [ -115.8513, 40.7469 ], [ -115.854, 40.7456 ], [ -115.8557, 40.7442 ], [ -115.8579, 40.7439 ], [ -115.8599, 40.7452 ], [ -115.8608, 40.7466 ], [ -115.862, 40.7473 ], [ -115.8647, 40.7474 ], [ -115.8663, 40.7482 ], [ -115.8676, 40.7481 ], [ -115.8683, 40.7495 ], [ -115.8693, 40.7499 ], [ -115.8688, 40.7504 ], [ -115.8705, 40.7508 ], [ -115.8705, 40.7515 ], [ -115.8734, 40.7508 ], [ -115.8737, 40.7501 ], [ -115.8743, 40.7503 ], [ -115.8748, 40.751 ], [ -115.8738, 40.7516 ], [ -115.8743, 40.7528 ], [ -115.8734, 40.7532 ], [ -115.8736, 40.754 ], [ -115.8745, 40.754 ], [ -115.875, 40.7532 ], [ -115.8752, 40.7543 ], [ -115.8762, 40.7537 ], [ -115.8793, 40.754 ], [ -115.8796, 40.7543 ], [ -115.8795, 40.7555 ], [ -115.8799, 40.7557 ], [ -115.8809, 40.7557 ], [ -115.8811, 40.755 ], [ -115.8819, 40.7548 ], [ -115.8821, 40.7559 ], [ -115.8813, 40.7587 ], [ -115.8825, 40.7587 ], [ -115.8836, 40.7596 ], [ -115.8851, 40.76 ], [ -115.8889, 40.7634 ], [ -115.8882, 40.7644 ], [ -115.8885, 40.765 ], [ -115.8894, 40.7652 ], [ -115.8886, 40.7661 ], [ -115.8893, 40.7676 ], [ -115.8885, 40.7685 ], [ -115.8887, 40.7699 ], [ -115.8876, 40.7701 ], [ -115.8873, 40.7705 ], [ -115.8877, 40.7713 ], [ -115.8893, 40.7712 ], [ -115.8897, 40.7724 ], [ -115.8894, 40.7735 ], [ -115.8898, 40.7737 ], [ -115.8912, 40.7732 ], [ -115.8935, 40.7729 ], [ -115.8946, 40.7722 ], [ -115.8956, 40.7726 ], [ -115.8964, 40.7725 ], [ -115.897, 40.7718 ], [ -115.8998, 40.772 ], [ -115.9008, 40.7711 ], [ -115.9012, 40.7715 ], [ -115.9007, 40.7734 ], [ -115.9015, 40.7733 ], [ -115.9026, 40.7726 ], [ -115.9029, 40.7718 ], [ -115.902, 40.7701 ], [ -115.9034, 40.7692 ], [ -115.908, 40.7695 ], [ -115.9096, 40.7704 ], [ -115.9108, 40.77 ], [ -115.9111, 40.7691 ], [ -115.9107, 40.7682 ], [ -115.9115, 40.7672 ], [ -115.911, 40.7663 ], [ -115.9124, 40.7639 ], [ -115.9119, 40.7629 ], [ -115.9144, 40.7628 ], [ -115.9141, 40.7614 ], [ -115.9148, 40.7609 ], [ -115.9149, 40.7602 ], [ -115.9195, 40.7652 ], [ -115.9184, 40.7658 ], [ -115.9183, 40.7662 ], [ -115.9188, 40.7664 ], [ -115.9198, 40.7658 ], [ -115.9207, 40.7669 ], [ -115.9064, 40.7733 ], [ -115.8766, 40.7822 ], [ -115.8715, 40.7841 ], [ -115.8715, 40.7837 ], [ -115.8709, 40.784 ], [ -115.8505, 40.7931 ], [ -115.8285, 40.8054 ], [ -115.828, 40.8025 ], [ -115.8288, 40.8022 ], [ -115.8288, 40.8017 ], [ -115.8281, 40.8013 ], [ -115.8256, 40.802 ], [ -115.8251, 40.8023 ], [ -115.8248, 40.8033 ], [ -115.8234, 40.8035 ], [ -115.8226, 40.8043 ], [ -115.8202, 40.8046 ], [ -115.8189, 40.8059 ], [ -115.8167, 40.806 ], [ -115.8167, 40.8073 ], [ -115.816, 40.8077 ], [ -115.8155, 40.8077 ], [ -115.8156, 40.8069 ], [ -115.8149, 40.8066 ], [ -115.8149, 40.806 ], [ -115.8141, 40.8053 ], [ -115.8136, 40.8054 ], [ -115.8135, 40.8063 ], [ -115.8125, 40.8068 ], [ -115.8117, 40.8085 ], [ -115.8104, 40.8075 ], [ -115.8096, 40.8075 ], [ -115.8103, 40.8087 ], [ -115.81, 40.8091 ], [ -115.8087, 40.8079 ], [ -115.8071, 40.8077 ], [ -115.8066, 40.8085 ], [ -115.808, 40.8086 ], [ -115.8073, 40.8093 ], [ -115.8077, 40.8104 ], [ -115.8073, 40.8109 ], [ -115.8066, 40.8108 ], [ -115.8065, 40.8096 ], [ -115.8058, 40.8096 ], [ -115.8057, 40.8112 ], [ -115.8049, 40.8116 ], [ -115.8044, 40.8104 ], [ -115.8039, 40.8104 ], [ -115.8031, 40.8111 ], [ -115.8026, 40.8108 ], [ -115.8029, 40.8098 ], [ -115.8012, 40.8095 ], [ -115.801, 40.81 ], [ -115.8002, 40.8102 ], [ -115.8018, 40.8124 ], [ -115.8017, 40.813 ], [ -115.8006, 40.8133 ], [ -115.8006, 40.812 ], [ -115.7991, 40.8127 ], [ -115.7986, 40.8126 ], [ -115.7986, 40.8121 ], [ -115.7972, 40.8124 ], [ -115.7969, 40.8143 ], [ -115.7957, 40.8144 ], [ -115.7958, 40.8151 ], [ -115.793, 40.815 ], [ -115.7927, 40.8155 ], [ -115.7939, 40.8159 ], [ -115.7932, 40.8165 ], [ -115.7934, 40.8173 ], [ -115.7923, 40.8173 ], [ -115.7913, 40.8182 ], [ -115.7908, 40.8181 ], [ -115.7911, 40.8171 ], [ -115.7906, 40.8161 ], [ -115.7895, 40.8166 ], [ -115.7891, 40.8172 ], [ -115.7869, 40.8168 ], [ -115.787, 40.818 ], [ -115.7863, 40.8187 ], [ -115.7854, 40.8184 ], [ -115.7856, 40.8178 ], [ -115.7797, 40.8178 ], [ -115.7795, 40.8187 ], [ -115.778, 40.8197 ], [ -115.7747, 40.8203 ], [ -115.7745, 40.8207 ], [ -115.7697, 40.8228 ], [ -115.7682, 40.8231 ], [ -115.7649, 40.823 ], [ -115.7583, 40.8294 ], [ -115.7542, 40.8266 ], [ -115.7529, 40.8264 ], [ -115.751, 40.8265 ], [ -115.7487, 40.8274 ], [ -115.7408, 40.8336 ], [ -115.7394, 40.8343 ], [ -115.7362, 40.8347 ], [ -115.7334, 40.8339 ], [ -115.7312, 40.8317 ], [ -115.7302, 40.8276 ], [ -115.7266, 40.8234 ], [ -115.7249, 40.8206 ], [ -115.7224, 40.8123 ], [ -115.7191, 40.8046 ], [ -115.7176, 40.802 ], [ -115.7151, 40.7993 ], [ -115.7, 40.7895 ], [ -115.6976, 40.7885 ], [ -115.6762, 40.7854 ], [ -115.6831, 40.7642 ], [ -115.685, 40.7622 ], [ -115.6916, 40.7586 ], [ -115.693, 40.7572 ], [ -115.6986, 40.743 ], [ -115.698, 40.743 ], [ -115.6975, 40.7439 ], [ -115.6953, 40.7457 ], [ -115.6947, 40.746 ], [ -115.6941, 40.7458 ], [ -115.6931, 40.7472 ], [ -115.6918, 40.7478 ], [ -115.6909, 40.7494 ], [ -115.6898, 40.7503 ], [ -115.6877, 40.7506 ], [ -115.6864, 40.7515 ], [ -115.6855, 40.7514 ], [ -115.6854, 40.7518 ], [ -115.6833, 40.752 ], [ -115.6831, 40.7535 ], [ -115.6823, 40.7532 ], [ -115.6821, 40.7535 ], [ -115.6818, 40.7532 ], [ -115.681, 40.7538 ], [ -115.68, 40.7537 ], [ -115.6772, 40.7526 ], [ -115.6751, 40.7523 ], [ -115.6735, 40.7511 ], [ -115.6732, 40.7504 ], [ -115.6722, 40.7499 ], [ -115.6722, 40.7493 ], [ -115.6703, 40.7476 ], [ -115.669, 40.7471 ], [ -115.6689, 40.7461 ], [ -115.667, 40.7429 ], [ -115.6657, 40.7394 ], [ -115.663, 40.7386 ], [ -115.6608, 40.737 ], [ -115.6604, 40.7363 ], [ -115.6582, 40.7362 ], [ -115.6583, 40.7256 ], [ -115.6574, 40.7245 ], [ -115.6504, 40.7245 ], [ -115.6474, 40.7265 ], [ -115.647, 40.7275 ], [ -115.6482, 40.7318 ], [ -115.6478, 40.7328 ], [ -115.6458, 40.7322 ], [ -115.6437, 40.7325 ], [ -115.6434, 40.7322 ], [ -115.6445, 40.7315 ], [ -115.6446, 40.7298 ], [ -115.6451, 40.7291 ], [ -115.643, 40.7273 ], [ -115.6429, 40.7259 ], [ -115.6425, 40.7254 ], [ -115.6411, 40.7247 ], [ -115.6404, 40.7248 ], [ -115.6402, 40.7255 ], [ -115.6393, 40.726 ], [ -115.6378, 40.7251 ], [ -115.6355, 40.7248 ], [ -115.6292, 40.7271 ], [ -115.6237, 40.7272 ], [ -115.6234, 40.7239 ], [ -115.6245, 40.719 ], [ -115.6239, 40.7138 ], [ -115.6239, 40.7079 ], [ -115.6101, 40.708 ], [ -115.6126, 40.7016 ], [ -115.6125, 40.7009 ], [ -115.5997, 40.6932 ], [ -115.5985, 40.6922 ], [ -115.594, 40.6856 ], [ -115.591, 40.6847 ], [ -115.5841, 40.6838 ], [ -115.5797, 40.6822 ], [ -115.5596, 40.6819 ], [ -115.5569, 40.6816 ], [ -115.555, 40.681 ], [ -115.5509, 40.6773 ], [ -115.5511, 40.6746 ], [ -115.5504, 40.673 ], [ -115.5504, 40.6716 ], [ -115.5491, 40.6701 ], [ -115.549, 40.6677 ], [ -115.5485, 40.6674 ], [ -115.5483, 40.666 ], [ -115.548, 40.666 ], [ -115.5375, 40.6722 ], [ -115.5284, 40.6783 ], [ -115.5278, 40.6942 ], [ -115.5278, 40.7151 ], [ -115.5086, 40.7152 ], [ -115.5084, 40.7224 ], [ -115.4953, 40.7225 ], [ -115.4898, 40.7241 ], [ -115.4898, 40.7089 ], [ -115.4824, 40.6983 ], [ -115.4752, 40.6926 ], [ -115.4749, 40.6917 ], [ -115.4754, 40.6887 ], [ -115.4742, 40.685 ], [ -115.4721, 40.6814 ], [ -115.4653, 40.6746 ], [ -115.457, 40.6705 ], [ -115.4556, 40.6689 ], [ -115.4541, 40.6679 ], [ -115.4517, 40.6678 ], [ -115.45, 40.6674 ], [ -115.4437, 40.6646 ], [ -115.4387, 40.6632 ], [ -115.4376, 40.6624 ], [ -115.4362, 40.6601 ], [ -115.4353, 40.6595 ], [ -115.4245, 40.657 ], [ -115.4224, 40.656 ], [ -115.4199, 40.6558 ], [ -115.4173, 40.6543 ], [ -115.4139, 40.6538 ], [ -115.4121, 40.6529 ], [ -115.4122, 40.654 ], [ -115.4104, 40.6535 ], [ -115.4088, 40.6522 ], [ -115.4063, 40.6521 ], [ -115.4052, 40.6513 ], [ -115.4018, 40.6505 ], [ -115.3912, 40.6496 ], [ -115.3884, 40.6485 ], [ -115.3824, 40.647 ], [ -115.3747, 40.6427 ], [ -115.3709, 40.638 ], [ -115.3702, 40.6351 ], [ -115.3703, 40.6325 ], [ -115.3685, 40.6305 ], [ -115.3676, 40.6284 ], [ -115.3674, 40.6237 ], [ -115.3696, 40.6124 ], [ -115.3702, 40.6117 ], [ -115.3716, 40.611 ], [ -115.3717, 40.6101 ], [ -115.3749, 40.6041 ], [ -115.3764, 40.6028 ], [ -115.3774, 40.6025 ], [ -115.3782, 40.6015 ], [ -115.3701, 40.598 ], [ -115.3714, 40.5969 ], [ -115.3729, 40.5945 ], [ -115.3759, 40.5859 ], [ -115.3771, 40.5854 ], [ -115.3854, 40.5854 ], [ -115.3881, 40.5848 ], [ -115.3911, 40.5808 ], [ -115.3914, 40.58 ], [ -115.3912, 40.5789 ], [ -115.3892, 40.5756 ], [ -115.3893, 40.5732 ], [ -115.3965, 40.5604 ], [ -115.4032, 40.5515 ], [ -115.4047, 40.548 ], [ -115.4064, 40.5355 ], [ -115.4177, 40.517 ], [ -115.4218, 40.5062 ], [ -115.4229, 40.4999 ], [ -115.4236, 40.499 ], [ -115.4272, 40.4956 ], [ -115.4305, 40.4939 ], [ -115.4324, 40.4919 ], [ -115.4326, 40.4912 ], [ -115.4604, 40.4894 ], [ -115.4649, 40.4853 ], [ -115.4668, 40.4823 ], [ -115.4697, 40.4773 ], [ -115.4733, 40.4452 ], [ -115.4749, 40.4436 ], [ -115.4752, 40.4425 ], [ -115.4759, 40.4393 ], [ -115.4756, 40.4369 ], [ -115.4777, 40.4319 ], [ -115.4779, 40.4268 ], [ -115.4787, 40.4241 ], [ -115.4798, 40.4224 ], [ -115.482, 40.4208 ], [ -115.4827, 40.4198 ], [ -115.4829, 40.4171 ], [ -115.4838, 40.4131 ], [ -115.4865, 40.4077 ], [ -115.4942, 40.4022 ], [ -115.497, 40.3989 ], [ -115.4982, 40.3913 ], [ -115.499, 40.3883 ], [ -115.5011, 40.384 ], [ -115.5043, 40.3797 ], [ -115.5134, 40.3728 ], [ -115.5154, 40.371 ], [ -115.5168, 40.3695 ], [ -115.5171, 40.3689 ], [ -115.5152, 40.3701 ], [ -115.5137, 40.3697 ], [ -115.5107, 40.3698 ], [ -115.51, 40.3691 ], [ -115.509, 40.3687 ], [ -115.5078, 40.3669 ], [ -115.5052, 40.3656 ], [ -115.5039, 40.3644 ], [ -115.5029, 40.3643 ], [ -115.5014, 40.3624 ], [ -115.4961, 40.3593 ], [ -115.4939, 40.3591 ], [ -115.4933, 40.3578 ], [ -115.4937, 40.3551 ], [ -115.4948, 40.3514 ], [ -115.4957, 40.3503 ], [ -115.4965, 40.348 ], [ -115.4983, 40.3403 ], [ -115.5023, 40.3373 ], [ -115.5051, 40.3369 ], [ -115.5057, 40.3333 ], [ -115.5068, 40.3328 ], [ -115.5084, 40.3306 ], [ -115.5083, 40.329 ], [ -115.5098, 40.3282 ], [ -115.5111, 40.3266 ], [ -115.5112, 40.3254 ], [ -115.5108, 40.3254 ], [ -115.5117, 40.3237 ], [ -115.5109, 40.3222 ], [ -115.5097, 40.3116 ], [ -115.503, 40.3001 ], [ -115.5049, 40.2848 ], [ -115.5091, 40.2797 ], [ -115.5185, 40.2821 ], [ -115.5249, 40.28 ], [ -115.5269, 40.2738 ], [ -115.5285, 40.273 ], [ -115.5309, 40.2699 ], [ -115.5353, 40.2687 ], [ -115.536, 40.2682 ], [ -115.537, 40.2659 ], [ -115.5376, 40.2631 ], [ -115.5373, 40.26 ], [ -115.5378, 40.2552 ], [ -115.5421, 40.2498 ], [ -115.5436, 40.2469 ], [ -115.5439, 40.2453 ], [ -115.5426, 40.2423 ], [ -115.5436, 40.2404 ], [ -115.5432, 40.2377 ], [ -115.5425, 40.2364 ], [ -115.5411, 40.2351 ], [ -115.5398, 40.2345 ], [ -115.5385, 40.2328 ], [ -115.5382, 40.2294 ], [ -115.5383, 40.2206 ], [ -115.5417, 40.2145 ], [ -115.5429, 40.2103 ], [ -115.5428, 40.2055 ], [ -115.5417, 40.2011 ], [ -115.5395, 40.1976 ], [ -115.5392, 40.1945 ], [ -115.5427, 40.1872 ], [ -115.5476, 40.1811 ], [ -115.5492, 40.177 ], [ -115.5498, 40.1726 ], [ -115.5484, 40.1662 ], [ -115.5531, 40.1529 ], [ -115.5569, 40.1475 ], [ -115.56, 40.1452 ], [ -115.5684, 40.1405 ], [ -115.5731, 40.1391 ], [ -115.5701, 40.1318 ], [ -115.5698, 40.1281 ], [ -115.6226, 40.1283 ], [ -115.6259, 40.1278 ], [ -115.6609, 40.1276 ], [ -115.7633, 40.1282 ], [ -115.7747, 40.1285 ], [ -115.7895, 40.128 ], [ -115.8222, 40.1281 ], [ -115.8428, 40.1277 ], [ -115.8988, 40.128 ], [ -115.9822, 40.1277 ], [ -116.0009, 40.1274 ], [ -116.0151, 40.1774 ], [ -116.0373, 40.2516 ], [ -116.0727, 40.3737 ], [ -116.0727, 40.3749 ], [ -116.0937, 40.4476 ], [ -116.0916, 40.4479 ] ] ] } },
{ "type": "Feature", "properties": { "GEOIDFQ": "1400000US32007950702", "NAME": "9507.02", "NAMELSAD": "Census Tract 9507.02" }, "geometry": { "type": "Polygon", "coordinates": [ [ [ -116.307, 41.0574 ], [ -116.2989, 41.0603 ], [ -116.285, 41.0675 ], [ -116.2849, 41.0742 ], [ -116.2889, 41.0828 ], [ -116.2944, 41.0928 ], [ -116.3031, 41.1018 ], [ -116.3032, 41.1028 ], [ -116.3037, 41.103 ], [ -116.3028, 41.1034 ], [ -116.3019, 41.1047 ], [ -116.3012, 41.1061 ], [ -116.3013, 41.1072 ], [ -116.3044, 41.1093 ], [ -116.3046, 41.1102 ], [ -116.3063, 41.1131 ], [ -116.3032, 41.1137 ], [ -116.3023, 41.1146 ], [ -116.3007, 41.1201 ], [ -116.2982, 41.1219 ], [ -116.2988, 41.1233 ], [ -116.2981, 41.1253 ], [ -116.2959, 41.1273 ], [ -116.2955, 41.1281 ], [ -116.2931, 41.1288 ], [ -116.2918, 41.1297 ], [ -116.2903, 41.1313 ], [ -116.2911, 41.1327 ], [ -116.2906, 41.1368 ], [ -116.291, 41.1386 ], [ -116.2898, 41.1397 ], [ -116.2896, 41.1409 ], [ -116.2887, 41.1426 ], [ -116.2889, 41.1471 ], [ -116.2896, 41.1485 ], [ -116.2908, 41.1495 ], [ -116.2909, 41.1513 ], [ -116.2921, 41.1522 ], [ -116.2923, 41.1531 ], [ -116.2911, 41.1543 ], [ -116.2917, 41.1548 ], [ -116.2908, 41.1561 ], [ -116.2888, 41.162 ], [ -116.2917, 41.166 ], [ -116.2862, 41.167 ], [ -116.28, 41.171 ], [ -116.2772, 41.1702 ], [ -116.2752, 41.1693 ], [ -116.269, 41.1684 ], [ -116.2676, 41.1661 ], [ -116.2638, 41.1645 ], [ -116.2631, 41.1638 ], [ -116.263, 41.1631 ], [ -116.262, 41.1626 ], [ -116.261, 41.1613 ], [ -116.2584, 41.1607 ], [ -116.2558, 41.1594 ], [ -116.2539, 41.1593 ], [ -116.2532, 41.1585 ], [ -116.2496, 41.1574 ], [ -116.2486, 41.1565 ], [ -116.2467, 41.1556 ], [ -116.2417, 41.1542 ], [ -116.2398, 41.154 ], [ -116.2391, 41.1535 ], [ -116.2355, 41.1543 ], [ -116.2338, 41.1558 ], [ -116.2337, 41.1565 ], [ -116.2333, 41.1565 ], [ -116.2324, 41.1579 ], [ -116.2311, 41.1584 ], [ -116.2294, 41.1581 ], [ -116.228, 41.1566 ], [ -116.2261, 41.1557 ], [ -116.2237, 41.1557 ], [ -116.2197, 41.1564 ], [ -116.2181, 41.1554 ], [ -116.2171, 41.1557 ], [ -116.2161, 41.1551 ], [ -116.2144, 41.1553 ], [ -116.2135, 41.1549 ], [ -116.2121, 41.1556 ], [ -116.2102, 41.1557 ], [ -116.2096, 41.1553 ], [ -116.2087, 41.1555 ], [ -116.2087, 41.1552 ], [ -116.2071, 41.1545 ], [ -116.2064, 41.1549 ], [ -116.206, 41.1548 ], [ -116.2053, 41.1556 ], [ -116.2033, 41.1553 ], [ -116.2021, 41.1568 ], [ -116.2011, 41.1567 ], [ -116.2006, 41.1561 ], [ -116.1996, 41.1557 ], [ -116.1992, 41.155 ], [ -116.1982, 41.1548 ], [ -116.1954, 41.1556 ], [ -116.1938, 41.1556 ], [ -116.1929, 41.1561 ], [ -116.1923, 41.1558 ], [ -116.1909, 41.1566 ], [ -116.1903, 41.1574 ], [ -116.1904, 41.1593 ], [ -116.1896, 41.1603 ], [ -116.1914, 41.1614 ], [ -116.1913, 41.1636 ], [ -116.1907, 41.1646 ], [ -116.1907, 41.1658 ], [ -116.1916, 41.1673 ], [ -116.1911, 41.1687 ], [ -116.1898, 41.1698 ], [ -116.1904, 41.1706 ], [ -116.1899, 41.1712 ], [ -116.1908, 41.1723 ], [ -116.1912, 41.1733 ], [ -116.1896, 41.1749 ], [ -116.1899, 41.1761 ], [ -116.1905, 41.1766 ], [ -116.1901, 41.1772 ], [ -116.1904, 41.178 ], [ -116.1898, 41.1787 ], [ -116.19, 41.1791 ], [ -116.1895, 41.1803 ], [ -116.1891, 41.1803 ], [ -116.1893, 41.181 ], [ -116.1881, 41.1821 ], [ -116.1874, 41.1838 ], [ -116.1848, 41.1856 ], [ -116.1855, 41.1871 ], [ -116.1862, 41.1876 ], [ -116.1864, 41.1894 ], [ -116.1877, 41.1896 ], [ -116.1894, 41.1917 ], [ -116.1902, 41.1918 ], [ -116.1911, 41.1935 ], [ -116.1923, 41.1946 ], [ -116.1932, 41.1978 ], [ -116.1932, 41.2003 ], [ -116.1924, 41.2017 ], [ -116.1927, 41.2035 ], [ -116.1921, 41.2041 ], [ -116.1924, 41.2043 ], [ -116.1917, 41.2079 ], [ -116.1922, 41.2087 ], [ -116.1928, 41.2118 ], [ -116.1935, 41.2121 ], [ -116.1949, 41.2139 ], [ -116.1963, 41.215 ], [ -116.1961, 41.2162 ], [ -116.1969, 41.2165 ], [ -116.1965, 41.2199 ], [ -116.1968, 41.22 ], [ -116.1969, 41.221 ], [ -116.1962, 41.2214 ], [ -116.197, 41.2232 ], [ -116.1971, 41.2249 ], [ -116.1965, 41.2265 ], [ -116.1972, 41.2269 ], [ -116.1971, 41.2289 ], [ -116.1964, 41.2302 ], [ -116.1964, 41.2317 ], [ -116.1959, 41.232 ], [ -116.1963, 41.2333 ], [ -116.1956, 41.2333 ], [ -116.1958, 41.2336 ], [ -116.1955, 41.2337 ], [ -116.1952, 41.2348 ], [ -116.1956, 41.2365 ], [ -116.196, 41.2365 ], [ -116.1963, 41.237 ], [ -116.1962, 41.2376 ], [ -116.1955, 41.2377 ], [ -116.1957, 41.2384 ], [ -116.1964, 41.2388 ], [ -116.1959, 41.2407 ], [ -116.1962, 41.2406 ], [ -116.196, 41.2411 ], [ -116.1971, 41.2419 ], [ -116.1967, 41.2432 ], [ -116.1962, 41.2433 ], [ -116.1958, 41.244 ], [ -116.1965, 41.2448 ], [ -116.1971, 41.2492 ], [ -116.1964, 41.2493 ], [ -116.1975, 41.2498 ], [ -116.1974, 41.2502 ], [ -116.1987, 41.2484 ], [ -116.1993, 41.2509 ], [ -116.1991, 41.2519 ], [ -116.1981, 41.252 ], [ -116.1966, 41.2537 ], [ -116.1961, 41.2537 ], [ -116.1963, 41.254 ], [ -116.1954, 41.2544 ], [ -116.1955, 41.255 ], [ -116.1883, 41.2694 ], [ -116.1887, 41.2695 ], [ -116.1886, 41.2701 ], [ -116.188, 41.2707 ], [ -116.1873, 41.2707 ], [ -116.1857, 41.2722 ], [ -116.1832, 41.273 ], [ -116.183, 41.2727 ], [ -116.1827, 41.2729 ], [ -116.1823, 41.2724 ], [ -116.1817, 41.2724 ], [ -116.1814, 41.2716 ], [ -116.1804, 41.2711 ], [ -116.178, 41.2713 ], [ -116.1774, 41.2717 ], [ -116.1772, 41.2714 ], [ -116.1766, 41.2716 ], [ -116.1767, 41.2719 ], [ -116.1757, 41.2721 ], [ -116.1758, 41.2717 ], [ -116.1744, 41.271 ], [ -116.1744, 41.2715 ], [ -116.1737, 41.2712 ], [ -116.1736, 41.2716 ], [ -116.1731, 41.2713 ], [ -116.1728, 41.2717 ], [ -116.1722, 41.2714 ], [ -116.1721, 41.2721 ], [ -116.1717, 41.2718 ], [ -116.1716, 41.2724 ], [ -116.1707, 41.2719 ], [ -116.1709, 41.2726 ], [ -116.1703, 41.2725 ], [ -116.1701, 41.2729 ], [ -116.1697, 41.2726 ], [ -116.1693, 41.2734 ], [ -116.1685, 41.273 ], [ -116.1681, 41.2738 ], [ -116.1676, 41.2735 ], [ -116.1676, 41.2741 ], [ -116.1666, 41.2738 ], [ -116.1664, 41.2743 ], [ -116.1663, 41.2736 ], [ -116.165, 41.2738 ], [ -116.1643, 41.2735 ], [ -116.1637, 41.2737 ], [ -116.1628, 41.2735 ], [ -116.1629, 41.2732 ], [ -116.1619, 41.2735 ], [ -116.1616, 41.2732 ], [ -116.1615, 41.2737 ], [ -116.1605, 41.2734 ], [ -116.1593, 41.2736 ], [ -116.1587, 41.2742 ], [ -116.1587, 41.2757 ], [ -116.1542, 41.279 ], [ -116.1536, 41.2798 ], [ -116.1531, 41.2798 ], [ -116.1528, 41.2805 ], [ -116.1514, 41.2807 ], [ -116.1515, 41.2812 ], [ -116.1508, 41.2821 ], [ -116.1501, 41.2823 ], [ -116.1499, 41.2819 ], [ -116.1498, 41.2823 ], [ -116.1489, 41.2827 ], [ -116.1489, 41.283 ], [ -116.1482, 41.2831 ], [ -116.1479, 41.2828 ], [ -116.1477, 41.2835 ], [ -116.1467, 41.2836 ], [ -116.1472, 41.284 ], [ -116.1466, 41.284 ], [ -116.1471, 41.2844 ], [ -116.1465, 41.2871 ], [ -116.1461, 41.287 ], [ -116.1453, 41.2878 ], [ -116.1455, 41.2884 ], [ -116.1448, 41.2888 ], [ -116.1439, 41.2899 ], [ -116.1441, 41.2907 ], [ -116.145, 41.2912 ], [ -116.1447, 41.2915 ], [ -116.1456, 41.2915 ], [ -116.1452, 41.2919 ], [ -116.1455, 41.2922 ], [ -116.1448, 41.2925 ], [ -116.1453, 41.2927 ], [ -116.1452, 41.2945 ], [ -116.1461, 41.2951 ], [ -116.146, 41.2957 ], [ -116.1468, 41.2959 ], [ -116.1466, 41.2964 ], [ -116.1479, 41.2977 ], [ -116.1473, 41.2985 ], [ -116.149, 41.2995 ], [ -116.1496, 41.3004 ], [ -116.1502, 41.3001 ], [ -116.1503, 41.3008 ], [ -116.1498, 41.3009 ], [ -116.15, 41.3013 ], [ -116.1507, 41.3012 ], [ -116.1505, 41.3023 ], [ -116.1511, 41.3025 ], [ -116.1515, 41.3021 ], [ -116.1518, 41.3025 ], [ -116.1513, 41.3031 ], [ -116.1519, 41.3032 ], [ -116.1525, 41.3028 ], [ -116.1527, 41.3039 ], [ -116.1541, 41.3042 ], [ -116.1544, 41.3048 ], [ -116.1536, 41.3051 ], [ -116.1543, 41.3053 ], [ -116.1543, 41.3062 ], [ -116.153, 41.3066 ], [ -116.1538, 41.3073 ], [ -116.1531, 41.308 ], [ -116.1535, 41.3086 ], [ -116.1532, 41.3088 ], [ -116.1542, 41.3089 ], [ -116.1541, 41.3085 ], [ -116.1546, 41.3086 ], [ -116.1549, 41.309 ], [ -116.1547, 41.3094 ], [ -116.1554, 41.3094 ], [ -116.1554, 41.3099 ], [ -116.1549, 41.3104 ], [ -116.1544, 41.3103 ], [ -116.1545, 41.3107 ], [ -116.1535, 41.3109 ], [ -116.1538, 41.3114 ], [ -116.1533, 41.3126 ], [ -116.1517, 41.3129 ], [ -116.1515, 41.3132 ], [ -116.1519, 41.3133 ], [ -116.1521, 41.3139 ], [ -116.1498, 41.3144 ], [ -116.1501, 41.3155 ], [ -116.1509, 41.3161 ], [ -116.1505, 41.3172 ], [ -116.1497, 41.3171 ], [ -116.1492, 41.3174 ], [ -116.1496, 41.3177 ], [ -116.1473, 41.3186 ], [ -116.1467, 41.3183 ], [ -116.1457, 41.3185 ], [ -116.1454, 41.3189 ], [ -116.146, 41.3192 ], [ -116.1453, 41.3202 ], [ -116.1449, 41.3202 ], [ -116.1454, 41.3205 ], [ -116.1447, 41.3204 ], [ -116.1437, 41.3209 ], [ -116.1439, 41.3221 ], [ -116.1432, 41.3224 ], [ -116.1435, 41.323 ], [ -116.143, 41.323 ], [ -116.1427, 41.3235 ], [ -116.1427, 41.3253 ], [ -116.1415, 41.3253 ], [ -116.1415, 41.326 ], [ -116.1422, 41.3269 ], [ -116.1411, 41.3276 ], [ -116.1413, 41.3281 ], [ -116.1408, 41.3283 ], [ -116.1414, 41.3291 ], [ -116.1409, 41.3297 ], [ -116.1399, 41.3295 ], [ -116.1398, 41.3298 ], [ -116.1404, 41.33 ], [ -116.1394, 41.3307 ], [ -116.1382, 41.3308 ], [ -116.1343, 41.3323 ], [ -116.0904, 41.3403 ], [ -116.068, 41.3454 ], [ -116.0671, 41.3449 ], [ -116.0669, 41.3439 ], [ -116.0639, 41.3415 ], [ -116.0606, 41.3397 ], [ -116.0572, 41.3391 ], [ -116.0538, 41.3396 ], [ -116.0516, 41.3392 ], [ -116.048, 41.3379 ], [ -116.0445, 41.3352 ], [ -116.0424, 41.335 ], [ -116.0404, 41.3358 ], [ -116.0376, 41.3361 ], [ -116.0343, 41.3375 ], [ -116.029, 41.3387 ], [ -116.0239, 41.3385 ], [ -116.0206, 41.3362 ], [ -116.0193, 41.3358 ], [ -116.0136, 41.3359 ], [ -116.0105, 41.3365 ], [ -116.0084, 41.3362 ], [ -116.0037, 41.3366 ], [ -116.0013, 41.3374 ], [ -116.0, 41.3414 ], [ -115.9993, 41.3418 ], [ -115.9971, 41.3419 ], [ -115.9964, 41.3426 ], [ -115.9948, 41.3429 ], [ -115.9942, 41.3429 ], [ -115.9897, 41.3381 ], [ -115.9873, 41.3341 ], [ -115.9855, 41.3347 ], [ -115.9823, 41.3367 ], [ -115.9822, 41.3379 ], [ -115.9796, 41.3402 ], [ -115.9766, 41.3396 ], [ -115.9737, 41.3382 ], [ -115.9725, 41.3385 ], [ -115.9705, 41.34 ], [ -115.966, 41.3409 ], [ -115.9642, 41.3416 ], [ -115.9632, 41.3416 ], [ -115.9626, 41.3409 ], [ -115.9628, 41.3394 ], [ -115.9623, 41.3385 ], [ -115.9598, 41.3374 ], [ -115.9542, 41.332 ], [ -115.9535, 41.3316 ], [ -115.9518, 41.3315 ], [ -115.9516, 41.3308 ], [ -115.9509, 41.3304 ], [ -115.9487, 41.3301 ], [ -115.9466, 41.3289 ], [ -115.943, 41.3283 ], [ -115.9411, 41.3275 ], [ -115.9346, 41.3266 ], [ -115.9317, 41.325 ], [ -115.9275, 41.3246 ], [ -115.9231, 41.3235 ], [ -115.9215, 41.3236 ], [ -115.9174, 41.323 ], [ -115.9159, 41.324 ], [ -115.9136, 41.3245 ], [ -115.9112, 41.3245 ], [ -115.9037, 41.3196 ], [ -115.9016, 41.3176 ], [ -115.8976, 41.3158 ], [ -115.8905, 41.3138 ], [ -115.8899, 41.3134 ], [ -115.8894, 41.3136 ], [ -115.886, 41.3126 ], [ -115.8845, 41.3127 ], [ -115.8814, 41.3113 ], [ -115.8807, 41.3104 ], [ -115.8792, 41.3096 ], [ -115.8743, 41.3088 ], [ -115.8728, 41.309 ], [ -115.8704, 41.3083 ], [ -115.8675, 41.3085 ], [ -115.8644, 41.3083 ], [ -115.8621, 41.3074 ], [ -115.8607, 41.3073 ], [ -115.8601, 41.3065 ], [ -115.8574, 41.3053 ], [ -115.8556, 41.3051 ], [ -115.8547, 41.3045 ], [ -115.8531, 41.3047 ], [ -115.8517, 41.3038 ], [ -115.8504, 41.3036 ], [ -115.8486, 41.3027 ], [ -115.8484, 41.3017 ], [ -115.8477, 41.3015 ], [ -115.8473, 41.3009 ], [ -115.8453, 41.3006 ], [ -115.8442, 41.2999 ], [ -115.8428, 41.2999 ], [ -115.8428, 41.2995 ], [ -115.8417, 41.2989 ], [ -115.8391, 41.2982 ], [ -115.8387, 41.2974 ], [ -115.8375, 41.2971 ], [ -115.8368, 41.2963 ], [ -115.8343, 41.2951 ], [ -115.8333, 41.294 ], [ -115.8312, 41.2939 ], [ -115.8301, 41.2932 ], [ -115.8286, 41.2929 ], [ -115.8251, 41.2905 ], [ -115.8245, 41.289 ], [ -115.8212, 41.2878 ], [ -115.8191, 41.2862 ], [ -115.8186, 41.2854 ], [ -115.8171, 41.2849 ], [ -115.8143, 41.2846 ], [ -115.8136, 41.2849 ], [ -115.8135, 41.2855 ], [ -115.8111, 41.2864 ], [ -115.8107, 41.2872 ], [ -115.8096, 41.2879 ], [ -115.8091, 41.2876 ], [ -115.8086, 41.2878 ], [ -115.8083, 41.2886 ], [ -115.8076, 41.2886 ], [ -115.8072, 41.2893 ], [ -115.8062, 41.2899 ], [ -115.805, 41.2898 ], [ -115.8043, 41.2902 ], [ -115.8037, 41.2899 ], [ -115.8027, 41.2901 ], [ -115.8001, 41.292 ], [ -115.799, 41.2923 ], [ -115.7978, 41.2922 ], [ -115.7948, 41.2937 ], [ -115.7941, 41.2935 ], [ -115.7932, 41.294 ], [ -115.7909, 41.2943 ], [ -115.7908, 41.2947 ], [ -115.7898, 41.2951 ], [ -115.79, 41.2955 ], [ -115.7888, 41.2967 ], [ -115.7883, 41.2967 ], [ -115.7874, 41.2974 ], [ -115.7863, 41.3004 ], [ -115.7845, 41.3014 ], [ -115.7813, 41.3024 ], [ -115.7788, 41.3017 ], [ -115.7784, 41.3022 ], [ -115.7778, 41.3023 ], [ -115.7767, 41.3038 ], [ -115.775, 41.3045 ], [ -115.7742, 41.3042 ], [ -115.7744, 41.3036 ], [ -115.7737, 41.3043 ], [ -115.7731, 41.304 ], [ -115.7727, 41.3046 ], [ -115.773, 41.3049 ], [ -115.7721, 41.3043 ], [ -115.7691, 41.3042 ], [ -115.769, 41.3044 ], [ -115.7683, 41.304 ], [ -115.7678, 41.3042 ], [ -115.7679, 41.3045 ], [ -115.7671, 41.3045 ], [ -115.767, 41.305 ], [ -115.7655, 41.3044 ], [ -115.7647, 41.3047 ], [ -115.7636, 41.3043 ], [ -115.7628, 41.3035 ], [ -115.7614, 41.3031 ], [ -115.7606, 41.302 ], [ -115.7585, 41.3016 ], [ -115.758, 41.3012 ], [ -115.7567, 41.3027 ], [ -115.7555, 41.3033 ], [ -115.7553, 41.3039 ], [ -115.756, 41.3044 ], [ -115.7563, 41.3053 ], [ -115.7549, 41.307 ], [ -115.7532, 41.3076 ], [ -115.7523, 41.3074 ], [ -115.7519, 41.3077 ], [ -115.7511, 41.3077 ], [ -115.7505, 41.3081 ], [ -115.7496, 41.308 ], [ -115.7473, 41.3095 ], [ -115.7466, 41.3104 ], [ -115.7432, 41.31 ], [ -115.7413, 41.3095 ], [ -115.7396, 41.3078 ], [ -115.7412, 41.3064 ], [ -115.7409, 41.3062 ], [ -115.7411, 41.3054 ], [ -115.7401, 41.3053 ], [ -115.7385, 41.3057 ], [ -115.7369, 41.3056 ], [ -115.7359, 41.3061 ], [ -115.735, 41.3072 ], [ -115.733, 41.3072 ], [ -115.7301, 41.3089 ], [ -115.7277, 41.3094 ], [ -115.7259, 41.3092 ], [ -115.7259, 41.3098 ], [ -115.7244, 41.3099 ], [ -115.7201, 41.3088 ], [ -115.7198, 41.3085 ], [ -115.7201, 41.3078 ], [ -115.7195, 41.307 ], [ -115.7197, 41.3067 ], [ -115.7187, 41.3063 ], [ -115.7182, 41.3046 ], [ -115.7178, 41.3045 ], [ -115.7177, 41.3049 ], [ -115.7173, 41.3048 ], [ -115.7174, 41.3044 ], [ -115.7166, 41.3041 ], [ -115.716, 41.3034 ], [ -115.715, 41.3036 ], [ -115.7152, 41.303 ], [ -115.714, 41.3032 ], [ -115.7142, 41.3027 ], [ -115.7135, 41.3028 ], [ -115.7133, 41.3022 ], [ -115.7125, 41.3024 ], [ -115.7124, 41.3018 ], [ -115.7092, 41.3014 ], [ -115.7088, 41.3003 ], [ -115.7082, 41.3003 ], [ -115.7083, 41.2998 ], [ -115.7077, 41.3001 ], [ -115.7069, 41.3 ], [ -115.7062, 41.3004 ], [ -115.7057, 41.3003 ], [ -115.7057, 41.2999 ], [ -115.7051, 41.2999 ], [ -115.7043, 41.3001 ], [ -115.7032, 41.3015 ], [ -115.7027, 41.3013 ], [ -115.7028, 41.301 ], [ -115.701, 41.3008 ], [ -115.6999, 41.302 ], [ -115.6983, 41.3022 ], [ -115.6978, 41.3029 ], [ -115.698, 41.3033 ], [ -115.6972, 41.3032 ], [ -115.6965, 41.3045 ], [ -115.6948, 41.3055 ], [ -115.6952, 41.3058 ], [ -115.695, 41.3064 ], [ -115.6942, 41.3057 ], [ -115.6939, 41.3061 ], [ -115.6935, 41.3059 ], [ -115.693, 41.3067 ], [ -115.6925, 41.3065 ], [ -115.6926, 41.307 ], [ -115.6918, 41.3076 ], [ -115.6925, 41.3075 ], [ -115.6933, 41.3079 ], [ -115.6918, 41.3087 ], [ -115.6911, 41.3086 ], [ -115.6915, 41.3089 ], [ -115.6913, 41.3092 ], [ -115.6905, 41.3087 ], [ -115.6904, 41.3094 ], [ -115.6896, 41.3097 ], [ -115.6895, 41.3093 ], [ -115.6889, 41.3093 ], [ -115.6887, 41.31 ], [ -115.6875, 41.3102 ], [ -115.6871, 41.31 ], [ -115.6872, 41.3106 ], [ -115.6858, 41.31 ], [ -115.6849, 41.3108 ], [ -115.6844, 41.3107 ], [ -115.6844, 41.3112 ], [ -115.6836, 41.3111 ], [ -115.6837, 41.3113 ], [ -115.6832, 41.3114 ], [ -115.6837, 41.312 ], [ -115.6828, 41.312 ], [ -115.6828, 41.3126 ], [ -115.6824, 41.3122 ], [ -115.682, 41.3125 ], [ -115.6817, 41.3121 ], [ -115.6812, 41.3122 ], [ -115.6809, 41.3127 ], [ -115.6813, 41.3128 ], [ -115.6812, 41.3132 ], [ -115.6808, 41.3136 ], [ -115.6804, 41.3133 ], [ -115.6799, 41.3135 ], [ -115.6798, 41.3131 ], [ -115.6794, 41.3132 ], [ -115.6795, 41.3138 ], [ -115.6786, 41.3137 ], [ -115.6784, 41.314 ], [ -115.6779, 41.3137 ], [ -115.6779, 41.3144 ], [ -115.6786, 41.3148 ], [ -115.6778, 41.3155 ], [ -115.6775, 41.315 ], [ -115.6764, 41.3151 ], [ -115.6764, 41.3158 ], [ -115.6752, 41.3164 ], [ -115.6755, 41.3174 ], [ -115.6752, 41.3177 ], [ -115.674, 41.3179 ], [ -115.6723, 41.3176 ], [ -115.6698, 41.3178 ], [ -115.6696, 41.3186 ], [ -115.6689, 41.3188 ], [ -115.6683, 41.3184 ], [ -115.6676, 41.319 ], [ -115.6658, 41.319 ], [ -115.6649, 41.3186 ], [ -115.6633, 41.3191 ], [ -115.6625, 41.3189 ], [ -115.6616, 41.3194 ], [ -115.6609, 41.3192 ], [ -115.6616, 41.3189 ], [ -115.6612, 41.3184 ], [ -115.6607, 41.3186 ], [ -115.6602, 41.3182 ], [ -115.6602, 41.3187 ], [ -115.6595, 41.318 ], [ -115.6595, 41.3187 ], [ -115.6581, 41.3189 ], [ -115.6582, 41.3193 ], [ -115.6577, 41.3198 ], [ -115.657, 41.3197 ], [ -115.6576, 41.3206 ], [ -115.6565, 41.3204 ], [ -115.6561, 41.32 ], [ -115.6565, 41.3198 ], [ -115.656, 41.3196 ], [ -115.6554, 41.3199 ], [ -115.6553, 41.3207 ], [ -115.6547, 41.3206 ], [ -115.6545, 41.321 ], [ -115.6541, 41.3208 ], [ -115.6516, 41.3207 ], [ -115.6506, 41.3212 ], [ -115.6504, 41.3218 ], [ -115.6479, 41.3223 ], [ -115.6477, 41.3223 ], [ -115.6479, 41.3219 ], [ -115.6466, 41.3212 ], [ -115.6469, 41.3208 ], [ -115.6457, 41.3208 ], [ -115.6453, 41.3204 ], [ -115.6449, 41.321 ], [ -115.6442, 41.3206 ], [ -115.6444, 41.3213 ], [ -115.6437, 41.3214 ], [ -115.6437, 41.3209 ], [ -115.6424, 41.3208 ], [ -115.6426, 41.3201 ], [ -115.6418, 41.3201 ], [ -115.6415, 41.3194 ], [ -115.641, 41.3196 ], [ -115.6413, 41.3204 ], [ -115.6407, 41.3204 ], [ -115.6405, 41.3202 ], [ -115.6394, 41.3206 ], [ -115.6389, 41.3201 ], [ -115.6391, 41.3191 ], [ -115.6372, 41.3183 ], [ -115.6372, 41.3181 ], [ -115.6382, 41.318 ], [ -115.6379, 41.3172 ], [ -115.6375, 41.317 ], [ -115.6369, 41.3175 ], [ -115.6356, 41.3172 ], [ -115.6349, 41.318 ], [ -115.6344, 41.3176 ], [ -115.6335, 41.3182 ], [ -115.6328, 41.3174 ], [ -115.633, 41.3181 ], [ -115.6324, 41.3183 ], [ -115.6321, 41.318 ], [ -115.6322, 41.3175 ], [ -115.6311, 41.3174 ], [ -115.6313, 41.3169 ], [ -115.6299, 41.3176 ], [ -115.6297, 41.3171 ], [ -115.6301, 41.3171 ], [ -115.6299, 41.3166 ], [ -115.6303, 41.3164 ], [ -115.6299, 41.3163 ], [ -115.6285, 41.3172 ], [ -115.628, 41.3169 ], [ -115.6276, 41.3172 ], [ -115.6265, 41.3171 ], [ -115.6264, 41.318 ], [ -115.6259, 41.3173 ], [ -115.6255, 41.3174 ], [ -115.6256, 41.3182 ], [ -115.6246, 41.3187 ], [ -115.6246, 41.3181 ], [ -115.624, 41.3179 ], [ -115.6236, 41.3183 ], [ -115.6241, 41.3188 ], [ -115.6233, 41.319 ], [ -115.6232, 41.3186 ], [ -115.6224, 41.3187 ], [ -115.6231, 41.3182 ], [ -115.623, 41.318 ], [ -115.622, 41.3184 ], [ -115.6216, 41.3182 ], [ -115.6212, 41.3183 ], [ -115.6211, 41.3177 ], [ -115.6203, 41.3176 ], [ -115.621, 41.317 ], [ -115.6203, 41.3165 ], [ -115.6198, 41.3166 ], [ -115.6191, 41.3162 ], [ -115.6187, 41.3155 ], [ -115.6177, 41.3155 ], [ -115.6171, 41.3161 ], [ -115.6166, 41.3158 ], [ -115.6169, 41.3153 ], [ -115.6165, 41.3142 ], [ -115.6159, 41.3141 ], [ -115.6156, 41.3145 ], [ -115.6151, 41.3141 ], [ -115.614, 41.3144 ], [ -115.6138, 41.3139 ], [ -115.6129, 41.314 ], [ -115.6125, 41.3137 ], [ -115.6113, 41.3148 ], [ -115.6099, 41.3148 ], [ -115.6084, 41.3134 ], [ -115.6079, 41.3121 ], [ -115.6053, 41.3111 ], [ -115.6044, 41.3112 ], [ -115.6032, 41.3119 ], [ -115.6017, 41.3119 ], [ -115.601, 41.3123 ], [ -115.5993, 41.3116 ], [ -115.5965, 41.3119 ], [ -115.5944, 41.3131 ], [ -115.5916, 41.3132 ], [ -115.5908, 41.3136 ], [ -115.5887, 41.3138 ], [ -115.584, 41.3156 ], [ -115.5825, 41.3148 ], [ -115.5803, 41.3143 ], [ -115.5798, 41.3147 ], [ -115.5799, 41.3158 ], [ -115.5815, 41.3173 ], [ -115.5816, 41.3184 ], [ -115.5814, 41.3188 ], [ -115.5795, 41.3191 ], [ -115.5792, 41.3186 ], [ -115.576, 41.3173 ], [ -115.5751, 41.3165 ], [ -115.5736, 41.3159 ], [ -115.5729, 41.3145 ], [ -115.5729, 41.3126 ], [ -115.5715, 41.3124 ], [ -115.5686, 41.3137 ], [ -115.5671, 41.312 ], [ -115.5654, 41.3113 ], [ -115.5651, 41.3102 ], [ -115.5653, 41.3092 ], [ -115.565, 41.3087 ], [ -115.5634, 41.3084 ], [ -115.5616, 41.3088 ], [ -115.5606, 41.3076 ], [ -115.5591, 41.307 ], [ -115.5586, 41.3062 ], [ -115.5587, 41.3056 ], [ -115.5593, 41.3054 ], [ -115.5597, 41.3042 ], [ -115.5594, 41.3033 ], [ -115.5603, 41.3011 ], [ -115.5595, 41.2993 ], [ -115.5597, 41.2999 ], [ -115.559, 41.3 ], [ -115.5578, 41.2995 ], [ -115.5554, 41.2995 ], [ -115.5547, 41.2981 ], [ -115.5529, 41.2969 ], [ -115.5509, 41.2973 ], [ -115.5498, 41.2963 ], [ -115.5479, 41.2959 ], [ -115.5463, 41.2962 ], [ -115.5434, 41.2977 ], [ -115.5424, 41.2978 ], [ -115.5424, 41.3006 ], [ -115.5411, 41.3021 ], [ -115.5409, 41.3039 ], [ -115.5393, 41.305 ], [ -115.5387, 41.3064 ], [ -115.5382, 41.3065 ], [ -115.5375, 41.3087 ], [ -115.5362, 41.3092 ], [ -115.5344, 41.3117 ], [ -115.533, 41.3125 ], [ -115.5327, 41.3133 ], [ -115.5307, 41.3144 ], [ -115.5293, 41.3158 ], [ -115.5274, 41.3167 ], [ -115.5222, 41.3171 ], [ -115.5215, 41.316 ], [ -115.5198, 41.3146 ], [ -115.5191, 41.3128 ], [ -115.5206, 41.3065 ], [ -115.5191, 41.2997 ], [ -115.5164, 41.2908 ], [ -115.5147, 41.2878 ], [ -115.5152, 41.2853 ], [ -115.5147, 41.2841 ], [ -115.5096, 41.2804 ], [ -115.5093, 41.279 ], [ -115.5097, 41.2779 ], [ -115.5091, 41.2753 ], [ -115.5055, 41.2733 ], [ -115.5034, 41.27 ], [ -115.4974, 41.2649 ], [ -115.4952, 41.2639 ], [ -115.4929, 41.2623 ], [ -115.4908, 41.2618 ], [ -115.4889, 41.2607 ], [ -115.4888, 41.2582 ], [ -115.4871, 41.255 ], [ -115.4874, 41.2531 ], [ -115.4871, 41.2523 ], [ -115.4878, 41.2509 ], [ -115.4872, 41.2501 ], [ -115.482, 41.2465 ], [ -115.4786, 41.246 ], [ -115.4768, 41.2438 ], [ -115.4744, 41.2422 ], [ -115.4734, 41.242 ], [ -115.4716, 41.2431 ], [ -115.4701, 41.2427 ], [ -115.4664, 41.2386 ], [ -115.4571, 41.2396 ], [ -115.4518, 41.2414 ], [ -115.4496, 41.2425 ], [ -115.4485, 41.2432 ], [ -115.4477, 41.2444 ], [ -115.445, 41.2496 ], [ -115.4416, 41.2531 ], [ -115.4383, 41.2536 ], [ -115.4331, 41.2538 ], [ -115.4278, 41.2547 ], [ -115.4239, 41.256 ], [ -115.4203, 41.256 ], [ -115.416, 41.2577 ], [ -115.4132, 41.2574 ], [ -115.411, 41.2581 ], [ -115.4085, 41.2595 ], [ -115.4073, 41.2594 ], [ -115.406, 41.2586 ], [ -115.4033, 41.2578 ], [ -115.4013, 41.249 ], [ -115.3976, 41.2448 ], [ -115.3933, 41.242 ], [ -115.3907, 41.2391 ], [ -115.3906, 41.2383 ], [ -115.3895, 41.2367 ], [ -115.3876, 41.2294 ], [ -115.3859, 41.2261 ], [ -115.3828, 41.2231 ], [ -115.3819, 41.2216 ], [ -115.3794, 41.2199 ], [ -115.3789, 41.2185 ], [ -115.3749, 41.2151 ], [ -115.3739, 41.2147 ], [ -115.37, 41.2144 ], [ -115.3661, 41.2133 ], [ -115.3643, 41.2132 ], [ -115.3631, 41.2142 ], [ -115.3609, 41.2149 ], [ -115.3574, 41.2137 ], [ -115.3562, 41.214 ], [ -115.3552, 41.2155 ], [ -115.3546, 41.2157 ], [ -115.3533, 41.2152 ], [ -115.352, 41.2153 ], [ -115.3514, 41.2164 ], [ -115.3487, 41.2151 ], [ -115.3467, 41.2157 ], [ -115.3452, 41.2167 ], [ -115.3431, 41.216 ], [ -115.3411, 41.2169 ], [ -115.3369, 41.2164 ], [ -115.3324, 41.2173 ], [ -115.3297, 41.2163 ], [ -115.3279, 41.2165 ], [ -115.3264, 41.2172 ], [ -115.3235, 41.2165 ], [ -115.3214, 41.2154 ], [ -115.32, 41.2153 ], [ -115.317, 41.2159 ], [ -115.316, 41.2156 ], [ -115.314, 41.2141 ], [ -115.3123, 41.2117 ], [ -115.3124, 41.2085 ], [ -115.3119, 41.2055 ], [ -115.3104, 41.2045 ], [ -115.3104, 41.2036 ], [ -115.3094, 41.2033 ], [ -115.309, 41.2024 ], [ -115.3075, 41.2017 ], [ -115.3071, 41.201 ], [ -115.3051, 41.1997 ], [ -115.3033, 41.1992 ], [ -115.3003, 41.1973 ], [ -115.2985, 41.1971 ], [ -115.2984, 41.1968 ], [ -115.2971, 41.1961 ], [ -115.2928, 41.1963 ], [ -115.288, 41.1957 ], [ -115.2865, 41.1953 ], [ -115.2854, 41.1946 ], [ -115.2844, 41.1945 ], [ -115.2834, 41.1993 ], [ -115.2821, 41.2035 ], [ -115.2816, 41.2036 ], [ -115.2821, 41.2042 ], [ -115.2821, 41.205 ], [ -115.2811, 41.2049 ], [ -115.2816, 41.2055 ], [ -115.2815, 41.2066 ], [ -115.2822, 41.2084 ], [ -115.2817, 41.2098 ], [ -115.2832, 41.2136 ], [ -115.2826, 41.2144 ], [ -115.2827, 41.2171 ], [ -115.2822, 41.2181 ], [ -115.2822, 41.219 ], [ -115.2818, 41.2192 ], [ -115.283, 41.2214 ], [ -115.282, 41.2217 ], [ -115.2816, 41.2237 ], [ -115.281, 41.2244 ], [ -115.2797, 41.2244 ], [ -115.2799, 41.2237 ], [ -115.2789, 41.2234 ], [ -115.2786, 41.2225 ], [ -115.2779, 41.2222 ], [ -115.2769, 41.2231 ], [ -115.2764, 41.2227 ], [ -115.2768, 41.2225 ], [ -115.2765, 41.2221 ], [ -115.2767, 41.2206 ], [ -115.2763, 41.2206 ], [ -115.2759, 41.2196 ], [ -115.2752, 41.2193 ], [ -115.2751, 41.2184 ], [ -115.2761, 41.217 ], [ -115.2756, 41.2164 ], [ -115.273, 41.2153 ], [ -115.2712, 41.2111 ], [ -115.2713, 41.2095 ], [ -115.272, 41.2085 ], [ -115.2704, 41.2087 ], [ -115.2694, 41.2093 ], [ -115.2687, 41.2094 ], [ -115.2696, 41.2054 ], [ -115.2694, 41.2034 ], [ -115.2683, 41.2009 ], [ -115.2685, 41.2003 ], [ -115.265, 41.2016 ], [ -115.2607, 41.2013 ], [ -115.2192, 41.2019 ], [ -115.1924, 41.2018 ], [ -115.1987, 41.1958 ], [ -115.2067, 41.1826 ], [ -115.2087, 41.1769 ], [ -115.2159, 41.1514 ], [ -115.2184, 41.1472 ], [ -115.2206, 41.1449 ], [ -115.2213, 41.1445 ], [ -115.224, 41.144 ], [ -115.225, 41.1431 ], [ -115.2236, 41.1104 ], [ -115.2243, 41.1091 ], [ -115.2307, 41.1038 ], [ -115.2334, 41.1009 ], [ -115.2362, 41.0964 ], [ -115.241, 41.0859 ], [ -115.2597, 41.086 ], [ -115.2628, 41.0856 ], [ -115.2672, 41.0843 ], [ -115.3315, 41.0545 ], [ -115.3919, 41.0256 ], [ -115.3977, 41.0217 ], [ -115.4203, 41.0043 ], [ -115.4239, 41.0001 ], [ -115.4414, 40.9743 ], [ -115.4451, 40.9693 ], [ -115.4479, 40.9667 ], [ -115.4515, 40.9641 ], [ -115.4558, 40.9617 ], [ -115.4596, 40.9602 ], [ -115.4675, 40.9582 ], [ -115.524, 40.9493 ], [ -115.5625, 40.9491 ], [ -115.6275, 40.9495 ], [ -115.6331, 40.948 ], [ -115.6623, 40.9354 ], [ -115.6667, 40.9329 ], [ -115.6773, 40.9259 ], [ -115.6848, 40.9208 ], [ -115.6888, 40.9175 ], [ -115.7104, 40.8945 ], [ -115.7126, 40.8905 ], [ -115.7146, 40.884 ], [ -115.7167, 40.8806 ], [ -115.7448, 40.8543 ], [ -115.749, 40.8512 ], [ -115.7532, 40.8491 ], [ -115.7574, 40.8477 ], [ -115.7679, 40.8451 ], [ -115.7711, 40.8438 ], [ -115.7713, 40.8395 ], [ -115.7731, 40.8394 ], [ -115.7799, 40.8447 ], [ -115.7776, 40.8467 ], [ -115.7819, 40.8497 ], [ -115.7814, 40.8506 ], [ -115.7826, 40.8512 ], [ -115.7847, 40.8532 ], [ -115.7846, 40.8538 ], [ -115.7865, 40.8551 ], [ -115.7882, 40.8544 ], [ -115.7886, 40.8549 ], [ -115.7908, 40.8549 ], [ -115.7922, 40.8553 ], [ -115.795, 40.8543 ], [ -115.797, 40.8555 ], [ -115.798, 40.8551 ], [ -115.7995, 40.8553 ], [ -115.8017, 40.8568 ], [ -115.8035, 40.8568 ], [ -115.8049, 40.8573 ], [ -115.8082, 40.8569 ], [ -115.811, 40.8577 ], [ -115.8136, 40.8573 ], [ -115.8161, 40.8579 ], [ -115.8171, 40.8575 ], [ -115.8173, 40.8569 ], [ -115.8195, 40.8553 ], [ -115.8201, 40.8561 ], [ -115.8215, 40.856 ], [ -115.8222, 40.8572 ], [ -115.8228, 40.857 ], [ -115.8239, 40.8571 ], [ -115.825, 40.8566 ], [ -115.8261, 40.8571 ], [ -115.828, 40.8571 ], [ -115.8284, 40.8577 ], [ -115.8277, 40.8591 ], [ -115.8281, 40.8598 ], [ -115.8289, 40.86 ], [ -115.8323, 40.8586 ], [ -115.8336, 40.8584 ], [ -115.8361, 40.8595 ], [ -115.8367, 40.8587 ], [ -115.836, 40.8577 ], [ -115.8358, 40.8554 ], [ -115.8388, 40.8562 ], [ -115.8438, 40.8563 ], [ -115.8458, 40.8576 ], [ -115.8512, 40.8568 ], [ -115.852, 40.856 ], [ -115.8398, 40.8511 ], [ -115.8352, 40.8482 ], [ -115.8097, 40.8401 ], [ -115.8093, 40.8257 ], [ -115.8079, 40.8256 ], [ -115.8065, 40.8266 ], [ -115.8057, 40.8261 ], [ -115.8048, 40.8262 ], [ -115.8048, 40.8243 ], [ -115.8148, 40.8181 ], [ -115.8178, 40.8158 ], [ -115.8247, 40.8085 ], [ -115.8288, 40.8052 ], [ -115.8505, 40.7931 ], [ -115.8715, 40.7837 ], [ -115.8715, 40.7841 ], [ -115.8766, 40.7822 ], [ -115.9064, 40.7733 ], [ -115.9207, 40.7669 ], [ -115.9222, 40.7675 ], [ -115.9224, 40.7689 ], [ -115.9258, 40.7713 ], [ -115.9304, 40.772 ], [ -115.9326, 40.7712 ], [ -115.9361, 40.7708 ], [ -115.944, 40.7716 ], [ -115.9451, 40.7713 ], [ -115.9461, 40.7705 ], [ -115.9468, 40.7708 ], [ -115.9482, 40.7706 ], [ -115.949, 40.771 ], [ -115.9517, 40.7696 ], [ -115.9538, 40.7673 ], [ -115.9567, 40.7669 ], [ -115.958, 40.7664 ], [ -115.9602, 40.7662 ], [ -115.9624, 40.7665 ], [ -115.962, 40.768 ], [ -115.961, 40.7689 ], [ -115.9614, 40.7698 ], [ -115.9621, 40.7703 ], [ -115.9641, 40.7708 ], [ -115.967, 40.771 ], [ -115.9684, 40.7719 ], [ -115.969, 40.7748 ], [ -115.9714, 40.7771 ], [ -115.973, 40.7777 ], [ -115.9742, 40.777 ], [ -115.9761, 40.7769 ], [ -115.9796, 40.7784 ], [ -115.9814, 40.7811 ], [ -115.9818, 40.7839 ], [ -115.9822, 40.7846 ], [ -115.9849, 40.7862 ], [ -115.9874, 40.7869 ], [ -115.989, 40.7888 ], [ -115.9895, 40.7905 ], [ -115.993, 40.7939 ], [ -115.9943, 40.7965 ], [ -115.9961, 40.7975 ], [ -115.9977, 40.7978 ], [ -115.9984, 40.7983 ], [ -115.9981, 40.7994 ], [ -115.9993, 40.8023 ], [ -116.0002, 40.8024 ], [ -116.0023, 40.8015 ], [ -116.0037, 40.8019 ], [ -116.0069, 40.8022 ], [ -116.0085, 40.803 ], [ -116.0108, 40.8055 ], [ -116.0112, 40.8081 ], [ -116.0126, 40.8094 ], [ -116.0151, 40.8101 ], [ -116.0166, 40.8096 ], [ -116.0174, 40.8106 ], [ -116.0189, 40.8113 ], [ -116.0208, 40.8117 ], [ -116.0248, 40.8135 ], [ -116.0265, 40.8138 ], [ -116.0285, 40.8133 ], [ -116.0296, 40.8134 ], [ -116.0333, 40.8153 ], [ -116.0334, 40.816 ], [ -116.0319, 40.8189 ], [ -116.0294, 40.8213 ], [ -116.0274, 40.8251 ], [ -116.0268, 40.8273 ], [ -116.0272, 40.8275 ], [ -116.028, 40.8272 ], [ -116.0277, 40.828 ], [ -116.0267, 40.8297 ], [ -116.0252, 40.8311 ], [ -116.0251, 40.8333 ], [ -116.0239, 40.8346 ], [ -116.0241, 40.8359 ], [ -116.0203, 40.8376 ], [ -116.0204, 40.8384 ], [ -116.0198, 40.8387 ], [ -116.0204, 40.84 ], [ -116.0194, 40.8405 ], [ -116.0196, 40.8413 ], [ -116.0178, 40.8428 ], [ -116.0152, 40.8432 ], [ -116.0159, 40.8445 ], [ -116.0149, 40.845 ], [ -116.0138, 40.8449 ], [ -116.0132, 40.8454 ], [ -116.013, 40.8469 ], [ -116.0113, 40.848 ], [ -116.011, 40.8496 ], [ -116.0102, 40.8497 ], [ -116.0101, 40.8509 ], [ -116.0087, 40.8524 ], [ -116.0052, 40.853 ], [ -116.0043, 40.8547 ], [ -116.0032, 40.8551 ], [ -116.0027, 40.8558 ], [ -116.0012, 40.8562 ], [ -116.0007, 40.8567 ], [ -116.0016, 40.8575 ], [ -116.0014, 40.858 ], [ -116.0005, 40.8582 ], [ -115.9986, 40.8605 ], [ -115.9966, 40.8608 ], [ -115.9964, 40.8623 ], [ -115.9944, 40.8626 ], [ -115.9944, 40.8641 ], [ -115.9928, 40.8647 ], [ -115.9916, 40.8658 ], [ -115.9921, 40.8666 ], [ -115.9922, 40.8681 ], [ -115.991, 40.8692 ], [ -115.991, 40.8699 ], [ -115.9937, 40.8722 ], [ -115.9938, 40.8727 ], [ -115.9933, 40.8737 ], [ -115.9915, 40.8752 ], [ -115.9901, 40.8753 ], [ -115.9894, 40.8745 ], [ -115.9885, 40.8749 ], [ -115.9889, 40.8768 ], [ -115.9912, 40.8785 ], [ -115.9904, 40.8794 ], [ -115.9879, 40.8809 ], [ -115.9875, 40.8817 ], [ -115.9878, 40.8827 ], [ -115.9891, 40.8835 ], [ -115.9887, 40.8855 ], [ -115.9878, 40.8861 ], [ -115.9876, 40.8873 ], [ -115.9869, 40.8876 ], [ -115.988, 40.8892 ], [ -115.9881, 40.8904 ], [ -115.9865, 40.8938 ], [ -115.9867, 40.8958 ], [ -115.9864, 40.8962 ], [ -115.9871, 40.8976 ], [ -115.9867, 40.8991 ], [ -115.9869, 40.8996 ], [ -115.9877, 40.9 ], [ -115.9875, 40.9006 ], [ -115.9866, 40.9012 ], [ -115.9843, 40.9013 ], [ -115.984, 40.9017 ], [ -115.9841, 40.9033 ], [ -115.9836, 40.9036 ], [ -115.982, 40.9036 ], [ -115.9807, 40.9057 ], [ -115.978, 40.9065 ], [ -115.9774, 40.9076 ], [ -115.9738, 40.91 ], [ -115.9732, 40.9121 ], [ -115.971, 40.9143 ], [ -115.9702, 40.9169 ], [ -115.9697, 40.9171 ], [ -115.9687, 40.9187 ], [ -115.9669, 40.9194 ], [ -115.9666, 40.9198 ], [ -115.9658, 40.9216 ], [ -115.9658, 40.9227 ], [ -115.9634, 40.9235 ], [ -115.9628, 40.9241 ], [ -115.9635, 40.9282 ], [ -115.962, 40.9292 ], [ -115.9622, 40.9305 ], [ -115.9616, 40.9325 ], [ -115.9618, 40.9328 ], [ -115.9626, 40.933 ], [ -115.9627, 40.9354 ], [ -115.9621, 40.9363 ], [ -115.9625, 40.9366 ], [ -115.9622, 40.9374 ], [ -115.9626, 40.9388 ], [ -115.9638, 40.9399 ], [ -115.9627, 40.9425 ], [ -115.9658, 40.9426 ], [ -115.9703, 40.9422 ], [ -115.9668, 40.9452 ], [ -115.9671, 40.9473 ], [ -115.9664, 40.9489 ], [ -115.9671, 40.9507 ], [ -115.9687, 40.9523 ], [ -115.9687, 40.9528 ], [ -115.9645, 40.9564 ], [ -115.9639, 40.958 ], [ -115.9657, 40.9677 ], [ -115.9673, 40.9691 ], [ -115.9673, 40.9698 ], [ -115.9715, 40.9718 ], [ -115.9735, 40.9723 ], [ -115.9746, 40.9722 ], [ -115.976, 40.9726 ], [ -115.9773, 40.9725 ], [ -115.9798, 40.9733 ], [ -115.9832, 40.9737 ], [ -115.984, 40.9727 ], [ -115.9871, 40.9707 ], [ -115.9874, 40.9699 ], [ -115.9897, 40.969 ], [ -115.993, 40.9697 ], [ -115.9978, 40.9696 ], [ -116.0009, 40.97 ], [ -116.0066, 40.9719 ], [ -116.0098, 40.9702 ], [ -116.0106, 40.9694 ], [ -116.0116, 40.9692 ], [ -116.012, 40.9678 ], [ -116.0132, 40.9664 ], [ -116.0168, 40.9643 ], [ -116.018, 40.9642 ], [ -116.022, 40.9626 ], [ -116.0234, 40.9626 ], [ -116.0251, 40.9632 ], [ -116.0277, 40.9626 ], [ -116.0304, 40.9627 ], [ -116.0331, 40.9621 ], [ -116.0351, 40.9626 ], [ -116.0368, 40.9626 ], [ -116.0394, 40.9619 ], [ -116.0432, 40.9619 ], [ -116.0446, 40.9615 ], [ -116.0494, 40.9629 ], [ -116.0514, 40.9626 ], [ -116.0521, 40.9618 ], [ -116.054, 40.9629 ], [ -116.0539, 40.9643 ], [ -116.0561, 40.9643 ], [ -116.0578, 40.9635 ], [ -116.059, 40.9625 ], [ -116.059, 40.9618 ], [ -116.0582, 40.9612 ], [ -116.0596, 40.9602 ], [ -116.0605, 40.959 ], [ -116.0605, 40.9578 ], [ -116.0619, 40.9567 ], [ -116.0625, 40.9557 ], [ -116.0636, 40.9551 ], [ -116.0671, 40.951 ], [ -116.069, 40.9497 ], [ -116.0705, 40.9495 ], [ -116.0718, 40.9478 ], [ -116.0716, 40.9467 ], [ -116.0728, 40.9465 ], [ -116.0719, 40.9455 ], [ -116.0719, 40.9451 ], [ -116.0724, 40.9448 ], [ -116.0728, 40.9454 ], [ -116.0736, 40.9456 ], [ -116.0741, 40.9463 ], [ -116.0766, 40.947 ], [ -116.077, 40.948 ], [ -116.0784, 40.9485 ], [ -116.079, 40.9505 ], [ -116.0802, 40.9523 ], [ -116.0803, 40.9534 ], [ -116.082, 40.9545 ], [ -116.0841, 40.9544 ], [ -116.0869, 40.9562 ], [ -116.0888, 40.9605 ], [ -116.0908, 40.9603 ], [ -116.0911, 40.9615 ], [ -116.0928, 40.9608 ], [ -116.0931, 40.9613 ], [ -116.0928, 40.9625 ], [ -116.0935, 40.9618 ], [ -116.094, 40.9619 ], [ -116.0948, 40.9616 ], [ -116.0952, 40.962 ], [ -116.0958, 40.9635 ], [ -116.0956, 40.9643 ], [ -116.0967, 40.9654 ], [ -116.0969, 40.9665 ], [ -116.0983, 40.967 ], [ -116.0985, 40.9679 ], [ -116.0977, 40.9685 ], [ -116.0971, 40.97 ], [ -116.0972, 40.9712 ], [ -116.0983, 40.9724 ], [ -116.0981, 40.9738 ], [ -116.0988, 40.9749 ], [ -116.1007, 40.9755 ], [ -116.0992, 40.9771 ], [ -116.1002, 40.9783 ], [ -116.0994, 40.9794 ], [ -116.1012, 40.9797 ], [ -116.1025, 40.9809 ], [ -116.1054, 40.9817 ], [ -116.1095, 40.9843 ], [ -116.1112, 40.9849 ], [ -116.1141, 40.9846 ], [ -116.1147, 40.984 ], [ -116.1155, 40.9843 ], [ -116.1167, 40.9841 ], [ -116.1183, 40.9848 ], [ -116.1251, 40.9867 ], [ -116.1276, 40.9879 ], [ -116.1342, 40.9895 ], [ -116.1353, 40.9907 ], [ -116.1398, 40.9936 ], [ -116.1421, 40.9961 ], [ -116.1434, 40.997 ], [ -116.1449, 40.9973 ], [ -116.1445, 40.9982 ], [ -116.1452, 40.9997 ], [ -116.1458, 41.0001 ], [ -116.1459, 41.0023 ], [ -116.1468, 41.0047 ], [ -116.1479, 41.0049 ], [ -116.1511, 41.0032 ], [ -116.1533, 41.0028 ], [ -116.1533, 41.0006 ], [ -116.1551, 40.9999 ], [ -116.1545, 40.9989 ], [ -116.1548, 40.9974 ], [ -116.1544, 40.9968 ], [ -116.1557, 40.9955 ], [ -116.1553, 40.9947 ], [ -116.1567, 40.9942 ], [ -116.1558, 40.9927 ], [ -116.1567, 40.9922 ], [ -116.1569, 40.9931 ], [ -116.158, 40.994 ], [ -116.1582, 40.9999 ], [ -116.3017, 41.0001 ], [ -116.3039, 41.0143 ], [ -116.309, 41.0291 ], [ -116.3108, 41.0408 ], [ -116.3103, 41.0529 ], [ -116.307, 41.0574 ] ] ] } },
{ "type": "Feature", "properties": { "GEOIDFQ": "1400000US32029970200", "NAME": "9702", "NAMELSAD": "Census Tract 9702" }, "geometry": { "type": "Polygon", "coordinates": [ [ [ -119.6965, 39.2591 ], [ -119.696, 39.2809 ], [ -119.6775, 39.2809 ], [ -119.6774, 39.3317 ], [ -119.6585, 39.3315 ], [ -119.6588, 39.3461 ], [ -119.6681, 39.3462 ], [ -119.6681, 39.3608 ], [ -119.6775, 39.3606 ], [ -119.6775, 39.3751 ], [ -119.6854, 39.3751 ], [ -119.6855, 39.3896 ], [ -119.6773, 39.3896 ], [ -119.677, 39.4045 ], [ -119.6571, 39.4041 ], [ -119.6566, 39.4315 ], [ -119.6551, 39.4475 ], [ -119.6961, 39.4475 ], [ -119.6956, 39.52 ], [ -119.6882, 39.52 ], [ -119.6869, 39.519 ], [ -119.6847, 39.5184 ], [ -119.6831, 39.5164 ], [ -119.6774, 39.5128 ], [ -119.6755, 39.5123 ], [ -119.6732, 39.5123 ], [ -119.6698, 39.5114 ], [ -119.6677, 39.5098 ], [ -119.6648, 39.5084 ], [ -119.6567, 39.5086 ], [ -119.6532, 39.5082 ], [ -119.647, 39.5102 ], [ -119.6456, 39.5116 ], [ -119.6435, 39.5126 ], [ -119.6425, 39.5128 ], [ -119.6384, 39.5126 ], [ -119.6366, 39.5121 ], [ -119.6334, 39.5128 ], [ -119.6296, 39.5112 ], [ -119.6267, 39.5109 ], [ -119.6232, 39.511 ], [ -119.6213, 39.5119 ], [ -119.6195, 39.5139 ], [ -119.6189, 39.5187 ], [ -119.618, 39.5206 ], [ -119.6153, 39.523 ], [ -119.612, 39.5251 ], [ -119.61, 39.5256 ], [ -119.6098, 39.5264 ], [ -119.6088, 39.5272 ], [ -119.6088, 39.5312 ], [ -119.6056, 39.5331 ], [ -119.5966, 39.5422 ], [ -119.5943, 39.544 ], [ -119.5918, 39.5453 ], [ -119.5862, 39.5473 ], [ -119.5792, 39.5486 ], [ -119.5737, 39.5503 ], [ -119.5484, 39.5617 ], [ -119.5409, 39.5637 ], [ -119.5408, 39.5623 ], [ -119.5382, 39.5609 ], [ -119.5367, 39.561 ], [ -119.5341, 39.5632 ], [ -119.5326, 39.5638 ], [ -119.531, 39.566 ], [ -119.5283, 39.5667 ], [ -119.526, 39.5664 ], [ -119.5231, 39.565 ], [ -119.5196, 39.5643 ], [ -119.5153, 39.5641 ], [ -119.5117, 39.5623 ], [ -119.5104, 39.5632 ], [ -119.5092, 39.5633 ], [ -119.508, 39.5632 ], [ -119.5059, 39.5623 ], [ -119.5038, 39.5623 ], [ -119.5021, 39.5637 ], [ -119.5006, 39.5633 ], [ -119.4999, 39.5628 ], [ -119.4992, 39.5631 ], [ -119.4991, 39.564 ], [ -119.4985, 39.5642 ], [ -119.4946, 39.5632 ], [ -119.49, 39.5629 ], [ -119.4883, 39.5635 ], [ -119.4853, 39.5658 ], [ -119.4772, 39.5672 ], [ -119.4759, 39.5672 ], [ -119.4747, 39.5655 ], [ -119.4727, 39.566 ], [ -119.4719, 39.5673 ], [ -119.4692, 39.57 ], [ -119.4705, 39.5709 ], [ -119.4714, 39.5759 ], [ -119.47, 39.578 ], [ -119.4688, 39.5778 ], [ -119.4685, 39.5784 ], [ -119.4683, 39.58 ], [ -119.469, 39.5807 ], [ -119.4678, 39.584 ], [ -119.4671, 39.5845 ], [ -119.4654, 39.5843 ], [ -119.4643, 39.5847 ], [ -119.4597, 39.5873 ], [ -119.4579, 39.5888 ], [ -119.4559, 39.5893 ], [ -119.4539, 39.5892 ], [ -119.4525, 39.5882 ], [ -119.4519, 39.5867 ], [ -119.451, 39.5864 ], [ -119.4483, 39.5858 ], [ -119.4465, 39.5858 ], [ -119.4435, 39.585 ], [ -119.4402, 39.5856 ], [ -119.4394, 39.5872 ], [ -119.4376, 39.5877 ], [ -119.4357, 39.5879 ], [ -119.4327, 39.5871 ], [ -119.429, 39.5878 ], [ -119.4266, 39.5875 ], [ -119.4251, 39.5879 ], [ -119.422, 39.5879 ], [ -119.4193, 39.5892 ], [ -119.4173, 39.5894 ], [ -119.4133, 39.5908 ], [ -119.4041, 39.5897 ], [ -119.4009, 39.5883 ], [ -119.397, 39.5872 ], [ -119.3949, 39.5857 ], [ -119.3923, 39.5858 ], [ -119.3916, 39.5868 ], [ -119.39, 39.5877 ], [ -119.3878, 39.5881 ], [ -119.379, 39.5883 ], [ -119.376, 39.5879 ], [ -119.3722, 39.5868 ], [ -119.3706, 39.5869 ], [ -119.369, 39.5875 ], [ -119.3667, 39.5927 ], [ -119.364, 39.5956 ], [ -119.3606, 39.5966 ], [ -119.3595, 39.5973 ], [ -119.3592, 39.597 ], [ -119.3584, 39.5977 ], [ -119.3575, 39.5979 ], [ -119.3553, 39.5971 ], [ -119.3485, 39.5977 ], [ -119.3415, 39.5966 ], [ -119.3395, 39.5966 ], [ -119.334, 39.6001 ], [ -119.3276, 39.6009 ], [ -119.322, 39.6036 ], [ -119.3179, 39.6075 ], [ -119.3167, 39.6077 ], [ -119.3148, 39.6073 ], [ -119.314, 39.6074 ], [ -119.3101, 39.6114 ], [ -119.3078, 39.6131 ], [ -119.3062, 39.6127 ], [ -119.3062, 39.6131 ], [ -119.3046, 39.6129 ], [ -119.299, 39.6149 ], [ -119.2974, 39.617 ], [ -119.2939, 39.6175 ], [ -119.2931, 39.619 ], [ -119.2915, 39.6207 ], [ -119.2895, 39.621 ], [ -119.2873, 39.6224 ], [ -119.2848, 39.6228 ], [ -119.2842, 39.6235 ], [ -119.2842, 39.6252 ], [ -119.2824, 39.6289 ], [ -119.2798, 39.6271 ], [ -119.3677, 39.5 ], [ -119.4788, 39.3379 ], [ -119.5462, 39.3091 ], [ -119.6473, 39.2668 ], [ -119.7071, 39.2526 ], [ -119.7123, 39.2513 ], [ -119.7121, 39.251 ], [ -119.7126, 39.2509 ], [ -119.7141, 39.2592 ], [ -119.6965, 39.2591 ] ] ] } },
{ "type": "Feature", "properties": { "GEOIDFQ": "1400000US32013010502", "NAME": "105.02", "NAMELSAD": "Census Tract 105.02" }, "geometry": { "type": "Polygon", "coordinates": [ [ [ -117.9397, 40.8732 ], [ -117.9352, 40.877 ], [ -117.9306, 40.8797 ], [ -117.8595, 40.9111 ], [ -117.8058, 40.9285 ], [ -117.7791, 40.9417 ], [ -117.7766, 40.9426 ], [ -117.7643, 40.9456 ], [ -117.7606, 40.947 ], [ -117.7564, 40.9496 ], [ -117.7533, 40.9528 ], [ -117.7451, 40.9695 ], [ -117.7423, 40.9727 ], [ -117.7388, 40.975 ], [ -117.7337, 40.9714 ], [ -117.7328, 40.9722 ], [ -117.7294, 40.9706 ], [ -117.7684, 40.9171 ], [ -117.772, 40.9118 ], [ -117.7732, 40.9093 ], [ -117.7731, 40.9057 ], [ -117.7651, 40.8876 ], [ -117.7617, 40.8758 ], [ -117.7558, 40.8577 ], [ -117.7852, 40.8579 ], [ -117.8314, 40.8575 ], [ -117.8777, 40.8579 ], [ -117.9528, 40.8579 ], [ -117.9397, 40.8732 ] ] ] } },
{ "type": "Feature", "properties": { "GEOIDFQ": "1400000US32003005864", "NAME": "58.64", "NAMELSAD": "Census Tract 58.64" }, "geometry": { "type": "Polygon", "coordinates": [ [ [ -115.3063, 36.1001 ], [ -115.2793, 36.1001 ], [ -115.2792, 36.0852 ], [ -115.2975, 36.0851 ], [ -115.2974, 36.0925 ], [ -115.3065, 36.0926 ], [ -115.3063, 36.1001 ] ] ] } },
{ "type": "Feature", "properties": { "GEOIDFQ": "1400000US32003005366", "NAME": "53.66", "NAMELSAD": "Census Tract 53.66" }, "geometry": { "type": "Polygon", "coordinates": [ [ [ -115.017, 36.0202 ], [ -115.0188, 36.0202 ], [ -115.0191, 36.0212 ], [ -115.0187, 36.0215 ], [ -115.0199, 36.0214 ], [ -115.0201, 36.0225 ], [ -115.0143, 36.0232 ], [ -115.0097, 36.0246 ], [ -115.0039, 36.0242 ], [ -114.9922, 36.0144 ], [ -114.9905, 36.0124 ], [ -114.9901, 36.0118 ], [ -114.9924, 36.0109 ], [ -114.9909, 36.0084 ], [ -114.989, 36.0023 ], [ -114.9882, 35.998 ], [ -115.0139, 35.9982 ], [ -115.0126, 36.0026 ], [ -115.0131, 36.0055 ], [ -115.0144, 36.0065 ], [ -115.0184, 36.0076 ], [ -115.0194, 36.0082 ], [ -115.0208, 36.0092 ], [ -115.0212, 36.0113 ], [ -115.017, 36.0202 ] ] ] } },
{ "type": "Feature", "properties": { "GEOIDFQ": "1400000US32003007801", "NAME": "78.01", "NAMELSAD": "Census Tract 78.01" }, "geometry": { "type": "Polygon", "coordinates": [ [ [ -115.0622, 36.236 ], [ -115.0549, 36.2404 ], [ -115.0518, 36.2403 ], [ -115.0525, 36.2399 ], [ -115.0524, 36.2349 ], [ -115.0525, 36.2315 ], [ -115.0528, 36.2311 ], [ -115.0525, 36.2283 ], [ -115.0552, 36.226 ], [ -115.0622, 36.2257 ], [ -115.0622, 36.236 ] ] ] } },
{ "type": "Feature", "properties": { "GEOIDFQ": "1400000US32003003323", "NAME": "33.23", "NAMELSAD": "Census Tract 33.23" }, "geometry": { "type": "Polygon", "coordinates": [ [ [ -115.2601, 36.3118 ], [ -115.2584, 36.3141 ], [ -115.2572, 36.3136 ], [ -115.253, 36.3129 ], [ -115.2489, 36.3111 ], [ -115.2449, 36.3123 ], [ -115.2422, 36.3125 ], [ -115.2422, 36.3052 ], [ -115.2598, 36.3051 ], [ -115.2601, 36.3051 ], [ -115.2601, 36.3118 ] ] ] } },
{ "type": "Feature", "properties": { "GEOIDFQ": "1400000US32003003621", "NAME": "36.21", "NAMELSAD": "Census Tract 36.21" }, "geometry": { "type": "Polygon", "coordinates": [ [ [ -115.189, 36.3057 ], [ -115.1709, 36.3061 ], [ -115.171, 36.3024 ], [ -115.1716, 36.3025 ], [ -115.1715, 36.2984 ], [ -115.1719, 36.2979 ], [ -115.1715, 36.2972 ], [ -115.1719, 36.2964 ], [ -115.1716, 36.2945 ], [ -115.1711, 36.2942 ], [ -115.1747, 36.2936 ], [ -115.1778, 36.2946 ], [ -115.1798, 36.2947 ], [ -115.1818, 36.294 ], [ -115.1838, 36.2926 ], [ -115.1882, 36.2963 ], [ -115.1891, 36.2986 ], [ -115.189, 36.3057 ] ] ] } },
{ "type": "Feature", "properties": { "GEOIDFQ": "1400000US32003003619", "NAME": "36.19", "NAMELSAD": "Census Tract 36.19" }, "geometry": { "type": "Polygon", "coordinates": [ [ [ -115.1938, 36.291 ], [ -115.1938, 36.2986 ], [ -115.1891, 36.2986 ], [ -115.1888, 36.2973 ], [ -115.188, 36.2962 ], [ -115.1795, 36.2892 ], [ -115.184, 36.2866 ], [ -115.1906, 36.2814 ], [ -115.1976, 36.2866 ], [ -115.1981, 36.2876 ], [ -115.1982, 36.2912 ], [ -115.1938, 36.291 ] ] ] } },
{ "type": "Feature", "properties": { "GEOIDFQ": "1400000US32003000520", "NAME": "5.20", "NAMELSAD": "Census Tract 5.20" }, "geometry": { "type": "Polygon", "coordinates": [ [ [ -115.1162, 36.1739 ], [ -115.1159, 36.1678 ], [ -115.1227, 36.1678 ], [ -115.1251, 36.1681 ], [ -115.1251, 36.174 ], [ -115.1162, 36.1739 ] ] ] } },
{ "type": "Feature", "properties": { "GEOIDFQ": "1400000US32003000522", "NAME": "5.22", "NAMELSAD": "Census Tract 5.22" }, "geometry": { "type": "Polygon", "coordinates": [ [ [ -115.1058, 36.1737 ], [ -115.1055, 36.1677 ], [ -115.1159, 36.168 ], [ -115.1162, 36.1739 ], [ -115.1058, 36.1737 ] ] ] } },
{ "type": "Feature", "properties": { "GEOIDFQ": "1400000US32003002824", "NAME": "28.24", "NAMELSAD": "Census Tract 28.24" }, "geometry": { "type": "Polygon", "coordinates": [ [ [ -115.1189, 36.0965 ], [ -115.1099, 36.0966 ], [ -115.1099, 36.0933 ], [ -115.101, 36.0935 ], [ -115.101, 36.0864 ], [ -115.1188, 36.0862 ], [ -115.1189, 36.0965 ] ] ] } },
{ "type": "Feature", "properties": { "GEOIDFQ": "1400000US32003002833", "NAME": "28.33", "NAMELSAD": "Census Tract 28.33" }, "geometry": { "type": "Polygon", "coordinates": [ [ [ -115.1545, 36.0278 ], [ -115.1528, 36.0277 ], [ -115.15, 36.0286 ], [ -115.1471, 36.028 ], [ -115.1362, 36.028 ], [ -115.1364, 36.0206 ], [ -115.1546, 36.0207 ], [ -115.1545, 36.0278 ] ] ] } },
{ "type": "Feature", "properties": { "GEOIDFQ": "1400000US32003002834", "NAME": "28.34", "NAMELSAD": "Census Tract 28.34" }, "geometry": { "type": "Polygon", "coordinates": [ [ [ -115.1546, 36.0205 ], [ -115.1364, 36.0206 ], [ -115.1367, 36.0133 ], [ -115.1547, 36.0133 ], [ -115.1546, 36.0205 ] ] ] } },
{ "type": "Feature", "properties": { "GEOIDFQ": "1400000US32003002956", "NAME": "29.56", "NAMELSAD": "Census Tract 29.56" }, "geometry": { "type": "Polygon", "coordinates": [ [ [ -115.208, 36.1154 ], [ -115.189, 36.1155 ], [ -115.1838, 36.1143 ], [ -115.1804, 36.1144 ], [ -115.1805, 36.1007 ], [ -115.208, 36.1009 ], [ -115.208, 36.1154 ] ] ] } },
{ "type": "Feature", "properties": { "GEOIDFQ": "1400000US32003002830", "NAME": "28.30", "NAMELSAD": "Census Tract 28.30" }, "geometry": { "type": "Polygon", "coordinates": [ [ [ -115.1339, 36.0426 ], [ -115.1332, 36.0363 ], [ -115.1314, 36.0304 ], [ -115.1298, 36.0279 ], [ -115.145, 36.0281 ], [ -115.145, 36.0299 ], [ -115.1439, 36.0299 ], [ -115.1439, 36.0303 ], [ -115.1444, 36.0308 ], [ -115.1443, 36.0352 ], [ -115.1451, 36.0352 ], [ -115.1453, 36.0425 ], [ -115.1339, 36.0426 ] ] ] } },
{ "type": "Feature", "properties": { "GEOIDFQ": "1400000US32003002957", "NAME": "29.57", "NAMELSAD": "Census Tract 29.57" }, "geometry": { "type": "Polygon", "coordinates": [ [ [ -115.2793, 36.1001 ], [ -115.2611, 36.0996 ], [ -115.2431, 36.0998 ], [ -115.2429, 36.0924 ], [ -115.2628, 36.0923 ], [ -115.2792, 36.0926 ], [ -115.2793, 36.1001 ] ] ] } },
{ "type": "Feature", "properties": { "GEOIDFQ": "1400000US32003002958", "NAME": "29.58", "NAMELSAD": "Census Tract 29.58" }, "geometry": { "type": "Polygon", "coordinates": [ [ [ -115.225, 36.0999 ], [ -115.2251, 36.0926 ], [ -115.2429, 36.0924 ], [ -115.2431, 36.0998 ], [ -115.225, 36.0999 ] ] ] } },
{ "type": "Feature", "properties": { "GEOIDFQ": "1400000US32003002822", "NAME": "28.22", "NAMELSAD": "Census Tract 28.22" }, "geometry": { "type": "Polygon", "coordinates": [ [ [ -115.0639, 36.1002 ], [ -115.0639, 36.088 ], [ -115.0663, 36.0884 ], [ -115.0687, 36.0893 ], [ -115.0773, 36.0946 ], [ -115.0804, 36.0974 ], [ -115.0818, 36.1003 ], [ -115.0639, 36.1002 ] ] ] } },
{ "type": "Feature", "properties": { "GEOIDFQ": "1400000US32003002947", "NAME": "29.47", "NAMELSAD": "Census Tract 29.47" }, "geometry": { "type": "Polygon", "coordinates": [ [ [ -115.243, 36.1442 ], [ -115.2253, 36.1443 ], [ -115.2249, 36.1254 ], [ -115.2431, 36.1257 ], [ -115.243, 36.1442 ] ] ] } },
{ "type": "Feature", "properties": { "GEOIDFQ": "1400000US32003002949", "NAME": "29.49", "NAMELSAD": "Census Tract 29.49" }, "geometry": { "type": "Polygon", "coordinates": [ [ [ -115.2339, 36.1256 ], [ -115.2339, 36.1145 ], [ -115.243, 36.1145 ], [ -115.2431, 36.1257 ], [ -115.2339, 36.1256 ] ] ] } },
{ "type": "Feature", "properties": { "GEOIDFQ": "1400000US32003002948", "NAME": "29.48", "NAMELSAD": "Census Tract 29.48" }, "geometry": { "type": "Polygon", "coordinates": [ [ [ -115.2339, 36.1145 ], [ -115.2249, 36.1144 ], [ -115.225, 36.0999 ], [ -115.234, 36.0998 ], [ -115.2339, 36.1145 ] ] ] } },
{ "type": "Feature", "properties": { "GEOIDFQ": "1400000US32003003001", "NAME": "30.01", "NAMELSAD": "Census Tract 30.01" }, "geometry": { "type": "Polygon", "coordinates": [ [ [ -115.2422, 36.175 ], [ -115.2407, 36.1741 ], [ -115.2382, 36.1734 ], [ -115.2241, 36.174 ], [ -115.2238, 36.1664 ], [ -115.2421, 36.1664 ], [ -115.2422, 36.175 ] ] ] } },
{ "type": "Feature", "properties": { "GEOIDFQ": "1400000US32003003003", "NAME": "30.03", "NAMELSAD": "Census Tract 30.03" }, "geometry": { "type": "Polygon", "coordinates": [ [ [ -115.2446, 36.1886 ], [ -115.2445, 36.1792 ], [ -115.2438, 36.1767 ], [ -115.2441, 36.1765 ], [ -115.2458, 36.1774 ], [ -115.2479, 36.1779 ], [ -115.2543, 36.1779 ], [ -115.2598, 36.1785 ], [ -115.2601, 36.1888 ], [ -115.2446, 36.1886 ] ] ] } },
{ "type": "Feature", "properties": { "GEOIDFQ": "1400000US32003002835", "NAME": "28.35", "NAMELSAD": "Census Tract 28.35" }, "geometry": { "type": "Polygon", "coordinates": [ [ [ -115.1547, 36.0133 ], [ -115.1457, 36.0132 ], [ -115.1458, 36.0064 ], [ -115.1549, 36.0067 ], [ -115.1547, 36.0133 ] ] ] } },
{ "type": "Feature", "properties": { "GEOIDFQ": "1400000US32003002836", "NAME": "28.36", "NAMELSAD": "Census Tract 28.36" }, "geometry": { "type": "Polygon", "coordinates": [ [ [ -115.1457, 36.0132 ], [ -115.1367, 36.0133 ], [ -115.1369, 36.0063 ], [ -115.1458, 36.0064 ], [ -115.1457, 36.0132 ] ] ] } },
{ "type": "Feature", "properties": { "GEOIDFQ": "1400000US32003002950", "NAME": "29.50", "NAMELSAD": "Census Tract 29.50" }, "geometry": { "type": "Polygon", "coordinates": [ [ [ -115.279, 36.1149 ], [ -115.261, 36.1146 ], [ -115.2611, 36.1071 ], [ -115.2701, 36.1073 ], [ -115.2701, 36.1078 ], [ -115.2708, 36.1078 ], [ -115.2708, 36.1088 ], [ -115.2701, 36.1088 ], [ -115.2701, 36.1095 ], [ -115.2719, 36.1095 ], [ -115.2719, 36.111 ], [ -115.2768, 36.1111 ], [ -115.2769, 36.1093 ], [ -115.2791, 36.1093 ], [ -115.279, 36.1149 ] ] ] } },
{ "type": "Feature", "properties": { "GEOIDFQ": "1400000US32003002952", "NAME": "29.52", "NAMELSAD": "Census Tract 29.52" }, "geometry": { "type": "Polygon", "coordinates": [ [ [ -115.279, 36.1259 ], [ -115.27, 36.1257 ], [ -115.27, 36.1221 ], [ -115.261, 36.1219 ], [ -115.261, 36.1146 ], [ -115.279, 36.1149 ], [ -115.279, 36.1259 ] ] ] } },
{ "type": "Feature", "properties": { "GEOIDFQ": "1400000US32003002953", "NAME": "29.53", "NAMELSAD": "Census Tract 29.53" }, "geometry": { "type": "Polygon", "coordinates": [ [ [ -115.261, 36.1146 ], [ -115.2519, 36.1146 ], [ -115.2522, 36.11 ], [ -115.2565, 36.1057 ], [ -115.2536, 36.1038 ], [ -115.252, 36.1033 ], [ -115.2521, 36.0997 ], [ -115.2611, 36.0996 ], [ -115.261, 36.1146 ] ] ] } },
{ "type": "Feature", "properties": { "GEOIDFQ": "1400000US32003003004", "NAME": "30.04", "NAMELSAD": "Census Tract 30.04" }, "geometry": { "type": "Polygon", "coordinates": [ [ [ -115.2598, 36.1785 ], [ -115.2543, 36.1779 ], [ -115.2467, 36.1777 ], [ -115.2441, 36.1765 ], [ -115.2438, 36.1767 ], [ -115.2422, 36.175 ], [ -115.2422, 36.1738 ], [ -115.2598, 36.174 ], [ -115.2598, 36.1785 ] ] ] } },
{ "type": "Feature", "properties": { "GEOIDFQ": "1400000US32003002905", "NAME": "29.05", "NAMELSAD": "Census Tract 29.05" }, "geometry": { "type": "Polygon", "coordinates": [ [ [ -115.2239, 36.1593 ], [ -115.2242, 36.1578 ], [ -115.2257, 36.1555 ], [ -115.2253, 36.1443 ], [ -115.243, 36.1442 ], [ -115.2438, 36.1592 ], [ -115.2239, 36.1593 ] ] ] } },
{ "type": "Feature", "properties": { "GEOIDFQ": "1400000US32003003005", "NAME": "30.05", "NAMELSAD": "Census Tract 30.05" }, "geometry": { "type": "Polygon", "coordinates": [ [ [ -115.2599, 36.174 ], [ -115.2422, 36.1737 ], [ -115.2421, 36.1664 ], [ -115.2599, 36.1665 ], [ -115.2599, 36.174 ] ] ] } },
{ "type": "Feature", "properties": { "GEOIDFQ": "1400000US32003003006", "NAME": "30.06", "NAMELSAD": "Census Tract 30.06" }, "geometry": { "type": "Polygon", "coordinates": [ [ [ -115.2619, 36.1609 ], [ -115.2601, 36.1626 ], [ -115.2599, 36.1665 ], [ -115.2421, 36.1664 ], [ -115.2419, 36.1592 ], [ -115.2623, 36.1592 ], [ -115.2619, 36.1609 ] ] ] } },
{ "type": "Feature", "properties": { "GEOIDFQ": "1400000US32003003102", "NAME": "31.02", "NAMELSAD": "Census Tract 31.02" }, "geometry": { "type": "Polygon", "coordinates": [ [ [ -115.2238, 36.1808 ], [ -115.2241, 36.174 ], [ -115.2353, 36.1734 ], [ -115.2397, 36.1737 ], [ -115.2422, 36.175 ], [ -115.2439, 36.1768 ], [ -115.2444, 36.1785 ], [ -115.2446, 36.1813 ], [ -115.2238, 36.1808 ] ] ] } },
{ "type": "Feature", "properties": { "GEOIDFQ": "1400000US32003003204", "NAME": "32.04", "NAMELSAD": "Census Tract 32.04" }, "geometry": { "type": "Polygon", "coordinates": [ [ [ -115.2787, 36.263 ], [ -115.2539, 36.263 ], [ -115.2484, 36.2569 ], [ -115.2471, 36.2545 ], [ -115.2455, 36.2539 ], [ -115.2401, 36.2477 ], [ -115.265, 36.2479 ], [ -115.2792, 36.2483 ], [ -115.2787, 36.263 ] ] ] } },
{ "type": "Feature", "properties": { "GEOIDFQ": "1400000US32033970200", "NAME": "9702", "NAMELSAD": "Census Tract 9702" }, "geometry": { "type": "Polygon", "coordinates": [ [ [ -115.9072, 39.3793 ], [ -115.878, 39.3694 ], [ -115.8744, 39.3687 ], [ -115.8704, 39.3687 ], [ -115.7271, 39.3929 ], [ -115.722, 39.3942 ], [ -115.7126, 39.398 ], [ -115.7093, 39.3997 ], [ -115.7062, 39.4 ], [ -115.7043, 39.4009 ], [ -115.6939, 39.4119 ], [ -115.6912, 39.4145 ], [ -115.6897, 39.4154 ], [ -115.6791, 39.4169 ], [ -115.6626, 39.4198 ], [ -115.6583, 39.4202 ], [ -115.5768, 39.4095 ], [ -115.5722, 39.4083 ], [ -115.5387, 39.3962 ], [ -115.5029, 39.3912 ], [ -115.495, 39.3917 ], [ -115.4941, 39.3914 ], [ -115.4917, 39.3897 ], [ -115.4906, 39.3901 ], [ -115.49, 39.3916 ], [ -115.4884, 39.3925 ], [ -115.487, 39.395 ], [ -115.4843, 39.3946 ], [ -115.4784, 39.3955 ], [ -115.4766, 39.3963 ], [ -115.4745, 39.3981 ], [ -115.4731, 39.3986 ], [ -115.4658, 39.397 ], [ -115.4639, 39.3963 ], [ -115.4568, 39.3922 ], [ -115.4495, 39.3891 ], [ -115.4466, 39.387 ], [ -115.4415, 39.3851 ], [ -115.4381, 39.3831 ], [ -115.4307, 39.3827 ], [ -115.428, 39.3831 ], [ -115.4266, 39.3829 ], [ -115.4241, 39.3816 ], [ -115.4221, 39.3793 ], [ -115.4185, 39.3762 ], [ -115.4153, 39.3716 ], [ -115.4055, 39.3678 ], [ -115.4026, 39.3659 ], [ -115.4011, 39.3642 ], [ -115.3922, 39.3497 ], [ -115.3909, 39.3488 ], [ -115.3874, 39.348 ], [ -115.3863, 39.3481 ], [ -115.3844, 39.3493 ], [ -115.3831, 39.3497 ], [ -115.3789, 39.3493 ], [ -115.3775, 39.3509 ], [ -115.3762, 39.3514 ], [ -115.3681, 39.3521 ], [ -115.365, 39.3514 ], [ -115.3639, 39.3514 ], [ -115.3593, 39.3533 ], [ -115.3575, 39.3555 ], [ -115.3551, 39.3569 ], [ -115.353, 39.3589 ], [ -115.3521, 39.3593 ], [ -115.3507, 39.359 ], [ -115.3484, 39.3566 ], [ -115.345, 39.3555 ], [ -115.3428, 39.3556 ], [ -115.3401, 39.3552 ], [ -115.3338, 39.3564 ], [ -115.332, 39.3571 ], [ -115.3279, 39.3597 ], [ -115.3211, 39.3621 ], [ -115.2236, 39.4136 ], [ -115.2054, 39.4204 ], [ -115.1984, 39.4224 ], [ -115.1917, 39.427 ], [ -115.188, 39.4288 ], [ -115.1847, 39.4293 ], [ -115.151, 39.4273 ], [ -115.148, 39.4273 ], [ -115.1466, 39.428 ], [ -115.1461, 39.4307 ], [ -115.1464, 39.4323 ], [ -115.1478, 39.4346 ], [ -115.1443, 39.4408 ], [ -115.1423, 39.4491 ], [ -115.144, 39.4538 ], [ -115.1435, 39.4577 ], [ -115.1441, 39.4625 ], [ -115.1439, 39.4666 ], [ -115.1452, 39.472 ], [ -115.1418, 39.4794 ], [ -115.1404, 39.4809 ], [ -115.1369, 39.4823 ], [ -115.1326, 39.4825 ], [ -115.1305, 39.4821 ], [ -115.1265, 39.4804 ], [ -115.1233, 39.4815 ], [ -115.1209, 39.4833 ], [ -115.1183, 39.4844 ], [ -115.1126, 39.4909 ], [ -115.1122, 39.4943 ], [ -115.1134, 39.497 ], [ -115.1135, 39.4983 ], [ -115.1122, 39.4992 ], [ -115.1112, 39.5013 ], [ -115.1101, 39.5021 ], [ -115.1076, 39.5054 ], [ -115.1047, 39.5074 ], [ -115.1018, 39.5079 ], [ -115.1005, 39.5078 ], [ -115.0935, 39.5048 ], [ -115.089, 39.5024 ], [ -115.0805, 39.4994 ], [ -115.0773, 39.5016 ], [ -115.0647, 39.5118 ], [ -115.0604, 39.5132 ], [ -115.044, 39.5167 ], [ -115.0418, 39.5177 ], [ -115.0387, 39.5307 ], [ -115.0361, 39.5371 ], [ -115.0332, 39.5423 ], [ -115.0293, 39.5521 ], [ -115.0276, 39.5577 ], [ -115.0258, 39.5613 ], [ -115.0188, 39.5816 ], [ -115.0156, 39.5887 ], [ -115.0112, 39.6008 ], [ -115.0097, 39.6063 ], [ -115.0039, 39.6227 ], [ -115.0041, 39.6219 ], [ -115.0006, 39.6219 ], [ -114.9993, 39.6224 ], [ -115.0017, 39.6176 ], [ -115.004, 39.6055 ], [ -115.0046, 39.591 ], [ -115.0039, 39.5851 ], [ -115.0045, 39.5768 ], [ -115.0052, 39.5744 ], [ -115.0027, 39.5558 ], [ -115.0022, 39.55 ], [ -114.999, 39.5356 ], [ -114.9971, 39.5316 ], [ -114.9967, 39.5296 ], [ -114.9971, 39.5273 ], [ -114.9996, 39.5258 ], [ -115.0007, 39.5247 ], [ -115.002, 39.5243 ], [ -114.9992, 39.521 ], [ -114.9986, 39.5152 ], [ -114.9961, 39.5144 ], [ -114.994, 39.5123 ], [ -114.993, 39.5105 ], [ -114.9931, 39.5087 ], [ -114.994, 39.5069 ], [ -114.9921, 39.5035 ], [ -114.994, 39.5011 ], [ -114.9934, 39.4977 ], [ -114.9942, 39.4966 ], [ -114.9942, 39.4947 ], [ -114.9937, 39.4937 ], [ -114.9912, 39.4927 ], [ -114.9899, 39.4911 ], [ -114.9873, 39.4897 ], [ -114.9872, 39.4884 ], [ -114.9877, 39.4866 ], [ -114.9875, 39.4832 ], [ -114.9882, 39.4815 ], [ -114.9862, 39.4799 ], [ -114.9857, 39.4742 ], [ -114.9847, 39.4718 ], [ -114.9811, 39.469 ], [ -114.9752, 39.4599 ], [ -114.9747, 39.4579 ], [ -114.9748, 39.4541 ], [ -114.9722, 39.4494 ], [ -114.9697, 39.4467 ], [ -114.9662, 39.4389 ], [ -114.963, 39.4356 ], [ -114.9616, 39.4336 ], [ -114.9598, 39.4296 ], [ -114.9595, 39.4275 ], [ -114.9548, 39.418 ], [ -114.9517, 39.4098 ], [ -114.913, 39.3611 ], [ -114.9097, 39.3588 ], [ -114.9015, 39.357 ], [ -114.8948, 39.3529 ], [ -114.8929, 39.3514 ], [ -114.8891, 39.3502 ], [ -114.8863, 39.346 ], [ -114.8842, 39.3394 ], [ -114.8829, 39.3394 ], [ -114.8825, 39.327 ], [ -114.9395, 39.2882 ], [ -114.9493, 39.2908 ], [ -114.9506, 39.2903 ], [ -114.952, 39.2889 ], [ -114.9546, 39.2877 ], [ -114.9563, 39.2878 ], [ -114.9573, 39.2873 ], [ -114.9593, 39.2875 ], [ -114.9605, 39.2864 ], [ -114.9633, 39.285 ], [ -114.9639, 39.2829 ], [ -114.9666, 39.2828 ], [ -114.9735, 39.2815 ], [ -114.9725, 39.2758 ], [ -114.9747, 39.2704 ], [ -114.9763, 39.269 ], [ -114.9793, 39.2683 ], [ -114.9805, 39.2676 ], [ -114.9835, 39.2625 ], [ -114.9838, 39.2605 ], [ -114.9832, 39.2588 ], [ -114.9824, 39.2579 ], [ -114.9805, 39.257 ], [ -114.9829, 39.2575 ], [ -114.9859, 39.26 ], [ -114.9865, 39.26 ], [ -114.9868, 39.2597 ], [ -114.9845, 39.2572 ], [ -114.9849, 39.2542 ], [ -114.9835, 39.2512 ], [ -114.983, 39.2463 ], [ -114.9818, 39.2447 ], [ -114.9808, 39.2408 ], [ -114.9801, 39.24 ], [ -114.9777, 39.2388 ], [ -114.9757, 39.2365 ], [ -114.9727, 39.2297 ], [ -114.9699, 39.2175 ], [ -114.9681, 39.2192 ], [ -114.9659, 39.2204 ], [ -114.9608, 39.2216 ], [ -114.957, 39.2231 ], [ -114.9554, 39.223 ], [ -114.9474, 39.2207 ], [ -114.9456, 39.2207 ], [ -114.9421, 39.2216 ], [ -114.9392, 39.2205 ], [ -114.9361, 39.2201 ], [ -114.9345, 39.2208 ], [ -114.9295, 39.2257 ], [ -114.9277, 39.2267 ], [ -114.9255, 39.2273 ], [ -114.9189, 39.2274 ], [ -114.9156, 39.2287 ], [ -114.9094, 39.2281 ], [ -114.9049, 39.2261 ], [ -114.9019, 39.2263 ], [ -114.8998, 39.2277 ], [ -114.8959, 39.2334 ], [ -114.8973, 39.2335 ], [ -114.8949, 39.2373 ], [ -114.8949, 39.241 ], [ -114.8953, 39.2411 ], [ -114.8955, 39.2427 ], [ -114.8952, 39.2455 ], [ -114.8946, 39.2456 ], [ -114.895, 39.2477 ], [ -114.8844, 39.2493 ], [ -114.8773, 39.253 ], [ -114.8742, 39.2534 ], [ -114.8734, 39.2519 ], [ -114.8596, 39.2563 ], [ -114.8602, 39.258 ], [ -114.8574, 39.2604 ], [ -114.8536, 39.269 ], [ -114.8457, 39.281 ], [ -114.8461, 39.2817 ], [ -114.846, 39.2847 ], [ -114.8474, 39.2857 ], [ -114.8478, 39.2869 ], [ -114.8495, 39.2875 ], [ -114.8514, 39.2902 ], [ -114.8513, 39.2916 ], [ -114.8503, 39.2927 ], [ -114.8506, 39.2987 ], [ -114.8591, 39.3088 ], [ -114.8589, 39.3104 ], [ -114.8595, 39.3117 ], [ -114.8584, 39.3132 ], [ -114.8584, 39.3175 ], [ -114.8592, 39.3189 ], [ -114.8589, 39.3213 ], [ -114.8594, 39.3231 ], [ -114.861, 39.325 ], [ -114.859, 39.3287 ], [ -114.8594, 39.3303 ], [ -114.8588, 39.3327 ], [ -114.8601, 39.3373 ], [ -114.8595, 39.3373 ], [ -114.8595, 39.3422 ], [ -114.8541, 39.3459 ], [ -114.8441, 39.3441 ], [ -114.8092, 39.3365 ], [ -114.8042, 39.3349 ], [ -114.8024, 39.3216 ], [ -114.8009, 39.3145 ], [ -114.8005, 39.3077 ], [ -114.7994, 39.3032 ], [ -114.7906, 39.2398 ], [ -114.7906, 39.2359 ], [ -114.7899, 39.2327 ], [ -114.7901, 39.2315 ], [ -114.7891, 39.2282 ], [ -114.7849, 39.1976 ], [ -114.7843, 39.1883 ], [ -114.7787, 39.1846 ], [ -114.7307, 39.1428 ], [ -114.6423, 39.126 ], [ -114.6142, 39.113 ], [ -114.6111, 39.1108 ], [ -114.6106, 39.1096 ], [ -114.6071, 39.1062 ], [ -114.6038, 39.104 ], [ -114.6024, 39.104 ], [ -114.6006, 39.103 ], [ -114.5985, 39.1027 ], [ -114.597, 39.1018 ], [ -114.5954, 39.1016 ], [ -114.5914, 39.1017 ], [ -114.5899, 39.1014 ], [ -114.5881, 39.1017 ], [ -114.5845, 39.1018 ], [ -114.5847, 39.0974 ], [ -114.585, 39.0971 ], [ -114.5843, 39.0953 ], [ -114.5847, 39.0941 ], [ -114.5831, 39.0916 ], [ -114.5824, 39.091 ], [ -114.5815, 39.0839 ], [ -114.5831, 39.0787 ], [ -114.5859, 39.074 ], [ -114.5867, 39.0733 ], [ -114.5879, 39.0657 ], [ -114.5878, 39.0635 ], [ -114.5883, 39.0627 ], [ -114.5883, 39.0592 ], [ -114.5906, 39.0562 ], [ -114.5918, 39.0554 ], [ -114.5933, 39.0532 ], [ -114.5938, 39.053 ], [ -114.5953, 39.0542 ], [ -114.597, 39.053 ], [ -114.599, 39.0531 ], [ -114.6028, 39.0524 ], [ -114.6044, 39.0502 ], [ -114.6059, 39.0494 ], [ -114.6066, 39.0486 ], [ -114.6081, 39.0481 ], [ -114.6106, 39.0458 ], [ -114.6123, 39.0458 ], [ -114.6129, 39.0469 ], [ -114.614, 39.0475 ], [ -114.6189, 39.0473 ], [ -114.6215, 39.0459 ], [ -114.6247, 39.0455 ], [ -114.628, 39.0429 ], [ -114.6297, 39.0427 ], [ -114.6324, 39.0433 ], [ -114.6342, 39.0431 ], [ -114.6372, 39.0416 ], [ -114.6396, 39.0411 ], [ -114.6421, 39.0395 ], [ -114.645, 39.0391 ], [ -114.6411, 39.0361 ], [ -114.6398, 39.0326 ], [ -114.6397, 39.0275 ], [ -114.6409, 39.0245 ], [ -114.6434, 39.0214 ], [ -114.6474, 39.0183 ], [ -114.6512, 39.0147 ], [ -114.6524, 39.0097 ], [ -114.6465, 39.0006 ], [ -114.6452, 38.9959 ], [ -114.647, 38.9927 ], [ -114.6501, 38.9905 ], [ -114.6538, 38.9889 ], [ -114.6575, 38.986 ], [ -114.6641, 38.9799 ], [ -114.6663, 38.9769 ], [ -114.6666, 38.9688 ], [ -114.6656, 38.9619 ], [ -114.6662, 38.9579 ], [ -114.67, 38.9492 ], [ -114.6685, 38.947 ], [ -114.6597, 38.9393 ], [ -114.6562, 38.9355 ], [ -114.6535, 38.9308 ], [ -114.6513, 38.9239 ], [ -114.6503, 38.9231 ], [ -114.643, 38.9218 ], [ -114.6396, 38.9192 ], [ -114.6363, 38.915 ], [ -114.6346, 38.9087 ], [ -114.6351, 38.9031 ], [ -114.6368, 38.8981 ], [ -114.6376, 38.8879 ], [ -114.6372, 38.8837 ], [ -114.6333, 38.8757 ], [ -114.6331, 38.8727 ], [ -114.6343, 38.8686 ], [ -114.6423, 38.8519 ], [ -114.6455, 38.8423 ], [ -114.6633, 38.8261 ], [ -114.6716, 38.8202 ], [ -114.6739, 38.8172 ], [ -114.6753, 38.8125 ], [ -114.673, 38.8101 ], [ -114.6741, 38.8079 ], [ -114.6767, 38.805 ], [ -114.6865, 38.8015 ], [ -114.6973, 38.7985 ], [ -114.7004, 38.7971 ], [ -114.7065, 38.7926 ], [ -114.7383, 38.76 ], [ -114.748, 38.7468 ], [ -114.7521, 38.7387 ], [ -114.7545, 38.7313 ], [ -114.756, 38.7238 ], [ -114.7546, 38.7174 ], [ -114.7524, 38.7117 ], [ -114.7375, 38.6773 ], [ -115.0008, 38.6773 ], [ -115.0854, 38.7232 ], [ -115.1229, 38.7434 ], [ -115.1258, 38.7446 ], [ -115.1348, 38.7499 ], [ -115.2509, 38.8124 ], [ -115.2751, 38.8259 ], [ -115.4975, 38.945 ], [ -115.5679, 38.9832 ], [ -115.5999, 38.9999 ], [ -115.6016, 38.9999 ], [ -115.6271, 39.0137 ], [ -115.7426, 39.0746 ], [ -115.7508, 39.0796 ], [ -115.8361, 39.1249 ], [ -115.8695, 39.1426 ], [ -115.8759, 39.1454 ], [ -115.9071, 39.1618 ], [ -115.9076, 39.368 ], [ -115.9072, 39.3793 ] ] ] } },
{ "type": "Feature", "properties": { "GEOIDFQ": "1400000US32033970100", "NAME": "9701", "NAMELSAD": "Census Tract 9701" }, "geometry": { "type": "Polygon", "coordinates": [ [ [ -115.9066, 39.4642 ], [ -115.9058, 39.4625 ], [ -115.9042, 39.4613 ], [ -115.904, 39.4592 ], [ -115.9032, 39.4575 ], [ -115.9035, 39.4566 ], [ -115.9032, 39.4557 ], [ -115.9014, 39.4545 ], [ -115.8983, 39.4539 ], [ -115.8979, 39.455 ], [ -115.896, 39.4574 ], [ -115.8948, 39.4611 ], [ -115.894, 39.4616 ], [ -115.891, 39.4618 ], [ -115.8888, 39.4629 ], [ -115.8861, 39.4631 ], [ -115.8847, 39.4636 ], [ -115.8811, 39.466 ], [ -115.8759, 39.4657 ], [ -115.8753, 39.4664 ], [ -115.8756, 39.4684 ], [ -115.8751, 39.4693 ], [ -115.8721, 39.4695 ], [ -115.8703, 39.47 ], [ -115.8694, 39.472 ], [ -115.868, 39.474 ], [ -115.8675, 39.4771 ], [ -115.8665, 39.4786 ], [ -115.8666, 39.4798 ], [ -115.8687, 39.4827 ], [ -115.8703, 39.4861 ], [ -115.8703, 39.4871 ], [ -115.8697, 39.4875 ], [ -115.8663, 39.4881 ], [ -115.8649, 39.4889 ], [ -115.8645, 39.4912 ], [ -115.8652, 39.4921 ], [ -115.8652, 39.493 ], [ -115.8644, 39.4936 ], [ -115.8617, 39.4946 ], [ -115.859, 39.4952 ], [ -115.8583, 39.4964 ], [ -115.8564, 39.4981 ], [ -115.8525, 39.499 ], [ -115.8525, 39.4999 ], [ -115.8518, 39.5009 ], [ -115.8558, 39.5039 ], [ -115.8531, 39.506 ], [ -115.8512, 39.5088 ], [ -115.8443, 39.5086 ], [ -115.8428, 39.5099 ], [ -115.8422, 39.5112 ], [ -115.8428, 39.5121 ], [ -115.8445, 39.5127 ], [ -115.8448, 39.5132 ], [ -115.8415, 39.515 ], [ -115.8406, 39.5203 ], [ -115.84, 39.5222 ], [ -115.8381, 39.5239 ], [ -115.8323, 39.5353 ], [ -115.8317, 39.5367 ], [ -115.8317, 39.5387 ], [ -115.8305, 39.5414 ], [ -115.8323, 39.5441 ], [ -115.8328, 39.5461 ], [ -115.8328, 39.5499 ], [ -115.8333, 39.5521 ], [ -115.8342, 39.5529 ], [ -115.837, 39.5538 ], [ -115.8379, 39.5549 ], [ -115.8382, 39.5562 ], [ -115.8358, 39.5605 ], [ -115.8357, 39.5631 ], [ -115.8332, 39.5681 ], [ -115.8316, 39.5702 ], [ -115.8283, 39.5723 ], [ -115.8262, 39.5748 ], [ -115.8217, 39.5782 ], [ -115.8193, 39.5817 ], [ -115.8186, 39.5846 ], [ -115.816, 39.5859 ], [ -115.8159, 39.588 ], [ -115.8143, 39.5901 ], [ -115.8135, 39.5935 ], [ -115.8141, 39.5953 ], [ -115.8137, 39.5969 ], [ -115.8139, 39.5985 ], [ -115.8148, 39.6004 ], [ -115.8167, 39.6019 ], [ -115.8185, 39.608 ], [ -115.8192, 39.612 ], [ -115.8182, 39.6149 ], [ -115.8191, 39.6165 ], [ -115.819, 39.6203 ], [ -115.8193, 39.6219 ], [ -115.8228, 39.6253 ], [ -115.8246, 39.6289 ], [ -115.8254, 39.6347 ], [ -115.8249, 39.638 ], [ -115.8254, 39.6418 ], [ -115.8275, 39.646 ], [ -115.8267, 39.6493 ], [ -115.825, 39.6513 ], [ -115.8231, 39.6558 ], [ -115.8234, 39.6586 ], [ -115.8242, 39.6601 ], [ -115.823, 39.6627 ], [ -115.8243, 39.6656 ], [ -115.8227, 39.6686 ], [ -115.8226, 39.6702 ], [ -115.8239, 39.6731 ], [ -115.8236, 39.6772 ], [ -115.824, 39.6797 ], [ -115.8246, 39.6806 ], [ -115.824, 39.6846 ], [ -115.8244, 39.6874 ], [ -115.8276, 39.694 ], [ -115.8292, 39.6956 ], [ -115.8296, 39.6968 ], [ -115.8286, 39.704 ], [ -115.829, 39.7062 ], [ -115.8322, 39.711 ], [ -115.8305, 39.7154 ], [ -115.8307, 39.7158 ], [ -115.8335, 39.718 ], [ -115.8333, 39.7281 ], [ -115.8331, 39.7294 ], [ -115.8314, 39.7326 ], [ -115.8309, 39.735 ], [ -115.8296, 39.7361 ], [ -115.8285, 39.7386 ], [ -115.8263, 39.7393 ], [ -115.8253, 39.7405 ], [ -115.8243, 39.744 ], [ -115.8229, 39.7452 ], [ -115.8174, 39.7472 ], [ -115.816, 39.7503 ], [ -115.8143, 39.752 ], [ -115.8126, 39.7522 ], [ -115.8121, 39.7529 ], [ -115.8128, 39.7565 ], [ -115.8121, 39.7584 ], [ -115.8104, 39.7604 ], [ -115.8101, 39.7619 ], [ -115.8128, 39.7666 ], [ -115.8118, 39.7684 ], [ -115.8107, 39.7694 ], [ -115.8129, 39.7714 ], [ -115.8134, 39.7727 ], [ -115.813, 39.7746 ], [ -115.8139, 39.7787 ], [ -115.8107, 39.7821 ], [ -115.8121, 39.7883 ], [ -115.8105, 39.791 ], [ -115.8101, 39.7933 ], [ -115.8101, 39.7958 ], [ -115.8125, 39.8016 ], [ -115.812, 39.8042 ], [ -115.8134, 39.8107 ], [ -115.8156, 39.8143 ], [ -115.8144, 39.8152 ], [ -115.8135, 39.8165 ], [ -115.8127, 39.8198 ], [ -115.8125, 39.8245 ], [ -115.8093, 39.8245 ], [ -115.8091, 39.8258 ], [ -115.8041, 39.8326 ], [ -115.8023, 39.8335 ], [ -115.7995, 39.8341 ], [ -115.7987, 39.8351 ], [ -115.7988, 39.8362 ], [ -115.8, 39.8389 ], [ -115.8003, 39.8411 ], [ -115.8, 39.8427 ], [ -115.7983, 39.8468 ], [ -115.7987, 39.8487 ], [ -115.7986, 39.8498 ], [ -115.7949, 39.8531 ], [ -115.7949, 39.8539 ], [ -115.7953, 39.8569 ], [ -115.7967, 39.8587 ], [ -115.797, 39.8602 ], [ -115.798, 39.8616 ], [ -115.7991, 39.865 ], [ -115.7999, 39.8658 ], [ -115.8043, 39.8679 ], [ -115.8053, 39.8698 ], [ -115.8048, 39.8709 ], [ -115.8023, 39.8734 ], [ -115.8023, 39.8749 ], [ -115.801, 39.8774 ], [ -115.8012, 39.8787 ], [ -115.803, 39.8809 ], [ -115.8027, 39.883 ], [ -115.803, 39.8857 ], [ -115.8058, 39.8899 ], [ -115.8052, 39.8931 ], [ -115.807, 39.8944 ], [ -115.8072, 39.8975 ], [ -115.8078, 39.8992 ], [ -115.8076, 39.9003 ], [ -115.8058, 39.904 ], [ -115.8028, 39.9055 ], [ -115.8017, 39.9091 ], [ -115.8024, 39.9128 ], [ -115.8052, 39.9148 ], [ -115.8059, 39.918 ], [ -115.809, 39.9236 ], [ -115.8101, 39.9243 ], [ -115.8125, 39.9249 ], [ -115.814, 39.927 ], [ -115.8162, 39.929 ], [ -115.8174, 39.931 ], [ -115.8181, 39.9328 ], [ -115.8169, 39.9348 ], [ -115.8159, 39.9412 ], [ -115.8152, 39.9428 ], [ -115.8157, 39.9457 ], [ -115.8148, 39.9481 ], [ -115.8161, 39.9528 ], [ -115.8162, 39.9549 ], [ -115.8208, 39.9648 ], [ -115.8236, 39.9676 ], [ -115.8235, 39.9685 ], [ -115.8244, 39.9722 ], [ -115.8236, 39.9745 ], [ -115.8269, 39.979 ], [ -115.8275, 39.982 ], [ -115.8286, 39.9828 ], [ -115.8309, 39.9834 ], [ -115.8334, 39.985 ], [ -115.8345, 39.9877 ], [ -115.8343, 39.9917 ], [ -115.8347, 39.9928 ], [ -115.8358, 39.994 ], [ -115.8357, 39.9947 ], [ -115.8315, 39.9981 ], [ -115.8313, 39.9992 ], [ -115.8323, 40.0017 ], [ -115.8315, 40.0079 ], [ -115.8341, 40.0105 ], [ -115.8355, 40.0147 ], [ -115.8353, 40.0174 ], [ -115.8341, 40.0191 ], [ -115.832, 40.021 ], [ -115.8272, 40.0234 ], [ -115.8265, 40.0261 ], [ -115.8278, 40.0299 ], [ -115.8303, 40.0331 ], [ -115.8305, 40.0343 ], [ -115.8296, 40.0361 ], [ -115.8294, 40.0379 ], [ -115.8299, 40.0391 ], [ -115.833, 40.0425 ], [ -115.8332, 40.0432 ], [ -115.8296, 40.0481 ], [ -115.8277, 40.0493 ], [ -115.8266, 40.0531 ], [ -115.8277, 40.0563 ], [ -115.8278, 40.0583 ], [ -115.8273, 40.0626 ], [ -115.8305, 40.0661 ], [ -115.831, 40.067 ], [ -115.8305, 40.0684 ], [ -115.8329, 40.0708 ], [ -115.8325, 40.0749 ], [ -115.8335, 40.0779 ], [ -115.8352, 40.08 ], [ -115.8366, 40.0805 ], [ -115.8386, 40.0803 ], [ -115.8393, 40.0808 ], [ -115.8384, 40.0817 ], [ -115.8391, 40.0845 ], [ -115.8355, 40.0859 ], [ -115.8331, 40.0879 ], [ -115.8342, 40.0927 ], [ -115.8402, 40.0976 ], [ -115.8397, 40.0986 ], [ -115.8379, 40.0996 ], [ -115.8347, 40.1011 ], [ -115.8285, 40.1033 ], [ -115.8268, 40.1043 ], [ -115.8254, 40.1061 ], [ -115.8285, 40.111 ], [ -115.8303, 40.112 ], [ -115.8306, 40.1127 ], [ -115.8302, 40.1133 ], [ -115.8276, 40.1149 ], [ -115.8274, 40.1164 ], [ -115.8246, 40.1177 ], [ -115.8238, 40.1188 ], [ -115.8241, 40.1212 ], [ -115.8308, 40.1249 ], [ -115.8326, 40.1254 ], [ -115.834, 40.1262 ], [ -115.835, 40.1278 ], [ -115.8222, 40.1281 ], [ -115.7895, 40.128 ], [ -115.7747, 40.1285 ], [ -115.7633, 40.1282 ], [ -115.6609, 40.1276 ], [ -115.6259, 40.1278 ], [ -115.6226, 40.1283 ], [ -115.5009, 40.1279 ], [ -115.4994, 40.1271 ], [ -115.4986, 40.1271 ], [ -115.4831, 40.1272 ], [ -115.3759, 40.1261 ], [ -115.2637, 40.1225 ], [ -115.2458, 40.1223 ], [ -115.2205, 40.1227 ], [ -115.1259, 40.1223 ], [ -115.0937, 40.1227 ], [ -115.0087, 40.1223 ], [ -115.0009, 40.1228 ], [ -114.9146, 40.1223 ], [ -114.8838, 40.1214 ], [ -114.8643, 40.1224 ], [ -114.8065, 40.1211 ], [ -114.7509, 40.1207 ], [ -114.7509, 40.1214 ], [ -114.6627, 40.1208 ], [ -114.6259, 40.12 ], [ -114.3758, 40.1179 ], [ -114.3684, 40.1173 ], [ -114.3542, 40.1178 ], [ -114.2516, 40.1167 ], [ -114.145, 40.1168 ], [ -114.1261, 40.1166 ], [ -114.0466, 40.1169 ], [ -114.0472, 39.8497 ], [ -114.0479, 39.7794 ], [ -114.0468, 39.7091 ], [ -114.0476, 39.6249 ], [ -114.0497, 38.859 ], [ -114.0498, 38.6774 ], [ -114.1585, 38.6773 ], [ -114.1648, 38.6776 ], [ -114.2508, 38.6773 ], [ -114.7375, 38.6773 ], [ -114.7524, 38.7117 ], [ -114.7546, 38.7174 ], [ -114.756, 38.7238 ], [ -114.7545, 38.7313 ], [ -114.7521, 38.7387 ], [ -114.748, 38.7468 ], [ -114.7383, 38.76 ], [ -114.7065, 38.7926 ], [ -114.7004, 38.7971 ], [ -114.6973, 38.7985 ], [ -114.6865, 38.8015 ], [ -114.6767, 38.805 ], [ -114.6741, 38.8079 ], [ -114.673, 38.8101 ], [ -114.6753, 38.8125 ], [ -114.6739, 38.8172 ], [ -114.6716, 38.8202 ], [ -114.6633, 38.8261 ], [ -114.6455, 38.8423 ], [ -114.6423, 38.8519 ], [ -114.6343, 38.8686 ], [ -114.6331, 38.8727 ], [ -114.6333, 38.8757 ], [ -114.6372, 38.8837 ], [ -114.6376, 38.8879 ], [ -114.6368, 38.8981 ], [ -114.6351, 38.9031 ], [ -114.6346, 38.9087 ], [ -114.6363, 38.915 ], [ -114.6396, 38.9192 ], [ -114.643, 38.9218 ], [ -114.6503, 38.9231 ], [ -114.6513, 38.9239 ], [ -114.6535, 38.9308 ], [ -114.6562, 38.9355 ], [ -114.6597, 38.9393 ], [ -114.6685, 38.947 ], [ -114.67, 38.9492 ], [ -114.6662, 38.9579 ], [ -114.6656, 38.9619 ], [ -114.6666, 38.9688 ], [ -114.6663, 38.9769 ], [ -114.6641, 38.9799 ], [ -114.6575, 38.986 ], [ -114.6538, 38.9889 ], [ -114.6501, 38.9905 ], [ -114.647, 38.9927 ], [ -114.6452, 38.9959 ], [ -114.6465, 39.0006 ], [ -114.6524, 39.0097 ], [ -114.6512, 39.0147 ], [ -114.6474, 39.0183 ], [ -114.6434, 39.0214 ], [ -114.6409, 39.0245 ], [ -114.6397, 39.0275 ], [ -114.6398, 39.0326 ], [ -114.6411, 39.0361 ], [ -114.645, 39.0391 ], [ -114.6421, 39.0395 ], [ -114.6396, 39.0411 ], [ -114.6372, 39.0416 ], [ -114.6342, 39.0431 ], [ -114.6324, 39.0433 ], [ -114.6297, 39.0427 ], [ -114.628, 39.0429 ], [ -114.6247, 39.0455 ], [ -114.6215, 39.0459 ], [ -114.6189, 39.0473 ], [ -114.614, 39.0475 ], [ -114.6129, 39.0469 ], [ -114.6123, 39.0458 ], [ -114.6106, 39.0458 ], [ -114.6081, 39.0481 ], [ -114.6066, 39.0486 ], [ -114.6059, 39.0494 ], [ -114.6044, 39.0502 ], [ -114.6028, 39.0524 ], [ -114.599, 39.0531 ], [ -114.597, 39.053 ], [ -114.5953, 39.0542 ], [ -114.5938, 39.053 ], [ -114.5933, 39.0532 ], [ -114.5918, 39.0554 ], [ -114.5906, 39.0562 ], [ -114.5883, 39.0592 ], [ -114.5883, 39.0627 ], [ -114.5878, 39.0635 ], [ -114.5879, 39.0657 ], [ -114.5867, 39.0733 ], [ -114.5859, 39.074 ], [ -114.5831, 39.0787 ], [ -114.5815, 39.0839 ], [ -114.5824, 39.091 ], [ -114.5831, 39.0916 ], [ -114.5847, 39.0941 ], [ -114.5843, 39.0953 ], [ -114.585, 39.0971 ], [ -114.5847, 39.0974 ], [ -114.5845, 39.1018 ], [ -114.5881, 39.1017 ], [ -114.5899, 39.1014 ], [ -114.5914, 39.1017 ], [ -114.5954, 39.1016 ], [ -114.597, 39.1018 ], [ -114.5985, 39.1027 ], [ -114.6006, 39.103 ], [ -114.6024, 39.104 ], [ -114.6038, 39.104 ], [ -114.6071, 39.1062 ], [ -114.6106, 39.1096 ], [ -114.6111, 39.1108 ], [ -114.6142, 39.113 ], [ -114.6423, 39.126 ], [ -114.7307, 39.1428 ], [ -114.7787, 39.1846 ], [ -114.7843, 39.1883 ], [ -114.7849, 39.1976 ], [ -114.7891, 39.2282 ], [ -114.7901, 39.2315 ], [ -114.7899, 39.2327 ], [ -114.7906, 39.2359 ], [ -114.7906, 39.2398 ], [ -114.7994, 39.3032 ], [ -114.8005, 39.3077 ], [ -114.8009, 39.3145 ], [ -114.8024, 39.3216 ], [ -114.8042, 39.3349 ], [ -114.8092, 39.3365 ], [ -114.8441, 39.3441 ], [ -114.8541, 39.3459 ], [ -114.8595, 39.3474 ], [ -114.8839, 39.3461 ], [ -114.8832, 39.3426 ], [ -114.8849, 39.3423 ], [ -114.8863, 39.346 ], [ -114.8891, 39.3502 ], [ -114.8929, 39.3514 ], [ -114.8948, 39.3529 ], [ -114.9015, 39.357 ], [ -114.909, 39.3586 ], [ -114.9112, 39.3596 ], [ -114.9134, 39.3616 ], [ -114.9519, 39.41 ], [ -114.9548, 39.418 ], [ -114.9595, 39.4275 ], [ -114.9598, 39.4296 ], [ -114.9616, 39.4336 ], [ -114.963, 39.4356 ], [ -114.9662, 39.4389 ], [ -114.9697, 39.4467 ], [ -114.9722, 39.4494 ], [ -114.9748, 39.4541 ], [ -114.9747, 39.4579 ], [ -114.9752, 39.4599 ], [ -114.9811, 39.469 ], [ -114.9847, 39.4718 ], [ -114.9857, 39.4742 ], [ -114.9862, 39.4799 ], [ -114.9882, 39.4815 ], [ -114.9875, 39.4832 ], [ -114.9877, 39.4866 ], [ -114.9872, 39.4884 ], [ -114.9873, 39.4897 ], [ -114.9899, 39.4911 ], [ -114.9912, 39.4927 ], [ -114.9937, 39.4937 ], [ -114.9942, 39.4948 ], [ -114.9942, 39.4966 ], [ -114.9934, 39.4977 ], [ -114.994, 39.5011 ], [ -114.9921, 39.5035 ], [ -114.994, 39.5069 ], [ -114.9931, 39.5087 ], [ -114.993, 39.5105 ], [ -114.994, 39.5123 ], [ -114.9961, 39.5144 ], [ -114.9986, 39.5152 ], [ -114.9992, 39.521 ], [ -115.002, 39.5243 ], [ -115.0007, 39.5247 ], [ -114.9996, 39.5258 ], [ -114.9972, 39.5272 ], [ -114.9967, 39.529 ], [ -114.9971, 39.5316 ], [ -114.999, 39.5356 ], [ -115.0022, 39.55 ], [ -115.0027, 39.5558 ], [ -115.0052, 39.5744 ], [ -115.0045, 39.5768 ], [ -115.0039, 39.5851 ], [ -115.0046, 39.591 ], [ -115.004, 39.6055 ], [ -115.0017, 39.6176 ], [ -114.9993, 39.6224 ], [ -115.0006, 39.6219 ], [ -115.0041, 39.6219 ], [ -115.0039, 39.6227 ], [ -115.0097, 39.6063 ], [ -115.0112, 39.6008 ], [ -115.0156, 39.5887 ], [ -115.0188, 39.5816 ], [ -115.0258, 39.5613 ], [ -115.0276, 39.5577 ], [ -115.0293, 39.5521 ], [ -115.0332, 39.5423 ], [ -115.0361, 39.5371 ], [ -115.0387, 39.5307 ], [ -115.0418, 39.5177 ], [ -115.044, 39.5167 ], [ -115.0604, 39.5132 ], [ -115.0647, 39.5118 ], [ -115.0773, 39.5016 ], [ -115.0805, 39.4994 ], [ -115.089, 39.5024 ], [ -115.0935, 39.5048 ], [ -115.1005, 39.5078 ], [ -115.1018, 39.5079 ], [ -115.1047, 39.5074 ], [ -115.1076, 39.5054 ], [ -115.1101, 39.5021 ], [ -115.1112, 39.5013 ], [ -115.1122, 39.4992 ], [ -115.1135, 39.4983 ], [ -115.1134, 39.497 ], [ -115.1122, 39.4943 ], [ -115.1126, 39.4909 ], [ -115.1183, 39.4844 ], [ -115.1209, 39.4833 ], [ -115.1233, 39.4815 ], [ -115.1265, 39.4804 ], [ -115.1305, 39.4821 ], [ -115.1326, 39.4825 ], [ -115.1369, 39.4823 ], [ -115.1404, 39.4809 ], [ -115.1418, 39.4794 ], [ -115.1452, 39.472 ], [ -115.1439, 39.4666 ], [ -115.1441, 39.4625 ], [ -115.1435, 39.4577 ], [ -115.144, 39.4538 ], [ -115.1423, 39.4491 ], [ -115.1443, 39.4408 ], [ -115.1478, 39.4346 ], [ -115.1464, 39.4323 ], [ -115.1461, 39.4307 ], [ -115.1466, 39.428 ], [ -115.148, 39.4273 ], [ -115.151, 39.4273 ], [ -115.1847, 39.4293 ], [ -115.188, 39.4288 ], [ -115.1917, 39.427 ], [ -115.1984, 39.4224 ], [ -115.2054, 39.4204 ], [ -115.2236, 39.4136 ], [ -115.3215, 39.3619 ], [ -115.3279, 39.3597 ], [ -115.3331, 39.3566 ], [ -115.3401, 39.3552 ], [ -115.3428, 39.3556 ], [ -115.345, 39.3555 ], [ -115.3478, 39.3563 ], [ -115.3487, 39.3568 ], [ -115.3507, 39.359 ], [ -115.3521, 39.3593 ], [ -115.353, 39.3589 ], [ -115.3551, 39.3569 ], [ -115.3575, 39.3555 ], [ -115.3593, 39.3533 ], [ -115.3639, 39.3514 ], [ -115.365, 39.3514 ], [ -115.3681, 39.3521 ], [ -115.3762, 39.3514 ], [ -115.3775, 39.3509 ], [ -115.3789, 39.3493 ], [ -115.3828, 39.3498 ], [ -115.3844, 39.3493 ], [ -115.3865, 39.348 ], [ -115.3881, 39.3482 ], [ -115.3909, 39.3488 ], [ -115.3922, 39.3497 ], [ -115.4011, 39.3642 ], [ -115.4026, 39.3659 ], [ -115.4055, 39.3678 ], [ -115.4153, 39.3716 ], [ -115.4185, 39.3762 ], [ -115.4221, 39.3793 ], [ -115.4241, 39.3816 ], [ -115.4266, 39.3829 ], [ -115.428, 39.3831 ], [ -115.4307, 39.3827 ], [ -115.4381, 39.3831 ], [ -115.4415, 39.3851 ], [ -115.4466, 39.387 ], [ -115.4495, 39.3891 ], [ -115.4568, 39.3922 ], [ -115.4639, 39.3963 ], [ -115.4658, 39.397 ], [ -115.4731, 39.3986 ], [ -115.4745, 39.3981 ], [ -115.4766, 39.3963 ], [ -115.4784, 39.3955 ], [ -115.4843, 39.3946 ], [ -115.487, 39.395 ], [ -115.4884, 39.3925 ], [ -115.49, 39.3916 ], [ -115.4906, 39.3901 ], [ -115.4917, 39.3897 ], [ -115.4941, 39.3914 ], [ -115.495, 39.3917 ], [ -115.5029, 39.3912 ], [ -115.5387, 39.3962 ], [ -115.5722, 39.4083 ], [ -115.5768, 39.4095 ], [ -115.6583, 39.4202 ], [ -115.6626, 39.4198 ], [ -115.6791, 39.4169 ], [ -115.6899, 39.4154 ], [ -115.6915, 39.4143 ], [ -115.6983, 39.4075 ], [ -115.7043, 39.4009 ], [ -115.7062, 39.4 ], [ -115.7093, 39.3997 ], [ -115.7136, 39.3976 ], [ -115.7237, 39.3937 ], [ -115.8682, 39.3689 ], [ -115.8723, 39.3686 ], [ -115.8761, 39.3689 ], [ -115.9072, 39.3793 ], [ -115.9077, 39.4644 ], [ -115.9066, 39.4642 ] ] ] } },
{ "type": "Feature", "properties": { "GEOIDFQ": "1400000US32033970300", "NAME": "9703", "NAMELSAD": "Census Tract 9703" }, "geometry": { "type": "Polygon", "coordinates": [ [ [ -114.9859, 39.26 ], [ -114.9829, 39.2575 ], [ -114.9805, 39.257 ], [ -114.9824, 39.2579 ], [ -114.9832, 39.2588 ], [ -114.9838, 39.2605 ], [ -114.9835, 39.2625 ], [ -114.9805, 39.2676 ], [ -114.9793, 39.2683 ], [ -114.9763, 39.269 ], [ -114.9747, 39.2704 ], [ -114.9725, 39.2758 ], [ -114.9735, 39.2815 ], [ -114.9666, 39.2828 ], [ -114.9639, 39.2829 ], [ -114.9633, 39.285 ], [ -114.9605, 39.2864 ], [ -114.9593, 39.2875 ], [ -114.9573, 39.2873 ], [ -114.9563, 39.2878 ], [ -114.9546, 39.2877 ], [ -114.952, 39.2889 ], [ -114.9506, 39.2903 ], [ -114.9493, 39.2908 ], [ -114.9395, 39.2882 ], [ -114.8825, 39.327 ], [ -114.8829, 39.3394 ], [ -114.8842, 39.3394 ], [ -114.8851, 39.3424 ], [ -114.8844, 39.3423 ], [ -114.8832, 39.3426 ], [ -114.8839, 39.3461 ], [ -114.8595, 39.3474 ], [ -114.8541, 39.3459 ], [ -114.8595, 39.3422 ], [ -114.8595, 39.3373 ], [ -114.8601, 39.3373 ], [ -114.8588, 39.3327 ], [ -114.8594, 39.3303 ], [ -114.859, 39.3287 ], [ -114.861, 39.325 ], [ -114.8594, 39.3231 ], [ -114.8589, 39.3213 ], [ -114.8592, 39.3189 ], [ -114.8584, 39.3175 ], [ -114.8584, 39.3132 ], [ -114.8595, 39.3117 ], [ -114.8586, 39.3079 ], [ -114.8578, 39.3076 ], [ -114.8565, 39.3054 ], [ -114.8506, 39.2987 ], [ -114.8503, 39.2927 ], [ -114.8513, 39.2916 ], [ -114.8514, 39.2902 ], [ -114.8495, 39.2875 ], [ -114.8478, 39.2869 ], [ -114.8474, 39.2857 ], [ -114.846, 39.2847 ], [ -114.8461, 39.2817 ], [ -114.8457, 39.281 ], [ -114.8536, 39.269 ], [ -114.8574, 39.2604 ], [ -114.8602, 39.258 ], [ -114.8595, 39.2566 ], [ -114.8598, 39.2562 ], [ -114.8734, 39.2519 ], [ -114.8742, 39.2534 ], [ -114.8773, 39.253 ], [ -114.8844, 39.2493 ], [ -114.895, 39.2477 ], [ -114.8946, 39.2456 ], [ -114.8952, 39.2455 ], [ -114.8955, 39.2427 ], [ -114.8953, 39.2411 ], [ -114.8949, 39.241 ], [ -114.8949, 39.2373 ], [ -114.8973, 39.2335 ], [ -114.8959, 39.2334 ], [ -114.8967, 39.2319 ], [ -114.9008, 39.2268 ], [ -114.9025, 39.2261 ], [ -114.9045, 39.226 ], [ -114.9062, 39.2265 ], [ -114.9094, 39.2281 ], [ -114.9153, 39.2287 ], [ -114.9189, 39.2274 ], [ -114.9265, 39.2271 ], [ -114.929, 39.2261 ], [ -114.9345, 39.2208 ], [ -114.9366, 39.2201 ], [ -114.9392, 39.2205 ], [ -114.9421, 39.2216 ], [ -114.9456, 39.2207 ], [ -114.9474, 39.2207 ], [ -114.9554, 39.223 ], [ -114.957, 39.2231 ], [ -114.9608, 39.2216 ], [ -114.9659, 39.2204 ], [ -114.9681, 39.2192 ], [ -114.9699, 39.2175 ], [ -114.9727, 39.2297 ], [ -114.9757, 39.2365 ], [ -114.9777, 39.2388 ], [ -114.9801, 39.24 ], [ -114.9808, 39.2408 ], [ -114.9818, 39.2447 ], [ -114.983, 39.2463 ], [ -114.9835, 39.2512 ], [ -114.9849, 39.2542 ], [ -114.9845, 39.2572 ], [ -114.9868, 39.2598 ], [ -114.9859, 39.26 ] ] ] } },
{ "type": "Feature", "properties": { "GEOIDFQ": "1400000US32003003211", "NAME": "32.11", "NAMELSAD": "Census Tract 32.11" }, "geometry": { "type": "Polygon", "coordinates": [ [ [ -115.2788, 36.2186 ], [ -115.2789, 36.2102 ], [ -115.2811, 36.2102 ], [ -115.2875, 36.2115 ], [ -115.293, 36.2117 ], [ -115.2962, 36.2115 ], [ -115.2982, 36.2107 ], [ -115.3002, 36.2118 ], [ -115.302, 36.2123 ], [ -115.3106, 36.2137 ], [ -115.3154, 36.2137 ], [ -115.319, 36.2142 ], [ -115.3197, 36.2183 ], [ -115.2788, 36.2186 ] ] ] } },
{ "type": "Feature", "properties": { "GEOIDFQ": "1400000US32003003213", "NAME": "32.13", "NAMELSAD": "Census Tract 32.13" }, "geometry": { "type": "Polygon", "coordinates": [ [ [ -115.3222, 36.2123 ], [ -115.3214, 36.2134 ], [ -115.319, 36.2142 ], [ -115.3154, 36.2137 ], [ -115.3106, 36.2137 ], [ -115.302, 36.2123 ], [ -115.3002, 36.2118 ], [ -115.2982, 36.2107 ], [ -115.2993, 36.2092 ], [ -115.2998, 36.2061 ], [ -115.3038, 36.2061 ], [ -115.3079, 36.2046 ], [ -115.3101, 36.2042 ], [ -115.32, 36.2051 ], [ -115.3201, 36.207 ], [ -115.322, 36.2098 ], [ -115.3224, 36.2113 ], [ -115.3222, 36.2123 ] ] ] } },
{ "type": "Feature", "properties": { "GEOIDFQ": "1400000US32003003214", "NAME": "32.14", "NAMELSAD": "Census Tract 32.14" }, "geometry": { "type": "Polygon", "coordinates": [ [ [ -115.2989, 36.2099 ], [ -115.2979, 36.2109 ], [ -115.2962, 36.2115 ], [ -115.2882, 36.2115 ], [ -115.2811, 36.2102 ], [ -115.2789, 36.2102 ], [ -115.2793, 36.2035 ], [ -115.2823, 36.1998 ], [ -115.2869, 36.2027 ], [ -115.29, 36.2042 ], [ -115.2943, 36.2054 ], [ -115.2998, 36.2061 ], [ -115.2989, 36.2099 ] ] ] } },
{ "type": "Feature", "properties": { "GEOIDFQ": "1400000US32023960405", "NAME": "9604.05", "NAMELSAD": "Census Tract 9604.05" }, "geometry": { "type": "Polygon", "coordinates": [ [ [ -116.0991, 36.1691 ], [ -116.0957, 36.1702 ], [ -116.0871, 36.1751 ], [ -116.0764, 36.1795 ], [ -116.0676, 36.1851 ], [ -116.068, 36.1758 ], [ -116.0676, 36.1611 ], [ -115.9589, 36.1609 ], [ -115.9584, 36.1593 ], [ -115.9576, 36.1464 ], [ -115.9578, 36.1088 ], [ -115.9568, 36.0627 ], [ -115.9625, 36.054 ], [ -116.0007, 36.0839 ], [ -116.1085, 36.1671 ], [ -116.0991, 36.1691 ] ] ] } },
{ "type": "Feature", "properties": { "GEOIDFQ": "1400000US32023960100", "NAME": "9601", "NAMELSAD": "Census Tract 9601" }, "geometry": { "type": "Polygon", "coordinates": [ [ [ -118.1792, 39.004 ], [ -118.126, 39.0158 ], [ -118.124, 39.0159 ], [ -118.001, 39.0435 ], [ -117.98, 39.0479 ], [ -117.967, 39.0511 ], [ -117.7755, 39.0934 ], [ -117.647, 39.115 ], [ -117.6014, 39.1222 ], [ -117.5872, 39.1249 ], [ -117.5009, 39.1394 ], [ -117.4726, 39.1436 ], [ -117.3574, 39.1595 ], [ -117.3319, 39.1634 ], [ -117.0002, 39.1633 ], [ -116.7508, 39.1615 ], [ -116.7391, 39.1623 ], [ -116.5952, 39.1614 ], [ -116.2509, 39.1618 ], [ -116.0023, 39.1612 ], [ -116.0009, 39.1618 ], [ -115.9071, 39.1618 ], [ -115.8759, 39.1454 ], [ -115.8695, 39.1426 ], [ -115.8361, 39.1249 ], [ -115.7508, 39.0796 ], [ -115.7426, 39.0746 ], [ -115.6271, 39.0137 ], [ -115.6016, 38.9999 ], [ -115.5999, 38.9999 ], [ -115.5679, 38.9832 ], [ -115.4975, 38.945 ], [ -115.2751, 38.8259 ], [ -115.2509, 38.8124 ], [ -115.1348, 38.7499 ], [ -115.1258, 38.7446 ], [ -115.1229, 38.7434 ], [ -115.0854, 38.7232 ], [ -115.0008, 38.6773 ], [ -115.0008, 38.0508 ], [ -115.2534, 38.0506 ], [ -115.3595, 38.0511 ], [ -115.3759, 38.0506 ], [ -115.5597, 38.0512 ], [ -115.7509, 38.0511 ], [ -115.8632, 38.0509 ], [ -115.8931, 38.0505 ], [ -115.8952, 38.0519 ], [ -115.9024, 38.0531 ], [ -115.9048, 38.0525 ], [ -115.906, 38.0526 ], [ -115.9084, 38.0536 ], [ -115.9108, 38.0555 ], [ -115.9127, 38.0587 ], [ -115.9131, 38.0606 ], [ -115.9164, 38.0605 ], [ -115.9186, 38.061 ], [ -115.9302, 38.0655 ], [ -115.94, 38.0685 ], [ -115.9798, 38.0853 ], [ -116.0234, 38.1059 ], [ -116.0785, 38.1345 ], [ -116.0971, 38.1452 ], [ -116.1001, 38.1465 ], [ -116.1015, 38.1467 ], [ -116.102, 38.1465 ], [ -116.1244, 38.1616 ], [ -116.1542, 38.1863 ], [ -116.1678, 38.194 ], [ -116.1655, 38.1971 ], [ -116.1656, 38.1981 ], [ -116.1661, 38.199 ], [ -116.1732, 38.202 ], [ -116.1772, 38.2091 ], [ -116.1768, 38.2133 ], [ -116.1783, 38.2198 ], [ -116.1812, 38.2238 ], [ -116.1839, 38.2343 ], [ -116.1827, 38.2499 ], [ -116.1829, 38.2529 ], [ -116.1824, 38.2536 ], [ -116.1829, 38.2609 ], [ -116.1834, 38.2654 ], [ -116.1842, 38.2681 ], [ -116.1871, 38.292 ], [ -116.1884, 38.2961 ], [ -116.1917, 38.3009 ], [ -116.1934, 38.305 ], [ -116.1934, 38.3325 ], [ -116.1946, 38.3355 ], [ -116.1995, 38.3435 ], [ -116.2027, 38.3477 ], [ -116.2086, 38.3617 ], [ -116.2097, 38.3626 ], [ -116.2297, 38.3682 ], [ -116.228, 38.3704 ], [ -116.2286, 38.3706 ], [ -116.2301, 38.3689 ], [ -116.2499, 38.3613 ], [ -116.255, 38.3641 ], [ -116.2572, 38.368 ], [ -116.2703, 38.396 ], [ -116.2759, 38.4069 ], [ -116.2825, 38.4187 ], [ -116.2909, 38.4327 ], [ -116.2921, 38.4353 ], [ -116.2927, 38.4357 ], [ -116.2954, 38.4411 ], [ -116.2982, 38.445 ], [ -116.3017, 38.4473 ], [ -116.306, 38.4481 ], [ -116.3126, 38.4482 ], [ -116.331, 38.4499 ], [ -116.3363, 38.4508 ], [ -116.3401, 38.4508 ], [ -116.3408, 38.4701 ], [ -116.3408, 38.4869 ], [ -116.3422, 38.4932 ], [ -116.3426, 38.4984 ], [ -116.3411, 38.5054 ], [ -116.3415, 38.5086 ], [ -116.3429, 38.511 ], [ -116.3487, 38.514 ], [ -116.3537, 38.5154 ], [ -116.3545, 38.5161 ], [ -116.3557, 38.5163 ], [ -116.3572, 38.5173 ], [ -116.3593, 38.5194 ], [ -116.3603, 38.5194 ], [ -116.3607, 38.5201 ], [ -116.3624, 38.5202 ], [ -116.3645, 38.5188 ], [ -116.3682, 38.5198 ], [ -116.3691, 38.5206 ], [ -116.3694, 38.5216 ], [ -116.3711, 38.5226 ], [ -116.3726, 38.5225 ], [ -116.3735, 38.5236 ], [ -116.3751, 38.5244 ], [ -116.3758, 38.5257 ], [ -116.3783, 38.5273 ], [ -116.3797, 38.5273 ], [ -116.3817, 38.5266 ], [ -116.3862, 38.5266 ], [ -116.388, 38.5277 ], [ -116.3959, 38.5289 ], [ -116.3972, 38.5302 ], [ -116.3987, 38.5305 ], [ -116.3994, 38.5311 ], [ -116.4002, 38.5311 ], [ -116.4017, 38.5301 ], [ -116.4031, 38.5298 ], [ -116.4046, 38.53 ], [ -116.4055, 38.5308 ], [ -116.4068, 38.531 ], [ -116.4083, 38.5303 ], [ -116.4135, 38.5306 ], [ -116.4153, 38.5317 ], [ -116.4171, 38.5338 ], [ -116.4195, 38.5341 ], [ -116.4221, 38.5356 ], [ -116.4263, 38.5357 ], [ -116.4295, 38.5348 ], [ -116.4354, 38.5368 ], [ -116.4374, 38.539 ], [ -116.4385, 38.5395 ], [ -116.4402, 38.5396 ], [ -116.442, 38.5379 ], [ -116.4427, 38.5381 ], [ -116.446, 38.5405 ], [ -116.4466, 38.5416 ], [ -116.4507, 38.5412 ], [ -116.4527, 38.5398 ], [ -116.4559, 38.5385 ], [ -116.4593, 38.5385 ], [ -116.4608, 38.5373 ], [ -116.4604, 38.5348 ], [ -116.4646, 38.5319 ], [ -116.4702, 38.5313 ], [ -116.4792, 38.5331 ], [ -116.4826, 38.5302 ], [ -116.4854, 38.5294 ], [ -116.4878, 38.5291 ], [ -116.4942, 38.5245 ], [ -116.4985, 38.5225 ], [ -116.5017, 38.5217 ], [ -116.5072, 38.523 ], [ -116.5114, 38.5252 ], [ -116.5122, 38.5266 ], [ -116.5124, 38.5281 ], [ -116.5144, 38.5292 ], [ -116.5155, 38.5302 ], [ -116.5188, 38.5313 ], [ -116.5202, 38.5314 ], [ -116.5226, 38.5306 ], [ -116.5269, 38.5312 ], [ -116.5293, 38.5307 ], [ -116.5449, 38.5296 ], [ -116.5546, 38.5231 ], [ -116.5604, 38.5199 ], [ -116.5679, 38.5134 ], [ -116.5793, 38.5075 ], [ -116.5869, 38.5025 ], [ -116.5907, 38.4993 ], [ -116.5948, 38.4966 ], [ -116.6072, 38.4921 ], [ -116.6124, 38.4879 ], [ -116.6485, 38.4698 ], [ -116.6634, 38.4603 ], [ -116.6655, 38.4606 ], [ -116.6691, 38.4619 ], [ -116.6729, 38.4646 ], [ -116.6757, 38.466 ], [ -116.678, 38.4667 ], [ -116.6804, 38.4666 ], [ -116.682, 38.4667 ], [ -116.6826, 38.4672 ], [ -116.6834, 38.467 ], [ -116.6856, 38.4682 ], [ -116.6885, 38.4686 ], [ -116.6911, 38.4699 ], [ -116.695, 38.4712 ], [ -116.6976, 38.4727 ], [ -116.6989, 38.4741 ], [ -116.7009, 38.4752 ], [ -116.7052, 38.4761 ], [ -116.7095, 38.4783 ], [ -116.7132, 38.4783 ], [ -116.7153, 38.4798 ], [ -116.7178, 38.4807 ], [ -116.7186, 38.4825 ], [ -116.7199, 38.4835 ], [ -116.723, 38.4842 ], [ -116.7238, 38.484 ], [ -116.7281, 38.4855 ], [ -116.7308, 38.4855 ], [ -116.735, 38.4866 ], [ -116.7393, 38.4902 ], [ -116.7404, 38.4917 ], [ -116.7428, 38.4931 ], [ -116.744, 38.4953 ], [ -116.7456, 38.497 ], [ -116.7468, 38.4977 ], [ -116.7501, 38.4986 ], [ -116.7519, 38.4987 ], [ -116.7532, 38.4982 ], [ -116.7545, 38.4946 ], [ -116.7572, 38.4933 ], [ -116.761, 38.4887 ], [ -116.7609, 38.4876 ], [ -116.7615, 38.4864 ], [ -116.7607, 38.4853 ], [ -116.7618, 38.4842 ], [ -116.7617, 38.4826 ], [ -116.7649, 38.4807 ], [ -116.7657, 38.4805 ], [ -116.7679, 38.481 ], [ -116.7749, 38.4841 ], [ -116.7771, 38.4844 ], [ -116.7794, 38.4853 ], [ -116.7833, 38.4843 ], [ -116.7862, 38.4846 ], [ -116.7893, 38.4843 ], [ -116.797, 38.4817 ], [ -116.8026, 38.4809 ], [ -116.8055, 38.4823 ], [ -116.8083, 38.4855 ], [ -116.8088, 38.4906 ], [ -116.8111, 38.4929 ], [ -116.8149, 38.4941 ], [ -116.8174, 38.4938 ], [ -116.8276, 38.4898 ], [ -116.8294, 38.4906 ], [ -116.8304, 38.4924 ], [ -116.8322, 38.4935 ], [ -116.8327, 38.4966 ], [ -116.8342, 38.4981 ], [ -116.835, 38.4986 ], [ -116.8377, 38.4991 ], [ -116.8433, 38.498 ], [ -116.8462, 38.4969 ], [ -116.8489, 38.4964 ], [ -116.8523, 38.4964 ], [ -116.8559, 38.4943 ], [ -116.8575, 38.4939 ], [ -116.8645, 38.494 ], [ -116.8709, 38.4929 ], [ -116.8741, 38.4932 ], [ -116.88, 38.4949 ], [ -116.8822, 38.4948 ], [ -116.8849, 38.4956 ], [ -116.8918, 38.4964 ], [ -116.9077, 38.4968 ], [ -116.9109, 38.4975 ], [ -116.9119, 38.4973 ], [ -116.913, 38.4979 ], [ -116.9149, 38.4968 ], [ -116.9216, 38.4963 ], [ -116.9275, 38.4942 ], [ -116.9297, 38.4942 ], [ -116.9363, 38.4927 ], [ -116.9415, 38.4928 ], [ -116.9474, 38.4941 ], [ -116.9556, 38.4898 ], [ -116.9573, 38.4878 ], [ -116.9613, 38.4786 ], [ -116.9642, 38.4697 ], [ -116.9706, 38.4572 ], [ -116.9762, 38.451 ], [ -116.9795, 38.4481 ], [ -116.982, 38.447 ], [ -116.9844, 38.4469 ], [ -116.9872, 38.4463 ], [ -116.9915, 38.446 ], [ -117.0153, 38.4368 ], [ -117.0424, 38.4284 ], [ -117.0495, 38.4259 ], [ -117.0564, 38.4245 ], [ -117.0648, 38.4221 ], [ -117.0662, 38.422 ], [ -117.0696, 38.4223 ], [ -117.0798, 38.4246 ], [ -117.0884, 38.4231 ], [ -117.0925, 38.423 ], [ -117.098, 38.4221 ], [ -117.1041, 38.4271 ], [ -117.1053, 38.4286 ], [ -117.1098, 38.4326 ], [ -117.1112, 38.4349 ], [ -117.1126, 38.4359 ], [ -117.1133, 38.4362 ], [ -117.1152, 38.4344 ], [ -117.1161, 38.435 ], [ -117.1188, 38.435 ], [ -117.1196, 38.4365 ], [ -117.1229, 38.4392 ], [ -117.1223, 38.4413 ], [ -117.1231, 38.4445 ], [ -117.1222, 38.4499 ], [ -117.1226, 38.4546 ], [ -117.122, 38.4555 ], [ -117.1217, 38.4576 ], [ -117.1226, 38.458 ], [ -117.1244, 38.461 ], [ -117.1259, 38.4625 ], [ -117.1346, 38.4615 ], [ -117.1338, 38.4583 ], [ -117.1329, 38.4564 ], [ -117.1328, 38.4536 ], [ -117.1321, 38.4508 ], [ -117.1314, 38.45 ], [ -117.1311, 38.4466 ], [ -117.1306, 38.4453 ], [ -117.131, 38.4425 ], [ -117.1304, 38.4406 ], [ -117.1304, 38.4378 ], [ -117.1317, 38.4356 ], [ -117.1314, 38.4337 ], [ -117.1308, 38.4328 ], [ -117.1311, 38.429 ], [ -117.1329, 38.4256 ], [ -117.1331, 38.4255 ], [ -117.134, 38.4273 ], [ -117.1338, 38.428 ], [ -117.1365, 38.4327 ], [ -117.1421, 38.4354 ], [ -117.1424, 38.4383 ], [ -117.1433, 38.44 ], [ -117.1432, 38.4424 ], [ -117.1437, 38.444 ], [ -117.1452, 38.4465 ], [ -117.1522, 38.4546 ], [ -117.1529, 38.4546 ], [ -117.1545, 38.4533 ], [ -117.1545, 38.451 ], [ -117.1581, 38.4451 ], [ -117.1601, 38.4476 ], [ -117.1606, 38.4428 ], [ -117.162, 38.4395 ], [ -117.1667, 38.438 ], [ -117.1687, 38.4383 ], [ -117.1704, 38.438 ], [ -117.171, 38.4369 ], [ -117.1728, 38.4364 ], [ -117.174, 38.4356 ], [ -117.1754, 38.4329 ], [ -117.1797, 38.4291 ], [ -117.1818, 38.4285 ], [ -117.1886, 38.424 ], [ -117.1914, 38.4284 ], [ -117.1914, 38.4277 ], [ -117.1975, 38.4193 ], [ -117.1995, 38.4181 ], [ -117.2014, 38.4138 ], [ -117.2017, 38.4114 ], [ -117.2041, 38.4088 ], [ -117.2044, 38.4068 ], [ -117.2035, 38.4055 ], [ -117.2028, 38.4022 ], [ -117.2031, 38.4011 ], [ -117.2036, 38.4009 ], [ -117.2082, 38.402 ], [ -117.2103, 38.4032 ], [ -117.219, 38.4063 ], [ -117.222, 38.4081 ], [ -117.2285, 38.4103 ], [ -117.2292, 38.4109 ], [ -117.2324, 38.4116 ], [ -117.2376, 38.4144 ], [ -117.2387, 38.4152 ], [ -117.239, 38.416 ], [ -117.2427, 38.4167 ], [ -117.2467, 38.4189 ], [ -117.2493, 38.4194 ], [ -117.2523, 38.4215 ], [ -117.2633, 38.4258 ], [ -117.2663, 38.4264 ], [ -117.2716, 38.4288 ], [ -117.2789, 38.4314 ], [ -117.2865, 38.4355 ], [ -117.2926, 38.4382 ], [ -117.2954, 38.4405 ], [ -117.299, 38.4485 ], [ -117.2995, 38.4509 ], [ -117.301, 38.454 ], [ -117.3001, 38.4564 ], [ -117.3008, 38.4577 ], [ -117.3026, 38.459 ], [ -117.3036, 38.4604 ], [ -117.3051, 38.4605 ], [ -117.3106, 38.4624 ], [ -117.3123, 38.4616 ], [ -117.316, 38.4643 ], [ -117.3195, 38.4611 ], [ -117.3217, 38.4599 ], [ -117.3233, 38.4597 ], [ -117.3735, 38.4617 ], [ -117.3968, 38.4632 ], [ -117.4061, 38.4641 ], [ -117.4204, 38.4668 ], [ -117.4331, 38.468 ], [ -117.4543, 38.4732 ], [ -117.4521, 38.4696 ], [ -117.436, 38.4472 ], [ -117.3901, 38.3812 ], [ -117.4152, 38.292 ], [ -117.4031, 38.2727 ], [ -117.4497, 38.2569 ], [ -117.485, 38.2894 ], [ -117.6063, 38.3974 ], [ -117.6259, 38.4161 ], [ -117.7203, 38.4999 ], [ -117.7212, 38.4999 ], [ -117.8619, 38.6249 ], [ -118.1962, 38.9191 ], [ -118.1963, 38.9999 ], [ -118.1792, 39.004 ] ] ] } },
{ "type": "Feature", "properties": { "GEOIDFQ": "1400000US32023960200", "NAME": "9602", "NAMELSAD": "Census Tract 9602" }, "geometry": { "type": "Polygon", "coordinates": [ [ [ -117.4331, 38.468 ], [ -117.4204, 38.4668 ], [ -117.4061, 38.4641 ], [ -117.3968, 38.4632 ], [ -117.3735, 38.4617 ], [ -117.3233, 38.4597 ], [ -117.3217, 38.4599 ], [ -117.3195, 38.4611 ], [ -117.316, 38.4643 ], [ -117.3123, 38.4616 ], [ -117.3106, 38.4624 ], [ -117.3051, 38.4605 ], [ -117.3036, 38.4604 ], [ -117.3026, 38.459 ], [ -117.3008, 38.4577 ], [ -117.3001, 38.4564 ], [ -117.301, 38.454 ], [ -117.2995, 38.4509 ], [ -117.299, 38.4485 ], [ -117.2954, 38.4405 ], [ -117.2926, 38.4382 ], [ -117.2865, 38.4355 ], [ -117.2789, 38.4314 ], [ -117.2716, 38.4288 ], [ -117.2663, 38.4264 ], [ -117.2633, 38.4258 ], [ -117.2523, 38.4215 ], [ -117.2493, 38.4194 ], [ -117.2467, 38.4189 ], [ -117.2427, 38.4167 ], [ -117.239, 38.416 ], [ -117.2387, 38.4152 ], [ -117.2376, 38.4144 ], [ -117.2324, 38.4116 ], [ -117.2292, 38.4109 ], [ -117.2285, 38.4103 ], [ -117.222, 38.4081 ], [ -117.219, 38.4063 ], [ -117.2103, 38.4032 ], [ -117.2082, 38.402 ], [ -117.2036, 38.4009 ], [ -117.2031, 38.4011 ], [ -117.2028, 38.4022 ], [ -117.2035, 38.4055 ], [ -117.2044, 38.4068 ], [ -117.2041, 38.4088 ], [ -117.2017, 38.4114 ], [ -117.2014, 38.4138 ], [ -117.1995, 38.4181 ], [ -117.1975, 38.4193 ], [ -117.1914, 38.4277 ], [ -117.1914, 38.4284 ], [ -117.1886, 38.424 ], [ -117.1818, 38.4285 ], [ -117.1797, 38.4291 ], [ -117.1754, 38.4329 ], [ -117.174, 38.4356 ], [ -117.1728, 38.4364 ], [ -117.171, 38.4369 ], [ -117.1704, 38.438 ], [ -117.1687, 38.4383 ], [ -117.1667, 38.438 ], [ -117.162, 38.4395 ], [ -117.1606, 38.4428 ], [ -117.1601, 38.4476 ], [ -117.1581, 38.4451 ], [ -117.1545, 38.451 ], [ -117.1545, 38.4533 ], [ -117.1529, 38.4546 ], [ -117.1522, 38.4546 ], [ -117.1452, 38.4465 ], [ -117.1437, 38.444 ], [ -117.1432, 38.4424 ], [ -117.1433, 38.44 ], [ -117.1424, 38.4383 ], [ -117.1421, 38.4354 ], [ -117.1365, 38.4327 ], [ -117.1338, 38.428 ], [ -117.134, 38.4273 ], [ -117.1331, 38.4255 ], [ -117.1329, 38.4256 ], [ -117.1311, 38.429 ], [ -117.1308, 38.4328 ], [ -117.1314, 38.4337 ], [ -117.1317, 38.4356 ], [ -117.1304, 38.4378 ], [ -117.1304, 38.4406 ], [ -117.131, 38.4425 ], [ -117.1306, 38.4453 ], [ -117.1311, 38.4466 ], [ -117.1314, 38.45 ], [ -117.1321, 38.4508 ], [ -117.1328, 38.4536 ], [ -117.1329, 38.4564 ], [ -117.1338, 38.4583 ], [ -117.1346, 38.4615 ], [ -117.1259, 38.4625 ], [ -117.1244, 38.461 ], [ -117.1226, 38.458 ], [ -117.1217, 38.4576 ], [ -117.122, 38.4555 ], [ -117.1226, 38.4546 ], [ -117.1222, 38.4499 ], [ -117.1231, 38.4445 ], [ -117.1223, 38.4413 ], [ -117.1229, 38.4392 ], [ -117.1196, 38.4365 ], [ -117.1188, 38.435 ], [ -117.1161, 38.435 ], [ -117.1152, 38.4344 ], [ -117.1133, 38.4362 ], [ -117.1126, 38.4359 ], [ -117.1112, 38.4349 ], [ -117.1098, 38.4326 ], [ -117.1053, 38.4286 ], [ -117.1041, 38.4271 ], [ -117.098, 38.4221 ], [ -117.0925, 38.423 ], [ -117.0884, 38.4231 ], [ -117.0798, 38.4246 ], [ -117.0696, 38.4223 ], [ -117.0651, 38.422 ], [ -117.0564, 38.4245 ], [ -117.0486, 38.4262 ], [ -117.0424, 38.4284 ], [ -117.0153, 38.4368 ], [ -116.9917, 38.4459 ], [ -116.9872, 38.4463 ], [ -116.9844, 38.4469 ], [ -116.982, 38.447 ], [ -116.9793, 38.4482 ], [ -116.9762, 38.451 ], [ -116.9705, 38.4574 ], [ -116.9642, 38.4697 ], [ -116.9613, 38.4786 ], [ -116.9569, 38.4885 ], [ -116.9548, 38.4903 ], [ -116.9474, 38.4941 ], [ -116.9415, 38.4928 ], [ -116.9363, 38.4927 ], [ -116.9297, 38.4942 ], [ -116.9275, 38.4942 ], [ -116.9216, 38.4963 ], [ -116.9149, 38.4968 ], [ -116.913, 38.4979 ], [ -116.9119, 38.4973 ], [ -116.9109, 38.4975 ], [ -116.9077, 38.4968 ], [ -116.8918, 38.4964 ], [ -116.8849, 38.4956 ], [ -116.8822, 38.4948 ], [ -116.88, 38.4949 ], [ -116.8741, 38.4932 ], [ -116.8709, 38.4929 ], [ -116.8645, 38.494 ], [ -116.8575, 38.4939 ], [ -116.8559, 38.4943 ], [ -116.8523, 38.4964 ], [ -116.8489, 38.4964 ], [ -116.8462, 38.4969 ], [ -116.8433, 38.498 ], [ -116.8377, 38.4991 ], [ -116.835, 38.4986 ], [ -116.8342, 38.4981 ], [ -116.8327, 38.4966 ], [ -116.8322, 38.4935 ], [ -116.8304, 38.4924 ], [ -116.8294, 38.4906 ], [ -116.8276, 38.4898 ], [ -116.8174, 38.4938 ], [ -116.8149, 38.4941 ], [ -116.8111, 38.4929 ], [ -116.8088, 38.4906 ], [ -116.8083, 38.4855 ], [ -116.8055, 38.4823 ], [ -116.8026, 38.4809 ], [ -116.797, 38.4817 ], [ -116.7893, 38.4843 ], [ -116.7862, 38.4846 ], [ -116.7833, 38.4843 ], [ -116.7794, 38.4853 ], [ -116.7771, 38.4844 ], [ -116.7749, 38.4841 ], [ -116.7679, 38.481 ], [ -116.7657, 38.4805 ], [ -116.7649, 38.4807 ], [ -116.7617, 38.4826 ], [ -116.7618, 38.4842 ], [ -116.7607, 38.4853 ], [ -116.7615, 38.4864 ], [ -116.7609, 38.4876 ], [ -116.761, 38.4887 ], [ -116.7572, 38.4933 ], [ -116.7545, 38.4946 ], [ -116.7532, 38.4982 ], [ -116.7519, 38.4987 ], [ -116.7501, 38.4986 ], [ -116.7468, 38.4977 ], [ -116.7456, 38.497 ], [ -116.744, 38.4953 ], [ -116.7428, 38.4931 ], [ -116.7404, 38.4917 ], [ -116.7393, 38.4902 ], [ -116.735, 38.4866 ], [ -116.7308, 38.4855 ], [ -116.7281, 38.4855 ], [ -116.7238, 38.484 ], [ -116.723, 38.4842 ], [ -116.7199, 38.4835 ], [ -116.7186, 38.4825 ], [ -116.7178, 38.4807 ], [ -116.7153, 38.4798 ], [ -116.7132, 38.4783 ], [ -116.7095, 38.4783 ], [ -116.7052, 38.4761 ], [ -116.7009, 38.4752 ], [ -116.6989, 38.4741 ], [ -116.6976, 38.4727 ], [ -116.695, 38.4712 ], [ -116.6911, 38.4699 ], [ -116.6885, 38.4686 ], [ -116.6856, 38.4682 ], [ -116.6834, 38.467 ], [ -116.6826, 38.4672 ], [ -116.682, 38.4667 ], [ -116.6804, 38.4666 ], [ -116.678, 38.4667 ], [ -116.6757, 38.466 ], [ -116.6729, 38.4646 ], [ -116.6691, 38.4619 ], [ -116.6655, 38.4606 ], [ -116.6637, 38.4603 ], [ -116.6485, 38.4698 ], [ -116.6124, 38.4879 ], [ -116.6072, 38.4921 ], [ -116.5948, 38.4966 ], [ -116.5907, 38.4993 ], [ -116.5869, 38.5025 ], [ -116.5793, 38.5075 ], [ -116.5679, 38.5134 ], [ -116.5604, 38.5199 ], [ -116.5546, 38.5231 ], [ -116.5449, 38.5296 ], [ -116.5293, 38.5307 ], [ -116.5269, 38.5312 ], [ -116.5226, 38.5306 ], [ -116.5202, 38.5314 ], [ -116.5188, 38.5313 ], [ -116.5155, 38.5302 ], [ -116.5144, 38.5292 ], [ -116.5124, 38.5281 ], [ -116.5122, 38.5266 ], [ -116.5114, 38.5252 ], [ -116.5072, 38.523 ], [ -116.5017, 38.5217 ], [ -116.4985, 38.5225 ], [ -116.4942, 38.5245 ], [ -116.4878, 38.5291 ], [ -116.4854, 38.5294 ], [ -116.4826, 38.5302 ], [ -116.4792, 38.5331 ], [ -116.4702, 38.5313 ], [ -116.4646, 38.5319 ], [ -116.4604, 38.5348 ], [ -116.4608, 38.5373 ], [ -116.4593, 38.5385 ], [ -116.4559, 38.5385 ], [ -116.4527, 38.5398 ], [ -116.4507, 38.5412 ], [ -116.4468, 38.5416 ], [ -116.4463, 38.5414 ], [ -116.446, 38.5405 ], [ -116.4427, 38.5381 ], [ -116.442, 38.5379 ], [ -116.4402, 38.5396 ], [ -116.4385, 38.5395 ], [ -116.4374, 38.539 ], [ -116.4354, 38.5368 ], [ -116.4295, 38.5348 ], [ -116.4263, 38.5357 ], [ -116.4221, 38.5356 ], [ -116.4195, 38.5341 ], [ -116.4171, 38.5338 ], [ -116.4153, 38.5317 ], [ -116.4135, 38.5306 ], [ -116.4083, 38.5303 ], [ -116.4068, 38.531 ], [ -116.4055, 38.5308 ], [ -116.4046, 38.53 ], [ -116.4031, 38.5298 ], [ -116.4017, 38.5301 ], [ -116.4002, 38.5311 ], [ -116.3994, 38.5311 ], [ -116.3987, 38.5305 ], [ -116.3972, 38.5302 ], [ -116.3959, 38.5289 ], [ -116.388, 38.5277 ], [ -116.3862, 38.5266 ], [ -116.3817, 38.5266 ], [ -116.3797, 38.5273 ], [ -116.3783, 38.5273 ], [ -116.3758, 38.5257 ], [ -116.3751, 38.5244 ], [ -116.3735, 38.5236 ], [ -116.3726, 38.5225 ], [ -116.3711, 38.5226 ], [ -116.3694, 38.5216 ], [ -116.3691, 38.5206 ], [ -116.3682, 38.5198 ], [ -116.3647, 38.5188 ], [ -116.3622, 38.5202 ], [ -116.3607, 38.52 ], [ -116.3602, 38.5194 ], [ -116.3593, 38.5194 ], [ -116.3572, 38.5173 ], [ -116.3557, 38.5163 ], [ -116.3545, 38.5161 ], [ -116.3537, 38.5154 ], [ -116.3487, 38.514 ], [ -116.3429, 38.511 ], [ -116.3415, 38.5086 ], [ -116.3411, 38.5051 ], [ -116.3426, 38.4984 ], [ -116.3422, 38.4932 ], [ -116.3408, 38.4869 ], [ -116.3408, 38.4701 ], [ -116.3401, 38.4508 ], [ -116.3363, 38.4508 ], [ -116.331, 38.4499 ], [ -116.3126, 38.4482 ], [ -116.306, 38.4481 ], [ -116.3017, 38.4473 ], [ -116.2982, 38.445 ], [ -116.2954, 38.4411 ], [ -116.2927, 38.4357 ], [ -116.2921, 38.4353 ], [ -116.2909, 38.4327 ], [ -116.2825, 38.4187 ], [ -116.2759, 38.4069 ], [ -116.2703, 38.396 ], [ -116.2572, 38.368 ], [ -116.255, 38.3641 ], [ -116.2499, 38.3613 ], [ -116.2301, 38.3689 ], [ -116.2286, 38.3706 ], [ -116.228, 38.3704 ], [ -116.2297, 38.3682 ], [ -116.2097, 38.3626 ], [ -116.2086, 38.3616 ], [ -116.2027, 38.3477 ], [ -116.1995, 38.3435 ], [ -116.1946, 38.3355 ], [ -116.1934, 38.3325 ], [ -116.1934, 38.305 ], [ -116.1917, 38.3009 ], [ -116.1884, 38.2961 ], [ -116.1871, 38.292 ], [ -116.1842, 38.2681 ], [ -116.1834, 38.2654 ], [ -116.1829, 38.2609 ], [ -116.1824, 38.2536 ], [ -116.1829, 38.2529 ], [ -116.1827, 38.2499 ], [ -116.1839, 38.2343 ], [ -116.1812, 38.2238 ], [ -116.1783, 38.2198 ], [ -116.1768, 38.2133 ], [ -116.1772, 38.2091 ], [ -116.1732, 38.202 ], [ -116.1661, 38.199 ], [ -116.1656, 38.1981 ], [ -116.1655, 38.1971 ], [ -116.1678, 38.194 ], [ -116.1542, 38.1863 ], [ -116.1244, 38.1616 ], [ -116.102, 38.1465 ], [ -116.1015, 38.1467 ], [ -116.1001, 38.1465 ], [ -116.0971, 38.1452 ], [ -116.0785, 38.1345 ], [ -116.0234, 38.1059 ], [ -115.9798, 38.0853 ], [ -115.94, 38.0685 ], [ -115.9302, 38.0655 ], [ -115.9186, 38.061 ], [ -115.9164, 38.0605 ], [ -115.9131, 38.0606 ], [ -115.9127, 38.0587 ], [ -115.9108, 38.0555 ], [ -115.9084, 38.0536 ], [ -115.906, 38.0526 ], [ -115.9048, 38.0525 ], [ -115.9024, 38.0531 ], [ -115.8952, 38.0519 ], [ -115.8931, 38.0505 ], [ -115.8939, 38.0505 ], [ -115.8944, 37.9999 ], [ -115.8932, 37.9614 ], [ -115.895, 37.7113 ], [ -115.8989, 37.7147 ], [ -115.899, 37.7232 ], [ -116.0262, 37.7221 ], [ -116.0488, 37.721 ], [ -116.0674, 37.7207 ], [ -116.0674, 37.7224 ], [ -116.1769, 37.7225 ], [ -116.1769, 37.7181 ], [ -116.2206, 37.718 ], [ -116.221, 37.8041 ], [ -116.2509, 37.8035 ], [ -116.3298, 37.8039 ], [ -116.3295, 37.8748 ], [ -116.3289, 37.8864 ], [ -116.3323, 37.887 ], [ -116.3351, 37.8874 ], [ -116.3368, 37.8872 ], [ -116.3376, 37.8867 ], [ -116.34, 37.8868 ], [ -116.3414, 37.8864 ], [ -116.345, 37.8867 ], [ -116.3486, 37.8862 ], [ -116.3759, 37.8849 ], [ -116.4223, 37.8852 ], [ -116.4653, 37.8843 ], [ -116.4863, 37.8851 ], [ -116.622, 37.8862 ], [ -116.6253, 37.8855 ], [ -116.6359, 37.8855 ], [ -116.9218, 37.8874 ], [ -116.9306, 37.89 ], [ -116.9321, 37.8895 ], [ -117.0977, 37.8886 ], [ -117.0965, 37.8268 ], [ -117.0973, 37.7505 ], [ -117.097, 37.7482 ], [ -117.0972, 37.7063 ], [ -117.0985, 37.706 ], [ -117.101, 37.7046 ], [ -117.1085, 37.7039 ], [ -117.1101, 37.7046 ], [ -117.1119, 37.7075 ], [ -117.114, 37.709 ], [ -117.1147, 37.7101 ], [ -117.1194, 37.7126 ], [ -117.1225, 37.713 ], [ -117.1251, 37.7127 ], [ -117.1276, 37.7119 ], [ -117.1298, 37.7107 ], [ -117.1318, 37.7105 ], [ -117.1357, 37.7105 ], [ -117.1382, 37.7118 ], [ -117.1417, 37.7115 ], [ -117.1443, 37.7123 ], [ -117.1456, 37.7133 ], [ -117.1491, 37.7174 ], [ -117.1522, 37.7193 ], [ -117.1544, 37.723 ], [ -117.1595, 37.7254 ], [ -117.1659, 37.7262 ], [ -117.1659, 37.7489 ], [ -117.1654, 37.7499 ], [ -117.1655, 37.8749 ], [ -117.1648, 37.9879 ], [ -117.1652, 37.9999 ], [ -117.1656, 38.0017 ], [ -117.2193, 38.0503 ], [ -117.2411, 38.0501 ], [ -117.2409, 38.0699 ], [ -117.2494, 38.0776 ], [ -117.2522, 38.0795 ], [ -117.2963, 38.119 ], [ -117.3024, 38.1249 ], [ -117.3551, 38.1713 ], [ -117.3759, 38.1908 ], [ -117.4066, 38.2179 ], [ -117.4497, 38.2569 ], [ -117.4031, 38.2727 ], [ -117.4152, 38.292 ], [ -117.3901, 38.3812 ], [ -117.436, 38.4472 ], [ -117.4521, 38.4696 ], [ -117.4543, 38.4732 ], [ -117.4331, 38.468 ] ] ] } },
{ "type": "Feature", "properties": { "GEOIDFQ": "1400000US32023960300", "NAME": "9603", "NAMELSAD": "Census Tract 9603" }, "geometry": { "type": "Polygon", "coordinates": [ [ [ -117.1659, 37.7262 ], [ -117.1595, 37.7254 ], [ -117.1544, 37.723 ], [ -117.1522, 37.7193 ], [ -117.1486, 37.7169 ], [ -117.1448, 37.7126 ], [ -117.142, 37.7116 ], [ -117.1383, 37.7118 ], [ -117.1359, 37.7106 ], [ -117.1315, 37.7105 ], [ -117.1298, 37.7107 ], [ -117.1276, 37.7119 ], [ -117.1256, 37.7126 ], [ -117.1228, 37.713 ], [ -117.1209, 37.7128 ], [ -117.1184, 37.7122 ], [ -117.1147, 37.7101 ], [ -117.114, 37.709 ], [ -117.1119, 37.7075 ], [ -117.1101, 37.7046 ], [ -117.1086, 37.7039 ], [ -117.101, 37.7046 ], [ -117.0985, 37.706 ], [ -117.0972, 37.7063 ], [ -117.0976, 37.6472 ], [ -117.0962, 37.6407 ], [ -117.0968, 37.6276 ], [ -117.0971, 37.608 ], [ -117.0966, 37.5429 ], [ -117.0703, 37.5429 ], [ -117.0641, 37.5426 ], [ -117.0586, 37.5428 ], [ -117.0233, 37.5426 ], [ -117.0229, 37.527 ], [ -117.0413, 37.5268 ], [ -117.041, 37.5118 ], [ -117.0588, 37.5118 ], [ -117.0589, 37.4979 ], [ -117.077, 37.4979 ], [ -117.077, 37.4835 ], [ -117.0945, 37.4835 ], [ -117.0946, 37.4377 ], [ -117.0759, 37.4378 ], [ -117.0756, 37.4087 ], [ -117.0577, 37.4087 ], [ -117.0577, 37.3941 ], [ -117.0394, 37.3941 ], [ -117.0391, 37.3652 ], [ -117.0214, 37.3652 ], [ -117.0214, 37.3361 ], [ -117.0032, 37.3361 ], [ -117.0032, 37.3216 ], [ -116.9853, 37.3216 ], [ -116.9853, 37.2927 ], [ -116.967, 37.2927 ], [ -116.967, 37.2783 ], [ -116.9486, 37.2783 ], [ -116.9486, 37.264 ], [ -116.9304, 37.2638 ], [ -116.9304, 37.249 ], [ -116.9122, 37.249 ], [ -116.9122, 37.2344 ], [ -116.894, 37.2344 ], [ -116.894, 37.2049 ], [ -116.8761, 37.2048 ], [ -116.8761, 37.1907 ], [ -116.8593, 37.1907 ], [ -116.8593, 37.1762 ], [ -116.8411, 37.1761 ], [ -116.8412, 37.1619 ], [ -116.8245, 37.1617 ], [ -116.8245, 37.1473 ], [ -116.8061, 37.1473 ], [ -116.806, 37.1343 ], [ -116.8028, 37.1345 ], [ -116.7814, 37.1335 ], [ -116.7701, 37.1335 ], [ -116.77, 37.1249 ], [ -116.7711, 37.1228 ], [ -116.771, 37.1187 ], [ -116.7342, 37.1191 ], [ -116.7338, 37.1171 ], [ -116.7337, 37.104 ], [ -116.6983, 37.1044 ], [ -116.6977, 37.0895 ], [ -116.6802, 37.0897 ], [ -116.68, 37.075 ], [ -116.6444, 37.075 ], [ -116.6442, 37.0604 ], [ -116.6259, 37.0608 ], [ -116.6243, 37.0601 ], [ -116.6242, 37.0454 ], [ -116.5895, 37.0459 ], [ -116.5891, 37.0317 ], [ -116.572, 37.0318 ], [ -116.572, 37.0165 ], [ -116.5534, 37.0164 ], [ -116.5536, 36.8423 ], [ -116.5007, 36.8418 ], [ -116.4433, 36.8422 ], [ -116.4438, 36.8122 ], [ -116.4439, 36.8129 ], [ -116.4442, 36.8058 ], [ -116.4435, 36.798 ], [ -116.4443, 36.7513 ], [ -116.4444, 36.6693 ], [ -116.2948, 36.6689 ], [ -116.2948, 36.6731 ], [ -116.2041, 36.6727 ], [ -116.2046, 36.6705 ], [ -116.2047, 36.664 ], [ -116.204, 36.6624 ], [ -116.2039, 36.6598 ], [ -116.2043, 36.6588 ], [ -116.2085, 36.6531 ], [ -116.2082, 36.6501 ], [ -116.2093, 36.6459 ], [ -116.2152, 36.6389 ], [ -116.2233, 36.6316 ], [ -116.224, 36.6291 ], [ -116.2263, 36.6256 ], [ -116.2282, 36.6212 ], [ -116.2302, 36.6189 ], [ -116.2361, 36.6092 ], [ -116.2386, 36.6061 ], [ -116.2424, 36.5983 ], [ -116.2407, 36.5975 ], [ -116.2469, 36.5897 ], [ -116.2548, 36.5714 ], [ -116.2566, 36.5676 ], [ -116.2608, 36.5607 ], [ -116.2625, 36.5553 ], [ -116.2638, 36.5534 ], [ -116.2681, 36.5439 ], [ -116.271, 36.5383 ], [ -116.272, 36.5371 ], [ -116.2736, 36.5333 ], [ -116.2815, 36.5179 ], [ -116.2824, 36.5151 ], [ -116.2834, 36.5138 ], [ -116.2852, 36.5071 ], [ -116.2384, 36.4911 ], [ -116.2374, 36.49 ], [ -116.2366, 36.488 ], [ -116.2358, 36.4776 ], [ -116.2361, 36.4687 ], [ -116.2395, 36.4664 ], [ -116.2445, 36.4612 ], [ -116.247, 36.4598 ], [ -116.25, 36.4573 ], [ -116.2583, 36.4534 ], [ -116.2701, 36.4463 ], [ -116.2713, 36.4461 ], [ -116.2736, 36.4469 ], [ -116.2747, 36.4462 ], [ -116.2765, 36.4427 ], [ -116.2766, 36.4364 ], [ -116.2783, 36.4356 ], [ -116.2828, 36.4346 ], [ -116.2855, 36.433 ], [ -116.2873, 36.4304 ], [ -116.2886, 36.4251 ], [ -116.2926, 36.4166 ], [ -116.295, 36.4127 ], [ -116.2975, 36.4104 ], [ -116.2995, 36.4097 ], [ -116.302, 36.4096 ], [ -116.302, 36.3956 ], [ -116.3012, 36.3941 ], [ -116.2994, 36.3934 ], [ -116.2814, 36.3933 ], [ -116.2671, 36.3925 ], [ -116.2631, 36.3911 ], [ -116.2604, 36.3887 ], [ -116.2559, 36.3796 ], [ -116.2466, 36.369 ], [ -116.228, 36.3388 ], [ -116.1987, 36.3073 ], [ -116.1873, 36.299 ], [ -116.1881, 36.2979 ], [ -116.1853, 36.282 ], [ -116.1776, 36.2718 ], [ -116.1641, 36.2588 ], [ -116.1594, 36.2454 ], [ -116.1542, 36.2351 ], [ -116.1509, 36.2303 ], [ -116.1444, 36.2234 ], [ -116.1364, 36.1971 ], [ -116.1305, 36.1887 ], [ -116.1267, 36.185 ], [ -116.122, 36.1776 ], [ -116.2508, 36.2769 ], [ -116.3759, 36.3726 ], [ -116.3803, 36.375 ], [ -116.4882, 36.4591 ], [ -116.5009, 36.4682 ], [ -116.542, 36.5 ], [ -117.0009, 36.8477 ], [ -117.0645, 36.8947 ], [ -117.166, 36.9711 ], [ -117.1657, 37.0052 ], [ -117.1657, 37.4267 ], [ -117.1657, 37.4294 ], [ -117.1652, 37.4296 ], [ -117.1656, 37.4494 ], [ -117.1655, 37.4999 ], [ -117.166, 37.4999 ], [ -117.1656, 37.5493 ], [ -117.1657, 37.6251 ], [ -117.1663, 37.6606 ], [ -117.1659, 37.7262 ] ] ] } },
{ "type": "Feature", "properties": { "GEOIDFQ": "1400000US32013010501", "NAME": "105.01", "NAMELSAD": "Census Tract 105.01" }, "geometry": { "type": "Polygon", "coordinates": [ [ [ -119.331, 41.1256 ], [ -119.3311, 41.2351 ], [ -119.3057, 41.2345 ], [ -119.3042, 41.3077 ], [ -119.3046, 41.3259 ], [ -119.3046, 41.4147 ], [ -119.324, 41.4145 ], [ -119.3231, 41.429 ], [ -119.3218, 41.4747 ], [ -119.322, 41.4893 ], [ -119.3211, 41.5321 ], [ -119.3211, 41.5909 ], [ -119.327, 41.5906 ], [ -119.3274, 41.6863 ], [ -119.3268, 41.8127 ], [ -119.3271, 41.8424 ], [ -119.327, 41.8569 ], [ -119.3248, 41.8569 ], [ -119.3242, 41.9939 ], [ -119.2381, 41.9939 ], [ -119.1599, 41.9934 ], [ -119.0821, 41.9937 ], [ -119.0041, 41.9936 ], [ -118.9032, 41.9927 ], [ -118.7572, 41.9926 ], [ -118.7079, 41.9921 ], [ -118.6765, 41.9922 ], [ -118.6305, 41.9934 ], [ -118.5697, 41.9945 ], [ -118.4348, 41.9959 ], [ -118.3969, 41.9959 ], [ -118.2232, 41.9972 ], [ -118.1974, 41.9973 ], [ -118.1959, 41.997 ], [ -118.001, 41.9981 ], [ -117.8103, 41.9984 ], [ -117.626, 41.9981 ], [ -117.6237, 41.9985 ], [ -117.5302, 41.999 ], [ -117.501, 41.9995 ], [ -117.4673, 41.9994 ], [ -117.4431, 41.9997 ], [ -117.4036, 41.9993 ], [ -117.2176, 41.9999 ], [ -117.2172, 42.0001 ], [ -117.198, 42.0004 ], [ -117.1337, 42.0004 ], [ -117.0262, 41.9999 ], [ -117.0262, 42.0002 ], [ -117.0182, 41.9997 ], [ -117.0185, 41.9173 ], [ -117.0181, 41.8761 ], [ -117.0195, 41.7638 ], [ -117.0186, 41.7499 ], [ -117.0185, 41.6249 ], [ -117.0182, 41.6224 ], [ -117.0183, 41.4999 ], [ -117.0176, 41.4942 ], [ -117.018, 41.4225 ], [ -117.0218, 41.4242 ], [ -117.0246, 41.4244 ], [ -117.0285, 41.4253 ], [ -117.0317, 41.4266 ], [ -117.0342, 41.4284 ], [ -117.0383, 41.4294 ], [ -117.0408, 41.4306 ], [ -117.0491, 41.432 ], [ -117.0531, 41.4352 ], [ -117.0534, 41.4375 ], [ -117.0546, 41.439 ], [ -117.0552, 41.4408 ], [ -117.0559, 41.4418 ], [ -117.0595, 41.4435 ], [ -117.0602, 41.4437 ], [ -117.0636, 41.4428 ], [ -117.0648, 41.4416 ], [ -117.0654, 41.4404 ], [ -117.0679, 41.4406 ], [ -117.0692, 41.4403 ], [ -117.0737, 41.442 ], [ -117.0741, 41.4425 ], [ -117.0741, 41.4444 ], [ -117.077, 41.446 ], [ -117.0808, 41.4454 ], [ -117.0965, 41.4418 ], [ -117.1076, 41.4372 ], [ -117.1301, 41.4249 ], [ -117.1309, 41.4238 ], [ -117.1325, 41.4182 ], [ -117.134, 41.4152 ], [ -117.1395, 41.4082 ], [ -117.1453, 41.4028 ], [ -117.146, 41.4006 ], [ -117.146, 41.3977 ], [ -117.1468, 41.3967 ], [ -117.1476, 41.3934 ], [ -117.1514, 41.3899 ], [ -117.1576, 41.3883 ], [ -117.176, 41.3878 ], [ -117.1776, 41.3882 ], [ -117.1814, 41.3901 ], [ -117.183, 41.3903 ], [ -117.1899, 41.3852 ], [ -117.2102, 41.3886 ], [ -117.2133, 41.3889 ], [ -117.227, 41.3885 ], [ -117.2323, 41.3877 ], [ -117.2405, 41.3875 ], [ -117.2746, 41.3884 ], [ -117.2844, 41.388 ], [ -117.2926, 41.3869 ], [ -117.2968, 41.3876 ], [ -117.3062, 41.3853 ], [ -117.3078, 41.3853 ], [ -117.3147, 41.3878 ], [ -117.322, 41.3913 ], [ -117.3233, 41.3927 ], [ -117.324, 41.3942 ], [ -117.3248, 41.3985 ], [ -117.3261, 41.4021 ], [ -117.3287, 41.4022 ], [ -117.333, 41.4014 ], [ -117.3348, 41.4013 ], [ -117.337, 41.4019 ], [ -117.3395, 41.4033 ], [ -117.3408, 41.4051 ], [ -117.3409, 41.4072 ], [ -117.3414, 41.4082 ], [ -117.3478, 41.4143 ], [ -117.3497, 41.4154 ], [ -117.3566, 41.4171 ], [ -117.3605, 41.4186 ], [ -117.3721, 41.4177 ], [ -117.3739, 41.4182 ], [ -117.3767, 41.4199 ], [ -117.3835, 41.4221 ], [ -117.3866, 41.4256 ], [ -117.4013, 41.4259 ], [ -117.408, 41.4271 ], [ -117.4108, 41.4267 ], [ -117.4147, 41.4273 ], [ -117.4206, 41.4274 ], [ -117.4228, 41.4263 ], [ -117.4236, 41.4251 ], [ -117.4258, 41.4234 ], [ -117.4316, 41.42 ], [ -117.4365, 41.4188 ], [ -117.4385, 41.4186 ], [ -117.4439, 41.4186 ], [ -117.4505, 41.4178 ], [ -117.4652, 41.4183 ], [ -117.4661, 41.4175 ], [ -117.4674, 41.4116 ], [ -117.4684, 41.4109 ], [ -117.5298, 41.411 ], [ -117.5301, 41.4109 ], [ -117.5303, 41.4072 ], [ -117.5485, 41.4073 ], [ -117.5497, 41.4065 ], [ -117.5672, 41.3621 ], [ -117.5699, 41.3585 ], [ -117.6311, 41.3111 ], [ -117.6915, 41.285 ], [ -117.6792, 41.1791 ], [ -117.6793, 41.1754 ], [ -117.7298, 41.0119 ], [ -117.7416, 40.9804 ], [ -117.7414, 40.9775 ], [ -117.7408, 40.9765 ], [ -117.7388, 40.975 ], [ -117.7425, 40.9726 ], [ -117.7447, 40.9702 ], [ -117.7533, 40.9528 ], [ -117.7564, 40.9496 ], [ -117.7617, 40.9465 ], [ -117.7791, 40.9417 ], [ -117.8058, 40.9285 ], [ -117.8595, 40.9111 ], [ -117.9299, 40.88 ], [ -117.9352, 40.877 ], [ -117.9394, 40.8735 ], [ -117.9528, 40.8578 ], [ -118.001, 40.858 ], [ -118.0962, 40.8575 ], [ -118.1374, 40.8577 ], [ -118.2485, 40.8569 ], [ -118.3337, 40.8569 ], [ -118.4382, 40.8557 ], [ -118.6076, 40.8561 ], [ -118.7867, 40.8559 ], [ -118.7867, 40.9608 ], [ -118.9439, 40.9612 ], [ -119.001, 40.9607 ], [ -119.1949, 40.9609 ], [ -119.28, 40.9602 ], [ -119.3298, 40.9604 ], [ -119.3298, 40.9896 ], [ -119.3314, 41.0391 ], [ -119.331, 41.1256 ] ] ] } },
{ "type": "Feature", "properties": { "GEOIDFQ": "1400000US32031001703", "NAME": "17.03", "NAMELSAD": "Census Tract 17.03" }, "geometry": { "type": "Polygon", "coordinates": [ [ [ -119.7844, 39.5565 ], [ -119.7791, 39.5571 ], [ -119.7791, 39.5537 ], [ -119.7761, 39.549 ], [ -119.7761, 39.5455 ], [ -119.7878, 39.5454 ], [ -119.7878, 39.5545 ], [ -119.7884, 39.5565 ], [ -119.7844, 39.5565 ] ] ] } },
{ "type": "Feature", "properties": { "GEOIDFQ": "1400000US32031003111", "NAME": "31.11", "NAMELSAD": "Census Tract 31.11" }, "geometry": { "type": "Polygon", "coordinates": [ [ [ -119.7789, 39.5354 ], [ -119.7761, 39.5344 ], [ -119.7707, 39.5338 ], [ -119.7539, 39.5338 ], [ -119.7494, 39.5344 ], [ -119.7427, 39.5344 ], [ -119.7408, 39.5341 ], [ -119.7387, 39.5332 ], [ -119.7356, 39.5375 ], [ -119.7335, 39.5367 ], [ -119.7244, 39.5372 ], [ -119.7207, 39.536 ], [ -119.7188, 39.5336 ], [ -119.7154, 39.5337 ], [ -119.7154, 39.542 ], [ -119.7018, 39.5419 ], [ -119.6999, 39.5425 ], [ -119.6974, 39.5425 ], [ -119.6954, 39.5433 ], [ -119.695, 39.5496 ], [ -119.6957, 39.5506 ], [ -119.6956, 39.5516 ], [ -119.691, 39.5527 ], [ -119.6895, 39.5543 ], [ -119.6822, 39.5502 ], [ -119.6793, 39.5496 ], [ -119.6779, 39.548 ], [ -119.6764, 39.5488 ], [ -119.6753, 39.5471 ], [ -119.674, 39.5473 ], [ -119.6728, 39.5438 ], [ -119.6698, 39.5409 ], [ -119.668, 39.5398 ], [ -119.667, 39.5398 ], [ -119.6667, 39.539 ], [ -119.6653, 39.5379 ], [ -119.6658, 39.5367 ], [ -119.668, 39.5346 ], [ -119.6688, 39.5322 ], [ -119.6703, 39.5323 ], [ -119.6721, 39.5307 ], [ -119.6729, 39.5291 ], [ -119.6765, 39.5279 ], [ -119.678, 39.5279 ], [ -119.6793, 39.5273 ], [ -119.6794, 39.5289 ], [ -119.6799, 39.5291 ], [ -119.6813, 39.5287 ], [ -119.6846, 39.5272 ], [ -119.6863, 39.526 ], [ -119.6872, 39.526 ], [ -119.6894, 39.5251 ], [ -119.6905, 39.5243 ], [ -119.6919, 39.5221 ], [ -119.6943, 39.5218 ], [ -119.6983, 39.5192 ], [ -119.6997, 39.5194 ], [ -119.7001, 39.5202 ], [ -119.7023, 39.5207 ], [ -119.7117, 39.5204 ], [ -119.7135, 39.5197 ], [ -119.7149, 39.5179 ], [ -119.7168, 39.5178 ], [ -119.7181, 39.5172 ], [ -119.7189, 39.5158 ], [ -119.721, 39.5146 ], [ -119.7228, 39.5143 ], [ -119.7253, 39.5149 ], [ -119.7277, 39.5149 ], [ -119.7291, 39.5144 ], [ -119.7295, 39.513 ], [ -119.7323, 39.5119 ], [ -119.7347, 39.514 ], [ -119.7376, 39.5147 ], [ -119.7396, 39.5172 ], [ -119.7424, 39.5175 ], [ -119.7443, 39.5168 ], [ -119.7457, 39.5178 ], [ -119.7473, 39.5183 ], [ -119.7507, 39.5163 ], [ -119.7552, 39.518 ], [ -119.7565, 39.518 ], [ -119.7583, 39.5174 ], [ -119.7604, 39.5179 ], [ -119.7663, 39.5207 ], [ -119.7702, 39.5214 ], [ -119.7735, 39.5224 ], [ -119.7763, 39.5243 ], [ -119.7776, 39.5271 ], [ -119.7785, 39.5276 ], [ -119.7793, 39.5289 ], [ -119.7807, 39.5299 ], [ -119.7804, 39.5341 ], [ -119.7808, 39.5351 ], [ -119.7789, 39.5354 ] ] ] } },
{ "type": "Feature", "properties": { "GEOIDFQ": "1400000US32003004601", "NAME": "46.01", "NAMELSAD": "Census Tract 46.01" }, "geometry": { "type": "Polygon", "coordinates": [ [ [ -115.1167, 36.2279 ], [ -115.1144, 36.2302 ], [ -115.1118, 36.2323 ], [ -115.1076, 36.2323 ], [ -115.1074, 36.2125 ], [ -115.1114, 36.2176 ], [ -115.124, 36.2178 ], [ -115.1167, 36.2279 ] ] ] } },
{ "type": "Feature", "properties": { "GEOIDFQ": "1400000US32003005014", "NAME": "50.14", "NAMELSAD": "Census Tract 50.14" }, "geometry": { "type": "Polygon", "coordinates": [ [ [ -115.057, 36.1151 ], [ -115.0515, 36.1149 ], [ -115.0509, 36.1078 ], [ -115.0494, 36.1063 ], [ -115.0465, 36.1058 ], [ -115.0462, 36.1005 ], [ -115.049, 36.1013 ], [ -115.0508, 36.1009 ], [ -115.0647, 36.1132 ], [ -115.0648, 36.1149 ], [ -115.057, 36.1151 ] ] ] } },
{ "type": "Feature", "properties": { "GEOIDFQ": "1400000US32003005354", "NAME": "53.54", "NAMELSAD": "Census Tract 53.54" }, "geometry": { "type": "Polygon", "coordinates": [ [ [ -115.0295, 36.0318 ], [ -115.0144, 36.0334 ], [ -115.0039, 36.0242 ], [ -115.0097, 36.0246 ], [ -115.0148, 36.0232 ], [ -115.0246, 36.022 ], [ -115.0297, 36.0219 ], [ -115.0295, 36.0318 ] ] ] } },
{ "type": "Feature", "properties": { "GEOIDFQ": "1400000US32003005360", "NAME": "53.60", "NAMELSAD": "Census Tract 53.60" }, "geometry": { "type": "Polygon", "coordinates": [ [ [ -114.9633, 35.9849 ], [ -114.9633, 36.0 ], [ -114.9498, 36.0001 ], [ -114.9466, 35.9998 ], [ -114.9429, 35.999 ], [ -114.9319, 35.9946 ], [ -114.9297, 35.9931 ], [ -114.9188, 35.9835 ], [ -114.9264, 35.9838 ], [ -114.9285, 35.9833 ], [ -114.9544, 35.9831 ], [ -114.9544, 35.9837 ], [ -114.9638, 35.9837 ], [ -114.9633, 35.9849 ] ] ] } },
{ "type": "Feature", "properties": { "GEOIDFQ": "1400000US32003004707", "NAME": "47.07", "NAMELSAD": "Census Tract 47.07" }, "geometry": { "type": "Polygon", "coordinates": [ [ [ -115.0984, 36.2032 ], [ -115.0802, 36.2031 ], [ -115.0801, 36.1956 ], [ -115.0984, 36.1958 ], [ -115.0984, 36.2032 ] ] ] } },
{ "type": "Feature", "properties": { "GEOIDFQ": "1400000US32003002939", "NAME": "29.39", "NAMELSAD": "Census Tract 29.39" }, "geometry": { "type": "Polygon", "coordinates": [ [ [ -115.2609, 36.1437 ], [ -115.243, 36.1442 ], [ -115.2431, 36.1295 ], [ -115.261, 36.1292 ], [ -115.2609, 36.1437 ] ] ] } },
{ "type": "Feature", "properties": { "GEOIDFQ": "1400000US32003002941", "NAME": "29.41", "NAMELSAD": "Census Tract 29.41" }, "geometry": { "type": "Polygon", "coordinates": [ [ [ -115.2522, 36.11 ], [ -115.2519, 36.1146 ], [ -115.243, 36.1145 ], [ -115.2431, 36.0998 ], [ -115.2521, 36.0997 ], [ -115.252, 36.1033 ], [ -115.2536, 36.1038 ], [ -115.2565, 36.1057 ], [ -115.2522, 36.11 ] ] ] } },
{ "type": "Feature", "properties": { "GEOIDFQ": "1400000US32003002942", "NAME": "29.42", "NAMELSAD": "Census Tract 29.42" }, "geometry": { "type": "Polygon", "coordinates": [ [ [ -115.243, 36.1145 ], [ -115.2339, 36.1145 ], [ -115.234, 36.0998 ], [ -115.2431, 36.0998 ], [ -115.243, 36.1145 ] ] ] } },
{ "type": "Feature", "properties": { "GEOIDFQ": "1400000US32003005015", "NAME": "50.15", "NAMELSAD": "Census Tract 50.15" }, "geometry": { "type": "Polygon", "coordinates": [ [ [ -115.0473, 36.1148 ], [ -115.0472, 36.1297 ], [ -115.0382, 36.1297 ], [ -115.0379, 36.125 ], [ -115.0356, 36.1231 ], [ -115.0353, 36.121 ], [ -115.0338, 36.1197 ], [ -115.0337, 36.1187 ], [ -115.0331, 36.1187 ], [ -115.0332, 36.1179 ], [ -115.029, 36.115 ], [ -115.0289, 36.1078 ], [ -115.0473, 36.1079 ], [ -115.0466, 36.1076 ], [ -115.0465, 36.1058 ], [ -115.0493, 36.1063 ], [ -115.0506, 36.1072 ], [ -115.0511, 36.1082 ], [ -115.0515, 36.1149 ], [ -115.0473, 36.1148 ] ] ] } },
{ "type": "Feature", "properties": { "GEOIDFQ": "1400000US32031001503", "NAME": "15.03", "NAMELSAD": "Census Tract 15.03" }, "geometry": { "type": "Polygon", "coordinates": [ [ [ -119.8133, 39.5455 ], [ -119.8118, 39.5475 ], [ -119.8099, 39.5491 ], [ -119.8079, 39.5502 ], [ -119.8079, 39.5492 ], [ -119.7986, 39.5492 ], [ -119.7985, 39.5365 ], [ -119.807, 39.5366 ], [ -119.8105, 39.536 ], [ -119.8104, 39.5394 ], [ -119.8131, 39.5426 ], [ -119.8136, 39.5444 ], [ -119.8133, 39.5455 ] ] ] } },
{ "type": "Feature", "properties": { "GEOIDFQ": "1400000US32003003637", "NAME": "36.37", "NAMELSAD": "Census Tract 36.37" }, "geometry": { "type": "Polygon", "coordinates": [ [ [ -115.153, 36.2766 ], [ -115.1348, 36.2763 ], [ -115.1349, 36.2688 ], [ -115.1531, 36.2692 ], [ -115.153, 36.2766 ] ] ] } },
{ "type": "Feature", "properties": { "GEOIDFQ": "1400000US32003003643", "NAME": "36.43", "NAMELSAD": "Census Tract 36.43" }, "geometry": { "type": "Polygon", "coordinates": [ [ [ -115.1529, 36.2319 ], [ -115.1525, 36.2248 ], [ -115.1708, 36.2248 ], [ -115.1711, 36.232 ], [ -115.1529, 36.2319 ] ] ] } },
{ "type": "Feature", "properties": { "GEOIDFQ": "1400000US32003003627", "NAME": "36.27", "NAMELSAD": "Census Tract 36.27" }, "geometry": { "type": "Polygon", "coordinates": [ [ [ -115.0986, 36.2765 ], [ -115.0988, 36.2691 ], [ -115.1081, 36.269 ], [ -115.1103, 36.2686 ], [ -115.1121, 36.2676 ], [ -115.1146, 36.2642 ], [ -115.117, 36.2628 ], [ -115.117, 36.2763 ], [ -115.0986, 36.2765 ] ] ] } },
{ "type": "Feature", "properties": { "GEOIDFQ": "1400000US32003001613", "NAME": "16.13", "NAMELSAD": "Census Tract 16.13" }, "geometry": { "type": "Polygon", "coordinates": [ [ [ -115.0829, 36.137 ], [ -115.0656, 36.137 ], [ -115.0654, 36.1296 ], [ -115.0811, 36.1296 ], [ -115.083, 36.1314 ], [ -115.0829, 36.137 ] ] ] } },
{ "type": "Feature", "properties": { "GEOIDFQ": "1400000US32003003313", "NAME": "33.13", "NAMELSAD": "Census Tract 33.13" }, "geometry": { "type": "Polygon", "coordinates": [ [ [ -115.2072, 36.3171 ], [ -115.2071, 36.3024 ], [ -115.2156, 36.3019 ], [ -115.2158, 36.3168 ], [ -115.2072, 36.3171 ] ] ] } },
{ "type": "Feature", "properties": { "GEOIDFQ": "1400000US32003003316", "NAME": "33.16", "NAMELSAD": "Census Tract 33.16" }, "geometry": { "type": "Polygon", "coordinates": [ [ [ -115.2786, 36.336 ], [ -115.2786, 36.3139 ], [ -115.2952, 36.3139 ], [ -115.2966, 36.3135 ], [ -115.2979, 36.3125 ], [ -115.2985, 36.3124 ], [ -115.3202, 36.3362 ], [ -115.2786, 36.336 ] ] ] } },
{ "type": "Feature", "properties": { "GEOIDFQ": "1400000US32003003236", "NAME": "32.36", "NAMELSAD": "Census Tract 32.36" }, "geometry": { "type": "Polygon", "coordinates": [ [ [ -115.2878, 36.2798 ], [ -115.2798, 36.2783 ], [ -115.2675, 36.2779 ], [ -115.2539, 36.263 ], [ -115.2787, 36.263 ], [ -115.2788, 36.2702 ], [ -115.2882, 36.2701 ], [ -115.2878, 36.2798 ] ] ] } },
{ "type": "Feature", "properties": { "GEOIDFQ": "1400000US32003003243", "NAME": "32.43", "NAMELSAD": "Census Tract 32.43" }, "geometry": { "type": "Polygon", "coordinates": [ [ [ -115.2791, 36.2337 ], [ -115.2789, 36.2262 ], [ -115.2974, 36.2261 ], [ -115.2976, 36.2337 ], [ -115.2791, 36.2337 ] ] ] } },
{ "type": "Feature", "properties": { "GEOIDFQ": "1400000US32023960412", "NAME": "9604.12", "NAMELSAD": "Census Tract 9604.12" }, "geometry": { "type": "Polygon", "coordinates": [ [ [ -116.0326, 36.2929 ], [ -116.0144, 36.2933 ], [ -115.9902, 36.2931 ], [ -115.9878, 36.2928 ], [ -115.9838, 36.2933 ], [ -115.9827, 36.2931 ], [ -115.9604, 36.2931 ], [ -115.9602, 36.2921 ], [ -115.9581, 36.2922 ], [ -115.9557, 36.293 ], [ -115.9528, 36.2949 ], [ -115.95, 36.2952 ], [ -115.9461, 36.298 ], [ -115.9441, 36.2984 ], [ -115.9407, 36.2984 ], [ -115.9371, 36.2995 ], [ -115.9354, 36.3008 ], [ -115.9333, 36.3014 ], [ -115.9328, 36.302 ], [ -115.9281, 36.3045 ], [ -115.9233, 36.3059 ], [ -115.9173, 36.3102 ], [ -115.9073, 36.3149 ], [ -115.9019, 36.3156 ], [ -115.8987, 36.3197 ], [ -115.8953, 36.3211 ], [ -115.8958, 36.1722 ], [ -115.8458, 36.1708 ], [ -115.8458, 36.1202 ], [ -115.8916, 36.1482 ], [ -115.8954, 36.1515 ], [ -115.9111, 36.1677 ], [ -115.9142, 36.1699 ], [ -115.9179, 36.1715 ], [ -115.958, 36.1856 ], [ -115.9626, 36.1885 ], [ -115.9806, 36.206 ], [ -115.9903, 36.2126 ], [ -115.9926, 36.2152 ], [ -116.0049, 36.251 ], [ -116.0051, 36.255 ], [ -116.0031, 36.2637 ], [ -116.0504, 36.2638 ], [ -116.0509, 36.2928 ], [ -116.0326, 36.2929 ] ] ] } },
{ "type": "Feature", "properties": { "GEOIDFQ": "1400000US32019960801", "NAME": "9608.01", "NAMELSAD": "Census Tract 9608.01" }, "geometry": { "type": "Polygon", "coordinates": [ [ [ -119.4398, 38.8821 ], [ -119.4217, 38.882 ], [ -119.4202, 38.9547 ], [ -119.4023, 38.9547 ], [ -119.4019, 38.9837 ], [ -119.3813, 38.9836 ], [ -119.3645, 38.9842 ], [ -119.3481, 38.9829 ], [ -119.348, 38.9873 ], [ -119.3434, 38.9873 ], [ -119.3434, 38.991 ], [ -119.3105, 38.9909 ], [ -119.3106, 39.0136 ], [ -119.3096, 39.0144 ], [ -119.3042, 39.0154 ], [ -119.3031, 39.0159 ], [ -119.2988, 39.0191 ], [ -119.2969, 39.0199 ], [ -119.295, 39.0217 ], [ -119.2894, 39.0251 ], [ -119.287, 39.0272 ], [ -119.2854, 39.028 ], [ -119.2822, 39.0267 ], [ -119.2749, 39.0258 ], [ -119.2727, 39.026 ], [ -119.2706, 39.0267 ], [ -119.2693, 39.0275 ], [ -119.2681, 39.0276 ], [ -119.2627, 39.0264 ], [ -119.2615, 39.0268 ], [ -119.2554, 39.0333 ], [ -119.2546, 39.0352 ], [ -119.2549, 39.037 ], [ -119.2541, 39.038 ], [ -119.2494, 39.0394 ], [ -119.2432, 39.0403 ], [ -119.2408, 39.0438 ], [ -119.2373, 39.0457 ], [ -119.2285, 39.0488 ], [ -119.2255, 39.0483 ], [ -119.2185, 39.0417 ], [ -119.2186, 39.0261 ], [ -119.1816, 39.0263 ], [ -119.1822, 39.0147 ], [ -119.1829, 39.0105 ], [ -119.1816, 38.9985 ], [ -119.1818, 38.9947 ], [ -119.1836, 38.9806 ], [ -119.1853, 38.9773 ], [ -119.186, 38.9726 ], [ -119.1886, 38.9661 ], [ -119.1912, 38.9551 ], [ -119.1914, 38.9535 ], [ -119.1906, 38.9535 ], [ -119.1906, 38.9475 ], [ -119.1914, 38.9475 ], [ -119.1941, 38.9145 ], [ -119.1933, 38.9099 ], [ -119.19, 38.9011 ], [ -119.1873, 38.8962 ], [ -119.1866, 38.8906 ], [ -119.1867, 38.8889 ], [ -119.1908, 38.8803 ], [ -119.1915, 38.8773 ], [ -119.1922, 38.8632 ], [ -119.1907, 38.8554 ], [ -119.1916, 38.8402 ], [ -119.1905, 38.8344 ], [ -119.1905, 38.8324 ], [ -119.1913, 38.8302 ], [ -119.1943, 38.8256 ], [ -119.1962, 38.8246 ], [ -119.2014, 38.8237 ], [ -119.2029, 38.8231 ], [ -119.2036, 38.8222 ], [ -119.2032, 38.821 ], [ -119.2035, 38.8203 ], [ -119.208, 38.818 ], [ -119.2089, 38.8161 ], [ -119.2107, 38.8146 ], [ -119.2163, 38.8126 ], [ -119.2197, 38.8106 ], [ -119.2223, 38.808 ], [ -119.2241, 38.8074 ], [ -119.2573, 38.8102 ], [ -119.2618, 38.809 ], [ -119.2717, 38.8033 ], [ -119.2763, 38.8021 ], [ -119.3156, 38.8022 ], [ -119.3169, 38.8019 ], [ -119.3204, 38.8004 ], [ -119.3279, 38.8004 ], [ -119.3289, 38.801 ], [ -119.3289, 38.7883 ], [ -119.3292, 38.7877 ], [ -119.3439, 38.7824 ], [ -119.3608, 38.7728 ], [ -119.3612, 38.772 ], [ -119.3612, 38.7648 ], [ -119.3617, 38.7629 ], [ -119.3662, 38.7578 ], [ -119.3695, 38.7525 ], [ -119.3708, 38.7521 ], [ -119.3764, 38.7558 ], [ -119.3809, 38.7594 ], [ -119.3859, 38.7619 ], [ -119.3892, 38.7653 ], [ -119.3915, 38.7664 ], [ -119.3939, 38.7668 ], [ -119.3963, 38.7664 ], [ -119.3984, 38.7656 ], [ -119.4017, 38.7628 ], [ -119.4035, 38.7623 ], [ -119.4054, 38.7623 ], [ -119.4055, 38.7657 ], [ -119.403, 38.7657 ], [ -119.403, 38.8093 ], [ -119.4122, 38.8093 ], [ -119.4123, 38.8239 ], [ -119.4216, 38.8239 ], [ -119.4218, 38.8529 ], [ -119.4401, 38.853 ], [ -119.4398, 38.8821 ] ] ] } },
{ "type": "Feature", "properties": { "GEOIDFQ": "1400000US32019960802", "NAME": "9608.02", "NAMELSAD": "Census Tract 9608.02" }, "geometry": { "type": "Polygon", "coordinates": [ [ [ -119.4053, 38.7517 ], [ -119.4054, 38.7623 ], [ -119.4035, 38.7623 ], [ -119.4017, 38.7628 ], [ -119.3984, 38.7656 ], [ -119.3963, 38.7664 ], [ -119.3939, 38.7668 ], [ -119.3915, 38.7664 ], [ -119.3892, 38.7653 ], [ -119.3859, 38.7619 ], [ -119.3809, 38.7594 ], [ -119.3718, 38.7526 ], [ -119.3708, 38.7521 ], [ -119.3698, 38.7522 ], [ -119.3662, 38.7578 ], [ -119.3617, 38.7629 ], [ -119.3612, 38.7648 ], [ -119.3612, 38.772 ], [ -119.3608, 38.7728 ], [ -119.3439, 38.7824 ], [ -119.3292, 38.7877 ], [ -119.3289, 38.7883 ], [ -119.3289, 38.801 ], [ -119.3279, 38.8004 ], [ -119.3204, 38.8004 ], [ -119.3169, 38.8019 ], [ -119.3156, 38.8022 ], [ -119.2763, 38.8021 ], [ -119.2717, 38.8033 ], [ -119.2618, 38.809 ], [ -119.2573, 38.8102 ], [ -119.2239, 38.8074 ], [ -119.2223, 38.808 ], [ -119.2197, 38.8106 ], [ -119.2163, 38.8126 ], [ -119.2105, 38.8147 ], [ -119.2089, 38.8161 ], [ -119.208, 38.818 ], [ -119.2035, 38.8203 ], [ -119.2032, 38.821 ], [ -119.2036, 38.8222 ], [ -119.2029, 38.8231 ], [ -119.2014, 38.8237 ], [ -119.1962, 38.8246 ], [ -119.194, 38.8259 ], [ -119.1911, 38.8305 ], [ -119.1904, 38.8331 ], [ -119.1916, 38.8402 ], [ -119.1907, 38.8554 ], [ -119.1922, 38.8632 ], [ -119.1915, 38.8773 ], [ -119.1909, 38.8801 ], [ -119.1869, 38.8885 ], [ -119.1865, 38.8901 ], [ -119.1873, 38.8962 ], [ -119.1903, 38.9018 ], [ -119.1935, 38.9106 ], [ -119.194, 38.9133 ], [ -119.1914, 38.9475 ], [ -119.1906, 38.9475 ], [ -119.1906, 38.9535 ], [ -119.1914, 38.9535 ], [ -119.1913, 38.9546 ], [ -119.1886, 38.9661 ], [ -119.186, 38.9726 ], [ -119.1853, 38.9773 ], [ -119.1836, 38.9806 ], [ -119.1832, 38.9842 ], [ -119.1831, 38.9835 ], [ -119.1826, 38.9832 ], [ -119.1726, 38.983 ], [ -119.1724, 38.9719 ], [ -119.1719, 38.9718 ], [ -119.1688, 38.9722 ], [ -119.1677, 38.9729 ], [ -119.1663, 38.9729 ], [ -119.1595, 38.976 ], [ -119.1576, 38.9782 ], [ -119.156, 38.9792 ], [ -119.154, 38.9795 ], [ -119.154, 38.983 ], [ -119.1408, 38.9829 ], [ -119.1438, 38.969 ], [ -119.1448, 38.9674 ], [ -119.1449, 38.9395 ], [ -119.0899, 38.9395 ], [ -119.0768, 38.9433 ], [ -119.0691, 38.9465 ], [ -119.0682, 38.9474 ], [ -119.0677, 38.9471 ], [ -119.0608, 38.9491 ], [ -119.0577, 38.9493 ], [ -119.0553, 38.9502 ], [ -119.052, 38.9504 ], [ -119.0495, 38.9515 ], [ -119.0473, 38.9514 ], [ -119.0448, 38.9519 ], [ -119.0411, 38.9517 ], [ -119.0391, 38.9509 ], [ -119.037, 38.9507 ], [ -119.0346, 38.9497 ], [ -119.0329, 38.9495 ], [ -119.0297, 38.9504 ], [ -119.0275, 38.9487 ], [ -119.0255, 38.9486 ], [ -119.0237, 38.9498 ], [ -119.0208, 38.9497 ], [ -119.0186, 38.9504 ], [ -119.017, 38.9503 ], [ -119.0097, 38.9522 ], [ -119.0149, 38.9441 ], [ -119.0145, 38.852 ], [ -118.9021, 38.8519 ], [ -118.9021, 38.7647 ], [ -118.9075, 38.7647 ], [ -118.9069, 38.677 ], [ -118.9062, 38.4154 ], [ -119.0357, 38.4144 ], [ -119.0907, 38.4147 ], [ -119.1559, 38.4138 ], [ -119.3123, 38.5233 ], [ -119.3301, 38.5351 ], [ -119.3294, 38.6187 ], [ -119.3299, 38.6487 ], [ -119.3478, 38.6488 ], [ -119.3499, 38.7362 ], [ -119.3875, 38.7366 ], [ -119.3875, 38.7335 ], [ -119.406, 38.7335 ], [ -119.4053, 38.7517 ] ] ] } },
{ "type": "Feature", "properties": { "GEOIDFQ": "1400000US32019960901", "NAME": "9609.01", "NAMELSAD": "Census Tract 9609.01" }, "geometry": { "type": "Polygon", "coordinates": [ [ [ -119.1819, 38.994 ], [ -119.1631, 38.9939 ], [ -119.1632, 38.9903 ], [ -119.1541, 38.9903 ], [ -119.154, 38.9795 ], [ -119.156, 38.9792 ], [ -119.1576, 38.9782 ], [ -119.1592, 38.9762 ], [ -119.161, 38.9751 ], [ -119.1636, 38.9742 ], [ -119.1663, 38.9729 ], [ -119.1679, 38.9728 ], [ -119.1702, 38.9719 ], [ -119.1724, 38.9719 ], [ -119.1726, 38.983 ], [ -119.1826, 38.9832 ], [ -119.1831, 38.9835 ], [ -119.1819, 38.994 ] ] ] } },
{ "type": "Feature", "properties": { "GEOIDFQ": "1400000US32019960203", "NAME": "9602.03", "NAMELSAD": "Census Tract 9602.03" }, "geometry": { "type": "Polygon", "coordinates": [ [ [ -119.4811, 39.3229 ], [ -119.4689, 39.3266 ], [ -119.3981, 39.3527 ], [ -119.3986, 39.3755 ], [ -119.3753, 39.3755 ], [ -119.3753, 39.376 ], [ -119.3659, 39.3761 ], [ -119.3656, 39.3787 ], [ -119.3646, 39.3799 ], [ -119.3633, 39.3806 ], [ -119.3614, 39.381 ], [ -119.3538, 39.3808 ], [ -119.3541, 39.379 ], [ -119.3538, 39.3767 ], [ -119.3546, 39.3757 ], [ -119.3546, 39.3724 ], [ -119.3551, 39.3716 ], [ -119.356, 39.3711 ], [ -119.3552, 39.3685 ], [ -119.3272, 39.3788 ], [ -119.3271, 39.3795 ], [ -119.3277, 39.3804 ], [ -119.3297, 39.3813 ], [ -119.3244, 39.3833 ], [ -119.3244, 39.3864 ], [ -119.3151, 39.3863 ], [ -119.3151, 39.3901 ], [ -119.3056, 39.3904 ], [ -119.3056, 39.3956 ], [ -119.2998, 39.3957 ], [ -119.2959, 39.3973 ], [ -119.2871, 39.3947 ], [ -119.2867, 39.4043 ], [ -119.2712, 39.4045 ], [ -119.2707, 39.404 ], [ -119.2684, 39.4045 ], [ -119.2687, 39.3755 ], [ -119.2336, 39.3754 ], [ -119.2403, 39.3435 ], [ -119.2411, 39.3342 ], [ -119.2419, 39.3309 ], [ -119.243, 39.3283 ], [ -119.2489, 39.3192 ], [ -119.2537, 39.3101 ], [ -119.2547, 39.306 ], [ -119.2541, 39.301 ], [ -119.2514, 39.2934 ], [ -119.2491, 39.2893 ], [ -119.2463, 39.2866 ], [ -119.2365, 39.2805 ], [ -119.2339, 39.2774 ], [ -119.2333, 39.2747 ], [ -119.2336, 39.2723 ], [ -119.2346, 39.2704 ], [ -119.2381, 39.2665 ], [ -119.2392, 39.2638 ], [ -119.2393, 39.249 ], [ -119.2388, 39.2458 ], [ -119.2373, 39.2424 ], [ -119.2154, 39.207 ], [ -119.2135, 39.2014 ], [ -119.2105, 39.1847 ], [ -119.2055, 39.1742 ], [ -119.2026, 39.1706 ], [ -119.1949, 39.164 ], [ -119.192, 39.1608 ], [ -119.1957, 39.161 ], [ -119.1983, 39.1606 ], [ -119.2029, 39.1576 ], [ -119.207, 39.1565 ], [ -119.2202, 39.158 ], [ -119.2249, 39.1595 ], [ -119.2295, 39.1617 ], [ -119.2318, 39.1617 ], [ -119.2383, 39.1579 ], [ -119.2421, 39.157 ], [ -119.2506, 39.1559 ], [ -119.2549, 39.1544 ], [ -119.2584, 39.1541 ], [ -119.2612, 39.1529 ], [ -119.2628, 39.1527 ], [ -119.2657, 39.1532 ], [ -119.2669, 39.1536 ], [ -119.2683, 39.1547 ], [ -119.2692, 39.1547 ], [ -119.272, 39.1538 ], [ -119.2749, 39.1516 ], [ -119.2777, 39.1505 ], [ -119.281, 39.1503 ], [ -119.2856, 39.151 ], [ -119.2882, 39.1494 ], [ -119.292, 39.1485 ], [ -119.3009, 39.1426 ], [ -119.3078, 39.1461 ], [ -119.308, 39.1472 ], [ -119.3069, 39.1501 ], [ -119.3068, 39.158 ], [ -119.3096, 39.1661 ], [ -119.3093, 39.1675 ], [ -119.3075, 39.17 ], [ -119.3074, 39.171 ], [ -119.3091, 39.1743 ], [ -119.3118, 39.1769 ], [ -119.3128, 39.1784 ], [ -119.3136, 39.1801 ], [ -119.3139, 39.1824 ], [ -119.3146, 39.1836 ], [ -119.316, 39.1843 ], [ -119.3161, 39.1852 ], [ -119.3169, 39.1866 ], [ -119.3161, 39.1907 ], [ -119.3148, 39.1916 ], [ -119.3147, 39.1922 ], [ -119.3131, 39.1939 ], [ -119.3118, 39.1967 ], [ -119.3078, 39.2004 ], [ -119.3058, 39.2015 ], [ -119.2994, 39.2035 ], [ -119.2939, 39.2059 ], [ -119.3012, 39.2052 ], [ -119.3028, 39.2055 ], [ -119.3061, 39.2045 ], [ -119.3106, 39.2055 ], [ -119.312, 39.2096 ], [ -119.3149, 39.2118 ], [ -119.3158, 39.213 ], [ -119.3161, 39.2143 ], [ -119.3181, 39.2169 ], [ -119.3221, 39.2196 ], [ -119.3233, 39.2201 ], [ -119.3247, 39.2202 ], [ -119.3259, 39.2194 ], [ -119.3273, 39.2192 ], [ -119.3291, 39.2194 ], [ -119.3295, 39.2201 ], [ -119.329, 39.2215 ], [ -119.3305, 39.2249 ], [ -119.3313, 39.2286 ], [ -119.3303, 39.2319 ], [ -119.3309, 39.2323 ], [ -119.332, 39.2322 ], [ -119.3326, 39.2327 ], [ -119.3342, 39.2361 ], [ -119.3358, 39.238 ], [ -119.3374, 39.2391 ], [ -119.3422, 39.2407 ], [ -119.3448, 39.242 ], [ -119.347, 39.2425 ], [ -119.3492, 39.2437 ], [ -119.3551, 39.2462 ], [ -119.3563, 39.247 ], [ -119.3589, 39.2499 ], [ -119.3609, 39.2514 ], [ -119.3667, 39.2537 ], [ -119.3718, 39.2545 ], [ -119.377, 39.26 ], [ -119.3789, 39.2604 ], [ -119.3853, 39.2602 ], [ -119.3905, 39.2607 ], [ -119.3934, 39.2622 ], [ -119.3951, 39.2614 ], [ -119.3967, 39.2627 ], [ -119.398, 39.2624 ], [ -119.399, 39.263 ], [ -119.3991, 39.2642 ], [ -119.398, 39.2646 ], [ -119.3973, 39.2652 ], [ -119.3978, 39.2662 ], [ -119.3986, 39.2666 ], [ -119.4003, 39.2684 ], [ -119.4027, 39.2684 ], [ -119.4035, 39.2679 ], [ -119.4041, 39.2683 ], [ -119.4033, 39.2721 ], [ -119.4014, 39.2762 ], [ -119.4022, 39.2777 ], [ -119.4164, 39.2829 ], [ -119.4199, 39.2847 ], [ -119.4212, 39.2847 ], [ -119.4245, 39.2841 ], [ -119.4255, 39.2843 ], [ -119.4282, 39.2864 ], [ -119.4317, 39.2881 ], [ -119.4365, 39.2874 ], [ -119.4389, 39.2878 ], [ -119.4413, 39.2878 ], [ -119.4439, 39.2885 ], [ -119.4463, 39.2877 ], [ -119.4497, 39.286 ], [ -119.4539, 39.2858 ], [ -119.4555, 39.2861 ], [ -119.4564, 39.288 ], [ -119.4575, 39.2887 ], [ -119.4579, 39.2906 ], [ -119.4568, 39.2913 ], [ -119.4561, 39.2934 ], [ -119.4583, 39.2938 ], [ -119.4666, 39.2966 ], [ -119.4712, 39.2966 ], [ -119.473, 39.2962 ], [ -119.4747, 39.2952 ], [ -119.4796, 39.295 ], [ -119.4806, 39.2952 ], [ -119.485, 39.2986 ], [ -119.4891, 39.3004 ], [ -119.4876, 39.3026 ], [ -119.4901, 39.3121 ], [ -119.4904, 39.3178 ], [ -119.4811, 39.3229 ] ] ] } },
{ "type": "Feature", "properties": { "GEOIDFQ": "1400000US32003005614", "NAME": "56.14", "NAMELSAD": "Census Tract 56.14" }, "geometry": { "type": "Polygon", "coordinates": [ [ [ -114.1106, 36.8016 ], [ -114.1076, 36.8033 ], [ -114.0981, 36.8056 ], [ -114.0892, 36.8094 ], [ -114.0866, 36.8099 ], [ -114.0856, 36.809 ], [ -114.0856, 36.803 ], [ -114.0888, 36.8003 ], [ -114.089, 36.7967 ], [ -114.114, 36.7965 ], [ -114.1137, 36.7972 ], [ -114.114, 36.7974 ], [ -114.1168, 36.7962 ], [ -114.1167, 36.7965 ], [ -114.1181, 36.7965 ], [ -114.1106, 36.8016 ] ] ] } },
{ "type": "Feature", "properties": { "GEOIDFQ": "1400000US32003006900", "NAME": "69", "NAMELSAD": "Census Tract 69" }, "geometry": { "type": "Polygon", "coordinates": [ [ [ -115.1188, 36.0862 ], [ -115.1092, 36.0864 ], [ -115.101, 36.0864 ], [ -115.0913, 36.0856 ], [ -115.0918, 36.0712 ], [ -115.1008, 36.0716 ], [ -115.1187, 36.0716 ], [ -115.1188, 36.0862 ] ] ] } },
{ "type": "Feature", "properties": { "GEOIDFQ": "1400000US32003007100", "NAME": "71", "NAMELSAD": "Census Tract 71" }, "geometry": { "type": "Polygon", "coordinates": [ [ [ -115.0801, 36.2177 ], [ -115.0714, 36.2177 ], [ -115.0622, 36.2183 ], [ -115.0622, 36.1962 ], [ -115.0801, 36.1956 ], [ -115.0801, 36.2177 ] ] ] } },
{ "type": "Feature", "properties": { "GEOIDFQ": "1400000US32031002208", "NAME": "22.08", "NAMELSAD": "Census Tract 22.08" }, "geometry": { "type": "Polygon", "coordinates": [ [ [ -119.7681, 39.4396 ], [ -119.7624, 39.4384 ], [ -119.7598, 39.4385 ], [ -119.7533, 39.4401 ], [ -119.747, 39.4426 ], [ -119.7455, 39.4436 ], [ -119.7425, 39.4413 ], [ -119.7417, 39.4393 ], [ -119.7421, 39.4373 ], [ -119.7434, 39.4354 ], [ -119.747, 39.4317 ], [ -119.7483, 39.4274 ], [ -119.7507, 39.4258 ], [ -119.7485, 39.4241 ], [ -119.7518, 39.4226 ], [ -119.7532, 39.4206 ], [ -119.7542, 39.4199 ], [ -119.7566, 39.4189 ], [ -119.7697, 39.4393 ], [ -119.7681, 39.4396 ] ] ] } },
{ "type": "Feature", "properties": { "GEOIDFQ": "1400000US32031001010", "NAME": "10.10", "NAMELSAD": "Census Tract 10.10" }, "geometry": { "type": "Polygon", "coordinates": [ [ [ -119.7929, 39.4014 ], [ -119.7911, 39.4033 ], [ -119.7909, 39.4045 ], [ -119.7891, 39.4043 ], [ -119.7692, 39.4042 ], [ -119.7665, 39.4048 ], [ -119.7603, 39.4092 ], [ -119.7595, 39.4126 ], [ -119.7595, 39.417 ], [ -119.7584, 39.4182 ], [ -119.7566, 39.4189 ], [ -119.7461, 39.4029 ], [ -119.7674, 39.3924 ], [ -119.7711, 39.3914 ], [ -119.7907, 39.3918 ], [ -119.7907, 39.3934 ], [ -119.7919, 39.3951 ], [ -119.7919, 39.397 ], [ -119.793, 39.3987 ], [ -119.7933, 39.4 ], [ -119.7929, 39.4014 ] ] ] } },
{ "type": "Feature", "properties": { "GEOIDFQ": "1400000US32031000201", "NAME": "2.01", "NAMELSAD": "Census Tract 2.01" }, "geometry": { "type": "Polygon", "coordinates": [ [ [ -119.7892, 39.513 ], [ -119.7891, 39.5059 ], [ -119.8032, 39.5057 ], [ -119.8067, 39.5129 ], [ -119.7892, 39.513 ] ] ] } },
{ "type": "Feature", "properties": { "GEOIDFQ": "1400000US32031003510", "NAME": "35.10", "NAMELSAD": "Census Tract 35.10" }, "geometry": { "type": "Polygon", "coordinates": [ [ [ -119.7375, 39.5963 ], [ -119.7322, 39.6085 ], [ -119.7308, 39.6079 ], [ -119.7301, 39.6069 ], [ -119.7288, 39.6015 ], [ -119.7289, 39.6003 ], [ -119.7315, 39.5943 ], [ -119.7315, 39.5927 ], [ -119.7304, 39.591 ], [ -119.7257, 39.5881 ], [ -119.7247, 39.5869 ], [ -119.7312, 39.5853 ], [ -119.7378, 39.5852 ], [ -119.7409, 39.5832 ], [ -119.7431, 39.5836 ], [ -119.7375, 39.5963 ] ] ] } },
{ "type": "Feature", "properties": { "GEOIDFQ": "1400000US32031003305", "NAME": "33.05", "NAMELSAD": "Census Tract 33.05" }, "geometry": { "type": "Polygon", "coordinates": [ [ [ -119.9708, 39.2538 ], [ -119.9635, 39.256 ], [ -119.961, 39.2573 ], [ -119.9587, 39.2594 ], [ -119.957, 39.2624 ], [ -119.955, 39.2623 ], [ -119.9533, 39.2611 ], [ -119.9511, 39.2603 ], [ -119.9508, 39.2558 ], [ -119.9527, 39.2497 ], [ -119.9727, 39.2513 ], [ -119.9731, 39.2517 ], [ -119.9708, 39.2538 ] ] ] } },
{ "type": "Feature", "properties": { "GEOIDFQ": "1400000US32003004602", "NAME": "46.02", "NAMELSAD": "Census Tract 46.02" }, "geometry": { "type": "Polygon", "coordinates": [ [ [ -115.102, 36.2403 ], [ -115.0973, 36.2403 ], [ -115.0974, 36.2391 ], [ -115.0987, 36.2372 ], [ -115.0985, 36.2147 ], [ -115.1058, 36.2105 ], [ -115.1075, 36.213 ], [ -115.1076, 36.2323 ], [ -115.1118, 36.2323 ], [ -115.102, 36.2403 ] ] ] } },
{ "type": "Feature", "properties": { "GEOIDFQ": "1400000US32003005011", "NAME": "50.11", "NAMELSAD": "Census Tract 50.11" }, "geometry": { "type": "Polygon", "coordinates": [ [ [ -115.0639, 36.1002 ], [ -115.0549, 36.1004 ], [ -115.055, 36.0905 ], [ -115.0593, 36.0897 ], [ -115.0621, 36.0896 ], [ -115.064, 36.0899 ], [ -115.0639, 36.1002 ] ] ] } },
{ "type": "Feature", "properties": { "GEOIDFQ": "1400000US32011000100", "NAME": "1", "NAMELSAD": "Census Tract 1" }, "geometry": { "type": "Polygon", "coordinates": [ [ [ -116.5971, 39.1762 ], [ -116.5968, 39.3728 ], [ -116.5924, 39.3728 ], [ -116.5929, 39.3749 ], [ -116.5929, 39.6337 ], [ -116.591, 39.6337 ], [ -116.5911, 39.6768 ], [ -116.5901, 39.7247 ], [ -116.5904, 40.0723 ], [ -116.6, 40.0723 ], [ -116.6001, 40.074 ], [ -116.5995, 40.161 ], [ -116.599, 40.1669 ], [ -116.5975, 40.2237 ], [ -116.5942, 40.3203 ], [ -116.5949, 40.3313 ], [ -116.5948, 40.3537 ], [ -116.594, 40.3837 ], [ -116.594, 40.481 ], [ -116.5949, 40.4927 ], [ -116.5957, 40.5257 ], [ -116.5953, 40.5564 ], [ -116.5961, 40.5629 ], [ -116.5964, 40.6103 ], [ -116.5959, 40.6248 ], [ -116.5957, 40.7131 ], [ -116.5963, 40.7266 ], [ -116.5962, 40.7479 ], [ -116.5958, 40.7499 ], [ -116.5961, 40.7659 ], [ -116.5958, 40.7878 ], [ -116.5967, 40.8442 ], [ -116.5964, 40.8632 ], [ -116.597, 40.8762 ], [ -116.5968, 40.9465 ], [ -116.5871, 40.947 ], [ -116.5868, 41.0004 ], [ -116.5264, 41.0001 ], [ -116.3759, 41.0004 ], [ -116.2858, 40.9999 ], [ -116.1582, 40.9999 ], [ -116.1578, 40.6664 ], [ -116.1532, 40.6518 ], [ -116.1259, 40.5543 ], [ -116.121, 40.541 ], [ -116.1096, 40.5029 ], [ -116.0727, 40.3749 ], [ -116.0727, 40.3737 ], [ -116.0373, 40.2516 ], [ -116.0151, 40.1774 ], [ -116.0009, 40.1274 ], [ -115.9822, 40.1277 ], [ -115.8988, 40.128 ], [ -115.835, 40.1278 ], [ -115.834, 40.1262 ], [ -115.8326, 40.1254 ], [ -115.8308, 40.1249 ], [ -115.8241, 40.1212 ], [ -115.8238, 40.12 ], [ -115.8238, 40.1188 ], [ -115.8246, 40.1177 ], [ -115.8274, 40.1164 ], [ -115.8276, 40.1149 ], [ -115.8302, 40.1133 ], [ -115.8306, 40.1127 ], [ -115.8303, 40.112 ], [ -115.8285, 40.111 ], [ -115.8254, 40.1061 ], [ -115.8268, 40.1043 ], [ -115.8285, 40.1033 ], [ -115.8347, 40.1011 ], [ -115.8379, 40.0996 ], [ -115.8397, 40.0986 ], [ -115.8402, 40.0976 ], [ -115.8342, 40.0927 ], [ -115.8331, 40.0879 ], [ -115.8355, 40.0859 ], [ -115.8391, 40.0845 ], [ -115.8384, 40.0817 ], [ -115.8393, 40.0808 ], [ -115.8386, 40.0803 ], [ -115.8366, 40.0805 ], [ -115.8352, 40.08 ], [ -115.8335, 40.0779 ], [ -115.8325, 40.0749 ], [ -115.8329, 40.0708 ], [ -115.8305, 40.0684 ], [ -115.831, 40.067 ], [ -115.8305, 40.0661 ], [ -115.8273, 40.0626 ], [ -115.8278, 40.0583 ], [ -115.8277, 40.0563 ], [ -115.8266, 40.0531 ], [ -115.8277, 40.0493 ], [ -115.8296, 40.0481 ], [ -115.8332, 40.0432 ], [ -115.833, 40.0425 ], [ -115.8299, 40.0391 ], [ -115.8294, 40.0379 ], [ -115.8296, 40.0361 ], [ -115.8305, 40.0343 ], [ -115.8303, 40.0331 ], [ -115.8278, 40.0299 ], [ -115.8265, 40.0261 ], [ -115.8272, 40.0234 ], [ -115.832, 40.021 ], [ -115.8341, 40.0191 ], [ -115.8353, 40.0174 ], [ -115.8355, 40.0147 ], [ -115.8341, 40.0105 ], [ -115.8315, 40.0079 ], [ -115.8323, 40.0017 ], [ -115.8313, 39.9992 ], [ -115.8315, 39.9981 ], [ -115.8357, 39.9947 ], [ -115.8358, 39.994 ], [ -115.8347, 39.9928 ], [ -115.8343, 39.9917 ], [ -115.8345, 39.9877 ], [ -115.8334, 39.985 ], [ -115.8309, 39.9834 ], [ -115.8286, 39.9828 ], [ -115.8275, 39.982 ], [ -115.8269, 39.979 ], [ -115.8236, 39.9745 ], [ -115.8244, 39.9722 ], [ -115.8235, 39.9685 ], [ -115.8236, 39.9676 ], [ -115.8208, 39.9648 ], [ -115.8162, 39.9549 ], [ -115.8161, 39.9528 ], [ -115.8148, 39.9481 ], [ -115.8157, 39.9457 ], [ -115.8152, 39.9428 ], [ -115.8159, 39.9412 ], [ -115.8169, 39.9348 ], [ -115.8181, 39.9328 ], [ -115.8174, 39.931 ], [ -115.8162, 39.929 ], [ -115.814, 39.927 ], [ -115.8125, 39.9249 ], [ -115.8101, 39.9243 ], [ -115.809, 39.9236 ], [ -115.8059, 39.918 ], [ -115.8052, 39.9148 ], [ -115.8024, 39.9128 ], [ -115.8017, 39.9091 ], [ -115.8028, 39.9055 ], [ -115.8058, 39.904 ], [ -115.8076, 39.9003 ], [ -115.8078, 39.8992 ], [ -115.8072, 39.8975 ], [ -115.807, 39.8944 ], [ -115.8052, 39.8931 ], [ -115.8058, 39.8899 ], [ -115.803, 39.8857 ], [ -115.8027, 39.883 ], [ -115.803, 39.8809 ], [ -115.8012, 39.8787 ], [ -115.801, 39.8774 ], [ -115.8023, 39.8749 ], [ -115.8023, 39.8734 ], [ -115.8048, 39.8709 ], [ -115.8053, 39.8698 ], [ -115.8043, 39.8679 ], [ -115.7999, 39.8658 ], [ -115.7991, 39.865 ], [ -115.798, 39.8616 ], [ -115.797, 39.8602 ], [ -115.7967, 39.8587 ], [ -115.7953, 39.8569 ], [ -115.7949, 39.8539 ], [ -115.7949, 39.8531 ], [ -115.7986, 39.8498 ], [ -115.7987, 39.8487 ], [ -115.7983, 39.8468 ], [ -115.8, 39.8427 ], [ -115.8003, 39.8411 ], [ -115.8, 39.8389 ], [ -115.7988, 39.8362 ], [ -115.7987, 39.8351 ], [ -115.7995, 39.8341 ], [ -115.8023, 39.8335 ], [ -115.8041, 39.8326 ], [ -115.8091, 39.8258 ], [ -115.8093, 39.8245 ], [ -115.8125, 39.8245 ], [ -115.8127, 39.8198 ], [ -115.8135, 39.8165 ], [ -115.8144, 39.8152 ], [ -115.8156, 39.8143 ], [ -115.8134, 39.8107 ], [ -115.812, 39.8042 ], [ -115.8125, 39.8016 ], [ -115.8101, 39.7958 ], [ -115.8101, 39.7933 ], [ -115.8105, 39.791 ], [ -115.8121, 39.7883 ], [ -115.8107, 39.7821 ], [ -115.8139, 39.7787 ], [ -115.813, 39.7746 ], [ -115.8134, 39.7727 ], [ -115.8129, 39.7714 ], [ -115.8107, 39.7694 ], [ -115.8118, 39.7684 ], [ -115.8128, 39.7666 ], [ -115.8101, 39.7619 ], [ -115.8104, 39.7604 ], [ -115.8121, 39.7584 ], [ -115.8128, 39.7565 ], [ -115.8121, 39.7529 ], [ -115.8126, 39.7522 ], [ -115.8143, 39.752 ], [ -115.816, 39.7503 ], [ -115.8174, 39.7472 ], [ -115.8229, 39.7452 ], [ -115.8243, 39.744 ], [ -115.8253, 39.7405 ], [ -115.8263, 39.7393 ], [ -115.8285, 39.7386 ], [ -115.8296, 39.7361 ], [ -115.8309, 39.735 ], [ -115.8314, 39.7326 ], [ -115.8331, 39.7294 ], [ -115.8333, 39.7281 ], [ -115.8335, 39.718 ], [ -115.8307, 39.7158 ], [ -115.8305, 39.7154 ], [ -115.8322, 39.711 ], [ -115.829, 39.7062 ], [ -115.8286, 39.704 ], [ -115.8296, 39.6968 ], [ -115.8292, 39.6956 ], [ -115.8276, 39.694 ], [ -115.8244, 39.6874 ], [ -115.824, 39.6846 ], [ -115.8246, 39.6806 ], [ -115.824, 39.6797 ], [ -115.8236, 39.6772 ], [ -115.8239, 39.6731 ], [ -115.8226, 39.6702 ], [ -115.8227, 39.6686 ], [ -115.8243, 39.6656 ], [ -115.823, 39.6627 ], [ -115.8242, 39.6601 ], [ -115.8234, 39.6586 ], [ -115.8231, 39.6558 ], [ -115.825, 39.6513 ], [ -115.8267, 39.6493 ], [ -115.8275, 39.646 ], [ -115.8254, 39.6418 ], [ -115.8249, 39.638 ], [ -115.8254, 39.6347 ], [ -115.8246, 39.6289 ], [ -115.8228, 39.6253 ], [ -115.8193, 39.6219 ], [ -115.819, 39.6203 ], [ -115.8191, 39.6165 ], [ -115.8182, 39.6149 ], [ -115.8192, 39.612 ], [ -115.8185, 39.608 ], [ -115.8167, 39.6019 ], [ -115.8148, 39.6004 ], [ -115.8139, 39.5985 ], [ -115.8137, 39.5969 ], [ -115.8141, 39.5953 ], [ -115.8135, 39.5935 ], [ -115.8143, 39.5901 ], [ -115.8159, 39.588 ], [ -115.816, 39.5859 ], [ -115.8186, 39.5846 ], [ -115.8193, 39.5817 ], [ -115.8217, 39.5782 ], [ -115.8262, 39.5748 ], [ -115.8283, 39.5723 ], [ -115.8316, 39.5702 ], [ -115.8332, 39.5681 ], [ -115.8357, 39.5631 ], [ -115.8358, 39.5605 ], [ -115.8382, 39.5562 ], [ -115.8379, 39.5549 ], [ -115.837, 39.5538 ], [ -115.8342, 39.5529 ], [ -115.8333, 39.5521 ], [ -115.8328, 39.5499 ], [ -115.8328, 39.5461 ], [ -115.8323, 39.5441 ], [ -115.8305, 39.5414 ], [ -115.8317, 39.5387 ], [ -115.8317, 39.5367 ], [ -115.8323, 39.5353 ], [ -115.8381, 39.5239 ], [ -115.84, 39.5222 ], [ -115.8406, 39.5203 ], [ -115.8415, 39.515 ], [ -115.8448, 39.5132 ], [ -115.8445, 39.5127 ], [ -115.8428, 39.5121 ], [ -115.8422, 39.5112 ], [ -115.8428, 39.5099 ], [ -115.8443, 39.5086 ], [ -115.8512, 39.5088 ], [ -115.8531, 39.506 ], [ -115.8558, 39.5039 ], [ -115.8518, 39.5009 ], [ -115.8525, 39.4999 ], [ -115.8525, 39.499 ], [ -115.8564, 39.4981 ], [ -115.8583, 39.4964 ], [ -115.859, 39.4952 ], [ -115.8617, 39.4946 ], [ -115.8644, 39.4936 ], [ -115.8652, 39.493 ], [ -115.8652, 39.4921 ], [ -115.8645, 39.4912 ], [ -115.8649, 39.4889 ], [ -115.8663, 39.4881 ], [ -115.8697, 39.4875 ], [ -115.8703, 39.4871 ], [ -115.8703, 39.4861 ], [ -115.8687, 39.4827 ], [ -115.8666, 39.4798 ], [ -115.8665, 39.4786 ], [ -115.8675, 39.4771 ], [ -115.868, 39.474 ], [ -115.8694, 39.472 ], [ -115.8703, 39.47 ], [ -115.8721, 39.4695 ], [ -115.8751, 39.4693 ], [ -115.8756, 39.4684 ], [ -115.8753, 39.4664 ], [ -115.8759, 39.4657 ], [ -115.8811, 39.466 ], [ -115.8847, 39.4636 ], [ -115.8861, 39.4631 ], [ -115.8888, 39.4629 ], [ -115.891, 39.4618 ], [ -115.894, 39.4616 ], [ -115.8948, 39.4611 ], [ -115.896, 39.4574 ], [ -115.8979, 39.455 ], [ -115.8983, 39.4539 ], [ -115.9014, 39.4545 ], [ -115.9032, 39.4557 ], [ -115.9035, 39.4566 ], [ -115.9032, 39.4575 ], [ -115.904, 39.4592 ], [ -115.9042, 39.4613 ], [ -115.9058, 39.4625 ], [ -115.9066, 39.4642 ], [ -115.9077, 39.4644 ], [ -115.9072, 39.3957 ], [ -115.9072, 39.3749 ], [ -115.9076, 39.364 ], [ -115.9071, 39.1618 ], [ -116.0009, 39.1618 ], [ -116.0023, 39.1612 ], [ -116.2509, 39.1618 ], [ -116.6009, 39.1615 ], [ -116.601, 39.1761 ], [ -116.5971, 39.1762 ] ] ] } },
{ "type": "Feature", "properties": { "GEOIDFQ": "1400000US32510000602", "NAME": "6.02", "NAMELSAD": "Census Tract 6.02" }, "geometry": { "type": "Polygon", "coordinates": [ [ [ -119.7611, 39.1704 ], [ -119.7546, 39.1711 ], [ -119.738, 39.1754 ], [ -119.7379, 39.1719 ], [ -119.7346, 39.1719 ], [ -119.7346, 39.1696 ], [ -119.7342, 39.1679 ], [ -119.7337, 39.1674 ], [ -119.7326, 39.167 ], [ -119.7315, 39.1677 ], [ -119.7272, 39.1677 ], [ -119.7241, 39.167 ], [ -119.7262, 39.1627 ], [ -119.7279, 39.1609 ], [ -119.7322, 39.1611 ], [ -119.7349, 39.1626 ], [ -119.736, 39.1628 ], [ -119.743, 39.1613 ], [ -119.7611, 39.1613 ], [ -119.7611, 39.1704 ] ] ] } },
{ "type": "Feature", "properties": { "GEOIDFQ": "1400000US32510000601", "NAME": "6.01", "NAMELSAD": "Census Tract 6.01" }, "geometry": { "type": "Polygon", "coordinates": [ [ [ -119.767, 39.16 ], [ -119.7645, 39.16 ], [ -119.7645, 39.1613 ], [ -119.743, 39.1613 ], [ -119.736, 39.1628 ], [ -119.7349, 39.1626 ], [ -119.7322, 39.1611 ], [ -119.7279, 39.1609 ], [ -119.7305, 39.1591 ], [ -119.7393, 39.151 ], [ -119.7409, 39.1503 ], [ -119.7626, 39.1499 ], [ -119.7671, 39.1499 ], [ -119.767, 39.16 ] ] ] } },
{ "type": "Feature", "properties": { "GEOIDFQ": "1400000US32003005017", "NAME": "50.17", "NAMELSAD": "Census Tract 50.17" }, "geometry": { "type": "Polygon", "coordinates": [ [ [ -115.0376, 36.0927 ], [ -115.0297, 36.0927 ], [ -115.0298, 36.0964 ], [ -115.0289, 36.0974 ], [ -115.0209, 36.0902 ], [ -115.0204, 36.0891 ], [ -115.0204, 36.0851 ], [ -115.0223, 36.0855 ], [ -115.0302, 36.0855 ], [ -115.0326, 36.0848 ], [ -115.0399, 36.0912 ], [ -115.0376, 36.0927 ] ] ] } },
{ "type": "Feature", "properties": { "GEOIDFQ": "1400000US32003002965", "NAME": "29.65", "NAMELSAD": "Census Tract 29.65" }, "geometry": { "type": "Polygon", "coordinates": [ [ [ -115.225, 36.1072 ], [ -115.208, 36.1081 ], [ -115.208, 36.1009 ], [ -115.225, 36.0999 ], [ -115.225, 36.1072 ] ] ] } },
{ "type": "Feature", "properties": { "GEOIDFQ": "1400000US32003002966", "NAME": "29.66", "NAMELSAD": "Census Tract 29.66" }, "geometry": { "type": "Polygon", "coordinates": [ [ [ -115.2164, 36.1149 ], [ -115.208, 36.1154 ], [ -115.208, 36.1081 ], [ -115.2165, 36.1078 ], [ -115.2164, 36.1149 ] ] ] } },
{ "type": "Feature", "properties": { "GEOIDFQ": "1400000US32003002970", "NAME": "29.70", "NAMELSAD": "Census Tract 29.70" }, "geometry": { "type": "Polygon", "coordinates": [ [ [ -115.2165, 36.1004 ], [ -115.208, 36.1009 ], [ -115.2079, 36.0936 ], [ -115.2165, 36.0931 ], [ -115.2165, 36.1004 ] ] ] } },
{ "type": "Feature", "properties": { "GEOIDFQ": "1400000US32003005844", "NAME": "58.44", "NAMELSAD": "Census Tract 58.44" }, "geometry": { "type": "Polygon", "coordinates": [ [ [ -115.32, 36.1444 ], [ -115.32, 36.1421 ], [ -115.3209, 36.1406 ], [ -115.3197, 36.1392 ], [ -115.3199, 36.1351 ], [ -115.3205, 36.1341 ], [ -115.3216, 36.1333 ], [ -115.3247, 36.1331 ], [ -115.3245, 36.1251 ], [ -115.325, 36.1237 ], [ -115.3266, 36.1215 ], [ -115.3289, 36.1228 ], [ -115.3321, 36.1254 ], [ -115.3352, 36.13 ], [ -115.3364, 36.1344 ], [ -115.3369, 36.1446 ], [ -115.32, 36.1444 ] ] ] } },
{ "type": "Feature", "properties": { "GEOIDFQ": "1400000US32003005847", "NAME": "58.47", "NAMELSAD": "Census Tract 58.47" }, "geometry": { "type": "Polygon", "coordinates": [ [ [ -115.3149, 36.1153 ], [ -115.307, 36.1151 ], [ -115.3068, 36.1138 ], [ -115.3061, 36.1122 ], [ -115.3063, 36.1001 ], [ -115.3152, 36.1002 ], [ -115.3149, 36.1153 ] ] ] } },
{ "type": "Feature", "properties": { "GEOIDFQ": "1400000US32003005848", "NAME": "58.48", "NAMELSAD": "Census Tract 58.48" }, "geometry": { "type": "Polygon", "coordinates": [ [ [ -115.307, 36.1151 ], [ -115.3027, 36.1151 ], [ -115.2994, 36.1123 ], [ -115.2965, 36.108 ], [ -115.2947, 36.1011 ], [ -115.2941, 36.1001 ], [ -115.3063, 36.1001 ], [ -115.3061, 36.1122 ], [ -115.307, 36.1151 ] ] ] } },
{ "type": "Feature", "properties": { "GEOIDFQ": "1400000US32003005353", "NAME": "53.53", "NAMELSAD": "Census Tract 53.53" }, "geometry": { "type": "Polygon", "coordinates": [ [ [ -115.0471, 36.0293 ], [ -115.0295, 36.0318 ], [ -115.0297, 36.0219 ], [ -115.0473, 36.0217 ], [ -115.0471, 36.0293 ] ] ] } },
{ "type": "Feature", "properties": { "GEOIDFQ": "1400000US32003002841", "NAME": "28.41", "NAMELSAD": "Census Tract 28.41" }, "geometry": { "type": "Polygon", "coordinates": [ [ [ -115.1806, 36.0132 ], [ -115.1724, 36.0137 ], [ -115.1547, 36.0133 ], [ -115.1549, 35.9939 ], [ -115.1637, 35.9939 ], [ -115.1638, 35.9902 ], [ -115.1637, 35.9884 ], [ -115.1548, 35.9884 ], [ -115.1548, 35.9812 ], [ -115.1814, 35.9807 ], [ -115.1806, 36.0132 ] ] ] } },
{ "type": "Feature", "properties": { "GEOIDFQ": "1400000US32003005356", "NAME": "53.56", "NAMELSAD": "Census Tract 53.56" }, "geometry": { "type": "Polygon", "coordinates": [ [ [ -115.0513, 36.0201 ], [ -115.0493, 36.0211 ], [ -115.0473, 36.0217 ], [ -115.0473, 36.0111 ], [ -115.0462, 36.009 ], [ -115.0462, 36.0073 ], [ -115.0446, 36.0067 ], [ -115.0443, 36.004 ], [ -115.0437, 36.003 ], [ -115.0428, 36.0023 ], [ -115.0431, 36.0017 ], [ -115.0444, 36.0017 ], [ -115.0446, 36.0012 ], [ -115.0441, 36.0007 ], [ -115.0428, 36.0006 ], [ -115.0423, 35.9996 ], [ -115.0407, 35.9999 ], [ -115.0405, 35.9988 ], [ -115.0394, 35.9983 ], [ -115.0478, 35.9983 ], [ -115.0478, 35.9946 ], [ -115.0493, 35.9947 ], [ -115.0503, 35.9956 ], [ -115.0522, 35.9948 ], [ -115.0527, 35.9951 ], [ -115.0524, 35.9955 ], [ -115.053, 35.9963 ], [ -115.0554, 35.997 ], [ -115.0569, 35.9968 ], [ -115.0583, 35.9977 ], [ -115.0596, 35.998 ], [ -115.0607, 35.9976 ], [ -115.0618, 35.9958 ], [ -115.0628, 35.9964 ], [ -115.0636, 35.9975 ], [ -115.0651, 35.9982 ], [ -115.0653, 36.008 ], [ -115.0658, 36.0087 ], [ -115.0513, 36.0201 ] ] ] } },
{ "type": "Feature", "properties": { "GEOIDFQ": "1400000US32003003422", "NAME": "34.22", "NAMELSAD": "Census Tract 34.22" }, "geometry": { "type": "Polygon", "coordinates": [ [ [ -115.2444, 36.196 ], [ -115.2239, 36.1957 ], [ -115.224, 36.1885 ], [ -115.2446, 36.1886 ], [ -115.2444, 36.196 ] ] ] } },
{ "type": "Feature", "properties": { "GEOIDFQ": "1400000US32003002831", "NAME": "28.31", "NAMELSAD": "Census Tract 28.31" }, "geometry": { "type": "Polygon", "coordinates": [ [ [ -115.1723, 36.0284 ], [ -115.1724, 36.0137 ], [ -115.1806, 36.0132 ], [ -115.181, 36.0284 ], [ -115.1723, 36.0284 ] ] ] } },
{ "type": "Feature", "properties": { "GEOIDFQ": "1400000US32003000517", "NAME": "5.17", "NAMELSAD": "Census Tract 5.17" }, "geometry": { "type": "Polygon", "coordinates": [ [ [ -115.0804, 36.1735 ], [ -115.0622, 36.1741 ], [ -115.0622, 36.1665 ], [ -115.0805, 36.1663 ], [ -115.0804, 36.1735 ] ] ] } },
{ "type": "Feature", "properties": { "GEOIDFQ": "1400000US32003005803", "NAME": "58.03", "NAMELSAD": "Census Tract 58.03" }, "geometry": { "type": "Polygon", "coordinates": [ [ [ -115.3031, 36.159 ], [ -115.3023, 36.1545 ], [ -115.3057, 36.1541 ], [ -115.3068, 36.1534 ], [ -115.3076, 36.1522 ], [ -115.3077, 36.1509 ], [ -115.3068, 36.148 ], [ -115.3067, 36.1444 ], [ -115.3155, 36.1444 ], [ -115.3158, 36.159 ], [ -115.3031, 36.159 ] ] ] } },
{ "type": "Feature", "properties": { "GEOIDFQ": "1400000US32003003226", "NAME": "32.26", "NAMELSAD": "Census Tract 32.26" }, "geometry": { "type": "Polygon", "coordinates": [ [ [ -115.3105, 36.17 ], [ -115.2987, 36.1699 ], [ -115.2966, 36.1695 ], [ -115.2935, 36.1676 ], [ -115.2895, 36.1675 ], [ -115.288, 36.1668 ], [ -115.2912, 36.1632 ], [ -115.2914, 36.159 ], [ -115.3141, 36.1589 ], [ -115.3152, 36.168 ], [ -115.3105, 36.17 ] ] ] } },
{ "type": "Feature", "properties": { "GEOIDFQ": "1400000US32003005005", "NAME": "50.05", "NAMELSAD": "Census Tract 50.05" }, "geometry": { "type": "Polygon", "coordinates": [ [ [ -115.0563, 36.1297 ], [ -115.0559, 36.1151 ], [ -115.0648, 36.1149 ], [ -115.0654, 36.1296 ], [ -115.0563, 36.1297 ] ] ] } },
{ "type": "Feature", "properties": { "GEOIDFQ": "1400000US32003000513", "NAME": "5.13", "NAMELSAD": "Census Tract 5.13" }, "geometry": { "type": "Polygon", "coordinates": [ [ [ -115.0799, 36.1885 ], [ -115.0623, 36.1888 ], [ -115.0622, 36.1814 ], [ -115.0804, 36.1809 ], [ -115.0799, 36.1885 ] ] ] } },
{ "type": "Feature", "properties": { "GEOIDFQ": "1400000US32003005703", "NAME": "57.03", "NAMELSAD": "Census Tract 57.03" }, "geometry": { "type": "Polygon", "coordinates": [ [ [ -115.388, 35.6158 ], [ -115.3762, 35.684 ], [ -115.3553, 35.7433 ], [ -115.3529, 35.7474 ], [ -115.2981, 35.8221 ], [ -115.2956, 35.825 ], [ -115.288, 35.8318 ], [ -115.2871, 35.8311 ], [ -115.2846, 35.8316 ], [ -115.283, 35.8312 ], [ -115.2822, 35.8293 ], [ -115.284, 35.8275 ], [ -115.2839, 35.8265 ], [ -115.2833, 35.8249 ], [ -115.2785, 35.8165 ], [ -115.2749, 35.8085 ], [ -115.2744, 35.805 ], [ -115.2706, 35.8025 ], [ -115.2617, 35.7948 ], [ -115.244, 35.7829 ], [ -115.2474, 35.7832 ], [ -115.2488, 35.7842 ], [ -115.2591, 35.7839 ], [ -115.2626, 35.7826 ], [ -115.2644, 35.7813 ], [ -115.2658, 35.7809 ], [ -115.2705, 35.7772 ], [ -115.2683, 35.7739 ], [ -115.2616, 35.7672 ], [ -115.255, 35.7615 ], [ -115.2535, 35.7587 ], [ -115.2522, 35.7583 ], [ -115.2518, 35.7578 ], [ -115.2515, 35.7561 ], [ -115.235, 35.7426 ], [ -115.235, 35.7419 ], [ -115.2341, 35.7416 ], [ -115.229, 35.7371 ], [ -115.2161, 35.7435 ], [ -115.2037, 35.7504 ], [ -115.1946, 35.7546 ], [ -115.1908, 35.7567 ], [ -115.1906, 35.7573 ], [ -115.1895, 35.7571 ], [ -115.1845, 35.7594 ], [ -115.1816, 35.7595 ], [ -115.1801, 35.7614 ], [ -115.1775, 35.7614 ], [ -115.1759, 35.7618 ], [ -115.1716, 35.7621 ], [ -115.1691, 35.7613 ], [ -115.1651, 35.7582 ], [ -115.1637, 35.7583 ], [ -115.1611, 35.7592 ], [ -115.1598, 35.7583 ], [ -115.1564, 35.7586 ], [ -115.1507, 35.7559 ], [ -115.1494, 35.7556 ], [ -115.1469, 35.7561 ], [ -115.143, 35.7585 ], [ -115.1401, 35.7594 ], [ -115.1385, 35.7616 ], [ -115.1341, 35.7631 ], [ -115.133, 35.7646 ], [ -115.131, 35.7651 ], [ -115.1286, 35.7639 ], [ -115.1256, 35.7631 ], [ -115.1242, 35.7633 ], [ -115.113, 35.7617 ], [ -115.1087, 35.7604 ], [ -115.106, 35.7601 ], [ -115.0976, 35.7609 ], [ -115.0964, 35.7592 ], [ -115.0963, 35.7574 ], [ -115.0955, 35.7567 ], [ -115.0956, 35.7562 ], [ -114.9563, 35.8297 ], [ -114.9543, 35.8312 ], [ -114.9338, 35.8512 ], [ -114.9329, 35.8524 ], [ -114.9323, 35.8526 ], [ -114.9191, 35.9136 ], [ -114.9171, 35.911 ], [ -114.9162, 35.9126 ], [ -114.9148, 35.9136 ], [ -114.9122, 35.9137 ], [ -114.9077, 35.915 ], [ -114.9057, 35.9152 ], [ -114.9042, 35.9147 ], [ -114.9024, 35.9151 ], [ -114.8984, 35.9147 ], [ -114.8955, 35.9149 ], [ -114.8867, 35.9112 ], [ -114.8828, 35.9109 ], [ -114.8773, 35.9092 ], [ -114.8738, 35.9091 ], [ -114.8487, 35.9333 ], [ -114.8481, 35.9351 ], [ -114.8054, 35.9352 ], [ -114.8054, 35.9203 ], [ -114.7696, 35.9205 ], [ -114.7699, 35.9492 ], [ -114.7878, 35.9494 ], [ -114.7877, 36.0002 ], [ -114.8209, 36.0003 ], [ -114.8172, 36.0048 ], [ -114.814, 36.0064 ], [ -114.7983, 36.0092 ], [ -114.7962, 36.0091 ], [ -114.7923, 36.0084 ], [ -114.7895, 36.0084 ], [ -114.7787, 36.0105 ], [ -114.7769, 36.011 ], [ -114.7749, 36.0122 ], [ -114.7718, 36.0125 ], [ -114.7708, 36.0125 ], [ -114.7681, 36.0114 ], [ -114.7667, 36.0113 ], [ -114.7656, 36.0105 ], [ -114.7649, 36.0104 ], [ -114.7624, 36.0115 ], [ -114.7618, 36.0125 ], [ -114.7604, 36.0132 ], [ -114.7597, 36.0148 ], [ -114.7588, 36.0152 ], [ -114.7541, 36.0141 ], [ -114.7528, 36.0144 ], [ -114.7505, 36.0161 ], [ -114.7475, 36.0155 ], [ -114.7446, 36.0164 ], [ -114.743, 36.0163 ], [ -114.7422, 36.016 ], [ -114.7416, 36.0152 ], [ -114.742, 36.0145 ], [ -114.7431, 36.0139 ], [ -114.7427, 36.0135 ], [ -114.7394, 36.0164 ], [ -114.7386, 36.0166 ], [ -114.7375, 36.0163 ], [ -114.7409, 36.0129 ], [ -114.743, 36.0085 ], [ -114.7432, 36.0067 ], [ -114.7417, 36.0023 ], [ -114.7405, 35.9949 ], [ -114.7393, 35.9918 ], [ -114.74, 35.9905 ], [ -114.7431, 35.9874 ], [ -114.7436, 35.9858 ], [ -114.7435, 35.9836 ], [ -114.7405, 35.9755 ], [ -114.7362, 35.9694 ], [ -114.7325, 35.9659 ], [ -114.7301, 35.9627 ], [ -114.7287, 35.9618 ], [ -114.7285, 35.9604 ], [ -114.7298, 35.9599 ], [ -114.7133, 35.9338 ], [ -114.7134, 35.9319 ], [ -114.7128, 35.9326 ], [ -114.713, 35.9322 ], [ -114.7076, 35.928 ], [ -114.7073, 35.9262 ], [ -114.7079, 35.9192 ], [ -114.7074, 35.9181 ], [ -114.7078, 35.917 ], [ -114.7092, 35.9168 ], [ -114.7081, 35.9099 ], [ -114.7068, 35.909 ], [ -114.7057, 35.9093 ], [ -114.706, 35.9086 ], [ -114.7035, 35.9067 ], [ -114.7008, 35.9031 ], [ -114.7003, 35.9018 ], [ -114.6949, 35.8976 ], [ -114.6961, 35.8965 ], [ -114.6945, 35.8966 ], [ -114.6936, 35.8953 ], [ -114.679, 35.8855 ], [ -114.672, 35.878 ], [ -114.6681, 35.8752 ], [ -114.6632, 35.8737 ], [ -114.6616, 35.8712 ], [ -114.6616, 35.8705 ], [ -114.6626, 35.8692 ], [ -114.6675, 35.8671 ], [ -114.6697, 35.865 ], [ -114.6723, 35.865 ], [ -114.6782, 35.8633 ], [ -114.682, 35.8629 ], [ -114.6896, 35.8599 ], [ -114.6915, 35.8587 ], [ -114.6934, 35.8551 ], [ -114.6944, 35.8545 ], [ -114.6953, 35.854 ], [ -114.7, 35.8536 ], [ -114.7036, 35.8526 ], [ -114.7059, 35.8505 ], [ -114.7065, 35.849 ], [ -114.7063, 35.8462 ], [ -114.7042, 35.8443 ], [ -114.7042, 35.8427 ], [ -114.7035, 35.8418 ], [ -114.7023, 35.8422 ], [ -114.7023, 35.8408 ], [ -114.7015, 35.8393 ], [ -114.6958, 35.8334 ], [ -114.6952, 35.8323 ], [ -114.6953, 35.8311 ], [ -114.6955, 35.8299 ], [ -114.6973, 35.8268 ], [ -114.7007, 35.822 ], [ -114.7037, 35.8146 ], [ -114.7063, 35.812 ], [ -114.7093, 35.81 ], [ -114.712, 35.8055 ], [ -114.7115, 35.8044 ], [ -114.7058, 35.7989 ], [ -114.7032, 35.7947 ], [ -114.6993, 35.7905 ], [ -114.699, 35.788 ], [ -114.7012, 35.7741 ], [ -114.701, 35.7697 ], [ -114.7003, 35.7669 ], [ -114.6974, 35.7607 ], [ -114.6947, 35.7579 ], [ -114.6943, 35.7566 ], [ -114.6965, 35.7546 ], [ -114.6969, 35.7528 ], [ -114.6977, 35.751 ], [ -114.6976, 35.7484 ], [ -114.6967, 35.7461 ], [ -114.6964, 35.7427 ], [ -114.6965, 35.7389 ], [ -114.6979, 35.7317 ], [ -114.7054, 35.7118 ], [ -114.7056, 35.7083 ], [ -114.7036, 35.7039 ], [ -114.7014, 35.7011 ], [ -114.6962, 35.6965 ], [ -114.6913, 35.6931 ], [ -114.6827, 35.6886 ], [ -114.681, 35.6859 ], [ -114.6806, 35.684 ], [ -114.6808, 35.6823 ], [ -114.6823, 35.6778 ], [ -114.6861, 35.6706 ], [ -114.6902, 35.6652 ], [ -114.6905, 35.6627 ], [ -114.6892, 35.6529 ], [ -114.6895, 35.6514 ], [ -114.689, 35.6503 ], [ -114.6861, 35.6475 ], [ -114.6794, 35.6434 ], [ -114.6776, 35.6418 ], [ -114.669, 35.6289 ], [ -114.6667, 35.6231 ], [ -114.6654, 35.6216 ], [ -114.6636, 35.6208 ], [ -114.6606, 35.6203 ], [ -114.6595, 35.6196 ], [ -114.6572, 35.617 ], [ -114.6539, 35.6117 ], [ -114.6535, 35.6082 ], [ -114.6545, 35.6052 ], [ -114.6537, 35.6004 ], [ -114.6539, 35.5985 ], [ -114.6545, 35.5966 ], [ -114.6592, 35.5875 ], [ -114.6606, 35.5866 ], [ -114.6642, 35.5859 ], [ -114.6702, 35.5835 ], [ -114.6757, 35.58 ], [ -114.6758, 35.5795 ], [ -114.6749, 35.5784 ], [ -114.6684, 35.5743 ], [ -114.6662, 35.5716 ], [ -114.6644, 35.5684 ], [ -114.6639, 35.5663 ], [ -114.6628, 35.5643 ], [ -114.6635, 35.561 ], [ -114.662, 35.5559 ], [ -114.662, 35.5526 ], [ -114.6611, 35.549 ], [ -114.6615, 35.5441 ], [ -114.6603, 35.5404 ], [ -114.6568, 35.535 ], [ -114.6578, 35.5307 ], [ -114.6599, 35.5279 ], [ -114.6617, 35.5267 ], [ -114.6646, 35.5215 ], [ -114.6666, 35.521 ], [ -114.6686, 35.5212 ], [ -114.6695, 35.5208 ], [ -114.6728, 35.5184 ], [ -114.6757, 35.5156 ], [ -114.6771, 35.5129 ], [ -114.6775, 35.5109 ], [ -114.6789, 35.5013 ], [ -114.6786, 35.4976 ], [ -114.6777, 35.4952 ], [ -114.6763, 35.4931 ], [ -114.6768, 35.4898 ], [ -114.6735, 35.4857 ], [ -114.6719, 35.4821 ], [ -114.6721, 35.4797 ], [ -114.6735, 35.4768 ], [ -114.6732, 35.4748 ], [ -114.6723, 35.4737 ], [ -114.6674, 35.4699 ], [ -114.6657, 35.4669 ], [ -114.6658, 35.4639 ], [ -114.6672, 35.4604 ], [ -114.6662, 35.4582 ], [ -114.6642, 35.4558 ], [ -114.6639, 35.4547 ], [ -114.6642, 35.4517 ], [ -114.6639, 35.4495 ], [ -114.6629, 35.4464 ], [ -114.6617, 35.4447 ], [ -114.6581, 35.4418 ], [ -114.6543, 35.4369 ], [ -114.6538, 35.4329 ], [ -114.6528, 35.4308 ], [ -114.6291, 35.4112 ], [ -114.6273, 35.4102 ], [ -114.6257, 35.408 ], [ -114.6209, 35.3969 ], [ -114.619, 35.3894 ], [ -114.6177, 35.3801 ], [ -114.6112, 35.3701 ], [ -114.6062, 35.3597 ], [ -114.5998, 35.3411 ], [ -114.5952, 35.3242 ], [ -114.5972, 35.3032 ], [ -114.5973, 35.2996 ], [ -114.5963, 35.2919 ], [ -114.5951, 35.2882 ], [ -114.5932, 35.2844 ], [ -114.5905, 35.2723 ], [ -114.5875, 35.2655 ], [ -114.5866, 35.2624 ], [ -114.5858, 35.2577 ], [ -114.5861, 35.2489 ], [ -114.585, 35.2427 ], [ -114.5828, 35.2387 ], [ -114.5825, 35.2332 ], [ -114.5835, 35.2303 ], [ -114.5803, 35.2201 ], [ -114.5795, 35.2089 ], [ -114.5786, 35.2081 ], [ -114.575, 35.2067 ], [ -114.5742, 35.2055 ], [ -114.574, 35.2038 ], [ -114.5719, 35.2002 ], [ -114.5718, 35.1995 ], [ -114.5739, 35.1997 ], [ -114.5751, 35.1988 ], [ -114.5766, 35.1891 ], [ -114.5771, 35.1877 ], [ -114.578, 35.187 ], [ -114.5795, 35.1865 ], [ -114.5837, 35.1871 ], [ -114.5866, 35.1868 ], [ -114.5994, 35.1832 ], [ -114.6004, 35.1826 ], [ -114.6007, 35.182 ], [ -114.6363, 35.1898 ], [ -114.6386, 35.1907 ], [ -114.6439, 35.1943 ], [ -114.6455, 35.1951 ], [ -114.6529, 35.196 ], [ -114.6571, 35.1958 ], [ -114.6642, 35.1992 ], [ -114.672, 35.2015 ], [ -114.6736, 35.2017 ], [ -114.6767, 35.2014 ], [ -114.6799, 35.2017 ], [ -114.6821, 35.201 ], [ -114.6834, 35.1994 ], [ -114.6837, 35.1982 ], [ -114.683, 35.194 ], [ -114.6846, 35.1912 ], [ -114.6847, 35.1901 ], [ -114.6834, 35.1875 ], [ -114.6824, 35.183 ], [ -114.6829, 35.1786 ], [ -114.682, 35.1726 ], [ -114.6825, 35.1712 ], [ -114.6835, 35.17 ], [ -114.686, 35.1689 ], [ -114.6879, 35.1688 ], [ -114.698, 35.17 ], [ -114.7105, 35.1723 ], [ -114.7208, 35.1722 ], [ -114.7336, 35.1739 ], [ -114.7378, 35.1741 ], [ -114.7434, 35.1736 ], [ -114.7664, 35.1691 ], [ -114.772, 35.1691 ], [ -114.7753, 35.1699 ], [ -114.8295, 35.1882 ], [ -114.8418, 35.1907 ], [ -114.852, 35.1925 ], [ -114.8534, 35.1924 ], [ -114.8493, 35.1758 ], [ -114.8539, 35.1792 ], [ -114.8954, 35.2133 ], [ -114.9844, 35.284 ], [ -114.9947, 35.2925 ], [ -115.0677, 35.3497 ], [ -115.084, 35.3634 ], [ -115.101, 35.3757 ], [ -115.1611, 35.424 ], [ -115.1649, 35.4279 ], [ -115.2195, 35.4711 ], [ -115.2597, 35.5035 ], [ -115.284, 35.5222 ], [ -115.3905, 35.6065 ], [ -115.3915, 35.6073 ], [ -115.388, 35.6158 ] ] ] } },
{ "type": "Feature", "properties": { "GEOIDFQ": "1400000US32013010600", "NAME": "106", "NAMELSAD": "Census Tract 106" }, "geometry": { "type": "Polygon", "coordinates": [ [ [ -117.7298, 41.0119 ], [ -117.6792, 41.1761 ], [ -117.6792, 41.1791 ], [ -117.6915, 41.285 ], [ -117.6311, 41.3111 ], [ -117.5699, 41.3585 ], [ -117.5672, 41.3621 ], [ -117.5497, 41.4065 ], [ -117.5485, 41.4073 ], [ -117.5303, 41.4072 ], [ -117.5301, 41.4109 ], [ -117.5298, 41.411 ], [ -117.4684, 41.4109 ], [ -117.4674, 41.4116 ], [ -117.4661, 41.4175 ], [ -117.4652, 41.4183 ], [ -117.4505, 41.4178 ], [ -117.4439, 41.4186 ], [ -117.4385, 41.4186 ], [ -117.4365, 41.4188 ], [ -117.4316, 41.42 ], [ -117.4258, 41.4234 ], [ -117.4236, 41.4251 ], [ -117.4228, 41.4263 ], [ -117.4206, 41.4274 ], [ -117.4147, 41.4273 ], [ -117.4108, 41.4267 ], [ -117.408, 41.4271 ], [ -117.4013, 41.4259 ], [ -117.3866, 41.4256 ], [ -117.3835, 41.4221 ], [ -117.3767, 41.4199 ], [ -117.3739, 41.4182 ], [ -117.3721, 41.4177 ], [ -117.3605, 41.4186 ], [ -117.3566, 41.4171 ], [ -117.3497, 41.4154 ], [ -117.3478, 41.4143 ], [ -117.3414, 41.4082 ], [ -117.3409, 41.4072 ], [ -117.3408, 41.4051 ], [ -117.3395, 41.4033 ], [ -117.337, 41.4019 ], [ -117.3348, 41.4013 ], [ -117.333, 41.4014 ], [ -117.3287, 41.4022 ], [ -117.3261, 41.4021 ], [ -117.3248, 41.3985 ], [ -117.324, 41.3942 ], [ -117.3233, 41.3927 ], [ -117.322, 41.3913 ], [ -117.3147, 41.3878 ], [ -117.3078, 41.3853 ], [ -117.3062, 41.3853 ], [ -117.2968, 41.3876 ], [ -117.2926, 41.3869 ], [ -117.2844, 41.388 ], [ -117.2746, 41.3884 ], [ -117.2405, 41.3875 ], [ -117.2323, 41.3877 ], [ -117.227, 41.3885 ], [ -117.2133, 41.3889 ], [ -117.2102, 41.3886 ], [ -117.1899, 41.3852 ], [ -117.183, 41.3903 ], [ -117.1814, 41.3901 ], [ -117.1776, 41.3882 ], [ -117.176, 41.3878 ], [ -117.1576, 41.3883 ], [ -117.1514, 41.3899 ], [ -117.1476, 41.3934 ], [ -117.1468, 41.3967 ], [ -117.146, 41.3977 ], [ -117.146, 41.4006 ], [ -117.1453, 41.4028 ], [ -117.1395, 41.4082 ], [ -117.134, 41.4152 ], [ -117.1325, 41.4182 ], [ -117.1309, 41.4238 ], [ -117.1301, 41.4249 ], [ -117.1076, 41.4372 ], [ -117.0965, 41.4418 ], [ -117.0808, 41.4454 ], [ -117.077, 41.446 ], [ -117.0741, 41.4444 ], [ -117.0741, 41.4425 ], [ -117.0737, 41.442 ], [ -117.0692, 41.4403 ], [ -117.0679, 41.4406 ], [ -117.0654, 41.4404 ], [ -117.0648, 41.4416 ], [ -117.0636, 41.4428 ], [ -117.0602, 41.4437 ], [ -117.0595, 41.4435 ], [ -117.0559, 41.4418 ], [ -117.0552, 41.4408 ], [ -117.0546, 41.439 ], [ -117.0534, 41.4375 ], [ -117.0531, 41.4352 ], [ -117.0491, 41.432 ], [ -117.0408, 41.4306 ], [ -117.0383, 41.4294 ], [ -117.0342, 41.4284 ], [ -117.0317, 41.4266 ], [ -117.0285, 41.4253 ], [ -117.0246, 41.4244 ], [ -117.0218, 41.4242 ], [ -117.018, 41.4225 ], [ -117.0187, 41.2723 ], [ -117.0179, 41.2405 ], [ -117.0179, 41.1249 ], [ -117.0182, 41.1248 ], [ -117.0187, 40.999 ], [ -117.0186, 40.7863 ], [ -117.0182, 40.7859 ], [ -117.0186, 40.7835 ], [ -117.0186, 40.7043 ], [ -117.0198, 40.6993 ], [ -117.0186, 40.6945 ], [ -117.0187, 40.643 ], [ -117.0352, 40.6429 ], [ -117.0516, 40.6423 ], [ -117.2468, 40.6424 ], [ -117.3006, 40.5261 ], [ -117.2999, 40.624 ], [ -117.3, 40.6763 ], [ -117.3012, 40.6823 ], [ -117.3094, 40.6835 ], [ -117.501, 40.6843 ], [ -117.5837, 40.6841 ], [ -117.6444, 40.6843 ], [ -117.644, 40.7499 ], [ -117.6441, 40.8293 ], [ -117.6424, 40.8283 ], [ -117.6412, 40.8254 ], [ -117.6394, 40.8249 ], [ -117.6376, 40.8256 ], [ -117.6346, 40.8276 ], [ -117.6338, 40.8292 ], [ -117.6326, 40.8299 ], [ -117.6316, 40.8332 ], [ -117.6304, 40.8341 ], [ -117.628, 40.8348 ], [ -117.6239, 40.8342 ], [ -117.6233, 40.8349 ], [ -117.6219, 40.8351 ], [ -117.6188, 40.8343 ], [ -117.6179, 40.8335 ], [ -117.6161, 40.835 ], [ -117.6135, 40.8358 ], [ -117.6116, 40.843 ], [ -117.6089, 40.8494 ], [ -117.6076, 40.8546 ], [ -117.608, 40.8579 ], [ -117.6072, 40.8598 ], [ -117.6075, 40.8607 ], [ -117.6083, 40.8612 ], [ -117.6154, 40.8628 ], [ -117.6176, 40.8656 ], [ -117.6193, 40.8702 ], [ -117.6245, 40.8734 ], [ -117.6255, 40.8846 ], [ -117.6253, 40.8862 ], [ -117.6239, 40.8884 ], [ -117.6197, 40.8935 ], [ -117.6165, 40.8963 ], [ -117.6138, 40.9002 ], [ -117.6052, 40.9067 ], [ -117.6029, 40.9097 ], [ -117.6014, 40.9154 ], [ -117.6007, 40.9287 ], [ -117.6024, 40.9316 ], [ -117.6024, 40.9376 ], [ -117.6015, 40.9398 ], [ -117.6033, 40.9453 ], [ -117.6031, 40.9476 ], [ -117.6009, 40.954 ], [ -117.6003, 40.9582 ], [ -117.6067, 40.9593 ], [ -117.6079, 40.9631 ], [ -117.6077, 40.9657 ], [ -117.6083, 40.9669 ], [ -117.6088, 40.9699 ], [ -117.6081, 40.9713 ], [ -117.6067, 40.9723 ], [ -117.606, 40.9744 ], [ -117.6058, 40.9771 ], [ -117.6061, 40.9782 ], [ -117.6047, 40.9791 ], [ -117.6053, 40.9804 ], [ -117.6068, 40.9809 ], [ -117.6089, 40.9852 ], [ -117.6088, 40.9897 ], [ -117.6081, 40.992 ], [ -117.6077, 40.9961 ], [ -117.6071, 40.9972 ], [ -117.6064, 41.0003 ], [ -117.6045, 41.004 ], [ -117.6033, 41.0092 ], [ -117.5996, 41.0139 ], [ -117.5965, 41.0192 ], [ -117.595, 41.0205 ], [ -117.5947, 41.0243 ], [ -117.5926, 41.0255 ], [ -117.5928, 41.0258 ], [ -117.5941, 41.0254 ], [ -117.6846, 40.9895 ], [ -117.7277, 40.9808 ], [ -117.7325, 40.979 ], [ -117.7388, 40.975 ], [ -117.7412, 40.977 ], [ -117.7417, 40.9796 ], [ -117.7298, 41.0119 ] ] ] } },
{ "type": "Feature", "properties": { "GEOIDFQ": "1400000US32027960100", "NAME": "9601", "NAMELSAD": "Census Tract 9601" }, "geometry": { "type": "Polygon", "coordinates": [ [ [ -119.3387, 40.1249 ], [ -119.3388, 40.2499 ], [ -119.3378, 40.3549 ], [ -119.3384, 40.3864 ], [ -119.3385, 40.5178 ], [ -119.313, 40.5183 ], [ -119.3129, 40.6158 ], [ -119.3132, 40.6249 ], [ -119.3119, 40.744 ], [ -119.3114, 40.7499 ], [ -119.3121, 40.7817 ], [ -119.3092, 40.8776 ], [ -119.3093, 40.9549 ], [ -119.3099, 40.9569 ], [ -119.31, 40.9596 ], [ -119.3096, 40.9604 ], [ -119.28, 40.9602 ], [ -119.1949, 40.9609 ], [ -119.001, 40.9607 ], [ -118.9439, 40.9612 ], [ -118.7867, 40.9608 ], [ -118.7867, 40.8559 ], [ -118.6076, 40.8561 ], [ -118.4382, 40.8557 ], [ -118.3337, 40.8569 ], [ -118.2485, 40.8569 ], [ -118.1374, 40.8577 ], [ -118.0962, 40.8575 ], [ -118.001, 40.858 ], [ -117.8777, 40.8579 ], [ -117.8314, 40.8575 ], [ -117.7852, 40.8579 ], [ -117.7148, 40.8576 ], [ -117.6442, 40.8578 ], [ -117.644, 40.7499 ], [ -117.6444, 40.6843 ], [ -117.5837, 40.6841 ], [ -117.501, 40.6843 ], [ -117.3094, 40.6835 ], [ -117.3012, 40.6823 ], [ -117.3, 40.6763 ], [ -117.2999, 40.624 ], [ -117.3006, 40.5261 ], [ -117.3348, 40.4528 ], [ -117.4084, 40.2919 ], [ -117.4681, 40.1628 ], [ -117.4803, 40.136 ], [ -117.5009, 40.089 ], [ -117.5417, 40.001 ], [ -117.6214, 40.0015 ], [ -117.6259, 40.002 ], [ -117.7248, 40.0021 ], [ -117.7327, 40.0025 ], [ -117.7348, 40.0022 ], [ -117.7362, 40.0025 ], [ -117.751, 40.0022 ], [ -117.9457, 40.0026 ], [ -118.1193, 40.0019 ], [ -118.126, 40.0021 ], [ -118.2455, 40.0024 ], [ -118.376, 40.0009 ], [ -118.501, 39.9987 ], [ -118.6059, 39.9983 ], [ -118.6402, 39.9985 ], [ -118.876, 39.9984 ], [ -118.9561, 39.9993 ], [ -119.2223, 39.9994 ], [ -119.2501, 39.9992 ], [ -119.251, 39.9987 ], [ -119.3393, 39.9986 ], [ -119.3387, 40.1249 ] ] ] } },
{ "type": "Feature", "properties": { "GEOIDFQ": "1400000US32031002212", "NAME": "22.12", "NAMELSAD": "Census Tract 22.12" }, "geometry": { "type": "Polygon", "coordinates": [ [ [ -119.7842, 39.4949 ], [ -119.7782, 39.4949 ], [ -119.7737, 39.4924 ], [ -119.7766, 39.4908 ], [ -119.776, 39.4899 ], [ -119.7758, 39.4858 ], [ -119.7748, 39.4843 ], [ -119.7733, 39.4829 ], [ -119.7733, 39.4813 ], [ -119.7857, 39.4858 ], [ -119.7842, 39.4949 ] ] ] } },
{ "type": "Feature", "properties": { "GEOIDFQ": "1400000US32031002210", "NAME": "22.10", "NAMELSAD": "Census Tract 22.10" }, "geometry": { "type": "Polygon", "coordinates": [ [ [ -119.7334, 39.3992 ], [ -119.7292, 39.4013 ], [ -119.7269, 39.4039 ], [ -119.7229, 39.4073 ], [ -119.7183, 39.4098 ], [ -119.7168, 39.4132 ], [ -119.7149, 39.4154 ], [ -119.7135, 39.4164 ], [ -119.7134, 39.4203 ], [ -119.7141, 39.421 ], [ -119.7164, 39.4218 ], [ -119.7145, 39.4251 ], [ -119.7144, 39.4262 ], [ -119.7174, 39.4325 ], [ -119.717, 39.4362 ], [ -119.7154, 39.4408 ], [ -119.7075, 39.4405 ], [ -119.7074, 39.4424 ], [ -119.7052, 39.4423 ], [ -119.7016, 39.4432 ], [ -119.7013, 39.4443 ], [ -119.6984, 39.4463 ], [ -119.6975, 39.448 ], [ -119.6962, 39.4491 ], [ -119.6961, 39.4475 ], [ -119.6551, 39.4475 ], [ -119.6566, 39.4315 ], [ -119.6571, 39.4041 ], [ -119.677, 39.4045 ], [ -119.6773, 39.3896 ], [ -119.6855, 39.3896 ], [ -119.6853, 39.3767 ], [ -119.6888, 39.3755 ], [ -119.6923, 39.3752 ], [ -119.6935, 39.3747 ], [ -119.6941, 39.3749 ], [ -119.6944, 39.3758 ], [ -119.6931, 39.3766 ], [ -119.6926, 39.3774 ], [ -119.6957, 39.3784 ], [ -119.6956, 39.3806 ], [ -119.6966, 39.3814 ], [ -119.6969, 39.383 ], [ -119.6975, 39.3833 ], [ -119.7, 39.3833 ], [ -119.7024, 39.3828 ], [ -119.7037, 39.3836 ], [ -119.7037, 39.3847 ], [ -119.7027, 39.3855 ], [ -119.7023, 39.3865 ], [ -119.6997, 39.3877 ], [ -119.6995, 39.3882 ], [ -119.7002, 39.3889 ], [ -119.7007, 39.3902 ], [ -119.7026, 39.3909 ], [ -119.7039, 39.3919 ], [ -119.7065, 39.3924 ], [ -119.7082, 39.3919 ], [ -119.7097, 39.3924 ], [ -119.7106, 39.3921 ], [ -119.7107, 39.3914 ], [ -119.7095, 39.3899 ], [ -119.7057, 39.3893 ], [ -119.7053, 39.3886 ], [ -119.7083, 39.3863 ], [ -119.71, 39.3864 ], [ -119.7116, 39.3858 ], [ -119.7125, 39.3839 ], [ -119.7134, 39.3837 ], [ -119.7143, 39.385 ], [ -119.7155, 39.386 ], [ -119.7153, 39.3867 ], [ -119.7141, 39.3871 ], [ -119.7139, 39.3875 ], [ -119.716, 39.3902 ], [ -119.7307, 39.3953 ], [ -119.734, 39.397 ], [ -119.7334, 39.3992 ] ] ] } },
{ "type": "Feature", "properties": { "GEOIDFQ": "1400000US32031940200", "NAME": "9402", "NAMELSAD": "Census Tract 9402" }, "geometry": { "type": "Polygon", "coordinates": [ [ [ -119.7466, 40.377 ], [ -119.5041, 40.3608 ], [ -119.4133, 40.2499 ], [ -119.409, 40.2451 ], [ -119.34, 40.1589 ], [ -119.3698, 40.0448 ], [ -119.3695, 40.0446 ], [ -119.3699, 40.0445 ], [ -119.3735, 40.0305 ], [ -119.3801, 40.0104 ], [ -119.3829, 39.9995 ], [ -119.3932, 39.9643 ], [ -119.3527, 39.8749 ], [ -119.2873, 39.7499 ], [ -119.2792, 39.7335 ], [ -119.2457, 39.6684 ], [ -119.2769, 39.6223 ], [ -119.2831, 39.6223 ], [ -119.2798, 39.6271 ], [ -119.2824, 39.6289 ], [ -119.2842, 39.6252 ], [ -119.2842, 39.6235 ], [ -119.2848, 39.6228 ], [ -119.2873, 39.6224 ], [ -119.2895, 39.621 ], [ -119.2915, 39.6207 ], [ -119.2931, 39.619 ], [ -119.2939, 39.6175 ], [ -119.2974, 39.617 ], [ -119.299, 39.6149 ], [ -119.3046, 39.6129 ], [ -119.3062, 39.6131 ], [ -119.3062, 39.6127 ], [ -119.3078, 39.6131 ], [ -119.3101, 39.6114 ], [ -119.314, 39.6074 ], [ -119.3175, 39.6076 ], [ -119.3174, 39.6087 ], [ -119.3169, 39.6091 ], [ -119.3124, 39.6108 ], [ -119.3117, 39.6123 ], [ -119.3107, 39.6129 ], [ -119.3107, 39.6146 ], [ -119.3044, 39.6147 ], [ -119.3213, 39.6264 ], [ -119.3206, 39.6335 ], [ -119.3439, 39.6815 ], [ -119.3609, 39.6811 ], [ -119.3609, 39.6902 ], [ -119.3606, 39.6912 ], [ -119.3609, 39.6913 ], [ -119.3609, 39.6962 ], [ -119.351, 39.6962 ], [ -119.3586, 39.7118 ], [ -119.3612, 39.7118 ], [ -119.3615, 39.7177 ], [ -119.3665, 39.728 ], [ -119.3789, 39.728 ], [ -119.3789, 39.7439 ], [ -119.3961, 39.7439 ], [ -119.3961, 39.7609 ], [ -119.3823, 39.7609 ], [ -119.3904, 39.7776 ], [ -119.3964, 39.7776 ], [ -119.3965, 39.7902 ], [ -119.4167, 39.79 ], [ -119.4167, 39.7982 ], [ -119.4256, 39.8007 ], [ -119.4373, 39.8006 ], [ -119.4373, 39.804 ], [ -119.4582, 39.8098 ], [ -119.4582, 39.8007 ], [ -119.478, 39.8006 ], [ -119.478, 39.8169 ], [ -119.5792, 39.8681 ], [ -119.5933, 39.8809 ], [ -119.6239, 39.91 ], [ -119.626, 39.9116 ], [ -119.6875, 39.9695 ], [ -119.6972, 39.9999 ], [ -119.7049, 40.021 ], [ -119.751, 40.1558 ], [ -119.7993, 40.2923 ], [ -119.8254, 40.3696 ], [ -119.8303, 40.3821 ], [ -119.7466, 40.377 ] ], [ [ -119.6973, 40.1083 ], [ -119.6939, 40.1028 ], [ -119.6889, 40.0969 ], [ -119.6874, 40.0939 ], [ -119.6865, 40.0905 ], [ -119.6865, 40.0874 ], [ -119.6867, 40.0831 ], [ -119.6882, 40.079 ], [ -119.6878, 40.0709 ], [ -119.6839, 40.0694 ], [ -119.6813, 40.0672 ], [ -119.6798, 40.0647 ], [ -119.6791, 40.0619 ], [ -119.6792, 40.0566 ], [ -119.6772, 40.0552 ], [ -119.672, 40.0496 ], [ -119.6638, 40.0461 ], [ -119.656, 40.0446 ], [ -119.6549, 40.0459 ], [ -119.6532, 40.0466 ], [ -119.6521, 40.0463 ], [ -119.651, 40.0412 ], [ -119.6491, 40.0395 ], [ -119.6478, 40.0332 ], [ -119.6463, 40.0321 ], [ -119.642, 40.0321 ], [ -119.6407, 40.0311 ], [ -119.6396, 40.0287 ], [ -119.6353, 40.0264 ], [ -119.6333, 40.0263 ], [ -119.6325, 40.0253 ], [ -119.6333, 40.0218 ], [ -119.6325, 40.0211 ], [ -119.6301, 40.0201 ], [ -119.6271, 40.0199 ], [ -119.6242, 40.0169 ], [ -119.6229, 40.0151 ], [ -119.624, 40.0119 ], [ -119.6242, 40.0099 ], [ -119.6227, 40.0065 ], [ -119.6212, 40.0047 ], [ -119.6219, 39.9993 ], [ -119.6231, 39.9973 ], [ -119.6141, 39.9945 ], [ -119.6123, 39.9921 ], [ -119.6123, 39.9906 ], [ -119.6175, 39.9858 ], [ -119.618, 39.9834 ], [ -119.6141, 39.9787 ], [ -119.6139, 39.9772 ], [ -119.6126, 39.9758 ], [ -119.6128, 39.9714 ], [ -119.6116, 39.97 ], [ -119.6113, 39.9677 ], [ -119.6099, 39.9648 ], [ -119.6078, 39.9633 ], [ -119.6017, 39.9614 ], [ -119.602, 39.9584 ], [ -119.601, 39.9569 ], [ -119.5985, 39.956 ], [ -119.5969, 39.955 ], [ -119.596, 39.9536 ], [ -119.594, 39.9528 ], [ -119.5936, 39.9508 ], [ -119.5883, 39.9425 ], [ -119.5856, 39.9369 ], [ -119.5837, 39.9352 ], [ -119.5803, 39.9334 ], [ -119.5753, 39.932 ], [ -119.5741, 39.9309 ], [ -119.5719, 39.9264 ], [ -119.5686, 39.9253 ], [ -119.567, 39.9252 ], [ -119.5652, 39.9246 ], [ -119.5625, 39.923 ], [ -119.5594, 39.9219 ], [ -119.5516, 39.9203 ], [ -119.5485, 39.9191 ], [ -119.5452, 39.919 ], [ -119.5421, 39.9176 ], [ -119.5406, 39.9157 ], [ -119.5388, 39.9142 ], [ -119.5297, 39.9104 ], [ -119.5287, 39.909 ], [ -119.5287, 39.9068 ], [ -119.5281, 39.905 ], [ -119.5241, 39.9016 ], [ -119.522, 39.8979 ], [ -119.5197, 39.8971 ], [ -119.5183, 39.895 ], [ -119.5141, 39.8923 ], [ -119.5129, 39.8909 ], [ -119.5124, 39.8885 ], [ -119.5109, 39.8872 ], [ -119.5017, 39.8809 ], [ -119.5002, 39.879 ], [ -119.4947, 39.8782 ], [ -119.4911, 39.8769 ], [ -119.4894, 39.8747 ], [ -119.4786, 39.8653 ], [ -119.474, 39.8603 ], [ -119.4719, 39.8585 ], [ -119.4714, 39.8568 ], [ -119.4689, 39.8556 ], [ -119.4662, 39.8553 ], [ -119.4629, 39.8554 ], [ -119.4597, 39.8544 ], [ -119.4562, 39.8517 ], [ -119.455, 39.8497 ], [ -119.4517, 39.8488 ], [ -119.4521, 39.8502 ], [ -119.4515, 39.8531 ], [ -119.4496, 39.8561 ], [ -119.447, 39.8583 ], [ -119.4464, 39.8594 ], [ -119.4452, 39.8596 ], [ -119.4408, 39.8645 ], [ -119.4369, 39.8672 ], [ -119.4361, 39.8689 ], [ -119.4348, 39.8746 ], [ -119.4328, 39.8778 ], [ -119.4291, 39.8809 ], [ -119.4252, 39.8836 ], [ -119.4165, 39.8881 ], [ -119.4127, 39.8908 ], [ -119.4113, 39.8955 ], [ -119.4121, 39.8975 ], [ -119.4122, 39.9011 ], [ -119.4144, 39.9043 ], [ -119.4184, 39.9081 ], [ -119.4247, 39.9124 ], [ -119.4361, 39.9184 ], [ -119.4413, 39.922 ], [ -119.447, 39.9253 ], [ -119.452, 39.928 ], [ -119.4574, 39.9303 ], [ -119.4656, 39.9352 ], [ -119.4709, 39.9396 ], [ -119.4802, 39.946 ], [ -119.4846, 39.9478 ], [ -119.4907, 39.9518 ], [ -119.498, 39.9459 ], [ -119.5127, 39.9399 ], [ -119.5257, 39.9469 ], [ -119.5245, 39.9567 ], [ -119.5192, 39.9668 ], [ -119.5037, 39.9637 ], [ -119.4973, 39.964 ], [ -119.4968, 39.9671 ], [ -119.4948, 39.9703 ], [ -119.4967, 39.9722 ], [ -119.4984, 39.9773 ], [ -119.5038, 39.9783 ], [ -119.5045, 39.9799 ], [ -119.5044, 39.9814 ], [ -119.5018, 39.9816 ], [ -119.4998, 39.9811 ], [ -119.4998, 39.9829 ], [ -119.5035, 39.9854 ], [ -119.5026, 39.9871 ], [ -119.5035, 39.9923 ], [ -119.5023, 39.9977 ], [ -119.5017, 39.9987 ], [ -119.4998, 39.9991 ], [ -119.4968, 40.001 ], [ -119.4948, 40.0037 ], [ -119.4949, 40.0057 ], [ -119.4968, 40.0066 ], [ -119.4968, 40.0091 ], [ -119.4961, 40.0096 ], [ -119.4972, 40.011 ], [ -119.4968, 40.0127 ], [ -119.4978, 40.0145 ], [ -119.4972, 40.0198 ], [ -119.4974, 40.0225 ], [ -119.501, 40.0284 ], [ -119.5006, 40.0304 ], [ -119.4972, 40.0346 ], [ -119.4956, 40.0359 ], [ -119.4907, 40.0431 ], [ -119.4882, 40.0458 ], [ -119.4874, 40.0479 ], [ -119.4874, 40.0492 ], [ -119.4886, 40.0513 ], [ -119.4878, 40.0567 ], [ -119.4884, 40.0656 ], [ -119.4891, 40.0696 ], [ -119.4914, 40.0727 ], [ -119.4906, 40.0747 ], [ -119.4917, 40.0778 ], [ -119.4928, 40.0804 ], [ -119.4949, 40.0832 ], [ -119.4992, 40.0877 ], [ -119.4997, 40.0899 ], [ -119.5064, 40.0974 ], [ -119.5066, 40.0998 ], [ -119.5061, 40.1048 ], [ -119.5077, 40.1068 ], [ -119.5077, 40.1127 ], [ -119.5087, 40.1155 ], [ -119.5089, 40.1186 ], [ -119.5111, 40.1247 ], [ -119.5111, 40.1276 ], [ -119.5096, 40.1313 ], [ -119.5094, 40.1371 ], [ -119.5087, 40.1397 ], [ -119.5089, 40.1408 ], [ -119.5128, 40.1432 ], [ -119.5159, 40.1458 ], [ -119.5191, 40.1526 ], [ -119.5208, 40.1576 ], [ -119.5189, 40.165 ], [ -119.5187, 40.168 ], [ -119.5202, 40.1746 ], [ -119.5225, 40.1783 ], [ -119.5249, 40.1804 ], [ -119.5273, 40.1818 ], [ -119.5317, 40.1834 ], [ -119.5396, 40.1871 ], [ -119.5467, 40.1895 ], [ -119.5588, 40.191 ], [ -119.5658, 40.191 ], [ -119.5789, 40.1918 ], [ -119.5843, 40.1934 ], [ -119.5888, 40.1952 ], [ -119.5929, 40.1954 ], [ -119.5981, 40.195 ], [ -119.6087, 40.1915 ], [ -119.6143, 40.1888 ], [ -119.6208, 40.1863 ], [ -119.633, 40.1831 ], [ -119.6352, 40.1827 ], [ -119.6376, 40.1834 ], [ -119.6426, 40.1828 ], [ -119.6458, 40.1801 ], [ -119.6598, 40.1709 ], [ -119.6618, 40.1682 ], [ -119.6661, 40.1639 ], [ -119.6676, 40.1588 ], [ -119.6723, 40.1472 ], [ -119.6719, 40.1438 ], [ -119.6702, 40.1415 ], [ -119.6704, 40.1387 ], [ -119.6727, 40.139 ], [ -119.6749, 40.1405 ], [ -119.6784, 40.1395 ], [ -119.6838, 40.1387 ], [ -119.6836, 40.1367 ], [ -119.6805, 40.1298 ], [ -119.6803, 40.1263 ], [ -119.6831, 40.1261 ], [ -119.6857, 40.131 ], [ -119.6866, 40.1381 ], [ -119.6887, 40.1391 ], [ -119.6896, 40.1381 ], [ -119.692, 40.1327 ], [ -119.6954, 40.1293 ], [ -119.6967, 40.1264 ], [ -119.6973, 40.1166 ], [ -119.6982, 40.114 ], [ -119.698, 40.111 ], [ -119.6973, 40.1083 ] ] ] } },
{ "type": "Feature", "properties": { "GEOIDFQ": "1400000US32031990100", "NAME": "9901", "NAMELSAD": "Census Tract 9901" }, "geometry": { "type": "Polygon", "coordinates": [ [ [ -119.6973, 40.1166 ], [ -119.6967, 40.1264 ], [ -119.6954, 40.1293 ], [ -119.692, 40.1327 ], [ -119.6896, 40.1381 ], [ -119.6887, 40.1391 ], [ -119.6866, 40.1381 ], [ -119.6857, 40.131 ], [ -119.6831, 40.1261 ], [ -119.6803, 40.1263 ], [ -119.6805, 40.1298 ], [ -119.6836, 40.1367 ], [ -119.6838, 40.1387 ], [ -119.6784, 40.1395 ], [ -119.6749, 40.1405 ], [ -119.6727, 40.139 ], [ -119.6704, 40.1387 ], [ -119.6702, 40.1415 ], [ -119.6719, 40.1438 ], [ -119.6723, 40.1472 ], [ -119.6676, 40.1588 ], [ -119.6661, 40.1639 ], [ -119.6618, 40.1682 ], [ -119.6598, 40.1709 ], [ -119.6458, 40.1801 ], [ -119.6426, 40.1828 ], [ -119.6376, 40.1834 ], [ -119.6352, 40.1827 ], [ -119.633, 40.1831 ], [ -119.6208, 40.1863 ], [ -119.6143, 40.1888 ], [ -119.6087, 40.1915 ], [ -119.5981, 40.195 ], [ -119.5929, 40.1954 ], [ -119.5888, 40.1952 ], [ -119.5843, 40.1934 ], [ -119.5789, 40.1918 ], [ -119.5658, 40.191 ], [ -119.5588, 40.191 ], [ -119.5467, 40.1895 ], [ -119.5396, 40.1871 ], [ -119.5317, 40.1834 ], [ -119.5273, 40.1818 ], [ -119.5249, 40.1804 ], [ -119.5225, 40.1783 ], [ -119.5202, 40.1746 ], [ -119.5187, 40.168 ], [ -119.5189, 40.165 ], [ -119.5208, 40.1576 ], [ -119.5191, 40.1526 ], [ -119.5159, 40.1458 ], [ -119.5128, 40.1432 ], [ -119.5089, 40.1408 ], [ -119.5087, 40.1397 ], [ -119.5094, 40.1371 ], [ -119.5096, 40.1313 ], [ -119.5111, 40.1276 ], [ -119.5111, 40.1247 ], [ -119.5089, 40.1186 ], [ -119.5087, 40.1155 ], [ -119.5077, 40.1127 ], [ -119.5077, 40.1068 ], [ -119.5061, 40.1048 ], [ -119.5066, 40.0998 ], [ -119.5064, 40.0974 ], [ -119.4997, 40.0899 ], [ -119.4992, 40.0877 ], [ -119.4949, 40.0832 ], [ -119.4928, 40.0804 ], [ -119.4917, 40.0778 ], [ -119.4906, 40.0747 ], [ -119.4914, 40.0727 ], [ -119.4891, 40.0696 ], [ -119.4884, 40.0656 ], [ -119.4878, 40.0567 ], [ -119.4886, 40.0513 ], [ -119.4874, 40.0492 ], [ -119.4874, 40.0479 ], [ -119.4882, 40.0458 ], [ -119.4907, 40.0431 ], [ -119.4956, 40.0359 ], [ -119.4972, 40.0346 ], [ -119.5006, 40.0304 ], [ -119.501, 40.0284 ], [ -119.4974, 40.0225 ], [ -119.4972, 40.0198 ], [ -119.4978, 40.0145 ], [ -119.4968, 40.0127 ], [ -119.4972, 40.011 ], [ -119.4961, 40.0096 ], [ -119.4968, 40.0091 ], [ -119.4968, 40.0066 ], [ -119.4949, 40.0057 ], [ -119.4948, 40.0037 ], [ -119.4968, 40.001 ], [ -119.4998, 39.9991 ], [ -119.5017, 39.9987 ], [ -119.5023, 39.9977 ], [ -119.5035, 39.9923 ], [ -119.5026, 39.9871 ], [ -119.5035, 39.9854 ], [ -119.4998, 39.9829 ], [ -119.4998, 39.9811 ], [ -119.5018, 39.9816 ], [ -119.5044, 39.9814 ], [ -119.5045, 39.9799 ], [ -119.5038, 39.9783 ], [ -119.4984, 39.9773 ], [ -119.4967, 39.9722 ], [ -119.4948, 39.9703 ], [ -119.4968, 39.9671 ], [ -119.4973, 39.964 ], [ -119.5037, 39.9637 ], [ -119.5192, 39.9668 ], [ -119.5245, 39.9567 ], [ -119.5257, 39.9469 ], [ -119.5127, 39.9399 ], [ -119.498, 39.9459 ], [ -119.4907, 39.9518 ], [ -119.4846, 39.9478 ], [ -119.4802, 39.946 ], [ -119.4709, 39.9396 ], [ -119.4656, 39.9352 ], [ -119.4574, 39.9303 ], [ -119.452, 39.928 ], [ -119.447, 39.9253 ], [ -119.4413, 39.922 ], [ -119.4361, 39.9184 ], [ -119.4247, 39.9124 ], [ -119.4184, 39.9081 ], [ -119.4144, 39.9043 ], [ -119.4122, 39.9011 ], [ -119.4121, 39.8975 ], [ -119.4113, 39.8955 ], [ -119.4127, 39.8908 ], [ -119.4165, 39.8881 ], [ -119.4252, 39.8836 ], [ -119.4291, 39.8809 ], [ -119.4328, 39.8778 ], [ -119.4348, 39.8746 ], [ -119.4361, 39.8689 ], [ -119.4369, 39.8672 ], [ -119.4408, 39.8645 ], [ -119.4452, 39.8596 ], [ -119.4464, 39.8594 ], [ -119.447, 39.8583 ], [ -119.4496, 39.8561 ], [ -119.4515, 39.8531 ], [ -119.4521, 39.8502 ], [ -119.4517, 39.8488 ], [ -119.455, 39.8497 ], [ -119.4562, 39.8517 ], [ -119.4597, 39.8544 ], [ -119.4629, 39.8554 ], [ -119.4662, 39.8553 ], [ -119.4689, 39.8556 ], [ -119.4714, 39.8568 ], [ -119.4719, 39.8585 ], [ -119.474, 39.8603 ], [ -119.4786, 39.8653 ], [ -119.4894, 39.8747 ], [ -119.4911, 39.8769 ], [ -119.4947, 39.8782 ], [ -119.5002, 39.879 ], [ -119.5017, 39.8809 ], [ -119.5109, 39.8872 ], [ -119.5124, 39.8885 ], [ -119.5129, 39.8909 ], [ -119.5141, 39.8923 ], [ -119.5183, 39.895 ], [ -119.5197, 39.8971 ], [ -119.522, 39.8979 ], [ -119.5241, 39.9016 ], [ -119.5281, 39.905 ], [ -119.5287, 39.9068 ], [ -119.5287, 39.909 ], [ -119.5297, 39.9104 ], [ -119.5388, 39.9142 ], [ -119.5406, 39.9157 ], [ -119.5421, 39.9176 ], [ -119.5452, 39.919 ], [ -119.5485, 39.9191 ], [ -119.5516, 39.9203 ], [ -119.5594, 39.9219 ], [ -119.5625, 39.923 ], [ -119.5652, 39.9246 ], [ -119.567, 39.9252 ], [ -119.5686, 39.9253 ], [ -119.5719, 39.9264 ], [ -119.5741, 39.9309 ], [ -119.5753, 39.932 ], [ -119.5803, 39.9334 ], [ -119.5837, 39.9352 ], [ -119.5856, 39.9369 ], [ -119.5883, 39.9425 ], [ -119.5936, 39.9508 ], [ -119.594, 39.9528 ], [ -119.596, 39.9536 ], [ -119.5969, 39.955 ], [ -119.5985, 39.956 ], [ -119.601, 39.9569 ], [ -119.602, 39.9584 ], [ -119.6017, 39.9614 ], [ -119.6078, 39.9633 ], [ -119.6099, 39.9648 ], [ -119.6113, 39.9677 ], [ -119.6116, 39.97 ], [ -119.6128, 39.9714 ], [ -119.6126, 39.9758 ], [ -119.6139, 39.9772 ], [ -119.6141, 39.9787 ], [ -119.618, 39.9834 ], [ -119.6175, 39.9858 ], [ -119.6123, 39.9906 ], [ -119.6123, 39.9921 ], [ -119.6141, 39.9945 ], [ -119.6231, 39.9973 ], [ -119.6219, 39.9993 ], [ -119.6212, 40.0047 ], [ -119.6227, 40.0065 ], [ -119.6242, 40.0099 ], [ -119.624, 40.0119 ], [ -119.6229, 40.0151 ], [ -119.6242, 40.0169 ], [ -119.6271, 40.0199 ], [ -119.6301, 40.0201 ], [ -119.6325, 40.0211 ], [ -119.6333, 40.0218 ], [ -119.6325, 40.0253 ], [ -119.6333, 40.0263 ], [ -119.6353, 40.0264 ], [ -119.6396, 40.0287 ], [ -119.6407, 40.0311 ], [ -119.642, 40.0321 ], [ -119.6463, 40.0321 ], [ -119.6478, 40.0332 ], [ -119.6491, 40.0395 ], [ -119.651, 40.0412 ], [ -119.6521, 40.0463 ], [ -119.6532, 40.0466 ], [ -119.6549, 40.0459 ], [ -119.656, 40.0446 ], [ -119.6638, 40.0461 ], [ -119.672, 40.0496 ], [ -119.6772, 40.0552 ], [ -119.6792, 40.0566 ], [ -119.6791, 40.0619 ], [ -119.6798, 40.0647 ], [ -119.6813, 40.0672 ], [ -119.6839, 40.0694 ], [ -119.6878, 40.0709 ], [ -119.6882, 40.079 ], [ -119.6867, 40.0831 ], [ -119.6865, 40.0874 ], [ -119.6865, 40.0905 ], [ -119.6874, 40.0939 ], [ -119.6889, 40.0969 ], [ -119.6939, 40.1028 ], [ -119.6973, 40.1083 ], [ -119.698, 40.111 ], [ -119.6982, 40.114 ], [ -119.6973, 40.1166 ] ] ] } },
{ "type": "Feature", "properties": { "GEOIDFQ": "1400000US32003001608", "NAME": "16.08", "NAMELSAD": "Census Tract 16.08" }, "geometry": { "type": "Polygon", "coordinates": [ [ [ -115.0922, 36.1444 ], [ -115.0921, 36.1463 ], [ -115.0911, 36.1461 ], [ -115.0886, 36.1444 ], [ -115.0829, 36.1443 ], [ -115.083, 36.1314 ], [ -115.0837, 36.1303 ], [ -115.0998, 36.1444 ], [ -115.0922, 36.1444 ] ] ] } },
{ "type": "Feature", "properties": { "GEOIDFQ": "1400000US32003001609", "NAME": "16.09", "NAMELSAD": "Census Tract 16.09" }, "geometry": { "type": "Polygon", "coordinates": [ [ [ -115.0802, 36.159 ], [ -115.0807, 36.1568 ], [ -115.0825, 36.1544 ], [ -115.0831, 36.1528 ], [ -115.0829, 36.1443 ], [ -115.0886, 36.1444 ], [ -115.0914, 36.1462 ], [ -115.0917, 36.1589 ], [ -115.0802, 36.159 ] ] ] } },
{ "type": "Feature", "properties": { "GEOIDFQ": "1400000US32003003615", "NAME": "36.15", "NAMELSAD": "Census Tract 36.15" }, "geometry": { "type": "Polygon", "coordinates": [ [ [ -115.1169, 36.2469 ], [ -115.1167, 36.2322 ], [ -115.1339, 36.2323 ], [ -115.1347, 36.2469 ], [ -115.1169, 36.2469 ] ] ] } },
{ "type": "Feature", "properties": { "GEOIDFQ": "1400000US32003003700", "NAME": "37", "NAMELSAD": "Census Tract 37" }, "geometry": { "type": "Polygon", "coordinates": [ [ [ -115.1431, 36.218 ], [ -115.1241, 36.2177 ], [ -115.1362, 36.2008 ], [ -115.1401, 36.1934 ], [ -115.1434, 36.1884 ], [ -115.1428, 36.1957 ], [ -115.1519, 36.1957 ], [ -115.152, 36.2177 ], [ -115.1431, 36.218 ] ] ] } },
{ "type": "Feature", "properties": { "GEOIDFQ": "1400000US32003000700", "NAME": "7", "NAMELSAD": "Census Tract 7" }, "geometry": { "type": "Polygon", "coordinates": [ [ [ -115.1442, 36.1773 ], [ -115.1429, 36.1772 ], [ -115.1348, 36.174 ], [ -115.1369, 36.1706 ], [ -115.13, 36.1677 ], [ -115.1323, 36.1641 ], [ -115.1403, 36.1676 ], [ -115.1426, 36.1641 ], [ -115.1494, 36.167 ], [ -115.1502, 36.1659 ], [ -115.1514, 36.1664 ], [ -115.1442, 36.1773 ] ] ] } },
{ "type": "Feature", "properties": { "GEOIDFQ": "1400000US32003003800", "NAME": "38", "NAMELSAD": "Census Tract 38" }, "geometry": { "type": "Polygon", "coordinates": [ [ [ -115.1401, 36.1934 ], [ -115.1366, 36.2001 ], [ -115.1343, 36.2034 ], [ -115.1209, 36.2031 ], [ -115.119, 36.2005 ], [ -115.1184, 36.1985 ], [ -115.1167, 36.1971 ], [ -115.1163, 36.1958 ], [ -115.1207, 36.1958 ], [ -115.1207, 36.194 ], [ -115.1221, 36.194 ], [ -115.1229, 36.194 ], [ -115.1229, 36.1943 ], [ -115.1251, 36.1943 ], [ -115.1251, 36.1958 ], [ -115.1276, 36.1958 ], [ -115.1312, 36.1921 ], [ -115.1306, 36.1921 ], [ -115.1306, 36.1885 ], [ -115.1434, 36.1884 ], [ -115.1401, 36.1934 ] ] ] } },
{ "type": "Feature", "properties": { "GEOIDFQ": "1400000US32003004000", "NAME": "40", "NAMELSAD": "Census Tract 40" }, "geometry": { "type": "Polygon", "coordinates": [ [ [ -115.1276, 36.1958 ], [ -115.1251, 36.1958 ], [ -115.1251, 36.1943 ], [ -115.1229, 36.1943 ], [ -115.1229, 36.194 ], [ -115.1221, 36.194 ], [ -115.1207, 36.194 ], [ -115.1207, 36.1958 ], [ -115.1163, 36.1958 ], [ -115.1161, 36.1885 ], [ -115.1206, 36.1885 ], [ -115.1206, 36.1848 ], [ -115.125, 36.1848 ], [ -115.1251, 36.1884 ], [ -115.1306, 36.1885 ], [ -115.1306, 36.1921 ], [ -115.1312, 36.1921 ], [ -115.1276, 36.1958 ] ] ] } },
{ "type": "Feature", "properties": { "GEOIDFQ": "1400000US32003001610", "NAME": "16.10", "NAMELSAD": "Census Tract 16.10" }, "geometry": { "type": "Polygon", "coordinates": [ [ [ -115.0826, 36.1542 ], [ -115.0806, 36.157 ], [ -115.0802, 36.159 ], [ -115.0745, 36.159 ], [ -115.0742, 36.1443 ], [ -115.0829, 36.1443 ], [ -115.0832, 36.1522 ], [ -115.0826, 36.1542 ] ] ] } },
{ "type": "Feature", "properties": { "GEOIDFQ": "1400000US32003004710", "NAME": "47.10", "NAMELSAD": "Census Tract 47.10" }, "geometry": { "type": "Polygon", "coordinates": [ [ [ -115.0801, 36.1956 ], [ -115.0799, 36.1885 ], [ -115.0983, 36.1881 ], [ -115.0984, 36.1958 ], [ -115.0801, 36.1956 ] ] ] } },
{ "type": "Feature", "properties": { "GEOIDFQ": "1400000US32003004712", "NAME": "47.12", "NAMELSAD": "Census Tract 47.12" }, "geometry": { "type": "Polygon", "coordinates": [ [ [ -115.0667, 36.2334 ], [ -115.0622, 36.236 ], [ -115.0622, 36.2183 ], [ -115.0714, 36.2177 ], [ -115.0801, 36.2177 ], [ -115.0801, 36.2255 ], [ -115.0667, 36.2334 ] ] ] } },
{ "type": "Feature", "properties": { "GEOIDFQ": "1400000US32003004713", "NAME": "47.13", "NAMELSAD": "Census Tract 47.13" }, "geometry": { "type": "Polygon", "coordinates": [ [ [ -115.0985, 36.2147 ], [ -115.0801, 36.2255 ], [ -115.0802, 36.2103 ], [ -115.0985, 36.2103 ], [ -115.0985, 36.2147 ] ] ] } },
{ "type": "Feature", "properties": { "GEOIDFQ": "1400000US32003004714", "NAME": "47.14", "NAMELSAD": "Census Tract 47.14" }, "geometry": { "type": "Polygon", "coordinates": [ [ [ -115.0895, 36.2325 ], [ -115.0894, 36.2214 ], [ -115.0889, 36.2204 ], [ -115.0985, 36.2147 ], [ -115.0987, 36.2324 ], [ -115.0895, 36.2325 ] ] ] } },
{ "type": "Feature", "properties": { "GEOIDFQ": "1400000US32003004715", "NAME": "47.15", "NAMELSAD": "Census Tract 47.15" }, "geometry": { "type": "Polygon", "coordinates": [ [ [ -115.0974, 36.2391 ], [ -115.0973, 36.2403 ], [ -115.08, 36.2405 ], [ -115.0802, 36.2327 ], [ -115.0987, 36.2324 ], [ -115.0987, 36.237 ], [ -115.0974, 36.2391 ] ] ] } },
{ "type": "Feature", "properties": { "GEOIDFQ": "1400000US32003004716", "NAME": "47.16", "NAMELSAD": "Census Tract 47.16" }, "geometry": { "type": "Polygon", "coordinates": [ [ [ -115.0802, 36.2327 ], [ -115.0801, 36.2255 ], [ -115.0889, 36.2204 ], [ -115.0894, 36.2214 ], [ -115.0895, 36.2325 ], [ -115.0802, 36.2327 ] ] ] } },
{ "type": "Feature", "properties": { "GEOIDFQ": "1400000US32003004717", "NAME": "47.17", "NAMELSAD": "Census Tract 47.17" }, "geometry": { "type": "Polygon", "coordinates": [ [ [ -115.0802, 36.2103 ], [ -115.0802, 36.2031 ], [ -115.0984, 36.2032 ], [ -115.0985, 36.2103 ], [ -115.0802, 36.2103 ] ] ] } },
{ "type": "Feature", "properties": { "GEOIDFQ": "1400000US32003001006", "NAME": "10.06", "NAMELSAD": "Census Tract 10.06" }, "geometry": { "type": "Polygon", "coordinates": [ [ [ -115.1907, 36.1516 ], [ -115.1863, 36.1516 ], [ -115.1862, 36.159 ], [ -115.1728, 36.1589 ], [ -115.1731, 36.1444 ], [ -115.1908, 36.1446 ], [ -115.1907, 36.1516 ] ] ] } },
{ "type": "Feature", "properties": { "GEOIDFQ": "1400000US32003001100", "NAME": "11", "NAMELSAD": "Census Tract 11" }, "geometry": { "type": "Polygon", "coordinates": [ [ [ -115.1563, 36.1589 ], [ -115.1474, 36.1589 ], [ -115.1512, 36.1536 ], [ -115.1573, 36.1437 ], [ -115.1661, 36.1441 ], [ -115.1563, 36.1589 ] ] ] } },
{ "type": "Feature", "properties": { "GEOIDFQ": "1400000US32003001200", "NAME": "12", "NAMELSAD": "Census Tract 12" }, "geometry": { "type": "Polygon", "coordinates": [ [ [ -115.1512, 36.1536 ], [ -115.1474, 36.1589 ], [ -115.1409, 36.1588 ], [ -115.141, 36.1551 ], [ -115.1405, 36.1551 ], [ -115.1405, 36.1537 ], [ -115.1415, 36.1537 ], [ -115.1416, 36.1478 ], [ -115.137, 36.1479 ], [ -115.137, 36.1443 ], [ -115.1548, 36.1437 ], [ -115.1572, 36.1439 ], [ -115.1512, 36.1536 ] ] ] } },
{ "type": "Feature", "properties": { "GEOIDFQ": "1400000US32003001300", "NAME": "13", "NAMELSAD": "Census Tract 13" }, "geometry": { "type": "Polygon", "coordinates": [ [ [ -115.1415, 36.1537 ], [ -115.1405, 36.1537 ], [ -115.1405, 36.1551 ], [ -115.141, 36.1551 ], [ -115.1409, 36.1588 ], [ -115.1287, 36.1589 ], [ -115.1287, 36.1573 ], [ -115.1278, 36.1573 ], [ -115.1276, 36.1444 ], [ -115.137, 36.1443 ], [ -115.137, 36.1479 ], [ -115.1416, 36.1478 ], [ -115.1415, 36.1537 ] ] ] } },
{ "type": "Feature", "properties": { "GEOIDFQ": "1400000US32003004100", "NAME": "41", "NAMELSAD": "Census Tract 41" }, "geometry": { "type": "Polygon", "coordinates": [ [ [ -115.0984, 36.1958 ], [ -115.0983, 36.1881 ], [ -115.1161, 36.1885 ], [ -115.1163, 36.1958 ], [ -115.0984, 36.1958 ] ] ] } },
{ "type": "Feature", "properties": { "GEOIDFQ": "1400000US32003004200", "NAME": "42", "NAMELSAD": "Census Tract 42" }, "geometry": { "type": "Polygon", "coordinates": [ [ [ -115.0985, 36.2147 ], [ -115.0984, 36.1958 ], [ -115.1068, 36.1959 ], [ -115.1068, 36.2077 ], [ -115.1076, 36.2094 ], [ -115.0985, 36.2147 ] ] ] } },
{ "type": "Feature", "properties": { "GEOIDFQ": "1400000US32003004910", "NAME": "49.10", "NAMELSAD": "Census Tract 49.10" }, "geometry": { "type": "Polygon", "coordinates": [ [ [ -115.0446, 36.1594 ], [ -115.0445, 36.1585 ], [ -115.0431, 36.1563 ], [ -115.043, 36.1446 ], [ -115.0473, 36.1446 ], [ -115.0474, 36.1594 ], [ -115.0446, 36.1594 ] ] ] } },
{ "type": "Feature", "properties": { "GEOIDFQ": "1400000US32003004911", "NAME": "49.11", "NAMELSAD": "Census Tract 49.11" }, "geometry": { "type": "Polygon", "coordinates": [ [ [ -115.0655, 36.1423 ], [ -115.0606, 36.1421 ], [ -115.0569, 36.1425 ], [ -115.0499, 36.1397 ], [ -115.0488, 36.14 ], [ -115.0507, 36.1406 ], [ -115.0527, 36.1419 ], [ -115.053, 36.1428 ], [ -115.053, 36.1459 ], [ -115.05, 36.1447 ], [ -115.0473, 36.1446 ], [ -115.0474, 36.1372 ], [ -115.0654, 36.137 ], [ -115.0655, 36.1423 ] ] ] } },
{ "type": "Feature", "properties": { "GEOIDFQ": "1400000US32003004912", "NAME": "49.12", "NAMELSAD": "Census Tract 49.12" }, "geometry": { "type": "Polygon", "coordinates": [ [ [ -115.0623, 36.1591 ], [ -115.0474, 36.1594 ], [ -115.0473, 36.1446 ], [ -115.05, 36.1447 ], [ -115.053, 36.1459 ], [ -115.0532, 36.1489 ], [ -115.0559, 36.1524 ], [ -115.0584, 36.1542 ], [ -115.062, 36.1554 ], [ -115.0628, 36.156 ], [ -115.0623, 36.1591 ] ] ] } },
{ "type": "Feature", "properties": { "GEOIDFQ": "1400000US32003000510", "NAME": "5.10", "NAMELSAD": "Census Tract 5.10" }, "geometry": { "type": "Polygon", "coordinates": [ [ [ -115.125, 36.1848 ], [ -115.1206, 36.1848 ], [ -115.1206, 36.1885 ], [ -115.1161, 36.1885 ], [ -115.1162, 36.1739 ], [ -115.1251, 36.174 ], [ -115.125, 36.1848 ] ] ] } },
{ "type": "Feature", "properties": { "GEOIDFQ": "1400000US32003000103", "NAME": "1.03", "NAMELSAD": "Census Tract 1.03" }, "geometry": { "type": "Polygon", "coordinates": [ [ [ -115.2238, 36.1664 ], [ -115.2239, 36.1593 ], [ -115.2419, 36.1592 ], [ -115.2421, 36.1664 ], [ -115.2238, 36.1664 ] ] ] } },
{ "type": "Feature", "properties": { "GEOIDFQ": "1400000US32003005335", "NAME": "53.35", "NAMELSAD": "Census Tract 53.35" }, "geometry": { "type": "Polygon", "coordinates": [ [ [ -114.9959, 36.0287 ], [ -114.9835, 36.0259 ], [ -114.9736, 36.0221 ], [ -114.9644, 36.0157 ], [ -114.961, 36.0127 ], [ -114.988, 36.0125 ], [ -114.9901, 36.0118 ], [ -114.9922, 36.0144 ], [ -115.0088, 36.0283 ], [ -114.9959, 36.0287 ] ] ] } },
{ "type": "Feature", "properties": { "GEOIDFQ": "1400000US32003005422", "NAME": "54.22", "NAMELSAD": "Census Tract 54.22" }, "geometry": { "type": "Polygon", "coordinates": [ [ [ -114.9761, 36.0444 ], [ -114.9735, 36.0472 ], [ -114.9711, 36.0507 ], [ -114.9697, 36.0502 ], [ -114.9624, 36.0502 ], [ -114.96, 36.049 ], [ -114.9591, 36.0489 ], [ -114.9591, 36.0432 ], [ -114.9634, 36.0433 ], [ -114.963, 36.0439 ], [ -114.9631, 36.0452 ], [ -114.9672, 36.0451 ], [ -114.9673, 36.0368 ], [ -114.9712, 36.0301 ], [ -114.982, 36.0397 ], [ -114.9761, 36.0444 ] ] ] } },
{ "type": "Feature", "properties": { "GEOIDFQ": "1400000US32003005423", "NAME": "54.23", "NAMELSAD": "Census Tract 54.23" }, "geometry": { "type": "Polygon", "coordinates": [ [ [ -114.9673, 36.0368 ], [ -114.9672, 36.0451 ], [ -114.9631, 36.0452 ], [ -114.963, 36.0439 ], [ -114.9634, 36.0433 ], [ -114.9591, 36.0432 ], [ -114.9592, 36.0194 ], [ -114.9711, 36.0303 ], [ -114.9673, 36.0368 ] ] ] } },
{ "type": "Feature", "properties": { "GEOIDFQ": "1400000US32003005432", "NAME": "54.32", "NAMELSAD": "Census Tract 54.32" }, "geometry": { "type": "Polygon", "coordinates": [ [ [ -114.9591, 36.0272 ], [ -114.9411, 36.0272 ], [ -114.9409, 36.0127 ], [ -114.9466, 36.0127 ], [ -114.9496, 36.0109 ], [ -114.9592, 36.0194 ], [ -114.9591, 36.0272 ] ] ] } },
{ "type": "Feature", "properties": { "GEOIDFQ": "1400000US32003000514", "NAME": "5.14", "NAMELSAD": "Census Tract 5.14" }, "geometry": { "type": "Polygon", "coordinates": [ [ [ -115.1072, 36.1811 ], [ -115.0804, 36.1809 ], [ -115.0804, 36.1735 ], [ -115.1058, 36.1737 ], [ -115.1059, 36.1773 ], [ -115.1073, 36.1802 ], [ -115.1072, 36.1811 ] ] ] } },
{ "type": "Feature", "properties": { "GEOIDFQ": "1400000US32003005804", "NAME": "58.04", "NAMELSAD": "Census Tract 58.04" }, "geometry": { "type": "Polygon", "coordinates": [ [ [ -115.3072, 36.153 ], [ -115.3059, 36.154 ], [ -115.3041, 36.1544 ], [ -115.3023, 36.1545 ], [ -115.3031, 36.159 ], [ -115.2914, 36.159 ], [ -115.2918, 36.1553 ], [ -115.2975, 36.148 ], [ -115.2976, 36.1444 ], [ -115.3067, 36.1444 ], [ -115.3069, 36.1483 ], [ -115.3077, 36.1516 ], [ -115.3072, 36.153 ] ] ] } },
{ "type": "Feature", "properties": { "GEOIDFQ": "1400000US32003000515", "NAME": "5.15", "NAMELSAD": "Census Tract 5.15" }, "geometry": { "type": "Polygon", "coordinates": [ [ [ -115.0804, 36.1809 ], [ -115.0622, 36.1814 ], [ -115.0622, 36.1741 ], [ -115.0804, 36.1736 ], [ -115.0804, 36.1809 ] ] ] } },
{ "type": "Feature", "properties": { "GEOIDFQ": "1400000US32003000105", "NAME": "1.05", "NAMELSAD": "Census Tract 1.05" }, "geometry": { "type": "Polygon", "coordinates": [ [ [ -115.2059, 36.1734 ], [ -115.2019, 36.1734 ], [ -115.1925, 36.1761 ], [ -115.1925, 36.1591 ], [ -115.2059, 36.1591 ], [ -115.2059, 36.1734 ] ] ] } },
{ "type": "Feature", "properties": { "GEOIDFQ": "1400000US32003000516", "NAME": "5.16", "NAMELSAD": "Census Tract 5.16" }, "geometry": { "type": "Polygon", "coordinates": [ [ [ -115.0804, 36.1735 ], [ -115.0805, 36.1663 ], [ -115.1055, 36.1663 ], [ -115.1058, 36.1737 ], [ -115.0804, 36.1735 ] ] ] } },
{ "type": "Feature", "properties": { "GEOIDFQ": "1400000US32003005316", "NAME": "53.16", "NAMELSAD": "Census Tract 53.16" }, "geometry": { "type": "Polygon", "coordinates": [ [ [ -115.1182, 36.0423 ], [ -115.1003, 36.0424 ], [ -115.1002, 36.0342 ], [ -115.1051, 36.0341 ], [ -115.1117, 36.035 ], [ -115.1183, 36.0349 ], [ -115.1182, 36.0423 ] ] ] } },
{ "type": "Feature", "properties": { "GEOIDFQ": "1400000US32003005317", "NAME": "53.17", "NAMELSAD": "Census Tract 53.17" }, "geometry": { "type": "Polygon", "coordinates": [ [ [ -115.1003, 36.0424 ], [ -115.0866, 36.0421 ], [ -115.0852, 36.0424 ], [ -115.0835, 36.0435 ], [ -115.0823, 36.0437 ], [ -115.0825, 36.0386 ], [ -115.0857, 36.0326 ], [ -115.0863, 36.0304 ], [ -115.0862, 36.0286 ], [ -115.0849, 36.0244 ], [ -115.093, 36.0234 ], [ -115.093, 36.0259 ], [ -115.0925, 36.0259 ], [ -115.0924, 36.0277 ], [ -115.1005, 36.0278 ], [ -115.1003, 36.0424 ] ] ] } },
{ "type": "Feature", "properties": { "GEOIDFQ": "1400000US32003005313", "NAME": "53.13", "NAMELSAD": "Census Tract 53.13" }, "geometry": { "type": "Polygon", "coordinates": [ [ [ -115.0926, 36.0548 ], [ -115.0825, 36.0525 ], [ -115.0823, 36.0437 ], [ -115.0835, 36.0435 ], [ -115.0852, 36.0424 ], [ -115.0866, 36.0421 ], [ -115.1003, 36.0424 ], [ -115.1003, 36.0553 ], [ -115.0926, 36.0548 ] ] ] } },
{ "type": "Feature", "properties": { "GEOIDFQ": "1400000US32003005314", "NAME": "53.14", "NAMELSAD": "Census Tract 53.14" }, "geometry": { "type": "Polygon", "coordinates": [ [ [ -115.0697, 36.0492 ], [ -115.07, 36.0477 ], [ -115.0687, 36.0451 ], [ -115.0687, 36.0416 ], [ -115.0733, 36.0402 ], [ -115.0806, 36.0419 ], [ -115.0822, 36.0419 ], [ -115.0825, 36.0525 ], [ -115.0697, 36.0492 ] ] ] } },
{ "type": "Feature", "properties": { "GEOIDFQ": "1400000US32003000201", "NAME": "2.01", "NAMELSAD": "Census Tract 2.01" }, "geometry": { "type": "Polygon", "coordinates": [ [ [ -115.1789, 36.1811 ], [ -115.1789, 36.1885 ], [ -115.1608, 36.1885 ], [ -115.1608, 36.1753 ], [ -115.1667, 36.1761 ], [ -115.1744, 36.1754 ], [ -115.1792, 36.1811 ], [ -115.1789, 36.1811 ] ] ] } },
{ "type": "Feature", "properties": { "GEOIDFQ": "1400000US32003000203", "NAME": "2.03", "NAMELSAD": "Census Tract 2.03" }, "geometry": { "type": "Polygon", "coordinates": [ [ [ -115.1667, 36.1761 ], [ -115.1608, 36.1753 ], [ -115.1608, 36.1589 ], [ -115.1728, 36.1589 ], [ -115.1727, 36.1713 ], [ -115.1743, 36.1754 ], [ -115.1667, 36.1761 ] ] ] } },
{ "type": "Feature", "properties": { "GEOIDFQ": "1400000US32003000204", "NAME": "2.04", "NAMELSAD": "Census Tract 2.04" }, "geometry": { "type": "Polygon", "coordinates": [ [ [ -115.1728, 36.1589 ], [ -115.1563, 36.1589 ], [ -115.1661, 36.1441 ], [ -115.1731, 36.1444 ], [ -115.1728, 36.1589 ] ] ] } },
{ "type": "Feature", "properties": { "GEOIDFQ": "1400000US32003000302", "NAME": "3.02", "NAMELSAD": "Census Tract 3.02" }, "geometry": { "type": "Polygon", "coordinates": [ [ [ -115.1698, 36.1957 ], [ -115.1519, 36.1957 ], [ -115.1518, 36.1772 ], [ -115.1608, 36.1771 ], [ -115.1608, 36.1885 ], [ -115.1698, 36.1885 ], [ -115.1698, 36.1957 ] ] ] } },
{ "type": "Feature", "properties": { "GEOIDFQ": "1400000US32031003110", "NAME": "31.10", "NAMELSAD": "Census Tract 31.10" }, "geometry": { "type": "Polygon", "coordinates": [ [ [ -119.7136, 39.5564 ], [ -119.7093, 39.5582 ], [ -119.7055, 39.5583 ], [ -119.7058, 39.5451 ], [ -119.7053, 39.5439 ], [ -119.7037, 39.5419 ], [ -119.7154, 39.542 ], [ -119.7151, 39.5477 ], [ -119.7155, 39.5489 ], [ -119.7237, 39.5546 ], [ -119.7244, 39.5564 ], [ -119.7136, 39.5564 ] ] ] } },
{ "type": "Feature", "properties": { "GEOIDFQ": "1400000US32031002105", "NAME": "21.05", "NAMELSAD": "Census Tract 21.05" }, "geometry": { "type": "Polygon", "coordinates": [ [ [ -119.7546, 39.4949 ], [ -119.7505, 39.4933 ], [ -119.7489, 39.4933 ], [ -119.7471, 39.4939 ], [ -119.7466, 39.4928 ], [ -119.747, 39.4919 ], [ -119.7466, 39.4914 ], [ -119.7455, 39.4908 ], [ -119.745, 39.4899 ], [ -119.7427, 39.4896 ], [ -119.7416, 39.4901 ], [ -119.7409, 39.4914 ], [ -119.7381, 39.4926 ], [ -119.7363, 39.4938 ], [ -119.7331, 39.4945 ], [ -119.7325, 39.4958 ], [ -119.7305, 39.4969 ], [ -119.7281, 39.4957 ], [ -119.727, 39.4958 ], [ -119.7271, 39.4952 ], [ -119.7257, 39.4946 ], [ -119.7262, 39.4939 ], [ -119.7281, 39.4937 ], [ -119.7291, 39.4931 ], [ -119.7344, 39.4917 ], [ -119.7361, 39.4908 ], [ -119.7367, 39.4894 ], [ -119.7373, 39.4889 ], [ -119.7387, 39.4885 ], [ -119.7393, 39.4879 ], [ -119.7393, 39.4869 ], [ -119.7374, 39.4848 ], [ -119.7377, 39.4828 ], [ -119.7452, 39.4817 ], [ -119.7469, 39.4818 ], [ -119.7471, 39.4825 ], [ -119.7484, 39.4829 ], [ -119.748, 39.4845 ], [ -119.748, 39.4892 ], [ -119.7518, 39.4892 ], [ -119.7568, 39.4906 ], [ -119.7546, 39.4949 ] ] ] } },
{ "type": "Feature", "properties": { "GEOIDFQ": "1400000US32031002106", "NAME": "21.06", "NAMELSAD": "Census Tract 21.06" }, "geometry": { "type": "Polygon", "coordinates": [ [ [ -119.7582, 39.4869 ], [ -119.7602, 39.4874 ], [ -119.7568, 39.4906 ], [ -119.7516, 39.4892 ], [ -119.748, 39.4892 ], [ -119.7482, 39.4836 ], [ -119.7499, 39.4809 ], [ -119.7524, 39.4796 ], [ -119.7593, 39.4775 ], [ -119.7628, 39.4769 ], [ -119.7582, 39.4869 ] ] ] } },
{ "type": "Feature", "properties": { "GEOIDFQ": "1400000US32031002204", "NAME": "22.04", "NAMELSAD": "Census Tract 22.04" }, "geometry": { "type": "Polygon", "coordinates": [ [ [ -119.7869, 39.4824 ], [ -119.7857, 39.4858 ], [ -119.7659, 39.4787 ], [ -119.7623, 39.478 ], [ -119.7628, 39.4769 ], [ -119.7645, 39.4769 ], [ -119.7652, 39.4739 ], [ -119.7741, 39.4591 ], [ -119.7757, 39.4576 ], [ -119.7779, 39.4566 ], [ -119.7791, 39.4563 ], [ -119.7892, 39.4769 ], [ -119.7899, 39.4784 ], [ -119.7869, 39.4824 ] ] ] } },
{ "type": "Feature", "properties": { "GEOIDFQ": "1400000US32003003219", "NAME": "32.19", "NAMELSAD": "Census Tract 32.19" }, "geometry": { "type": "Polygon", "coordinates": [ [ [ -115.2872, 36.1928 ], [ -115.2863, 36.195 ], [ -115.285, 36.1969 ], [ -115.2823, 36.1998 ], [ -115.2787, 36.1978 ], [ -115.2755, 36.1969 ], [ -115.2726, 36.1968 ], [ -115.2668, 36.1972 ], [ -115.2603, 36.1961 ], [ -115.2601, 36.1888 ], [ -115.2876, 36.1886 ], [ -115.2872, 36.1928 ] ] ] } },
{ "type": "Feature", "properties": { "GEOIDFQ": "1400000US32007951700", "NAME": "9517", "NAMELSAD": "Census Tract 9517" }, "geometry": { "type": "Polygon", "coordinates": [ [ [ -117.0181, 41.8761 ], [ -117.0185, 41.9173 ], [ -117.0182, 41.9997 ], [ -117.0081, 41.9987 ], [ -116.8814, 41.9988 ], [ -116.6257, 41.9976 ], [ -116.4982, 41.9974 ], [ -116.4388, 41.9966 ], [ -116.414, 41.9967 ], [ -116.3685, 41.9963 ], [ -116.3393, 41.9972 ], [ -116.3145, 41.9971 ], [ -116.244, 41.9977 ], [ -116.1894, 41.9977 ], [ -116.0666, 41.9975 ], [ -116.0454, 41.9963 ], [ -115.9505, 41.9964 ], [ -115.8903, 41.9972 ], [ -115.8461, 41.9968 ], [ -115.5046, 41.9969 ], [ -115.3577, 41.9963 ], [ -115.0694, 41.9961 ], [ -115.033, 41.9962 ], [ -115.0146, 41.9966 ], [ -114.9935, 41.9976 ], [ -114.9736, 41.9975 ], [ -114.9362, 41.999 ], [ -114.892, 42.0001 ], [ -114.8563, 42.0017 ], [ -114.8235, 42.0018 ], [ -114.7017, 41.9976 ], [ -114.6403, 41.9962 ], [ -114.5983, 41.9946 ], [ -114.5489, 41.9942 ], [ -114.5009, 41.9946 ], [ -114.3497, 41.9945 ], [ -114.0415, 41.9939 ], [ -114.0414, 41.9777 ], [ -114.0402, 41.9488 ], [ -114.0404, 41.9326 ], [ -114.04, 41.9039 ], [ -114.0404, 41.848 ], [ -114.0399, 41.8336 ], [ -114.0402, 41.7752 ], [ -114.0395, 41.7189 ], [ -114.0398, 41.7012 ], [ -114.04, 41.6149 ], [ -114.0416, 41.6142 ], [ -114.0427, 41.6146 ], [ -114.0462, 41.6147 ], [ -114.0479, 41.6152 ], [ -114.05, 41.6165 ], [ -114.0507, 41.6177 ], [ -114.0515, 41.6181 ], [ -114.0518, 41.6174 ], [ -114.0547, 41.6194 ], [ -114.058, 41.6207 ], [ -114.0624, 41.6215 ], [ -114.065, 41.6225 ], [ -114.0718, 41.6227 ], [ -114.0783, 41.624 ], [ -114.079, 41.6265 ], [ -114.0805, 41.6287 ], [ -114.0849, 41.6312 ], [ -114.0861, 41.6327 ], [ -114.0865, 41.6342 ], [ -114.0862, 41.6365 ], [ -114.0868, 41.6374 ], [ -114.0952, 41.6435 ], [ -114.0966, 41.6455 ], [ -114.099, 41.6464 ], [ -114.102, 41.6466 ], [ -114.1047, 41.6475 ], [ -114.1144, 41.6497 ], [ -114.1211, 41.6495 ], [ -114.1278, 41.6508 ], [ -114.1279, 41.65 ], [ -114.1287, 41.6489 ], [ -114.1315, 41.6476 ], [ -114.132, 41.6477 ], [ -114.1344, 41.6501 ], [ -114.1359, 41.6504 ], [ -114.1374, 41.6496 ], [ -114.1373, 41.6477 ], [ -114.1406, 41.6475 ], [ -114.1419, 41.6485 ], [ -114.1434, 41.6513 ], [ -114.1444, 41.652 ], [ -114.1483, 41.6533 ], [ -114.1535, 41.653 ], [ -114.1585, 41.6542 ], [ -114.1591, 41.6546 ], [ -114.1625, 41.6528 ], [ -114.1663, 41.6524 ], [ -114.1706, 41.6515 ], [ -114.1731, 41.6517 ], [ -114.1778, 41.6532 ], [ -114.1785, 41.653 ], [ -114.1782, 41.654 ], [ -114.1784, 41.6554 ], [ -114.1813, 41.6571 ], [ -114.1875, 41.6599 ], [ -114.1923, 41.6605 ], [ -114.1969, 41.6618 ], [ -114.1992, 41.6618 ], [ -114.2001, 41.6626 ], [ -114.2, 41.6635 ], [ -114.2005, 41.6642 ], [ -114.2058, 41.6657 ], [ -114.2071, 41.6665 ], [ -114.2091, 41.6697 ], [ -114.2121, 41.6708 ], [ -114.2152, 41.6742 ], [ -114.2174, 41.6774 ], [ -114.2191, 41.6781 ], [ -114.2228, 41.6787 ], [ -114.2274, 41.6814 ], [ -114.231, 41.686 ], [ -114.2317, 41.6882 ], [ -114.2323, 41.6888 ], [ -114.2389, 41.6891 ], [ -114.2448, 41.6904 ], [ -114.2472, 41.6898 ], [ -114.2548, 41.6891 ], [ -114.2593, 41.6875 ], [ -114.2634, 41.6883 ], [ -114.2642, 41.688 ], [ -114.265, 41.687 ], [ -114.2697, 41.6846 ], [ -114.2732, 41.6815 ], [ -114.2738, 41.6804 ], [ -114.2787, 41.679 ], [ -114.2794, 41.6763 ], [ -114.283, 41.6759 ], [ -114.2882, 41.6781 ], [ -114.2901, 41.6823 ], [ -114.2922, 41.6838 ], [ -114.2934, 41.6853 ], [ -114.2946, 41.6857 ], [ -114.2963, 41.6867 ], [ -114.2957, 41.6894 ], [ -114.2962, 41.6902 ], [ -114.2987, 41.6927 ], [ -114.3007, 41.693 ], [ -114.3012, 41.6937 ], [ -114.3017, 41.6959 ], [ -114.3012, 41.699 ], [ -114.3021, 41.7022 ], [ -114.3031, 41.703 ], [ -114.3048, 41.7032 ], [ -114.3053, 41.7041 ], [ -114.3069, 41.7049 ], [ -114.3076, 41.7064 ], [ -114.3092, 41.7075 ], [ -114.312, 41.7085 ], [ -114.3164, 41.7087 ], [ -114.319, 41.7103 ], [ -114.3196, 41.7109 ], [ -114.3207, 41.7109 ], [ -114.3213, 41.7101 ], [ -114.3229, 41.7098 ], [ -114.3265, 41.7102 ], [ -114.3324, 41.7101 ], [ -114.3352, 41.7086 ], [ -114.3415, 41.7064 ], [ -114.3426, 41.7062 ], [ -114.3436, 41.7066 ], [ -114.3462, 41.7063 ], [ -114.3494, 41.7054 ], [ -114.3529, 41.704 ], [ -114.357, 41.7033 ], [ -114.3601, 41.7025 ], [ -114.3625, 41.7014 ], [ -114.3656, 41.701 ], [ -114.3685, 41.7028 ], [ -114.3698, 41.7043 ], [ -114.3694, 41.7103 ], [ -114.3675, 41.7184 ], [ -114.3676, 41.7218 ], [ -114.3717, 41.7255 ], [ -114.3724, 41.725 ], [ -114.3758, 41.7245 ], [ -114.3766, 41.7218 ], [ -114.3736, 41.7138 ], [ -114.3737, 41.7119 ], [ -114.3743, 41.7097 ], [ -114.3762, 41.7052 ], [ -114.3795, 41.7014 ], [ -114.3817, 41.6981 ], [ -114.3817, 41.6971 ], [ -114.3842, 41.6948 ], [ -114.3846, 41.6936 ], [ -114.3858, 41.6924 ], [ -114.3871, 41.6876 ], [ -114.3909, 41.6793 ], [ -114.3928, 41.677 ], [ -114.3979, 41.674 ], [ -114.4046, 41.6689 ], [ -114.4089, 41.6665 ], [ -114.4123, 41.6609 ], [ -114.4198, 41.6544 ], [ -114.4219, 41.6531 ], [ -114.425, 41.6501 ], [ -114.4309, 41.6425 ], [ -114.4309, 41.6402 ], [ -114.4328, 41.6347 ], [ -114.4343, 41.6324 ], [ -114.4343, 41.6309 ], [ -114.4308, 41.6233 ], [ -114.4282, 41.6212 ], [ -114.4274, 41.6178 ], [ -114.4306, 41.6155 ], [ -114.4338, 41.6124 ], [ -114.435, 41.6098 ], [ -114.435, 41.6068 ], [ -114.4342, 41.6042 ], [ -114.434, 41.6019 ], [ -114.4323, 41.6001 ], [ -114.4322, 41.597 ], [ -114.4388, 41.5793 ], [ -114.4512, 41.5803 ], [ -114.4541, 41.5788 ], [ -114.4583, 41.576 ], [ -114.4611, 41.5752 ], [ -114.4652, 41.5729 ], [ -114.4683, 41.572 ], [ -114.4757, 41.5685 ], [ -114.4784, 41.5678 ], [ -114.4822, 41.5646 ], [ -114.4882, 41.5642 ], [ -114.4905, 41.5614 ], [ -114.4946, 41.5593 ], [ -114.4976, 41.5563 ], [ -114.5048, 41.553 ], [ -114.5096, 41.5474 ], [ -114.5102, 41.5413 ], [ -114.5135, 41.5393 ], [ -114.5197, 41.5316 ], [ -114.5292, 41.5234 ], [ -114.5295, 41.522 ], [ -114.5292, 41.5201 ], [ -114.53, 41.5134 ], [ -114.5341, 41.5041 ], [ -114.5373, 41.5015 ], [ -114.5423, 41.4999 ], [ -114.5503, 41.4965 ], [ -114.5537, 41.4936 ], [ -114.5687, 41.4855 ], [ -114.5731, 41.4793 ], [ -114.5842, 41.4678 ], [ -114.6038, 41.4564 ], [ -114.6435, 41.4376 ], [ -114.6483, 41.4345 ], [ -114.6536, 41.4303 ], [ -114.6572, 41.4283 ], [ -114.6651, 41.4222 ], [ -114.6756, 41.4181 ], [ -114.69, 41.4156 ], [ -114.7148, 41.4176 ], [ -114.7202, 41.4192 ], [ -114.7385, 41.4276 ], [ -114.7464, 41.4314 ], [ -114.7533, 41.4355 ], [ -114.7496, 41.4147 ], [ -114.7497, 41.4127 ], [ -114.7505, 41.4104 ], [ -114.7522, 41.408 ], [ -114.7784, 41.3791 ], [ -114.7815, 41.3769 ], [ -114.7945, 41.3701 ], [ -114.7975, 41.3673 ], [ -114.8039, 41.3536 ], [ -114.806, 41.3477 ], [ -114.8178, 41.3317 ], [ -114.8196, 41.3283 ], [ -114.8205, 41.325 ], [ -114.8245, 41.2921 ], [ -114.8271, 41.2903 ], [ -114.8267, 41.2895 ], [ -114.8271, 41.2892 ], [ -114.8306, 41.288 ], [ -114.8339, 41.2855 ], [ -114.8346, 41.2855 ], [ -114.8351, 41.2865 ], [ -114.8369, 41.2873 ], [ -114.8371, 41.288 ], [ -114.8377, 41.2881 ], [ -114.8389, 41.2881 ], [ -114.84, 41.2873 ], [ -114.8447, 41.2878 ], [ -114.8459, 41.2883 ], [ -114.8475, 41.2879 ], [ -114.8496, 41.2885 ], [ -114.8551, 41.2869 ], [ -114.8563, 41.286 ], [ -114.8569, 41.2844 ], [ -114.8614, 41.2821 ], [ -114.8626, 41.2803 ], [ -114.8639, 41.2797 ], [ -114.8639, 41.2788 ], [ -114.8652, 41.2779 ], [ -114.8647, 41.2771 ], [ -114.8648, 41.2759 ], [ -114.8654, 41.2736 ], [ -114.8661, 41.2733 ], [ -114.8665, 41.2724 ], [ -114.8671, 41.272 ], [ -114.8674, 41.2707 ], [ -114.8683, 41.2701 ], [ -114.8697, 41.2696 ], [ -114.8709, 41.2698 ], [ -114.8721, 41.2694 ], [ -114.8741, 41.2695 ], [ -114.8752, 41.2684 ], [ -114.8778, 41.268 ], [ -114.8814, 41.2667 ], [ -114.8897, 41.2664 ], [ -114.9032, 41.2639 ], [ -114.9069, 41.2622 ], [ -114.9102, 41.2582 ], [ -114.9107, 41.2565 ], [ -114.9113, 41.256 ], [ -114.9161, 41.2552 ], [ -114.9191, 41.2552 ], [ -114.9204, 41.2542 ], [ -114.9217, 41.2542 ], [ -114.9232, 41.2545 ], [ -114.9241, 41.254 ], [ -114.9258, 41.2541 ], [ -114.9283, 41.2518 ], [ -114.929, 41.2518 ], [ -114.9314, 41.2508 ], [ -114.9323, 41.251 ], [ -114.9329, 41.2508 ], [ -114.9351, 41.2508 ], [ -114.937, 41.2494 ], [ -114.9403, 41.2482 ], [ -114.9407, 41.2475 ], [ -114.9404, 41.2467 ], [ -114.9409, 41.2458 ], [ -114.9416, 41.2456 ], [ -114.9435, 41.244 ], [ -114.9467, 41.2436 ], [ -114.9478, 41.2426 ], [ -114.9487, 41.2411 ], [ -114.9506, 41.2398 ], [ -114.956, 41.2382 ], [ -114.9561, 41.2386 ], [ -114.9565, 41.2387 ], [ -114.9582, 41.2375 ], [ -114.9608, 41.2365 ], [ -114.9625, 41.2364 ], [ -114.9665, 41.2345 ], [ -114.9696, 41.2346 ], [ -114.9721, 41.233 ], [ -114.9743, 41.2329 ], [ -114.9751, 41.2318 ], [ -114.9787, 41.2306 ], [ -114.9799, 41.2309 ], [ -114.9816, 41.2305 ], [ -114.9846, 41.2288 ], [ -114.9856, 41.2258 ], [ -114.987, 41.2252 ], [ -114.9905, 41.2243 ], [ -114.9928, 41.225 ], [ -114.9935, 41.225 ], [ -114.9945, 41.2234 ], [ -114.9967, 41.2229 ], [ -114.9974, 41.2229 ], [ -114.9992, 41.2239 ], [ -115.0025, 41.2225 ], [ -115.0043, 41.2211 ], [ -115.0077, 41.2208 ], [ -115.0102, 41.2193 ], [ -115.0103, 41.2195 ], [ -115.0105, 41.2191 ], [ -115.0133, 41.2181 ], [ -115.0135, 41.2172 ], [ -115.0131, 41.217 ], [ -115.0135, 41.2166 ], [ -115.0142, 41.2168 ], [ -115.0149, 41.2165 ], [ -115.0153, 41.2168 ], [ -115.018, 41.2159 ], [ -115.0187, 41.2152 ], [ -115.0193, 41.2152 ], [ -115.0197, 41.2144 ], [ -115.0207, 41.2141 ], [ -115.0212, 41.2143 ], [ -115.0213, 41.2139 ], [ -115.0225, 41.2135 ], [ -115.0232, 41.2128 ], [ -115.0241, 41.213 ], [ -115.0246, 41.212 ], [ -115.0262, 41.211 ], [ -115.0268, 41.2094 ], [ -115.0287, 41.2087 ], [ -115.0301, 41.2085 ], [ -115.0307, 41.2079 ], [ -115.0338, 41.2076 ], [ -115.0351, 41.2069 ], [ -115.0359, 41.2069 ], [ -115.0433, 41.2028 ], [ -115.0466, 41.2026 ], [ -115.0471, 41.202 ], [ -115.048, 41.202 ], [ -115.0487, 41.2011 ], [ -115.0501, 41.2006 ], [ -115.0527, 41.2005 ], [ -115.0525, 41.1998 ], [ -115.0564, 41.1977 ], [ -115.0572, 41.198 ], [ -115.059, 41.1974 ], [ -115.0604, 41.1965 ], [ -115.062, 41.1965 ], [ -115.0632, 41.196 ], [ -115.0644, 41.1964 ], [ -115.0643, 41.1959 ], [ -115.0648, 41.1955 ], [ -115.0653, 41.1956 ], [ -115.0665, 41.195 ], [ -115.0675, 41.1949 ], [ -115.0681, 41.1952 ], [ -115.0681, 41.1945 ], [ -115.069, 41.1943 ], [ -115.0687, 41.1935 ], [ -115.0691, 41.1936 ], [ -115.069, 41.1932 ], [ -115.0697, 41.1922 ], [ -115.075, 41.1904 ], [ -115.0759, 41.1908 ], [ -115.0759, 41.1903 ], [ -115.0778, 41.1893 ], [ -115.078, 41.1887 ], [ -115.0785, 41.1887 ], [ -115.0782, 41.1883 ], [ -115.0791, 41.1882 ], [ -115.0786, 41.1875 ], [ -115.0791, 41.1872 ], [ -115.0798, 41.1873 ], [ -115.0808, 41.1862 ], [ -115.0811, 41.1862 ], [ -115.081, 41.1855 ], [ -115.0823, 41.1858 ], [ -115.083, 41.1857 ], [ -115.0826, 41.1853 ], [ -115.0835, 41.1855 ], [ -115.0843, 41.1843 ], [ -115.0839, 41.1839 ], [ -115.0841, 41.1834 ], [ -115.0847, 41.1835 ], [ -115.0845, 41.1831 ], [ -115.0855, 41.1823 ], [ -115.0852, 41.1813 ], [ -115.086, 41.1813 ], [ -115.0864, 41.1807 ], [ -115.0871, 41.1809 ], [ -115.0877, 41.1806 ], [ -115.0885, 41.1788 ], [ -115.0889, 41.179 ], [ -115.0896, 41.1787 ], [ -115.0899, 41.1789 ], [ -115.0913, 41.178 ], [ -115.0912, 41.1777 ], [ -115.0922, 41.1767 ], [ -115.0918, 41.1755 ], [ -115.093, 41.1753 ], [ -115.0928, 41.1748 ], [ -115.0936, 41.1748 ], [ -115.0949, 41.1729 ], [ -115.0948, 41.1721 ], [ -115.0955, 41.1717 ], [ -115.095, 41.171 ], [ -115.096, 41.1709 ], [ -115.0958, 41.1706 ], [ -115.0965, 41.1702 ], [ -115.0965, 41.1688 ], [ -115.0971, 41.1687 ], [ -115.0967, 41.1682 ], [ -115.0973, 41.1682 ], [ -115.0968, 41.1677 ], [ -115.0969, 41.1671 ], [ -115.0976, 41.167 ], [ -115.0978, 41.1667 ], [ -115.0974, 41.1659 ], [ -115.0989, 41.165 ], [ -115.0989, 41.1644 ], [ -115.0995, 41.1639 ], [ -115.0994, 41.1626 ], [ -115.0991, 41.1624 ], [ -115.0998, 41.162 ], [ -115.099, 41.1618 ], [ -115.099, 41.1614 ], [ -115.1, 41.1607 ], [ -115.0995, 41.1601 ], [ -115.1003, 41.159 ], [ -115.1012, 41.1586 ], [ -115.1009, 41.1581 ], [ -115.1017, 41.1575 ], [ -115.1012, 41.1573 ], [ -115.101, 41.1565 ], [ -115.1014, 41.1562 ], [ -115.1008, 41.155 ], [ -115.1014, 41.155 ], [ -115.1018, 41.154 ], [ -115.1014, 41.1538 ], [ -115.1024, 41.1536 ], [ -115.1034, 41.1528 ], [ -115.1031, 41.1523 ], [ -115.1034, 41.1513 ], [ -115.1041, 41.1509 ], [ -115.1039, 41.1501 ], [ -115.1046, 41.1498 ], [ -115.1043, 41.1494 ], [ -115.1051, 41.148 ], [ -115.106, 41.1477 ], [ -115.1066, 41.1465 ], [ -115.1084, 41.1464 ], [ -115.1095, 41.1454 ], [ -115.1097, 41.1445 ], [ -115.1105, 41.1438 ], [ -115.1145, 41.1416 ], [ -115.1178, 41.1413 ], [ -115.1182, 41.1415 ], [ -115.1176, 41.1419 ], [ -115.1186, 41.1421 ], [ -115.1201, 41.1412 ], [ -115.1211, 41.1413 ], [ -115.1221, 41.141 ], [ -115.1232, 41.1416 ], [ -115.124, 41.1416 ], [ -115.1253, 41.1413 ], [ -115.1256, 41.1407 ], [ -115.1271, 41.1408 ], [ -115.1276, 41.1414 ], [ -115.1282, 41.1408 ], [ -115.1293, 41.141 ], [ -115.1307, 41.1421 ], [ -115.1326, 41.1418 ], [ -115.135, 41.1423 ], [ -115.1369, 41.1422 ], [ -115.1394, 41.1411 ], [ -115.1412, 41.1394 ], [ -115.1419, 41.1399 ], [ -115.1419, 41.1393 ], [ -115.1444, 41.1385 ], [ -115.1446, 41.1381 ], [ -115.1455, 41.138 ], [ -115.1459, 41.1372 ], [ -115.1473, 41.1372 ], [ -115.149, 41.136 ], [ -115.1503, 41.1357 ], [ -115.1504, 41.1354 ], [ -115.1512, 41.1355 ], [ -115.1514, 41.1349 ], [ -115.1525, 41.1348 ], [ -115.1529, 41.1342 ], [ -115.1535, 41.1341 ], [ -115.1537, 41.1331 ], [ -115.1546, 41.133 ], [ -115.1545, 41.1325 ], [ -115.156, 41.1312 ], [ -115.1577, 41.1309 ], [ -115.1582, 41.1304 ], [ -115.1593, 41.1302 ], [ -115.1595, 41.1298 ], [ -115.161, 41.1298 ], [ -115.1652, 41.1269 ], [ -115.1659, 41.127 ], [ -115.1672, 41.1262 ], [ -115.1689, 41.1263 ], [ -115.169, 41.1259 ], [ -115.1703, 41.1256 ], [ -115.1709, 41.1245 ], [ -115.1734, 41.1234 ], [ -115.1763, 41.1226 ], [ -115.1776, 41.1226 ], [ -115.179, 41.1222 ], [ -115.1809, 41.1224 ], [ -115.1832, 41.1214 ], [ -115.186, 41.1212 ], [ -115.186, 41.1203 ], [ -115.1864, 41.12 ], [ -115.188, 41.1204 ], [ -115.1882, 41.121 ], [ -115.1897, 41.1208 ], [ -115.1902, 41.1212 ], [ -115.1913, 41.1204 ], [ -115.1921, 41.1205 ], [ -115.192, 41.12 ], [ -115.1929, 41.1207 ], [ -115.1941, 41.1204 ], [ -115.1997, 41.1172 ], [ -115.208, 41.1116 ], [ -115.2081, 41.1108 ], [ -115.209, 41.1101 ], [ -115.2097, 41.1105 ], [ -115.2105, 41.1104 ], [ -115.211, 41.1099 ], [ -115.2121, 41.1096 ], [ -115.2119, 41.1081 ], [ -115.2124, 41.108 ], [ -115.2125, 41.1073 ], [ -115.2137, 41.1068 ], [ -115.2143, 41.1069 ], [ -115.2142, 41.1063 ], [ -115.2147, 41.1063 ], [ -115.2142, 41.1047 ], [ -115.2148, 41.1039 ], [ -115.2154, 41.1038 ], [ -115.2159, 41.1032 ], [ -115.2178, 41.1026 ], [ -115.218, 41.1032 ], [ -115.2184, 41.1031 ], [ -115.2177, 41.1017 ], [ -115.2185, 41.1018 ], [ -115.219, 41.1007 ], [ -115.2203, 41.0996 ], [ -115.2213, 41.0996 ], [ -115.2212, 41.0988 ], [ -115.2224, 41.0988 ], [ -115.2224, 41.0984 ], [ -115.2231, 41.0981 ], [ -115.2263, 41.0943 ], [ -115.2259, 41.0937 ], [ -115.2264, 41.093 ], [ -115.226, 41.0922 ], [ -115.2268, 41.0922 ], [ -115.226, 41.0914 ], [ -115.2263, 41.0909 ], [ -115.2255, 41.0905 ], [ -115.2255, 41.0902 ], [ -115.2261, 41.0898 ], [ -115.2258, 41.089 ], [ -115.2284, 41.0884 ], [ -115.231, 41.0858 ], [ -115.241, 41.0859 ], [ -115.2362, 41.0964 ], [ -115.2334, 41.1009 ], [ -115.2307, 41.1038 ], [ -115.2243, 41.1091 ], [ -115.2236, 41.1104 ], [ -115.225, 41.1431 ], [ -115.224, 41.144 ], [ -115.2213, 41.1445 ], [ -115.2206, 41.1449 ], [ -115.2184, 41.1472 ], [ -115.2159, 41.1514 ], [ -115.2087, 41.1769 ], [ -115.2067, 41.1826 ], [ -115.1987, 41.1958 ], [ -115.1924, 41.2018 ], [ -115.2192, 41.2019 ], [ -115.2607, 41.2013 ], [ -115.265, 41.2016 ], [ -115.2685, 41.2003 ], [ -115.2683, 41.2009 ], [ -115.2694, 41.2034 ], [ -115.2696, 41.2054 ], [ -115.2687, 41.2094 ], [ -115.2694, 41.2093 ], [ -115.2704, 41.2087 ], [ -115.272, 41.2085 ], [ -115.2713, 41.2095 ], [ -115.2712, 41.2111 ], [ -115.273, 41.2153 ], [ -115.2756, 41.2164 ], [ -115.2761, 41.217 ], [ -115.2751, 41.2184 ], [ -115.2752, 41.2193 ], [ -115.2759, 41.2196 ], [ -115.2763, 41.2206 ], [ -115.2767, 41.2206 ], [ -115.2765, 41.2221 ], [ -115.2768, 41.2225 ], [ -115.2764, 41.2227 ], [ -115.2769, 41.2231 ], [ -115.2779, 41.2222 ], [ -115.2786, 41.2225 ], [ -115.2789, 41.2234 ], [ -115.2799, 41.2237 ], [ -115.2797, 41.2244 ], [ -115.281, 41.2244 ], [ -115.2816, 41.2237 ], [ -115.282, 41.2217 ], [ -115.283, 41.2214 ], [ -115.2818, 41.2192 ], [ -115.2822, 41.219 ], [ -115.2822, 41.2181 ], [ -115.2827, 41.2171 ], [ -115.2826, 41.2144 ], [ -115.2832, 41.2136 ], [ -115.2817, 41.2098 ], [ -115.2822, 41.2084 ], [ -115.2815, 41.2066 ], [ -115.2816, 41.2055 ], [ -115.2811, 41.2049 ], [ -115.2821, 41.205 ], [ -115.2821, 41.2042 ], [ -115.2816, 41.2036 ], [ -115.2821, 41.2035 ], [ -115.2834, 41.1993 ], [ -115.2844, 41.1945 ], [ -115.2854, 41.1946 ], [ -115.2865, 41.1953 ], [ -115.288, 41.1957 ], [ -115.2928, 41.1963 ], [ -115.2971, 41.1961 ], [ -115.2984, 41.1968 ], [ -115.2985, 41.1971 ], [ -115.3003, 41.1973 ], [ -115.3033, 41.1992 ], [ -115.3051, 41.1997 ], [ -115.3071, 41.201 ], [ -115.3075, 41.2017 ], [ -115.309, 41.2024 ], [ -115.3094, 41.2033 ], [ -115.3104, 41.2036 ], [ -115.3104, 41.2045 ], [ -115.3119, 41.2055 ], [ -115.3124, 41.2085 ], [ -115.3123, 41.2117 ], [ -115.314, 41.2141 ], [ -115.316, 41.2156 ], [ -115.317, 41.2159 ], [ -115.32, 41.2153 ], [ -115.3214, 41.2154 ], [ -115.3235, 41.2165 ], [ -115.3264, 41.2172 ], [ -115.3279, 41.2165 ], [ -115.3297, 41.2163 ], [ -115.3324, 41.2173 ], [ -115.3369, 41.2164 ], [ -115.3411, 41.2169 ], [ -115.3431, 41.216 ], [ -115.3452, 41.2167 ], [ -115.3467, 41.2157 ], [ -115.3487, 41.2151 ], [ -115.3514, 41.2164 ], [ -115.352, 41.2153 ], [ -115.3533, 41.2152 ], [ -115.3546, 41.2157 ], [ -115.3552, 41.2155 ], [ -115.3562, 41.214 ], [ -115.3574, 41.2137 ], [ -115.3609, 41.2149 ], [ -115.3631, 41.2142 ], [ -115.3643, 41.2132 ], [ -115.3661, 41.2133 ], [ -115.37, 41.2144 ], [ -115.3739, 41.2147 ], [ -115.3749, 41.2151 ], [ -115.3789, 41.2185 ], [ -115.3794, 41.2199 ], [ -115.3819, 41.2216 ], [ -115.3828, 41.2231 ], [ -115.3859, 41.2261 ], [ -115.3876, 41.2294 ], [ -115.3895, 41.2367 ], [ -115.3906, 41.2383 ], [ -115.3907, 41.2391 ], [ -115.3933, 41.242 ], [ -115.3976, 41.2448 ], [ -115.4013, 41.249 ], [ -115.4033, 41.2578 ], [ -115.406, 41.2586 ], [ -115.4073, 41.2594 ], [ -115.4085, 41.2595 ], [ -115.411, 41.2581 ], [ -115.4132, 41.2574 ], [ -115.416, 41.2577 ], [ -115.4203, 41.256 ], [ -115.4239, 41.256 ], [ -115.4278, 41.2547 ], [ -115.4331, 41.2538 ], [ -115.4383, 41.2536 ], [ -115.4416, 41.2531 ], [ -115.445, 41.2496 ], [ -115.4477, 41.2444 ], [ -115.4485, 41.2432 ], [ -115.4496, 41.2425 ], [ -115.4518, 41.2414 ], [ -115.4571, 41.2396 ], [ -115.4664, 41.2386 ], [ -115.4701, 41.2427 ], [ -115.4716, 41.2431 ], [ -115.4734, 41.242 ], [ -115.4744, 41.2422 ], [ -115.4768, 41.2438 ], [ -115.4786, 41.246 ], [ -115.482, 41.2465 ], [ -115.4872, 41.2501 ], [ -115.4878, 41.2509 ], [ -115.4871, 41.2523 ], [ -115.4874, 41.2531 ], [ -115.4871, 41.255 ], [ -115.4888, 41.2582 ], [ -115.4889, 41.2607 ], [ -115.4908, 41.2618 ], [ -115.4929, 41.2623 ], [ -115.4952, 41.2639 ], [ -115.4974, 41.2649 ], [ -115.5034, 41.27 ], [ -115.5055, 41.2733 ], [ -115.5091, 41.2753 ], [ -115.5097, 41.2779 ], [ -115.5093, 41.279 ], [ -115.5096, 41.2804 ], [ -115.5147, 41.2841 ], [ -115.5152, 41.2853 ], [ -115.5147, 41.2878 ], [ -115.5164, 41.2908 ], [ -115.5191, 41.2997 ], [ -115.5206, 41.3065 ], [ -115.5191, 41.3128 ], [ -115.5198, 41.3146 ], [ -115.5215, 41.316 ], [ -115.5222, 41.3171 ], [ -115.5274, 41.3167 ], [ -115.5293, 41.3158 ], [ -115.5307, 41.3144 ], [ -115.5327, 41.3133 ], [ -115.533, 41.3125 ], [ -115.5344, 41.3117 ], [ -115.5362, 41.3092 ], [ -115.5375, 41.3087 ], [ -115.5382, 41.3065 ], [ -115.5387, 41.3064 ], [ -115.5393, 41.305 ], [ -115.5409, 41.3039 ], [ -115.5411, 41.3021 ], [ -115.5424, 41.3006 ], [ -115.5424, 41.2978 ], [ -115.5434, 41.2977 ], [ -115.5463, 41.2962 ], [ -115.5479, 41.2959 ], [ -115.5498, 41.2963 ], [ -115.5509, 41.2973 ], [ -115.5529, 41.2969 ], [ -115.5547, 41.2981 ], [ -115.5554, 41.2995 ], [ -115.5578, 41.2995 ], [ -115.559, 41.3 ], [ -115.5597, 41.2999 ], [ -115.5595, 41.2993 ], [ -115.5603, 41.3011 ], [ -115.5594, 41.3033 ], [ -115.5597, 41.3042 ], [ -115.5593, 41.3054 ], [ -115.5587, 41.3056 ], [ -115.5586, 41.3062 ], [ -115.5591, 41.307 ], [ -115.5606, 41.3076 ], [ -115.5616, 41.3088 ], [ -115.5634, 41.3084 ], [ -115.565, 41.3087 ], [ -115.5653, 41.3092 ], [ -115.5651, 41.3102 ], [ -115.5654, 41.3113 ], [ -115.5671, 41.312 ], [ -115.5686, 41.3137 ], [ -115.5715, 41.3124 ], [ -115.5729, 41.3126 ], [ -115.5729, 41.3145 ], [ -115.5736, 41.3159 ], [ -115.5751, 41.3165 ], [ -115.576, 41.3173 ], [ -115.5792, 41.3186 ], [ -115.5795, 41.3191 ], [ -115.5814, 41.3188 ], [ -115.5816, 41.3184 ], [ -115.5815, 41.3173 ], [ -115.5799, 41.3158 ], [ -115.5798, 41.3147 ], [ -115.5803, 41.3143 ], [ -115.5825, 41.3148 ], [ -115.584, 41.3156 ], [ -115.5887, 41.3138 ], [ -115.5908, 41.3136 ], [ -115.5916, 41.3132 ], [ -115.5944, 41.3131 ], [ -115.5965, 41.3119 ], [ -115.5993, 41.3116 ], [ -115.601, 41.3123 ], [ -115.6017, 41.3119 ], [ -115.6032, 41.3119 ], [ -115.6044, 41.3112 ], [ -115.6053, 41.3111 ], [ -115.6079, 41.3121 ], [ -115.6084, 41.3134 ], [ -115.6099, 41.3148 ], [ -115.6113, 41.3148 ], [ -115.6125, 41.3137 ], [ -115.6129, 41.314 ], [ -115.6138, 41.3139 ], [ -115.614, 41.3144 ], [ -115.6151, 41.3141 ], [ -115.6156, 41.3145 ], [ -115.6159, 41.3141 ], [ -115.6165, 41.3142 ], [ -115.6169, 41.3153 ], [ -115.6166, 41.3158 ], [ -115.6171, 41.3161 ], [ -115.6177, 41.3155 ], [ -115.6187, 41.3155 ], [ -115.6191, 41.3162 ], [ -115.6198, 41.3166 ], [ -115.6203, 41.3165 ], [ -115.621, 41.317 ], [ -115.6203, 41.3176 ], [ -115.6211, 41.3177 ], [ -115.6212, 41.3183 ], [ -115.6216, 41.3182 ], [ -115.622, 41.3184 ], [ -115.623, 41.318 ], [ -115.6231, 41.3182 ], [ -115.6224, 41.3187 ], [ -115.6232, 41.3186 ], [ -115.6233, 41.319 ], [ -115.6241, 41.3188 ], [ -115.6236, 41.3183 ], [ -115.624, 41.3179 ], [ -115.6246, 41.3181 ], [ -115.6246, 41.3187 ], [ -115.6256, 41.3182 ], [ -115.6255, 41.3174 ], [ -115.6259, 41.3173 ], [ -115.6264, 41.318 ], [ -115.6265, 41.3171 ], [ -115.6276, 41.3172 ], [ -115.628, 41.3169 ], [ -115.6285, 41.3172 ], [ -115.6299, 41.3163 ], [ -115.6303, 41.3164 ], [ -115.6299, 41.3166 ], [ -115.6301, 41.3171 ], [ -115.6297, 41.3171 ], [ -115.6299, 41.3176 ], [ -115.6313, 41.3169 ], [ -115.6311, 41.3174 ], [ -115.6322, 41.3175 ], [ -115.6321, 41.318 ], [ -115.6324, 41.3183 ], [ -115.633, 41.3181 ], [ -115.6328, 41.3174 ], [ -115.6335, 41.3182 ], [ -115.6344, 41.3176 ], [ -115.6349, 41.318 ], [ -115.6356, 41.3172 ], [ -115.6369, 41.3175 ], [ -115.6375, 41.317 ], [ -115.6379, 41.3172 ], [ -115.6382, 41.318 ], [ -115.6372, 41.3181 ], [ -115.6372, 41.3183 ], [ -115.6391, 41.3191 ], [ -115.6389, 41.3201 ], [ -115.6394, 41.3206 ], [ -115.6405, 41.3202 ], [ -115.6407, 41.3204 ], [ -115.6413, 41.3204 ], [ -115.641, 41.3196 ], [ -115.6415, 41.3194 ], [ -115.6418, 41.3201 ], [ -115.6426, 41.3201 ], [ -115.6424, 41.3208 ], [ -115.6437, 41.3209 ], [ -115.6437, 41.3214 ], [ -115.6444, 41.3213 ], [ -115.6442, 41.3206 ], [ -115.6449, 41.321 ], [ -115.6453, 41.3204 ], [ -115.6457, 41.3208 ], [ -115.6469, 41.3208 ], [ -115.6466, 41.3212 ], [ -115.6479, 41.3219 ], [ -115.6477, 41.3223 ], [ -115.6479, 41.3223 ], [ -115.6504, 41.3218 ], [ -115.6506, 41.3212 ], [ -115.6516, 41.3207 ], [ -115.6541, 41.3208 ], [ -115.6545, 41.321 ], [ -115.6547, 41.3206 ], [ -115.6553, 41.3207 ], [ -115.6554, 41.3199 ], [ -115.656, 41.3196 ], [ -115.6565, 41.3198 ], [ -115.6561, 41.32 ], [ -115.6565, 41.3204 ], [ -115.6576, 41.3206 ], [ -115.657, 41.3197 ], [ -115.6577, 41.3198 ], [ -115.6582, 41.3193 ], [ -115.6581, 41.3189 ], [ -115.6595, 41.3187 ], [ -115.6595, 41.318 ], [ -115.6602, 41.3187 ], [ -115.6602, 41.3182 ], [ -115.6607, 41.3186 ], [ -115.6612, 41.3184 ], [ -115.6616, 41.3189 ], [ -115.6609, 41.3192 ], [ -115.6616, 41.3194 ], [ -115.6625, 41.3189 ], [ -115.6633, 41.3191 ], [ -115.6649, 41.3186 ], [ -115.6658, 41.319 ], [ -115.6676, 41.319 ], [ -115.6683, 41.3184 ], [ -115.6689, 41.3188 ], [ -115.6696, 41.3186 ], [ -115.6698, 41.3178 ], [ -115.6723, 41.3176 ], [ -115.674, 41.3179 ], [ -115.6752, 41.3177 ], [ -115.6755, 41.3174 ], [ -115.6752, 41.3164 ], [ -115.6764, 41.3158 ], [ -115.6764, 41.3151 ], [ -115.6775, 41.315 ], [ -115.6778, 41.3155 ], [ -115.6786, 41.3148 ], [ -115.6779, 41.3144 ], [ -115.6779, 41.3137 ], [ -115.6784, 41.314 ], [ -115.6786, 41.3137 ], [ -115.6795, 41.3138 ], [ -115.6794, 41.3132 ], [ -115.6798, 41.3131 ], [ -115.6799, 41.3135 ], [ -115.6804, 41.3133 ], [ -115.6808, 41.3136 ], [ -115.6812, 41.3132 ], [ -115.6813, 41.3128 ], [ -115.6809, 41.3127 ], [ -115.6812, 41.3122 ], [ -115.6817, 41.3121 ], [ -115.682, 41.3125 ], [ -115.6824, 41.3122 ], [ -115.6828, 41.3126 ], [ -115.6828, 41.312 ], [ -115.6837, 41.312 ], [ -115.6832, 41.3114 ], [ -115.6837, 41.3113 ], [ -115.6836, 41.3111 ], [ -115.6844, 41.3112 ], [ -115.6844, 41.3107 ], [ -115.6849, 41.3108 ], [ -115.6858, 41.31 ], [ -115.6872, 41.3106 ], [ -115.6871, 41.31 ], [ -115.6875, 41.3102 ], [ -115.6887, 41.31 ], [ -115.6889, 41.3093 ], [ -115.6895, 41.3093 ], [ -115.6896, 41.3097 ], [ -115.6904, 41.3094 ], [ -115.6905, 41.3087 ], [ -115.6913, 41.3092 ], [ -115.6915, 41.3089 ], [ -115.6911, 41.3086 ], [ -115.6918, 41.3087 ], [ -115.6933, 41.3079 ], [ -115.6925, 41.3075 ], [ -115.6918, 41.3076 ], [ -115.6926, 41.307 ], [ -115.6925, 41.3065 ], [ -115.693, 41.3067 ], [ -115.6935, 41.3059 ], [ -115.6939, 41.3061 ], [ -115.6942, 41.3057 ], [ -115.695, 41.3064 ], [ -115.6952, 41.3058 ], [ -115.6948, 41.3055 ], [ -115.6965, 41.3045 ], [ -115.6972, 41.3032 ], [ -115.698, 41.3033 ], [ -115.6978, 41.3029 ], [ -115.6983, 41.3022 ], [ -115.6999, 41.302 ], [ -115.701, 41.3008 ], [ -115.7028, 41.301 ], [ -115.7027, 41.3013 ], [ -115.7032, 41.3015 ], [ -115.7043, 41.3001 ], [ -115.7051, 41.2999 ], [ -115.7057, 41.2999 ], [ -115.7057, 41.3003 ], [ -115.7062, 41.3004 ], [ -115.7069, 41.3 ], [ -115.7077, 41.3001 ], [ -115.7083, 41.2998 ], [ -115.7082, 41.3003 ], [ -115.7088, 41.3003 ], [ -115.7092, 41.3014 ], [ -115.7124, 41.3018 ], [ -115.7125, 41.3024 ], [ -115.7133, 41.3022 ], [ -115.7135, 41.3028 ], [ -115.7142, 41.3027 ], [ -115.714, 41.3032 ], [ -115.7152, 41.303 ], [ -115.715, 41.3036 ], [ -115.716, 41.3034 ], [ -115.7166, 41.3041 ], [ -115.7174, 41.3044 ], [ -115.7173, 41.3048 ], [ -115.7177, 41.3049 ], [ -115.7178, 41.3045 ], [ -115.7182, 41.3046 ], [ -115.7187, 41.3063 ], [ -115.7197, 41.3067 ], [ -115.7195, 41.307 ], [ -115.7201, 41.3078 ], [ -115.7198, 41.3085 ], [ -115.7201, 41.3088 ], [ -115.7244, 41.3099 ], [ -115.7259, 41.3098 ], [ -115.7259, 41.3092 ], [ -115.7277, 41.3094 ], [ -115.7301, 41.3089 ], [ -115.733, 41.3072 ], [ -115.735, 41.3072 ], [ -115.7359, 41.3061 ], [ -115.7369, 41.3056 ], [ -115.7385, 41.3057 ], [ -115.7401, 41.3053 ], [ -115.7411, 41.3054 ], [ -115.7409, 41.3062 ], [ -115.7412, 41.3064 ], [ -115.7396, 41.3078 ], [ -115.7413, 41.3095 ], [ -115.7432, 41.31 ], [ -115.7466, 41.3104 ], [ -115.7473, 41.3095 ], [ -115.7496, 41.308 ], [ -115.7505, 41.3081 ], [ -115.7511, 41.3077 ], [ -115.7519, 41.3077 ], [ -115.7523, 41.3074 ], [ -115.7532, 41.3076 ], [ -115.7549, 41.307 ], [ -115.7563, 41.3053 ], [ -115.756, 41.3044 ], [ -115.7553, 41.3039 ], [ -115.7555, 41.3033 ], [ -115.7567, 41.3027 ], [ -115.758, 41.3012 ], [ -115.7585, 41.3016 ], [ -115.7606, 41.302 ], [ -115.7614, 41.3031 ], [ -115.7628, 41.3035 ], [ -115.7636, 41.3043 ], [ -115.7647, 41.3047 ], [ -115.7655, 41.3044 ], [ -115.767, 41.305 ], [ -115.7671, 41.3045 ], [ -115.7679, 41.3045 ], [ -115.7678, 41.3042 ], [ -115.7683, 41.304 ], [ -115.769, 41.3044 ], [ -115.7691, 41.3042 ], [ -115.7721, 41.3043 ], [ -115.773, 41.3049 ], [ -115.7727, 41.3046 ], [ -115.7731, 41.304 ], [ -115.7737, 41.3043 ], [ -115.7744, 41.3036 ], [ -115.7742, 41.3042 ], [ -115.775, 41.3045 ], [ -115.7767, 41.3038 ], [ -115.7778, 41.3023 ], [ -115.7784, 41.3022 ], [ -115.7788, 41.3017 ], [ -115.7813, 41.3024 ], [ -115.7845, 41.3014 ], [ -115.7863, 41.3004 ], [ -115.7874, 41.2974 ], [ -115.7883, 41.2967 ], [ -115.7888, 41.2967 ], [ -115.79, 41.2955 ], [ -115.7898, 41.2951 ], [ -115.7908, 41.2947 ], [ -115.7909, 41.2943 ], [ -115.7932, 41.294 ], [ -115.7941, 41.2935 ], [ -115.7948, 41.2937 ], [ -115.7978, 41.2922 ], [ -115.799, 41.2923 ], [ -115.8001, 41.292 ], [ -115.8027, 41.2901 ], [ -115.8037, 41.2899 ], [ -115.8043, 41.2902 ], [ -115.805, 41.2898 ], [ -115.8062, 41.2899 ], [ -115.8072, 41.2893 ], [ -115.8076, 41.2886 ], [ -115.8083, 41.2886 ], [ -115.8086, 41.2878 ], [ -115.8091, 41.2876 ], [ -115.8096, 41.2879 ], [ -115.8107, 41.2872 ], [ -115.8111, 41.2864 ], [ -115.8135, 41.2855 ], [ -115.8136, 41.2849 ], [ -115.8143, 41.2846 ], [ -115.8171, 41.2849 ], [ -115.8186, 41.2854 ], [ -115.8191, 41.2862 ], [ -115.8212, 41.2878 ], [ -115.8245, 41.289 ], [ -115.8251, 41.2905 ], [ -115.8286, 41.2929 ], [ -115.8301, 41.2932 ], [ -115.8312, 41.2939 ], [ -115.8333, 41.294 ], [ -115.8343, 41.2951 ], [ -115.8368, 41.2963 ], [ -115.8375, 41.2971 ], [ -115.8387, 41.2974 ], [ -115.8391, 41.2982 ], [ -115.8417, 41.2989 ], [ -115.8428, 41.2995 ], [ -115.8428, 41.2999 ], [ -115.8442, 41.2999 ], [ -115.8453, 41.3006 ], [ -115.8473, 41.3009 ], [ -115.8477, 41.3015 ], [ -115.8484, 41.3017 ], [ -115.8486, 41.3027 ], [ -115.8504, 41.3036 ], [ -115.8517, 41.3038 ], [ -115.8531, 41.3047 ], [ -115.8547, 41.3045 ], [ -115.8556, 41.3051 ], [ -115.8574, 41.3053 ], [ -115.8601, 41.3065 ], [ -115.8607, 41.3073 ], [ -115.8621, 41.3074 ], [ -115.8644, 41.3083 ], [ -115.8675, 41.3085 ], [ -115.8704, 41.3083 ], [ -115.8728, 41.309 ], [ -115.8743, 41.3088 ], [ -115.8792, 41.3096 ], [ -115.8807, 41.3104 ], [ -115.8814, 41.3113 ], [ -115.8845, 41.3127 ], [ -115.886, 41.3126 ], [ -115.8894, 41.3136 ], [ -115.8899, 41.3134 ], [ -115.8905, 41.3138 ], [ -115.8976, 41.3158 ], [ -115.9016, 41.3176 ], [ -115.9037, 41.3196 ], [ -115.9112, 41.3245 ], [ -115.9136, 41.3245 ], [ -115.9159, 41.324 ], [ -115.9174, 41.323 ], [ -115.9215, 41.3236 ], [ -115.9231, 41.3235 ], [ -115.9275, 41.3246 ], [ -115.9317, 41.325 ], [ -115.9346, 41.3266 ], [ -115.9411, 41.3275 ], [ -115.943, 41.3283 ], [ -115.9466, 41.3289 ], [ -115.9487, 41.3301 ], [ -115.9509, 41.3304 ], [ -115.9516, 41.3308 ], [ -115.9518, 41.3315 ], [ -115.9535, 41.3316 ], [ -115.9542, 41.332 ], [ -115.9598, 41.3374 ], [ -115.9623, 41.3385 ], [ -115.9628, 41.3394 ], [ -115.9626, 41.3409 ], [ -115.9632, 41.3416 ], [ -115.9642, 41.3416 ], [ -115.966, 41.3409 ], [ -115.9705, 41.34 ], [ -115.9725, 41.3385 ], [ -115.9737, 41.3382 ], [ -115.9766, 41.3396 ], [ -115.9796, 41.3402 ], [ -115.9822, 41.3379 ], [ -115.9823, 41.3367 ], [ -115.9855, 41.3347 ], [ -115.9873, 41.3341 ], [ -115.9897, 41.3381 ], [ -115.9942, 41.3429 ], [ -115.9948, 41.3429 ], [ -115.9964, 41.3426 ], [ -115.9971, 41.3419 ], [ -115.9993, 41.3418 ], [ -116.0, 41.3414 ], [ -116.0013, 41.3374 ], [ -116.0037, 41.3366 ], [ -116.0084, 41.3362 ], [ -116.0105, 41.3365 ], [ -116.0136, 41.3359 ], [ -116.0193, 41.3358 ], [ -116.0206, 41.3362 ], [ -116.0239, 41.3385 ], [ -116.029, 41.3387 ], [ -116.0343, 41.3375 ], [ -116.0376, 41.3361 ], [ -116.0404, 41.3358 ], [ -116.0424, 41.335 ], [ -116.0445, 41.3352 ], [ -116.048, 41.3379 ], [ -116.0516, 41.3392 ], [ -116.0538, 41.3396 ], [ -116.0572, 41.3391 ], [ -116.0606, 41.3397 ], [ -116.0639, 41.3415 ], [ -116.0669, 41.3439 ], [ -116.0671, 41.3449 ], [ -116.068, 41.3454 ], [ -116.0904, 41.3403 ], [ -116.1343, 41.3323 ], [ -116.1382, 41.3308 ], [ -116.1394, 41.3307 ], [ -116.1404, 41.33 ], [ -116.1398, 41.3298 ], [ -116.1399, 41.3295 ], [ -116.1409, 41.3297 ], [ -116.1414, 41.3291 ], [ -116.1408, 41.3283 ], [ -116.1413, 41.3281 ], [ -116.1411, 41.3276 ], [ -116.1422, 41.3269 ], [ -116.1415, 41.326 ], [ -116.1415, 41.3253 ], [ -116.1427, 41.3253 ], [ -116.1427, 41.3235 ], [ -116.143, 41.323 ], [ -116.1435, 41.323 ], [ -116.1432, 41.3224 ], [ -116.1439, 41.3221 ], [ -116.1437, 41.3209 ], [ -116.1447, 41.3204 ], [ -116.1454, 41.3205 ], [ -116.1449, 41.3202 ], [ -116.1453, 41.3202 ], [ -116.146, 41.3192 ], [ -116.1454, 41.3189 ], [ -116.1457, 41.3185 ], [ -116.1467, 41.3183 ], [ -116.1473, 41.3186 ], [ -116.1496, 41.3177 ], [ -116.1492, 41.3174 ], [ -116.1497, 41.3171 ], [ -116.1505, 41.3172 ], [ -116.1509, 41.3161 ], [ -116.1501, 41.3155 ], [ -116.1498, 41.3144 ], [ -116.1521, 41.3139 ], [ -116.1519, 41.3133 ], [ -116.1515, 41.3132 ], [ -116.1517, 41.3129 ], [ -116.1533, 41.3126 ], [ -116.1538, 41.3114 ], [ -116.1535, 41.3109 ], [ -116.1545, 41.3107 ], [ -116.1544, 41.3103 ], [ -116.1549, 41.3104 ], [ -116.1554, 41.3099 ], [ -116.1554, 41.3094 ], [ -116.1547, 41.3094 ], [ -116.1549, 41.309 ], [ -116.1546, 41.3086 ], [ -116.1541, 41.3085 ], [ -116.1542, 41.3089 ], [ -116.1532, 41.3088 ], [ -116.1535, 41.3086 ], [ -116.1531, 41.308 ], [ -116.1538, 41.3073 ], [ -116.153, 41.3066 ], [ -116.1543, 41.3062 ], [ -116.1543, 41.3053 ], [ -116.1536, 41.3051 ], [ -116.1544, 41.3048 ], [ -116.1541, 41.3042 ], [ -116.1527, 41.3039 ], [ -116.1525, 41.3028 ], [ -116.1519, 41.3032 ], [ -116.1513, 41.3031 ], [ -116.1518, 41.3025 ], [ -116.1515, 41.3021 ], [ -116.1511, 41.3025 ], [ -116.1505, 41.3023 ], [ -116.1507, 41.3012 ], [ -116.15, 41.3013 ], [ -116.1498, 41.3009 ], [ -116.1503, 41.3008 ], [ -116.1502, 41.3001 ], [ -116.1496, 41.3004 ], [ -116.149, 41.2995 ], [ -116.1473, 41.2985 ], [ -116.1479, 41.2977 ], [ -116.1466, 41.2964 ], [ -116.1468, 41.2959 ], [ -116.146, 41.2957 ], [ -116.1461, 41.2951 ], [ -116.1452, 41.2945 ], [ -116.1453, 41.2927 ], [ -116.1448, 41.2925 ], [ -116.1455, 41.2922 ], [ -116.1452, 41.2919 ], [ -116.1456, 41.2915 ], [ -116.1447, 41.2915 ], [ -116.145, 41.2912 ], [ -116.1441, 41.2907 ], [ -116.1439, 41.2899 ], [ -116.1448, 41.2888 ], [ -116.1455, 41.2884 ], [ -116.1453, 41.2878 ], [ -116.1461, 41.287 ], [ -116.1465, 41.2871 ], [ -116.1471, 41.2844 ], [ -116.1466, 41.284 ], [ -116.1472, 41.284 ], [ -116.1467, 41.2836 ], [ -116.1477, 41.2835 ], [ -116.1479, 41.2828 ], [ -116.1482, 41.2831 ], [ -116.1489, 41.283 ], [ -116.1489, 41.2827 ], [ -116.1498, 41.2823 ], [ -116.1499, 41.2819 ], [ -116.1501, 41.2823 ], [ -116.1508, 41.2821 ], [ -116.1515, 41.2812 ], [ -116.1514, 41.2807 ], [ -116.1528, 41.2805 ], [ -116.1531, 41.2798 ], [ -116.1536, 41.2798 ], [ -116.1542, 41.279 ], [ -116.1587, 41.2757 ], [ -116.1587, 41.2742 ], [ -116.1593, 41.2736 ], [ -116.1605, 41.2734 ], [ -116.1615, 41.2737 ], [ -116.1616, 41.2732 ], [ -116.1619, 41.2735 ], [ -116.1629, 41.2732 ], [ -116.1628, 41.2735 ], [ -116.1637, 41.2737 ], [ -116.1643, 41.2735 ], [ -116.165, 41.2738 ], [ -116.1663, 41.2736 ], [ -116.1664, 41.2743 ], [ -116.1666, 41.2738 ], [ -116.1676, 41.2741 ], [ -116.1676, 41.2735 ], [ -116.1681, 41.2738 ], [ -116.1685, 41.273 ], [ -116.1693, 41.2734 ], [ -116.1697, 41.2726 ], [ -116.1701, 41.2729 ], [ -116.1703, 41.2725 ], [ -116.1709, 41.2726 ], [ -116.1707, 41.2719 ], [ -116.1716, 41.2724 ], [ -116.1717, 41.2718 ], [ -116.1721, 41.2721 ], [ -116.1722, 41.2714 ], [ -116.1728, 41.2717 ], [ -116.1731, 41.2713 ], [ -116.1736, 41.2716 ], [ -116.1737, 41.2712 ], [ -116.1744, 41.2715 ], [ -116.1744, 41.271 ], [ -116.1758, 41.2717 ], [ -116.1757, 41.2721 ], [ -116.1767, 41.2719 ], [ -116.1766, 41.2716 ], [ -116.1772, 41.2714 ], [ -116.1774, 41.2717 ], [ -116.178, 41.2713 ], [ -116.1804, 41.2711 ], [ -116.1814, 41.2716 ], [ -116.1817, 41.2724 ], [ -116.1823, 41.2724 ], [ -116.1827, 41.2729 ], [ -116.183, 41.2727 ], [ -116.1832, 41.273 ], [ -116.1857, 41.2722 ], [ -116.1873, 41.2707 ], [ -116.188, 41.2707 ], [ -116.1886, 41.2701 ], [ -116.1887, 41.2695 ], [ -116.1883, 41.2694 ], [ -116.1955, 41.255 ], [ -116.1954, 41.2544 ], [ -116.1963, 41.254 ], [ -116.1961, 41.2537 ], [ -116.1966, 41.2537 ], [ -116.1981, 41.252 ], [ -116.1991, 41.2519 ], [ -116.1993, 41.2509 ], [ -116.1987, 41.2484 ], [ -116.1974, 41.2502 ], [ -116.1975, 41.2498 ], [ -116.1964, 41.2493 ], [ -116.1971, 41.2492 ], [ -116.1965, 41.2448 ], [ -116.1958, 41.244 ], [ -116.1962, 41.2433 ], [ -116.1967, 41.2432 ], [ -116.1971, 41.2419 ], [ -116.196, 41.2411 ], [ -116.1962, 41.2406 ], [ -116.1959, 41.2407 ], [ -116.1964, 41.2388 ], [ -116.1957, 41.2384 ], [ -116.1955, 41.2377 ], [ -116.1962, 41.2376 ], [ -116.1963, 41.237 ], [ -116.196, 41.2365 ], [ -116.1956, 41.2365 ], [ -116.1952, 41.2348 ], [ -116.1955, 41.2337 ], [ -116.1958, 41.2336 ], [ -116.1956, 41.2333 ], [ -116.1963, 41.2333 ], [ -116.1959, 41.232 ], [ -116.1964, 41.2317 ], [ -116.1964, 41.2302 ], [ -116.1971, 41.2289 ], [ -116.1972, 41.2269 ], [ -116.1965, 41.2265 ], [ -116.1971, 41.2249 ], [ -116.197, 41.2232 ], [ -116.1962, 41.2214 ], [ -116.1969, 41.221 ], [ -116.1968, 41.22 ], [ -116.1965, 41.2199 ], [ -116.1969, 41.2165 ], [ -116.1961, 41.2162 ], [ -116.1963, 41.215 ], [ -116.1949, 41.2139 ], [ -116.1935, 41.2121 ], [ -116.1928, 41.2118 ], [ -116.1922, 41.2087 ], [ -116.1917, 41.2079 ], [ -116.1924, 41.2043 ], [ -116.1921, 41.2041 ], [ -116.1927, 41.2035 ], [ -116.1924, 41.2017 ], [ -116.1932, 41.2003 ], [ -116.1932, 41.1978 ], [ -116.1923, 41.1946 ], [ -116.1911, 41.1935 ], [ -116.1902, 41.1918 ], [ -116.1894, 41.1917 ], [ -116.1877, 41.1896 ], [ -116.1864, 41.1894 ], [ -116.1862, 41.1876 ], [ -116.1855, 41.1871 ], [ -116.1848, 41.1856 ], [ -116.1874, 41.1838 ], [ -116.1881, 41.1821 ], [ -116.1893, 41.181 ], [ -116.1891, 41.1803 ], [ -116.1895, 41.1803 ], [ -116.19, 41.1791 ], [ -116.1898, 41.1787 ], [ -116.1904, 41.178 ], [ -116.1901, 41.1772 ], [ -116.1905, 41.1766 ], [ -116.1899, 41.1761 ], [ -116.1896, 41.1749 ], [ -116.1912, 41.1733 ], [ -116.1908, 41.1723 ], [ -116.1899, 41.1712 ], [ -116.1904, 41.1706 ], [ -116.1898, 41.1698 ], [ -116.1911, 41.1687 ], [ -116.1916, 41.1673 ], [ -116.1907, 41.1658 ], [ -116.1907, 41.1646 ], [ -116.1913, 41.1636 ], [ -116.1914, 41.1614 ], [ -116.1896, 41.1603 ], [ -116.1904, 41.1593 ], [ -116.1903, 41.1574 ], [ -116.1909, 41.1566 ], [ -116.1923, 41.1558 ], [ -116.1929, 41.1561 ], [ -116.1938, 41.1556 ], [ -116.1954, 41.1556 ], [ -116.1982, 41.1548 ], [ -116.1992, 41.155 ], [ -116.1996, 41.1557 ], [ -116.2006, 41.1561 ], [ -116.2011, 41.1567 ], [ -116.2021, 41.1568 ], [ -116.2033, 41.1553 ], [ -116.2053, 41.1556 ], [ -116.206, 41.1548 ], [ -116.2064, 41.1549 ], [ -116.2071, 41.1545 ], [ -116.2087, 41.1552 ], [ -116.2087, 41.1555 ], [ -116.2096, 41.1553 ], [ -116.2102, 41.1557 ], [ -116.2121, 41.1556 ], [ -116.2135, 41.1549 ], [ -116.2144, 41.1553 ], [ -116.2161, 41.1551 ], [ -116.2171, 41.1557 ], [ -116.2181, 41.1554 ], [ -116.2197, 41.1564 ], [ -116.2237, 41.1557 ], [ -116.2261, 41.1557 ], [ -116.228, 41.1566 ], [ -116.2294, 41.1581 ], [ -116.2311, 41.1584 ], [ -116.2324, 41.1579 ], [ -116.2333, 41.1565 ], [ -116.2337, 41.1565 ], [ -116.2338, 41.1558 ], [ -116.2355, 41.1543 ], [ -116.2391, 41.1535 ], [ -116.2398, 41.154 ], [ -116.2417, 41.1542 ], [ -116.2467, 41.1556 ], [ -116.2486, 41.1565 ], [ -116.2496, 41.1574 ], [ -116.2532, 41.1585 ], [ -116.2539, 41.1593 ], [ -116.2558, 41.1594 ], [ -116.2584, 41.1607 ], [ -116.261, 41.1613 ], [ -116.262, 41.1626 ], [ -116.263, 41.1631 ], [ -116.2631, 41.1638 ], [ -116.2638, 41.1645 ], [ -116.2676, 41.1661 ], [ -116.269, 41.1684 ], [ -116.2752, 41.1693 ], [ -116.2772, 41.1702 ], [ -116.28, 41.171 ], [ -116.2862, 41.167 ], [ -116.2917, 41.166 ], [ -116.2888, 41.162 ], [ -116.2908, 41.1561 ], [ -116.2917, 41.1548 ], [ -116.2911, 41.1543 ], [ -116.2923, 41.1531 ], [ -116.2921, 41.1522 ], [ -116.2909, 41.1513 ], [ -116.2908, 41.1495 ], [ -116.2896, 41.1485 ], [ -116.2889, 41.1471 ], [ -116.2887, 41.1426 ], [ -116.2896, 41.1409 ], [ -116.2898, 41.1397 ], [ -116.291, 41.1386 ], [ -116.2906, 41.1368 ], [ -116.2911, 41.1327 ], [ -116.2903, 41.1313 ], [ -116.2918, 41.1297 ], [ -116.2931, 41.1288 ], [ -116.2955, 41.1281 ], [ -116.2959, 41.1273 ], [ -116.2981, 41.1253 ], [ -116.2988, 41.1233 ], [ -116.2982, 41.1219 ], [ -116.3007, 41.1201 ], [ -116.3023, 41.1146 ], [ -116.3032, 41.1137 ], [ -116.3063, 41.1131 ], [ -116.3046, 41.1102 ], [ -116.3044, 41.1093 ], [ -116.3013, 41.1072 ], [ -116.3012, 41.1061 ], [ -116.3019, 41.1047 ], [ -116.3028, 41.1034 ], [ -116.3037, 41.103 ], [ -116.3032, 41.1028 ], [ -116.3031, 41.1018 ], [ -116.2944, 41.0928 ], [ -116.2889, 41.0828 ], [ -116.2849, 41.0742 ], [ -116.285, 41.0675 ], [ -116.2989, 41.0603 ], [ -116.307, 41.0574 ], [ -116.3103, 41.0529 ], [ -116.3108, 41.0408 ], [ -116.309, 41.0291 ], [ -116.3039, 41.0143 ], [ -116.3017, 41.0001 ], [ -116.3759, 41.0004 ], [ -116.5264, 41.0001 ], [ -116.597, 41.0004 ], [ -116.7834, 41.0002 ], [ -116.8328, 41.0005 ], [ -116.9152, 41.0002 ], [ -117.0184, 41.0003 ], [ -117.0179, 41.2405 ], [ -117.0187, 41.2723 ], [ -117.0176, 41.4942 ], [ -117.0183, 41.4999 ], [ -117.0182, 41.6224 ], [ -117.0185, 41.6249 ], [ -117.0186, 41.7499 ], [ -117.0195, 41.7638 ], [ -117.0181, 41.8761 ] ] ] } },
{ "type": "Feature", "properties": { "GEOIDFQ": "1400000US32003004907", "NAME": "49.07", "NAMELSAD": "Census Tract 49.07" }, "geometry": { "type": "Polygon", "coordinates": [ [ [ -115.0446, 36.1673 ], [ -115.0439, 36.1744 ], [ -115.0258, 36.1739 ], [ -115.0259, 36.1592 ], [ -115.0446, 36.1594 ], [ -115.0448, 36.1673 ], [ -115.0446, 36.1673 ] ] ] } },
{ "type": "Feature", "properties": { "GEOIDFQ": "1400000US32007950701", "NAME": "9507.01", "NAMELSAD": "Census Tract 9507.01" }, "geometry": { "type": "Polygon", "coordinates": [ [ [ -115.8458, 40.8576 ], [ -115.8438, 40.8563 ], [ -115.8388, 40.8562 ], [ -115.8358, 40.8554 ], [ -115.836, 40.8577 ], [ -115.8367, 40.8587 ], [ -115.8361, 40.8595 ], [ -115.8336, 40.8584 ], [ -115.8323, 40.8586 ], [ -115.8289, 40.86 ], [ -115.8281, 40.8598 ], [ -115.8277, 40.8591 ], [ -115.8284, 40.8577 ], [ -115.828, 40.8571 ], [ -115.8261, 40.8571 ], [ -115.825, 40.8566 ], [ -115.8239, 40.8571 ], [ -115.8228, 40.857 ], [ -115.8222, 40.8572 ], [ -115.8215, 40.856 ], [ -115.8201, 40.8561 ], [ -115.8195, 40.8553 ], [ -115.8173, 40.8569 ], [ -115.8171, 40.8575 ], [ -115.8161, 40.8579 ], [ -115.8136, 40.8573 ], [ -115.811, 40.8577 ], [ -115.8082, 40.8569 ], [ -115.8049, 40.8573 ], [ -115.8035, 40.8568 ], [ -115.8017, 40.8568 ], [ -115.7995, 40.8553 ], [ -115.798, 40.8551 ], [ -115.797, 40.8555 ], [ -115.795, 40.8543 ], [ -115.7922, 40.8553 ], [ -115.7908, 40.8549 ], [ -115.7886, 40.8549 ], [ -115.7882, 40.8544 ], [ -115.7865, 40.8551 ], [ -115.7846, 40.8538 ], [ -115.7847, 40.8532 ], [ -115.7826, 40.8512 ], [ -115.7814, 40.8506 ], [ -115.7819, 40.8497 ], [ -115.7776, 40.8467 ], [ -115.7799, 40.8447 ], [ -115.7753, 40.841 ], [ -115.7785, 40.8387 ], [ -115.7811, 40.8374 ], [ -115.7902, 40.8355 ], [ -115.7934, 40.8342 ], [ -115.7954, 40.8327 ], [ -115.8008, 40.8273 ], [ -115.8048, 40.8243 ], [ -115.8048, 40.8262 ], [ -115.8057, 40.8261 ], [ -115.8065, 40.8266 ], [ -115.8079, 40.8256 ], [ -115.8093, 40.8257 ], [ -115.8097, 40.8401 ], [ -115.8352, 40.8482 ], [ -115.8398, 40.8511 ], [ -115.852, 40.856 ], [ -115.8512, 40.8568 ], [ -115.8458, 40.8576 ] ] ] } },
{ "type": "Feature", "properties": { "GEOIDFQ": "1400000US32007951201", "NAME": "9512.01", "NAMELSAD": "Census Tract 9512.01" }, "geometry": { "type": "Polygon", "coordinates": [ [ [ -115.693, 40.7572 ], [ -115.6916, 40.7586 ], [ -115.685, 40.7622 ], [ -115.6831, 40.7642 ], [ -115.6762, 40.7854 ], [ -115.658, 40.7808 ], [ -115.6535, 40.7792 ], [ -115.6481, 40.7762 ], [ -115.6391, 40.7695 ], [ -115.6371, 40.7669 ], [ -115.635, 40.7598 ], [ -115.6337, 40.7573 ], [ -115.608, 40.7255 ], [ -115.605, 40.7232 ], [ -115.6011, 40.7223 ], [ -115.5757, 40.7223 ], [ -115.5725, 40.7228 ], [ -115.5641, 40.725 ], [ -115.5506, 40.7254 ], [ -115.5482, 40.7252 ], [ -115.5414, 40.7228 ], [ -115.5383, 40.7223 ], [ -115.5084, 40.7224 ], [ -115.5084, 40.7154 ], [ -115.5278, 40.7151 ], [ -115.5278, 40.6942 ], [ -115.5284, 40.6783 ], [ -115.5375, 40.6722 ], [ -115.5483, 40.666 ], [ -115.5485, 40.6674 ], [ -115.549, 40.6677 ], [ -115.5488, 40.6693 ], [ -115.5504, 40.6716 ], [ -115.5504, 40.673 ], [ -115.5511, 40.6746 ], [ -115.5509, 40.6773 ], [ -115.555, 40.681 ], [ -115.5569, 40.6816 ], [ -115.5596, 40.6819 ], [ -115.5797, 40.6822 ], [ -115.5841, 40.6838 ], [ -115.591, 40.6847 ], [ -115.5938, 40.6855 ], [ -115.5985, 40.6922 ], [ -115.5997, 40.6932 ], [ -115.6125, 40.7009 ], [ -115.6126, 40.7016 ], [ -115.6101, 40.708 ], [ -115.6239, 40.7079 ], [ -115.6239, 40.7138 ], [ -115.6245, 40.719 ], [ -115.6234, 40.7239 ], [ -115.6237, 40.7272 ], [ -115.6292, 40.7271 ], [ -115.6355, 40.7248 ], [ -115.6378, 40.7251 ], [ -115.6393, 40.726 ], [ -115.6402, 40.7255 ], [ -115.6404, 40.7248 ], [ -115.6411, 40.7247 ], [ -115.6425, 40.7254 ], [ -115.6429, 40.7259 ], [ -115.643, 40.7273 ], [ -115.6451, 40.7291 ], [ -115.6446, 40.7298 ], [ -115.6445, 40.7315 ], [ -115.6434, 40.7322 ], [ -115.6437, 40.7325 ], [ -115.6458, 40.7322 ], [ -115.6478, 40.7328 ], [ -115.6482, 40.7318 ], [ -115.647, 40.7275 ], [ -115.6474, 40.7265 ], [ -115.6504, 40.7245 ], [ -115.6574, 40.7245 ], [ -115.6583, 40.7256 ], [ -115.6582, 40.7362 ], [ -115.6604, 40.7363 ], [ -115.6608, 40.737 ], [ -115.663, 40.7386 ], [ -115.6657, 40.7394 ], [ -115.667, 40.7429 ], [ -115.6689, 40.7461 ], [ -115.669, 40.7471 ], [ -115.6703, 40.7476 ], [ -115.6722, 40.7493 ], [ -115.6722, 40.7499 ], [ -115.6732, 40.7504 ], [ -115.6735, 40.7511 ], [ -115.6751, 40.7523 ], [ -115.6772, 40.7526 ], [ -115.68, 40.7537 ], [ -115.681, 40.7538 ], [ -115.6818, 40.7532 ], [ -115.6821, 40.7535 ], [ -115.6823, 40.7532 ], [ -115.6831, 40.7535 ], [ -115.6833, 40.752 ], [ -115.6854, 40.7518 ], [ -115.6855, 40.7514 ], [ -115.6864, 40.7515 ], [ -115.6877, 40.7506 ], [ -115.6898, 40.7503 ], [ -115.6909, 40.7494 ], [ -115.6918, 40.7478 ], [ -115.6931, 40.7472 ], [ -115.6941, 40.7458 ], [ -115.6947, 40.746 ], [ -115.6964, 40.745 ], [ -115.6975, 40.7439 ], [ -115.698, 40.743 ], [ -115.6986, 40.743 ], [ -115.693, 40.7572 ] ] ] } },
{ "type": "Feature", "properties": { "GEOIDFQ": "1400000US32003005904", "NAME": "59.04", "NAMELSAD": "Census Tract 59.04" }, "geometry": { "type": "Polygon", "coordinates": [ [ [ -114.1903, 36.7665 ], [ -114.1901, 36.769 ], [ -114.1894, 36.7696 ], [ -114.1881, 36.7747 ], [ -114.182, 36.7767 ], [ -114.1811, 36.7778 ], [ -114.1796, 36.7826 ], [ -114.1799, 36.7843 ], [ -114.1811, 36.7862 ], [ -114.1816, 36.7865 ], [ -114.1834, 36.7866 ], [ -114.1853, 36.7881 ], [ -114.1855, 36.7917 ], [ -114.1878, 36.7961 ], [ -114.1878, 36.8051 ], [ -114.1857, 36.81 ], [ -114.1795, 36.8198 ], [ -114.1773, 36.8242 ], [ -114.1766, 36.8268 ], [ -114.1749, 36.8279 ], [ -114.1733, 36.8297 ], [ -114.1716, 36.829 ], [ -114.1705, 36.8296 ], [ -114.1707, 36.8343 ], [ -114.1688, 36.8434 ], [ -114.1005, 36.8434 ], [ -114.1011, 36.843 ], [ -114.1001, 36.8426 ], [ -114.1, 36.8421 ], [ -114.0988, 36.8422 ], [ -114.0989, 36.8415 ], [ -114.0999, 36.8408 ], [ -114.0994, 36.8404 ], [ -114.1001, 36.8397 ], [ -114.0993, 36.8397 ], [ -114.0993, 36.8385 ], [ -114.0988, 36.8388 ], [ -114.0982, 36.8383 ], [ -114.0982, 36.8376 ], [ -114.0991, 36.8379 ], [ -114.0995, 36.8376 ], [ -114.0996, 36.8361 ], [ -114.0978, 36.8355 ], [ -114.098, 36.8347 ], [ -114.0986, 36.8343 ], [ -114.0977, 36.8325 ], [ -114.0969, 36.832 ], [ -114.0972, 36.8312 ], [ -114.0968, 36.8301 ], [ -114.0974, 36.8291 ], [ -114.0965, 36.8289 ], [ -114.0966, 36.8293 ], [ -114.0962, 36.8292 ], [ -114.0958, 36.8288 ], [ -114.0961, 36.8284 ], [ -114.095, 36.827 ], [ -114.0951, 36.826 ], [ -114.0937, 36.8256 ], [ -114.0937, 36.8247 ], [ -114.0928, 36.8229 ], [ -114.0932, 36.8224 ], [ -114.0926, 36.8216 ], [ -114.0923, 36.8191 ], [ -114.0886, 36.8141 ], [ -114.0875, 36.8142 ], [ -114.0866, 36.8099 ], [ -114.0907, 36.8089 ], [ -114.0981, 36.8056 ], [ -114.1059, 36.8038 ], [ -114.1096, 36.8023 ], [ -114.1412, 36.7805 ], [ -114.1479, 36.7768 ], [ -114.1474, 36.7757 ], [ -114.1486, 36.7749 ], [ -114.159, 36.7705 ], [ -114.1691, 36.7648 ], [ -114.1736, 36.7635 ], [ -114.1779, 36.7633 ], [ -114.1914, 36.7649 ], [ -114.1917, 36.7657 ], [ -114.1903, 36.7665 ] ] ] } },
{ "type": "Feature", "properties": { "GEOIDFQ": "1400000US32003001715", "NAME": "17.15", "NAMELSAD": "Census Tract 17.15" }, "geometry": { "type": "Polygon", "coordinates": [ [ [ -115.0643, 36.1076 ], [ -115.0639, 36.1002 ], [ -115.0732, 36.1003 ], [ -115.0735, 36.1076 ], [ -115.0643, 36.1076 ] ] ] } },
{ "type": "Feature", "properties": { "GEOIDFQ": "1400000US32003001716", "NAME": "17.16", "NAMELSAD": "Census Tract 17.16" }, "geometry": { "type": "Polygon", "coordinates": [ [ [ -115.0648, 36.1149 ], [ -115.0647, 36.1132 ], [ -115.059, 36.1082 ], [ -115.0602, 36.1076 ], [ -115.0735, 36.1076 ], [ -115.0737, 36.1148 ], [ -115.0648, 36.1149 ] ] ] } },
{ "type": "Feature", "properties": { "GEOIDFQ": "1400000US32003001902", "NAME": "19.02", "NAMELSAD": "Census Tract 19.02" }, "geometry": { "type": "Polygon", "coordinates": [ [ [ -115.1369, 36.137 ], [ -115.1325, 36.137 ], [ -115.1317, 36.1367 ], [ -115.1274, 36.137 ], [ -115.1186, 36.137 ], [ -115.1185, 36.1298 ], [ -115.1369, 36.1298 ], [ -115.1369, 36.137 ] ] ] } },
{ "type": "Feature", "properties": { "GEOIDFQ": "1400000US32003003242", "NAME": "32.42", "NAMELSAD": "Census Tract 32.42" }, "geometry": { "type": "Polygon", "coordinates": [ [ [ -115.2974, 36.2482 ], [ -115.2792, 36.2483 ], [ -115.2791, 36.2337 ], [ -115.2976, 36.2337 ], [ -115.2974, 36.2482 ] ] ] } },
{ "type": "Feature", "properties": { "GEOIDFQ": "1400000US32003003240", "NAME": "32.40", "NAMELSAD": "Census Tract 32.40" }, "geometry": { "type": "Polygon", "coordinates": [ [ [ -115.3154, 36.2297 ], [ -115.3139, 36.2319 ], [ -115.3154, 36.2328 ], [ -115.3151, 36.2442 ], [ -115.3128, 36.2443 ], [ -115.3128, 36.2461 ], [ -115.3106, 36.2461 ], [ -115.3107, 36.248 ], [ -115.2974, 36.2482 ], [ -115.2974, 36.2261 ], [ -115.3022, 36.226 ], [ -115.3045, 36.2268 ], [ -115.3072, 36.2259 ], [ -115.3156, 36.2257 ], [ -115.3154, 36.2297 ] ] ] } },
{ "type": "Feature", "properties": { "GEOIDFQ": "1400000US32003002000", "NAME": "20", "NAMELSAD": "Census Tract 20" }, "geometry": { "type": "Polygon", "coordinates": [ [ [ -115.1548, 36.1437 ], [ -115.137, 36.1443 ], [ -115.1369, 36.1298 ], [ -115.146, 36.1298 ], [ -115.1491, 36.1294 ], [ -115.1539, 36.1294 ], [ -115.1548, 36.1297 ], [ -115.1548, 36.1437 ] ] ] } },
{ "type": "Feature", "properties": { "GEOIDFQ": "1400000US32003003239", "NAME": "32.39", "NAMELSAD": "Census Tract 32.39" }, "geometry": { "type": "Polygon", "coordinates": [ [ [ -115.3256, 36.2234 ], [ -115.3253, 36.2291 ], [ -115.3154, 36.2293 ], [ -115.3157, 36.2183 ], [ -115.3248, 36.2184 ], [ -115.3275, 36.2193 ], [ -115.3256, 36.2234 ] ] ] } },
{ "type": "Feature", "properties": { "GEOIDFQ": "1400000US32003003245", "NAME": "32.45", "NAMELSAD": "Census Tract 32.45" }, "geometry": { "type": "Polygon", "coordinates": [ [ [ -115.2607, 36.2331 ], [ -115.2606, 36.2257 ], [ -115.2789, 36.2262 ], [ -115.2791, 36.2337 ], [ -115.2607, 36.2331 ] ] ] } },
{ "type": "Feature", "properties": { "GEOIDFQ": "1400000US32003005824", "NAME": "58.24", "NAMELSAD": "Census Tract 58.24" }, "geometry": { "type": "Polygon", "coordinates": [ [ [ -115.3532, 36.1815 ], [ -115.3458, 36.1806 ], [ -115.3412, 36.1815 ], [ -115.3382, 36.1751 ], [ -115.3375, 36.1701 ], [ -115.3413, 36.1702 ], [ -115.3481, 36.1727 ], [ -115.3555, 36.1715 ], [ -115.3555, 36.1736 ], [ -115.3532, 36.1815 ] ] ] } },
{ "type": "Feature", "properties": { "GEOIDFQ": "1400000US32003005852", "NAME": "58.52", "NAMELSAD": "Census Tract 58.52" }, "geometry": { "type": "Polygon", "coordinates": [ [ [ -115.3155, 36.0851 ], [ -115.3066, 36.0851 ], [ -115.3068, 36.0629 ], [ -115.3158, 36.0626 ], [ -115.3155, 36.0851 ] ] ] } },
{ "type": "Feature", "properties": { "GEOIDFQ": "1400000US32003003320", "NAME": "33.20", "NAMELSAD": "Census Tract 33.20" }, "geometry": { "type": "Polygon", "coordinates": [ [ [ -115.2602, 36.2906 ], [ -115.2423, 36.2906 ], [ -115.2423, 36.2781 ], [ -115.2426, 36.2761 ], [ -115.2567, 36.2772 ], [ -115.2624, 36.2786 ], [ -115.2627, 36.2773 ], [ -115.2669, 36.2778 ], [ -115.2794, 36.2917 ], [ -115.2602, 36.2906 ] ] ] } },
{ "type": "Feature", "properties": { "GEOIDFQ": "1400000US32003003640", "NAME": "36.40", "NAMELSAD": "Census Tract 36.40" }, "geometry": { "type": "Polygon", "coordinates": [ [ [ -115.1708, 36.2467 ], [ -115.1548, 36.2469 ], [ -115.1536, 36.248 ], [ -115.1531, 36.2492 ], [ -115.1531, 36.2544 ], [ -115.1441, 36.2542 ], [ -115.1438, 36.2395 ], [ -115.153, 36.2395 ], [ -115.1529, 36.2319 ], [ -115.1711, 36.232 ], [ -115.1708, 36.2467 ] ] ] } },
{ "type": "Feature", "properties": { "GEOIDFQ": "1400000US32003003641", "NAME": "36.41", "NAMELSAD": "Census Tract 36.41" }, "geometry": { "type": "Polygon", "coordinates": [ [ [ -115.1438, 36.2395 ], [ -115.1441, 36.2542 ], [ -115.1347, 36.2542 ], [ -115.1347, 36.2469 ], [ -115.1339, 36.2323 ], [ -115.1529, 36.2319 ], [ -115.153, 36.2395 ], [ -115.1438, 36.2395 ] ] ] } },
{ "type": "Feature", "properties": { "GEOIDFQ": "1400000US32003003638", "NAME": "36.38", "NAMELSAD": "Census Tract 36.38" }, "geometry": { "type": "Polygon", "coordinates": [ [ [ -115.1532, 36.2648 ], [ -115.1531, 36.2692 ], [ -115.1349, 36.2688 ], [ -115.1347, 36.2613 ], [ -115.1542, 36.2618 ], [ -115.1532, 36.2648 ] ] ] } },
{ "type": "Feature", "properties": { "GEOIDFQ": "1400000US32003002976", "NAME": "29.76", "NAMELSAD": "Census Tract 29.76" }, "geometry": { "type": "Polygon", "coordinates": [ [ [ -115.2741, 36.0666 ], [ -115.2651, 36.0665 ], [ -115.2611, 36.0671 ], [ -115.2551, 36.0666 ], [ -115.2466, 36.0668 ], [ -115.2425, 36.0675 ], [ -115.2432, 36.0485 ], [ -115.2525, 36.0479 ], [ -115.2553, 36.0484 ], [ -115.2767, 36.0482 ], [ -115.2791, 36.0477 ], [ -115.2794, 36.0673 ], [ -115.2741, 36.0666 ] ] ] } },
{ "type": "Feature", "properties": { "GEOIDFQ": "1400000US32003003254", "NAME": "32.54", "NAMELSAD": "Census Tract 32.54" }, "geometry": { "type": "Polygon", "coordinates": [ [ [ -115.2663, 36.1779 ], [ -115.2598, 36.1785 ], [ -115.2599, 36.1703 ], [ -115.2734, 36.1701 ], [ -115.2734, 36.1738 ], [ -115.278, 36.1737 ], [ -115.2782, 36.1777 ], [ -115.2663, 36.1779 ] ] ] } },
{ "type": "Feature", "properties": { "GEOIDFQ": "1400000US32003003233", "NAME": "32.33", "NAMELSAD": "Census Tract 32.33" }, "geometry": { "type": "Polygon", "coordinates": [ [ [ -115.315, 36.2958 ], [ -115.2969, 36.2955 ], [ -115.2968, 36.2845 ], [ -115.2878, 36.2845 ], [ -115.2878, 36.2798 ], [ -115.2937, 36.2804 ], [ -115.3069, 36.2806 ], [ -115.315, 36.2818 ], [ -115.315, 36.2958 ] ] ] } },
{ "type": "Feature", "properties": { "GEOIDFQ": "1400000US32003003234", "NAME": "32.34", "NAMELSAD": "Census Tract 32.34" }, "geometry": { "type": "Polygon", "coordinates": [ [ [ -115.2969, 36.2955 ], [ -115.2895, 36.2957 ], [ -115.288, 36.2951 ], [ -115.2878, 36.2845 ], [ -115.2968, 36.2845 ], [ -115.2969, 36.2955 ] ] ] } },
{ "type": "Feature", "properties": { "GEOIDFQ": "1400000US32031980100", "NAME": "9801", "NAMELSAD": "Census Tract 9801" }, "geometry": { "type": "Polygon", "coordinates": [ [ [ -119.9036, 39.6934 ], [ -119.8758, 39.693 ], [ -119.8762, 39.679 ], [ -119.8665, 39.679 ], [ -119.8665, 39.6725 ], [ -119.8571, 39.6725 ], [ -119.8571, 39.6664 ], [ -119.8581, 39.6659 ], [ -119.8658, 39.6576 ], [ -119.8677, 39.6569 ], [ -119.8758, 39.6575 ], [ -119.8759, 39.6564 ], [ -119.8783, 39.6566 ], [ -119.8786, 39.654 ], [ -119.881, 39.6542 ], [ -119.8819, 39.6477 ], [ -119.8817, 39.6451 ], [ -119.8813, 39.6447 ], [ -119.8817, 39.6424 ], [ -119.8986, 39.6428 ], [ -119.8986, 39.6469 ], [ -119.9003, 39.647 ], [ -119.9014, 39.6475 ], [ -119.9017, 39.6499 ], [ -119.9032, 39.6503 ], [ -119.9032, 39.6574 ], [ -119.9036, 39.6593 ], [ -119.9036, 39.6934 ] ] ] } },
{ "type": "Feature", "properties": { "GEOIDFQ": "1400000US32031002703", "NAME": "27.03", "NAMELSAD": "Census Tract 27.03" }, "geometry": { "type": "Polygon", "coordinates": [ [ [ -119.8072, 39.5751 ], [ -119.8064, 39.575 ], [ -119.8054, 39.5733 ], [ -119.8042, 39.573 ], [ -119.8007, 39.5762 ], [ -119.8011, 39.5779 ], [ -119.8031, 39.5797 ], [ -119.8012, 39.5805 ], [ -119.7984, 39.5808 ], [ -119.7983, 39.5838 ], [ -119.7999, 39.5832 ], [ -119.8008, 39.5833 ], [ -119.7999, 39.5857 ], [ -119.799, 39.5863 ], [ -119.7988, 39.5874 ], [ -119.7979, 39.5889 ], [ -119.7961, 39.5904 ], [ -119.7921, 39.5924 ], [ -119.7903, 39.5925 ], [ -119.7892, 39.593 ], [ -119.7892, 39.589 ], [ -119.7805, 39.5891 ], [ -119.7804, 39.5782 ], [ -119.7826, 39.5673 ], [ -119.7836, 39.5657 ], [ -119.785, 39.5645 ], [ -119.7902, 39.5648 ], [ -119.793, 39.5644 ], [ -119.8011, 39.5644 ], [ -119.8041, 39.5677 ], [ -119.8083, 39.5741 ], [ -119.8072, 39.5751 ] ] ] } },
{ "type": "Feature", "properties": { "GEOIDFQ": "1400000US32031002610", "NAME": "26.10", "NAMELSAD": "Census Tract 26.10" }, "geometry": { "type": "Polygon", "coordinates": [ [ [ -119.9079, 39.6347 ], [ -119.9018, 39.6348 ], [ -119.8993, 39.6356 ], [ -119.898, 39.6367 ], [ -119.8972, 39.638 ], [ -119.897, 39.6426 ], [ -119.8817, 39.6424 ], [ -119.8821, 39.6255 ], [ -119.8831, 39.6254 ], [ -119.8843, 39.6247 ], [ -119.8934, 39.6257 ], [ -119.8964, 39.6247 ], [ -119.8983, 39.6255 ], [ -119.9031, 39.6264 ], [ -119.9027, 39.6236 ], [ -119.916, 39.6263 ], [ -119.9154, 39.6287 ], [ -119.917, 39.6317 ], [ -119.9079, 39.6347 ] ] ] } },
{ "type": "Feature", "properties": { "GEOIDFQ": "1400000US32031002616", "NAME": "26.16", "NAMELSAD": "Census Tract 26.16" }, "geometry": { "type": "Polygon", "coordinates": [ [ [ -119.8817, 39.6433 ], [ -119.8813, 39.6447 ], [ -119.8801, 39.6443 ], [ -119.8765, 39.6444 ], [ -119.8734, 39.6435 ], [ -119.8668, 39.6469 ], [ -119.8641, 39.644 ], [ -119.8671, 39.6427 ], [ -119.8673, 39.6412 ], [ -119.8688, 39.6411 ], [ -119.8703, 39.6394 ], [ -119.871, 39.6377 ], [ -119.8737, 39.636 ], [ -119.8744, 39.6341 ], [ -119.8759, 39.633 ], [ -119.8751, 39.6285 ], [ -119.8757, 39.6257 ], [ -119.8821, 39.6255 ], [ -119.8817, 39.6433 ] ] ] } },
{ "type": "Feature", "properties": { "GEOIDFQ": "1400000US32031002706", "NAME": "27.06", "NAMELSAD": "Census Tract 27.06" }, "geometry": { "type": "Polygon", "coordinates": [ [ [ -119.7795, 39.6088 ], [ -119.768, 39.6163 ], [ -119.7655, 39.6153 ], [ -119.7642, 39.6138 ], [ -119.7621, 39.613 ], [ -119.7611, 39.6101 ], [ -119.757, 39.6075 ], [ -119.755, 39.6073 ], [ -119.7549, 39.6053 ], [ -119.7563, 39.6049 ], [ -119.7584, 39.6033 ], [ -119.758, 39.6023 ], [ -119.7589, 39.6005 ], [ -119.7598, 39.6001 ], [ -119.7806, 39.6 ], [ -119.7807, 39.6071 ], [ -119.7795, 39.6088 ] ] ] } },
{ "type": "Feature", "properties": { "GEOIDFQ": "1400000US32003003428", "NAME": "34.28", "NAMELSAD": "Census Tract 34.28" }, "geometry": { "type": "Polygon", "coordinates": [ [ [ -115.2056, 36.2092 ], [ -115.2055, 36.2097 ], [ -115.1968, 36.2002 ], [ -115.2022, 36.1973 ], [ -115.2039, 36.1959 ], [ -115.2054, 36.1955 ], [ -115.206, 36.1957 ], [ -115.2056, 36.2092 ] ] ] } },
{ "type": "Feature", "properties": { "GEOIDFQ": "1400000US32003003617", "NAME": "36.17", "NAMELSAD": "Census Tract 36.17" }, "geometry": { "type": "Polygon", "coordinates": [ [ [ -115.152, 36.2178 ], [ -115.1518, 36.2031 ], [ -115.1608, 36.2029 ], [ -115.1612, 36.2177 ], [ -115.152, 36.2178 ] ] ] } },
{ "type": "Feature", "properties": { "GEOIDFQ": "1400000US32003003639", "NAME": "36.39", "NAMELSAD": "Census Tract 36.39" }, "geometry": { "type": "Polygon", "coordinates": [ [ [ -115.1542, 36.2618 ], [ -115.1347, 36.2613 ], [ -115.1347, 36.2542 ], [ -115.1531, 36.2544 ], [ -115.1533, 36.2584 ], [ -115.154, 36.2595 ], [ -115.1563, 36.2608 ], [ -115.1567, 36.2612 ], [ -115.1542, 36.2618 ] ] ] } },
{ "type": "Feature", "properties": { "GEOIDFQ": "1400000US32003003636", "NAME": "36.36", "NAMELSAD": "Census Tract 36.36" }, "geometry": { "type": "Polygon", "coordinates": [ [ [ -115.162, 36.2763 ], [ -115.1602, 36.2767 ], [ -115.153, 36.2766 ], [ -115.1532, 36.265 ], [ -115.1542, 36.2618 ], [ -115.1567, 36.2612 ], [ -115.1571, 36.2617 ], [ -115.1583, 36.2648 ], [ -115.1643, 36.2751 ], [ -115.162, 36.2763 ] ] ] } },
{ "type": "Feature", "properties": { "GEOIDFQ": "1400000US32003003630", "NAME": "36.30", "NAMELSAD": "Census Tract 36.30" }, "geometry": { "type": "Polygon", "coordinates": [ [ [ -115.2072, 36.2616 ], [ -115.189, 36.2614 ], [ -115.1894, 36.2468 ], [ -115.2076, 36.2467 ], [ -115.2072, 36.2616 ] ] ] } },
{ "type": "Feature", "properties": { "GEOIDFQ": "1400000US32003003312", "NAME": "33.12", "NAMELSAD": "Census Tract 33.12" }, "geometry": { "type": "Polygon", "coordinates": [ [ [ -115.231, 36.3108 ], [ -115.2312, 36.3167 ], [ -115.2245, 36.3164 ], [ -115.2247, 36.3203 ], [ -115.2159, 36.3204 ], [ -115.2156, 36.3019 ], [ -115.224, 36.3013 ], [ -115.224, 36.3049 ], [ -115.2331, 36.3051 ], [ -115.2333, 36.3109 ], [ -115.231, 36.3108 ] ] ] } },
{ "type": "Feature", "properties": { "GEOIDFQ": "1400000US32003002977", "NAME": "29.77", "NAMELSAD": "Census Tract 29.77" }, "geometry": { "type": "Polygon", "coordinates": [ [ [ -115.2767, 36.0482 ], [ -115.2553, 36.0484 ], [ -115.2525, 36.0479 ], [ -115.2432, 36.0485 ], [ -115.2434, 36.0412 ], [ -115.279, 36.0408 ], [ -115.2791, 36.0477 ], [ -115.2767, 36.0482 ] ] ] } },
{ "type": "Feature", "properties": { "GEOIDFQ": "1400000US32003002982", "NAME": "29.82", "NAMELSAD": "Census Tract 29.82" }, "geometry": { "type": "Polygon", "coordinates": [ [ [ -115.2432, 36.0485 ], [ -115.2134, 36.0497 ], [ -115.2175, 36.0422 ], [ -115.2255, 36.0422 ], [ -115.2434, 36.0413 ], [ -115.2432, 36.0485 ] ] ] } },
{ "type": "Feature", "properties": { "GEOIDFQ": "1400000US32003005822", "NAME": "58.22", "NAMELSAD": "Census Tract 58.22" }, "geometry": { "type": "Polygon", "coordinates": [ [ [ -115.3481, 36.1727 ], [ -115.3413, 36.1702 ], [ -115.3375, 36.1701 ], [ -115.3371, 36.159 ], [ -115.352, 36.1589 ], [ -115.3525, 36.1637 ], [ -115.3555, 36.1715 ], [ -115.3481, 36.1727 ] ] ] } },
{ "type": "Feature", "properties": { "GEOIDFQ": "1400000US32003005841", "NAME": "58.41", "NAMELSAD": "Census Tract 58.41" }, "geometry": { "type": "Polygon", "coordinates": [ [ [ -115.3511, 36.1566 ], [ -115.3518, 36.1576 ], [ -115.352, 36.1589 ], [ -115.3371, 36.159 ], [ -115.3364, 36.135 ], [ -115.336, 36.1321 ], [ -115.335, 36.1296 ], [ -115.3372, 36.1292 ], [ -115.3412, 36.1277 ], [ -115.3446, 36.127 ], [ -115.348, 36.1277 ], [ -115.3508, 36.1297 ], [ -115.3493, 36.1299 ], [ -115.3503, 36.1327 ], [ -115.3498, 36.1333 ], [ -115.3441, 36.1334 ], [ -115.3441, 36.1342 ], [ -115.3474, 36.1346 ], [ -115.348, 36.1353 ], [ -115.3478, 36.1421 ], [ -115.3487, 36.1427 ], [ -115.3502, 36.1428 ], [ -115.3514, 36.1437 ], [ -115.3516, 36.1492 ], [ -115.351, 36.1499 ], [ -115.3514, 36.1505 ], [ -115.3517, 36.1548 ], [ -115.3522, 36.155 ], [ -115.3511, 36.1566 ] ] ] } },
{ "type": "Feature", "properties": { "GEOIDFQ": "1400000US32003005842", "NAME": "58.42", "NAMELSAD": "Census Tract 58.42" }, "geometry": { "type": "Polygon", "coordinates": [ [ [ -115.3509, 36.1298 ], [ -115.348, 36.1277 ], [ -115.3446, 36.127 ], [ -115.3412, 36.1277 ], [ -115.3372, 36.1292 ], [ -115.335, 36.1296 ], [ -115.3321, 36.1254 ], [ -115.3289, 36.1228 ], [ -115.3266, 36.1215 ], [ -115.3282, 36.1193 ], [ -115.329, 36.1173 ], [ -115.3298, 36.1128 ], [ -115.3293, 36.1105 ], [ -115.3335, 36.1098 ], [ -115.3366, 36.1099 ], [ -115.3425, 36.1086 ], [ -115.3445, 36.1086 ], [ -115.3471, 36.1093 ], [ -115.3494, 36.1083 ], [ -115.3516, 36.109 ], [ -115.3525, 36.1087 ], [ -115.3532, 36.1095 ], [ -115.353, 36.1147 ], [ -115.3509, 36.1298 ] ] ] } },
{ "type": "Feature", "properties": { "GEOIDFQ": "1400000US32003002821", "NAME": "28.21", "NAMELSAD": "Census Tract 28.21" }, "geometry": { "type": "Polygon", "coordinates": [ [ [ -115.0913, 36.0856 ], [ -115.0731, 36.0856 ], [ -115.0732, 36.0753 ], [ -115.0727, 36.0732 ], [ -115.0713, 36.0714 ], [ -115.0721, 36.0709 ], [ -115.0824, 36.0709 ], [ -115.0918, 36.0714 ], [ -115.0913, 36.0856 ] ] ] } },
{ "type": "Feature", "properties": { "GEOIDFQ": "1400000US32003002506", "NAME": "25.06", "NAMELSAD": "Census Tract 25.06" }, "geometry": { "type": "Polygon", "coordinates": [ [ [ -115.1286, 36.1147 ], [ -115.1282, 36.1075 ], [ -115.1374, 36.1078 ], [ -115.1379, 36.1146 ], [ -115.1286, 36.1147 ] ] ] } },
{ "type": "Feature", "properties": { "GEOIDFQ": "1400000US32003001801", "NAME": "18.01", "NAMELSAD": "Census Tract 18.01" }, "geometry": { "type": "Polygon", "coordinates": [ [ [ -115.103, 36.1447 ], [ -115.1025, 36.1443 ], [ -115.0998, 36.1444 ], [ -115.0838, 36.1302 ], [ -115.0857, 36.1296 ], [ -115.1053, 36.1297 ], [ -115.1054, 36.1444 ], [ -115.103, 36.1447 ] ] ] } },
{ "type": "Feature", "properties": { "GEOIDFQ": "1400000US32003002706", "NAME": "27.06", "NAMELSAD": "Census Tract 27.06" }, "geometry": { "type": "Polygon", "coordinates": [ [ [ -115.1281, 36.101 ], [ -115.1189, 36.0999 ], [ -115.1189, 36.0965 ], [ -115.1279, 36.0972 ], [ -115.1369, 36.0973 ], [ -115.1369, 36.101 ], [ -115.1281, 36.101 ] ] ] } },
{ "type": "Feature", "properties": { "GEOIDFQ": "1400000US32003005421", "NAME": "54.21", "NAMELSAD": "Census Tract 54.21" }, "geometry": { "type": "Polygon", "coordinates": [ [ [ -114.9678, 36.0555 ], [ -114.9586, 36.0692 ], [ -114.958, 36.0689 ], [ -114.9585, 36.068 ], [ -114.9585, 36.0489 ], [ -114.96, 36.049 ], [ -114.9624, 36.0502 ], [ -114.9697, 36.0502 ], [ -114.9711, 36.0507 ], [ -114.9678, 36.0555 ] ] ] } },
{ "type": "Feature", "properties": { "GEOIDFQ": "1400000US32003005336", "NAME": "53.36", "NAMELSAD": "Census Tract 53.36" }, "geometry": { "type": "Polygon", "coordinates": [ [ [ -114.9746, 36.0332 ], [ -114.9533, 36.0142 ], [ -114.9558, 36.0127 ], [ -114.961, 36.0127 ], [ -114.9644, 36.0157 ], [ -114.9729, 36.0217 ], [ -114.9754, 36.0229 ], [ -114.975, 36.0237 ], [ -114.9787, 36.0251 ], [ -114.9784, 36.0269 ], [ -114.9807, 36.0293 ], [ -114.9746, 36.0332 ] ] ] } },
{ "type": "Feature", "properties": { "GEOIDFQ": "1400000US32003002204", "NAME": "22.04", "NAMELSAD": "Census Tract 22.04" }, "geometry": { "type": "Polygon", "coordinates": [ [ [ -115.1907, 36.1412 ], [ -115.1904, 36.1338 ], [ -115.1993, 36.1336 ], [ -115.1997, 36.1413 ], [ -115.1907, 36.1412 ] ] ] } },
{ "type": "Feature", "properties": { "GEOIDFQ": "1400000US32003001611", "NAME": "16.11", "NAMELSAD": "Census Tract 16.11" }, "geometry": { "type": "Polygon", "coordinates": [ [ [ -115.0623, 36.1591 ], [ -115.0627, 36.1563 ], [ -115.0653, 36.151 ], [ -115.0655, 36.1443 ], [ -115.0742, 36.1443 ], [ -115.0745, 36.159 ], [ -115.0623, 36.1591 ] ] ] } },
{ "type": "Feature", "properties": { "GEOIDFQ": "1400000US32003005337", "NAME": "53.37", "NAMELSAD": "Census Tract 53.37" }, "geometry": { "type": "Polygon", "coordinates": [ [ [ -115.0815, 36.0208 ], [ -115.0798, 36.0206 ], [ -115.0755, 36.0182 ], [ -115.0726, 36.0178 ], [ -115.0699, 36.019 ], [ -115.0663, 36.0231 ], [ -115.0646, 36.0237 ], [ -115.0623, 36.0237 ], [ -115.0629, 36.019 ], [ -115.0657, 36.0153 ], [ -115.0654, 36.0139 ], [ -115.0635, 36.0127 ], [ -115.0831, 36.013 ], [ -115.0829, 36.0178 ], [ -115.0835, 36.0204 ], [ -115.0815, 36.0208 ] ] ] } },
{ "type": "Feature", "properties": { "GEOIDFQ": "1400000US32003001709", "NAME": "17.09", "NAMELSAD": "Census Tract 17.09" }, "geometry": { "type": "Polygon", "coordinates": [ [ [ -115.0918, 36.1296 ], [ -115.089, 36.1296 ], [ -115.0837, 36.122 ], [ -115.083, 36.1196 ], [ -115.0829, 36.1151 ], [ -115.092, 36.1153 ], [ -115.0918, 36.1296 ] ] ] } },
{ "type": "Feature", "properties": { "GEOIDFQ": "1400000US32003001803", "NAME": "18.03", "NAMELSAD": "Census Tract 18.03" }, "geometry": { "type": "Polygon", "coordinates": [ [ [ -115.1186, 36.137 ], [ -115.1054, 36.1371 ], [ -115.1053, 36.1297 ], [ -115.1185, 36.1298 ], [ -115.1186, 36.137 ] ] ] } },
{ "type": "Feature", "properties": { "GEOIDFQ": "1400000US32003005338", "NAME": "53.38", "NAMELSAD": "Census Tract 53.38" }, "geometry": { "type": "Polygon", "coordinates": [ [ [ -115.0831, 36.013 ], [ -115.0635, 36.0127 ], [ -115.0621, 36.0117 ], [ -115.0673, 36.0077 ], [ -115.0729, 36.005 ], [ -115.076, 36.0047 ], [ -115.0798, 36.0057 ], [ -115.0832, 36.0058 ], [ -115.0831, 36.013 ] ] ] } },
{ "type": "Feature", "properties": { "GEOIDFQ": "1400000US32003005341", "NAME": "53.41", "NAMELSAD": "Census Tract 53.41" }, "geometry": { "type": "Polygon", "coordinates": [ [ [ -114.988, 36.0125 ], [ -114.9766, 36.0126 ], [ -114.9766, 36.0009 ], [ -114.9816, 36.003 ], [ -114.9847, 36.0051 ], [ -114.9874, 36.0079 ], [ -114.9899, 36.0119 ], [ -114.988, 36.0125 ] ] ] } },
{ "type": "Feature", "properties": { "GEOIDFQ": "1400000US32003005342", "NAME": "53.42", "NAMELSAD": "Census Tract 53.42" }, "geometry": { "type": "Polygon", "coordinates": [ [ [ -114.9766, 36.0126 ], [ -114.9632, 36.0127 ], [ -114.9633, 36.0 ], [ -114.9719, 36.0001 ], [ -114.9766, 36.0009 ], [ -114.9766, 36.0126 ] ] ] } },
{ "type": "Feature", "properties": { "GEOIDFQ": "1400000US32003005343", "NAME": "53.43", "NAMELSAD": "Census Tract 53.43" }, "geometry": { "type": "Polygon", "coordinates": [ [ [ -114.9632, 36.0127 ], [ -114.9558, 36.0127 ], [ -114.9533, 36.0142 ], [ -114.9367, 35.9994 ], [ -114.9354, 35.9966 ], [ -114.9341, 35.9956 ], [ -114.942, 35.9987 ], [ -114.9457, 35.9997 ], [ -114.9492, 36.0001 ], [ -114.9633, 36.0002 ], [ -114.9632, 36.0127 ] ] ] } },
{ "type": "Feature", "properties": { "GEOIDFQ": "1400000US32031001901", "NAME": "19.01", "NAMELSAD": "Census Tract 19.01" }, "geometry": { "type": "Polygon", "coordinates": [ [ [ -119.7759, 39.539 ], [ -119.7761, 39.5455 ], [ -119.7714, 39.5455 ], [ -119.7715, 39.5416 ], [ -119.7654, 39.5416 ], [ -119.7655, 39.5339 ], [ -119.7719, 39.5339 ], [ -119.7774, 39.5347 ], [ -119.7789, 39.5354 ], [ -119.777, 39.5357 ], [ -119.7772, 39.5367 ], [ -119.7793, 39.5364 ], [ -119.7796, 39.5386 ], [ -119.7759, 39.539 ] ] ] } },
{ "type": "Feature", "properties": { "GEOIDFQ": "1400000US32031003501", "NAME": "35.01", "NAMELSAD": "Census Tract 35.01" }, "geometry": { "type": "Polygon", "coordinates": [ [ [ -119.9992, 39.8749 ], [ -119.9976, 40.0107 ], [ -119.997, 40.1862 ], [ -119.9963, 40.2499 ], [ -119.9965, 40.3181 ], [ -119.9957, 40.3758 ], [ -119.9956, 40.4384 ], [ -119.996, 40.5706 ], [ -119.9988, 40.7739 ], [ -119.9999, 40.9999 ], [ -119.9998, 41.2361 ], [ -120.0001, 41.2498 ], [ -119.9996, 41.4702 ], [ -119.9983, 41.6188 ], [ -119.9989, 41.6249 ], [ -119.9987, 41.7206 ], [ -119.9983, 41.7499 ], [ -119.9993, 41.8749 ], [ -119.9992, 41.9949 ], [ -119.9868, 41.9957 ], [ -119.9479, 41.9968 ], [ -119.8888, 41.9974 ], [ -119.8268, 41.9975 ], [ -119.7897, 41.9974 ], [ -119.756, 41.9965 ], [ -119.7258, 41.9962 ], [ -119.6731, 41.9963 ], [ -119.574, 41.9958 ], [ -119.4555, 41.9957 ], [ -119.3242, 41.9939 ], [ -119.3248, 41.8569 ], [ -119.327, 41.8569 ], [ -119.3271, 41.8424 ], [ -119.3268, 41.8127 ], [ -119.3274, 41.6863 ], [ -119.327, 41.5906 ], [ -119.3211, 41.5909 ], [ -119.3211, 41.5321 ], [ -119.322, 41.4893 ], [ -119.3218, 41.4747 ], [ -119.3231, 41.429 ], [ -119.324, 41.4145 ], [ -119.3046, 41.4147 ], [ -119.3046, 41.3259 ], [ -119.3042, 41.3077 ], [ -119.3057, 41.2345 ], [ -119.3311, 41.2351 ], [ -119.331, 41.1256 ], [ -119.3314, 41.039 ], [ -119.3298, 40.9896 ], [ -119.3298, 40.9604 ], [ -119.3096, 40.9604 ], [ -119.31, 40.9596 ], [ -119.3099, 40.9569 ], [ -119.3093, 40.9549 ], [ -119.3092, 40.8776 ], [ -119.3121, 40.7817 ], [ -119.3114, 40.7499 ], [ -119.3119, 40.744 ], [ -119.3132, 40.6249 ], [ -119.3129, 40.6158 ], [ -119.313, 40.5183 ], [ -119.3385, 40.5178 ], [ -119.3384, 40.3864 ], [ -119.3378, 40.3549 ], [ -119.3388, 40.2499 ], [ -119.3387, 40.1249 ], [ -119.3393, 39.9986 ], [ -119.251, 39.9987 ], [ -119.2501, 39.9992 ], [ -119.2251, 39.9994 ], [ -119.2253, 39.9141 ], [ -119.2261, 39.9068 ], [ -119.2261, 39.8994 ], [ -119.2086, 39.8995 ], [ -119.2083, 39.8749 ], [ -119.2085, 39.81 ], [ -119.1898, 39.81 ], [ -119.1897, 39.7882 ], [ -119.1709, 39.7883 ], [ -119.1712, 39.7372 ], [ -119.1711, 39.7228 ], [ -119.1706, 39.7228 ], [ -119.1706, 39.6805 ], [ -119.1893, 39.6805 ], [ -119.1893, 39.6514 ], [ -119.2573, 39.6513 ], [ -119.2457, 39.6684 ], [ -119.2792, 39.7335 ], [ -119.2873, 39.7499 ], [ -119.3527, 39.8749 ], [ -119.3932, 39.9643 ], [ -119.3829, 39.9995 ], [ -119.3801, 40.0104 ], [ -119.3735, 40.0305 ], [ -119.3699, 40.0445 ], [ -119.3695, 40.0446 ], [ -119.3698, 40.0448 ], [ -119.34, 40.1589 ], [ -119.409, 40.2451 ], [ -119.4133, 40.2499 ], [ -119.5041, 40.3608 ], [ -119.7466, 40.377 ], [ -119.8303, 40.3821 ], [ -119.8254, 40.3696 ], [ -119.7993, 40.2923 ], [ -119.751, 40.1558 ], [ -119.7049, 40.021 ], [ -119.6972, 39.9999 ], [ -119.6875, 39.9695 ], [ -119.626, 39.9116 ], [ -119.6239, 39.91 ], [ -119.5933, 39.8809 ], [ -119.5792, 39.8681 ], [ -119.478, 39.8169 ], [ -119.478, 39.8006 ], [ -119.4582, 39.8007 ], [ -119.4582, 39.8098 ], [ -119.4373, 39.804 ], [ -119.4373, 39.8006 ], [ -119.4256, 39.8007 ], [ -119.4167, 39.7982 ], [ -119.4167, 39.79 ], [ -119.3965, 39.7902 ], [ -119.3964, 39.7776 ], [ -119.3904, 39.7776 ], [ -119.3823, 39.7609 ], [ -119.3961, 39.7609 ], [ -119.3961, 39.7439 ], [ -119.3789, 39.7439 ], [ -119.3789, 39.728 ], [ -119.3665, 39.728 ], [ -119.3615, 39.7177 ], [ -119.3612, 39.7118 ], [ -119.3586, 39.7118 ], [ -119.351, 39.6962 ], [ -119.3609, 39.6962 ], [ -119.3609, 39.6913 ], [ -119.3606, 39.6912 ], [ -119.3609, 39.6902 ], [ -119.3609, 39.6811 ], [ -119.3439, 39.6815 ], [ -119.3206, 39.6335 ], [ -119.3213, 39.6264 ], [ -119.3044, 39.6147 ], [ -119.3107, 39.6146 ], [ -119.3107, 39.6129 ], [ -119.3117, 39.6123 ], [ -119.3124, 39.6108 ], [ -119.3169, 39.6091 ], [ -119.3174, 39.6087 ], [ -119.3175, 39.6076 ], [ -119.3187, 39.6069 ], [ -119.322, 39.6036 ], [ -119.3276, 39.6009 ], [ -119.334, 39.6001 ], [ -119.3395, 39.5966 ], [ -119.3415, 39.5966 ], [ -119.3485, 39.5977 ], [ -119.3553, 39.5971 ], [ -119.3575, 39.5979 ], [ -119.3584, 39.5977 ], [ -119.3592, 39.597 ], [ -119.3595, 39.5973 ], [ -119.3606, 39.5966 ], [ -119.364, 39.5956 ], [ -119.3667, 39.5927 ], [ -119.369, 39.5875 ], [ -119.3706, 39.5869 ], [ -119.3722, 39.5868 ], [ -119.376, 39.5879 ], [ -119.379, 39.5883 ], [ -119.3878, 39.5881 ], [ -119.39, 39.5877 ], [ -119.3916, 39.5868 ], [ -119.3923, 39.5858 ], [ -119.3949, 39.5857 ], [ -119.397, 39.5872 ], [ -119.4009, 39.5883 ], [ -119.4041, 39.5897 ], [ -119.4133, 39.5908 ], [ -119.4173, 39.5894 ], [ -119.4193, 39.5892 ], [ -119.422, 39.5879 ], [ -119.4251, 39.5879 ], [ -119.4266, 39.5875 ], [ -119.429, 39.5878 ], [ -119.4327, 39.5871 ], [ -119.4357, 39.5879 ], [ -119.4376, 39.5877 ], [ -119.4394, 39.5872 ], [ -119.4402, 39.5856 ], [ -119.4435, 39.585 ], [ -119.4465, 39.5858 ], [ -119.4488, 39.5858 ], [ -119.4519, 39.5867 ], [ -119.4525, 39.5882 ], [ -119.4539, 39.5892 ], [ -119.4574, 39.589 ], [ -119.4597, 39.5873 ], [ -119.4643, 39.5847 ], [ -119.4654, 39.5843 ], [ -119.4671, 39.5845 ], [ -119.4678, 39.584 ], [ -119.469, 39.5807 ], [ -119.4683, 39.58 ], [ -119.4685, 39.5784 ], [ -119.4688, 39.5778 ], [ -119.47, 39.578 ], [ -119.4714, 39.5759 ], [ -119.4705, 39.5709 ], [ -119.4692, 39.57 ], [ -119.4719, 39.5673 ], [ -119.4727, 39.566 ], [ -119.4747, 39.5655 ], [ -119.4759, 39.5672 ], [ -119.4772, 39.5672 ], [ -119.4853, 39.5658 ], [ -119.4883, 39.5635 ], [ -119.49, 39.5629 ], [ -119.4946, 39.5632 ], [ -119.4985, 39.5642 ], [ -119.4991, 39.564 ], [ -119.4992, 39.5631 ], [ -119.4999, 39.5628 ], [ -119.5006, 39.5633 ], [ -119.5021, 39.5637 ], [ -119.5038, 39.5623 ], [ -119.5059, 39.5623 ], [ -119.508, 39.5632 ], [ -119.5092, 39.5633 ], [ -119.5104, 39.5632 ], [ -119.5117, 39.5623 ], [ -119.5153, 39.5641 ], [ -119.5196, 39.5643 ], [ -119.5231, 39.565 ], [ -119.526, 39.5664 ], [ -119.5283, 39.5667 ], [ -119.531, 39.566 ], [ -119.5326, 39.5638 ], [ -119.5341, 39.5632 ], [ -119.5367, 39.561 ], [ -119.5382, 39.5609 ], [ -119.5408, 39.5623 ], [ -119.5409, 39.5637 ], [ -119.5475, 39.562 ], [ -119.5737, 39.5503 ], [ -119.5792, 39.5486 ], [ -119.5862, 39.5473 ], [ -119.5918, 39.5453 ], [ -119.5943, 39.544 ], [ -119.5966, 39.5422 ], [ -119.6056, 39.5331 ], [ -119.6088, 39.5312 ], [ -119.6088, 39.5272 ], [ -119.6098, 39.5264 ], [ -119.61, 39.5256 ], [ -119.612, 39.5251 ], [ -119.6153, 39.523 ], [ -119.618, 39.5206 ], [ -119.6189, 39.5187 ], [ -119.6195, 39.5139 ], [ -119.6217, 39.5116 ], [ -119.6232, 39.511 ], [ -119.6271, 39.5109 ], [ -119.6303, 39.5113 ], [ -119.6334, 39.5128 ], [ -119.6366, 39.5121 ], [ -119.6384, 39.5126 ], [ -119.6425, 39.5128 ], [ -119.6435, 39.5126 ], [ -119.6456, 39.5116 ], [ -119.647, 39.5102 ], [ -119.6532, 39.5082 ], [ -119.6567, 39.5086 ], [ -119.6648, 39.5084 ], [ -119.6677, 39.5098 ], [ -119.6698, 39.5114 ], [ -119.6732, 39.5123 ], [ -119.6755, 39.5123 ], [ -119.6774, 39.5128 ], [ -119.6831, 39.5164 ], [ -119.6847, 39.5184 ], [ -119.6869, 39.519 ], [ -119.6897, 39.5213 ], [ -119.6921, 39.5221 ], [ -119.6905, 39.5243 ], [ -119.6894, 39.5251 ], [ -119.6872, 39.526 ], [ -119.6863, 39.526 ], [ -119.6836, 39.5277 ], [ -119.6804, 39.529 ], [ -119.6794, 39.5289 ], [ -119.6793, 39.5273 ], [ -119.678, 39.5279 ], [ -119.6765, 39.5279 ], [ -119.6729, 39.5291 ], [ -119.6721, 39.5307 ], [ -119.67, 39.5325 ], [ -119.6689, 39.5321 ], [ -119.6671, 39.5331 ], [ -119.6621, 39.5328 ], [ -119.6605, 39.5331 ], [ -119.6592, 39.5337 ], [ -119.6583, 39.5347 ], [ -119.6576, 39.5365 ], [ -119.659, 39.5384 ], [ -119.6571, 39.5415 ], [ -119.6574, 39.5426 ], [ -119.6609, 39.5462 ], [ -119.6614, 39.5487 ], [ -119.6611, 39.5504 ], [ -119.6606, 39.5513 ], [ -119.6561, 39.5537 ], [ -119.6534, 39.5544 ], [ -119.6531, 39.5553 ], [ -119.654, 39.556 ], [ -119.6611, 39.5586 ], [ -119.6612, 39.559 ], [ -119.6571, 39.5599 ], [ -119.6513, 39.5631 ], [ -119.6502, 39.5633 ], [ -119.6475, 39.5629 ], [ -119.6456, 39.5637 ], [ -119.6456, 39.5642 ], [ -119.6439, 39.5652 ], [ -119.6403, 39.565 ], [ -119.6412, 39.5667 ], [ -119.6419, 39.5762 ], [ -119.6411, 39.5779 ], [ -119.6335, 39.5808 ], [ -119.6265, 39.5862 ], [ -119.624, 39.5867 ], [ -119.6234, 39.5882 ], [ -119.6208, 39.5894 ], [ -119.6162, 39.5905 ], [ -119.6116, 39.5925 ], [ -119.6113, 39.593 ], [ -119.6158, 39.5964 ], [ -119.6159, 39.5981 ], [ -119.6148, 39.5995 ], [ -119.6069, 39.6026 ], [ -119.6065, 39.6037 ], [ -119.6105, 39.6058 ], [ -119.6097, 39.6068 ], [ -119.6106, 39.6119 ], [ -119.6096, 39.6147 ], [ -119.603, 39.6222 ], [ -119.6007, 39.6259 ], [ -119.5981, 39.635 ], [ -119.5953, 39.6376 ], [ -119.5873, 39.6394 ], [ -119.5831, 39.6425 ], [ -119.5832, 39.6439 ], [ -119.5806, 39.6494 ], [ -119.5815, 39.65 ], [ -119.5832, 39.6493 ], [ -119.5878, 39.6488 ], [ -119.6023, 39.6534 ], [ -119.6059, 39.66 ], [ -119.604, 39.6688 ], [ -119.5956, 39.6759 ], [ -119.5959, 39.6774 ], [ -119.5981, 39.6783 ], [ -119.605, 39.6834 ], [ -119.6054, 39.685 ], [ -119.6041, 39.6866 ], [ -119.5984, 39.6866 ], [ -119.5995, 39.6878 ], [ -119.5997, 39.6895 ], [ -119.5961, 39.6963 ], [ -119.5966, 39.697 ], [ -119.599, 39.6972 ], [ -119.6005, 39.6978 ], [ -119.6008, 39.7009 ], [ -119.6015, 39.7017 ], [ -119.6011, 39.7028 ], [ -119.6014, 39.7041 ], [ -119.6043, 39.7051 ], [ -119.6064, 39.7052 ], [ -119.6081, 39.7048 ], [ -119.6109, 39.7055 ], [ -119.6133, 39.705 ], [ -119.6156, 39.704 ], [ -119.6207, 39.7063 ], [ -119.6222, 39.7066 ], [ -119.6288, 39.7068 ], [ -119.6353, 39.7051 ], [ -119.6375, 39.7051 ], [ -119.6429, 39.7061 ], [ -119.6455, 39.7082 ], [ -119.6469, 39.7086 ], [ -119.6488, 39.7084 ], [ -119.6495, 39.708 ], [ -119.6504, 39.7046 ], [ -119.6511, 39.7036 ], [ -119.6509, 39.7048 ], [ -119.6513, 39.7054 ], [ -119.6525, 39.7059 ], [ -119.6532, 39.7073 ], [ -119.6542, 39.7078 ], [ -119.6571, 39.7088 ], [ -119.662, 39.7092 ], [ -119.6706, 39.7126 ], [ -119.6724, 39.7125 ], [ -119.6765, 39.7135 ], [ -119.6773, 39.7144 ], [ -119.677, 39.7158 ], [ -119.6792, 39.7173 ], [ -119.6784, 39.7198 ], [ -119.6837, 39.7221 ], [ -119.6857, 39.7238 ], [ -119.6878, 39.7265 ], [ -119.6935, 39.7281 ], [ -119.6989, 39.7309 ], [ -119.7026, 39.7303 ], [ -119.7095, 39.7273 ], [ -119.7128, 39.7238 ], [ -119.7141, 39.7232 ], [ -119.7145, 39.7222 ], [ -119.7138, 39.7208 ], [ -119.7138, 39.7168 ], [ -119.7147, 39.7154 ], [ -119.716, 39.7151 ], [ -119.7185, 39.7128 ], [ -119.7199, 39.7132 ], [ -119.7211, 39.7128 ], [ -119.7233, 39.7089 ], [ -119.7274, 39.6996 ], [ -119.7288, 39.6987 ], [ -119.733, 39.6925 ], [ -119.7345, 39.692 ], [ -119.7344, 39.6795 ], [ -119.7533, 39.6795 ], [ -119.7531, 39.682 ], [ -119.7558, 39.6813 ], [ -119.758, 39.6792 ], [ -119.7587, 39.6763 ], [ -119.7568, 39.6723 ], [ -119.7578, 39.6713 ], [ -119.7579, 39.67 ], [ -119.7646, 39.6678 ], [ -119.7672, 39.6663 ], [ -119.7702, 39.6628 ], [ -119.7703, 39.6594 ], [ -119.7717, 39.6583 ], [ -119.7769, 39.6579 ], [ -119.7795, 39.6594 ], [ -119.7812, 39.6616 ], [ -119.7825, 39.6623 ], [ -119.7837, 39.6624 ], [ -119.782, 39.6655 ], [ -119.7857, 39.6721 ], [ -119.7868, 39.6729 ], [ -119.7862, 39.6734 ], [ -119.7832, 39.6794 ], [ -119.8095, 39.6797 ], [ -119.8095, 39.6847 ], [ -119.8125, 39.6876 ], [ -119.8126, 39.6884 ], [ -119.815, 39.6898 ], [ -119.8154, 39.6906 ], [ -119.8144, 39.6931 ], [ -119.8136, 39.6942 ], [ -119.8146, 39.6975 ], [ -119.8138, 39.6992 ], [ -119.8116, 39.7005 ], [ -119.8073, 39.7015 ], [ -119.8062, 39.7024 ], [ -119.8063, 39.703 ], [ -119.8074, 39.705 ], [ -119.809, 39.7051 ], [ -119.8086, 39.7064 ], [ -119.8093, 39.7076 ], [ -119.8094, 39.709 ], [ -119.8097, 39.7096 ], [ -119.811, 39.7102 ], [ -119.8114, 39.7145 ], [ -119.8128, 39.716 ], [ -119.8137, 39.7186 ], [ -119.8151, 39.7189 ], [ -119.8175, 39.7205 ], [ -119.8204, 39.7252 ], [ -119.8249, 39.7271 ], [ -119.8253, 39.7301 ], [ -119.8284, 39.7327 ], [ -119.8273, 39.7343 ], [ -119.8259, 39.7413 ], [ -119.8271, 39.7451 ], [ -119.8301, 39.748 ], [ -119.8353, 39.7446 ], [ -119.8396, 39.743 ], [ -119.8404, 39.742 ], [ -119.8425, 39.7421 ], [ -119.8443, 39.7413 ], [ -119.8474, 39.7384 ], [ -119.8503, 39.7374 ], [ -119.8583, 39.737 ], [ -119.8639, 39.734 ], [ -119.873, 39.7233 ], [ -119.8743, 39.723 ], [ -119.8811, 39.723 ], [ -119.8818, 39.7208 ], [ -119.884, 39.7195 ], [ -119.8998, 39.7144 ], [ -119.906, 39.707 ], [ -119.9095, 39.7004 ], [ -119.9129, 39.7021 ], [ -119.9152, 39.7026 ], [ -119.9184, 39.7022 ], [ -119.9196, 39.7015 ], [ -119.9204, 39.7019 ], [ -119.9212, 39.7028 ], [ -119.9217, 39.7043 ], [ -119.9213, 39.7049 ], [ -119.923, 39.7055 ], [ -119.9246, 39.707 ], [ -119.9259, 39.7086 ], [ -119.927, 39.711 ], [ -119.9296, 39.7142 ], [ -119.9314, 39.7153 ], [ -119.9354, 39.7162 ], [ -119.9373, 39.7156 ], [ -119.939, 39.7156 ], [ -119.9413, 39.7144 ], [ -119.9447, 39.7141 ], [ -119.9468, 39.7133 ], [ -119.9504, 39.7141 ], [ -119.9537, 39.7132 ], [ -119.9559, 39.7134 ], [ -119.9569, 39.7137 ], [ -119.9561, 39.7153 ], [ -119.9629, 39.7157 ], [ -119.9628, 39.7146 ], [ -119.9642, 39.7108 ], [ -119.9652, 39.7093 ], [ -119.9692, 39.7109 ], [ -119.9785, 39.7114 ], [ -119.9799, 39.7119 ], [ -119.9823, 39.7141 ], [ -119.9844, 39.7141 ], [ -119.9835, 39.7179 ], [ -119.9831, 39.7233 ], [ -119.9847, 39.7302 ], [ -119.9863, 39.7334 ], [ -119.987, 39.7316 ], [ -119.9884, 39.7309 ], [ -119.9882, 39.7298 ], [ -119.9875, 39.7296 ], [ -119.9877, 39.7289 ], [ -119.9885, 39.7287 ], [ -119.9908, 39.7307 ], [ -119.9921, 39.7324 ], [ -119.9947, 39.7335 ], [ -119.9959, 39.7334 ], [ -119.9959, 39.734 ], [ -119.996, 39.7337 ], [ -119.9972, 39.736 ], [ -119.9972, 39.735 ], [ -119.9992, 39.7349 ], [ -119.9995, 39.7344 ], [ -120.001, 39.7342 ], [ -120.0011, 39.7526 ], [ -119.9992, 39.8749 ] ] ] } },
{ "type": "Feature", "properties": { "GEOIDFQ": "1400000US32031001104", "NAME": "11.04", "NAMELSAD": "Census Tract 11.04" }, "geometry": { "type": "Polygon", "coordinates": [ [ [ -119.8459, 39.4869 ], [ -119.8455, 39.4901 ], [ -119.843, 39.4902 ], [ -119.8424, 39.4899 ], [ -119.8411, 39.4902 ], [ -119.8411, 39.4911 ], [ -119.8445, 39.4912 ], [ -119.8448, 39.4921 ], [ -119.8443, 39.4931 ], [ -119.8446, 39.4948 ], [ -119.8431, 39.496 ], [ -119.8391, 39.4983 ], [ -119.8372, 39.4988 ], [ -119.8372, 39.5007 ], [ -119.8358, 39.5007 ], [ -119.8358, 39.505 ], [ -119.8172, 39.5055 ], [ -119.8172, 39.5007 ], [ -119.821, 39.5005 ], [ -119.8226, 39.4994 ], [ -119.8261, 39.4979 ], [ -119.8283, 39.4911 ], [ -119.8299, 39.4897 ], [ -119.834, 39.4836 ], [ -119.8397, 39.4785 ], [ -119.8428, 39.4783 ], [ -119.8444, 39.4773 ], [ -119.8465, 39.4797 ], [ -119.8493, 39.4813 ], [ -119.8526, 39.485 ], [ -119.8459, 39.4869 ] ] ] } },
{ "type": "Feature", "properties": { "GEOIDFQ": "1400000US32031002603", "NAME": "26.03", "NAMELSAD": "Census Tract 26.03" }, "geometry": { "type": "Polygon", "coordinates": [ [ [ -119.9385, 39.6798 ], [ -119.9387, 39.6807 ], [ -119.9357, 39.6843 ], [ -119.9317, 39.6875 ], [ -119.9314, 39.6902 ], [ -119.9301, 39.6928 ], [ -119.9286, 39.6937 ], [ -119.9262, 39.6967 ], [ -119.9233, 39.6984 ], [ -119.9213, 39.7003 ], [ -119.9189, 39.702 ], [ -119.9156, 39.7026 ], [ -119.9133, 39.7022 ], [ -119.9095, 39.7004 ], [ -119.9142, 39.6922 ], [ -119.9186, 39.6866 ], [ -119.9126, 39.6864 ], [ -119.9104, 39.6874 ], [ -119.9059, 39.6874 ], [ -119.9036, 39.687 ], [ -119.9036, 39.6593 ], [ -119.9032, 39.6574 ], [ -119.9032, 39.6503 ], [ -119.9017, 39.6499 ], [ -119.9014, 39.6475 ], [ -119.9003, 39.647 ], [ -119.8986, 39.6469 ], [ -119.8986, 39.6428 ], [ -119.897, 39.6428 ], [ -119.8972, 39.638 ], [ -119.898, 39.6367 ], [ -119.8993, 39.6356 ], [ -119.9018, 39.6348 ], [ -119.9079, 39.6347 ], [ -119.917, 39.6317 ], [ -119.919, 39.6354 ], [ -119.9242, 39.6394 ], [ -119.925, 39.6405 ], [ -119.9271, 39.6475 ], [ -119.9275, 39.6492 ], [ -119.9272, 39.6504 ], [ -119.9356, 39.6627 ], [ -119.9362, 39.663 ], [ -119.9389, 39.6677 ], [ -119.9388, 39.6684 ], [ -119.9366, 39.6695 ], [ -119.9361, 39.6701 ], [ -119.9373, 39.672 ], [ -119.9371, 39.6741 ], [ -119.9391, 39.6787 ], [ -119.9385, 39.6798 ] ] ] } },
{ "type": "Feature", "properties": { "GEOIDFQ": "1400000US32031002103", "NAME": "21.03", "NAMELSAD": "Census Tract 21.03" }, "geometry": { "type": "Polygon", "coordinates": [ [ [ -119.7508, 39.5005 ], [ -119.7482, 39.5057 ], [ -119.7478, 39.5056 ], [ -119.7409, 39.5174 ], [ -119.7392, 39.5169 ], [ -119.7375, 39.5146 ], [ -119.7347, 39.514 ], [ -119.7323, 39.5119 ], [ -119.7295, 39.513 ], [ -119.7291, 39.5144 ], [ -119.7277, 39.5149 ], [ -119.7253, 39.5149 ], [ -119.7228, 39.5143 ], [ -119.721, 39.5146 ], [ -119.7189, 39.5158 ], [ -119.7181, 39.5172 ], [ -119.7168, 39.5178 ], [ -119.7149, 39.5179 ], [ -119.7135, 39.5197 ], [ -119.7117, 39.5204 ], [ -119.7023, 39.5207 ], [ -119.7001, 39.5202 ], [ -119.6997, 39.5194 ], [ -119.6987, 39.5191 ], [ -119.6943, 39.5218 ], [ -119.6921, 39.522 ], [ -119.6906, 39.5218 ], [ -119.6882, 39.5202 ], [ -119.6883, 39.52 ], [ -119.6956, 39.52 ], [ -119.6962, 39.4491 ], [ -119.6975, 39.448 ], [ -119.6984, 39.4463 ], [ -119.7013, 39.4443 ], [ -119.7016, 39.4432 ], [ -119.7052, 39.4423 ], [ -119.7074, 39.4424 ], [ -119.7075, 39.4405 ], [ -119.7154, 39.4408 ], [ -119.7154, 39.4414 ], [ -119.7163, 39.4421 ], [ -119.7159, 39.4437 ], [ -119.7162, 39.445 ], [ -119.7157, 39.4458 ], [ -119.7161, 39.4475 ], [ -119.7198, 39.4496 ], [ -119.7212, 39.4512 ], [ -119.7224, 39.4608 ], [ -119.7283, 39.4662 ], [ -119.7265, 39.4674 ], [ -119.7209, 39.474 ], [ -119.7209, 39.4763 ], [ -119.7234, 39.4765 ], [ -119.7234, 39.4796 ], [ -119.7209, 39.4792 ], [ -119.7197, 39.4799 ], [ -119.7216, 39.4811 ], [ -119.7201, 39.4837 ], [ -119.7188, 39.4845 ], [ -119.7198, 39.4863 ], [ -119.7193, 39.4902 ], [ -119.7158, 39.4902 ], [ -119.7159, 39.4924 ], [ -119.7167, 39.4938 ], [ -119.7159, 39.4944 ], [ -119.7162, 39.4956 ], [ -119.7157, 39.4965 ], [ -119.7157, 39.4982 ], [ -119.7237, 39.4982 ], [ -119.7257, 39.4968 ], [ -119.7258, 39.4963 ], [ -119.7274, 39.4957 ], [ -119.7281, 39.4957 ], [ -119.7305, 39.4969 ], [ -119.7325, 39.4958 ], [ -119.7331, 39.4945 ], [ -119.7363, 39.4938 ], [ -119.7381, 39.4926 ], [ -119.7409, 39.4914 ], [ -119.7416, 39.4901 ], [ -119.7427, 39.4896 ], [ -119.745, 39.4899 ], [ -119.7455, 39.4908 ], [ -119.7466, 39.4914 ], [ -119.747, 39.4919 ], [ -119.7466, 39.4928 ], [ -119.7471, 39.4939 ], [ -119.7489, 39.4933 ], [ -119.7505, 39.4933 ], [ -119.7546, 39.4949 ], [ -119.7508, 39.5005 ] ] ] } },
{ "type": "Feature", "properties": { "GEOIDFQ": "1400000US32031002104", "NAME": "21.04", "NAMELSAD": "Census Tract 21.04" }, "geometry": { "type": "Polygon", "coordinates": [ [ [ -119.7628, 39.4769 ], [ -119.7593, 39.4775 ], [ -119.7517, 39.4799 ], [ -119.7496, 39.4813 ], [ -119.7484, 39.4829 ], [ -119.7471, 39.4825 ], [ -119.7469, 39.4818 ], [ -119.7463, 39.4816 ], [ -119.7377, 39.4828 ], [ -119.7374, 39.4848 ], [ -119.7393, 39.4869 ], [ -119.7393, 39.4879 ], [ -119.7367, 39.4894 ], [ -119.7361, 39.4908 ], [ -119.7337, 39.492 ], [ -119.7291, 39.4931 ], [ -119.7281, 39.4937 ], [ -119.7262, 39.4939 ], [ -119.7257, 39.4946 ], [ -119.7271, 39.4952 ], [ -119.727, 39.496 ], [ -119.7258, 39.4963 ], [ -119.7257, 39.4968 ], [ -119.7237, 39.4982 ], [ -119.7157, 39.4982 ], [ -119.7157, 39.4965 ], [ -119.7162, 39.4956 ], [ -119.7159, 39.4944 ], [ -119.7167, 39.4938 ], [ -119.7159, 39.4924 ], [ -119.7158, 39.4902 ], [ -119.7193, 39.4902 ], [ -119.7198, 39.4863 ], [ -119.7188, 39.4845 ], [ -119.7201, 39.4837 ], [ -119.7216, 39.4811 ], [ -119.7197, 39.4799 ], [ -119.7209, 39.4792 ], [ -119.7234, 39.4796 ], [ -119.7234, 39.4765 ], [ -119.7209, 39.4763 ], [ -119.7209, 39.474 ], [ -119.7265, 39.4674 ], [ -119.7283, 39.4662 ], [ -119.7339, 39.4662 ], [ -119.737, 39.464 ], [ -119.7402, 39.4632 ], [ -119.7409, 39.461 ], [ -119.7418, 39.4604 ], [ -119.7428, 39.4605 ], [ -119.7435, 39.4611 ], [ -119.7449, 39.4641 ], [ -119.7437, 39.4665 ], [ -119.7444, 39.4676 ], [ -119.7462, 39.4678 ], [ -119.7481, 39.4685 ], [ -119.7519, 39.4665 ], [ -119.7529, 39.4666 ], [ -119.7554, 39.4697 ], [ -119.7564, 39.4699 ], [ -119.7584, 39.4693 ], [ -119.7602, 39.4704 ], [ -119.7622, 39.4707 ], [ -119.7632, 39.4745 ], [ -119.7628, 39.4769 ] ] ] } },
{ "type": "Feature", "properties": { "GEOIDFQ": "1400000US32031001105", "NAME": "11.05", "NAMELSAD": "Census Tract 11.05" }, "geometry": { "type": "Polygon", "coordinates": [ [ [ -119.8642, 39.4903 ], [ -119.8592, 39.4966 ], [ -119.8581, 39.5013 ], [ -119.8586, 39.5039 ], [ -119.8586, 39.5102 ], [ -119.859, 39.5119 ], [ -119.8574, 39.512 ], [ -119.8543, 39.5114 ], [ -119.8524, 39.5116 ], [ -119.8523, 39.5108 ], [ -119.8516, 39.5109 ], [ -119.8517, 39.509 ], [ -119.8507, 39.509 ], [ -119.8508, 39.5075 ], [ -119.85, 39.5073 ], [ -119.8485, 39.5057 ], [ -119.8414, 39.5084 ], [ -119.841, 39.505 ], [ -119.8358, 39.505 ], [ -119.8358, 39.5007 ], [ -119.8372, 39.5007 ], [ -119.8372, 39.4988 ], [ -119.8391, 39.4983 ], [ -119.8431, 39.496 ], [ -119.8446, 39.4949 ], [ -119.8445, 39.4912 ], [ -119.8411, 39.4911 ], [ -119.8411, 39.4902 ], [ -119.8424, 39.4899 ], [ -119.843, 39.4902 ], [ -119.8456, 39.4901 ], [ -119.8459, 39.4869 ], [ -119.8527, 39.4849 ], [ -119.8545, 39.4866 ], [ -119.8561, 39.4872 ], [ -119.8578, 39.4872 ], [ -119.8604, 39.4862 ], [ -119.8625, 39.4864 ], [ -119.8641, 39.4874 ], [ -119.8647, 39.4889 ], [ -119.8642, 39.4903 ] ] ] } },
{ "type": "Feature", "properties": { "GEOIDFQ": "1400000US32031001103", "NAME": "11.03", "NAMELSAD": "Census Tract 11.03" }, "geometry": { "type": "Polygon", "coordinates": [ [ [ -119.8959, 39.4927 ], [ -119.8918, 39.4975 ], [ -119.8917, 39.4986 ], [ -119.8894, 39.5026 ], [ -119.8897, 39.5039 ], [ -119.8903, 39.5038 ], [ -119.8915, 39.5047 ], [ -119.8914, 39.506 ], [ -119.891, 39.5066 ], [ -119.8877, 39.5073 ], [ -119.8841, 39.5064 ], [ -119.8761, 39.5101 ], [ -119.8696, 39.51 ], [ -119.8641, 39.5107 ], [ -119.859, 39.5119 ], [ -119.8582, 39.501 ], [ -119.8594, 39.4961 ], [ -119.8644, 39.4901 ], [ -119.8647, 39.4889 ], [ -119.8644, 39.4879 ], [ -119.8634, 39.4868 ], [ -119.8617, 39.4862 ], [ -119.8602, 39.4863 ], [ -119.857, 39.4873 ], [ -119.8547, 39.4868 ], [ -119.8492, 39.4812 ], [ -119.8467, 39.4799 ], [ -119.8451, 39.4779 ], [ -119.8412, 39.4751 ], [ -119.8436, 39.4729 ], [ -119.8446, 39.4729 ], [ -119.8472, 39.4732 ], [ -119.8486, 39.475 ], [ -119.8516, 39.475 ], [ -119.8539, 39.4743 ], [ -119.8575, 39.4718 ], [ -119.8579, 39.4736 ], [ -119.8596, 39.4741 ], [ -119.8606, 39.4739 ], [ -119.8623, 39.4757 ], [ -119.8688, 39.473 ], [ -119.8694, 39.4726 ], [ -119.8698, 39.4713 ], [ -119.8704, 39.4708 ], [ -119.8722, 39.4702 ], [ -119.8728, 39.4761 ], [ -119.891, 39.4763 ], [ -119.8913, 39.4871 ], [ -119.8957, 39.4871 ], [ -119.8959, 39.4909 ], [ -119.8997, 39.4906 ], [ -119.8959, 39.4927 ] ] ] } },
{ "type": "Feature", "properties": { "GEOIDFQ": "1400000US32005001000", "NAME": "10", "NAMELSAD": "Census Tract 10" }, "geometry": { "type": "Polygon", "coordinates": [ [ [ -119.7414, 38.9208 ], [ -119.7386, 38.9179 ], [ -119.7289, 38.918 ], [ -119.728, 38.9176 ], [ -119.7261, 38.9175 ], [ -119.724, 38.9169 ], [ -119.7223, 38.9171 ], [ -119.7175, 38.9146 ], [ -119.7159, 38.9156 ], [ -119.7138, 38.914 ], [ -119.7145, 38.914 ], [ -119.7145, 38.9046 ], [ -119.7128, 38.9047 ], [ -119.7123, 38.9034 ], [ -119.719, 38.9034 ], [ -119.719, 38.9002 ], [ -119.7239, 38.9002 ], [ -119.7239, 38.8955 ], [ -119.7318, 38.8955 ], [ -119.7318, 38.8968 ], [ -119.7373, 38.8968 ], [ -119.7385, 38.8978 ], [ -119.7421, 38.8978 ], [ -119.7421, 38.9141 ], [ -119.7469, 38.9142 ], [ -119.7469, 38.9227 ], [ -119.7414, 38.9208 ] ] ] } },
{ "type": "Feature", "properties": { "GEOIDFQ": "1400000US32005002100", "NAME": "21", "NAMELSAD": "Census Tract 21" }, "geometry": { "type": "Polygon", "coordinates": [ [ [ -119.7751, 39.0913 ], [ -119.7747, 39.1041 ], [ -119.7731, 39.114 ], [ -119.7612, 39.114 ], [ -119.7612, 39.0995 ], [ -119.7522, 39.0995 ], [ -119.7521, 39.087 ], [ -119.7532, 39.0863 ], [ -119.7543, 39.0847 ], [ -119.756, 39.084 ], [ -119.7646, 39.0755 ], [ -119.7665, 39.0755 ], [ -119.7695, 39.0745 ], [ -119.7739, 39.0742 ], [ -119.7739, 39.0739 ], [ -119.779, 39.0739 ], [ -119.7791, 39.0751 ], [ -119.7751, 39.0913 ] ] ] } },
{ "type": "Feature", "properties": { "GEOIDFQ": "1400000US32003000108", "NAME": "1.08", "NAMELSAD": "Census Tract 1.08" }, "geometry": { "type": "Polygon", "coordinates": [ [ [ -115.2151, 36.1882 ], [ -115.2061, 36.1882 ], [ -115.2059, 36.1734 ], [ -115.2131, 36.1738 ], [ -115.21, 36.1742 ], [ -115.2101, 36.181 ], [ -115.215, 36.181 ], [ -115.2151, 36.1882 ] ] ] } },
{ "type": "Feature", "properties": { "GEOIDFQ": "1400000US32003005834", "NAME": "58.34", "NAMELSAD": "Census Tract 58.34" }, "geometry": { "type": "Polygon", "coordinates": [ [ [ -115.2078, 36.0326 ], [ -115.1848, 36.0431 ], [ -115.1828, 36.0435 ], [ -115.1806, 36.0436 ], [ -115.1806, 36.0284 ], [ -115.181, 36.0284 ], [ -115.1805, 36.0098 ], [ -115.1808, 35.999 ], [ -115.2076, 35.9986 ], [ -115.2078, 36.0326 ] ] ] } },
{ "type": "Feature", "properties": { "GEOIDFQ": "1400000US32003005349", "NAME": "53.49", "NAMELSAD": "Census Tract 53.49" }, "geometry": { "type": "Polygon", "coordinates": [ [ [ -115.1015, 36.0164 ], [ -115.1007, 36.0183 ], [ -115.1006, 36.0234 ], [ -115.093, 36.0234 ], [ -115.0914, 36.0198 ], [ -115.0914, 36.017 ], [ -115.0922, 36.0153 ], [ -115.0944, 36.0132 ], [ -115.0953, 36.0116 ], [ -115.0956, 36.0059 ], [ -115.0972, 36.0059 ], [ -115.0986, 36.0054 ], [ -115.1022, 36.0013 ], [ -115.1047, 35.9992 ], [ -115.1144, 36.0073 ], [ -115.1015, 36.0164 ] ] ] } },
{ "type": "Feature", "properties": { "GEOIDFQ": "1400000US32003002846", "NAME": "28.46", "NAMELSAD": "Census Tract 28.46" }, "geometry": { "type": "Polygon", "coordinates": [ [ [ -115.1367, 36.0133 ], [ -115.1188, 36.0133 ], [ -115.1182, 36.0108 ], [ -115.1144, 36.0073 ], [ -115.1204, 36.0028 ], [ -115.1211, 36.0043 ], [ -115.1279, 36.0044 ], [ -115.1278, 36.0062 ], [ -115.1369, 36.0064 ], [ -115.1367, 36.0133 ] ] ] } },
{ "type": "Feature", "properties": { "GEOIDFQ": "1400000US32003002844", "NAME": "28.44", "NAMELSAD": "Census Tract 28.44" }, "geometry": { "type": "Polygon", "coordinates": [ [ [ -115.1549, 36.0066 ], [ -115.1369, 36.0063 ], [ -115.1369, 35.9991 ], [ -115.1549, 35.9993 ], [ -115.1549, 36.0066 ] ] ] } },
{ "type": "Feature", "properties": { "GEOIDFQ": "1400000US32003005346", "NAME": "53.46", "NAMELSAD": "Census Tract 53.46" }, "geometry": { "type": "Polygon", "coordinates": [ [ [ -115.1144, 36.0073 ], [ -115.1017, 35.9967 ], [ -115.101, 35.9953 ], [ -115.1009, 35.9925 ], [ -115.105, 35.9924 ], [ -115.1091, 35.9914 ], [ -115.1208, 35.9917 ], [ -115.1213, 35.9944 ], [ -115.1259, 35.9989 ], [ -115.1144, 36.0073 ] ] ] } },
{ "type": "Feature", "properties": { "GEOIDFQ": "1400000US32023960408", "NAME": "9604.08", "NAMELSAD": "Census Tract 9604.08" }, "geometry": { "type": "Polygon", "coordinates": [ [ [ -116.0676, 36.1851 ], [ -116.0391, 36.2029 ], [ -116.0353, 36.2044 ], [ -116.0316, 36.2051 ], [ -116.0142, 36.2051 ], [ -116.0144, 36.1982 ], [ -116.0184, 36.1931 ], [ -116.019, 36.1912 ], [ -116.0161, 36.1911 ], [ -116.0157, 36.1897 ], [ -116.0135, 36.1873 ], [ -116.0061, 36.1913 ], [ -116.0041, 36.1918 ], [ -116.0022, 36.1919 ], [ -116.0021, 36.1877 ], [ -116.0012, 36.1852 ], [ -115.9991, 36.1833 ], [ -115.9936, 36.1805 ], [ -115.995, 36.1786 ], [ -115.9954, 36.1772 ], [ -115.9954, 36.161 ], [ -116.0676, 36.1611 ], [ -116.068, 36.1758 ], [ -116.0676, 36.1851 ] ] ] } },
{ "type": "Feature", "properties": { "GEOIDFQ": "1400000US32023960416", "NAME": "9604.16", "NAMELSAD": "Census Tract 9604.16" }, "geometry": { "type": "Polygon", "coordinates": [ [ [ -116.1873, 36.299 ], [ -116.1688, 36.286 ], [ -116.1636, 36.2853 ], [ -116.1603, 36.2858 ], [ -116.1554, 36.2874 ], [ -116.1533, 36.2871 ], [ -116.1481, 36.2847 ], [ -116.142, 36.2784 ], [ -116.1345, 36.2742 ], [ -116.1321, 36.2736 ], [ -116.1216, 36.2728 ], [ -116.1041, 36.2643 ], [ -116.104, 36.2528 ], [ -116.0949, 36.2528 ], [ -116.095, 36.2491 ], [ -116.0859, 36.2491 ], [ -116.0857, 36.2636 ], [ -116.0681, 36.2638 ], [ -116.0675, 36.2491 ], [ -116.0679, 36.2339 ], [ -116.0674, 36.2193 ], [ -116.0676, 36.1851 ], [ -116.0764, 36.1795 ], [ -116.0871, 36.1751 ], [ -116.0957, 36.1702 ], [ -116.0991, 36.1691 ], [ -116.1085, 36.1671 ], [ -116.122, 36.1776 ], [ -116.1267, 36.185 ], [ -116.1305, 36.1887 ], [ -116.1364, 36.1971 ], [ -116.1444, 36.2234 ], [ -116.1509, 36.2303 ], [ -116.1542, 36.2351 ], [ -116.1594, 36.2454 ], [ -116.1641, 36.2588 ], [ -116.1776, 36.2718 ], [ -116.1853, 36.282 ], [ -116.1881, 36.2981 ], [ -116.1873, 36.299 ] ] ] } },
{ "type": "Feature", "properties": { "GEOIDFQ": "1400000US32023960411", "NAME": "9604.11", "NAMELSAD": "Census Tract 9604.11" }, "geometry": { "type": "Polygon", "coordinates": [ [ [ -116.302, 36.4096 ], [ -116.2995, 36.4097 ], [ -116.2975, 36.4104 ], [ -116.295, 36.4127 ], [ -116.2926, 36.4166 ], [ -116.2886, 36.4251 ], [ -116.2873, 36.4304 ], [ -116.2855, 36.433 ], [ -116.2828, 36.4346 ], [ -116.2783, 36.4356 ], [ -116.2766, 36.4364 ], [ -116.2765, 36.4427 ], [ -116.2747, 36.4462 ], [ -116.2736, 36.4469 ], [ -116.2713, 36.4461 ], [ -116.2701, 36.4463 ], [ -116.2583, 36.4534 ], [ -116.25, 36.4573 ], [ -116.247, 36.4598 ], [ -116.2445, 36.4612 ], [ -116.2395, 36.4664 ], [ -116.2361, 36.4687 ], [ -116.2358, 36.4776 ], [ -116.2366, 36.488 ], [ -116.2374, 36.49 ], [ -116.2384, 36.4911 ], [ -116.2852, 36.5071 ], [ -116.2834, 36.5138 ], [ -116.2824, 36.5151 ], [ -116.2815, 36.5179 ], [ -116.2736, 36.5333 ], [ -116.272, 36.5371 ], [ -116.271, 36.5383 ], [ -116.2681, 36.5439 ], [ -116.2638, 36.5534 ], [ -116.2625, 36.5553 ], [ -116.2608, 36.5607 ], [ -116.2566, 36.5676 ], [ -116.2548, 36.5714 ], [ -116.2469, 36.5897 ], [ -116.2407, 36.5975 ], [ -116.2424, 36.5983 ], [ -116.2386, 36.6061 ], [ -116.2361, 36.6092 ], [ -116.2302, 36.6189 ], [ -116.2282, 36.6212 ], [ -116.2263, 36.6256 ], [ -116.224, 36.6291 ], [ -116.2233, 36.6316 ], [ -116.2152, 36.6389 ], [ -116.2093, 36.6459 ], [ -116.2082, 36.6501 ], [ -116.2085, 36.6531 ], [ -116.2043, 36.6588 ], [ -116.2039, 36.6598 ], [ -116.204, 36.6624 ], [ -116.2047, 36.664 ], [ -116.2046, 36.6705 ], [ -116.2041, 36.6727 ], [ -116.1654, 36.6729 ], [ -116.1396, 36.6735 ], [ -116.1371, 36.6718 ], [ -116.0679, 36.624 ], [ -116.0674, 36.5815 ], [ -116.0592, 36.5866 ], [ -116.0512, 36.589 ], [ -116.0175, 36.5954 ], [ -115.9741, 36.6027 ], [ -115.9747, 36.6564 ], [ -115.9754, 36.676 ], [ -115.9632, 36.6759 ], [ -115.931, 36.6764 ], [ -115.9309, 36.6839 ], [ -115.8957, 36.684 ], [ -115.8951, 36.4225 ], [ -115.8953, 36.3211 ], [ -115.8987, 36.3197 ], [ -115.9018, 36.3157 ], [ -115.9073, 36.3149 ], [ -115.9173, 36.3102 ], [ -115.9233, 36.3059 ], [ -115.9281, 36.3045 ], [ -115.9328, 36.302 ], [ -115.9333, 36.3014 ], [ -115.9354, 36.3008 ], [ -115.9371, 36.2995 ], [ -115.9407, 36.2984 ], [ -115.9441, 36.2984 ], [ -115.9461, 36.298 ], [ -115.95, 36.2952 ], [ -115.9528, 36.2949 ], [ -115.9557, 36.293 ], [ -115.9581, 36.2922 ], [ -115.9602, 36.2921 ], [ -115.9604, 36.2931 ], [ -115.9827, 36.2931 ], [ -115.9838, 36.2933 ], [ -115.9878, 36.2928 ], [ -115.9902, 36.2931 ], [ -116.0144, 36.2933 ], [ -116.0326, 36.2929 ], [ -116.0509, 36.2928 ], [ -116.0504, 36.2638 ], [ -116.0857, 36.2636 ], [ -116.0859, 36.2491 ], [ -116.095, 36.2491 ], [ -116.0949, 36.2528 ], [ -116.104, 36.2528 ], [ -116.1041, 36.2643 ], [ -116.1216, 36.2728 ], [ -116.1321, 36.2736 ], [ -116.1345, 36.2742 ], [ -116.142, 36.2784 ], [ -116.1481, 36.2847 ], [ -116.1533, 36.2871 ], [ -116.1554, 36.2874 ], [ -116.1603, 36.2858 ], [ -116.1636, 36.2853 ], [ -116.1676, 36.2856 ], [ -116.1693, 36.2862 ], [ -116.1978, 36.3065 ], [ -116.228, 36.3388 ], [ -116.2466, 36.369 ], [ -116.2556, 36.3791 ], [ -116.2598, 36.3879 ], [ -116.2626, 36.3908 ], [ -116.2648, 36.3919 ], [ -116.2679, 36.3926 ], [ -116.2814, 36.3933 ], [ -116.2999, 36.3935 ], [ -116.3012, 36.3941 ], [ -116.3018, 36.3949 ], [ -116.302, 36.4096 ] ] ] } },
{ "type": "Feature", "properties": { "GEOIDFQ": "1400000US32023960413", "NAME": "9604.13", "NAMELSAD": "Census Tract 9604.13" }, "geometry": { "type": "Polygon", "coordinates": [ [ [ -116.0504, 36.2638 ], [ -116.0031, 36.2637 ], [ -116.005, 36.2557 ], [ -116.005, 36.2516 ], [ -115.9942, 36.2196 ], [ -116.0504, 36.2196 ], [ -116.0504, 36.2638 ] ] ] } },
{ "type": "Feature", "properties": { "GEOIDFQ": "1400000US32023960410", "NAME": "9604.10", "NAMELSAD": "Census Tract 9604.10" }, "geometry": { "type": "Polygon", "coordinates": [ [ [ -115.9568, 36.0627 ], [ -115.9578, 36.1088 ], [ -115.9576, 36.1464 ], [ -115.905, 36.1464 ], [ -115.905, 36.1491 ], [ -115.9041, 36.15 ], [ -115.894, 36.1501 ], [ -115.8894, 36.1467 ], [ -115.8458, 36.1202 ], [ -115.8455, 35.9866 ], [ -115.846, 35.9637 ], [ -115.9187, 36.0199 ], [ -115.9624, 36.0541 ], [ -115.9568, 36.0627 ] ] ] } },
{ "type": "Feature", "properties": { "GEOIDFQ": "1400000US32023960415", "NAME": "9604.15", "NAMELSAD": "Census Tract 9604.15" }, "geometry": { "type": "Polygon", "coordinates": [ [ [ -116.0504, 36.2638 ], [ -116.0506, 36.2336 ], [ -116.05, 36.1961 ], [ -116.0676, 36.1851 ], [ -116.0674, 36.2193 ], [ -116.0679, 36.2339 ], [ -116.0675, 36.2491 ], [ -116.0681, 36.2638 ], [ -116.0504, 36.2638 ] ] ] } },
{ "type": "Feature", "properties": { "GEOIDFQ": "1400000US32023960414", "NAME": "9604.14", "NAMELSAD": "Census Tract 9604.14" }, "geometry": { "type": "Polygon", "coordinates": [ [ [ -115.9942, 36.2196 ], [ -115.9927, 36.2154 ], [ -115.9917, 36.2139 ], [ -115.9846, 36.2089 ], [ -115.9876, 36.2074 ], [ -115.9976, 36.2052 ], [ -116.0301, 36.2051 ], [ -116.034, 36.2047 ], [ -116.0391, 36.2029 ], [ -116.05, 36.1961 ], [ -116.0504, 36.2196 ], [ -115.9942, 36.2196 ] ] ] } },
{ "type": "Feature", "properties": { "GEOIDFQ": "1400000US32023960409", "NAME": "9604.09", "NAMELSAD": "Census Tract 9604.09" }, "geometry": { "type": "Polygon", "coordinates": [ [ [ -115.995, 36.1786 ], [ -115.9936, 36.1805 ], [ -115.9905, 36.1794 ], [ -115.9841, 36.1795 ], [ -115.9736, 36.1844 ], [ -115.9719, 36.1858 ], [ -115.971, 36.1873 ], [ -115.9709, 36.189 ], [ -115.9715, 36.192 ], [ -115.9695, 36.1925 ], [ -115.9677, 36.1935 ], [ -115.9621, 36.1881 ], [ -115.958, 36.1856 ], [ -115.9179, 36.1715 ], [ -115.9142, 36.1699 ], [ -115.9105, 36.167 ], [ -115.894, 36.1501 ], [ -115.9041, 36.15 ], [ -115.905, 36.1491 ], [ -115.905, 36.1464 ], [ -115.9576, 36.1464 ], [ -115.9584, 36.1593 ], [ -115.9589, 36.1609 ], [ -115.9954, 36.161 ], [ -115.9954, 36.1767 ], [ -115.995, 36.1786 ] ] ] } },
{ "type": "Feature", "properties": { "GEOIDFQ": "1400000US32023960407", "NAME": "9604.07", "NAMELSAD": "Census Tract 9604.07" }, "geometry": { "type": "Polygon", "coordinates": [ [ [ -116.0182, 36.1935 ], [ -116.0144, 36.1982 ], [ -116.0142, 36.2051 ], [ -115.9969, 36.2052 ], [ -115.9876, 36.2074 ], [ -115.9846, 36.2089 ], [ -115.9806, 36.206 ], [ -115.9677, 36.1935 ], [ -115.9695, 36.1925 ], [ -115.9715, 36.192 ], [ -115.9709, 36.188 ], [ -115.9715, 36.1863 ], [ -115.9726, 36.1851 ], [ -115.9824, 36.1801 ], [ -115.9853, 36.1794 ], [ -115.9916, 36.1796 ], [ -115.9994, 36.1835 ], [ -116.0009, 36.1848 ], [ -116.0018, 36.1865 ], [ -116.0022, 36.1919 ], [ -116.0041, 36.1918 ], [ -116.0061, 36.1913 ], [ -116.0135, 36.1873 ], [ -116.0157, 36.1897 ], [ -116.0161, 36.1911 ], [ -116.019, 36.1912 ], [ -116.0182, 36.1935 ] ] ] } },
{ "type": "Feature", "properties": { "GEOIDFQ": "1400000US32007950900", "NAME": "9509", "NAMELSAD": "Census Tract 9509" }, "geometry": { "type": "Polygon", "coordinates": [ [ [ -115.8241, 40.809 ], [ -115.8178, 40.8158 ], [ -115.8148, 40.8181 ], [ -115.8028, 40.8257 ], [ -115.795, 40.8331 ], [ -115.7927, 40.8346 ], [ -115.7902, 40.8355 ], [ -115.7811, 40.8374 ], [ -115.7785, 40.8387 ], [ -115.7753, 40.841 ], [ -115.768, 40.8359 ], [ -115.7743, 40.8305 ], [ -115.7743, 40.83 ], [ -115.7733, 40.8297 ], [ -115.7734, 40.8291 ], [ -115.7755, 40.827 ], [ -115.7995, 40.8197 ], [ -115.8055, 40.8175 ], [ -115.8222, 40.8088 ], [ -115.8237, 40.8075 ], [ -115.8285, 40.8049 ], [ -115.8283, 40.8055 ], [ -115.8241, 40.809 ] ] ] } },
{ "type": "Feature", "properties": { "GEOIDFQ": "1400000US32007951300", "NAME": "9513", "NAMELSAD": "Census Tract 9513" }, "geometry": { "type": "Polygon", "coordinates": [ [ [ -115.7612, 40.8355 ], [ -115.7604, 40.835 ], [ -115.7528, 40.8414 ], [ -115.7452, 40.8508 ], [ -115.7472, 40.8524 ], [ -115.7286, 40.8694 ], [ -115.7281, 40.8693 ], [ -115.7287, 40.8687 ], [ -115.7265, 40.8671 ], [ -115.722, 40.8653 ], [ -115.7185, 40.8684 ], [ -115.7182, 40.8669 ], [ -115.7184, 40.8649 ], [ -115.7162, 40.8641 ], [ -115.7156, 40.8628 ], [ -115.7162, 40.862 ], [ -115.7158, 40.8603 ], [ -115.7168, 40.8603 ], [ -115.7171, 40.8595 ], [ -115.7177, 40.8594 ], [ -115.7183, 40.8601 ], [ -115.719, 40.8604 ], [ -115.7201, 40.8593 ], [ -115.7196, 40.8573 ], [ -115.718, 40.8576 ], [ -115.7178, 40.8573 ], [ -115.7199, 40.8551 ], [ -115.7205, 40.8551 ], [ -115.7205, 40.8541 ], [ -115.719, 40.8534 ], [ -115.7179, 40.8519 ], [ -115.7224, 40.8474 ], [ -115.7282, 40.8448 ], [ -115.7392, 40.8353 ], [ -115.7394, 40.8343 ], [ -115.7408, 40.8336 ], [ -115.7489, 40.8272 ], [ -115.7523, 40.8264 ], [ -115.7537, 40.8265 ], [ -115.7549, 40.827 ], [ -115.7639, 40.8332 ], [ -115.7612, 40.8355 ] ] ] } },
{ "type": "Feature", "properties": { "GEOIDFQ": "1400000US32007951600", "NAME": "9516", "NAMELSAD": "Census Tract 9516" }, "geometry": { "type": "Polygon", "coordinates": [ [ [ -116.158, 40.994 ], [ -116.1569, 40.9931 ], [ -116.157, 40.9924 ], [ -116.1558, 40.9925 ], [ -116.1567, 40.9942 ], [ -116.1553, 40.9947 ], [ -116.1557, 40.9955 ], [ -116.1544, 40.9968 ], [ -116.1548, 40.9974 ], [ -116.1545, 40.9989 ], [ -116.1551, 40.9999 ], [ -116.1533, 41.0006 ], [ -116.1533, 41.0028 ], [ -116.1511, 41.0032 ], [ -116.1479, 41.0049 ], [ -116.1468, 41.0047 ], [ -116.1459, 41.0023 ], [ -116.1458, 41.0001 ], [ -116.1452, 40.9997 ], [ -116.1445, 40.9982 ], [ -116.1449, 40.9973 ], [ -116.1434, 40.997 ], [ -116.1421, 40.9961 ], [ -116.1398, 40.9936 ], [ -116.1353, 40.9907 ], [ -116.1342, 40.9895 ], [ -116.1276, 40.9879 ], [ -116.1251, 40.9867 ], [ -116.1183, 40.9848 ], [ -116.1167, 40.9841 ], [ -116.1155, 40.9843 ], [ -116.1147, 40.984 ], [ -116.1141, 40.9846 ], [ -116.1112, 40.9849 ], [ -116.1095, 40.9843 ], [ -116.1054, 40.9817 ], [ -116.1025, 40.9809 ], [ -116.1012, 40.9797 ], [ -116.0994, 40.9794 ], [ -116.1002, 40.9783 ], [ -116.0992, 40.9771 ], [ -116.1007, 40.9755 ], [ -116.0988, 40.9749 ], [ -116.0981, 40.9738 ], [ -116.0983, 40.9724 ], [ -116.0972, 40.9712 ], [ -116.0971, 40.97 ], [ -116.0977, 40.9685 ], [ -116.0985, 40.9679 ], [ -116.0983, 40.967 ], [ -116.0969, 40.9665 ], [ -116.0967, 40.9654 ], [ -116.0956, 40.9643 ], [ -116.0958, 40.9635 ], [ -116.0952, 40.962 ], [ -116.0948, 40.9616 ], [ -116.094, 40.9619 ], [ -116.0935, 40.9618 ], [ -116.0928, 40.9625 ], [ -116.0931, 40.9613 ], [ -116.0928, 40.9608 ], [ -116.0911, 40.9615 ], [ -116.0908, 40.9603 ], [ -116.0888, 40.9605 ], [ -116.0869, 40.9562 ], [ -116.0841, 40.9544 ], [ -116.082, 40.9545 ], [ -116.0803, 40.9534 ], [ -116.0802, 40.9523 ], [ -116.079, 40.9505 ], [ -116.0784, 40.9485 ], [ -116.077, 40.948 ], [ -116.0766, 40.947 ], [ -116.0741, 40.9463 ], [ -116.0736, 40.9456 ], [ -116.0728, 40.9454 ], [ -116.0724, 40.9448 ], [ -116.0719, 40.9451 ], [ -116.0719, 40.9455 ], [ -116.0728, 40.9465 ], [ -116.0716, 40.9467 ], [ -116.0718, 40.9478 ], [ -116.0705, 40.9495 ], [ -116.069, 40.9497 ], [ -116.0671, 40.951 ], [ -116.0636, 40.9551 ], [ -116.0625, 40.9557 ], [ -116.0619, 40.9567 ], [ -116.0605, 40.9578 ], [ -116.0605, 40.959 ], [ -116.0596, 40.9602 ], [ -116.0582, 40.9612 ], [ -116.059, 40.9618 ], [ -116.059, 40.9625 ], [ -116.0578, 40.9635 ], [ -116.0561, 40.9643 ], [ -116.0539, 40.9643 ], [ -116.054, 40.9629 ], [ -116.0521, 40.9618 ], [ -116.0514, 40.9626 ], [ -116.0494, 40.9629 ], [ -116.0446, 40.9615 ], [ -116.0432, 40.9619 ], [ -116.0394, 40.9619 ], [ -116.0368, 40.9626 ], [ -116.0351, 40.9626 ], [ -116.0331, 40.9621 ], [ -116.0304, 40.9627 ], [ -116.0277, 40.9626 ], [ -116.0251, 40.9632 ], [ -116.0234, 40.9626 ], [ -116.022, 40.9626 ], [ -116.018, 40.9642 ], [ -116.0168, 40.9643 ], [ -116.0132, 40.9664 ], [ -116.012, 40.9678 ], [ -116.0116, 40.9692 ], [ -116.0106, 40.9694 ], [ -116.0098, 40.9702 ], [ -116.0066, 40.9719 ], [ -116.0009, 40.97 ], [ -115.9978, 40.9696 ], [ -115.993, 40.9697 ], [ -115.9897, 40.969 ], [ -115.9874, 40.9699 ], [ -115.9871, 40.9707 ], [ -115.984, 40.9727 ], [ -115.9832, 40.9737 ], [ -115.9798, 40.9733 ], [ -115.9773, 40.9725 ], [ -115.976, 40.9726 ], [ -115.9746, 40.9722 ], [ -115.9735, 40.9723 ], [ -115.9715, 40.9718 ], [ -115.9673, 40.9698 ], [ -115.9673, 40.9691 ], [ -115.9657, 40.9677 ], [ -115.9639, 40.958 ], [ -115.9645, 40.9564 ], [ -115.9687, 40.9528 ], [ -115.9687, 40.9523 ], [ -115.9671, 40.9507 ], [ -115.9664, 40.9489 ], [ -115.9671, 40.9473 ], [ -115.9668, 40.9452 ], [ -115.9703, 40.9422 ], [ -115.9658, 40.9426 ], [ -115.9627, 40.9425 ], [ -115.9638, 40.9399 ], [ -115.9626, 40.9388 ], [ -115.9622, 40.9374 ], [ -115.9625, 40.9366 ], [ -115.9621, 40.9363 ], [ -115.9627, 40.9354 ], [ -115.9626, 40.933 ], [ -115.9618, 40.9328 ], [ -115.9616, 40.9325 ], [ -115.9622, 40.9305 ], [ -115.962, 40.9292 ], [ -115.9635, 40.9282 ], [ -115.9628, 40.9241 ], [ -115.9634, 40.9235 ], [ -115.9658, 40.9227 ], [ -115.9658, 40.9216 ], [ -115.9666, 40.9198 ], [ -115.9669, 40.9194 ], [ -115.9687, 40.9187 ], [ -115.9697, 40.9171 ], [ -115.9702, 40.9169 ], [ -115.971, 40.9143 ], [ -115.9732, 40.9121 ], [ -115.9738, 40.91 ], [ -115.9774, 40.9076 ], [ -115.978, 40.9065 ], [ -115.9807, 40.9057 ], [ -115.982, 40.9036 ], [ -115.9836, 40.9036 ], [ -115.9841, 40.9033 ], [ -115.984, 40.9017 ], [ -115.9843, 40.9013 ], [ -115.9866, 40.9012 ], [ -115.9875, 40.9006 ], [ -115.9877, 40.9 ], [ -115.9869, 40.8996 ], [ -115.9867, 40.8991 ], [ -115.9871, 40.8976 ], [ -115.9864, 40.8962 ], [ -115.9867, 40.8958 ], [ -115.9865, 40.8938 ], [ -115.9881, 40.8904 ], [ -115.988, 40.8892 ], [ -115.9869, 40.8876 ], [ -115.9876, 40.8873 ], [ -115.9878, 40.8861 ], [ -115.9887, 40.8855 ], [ -115.9891, 40.8835 ], [ -115.9878, 40.8827 ], [ -115.9875, 40.8817 ], [ -115.9879, 40.8809 ], [ -115.9904, 40.8794 ], [ -115.9912, 40.8785 ], [ -115.9889, 40.8768 ], [ -115.9885, 40.8749 ], [ -115.9894, 40.8745 ], [ -115.9901, 40.8753 ], [ -115.9915, 40.8752 ], [ -115.9933, 40.8737 ], [ -115.9938, 40.8727 ], [ -115.9937, 40.8722 ], [ -115.991, 40.8699 ], [ -115.991, 40.8692 ], [ -115.9922, 40.8681 ], [ -115.9921, 40.8666 ], [ -115.9916, 40.8658 ], [ -115.9928, 40.8647 ], [ -115.9944, 40.8641 ], [ -115.9944, 40.8626 ], [ -115.9964, 40.8623 ], [ -115.9966, 40.8608 ], [ -115.9986, 40.8605 ], [ -116.0005, 40.8582 ], [ -116.0014, 40.858 ], [ -116.0016, 40.8575 ], [ -116.0007, 40.8567 ], [ -116.0012, 40.8562 ], [ -116.0027, 40.8558 ], [ -116.0032, 40.8551 ], [ -116.0043, 40.8547 ], [ -116.0052, 40.853 ], [ -116.0087, 40.8524 ], [ -116.0101, 40.8509 ], [ -116.0102, 40.8497 ], [ -116.011, 40.8496 ], [ -116.0113, 40.848 ], [ -116.013, 40.8469 ], [ -116.0132, 40.8454 ], [ -116.0138, 40.8449 ], [ -116.0149, 40.845 ], [ -116.0159, 40.8445 ], [ -116.0152, 40.8432 ], [ -116.0178, 40.8428 ], [ -116.0196, 40.8413 ], [ -116.0194, 40.8405 ], [ -116.0204, 40.84 ], [ -116.0198, 40.8387 ], [ -116.0204, 40.8384 ], [ -116.0203, 40.8376 ], [ -116.0241, 40.8359 ], [ -116.0239, 40.8346 ], [ -116.0251, 40.8333 ], [ -116.0252, 40.8311 ], [ -116.0267, 40.8297 ], [ -116.0277, 40.828 ], [ -116.028, 40.8272 ], [ -116.0272, 40.8275 ], [ -116.0268, 40.8273 ], [ -116.0274, 40.8251 ], [ -116.0294, 40.8213 ], [ -116.0319, 40.8189 ], [ -116.0334, 40.816 ], [ -116.0333, 40.8153 ], [ -116.0296, 40.8134 ], [ -116.0285, 40.8133 ], [ -116.0265, 40.8138 ], [ -116.0248, 40.8135 ], [ -116.0208, 40.8117 ], [ -116.0189, 40.8113 ], [ -116.0174, 40.8106 ], [ -116.0166, 40.8096 ], [ -116.0151, 40.8101 ], [ -116.0126, 40.8094 ], [ -116.0112, 40.8081 ], [ -116.0108, 40.8055 ], [ -116.0085, 40.803 ], [ -116.0069, 40.8022 ], [ -116.0037, 40.8019 ], [ -116.0023, 40.8015 ], [ -116.0002, 40.8024 ], [ -115.9993, 40.8023 ], [ -115.9981, 40.7994 ], [ -115.9984, 40.7983 ], [ -115.9977, 40.7978 ], [ -115.9961, 40.7975 ], [ -115.9943, 40.7965 ], [ -115.993, 40.7939 ], [ -115.9895, 40.7905 ], [ -115.989, 40.7888 ], [ -115.9874, 40.7869 ], [ -115.9849, 40.7862 ], [ -115.9822, 40.7846 ], [ -115.9818, 40.7839 ], [ -115.9814, 40.7811 ], [ -115.9796, 40.7784 ], [ -115.9761, 40.7769 ], [ -115.9742, 40.777 ], [ -115.973, 40.7777 ], [ -115.9714, 40.7771 ], [ -115.969, 40.7748 ], [ -115.9684, 40.7719 ], [ -115.967, 40.771 ], [ -115.9641, 40.7708 ], [ -115.9621, 40.7703 ], [ -115.9614, 40.7698 ], [ -115.961, 40.7689 ], [ -115.962, 40.768 ], [ -115.9624, 40.7665 ], [ -115.9602, 40.7662 ], [ -115.958, 40.7664 ], [ -115.9567, 40.7669 ], [ -115.9538, 40.7673 ], [ -115.9517, 40.7696 ], [ -115.949, 40.771 ], [ -115.9482, 40.7706 ], [ -115.9468, 40.7708 ], [ -115.9461, 40.7705 ], [ -115.9451, 40.7713 ], [ -115.944, 40.7716 ], [ -115.9361, 40.7708 ], [ -115.9326, 40.7712 ], [ -115.9304, 40.772 ], [ -115.9279, 40.7718 ], [ -115.9258, 40.7713 ], [ -115.9225, 40.769 ], [ -115.9222, 40.7676 ], [ -115.9209, 40.7671 ], [ -115.9198, 40.7658 ], [ -115.9188, 40.7664 ], [ -115.9184, 40.7663 ], [ -115.9184, 40.7658 ], [ -115.9195, 40.7652 ], [ -115.9149, 40.7602 ], [ -115.9148, 40.7609 ], [ -115.9141, 40.7614 ], [ -115.9144, 40.7628 ], [ -115.9119, 40.7629 ], [ -115.9124, 40.7639 ], [ -115.911, 40.7663 ], [ -115.9115, 40.7672 ], [ -115.9107, 40.7682 ], [ -115.9111, 40.7691 ], [ -115.9108, 40.77 ], [ -115.9096, 40.7704 ], [ -115.908, 40.7695 ], [ -115.9034, 40.7692 ], [ -115.902, 40.7701 ], [ -115.9029, 40.7718 ], [ -115.9026, 40.7726 ], [ -115.9015, 40.7733 ], [ -115.9007, 40.7734 ], [ -115.9012, 40.7715 ], [ -115.9008, 40.7711 ], [ -115.8998, 40.772 ], [ -115.897, 40.7718 ], [ -115.8964, 40.7725 ], [ -115.8956, 40.7726 ], [ -115.8946, 40.7722 ], [ -115.8935, 40.7729 ], [ -115.8912, 40.7732 ], [ -115.8898, 40.7737 ], [ -115.8894, 40.7735 ], [ -115.8897, 40.7724 ], [ -115.8893, 40.7712 ], [ -115.8877, 40.7713 ], [ -115.8873, 40.7705 ], [ -115.8876, 40.7701 ], [ -115.8887, 40.7699 ], [ -115.8885, 40.7685 ], [ -115.8893, 40.7676 ], [ -115.8886, 40.7661 ], [ -115.8894, 40.7652 ], [ -115.8885, 40.765 ], [ -115.8882, 40.7644 ], [ -115.8889, 40.7634 ], [ -115.8851, 40.76 ], [ -115.8836, 40.7596 ], [ -115.8825, 40.7587 ], [ -115.8813, 40.7587 ], [ -115.8821, 40.7559 ], [ -115.8819, 40.7548 ], [ -115.8811, 40.755 ], [ -115.8809, 40.7557 ], [ -115.8799, 40.7557 ], [ -115.8795, 40.7555 ], [ -115.8796, 40.7543 ], [ -115.8793, 40.754 ], [ -115.8762, 40.7537 ], [ -115.8752, 40.7543 ], [ -115.875, 40.7532 ], [ -115.8745, 40.754 ], [ -115.8736, 40.754 ], [ -115.8734, 40.7532 ], [ -115.8743, 40.7528 ], [ -115.8738, 40.7516 ], [ -115.8748, 40.751 ], [ -115.8743, 40.7503 ], [ -115.8737, 40.7501 ], [ -115.8734, 40.7508 ], [ -115.8705, 40.7515 ], [ -115.8705, 40.7508 ], [ -115.8688, 40.7504 ], [ -115.8693, 40.7499 ], [ -115.8683, 40.7495 ], [ -115.8676, 40.7481 ], [ -115.8663, 40.7482 ], [ -115.8647, 40.7474 ], [ -115.862, 40.7473 ], [ -115.8608, 40.7466 ], [ -115.8599, 40.7452 ], [ -115.8579, 40.7439 ], [ -115.8557, 40.7442 ], [ -115.854, 40.7456 ], [ -115.8513, 40.7469 ], [ -115.85, 40.7466 ], [ -115.8481, 40.7446 ], [ -115.8468, 40.7414 ], [ -115.8445, 40.7403 ], [ -115.8469, 40.7385 ], [ -115.8508, 40.7386 ], [ -115.8518, 40.7383 ], [ -115.8521, 40.7372 ], [ -115.8512, 40.7358 ], [ -115.844, 40.7367 ], [ -115.8434, 40.7351 ], [ -115.841, 40.7337 ], [ -115.8401, 40.7342 ], [ -115.8393, 40.736 ], [ -115.8365, 40.7389 ], [ -115.8349, 40.739 ], [ -115.8325, 40.7385 ], [ -115.8315, 40.7377 ], [ -115.8314, 40.7368 ], [ -115.832, 40.736 ], [ -115.8355, 40.7353 ], [ -115.8356, 40.7323 ], [ -115.8333, 40.731 ], [ -115.83, 40.7305 ], [ -115.8285, 40.7297 ], [ -115.8285, 40.728 ], [ -115.8294, 40.7262 ], [ -115.8291, 40.7249 ], [ -115.8312, 40.7231 ], [ -115.8316, 40.722 ], [ -115.8315, 40.7207 ], [ -115.8332, 40.7202 ], [ -115.8332, 40.718 ], [ -115.8343, 40.7179 ], [ -115.8354, 40.7187 ], [ -115.8363, 40.7171 ], [ -115.8379, 40.7164 ], [ -115.8385, 40.7154 ], [ -115.8382, 40.7139 ], [ -115.8385, 40.7125 ], [ -115.8362, 40.7115 ], [ -115.836, 40.7109 ], [ -115.8361, 40.7104 ], [ -115.8376, 40.7091 ], [ -115.8377, 40.7086 ], [ -115.8362, 40.7071 ], [ -115.8354, 40.7039 ], [ -115.8373, 40.7015 ], [ -115.8349, 40.6977 ], [ -115.833, 40.6961 ], [ -115.8329, 40.6944 ], [ -115.8337, 40.6936 ], [ -115.8342, 40.6912 ], [ -115.8356, 40.6897 ], [ -115.8367, 40.6895 ], [ -115.8391, 40.6896 ], [ -115.8413, 40.6887 ], [ -115.8421, 40.6877 ], [ -115.8423, 40.6861 ], [ -115.8414, 40.6847 ], [ -115.8417, 40.6839 ], [ -115.8421, 40.6833 ], [ -115.8443, 40.6829 ], [ -115.8441, 40.6817 ], [ -115.8462, 40.68 ], [ -115.8464, 40.6793 ], [ -115.848, 40.6788 ], [ -115.8486, 40.6779 ], [ -115.8473, 40.6767 ], [ -115.8479, 40.6756 ], [ -115.8474, 40.6742 ], [ -115.8484, 40.6742 ], [ -115.8481, 40.6736 ], [ -115.8492, 40.6733 ], [ -115.8498, 40.6727 ], [ -115.8492, 40.6721 ], [ -115.8498, 40.6714 ], [ -115.8496, 40.6693 ], [ -115.8504, 40.6687 ], [ -115.8506, 40.6676 ], [ -115.8518, 40.6675 ], [ -115.8514, 40.6657 ], [ -115.8521, 40.6628 ], [ -115.8538, 40.6595 ], [ -115.8547, 40.6594 ], [ -115.8544, 40.6576 ], [ -115.8538, 40.657 ], [ -115.854, 40.6552 ], [ -115.8536, 40.6541 ], [ -115.8537, 40.6532 ], [ -115.8541, 40.653 ], [ -115.8532, 40.6527 ], [ -115.8535, 40.6515 ], [ -115.8519, 40.6494 ], [ -115.8525, 40.6487 ], [ -115.8523, 40.6474 ], [ -115.8529, 40.6468 ], [ -115.8519, 40.646 ], [ -115.8529, 40.6437 ], [ -115.8541, 40.6434 ], [ -115.8539, 40.6429 ], [ -115.8531, 40.643 ], [ -115.8541, 40.6414 ], [ -115.8536, 40.6403 ], [ -115.855, 40.6394 ], [ -115.8549, 40.639 ], [ -115.8557, 40.6384 ], [ -115.8567, 40.6383 ], [ -115.8565, 40.6371 ], [ -115.8579, 40.6369 ], [ -115.8579, 40.6359 ], [ -115.859, 40.6358 ], [ -115.8582, 40.6348 ], [ -115.8592, 40.6343 ], [ -115.8592, 40.6333 ], [ -115.8586, 40.6328 ], [ -115.8603, 40.6304 ], [ -115.8609, 40.6303 ], [ -115.8607, 40.6298 ], [ -115.8617, 40.6295 ], [ -115.8625, 40.6298 ], [ -115.8626, 40.6294 ], [ -115.8633, 40.629 ], [ -115.8624, 40.6283 ], [ -115.8618, 40.6269 ], [ -115.8567, 40.6224 ], [ -115.8565, 40.6215 ], [ -115.8603, 40.6171 ], [ -115.865, 40.613 ], [ -115.8663, 40.6103 ], [ -115.8663, 40.6088 ], [ -115.8678, 40.6063 ], [ -115.867, 40.602 ], [ -115.867, 40.5961 ], [ -115.8665, 40.5943 ], [ -115.8683, 40.5917 ], [ -115.8686, 40.5891 ], [ -115.8675, 40.5868 ], [ -115.8668, 40.5825 ], [ -115.8655, 40.5806 ], [ -115.8651, 40.5779 ], [ -115.863, 40.5744 ], [ -115.8611, 40.5702 ], [ -115.8614, 40.5689 ], [ -115.8608, 40.566 ], [ -115.8615, 40.565 ], [ -115.8611, 40.5624 ], [ -115.8587, 40.5596 ], [ -115.8587, 40.5586 ], [ -115.8594, 40.5574 ], [ -115.8594, 40.5544 ], [ -115.8582, 40.5523 ], [ -115.8583, 40.5513 ], [ -115.8572, 40.5502 ], [ -115.8579, 40.5441 ], [ -115.8577, 40.5428 ], [ -115.8584, 40.5392 ], [ -115.8567, 40.5375 ], [ -115.8547, 40.5364 ], [ -115.8561, 40.535 ], [ -115.8571, 40.5333 ], [ -115.8575, 40.5296 ], [ -115.8601, 40.5254 ], [ -115.8632, 40.5222 ], [ -115.8653, 40.5138 ], [ -115.8663, 40.5129 ], [ -115.8678, 40.5081 ], [ -115.8692, 40.5058 ], [ -115.8688, 40.5049 ], [ -115.8701, 40.5022 ], [ -115.8704, 40.4985 ], [ -115.8714, 40.4934 ], [ -115.8708, 40.4914 ], [ -115.8728, 40.4898 ], [ -115.8734, 40.4887 ], [ -115.8745, 40.4888 ], [ -115.8745, 40.4907 ], [ -115.876, 40.4951 ], [ -115.8771, 40.4959 ], [ -115.8783, 40.4959 ], [ -115.8802, 40.4951 ], [ -115.8833, 40.492 ], [ -115.8842, 40.4919 ], [ -115.8856, 40.4925 ], [ -115.888, 40.4924 ], [ -115.8893, 40.4927 ], [ -115.8947, 40.4901 ], [ -115.8971, 40.4896 ], [ -115.9, 40.4897 ], [ -115.902, 40.4889 ], [ -115.9046, 40.489 ], [ -115.9053, 40.4885 ], [ -115.9085, 40.4842 ], [ -115.9118, 40.4811 ], [ -115.9106, 40.4796 ], [ -115.9076, 40.4788 ], [ -115.9041, 40.4767 ], [ -115.9034, 40.4742 ], [ -115.9016, 40.473 ], [ -115.8983, 40.4662 ], [ -115.8981, 40.4637 ], [ -115.8987, 40.4602 ], [ -115.8994, 40.4593 ], [ -115.8993, 40.4582 ], [ -115.9, 40.4571 ], [ -115.9029, 40.4548 ], [ -115.9045, 40.4529 ], [ -115.905, 40.4516 ], [ -115.9041, 40.4507 ], [ -115.9042, 40.4502 ], [ -115.9061, 40.449 ], [ -115.9085, 40.4442 ], [ -115.9159, 40.4377 ], [ -115.9223, 40.4302 ], [ -115.9232, 40.4295 ], [ -115.9244, 40.4274 ], [ -115.9254, 40.4265 ], [ -115.9257, 40.4275 ], [ -115.9291, 40.4302 ], [ -115.9294, 40.4343 ], [ -115.9308, 40.4375 ], [ -115.9328, 40.4389 ], [ -115.9352, 40.4385 ], [ -115.9385, 40.4401 ], [ -115.9411, 40.4405 ], [ -115.9423, 40.4414 ], [ -115.9454, 40.4424 ], [ -115.949, 40.4422 ], [ -115.9522, 40.4378 ], [ -115.9535, 40.4375 ], [ -115.9537, 40.4365 ], [ -115.9549, 40.4365 ], [ -115.9562, 40.4358 ], [ -115.9566, 40.4332 ], [ -115.9561, 40.4328 ], [ -115.9567, 40.4309 ], [ -115.956, 40.4302 ], [ -115.9581, 40.4269 ], [ -115.9625, 40.4254 ], [ -115.9665, 40.4263 ], [ -115.9704, 40.4261 ], [ -115.9728, 40.4295 ], [ -115.9748, 40.4307 ], [ -115.9789, 40.4321 ], [ -115.9836, 40.4312 ], [ -115.9869, 40.433 ], [ -115.9905, 40.4364 ], [ -115.9945, 40.4373 ], [ -115.9976, 40.4372 ], [ -116.001, 40.4409 ], [ -116.0022, 40.4454 ], [ -116.0059, 40.4492 ], [ -116.0078, 40.4501 ], [ -116.0088, 40.452 ], [ -116.0097, 40.452 ], [ -116.0104, 40.4527 ], [ -116.0111, 40.4544 ], [ -116.0155, 40.457 ], [ -116.0174, 40.4577 ], [ -116.0179, 40.4591 ], [ -116.0195, 40.4591 ], [ -116.0206, 40.4596 ], [ -116.0214, 40.4596 ], [ -116.0255, 40.4623 ], [ -116.0277, 40.4626 ], [ -116.0284, 40.4635 ], [ -116.0296, 40.4638 ], [ -116.0308, 40.4636 ], [ -116.0331, 40.4641 ], [ -116.0341, 40.4637 ], [ -116.0353, 40.4642 ], [ -116.0373, 40.4645 ], [ -116.0427, 40.464 ], [ -116.0451, 40.4647 ], [ -116.0466, 40.4655 ], [ -116.0497, 40.4649 ], [ -116.0538, 40.4648 ], [ -116.0578, 40.4625 ], [ -116.0603, 40.4597 ], [ -116.0614, 40.4576 ], [ -116.0644, 40.4555 ], [ -116.067, 40.4527 ], [ -116.0684, 40.4516 ], [ -116.0742, 40.4489 ], [ -116.076, 40.4482 ], [ -116.0803, 40.4484 ], [ -116.0821, 40.4479 ], [ -116.0866, 40.4476 ], [ -116.0916, 40.4479 ], [ -116.0937, 40.4476 ], [ -116.121, 40.541 ], [ -116.1259, 40.5543 ], [ -116.1532, 40.6518 ], [ -116.1578, 40.6664 ], [ -116.158, 40.994 ] ] ] } },
{ "type": "Feature", "properties": { "GEOIDFQ": "1400000US32003005333", "NAME": "53.33", "NAMELSAD": "Census Tract 53.33" }, "geometry": { "type": "Polygon", "coordinates": [ [ [ -115.0795, 36.0252 ], [ -115.0561, 36.0282 ], [ -115.0562, 36.0263 ], [ -115.0586, 36.026 ], [ -115.0609, 36.0238 ], [ -115.0642, 36.0237 ], [ -115.0662, 36.0232 ], [ -115.0674, 36.0222 ], [ -115.0699, 36.019 ], [ -115.0726, 36.0178 ], [ -115.0755, 36.0182 ], [ -115.0798, 36.0206 ], [ -115.0815, 36.0208 ], [ -115.0835, 36.0204 ], [ -115.0847, 36.0244 ], [ -115.0795, 36.0252 ] ] ] } },
{ "type": "Feature", "properties": { "GEOIDFQ": "1400000US32003003262", "NAME": "32.62", "NAMELSAD": "Census Tract 32.62" }, "geometry": { "type": "Polygon", "coordinates": [ [ [ -115.3404, 36.2055 ], [ -115.3315, 36.2036 ], [ -115.3241, 36.2051 ], [ -115.32, 36.2051 ], [ -115.3205, 36.2016 ], [ -115.3231, 36.1964 ], [ -115.3237, 36.1935 ], [ -115.3287, 36.1936 ], [ -115.3383, 36.1913 ], [ -115.3424, 36.1916 ], [ -115.3404, 36.2055 ] ] ] } },
{ "type": "Feature", "properties": { "GEOIDFQ": "1400000US32003001901", "NAME": "19.01", "NAMELSAD": "Census Tract 19.01" }, "geometry": { "type": "Polygon", "coordinates": [ [ [ -115.1188, 36.1444 ], [ -115.1186, 36.137 ], [ -115.1274, 36.137 ], [ -115.1317, 36.1367 ], [ -115.1325, 36.137 ], [ -115.1369, 36.137 ], [ -115.137, 36.1443 ], [ -115.1188, 36.1444 ] ] ] } },
{ "type": "Feature", "properties": { "GEOIDFQ": "1400000US32031001014", "NAME": "10.14", "NAMELSAD": "Census Tract 10.14" }, "geometry": { "type": "Polygon", "coordinates": [ [ [ -119.872, 39.4705 ], [ -119.8704, 39.4708 ], [ -119.8698, 39.4713 ], [ -119.8694, 39.4726 ], [ -119.8623, 39.4757 ], [ -119.8606, 39.4739 ], [ -119.8596, 39.4741 ], [ -119.8579, 39.4736 ], [ -119.8575, 39.4718 ], [ -119.8539, 39.4743 ], [ -119.8516, 39.475 ], [ -119.8486, 39.475 ], [ -119.8472, 39.4732 ], [ -119.8446, 39.4729 ], [ -119.8436, 39.4729 ], [ -119.8411, 39.4754 ], [ -119.8379, 39.4741 ], [ -119.8359, 39.474 ], [ -119.8344, 39.4746 ], [ -119.8328, 39.4761 ], [ -119.8309, 39.4772 ], [ -119.8293, 39.4777 ], [ -119.8251, 39.4779 ], [ -119.8079, 39.4765 ], [ -119.8079, 39.4693 ], [ -119.8107, 39.4691 ], [ -119.8129, 39.4674 ], [ -119.8175, 39.4661 ], [ -119.8179, 39.4653 ], [ -119.8185, 39.465 ], [ -119.8247, 39.4646 ], [ -119.8264, 39.4652 ], [ -119.8333, 39.4651 ], [ -119.8375, 39.4626 ], [ -119.8398, 39.4604 ], [ -119.8456, 39.4593 ], [ -119.8476, 39.4584 ], [ -119.8495, 39.4569 ], [ -119.85, 39.4553 ], [ -119.8512, 39.4542 ], [ -119.8538, 39.453 ], [ -119.854, 39.4617 ], [ -119.8725, 39.4616 ], [ -119.8726, 39.4689 ], [ -119.872, 39.4705 ] ] ] } },
{ "type": "Feature", "properties": { "GEOIDFQ": "1400000US32031980200", "NAME": "9802", "NAMELSAD": "Census Tract 9802" }, "geometry": { "type": "Polygon", "coordinates": [ [ [ -120.0008, 39.6068 ], [ -119.9755, 39.6069 ], [ -119.9756, 39.6309 ], [ -119.971, 39.633 ], [ -119.9679, 39.6326 ], [ -119.9624, 39.6327 ], [ -119.9615, 39.6334 ], [ -119.9609, 39.635 ], [ -119.96, 39.6355 ], [ -119.9587, 39.6353 ], [ -119.9573, 39.6336 ], [ -119.9565, 39.6333 ], [ -119.9507, 39.634 ], [ -119.9497, 39.6335 ], [ -119.9486, 39.6323 ], [ -119.9458, 39.6316 ], [ -119.9443, 39.6319 ], [ -119.9423, 39.6333 ], [ -119.941, 39.6333 ], [ -119.9402, 39.6329 ], [ -119.9398, 39.6321 ], [ -119.9403, 39.6303 ], [ -119.9398, 39.6295 ], [ -119.937, 39.6284 ], [ -119.9287, 39.623 ], [ -119.9274, 39.6202 ], [ -119.9223, 39.6177 ], [ -119.9212, 39.6175 ], [ -119.9188, 39.6176 ], [ -119.9189, 39.607 ], [ -119.883, 39.6069 ], [ -119.8826, 39.5923 ], [ -119.8453, 39.5926 ], [ -119.8453, 39.5916 ], [ -119.8466, 39.5916 ], [ -119.8466, 39.5913 ], [ -119.8466, 39.5908 ], [ -119.8453, 39.5908 ], [ -119.8451, 39.5597 ], [ -119.855, 39.5523 ], [ -119.8594, 39.5523 ], [ -119.8594, 39.5487 ], [ -119.882, 39.5483 ], [ -119.882, 39.552 ], [ -119.8916, 39.552 ], [ -119.8916, 39.5554 ], [ -119.8963, 39.5556 ], [ -119.8963, 39.5594 ], [ -119.9004, 39.5594 ], [ -119.9002, 39.5777 ], [ -119.919, 39.5776 ], [ -119.9189, 39.5918 ], [ -119.9372, 39.5918 ], [ -119.9373, 39.57 ], [ -119.9515, 39.5702 ], [ -119.9517, 39.5666 ], [ -119.9563, 39.5666 ], [ -119.9563, 39.5631 ], [ -119.9941, 39.5632 ], [ -119.9917, 39.5488 ], [ -120.0019, 39.5487 ], [ -120.0008, 39.6068 ] ] ] } },
{ "type": "Feature", "properties": { "GEOIDFQ": "1400000US32031002704", "NAME": "27.04", "NAMELSAD": "Census Tract 27.04" }, "geometry": { "type": "Polygon", "coordinates": [ [ [ -119.7834, 39.5659 ], [ -119.7826, 39.5673 ], [ -119.7804, 39.5782 ], [ -119.7805, 39.5891 ], [ -119.7616, 39.5892 ], [ -119.7615, 39.5847 ], [ -119.7582, 39.5829 ], [ -119.7583, 39.582 ], [ -119.7594, 39.5806 ], [ -119.7592, 39.5769 ], [ -119.7579, 39.5717 ], [ -119.7518, 39.5685 ], [ -119.7504, 39.5685 ], [ -119.7504, 39.5673 ], [ -119.7499, 39.5673 ], [ -119.7504, 39.5655 ], [ -119.7753, 39.5649 ], [ -119.7753, 39.5647 ], [ -119.776, 39.5647 ], [ -119.7795, 39.565 ], [ -119.7806, 39.5642 ], [ -119.785, 39.5645 ], [ -119.7834, 39.5659 ] ] ] } },
{ "type": "Feature", "properties": { "GEOIDFQ": "1400000US32003006700", "NAME": "67", "NAMELSAD": "Census Tract 67" }, "geometry": { "type": "Polygon", "coordinates": [ [ [ -115.1804, 36.1262 ], [ -115.168, 36.1253 ], [ -115.1671, 36.1248 ], [ -115.1662, 36.123 ], [ -115.1655, 36.1225 ], [ -115.1588, 36.1222 ], [ -115.155, 36.1212 ], [ -115.1549, 36.1177 ], [ -115.154, 36.1143 ], [ -115.164, 36.1144 ], [ -115.1638, 36.1009 ], [ -115.1805, 36.1007 ], [ -115.1804, 36.1262 ] ] ] } },
{ "type": "Feature", "properties": { "GEOIDFQ": "1400000US32003001714", "NAME": "17.14", "NAMELSAD": "Census Tract 17.14" }, "geometry": { "type": "Polygon", "coordinates": [ [ [ -115.0737, 36.1149 ], [ -115.0732, 36.1003 ], [ -115.0819, 36.1003 ], [ -115.0823, 36.1025 ], [ -115.0829, 36.1151 ], [ -115.0737, 36.1149 ] ] ] } },
{ "type": "Feature", "properties": { "GEOIDFQ": "1400000US32003002978", "NAME": "29.78", "NAMELSAD": "Census Tract 29.78" }, "geometry": { "type": "Polygon", "coordinates": [ [ [ -115.2787, 36.0279 ], [ -115.279, 36.0408 ], [ -115.2434, 36.0412 ], [ -115.2435, 36.0224 ], [ -115.2574, 36.0203 ], [ -115.2792, 36.0203 ], [ -115.2787, 36.0279 ] ] ] } },
{ "type": "Feature", "properties": { "GEOIDFQ": "1400000US32003005806", "NAME": "58.06", "NAMELSAD": "Census Tract 58.06" }, "geometry": { "type": "Polygon", "coordinates": [ [ [ -115.3067, 36.1444 ], [ -115.3061, 36.1418 ], [ -115.3065, 36.1386 ], [ -115.3059, 36.1366 ], [ -115.3065, 36.1337 ], [ -115.3062, 36.1298 ], [ -115.3152, 36.1298 ], [ -115.3155, 36.1444 ], [ -115.3067, 36.1444 ] ] ] } },
{ "type": "Feature", "properties": { "GEOIDFQ": "1400000US32003003610", "NAME": "36.10", "NAMELSAD": "Census Tract 36.10" }, "geometry": { "type": "Polygon", "coordinates": [ [ [ -115.1894, 36.2468 ], [ -115.1708, 36.2467 ], [ -115.1711, 36.232 ], [ -115.1893, 36.2321 ], [ -115.1894, 36.2468 ] ] ] } },
{ "type": "Feature", "properties": { "GEOIDFQ": "1400000US32003000600", "NAME": "6", "NAMELSAD": "Census Tract 6" }, "geometry": { "type": "Polygon", "coordinates": [ [ [ -115.13, 36.1677 ], [ -115.1273, 36.1665 ], [ -115.1251, 36.1665 ], [ -115.125, 36.1589 ], [ -115.1353, 36.159 ], [ -115.13, 36.1677 ] ] ] } },
{ "type": "Feature", "properties": { "GEOIDFQ": "1400000US32031001201", "NAME": "12.01", "NAMELSAD": "Census Tract 12.01" }, "geometry": { "type": "Polygon", "coordinates": [ [ [ -119.875, 39.518 ], [ -119.8704, 39.5197 ], [ -119.8625, 39.524 ], [ -119.862, 39.5205 ], [ -119.86, 39.5207 ], [ -119.8577, 39.5204 ], [ -119.8545, 39.5188 ], [ -119.8527, 39.5184 ], [ -119.8507, 39.5189 ], [ -119.8497, 39.5207 ], [ -119.849, 39.5206 ], [ -119.8477, 39.5194 ], [ -119.8381, 39.5231 ], [ -119.8353, 39.5238 ], [ -119.8348, 39.5232 ], [ -119.8414, 39.5181 ], [ -119.8428, 39.5177 ], [ -119.8454, 39.5181 ], [ -119.8467, 39.5177 ], [ -119.8477, 39.5163 ], [ -119.8484, 39.5134 ], [ -119.8491, 39.5127 ], [ -119.8509, 39.5118 ], [ -119.8543, 39.5114 ], [ -119.8574, 39.512 ], [ -119.8696, 39.51 ], [ -119.8759, 39.5101 ], [ -119.882, 39.5075 ], [ -119.8834, 39.5065 ], [ -119.8849, 39.5064 ], [ -119.8877, 39.5073 ], [ -119.8909, 39.5066 ], [ -119.8914, 39.506 ], [ -119.8913, 39.5046 ], [ -119.8933, 39.5052 ], [ -119.8936, 39.5072 ], [ -119.8967, 39.5076 ], [ -119.8966, 39.5093 ], [ -119.8959, 39.5094 ], [ -119.8985, 39.5099 ], [ -119.9004, 39.5109 ], [ -119.9004, 39.5137 ], [ -119.875, 39.518 ] ] ] } },
{ "type": "Feature", "properties": { "GEOIDFQ": "1400000US32003003613", "NAME": "36.13", "NAMELSAD": "Census Tract 36.13" }, "geometry": { "type": "Polygon", "coordinates": [ [ [ -115.1711, 36.232 ], [ -115.1703, 36.2176 ], [ -115.1884, 36.2175 ], [ -115.1893, 36.2321 ], [ -115.1711, 36.232 ] ] ] } },
{ "type": "Feature", "properties": { "GEOIDFQ": "1400000US32003006202", "NAME": "62.02", "NAMELSAD": "Census Tract 62.02" }, "geometry": { "type": "Polygon", "coordinates": [ [ [ -115.0437, 36.2035 ], [ -115.036, 36.2025 ], [ -115.0269, 36.2025 ], [ -115.0263, 36.1956 ], [ -115.0439, 36.1962 ], [ -115.0437, 36.2035 ] ] ] } },
{ "type": "Feature", "properties": { "GEOIDFQ": "1400000US32003005503", "NAME": "55.03", "NAMELSAD": "Census Tract 55.03" }, "geometry": { "type": "Polygon", "coordinates": [ [ [ -114.8446, 35.9746 ], [ -114.8424, 35.9739 ], [ -114.8413, 35.974 ], [ -114.8361, 35.9795 ], [ -114.8332, 35.9798 ], [ -114.8251, 35.9728 ], [ -114.8221, 35.9712 ], [ -114.8238, 35.97 ], [ -114.8262, 35.9693 ], [ -114.8452, 35.9684 ], [ -114.8452, 35.9723 ], [ -114.846, 35.9743 ], [ -114.8446, 35.9746 ] ] ] } },
{ "type": "Feature", "properties": { "GEOIDFQ": "1400000US32003005828", "NAME": "58.28", "NAMELSAD": "Census Tract 58.28" }, "geometry": { "type": "Polygon", "coordinates": [ [ [ -115.2979, 36.0122 ], [ -115.2799, 36.0122 ], [ -115.2801, 35.9982 ], [ -115.2893, 35.9979 ], [ -115.2981, 35.998 ], [ -115.2979, 36.0122 ] ] ] } },
{ "type": "Feature", "properties": { "GEOIDFQ": "1400000US32003004401", "NAME": "44.01", "NAMELSAD": "Census Tract 44.01" }, "geometry": { "type": "Polygon", "coordinates": [ [ [ -115.121, 36.2104 ], [ -115.1104, 36.2104 ], [ -115.1093, 36.2101 ], [ -115.1083, 36.209 ], [ -115.1203, 36.202 ], [ -115.1209, 36.2029 ], [ -115.121, 36.2104 ] ] ] } },
{ "type": "Feature", "properties": { "GEOIDFQ": "1400000US32003002985", "NAME": "29.85", "NAMELSAD": "Census Tract 29.85" }, "geometry": { "type": "Polygon", "coordinates": [ [ [ -115.2078, 36.0571 ], [ -115.1806, 36.0571 ], [ -115.1806, 36.0436 ], [ -115.1828, 36.0435 ], [ -115.1848, 36.0431 ], [ -115.2078, 36.0326 ], [ -115.2078, 36.0571 ] ] ] } },
{ "type": "Feature", "properties": { "GEOIDFQ": "1400000US32003002845", "NAME": "28.45", "NAMELSAD": "Census Tract 28.45" }, "geometry": { "type": "Polygon", "coordinates": [ [ [ -115.1278, 36.0062 ], [ -115.1279, 36.0044 ], [ -115.1211, 36.0043 ], [ -115.1204, 36.0028 ], [ -115.126, 35.9988 ], [ -115.1274, 36.0001 ], [ -115.1303, 35.999 ], [ -115.1369, 35.9991 ], [ -115.1369, 36.0063 ], [ -115.1278, 36.0062 ] ] ] } },
{ "type": "Feature", "properties": { "GEOIDFQ": "1400000US32003001706", "NAME": "17.06", "NAMELSAD": "Census Tract 17.06" }, "geometry": { "type": "Polygon", "coordinates": [ [ [ -115.1189, 36.1223 ], [ -115.1073, 36.1224 ], [ -115.1061, 36.123 ], [ -115.1046, 36.1218 ], [ -115.1034, 36.1224 ], [ -115.0919, 36.1224 ], [ -115.092, 36.1153 ], [ -115.1192, 36.1148 ], [ -115.1189, 36.1223 ] ] ] } },
{ "type": "Feature", "properties": { "GEOIDFQ": "1400000US32003001707", "NAME": "17.07", "NAMELSAD": "Census Tract 17.07" }, "geometry": { "type": "Polygon", "coordinates": [ [ [ -115.1185, 36.1298 ], [ -115.1053, 36.1297 ], [ -115.1054, 36.1238 ], [ -115.1067, 36.1225 ], [ -115.1189, 36.1224 ], [ -115.1185, 36.1298 ] ] ] } },
{ "type": "Feature", "properties": { "GEOIDFQ": "1400000US32003003229", "NAME": "32.29", "NAMELSAD": "Census Tract 32.29" }, "geometry": { "type": "Polygon", "coordinates": [ [ [ -115.3361, 36.3362 ], [ -115.3202, 36.3362 ], [ -115.2931, 36.3065 ], [ -115.3147, 36.3067 ], [ -115.3336, 36.3063 ], [ -115.3334, 36.3256 ], [ -115.3361, 36.3254 ], [ -115.3361, 36.3362 ] ] ] } },
{ "type": "Feature", "properties": { "GEOIDFQ": "1400000US32003002847", "NAME": "28.47", "NAMELSAD": "Census Tract 28.47" }, "geometry": { "type": "Polygon", "coordinates": [ [ [ -115.1806, 36.0709 ], [ -115.1368, 36.0718 ], [ -115.1187, 36.0716 ], [ -115.1184, 36.0598 ], [ -115.1282, 36.064 ], [ -115.1364, 36.0661 ], [ -115.1366, 36.0637 ], [ -115.1375, 36.0623 ], [ -115.1375, 36.0611 ], [ -115.1367, 36.0602 ], [ -115.1346, 36.0593 ], [ -115.1343, 36.0575 ], [ -115.1711, 36.0569 ], [ -115.1806, 36.0571 ], [ -115.1806, 36.0709 ] ] ] } },
{ "type": "Feature", "properties": { "GEOIDFQ": "1400000US32003002837", "NAME": "28.37", "NAMELSAD": "Census Tract 28.37" }, "geometry": { "type": "Polygon", "coordinates": [ [ [ -115.1806, 36.0571 ], [ -115.1593, 36.0569 ], [ -115.141, 36.0573 ], [ -115.1407, 36.0467 ], [ -115.14, 36.0459 ], [ -115.1367, 36.0443 ], [ -115.1362, 36.0427 ], [ -115.1538, 36.0423 ], [ -115.1736, 36.0424 ], [ -115.1772, 36.0435 ], [ -115.1806, 36.0436 ], [ -115.1806, 36.0571 ] ] ] } },
{ "type": "Feature", "properties": { "GEOIDFQ": "1400000US32003002967", "NAME": "29.67", "NAMELSAD": "Census Tract 29.67" }, "geometry": { "type": "Polygon", "coordinates": [ [ [ -115.225, 36.0999 ], [ -115.2165, 36.1004 ], [ -115.2165, 36.0931 ], [ -115.2251, 36.0926 ], [ -115.225, 36.0999 ] ] ] } },
{ "type": "Feature", "properties": { "GEOIDFQ": "1400000US32031002618", "NAME": "26.18", "NAMELSAD": "Census Tract 26.18" }, "geometry": { "type": "Polygon", "coordinates": [ [ [ -119.9142, 39.6922 ], [ -119.906, 39.707 ], [ -119.8999, 39.7143 ], [ -119.884, 39.7195 ], [ -119.8818, 39.7208 ], [ -119.8811, 39.723 ], [ -119.8743, 39.723 ], [ -119.873, 39.7233 ], [ -119.8639, 39.734 ], [ -119.8583, 39.737 ], [ -119.8503, 39.7374 ], [ -119.8474, 39.7384 ], [ -119.8443, 39.7413 ], [ -119.8425, 39.7421 ], [ -119.8404, 39.742 ], [ -119.8396, 39.743 ], [ -119.8353, 39.7446 ], [ -119.8301, 39.748 ], [ -119.8271, 39.7451 ], [ -119.8259, 39.7413 ], [ -119.8273, 39.7343 ], [ -119.8284, 39.7327 ], [ -119.8253, 39.7301 ], [ -119.8249, 39.7271 ], [ -119.8204, 39.7252 ], [ -119.8175, 39.7205 ], [ -119.8151, 39.7189 ], [ -119.8137, 39.7186 ], [ -119.8128, 39.716 ], [ -119.8114, 39.7145 ], [ -119.811, 39.7102 ], [ -119.8097, 39.7096 ], [ -119.8094, 39.709 ], [ -119.8093, 39.7076 ], [ -119.8086, 39.7064 ], [ -119.809, 39.7051 ], [ -119.8074, 39.705 ], [ -119.8063, 39.703 ], [ -119.8062, 39.7024 ], [ -119.8073, 39.7015 ], [ -119.8116, 39.7005 ], [ -119.8138, 39.6992 ], [ -119.8146, 39.6975 ], [ -119.8136, 39.6942 ], [ -119.8144, 39.6931 ], [ -119.8154, 39.6906 ], [ -119.815, 39.6898 ], [ -119.8126, 39.6884 ], [ -119.8125, 39.6876 ], [ -119.8095, 39.6847 ], [ -119.8095, 39.6797 ], [ -119.7832, 39.6794 ], [ -119.7862, 39.6734 ], [ -119.7868, 39.6729 ], [ -119.7857, 39.6721 ], [ -119.782, 39.6655 ], [ -119.7839, 39.662 ], [ -119.7867, 39.6595 ], [ -119.7907, 39.6537 ], [ -119.7921, 39.6527 ], [ -119.7924, 39.6516 ], [ -119.7933, 39.6508 ], [ -119.7949, 39.639 ], [ -119.7946, 39.6384 ], [ -119.7936, 39.6382 ], [ -119.7941, 39.6364 ], [ -119.7941, 39.6315 ], [ -119.7971, 39.6317 ], [ -119.8055, 39.6309 ], [ -119.804, 39.6275 ], [ -119.8042, 39.6264 ], [ -119.8031, 39.6249 ], [ -119.8002, 39.6232 ], [ -119.8012, 39.6219 ], [ -119.8004, 39.6207 ], [ -119.8016, 39.6163 ], [ -119.806, 39.615 ], [ -119.8066, 39.6141 ], [ -119.8067, 39.6129 ], [ -119.8074, 39.6121 ], [ -119.8071, 39.6104 ], [ -119.808, 39.6068 ], [ -119.8071, 39.6056 ], [ -119.8065, 39.6027 ], [ -119.8078, 39.602 ], [ -119.8086, 39.6023 ], [ -119.8096, 39.6054 ], [ -119.8135, 39.6077 ], [ -119.8322, 39.6075 ], [ -119.8339, 39.6068 ], [ -119.8365, 39.6036 ], [ -119.8373, 39.6001 ], [ -119.8456, 39.6077 ], [ -119.8509, 39.6112 ], [ -119.8482, 39.6154 ], [ -119.8487, 39.6205 ], [ -119.8485, 39.622 ], [ -119.8435, 39.6368 ], [ -119.8417, 39.6388 ], [ -119.8295, 39.6477 ], [ -119.8286, 39.649 ], [ -119.8283, 39.6613 ], [ -119.8318, 39.669 ], [ -119.8337, 39.6711 ], [ -119.8367, 39.6725 ], [ -119.8494, 39.6756 ], [ -119.8492, 39.6666 ], [ -119.8571, 39.6665 ], [ -119.8571, 39.6725 ], [ -119.8665, 39.6725 ], [ -119.8665, 39.679 ], [ -119.8762, 39.679 ], [ -119.8758, 39.693 ], [ -119.9036, 39.6934 ], [ -119.9036, 39.687 ], [ -119.9059, 39.6874 ], [ -119.9104, 39.6874 ], [ -119.9131, 39.6864 ], [ -119.9179, 39.6864 ], [ -119.9186, 39.6866 ], [ -119.9142, 39.6922 ] ] ] } },
{ "type": "Feature", "properties": { "GEOIDFQ": "1400000US32031001802", "NAME": "18.02", "NAMELSAD": "Census Tract 18.02" }, "geometry": { "type": "Polygon", "coordinates": [ [ [ -119.7878, 39.5454 ], [ -119.7761, 39.5455 ], [ -119.7759, 39.539 ], [ -119.7796, 39.5386 ], [ -119.7793, 39.5364 ], [ -119.7772, 39.5367 ], [ -119.777, 39.5357 ], [ -119.7789, 39.5354 ], [ -119.783, 39.537 ], [ -119.7879, 39.5373 ], [ -119.7878, 39.5454 ] ] ] } },
{ "type": "Feature", "properties": { "GEOIDFQ": "1400000US32003003215", "NAME": "32.15", "NAMELSAD": "Census Tract 32.15" }, "geometry": { "type": "Polygon", "coordinates": [ [ [ -115.2796, 36.2029 ], [ -115.2789, 36.2063 ], [ -115.2746, 36.2055 ], [ -115.2749, 36.2035 ], [ -115.2726, 36.2032 ], [ -115.2662, 36.2032 ], [ -115.266, 36.204 ], [ -115.2653, 36.2046 ], [ -115.2639, 36.2036 ], [ -115.2607, 36.2035 ], [ -115.2603, 36.1961 ], [ -115.2668, 36.1972 ], [ -115.2726, 36.1968 ], [ -115.2755, 36.1969 ], [ -115.2787, 36.1978 ], [ -115.2822, 36.2 ], [ -115.2796, 36.2029 ] ] ] } },
{ "type": "Feature", "properties": { "GEOIDFQ": "1400000US32003003303", "NAME": "33.03", "NAMELSAD": "Census Tract 33.03" }, "geometry": { "type": "Polygon", "coordinates": [ [ [ -115.2627, 36.2773 ], [ -115.2624, 36.2786 ], [ -115.2567, 36.2772 ], [ -115.2426, 36.2761 ], [ -115.2424, 36.2632 ], [ -115.2539, 36.263 ], [ -115.2673, 36.2779 ], [ -115.2627, 36.2773 ] ] ] } },
{ "type": "Feature", "properties": { "GEOIDFQ": "1400000US32003000519", "NAME": "5.19", "NAMELSAD": "Census Tract 5.19" }, "geometry": { "type": "Polygon", "coordinates": [ [ [ -115.0622, 36.1665 ], [ -115.0623, 36.1591 ], [ -115.0802, 36.159 ], [ -115.0805, 36.1663 ], [ -115.0622, 36.1665 ] ] ] } },
{ "type": "Feature", "properties": { "GEOIDFQ": "1400000US32003000101", "NAME": "1.01", "NAMELSAD": "Census Tract 1.01" }, "geometry": { "type": "Polygon", "coordinates": [ [ [ -115.2061, 36.1882 ], [ -115.1789, 36.1885 ], [ -115.1789, 36.1811 ], [ -115.1792, 36.1811 ], [ -115.1742, 36.1752 ], [ -115.1832, 36.1751 ], [ -115.1888, 36.1761 ], [ -115.1923, 36.1761 ], [ -115.2019, 36.1734 ], [ -115.2059, 36.1734 ], [ -115.2061, 36.1882 ] ] ] } },
{ "type": "Feature", "properties": { "GEOIDFQ": "1400000US32003004703", "NAME": "47.03", "NAMELSAD": "Census Tract 47.03" }, "geometry": { "type": "Polygon", "coordinates": [ [ [ -115.08, 36.2405 ], [ -115.0621, 36.2405 ], [ -115.0622, 36.236 ], [ -115.0801, 36.2255 ], [ -115.08, 36.2405 ] ] ] } },
{ "type": "Feature", "properties": { "GEOIDFQ": "1400000US32031001101", "NAME": "11.01", "NAMELSAD": "Census Tract 11.01" }, "geometry": { "type": "Polygon", "coordinates": [ [ [ -119.8509, 39.5118 ], [ -119.8491, 39.5127 ], [ -119.8484, 39.5134 ], [ -119.8477, 39.5163 ], [ -119.8467, 39.5177 ], [ -119.8454, 39.5181 ], [ -119.8428, 39.5177 ], [ -119.8414, 39.5181 ], [ -119.8393, 39.5194 ], [ -119.8357, 39.5197 ], [ -119.8358, 39.505 ], [ -119.841, 39.505 ], [ -119.8414, 39.5084 ], [ -119.8485, 39.5057 ], [ -119.85, 39.5073 ], [ -119.8508, 39.5075 ], [ -119.8507, 39.509 ], [ -119.8517, 39.509 ], [ -119.8516, 39.5109 ], [ -119.8523, 39.5108 ], [ -119.8524, 39.5116 ], [ -119.8509, 39.5118 ] ] ] } },
{ "type": "Feature", "properties": { "GEOIDFQ": "1400000US32031001300", "NAME": "13", "NAMELSAD": "Census Tract 13" }, "geometry": { "type": "Polygon", "coordinates": [ [ [ -119.8506, 39.5274 ], [ -119.8482, 39.5277 ], [ -119.8456, 39.5294 ], [ -119.8459, 39.5307 ], [ -119.8451, 39.5313 ], [ -119.8454, 39.5324 ], [ -119.8467, 39.5329 ], [ -119.8479, 39.5327 ], [ -119.8466, 39.5335 ], [ -119.8465, 39.5375 ], [ -119.8452, 39.5388 ], [ -119.8451, 39.5402 ], [ -119.844, 39.5403 ], [ -119.8431, 39.5409 ], [ -119.8422, 39.541 ], [ -119.8418, 39.5406 ], [ -119.8418, 39.5397 ], [ -119.8397, 39.5386 ], [ -119.8388, 39.5377 ], [ -119.8387, 39.5369 ], [ -119.8342, 39.5368 ], [ -119.8325, 39.5354 ], [ -119.8312, 39.5354 ], [ -119.8313, 39.5301 ], [ -119.8306, 39.5292 ], [ -119.8328, 39.528 ], [ -119.8364, 39.5272 ], [ -119.8525, 39.5266 ], [ -119.8506, 39.5274 ] ] ] } },
{ "type": "Feature", "properties": { "GEOIDFQ": "1400000US32031001400", "NAME": "14", "NAMELSAD": "Census Tract 14" }, "geometry": { "type": "Polygon", "coordinates": [ [ [ -119.8313, 39.5358 ], [ -119.8306, 39.536 ], [ -119.8304, 39.5369 ], [ -119.8263, 39.5373 ], [ -119.8264, 39.5418 ], [ -119.8218, 39.5417 ], [ -119.8197, 39.5409 ], [ -119.8171, 39.5343 ], [ -119.8278, 39.5308 ], [ -119.8306, 39.5292 ], [ -119.8313, 39.5302 ], [ -119.8313, 39.5358 ] ] ] } },
{ "type": "Feature", "properties": { "GEOIDFQ": "1400000US32017950100", "NAME": "9501", "NAMELSAD": "Census Tract 9501" }, "geometry": { "type": "Polygon", "coordinates": [ [ [ -115.0194, 37.8622 ], [ -115.0174, 37.868 ], [ -115.0168, 37.8711 ], [ -115.0143, 37.8754 ], [ -115.013, 37.8788 ], [ -115.007, 37.8889 ], [ -115.0038, 37.8989 ], [ -115.002, 37.9016 ], [ -114.9964, 37.9081 ], [ -114.9943, 37.9111 ], [ -114.9842, 37.9277 ], [ -114.98, 37.9362 ], [ -114.9791, 37.94 ], [ -114.9788, 37.9522 ], [ -114.9777, 37.9577 ], [ -114.9668, 37.9844 ], [ -114.9649, 37.9909 ], [ -114.962, 37.9905 ], [ -114.9607, 37.9926 ], [ -114.9609, 37.9939 ], [ -114.9569, 38.0031 ], [ -114.9548, 38.0117 ], [ -114.9536, 38.0136 ], [ -114.9533, 38.0182 ], [ -114.9582, 38.0368 ], [ -114.9591, 38.0455 ], [ -114.9604, 38.0468 ], [ -114.9675, 38.0496 ], [ -114.9701, 38.0496 ], [ -114.9743, 38.0631 ], [ -114.9809, 38.0786 ], [ -114.9813, 38.0779 ], [ -114.9822, 38.0776 ], [ -114.9838, 38.076 ], [ -114.9864, 38.0761 ], [ -114.9888, 38.0769 ], [ -114.9909, 38.0768 ], [ -114.9924, 38.0801 ], [ -114.9928, 38.0835 ], [ -114.9989, 38.0878 ], [ -115.0008, 38.0888 ], [ -115.0008, 38.6773 ], [ -114.2508, 38.6773 ], [ -114.1648, 38.6776 ], [ -114.1585, 38.6773 ], [ -114.0498, 38.6774 ], [ -114.0501, 38.5259 ], [ -114.0505, 38.4961 ], [ -114.0493, 38.2661 ], [ -114.0503, 38.2371 ], [ -114.05, 38.1519 ], [ -114.0505, 37.9533 ], [ -114.0501, 37.8948 ], [ -114.0497, 37.8814 ], [ -114.05, 37.8679 ], [ -114.0496, 37.8235 ], [ -114.0483, 37.8094 ], [ -114.0491, 37.7949 ], [ -114.0499, 37.7661 ], [ -114.0517, 37.7515 ], [ -114.0518, 37.6642 ], [ -114.0523, 37.607 ], [ -114.0529, 37.5883 ], [ -114.0528, 37.4723 ], [ -114.0554, 37.4747 ], [ -114.0572, 37.4792 ], [ -114.0569, 37.4814 ], [ -114.0571, 37.483 ], [ -114.0577, 37.4836 ], [ -114.0576, 37.487 ], [ -114.0603, 37.4902 ], [ -114.0593, 37.4918 ], [ -114.0593, 37.4927 ], [ -114.0611, 37.4933 ], [ -114.0616, 37.4943 ], [ -114.064, 37.4965 ], [ -114.0644, 37.4975 ], [ -114.0643, 37.5009 ], [ -114.0665, 37.5025 ], [ -114.0665, 37.5041 ], [ -114.0684, 37.5063 ], [ -114.07, 37.5068 ], [ -114.0721, 37.5067 ], [ -114.0733, 37.5076 ], [ -114.0752, 37.5073 ], [ -114.0772, 37.5084 ], [ -114.0787, 37.5097 ], [ -114.0815, 37.5132 ], [ -114.0828, 37.5178 ], [ -114.0844, 37.5199 ], [ -114.0861, 37.5204 ], [ -114.0888, 37.5203 ], [ -114.0904, 37.5219 ], [ -114.0948, 37.5232 ], [ -114.0963, 37.5242 ], [ -114.0963, 37.5252 ], [ -114.0973, 37.527 ], [ -114.0989, 37.5272 ], [ -114.0995, 37.5282 ], [ -114.1009, 37.5291 ], [ -114.1029, 37.5289 ], [ -114.1041, 37.5284 ], [ -114.1059, 37.5292 ], [ -114.1067, 37.5287 ], [ -114.107, 37.5274 ], [ -114.1084, 37.5296 ], [ -114.112, 37.5307 ], [ -114.1153, 37.5331 ], [ -114.1187, 37.5347 ], [ -114.1204, 37.5372 ], [ -114.1235, 37.5398 ], [ -114.1353, 37.5443 ], [ -114.1434, 37.5465 ], [ -114.1477, 37.546 ], [ -114.1507, 37.5465 ], [ -114.1521, 37.5463 ], [ -114.1587, 37.5477 ], [ -114.1726, 37.5475 ], [ -114.1741, 37.5469 ], [ -114.1747, 37.548 ], [ -114.1757, 37.5476 ], [ -114.1767, 37.5478 ], [ -114.1804, 37.5466 ], [ -114.1817, 37.5458 ], [ -114.1974, 37.5424 ], [ -114.2003, 37.541 ], [ -114.2021, 37.5396 ], [ -114.2038, 37.5393 ], [ -114.2056, 37.5382 ], [ -114.2073, 37.5377 ], [ -114.2085, 37.5382 ], [ -114.2101, 37.5404 ], [ -114.2129, 37.5408 ], [ -114.2176, 37.5432 ], [ -114.2199, 37.5436 ], [ -114.2215, 37.5432 ], [ -114.2233, 37.5435 ], [ -114.2281, 37.5474 ], [ -114.2298, 37.5509 ], [ -114.2324, 37.5541 ], [ -114.24, 37.5624 ], [ -114.2425, 37.5646 ], [ -114.2436, 37.5651 ], [ -114.2546, 37.5667 ], [ -114.2565, 37.5657 ], [ -114.259, 37.567 ], [ -114.2627, 37.5681 ], [ -114.2675, 37.5709 ], [ -114.2722, 37.5744 ], [ -114.2757, 37.576 ], [ -114.2763, 37.5793 ], [ -114.2814, 37.5835 ], [ -114.2843, 37.5854 ], [ -114.2865, 37.5908 ], [ -114.2875, 37.592 ], [ -114.2893, 37.5927 ], [ -114.2901, 37.5935 ], [ -114.2915, 37.5985 ], [ -114.295, 37.6008 ], [ -114.2962, 37.6028 ], [ -114.2967, 37.6045 ], [ -114.2963, 37.6091 ], [ -114.2975, 37.6111 ], [ -114.2974, 37.6119 ], [ -114.2979, 37.6127 ], [ -114.3012, 37.6142 ], [ -114.3044, 37.6145 ], [ -114.3064, 37.6161 ], [ -114.3069, 37.6172 ], [ -114.3079, 37.6176 ], [ -114.3101, 37.6176 ], [ -114.3123, 37.6171 ], [ -114.315, 37.6159 ], [ -114.3155, 37.6162 ], [ -114.315, 37.6228 ], [ -114.316, 37.628 ], [ -114.3178, 37.63 ], [ -114.3194, 37.6309 ], [ -114.3203, 37.631 ], [ -114.3239, 37.6309 ], [ -114.3253, 37.6302 ], [ -114.3274, 37.6299 ], [ -114.3316, 37.6314 ], [ -114.3383, 37.6346 ], [ -114.3444, 37.6399 ], [ -114.3509, 37.6422 ], [ -114.365, 37.6498 ], [ -114.3697, 37.6505 ], [ -114.3866, 37.6587 ], [ -114.3906, 37.6592 ], [ -114.3944, 37.6591 ], [ -114.3985, 37.6563 ], [ -114.3995, 37.6562 ], [ -114.4049, 37.6573 ], [ -114.4072, 37.6597 ], [ -114.4085, 37.6605 ], [ -114.4097, 37.6606 ], [ -114.4124, 37.6598 ], [ -114.4144, 37.66 ], [ -114.4164, 37.6607 ], [ -114.4258, 37.6654 ], [ -114.4337, 37.6676 ], [ -114.4387, 37.6684 ], [ -114.443, 37.6673 ], [ -114.4452, 37.6663 ], [ -114.4533, 37.6649 ], [ -114.4616, 37.6626 ], [ -114.4722, 37.6603 ], [ -114.483, 37.654 ], [ -114.4857, 37.6568 ], [ -114.4863, 37.6546 ], [ -114.49, 37.6558 ], [ -114.4947, 37.6562 ], [ -114.4954, 37.6547 ], [ -114.4967, 37.6541 ], [ -114.4976, 37.6544 ], [ -114.5026, 37.6521 ], [ -114.5046, 37.65 ], [ -114.5085, 37.6301 ], [ -114.5095, 37.6276 ], [ -114.5125, 37.629 ], [ -114.5134, 37.6306 ], [ -114.5146, 37.6309 ], [ -114.5173, 37.6331 ], [ -114.5193, 37.6335 ], [ -114.5239, 37.6356 ], [ -114.5249, 37.6371 ], [ -114.5258, 37.6369 ], [ -114.5278, 37.6351 ], [ -114.5284, 37.6354 ], [ -114.5298, 37.637 ], [ -114.5315, 37.6366 ], [ -114.5325, 37.6359 ], [ -114.535, 37.6361 ], [ -114.5384, 37.6397 ], [ -114.5401, 37.6408 ], [ -114.5428, 37.6409 ], [ -114.5521, 37.6448 ], [ -114.5563, 37.6497 ], [ -114.5611, 37.6522 ], [ -114.5628, 37.6539 ], [ -114.5648, 37.6546 ], [ -114.5675, 37.655 ], [ -114.5745, 37.6554 ], [ -114.5798, 37.6578 ], [ -114.582, 37.6598 ], [ -114.5834, 37.6597 ], [ -114.5846, 37.6602 ], [ -114.5877, 37.6598 ], [ -114.5883, 37.6584 ], [ -114.5893, 37.6583 ], [ -114.5906, 37.6573 ], [ -114.591, 37.6578 ], [ -114.5917, 37.6577 ], [ -114.5918, 37.6564 ], [ -114.5934, 37.6561 ], [ -114.5937, 37.6555 ], [ -114.5974, 37.6525 ], [ -114.5987, 37.6519 ], [ -114.6007, 37.6519 ], [ -114.6031, 37.6511 ], [ -114.6065, 37.6506 ], [ -114.6109, 37.6489 ], [ -114.6149, 37.6461 ], [ -114.6192, 37.6439 ], [ -114.6205, 37.6427 ], [ -114.6227, 37.6418 ], [ -114.6252, 37.6396 ], [ -114.6302, 37.6382 ], [ -114.6343, 37.6365 ], [ -114.6356, 37.6364 ], [ -114.6382, 37.6368 ], [ -114.639, 37.6379 ], [ -114.6408, 37.6392 ], [ -114.6417, 37.6406 ], [ -114.6429, 37.6413 ], [ -114.6439, 37.6413 ], [ -114.6446, 37.6424 ], [ -114.6474, 37.6424 ], [ -114.6499, 37.6411 ], [ -114.6504, 37.6412 ], [ -114.6508, 37.6417 ], [ -114.6504, 37.6445 ], [ -114.6514, 37.6459 ], [ -114.6515, 37.6471 ], [ -114.6527, 37.6496 ], [ -114.6526, 37.6509 ], [ -114.654, 37.6514 ], [ -114.6558, 37.6534 ], [ -114.6572, 37.6543 ], [ -114.6575, 37.655 ], [ -114.6593, 37.6561 ], [ -114.6596, 37.6579 ], [ -114.6603, 37.659 ], [ -114.6587, 37.6596 ], [ -114.6588, 37.6617 ], [ -114.6584, 37.6628 ], [ -114.6577, 37.6633 ], [ -114.6582, 37.6642 ], [ -114.6595, 37.6647 ], [ -114.6594, 37.6658 ], [ -114.6602, 37.6667 ], [ -114.6601, 37.6681 ], [ -114.6609, 37.669 ], [ -114.66, 37.6702 ], [ -114.66, 37.6721 ], [ -114.6592, 37.6739 ], [ -114.659, 37.6767 ], [ -114.6563, 37.6803 ], [ -114.6554, 37.6853 ], [ -114.6515, 37.6903 ], [ -114.6531, 37.695 ], [ -114.6535, 37.6955 ], [ -114.6553, 37.6944 ], [ -114.6559, 37.6948 ], [ -114.6574, 37.6948 ], [ -114.6594, 37.6961 ], [ -114.662, 37.697 ], [ -114.6647, 37.6961 ], [ -114.6652, 37.6962 ], [ -114.6667, 37.6983 ], [ -114.668, 37.6991 ], [ -114.6693, 37.6993 ], [ -114.6745, 37.7036 ], [ -114.6784, 37.7092 ], [ -114.6789, 37.7096 ], [ -114.6795, 37.7096 ], [ -114.6796, 37.7114 ], [ -114.6806, 37.713 ], [ -114.6813, 37.7127 ], [ -114.6822, 37.7101 ], [ -114.683, 37.7095 ], [ -114.6834, 37.7076 ], [ -114.6847, 37.7053 ], [ -114.687, 37.7029 ], [ -114.6907, 37.6975 ], [ -114.692, 37.6944 ], [ -114.6957, 37.6912 ], [ -114.6959, 37.6897 ], [ -114.7, 37.6855 ], [ -114.7019, 37.6861 ], [ -114.7028, 37.6858 ], [ -114.7112, 37.6855 ], [ -114.7136, 37.6865 ], [ -114.7158, 37.6884 ], [ -114.7181, 37.6879 ], [ -114.7213, 37.6879 ], [ -114.7259, 37.6889 ], [ -114.7306, 37.6895 ], [ -114.7355, 37.6922 ], [ -114.7394, 37.693 ], [ -114.7475, 37.6965 ], [ -114.7501, 37.699 ], [ -114.7519, 37.7 ], [ -114.762, 37.7037 ], [ -114.7864, 37.707 ], [ -114.7871, 37.7073 ], [ -114.7884, 37.7071 ], [ -114.8001, 37.7127 ], [ -114.8234, 37.7223 ], [ -114.8367, 37.7265 ], [ -114.8386, 37.7132 ], [ -114.8382, 37.7111 ], [ -114.8406, 37.6953 ], [ -114.8509, 37.6958 ], [ -114.8642, 37.6957 ], [ -114.8682, 37.6961 ], [ -114.8783, 37.6959 ], [ -114.8847, 37.6954 ], [ -114.8973, 37.6961 ], [ -114.9029, 37.6968 ], [ -114.9041, 37.6965 ], [ -114.9103, 37.6969 ], [ -114.9119, 37.6964 ], [ -114.9202, 37.6981 ], [ -114.9261, 37.702 ], [ -114.9286, 37.7048 ], [ -114.93, 37.7053 ], [ -114.933, 37.7052 ], [ -114.9356, 37.7078 ], [ -114.9378, 37.7085 ], [ -114.9387, 37.7096 ], [ -114.9388, 37.7109 ], [ -114.9405, 37.7121 ], [ -114.9421, 37.7145 ], [ -114.9452, 37.7159 ], [ -114.9478, 37.7179 ], [ -114.9473, 37.7191 ], [ -114.948, 37.7268 ], [ -114.949, 37.7295 ], [ -114.9522, 37.7333 ], [ -114.9514, 37.7348 ], [ -114.9497, 37.7363 ], [ -114.9515, 37.739 ], [ -114.9555, 37.7417 ], [ -114.957, 37.7438 ], [ -114.9592, 37.7458 ], [ -114.9639, 37.7476 ], [ -114.9669, 37.7504 ], [ -114.9714, 37.752 ], [ -114.9724, 37.753 ], [ -114.9729, 37.755 ], [ -114.9747, 37.755 ], [ -114.9761, 37.7544 ], [ -114.9769, 37.7547 ], [ -114.977, 37.7558 ], [ -114.9785, 37.7583 ], [ -114.9775, 37.7583 ], [ -114.9759, 37.7593 ], [ -114.9752, 37.7611 ], [ -114.9708, 37.7657 ], [ -114.9715, 37.766 ], [ -114.9723, 37.7658 ], [ -114.9748, 37.7668 ], [ -114.9765, 37.7692 ], [ -114.9795, 37.772 ], [ -114.9807, 37.7745 ], [ -114.9803, 37.7767 ], [ -114.9809, 37.7766 ], [ -114.983, 37.7778 ], [ -114.9864, 37.7771 ], [ -114.9905, 37.7772 ], [ -114.9922, 37.7767 ], [ -114.995, 37.7766 ], [ -114.9983, 37.777 ], [ -114.9995, 37.7767 ], [ -115.0026, 37.7778 ], [ -115.0073, 37.7788 ], [ -115.0081, 37.7794 ], [ -115.008, 37.782 ], [ -115.0069, 37.7878 ], [ -115.0079, 37.7907 ], [ -115.0076, 37.792 ], [ -115.0069, 37.7929 ], [ -115.0078, 37.794 ], [ -115.0078, 37.7949 ], [ -115.0069, 37.7962 ], [ -115.0064, 37.799 ], [ -115.0066, 37.8003 ], [ -115.009, 37.8036 ], [ -115.0098, 37.8057 ], [ -115.0116, 37.807 ], [ -115.0123, 37.8108 ], [ -115.0161, 37.8186 ], [ -115.0171, 37.8218 ], [ -115.0171, 37.8281 ], [ -115.0166, 37.8302 ], [ -115.0151, 37.8335 ], [ -115.0155, 37.836 ], [ -115.0161, 37.837 ], [ -115.0165, 37.8432 ], [ -115.0176, 37.8463 ], [ -115.019, 37.8479 ], [ -115.0197, 37.8526 ], [ -115.0209, 37.8551 ], [ -115.0194, 37.8622 ] ] ] } },
{ "type": "Feature", "properties": { "GEOIDFQ": "1400000US32017950200", "NAME": "9502", "NAMELSAD": "Census Tract 9502" }, "geometry": { "type": "Polygon", "coordinates": [ [ [ -115.8945, 36.8617 ], [ -115.8945, 36.875 ], [ -115.8964, 36.922 ], [ -115.8964, 37.0 ], [ -115.896, 37.0108 ], [ -115.8963, 37.25 ], [ -115.8948, 37.2752 ], [ -115.8957, 37.3685 ], [ -115.8963, 37.3778 ], [ -115.8951, 37.5483 ], [ -115.895, 37.7499 ], [ -115.8932, 37.9614 ], [ -115.8944, 37.9999 ], [ -115.8939, 38.0505 ], [ -115.8632, 38.0509 ], [ -115.7509, 38.0511 ], [ -115.5597, 38.0512 ], [ -115.3759, 38.0506 ], [ -115.3595, 38.0511 ], [ -115.2534, 38.0506 ], [ -115.0008, 38.0508 ], [ -115.0008, 38.0888 ], [ -114.9989, 38.0878 ], [ -114.9928, 38.0835 ], [ -114.9924, 38.0801 ], [ -114.9909, 38.0768 ], [ -114.9888, 38.0769 ], [ -114.9864, 38.0761 ], [ -114.9838, 38.076 ], [ -114.9822, 38.0776 ], [ -114.9813, 38.0779 ], [ -114.9809, 38.0786 ], [ -114.9743, 38.0631 ], [ -114.9701, 38.0496 ], [ -114.9675, 38.0496 ], [ -114.9604, 38.0468 ], [ -114.9592, 38.0458 ], [ -114.9582, 38.0368 ], [ -114.9534, 38.0189 ], [ -114.9535, 38.0145 ], [ -114.9548, 38.0115 ], [ -114.9569, 38.0031 ], [ -114.9609, 37.9939 ], [ -114.9607, 37.9926 ], [ -114.962, 37.9905 ], [ -114.9649, 37.9909 ], [ -114.9668, 37.9844 ], [ -114.9777, 37.9577 ], [ -114.9788, 37.9522 ], [ -114.9791, 37.94 ], [ -114.98, 37.9362 ], [ -114.9842, 37.9277 ], [ -114.9948, 37.9103 ], [ -115.0034, 37.8996 ], [ -115.007, 37.8889 ], [ -115.013, 37.8788 ], [ -115.0143, 37.8754 ], [ -115.0169, 37.8709 ], [ -115.0174, 37.868 ], [ -115.0194, 37.8622 ], [ -115.0209, 37.8549 ], [ -115.0197, 37.8526 ], [ -115.019, 37.8479 ], [ -115.0176, 37.8463 ], [ -115.0165, 37.8432 ], [ -115.0161, 37.837 ], [ -115.0155, 37.836 ], [ -115.0151, 37.8335 ], [ -115.0166, 37.8302 ], [ -115.0171, 37.8281 ], [ -115.0171, 37.8219 ], [ -115.0161, 37.8186 ], [ -115.0123, 37.8108 ], [ -115.0116, 37.807 ], [ -115.0098, 37.8057 ], [ -115.009, 37.8036 ], [ -115.0066, 37.8003 ], [ -115.0064, 37.799 ], [ -115.0069, 37.7962 ], [ -115.0078, 37.7949 ], [ -115.0078, 37.794 ], [ -115.0069, 37.7929 ], [ -115.0076, 37.792 ], [ -115.0079, 37.7907 ], [ -115.0069, 37.7878 ], [ -115.008, 37.782 ], [ -115.0081, 37.7794 ], [ -115.0073, 37.7788 ], [ -115.0026, 37.7778 ], [ -114.9995, 37.7767 ], [ -114.9983, 37.777 ], [ -114.995, 37.7766 ], [ -114.9922, 37.7767 ], [ -114.9905, 37.7772 ], [ -114.9864, 37.7771 ], [ -114.983, 37.7778 ], [ -114.9809, 37.7766 ], [ -114.9803, 37.7767 ], [ -114.9807, 37.7745 ], [ -114.9795, 37.772 ], [ -114.9765, 37.7692 ], [ -114.9748, 37.7668 ], [ -114.9723, 37.7658 ], [ -114.9715, 37.766 ], [ -114.9708, 37.7657 ], [ -114.9752, 37.7611 ], [ -114.9759, 37.7593 ], [ -114.9775, 37.7583 ], [ -114.9785, 37.7583 ], [ -114.977, 37.7558 ], [ -114.9769, 37.7547 ], [ -114.9761, 37.7544 ], [ -114.9747, 37.755 ], [ -114.9729, 37.755 ], [ -114.9724, 37.753 ], [ -114.9714, 37.752 ], [ -114.9669, 37.7504 ], [ -114.9639, 37.7476 ], [ -114.9592, 37.7458 ], [ -114.957, 37.7438 ], [ -114.9555, 37.7417 ], [ -114.9515, 37.739 ], [ -114.9497, 37.7363 ], [ -114.9514, 37.7348 ], [ -114.9522, 37.7333 ], [ -114.949, 37.7295 ], [ -114.948, 37.7268 ], [ -114.9473, 37.7191 ], [ -114.9478, 37.7179 ], [ -114.9452, 37.7159 ], [ -114.9421, 37.7145 ], [ -114.9405, 37.7121 ], [ -114.9388, 37.7109 ], [ -114.9387, 37.7096 ], [ -114.9379, 37.7085 ], [ -114.9356, 37.7078 ], [ -114.933, 37.7053 ], [ -114.93, 37.7053 ], [ -114.9287, 37.7049 ], [ -114.9261, 37.702 ], [ -114.9202, 37.6981 ], [ -114.9119, 37.6964 ], [ -114.9103, 37.6969 ], [ -114.9041, 37.6965 ], [ -114.9029, 37.6968 ], [ -114.8973, 37.6961 ], [ -114.8847, 37.6954 ], [ -114.8783, 37.6959 ], [ -114.8682, 37.6961 ], [ -114.8642, 37.6957 ], [ -114.8509, 37.6958 ], [ -114.8406, 37.6953 ], [ -114.8382, 37.7111 ], [ -114.8386, 37.7132 ], [ -114.8367, 37.7265 ], [ -114.8234, 37.7223 ], [ -114.8001, 37.7127 ], [ -114.7884, 37.7071 ], [ -114.7871, 37.7073 ], [ -114.7864, 37.707 ], [ -114.762, 37.7037 ], [ -114.7519, 37.7 ], [ -114.7501, 37.699 ], [ -114.7475, 37.6965 ], [ -114.7394, 37.693 ], [ -114.7355, 37.6922 ], [ -114.7306, 37.6895 ], [ -114.7259, 37.6889 ], [ -114.7213, 37.6879 ], [ -114.7181, 37.6879 ], [ -114.7158, 37.6884 ], [ -114.7136, 37.6865 ], [ -114.7112, 37.6855 ], [ -114.7028, 37.6858 ], [ -114.7019, 37.6861 ], [ -114.7, 37.6855 ], [ -114.6959, 37.6897 ], [ -114.6957, 37.6912 ], [ -114.692, 37.6944 ], [ -114.6907, 37.6975 ], [ -114.687, 37.7029 ], [ -114.6847, 37.7053 ], [ -114.6834, 37.7076 ], [ -114.683, 37.7095 ], [ -114.6822, 37.7101 ], [ -114.6813, 37.7127 ], [ -114.6806, 37.713 ], [ -114.6796, 37.7114 ], [ -114.6795, 37.7096 ], [ -114.6789, 37.7096 ], [ -114.6784, 37.7092 ], [ -114.6745, 37.7036 ], [ -114.6693, 37.6993 ], [ -114.668, 37.6991 ], [ -114.6667, 37.6983 ], [ -114.6652, 37.6962 ], [ -114.6647, 37.6961 ], [ -114.662, 37.697 ], [ -114.6594, 37.6961 ], [ -114.6574, 37.6948 ], [ -114.6559, 37.6948 ], [ -114.6553, 37.6944 ], [ -114.6535, 37.6955 ], [ -114.6531, 37.695 ], [ -114.6515, 37.6903 ], [ -114.6554, 37.6853 ], [ -114.6563, 37.6803 ], [ -114.659, 37.6767 ], [ -114.6592, 37.6739 ], [ -114.66, 37.6721 ], [ -114.66, 37.6702 ], [ -114.6609, 37.669 ], [ -114.6601, 37.6681 ], [ -114.6602, 37.6667 ], [ -114.6594, 37.6658 ], [ -114.6595, 37.6647 ], [ -114.6582, 37.6642 ], [ -114.6577, 37.6633 ], [ -114.6584, 37.6628 ], [ -114.6588, 37.6617 ], [ -114.6587, 37.6596 ], [ -114.6603, 37.659 ], [ -114.6596, 37.6579 ], [ -114.6593, 37.6561 ], [ -114.6575, 37.655 ], [ -114.6572, 37.6543 ], [ -114.6558, 37.6534 ], [ -114.654, 37.6514 ], [ -114.6526, 37.6509 ], [ -114.6527, 37.6496 ], [ -114.6515, 37.6471 ], [ -114.6514, 37.6459 ], [ -114.6504, 37.6445 ], [ -114.6508, 37.6417 ], [ -114.6504, 37.6412 ], [ -114.6499, 37.6411 ], [ -114.6474, 37.6424 ], [ -114.6446, 37.6424 ], [ -114.6439, 37.6413 ], [ -114.6429, 37.6413 ], [ -114.6417, 37.6406 ], [ -114.6408, 37.6392 ], [ -114.639, 37.6379 ], [ -114.6382, 37.6368 ], [ -114.6356, 37.6364 ], [ -114.6343, 37.6365 ], [ -114.6302, 37.6382 ], [ -114.6252, 37.6396 ], [ -114.6227, 37.6418 ], [ -114.6205, 37.6427 ], [ -114.6192, 37.6439 ], [ -114.6149, 37.6461 ], [ -114.6109, 37.6489 ], [ -114.6065, 37.6506 ], [ -114.6031, 37.6511 ], [ -114.6007, 37.6519 ], [ -114.5987, 37.6519 ], [ -114.5974, 37.6525 ], [ -114.5937, 37.6555 ], [ -114.5934, 37.6561 ], [ -114.5918, 37.6564 ], [ -114.5917, 37.6577 ], [ -114.591, 37.6578 ], [ -114.5906, 37.6573 ], [ -114.5893, 37.6583 ], [ -114.5883, 37.6584 ], [ -114.5877, 37.6598 ], [ -114.5846, 37.6602 ], [ -114.5834, 37.6597 ], [ -114.582, 37.6598 ], [ -114.5798, 37.6578 ], [ -114.5745, 37.6554 ], [ -114.5675, 37.655 ], [ -114.5648, 37.6546 ], [ -114.5628, 37.6539 ], [ -114.5611, 37.6522 ], [ -114.5563, 37.6497 ], [ -114.5521, 37.6448 ], [ -114.5428, 37.6409 ], [ -114.5401, 37.6408 ], [ -114.5384, 37.6397 ], [ -114.535, 37.6361 ], [ -114.5325, 37.6359 ], [ -114.5315, 37.6366 ], [ -114.5298, 37.637 ], [ -114.5284, 37.6354 ], [ -114.5278, 37.6351 ], [ -114.5258, 37.6369 ], [ -114.5249, 37.6371 ], [ -114.5239, 37.6356 ], [ -114.5193, 37.6335 ], [ -114.5173, 37.6331 ], [ -114.5146, 37.6309 ], [ -114.5134, 37.6306 ], [ -114.5125, 37.629 ], [ -114.5095, 37.6276 ], [ -114.5085, 37.6301 ], [ -114.5046, 37.65 ], [ -114.5026, 37.6521 ], [ -114.4976, 37.6544 ], [ -114.4967, 37.6541 ], [ -114.4954, 37.6547 ], [ -114.4947, 37.6562 ], [ -114.49, 37.6558 ], [ -114.4863, 37.6546 ], [ -114.4857, 37.6568 ], [ -114.483, 37.654 ], [ -114.4722, 37.6603 ], [ -114.4616, 37.6626 ], [ -114.4533, 37.6649 ], [ -114.4452, 37.6663 ], [ -114.443, 37.6673 ], [ -114.4387, 37.6684 ], [ -114.4337, 37.6676 ], [ -114.4258, 37.6654 ], [ -114.4164, 37.6607 ], [ -114.4144, 37.66 ], [ -114.4124, 37.6598 ], [ -114.4097, 37.6606 ], [ -114.4085, 37.6605 ], [ -114.4072, 37.6597 ], [ -114.4049, 37.6573 ], [ -114.3995, 37.6562 ], [ -114.3985, 37.6563 ], [ -114.3947, 37.659 ], [ -114.391, 37.6592 ], [ -114.3871, 37.6589 ], [ -114.3847, 37.658 ], [ -114.3763, 37.6535 ], [ -114.3697, 37.6505 ], [ -114.365, 37.6498 ], [ -114.3509, 37.6422 ], [ -114.3444, 37.6399 ], [ -114.3383, 37.6346 ], [ -114.3316, 37.6314 ], [ -114.3274, 37.6299 ], [ -114.3253, 37.6302 ], [ -114.3239, 37.6309 ], [ -114.3203, 37.631 ], [ -114.3194, 37.6309 ], [ -114.3178, 37.63 ], [ -114.316, 37.628 ], [ -114.315, 37.6228 ], [ -114.3155, 37.6162 ], [ -114.315, 37.6159 ], [ -114.3123, 37.6171 ], [ -114.3101, 37.6176 ], [ -114.3079, 37.6176 ], [ -114.3069, 37.6172 ], [ -114.3064, 37.6161 ], [ -114.3044, 37.6145 ], [ -114.3012, 37.6142 ], [ -114.2979, 37.6127 ], [ -114.2974, 37.6119 ], [ -114.2975, 37.6111 ], [ -114.2963, 37.6091 ], [ -114.2967, 37.6045 ], [ -114.2962, 37.6028 ], [ -114.295, 37.6008 ], [ -114.2915, 37.5985 ], [ -114.2901, 37.5935 ], [ -114.2893, 37.5927 ], [ -114.2875, 37.592 ], [ -114.2865, 37.5908 ], [ -114.2843, 37.5854 ], [ -114.2814, 37.5835 ], [ -114.2763, 37.5793 ], [ -114.2757, 37.576 ], [ -114.2722, 37.5744 ], [ -114.2675, 37.5709 ], [ -114.2627, 37.5681 ], [ -114.259, 37.567 ], [ -114.2565, 37.5657 ], [ -114.2546, 37.5667 ], [ -114.2436, 37.5651 ], [ -114.2425, 37.5646 ], [ -114.24, 37.5624 ], [ -114.2324, 37.5541 ], [ -114.2298, 37.5509 ], [ -114.2281, 37.5474 ], [ -114.2238, 37.5438 ], [ -114.2224, 37.5432 ], [ -114.2199, 37.5436 ], [ -114.2176, 37.5432 ], [ -114.2129, 37.5408 ], [ -114.2101, 37.5404 ], [ -114.2085, 37.5382 ], [ -114.2073, 37.5377 ], [ -114.2056, 37.5382 ], [ -114.2038, 37.5393 ], [ -114.2021, 37.5396 ], [ -114.2003, 37.541 ], [ -114.1974, 37.5424 ], [ -114.1817, 37.5458 ], [ -114.1804, 37.5466 ], [ -114.1767, 37.5478 ], [ -114.1757, 37.5476 ], [ -114.1747, 37.548 ], [ -114.1741, 37.5469 ], [ -114.1726, 37.5475 ], [ -114.1587, 37.5477 ], [ -114.1521, 37.5463 ], [ -114.1507, 37.5465 ], [ -114.1477, 37.546 ], [ -114.1437, 37.5465 ], [ -114.1391, 37.5455 ], [ -114.1291, 37.5422 ], [ -114.1231, 37.5396 ], [ -114.1204, 37.5372 ], [ -114.1187, 37.5347 ], [ -114.1153, 37.5331 ], [ -114.112, 37.5307 ], [ -114.1084, 37.5296 ], [ -114.107, 37.5274 ], [ -114.1067, 37.5287 ], [ -114.1059, 37.5292 ], [ -114.1041, 37.5284 ], [ -114.1029, 37.5289 ], [ -114.1009, 37.5291 ], [ -114.0995, 37.5282 ], [ -114.0989, 37.5272 ], [ -114.0973, 37.527 ], [ -114.0963, 37.5252 ], [ -114.0963, 37.5242 ], [ -114.0948, 37.5232 ], [ -114.0904, 37.5219 ], [ -114.0888, 37.5203 ], [ -114.0861, 37.5204 ], [ -114.0844, 37.5199 ], [ -114.0828, 37.5178 ], [ -114.0818, 37.5137 ], [ -114.0798, 37.5107 ], [ -114.0772, 37.5084 ], [ -114.0754, 37.5074 ], [ -114.0733, 37.5076 ], [ -114.0723, 37.5067 ], [ -114.0699, 37.5068 ], [ -114.0681, 37.5061 ], [ -114.0665, 37.5041 ], [ -114.0665, 37.5025 ], [ -114.0642, 37.5008 ], [ -114.0644, 37.4975 ], [ -114.0639, 37.4964 ], [ -114.0616, 37.4943 ], [ -114.0611, 37.4933 ], [ -114.0593, 37.4927 ], [ -114.0593, 37.4918 ], [ -114.0603, 37.4902 ], [ -114.0576, 37.487 ], [ -114.0577, 37.4836 ], [ -114.0571, 37.483 ], [ -114.0569, 37.4814 ], [ -114.0572, 37.4792 ], [ -114.0554, 37.4747 ], [ -114.0528, 37.4723 ], [ -114.0528, 37.4341 ], [ -114.0519, 37.4167 ], [ -114.0516, 37.1842 ], [ -114.0519, 37.1228 ], [ -114.0525, 37.1129 ], [ -114.0523, 37.0985 ], [ -114.0514, 37.0898 ], [ -114.0516, 37.0886 ], [ -114.0509, 37.075 ], [ -114.0501, 37.0141 ], [ -114.0501, 37.0002 ], [ -114.0506, 37.0002 ], [ -114.05, 36.9578 ], [ -114.0505, 36.8952 ], [ -114.0504, 36.8431 ], [ -114.4525, 36.8439 ], [ -114.5507, 36.8439 ], [ -114.6763, 36.8435 ], [ -114.7623, 36.8439 ], [ -114.7625, 36.8535 ], [ -115.0908, 36.8531 ], [ -115.3147, 36.8537 ], [ -115.7408, 36.8531 ], [ -115.7407, 36.8419 ], [ -115.8969, 36.8422 ], [ -115.8945, 36.8617 ] ] ] } },
{ "type": "Feature", "properties": { "GEOIDFQ": "1400000US32031002801", "NAME": "28.01", "NAMELSAD": "Census Tract 28.01" }, "geometry": { "type": "Polygon", "coordinates": [ [ [ -119.7785, 39.5583 ], [ -119.7755, 39.5588 ], [ -119.7742, 39.5599 ], [ -119.7737, 39.5612 ], [ -119.7739, 39.5649 ], [ -119.7491, 39.5655 ], [ -119.747, 39.5667 ], [ -119.7479, 39.5647 ], [ -119.7522, 39.5605 ], [ -119.7526, 39.5528 ], [ -119.7676, 39.5529 ], [ -119.7675, 39.555 ], [ -119.7689, 39.5544 ], [ -119.7711, 39.5543 ], [ -119.7714, 39.5455 ], [ -119.7761, 39.5455 ], [ -119.7762, 39.5492 ], [ -119.7791, 39.5538 ], [ -119.7791, 39.5575 ], [ -119.7785, 39.5583 ] ] ] } },
{ "type": "Feature", "properties": { "GEOIDFQ": "1400000US32031003503", "NAME": "35.03", "NAMELSAD": "Census Tract 35.03" }, "geometry": { "type": "Polygon", "coordinates": [ [ [ -119.7702, 39.6628 ], [ -119.7692, 39.6642 ], [ -119.7672, 39.6663 ], [ -119.7646, 39.6678 ], [ -119.7613, 39.6688 ], [ -119.7597, 39.667 ], [ -119.7557, 39.6657 ], [ -119.7497, 39.6621 ], [ -119.7488, 39.6606 ], [ -119.7471, 39.6536 ], [ -119.7461, 39.6525 ], [ -119.7437, 39.6521 ], [ -119.7411, 39.6533 ], [ -119.739, 39.6536 ], [ -119.733, 39.653 ], [ -119.7304, 39.6523 ], [ -119.7271, 39.6502 ], [ -119.72, 39.6425 ], [ -119.7117, 39.6385 ], [ -119.7255, 39.6212 ], [ -119.7311, 39.6109 ], [ -119.7453, 39.5783 ], [ -119.747, 39.5667 ], [ -119.7491, 39.5655 ], [ -119.7504, 39.5655 ], [ -119.7499, 39.5673 ], [ -119.7504, 39.5673 ], [ -119.7504, 39.5685 ], [ -119.7518, 39.5685 ], [ -119.7579, 39.5717 ], [ -119.7592, 39.5769 ], [ -119.7594, 39.5806 ], [ -119.7559, 39.5868 ], [ -119.7549, 39.5872 ], [ -119.752, 39.5906 ], [ -119.7507, 39.5909 ], [ -119.7501, 39.5919 ], [ -119.7481, 39.5931 ], [ -119.7459, 39.5935 ], [ -119.7448, 39.5947 ], [ -119.7463, 39.5947 ], [ -119.7468, 39.5942 ], [ -119.749, 39.5938 ], [ -119.7505, 39.5952 ], [ -119.7488, 39.5954 ], [ -119.7475, 39.5982 ], [ -119.7436, 39.5987 ], [ -119.7426, 39.6011 ], [ -119.7433, 39.6024 ], [ -119.7446, 39.6027 ], [ -119.7423, 39.6034 ], [ -119.7397, 39.6079 ], [ -119.7405, 39.6082 ], [ -119.7404, 39.6095 ], [ -119.7428, 39.6093 ], [ -119.7453, 39.6084 ], [ -119.7498, 39.6078 ], [ -119.7509, 39.609 ], [ -119.7506, 39.6117 ], [ -119.7479, 39.6128 ], [ -119.7484, 39.6129 ], [ -119.7483, 39.6133 ], [ -119.7467, 39.6139 ], [ -119.7469, 39.6147 ], [ -119.745, 39.6158 ], [ -119.7399, 39.6163 ], [ -119.738, 39.6162 ], [ -119.7379, 39.617 ], [ -119.7385, 39.6179 ], [ -119.7401, 39.618 ], [ -119.7411, 39.6186 ], [ -119.7436, 39.6225 ], [ -119.7449, 39.6218 ], [ -119.7457, 39.6218 ], [ -119.7501, 39.6224 ], [ -119.7513, 39.6229 ], [ -119.752, 39.6241 ], [ -119.7533, 39.6238 ], [ -119.7571, 39.624 ], [ -119.7546, 39.6255 ], [ -119.7527, 39.6273 ], [ -119.7529, 39.6308 ], [ -119.7525, 39.6315 ], [ -119.7529, 39.6325 ], [ -119.7529, 39.6373 ], [ -119.7567, 39.6375 ], [ -119.7601, 39.6402 ], [ -119.7602, 39.6391 ], [ -119.762, 39.6384 ], [ -119.7625, 39.6385 ], [ -119.7631, 39.6397 ], [ -119.7653, 39.64 ], [ -119.7675, 39.6397 ], [ -119.7685, 39.6402 ], [ -119.7669, 39.6415 ], [ -119.7667, 39.6443 ], [ -119.7674, 39.6459 ], [ -119.7659, 39.6475 ], [ -119.7656, 39.6487 ], [ -119.7657, 39.649 ], [ -119.7677, 39.6493 ], [ -119.7695, 39.6505 ], [ -119.7704, 39.6504 ], [ -119.7712, 39.6507 ], [ -119.7708, 39.6517 ], [ -119.7712, 39.6542 ], [ -119.7695, 39.6567 ], [ -119.7693, 39.6578 ], [ -119.7717, 39.6583 ], [ -119.7703, 39.6594 ], [ -119.7702, 39.6628 ] ] ] } },
{ "type": "Feature", "properties": { "GEOIDFQ": "1400000US32031000900", "NAME": "9", "NAMELSAD": "Census Tract 9" }, "geometry": { "type": "Polygon", "coordinates": [ [ [ -119.7891, 39.5059 ], [ -119.789, 39.4949 ], [ -119.7979, 39.4947 ], [ -119.803, 39.5057 ], [ -119.7891, 39.5059 ] ] ] } },
{ "type": "Feature", "properties": { "GEOIDFQ": "1400000US32031001005", "NAME": "10.05", "NAMELSAD": "Census Tract 10.05" }, "geometry": { "type": "Polygon", "coordinates": [ [ [ -119.8126, 39.4869 ], [ -119.8126, 39.4912 ], [ -119.7992, 39.4912 ], [ -119.7963, 39.4916 ], [ -119.7892, 39.4769 ], [ -119.8079, 39.4765 ], [ -119.8079, 39.484 ], [ -119.8131, 39.4832 ], [ -119.8131, 39.4855 ], [ -119.8126, 39.4869 ] ] ] } },
{ "type": "Feature", "properties": { "GEOIDFQ": "1400000US32003001003", "NAME": "10.03", "NAMELSAD": "Census Tract 10.03" }, "geometry": { "type": "Polygon", "coordinates": [ [ [ -115.2254, 36.1562 ], [ -115.2241, 36.1579 ], [ -115.2239, 36.1593 ], [ -115.2059, 36.1591 ], [ -115.2061, 36.1577 ], [ -115.208, 36.1549 ], [ -115.2081, 36.1446 ], [ -115.2253, 36.1443 ], [ -115.2257, 36.1553 ], [ -115.2254, 36.1562 ] ] ] } },
{ "type": "Feature", "properties": { "GEOIDFQ": "1400000US32003001004", "NAME": "10.04", "NAMELSAD": "Census Tract 10.04" }, "geometry": { "type": "Polygon", "coordinates": [ [ [ -115.2079, 36.1551 ], [ -115.2062, 36.1575 ], [ -115.2059, 36.1591 ], [ -115.1862, 36.159 ], [ -115.1863, 36.1516 ], [ -115.1907, 36.1516 ], [ -115.1908, 36.1445 ], [ -115.2081, 36.1446 ], [ -115.2079, 36.1551 ] ] ] } },
{ "type": "Feature", "properties": { "GEOIDFQ": "1400000US32003006203", "NAME": "62.03", "NAMELSAD": "Census Tract 62.03" }, "geometry": { "type": "Polygon", "coordinates": [ [ [ -115.0434, 36.2071 ], [ -115.038, 36.2064 ], [ -115.038, 36.2069 ], [ -115.0356, 36.2066 ], [ -115.0354, 36.2087 ], [ -115.0363, 36.2087 ], [ -115.0363, 36.2074 ], [ -115.0372, 36.2075 ], [ -115.0373, 36.2081 ], [ -115.0394, 36.2082 ], [ -115.0394, 36.2089 ], [ -115.0388, 36.2089 ], [ -115.0387, 36.2103 ], [ -115.0352, 36.2101 ], [ -115.0349, 36.2106 ], [ -115.0306, 36.2105 ], [ -115.0314, 36.2025 ], [ -115.036, 36.2025 ], [ -115.0437, 36.2036 ], [ -115.0434, 36.2071 ] ] ] } },
{ "type": "Feature", "properties": { "GEOIDFQ": "1400000US32003002979", "NAME": "29.79", "NAMELSAD": "Census Tract 29.79" }, "geometry": { "type": "Polygon", "coordinates": [ [ [ -115.2424, 36.0631 ], [ -115.2425, 36.0675 ], [ -115.2362, 36.0671 ], [ -115.2296, 36.0672 ], [ -115.2253, 36.0679 ], [ -115.2181, 36.0674 ], [ -115.1991, 36.0687 ], [ -115.1952, 36.0681 ], [ -115.1806, 36.0638 ], [ -115.1806, 36.0571 ], [ -115.2078, 36.0571 ], [ -115.2417, 36.0558 ], [ -115.243, 36.0558 ], [ -115.2424, 36.0631 ] ] ] } },
{ "type": "Feature", "properties": { "GEOIDFQ": "1400000US32003003429", "NAME": "34.29", "NAMELSAD": "Census Tract 34.29" }, "geometry": { "type": "Polygon", "coordinates": [ [ [ -115.206, 36.1955 ], [ -115.2039, 36.1959 ], [ -115.2022, 36.1973 ], [ -115.1968, 36.2002 ], [ -115.186, 36.1885 ], [ -115.2061, 36.1882 ], [ -115.206, 36.1955 ] ] ] } },
{ "type": "Feature", "properties": { "GEOIDFQ": "1400000US32031003108", "NAME": "31.08", "NAMELSAD": "Census Tract 31.08" }, "geometry": { "type": "Polygon", "coordinates": [ [ [ -119.7241, 39.5699 ], [ -119.7229, 39.5694 ], [ -119.7207, 39.5692 ], [ -119.7189, 39.5708 ], [ -119.716, 39.5687 ], [ -119.7119, 39.5677 ], [ -119.7085, 39.5657 ], [ -119.706, 39.5647 ], [ -119.7055, 39.5635 ], [ -119.7055, 39.5583 ], [ -119.7093, 39.5582 ], [ -119.7136, 39.5564 ], [ -119.7244, 39.5564 ], [ -119.7244, 39.5626 ], [ -119.7251, 39.5667 ], [ -119.7241, 39.5699 ] ] ] } },
{ "type": "Feature", "properties": { "GEOIDFQ": "1400000US32031003507", "NAME": "35.07", "NAMELSAD": "Census Tract 35.07" }, "geometry": { "type": "Polygon", "coordinates": [ [ [ -119.7192, 39.5743 ], [ -119.7192, 39.5781 ], [ -119.7149, 39.586 ], [ -119.7108, 39.5857 ], [ -119.708, 39.5847 ], [ -119.7054, 39.5844 ], [ -119.7043, 39.5837 ], [ -119.7028, 39.5805 ], [ -119.6995, 39.5788 ], [ -119.6941, 39.5725 ], [ -119.6936, 39.57 ], [ -119.6942, 39.5687 ], [ -119.6954, 39.5677 ], [ -119.6971, 39.567 ], [ -119.7002, 39.5666 ], [ -119.7056, 39.5642 ], [ -119.7063, 39.565 ], [ -119.7085, 39.5657 ], [ -119.7119, 39.5677 ], [ -119.7164, 39.5689 ], [ -119.7198, 39.5714 ], [ -119.7202, 39.5725 ], [ -119.7192, 39.5743 ] ] ] } },
{ "type": "Feature", "properties": { "GEOIDFQ": "1400000US32031002500", "NAME": "25", "NAMELSAD": "Census Tract 25" }, "geometry": { "type": "Polygon", "coordinates": [ [ [ -119.8405, 39.5634 ], [ -119.8256, 39.5637 ], [ -119.8264, 39.5613 ], [ -119.8266, 39.5543 ], [ -119.8257, 39.5529 ], [ -119.8231, 39.5512 ], [ -119.8221, 39.5499 ], [ -119.8217, 39.5459 ], [ -119.8197, 39.5409 ], [ -119.8218, 39.5417 ], [ -119.8264, 39.5418 ], [ -119.8263, 39.5373 ], [ -119.8305, 39.5369 ], [ -119.8306, 39.536 ], [ -119.8313, 39.5358 ], [ -119.8312, 39.5354 ], [ -119.8325, 39.5354 ], [ -119.8342, 39.5368 ], [ -119.8387, 39.5369 ], [ -119.8388, 39.5377 ], [ -119.8397, 39.5386 ], [ -119.8418, 39.5397 ], [ -119.8418, 39.5406 ], [ -119.8422, 39.541 ], [ -119.8431, 39.5409 ], [ -119.844, 39.5403 ], [ -119.8451, 39.5402 ], [ -119.8451, 39.5416 ], [ -119.8445, 39.5422 ], [ -119.8427, 39.5421 ], [ -119.8412, 39.5414 ], [ -119.8386, 39.5416 ], [ -119.8392, 39.5423 ], [ -119.8396, 39.5438 ], [ -119.8411, 39.5445 ], [ -119.8445, 39.5475 ], [ -119.8446, 39.5481 ], [ -119.8438, 39.5494 ], [ -119.844, 39.5505 ], [ -119.8447, 39.5507 ], [ -119.8473, 39.5505 ], [ -119.8484, 39.551 ], [ -119.8482, 39.5556 ], [ -119.8491, 39.5567 ], [ -119.8405, 39.5634 ] ] ] } },
{ "type": "Feature", "properties": { "GEOIDFQ": "1400000US32031003307", "NAME": "33.07", "NAMELSAD": "Census Tract 33.07" }, "geometry": { "type": "Polygon", "coordinates": [ [ [ -119.9475, 39.2494 ], [ -119.9422, 39.248 ], [ -119.9313, 39.2414 ], [ -119.9291, 39.2393 ], [ -119.9286, 39.2384 ], [ -119.9287, 39.2372 ], [ -119.9321, 39.2321 ], [ -119.932, 39.2286 ], [ -119.9328, 39.2261 ], [ -119.9323, 39.2245 ], [ -119.9278, 39.2213 ], [ -119.9292, 39.2206 ], [ -119.9312, 39.2214 ], [ -119.9321, 39.2224 ], [ -119.9334, 39.2228 ], [ -119.9343, 39.2255 ], [ -119.9342, 39.2267 ], [ -119.933, 39.2289 ], [ -119.9332, 39.2299 ], [ -119.9341, 39.2309 ], [ -119.9356, 39.2316 ], [ -119.9369, 39.2332 ], [ -119.9464, 39.2378 ], [ -119.9452, 39.2398 ], [ -119.9488, 39.2409 ], [ -119.9486, 39.242 ], [ -119.9489, 39.2433 ], [ -119.9517, 39.2468 ], [ -119.9527, 39.2497 ], [ -119.9475, 39.2494 ] ] ] } },
{ "type": "Feature", "properties": { "GEOIDFQ": "1400000US32031002411", "NAME": "24.11", "NAMELSAD": "Census Tract 24.11" }, "geometry": { "type": "Polygon", "coordinates": [ [ [ -119.8868, 39.5176 ], [ -119.8853, 39.5184 ], [ -119.8846, 39.5196 ], [ -119.8823, 39.5214 ], [ -119.882, 39.5296 ], [ -119.8773, 39.5298 ], [ -119.8744, 39.5329 ], [ -119.8733, 39.5334 ], [ -119.8646, 39.5336 ], [ -119.8645, 39.5309 ], [ -119.863, 39.5269 ], [ -119.8625, 39.524 ], [ -119.8698, 39.52 ], [ -119.874, 39.5183 ], [ -119.8867, 39.5159 ], [ -119.8871, 39.5159 ], [ -119.8868, 39.5176 ] ] ] } },
{ "type": "Feature", "properties": { "GEOIDFQ": "1400000US32003002707", "NAME": "27.07", "NAMELSAD": "Census Tract 27.07" }, "geometry": { "type": "Polygon", "coordinates": [ [ [ -115.1324, 36.0973 ], [ -115.1189, 36.0965 ], [ -115.1187, 36.0789 ], [ -115.1233, 36.079 ], [ -115.1233, 36.0863 ], [ -115.1278, 36.0864 ], [ -115.1279, 36.0875 ], [ -115.1292, 36.0884 ], [ -115.1306, 36.0889 ], [ -115.1324, 36.0889 ], [ -115.1324, 36.0973 ] ] ] } },
{ "type": "Feature", "properties": { "GEOIDFQ": "1400000US32003005903", "NAME": "59.03", "NAMELSAD": "Census Tract 59.03" }, "geometry": { "type": "Polygon", "coordinates": [ [ [ -114.1005, 36.8434 ], [ -114.0542, 36.8431 ], [ -114.0549, 36.8428 ], [ -114.0545, 36.8424 ], [ -114.0547, 36.8409 ], [ -114.0563, 36.839 ], [ -114.0562, 36.8384 ], [ -114.0569, 36.8379 ], [ -114.0572, 36.8382 ], [ -114.0575, 36.8373 ], [ -114.0585, 36.8376 ], [ -114.0603, 36.8369 ], [ -114.0599, 36.8357 ], [ -114.0592, 36.8354 ], [ -114.0595, 36.8335 ], [ -114.06, 36.8339 ], [ -114.0597, 36.8346 ], [ -114.0602, 36.8353 ], [ -114.0607, 36.8341 ], [ -114.0606, 36.8332 ], [ -114.061, 36.8331 ], [ -114.0613, 36.8335 ], [ -114.0619, 36.8332 ], [ -114.0619, 36.8305 ], [ -114.0598, 36.8295 ], [ -114.0614, 36.8271 ], [ -114.0609, 36.8254 ], [ -114.0612, 36.8245 ], [ -114.0648, 36.8217 ], [ -114.0677, 36.8215 ], [ -114.0679, 36.8208 ], [ -114.0678, 36.8175 ], [ -114.0659, 36.8164 ], [ -114.0642, 36.8129 ], [ -114.0702, 36.8101 ], [ -114.0731, 36.8093 ], [ -114.0757, 36.8092 ], [ -114.0826, 36.81 ], [ -114.0866, 36.8099 ], [ -114.0875, 36.8142 ], [ -114.0886, 36.8141 ], [ -114.0923, 36.8191 ], [ -114.0926, 36.8216 ], [ -114.0932, 36.8224 ], [ -114.0928, 36.8229 ], [ -114.0937, 36.8247 ], [ -114.0937, 36.8256 ], [ -114.0951, 36.826 ], [ -114.095, 36.827 ], [ -114.0961, 36.8284 ], [ -114.0958, 36.8288 ], [ -114.0962, 36.8292 ], [ -114.0966, 36.8293 ], [ -114.0965, 36.8289 ], [ -114.0974, 36.8291 ], [ -114.0968, 36.8301 ], [ -114.0972, 36.8312 ], [ -114.0969, 36.832 ], [ -114.0977, 36.8325 ], [ -114.0986, 36.8343 ], [ -114.098, 36.8347 ], [ -114.0978, 36.8355 ], [ -114.0996, 36.8361 ], [ -114.0995, 36.8376 ], [ -114.0991, 36.8379 ], [ -114.0982, 36.8376 ], [ -114.0982, 36.8383 ], [ -114.0988, 36.8388 ], [ -114.0993, 36.8385 ], [ -114.0993, 36.8397 ], [ -114.1001, 36.8397 ], [ -114.0994, 36.8404 ], [ -114.0999, 36.8408 ], [ -114.0989, 36.8415 ], [ -114.0987, 36.8422 ], [ -114.1, 36.8421 ], [ -114.1001, 36.8426 ], [ -114.101, 36.8431 ], [ -114.1005, 36.8434 ] ] ] } },
{ "type": "Feature", "properties": { "GEOIDFQ": "1400000US32003005016", "NAME": "50.16", "NAMELSAD": "Census Tract 50.16" }, "geometry": { "type": "Polygon", "coordinates": [ [ [ -115.049, 36.1013 ], [ -115.0462, 36.1005 ], [ -115.034, 36.1004 ], [ -115.0339, 36.1078 ], [ -115.0289, 36.1078 ], [ -115.0292, 36.1167 ], [ -115.0288, 36.1152 ], [ -115.0255, 36.1098 ], [ -115.0235, 36.1091 ], [ -115.0201, 36.1056 ], [ -115.0195, 36.1055 ], [ -115.0189, 36.1047 ], [ -115.018, 36.1042 ], [ -115.0173, 36.1005 ], [ -115.0168, 36.0994 ], [ -115.0148, 36.0974 ], [ -115.0139, 36.0957 ], [ -115.0109, 36.0951 ], [ -115.0081, 36.0941 ], [ -115.0059, 36.0941 ], [ -115.0052, 36.0936 ], [ -115.0045, 36.0921 ], [ -115.0029, 36.0915 ], [ -115.0008, 36.0917 ], [ -114.9963, 36.0896 ], [ -114.9891, 36.0883 ], [ -114.9853, 36.0884 ], [ -114.9855, 36.0877 ], [ -114.9926, 36.0878 ], [ -114.9928, 36.0826 ], [ -114.9976, 36.0826 ], [ -115.0004, 36.0835 ], [ -115.0028, 36.0826 ], [ -115.0051, 36.0826 ], [ -115.0052, 36.077 ], [ -115.0037, 36.077 ], [ -115.0037, 36.071 ], [ -115.0117, 36.0709 ], [ -115.0115, 36.0818 ], [ -115.0204, 36.0818 ], [ -115.0207, 36.0899 ], [ -115.0289, 36.0974 ], [ -115.0298, 36.0964 ], [ -115.0297, 36.0927 ], [ -115.0376, 36.0927 ], [ -115.0399, 36.0912 ], [ -115.0507, 36.101 ], [ -115.049, 36.1013 ] ] ] } },
{ "type": "Feature", "properties": { "GEOIDFQ": "1400000US32003002604", "NAME": "26.04", "NAMELSAD": "Census Tract 26.04" }, "geometry": { "type": "Polygon", "coordinates": [ [ [ -115.1585, 36.108 ], [ -115.1567, 36.109 ], [ -115.1557, 36.1089 ], [ -115.1531, 36.1115 ], [ -115.1498, 36.101 ], [ -115.1638, 36.1009 ], [ -115.1639, 36.108 ], [ -115.1585, 36.108 ] ] ] } },
{ "type": "Feature", "properties": { "GEOIDFQ": "1400000US32003003218", "NAME": "32.18", "NAMELSAD": "Census Tract 32.18" }, "geometry": { "type": "Polygon", "coordinates": [ [ [ -115.3036, 36.1896 ], [ -115.3047, 36.1911 ], [ -115.3041, 36.1927 ], [ -115.3025, 36.1935 ], [ -115.3007, 36.1934 ], [ -115.3004, 36.1952 ], [ -115.3006, 36.2009 ], [ -115.2998, 36.2061 ], [ -115.2943, 36.2054 ], [ -115.2906, 36.2044 ], [ -115.2875, 36.2031 ], [ -115.2823, 36.1998 ], [ -115.2857, 36.1959 ], [ -115.2876, 36.1916 ], [ -115.2872, 36.1777 ], [ -115.2931, 36.1783 ], [ -115.2963, 36.1793 ], [ -115.3067, 36.1869 ], [ -115.3036, 36.1896 ] ] ] } },
{ "type": "Feature", "properties": { "GEOIDFQ": "1400000US32003005504", "NAME": "55.04", "NAMELSAD": "Census Tract 55.04" }, "geometry": { "type": "Polygon", "coordinates": [ [ [ -114.8452, 35.9684 ], [ -114.8273, 35.9692 ], [ -114.8277, 35.9675 ], [ -114.8269, 35.9663 ], [ -114.8268, 35.9644 ], [ -114.827, 35.9621 ], [ -114.8276, 35.9614 ], [ -114.8272, 35.9602 ], [ -114.8287, 35.9594 ], [ -114.8297, 35.9578 ], [ -114.8315, 35.9567 ], [ -114.8328, 35.9571 ], [ -114.8352, 35.9563 ], [ -114.8363, 35.9564 ], [ -114.8352, 35.9589 ], [ -114.8417, 35.9589 ], [ -114.8417, 35.9644 ], [ -114.8453, 35.9644 ], [ -114.8452, 35.9684 ] ] ] } },
{ "type": "Feature", "properties": { "GEOIDFQ": "1400000US32003005347", "NAME": "53.47", "NAMELSAD": "Census Tract 53.47" }, "geometry": { "type": "Polygon", "coordinates": [ [ [ -115.126, 35.9988 ], [ -115.1214, 35.9945 ], [ -115.1208, 35.9927 ], [ -115.1208, 35.9896 ], [ -115.1213, 35.9865 ], [ -115.1224, 35.985 ], [ -115.1268, 35.9822 ], [ -115.1279, 35.9807 ], [ -115.1278, 35.9792 ], [ -115.1257, 35.9765 ], [ -115.125, 35.9744 ], [ -115.1233, 35.9735 ], [ -115.1212, 35.9739 ], [ -115.1167, 35.9766 ], [ -115.1162, 35.9779 ], [ -115.1169, 35.979 ], [ -115.1159, 35.9794 ], [ -115.1145, 35.9791 ], [ -115.1131, 35.977 ], [ -115.1114, 35.9771 ], [ -115.111, 35.9776 ], [ -115.1114, 35.98 ], [ -115.1103, 35.9809 ], [ -115.109, 35.9808 ], [ -115.1079, 35.9796 ], [ -115.1068, 35.9792 ], [ -115.1036, 35.9802 ], [ -115.1008, 35.9802 ], [ -115.101, 35.9692 ], [ -115.1013, 35.9688 ], [ -115.1031, 35.9694 ], [ -115.1174, 35.9693 ], [ -115.1195, 35.9683 ], [ -115.121, 35.9661 ], [ -115.1209, 35.9637 ], [ -115.1199, 35.9611 ], [ -115.124, 35.9599 ], [ -115.1393, 35.9598 ], [ -115.1434, 35.9663 ], [ -115.1438, 35.9771 ], [ -115.1446, 35.9782 ], [ -115.149, 35.9823 ], [ -115.126, 35.9988 ] ] ] } },
{ "type": "Feature", "properties": { "GEOIDFQ": "1400000US32003005348", "NAME": "53.48", "NAMELSAD": "Census Tract 53.48" }, "geometry": { "type": "Polygon", "coordinates": [ [ [ -115.127, 35.982 ], [ -115.1227, 35.9848 ], [ -115.1216, 35.9861 ], [ -115.121, 35.9877 ], [ -115.1208, 35.9917 ], [ -115.1091, 35.9914 ], [ -115.105, 35.9924 ], [ -115.1009, 35.9925 ], [ -115.1008, 35.9802 ], [ -115.1036, 35.9802 ], [ -115.1068, 35.9792 ], [ -115.1079, 35.9796 ], [ -115.109, 35.9808 ], [ -115.1104, 35.9808 ], [ -115.1114, 35.9798 ], [ -115.1111, 35.9773 ], [ -115.1122, 35.9769 ], [ -115.1133, 35.9772 ], [ -115.1147, 35.9792 ], [ -115.1161, 35.9794 ], [ -115.1169, 35.979 ], [ -115.1162, 35.9776 ], [ -115.1168, 35.9765 ], [ -115.1214, 35.9738 ], [ -115.1228, 35.9735 ], [ -115.1242, 35.9738 ], [ -115.1251, 35.9745 ], [ -115.1257, 35.9764 ], [ -115.1274, 35.9785 ], [ -115.128, 35.9802 ], [ -115.127, 35.982 ] ] ] } },
{ "type": "Feature", "properties": { "GEOIDFQ": "1400000US32003005711", "NAME": "57.11", "NAMELSAD": "Census Tract 57.11" }, "geometry": { "type": "Polygon", "coordinates": [ [ [ -115.2241, 35.8875 ], [ -115.2214, 35.8905 ], [ -115.2166, 35.8973 ], [ -115.1721, 35.897 ], [ -115.1718, 35.9022 ], [ -115.1695, 35.904 ], [ -115.1629, 35.9042 ], [ -115.1625, 35.9115 ], [ -115.1541, 35.9191 ], [ -115.1322, 35.9187 ], [ -115.1322, 35.9168 ], [ -115.1191, 35.9168 ], [ -115.1192, 35.9186 ], [ -115.1105, 35.9185 ], [ -115.1105, 35.9257 ], [ -115.1018, 35.9255 ], [ -115.1005, 35.9244 ], [ -115.1005, 35.9219 ], [ -115.0951, 35.9219 ], [ -115.0929, 35.9229 ], [ -115.0868, 35.9229 ], [ -115.0862, 35.9245 ], [ -115.0852, 35.9251 ], [ -115.0828, 35.9251 ], [ -115.0827, 35.928 ], [ -115.0817, 35.9286 ], [ -115.0771, 35.9276 ], [ -115.0771, 35.9287 ], [ -115.0805, 35.9303 ], [ -115.0815, 35.9303 ], [ -115.0825, 35.9314 ], [ -115.0825, 35.9323 ], [ -115.0813, 35.933 ], [ -115.0791, 35.933 ], [ -115.0791, 35.9339 ], [ -115.08, 35.9345 ], [ -115.0824, 35.9347 ], [ -115.0834, 35.9355 ], [ -115.0872, 35.9371 ], [ -115.0788, 35.9381 ], [ -115.0787, 35.9412 ], [ -115.0754, 35.9411 ], [ -115.0754, 35.9448 ], [ -115.0776, 35.9448 ], [ -115.0776, 35.953 ], [ -115.0798, 35.9531 ], [ -115.0798, 35.9549 ], [ -115.0732, 35.9548 ], [ -115.0732, 35.9557 ], [ -115.071, 35.9557 ], [ -115.0711, 35.9676 ], [ -115.0733, 35.9676 ], [ -115.0733, 35.9685 ], [ -115.0756, 35.9685 ], [ -115.0756, 35.9713 ], [ -115.0723, 35.9712 ], [ -115.0723, 35.9719 ], [ -115.0733, 35.9725 ], [ -115.0739, 35.9719 ], [ -115.0756, 35.973 ], [ -115.0761, 35.9737 ], [ -115.0773, 35.9738 ], [ -115.0784, 35.9747 ], [ -115.08, 35.9751 ], [ -115.0816, 35.9763 ], [ -115.082, 35.9775 ], [ -115.0833, 35.9774 ], [ -115.0839, 35.9761 ], [ -115.0853, 35.9753 ], [ -115.0883, 35.975 ], [ -115.0936, 35.9733 ], [ -115.0955, 35.9731 ], [ -115.0954, 35.975 ], [ -115.0947, 35.977 ], [ -115.0948, 35.9783 ], [ -115.0967, 35.9818 ], [ -115.1006, 35.9841 ], [ -115.101, 35.9851 ], [ -115.101, 35.9886 ], [ -115.0995, 35.9884 ], [ -115.0974, 35.9873 ], [ -115.0921, 35.986 ], [ -115.0899, 35.9859 ], [ -115.0879, 35.9862 ], [ -115.0857, 35.9876 ], [ -115.0848, 35.9875 ], [ -115.0848, 35.9872 ], [ -115.0814, 35.9872 ], [ -115.0779, 35.9901 ], [ -115.0749, 35.988 ], [ -115.0711, 35.9873 ], [ -115.0697, 35.9865 ], [ -115.0674, 35.984 ], [ -115.0478, 35.9839 ], [ -115.0478, 35.9983 ], [ -114.9942, 35.998 ], [ -114.9943, 35.9835 ], [ -114.9544, 35.9837 ], [ -114.9544, 35.9831 ], [ -114.9285, 35.9833 ], [ -114.9264, 35.9838 ], [ -114.9188, 35.9835 ], [ -114.9159, 35.9803 ], [ -114.9129, 35.9728 ], [ -114.9101, 35.9701 ], [ -114.9076, 35.9689 ], [ -114.9053, 35.9683 ], [ -114.8946, 35.9676 ], [ -114.8953, 35.9641 ], [ -114.9158, 35.9251 ], [ -114.9172, 35.9217 ], [ -114.9323, 35.8526 ], [ -114.9329, 35.8524 ], [ -114.9338, 35.8512 ], [ -114.9558, 35.83 ], [ -115.0956, 35.7562 ], [ -115.0955, 35.7567 ], [ -115.0963, 35.7574 ], [ -115.0964, 35.7592 ], [ -115.0976, 35.7609 ], [ -115.106, 35.7601 ], [ -115.1087, 35.7604 ], [ -115.113, 35.7617 ], [ -115.1242, 35.7633 ], [ -115.1256, 35.7631 ], [ -115.1286, 35.7639 ], [ -115.131, 35.7651 ], [ -115.133, 35.7646 ], [ -115.1341, 35.7631 ], [ -115.1385, 35.7616 ], [ -115.1401, 35.7594 ], [ -115.143, 35.7585 ], [ -115.1469, 35.7561 ], [ -115.1494, 35.7556 ], [ -115.1507, 35.7559 ], [ -115.1564, 35.7586 ], [ -115.1598, 35.7583 ], [ -115.1611, 35.7592 ], [ -115.1637, 35.7583 ], [ -115.1651, 35.7582 ], [ -115.1691, 35.7613 ], [ -115.1716, 35.7621 ], [ -115.1759, 35.7618 ], [ -115.1775, 35.7614 ], [ -115.1801, 35.7614 ], [ -115.1816, 35.7595 ], [ -115.1845, 35.7594 ], [ -115.1895, 35.7571 ], [ -115.1906, 35.7573 ], [ -115.1908, 35.7567 ], [ -115.1946, 35.7546 ], [ -115.2037, 35.7504 ], [ -115.2161, 35.7435 ], [ -115.229, 35.7371 ], [ -115.2341, 35.7416 ], [ -115.235, 35.7419 ], [ -115.235, 35.7426 ], [ -115.2515, 35.7561 ], [ -115.2518, 35.7578 ], [ -115.2522, 35.7583 ], [ -115.2535, 35.7587 ], [ -115.255, 35.7615 ], [ -115.2616, 35.7672 ], [ -115.2683, 35.7739 ], [ -115.2705, 35.7772 ], [ -115.2658, 35.7809 ], [ -115.2644, 35.7813 ], [ -115.2626, 35.7826 ], [ -115.2591, 35.7839 ], [ -115.2488, 35.7842 ], [ -115.2474, 35.7832 ], [ -115.244, 35.7829 ], [ -115.2617, 35.7948 ], [ -115.2706, 35.8025 ], [ -115.2744, 35.805 ], [ -115.2749, 35.8085 ], [ -115.2785, 35.8165 ], [ -115.2833, 35.8249 ], [ -115.2839, 35.8265 ], [ -115.284, 35.8275 ], [ -115.2822, 35.8293 ], [ -115.283, 35.8312 ], [ -115.2846, 35.8316 ], [ -115.2871, 35.8311 ], [ -115.288, 35.8318 ], [ -115.2241, 35.8875 ] ] ] } },
{ "type": "Feature", "properties": { "GEOIDFQ": "1400000US32003005855", "NAME": "58.55", "NAMELSAD": "Census Tract 58.55" }, "geometry": { "type": "Polygon", "coordinates": [ [ [ -115.2974, 36.0556 ], [ -115.2792, 36.0556 ], [ -115.2791, 36.0477 ], [ -115.2806, 36.0481 ], [ -115.2817, 36.0476 ], [ -115.2835, 36.0439 ], [ -115.2846, 36.043 ], [ -115.2888, 36.0416 ], [ -115.29, 36.0418 ], [ -115.2912, 36.0426 ], [ -115.293, 36.0412 ], [ -115.2934, 36.0405 ], [ -115.2935, 36.038 ], [ -115.2944, 36.037 ], [ -115.2941, 36.0362 ], [ -115.2942, 36.0338 ], [ -115.2948, 36.0338 ], [ -115.2948, 36.0323 ], [ -115.2973, 36.0323 ], [ -115.2969, 36.0405 ], [ -115.2974, 36.0556 ] ] ] } },
{ "type": "Feature", "properties": { "GEOIDFQ": "1400000US32003005856", "NAME": "58.56", "NAMELSAD": "Census Tract 58.56" }, "geometry": { "type": "Polygon", "coordinates": [ [ [ -115.2973, 36.0323 ], [ -115.2948, 36.0323 ], [ -115.2948, 36.0338 ], [ -115.2942, 36.0338 ], [ -115.2941, 36.0362 ], [ -115.2944, 36.037 ], [ -115.2935, 36.038 ], [ -115.2934, 36.0405 ], [ -115.293, 36.0412 ], [ -115.2912, 36.0426 ], [ -115.29, 36.0418 ], [ -115.2888, 36.0416 ], [ -115.2846, 36.043 ], [ -115.2835, 36.0439 ], [ -115.2817, 36.0476 ], [ -115.2806, 36.0481 ], [ -115.2791, 36.0477 ], [ -115.2789, 36.035 ], [ -115.2823, 36.0345 ], [ -115.2918, 36.0293 ], [ -115.2973, 36.0278 ], [ -115.2973, 36.0323 ] ] ] } },
{ "type": "Feature", "properties": { "GEOIDFQ": "1400000US32003007200", "NAME": "72", "NAMELSAD": "Census Tract 72" }, "geometry": { "type": "Polygon", "coordinates": [ [ [ -115.0134, 36.2025 ], [ -115.0114, 36.2043 ], [ -115.0095, 36.2068 ], [ -115.0084, 36.2076 ], [ -115.0083, 36.2081 ], [ -115.0045, 36.2072 ], [ -115.0027, 36.2077 ], [ -115.0001, 36.2092 ], [ -114.9978, 36.209 ], [ -114.9954, 36.2092 ], [ -114.9933, 36.2103 ], [ -114.9929, 36.2112 ], [ -114.9893, 36.2123 ], [ -114.9887, 36.214 ], [ -114.9873, 36.2145 ], [ -114.9868, 36.2153 ], [ -114.9849, 36.2152 ], [ -114.9851, 36.2145 ], [ -114.9844, 36.2143 ], [ -114.983, 36.2151 ], [ -114.9791, 36.2142 ], [ -114.9774, 36.2157 ], [ -114.9746, 36.2171 ], [ -114.9732, 36.2168 ], [ -114.9722, 36.2171 ], [ -114.971, 36.2169 ], [ -114.9699, 36.2174 ], [ -114.9669, 36.2178 ], [ -114.9642, 36.2177 ], [ -114.9601, 36.2197 ], [ -114.9564, 36.2184 ], [ -114.9513, 36.2173 ], [ -114.9493, 36.2147 ], [ -114.9496, 36.2117 ], [ -114.9516, 36.2101 ], [ -114.9534, 36.2077 ], [ -114.9553, 36.2066 ], [ -114.9597, 36.2066 ], [ -114.9656, 36.2057 ], [ -114.9743, 36.2024 ], [ -114.9807, 36.201 ], [ -114.9832, 36.201 ], [ -114.9848, 36.2019 ], [ -114.9848, 36.2011 ], [ -114.9858, 36.2001 ], [ -114.9858, 36.1969 ], [ -114.9865, 36.1951 ], [ -114.9878, 36.194 ], [ -114.9933, 36.1856 ], [ -114.994, 36.181 ], [ -114.9983, 36.1748 ], [ -114.9983, 36.1735 ], [ -115.0258, 36.1739 ], [ -115.0256, 36.1887 ], [ -115.0123, 36.1883 ], [ -115.0125, 36.1918 ], [ -115.0102, 36.1927 ], [ -115.0098, 36.196 ], [ -115.0084, 36.1965 ], [ -115.0067, 36.199 ], [ -115.016, 36.1983 ], [ -115.0225, 36.196 ], [ -115.0263, 36.1956 ], [ -115.0269, 36.2025 ], [ -115.0134, 36.2025 ] ] ] } },
{ "type": "Feature", "properties": { "GEOIDFQ": "1400000US32003003317", "NAME": "33.17", "NAMELSAD": "Census Tract 33.17" }, "geometry": { "type": "Polygon", "coordinates": [ [ [ -115.2786, 36.3084 ], [ -115.2788, 36.3056 ], [ -115.2794, 36.3045 ], [ -115.2858, 36.2985 ], [ -115.2947, 36.3083 ], [ -115.2786, 36.3084 ] ] ] } },
{ "type": "Feature", "properties": { "GEOIDFQ": "1400000US32003000526", "NAME": "5.26", "NAMELSAD": "Census Tract 5.26" }, "geometry": { "type": "Polygon", "coordinates": [ [ [ -115.1072, 36.1883 ], [ -115.0983, 36.1881 ], [ -115.0983, 36.1809 ], [ -115.1072, 36.1811 ], [ -115.1072, 36.1883 ] ] ] } },
{ "type": "Feature", "properties": { "GEOIDFQ": "1400000US32003005355", "NAME": "53.55", "NAMELSAD": "Census Tract 53.55" }, "geometry": { "type": "Polygon", "coordinates": [ [ [ -115.1009, 35.9925 ], [ -115.0969, 35.9929 ], [ -115.0955, 35.9936 ], [ -115.0923, 35.9965 ], [ -115.0852, 35.9982 ], [ -115.0841, 35.9989 ], [ -115.0833, 36.0004 ], [ -115.0832, 36.0058 ], [ -115.0802, 36.0057 ], [ -115.0762, 36.0048 ], [ -115.0739, 36.0048 ], [ -115.0717, 36.0054 ], [ -115.0658, 36.0087 ], [ -115.0653, 36.008 ], [ -115.0653, 35.999 ], [ -115.0651, 35.9982 ], [ -115.0636, 35.9975 ], [ -115.0626, 35.9962 ], [ -115.0618, 35.9958 ], [ -115.0607, 35.9976 ], [ -115.0596, 35.998 ], [ -115.0583, 35.9977 ], [ -115.0569, 35.9968 ], [ -115.0554, 35.997 ], [ -115.053, 35.9963 ], [ -115.0524, 35.9955 ], [ -115.0527, 35.9951 ], [ -115.0522, 35.9948 ], [ -115.0503, 35.9956 ], [ -115.0493, 35.9947 ], [ -115.0478, 35.9946 ], [ -115.0478, 35.9839 ], [ -115.0674, 35.984 ], [ -115.0697, 35.9865 ], [ -115.0711, 35.9873 ], [ -115.0749, 35.988 ], [ -115.0779, 35.9901 ], [ -115.0814, 35.9872 ], [ -115.0848, 35.9872 ], [ -115.0848, 35.9875 ], [ -115.0857, 35.9876 ], [ -115.0879, 35.9862 ], [ -115.0899, 35.9859 ], [ -115.0921, 35.986 ], [ -115.0974, 35.9873 ], [ -115.0995, 35.9884 ], [ -115.101, 35.9886 ], [ -115.1009, 35.9925 ] ] ] } },
{ "type": "Feature", "properties": { "GEOIDFQ": "1400000US32003002303", "NAME": "23.03", "NAMELSAD": "Census Tract 23.03" }, "geometry": { "type": "Polygon", "coordinates": [ [ [ -115.1573, 36.1437 ], [ -115.1548, 36.1437 ], [ -115.1548, 36.1361 ], [ -115.1621, 36.1364 ], [ -115.1573, 36.1437 ] ] ] } },
{ "type": "Feature", "properties": { "GEOIDFQ": "1400000US32003005715", "NAME": "57.15", "NAMELSAD": "Census Tract 57.15" }, "geometry": { "type": "Polygon", "coordinates": [ [ [ -115.0958, 35.9702 ], [ -115.0955, 35.9731 ], [ -115.0936, 35.9733 ], [ -115.0883, 35.975 ], [ -115.0853, 35.9753 ], [ -115.0839, 35.9761 ], [ -115.0833, 35.9774 ], [ -115.082, 35.9775 ], [ -115.0816, 35.9763 ], [ -115.08, 35.9751 ], [ -115.0784, 35.9747 ], [ -115.0773, 35.9738 ], [ -115.0761, 35.9737 ], [ -115.0756, 35.973 ], [ -115.0739, 35.9719 ], [ -115.0733, 35.9725 ], [ -115.0723, 35.9719 ], [ -115.0723, 35.9712 ], [ -115.0756, 35.9713 ], [ -115.0756, 35.9685 ], [ -115.0733, 35.9685 ], [ -115.0733, 35.9676 ], [ -115.0711, 35.9676 ], [ -115.071, 35.9557 ], [ -115.0732, 35.9557 ], [ -115.0732, 35.9548 ], [ -115.0798, 35.9549 ], [ -115.0798, 35.9531 ], [ -115.0776, 35.953 ], [ -115.0776, 35.9517 ], [ -115.0805, 35.9515 ], [ -115.0815, 35.9509 ], [ -115.0836, 35.9524 ], [ -115.0854, 35.9526 ], [ -115.0868, 35.9533 ], [ -115.0891, 35.9532 ], [ -115.0924, 35.9521 ], [ -115.0944, 35.9574 ], [ -115.0952, 35.9608 ], [ -115.0974, 35.9636 ], [ -115.0979, 35.9654 ], [ -115.0958, 35.9702 ] ] ] } },
{ "type": "Feature", "properties": { "GEOIDFQ": "1400000US32003005846", "NAME": "58.46", "NAMELSAD": "Census Tract 58.46" }, "geometry": { "type": "Polygon", "coordinates": [ [ [ -115.3295, 36.088 ], [ -115.3296, 36.089 ], [ -115.329, 36.0891 ], [ -115.3283, 36.0911 ], [ -115.3258, 36.0906 ], [ -115.3244, 36.0926 ], [ -115.3253, 36.0973 ], [ -115.3244, 36.1002 ], [ -115.3263, 36.1011 ], [ -115.3274, 36.1025 ], [ -115.3274, 36.1074 ], [ -115.3294, 36.1107 ], [ -115.3298, 36.1123 ], [ -115.3288, 36.1179 ], [ -115.3266, 36.1215 ], [ -115.3211, 36.1196 ], [ -115.3149, 36.1188 ], [ -115.3155, 36.0868 ], [ -115.3229, 36.0853 ], [ -115.3251, 36.084 ], [ -115.3269, 36.0821 ], [ -115.3269, 36.0824 ], [ -115.3275, 36.0822 ], [ -115.3271, 36.0831 ], [ -115.3304, 36.0856 ], [ -115.3295, 36.088 ] ] ] } },
{ "type": "Feature", "properties": { "GEOIDFQ": "1400000US32003005839", "NAME": "58.39", "NAMELSAD": "Census Tract 58.39" }, "geometry": { "type": "Polygon", "coordinates": [ [ [ -115.2422, 35.9971 ], [ -115.2412, 35.9988 ], [ -115.2255, 35.9987 ], [ -115.2256, 35.9904 ], [ -115.2248, 35.9895 ], [ -115.2229, 35.9885 ], [ -115.2205, 35.9851 ], [ -115.2186, 35.9843 ], [ -115.2094, 35.9842 ], [ -115.2094, 35.9878 ], [ -115.2053, 35.9879 ], [ -115.2029, 35.9897 ], [ -115.1975, 35.988 ], [ -115.1853, 35.9783 ], [ -115.1841, 35.977 ], [ -115.1835, 35.9752 ], [ -115.1836, 35.9727 ], [ -115.1867, 35.9672 ], [ -115.1868, 35.9651 ], [ -115.1845, 35.9608 ], [ -115.1819, 35.9618 ], [ -115.1826, 35.9492 ], [ -115.1839, 35.9449 ], [ -115.1858, 35.9411 ], [ -115.2214, 35.8905 ], [ -115.2241, 35.8875 ], [ -115.2315, 35.881 ], [ -115.2307, 35.8854 ], [ -115.2262, 35.8934 ], [ -115.2221, 35.9045 ], [ -115.2179, 35.9092 ], [ -115.2172, 35.9107 ], [ -115.2174, 35.9119 ], [ -115.2182, 35.913 ], [ -115.2217, 35.9161 ], [ -115.2236, 35.9185 ], [ -115.2255, 35.9243 ], [ -115.2258, 35.9275 ], [ -115.2238, 35.9433 ], [ -115.2226, 35.9445 ], [ -115.2203, 35.9448 ], [ -115.2096, 35.9395 ], [ -115.2043, 35.9398 ], [ -115.2027, 35.9405 ], [ -115.2019, 35.9414 ], [ -115.2012, 35.9457 ], [ -115.1987, 35.9492 ], [ -115.1983, 35.9512 ], [ -115.1993, 35.9537 ], [ -115.201, 35.9553 ], [ -115.2116, 35.9636 ], [ -115.2208, 35.9693 ], [ -115.2216, 35.9705 ], [ -115.2242, 35.9779 ], [ -115.2258, 35.9789 ], [ -115.2301, 35.9795 ], [ -115.2317, 35.9802 ], [ -115.2416, 35.9917 ], [ -115.2425, 35.9934 ], [ -115.2427, 35.995 ], [ -115.2422, 35.9971 ] ] ] } },
{ "type": "Feature", "properties": { "GEOIDFQ": "1400000US32003007600", "NAME": "76", "NAMELSAD": "Census Tract 76" }, "geometry": { "type": "Polygon", "coordinates": [ [ [ -114.5179, 36.6727 ], [ -114.5158, 36.6748 ], [ -114.5112, 36.6829 ], [ -114.5075, 36.6876 ], [ -114.4946, 36.6986 ], [ -114.4238, 36.7423 ], [ -114.4198, 36.7443 ], [ -114.4157, 36.7458 ], [ -114.3601, 36.7614 ], [ -114.2631, 36.7786 ], [ -114.2598, 36.7786 ], [ -114.2557, 36.7779 ], [ -114.2481, 36.7746 ], [ -114.2374, 36.7712 ], [ -114.2325, 36.77 ], [ -114.1792, 36.7634 ], [ -114.1758, 36.7633 ], [ -114.173, 36.7636 ], [ -114.1685, 36.765 ], [ -114.159, 36.7705 ], [ -114.1507, 36.7738 ], [ -114.1481, 36.7752 ], [ -114.1481, 36.7745 ], [ -114.1477, 36.7748 ], [ -114.1477, 36.7711 ], [ -114.1329, 36.7817 ], [ -114.1157, 36.7878 ], [ -114.0956, 36.7908 ], [ -114.0894, 36.791 ], [ -114.0735, 36.7949 ], [ -114.0732, 36.7961 ], [ -114.0733, 36.7991 ], [ -114.0725, 36.8018 ], [ -114.0719, 36.803 ], [ -114.07, 36.8042 ], [ -114.0699, 36.8061 ], [ -114.0678, 36.8105 ], [ -114.0679, 36.8112 ], [ -114.0577, 36.8159 ], [ -114.0501, 36.8179 ], [ -114.0499, 36.7819 ], [ -114.0503, 36.7529 ], [ -114.0499, 36.7095 ], [ -114.0463, 36.5646 ], [ -114.0456, 36.5211 ], [ -114.0448, 36.4913 ], [ -114.0431, 36.4697 ], [ -114.0428, 36.4482 ], [ -114.043, 36.3859 ], [ -114.0447, 36.3463 ], [ -114.0448, 36.332 ], [ -114.0441, 36.3176 ], [ -114.0456, 36.2888 ], [ -114.0455, 36.2744 ], [ -114.0438, 36.2451 ], [ -114.0439, 36.1933 ], [ -114.0495, 36.1921 ], [ -114.0527, 36.1909 ], [ -114.0587, 36.1878 ], [ -114.0668, 36.1791 ], [ -114.0717, 36.1709 ], [ -114.0756, 36.1625 ], [ -114.0788, 36.1574 ], [ -114.0794, 36.1546 ], [ -114.0812, 36.1502 ], [ -114.0879, 36.1429 ], [ -114.0893, 36.1403 ], [ -114.0917, 36.1373 ], [ -114.0928, 36.1324 ], [ -114.097, 36.1208 ], [ -114.0977, 36.1202 ], [ -114.1004, 36.1194 ], [ -114.1074, 36.1194 ], [ -114.1084, 36.1192 ], [ -114.1161, 36.1155 ], [ -114.1185, 36.1139 ], [ -114.1209, 36.1109 ], [ -114.1217, 36.1083 ], [ -114.1218, 36.1057 ], [ -114.121, 36.1039 ], [ -114.1193, 36.1019 ], [ -114.1171, 36.1012 ], [ -114.1152, 36.0999 ], [ -114.1119, 36.0958 ], [ -114.112, 36.0949 ], [ -114.1123, 36.0941 ], [ -114.1196, 36.0858 ], [ -114.124, 36.0756 ], [ -114.1298, 36.0685 ], [ -114.1334, 36.0617 ], [ -114.1362, 36.0532 ], [ -114.1348, 36.0439 ], [ -114.1371, 36.0385 ], [ -114.1383, 36.0372 ], [ -114.1432, 36.0353 ], [ -114.1447, 36.0343 ], [ -114.1457, 36.033 ], [ -114.1459, 36.0272 ], [ -114.1502, 36.0235 ], [ -114.1514, 36.0231 ], [ -114.1534, 36.0232 ], [ -114.1612, 36.0263 ], [ -114.1644, 36.0269 ], [ -114.1747, 36.0267 ], [ -114.1763, 36.0261 ], [ -114.1794, 36.0243 ], [ -114.1859, 36.0223 ], [ -114.1912, 36.02 ], [ -114.2001, 36.0177 ], [ -114.2012, 36.0178 ], [ -114.2042, 36.0166 ], [ -114.2061, 36.0166 ], [ -114.2119, 36.0148 ], [ -114.2147, 36.0148 ], [ -114.2166, 36.0143 ], [ -114.2188, 36.0145 ], [ -114.2248, 36.0137 ], [ -114.2265, 36.0146 ], [ -114.228, 36.0147 ], [ -114.2319, 36.0131 ], [ -114.2334, 36.0128 ], [ -114.2369, 36.0132 ], [ -114.2382, 36.0145 ], [ -114.2404, 36.0152 ], [ -114.2439, 36.0153 ], [ -114.2484, 36.0186 ], [ -114.2516, 36.0199 ], [ -114.2595, 36.0242 ], [ -114.2644, 36.0279 ], [ -114.2686, 36.035 ], [ -114.2692, 36.0368 ], [ -114.2689, 36.0409 ], [ -114.2695, 36.0438 ], [ -114.2709, 36.0455 ], [ -114.2723, 36.0463 ], [ -114.2739, 36.0465 ], [ -114.2782, 36.0458 ], [ -114.2796, 36.0461 ], [ -114.284, 36.0482 ], [ -114.288, 36.0491 ], [ -114.2909, 36.0505 ], [ -114.2934, 36.0545 ], [ -114.2959, 36.0562 ], [ -114.2986, 36.0573 ], [ -114.301, 36.0575 ], [ -114.3086, 36.057 ], [ -114.3119, 36.0577 ], [ -114.3136, 36.059 ], [ -114.3144, 36.0605 ], [ -114.3143, 36.062 ], [ -114.3124, 36.0661 ], [ -114.3075, 36.0697 ], [ -114.3059, 36.0715 ], [ -114.3044, 36.074 ], [ -114.3042, 36.0756 ], [ -114.3069, 36.0825 ], [ -114.317, 36.0934 ], [ -114.3209, 36.0965 ], [ -114.3235, 36.1012 ], [ -114.3255, 36.103 ], [ -114.3258, 36.1039 ], [ -114.3288, 36.1059 ], [ -114.3336, 36.1063 ], [ -114.3346, 36.1068 ], [ -114.3373, 36.1104 ], [ -114.3388, 36.1113 ], [ -114.3409, 36.1135 ], [ -114.3451, 36.1186 ], [ -114.359, 36.1278 ], [ -114.3606, 36.1294 ], [ -114.3645, 36.1341 ], [ -114.3686, 36.1409 ], [ -114.3702, 36.1426 ], [ -114.3737, 36.1437 ], [ -114.3754, 36.1436 ], [ -114.3758, 36.1716 ], [ -114.3762, 36.1719 ], [ -114.376, 36.1723 ], [ -114.3769, 36.1724 ], [ -114.3765, 36.1732 ], [ -114.3771, 36.1735 ], [ -114.3788, 36.1725 ], [ -114.3794, 36.1727 ], [ -114.38, 36.1735 ], [ -114.3791, 36.1743 ], [ -114.379, 36.1753 ], [ -114.3795, 36.1759 ], [ -114.382, 36.177 ], [ -114.3808, 36.1781 ], [ -114.3787, 36.1782 ], [ -114.3773, 36.1788 ], [ -114.3774, 36.1792 ], [ -114.3761, 36.18 ], [ -114.3753, 36.1811 ], [ -114.3755, 36.1815 ], [ -114.3765, 36.1817 ], [ -114.3768, 36.1824 ], [ -114.378, 36.1826 ], [ -114.3786, 36.1833 ], [ -114.38, 36.1827 ], [ -114.38, 36.1818 ], [ -114.3809, 36.1809 ], [ -114.3831, 36.1797 ], [ -114.3837, 36.1795 ], [ -114.3839, 36.1804 ], [ -114.3844, 36.1803 ], [ -114.3846, 36.1807 ], [ -114.3827, 36.1819 ], [ -114.3841, 36.1821 ], [ -114.3842, 36.1829 ], [ -114.3828, 36.1832 ], [ -114.3806, 36.1846 ], [ -114.3796, 36.1843 ], [ -114.3794, 36.1854 ], [ -114.3788, 36.1858 ], [ -114.3796, 36.1858 ], [ -114.3803, 36.1865 ], [ -114.3769, 36.1881 ], [ -114.38, 36.1881 ], [ -114.383, 36.1873 ], [ -114.383, 36.1878 ], [ -114.3823, 36.1888 ], [ -114.3806, 36.1892 ], [ -114.3795, 36.189 ], [ -114.3789, 36.1893 ], [ -114.3792, 36.1897 ], [ -114.3797, 36.1895 ], [ -114.3823, 36.1901 ], [ -114.3841, 36.1914 ], [ -114.3836, 36.1919 ], [ -114.3839, 36.1923 ], [ -114.3827, 36.1933 ], [ -114.3805, 36.1938 ], [ -114.3831, 36.1941 ], [ -114.3844, 36.1954 ], [ -114.3842, 36.1962 ], [ -114.3856, 36.1969 ], [ -114.385, 36.1978 ], [ -114.3871, 36.1972 ], [ -114.3883, 36.1962 ], [ -114.3889, 36.1963 ], [ -114.389, 36.1968 ], [ -114.3884, 36.1973 ], [ -114.3891, 36.1977 ], [ -114.389, 36.1983 ], [ -114.39, 36.1986 ], [ -114.3904, 36.198 ], [ -114.3917, 36.1981 ], [ -114.3915, 36.1988 ], [ -114.3924, 36.199 ], [ -114.392, 36.1996 ], [ -114.3913, 36.1999 ], [ -114.3921, 36.2002 ], [ -114.3917, 36.2006 ], [ -114.3931, 36.2007 ], [ -114.3935, 36.2011 ], [ -114.3927, 36.2016 ], [ -114.3929, 36.202 ], [ -114.3923, 36.2024 ], [ -114.3931, 36.203 ], [ -114.3928, 36.2037 ], [ -114.3917, 36.2035 ], [ -114.3912, 36.204 ], [ -114.3878, 36.2033 ], [ -114.3872, 36.2037 ], [ -114.387, 36.2042 ], [ -114.3886, 36.2056 ], [ -114.3883, 36.2068 ], [ -114.389, 36.2071 ], [ -114.3893, 36.2083 ], [ -114.3865, 36.2101 ], [ -114.3864, 36.2107 ], [ -114.3856, 36.2109 ], [ -114.3859, 36.2118 ], [ -114.384, 36.2119 ], [ -114.3849, 36.2129 ], [ -114.3839, 36.2131 ], [ -114.3839, 36.2134 ], [ -114.3853, 36.2144 ], [ -114.3845, 36.215 ], [ -114.3859, 36.2151 ], [ -114.3861, 36.2161 ], [ -114.3821, 36.2165 ], [ -114.3817, 36.2172 ], [ -114.3844, 36.2182 ], [ -114.3851, 36.2189 ], [ -114.3835, 36.2196 ], [ -114.3834, 36.2209 ], [ -114.3827, 36.2213 ], [ -114.3833, 36.2221 ], [ -114.382, 36.2243 ], [ -114.3825, 36.225 ], [ -114.3814, 36.2253 ], [ -114.3821, 36.226 ], [ -114.381, 36.2265 ], [ -114.3812, 36.2267 ], [ -114.3805, 36.2274 ], [ -114.3821, 36.2269 ], [ -114.3827, 36.2272 ], [ -114.3838, 36.2272 ], [ -114.3841, 36.2278 ], [ -114.3829, 36.2283 ], [ -114.3825, 36.2292 ], [ -114.3816, 36.2292 ], [ -114.3816, 36.2308 ], [ -114.3804, 36.2319 ], [ -114.381, 36.2327 ], [ -114.379, 36.2331 ], [ -114.3805, 36.2341 ], [ -114.3805, 36.2349 ], [ -114.3796, 36.2349 ], [ -114.3794, 36.236 ], [ -114.3782, 36.2362 ], [ -114.3772, 36.237 ], [ -114.3787, 36.2381 ], [ -114.3784, 36.2384 ], [ -114.379, 36.2392 ], [ -114.378, 36.2405 ], [ -114.3791, 36.2415 ], [ -114.3786, 36.2418 ], [ -114.379, 36.2424 ], [ -114.3778, 36.2432 ], [ -114.3786, 36.2437 ], [ -114.3786, 36.2441 ], [ -114.3763, 36.2436 ], [ -114.3756, 36.244 ], [ -114.3756, 36.2447 ], [ -114.3768, 36.2451 ], [ -114.3766, 36.2455 ], [ -114.377, 36.2459 ], [ -114.3764, 36.2464 ], [ -114.377, 36.2478 ], [ -114.3764, 36.2482 ], [ -114.3767, 36.2488 ], [ -114.3755, 36.2497 ], [ -114.376, 36.2503 ], [ -114.377, 36.2505 ], [ -114.3766, 36.2509 ], [ -114.377, 36.2513 ], [ -114.3764, 36.2516 ], [ -114.3765, 36.2521 ], [ -114.3755, 36.2525 ], [ -114.3747, 36.2524 ], [ -114.374, 36.2531 ], [ -114.3745, 36.2537 ], [ -114.3755, 36.2535 ], [ -114.3757, 36.2537 ], [ -114.3771, 36.2538 ], [ -114.3774, 36.2542 ], [ -114.3771, 36.2561 ], [ -114.3761, 36.2571 ], [ -114.3762, 36.2582 ], [ -114.3755, 36.2597 ], [ -114.3753, 36.2684 ], [ -114.3748, 36.2688 ], [ -114.3738, 36.2721 ], [ -114.3745, 36.2728 ], [ -114.3735, 36.2733 ], [ -114.3744, 36.2737 ], [ -114.3737, 36.274 ], [ -114.3751, 36.2748 ], [ -114.3751, 36.2756 ], [ -114.3736, 36.2758 ], [ -114.3727, 36.2754 ], [ -114.3724, 36.2759 ], [ -114.3742, 36.2772 ], [ -114.374, 36.2776 ], [ -114.3728, 36.2772 ], [ -114.372, 36.2774 ], [ -114.3707, 36.2772 ], [ -114.3706, 36.2774 ], [ -114.3725, 36.2785 ], [ -114.3709, 36.2792 ], [ -114.3711, 36.2797 ], [ -114.3742, 36.2791 ], [ -114.3757, 36.2808 ], [ -114.3741, 36.2808 ], [ -114.3741, 36.2812 ], [ -114.3735, 36.2811 ], [ -114.3736, 36.282 ], [ -114.3727, 36.2823 ], [ -114.3731, 36.283 ], [ -114.3729, 36.2832 ], [ -114.3734, 36.2835 ], [ -114.3716, 36.2842 ], [ -114.3718, 36.2848 ], [ -114.3722, 36.2845 ], [ -114.3729, 36.2846 ], [ -114.3731, 36.2853 ], [ -114.3725, 36.2857 ], [ -114.3727, 36.2861 ], [ -114.3734, 36.2861 ], [ -114.3732, 36.2866 ], [ -114.3747, 36.2861 ], [ -114.3754, 36.2865 ], [ -114.3765, 36.2859 ], [ -114.3781, 36.286 ], [ -114.3786, 36.2866 ], [ -114.3763, 36.2875 ], [ -114.3767, 36.2881 ], [ -114.3792, 36.2886 ], [ -114.3803, 36.2882 ], [ -114.3807, 36.2876 ], [ -114.3814, 36.2878 ], [ -114.3795, 36.289 ], [ -114.3773, 36.2885 ], [ -114.3767, 36.2897 ], [ -114.3775, 36.2899 ], [ -114.3767, 36.2903 ], [ -114.375, 36.2901 ], [ -114.3753, 36.2908 ], [ -114.3757, 36.291 ], [ -114.3751, 36.2916 ], [ -114.3767, 36.2917 ], [ -114.3747, 36.2923 ], [ -114.3749, 36.2928 ], [ -114.3744, 36.2931 ], [ -114.3769, 36.2926 ], [ -114.3788, 36.293 ], [ -114.3764, 36.2943 ], [ -114.3732, 36.2967 ], [ -114.3725, 36.2964 ], [ -114.3722, 36.2956 ], [ -114.3713, 36.2959 ], [ -114.3723, 36.2971 ], [ -114.3711, 36.2976 ], [ -114.3718, 36.2979 ], [ -114.3737, 36.2977 ], [ -114.3751, 36.2987 ], [ -114.3749, 36.299 ], [ -114.3741, 36.299 ], [ -114.374, 36.2994 ], [ -114.373, 36.2994 ], [ -114.3743, 36.3003 ], [ -114.3742, 36.3007 ], [ -114.3712, 36.2998 ], [ -114.3707, 36.3008 ], [ -114.371, 36.3014 ], [ -114.3721, 36.3018 ], [ -114.3713, 36.303 ], [ -114.373, 36.3039 ], [ -114.3721, 36.3045 ], [ -114.3727, 36.3046 ], [ -114.3735, 36.3055 ], [ -114.3724, 36.3059 ], [ -114.373, 36.3064 ], [ -114.3752, 36.3065 ], [ -114.3755, 36.3068 ], [ -114.3752, 36.3077 ], [ -114.3731, 36.308 ], [ -114.3731, 36.3086 ], [ -114.3735, 36.3091 ], [ -114.3731, 36.3103 ], [ -114.3738, 36.3107 ], [ -114.3718, 36.3116 ], [ -114.3717, 36.3121 ], [ -114.3726, 36.3129 ], [ -114.3722, 36.3134 ], [ -114.3721, 36.315 ], [ -114.3717, 36.3152 ], [ -114.372, 36.3163 ], [ -114.3728, 36.3166 ], [ -114.3728, 36.3178 ], [ -114.3723, 36.3181 ], [ -114.3734, 36.3185 ], [ -114.3727, 36.3194 ], [ -114.3732, 36.3196 ], [ -114.3731, 36.321 ], [ -114.3738, 36.3215 ], [ -114.3735, 36.3225 ], [ -114.3727, 36.3229 ], [ -114.3734, 36.3237 ], [ -114.3725, 36.3248 ], [ -114.3755, 36.3244 ], [ -114.3733, 36.3259 ], [ -114.374, 36.3271 ], [ -114.3763, 36.3266 ], [ -114.3761, 36.3272 ], [ -114.3732, 36.3282 ], [ -114.3728, 36.3286 ], [ -114.3705, 36.3276 ], [ -114.3689, 36.3277 ], [ -114.3687, 36.3281 ], [ -114.3697, 36.3285 ], [ -114.3688, 36.3289 ], [ -114.37, 36.3292 ], [ -114.3679, 36.3302 ], [ -114.3689, 36.3304 ], [ -114.371, 36.3293 ], [ -114.3713, 36.3299 ], [ -114.3707, 36.3304 ], [ -114.3716, 36.3304 ], [ -114.3721, 36.3309 ], [ -114.3744, 36.3299 ], [ -114.376, 36.3296 ], [ -114.3762, 36.3299 ], [ -114.3737, 36.3319 ], [ -114.3738, 36.3323 ], [ -114.3753, 36.3324 ], [ -114.3753, 36.3328 ], [ -114.3737, 36.3332 ], [ -114.3729, 36.3329 ], [ -114.3716, 36.3334 ], [ -114.3723, 36.334 ], [ -114.3722, 36.3348 ], [ -114.3702, 36.3341 ], [ -114.3701, 36.3347 ], [ -114.3691, 36.3347 ], [ -114.3692, 36.3351 ], [ -114.3708, 36.336 ], [ -114.3725, 36.3362 ], [ -114.3719, 36.3371 ], [ -114.3697, 36.3376 ], [ -114.3698, 36.3379 ], [ -114.3715, 36.338 ], [ -114.3715, 36.3385 ], [ -114.3705, 36.339 ], [ -114.3715, 36.3407 ], [ -114.3697, 36.3408 ], [ -114.3678, 36.3401 ], [ -114.3671, 36.3404 ], [ -114.3674, 36.341 ], [ -114.3687, 36.3409 ], [ -114.368, 36.3416 ], [ -114.3685, 36.342 ], [ -114.3709, 36.3422 ], [ -114.3709, 36.3427 ], [ -114.3689, 36.343 ], [ -114.3666, 36.3423 ], [ -114.3635, 36.3424 ], [ -114.3626, 36.3428 ], [ -114.3623, 36.3442 ], [ -114.3611, 36.3449 ], [ -114.3615, 36.3458 ], [ -114.3632, 36.3468 ], [ -114.3646, 36.3463 ], [ -114.3661, 36.3471 ], [ -114.3656, 36.3479 ], [ -114.3632, 36.3489 ], [ -114.3666, 36.3491 ], [ -114.3668, 36.3496 ], [ -114.3658, 36.3499 ], [ -114.3676, 36.3502 ], [ -114.3667, 36.3509 ], [ -114.3654, 36.3503 ], [ -114.3638, 36.3506 ], [ -114.3636, 36.3513 ], [ -114.3626, 36.351 ], [ -114.3618, 36.3512 ], [ -114.3618, 36.3523 ], [ -114.365, 36.3526 ], [ -114.3667, 36.3533 ], [ -114.3657, 36.3543 ], [ -114.3643, 36.3537 ], [ -114.3648, 36.3555 ], [ -114.3644, 36.3558 ], [ -114.3653, 36.3565 ], [ -114.3654, 36.3572 ], [ -114.3637, 36.3582 ], [ -114.3641, 36.3593 ], [ -114.3634, 36.3599 ], [ -114.3637, 36.3603 ], [ -114.3659, 36.361 ], [ -114.3647, 36.3613 ], [ -114.363, 36.3611 ], [ -114.3608, 36.3589 ], [ -114.3597, 36.3564 ], [ -114.3585, 36.3557 ], [ -114.3577, 36.3561 ], [ -114.3565, 36.3549 ], [ -114.3555, 36.3551 ], [ -114.3548, 36.3557 ], [ -114.3554, 36.3564 ], [ -114.3546, 36.3576 ], [ -114.3553, 36.3593 ], [ -114.3588, 36.3615 ], [ -114.3587, 36.3622 ], [ -114.3573, 36.3622 ], [ -114.3575, 36.364 ], [ -114.3569, 36.3642 ], [ -114.3561, 36.3636 ], [ -114.3561, 36.3627 ], [ -114.3552, 36.3614 ], [ -114.3551, 36.3623 ], [ -114.3545, 36.3626 ], [ -114.3538, 36.3619 ], [ -114.3531, 36.362 ], [ -114.3524, 36.3615 ], [ -114.3522, 36.362 ], [ -114.3514, 36.3618 ], [ -114.3509, 36.3621 ], [ -114.3526, 36.3639 ], [ -114.3519, 36.3644 ], [ -114.3531, 36.3655 ], [ -114.3532, 36.366 ], [ -114.3528, 36.3661 ], [ -114.3534, 36.3666 ], [ -114.3547, 36.3666 ], [ -114.3538, 36.3687 ], [ -114.3532, 36.3691 ], [ -114.3518, 36.3677 ], [ -114.3511, 36.3682 ], [ -114.3503, 36.368 ], [ -114.3512, 36.3695 ], [ -114.351, 36.3699 ], [ -114.3518, 36.3706 ], [ -114.3513, 36.3712 ], [ -114.3503, 36.3711 ], [ -114.3492, 36.3716 ], [ -114.352, 36.373 ], [ -114.3522, 36.3738 ], [ -114.3536, 36.3736 ], [ -114.3547, 36.3743 ], [ -114.3545, 36.3748 ], [ -114.3567, 36.3748 ], [ -114.3567, 36.3755 ], [ -114.3586, 36.3759 ], [ -114.3587, 36.3764 ], [ -114.357, 36.3764 ], [ -114.357, 36.3769 ], [ -114.3588, 36.3784 ], [ -114.3559, 36.3782 ], [ -114.3532, 36.3769 ], [ -114.3524, 36.3773 ], [ -114.352, 36.3778 ], [ -114.3531, 36.3793 ], [ -114.3518, 36.3798 ], [ -114.352, 36.3803 ], [ -114.3549, 36.3817 ], [ -114.3549, 36.3823 ], [ -114.3518, 36.3824 ], [ -114.3505, 36.3811 ], [ -114.3495, 36.3813 ], [ -114.3486, 36.3809 ], [ -114.3445, 36.3807 ], [ -114.3436, 36.3813 ], [ -114.3437, 36.382 ], [ -114.3431, 36.3829 ], [ -114.3442, 36.3845 ], [ -114.3421, 36.3833 ], [ -114.3417, 36.3835 ], [ -114.3426, 36.3841 ], [ -114.3425, 36.3845 ], [ -114.341, 36.3847 ], [ -114.3404, 36.3842 ], [ -114.3406, 36.3859 ], [ -114.3433, 36.3876 ], [ -114.3419, 36.3874 ], [ -114.3403, 36.3877 ], [ -114.3398, 36.3874 ], [ -114.3371, 36.3879 ], [ -114.3367, 36.3896 ], [ -114.3354, 36.3912 ], [ -114.3297, 36.396 ], [ -114.3297, 36.3967 ], [ -114.3309, 36.3979 ], [ -114.3309, 36.3983 ], [ -114.3301, 36.3984 ], [ -114.328, 36.3976 ], [ -114.3276, 36.3988 ], [ -114.327, 36.3992 ], [ -114.3257, 36.399 ], [ -114.3253, 36.3984 ], [ -114.3246, 36.3982 ], [ -114.3243, 36.3993 ], [ -114.3229, 36.3992 ], [ -114.3219, 36.3997 ], [ -114.3212, 36.3996 ], [ -114.3207, 36.4007 ], [ -114.3199, 36.4009 ], [ -114.32, 36.4014 ], [ -114.3188, 36.4014 ], [ -114.3188, 36.4019 ], [ -114.32, 36.4021 ], [ -114.3199, 36.4032 ], [ -114.3204, 36.4036 ], [ -114.3194, 36.4037 ], [ -114.3192, 36.4042 ], [ -114.3184, 36.4043 ], [ -114.3191, 36.4054 ], [ -114.3174, 36.4056 ], [ -114.3186, 36.406 ], [ -114.3185, 36.4067 ], [ -114.3167, 36.4068 ], [ -114.3163, 36.4073 ], [ -114.3181, 36.4086 ], [ -114.3177, 36.4094 ], [ -114.3183, 36.4102 ], [ -114.3173, 36.4108 ], [ -114.3175, 36.4128 ], [ -114.3172, 36.4139 ], [ -114.3164, 36.4141 ], [ -114.3154, 36.4163 ], [ -114.3144, 36.4168 ], [ -114.3159, 36.4177 ], [ -114.3175, 36.4173 ], [ -114.3182, 36.4176 ], [ -114.3196, 36.4215 ], [ -114.3191, 36.4238 ], [ -114.3201, 36.4245 ], [ -114.3205, 36.4257 ], [ -114.3217, 36.4262 ], [ -114.3215, 36.4281 ], [ -114.3224, 36.4287 ], [ -114.3224, 36.4294 ], [ -114.3238, 36.4297 ], [ -114.3238, 36.4307 ], [ -114.3245, 36.4314 ], [ -114.3247, 36.4333 ], [ -114.3256, 36.4329 ], [ -114.3262, 36.4331 ], [ -114.3267, 36.4343 ], [ -114.3258, 36.4359 ], [ -114.3278, 36.4353 ], [ -114.3281, 36.4358 ], [ -114.3279, 36.4364 ], [ -114.3287, 36.4363 ], [ -114.3292, 36.4368 ], [ -114.3281, 36.4388 ], [ -114.3267, 36.4397 ], [ -114.3276, 36.4402 ], [ -114.3292, 36.439 ], [ -114.3305, 36.4396 ], [ -114.3303, 36.4412 ], [ -114.3291, 36.4422 ], [ -114.3301, 36.4425 ], [ -114.3297, 36.4435 ], [ -114.3301, 36.4442 ], [ -114.3306, 36.4441 ], [ -114.3312, 36.4449 ], [ -114.3305, 36.4459 ], [ -114.3329, 36.4459 ], [ -114.3338, 36.4474 ], [ -114.3348, 36.4478 ], [ -114.3339, 36.4495 ], [ -114.3348, 36.4502 ], [ -114.3346, 36.4511 ], [ -114.335, 36.4513 ], [ -114.3346, 36.4519 ], [ -114.3354, 36.4522 ], [ -114.3351, 36.4525 ], [ -114.3362, 36.4534 ], [ -114.3365, 36.4548 ], [ -114.3494, 36.459 ], [ -114.3499, 36.4617 ], [ -114.3523, 36.4639 ], [ -114.3521, 36.4646 ], [ -114.3527, 36.4658 ], [ -114.3535, 36.4652 ], [ -114.354, 36.4665 ], [ -114.3546, 36.4663 ], [ -114.3552, 36.4672 ], [ -114.3551, 36.4676 ], [ -114.3546, 36.4676 ], [ -114.3549, 36.468 ], [ -114.354, 36.4686 ], [ -114.3545, 36.469 ], [ -114.3551, 36.4686 ], [ -114.356, 36.4686 ], [ -114.3568, 36.4683 ], [ -114.3574, 36.4687 ], [ -114.3574, 36.4693 ], [ -114.3563, 36.4697 ], [ -114.3564, 36.471 ], [ -114.3569, 36.4709 ], [ -114.3573, 36.4703 ], [ -114.3583, 36.4705 ], [ -114.3587, 36.4713 ], [ -114.359, 36.4712 ], [ -114.3591, 36.4703 ], [ -114.3595, 36.4704 ], [ -114.3601, 36.4717 ], [ -114.3596, 36.4721 ], [ -114.36, 36.4726 ], [ -114.3586, 36.4731 ], [ -114.3592, 36.4734 ], [ -114.3586, 36.4738 ], [ -114.3603, 36.4738 ], [ -114.3607, 36.4741 ], [ -114.3585, 36.4751 ], [ -114.3591, 36.4756 ], [ -114.3596, 36.4754 ], [ -114.3604, 36.4758 ], [ -114.3614, 36.4771 ], [ -114.363, 36.4768 ], [ -114.3625, 36.4775 ], [ -114.3637, 36.4778 ], [ -114.3666, 36.4807 ], [ -114.3665, 36.4814 ], [ -114.3656, 36.4811 ], [ -114.3648, 36.4823 ], [ -114.3627, 36.4832 ], [ -114.364, 36.4839 ], [ -114.3646, 36.4835 ], [ -114.3648, 36.4839 ], [ -114.364, 36.4852 ], [ -114.3625, 36.4853 ], [ -114.3628, 36.4859 ], [ -114.3624, 36.4865 ], [ -114.3635, 36.4863 ], [ -114.3636, 36.4871 ], [ -114.3652, 36.4849 ], [ -114.3661, 36.4851 ], [ -114.3655, 36.4862 ], [ -114.3662, 36.4864 ], [ -114.3654, 36.4876 ], [ -114.3659, 36.4886 ], [ -114.3666, 36.4884 ], [ -114.3669, 36.4878 ], [ -114.3675, 36.4887 ], [ -114.368, 36.4888 ], [ -114.3682, 36.487 ], [ -114.3686, 36.4878 ], [ -114.3698, 36.4867 ], [ -114.3707, 36.4872 ], [ -114.3706, 36.4876 ], [ -114.3713, 36.4871 ], [ -114.3717, 36.4878 ], [ -114.3705, 36.4895 ], [ -114.3706, 36.4905 ], [ -114.3711, 36.4906 ], [ -114.3648, 36.4952 ], [ -114.3626, 36.4958 ], [ -114.3625, 36.4975 ], [ -114.3606, 36.4973 ], [ -114.3576, 36.4981 ], [ -114.3512, 36.5115 ], [ -114.3519, 36.5152 ], [ -114.3513, 36.5176 ], [ -114.3516, 36.5187 ], [ -114.3494, 36.5203 ], [ -114.3467, 36.5202 ], [ -114.345, 36.5212 ], [ -114.3461, 36.5239 ], [ -114.3453, 36.5265 ], [ -114.3454, 36.5273 ], [ -114.3445, 36.5293 ], [ -114.3432, 36.5303 ], [ -114.343, 36.5316 ], [ -114.3416, 36.533 ], [ -114.3409, 36.5361 ], [ -114.3402, 36.5374 ], [ -114.3414, 36.5419 ], [ -114.3409, 36.5452 ], [ -114.3393, 36.5499 ], [ -114.3388, 36.5501 ], [ -114.3395, 36.5514 ], [ -114.3392, 36.553 ], [ -114.3397, 36.5544 ], [ -114.3382, 36.5572 ], [ -114.3385, 36.5583 ], [ -114.338, 36.5591 ], [ -114.3382, 36.5598 ], [ -114.3404, 36.562 ], [ -114.3405, 36.5626 ], [ -114.3393, 36.5662 ], [ -114.3405, 36.5707 ], [ -114.3401, 36.5718 ], [ -114.3406, 36.5738 ], [ -114.3386, 36.5763 ], [ -114.3388, 36.5808 ], [ -114.3374, 36.5834 ], [ -114.3371, 36.5852 ], [ -114.3387, 36.5878 ], [ -114.3385, 36.5901 ], [ -114.3429, 36.5919 ], [ -114.3491, 36.5934 ], [ -114.3501, 36.5949 ], [ -114.3499, 36.5955 ], [ -114.3503, 36.5962 ], [ -114.3532, 36.5958 ], [ -114.358, 36.5979 ], [ -114.363, 36.5973 ], [ -114.3737, 36.5934 ], [ -114.3835, 36.5904 ], [ -114.3857, 36.5904 ], [ -114.3904, 36.5911 ], [ -114.3938, 36.59 ], [ -114.403, 36.5857 ], [ -114.4062, 36.5852 ], [ -114.408, 36.5828 ], [ -114.4153, 36.5792 ], [ -114.4231, 36.5747 ], [ -114.4249, 36.5726 ], [ -114.4325, 36.5657 ], [ -114.4379, 36.5618 ], [ -114.4398, 36.561 ], [ -114.4418, 36.5609 ], [ -114.4423, 36.5648 ], [ -114.4494, 36.5754 ], [ -114.4499, 36.5754 ], [ -114.4514, 36.577 ], [ -114.4557, 36.5795 ], [ -114.4563, 36.5808 ], [ -114.4565, 36.5768 ], [ -114.4571, 36.5759 ], [ -114.4585, 36.575 ], [ -114.4737, 36.5753 ], [ -114.4746, 36.5765 ], [ -114.4747, 36.5911 ], [ -114.4761, 36.593 ], [ -114.4773, 36.5936 ], [ -114.477, 36.5939 ], [ -114.4607, 36.5937 ], [ -114.4608, 36.5974 ], [ -114.4643, 36.5974 ], [ -114.4643, 36.5992 ], [ -114.4608, 36.5992 ], [ -114.4608, 36.6009 ], [ -114.4655, 36.6009 ], [ -114.4655, 36.6061 ], [ -114.4645, 36.6064 ], [ -114.4644, 36.6085 ], [ -114.4656, 36.6081 ], [ -114.4702, 36.6081 ], [ -114.4703, 36.6155 ], [ -114.4725, 36.6155 ], [ -114.4725, 36.6173 ], [ -114.4749, 36.6172 ], [ -114.4754, 36.6169 ], [ -114.4753, 36.6164 ], [ -114.4766, 36.6159 ], [ -114.4776, 36.6166 ], [ -114.4789, 36.6168 ], [ -114.4794, 36.6173 ], [ -114.4793, 36.6203 ], [ -114.4785, 36.6209 ], [ -114.4795, 36.6208 ], [ -114.4823, 36.6226 ], [ -114.4822, 36.6252 ], [ -114.4832, 36.6266 ], [ -114.4844, 36.627 ], [ -114.4868, 36.6268 ], [ -114.4964, 36.6384 ], [ -114.5055, 36.6432 ], [ -114.5105, 36.6468 ], [ -114.5127, 36.6521 ], [ -114.5163, 36.6574 ], [ -114.5177, 36.6622 ], [ -114.5216, 36.6706 ], [ -114.5179, 36.6727 ] ] ] } },
{ "type": "Feature", "properties": { "GEOIDFQ": "1400000US32003006800", "NAME": "68", "NAMELSAD": "Census Tract 68" }, "geometry": { "type": "Polygon", "coordinates": [ [ [ -115.1805, 36.1007 ], [ -115.1369, 36.101 ], [ -115.1369, 36.0889 ], [ -115.1303, 36.0889 ], [ -115.1279, 36.0875 ], [ -115.1278, 36.0864 ], [ -115.1233, 36.0863 ], [ -115.1233, 36.079 ], [ -115.1187, 36.0789 ], [ -115.1187, 36.0716 ], [ -115.1368, 36.0718 ], [ -115.1806, 36.071 ], [ -115.1805, 36.1007 ] ] ] } },
{ "type": "Feature", "properties": { "GEOIDFQ": "1400000US32003007500", "NAME": "75", "NAMELSAD": "Census Tract 75" }, "geometry": { "type": "Polygon", "coordinates": [ [ [ -115.8956, 36.2461 ], [ -115.8927, 36.2489 ], [ -115.8833, 36.2555 ], [ -115.8797, 36.2564 ], [ -115.8716, 36.2603 ], [ -115.8685, 36.2607 ], [ -115.8659, 36.2626 ], [ -115.8623, 36.2643 ], [ -115.86, 36.2673 ], [ -115.8587, 36.268 ], [ -115.8548, 36.2693 ], [ -115.8528, 36.2705 ], [ -115.8496, 36.2711 ], [ -115.8454, 36.2724 ], [ -115.843, 36.2748 ], [ -115.8383, 36.2777 ], [ -115.8364, 36.2794 ], [ -115.8265, 36.2864 ], [ -115.8274, 36.2872 ], [ -115.8274, 36.2881 ], [ -115.8268, 36.2894 ], [ -115.8258, 36.2897 ], [ -115.8252, 36.2911 ], [ -115.8254, 36.2921 ], [ -115.8246, 36.2937 ], [ -115.8244, 36.2954 ], [ -115.8253, 36.2977 ], [ -115.824, 36.2996 ], [ -115.8242, 36.301 ], [ -115.8249, 36.3014 ], [ -115.8242, 36.3019 ], [ -115.8245, 36.3035 ], [ -115.8242, 36.3041 ], [ -115.8255, 36.3058 ], [ -115.8242, 36.3079 ], [ -115.8244, 36.3084 ], [ -115.8262, 36.3095 ], [ -115.8262, 36.3103 ], [ -115.8271, 36.3106 ], [ -115.8269, 36.3115 ], [ -115.8247, 36.3133 ], [ -115.824, 36.3155 ], [ -115.8247, 36.3164 ], [ -115.8265, 36.3172 ], [ -115.8262, 36.3189 ], [ -115.8232, 36.3228 ], [ -115.8227, 36.3262 ], [ -115.8234, 36.3305 ], [ -115.8227, 36.3332 ], [ -115.8239, 36.3355 ], [ -115.8236, 36.3372 ], [ -115.8242, 36.3416 ], [ -115.8255, 36.3438 ], [ -115.8284, 36.3459 ], [ -115.8289, 36.3472 ], [ -115.829, 36.3488 ], [ -115.8298, 36.3498 ], [ -115.8284, 36.3527 ], [ -115.8283, 36.3552 ], [ -115.8272, 36.3577 ], [ -115.8274, 36.3604 ], [ -115.8285, 36.3622 ], [ -115.8272, 36.3638 ], [ -115.8272, 36.365 ], [ -115.8281, 36.367 ], [ -115.8289, 36.3676 ], [ -115.8277, 36.3693 ], [ -115.8281, 36.3699 ], [ -115.8261, 36.3694 ], [ -115.8237, 36.3694 ], [ -115.8215, 36.3708 ], [ -115.821, 36.3723 ], [ -115.8181, 36.3734 ], [ -115.8163, 36.3746 ], [ -115.8142, 36.375 ], [ -115.8137, 36.3763 ], [ -115.8121, 36.378 ], [ -115.812, 36.3787 ], [ -115.8094, 36.3792 ], [ -115.8073, 36.3788 ], [ -115.8058, 36.3802 ], [ -115.8037, 36.3815 ], [ -115.8035, 36.3823 ], [ -115.8026, 36.3831 ], [ -115.7998, 36.3834 ], [ -115.8004, 36.3841 ], [ -115.7987, 36.3854 ], [ -115.7971, 36.3879 ], [ -115.7969, 36.3892 ], [ -115.7964, 36.3896 ], [ -115.7981, 36.3929 ], [ -115.7978, 36.3931 ], [ -115.7966, 36.3931 ], [ -115.795, 36.3942 ], [ -115.7948, 36.3954 ], [ -115.7936, 36.3974 ], [ -115.7924, 36.3981 ], [ -115.7903, 36.4016 ], [ -115.7893, 36.4021 ], [ -115.7882, 36.4022 ], [ -115.7877, 36.404 ], [ -115.7862, 36.4055 ], [ -115.7842, 36.4058 ], [ -115.7835, 36.4073 ], [ -115.7822, 36.4083 ], [ -115.7817, 36.4096 ], [ -115.7786, 36.4108 ], [ -115.7759, 36.4114 ], [ -115.7746, 36.4123 ], [ -115.7659, 36.4234 ], [ -115.7654, 36.4233 ], [ -115.765, 36.4201 ], [ -115.763, 36.4175 ], [ -115.7622, 36.4171 ], [ -115.7621, 36.4184 ], [ -115.7613, 36.4191 ], [ -115.7614, 36.4206 ], [ -115.7609, 36.4214 ], [ -115.7592, 36.4227 ], [ -115.7574, 36.4234 ], [ -115.755, 36.4254 ], [ -115.7524, 36.4308 ], [ -115.7481, 36.4319 ], [ -115.7471, 36.4311 ], [ -115.7461, 36.4293 ], [ -115.7431, 36.4266 ], [ -115.7425, 36.4255 ], [ -115.7427, 36.4234 ], [ -115.742, 36.4224 ], [ -115.7417, 36.4234 ], [ -115.7398, 36.4222 ], [ -115.7329, 36.4221 ], [ -115.7306, 36.4213 ], [ -115.7286, 36.4219 ], [ -115.728, 36.4226 ], [ -115.7275, 36.4271 ], [ -115.7262, 36.4296 ], [ -115.7254, 36.4353 ], [ -115.7245, 36.4387 ], [ -115.7227, 36.4414 ], [ -115.7213, 36.4448 ], [ -115.7198, 36.447 ], [ -115.7167, 36.4501 ], [ -115.7115, 36.4527 ], [ -115.7085, 36.4535 ], [ -115.7009, 36.4538 ], [ -115.6977, 36.4552 ], [ -115.6954, 36.4558 ], [ -115.6827, 36.456 ], [ -115.6748, 36.4569 ], [ -115.6697, 36.4589 ], [ -115.6281, 36.4799 ], [ -115.6204, 36.4857 ], [ -115.5647, 36.5147 ], [ -115.5625, 36.5119 ], [ -115.5582, 36.5143 ], [ -115.5568, 36.5127 ], [ -115.5536, 36.5121 ], [ -115.5519, 36.513 ], [ -115.5508, 36.5153 ], [ -115.552, 36.5167 ], [ -115.5522, 36.5179 ], [ -115.5534, 36.5172 ], [ -115.5543, 36.5173 ], [ -115.555, 36.5169 ], [ -115.5565, 36.519 ], [ -115.5494, 36.5227 ], [ -115.5483, 36.5236 ], [ -115.4541, 36.4691 ], [ -115.449, 36.4657 ], [ -115.4459, 36.4627 ], [ -115.4433, 36.4594 ], [ -115.4217, 36.4222 ], [ -115.4186, 36.418 ], [ -115.4154, 36.415 ], [ -115.3556, 36.3654 ], [ -115.3325, 36.3653 ], [ -115.3144, 36.3662 ], [ -115.3148, 36.3362 ], [ -115.3361, 36.3362 ], [ -115.3361, 36.3254 ], [ -115.3412, 36.3251 ], [ -115.3438, 36.3247 ], [ -115.4054, 36.3053 ], [ -115.424, 36.2931 ], [ -115.4242, 36.2843 ], [ -115.4248, 36.2808 ], [ -115.4271, 36.2805 ], [ -115.43, 36.2789 ], [ -115.4339, 36.2787 ], [ -115.435, 36.2782 ], [ -115.4371, 36.2784 ], [ -115.4386, 36.2789 ], [ -115.441, 36.2788 ], [ -115.443, 36.2794 ], [ -115.4462, 36.2774 ], [ -115.4486, 36.2767 ], [ -115.4532, 36.2745 ], [ -115.4564, 36.2735 ], [ -115.4593, 36.2732 ], [ -115.4684, 36.2689 ], [ -115.4714, 36.2685 ], [ -115.4735, 36.2663 ], [ -115.4756, 36.2658 ], [ -115.4799, 36.2639 ], [ -115.4822, 36.2637 ], [ -115.4839, 36.2632 ], [ -115.4861, 36.2622 ], [ -115.4902, 36.2597 ], [ -115.4923, 36.2596 ], [ -115.4937, 36.2575 ], [ -115.4968, 36.2573 ], [ -115.5004, 36.2546 ], [ -115.5044, 36.2542 ], [ -115.5062, 36.2537 ], [ -115.5082, 36.2543 ], [ -115.5161, 36.254 ], [ -115.5215, 36.2547 ], [ -115.5238, 36.2537 ], [ -115.5289, 36.2547 ], [ -115.5307, 36.2546 ], [ -115.5357, 36.2519 ], [ -115.538, 36.2481 ], [ -115.5408, 36.2458 ], [ -115.5418, 36.2456 ], [ -115.5442, 36.2462 ], [ -115.5456, 36.2461 ], [ -115.5482, 36.2451 ], [ -115.5516, 36.2446 ], [ -115.554, 36.2428 ], [ -115.5558, 36.2422 ], [ -115.558, 36.2401 ], [ -115.5616, 36.2384 ], [ -115.562, 36.2379 ], [ -115.5613, 36.2373 ], [ -115.5626, 36.2365 ], [ -115.565, 36.2357 ], [ -115.5667, 36.2357 ], [ -115.5683, 36.2343 ], [ -115.5735, 36.2335 ], [ -115.5732, 36.2321 ], [ -115.5741, 36.2313 ], [ -115.575, 36.2313 ], [ -115.5773, 36.2328 ], [ -115.5785, 36.2331 ], [ -115.5782, 36.2312 ], [ -115.5803, 36.2302 ], [ -115.5792, 36.2292 ], [ -115.5797, 36.2281 ], [ -115.5813, 36.2283 ], [ -115.5859, 36.2302 ], [ -115.5918, 36.2297 ], [ -115.5916, 36.2275 ], [ -115.5904, 36.226 ], [ -115.5906, 36.2248 ], [ -115.5922, 36.2246 ], [ -115.5959, 36.2253 ], [ -115.5971, 36.2249 ], [ -115.5952, 36.2226 ], [ -115.5963, 36.2206 ], [ -115.5959, 36.2189 ], [ -115.5978, 36.2202 ], [ -115.5995, 36.2201 ], [ -115.6009, 36.2205 ], [ -115.6038, 36.2239 ], [ -115.6078, 36.2258 ], [ -115.6089, 36.2276 ], [ -115.6106, 36.2294 ], [ -115.611, 36.2315 ], [ -115.6133, 36.2336 ], [ -115.6142, 36.236 ], [ -115.6147, 36.2362 ], [ -115.6152, 36.2358 ], [ -115.6165, 36.2335 ], [ -115.6179, 36.2322 ], [ -115.618, 36.231 ], [ -115.6195, 36.2289 ], [ -115.6164, 36.2258 ], [ -115.6159, 36.2242 ], [ -115.6149, 36.2234 ], [ -115.6149, 36.2223 ], [ -115.6141, 36.2209 ], [ -115.6123, 36.2197 ], [ -115.6091, 36.2165 ], [ -115.6086, 36.2151 ], [ -115.6087, 36.2139 ], [ -115.608, 36.2136 ], [ -115.6075, 36.2122 ], [ -115.6065, 36.2111 ], [ -115.6049, 36.2071 ], [ -115.6031, 36.2063 ], [ -115.6022, 36.2051 ], [ -115.602, 36.2037 ], [ -115.6013, 36.2032 ], [ -115.6008, 36.2008 ], [ -115.6, 36.1992 ], [ -115.5999, 36.1973 ], [ -115.5975, 36.195 ], [ -115.5971, 36.1941 ], [ -115.596, 36.1934 ], [ -115.5953, 36.192 ], [ -115.5952, 36.1902 ], [ -115.5959, 36.1899 ], [ -115.5963, 36.1891 ], [ -115.5961, 36.1882 ], [ -115.5942, 36.1872 ], [ -115.5918, 36.1851 ], [ -115.5898, 36.1797 ], [ -115.5889, 36.1792 ], [ -115.5882, 36.1769 ], [ -115.5867, 36.1765 ], [ -115.5847, 36.1751 ], [ -115.5794, 36.17 ], [ -115.5782, 36.1679 ], [ -115.574, 36.1622 ], [ -115.5723, 36.1574 ], [ -115.5712, 36.1556 ], [ -115.572, 36.1519 ], [ -115.5709, 36.1491 ], [ -115.5703, 36.1403 ], [ -115.5718, 36.1295 ], [ -115.5756, 36.1109 ], [ -115.5754, 36.1085 ], [ -115.5748, 36.1083 ], [ -115.5728, 36.1091 ], [ -115.5717, 36.1091 ], [ -115.5623, 36.1116 ], [ -115.5611, 36.1131 ], [ -115.5579, 36.1209 ], [ -115.5541, 36.1172 ], [ -115.552, 36.1182 ], [ -115.5507, 36.1192 ], [ -115.5491, 36.1196 ], [ -115.5465, 36.1213 ], [ -115.5444, 36.1236 ], [ -115.5431, 36.1273 ], [ -115.5409, 36.1286 ], [ -115.5404, 36.1288 ], [ -115.54, 36.1285 ], [ -115.5366, 36.1296 ], [ -115.5362, 36.1291 ], [ -115.5325, 36.1305 ], [ -115.5313, 36.1317 ], [ -115.5311, 36.1338 ], [ -115.53, 36.1346 ], [ -115.531, 36.1359 ], [ -115.5303, 36.1371 ], [ -115.5308, 36.1377 ], [ -115.5298, 36.1403 ], [ -115.5301, 36.1408 ], [ -115.5295, 36.1417 ], [ -115.5281, 36.1419 ], [ -115.5282, 36.1425 ], [ -115.5268, 36.1431 ], [ -115.5273, 36.1449 ], [ -115.5244, 36.1466 ], [ -115.5241, 36.1495 ], [ -115.5228, 36.1541 ], [ -115.5218, 36.155 ], [ -115.5201, 36.1558 ], [ -115.5196, 36.1565 ], [ -115.5199, 36.1575 ], [ -115.5195, 36.1591 ], [ -115.5161, 36.1608 ], [ -115.5152, 36.1616 ], [ -115.5131, 36.161 ], [ -115.5075, 36.1658 ], [ -115.5057, 36.1636 ], [ -115.5028, 36.163 ], [ -115.5004, 36.1615 ], [ -115.4984, 36.1592 ], [ -115.4949, 36.1566 ], [ -115.494, 36.1555 ], [ -115.4892, 36.1531 ], [ -115.4884, 36.1522 ], [ -115.4885, 36.1511 ], [ -115.4876, 36.1499 ], [ -115.4835, 36.1483 ], [ -115.4808, 36.1461 ], [ -115.4759, 36.1453 ], [ -115.4744, 36.1439 ], [ -115.4722, 36.1438 ], [ -115.4698, 36.1431 ], [ -115.4679, 36.1433 ], [ -115.4627, 36.1424 ], [ -115.4608, 36.1416 ], [ -115.4577, 36.1391 ], [ -115.4555, 36.1384 ], [ -115.4527, 36.1381 ], [ -115.4502, 36.1373 ], [ -115.4453, 36.1371 ], [ -115.4407, 36.136 ], [ -115.4374, 36.1341 ], [ -115.4363, 36.1323 ], [ -115.4312, 36.1306 ], [ -115.4268, 36.1299 ], [ -115.4264, 36.1292 ], [ -115.4298, 36.1277 ], [ -115.4315, 36.1263 ], [ -115.4337, 36.1221 ], [ -115.4348, 36.1209 ], [ -115.442, 36.1182 ], [ -115.4476, 36.1145 ], [ -115.4486, 36.113 ], [ -115.4501, 36.1078 ], [ -115.449, 36.0965 ], [ -115.4489, 36.0868 ], [ -115.4473, 36.0798 ], [ -115.4441, 36.0743 ], [ -115.434, 36.0646 ], [ -115.4308, 36.0622 ], [ -115.4206, 36.0562 ], [ -115.4113, 36.0521 ], [ -115.4061, 36.0512 ], [ -115.3988, 36.0487 ], [ -115.3925, 36.0498 ], [ -115.3813, 36.0483 ], [ -115.3795, 36.0471 ], [ -115.3779, 36.0443 ], [ -115.3764, 36.043 ], [ -115.3651, 36.0373 ], [ -115.3597, 36.0361 ], [ -115.3588, 36.0349 ], [ -115.3839, 36.0325 ], [ -115.3935, 36.0328 ], [ -115.3963, 36.0323 ], [ -115.3988, 36.0307 ], [ -115.4013, 36.0268 ], [ -115.4037, 36.0248 ], [ -115.4183, 36.0183 ], [ -115.4252, 36.0128 ], [ -115.4276, 36.0114 ], [ -115.4367, 36.0077 ], [ -115.4405, 36.0051 ], [ -115.4433, 36.0045 ], [ -115.4499, 36.0005 ], [ -115.4507, 35.9999 ], [ -115.4513, 35.998 ], [ -115.4548, 35.9961 ], [ -115.4604, 35.9949 ], [ -115.4628, 35.9938 ], [ -115.4663, 35.9947 ], [ -115.4716, 35.9974 ], [ -115.4747, 35.9979 ], [ -115.4794, 36.0003 ], [ -115.4816, 36.001 ], [ -115.4846, 36.0013 ], [ -115.4859, 36.0005 ], [ -115.4884, 35.9998 ], [ -115.4904, 35.9998 ], [ -115.4925, 35.9988 ], [ -115.4961, 35.998 ], [ -115.4966, 35.9982 ], [ -115.4974, 35.998 ], [ -115.5003, 35.9966 ], [ -115.5058, 35.993 ], [ -115.5069, 35.9916 ], [ -115.5064, 35.9914 ], [ -115.5085, 35.9885 ], [ -115.5085, 35.9847 ], [ -115.509, 35.9841 ], [ -115.5182, 35.981 ], [ -115.5222, 35.9805 ], [ -115.5242, 35.9797 ], [ -115.5264, 35.981 ], [ -115.5282, 35.9809 ], [ -115.53, 35.9801 ], [ -115.5316, 35.9805 ], [ -115.5341, 35.9795 ], [ -115.5363, 35.9781 ], [ -115.5368, 35.9749 ], [ -115.5402, 35.9723 ], [ -115.5406, 35.9714 ], [ -115.5434, 35.9703 ], [ -115.5447, 35.9689 ], [ -115.5454, 35.967 ], [ -115.5475, 35.9645 ], [ -115.5487, 35.9611 ], [ -115.5504, 35.9582 ], [ -115.5512, 35.9544 ], [ -115.5542, 35.9504 ], [ -115.5551, 35.948 ], [ -115.5572, 35.9452 ], [ -115.5642, 35.9399 ], [ -115.5662, 35.9393 ], [ -115.5691, 35.9373 ], [ -115.574, 35.935 ], [ -115.5829, 35.9326 ], [ -115.587, 35.9333 ], [ -115.5887, 35.9345 ], [ -115.59, 35.9347 ], [ -115.5911, 35.9343 ], [ -115.5952, 35.9368 ], [ -115.6022, 35.9367 ], [ -115.6056, 35.9353 ], [ -115.6069, 35.9354 ], [ -115.6075, 35.9359 ], [ -115.6088, 35.936 ], [ -115.6097, 35.9369 ], [ -115.6104, 35.9367 ], [ -115.6118, 35.9377 ], [ -115.615, 35.9379 ], [ -115.6164, 35.9389 ], [ -115.6182, 35.941 ], [ -115.6227, 35.9428 ], [ -115.6253, 35.9431 ], [ -115.6265, 35.9428 ], [ -115.6318, 35.9431 ], [ -115.6324, 35.9421 ], [ -115.635, 35.9431 ], [ -115.6367, 35.9422 ], [ -115.6378, 35.9433 ], [ -115.6408, 35.9436 ], [ -115.6499, 35.9436 ], [ -115.652, 35.9426 ], [ -115.6531, 35.9427 ], [ -115.6533, 35.9418 ], [ -115.6554, 35.9407 ], [ -115.6561, 35.9399 ], [ -115.6591, 35.9391 ], [ -115.6581, 35.9434 ], [ -115.6529, 35.9501 ], [ -115.6455, 35.9614 ], [ -115.6358, 35.97 ], [ -115.6175, 35.9842 ], [ -115.6133, 35.9893 ], [ -115.6116, 35.9908 ], [ -115.6044, 35.9966 ], [ -115.5999, 35.9996 ], [ -115.5974, 36.0022 ], [ -115.5971, 36.0036 ], [ -115.5976, 36.0051 ], [ -115.5974, 36.0066 ], [ -115.6498, 36.0041 ], [ -115.6548, 36.0047 ], [ -115.6592, 36.0064 ], [ -115.8458, 36.1202 ], [ -115.8458, 36.1708 ], [ -115.8958, 36.1722 ], [ -115.8956, 36.2461 ] ] ] } },
{ "type": "Feature", "properties": { "GEOIDFQ": "1400000US32003005705", "NAME": "57.05", "NAMELSAD": "Census Tract 57.05" }, "geometry": { "type": "Polygon", "coordinates": [ [ [ -114.852, 35.1925 ], [ -114.8418, 35.1907 ], [ -114.8295, 35.1882 ], [ -114.7753, 35.1699 ], [ -114.772, 35.1691 ], [ -114.7664, 35.1691 ], [ -114.7434, 35.1736 ], [ -114.7378, 35.1741 ], [ -114.7336, 35.1739 ], [ -114.7208, 35.1722 ], [ -114.7105, 35.1723 ], [ -114.698, 35.17 ], [ -114.6866, 35.1688 ], [ -114.685, 35.1692 ], [ -114.6835, 35.17 ], [ -114.6825, 35.1712 ], [ -114.682, 35.1726 ], [ -114.6829, 35.1786 ], [ -114.6824, 35.183 ], [ -114.6834, 35.1875 ], [ -114.6847, 35.1901 ], [ -114.6846, 35.1912 ], [ -114.683, 35.194 ], [ -114.6837, 35.1982 ], [ -114.6834, 35.1994 ], [ -114.6825, 35.2006 ], [ -114.6807, 35.2016 ], [ -114.6724, 35.2016 ], [ -114.6642, 35.1992 ], [ -114.6571, 35.1958 ], [ -114.6529, 35.196 ], [ -114.6458, 35.1951 ], [ -114.6439, 35.1943 ], [ -114.6386, 35.1907 ], [ -114.6363, 35.1898 ], [ -114.6007, 35.182 ], [ -114.6004, 35.1826 ], [ -114.5994, 35.1832 ], [ -114.5863, 35.1869 ], [ -114.5837, 35.1871 ], [ -114.5797, 35.1865 ], [ -114.5779, 35.1871 ], [ -114.5766, 35.1888 ], [ -114.575, 35.1989 ], [ -114.5739, 35.1997 ], [ -114.5718, 35.1995 ], [ -114.5714, 35.191 ], [ -114.5697, 35.1863 ], [ -114.5693, 35.1834 ], [ -114.5692, 35.1729 ], [ -114.5688, 35.1722 ], [ -114.5717, 35.1722 ], [ -114.575, 35.1717 ], [ -114.585, 35.1717 ], [ -114.5848, 35.1699 ], [ -114.584, 35.1688 ], [ -114.5828, 35.1684 ], [ -114.5807, 35.1684 ], [ -114.5809, 35.1611 ], [ -114.5837, 35.1607 ], [ -114.5924, 35.154 ], [ -114.6256, 35.1537 ], [ -114.6257, 35.1465 ], [ -114.6238, 35.1419 ], [ -114.6264, 35.1413 ], [ -114.628, 35.1418 ], [ -114.6291, 35.1412 ], [ -114.6307, 35.141 ], [ -114.6312, 35.1394 ], [ -114.6305, 35.1378 ], [ -114.6306, 35.1365 ], [ -114.6323, 35.1338 ], [ -114.6314, 35.1326 ], [ -114.6274, 35.1322 ], [ -114.626, 35.1315 ], [ -114.6253, 35.1306 ], [ -114.638, 35.125 ], [ -114.6399, 35.122 ], [ -114.643, 35.1202 ], [ -114.6451, 35.1175 ], [ -114.6472, 35.1157 ], [ -114.6481, 35.1128 ], [ -114.6504, 35.1088 ], [ -114.6504, 35.0994 ], [ -114.6498, 35.0979 ], [ -114.6486, 35.0967 ], [ -114.6477, 35.0964 ], [ -114.6437, 35.0975 ], [ -114.6428, 35.0965 ], [ -114.6394, 35.0947 ], [ -114.6321, 35.0926 ], [ -114.6225, 35.0887 ], [ -114.6184, 35.0865 ], [ -114.6131, 35.0831 ], [ -114.6077, 35.0785 ], [ -114.6047, 35.0748 ], [ -114.6032, 35.0704 ], [ -114.603, 35.0665 ], [ -114.6036, 35.0642 ], [ -114.6047, 35.0617 ], [ -114.6067, 35.0589 ], [ -114.6107, 35.0555 ], [ -114.6175, 35.0517 ], [ -114.6271, 35.0447 ], [ -114.6311, 35.0399 ], [ -114.6347, 35.0337 ], [ -114.6375, 35.0271 ], [ -114.6382, 35.0221 ], [ -114.6371, 35.0104 ], [ -114.6356, 35.0059 ], [ -114.6335, 35.0019 ], [ -114.7796, 35.1207 ], [ -114.8357, 35.1656 ], [ -114.8493, 35.1758 ], [ -114.8534, 35.1924 ], [ -114.852, 35.1925 ] ] ] } },
{ "type": "Feature", "properties": { "GEOIDFQ": "1400000US32015000302", "NAME": "3.02", "NAMELSAD": "Census Tract 3.02" }, "geometry": { "type": "Polygon", "coordinates": [ [ [ -117.8038, 39.1457 ], [ -117.8009, 39.1449 ], [ -117.7975, 39.1454 ], [ -117.7935, 39.1448 ], [ -117.7934, 39.1481 ], [ -117.7893, 39.1501 ], [ -117.7858, 39.1504 ], [ -117.785, 39.1505 ], [ -117.7846, 39.151 ], [ -117.7845, 39.1515 ], [ -117.7869, 39.1533 ], [ -117.7877, 39.1552 ], [ -117.7904, 39.1581 ], [ -117.7926, 39.1589 ], [ -117.793, 39.1611 ], [ -117.7927, 39.1617 ], [ -117.791, 39.1622 ], [ -117.7891, 39.1637 ], [ -117.7888, 39.1644 ], [ -117.7917, 39.1681 ], [ -117.7916, 39.1696 ], [ -117.7894, 39.1696 ], [ -117.7882, 39.1691 ], [ -117.7861, 39.17 ], [ -117.786, 39.1707 ], [ -117.7848, 39.1717 ], [ -117.7853, 39.1733 ], [ -117.7849, 39.174 ], [ -117.7824, 39.1758 ], [ -117.7805, 39.1755 ], [ -117.7764, 39.1735 ], [ -117.775, 39.1734 ], [ -117.7731, 39.174 ], [ -117.771, 39.1742 ], [ -117.7689, 39.1767 ], [ -117.7659, 39.1794 ], [ -117.7656, 39.1819 ], [ -117.7648, 39.1831 ], [ -117.7618, 39.1854 ], [ -117.7603, 39.1857 ], [ -117.7568, 39.1852 ], [ -117.7556, 39.1856 ], [ -117.7537, 39.1847 ], [ -117.7532, 39.1848 ], [ -117.7524, 39.1861 ], [ -117.7509, 39.1871 ], [ -117.7508, 39.1889 ], [ -117.7489, 39.1904 ], [ -117.7442, 39.1914 ], [ -117.7443, 39.1936 ], [ -117.7441, 39.1946 ], [ -117.7435, 39.195 ], [ -117.7436, 39.1973 ], [ -117.7442, 39.1985 ], [ -117.7427, 39.199 ], [ -117.7416, 39.1989 ], [ -117.7404, 39.2007 ], [ -117.7353, 39.2053 ], [ -117.735, 39.2061 ], [ -117.7357, 39.2083 ], [ -117.7346, 39.2101 ], [ -117.733, 39.211 ], [ -117.7283, 39.2124 ], [ -117.7267, 39.2133 ], [ -117.7239, 39.2127 ], [ -117.7214, 39.2131 ], [ -117.7202, 39.2127 ], [ -117.7197, 39.213 ], [ -117.7227, 39.217 ], [ -117.7204, 39.221 ], [ -117.7203, 39.2217 ], [ -117.7213, 39.2234 ], [ -117.7216, 39.225 ], [ -117.7193, 39.228 ], [ -117.7207, 39.2305 ], [ -117.7208, 39.232 ], [ -117.7197, 39.2344 ], [ -117.7201, 39.2363 ], [ -117.7199, 39.2368 ], [ -117.7182, 39.2376 ], [ -117.7172, 39.2387 ], [ -117.717, 39.2402 ], [ -117.7174, 39.2424 ], [ -117.7151, 39.2435 ], [ -117.7141, 39.2456 ], [ -117.7142, 39.2466 ], [ -117.7164, 39.2486 ], [ -117.7217, 39.2499 ], [ -117.7228, 39.2508 ], [ -117.7237, 39.2545 ], [ -117.7257, 39.2581 ], [ -117.7257, 39.2605 ], [ -117.7264, 39.2624 ], [ -117.7275, 39.2635 ], [ -117.7272, 39.2643 ], [ -117.7313, 39.2678 ], [ -117.7314, 39.2688 ], [ -117.7302, 39.2699 ], [ -117.7301, 39.2712 ], [ -117.7308, 39.2737 ], [ -117.7321, 39.2752 ], [ -117.733, 39.2813 ], [ -117.7381, 39.2844 ], [ -117.74, 39.2849 ], [ -117.7415, 39.2857 ], [ -117.7436, 39.2878 ], [ -117.7426, 39.2894 ], [ -117.7425, 39.2912 ], [ -117.7417, 39.2944 ], [ -117.7413, 39.2951 ], [ -117.7396, 39.2963 ], [ -117.7397, 39.2968 ], [ -117.7423, 39.2993 ], [ -117.7429, 39.3015 ], [ -117.7462, 39.3035 ], [ -117.7468, 39.3041 ], [ -117.7478, 39.3085 ], [ -117.7498, 39.3099 ], [ -117.7509, 39.3098 ], [ -117.7527, 39.3118 ], [ -117.7527, 39.3126 ], [ -117.7515, 39.3155 ], [ -117.7514, 39.3176 ], [ -117.7526, 39.3199 ], [ -117.7515, 39.3217 ], [ -117.7516, 39.3231 ], [ -117.7521, 39.324 ], [ -117.7542, 39.3257 ], [ -117.7543, 39.3277 ], [ -117.756, 39.3299 ], [ -117.7558, 39.3311 ], [ -117.7579, 39.332 ], [ -117.7597, 39.3335 ], [ -117.7602, 39.3354 ], [ -117.7598, 39.3365 ], [ -117.7606, 39.34 ], [ -117.7597, 39.3414 ], [ -117.7587, 39.3419 ], [ -117.7575, 39.3448 ], [ -117.7594, 39.3465 ], [ -117.7598, 39.3483 ], [ -117.7597, 39.3512 ], [ -117.7594, 39.3515 ], [ -117.7607, 39.3523 ], [ -117.763, 39.3528 ], [ -117.7613, 39.3576 ], [ -117.7626, 39.3584 ], [ -117.7587, 39.3644 ], [ -117.7593, 39.3658 ], [ -117.7598, 39.3692 ], [ -117.7563, 39.3708 ], [ -117.7566, 39.3736 ], [ -117.7558, 39.3762 ], [ -117.7528, 39.3778 ], [ -117.7502, 39.3819 ], [ -117.7502, 39.3838 ], [ -117.748, 39.3845 ], [ -117.7475, 39.3855 ], [ -117.7465, 39.3857 ], [ -117.7455, 39.3852 ], [ -117.7451, 39.3844 ], [ -117.7435, 39.3838 ], [ -117.7405, 39.3817 ], [ -117.7386, 39.3811 ], [ -117.736, 39.381 ], [ -117.7319, 39.3802 ], [ -117.7281, 39.3802 ], [ -117.7254, 39.3809 ], [ -117.7211, 39.3829 ], [ -117.7199, 39.3829 ], [ -117.7176, 39.383 ], [ -117.7163, 39.3825 ], [ -117.7154, 39.3828 ], [ -117.7135, 39.3826 ], [ -117.7104, 39.3812 ], [ -117.709, 39.3833 ], [ -117.7068, 39.3843 ], [ -117.7034, 39.3852 ], [ -117.701, 39.3846 ], [ -117.6971, 39.3856 ], [ -117.6963, 39.3859 ], [ -117.6924, 39.3894 ], [ -117.6919, 39.3901 ], [ -117.6922, 39.3908 ], [ -117.6901, 39.394 ], [ -117.6878, 39.3949 ], [ -117.6872, 39.3967 ], [ -117.6851, 39.3984 ], [ -117.6857, 39.4014 ], [ -117.6855, 39.4019 ], [ -117.684, 39.4029 ], [ -117.6834, 39.4047 ], [ -117.6814, 39.4055 ], [ -117.6807, 39.4064 ], [ -117.6809, 39.4074 ], [ -117.6823, 39.4085 ], [ -117.6827, 39.4108 ], [ -117.6824, 39.4115 ], [ -117.6817, 39.4126 ], [ -117.6807, 39.4131 ], [ -117.6768, 39.4133 ], [ -117.6764, 39.4136 ], [ -117.6763, 39.4165 ], [ -117.677, 39.4177 ], [ -117.676, 39.4196 ], [ -117.6756, 39.4225 ], [ -117.6749, 39.4225 ], [ -117.6731, 39.4238 ], [ -117.6686, 39.4238 ], [ -117.6671, 39.4247 ], [ -117.6648, 39.4249 ], [ -117.6638, 39.4248 ], [ -117.6614, 39.4255 ], [ -117.6579, 39.425 ], [ -117.656, 39.4256 ], [ -117.6544, 39.4252 ], [ -117.6526, 39.4258 ], [ -117.6507, 39.427 ], [ -117.6486, 39.4265 ], [ -117.646, 39.4266 ], [ -117.6451, 39.428 ], [ -117.6431, 39.4294 ], [ -117.6425, 39.4305 ], [ -117.6433, 39.4331 ], [ -117.6433, 39.4346 ], [ -117.6428, 39.4358 ], [ -117.6404, 39.4386 ], [ -117.6384, 39.4397 ], [ -117.6396, 39.4419 ], [ -117.6396, 39.4445 ], [ -117.6402, 39.4461 ], [ -117.6392, 39.4497 ], [ -117.6382, 39.4503 ], [ -117.6372, 39.4518 ], [ -117.6412, 39.4557 ], [ -117.6422, 39.4562 ], [ -117.6424, 39.4572 ], [ -117.645, 39.4584 ], [ -117.6456, 39.4583 ], [ -117.6472, 39.459 ], [ -117.6494, 39.4592 ], [ -117.6512, 39.4582 ], [ -117.6538, 39.4578 ], [ -117.6537, 39.4594 ], [ -117.6548, 39.4601 ], [ -117.6554, 39.4601 ], [ -117.656, 39.4617 ], [ -117.6573, 39.4623 ], [ -117.6569, 39.4637 ], [ -117.6572, 39.4641 ], [ -117.656, 39.4649 ], [ -117.6559, 39.4653 ], [ -117.656, 39.4667 ], [ -117.6566, 39.4679 ], [ -117.6541, 39.4678 ], [ -117.6509, 39.467 ], [ -117.6481, 39.4688 ], [ -117.6476, 39.4704 ], [ -117.646, 39.4703 ], [ -117.6452, 39.4706 ], [ -117.6438, 39.47 ], [ -117.6419, 39.4698 ], [ -117.6415, 39.4708 ], [ -117.6382, 39.4717 ], [ -117.6364, 39.473 ], [ -117.6349, 39.4748 ], [ -117.6352, 39.4758 ], [ -117.6321, 39.4769 ], [ -117.6313, 39.4766 ], [ -117.6295, 39.4768 ], [ -117.6271, 39.4765 ], [ -117.6265, 39.4757 ], [ -117.6249, 39.4763 ], [ -117.6232, 39.4762 ], [ -117.6208, 39.4777 ], [ -117.6196, 39.4802 ], [ -117.6166, 39.482 ], [ -117.6163, 39.4826 ], [ -117.6159, 39.4888 ], [ -117.6155, 39.4898 ], [ -117.6126, 39.4898 ], [ -117.6115, 39.491 ], [ -117.6103, 39.4905 ], [ -117.6083, 39.4912 ], [ -117.6077, 39.4908 ], [ -117.6052, 39.4907 ], [ -117.6034, 39.49 ], [ -117.6018, 39.4908 ], [ -117.6026, 39.4923 ], [ -117.6015, 39.4934 ], [ -117.6018, 39.495 ], [ -117.6011, 39.4958 ], [ -117.5996, 39.4963 ], [ -117.5994, 39.497 ], [ -117.5978, 39.4979 ], [ -117.5972, 39.4989 ], [ -117.5952, 39.499 ], [ -117.5941, 39.4995 ], [ -117.59, 39.4999 ], [ -117.5896, 39.5016 ], [ -117.5868, 39.503 ], [ -117.5865, 39.5035 ], [ -117.5866, 39.5058 ], [ -117.5887, 39.5089 ], [ -117.5884, 39.5106 ], [ -117.5878, 39.5112 ], [ -117.5886, 39.5122 ], [ -117.5884, 39.5154 ], [ -117.5902, 39.5175 ], [ -117.5901, 39.518 ], [ -117.5893, 39.5179 ], [ -117.5859, 39.5187 ], [ -117.5849, 39.5181 ], [ -117.5839, 39.5189 ], [ -117.5821, 39.5188 ], [ -117.58, 39.5201 ], [ -117.5792, 39.52 ], [ -117.5791, 39.5187 ], [ -117.5776, 39.5185 ], [ -117.5702, 39.5194 ], [ -117.5677, 39.5195 ], [ -117.5657, 39.5192 ], [ -117.565, 39.5197 ], [ -117.5643, 39.5219 ], [ -117.5608, 39.5259 ], [ -117.5561, 39.5254 ], [ -117.5542, 39.5268 ], [ -117.5522, 39.5269 ], [ -117.5504, 39.5256 ], [ -117.5481, 39.5254 ], [ -117.5468, 39.526 ], [ -117.5453, 39.5261 ], [ -117.5434, 39.5274 ], [ -117.5353, 39.5277 ], [ -117.5341, 39.5283 ], [ -117.5326, 39.527 ], [ -117.532, 39.5269 ], [ -117.5318, 39.5277 ], [ -117.5322, 39.529 ], [ -117.5312, 39.53 ], [ -117.531, 39.5313 ], [ -117.528, 39.532 ], [ -117.5281, 39.5336 ], [ -117.5265, 39.5341 ], [ -117.5266, 39.5347 ], [ -117.5261, 39.5351 ], [ -117.5244, 39.5349 ], [ -117.5234, 39.5342 ], [ -117.5221, 39.534 ], [ -117.5202, 39.5361 ], [ -117.5192, 39.5379 ], [ -117.5185, 39.5382 ], [ -117.5151, 39.5361 ], [ -117.5105, 39.5313 ], [ -117.5086, 39.5307 ], [ -117.5037, 39.5311 ], [ -117.5014, 39.5308 ], [ -117.4966, 39.5324 ], [ -117.4951, 39.5333 ], [ -117.4929, 39.5359 ], [ -117.4933, 39.5367 ], [ -117.4935, 39.5397 ], [ -117.4927, 39.5416 ], [ -117.4928, 39.5428 ], [ -117.4913, 39.5433 ], [ -117.4897, 39.5433 ], [ -117.4878, 39.5449 ], [ -117.4853, 39.5453 ], [ -117.485, 39.5474 ], [ -117.4842, 39.549 ], [ -117.4859, 39.5497 ], [ -117.4867, 39.5509 ], [ -117.4851, 39.5526 ], [ -117.4823, 39.5547 ], [ -117.4819, 39.5565 ], [ -117.4826, 39.5592 ], [ -117.4806, 39.5618 ], [ -117.4805, 39.5625 ], [ -117.4805, 39.5635 ], [ -117.4813, 39.5643 ], [ -117.4813, 39.5659 ], [ -117.482, 39.5663 ], [ -117.4819, 39.5674 ], [ -117.4828, 39.5689 ], [ -117.4817, 39.5703 ], [ -117.4814, 39.5718 ], [ -117.4824, 39.5736 ], [ -117.4805, 39.576 ], [ -117.479, 39.5771 ], [ -117.478, 39.5797 ], [ -117.4767, 39.5813 ], [ -117.4767, 39.5827 ], [ -117.4761, 39.5836 ], [ -117.4763, 39.5845 ], [ -117.4775, 39.5856 ], [ -117.4766, 39.5882 ], [ -117.4769, 39.5886 ], [ -117.4778, 39.5888 ], [ -117.4786, 39.5928 ], [ -117.4777, 39.5953 ], [ -117.4766, 39.5967 ], [ -117.4781, 39.5975 ], [ -117.4797, 39.5974 ], [ -117.4822, 39.5982 ], [ -117.4803, 39.5997 ], [ -117.4766, 39.6041 ], [ -117.4753, 39.6082 ], [ -117.4737, 39.609 ], [ -117.4729, 39.6111 ], [ -117.47, 39.614 ], [ -117.4681, 39.6168 ], [ -117.4679, 39.6177 ], [ -117.4639, 39.6208 ], [ -117.463, 39.6209 ], [ -117.4626, 39.6218 ], [ -117.4616, 39.6226 ], [ -117.4628, 39.6248 ], [ -117.4632, 39.6248 ], [ -117.4627, 39.6274 ], [ -117.4639, 39.6314 ], [ -117.4634, 39.6331 ], [ -117.4664, 39.6348 ], [ -117.4679, 39.6334 ], [ -117.4685, 39.6333 ], [ -117.47, 39.6334 ], [ -117.4733, 39.6347 ], [ -117.475, 39.6361 ], [ -117.4757, 39.6376 ], [ -117.4781, 39.6373 ], [ -117.4789, 39.639 ], [ -117.4802, 39.6402 ], [ -117.4816, 39.6411 ], [ -117.485, 39.6424 ], [ -117.4861, 39.6448 ], [ -117.4857, 39.6461 ], [ -117.4843, 39.6465 ], [ -117.4839, 39.6472 ], [ -117.4811, 39.6477 ], [ -117.48, 39.6492 ], [ -117.4797, 39.6504 ], [ -117.478, 39.6517 ], [ -117.4777, 39.6527 ], [ -117.4781, 39.6544 ], [ -117.4787, 39.6548 ], [ -117.4789, 39.6555 ], [ -117.4784, 39.656 ], [ -117.4788, 39.6575 ], [ -117.4777, 39.6595 ], [ -117.4755, 39.6598 ], [ -117.4721, 39.6615 ], [ -117.4725, 39.665 ], [ -117.4713, 39.6666 ], [ -117.4717, 39.667 ], [ -117.4734, 39.6671 ], [ -117.4739, 39.6678 ], [ -117.4739, 39.6693 ], [ -117.471, 39.6716 ], [ -117.4697, 39.6733 ], [ -117.4696, 39.6743 ], [ -117.4651, 39.676 ], [ -117.4644, 39.6773 ], [ -117.4644, 39.679 ], [ -117.4646, 39.6795 ], [ -117.467, 39.6807 ], [ -117.4678, 39.6821 ], [ -117.4681, 39.682 ], [ -117.4681, 39.6828 ], [ -117.4688, 39.6837 ], [ -117.4727, 39.6879 ], [ -117.4747, 39.6884 ], [ -117.4776, 39.6903 ], [ -117.4788, 39.6906 ], [ -117.4799, 39.6922 ], [ -117.4807, 39.6925 ], [ -117.4815, 39.6938 ], [ -117.4815, 39.6958 ], [ -117.4824, 39.697 ], [ -117.4835, 39.6973 ], [ -117.4846, 39.6984 ], [ -117.4862, 39.7023 ], [ -117.4878, 39.7039 ], [ -117.4863, 39.7043 ], [ -117.485, 39.7053 ], [ -117.484, 39.7075 ], [ -117.485, 39.7099 ], [ -117.4848, 39.7104 ], [ -117.4854, 39.7109 ], [ -117.4869, 39.7112 ], [ -117.4876, 39.7141 ], [ -117.4866, 39.715 ], [ -117.4868, 39.7157 ], [ -117.4825, 39.7211 ], [ -117.4813, 39.7211 ], [ -117.4808, 39.7217 ], [ -117.4797, 39.7251 ], [ -117.4803, 39.7272 ], [ -117.4791, 39.7277 ], [ -117.4779, 39.7294 ], [ -117.4761, 39.7299 ], [ -117.4772, 39.7314 ], [ -117.4765, 39.7321 ], [ -117.4752, 39.7359 ], [ -117.4768, 39.737 ], [ -117.4778, 39.7372 ], [ -117.4781, 39.7386 ], [ -117.4774, 39.7424 ], [ -117.4802, 39.7414 ], [ -117.4809, 39.742 ], [ -117.4825, 39.742 ], [ -117.4835, 39.7424 ], [ -117.4852, 39.742 ], [ -117.4871, 39.7443 ], [ -117.4878, 39.7463 ], [ -117.4889, 39.7468 ], [ -117.4906, 39.7467 ], [ -117.4916, 39.7479 ], [ -117.4938, 39.7473 ], [ -117.4943, 39.748 ], [ -117.4953, 39.7484 ], [ -117.4943, 39.7521 ], [ -117.4948, 39.7533 ], [ -117.4945, 39.7547 ], [ -117.4958, 39.7565 ], [ -117.4955, 39.7588 ], [ -117.4963, 39.7597 ], [ -117.4966, 39.7611 ], [ -117.4954, 39.7628 ], [ -117.4958, 39.7649 ], [ -117.4946, 39.767 ], [ -117.496, 39.7704 ], [ -117.4942, 39.7727 ], [ -117.4949, 39.7742 ], [ -117.4895, 39.7794 ], [ -117.4901, 39.7804 ], [ -117.4898, 39.7815 ], [ -117.4878, 39.782 ], [ -117.4881, 39.7841 ], [ -117.4874, 39.7853 ], [ -117.4857, 39.7865 ], [ -117.4859, 39.7874 ], [ -117.4872, 39.7884 ], [ -117.4884, 39.7909 ], [ -117.4884, 39.7939 ], [ -117.4867, 39.7959 ], [ -117.4865, 39.797 ], [ -117.487, 39.7985 ], [ -117.4866, 39.7987 ], [ -117.4874, 39.7997 ], [ -117.4894, 39.807 ], [ -117.4877, 39.8074 ], [ -117.4878, 39.8094 ], [ -117.485, 39.8109 ], [ -117.4836, 39.8109 ], [ -117.4834, 39.8117 ], [ -117.4839, 39.8132 ], [ -117.4856, 39.8155 ], [ -117.486, 39.8171 ], [ -117.4871, 39.8183 ], [ -117.4875, 39.8208 ], [ -117.4863, 39.8216 ], [ -117.4863, 39.822 ], [ -117.4878, 39.8249 ], [ -117.4882, 39.8266 ], [ -117.4858, 39.8272 ], [ -117.4843, 39.8282 ], [ -117.4842, 39.8289 ], [ -117.4831, 39.8299 ], [ -117.4835, 39.8315 ], [ -117.483, 39.832 ], [ -117.4829, 39.833 ], [ -117.4834, 39.834 ], [ -117.4801, 39.8346 ], [ -117.48, 39.8363 ], [ -117.4795, 39.8372 ], [ -117.4778, 39.8372 ], [ -117.4723, 39.8392 ], [ -117.4723, 39.8402 ], [ -117.4716, 39.8409 ], [ -117.4716, 39.8416 ], [ -117.4728, 39.8436 ], [ -117.471, 39.8457 ], [ -117.4711, 39.8463 ], [ -117.4702, 39.8477 ], [ -117.4685, 39.849 ], [ -117.4691, 39.8502 ], [ -117.471, 39.8521 ], [ -117.4705, 39.8545 ], [ -117.4686, 39.8554 ], [ -117.467, 39.8553 ], [ -117.4665, 39.8562 ], [ -117.4667, 39.857 ], [ -117.4649, 39.8575 ], [ -117.4646, 39.8582 ], [ -117.4654, 39.8602 ], [ -117.4654, 39.8618 ], [ -117.4669, 39.8647 ], [ -117.4667, 39.865 ], [ -117.464, 39.8651 ], [ -117.4613, 39.8678 ], [ -117.4617, 39.8706 ], [ -117.4628, 39.8718 ], [ -117.4616, 39.8742 ], [ -117.4618, 39.8775 ], [ -117.4626, 39.8788 ], [ -117.4625, 39.8804 ], [ -117.4615, 39.8825 ], [ -117.4615, 39.8849 ], [ -117.4619, 39.886 ], [ -117.4616, 39.8868 ], [ -117.4621, 39.8886 ], [ -117.4629, 39.8892 ], [ -117.4623, 39.8909 ], [ -117.4627, 39.8914 ], [ -117.4639, 39.8913 ], [ -117.4642, 39.8937 ], [ -117.4655, 39.8943 ], [ -117.465, 39.8952 ], [ -117.4666, 39.8977 ], [ -117.4665, 39.9025 ], [ -117.4678, 39.9034 ], [ -117.4675, 39.9046 ], [ -117.4682, 39.9057 ], [ -117.4682, 39.9081 ], [ -117.467, 39.9088 ], [ -117.466, 39.9104 ], [ -117.4661, 39.9115 ], [ -117.4673, 39.9133 ], [ -117.4677, 39.9147 ], [ -117.4698, 39.9164 ], [ -117.4705, 39.9178 ], [ -117.4696, 39.9187 ], [ -117.4694, 39.9204 ], [ -117.4678, 39.9216 ], [ -117.4679, 39.9221 ], [ -117.4694, 39.9222 ], [ -117.4706, 39.923 ], [ -117.4713, 39.9259 ], [ -117.4727, 39.9282 ], [ -117.4747, 39.9297 ], [ -117.4749, 39.9313 ], [ -117.4763, 39.9336 ], [ -117.4757, 39.9352 ], [ -117.477, 39.9365 ], [ -117.4777, 39.9393 ], [ -117.4796, 39.9401 ], [ -117.4806, 39.9413 ], [ -117.4807, 39.9423 ], [ -117.4823, 39.9436 ], [ -117.4861, 39.9427 ], [ -117.4877, 39.9431 ], [ -117.4885, 39.9453 ], [ -117.4901, 39.9463 ], [ -117.4919, 39.9484 ], [ -117.4935, 39.9483 ], [ -117.5009, 39.9516 ], [ -117.5025, 39.9515 ], [ -117.5025, 39.9524 ], [ -117.5032, 39.9535 ], [ -117.5048, 39.9545 ], [ -117.506, 39.956 ], [ -117.5053, 39.9583 ], [ -117.5061, 39.9598 ], [ -117.5088, 39.9628 ], [ -117.5087, 39.9658 ], [ -117.5091, 39.9665 ], [ -117.5071, 39.9688 ], [ -117.5077, 39.9694 ], [ -117.5098, 39.9698 ], [ -117.511, 39.9708 ], [ -117.5145, 39.9715 ], [ -117.5162, 39.9713 ], [ -117.5196, 39.9725 ], [ -117.52, 39.9738 ], [ -117.5196, 39.9773 ], [ -117.5204, 39.9795 ], [ -117.5214, 39.9808 ], [ -117.5247, 39.9845 ], [ -117.5275, 39.985 ], [ -117.5278, 39.9857 ], [ -117.5303, 39.9873 ], [ -117.5324, 39.9894 ], [ -117.5314, 39.9918 ], [ -117.5341, 39.9929 ], [ -117.5395, 39.9983 ], [ -117.5407, 39.9988 ], [ -117.5417, 40.001 ], [ -117.5009, 40.089 ], [ -117.4803, 40.136 ], [ -117.4084, 40.2919 ], [ -117.3348, 40.4528 ], [ -117.2468, 40.6424 ], [ -117.0516, 40.6423 ], [ -117.0352, 40.6429 ], [ -117.0187, 40.643 ], [ -117.0186, 40.6945 ], [ -117.0198, 40.6993 ], [ -117.0186, 40.7037 ], [ -117.0186, 40.7063 ], [ -116.9611, 40.6609 ], [ -116.9565, 40.6553 ], [ -116.947, 40.6379 ], [ -116.9448, 40.6355 ], [ -116.9409, 40.6329 ], [ -116.8992, 40.617 ], [ -116.8919, 40.6152 ], [ -116.8859, 40.6145 ], [ -116.8254, 40.611 ], [ -116.8155, 40.6109 ], [ -116.8079, 40.612 ], [ -116.8019, 40.6136 ], [ -116.7957, 40.6163 ], [ -116.7895, 40.6201 ], [ -116.7842, 40.625 ], [ -116.766, 40.6469 ], [ -116.7628, 40.6499 ], [ -116.758, 40.6531 ], [ -116.7529, 40.656 ], [ -116.7159, 40.6709 ], [ -116.7093, 40.6726 ], [ -116.7027, 40.6733 ], [ -116.6465, 40.6731 ], [ -116.6413, 40.6735 ], [ -116.6346, 40.6747 ], [ -116.5958, 40.6857 ], [ -116.5959, 40.6248 ], [ -116.5964, 40.6103 ], [ -116.5961, 40.5629 ], [ -116.5953, 40.5564 ], [ -116.5957, 40.5257 ], [ -116.5949, 40.4927 ], [ -116.594, 40.481 ], [ -116.594, 40.3837 ], [ -116.5948, 40.3537 ], [ -116.5949, 40.3313 ], [ -116.5942, 40.3203 ], [ -116.5975, 40.2237 ], [ -116.599, 40.1669 ], [ -116.5995, 40.161 ], [ -116.6001, 40.074 ], [ -116.6, 40.0723 ], [ -116.5904, 40.0723 ], [ -116.5901, 39.7247 ], [ -116.5911, 39.6768 ], [ -116.591, 39.6337 ], [ -116.5929, 39.6337 ], [ -116.5929, 39.3749 ], [ -116.5924, 39.3728 ], [ -116.5968, 39.3728 ], [ -116.5971, 39.1762 ], [ -116.601, 39.1761 ], [ -116.6009, 39.1615 ], [ -116.7391, 39.1623 ], [ -116.7508, 39.1615 ], [ -117.0002, 39.1633 ], [ -117.3319, 39.1634 ], [ -117.3574, 39.1595 ], [ -117.4726, 39.1436 ], [ -117.5009, 39.1394 ], [ -117.5872, 39.1249 ], [ -117.6014, 39.1222 ], [ -117.647, 39.115 ], [ -117.7755, 39.0934 ], [ -117.7772, 39.0944 ], [ -117.7763, 39.0951 ], [ -117.7774, 39.0968 ], [ -117.7786, 39.1014 ], [ -117.7815, 39.1049 ], [ -117.7845, 39.1068 ], [ -117.7866, 39.1072 ], [ -117.7893, 39.1082 ], [ -117.7934, 39.1083 ], [ -117.7947, 39.1096 ], [ -117.7966, 39.1106 ], [ -117.7971, 39.1114 ], [ -117.798, 39.1121 ], [ -117.7995, 39.1119 ], [ -117.8001, 39.1125 ], [ -117.8005, 39.1144 ], [ -117.8014, 39.1149 ], [ -117.8017, 39.1159 ], [ -117.8009, 39.1167 ], [ -117.8008, 39.1175 ], [ -117.7987, 39.1187 ], [ -117.7963, 39.117 ], [ -117.7946, 39.1168 ], [ -117.7931, 39.1176 ], [ -117.7928, 39.1196 ], [ -117.7938, 39.1209 ], [ -117.7964, 39.122 ], [ -117.7936, 39.124 ], [ -117.7926, 39.1255 ], [ -117.7936, 39.1268 ], [ -117.7914, 39.1288 ], [ -117.7915, 39.1314 ], [ -117.7938, 39.1343 ], [ -117.7949, 39.1388 ], [ -117.7958, 39.1391 ], [ -117.7986, 39.1385 ], [ -117.8015, 39.1388 ], [ -117.8058, 39.1418 ], [ -117.8059, 39.1442 ], [ -117.8068, 39.1454 ], [ -117.8066, 39.1457 ], [ -117.8038, 39.1457 ] ] ] } },
{ "type": "Feature", "properties": { "GEOIDFQ": "1400000US32015000301", "NAME": "3.01", "NAMELSAD": "Census Tract 3.01" }, "geometry": { "type": "Polygon", "coordinates": [ [ [ -117.0184, 41.0003 ], [ -117.0141, 41.0003 ], [ -116.9931, 41.0001 ], [ -116.8328, 41.0005 ], [ -116.7834, 41.0002 ], [ -116.5868, 41.0004 ], [ -116.5871, 40.947 ], [ -116.5968, 40.9465 ], [ -116.597, 40.8762 ], [ -116.5964, 40.8632 ], [ -116.5967, 40.8442 ], [ -116.5958, 40.7878 ], [ -116.5961, 40.7659 ], [ -116.5958, 40.7499 ], [ -116.5962, 40.7479 ], [ -116.5963, 40.7266 ], [ -116.5957, 40.7131 ], [ -116.5958, 40.6857 ], [ -116.6346, 40.6747 ], [ -116.6413, 40.6735 ], [ -116.6465, 40.6731 ], [ -116.7027, 40.6733 ], [ -116.7093, 40.6726 ], [ -116.7159, 40.6709 ], [ -116.7529, 40.656 ], [ -116.7603, 40.6517 ], [ -116.7628, 40.6499 ], [ -116.766, 40.6469 ], [ -116.7835, 40.6258 ], [ -116.7892, 40.6204 ], [ -116.7938, 40.6173 ], [ -116.7999, 40.6144 ], [ -116.8055, 40.6126 ], [ -116.8118, 40.6113 ], [ -116.8179, 40.6108 ], [ -116.8222, 40.6109 ], [ -116.8859, 40.6145 ], [ -116.8919, 40.6152 ], [ -116.8992, 40.617 ], [ -116.9395, 40.6323 ], [ -116.943, 40.6341 ], [ -116.9455, 40.6362 ], [ -116.9474, 40.6384 ], [ -116.9565, 40.6553 ], [ -116.9611, 40.6609 ], [ -117.0186, 40.7063 ], [ -117.0186, 40.7835 ], [ -117.0182, 40.7859 ], [ -117.0186, 40.7863 ], [ -117.0184, 41.0003 ] ] ] } },
{ "type": "Feature", "properties": { "GEOIDFQ": "1400000US32003005843", "NAME": "58.43", "NAMELSAD": "Census Tract 58.43" }, "geometry": { "type": "Polygon", "coordinates": [ [ [ -115.3158, 36.159 ], [ -115.3155, 36.1444 ], [ -115.3365, 36.1446 ], [ -115.3371, 36.159 ], [ -115.3158, 36.159 ] ] ] } },
{ "type": "Feature", "properties": { "GEOIDFQ": "1400000US32031001701", "NAME": "17.01", "NAMELSAD": "Census Tract 17.01" }, "geometry": { "type": "Polygon", "coordinates": [ [ [ -119.7986, 39.5582 ], [ -119.7926, 39.5583 ], [ -119.7916, 39.5579 ], [ -119.7911, 39.5589 ], [ -119.7889, 39.5573 ], [ -119.7878, 39.5551 ], [ -119.7878, 39.5454 ], [ -119.7986, 39.5453 ], [ -119.7986, 39.5582 ] ] ] } },
{ "type": "Feature", "properties": { "GEOIDFQ": "1400000US32003003307", "NAME": "33.07", "NAMELSAD": "Census Tract 33.07" }, "geometry": { "type": "Polygon", "coordinates": [ [ [ -115.2248, 36.2761 ], [ -115.2064, 36.2763 ], [ -115.2072, 36.2616 ], [ -115.2164, 36.2611 ], [ -115.2253, 36.261 ], [ -115.2248, 36.2761 ] ] ] } },
{ "type": "Feature", "properties": { "GEOIDFQ": "1400000US32003003634", "NAME": "36.34", "NAMELSAD": "Census Tract 36.34" }, "geometry": { "type": "Polygon", "coordinates": [ [ [ -115.18, 36.2616 ], [ -115.171, 36.2617 ], [ -115.1708, 36.2467 ], [ -115.1801, 36.2468 ], [ -115.18, 36.2616 ] ] ] } },
{ "type": "Feature", "properties": { "GEOIDFQ": "1400000US32003003635", "NAME": "36.35", "NAMELSAD": "Census Tract 36.35" }, "geometry": { "type": "Polygon", "coordinates": [ [ [ -115.171, 36.2769 ], [ -115.1674, 36.2768 ], [ -115.1645, 36.2754 ], [ -115.1583, 36.2648 ], [ -115.1575, 36.2623 ], [ -115.1567, 36.2612 ], [ -115.1588, 36.261 ], [ -115.1618, 36.2617 ], [ -115.171, 36.2617 ], [ -115.171, 36.2769 ] ] ] } },
{ "type": "Feature", "properties": { "GEOIDFQ": "1400000US32003003644", "NAME": "36.44", "NAMELSAD": "Census Tract 36.44" }, "geometry": { "type": "Polygon", "coordinates": [ [ [ -115.1525, 36.2248 ], [ -115.152, 36.2178 ], [ -115.1703, 36.2176 ], [ -115.1708, 36.2248 ], [ -115.1525, 36.2248 ] ] ] } },
{ "type": "Feature", "properties": { "GEOIDFQ": "1400000US32003003642", "NAME": "36.42", "NAMELSAD": "Census Tract 36.42" }, "geometry": { "type": "Polygon", "coordinates": [ [ [ -115.1339, 36.2323 ], [ -115.134, 36.2178 ], [ -115.152, 36.2178 ], [ -115.1529, 36.2319 ], [ -115.1339, 36.2323 ] ] ] } },
{ "type": "Feature", "properties": { "GEOIDFQ": "1400000US32003004926", "NAME": "49.26", "NAMELSAD": "Census Tract 49.26" }, "geometry": { "type": "Polygon", "coordinates": [ [ [ -115.0473, 36.1446 ], [ -115.0291, 36.1445 ], [ -115.0291, 36.1372 ], [ -115.0474, 36.1372 ], [ -115.0473, 36.1446 ] ] ] } },
{ "type": "Feature", "properties": { "GEOIDFQ": "1400000US32003006104", "NAME": "61.04", "NAMELSAD": "Census Tract 61.04" }, "geometry": { "type": "Polygon", "coordinates": [ [ [ -115.0292, 36.1588 ], [ -115.0278, 36.1593 ], [ -115.0259, 36.1592 ], [ -115.0258, 36.1739 ], [ -114.9983, 36.1735 ], [ -114.9983, 36.1748 ], [ -114.994, 36.181 ], [ -114.9933, 36.1856 ], [ -114.9878, 36.194 ], [ -114.9865, 36.1951 ], [ -114.9858, 36.1969 ], [ -114.9858, 36.2001 ], [ -114.9848, 36.2011 ], [ -114.9848, 36.2019 ], [ -114.9832, 36.201 ], [ -114.9807, 36.201 ], [ -114.9743, 36.2024 ], [ -114.965, 36.2058 ], [ -114.959, 36.2067 ], [ -114.9497, 36.2065 ], [ -114.9466, 36.2059 ], [ -114.941, 36.2033 ], [ -114.9342, 36.2016 ], [ -114.9331, 36.199 ], [ -114.9293, 36.1966 ], [ -114.9246, 36.1946 ], [ -114.9214, 36.1922 ], [ -114.9198, 36.1899 ], [ -114.9169, 36.1812 ], [ -114.9138, 36.1762 ], [ -114.9113, 36.1684 ], [ -114.9086, 36.164 ], [ -114.8993, 36.1563 ], [ -114.8974, 36.1556 ], [ -114.8929, 36.1554 ], [ -114.8913, 36.1548 ], [ -114.8877, 36.1519 ], [ -114.8862, 36.1495 ], [ -114.8807, 36.1457 ], [ -114.8834, 36.1463 ], [ -114.8857, 36.146 ], [ -114.887, 36.1452 ], [ -114.8892, 36.1426 ], [ -114.8915, 36.1409 ], [ -114.894, 36.1399 ], [ -114.8984, 36.139 ], [ -114.9027, 36.1369 ], [ -114.9077, 36.135 ], [ -114.9083, 36.1336 ], [ -114.9073, 36.1299 ], [ -114.9035, 36.1251 ], [ -114.9049, 36.1222 ], [ -114.9063, 36.1218 ], [ -114.9062, 36.1257 ], [ -114.9085, 36.1257 ], [ -114.9085, 36.1266 ], [ -114.912, 36.1266 ], [ -114.9118, 36.1303 ], [ -114.9395, 36.1303 ], [ -114.9399, 36.1157 ], [ -114.9396, 36.1047 ], [ -114.9378, 36.1047 ], [ -114.9377, 36.102 ], [ -114.9415, 36.1016 ], [ -114.9461, 36.0975 ], [ -114.9478, 36.097 ], [ -114.95, 36.0957 ], [ -114.9567, 36.0948 ], [ -114.965, 36.093 ], [ -114.9726, 36.0902 ], [ -114.9761, 36.0897 ], [ -114.9775, 36.0898 ], [ -114.9796, 36.0888 ], [ -114.9826, 36.0883 ], [ -114.9891, 36.0883 ], [ -114.9963, 36.0896 ], [ -115.0008, 36.0917 ], [ -115.0029, 36.0915 ], [ -115.0046, 36.0922 ], [ -115.0051, 36.0935 ], [ -115.0059, 36.0941 ], [ -115.0081, 36.0941 ], [ -115.0109, 36.0951 ], [ -115.0139, 36.0957 ], [ -115.0148, 36.0974 ], [ -115.0168, 36.0994 ], [ -115.0173, 36.1005 ], [ -115.018, 36.1042 ], [ -115.0189, 36.1047 ], [ -115.0195, 36.1055 ], [ -115.0201, 36.1056 ], [ -115.0235, 36.1091 ], [ -115.0252, 36.1095 ], [ -115.0264, 36.1109 ], [ -115.0288, 36.1152 ], [ -115.0294, 36.1178 ], [ -115.0292, 36.1588 ] ] ] } },
{ "type": "Feature", "properties": { "GEOIDFQ": "1400000US32003003314", "NAME": "33.14", "NAMELSAD": "Census Tract 33.14" }, "geometry": { "type": "Polygon", "coordinates": [ [ [ -115.2071, 36.3353 ], [ -115.2072, 36.3171 ], [ -115.2158, 36.3168 ], [ -115.2159, 36.3204 ], [ -115.2247, 36.3203 ], [ -115.2245, 36.3164 ], [ -115.2312, 36.3167 ], [ -115.231, 36.3108 ], [ -115.2333, 36.3109 ], [ -115.2332, 36.3089 ], [ -115.2377, 36.309 ], [ -115.2378, 36.3129 ], [ -115.2421, 36.3131 ], [ -115.2422, 36.3125 ], [ -115.2449, 36.3123 ], [ -115.2489, 36.3111 ], [ -115.253, 36.3129 ], [ -115.2572, 36.3136 ], [ -115.2584, 36.3141 ], [ -115.26, 36.312 ], [ -115.2601, 36.3092 ], [ -115.2786, 36.3102 ], [ -115.2786, 36.336 ], [ -115.2071, 36.3353 ] ] ] } },
{ "type": "Feature", "properties": { "GEOIDFQ": "1400000US32003003620", "NAME": "36.20", "NAMELSAD": "Census Tract 36.20" }, "geometry": { "type": "Polygon", "coordinates": [ [ [ -115.184, 36.2866 ], [ -115.1761, 36.2913 ], [ -115.1717, 36.2925 ], [ -115.1667, 36.2928 ], [ -115.167, 36.2907 ], [ -115.1702, 36.2884 ], [ -115.1711, 36.2871 ], [ -115.171, 36.2769 ], [ -115.1886, 36.2761 ], [ -115.1889, 36.2795 ], [ -115.1906, 36.2814 ], [ -115.184, 36.2866 ] ] ] } },
{ "type": "Feature", "properties": { "GEOIDFQ": "1400000US32003003632", "NAME": "36.32", "NAMELSAD": "Census Tract 36.32" }, "geometry": { "type": "Polygon", "coordinates": [ [ [ -115.1798, 36.2765 ], [ -115.171, 36.2769 ], [ -115.171, 36.2617 ], [ -115.18, 36.2616 ], [ -115.1798, 36.2765 ] ] ] } },
{ "type": "Feature", "properties": { "GEOIDFQ": "1400000US32003005612", "NAME": "56.12", "NAMELSAD": "Census Tract 56.12" }, "geometry": { "type": "Polygon", "coordinates": [ [ [ -114.4521, 36.5497 ], [ -114.445, 36.5451 ], [ -114.4442, 36.5458 ], [ -114.4433, 36.5459 ], [ -114.4432, 36.5471 ], [ -114.4408, 36.5471 ], [ -114.4392, 36.5447 ], [ -114.4375, 36.5453 ], [ -114.4359, 36.5451 ], [ -114.4348, 36.5443 ], [ -114.4349, 36.5432 ], [ -114.4339, 36.5425 ], [ -114.4336, 36.5409 ], [ -114.4321, 36.5405 ], [ -114.4322, 36.5394 ], [ -114.4316, 36.5375 ], [ -114.4299, 36.5364 ], [ -114.4282, 36.5342 ], [ -114.4281, 36.5335 ], [ -114.4407, 36.5333 ], [ -114.4424, 36.5337 ], [ -114.4428, 36.5335 ], [ -114.4446, 36.5342 ], [ -114.4466, 36.5355 ], [ -114.4517, 36.5405 ], [ -114.4542, 36.5442 ], [ -114.4588, 36.5496 ], [ -114.4521, 36.5497 ] ] ] } },
{ "type": "Feature", "properties": { "GEOIDFQ": "1400000US32003002811", "NAME": "28.11", "NAMELSAD": "Census Tract 28.11" }, "geometry": { "type": "Polygon", "coordinates": [ [ [ -115.1182, 36.0423 ], [ -115.1185, 36.0239 ], [ -115.1225, 36.024 ], [ -115.1254, 36.0249 ], [ -115.1282, 36.0264 ], [ -115.1302, 36.0283 ], [ -115.1315, 36.0306 ], [ -115.1334, 36.0368 ], [ -115.1339, 36.0425 ], [ -115.1182, 36.0423 ] ] ] } },
{ "type": "Feature", "properties": { "GEOIDFQ": "1400000US32003002828", "NAME": "28.28", "NAMELSAD": "Census Tract 28.28" }, "geometry": { "type": "Polygon", "coordinates": [ [ [ -115.1724, 36.0424 ], [ -115.1544, 36.0423 ], [ -115.1546, 36.0241 ], [ -115.1723, 36.0247 ], [ -115.1724, 36.0424 ] ] ] } },
{ "type": "Feature", "properties": { "GEOIDFQ": "1400000US32003003315", "NAME": "33.15", "NAMELSAD": "Census Tract 33.15" }, "geometry": { "type": "Polygon", "coordinates": [ [ [ -115.2979, 36.3125 ], [ -115.2966, 36.3135 ], [ -115.2952, 36.3139 ], [ -115.2786, 36.3139 ], [ -115.2786, 36.3084 ], [ -115.2947, 36.3083 ], [ -115.2983, 36.3126 ], [ -115.2979, 36.3125 ] ] ] } },
{ "type": "Feature", "properties": { "GEOIDFQ": "1400000US32003001712", "NAME": "17.12", "NAMELSAD": "Census Tract 17.12" }, "geometry": { "type": "Polygon", "coordinates": [ [ [ -115.1145, 36.1111 ], [ -115.1008, 36.1114 ], [ -115.101, 36.1 ], [ -115.1145, 36.1 ], [ -115.1145, 36.1111 ] ] ] } },
{ "type": "Feature", "properties": { "GEOIDFQ": "1400000US32003003626", "NAME": "36.26", "NAMELSAD": "Census Tract 36.26" }, "geometry": { "type": "Polygon", "coordinates": [ [ [ -115.1339, 36.2323 ], [ -115.1167, 36.2322 ], [ -115.117, 36.2628 ], [ -115.1146, 36.2642 ], [ -115.1121, 36.2676 ], [ -115.1103, 36.2686 ], [ -115.1081, 36.269 ], [ -115.0988, 36.2691 ], [ -115.0989, 36.249 ], [ -115.0981, 36.2487 ], [ -115.1017, 36.2453 ], [ -115.0973, 36.2462 ], [ -115.0957, 36.2455 ], [ -115.1151, 36.2296 ], [ -115.1241, 36.2177 ], [ -115.134, 36.2178 ], [ -115.1339, 36.2323 ] ] ] } },
{ "type": "Feature", "properties": { "GEOIDFQ": "1400000US32003005437", "NAME": "54.37", "NAMELSAD": "Census Tract 54.37" }, "geometry": { "type": "Polygon", "coordinates": [ [ [ -114.9521, 36.0857 ], [ -114.9469, 36.0857 ], [ -114.9472, 36.0886 ], [ -114.9502, 36.0886 ], [ -114.9504, 36.0956 ], [ -114.9461, 36.0975 ], [ -114.9415, 36.1016 ], [ -114.9377, 36.102 ], [ -114.9378, 36.1047 ], [ -114.9396, 36.1047 ], [ -114.9399, 36.1157 ], [ -114.9395, 36.1303 ], [ -114.9118, 36.1303 ], [ -114.912, 36.1266 ], [ -114.9085, 36.1266 ], [ -114.9085, 36.1257 ], [ -114.9062, 36.1257 ], [ -114.9064, 36.1218 ], [ -114.9049, 36.1222 ], [ -114.9052, 36.1174 ], [ -114.9048, 36.1157 ], [ -114.9006, 36.1104 ], [ -114.8994, 36.1099 ], [ -114.9045, 36.0976 ], [ -114.9107, 36.0891 ], [ -114.913, 36.0878 ], [ -114.9196, 36.0858 ], [ -114.928, 36.0827 ], [ -114.9385, 36.0779 ], [ -114.9461, 36.0767 ], [ -114.9513, 36.0752 ], [ -114.9537, 36.074 ], [ -114.9561, 36.0722 ], [ -114.9573, 36.0737 ], [ -114.9581, 36.0868 ], [ -114.9521, 36.0857 ] ] ] } },
{ "type": "Feature", "properties": { "GEOIDFQ": "1400000US32003000518", "NAME": "5.18", "NAMELSAD": "Census Tract 5.18" }, "geometry": { "type": "Polygon", "coordinates": [ [ [ -115.0805, 36.1663 ], [ -115.0802, 36.159 ], [ -115.1055, 36.1589 ], [ -115.1055, 36.1663 ], [ -115.0805, 36.1663 ] ] ] } },
{ "type": "Feature", "properties": { "GEOIDFQ": "1400000US32003001005", "NAME": "10.05", "NAMELSAD": "Census Tract 10.05" }, "geometry": { "type": "Polygon", "coordinates": [ [ [ -115.1925, 36.1761 ], [ -115.1888, 36.1761 ], [ -115.1832, 36.1751 ], [ -115.1742, 36.1752 ], [ -115.1727, 36.1713 ], [ -115.1728, 36.1589 ], [ -115.1925, 36.1591 ], [ -115.1925, 36.1761 ] ] ] } },
{ "type": "Feature", "properties": { "GEOIDFQ": "1400000US32003001607", "NAME": "16.07", "NAMELSAD": "Census Tract 16.07" }, "geometry": { "type": "Polygon", "coordinates": [ [ [ -115.083, 36.1311 ], [ -115.0811, 36.1296 ], [ -115.0654, 36.1296 ], [ -115.0648, 36.1149 ], [ -115.0666, 36.1149 ], [ -115.0837, 36.1303 ], [ -115.083, 36.1311 ] ] ] } },
{ "type": "Feature", "properties": { "GEOIDFQ": "1400000US32003005813", "NAME": "58.13", "NAMELSAD": "Census Tract 58.13" }, "geometry": { "type": "Polygon", "coordinates": [ [ [ -115.2881, 36.1026 ], [ -115.2868, 36.1047 ], [ -115.2882, 36.1073 ], [ -115.288, 36.1149 ], [ -115.279, 36.1149 ], [ -115.2793, 36.1001 ], [ -115.2883, 36.1 ], [ -115.2881, 36.1026 ] ] ] } },
{ "type": "Feature", "properties": { "GEOIDFQ": "1400000US32003006103", "NAME": "61.03", "NAMELSAD": "Census Tract 61.03" }, "geometry": { "type": "Polygon", "coordinates": [ [ [ -115.0225, 36.196 ], [ -115.016, 36.1983 ], [ -115.0067, 36.199 ], [ -115.0084, 36.1965 ], [ -115.0098, 36.196 ], [ -115.0102, 36.1927 ], [ -115.0125, 36.1918 ], [ -115.0125, 36.1883 ], [ -115.0256, 36.1887 ], [ -115.0263, 36.1956 ], [ -115.0225, 36.196 ] ] ] } },
{ "type": "Feature", "properties": { "GEOIDFQ": "1400000US32003006201", "NAME": "62.01", "NAMELSAD": "Census Tract 62.01" }, "geometry": { "type": "Polygon", "coordinates": [ [ [ -115.0622, 36.2183 ], [ -115.0528, 36.2183 ], [ -115.0528, 36.2075 ], [ -115.0529, 36.2072 ], [ -115.0575, 36.2073 ], [ -115.0576, 36.2035 ], [ -115.0437, 36.2035 ], [ -115.0439, 36.1962 ], [ -115.0622, 36.1962 ], [ -115.0622, 36.2183 ] ] ] } },
{ "type": "Feature", "properties": { "GEOIDFQ": "1400000US32031002407", "NAME": "24.07", "NAMELSAD": "Census Tract 24.07" }, "geometry": { "type": "Polygon", "coordinates": [ [ [ -119.8911, 39.5469 ], [ -119.8897, 39.5459 ], [ -119.8857, 39.5443 ], [ -119.8824, 39.5435 ], [ -119.8724, 39.5425 ], [ -119.87, 39.5427 ], [ -119.8652, 39.5419 ], [ -119.8622, 39.5398 ], [ -119.8635, 39.5387 ], [ -119.8644, 39.5372 ], [ -119.8646, 39.5336 ], [ -119.8733, 39.5334 ], [ -119.8744, 39.5329 ], [ -119.8773, 39.5298 ], [ -119.882, 39.5296 ], [ -119.8821, 39.5378 ], [ -119.8832, 39.5386 ], [ -119.8857, 39.539 ], [ -119.8899, 39.5418 ], [ -119.8926, 39.5468 ], [ -119.8911, 39.5469 ] ] ] } },
{ "type": "Feature", "properties": { "GEOIDFQ": "1400000US32031002408", "NAME": "24.08", "NAMELSAD": "Census Tract 24.08" }, "geometry": { "type": "Polygon", "coordinates": [ [ [ -119.8983, 39.5469 ], [ -119.897, 39.5475 ], [ -119.8959, 39.5475 ], [ -119.8937, 39.5466 ], [ -119.8926, 39.5468 ], [ -119.8899, 39.5418 ], [ -119.8858, 39.539 ], [ -119.883, 39.5385 ], [ -119.882, 39.5376 ], [ -119.882, 39.5296 ], [ -119.884, 39.5291 ], [ -119.8892, 39.5256 ], [ -119.8909, 39.5249 ], [ -119.8951, 39.5249 ], [ -119.895, 39.5266 ], [ -119.8933, 39.5297 ], [ -119.8954, 39.534 ], [ -119.8947, 39.5363 ], [ -119.895, 39.5377 ], [ -119.8945, 39.5411 ], [ -119.8987, 39.5458 ], [ -119.8983, 39.5469 ] ] ] } },
{ "type": "Feature", "properties": { "GEOIDFQ": "1400000US32003002937", "NAME": "29.37", "NAMELSAD": "Census Tract 29.37" }, "geometry": { "type": "Polygon", "coordinates": [ [ [ -115.2102, 36.1372 ], [ -115.2102, 36.139 ], [ -115.2124, 36.1389 ], [ -115.2124, 36.1445 ], [ -115.2081, 36.1446 ], [ -115.2081, 36.1263 ], [ -115.2165, 36.1259 ], [ -115.2166, 36.137 ], [ -115.2102, 36.1372 ] ] ] } },
{ "type": "Feature", "properties": { "GEOIDFQ": "1400000US32003002938", "NAME": "29.38", "NAMELSAD": "Census Tract 29.38" }, "geometry": { "type": "Polygon", "coordinates": [ [ [ -115.2124, 36.1445 ], [ -115.2124, 36.1389 ], [ -115.2102, 36.139 ], [ -115.2102, 36.1372 ], [ -115.2166, 36.137 ], [ -115.2165, 36.1259 ], [ -115.2249, 36.1254 ], [ -115.2253, 36.1443 ], [ -115.2124, 36.1445 ] ] ] } },
{ "type": "Feature", "properties": { "GEOIDFQ": "1400000US32003002808", "NAME": "28.08", "NAMELSAD": "Census Tract 28.08" }, "geometry": { "type": "Polygon", "coordinates": [ [ [ -115.1008, 36.0716 ], [ -115.0876, 36.0711 ], [ -115.0876, 36.0705 ], [ -115.0885, 36.0705 ], [ -115.0885, 36.0693 ], [ -115.0894, 36.0694 ], [ -115.0894, 36.0676 ], [ -115.0917, 36.0676 ], [ -115.0916, 36.064 ], [ -115.0962, 36.0641 ], [ -115.096, 36.0605 ], [ -115.1005, 36.0607 ], [ -115.1003, 36.0534 ], [ -115.1093, 36.0533 ], [ -115.1093, 36.0496 ], [ -115.1182, 36.0495 ], [ -115.1187, 36.0716 ], [ -115.1008, 36.0716 ] ] ] } },
{ "type": "Feature", "properties": { "GEOIDFQ": "1400000US32003002810", "NAME": "28.10", "NAMELSAD": "Census Tract 28.10" }, "geometry": { "type": "Polygon", "coordinates": [ [ [ -115.1806, 36.0436 ], [ -115.1772, 36.0435 ], [ -115.1745, 36.0425 ], [ -115.1724, 36.0424 ], [ -115.1723, 36.0284 ], [ -115.1806, 36.0283 ], [ -115.1806, 36.0436 ] ] ] } },
{ "type": "Feature", "properties": { "GEOIDFQ": "1400000US32510000702", "NAME": "7.02", "NAMELSAD": "Census Tract 7.02" }, "geometry": { "type": "Polygon", "coordinates": [ [ [ -119.7683, 39.1419 ], [ -119.7594, 39.1419 ], [ -119.7569, 39.14 ], [ -119.7498, 39.1399 ], [ -119.7478, 39.14 ], [ -119.7472, 39.1405 ], [ -119.7473, 39.1402 ], [ -119.746, 39.1401 ], [ -119.746, 39.1338 ], [ -119.7697, 39.1339 ], [ -119.7683, 39.1419 ] ] ] } },
{ "type": "Feature", "properties": { "GEOIDFQ": "1400000US32019960103", "NAME": "9601.03", "NAMELSAD": "Census Tract 9601.03" }, "geometry": { "type": "Polygon", "coordinates": [ [ [ -119.2573, 39.6513 ], [ -119.1893, 39.6514 ], [ -119.1893, 39.6368 ], [ -119.1927, 39.6368 ], [ -119.1907, 39.6318 ], [ -119.1867, 39.6353 ], [ -119.1834, 39.6395 ], [ -119.1814, 39.644 ], [ -119.1803, 39.6497 ], [ -119.1786, 39.652 ], [ -119.1755, 39.6534 ], [ -119.1653, 39.6545 ], [ -119.1608, 39.6561 ], [ -119.1149, 39.6875 ], [ -119.1093, 39.6924 ], [ -119.1013, 39.7021 ], [ -119.0634, 39.7371 ], [ -119.0586, 39.7371 ], [ -119.0586, 39.7299 ], [ -119.068, 39.7299 ], [ -119.068, 39.7226 ], [ -119.0771, 39.7226 ], [ -119.0771, 39.6368 ], [ -119.0891, 39.6368 ], [ -119.09, 39.5703 ], [ -119.1145, 39.5846 ], [ -119.1202, 39.587 ], [ -119.1261, 39.5887 ], [ -119.2175, 39.6011 ], [ -119.2239, 39.6026 ], [ -119.2269, 39.6038 ], [ -119.2284, 39.6037 ], [ -119.2436, 39.6075 ], [ -119.2615, 39.6079 ], [ -119.2636, 39.609 ], [ -119.2649, 39.6106 ], [ -119.2652, 39.6184 ], [ -119.2664, 39.6214 ], [ -119.2684, 39.6236 ], [ -119.2734, 39.6274 ], [ -119.2573, 39.6513 ] ] ] } },
{ "type": "Feature", "properties": { "GEOIDFQ": "1400000US32019960303", "NAME": "9603.03", "NAMELSAD": "Census Tract 9603.03" }, "geometry": { "type": "Polygon", "coordinates": [ [ [ -119.6434, 39.1985 ], [ -119.6419, 39.1989 ], [ -119.637, 39.1992 ], [ -119.6358, 39.199 ], [ -119.6337, 39.1993 ], [ -119.6332, 39.1995 ], [ -119.6337, 39.1996 ], [ -119.6335, 39.2002 ], [ -119.6322, 39.201 ], [ -119.6284, 39.2003 ], [ -119.6265, 39.1991 ], [ -119.6238, 39.199 ], [ -119.6223, 39.2004 ], [ -119.622, 39.2021 ], [ -119.6208, 39.2034 ], [ -119.6181, 39.205 ], [ -119.615, 39.2059 ], [ -119.6133, 39.2114 ], [ -119.6111, 39.2129 ], [ -119.6072, 39.2165 ], [ -119.6047, 39.2178 ], [ -119.5998, 39.2182 ], [ -119.5964, 39.2199 ], [ -119.5956, 39.2217 ], [ -119.5956, 39.2235 ], [ -119.5944, 39.2249 ], [ -119.5923, 39.2256 ], [ -119.592, 39.2276 ], [ -119.5895, 39.2319 ], [ -119.5895, 39.2326 ], [ -119.5879, 39.2344 ], [ -119.5879, 39.2398 ], [ -119.5856, 39.2438 ], [ -119.5839, 39.2458 ], [ -119.5864, 39.2499 ], [ -119.5855, 39.251 ], [ -119.5828, 39.2507 ], [ -119.5815, 39.2516 ], [ -119.5807, 39.2533 ], [ -119.5807, 39.2545 ], [ -119.5818, 39.2555 ], [ -119.5812, 39.2564 ], [ -119.579, 39.2572 ], [ -119.5767, 39.2571 ], [ -119.5762, 39.2575 ], [ -119.5761, 39.259 ], [ -119.5755, 39.2595 ], [ -119.5743, 39.2593 ], [ -119.5719, 39.2577 ], [ -119.5709, 39.2578 ], [ -119.5689, 39.2587 ], [ -119.5663, 39.2604 ], [ -119.5657, 39.2626 ], [ -119.5632, 39.2627 ], [ -119.5593, 39.2646 ], [ -119.5592, 39.2675 ], [ -119.5583, 39.2686 ], [ -119.5565, 39.2697 ], [ -119.5552, 39.2691 ], [ -119.5543, 39.2681 ], [ -119.5517, 39.2681 ], [ -119.5511, 39.2688 ], [ -119.5515, 39.2696 ], [ -119.5513, 39.27 ], [ -119.5489, 39.2704 ], [ -119.5486, 39.2714 ], [ -119.5493, 39.273 ], [ -119.5489, 39.2742 ], [ -119.5477, 39.2751 ], [ -119.5462, 39.2751 ], [ -119.5457, 39.2768 ], [ -119.5451, 39.2771 ], [ -119.5432, 39.2762 ], [ -119.5409, 39.2769 ], [ -119.54, 39.2765 ], [ -119.5388, 39.2765 ], [ -119.5388, 39.2781 ], [ -119.5379, 39.2788 ], [ -119.5375, 39.2805 ], [ -119.5358, 39.2819 ], [ -119.5336, 39.2825 ], [ -119.5327, 39.2823 ], [ -119.5315, 39.2814 ], [ -119.5288, 39.2821 ], [ -119.5251, 39.2811 ], [ -119.5245, 39.2819 ], [ -119.5251, 39.2837 ], [ -119.5242, 39.2847 ], [ -119.5207, 39.2844 ], [ -119.5162, 39.2833 ], [ -119.5149, 39.2834 ], [ -119.5135, 39.2845 ], [ -119.5141, 39.2865 ], [ -119.5135, 39.2874 ], [ -119.5096, 39.2867 ], [ -119.5072, 39.2886 ], [ -119.5059, 39.2886 ], [ -119.504, 39.2895 ], [ -119.5021, 39.2893 ], [ -119.5006, 39.2917 ], [ -119.499, 39.293 ], [ -119.498, 39.2929 ], [ -119.4967, 39.2919 ], [ -119.496, 39.2919 ], [ -119.4952, 39.2924 ], [ -119.4941, 39.2946 ], [ -119.4914, 39.2961 ], [ -119.4874, 39.2969 ], [ -119.4862, 39.2967 ], [ -119.4849, 39.2956 ], [ -119.4846, 39.2942 ], [ -119.4804, 39.2941 ], [ -119.4785, 39.2935 ], [ -119.4758, 39.294 ], [ -119.4747, 39.293 ], [ -119.4729, 39.2922 ], [ -119.4694, 39.2926 ], [ -119.4673, 39.2905 ], [ -119.4631, 39.2918 ], [ -119.4613, 39.2903 ], [ -119.4602, 39.2903 ], [ -119.458, 39.2919 ], [ -119.4572, 39.2911 ], [ -119.4578, 39.2907 ], [ -119.4575, 39.2887 ], [ -119.4564, 39.288 ], [ -119.4555, 39.2861 ], [ -119.4547, 39.2859 ], [ -119.4497, 39.286 ], [ -119.4463, 39.2877 ], [ -119.4439, 39.2885 ], [ -119.4413, 39.2878 ], [ -119.4389, 39.2878 ], [ -119.4365, 39.2874 ], [ -119.4315, 39.288 ], [ -119.4282, 39.2864 ], [ -119.4255, 39.2843 ], [ -119.4245, 39.2841 ], [ -119.4212, 39.2847 ], [ -119.4199, 39.2847 ], [ -119.4164, 39.2829 ], [ -119.4022, 39.2777 ], [ -119.4014, 39.2762 ], [ -119.4033, 39.2721 ], [ -119.4041, 39.2683 ], [ -119.4035, 39.2679 ], [ -119.4027, 39.2684 ], [ -119.4003, 39.2684 ], [ -119.3986, 39.2666 ], [ -119.3978, 39.2662 ], [ -119.3973, 39.2652 ], [ -119.398, 39.2646 ], [ -119.3991, 39.2642 ], [ -119.399, 39.263 ], [ -119.398, 39.2624 ], [ -119.3967, 39.2627 ], [ -119.3951, 39.2614 ], [ -119.3934, 39.2622 ], [ -119.3905, 39.2607 ], [ -119.3853, 39.2602 ], [ -119.3789, 39.2604 ], [ -119.377, 39.26 ], [ -119.3718, 39.2545 ], [ -119.3667, 39.2537 ], [ -119.3609, 39.2514 ], [ -119.3589, 39.2499 ], [ -119.3563, 39.247 ], [ -119.3551, 39.2462 ], [ -119.3492, 39.2437 ], [ -119.347, 39.2425 ], [ -119.3448, 39.242 ], [ -119.3422, 39.2407 ], [ -119.3374, 39.2391 ], [ -119.3358, 39.238 ], [ -119.3342, 39.2361 ], [ -119.3326, 39.2327 ], [ -119.332, 39.2322 ], [ -119.3309, 39.2323 ], [ -119.3303, 39.2319 ], [ -119.3313, 39.2286 ], [ -119.3305, 39.2249 ], [ -119.329, 39.2215 ], [ -119.3295, 39.2201 ], [ -119.3291, 39.2194 ], [ -119.3273, 39.2192 ], [ -119.3259, 39.2194 ], [ -119.3247, 39.2202 ], [ -119.3233, 39.2201 ], [ -119.3221, 39.2196 ], [ -119.3181, 39.2169 ], [ -119.3161, 39.2143 ], [ -119.3158, 39.213 ], [ -119.3149, 39.2118 ], [ -119.312, 39.2096 ], [ -119.3106, 39.2055 ], [ -119.3061, 39.2045 ], [ -119.3028, 39.2055 ], [ -119.3012, 39.2052 ], [ -119.2939, 39.2059 ], [ -119.2994, 39.2035 ], [ -119.3058, 39.2015 ], [ -119.3096, 39.1991 ], [ -119.3118, 39.1967 ], [ -119.313, 39.1941 ], [ -119.3147, 39.1922 ], [ -119.3147, 39.1916 ], [ -119.3161, 39.1907 ], [ -119.3169, 39.1866 ], [ -119.3161, 39.1852 ], [ -119.316, 39.1842 ], [ -119.3147, 39.1837 ], [ -119.3139, 39.1825 ], [ -119.3136, 39.1801 ], [ -119.3127, 39.1781 ], [ -119.3118, 39.1769 ], [ -119.3091, 39.1743 ], [ -119.3074, 39.171 ], [ -119.3075, 39.17 ], [ -119.3093, 39.1675 ], [ -119.3096, 39.1661 ], [ -119.3068, 39.158 ], [ -119.3069, 39.1499 ], [ -119.308, 39.1472 ], [ -119.3079, 39.1463 ], [ -119.3009, 39.1426 ], [ -119.3115, 39.1361 ], [ -119.3151, 39.1332 ], [ -119.3192, 39.1287 ], [ -119.321, 39.1277 ], [ -119.3219, 39.1263 ], [ -119.325, 39.1243 ], [ -119.3292, 39.1226 ], [ -119.3311, 39.1203 ], [ -119.3375, 39.1159 ], [ -119.34, 39.1148 ], [ -119.3418, 39.1146 ], [ -119.3469, 39.1111 ], [ -119.3534, 39.1085 ], [ -119.3548, 39.1075 ], [ -119.3557, 39.1074 ], [ -119.3568, 39.1078 ], [ -119.3587, 39.107 ], [ -119.3614, 39.1067 ], [ -119.3632, 39.1057 ], [ -119.3671, 39.102 ], [ -119.3723, 39.0996 ], [ -119.3745, 39.0991 ], [ -119.376, 39.0992 ], [ -119.3817, 39.0982 ], [ -119.3844, 39.097 ], [ -119.3857, 39.0958 ], [ -119.3876, 39.0918 ], [ -119.3924, 39.0897 ], [ -119.3948, 39.0881 ], [ -119.3959, 39.0852 ], [ -119.4377, 39.0851 ], [ -119.4874, 39.0859 ], [ -119.5504, 39.0863 ], [ -119.5483, 39.0908 ], [ -119.5499, 39.0917 ], [ -119.5512, 39.0995 ], [ -119.5524, 39.1011 ], [ -119.5533, 39.1011 ], [ -119.5536, 39.1016 ], [ -119.5569, 39.1031 ], [ -119.5574, 39.1047 ], [ -119.5565, 39.1062 ], [ -119.5576, 39.1077 ], [ -119.5574, 39.1093 ], [ -119.5589, 39.1108 ], [ -119.5585, 39.1114 ], [ -119.5586, 39.1123 ], [ -119.5592, 39.1131 ], [ -119.5588, 39.1138 ], [ -119.5592, 39.1147 ], [ -119.5585, 39.1153 ], [ -119.5588, 39.1159 ], [ -119.5579, 39.1164 ], [ -119.5583, 39.1168 ], [ -119.5581, 39.1186 ], [ -119.5587, 39.119 ], [ -119.5588, 39.1207 ], [ -119.5597, 39.1226 ], [ -119.5588, 39.1242 ], [ -119.5597, 39.1263 ], [ -119.5596, 39.128 ], [ -119.5602, 39.1284 ], [ -119.5601, 39.129 ], [ -119.5608, 39.1299 ], [ -119.5606, 39.1305 ], [ -119.5614, 39.132 ], [ -119.5612, 39.1331 ], [ -119.5602, 39.1338 ], [ -119.5613, 39.1369 ], [ -119.5627, 39.1376 ], [ -119.5635, 39.1387 ], [ -119.5668, 39.1398 ], [ -119.5682, 39.1412 ], [ -119.5694, 39.1418 ], [ -119.5714, 39.1444 ], [ -119.5722, 39.1465 ], [ -119.5718, 39.1526 ], [ -119.5723, 39.1531 ], [ -119.5737, 39.1536 ], [ -119.5747, 39.1548 ], [ -119.5726, 39.1574 ], [ -119.5713, 39.1578 ], [ -119.5708, 39.1583 ], [ -119.5711, 39.1595 ], [ -119.5703, 39.1615 ], [ -119.5689, 39.1622 ], [ -119.5677, 39.1646 ], [ -119.5666, 39.1653 ], [ -119.5663, 39.1667 ], [ -119.5652, 39.1683 ], [ -119.5654, 39.1695 ], [ -119.5642, 39.1726 ], [ -119.5647, 39.174 ], [ -119.5629, 39.1746 ], [ -119.5621, 39.1772 ], [ -119.5607, 39.1785 ], [ -119.5602, 39.1812 ], [ -119.561, 39.184 ], [ -119.56, 39.185 ], [ -119.5605, 39.186 ], [ -119.5597, 39.1868 ], [ -119.5599, 39.1881 ], [ -119.5593, 39.1899 ], [ -119.5599, 39.1912 ], [ -119.5617, 39.1926 ], [ -119.5615, 39.1945 ], [ -119.562, 39.1948 ], [ -119.6479, 39.1951 ], [ -119.6484, 39.1953 ], [ -119.6434, 39.1985 ] ] ] } },
{ "type": "Feature", "properties": { "GEOIDFQ": "1400000US32019960301", "NAME": "9603.01", "NAMELSAD": "Census Tract 9603.01" }, "geometry": { "type": "Polygon", "coordinates": [ [ [ -119.6473, 39.2668 ], [ -119.6293, 39.2744 ], [ -119.6287, 39.2724 ], [ -119.6281, 39.2723 ], [ -119.6268, 39.2727 ], [ -119.6262, 39.2722 ], [ -119.6282, 39.2701 ], [ -119.6286, 39.2681 ], [ -119.628, 39.2672 ], [ -119.6281, 39.2667 ], [ -119.6292, 39.266 ], [ -119.6298, 39.2661 ], [ -119.6302, 39.2666 ], [ -119.6296, 39.2677 ], [ -119.6301, 39.2681 ], [ -119.6309, 39.2679 ], [ -119.6318, 39.2655 ], [ -119.6341, 39.2634 ], [ -119.6359, 39.2624 ], [ -119.6354, 39.2616 ], [ -119.6338, 39.2618 ], [ -119.6332, 39.2607 ], [ -119.6337, 39.2595 ], [ -119.6357, 39.2579 ], [ -119.6354, 39.2552 ], [ -119.6346, 39.2539 ], [ -119.6352, 39.2533 ], [ -119.6378, 39.2527 ], [ -119.6383, 39.2521 ], [ -119.6383, 39.2515 ], [ -119.6372, 39.2497 ], [ -119.6372, 39.2464 ], [ -119.639, 39.2423 ], [ -119.6398, 39.2389 ], [ -119.6413, 39.2363 ], [ -119.6449, 39.2328 ], [ -119.6457, 39.2316 ], [ -119.647, 39.2211 ], [ -119.6468, 39.2204 ], [ -119.6443, 39.2211 ], [ -119.6346, 39.2134 ], [ -119.6323, 39.2105 ], [ -119.6331, 39.2095 ], [ -119.6335, 39.2068 ], [ -119.6315, 39.2062 ], [ -119.629, 39.2038 ], [ -119.6266, 39.2024 ], [ -119.626, 39.2015 ], [ -119.625, 39.2012 ], [ -119.6234, 39.2014 ], [ -119.623, 39.201 ], [ -119.6222, 39.201 ], [ -119.6229, 39.1997 ], [ -119.6238, 39.199 ], [ -119.6252, 39.1989 ], [ -119.6265, 39.1991 ], [ -119.6284, 39.2003 ], [ -119.6322, 39.201 ], [ -119.6335, 39.2002 ], [ -119.6337, 39.1996 ], [ -119.6332, 39.1995 ], [ -119.6337, 39.1993 ], [ -119.6358, 39.199 ], [ -119.637, 39.1992 ], [ -119.6419, 39.1989 ], [ -119.6434, 39.1985 ], [ -119.6485, 39.1953 ], [ -119.6825, 39.2093 ], [ -119.7123, 39.2513 ], [ -119.6473, 39.2668 ] ] ] } },
{ "type": "Feature", "properties": { "GEOIDFQ": "1400000US32003003419", "NAME": "34.19", "NAMELSAD": "Census Tract 34.19" }, "geometry": { "type": "Polygon", "coordinates": [ [ [ -115.2444, 36.2034 ], [ -115.2237, 36.2031 ], [ -115.2239, 36.1957 ], [ -115.2444, 36.196 ], [ -115.2444, 36.2034 ] ] ] } },
{ "type": "Feature", "properties": { "GEOIDFQ": "1400000US32003003420", "NAME": "34.20", "NAMELSAD": "Census Tract 34.20" }, "geometry": { "type": "Polygon", "coordinates": [ [ [ -115.2237, 36.2031 ], [ -115.2058, 36.2028 ], [ -115.206, 36.1955 ], [ -115.2239, 36.1957 ], [ -115.2237, 36.2031 ] ] ] } },
{ "type": "Feature", "properties": { "GEOIDFQ": "1400000US32003003421", "NAME": "34.21", "NAMELSAD": "Census Tract 34.21" }, "geometry": { "type": "Polygon", "coordinates": [ [ [ -115.2444, 36.196 ], [ -115.2446, 36.1886 ], [ -115.2601, 36.1888 ], [ -115.2603, 36.1961 ], [ -115.2444, 36.196 ] ] ] } },
{ "type": "Feature", "properties": { "GEOIDFQ": "1400000US32003003227", "NAME": "32.27", "NAMELSAD": "Census Tract 32.27" }, "geometry": { "type": "Polygon", "coordinates": [ [ [ -115.3345, 36.1701 ], [ -115.3303, 36.1691 ], [ -115.3279, 36.1678 ], [ -115.3264, 36.1674 ], [ -115.3231, 36.1676 ], [ -115.3196, 36.1671 ], [ -115.3152, 36.168 ], [ -115.3141, 36.1589 ], [ -115.3371, 36.159 ], [ -115.3375, 36.1701 ], [ -115.3345, 36.1701 ] ] ] } },
{ "type": "Feature", "properties": { "GEOIDFQ": "1400000US32003003306", "NAME": "33.06", "NAMELSAD": "Census Tract 33.06" }, "geometry": { "type": "Polygon", "coordinates": [ [ [ -115.2255, 36.261 ], [ -115.2164, 36.2611 ], [ -115.2072, 36.2616 ], [ -115.2076, 36.2467 ], [ -115.2256, 36.2465 ], [ -115.2255, 36.261 ] ] ] } },
{ "type": "Feature", "properties": { "GEOIDFQ": "1400000US32003003408", "NAME": "34.08", "NAMELSAD": "Census Tract 34.08" }, "geometry": { "type": "Polygon", "coordinates": [ [ [ -115.2604, 36.2478 ], [ -115.2466, 36.2479 ], [ -115.2468, 36.233 ], [ -115.2607, 36.2333 ], [ -115.2604, 36.2478 ] ] ] } },
{ "type": "Feature", "properties": { "GEOIDFQ": "1400000US32003003409", "NAME": "34.09", "NAMELSAD": "Census Tract 34.09" }, "geometry": { "type": "Polygon", "coordinates": [ [ [ -115.2466, 36.2479 ], [ -115.2401, 36.2477 ], [ -115.2327, 36.2396 ], [ -115.2338, 36.2397 ], [ -115.2339, 36.2323 ], [ -115.2421, 36.233 ], [ -115.2468, 36.233 ], [ -115.2466, 36.2479 ] ] ] } },
{ "type": "Feature", "properties": { "GEOIDFQ": "1400000US32003003412", "NAME": "34.12", "NAMELSAD": "Census Tract 34.12" }, "geometry": { "type": "Polygon", "coordinates": [ [ [ -115.2468, 36.233 ], [ -115.2421, 36.233 ], [ -115.2339, 36.2323 ], [ -115.234, 36.2175 ], [ -115.242, 36.2182 ], [ -115.2467, 36.2182 ], [ -115.2468, 36.233 ] ] ] } },
{ "type": "Feature", "properties": { "GEOIDFQ": "1400000US32003003413", "NAME": "34.13", "NAMELSAD": "Census Tract 34.13" }, "geometry": { "type": "Polygon", "coordinates": [ [ [ -115.2338, 36.2397 ], [ -115.2326, 36.2395 ], [ -115.2122, 36.2171 ], [ -115.2256, 36.2168 ], [ -115.234, 36.2175 ], [ -115.2338, 36.2397 ] ] ] } },
{ "type": "Feature", "properties": { "GEOIDFQ": "1400000US32003003414", "NAME": "34.14", "NAMELSAD": "Census Tract 34.14" }, "geometry": { "type": "Polygon", "coordinates": [ [ [ -115.2255, 36.239 ], [ -115.2076, 36.2388 ], [ -115.2075, 36.2173 ], [ -115.2122, 36.2171 ], [ -115.2327, 36.2396 ], [ -115.2255, 36.239 ] ] ] } },
{ "type": "Feature", "properties": { "GEOIDFQ": "1400000US32003003415", "NAME": "34.15", "NAMELSAD": "Census Tract 34.15" }, "geometry": { "type": "Polygon", "coordinates": [ [ [ -115.2604, 36.2183 ], [ -115.2423, 36.2182 ], [ -115.2423, 36.2108 ], [ -115.2247, 36.2099 ], [ -115.2237, 36.2031 ], [ -115.2607, 36.2035 ], [ -115.2604, 36.2183 ] ] ] } },
{ "type": "Feature", "properties": { "GEOIDFQ": "1400000US32031001015", "NAME": "10.15", "NAMELSAD": "Census Tract 10.15" }, "geometry": { "type": "Polygon", "coordinates": [ [ [ -119.8428, 39.4783 ], [ -119.8397, 39.4785 ], [ -119.834, 39.4836 ], [ -119.8299, 39.4897 ], [ -119.8283, 39.4912 ], [ -119.8261, 39.4979 ], [ -119.8226, 39.4994 ], [ -119.821, 39.5005 ], [ -119.8172, 39.5007 ], [ -119.8172, 39.5055 ], [ -119.8072, 39.5056 ], [ -119.8071, 39.504 ], [ -119.8085, 39.5 ], [ -119.8097, 39.4985 ], [ -119.8126, 39.4984 ], [ -119.8126, 39.4869 ], [ -119.8131, 39.4855 ], [ -119.8131, 39.4832 ], [ -119.8079, 39.484 ], [ -119.8079, 39.4765 ], [ -119.8251, 39.4779 ], [ -119.8293, 39.4777 ], [ -119.8321, 39.4765 ], [ -119.8349, 39.4744 ], [ -119.8368, 39.474 ], [ -119.8382, 39.4742 ], [ -119.8423, 39.4758 ], [ -119.8444, 39.4773 ], [ -119.8428, 39.4783 ] ] ] } },
{ "type": "Feature", "properties": { "GEOIDFQ": "1400000US32031003308", "NAME": "33.08", "NAMELSAD": "Census Tract 33.08" }, "geometry": { "type": "Polygon", "coordinates": [ [ [ -119.9571, 39.2731 ], [ -119.9568, 39.2875 ], [ -119.9381, 39.2875 ], [ -119.9382, 39.2977 ], [ -119.9385, 39.2988 ], [ -119.9383, 39.3055 ], [ -119.9197, 39.3055 ], [ -119.9195, 39.3014 ], [ -119.9207, 39.3 ], [ -119.9224, 39.2958 ], [ -119.9255, 39.2917 ], [ -119.9264, 39.2889 ], [ -119.9278, 39.2877 ], [ -119.9331, 39.2856 ], [ -119.9345, 39.2837 ], [ -119.9332, 39.2724 ], [ -119.9323, 39.2704 ], [ -119.9301, 39.2676 ], [ -119.9299, 39.2653 ], [ -119.9291, 39.2638 ], [ -119.9294, 39.2631 ], [ -119.9305, 39.2626 ], [ -119.9316, 39.263 ], [ -119.9321, 39.2655 ], [ -119.9329, 39.2668 ], [ -119.9365, 39.2689 ], [ -119.9416, 39.2736 ], [ -119.9438, 39.2745 ], [ -119.9463, 39.2745 ], [ -119.9484, 39.2735 ], [ -119.9504, 39.2714 ], [ -119.953, 39.2694 ], [ -119.9541, 39.2668 ], [ -119.9557, 39.2649 ], [ -119.9583, 39.2601 ], [ -119.9605, 39.2576 ], [ -119.9635, 39.256 ], [ -119.9708, 39.2538 ], [ -119.973, 39.252 ], [ -119.9732, 39.2514 ], [ -119.977, 39.2508 ], [ -119.9767, 39.2505 ], [ -119.9741, 39.2508 ], [ -119.9717, 39.2507 ], [ -119.9706, 39.2501 ], [ -119.969, 39.2501 ], [ -119.9696, 39.2488 ], [ -119.9683, 39.2477 ], [ -119.9693, 39.2471 ], [ -119.9697, 39.2461 ], [ -119.9723, 39.2474 ], [ -119.9757, 39.2483 ], [ -119.9771, 39.2484 ], [ -119.9791, 39.2477 ], [ -119.9823, 39.2485 ], [ -119.9872, 39.2485 ], [ -119.9915, 39.2489 ], [ -119.993, 39.2486 ], [ -119.9954, 39.2474 ], [ -119.9971, 39.2455 ], [ -119.999, 39.2414 ], [ -119.9987, 39.2396 ], [ -120.0005, 39.2348 ], [ -120.0004, 39.2332 ], [ -120.0016, 39.2327 ], [ -120.0016, 39.2323 ], [ -120.0007, 39.2317 ], [ -120.0004, 39.2297 ], [ -120.0015, 39.229 ], [ -120.0018, 39.225 ], [ -120.0015, 39.2211 ], [ -120.0026, 39.2207 ], [ -120.0056, 39.2226 ], [ -120.0057, 39.244 ], [ -120.0065, 39.2729 ], [ -119.9571, 39.2731 ] ] ] } },
{ "type": "Feature", "properties": { "GEOIDFQ": "1400000US32031980300", "NAME": "9803", "NAMELSAD": "Census Tract 9803" }, "geometry": { "type": "Polygon", "coordinates": [ [ [ -120.0061, 39.3741 ], [ -120.0031, 39.4632 ], [ -120.002, 39.4641 ], [ -120.0004, 39.4664 ], [ -119.9991, 39.4674 ], [ -119.9987, 39.4685 ], [ -119.9958, 39.4701 ], [ -119.994, 39.4714 ], [ -119.9927, 39.4743 ], [ -119.9929, 39.4772 ], [ -119.992, 39.4784 ], [ -119.9913, 39.4807 ], [ -119.9919, 39.4808 ], [ -119.9912, 39.482 ], [ -119.9895, 39.482 ], [ -119.9881, 39.4815 ], [ -119.9878, 39.48 ], [ -119.9875, 39.48 ], [ -119.9875, 39.4786 ], [ -119.9827, 39.4787 ], [ -119.9825, 39.4808 ], [ -119.9804, 39.4794 ], [ -119.9797, 39.4793 ], [ -119.9823, 39.4784 ], [ -119.983, 39.4777 ], [ -119.982, 39.4759 ], [ -119.9832, 39.4744 ], [ -119.9828, 39.4745 ], [ -119.9826, 39.4739 ], [ -119.9826, 39.4725 ], [ -119.9811, 39.4719 ], [ -119.9804, 39.4712 ], [ -119.9808, 39.4703 ], [ -119.9806, 39.4693 ], [ -119.9792, 39.4695 ], [ -119.9782, 39.4683 ], [ -119.9781, 39.4727 ], [ -119.9734, 39.4728 ], [ -119.9727, 39.4909 ], [ -119.973, 39.4978 ], [ -119.8999, 39.4972 ], [ -119.8997, 39.4906 ], [ -119.8959, 39.4909 ], [ -119.8957, 39.4871 ], [ -119.8913, 39.4871 ], [ -119.891, 39.4763 ], [ -119.8728, 39.4761 ], [ -119.8722, 39.4702 ], [ -119.8726, 39.4689 ], [ -119.8725, 39.4616 ], [ -119.854, 39.4617 ], [ -119.8538, 39.4525 ], [ -119.8457, 39.4524 ], [ -119.8452, 39.3823 ], [ -119.8451, 39.3743 ], [ -119.8446, 39.3719 ], [ -119.8467, 39.3696 ], [ -119.8522, 39.3606 ], [ -119.8639, 39.3605 ], [ -119.8642, 39.3514 ], [ -119.8639, 39.3459 ], [ -119.8684, 39.3458 ], [ -119.8683, 39.3422 ], [ -119.8822, 39.342 ], [ -119.8824, 39.3308 ], [ -119.8907, 39.3311 ], [ -119.8915, 39.3308 ], [ -119.8916, 39.3289 ], [ -119.893, 39.3241 ], [ -119.8966, 39.3199 ], [ -119.8977, 39.3197 ], [ -119.8986, 39.32 ], [ -119.9009, 39.3226 ], [ -119.9018, 39.3227 ], [ -119.9026, 39.3223 ], [ -119.9028, 39.3214 ], [ -119.9016, 39.3193 ], [ -119.9015, 39.3186 ], [ -119.9041, 39.3166 ], [ -119.9041, 39.3156 ], [ -119.903, 39.315 ], [ -119.9005, 39.3153 ], [ -119.8978, 39.3143 ], [ -119.897, 39.3133 ], [ -119.8976, 39.3123 ], [ -119.9019, 39.31 ], [ -119.9061, 39.309 ], [ -119.9109, 39.3064 ], [ -119.9147, 39.3048 ], [ -119.9195, 39.3014 ], [ -119.9197, 39.3055 ], [ -119.9383, 39.3055 ], [ -119.9385, 39.2988 ], [ -119.9382, 39.2977 ], [ -119.9381, 39.2875 ], [ -119.9568, 39.2875 ], [ -119.9571, 39.2731 ], [ -120.0065, 39.2729 ], [ -120.0061, 39.3741 ] ] ] } },
{ "type": "Feature", "properties": { "GEOIDFQ": "1400000US32031002302", "NAME": "23.02", "NAMELSAD": "Census Tract 23.02" }, "geometry": { "type": "Polygon", "coordinates": [ [ [ -120.0017, 39.5306 ], [ -120.0019, 39.5487 ], [ -119.9917, 39.5488 ], [ -119.9941, 39.5632 ], [ -119.9563, 39.5631 ], [ -119.9563, 39.5666 ], [ -119.9517, 39.5666 ], [ -119.9515, 39.5702 ], [ -119.9439, 39.5701 ], [ -119.9437, 39.5694 ], [ -119.9443, 39.5666 ], [ -119.9474, 39.5629 ], [ -119.9481, 39.5615 ], [ -119.9489, 39.5608 ], [ -119.952, 39.5597 ], [ -119.9544, 39.5573 ], [ -119.9544, 39.5555 ], [ -119.9555, 39.5542 ], [ -119.9555, 39.5525 ], [ -119.9565, 39.5516 ], [ -119.9562, 39.5494 ], [ -119.9548, 39.5493 ], [ -119.9561, 39.5492 ], [ -119.9553, 39.5486 ], [ -119.9551, 39.5478 ], [ -119.9557, 39.5449 ], [ -119.9567, 39.5436 ], [ -119.9578, 39.5411 ], [ -119.9603, 39.5381 ], [ -119.9602, 39.537 ], [ -119.961, 39.5368 ], [ -119.9621, 39.5353 ], [ -119.9626, 39.5328 ], [ -119.9641, 39.5316 ], [ -119.9643, 39.5278 ], [ -119.9649, 39.5265 ], [ -119.9646, 39.5259 ], [ -119.9624, 39.5253 ], [ -119.9608, 39.5242 ], [ -119.9599, 39.5231 ], [ -119.9603, 39.5212 ], [ -119.958, 39.5182 ], [ -119.9495, 39.5131 ], [ -119.9484, 39.5119 ], [ -119.9418, 39.5099 ], [ -119.9383, 39.5097 ], [ -119.9354, 39.5102 ], [ -119.9289, 39.5129 ], [ -119.9238, 39.5155 ], [ -119.9218, 39.516 ], [ -119.9193, 39.5159 ], [ -119.9087, 39.5134 ], [ -119.9041, 39.5132 ], [ -119.9004, 39.5137 ], [ -119.9004, 39.5109 ], [ -119.8985, 39.5099 ], [ -119.8959, 39.5094 ], [ -119.8966, 39.5093 ], [ -119.8967, 39.5076 ], [ -119.8936, 39.5072 ], [ -119.8932, 39.5051 ], [ -119.8913, 39.5046 ], [ -119.8903, 39.5038 ], [ -119.8897, 39.5039 ], [ -119.8894, 39.503 ], [ -119.8896, 39.5019 ], [ -119.8917, 39.4986 ], [ -119.8918, 39.4975 ], [ -119.8959, 39.4927 ], [ -119.8997, 39.4906 ], [ -119.8999, 39.4972 ], [ -119.973, 39.4978 ], [ -119.9727, 39.4909 ], [ -119.9734, 39.4728 ], [ -119.9781, 39.4727 ], [ -119.9782, 39.4683 ], [ -119.9792, 39.4695 ], [ -119.9806, 39.4693 ], [ -119.9808, 39.4703 ], [ -119.9804, 39.4712 ], [ -119.9811, 39.4719 ], [ -119.9826, 39.4725 ], [ -119.9826, 39.4739 ], [ -119.9828, 39.4745 ], [ -119.9832, 39.4744 ], [ -119.982, 39.4759 ], [ -119.983, 39.4777 ], [ -119.9823, 39.4784 ], [ -119.9797, 39.4793 ], [ -119.9804, 39.4794 ], [ -119.9825, 39.4808 ], [ -119.9827, 39.4787 ], [ -119.9875, 39.4786 ], [ -119.9875, 39.48 ], [ -119.9878, 39.48 ], [ -119.9881, 39.4815 ], [ -119.9895, 39.482 ], [ -119.9912, 39.482 ], [ -119.9919, 39.4808 ], [ -119.9913, 39.4807 ], [ -119.992, 39.4784 ], [ -119.9929, 39.4772 ], [ -119.9927, 39.4743 ], [ -119.994, 39.4714 ], [ -119.9958, 39.4701 ], [ -119.9987, 39.4685 ], [ -119.9991, 39.4674 ], [ -120.0004, 39.4664 ], [ -120.0024, 39.4636 ], [ -120.0031, 39.4632 ], [ -120.0017, 39.5306 ] ] ] } },
{ "type": "Feature", "properties": { "GEOIDFQ": "1400000US32031001012", "NAME": "10.12", "NAMELSAD": "Census Tract 10.12" }, "geometry": { "type": "Polygon", "coordinates": [ [ [ -119.8079, 39.4615 ], [ -119.8059, 39.4625 ], [ -119.8056, 39.4636 ], [ -119.8057, 39.4649 ], [ -119.8062, 39.466 ], [ -119.8062, 39.4678 ], [ -119.8079, 39.4686 ], [ -119.8079, 39.4765 ], [ -119.7892, 39.4769 ], [ -119.7736, 39.4451 ], [ -119.7697, 39.4393 ], [ -119.7705, 39.4389 ], [ -119.7764, 39.4315 ], [ -119.7843, 39.428 ], [ -119.7857, 39.4283 ], [ -119.787, 39.4296 ], [ -119.7892, 39.4297 ], [ -119.7894, 39.4403 ], [ -119.7934, 39.4404 ], [ -119.7983, 39.4424 ], [ -119.7992, 39.4438 ], [ -119.8081, 39.444 ], [ -119.8079, 39.4615 ] ] ] } },
{ "type": "Feature", "properties": { "GEOIDFQ": "1400000US32031001013", "NAME": "10.13", "NAMELSAD": "Census Tract 10.13" }, "geometry": { "type": "Polygon", "coordinates": [ [ [ -119.8512, 39.4542 ], [ -119.85, 39.4553 ], [ -119.8495, 39.4569 ], [ -119.8476, 39.4584 ], [ -119.8456, 39.4593 ], [ -119.8398, 39.4604 ], [ -119.8375, 39.4626 ], [ -119.8333, 39.4651 ], [ -119.8264, 39.4652 ], [ -119.8247, 39.4646 ], [ -119.8185, 39.465 ], [ -119.8179, 39.4653 ], [ -119.8175, 39.4661 ], [ -119.8129, 39.4674 ], [ -119.8107, 39.4691 ], [ -119.8079, 39.4693 ], [ -119.8079, 39.4685 ], [ -119.8065, 39.4681 ], [ -119.8061, 39.4677 ], [ -119.8062, 39.466 ], [ -119.8057, 39.4649 ], [ -119.8056, 39.4636 ], [ -119.8059, 39.4625 ], [ -119.8079, 39.4613 ], [ -119.8081, 39.444 ], [ -119.7992, 39.4438 ], [ -119.7983, 39.4424 ], [ -119.7934, 39.4404 ], [ -119.7894, 39.4403 ], [ -119.7892, 39.4297 ], [ -119.7879, 39.4297 ], [ -119.7884, 39.4267 ], [ -119.7877, 39.4242 ], [ -119.7871, 39.4238 ], [ -119.7879, 39.4159 ], [ -119.7904, 39.4122 ], [ -119.7903, 39.4065 ], [ -119.7909, 39.4037 ], [ -119.7926, 39.4018 ], [ -119.7933, 39.4003 ], [ -119.7931, 39.3989 ], [ -119.7919, 39.397 ], [ -119.7919, 39.3951 ], [ -119.7907, 39.3934 ], [ -119.7907, 39.3918 ], [ -119.7963, 39.3919 ], [ -119.7985, 39.3916 ], [ -119.8166, 39.3845 ], [ -119.8258, 39.3794 ], [ -119.8394, 39.3763 ], [ -119.8411, 39.3753 ], [ -119.8446, 39.3719 ], [ -119.8451, 39.3743 ], [ -119.8452, 39.3823 ], [ -119.8457, 39.4524 ], [ -119.8538, 39.4525 ], [ -119.8538, 39.453 ], [ -119.8512, 39.4542 ] ] ] } },
{ "type": "Feature", "properties": { "GEOIDFQ": "1400000US32019960206", "NAME": "9602.06", "NAMELSAD": "Census Tract 9602.06" }, "geometry": { "type": "Polygon", "coordinates": [ [ [ -119.2541, 39.309 ], [ -119.2529, 39.3116 ], [ -119.2489, 39.3192 ], [ -119.2423, 39.3296 ], [ -119.2411, 39.3342 ], [ -119.2408, 39.3391 ], [ -119.2403, 39.3389 ], [ -119.2399, 39.3391 ], [ -119.2216, 39.3392 ], [ -119.2216, 39.3355 ], [ -119.1934, 39.3355 ], [ -119.1929, 39.375 ], [ -119.2196, 39.3753 ], [ -119.2105, 39.4144 ], [ -119.2088, 39.4169 ], [ -119.2, 39.4246 ], [ -119.2054, 39.4232 ], [ -119.225, 39.416 ], [ -119.2228, 39.4318 ], [ -119.2229, 39.4335 ], [ -119.2247, 39.438 ], [ -119.2251, 39.4405 ], [ -119.2227, 39.4609 ], [ -119.2217, 39.4627 ], [ -119.2198, 39.4641 ], [ -119.2106, 39.4673 ], [ -119.2085, 39.4684 ], [ -119.2066, 39.4704 ], [ -119.2057, 39.4731 ], [ -119.2063, 39.4759 ], [ -119.2188, 39.4942 ], [ -119.2244, 39.5078 ], [ -119.2132, 39.5069 ], [ -119.2118, 39.5047 ], [ -119.2103, 39.5043 ], [ -119.1935, 39.5043 ], [ -119.1925, 39.5047 ], [ -119.1816, 39.5058 ], [ -119.1792, 39.5051 ], [ -119.1738, 39.5046 ], [ -119.1636, 39.5017 ], [ -119.1447, 39.5028 ], [ -119.1301, 39.5021 ], [ -119.1225, 39.5032 ], [ -119.1178, 39.5033 ], [ -119.1177, 39.3887 ], [ -119.0997, 39.3879 ], [ -119.0995, 39.3738 ], [ -119.0812, 39.3736 ], [ -119.0809, 39.3594 ], [ -119.0623, 39.3593 ], [ -119.0626, 39.3557 ], [ -119.0623, 39.3446 ], [ -119.0443, 39.3446 ], [ -119.0442, 39.3301 ], [ -119.0255, 39.3301 ], [ -119.0255, 39.3156 ], [ -119.0068, 39.3156 ], [ -119.0068, 39.3 ], [ -118.9878, 39.3 ], [ -118.9877, 39.2855 ], [ -118.965, 39.2855 ], [ -118.965, 39.2707 ], [ -118.9464, 39.2707 ], [ -118.9463, 39.2562 ], [ -118.9278, 39.2562 ], [ -118.9277, 39.2417 ], [ -118.9091, 39.2417 ], [ -118.909, 39.2272 ], [ -118.8907, 39.2272 ], [ -118.8908, 39.1982 ], [ -118.8668, 39.1982 ], [ -118.8667, 39.1853 ], [ -118.8481, 39.1853 ], [ -118.8481, 39.1712 ], [ -118.8733, 39.1705 ], [ -118.8992, 39.167 ], [ -118.9028, 39.1566 ], [ -118.9214, 39.1565 ], [ -118.9215, 39.1493 ], [ -118.9961, 39.1495 ], [ -118.9961, 39.1562 ], [ -119.0134, 39.1562 ], [ -119.0135, 39.1616 ], [ -119.0412, 39.1617 ], [ -119.0411, 39.1649 ], [ -119.1073, 39.1651 ], [ -119.1073, 39.1579 ], [ -119.1021, 39.1579 ], [ -119.1021, 39.1543 ], [ -119.0955, 39.1543 ], [ -119.0955, 39.1537 ], [ -119.0995, 39.1528 ], [ -119.1077, 39.1535 ], [ -119.1088, 39.1538 ], [ -119.1186, 39.1598 ], [ -119.1302, 39.173 ], [ -119.1339, 39.1763 ], [ -119.1397, 39.1785 ], [ -119.1519, 39.1752 ], [ -119.1561, 39.1757 ], [ -119.1596, 39.1756 ], [ -119.1632, 39.1746 ], [ -119.1682, 39.1739 ], [ -119.1745, 39.1714 ], [ -119.1867, 39.1678 ], [ -119.1873, 39.1674 ], [ -119.192, 39.1608 ], [ -119.1949, 39.164 ], [ -119.2026, 39.1706 ], [ -119.2055, 39.1742 ], [ -119.2105, 39.1847 ], [ -119.2135, 39.2014 ], [ -119.2154, 39.207 ], [ -119.2384, 39.2446 ], [ -119.2393, 39.2485 ], [ -119.2392, 39.2638 ], [ -119.2381, 39.2665 ], [ -119.2339, 39.2716 ], [ -119.2332, 39.2741 ], [ -119.2335, 39.2762 ], [ -119.2343, 39.2781 ], [ -119.2358, 39.2798 ], [ -119.2463, 39.2866 ], [ -119.2498, 39.2902 ], [ -119.2514, 39.2934 ], [ -119.2537, 39.2993 ], [ -119.2547, 39.306 ], [ -119.2541, 39.309 ] ] ] } },
{ "type": "Feature", "properties": { "GEOIDFQ": "1400000US32019960106", "NAME": "9601.06", "NAMELSAD": "Census Tract 9601.06" }, "geometry": { "type": "Polygon", "coordinates": [ [ [ -119.2831, 39.6223 ], [ -119.2769, 39.6223 ], [ -119.2734, 39.6274 ], [ -119.268, 39.6232 ], [ -119.2661, 39.6209 ], [ -119.2652, 39.6182 ], [ -119.2651, 39.6113 ], [ -119.2636, 39.609 ], [ -119.262, 39.6081 ], [ -119.2605, 39.6078 ], [ -119.251, 39.6077 ], [ -119.251, 39.5948 ], [ -119.2501, 39.5911 ], [ -119.2462, 39.5914 ], [ -119.2433, 39.5906 ], [ -119.2403, 39.5884 ], [ -119.2353, 39.5825 ], [ -119.2312, 39.5802 ], [ -119.227, 39.5796 ], [ -119.2269, 39.5864 ], [ -119.2258, 39.5864 ], [ -119.2252, 39.5868 ], [ -119.2233, 39.586 ], [ -119.2213, 39.5858 ], [ -119.1643, 39.585 ], [ -119.1409, 39.5799 ], [ -119.1345, 39.58 ], [ -119.1288, 39.5808 ], [ -119.1269, 39.5804 ], [ -119.124, 39.5793 ], [ -119.1138, 39.5776 ], [ -119.1057, 39.5783 ], [ -119.1048, 39.579 ], [ -119.09, 39.5703 ], [ -119.0905, 39.5189 ], [ -119.1178, 39.5189 ], [ -119.1178, 39.5033 ], [ -119.1225, 39.5032 ], [ -119.1301, 39.5021 ], [ -119.1447, 39.5028 ], [ -119.1638, 39.5017 ], [ -119.1738, 39.5046 ], [ -119.1792, 39.5051 ], [ -119.1816, 39.5058 ], [ -119.1925, 39.5047 ], [ -119.1935, 39.5043 ], [ -119.2103, 39.5043 ], [ -119.2118, 39.5047 ], [ -119.2132, 39.5069 ], [ -119.2236, 39.5079 ], [ -119.225, 39.5076 ], [ -119.2272, 39.5078 ], [ -119.2305, 39.5147 ], [ -119.2326, 39.5275 ], [ -119.2348, 39.5323 ], [ -119.2573, 39.5614 ], [ -119.2862, 39.586 ], [ -119.2899, 39.5882 ], [ -119.298, 39.5957 ], [ -119.301, 39.5964 ], [ -119.2831, 39.6223 ] ] ] } },
{ "type": "Feature", "properties": { "GEOIDFQ": "1400000US32019960205", "NAME": "9602.05", "NAMELSAD": "Census Tract 9602.05" }, "geometry": { "type": "Polygon", "coordinates": [ [ [ -119.2397, 39.3464 ], [ -119.225, 39.416 ], [ -119.2054, 39.4232 ], [ -119.2, 39.4246 ], [ -119.2088, 39.4169 ], [ -119.2105, 39.4144 ], [ -119.2196, 39.3753 ], [ -119.1929, 39.375 ], [ -119.1934, 39.3355 ], [ -119.2216, 39.3355 ], [ -119.2216, 39.3392 ], [ -119.2399, 39.3391 ], [ -119.2403, 39.3389 ], [ -119.2407, 39.3396 ], [ -119.2397, 39.3464 ] ] ] } },
{ "type": "Feature", "properties": { "GEOIDFQ": "1400000US32019960204", "NAME": "9602.04", "NAMELSAD": "Census Tract 9602.04" }, "geometry": { "type": "Polygon", "coordinates": [ [ [ -119.4819, 39.3364 ], [ -119.4788, 39.3379 ], [ -119.4772, 39.34 ], [ -119.3677, 39.5 ], [ -119.301, 39.5964 ], [ -119.298, 39.5957 ], [ -119.2899, 39.5882 ], [ -119.2862, 39.586 ], [ -119.2577, 39.5618 ], [ -119.2364, 39.5343 ], [ -119.2348, 39.5323 ], [ -119.2327, 39.5275 ], [ -119.2305, 39.5149 ], [ -119.2273, 39.5079 ], [ -119.2243, 39.5077 ], [ -119.2182, 39.4931 ], [ -119.2063, 39.4759 ], [ -119.2059, 39.4747 ], [ -119.206, 39.4717 ], [ -119.2068, 39.47 ], [ -119.2081, 39.4687 ], [ -119.2106, 39.4673 ], [ -119.2202, 39.4639 ], [ -119.2217, 39.4627 ], [ -119.2228, 39.4607 ], [ -119.2251, 39.4405 ], [ -119.2247, 39.438 ], [ -119.2229, 39.4335 ], [ -119.2228, 39.4312 ], [ -119.2249, 39.4162 ], [ -119.2336, 39.3754 ], [ -119.2687, 39.3754 ], [ -119.2684, 39.4045 ], [ -119.2707, 39.404 ], [ -119.2712, 39.4045 ], [ -119.2865, 39.4043 ], [ -119.287, 39.4039 ], [ -119.2871, 39.3947 ], [ -119.2959, 39.3973 ], [ -119.2998, 39.3957 ], [ -119.3056, 39.3956 ], [ -119.3056, 39.3904 ], [ -119.3151, 39.3901 ], [ -119.3151, 39.3863 ], [ -119.3244, 39.3864 ], [ -119.3244, 39.3833 ], [ -119.3297, 39.3813 ], [ -119.3277, 39.3804 ], [ -119.3271, 39.3795 ], [ -119.3272, 39.3788 ], [ -119.3552, 39.3685 ], [ -119.356, 39.3711 ], [ -119.3551, 39.3716 ], [ -119.3546, 39.3724 ], [ -119.3546, 39.3757 ], [ -119.3538, 39.3767 ], [ -119.3541, 39.379 ], [ -119.3538, 39.3808 ], [ -119.3614, 39.381 ], [ -119.3633, 39.3806 ], [ -119.3646, 39.3799 ], [ -119.3656, 39.3787 ], [ -119.3659, 39.3761 ], [ -119.3753, 39.376 ], [ -119.3753, 39.3755 ], [ -119.3986, 39.3755 ], [ -119.3981, 39.3527 ], [ -119.4689, 39.3266 ], [ -119.4821, 39.3224 ], [ -119.4809, 39.3273 ], [ -119.4809, 39.3291 ], [ -119.4819, 39.3314 ], [ -119.4823, 39.3341 ], [ -119.4819, 39.3364 ] ] ] } },
{ "type": "Feature", "properties": { "GEOIDFQ": "1400000US32019960108", "NAME": "9601.08", "NAMELSAD": "Census Tract 9601.08" }, "geometry": { "type": "Polygon", "coordinates": [ [ [ -119.2072, 39.5918 ], [ -119.204, 39.5918 ], [ -119.2038, 39.5964 ], [ -119.1981, 39.5957 ], [ -119.1974, 39.5984 ], [ -119.1268, 39.5889 ], [ -119.1216, 39.5875 ], [ -119.1167, 39.5856 ], [ -119.1048, 39.579 ], [ -119.1057, 39.5783 ], [ -119.1142, 39.5776 ], [ -119.124, 39.5793 ], [ -119.1269, 39.5804 ], [ -119.1288, 39.5808 ], [ -119.1345, 39.58 ], [ -119.1411, 39.5799 ], [ -119.1643, 39.585 ], [ -119.2074, 39.5856 ], [ -119.2072, 39.5918 ] ] ] } },
{ "type": "Feature", "properties": { "GEOIDFQ": "1400000US32019960304", "NAME": "9603.04", "NAMELSAD": "Census Tract 9603.04" }, "geometry": { "type": "Polygon", "coordinates": [ [ [ -119.6358, 39.2232 ], [ -119.6322, 39.2236 ], [ -119.6184, 39.2223 ], [ -119.6091, 39.2225 ], [ -119.6047, 39.2238 ], [ -119.5963, 39.229 ], [ -119.5916, 39.2329 ], [ -119.5898, 39.2356 ], [ -119.5893, 39.2375 ], [ -119.5882, 39.2504 ], [ -119.5876, 39.2528 ], [ -119.5855, 39.257 ], [ -119.5799, 39.2644 ], [ -119.5753, 39.268 ], [ -119.5214, 39.2996 ], [ -119.5228, 39.3002 ], [ -119.5251, 39.3001 ], [ -119.5515, 39.3043 ], [ -119.5544, 39.3057 ], [ -119.4819, 39.3364 ], [ -119.4822, 39.3329 ], [ -119.4809, 39.3293 ], [ -119.4808, 39.3274 ], [ -119.4821, 39.3224 ], [ -119.4904, 39.3178 ], [ -119.4901, 39.3121 ], [ -119.4876, 39.3026 ], [ -119.4891, 39.3004 ], [ -119.485, 39.2986 ], [ -119.48, 39.295 ], [ -119.4747, 39.2952 ], [ -119.473, 39.2962 ], [ -119.4712, 39.2966 ], [ -119.4668, 39.2967 ], [ -119.4583, 39.2938 ], [ -119.4561, 39.2934 ], [ -119.4569, 39.2913 ], [ -119.4572, 39.2911 ], [ -119.4583, 39.2919 ], [ -119.4595, 39.2907 ], [ -119.4611, 39.2902 ], [ -119.4633, 39.2918 ], [ -119.4673, 39.2905 ], [ -119.4695, 39.2926 ], [ -119.4726, 39.2922 ], [ -119.4747, 39.293 ], [ -119.4758, 39.294 ], [ -119.4785, 39.2935 ], [ -119.4804, 39.2941 ], [ -119.4846, 39.2942 ], [ -119.4849, 39.2956 ], [ -119.4862, 39.2967 ], [ -119.4874, 39.2969 ], [ -119.4899, 39.2966 ], [ -119.4941, 39.2946 ], [ -119.4952, 39.2924 ], [ -119.496, 39.2919 ], [ -119.4967, 39.2919 ], [ -119.498, 39.2929 ], [ -119.499, 39.293 ], [ -119.5006, 39.2917 ], [ -119.5021, 39.2893 ], [ -119.504, 39.2895 ], [ -119.5059, 39.2886 ], [ -119.5072, 39.2886 ], [ -119.5096, 39.2867 ], [ -119.5135, 39.2874 ], [ -119.5141, 39.2865 ], [ -119.5135, 39.2845 ], [ -119.5147, 39.2835 ], [ -119.5162, 39.2833 ], [ -119.5207, 39.2844 ], [ -119.5242, 39.2847 ], [ -119.5251, 39.2837 ], [ -119.5245, 39.2819 ], [ -119.525, 39.2811 ], [ -119.5262, 39.2812 ], [ -119.5288, 39.2821 ], [ -119.5315, 39.2814 ], [ -119.533, 39.2824 ], [ -119.5344, 39.2824 ], [ -119.5363, 39.2817 ], [ -119.5371, 39.281 ], [ -119.5379, 39.2788 ], [ -119.5388, 39.2781 ], [ -119.5388, 39.2765 ], [ -119.54, 39.2765 ], [ -119.5409, 39.2769 ], [ -119.5432, 39.2762 ], [ -119.5448, 39.2771 ], [ -119.5453, 39.2771 ], [ -119.5462, 39.2751 ], [ -119.5477, 39.2751 ], [ -119.5491, 39.2741 ], [ -119.5493, 39.273 ], [ -119.5486, 39.2714 ], [ -119.5489, 39.2704 ], [ -119.5513, 39.27 ], [ -119.5515, 39.2696 ], [ -119.5511, 39.2688 ], [ -119.5517, 39.2681 ], [ -119.5543, 39.2681 ], [ -119.5552, 39.2691 ], [ -119.5565, 39.2697 ], [ -119.5583, 39.2686 ], [ -119.5592, 39.2675 ], [ -119.5593, 39.2646 ], [ -119.5632, 39.2627 ], [ -119.5657, 39.2626 ], [ -119.5663, 39.2604 ], [ -119.5689, 39.2587 ], [ -119.5709, 39.2578 ], [ -119.5719, 39.2577 ], [ -119.5743, 39.2593 ], [ -119.5755, 39.2595 ], [ -119.5761, 39.259 ], [ -119.5762, 39.2575 ], [ -119.5767, 39.2571 ], [ -119.579, 39.2572 ], [ -119.5816, 39.256 ], [ -119.5818, 39.2554 ], [ -119.5807, 39.2543 ], [ -119.5808, 39.2529 ], [ -119.5815, 39.2516 ], [ -119.5828, 39.2507 ], [ -119.5855, 39.251 ], [ -119.5864, 39.2499 ], [ -119.5839, 39.2458 ], [ -119.5856, 39.2438 ], [ -119.5879, 39.2398 ], [ -119.5879, 39.2344 ], [ -119.5895, 39.2326 ], [ -119.5895, 39.2319 ], [ -119.592, 39.2276 ], [ -119.5923, 39.2256 ], [ -119.5944, 39.2249 ], [ -119.5956, 39.2235 ], [ -119.5956, 39.2217 ], [ -119.5964, 39.2199 ], [ -119.5998, 39.2182 ], [ -119.6035, 39.218 ], [ -119.6061, 39.2173 ], [ -119.6111, 39.2129 ], [ -119.6133, 39.2114 ], [ -119.615, 39.2059 ], [ -119.6181, 39.205 ], [ -119.6202, 39.2039 ], [ -119.6218, 39.2025 ], [ -119.6222, 39.201 ], [ -119.623, 39.201 ], [ -119.6234, 39.2014 ], [ -119.625, 39.2012 ], [ -119.626, 39.2015 ], [ -119.6266, 39.2024 ], [ -119.629, 39.2038 ], [ -119.6315, 39.2062 ], [ -119.6335, 39.2068 ], [ -119.6331, 39.2095 ], [ -119.6324, 39.2104 ], [ -119.6326, 39.2112 ], [ -119.6346, 39.2134 ], [ -119.6443, 39.2211 ], [ -119.6358, 39.2232 ] ] ] } },
{ "type": "Feature", "properties": { "GEOIDFQ": "1400000US32019960305", "NAME": "9603.05", "NAMELSAD": "Census Tract 9603.05" }, "geometry": { "type": "Polygon", "coordinates": [ [ [ -119.6457, 39.2316 ], [ -119.6449, 39.2328 ], [ -119.6413, 39.2363 ], [ -119.6398, 39.2389 ], [ -119.639, 39.2423 ], [ -119.6372, 39.2464 ], [ -119.6372, 39.2497 ], [ -119.6383, 39.2515 ], [ -119.6383, 39.2521 ], [ -119.6378, 39.2527 ], [ -119.6352, 39.2533 ], [ -119.6346, 39.2539 ], [ -119.6354, 39.2552 ], [ -119.6357, 39.2579 ], [ -119.6337, 39.2595 ], [ -119.6332, 39.2607 ], [ -119.6338, 39.2618 ], [ -119.6354, 39.2616 ], [ -119.6359, 39.2624 ], [ -119.6341, 39.2634 ], [ -119.6318, 39.2655 ], [ -119.6309, 39.2679 ], [ -119.6301, 39.2681 ], [ -119.6296, 39.2677 ], [ -119.6302, 39.2666 ], [ -119.6298, 39.2661 ], [ -119.6292, 39.266 ], [ -119.6281, 39.2667 ], [ -119.628, 39.2672 ], [ -119.6286, 39.2681 ], [ -119.6282, 39.2701 ], [ -119.6262, 39.2722 ], [ -119.6268, 39.2727 ], [ -119.6281, 39.2723 ], [ -119.6287, 39.2724 ], [ -119.6293, 39.2744 ], [ -119.5544, 39.3057 ], [ -119.5515, 39.3043 ], [ -119.5251, 39.3001 ], [ -119.5228, 39.3002 ], [ -119.5214, 39.2996 ], [ -119.5753, 39.268 ], [ -119.5799, 39.2644 ], [ -119.5855, 39.257 ], [ -119.5876, 39.2528 ], [ -119.5882, 39.2504 ], [ -119.5893, 39.2375 ], [ -119.5901, 39.2351 ], [ -119.5918, 39.2327 ], [ -119.5978, 39.228 ], [ -119.6049, 39.2237 ], [ -119.6091, 39.2225 ], [ -119.6184, 39.2223 ], [ -119.6322, 39.2236 ], [ -119.6365, 39.223 ], [ -119.6468, 39.2204 ], [ -119.647, 39.2213 ], [ -119.6457, 39.2316 ] ] ] } },
{ "type": "Feature", "properties": { "GEOIDFQ": "1400000US32019960902", "NAME": "9609.02", "NAMELSAD": "Census Tract 9609.02" }, "geometry": { "type": "Polygon", "coordinates": [ [ [ -119.3948, 39.0881 ], [ -119.3924, 39.0897 ], [ -119.3876, 39.0918 ], [ -119.3857, 39.0958 ], [ -119.3844, 39.097 ], [ -119.3817, 39.0982 ], [ -119.376, 39.0992 ], [ -119.3745, 39.0991 ], [ -119.3723, 39.0996 ], [ -119.3671, 39.102 ], [ -119.3632, 39.1057 ], [ -119.3614, 39.1067 ], [ -119.3587, 39.107 ], [ -119.3568, 39.1078 ], [ -119.3557, 39.1074 ], [ -119.3548, 39.1075 ], [ -119.3534, 39.1085 ], [ -119.3469, 39.1111 ], [ -119.3418, 39.1146 ], [ -119.34, 39.1148 ], [ -119.3375, 39.1159 ], [ -119.3311, 39.1203 ], [ -119.3292, 39.1226 ], [ -119.325, 39.1243 ], [ -119.3219, 39.1263 ], [ -119.321, 39.1277 ], [ -119.3192, 39.1287 ], [ -119.3151, 39.1332 ], [ -119.3115, 39.1361 ], [ -119.2943, 39.1467 ], [ -119.292, 39.1485 ], [ -119.2882, 39.1494 ], [ -119.2858, 39.151 ], [ -119.281, 39.1503 ], [ -119.2777, 39.1505 ], [ -119.2749, 39.1516 ], [ -119.272, 39.1538 ], [ -119.2692, 39.1547 ], [ -119.2683, 39.1547 ], [ -119.2669, 39.1536 ], [ -119.2657, 39.1532 ], [ -119.2628, 39.1527 ], [ -119.2612, 39.1529 ], [ -119.2584, 39.1541 ], [ -119.2549, 39.1544 ], [ -119.2506, 39.1559 ], [ -119.2421, 39.157 ], [ -119.2383, 39.1579 ], [ -119.2317, 39.1617 ], [ -119.2295, 39.1617 ], [ -119.2249, 39.1595 ], [ -119.2202, 39.158 ], [ -119.2066, 39.1566 ], [ -119.2028, 39.1577 ], [ -119.1983, 39.1606 ], [ -119.1957, 39.161 ], [ -119.192, 39.1608 ], [ -119.187, 39.1676 ], [ -119.1745, 39.1714 ], [ -119.1693, 39.1735 ], [ -119.163, 39.1746 ], [ -119.1596, 39.1756 ], [ -119.1561, 39.1757 ], [ -119.1519, 39.1752 ], [ -119.1398, 39.1785 ], [ -119.1339, 39.1763 ], [ -119.1302, 39.173 ], [ -119.1186, 39.1598 ], [ -119.1079, 39.1535 ], [ -119.0996, 39.1528 ], [ -119.0955, 39.1537 ], [ -119.0955, 39.1543 ], [ -119.1021, 39.1543 ], [ -119.1021, 39.1579 ], [ -119.1073, 39.1579 ], [ -119.1073, 39.1651 ], [ -119.0411, 39.1649 ], [ -119.0412, 39.1617 ], [ -119.0135, 39.1616 ], [ -119.0134, 39.1562 ], [ -118.9961, 39.1562 ], [ -118.9961, 39.1495 ], [ -118.9215, 39.1493 ], [ -118.9214, 39.1565 ], [ -118.9028, 39.1566 ], [ -118.8992, 39.167 ], [ -118.8733, 39.1705 ], [ -118.8489, 39.1712 ], [ -118.8294, 39.1711 ], [ -118.8294, 39.1563 ], [ -118.8108, 39.1563 ], [ -118.8108, 39.1418 ], [ -118.7922, 39.1418 ], [ -118.7922, 39.1129 ], [ -118.7551, 39.1128 ], [ -118.7551, 39.0747 ], [ -118.9187, 39.0752 ], [ -119.001, 38.9658 ], [ -119.0097, 38.9522 ], [ -119.017, 38.9503 ], [ -119.0186, 38.9504 ], [ -119.0208, 38.9497 ], [ -119.0237, 38.9498 ], [ -119.0255, 38.9486 ], [ -119.0275, 38.9487 ], [ -119.0297, 38.9504 ], [ -119.0329, 38.9495 ], [ -119.0346, 38.9497 ], [ -119.037, 38.9507 ], [ -119.0391, 38.9509 ], [ -119.0411, 38.9517 ], [ -119.0448, 38.9519 ], [ -119.0473, 38.9514 ], [ -119.0495, 38.9515 ], [ -119.052, 38.9504 ], [ -119.0553, 38.9502 ], [ -119.0577, 38.9493 ], [ -119.0608, 38.9491 ], [ -119.0677, 38.9471 ], [ -119.0682, 38.9474 ], [ -119.0691, 38.9465 ], [ -119.0768, 38.9433 ], [ -119.0899, 38.9395 ], [ -119.1449, 38.9395 ], [ -119.1448, 38.9674 ], [ -119.1438, 38.969 ], [ -119.1408, 38.9829 ], [ -119.154, 38.983 ], [ -119.1541, 38.9903 ], [ -119.1632, 38.9903 ], [ -119.1631, 38.9939 ], [ -119.1819, 38.994 ], [ -119.1816, 38.9985 ], [ -119.1829, 39.0105 ], [ -119.1822, 39.0147 ], [ -119.1816, 39.0263 ], [ -119.2186, 39.0261 ], [ -119.2184, 39.0415 ], [ -119.2256, 39.0484 ], [ -119.2287, 39.0488 ], [ -119.2375, 39.0456 ], [ -119.2411, 39.0436 ], [ -119.2432, 39.0403 ], [ -119.2494, 39.0394 ], [ -119.2539, 39.0381 ], [ -119.2549, 39.037 ], [ -119.2546, 39.0352 ], [ -119.2554, 39.0333 ], [ -119.2615, 39.0268 ], [ -119.2627, 39.0264 ], [ -119.2681, 39.0276 ], [ -119.2693, 39.0275 ], [ -119.2706, 39.0267 ], [ -119.2727, 39.026 ], [ -119.2749, 39.0258 ], [ -119.2822, 39.0267 ], [ -119.2854, 39.028 ], [ -119.287, 39.0272 ], [ -119.2894, 39.0251 ], [ -119.295, 39.0217 ], [ -119.2969, 39.0199 ], [ -119.2988, 39.0191 ], [ -119.3031, 39.0159 ], [ -119.3042, 39.0154 ], [ -119.3093, 39.0145 ], [ -119.3106, 39.0136 ], [ -119.3108, 39.0847 ], [ -119.3747, 39.0849 ], [ -119.3957, 39.0853 ], [ -119.3948, 39.0881 ] ] ] } },
{ "type": "Feature", "properties": { "GEOIDFQ": "1400000US32003005875", "NAME": "58.75", "NAMELSAD": "Census Tract 58.75" }, "geometry": { "type": "Polygon", "coordinates": [ [ [ -115.2997, 36.1224 ], [ -115.2997, 36.1243 ], [ -115.2986, 36.1243 ], [ -115.2985, 36.1261 ], [ -115.297, 36.1261 ], [ -115.297, 36.1149 ], [ -115.3149, 36.1153 ], [ -115.315, 36.1225 ], [ -115.2997, 36.1224 ] ] ] } },
{ "type": "Feature", "properties": { "GEOIDFQ": "1400000US32003005115", "NAME": "51.15", "NAMELSAD": "Census Tract 51.15" }, "geometry": { "type": "Polygon", "coordinates": [ [ [ -115.0465, 36.049 ], [ -115.0377, 36.049 ], [ -115.0377, 36.0487 ], [ -115.0353, 36.0487 ], [ -115.0354, 36.0472 ], [ -115.0359, 36.0472 ], [ -115.036, 36.0467 ], [ -115.0349, 36.0466 ], [ -115.0358, 36.0443 ], [ -115.0359, 36.0431 ], [ -115.0354, 36.0431 ], [ -115.0352, 36.0439 ], [ -115.0324, 36.0439 ], [ -115.0323, 36.0419 ], [ -115.0293, 36.0419 ], [ -115.0294, 36.0337 ], [ -115.0367, 36.0353 ], [ -115.0468, 36.0393 ], [ -115.0465, 36.049 ] ] ] } },
{ "type": "Feature", "properties": { "GEOIDFQ": "1400000US32003005870", "NAME": "58.70", "NAMELSAD": "Census Tract 58.70" }, "geometry": { "type": "Polygon", "coordinates": [ [ [ -115.3068, 36.0776 ], [ -115.2976, 36.0777 ], [ -115.2978, 36.0702 ], [ -115.3069, 36.0701 ], [ -115.3068, 36.0776 ] ] ] } },
{ "type": "Feature", "properties": { "GEOIDFQ": "1400000US32003005873", "NAME": "58.73", "NAMELSAD": "Census Tract 58.73" }, "geometry": { "type": "Polygon", "coordinates": [ [ [ -115.3619, 36.17 ], [ -115.3555, 36.1715 ], [ -115.3525, 36.1637 ], [ -115.352, 36.1589 ], [ -115.3578, 36.1589 ], [ -115.3595, 36.1584 ], [ -115.3608, 36.1575 ], [ -115.3619, 36.1582 ], [ -115.3643, 36.16 ], [ -115.3664, 36.1626 ], [ -115.3671, 36.1639 ], [ -115.3686, 36.1701 ], [ -115.3619, 36.17 ] ] ] } },
{ "type": "Feature", "properties": { "GEOIDFQ": "1400000US32003002814", "NAME": "28.14", "NAMELSAD": "Census Tract 28.14" }, "geometry": { "type": "Polygon", "coordinates": [ [ [ -115.1362, 36.028 ], [ -115.1298, 36.0279 ], [ -115.1274, 36.0258 ], [ -115.125, 36.0247 ], [ -115.1219, 36.024 ], [ -115.1185, 36.0239 ], [ -115.1188, 36.0133 ], [ -115.1367, 36.0133 ], [ -115.1362, 36.028 ] ] ] } },
{ "type": "Feature", "properties": { "GEOIDFQ": "1400000US32003005805", "NAME": "58.05", "NAMELSAD": "Census Tract 58.05" }, "geometry": { "type": "Polygon", "coordinates": [ [ [ -115.297, 36.1489 ], [ -115.2918, 36.1553 ], [ -115.2914, 36.159 ], [ -115.2803, 36.1591 ], [ -115.279, 36.1441 ], [ -115.2976, 36.1444 ], [ -115.2977, 36.146 ], [ -115.297, 36.1489 ] ] ] } },
{ "type": "Feature", "properties": { "GEOIDFQ": "1400000US32003002823", "NAME": "28.23", "NAMELSAD": "Census Tract 28.23" }, "geometry": { "type": "Polygon", "coordinates": [ [ [ -115.101, 36.1 ], [ -115.101, 36.0935 ], [ -115.1099, 36.0933 ], [ -115.1099, 36.0966 ], [ -115.1189, 36.0965 ], [ -115.1189, 36.0999 ], [ -115.101, 36.1 ] ] ] } },
{ "type": "Feature", "properties": { "GEOIDFQ": "1400000US32009950100", "NAME": "9501", "NAMELSAD": "Census Tract 9501" }, "geometry": { "type": "Polygon", "coordinates": [ [ [ -118.4179, 37.8965 ], [ -118.415, 37.8939 ], [ -118.3515, 37.8937 ], [ -118.251, 37.9831 ], [ -118.2344, 37.9999 ], [ -118.126, 38.0937 ], [ -118.1227, 38.0971 ], [ -118.0914, 38.1249 ], [ -118.0787, 38.1371 ], [ -117.9985, 38.206 ], [ -117.8077, 38.3731 ], [ -117.691, 38.4738 ], [ -117.6259, 38.4161 ], [ -117.6063, 38.3974 ], [ -117.485, 38.2894 ], [ -117.4422, 38.2499 ], [ -117.3759, 38.1908 ], [ -117.3551, 38.1713 ], [ -117.3024, 38.1249 ], [ -117.2963, 38.119 ], [ -117.2522, 38.0795 ], [ -117.2494, 38.0776 ], [ -117.2409, 38.0699 ], [ -117.2411, 38.0501 ], [ -117.2193, 38.0503 ], [ -117.1656, 38.0017 ], [ -117.1652, 37.9999 ], [ -117.1648, 37.9879 ], [ -117.1655, 37.8749 ], [ -117.1654, 37.7499 ], [ -117.1659, 37.7489 ], [ -117.1658, 37.6999 ], [ -117.1664, 37.6602 ], [ -117.1657, 37.6251 ], [ -117.1656, 37.5493 ], [ -117.166, 37.4999 ], [ -117.1655, 37.4999 ], [ -117.1656, 37.4494 ], [ -117.1652, 37.4296 ], [ -117.1657, 37.4294 ], [ -117.1657, 37.4267 ], [ -117.1657, 37.0052 ], [ -117.166, 36.9711 ], [ -117.2449, 37.0302 ], [ -117.266, 37.0449 ], [ -117.3712, 37.1236 ], [ -117.3735, 37.1249 ], [ -117.5001, 37.2204 ], [ -117.5009, 37.2203 ], [ -117.5409, 37.2499 ], [ -117.5814, 37.2789 ], [ -117.6806, 37.3534 ], [ -117.7124, 37.3749 ], [ -117.8759, 37.4973 ], [ -117.9046, 37.5158 ], [ -117.9795, 37.5721 ], [ -117.987, 37.577 ], [ -118.024, 37.6038 ], [ -118.0399, 37.6153 ], [ -118.0522, 37.6249 ], [ -118.4281, 37.8962 ], [ -118.4179, 37.8965 ] ] ] } },
{ "type": "Feature", "properties": { "GEOIDFQ": "1400000US32003003609", "NAME": "36.09", "NAMELSAD": "Census Tract 36.09" }, "geometry": { "type": "Polygon", "coordinates": [ [ [ -115.2076, 36.2467 ], [ -115.1894, 36.2468 ], [ -115.1893, 36.2321 ], [ -115.2074, 36.232 ], [ -115.2076, 36.2467 ] ] ] } },
{ "type": "Feature", "properties": { "GEOIDFQ": "1400000US32510000300", "NAME": "3", "NAMELSAD": "Census Tract 3" }, "geometry": { "type": "Polygon", "coordinates": [ [ [ -119.9552, 39.1208 ], [ -119.9563, 39.1225 ], [ -119.9561, 39.1253 ], [ -119.9523, 39.1297 ], [ -119.9481, 39.129 ], [ -119.9442, 39.1301 ], [ -119.946, 39.1329 ], [ -119.9479, 39.1339 ], [ -119.9491, 39.1382 ], [ -119.9362, 39.149 ], [ -119.9351, 39.1506 ], [ -119.9366, 39.1555 ], [ -119.9362, 39.1634 ], [ -119.9369, 39.1656 ], [ -119.8808, 39.1655 ], [ -119.8808, 39.1709 ], [ -119.8621, 39.1711 ], [ -119.8625, 39.1856 ], [ -119.8533, 39.1858 ], [ -119.8533, 39.193 ], [ -119.8439, 39.1932 ], [ -119.8439, 39.2008 ], [ -119.8267, 39.2008 ], [ -119.8267, 39.208 ], [ -119.8175, 39.208 ], [ -119.8175, 39.2089 ], [ -119.8101, 39.2094 ], [ -119.8056, 39.2091 ], [ -119.8051, 39.2086 ], [ -119.8056, 39.2083 ], [ -119.8043, 39.2084 ], [ -119.8019, 39.2073 ], [ -119.7979, 39.2068 ], [ -119.7948, 39.2058 ], [ -119.7858, 39.205 ], [ -119.7831, 39.2041 ], [ -119.7801, 39.2025 ], [ -119.7731, 39.1906 ], [ -119.7775, 39.1891 ], [ -119.779, 39.1873 ], [ -119.7803, 39.1866 ], [ -119.784, 39.1864 ], [ -119.7838, 39.1811 ], [ -119.7831, 39.1806 ], [ -119.7818, 39.1806 ], [ -119.7818, 39.1792 ], [ -119.7788, 39.1792 ], [ -119.7787, 39.1776 ], [ -119.7797, 39.1776 ], [ -119.7798, 39.1733 ], [ -119.7826, 39.1733 ], [ -119.7822, 39.173 ], [ -119.7823, 39.1692 ], [ -119.782, 39.1686 ], [ -119.7823, 39.1686 ], [ -119.7823, 39.164 ], [ -119.7849, 39.164 ], [ -119.7848, 39.1638 ], [ -119.7808, 39.1628 ], [ -119.7803, 39.162 ], [ -119.7801, 39.1608 ], [ -119.7815, 39.1584 ], [ -119.7812, 39.1574 ], [ -119.777, 39.1559 ], [ -119.7756, 39.1549 ], [ -119.7717, 39.1539 ], [ -119.767, 39.1538 ], [ -119.7672, 39.1483 ], [ -119.7732, 39.1132 ], [ -119.7751, 39.1132 ], [ -119.775, 39.114 ], [ -119.8759, 39.1129 ], [ -119.9578, 39.1127 ], [ -119.9552, 39.1208 ] ] ] } },
{ "type": "Feature", "properties": { "GEOIDFQ": "1400000US32510000800", "NAME": "8", "NAMELSAD": "Census Tract 8" }, "geometry": { "type": "Polygon", "coordinates": [ [ [ -119.7697, 39.1339 ], [ -119.746, 39.1338 ], [ -119.746, 39.1442 ], [ -119.7454, 39.1457 ], [ -119.7409, 39.1486 ], [ -119.7399, 39.1499 ], [ -119.7399, 39.1506 ], [ -119.7303, 39.1593 ], [ -119.7279, 39.1609 ], [ -119.7239, 39.1608 ], [ -119.7243, 39.1582 ], [ -119.7271, 39.1536 ], [ -119.7271, 39.1525 ], [ -119.7266, 39.1515 ], [ -119.7181, 39.1432 ], [ -119.7163, 39.1427 ], [ -119.7071, 39.1425 ], [ -119.7052, 39.1417 ], [ -119.7043, 39.1406 ], [ -119.7045, 39.1385 ], [ -119.7052, 39.1368 ], [ -119.7051, 39.1357 ], [ -119.7057, 39.1353 ], [ -119.7061, 39.1343 ], [ -119.7057, 39.1324 ], [ -119.7067, 39.1294 ], [ -119.7047, 39.1249 ], [ -119.7146, 39.1249 ], [ -119.7146, 39.1211 ], [ -119.7057, 39.1211 ], [ -119.7078, 39.1194 ], [ -119.7077, 39.1187 ], [ -119.7063, 39.1167 ], [ -119.7053, 39.1161 ], [ -119.7052, 39.1138 ], [ -119.7028, 39.1138 ], [ -119.7027, 39.1111 ], [ -119.704, 39.1105 ], [ -119.7072, 39.111 ], [ -119.7093, 39.1106 ], [ -119.7114, 39.1095 ], [ -119.7131, 39.1072 ], [ -119.7163, 39.1062 ], [ -119.7173, 39.1049 ], [ -119.7177, 39.1031 ], [ -119.719, 39.101 ], [ -119.722, 39.0994 ], [ -119.724, 39.0987 ], [ -119.7265, 39.0993 ], [ -119.728, 39.1 ], [ -119.7295, 39.0994 ], [ -119.7311, 39.0982 ], [ -119.7312, 39.0961 ], [ -119.734, 39.0927 ], [ -119.7344, 39.0917 ], [ -119.7363, 39.0906 ], [ -119.7387, 39.0881 ], [ -119.7403, 39.0871 ], [ -119.7409, 39.0874 ], [ -119.7405, 39.0884 ], [ -119.7408, 39.089 ], [ -119.7419, 39.0893 ], [ -119.744, 39.0877 ], [ -119.7473, 39.0871 ], [ -119.749, 39.0865 ], [ -119.7497, 39.0865 ], [ -119.751, 39.0874 ], [ -119.7521, 39.087 ], [ -119.7522, 39.0995 ], [ -119.7612, 39.0995 ], [ -119.7612, 39.114 ], [ -119.7731, 39.114 ], [ -119.7697, 39.1339 ] ] ] } },
{ "type": "Feature", "properties": { "GEOIDFQ": "1400000US32510000200", "NAME": "2", "NAMELSAD": "Census Tract 2" }, "geometry": { "type": "Polygon", "coordinates": [ [ [ -119.7803, 39.1866 ], [ -119.779, 39.1873 ], [ -119.7775, 39.1891 ], [ -119.7731, 39.1906 ], [ -119.7676, 39.1815 ], [ -119.7669, 39.1794 ], [ -119.767, 39.1704 ], [ -119.7703, 39.1705 ], [ -119.7703, 39.1685 ], [ -119.782, 39.1686 ], [ -119.7823, 39.1692 ], [ -119.7822, 39.173 ], [ -119.7826, 39.1733 ], [ -119.7798, 39.1733 ], [ -119.7797, 39.1776 ], [ -119.7787, 39.1776 ], [ -119.7788, 39.1792 ], [ -119.7818, 39.1792 ], [ -119.7818, 39.1806 ], [ -119.7836, 39.1809 ], [ -119.784, 39.1864 ], [ -119.7803, 39.1866 ] ] ] } },
{ "type": "Feature", "properties": { "GEOIDFQ": "1400000US32031000105", "NAME": "1.05", "NAMELSAD": "Census Tract 1.05" }, "geometry": { "type": "Polygon", "coordinates": [ [ [ -119.8077, 39.5366 ], [ -119.7967, 39.5364 ], [ -119.7859, 39.5373 ], [ -119.7822, 39.5368 ], [ -119.7789, 39.5354 ], [ -119.7808, 39.5351 ], [ -119.7804, 39.5341 ], [ -119.7807, 39.5299 ], [ -119.7828, 39.5309 ], [ -119.785, 39.531 ], [ -119.7859, 39.5314 ], [ -119.7889, 39.5304 ], [ -119.792, 39.5302 ], [ -119.7951, 39.5295 ], [ -119.7972, 39.53 ], [ -119.8032, 39.53 ], [ -119.8033, 39.532 ], [ -119.8142, 39.5299 ], [ -119.8157, 39.5346 ], [ -119.8077, 39.5366 ] ] ] } },
{ "type": "Feature", "properties": { "GEOIDFQ": "1400000US32031000106", "NAME": "1.06", "NAMELSAD": "Census Tract 1.06" }, "geometry": { "type": "Polygon", "coordinates": [ [ [ -119.8033, 39.532 ], [ -119.8032, 39.53 ], [ -119.8043, 39.53 ], [ -119.8082, 39.5271 ], [ -119.8101, 39.5261 ], [ -119.8095, 39.5251 ], [ -119.8064, 39.5258 ], [ -119.8065, 39.5232 ], [ -119.8112, 39.522 ], [ -119.8142, 39.5299 ], [ -119.8033, 39.532 ] ] ] } },
{ "type": "Feature", "properties": { "GEOIDFQ": "1400000US32031000702", "NAME": "7.02", "NAMELSAD": "Census Tract 7.02" }, "geometry": { "type": "Polygon", "coordinates": [ [ [ -119.7972, 39.53 ], [ -119.7951, 39.5295 ], [ -119.792, 39.5302 ], [ -119.7889, 39.5304 ], [ -119.7878, 39.531 ], [ -119.7888, 39.5299 ], [ -119.7892, 39.5288 ], [ -119.7892, 39.5202 ], [ -119.8032, 39.5203 ], [ -119.8032, 39.53 ], [ -119.7972, 39.53 ] ] ] } },
{ "type": "Feature", "properties": { "GEOIDFQ": "1400000US32031003001", "NAME": "30.01", "NAMELSAD": "Census Tract 30.01" }, "geometry": { "type": "Polygon", "coordinates": [ [ [ -119.7526, 39.5474 ], [ -119.7338, 39.5472 ], [ -119.7337, 39.5418 ], [ -119.7442, 39.5419 ], [ -119.748, 39.5412 ], [ -119.7481, 39.5344 ], [ -119.7529, 39.5339 ], [ -119.7526, 39.5474 ] ] ] } },
{ "type": "Feature", "properties": { "GEOIDFQ": "1400000US32031001903", "NAME": "19.03", "NAMELSAD": "Census Tract 19.03" }, "geometry": { "type": "Polygon", "coordinates": [ [ [ -119.7714, 39.5455 ], [ -119.7576, 39.5454 ], [ -119.7553, 39.5441 ], [ -119.7527, 39.5439 ], [ -119.7527, 39.5405 ], [ -119.7654, 39.5379 ], [ -119.7654, 39.5416 ], [ -119.7715, 39.5416 ], [ -119.7714, 39.5455 ] ] ] } },
{ "type": "Feature", "properties": { "GEOIDFQ": "1400000US32031001904", "NAME": "19.04", "NAMELSAD": "Census Tract 19.04" }, "geometry": { "type": "Polygon", "coordinates": [ [ [ -119.7654, 39.5379 ], [ -119.7529, 39.5403 ], [ -119.7529, 39.5339 ], [ -119.7655, 39.534 ], [ -119.7654, 39.5379 ] ] ] } },
{ "type": "Feature", "properties": { "GEOIDFQ": "1400000US32031003517", "NAME": "35.17", "NAMELSAD": "Census Tract 35.17" }, "geometry": { "type": "Polygon", "coordinates": [ [ [ -119.6776, 39.6093 ], [ -119.6778, 39.6363 ], [ -119.6559, 39.6362 ], [ -119.6559, 39.6307 ], [ -119.6497, 39.6307 ], [ -119.6497, 39.6252 ], [ -119.6528, 39.6252 ], [ -119.6528, 39.6228 ], [ -119.6685, 39.6229 ], [ -119.67, 39.6218 ], [ -119.6706, 39.6167 ], [ -119.6702, 39.6142 ], [ -119.6693, 39.6124 ], [ -119.6694, 39.6112 ], [ -119.6724, 39.6086 ], [ -119.6768, 39.6084 ], [ -119.6784, 39.6079 ], [ -119.6776, 39.6093 ] ] ] } },
{ "type": "Feature", "properties": { "GEOIDFQ": "1400000US32003005829", "NAME": "58.29", "NAMELSAD": "Census Tract 58.29" }, "geometry": { "type": "Polygon", "coordinates": [ [ [ -115.2979, 36.0205 ], [ -115.2793, 36.0203 ], [ -115.2799, 36.0122 ], [ -115.2981, 36.012 ], [ -115.2979, 36.0205 ] ] ] } },
{ "type": "Feature", "properties": { "GEOIDFQ": "1400000US32001950100", "NAME": "9501", "NAMELSAD": "Census Tract 9501" }, "geometry": { "type": "Polygon", "coordinates": [ [ [ -118.7814, 39.3911 ], [ -118.7817, 39.4581 ], [ -118.7811, 39.4602 ], [ -118.7628, 39.4602 ], [ -118.7628, 39.4749 ], [ -118.6701, 39.475 ], [ -118.6693, 39.4752 ], [ -118.669, 39.4759 ], [ -118.669, 39.4896 ], [ -118.5938, 39.4898 ], [ -118.5939, 39.5006 ], [ -118.5892, 39.5005 ], [ -118.5893, 39.5044 ], [ -118.5939, 39.5044 ], [ -118.5939, 39.5298 ], [ -118.5933, 39.5333 ], [ -118.5748, 39.5338 ], [ -118.5748, 39.5487 ], [ -118.5515, 39.5487 ], [ -118.5523, 39.5579 ], [ -118.5543, 39.5701 ], [ -118.5522, 39.5772 ], [ -118.5536, 39.5855 ], [ -118.5553, 39.6092 ], [ -118.5585, 39.611 ], [ -118.5655, 39.6073 ], [ -118.5667, 39.6071 ], [ -118.5719, 39.6134 ], [ -118.5759, 39.6188 ], [ -118.5767, 39.6205 ], [ -118.5829, 39.6271 ], [ -118.5837, 39.6274 ], [ -118.584, 39.6281 ], [ -118.5893, 39.632 ], [ -118.594, 39.6377 ], [ -118.5995, 39.6463 ], [ -118.6081, 39.6544 ], [ -118.6092, 39.6564 ], [ -118.6093, 39.6571 ], [ -118.6087, 39.6576 ], [ -118.6101, 39.6591 ], [ -118.6114, 39.6599 ], [ -118.6122, 39.6611 ], [ -118.6132, 39.6615 ], [ -118.6128, 39.6634 ], [ -118.6147, 39.6641 ], [ -118.6142, 39.6648 ], [ -118.6174, 39.6687 ], [ -118.6179, 39.6714 ], [ -118.6193, 39.6732 ], [ -118.6196, 39.6745 ], [ -118.6212, 39.6754 ], [ -118.6232, 39.6788 ], [ -118.6293, 39.6821 ], [ -118.628, 39.6841 ], [ -118.6286, 39.685 ], [ -118.6305, 39.6861 ], [ -118.6303, 39.6871 ], [ -118.6322, 39.6918 ], [ -118.6324, 39.6913 ], [ -118.6335, 39.691 ], [ -118.6376, 39.6856 ], [ -118.6429, 39.6848 ], [ -118.6447, 39.6839 ], [ -118.6461, 39.6838 ], [ -118.6505, 39.6817 ], [ -118.6508, 39.6818 ], [ -118.6504, 39.6821 ], [ -118.6506, 39.6824 ], [ -118.663, 39.6868 ], [ -118.6726, 39.6909 ], [ -118.6783, 39.6927 ], [ -118.6847, 39.6956 ], [ -118.6917, 39.6997 ], [ -118.6996, 39.7028 ], [ -118.702, 39.7045 ], [ -118.7039, 39.7067 ], [ -118.7071, 39.7076 ], [ -118.7113, 39.7083 ], [ -118.7293, 39.7092 ], [ -118.7303, 39.7088 ], [ -118.7385, 39.703 ], [ -118.7386, 39.696 ], [ -118.7376, 39.6929 ], [ -118.7376, 39.6909 ], [ -118.7384, 39.688 ], [ -118.739, 39.6873 ], [ -118.7479, 39.6827 ], [ -118.7558, 39.6821 ], [ -118.7691, 39.6821 ], [ -118.7707, 39.6817 ], [ -118.7793, 39.6813 ], [ -118.778, 39.6873 ], [ -118.7706, 39.7054 ], [ -118.7693, 39.712 ], [ -118.7688, 39.7562 ], [ -118.7763, 39.8494 ], [ -118.7761, 39.8538 ], [ -118.7753, 39.8578 ], [ -118.7686, 39.8727 ], [ -118.7551, 39.8886 ], [ -118.7531, 39.892 ], [ -118.7488, 39.9422 ], [ -118.7102, 39.9574 ], [ -118.7078, 39.9586 ], [ -118.7053, 39.9603 ], [ -118.7017, 39.9642 ], [ -118.6839, 39.9866 ], [ -118.6825, 39.9897 ], [ -118.6803, 39.9985 ], [ -118.6059, 39.9983 ], [ -118.501, 39.9987 ], [ -118.376, 40.0009 ], [ -118.2455, 40.0024 ], [ -118.126, 40.0021 ], [ -118.1193, 40.0019 ], [ -117.9457, 40.0026 ], [ -117.751, 40.0022 ], [ -117.7362, 40.0025 ], [ -117.7348, 40.0022 ], [ -117.7327, 40.0025 ], [ -117.7248, 40.0021 ], [ -117.6259, 40.002 ], [ -117.6214, 40.0015 ], [ -117.5417, 40.001 ], [ -117.5407, 39.9988 ], [ -117.5395, 39.9983 ], [ -117.5341, 39.9929 ], [ -117.5314, 39.9918 ], [ -117.5324, 39.9894 ], [ -117.5303, 39.9873 ], [ -117.5278, 39.9857 ], [ -117.5275, 39.985 ], [ -117.5247, 39.9845 ], [ -117.5214, 39.9808 ], [ -117.5204, 39.9795 ], [ -117.5196, 39.9773 ], [ -117.52, 39.9738 ], [ -117.5196, 39.9725 ], [ -117.5162, 39.9713 ], [ -117.5145, 39.9715 ], [ -117.511, 39.9708 ], [ -117.5098, 39.9698 ], [ -117.5077, 39.9694 ], [ -117.5071, 39.9688 ], [ -117.5091, 39.9665 ], [ -117.5087, 39.9658 ], [ -117.5088, 39.9628 ], [ -117.5061, 39.9598 ], [ -117.5053, 39.9583 ], [ -117.506, 39.956 ], [ -117.5048, 39.9545 ], [ -117.5032, 39.9535 ], [ -117.5025, 39.9524 ], [ -117.5025, 39.9515 ], [ -117.5009, 39.9516 ], [ -117.4935, 39.9483 ], [ -117.4919, 39.9484 ], [ -117.4901, 39.9463 ], [ -117.4885, 39.9453 ], [ -117.4877, 39.9431 ], [ -117.4861, 39.9427 ], [ -117.4823, 39.9436 ], [ -117.4807, 39.9423 ], [ -117.4806, 39.9413 ], [ -117.4796, 39.9401 ], [ -117.4777, 39.9393 ], [ -117.477, 39.9365 ], [ -117.4757, 39.9352 ], [ -117.4763, 39.9336 ], [ -117.4749, 39.9313 ], [ -117.4747, 39.9297 ], [ -117.4727, 39.9282 ], [ -117.4713, 39.9259 ], [ -117.4706, 39.923 ], [ -117.4694, 39.9222 ], [ -117.4679, 39.9221 ], [ -117.4678, 39.9216 ], [ -117.4694, 39.9204 ], [ -117.4696, 39.9187 ], [ -117.4705, 39.9178 ], [ -117.4698, 39.9164 ], [ -117.4677, 39.9147 ], [ -117.4659, 39.9107 ], [ -117.467, 39.9088 ], [ -117.4682, 39.9081 ], [ -117.4682, 39.9057 ], [ -117.4675, 39.9046 ], [ -117.4678, 39.9034 ], [ -117.4665, 39.9025 ], [ -117.4666, 39.8977 ], [ -117.465, 39.8952 ], [ -117.4655, 39.8943 ], [ -117.4642, 39.8937 ], [ -117.4639, 39.8913 ], [ -117.4627, 39.8914 ], [ -117.4623, 39.8909 ], [ -117.4629, 39.8892 ], [ -117.4621, 39.8886 ], [ -117.4618, 39.8877 ], [ -117.4614, 39.8834 ], [ -117.4625, 39.8804 ], [ -117.4626, 39.8788 ], [ -117.4618, 39.8775 ], [ -117.4616, 39.8742 ], [ -117.4628, 39.8718 ], [ -117.4617, 39.8706 ], [ -117.4613, 39.8678 ], [ -117.464, 39.8651 ], [ -117.4667, 39.865 ], [ -117.4669, 39.8647 ], [ -117.4654, 39.8618 ], [ -117.4654, 39.8602 ], [ -117.4646, 39.8582 ], [ -117.4649, 39.8575 ], [ -117.4667, 39.857 ], [ -117.4665, 39.8562 ], [ -117.467, 39.8553 ], [ -117.4686, 39.8554 ], [ -117.4705, 39.8545 ], [ -117.471, 39.8521 ], [ -117.4691, 39.8502 ], [ -117.4685, 39.849 ], [ -117.4702, 39.8477 ], [ -117.4711, 39.8463 ], [ -117.471, 39.8457 ], [ -117.4728, 39.8436 ], [ -117.4716, 39.8416 ], [ -117.4716, 39.8409 ], [ -117.4723, 39.8402 ], [ -117.4723, 39.8392 ], [ -117.4778, 39.8372 ], [ -117.4795, 39.8372 ], [ -117.48, 39.8363 ], [ -117.4801, 39.8346 ], [ -117.4834, 39.834 ], [ -117.4829, 39.833 ], [ -117.483, 39.832 ], [ -117.4835, 39.8315 ], [ -117.4831, 39.8299 ], [ -117.4842, 39.8289 ], [ -117.4843, 39.8282 ], [ -117.4858, 39.8272 ], [ -117.4882, 39.8266 ], [ -117.4878, 39.8249 ], [ -117.4863, 39.822 ], [ -117.4863, 39.8216 ], [ -117.4875, 39.8208 ], [ -117.4871, 39.8183 ], [ -117.486, 39.8171 ], [ -117.4856, 39.8155 ], [ -117.4839, 39.8132 ], [ -117.4834, 39.8117 ], [ -117.4836, 39.8109 ], [ -117.485, 39.8109 ], [ -117.4878, 39.8094 ], [ -117.4877, 39.8074 ], [ -117.4894, 39.807 ], [ -117.4874, 39.7997 ], [ -117.4866, 39.7987 ], [ -117.487, 39.7985 ], [ -117.4865, 39.797 ], [ -117.4867, 39.7959 ], [ -117.4884, 39.7939 ], [ -117.4884, 39.7909 ], [ -117.4872, 39.7884 ], [ -117.4859, 39.7874 ], [ -117.4857, 39.7865 ], [ -117.4874, 39.7853 ], [ -117.4881, 39.7841 ], [ -117.4878, 39.782 ], [ -117.4898, 39.7815 ], [ -117.4901, 39.7804 ], [ -117.4895, 39.7794 ], [ -117.4949, 39.7742 ], [ -117.4942, 39.7727 ], [ -117.496, 39.7703 ], [ -117.4946, 39.767 ], [ -117.4957, 39.7653 ], [ -117.4953, 39.7632 ], [ -117.4966, 39.7611 ], [ -117.4966, 39.7605 ], [ -117.4955, 39.7588 ], [ -117.4958, 39.7565 ], [ -117.4945, 39.7547 ], [ -117.4948, 39.7533 ], [ -117.4943, 39.7521 ], [ -117.4953, 39.7484 ], [ -117.4943, 39.748 ], [ -117.4938, 39.7473 ], [ -117.4916, 39.7479 ], [ -117.4906, 39.7467 ], [ -117.4889, 39.7468 ], [ -117.4878, 39.7463 ], [ -117.4871, 39.7443 ], [ -117.4852, 39.742 ], [ -117.4835, 39.7424 ], [ -117.4825, 39.742 ], [ -117.4809, 39.742 ], [ -117.4802, 39.7414 ], [ -117.4774, 39.7424 ], [ -117.4781, 39.7386 ], [ -117.4778, 39.7372 ], [ -117.4768, 39.737 ], [ -117.4752, 39.7359 ], [ -117.4765, 39.7321 ], [ -117.4772, 39.7314 ], [ -117.4761, 39.7299 ], [ -117.4779, 39.7294 ], [ -117.4791, 39.7277 ], [ -117.4803, 39.7272 ], [ -117.4797, 39.7251 ], [ -117.4808, 39.7217 ], [ -117.4813, 39.7211 ], [ -117.4825, 39.7211 ], [ -117.4868, 39.7157 ], [ -117.4866, 39.715 ], [ -117.4876, 39.7141 ], [ -117.4869, 39.7112 ], [ -117.4854, 39.7109 ], [ -117.4848, 39.7104 ], [ -117.485, 39.7099 ], [ -117.484, 39.7075 ], [ -117.485, 39.7053 ], [ -117.4863, 39.7043 ], [ -117.4878, 39.7039 ], [ -117.4862, 39.7023 ], [ -117.4846, 39.6984 ], [ -117.4835, 39.6973 ], [ -117.4824, 39.697 ], [ -117.4815, 39.6958 ], [ -117.4815, 39.6938 ], [ -117.4807, 39.6925 ], [ -117.4799, 39.6922 ], [ -117.4788, 39.6906 ], [ -117.4776, 39.6903 ], [ -117.4747, 39.6884 ], [ -117.4727, 39.6879 ], [ -117.4688, 39.6837 ], [ -117.4681, 39.6828 ], [ -117.4681, 39.682 ], [ -117.4678, 39.6821 ], [ -117.467, 39.6807 ], [ -117.4646, 39.6795 ], [ -117.4644, 39.679 ], [ -117.4644, 39.6773 ], [ -117.4651, 39.676 ], [ -117.4696, 39.6743 ], [ -117.4697, 39.6733 ], [ -117.471, 39.6716 ], [ -117.4739, 39.6693 ], [ -117.4739, 39.6678 ], [ -117.4734, 39.6671 ], [ -117.4717, 39.667 ], [ -117.4713, 39.6666 ], [ -117.4725, 39.665 ], [ -117.4721, 39.6615 ], [ -117.4755, 39.6598 ], [ -117.4777, 39.6595 ], [ -117.4788, 39.6575 ], [ -117.4784, 39.656 ], [ -117.4789, 39.6555 ], [ -117.4787, 39.6548 ], [ -117.4781, 39.6544 ], [ -117.4777, 39.6527 ], [ -117.478, 39.6517 ], [ -117.4797, 39.6504 ], [ -117.48, 39.6492 ], [ -117.4811, 39.6477 ], [ -117.4839, 39.6472 ], [ -117.4843, 39.6465 ], [ -117.4857, 39.6461 ], [ -117.4861, 39.6448 ], [ -117.485, 39.6424 ], [ -117.4816, 39.6411 ], [ -117.4802, 39.6402 ], [ -117.4789, 39.639 ], [ -117.4781, 39.6373 ], [ -117.4757, 39.6376 ], [ -117.475, 39.6361 ], [ -117.4733, 39.6347 ], [ -117.47, 39.6334 ], [ -117.4685, 39.6333 ], [ -117.4679, 39.6334 ], [ -117.4664, 39.6348 ], [ -117.4634, 39.6331 ], [ -117.4639, 39.6314 ], [ -117.4627, 39.6274 ], [ -117.4632, 39.6248 ], [ -117.4628, 39.6248 ], [ -117.4616, 39.6226 ], [ -117.4626, 39.6218 ], [ -117.463, 39.6209 ], [ -117.4639, 39.6208 ], [ -117.4679, 39.6177 ], [ -117.4681, 39.6168 ], [ -117.47, 39.614 ], [ -117.4729, 39.6111 ], [ -117.4737, 39.609 ], [ -117.4753, 39.6082 ], [ -117.4766, 39.6041 ], [ -117.4803, 39.5997 ], [ -117.4822, 39.5982 ], [ -117.4797, 39.5974 ], [ -117.4781, 39.5975 ], [ -117.4766, 39.5967 ], [ -117.4777, 39.5953 ], [ -117.4786, 39.5928 ], [ -117.4778, 39.5888 ], [ -117.4769, 39.5886 ], [ -117.4766, 39.5882 ], [ -117.4775, 39.5856 ], [ -117.4763, 39.5845 ], [ -117.4761, 39.5836 ], [ -117.4767, 39.5827 ], [ -117.4767, 39.5813 ], [ -117.478, 39.5797 ], [ -117.479, 39.5771 ], [ -117.4805, 39.576 ], [ -117.4824, 39.5736 ], [ -117.4814, 39.5718 ], [ -117.4817, 39.5703 ], [ -117.4828, 39.5689 ], [ -117.4819, 39.5674 ], [ -117.482, 39.5663 ], [ -117.4813, 39.5659 ], [ -117.4813, 39.5643 ], [ -117.4805, 39.5635 ], [ -117.4805, 39.5625 ], [ -117.4806, 39.5618 ], [ -117.4826, 39.5592 ], [ -117.4819, 39.5565 ], [ -117.4823, 39.5547 ], [ -117.4851, 39.5526 ], [ -117.4867, 39.5509 ], [ -117.4859, 39.5497 ], [ -117.4842, 39.549 ], [ -117.485, 39.5474 ], [ -117.4853, 39.5453 ], [ -117.4878, 39.5449 ], [ -117.4897, 39.5433 ], [ -117.4913, 39.5433 ], [ -117.4928, 39.5428 ], [ -117.4927, 39.5416 ], [ -117.4935, 39.5397 ], [ -117.4933, 39.5367 ], [ -117.4929, 39.5359 ], [ -117.4951, 39.5333 ], [ -117.4966, 39.5324 ], [ -117.5014, 39.5308 ], [ -117.5037, 39.5311 ], [ -117.5086, 39.5307 ], [ -117.5105, 39.5313 ], [ -117.5151, 39.5361 ], [ -117.5185, 39.5382 ], [ -117.5192, 39.5379 ], [ -117.5202, 39.5361 ], [ -117.5221, 39.534 ], [ -117.5234, 39.5342 ], [ -117.5244, 39.5349 ], [ -117.5261, 39.5351 ], [ -117.5266, 39.5347 ], [ -117.5265, 39.5341 ], [ -117.5281, 39.5336 ], [ -117.528, 39.532 ], [ -117.531, 39.5313 ], [ -117.5312, 39.53 ], [ -117.5322, 39.529 ], [ -117.5318, 39.5277 ], [ -117.532, 39.5269 ], [ -117.5326, 39.527 ], [ -117.5341, 39.5283 ], [ -117.5353, 39.5277 ], [ -117.5434, 39.5274 ], [ -117.5453, 39.5261 ], [ -117.5468, 39.526 ], [ -117.5481, 39.5254 ], [ -117.5504, 39.5256 ], [ -117.5522, 39.5269 ], [ -117.5542, 39.5268 ], [ -117.5561, 39.5254 ], [ -117.5608, 39.5259 ], [ -117.5643, 39.5219 ], [ -117.565, 39.5197 ], [ -117.5657, 39.5192 ], [ -117.5677, 39.5195 ], [ -117.5702, 39.5194 ], [ -117.5776, 39.5185 ], [ -117.5791, 39.5187 ], [ -117.5792, 39.52 ], [ -117.58, 39.5201 ], [ -117.5821, 39.5188 ], [ -117.5839, 39.5189 ], [ -117.5849, 39.5181 ], [ -117.5859, 39.5187 ], [ -117.5893, 39.5179 ], [ -117.5901, 39.518 ], [ -117.5902, 39.5175 ], [ -117.5884, 39.5154 ], [ -117.5886, 39.5122 ], [ -117.5878, 39.5112 ], [ -117.5884, 39.5106 ], [ -117.5887, 39.5089 ], [ -117.5866, 39.5058 ], [ -117.5865, 39.5035 ], [ -117.5868, 39.503 ], [ -117.5896, 39.5016 ], [ -117.59, 39.4999 ], [ -117.5941, 39.4995 ], [ -117.5952, 39.499 ], [ -117.5972, 39.4989 ], [ -117.5978, 39.4979 ], [ -117.5994, 39.497 ], [ -117.5996, 39.4963 ], [ -117.6011, 39.4958 ], [ -117.6018, 39.495 ], [ -117.6015, 39.4934 ], [ -117.6026, 39.4923 ], [ -117.6018, 39.4908 ], [ -117.6034, 39.49 ], [ -117.6052, 39.4907 ], [ -117.6077, 39.4908 ], [ -117.6083, 39.4912 ], [ -117.6103, 39.4905 ], [ -117.6115, 39.491 ], [ -117.6126, 39.4898 ], [ -117.6155, 39.4898 ], [ -117.6159, 39.4888 ], [ -117.6163, 39.4826 ], [ -117.6166, 39.482 ], [ -117.6196, 39.4802 ], [ -117.6208, 39.4777 ], [ -117.6232, 39.4762 ], [ -117.6249, 39.4763 ], [ -117.6265, 39.4757 ], [ -117.6271, 39.4765 ], [ -117.6295, 39.4768 ], [ -117.6313, 39.4766 ], [ -117.6321, 39.4769 ], [ -117.6352, 39.4758 ], [ -117.6349, 39.4748 ], [ -117.6364, 39.473 ], [ -117.6382, 39.4717 ], [ -117.6415, 39.4708 ], [ -117.6419, 39.4698 ], [ -117.6438, 39.47 ], [ -117.6452, 39.4706 ], [ -117.646, 39.4703 ], [ -117.6476, 39.4704 ], [ -117.6481, 39.4688 ], [ -117.6509, 39.467 ], [ -117.6541, 39.4678 ], [ -117.6566, 39.4679 ], [ -117.656, 39.4667 ], [ -117.6559, 39.4653 ], [ -117.656, 39.4649 ], [ -117.6572, 39.4641 ], [ -117.6569, 39.4637 ], [ -117.6573, 39.4623 ], [ -117.656, 39.4617 ], [ -117.6554, 39.4601 ], [ -117.6548, 39.4601 ], [ -117.6537, 39.4594 ], [ -117.6538, 39.4578 ], [ -117.6512, 39.4582 ], [ -117.6494, 39.4592 ], [ -117.6472, 39.459 ], [ -117.6456, 39.4583 ], [ -117.645, 39.4584 ], [ -117.6424, 39.4572 ], [ -117.6422, 39.4562 ], [ -117.6412, 39.4557 ], [ -117.6372, 39.4518 ], [ -117.6382, 39.4503 ], [ -117.6392, 39.4497 ], [ -117.6402, 39.4461 ], [ -117.6396, 39.4445 ], [ -117.6396, 39.4419 ], [ -117.6384, 39.4397 ], [ -117.6404, 39.4386 ], [ -117.6428, 39.4358 ], [ -117.6433, 39.4346 ], [ -117.6433, 39.4331 ], [ -117.6425, 39.4305 ], [ -117.6431, 39.4294 ], [ -117.6451, 39.428 ], [ -117.646, 39.4266 ], [ -117.6486, 39.4265 ], [ -117.6507, 39.427 ], [ -117.6526, 39.4258 ], [ -117.6544, 39.4252 ], [ -117.656, 39.4256 ], [ -117.6579, 39.425 ], [ -117.6614, 39.4255 ], [ -117.6638, 39.4248 ], [ -117.6648, 39.4249 ], [ -117.6671, 39.4247 ], [ -117.6686, 39.4238 ], [ -117.6731, 39.4238 ], [ -117.6749, 39.4225 ], [ -117.6756, 39.4225 ], [ -117.676, 39.4196 ], [ -117.677, 39.4177 ], [ -117.6763, 39.4165 ], [ -117.6764, 39.4136 ], [ -117.6768, 39.4133 ], [ -117.6807, 39.4131 ], [ -117.6817, 39.4126 ], [ -117.6827, 39.4108 ], [ -117.6822, 39.4083 ], [ -117.6809, 39.4074 ], [ -117.6808, 39.4059 ], [ -117.6837, 39.4044 ], [ -117.684, 39.4029 ], [ -117.6852, 39.4022 ], [ -117.6857, 39.4014 ], [ -117.6851, 39.3984 ], [ -117.6872, 39.3967 ], [ -117.6878, 39.3949 ], [ -117.6901, 39.394 ], [ -117.6922, 39.3908 ], [ -117.6921, 39.3898 ], [ -117.6963, 39.3859 ], [ -117.701, 39.3846 ], [ -117.7034, 39.3852 ], [ -117.7068, 39.3843 ], [ -117.709, 39.3833 ], [ -117.7104, 39.3812 ], [ -117.7135, 39.3826 ], [ -117.7154, 39.3828 ], [ -117.7163, 39.3825 ], [ -117.7176, 39.383 ], [ -117.7199, 39.3829 ], [ -117.7211, 39.3829 ], [ -117.7254, 39.3809 ], [ -117.7281, 39.3802 ], [ -117.7319, 39.3802 ], [ -117.736, 39.381 ], [ -117.7386, 39.3811 ], [ -117.7405, 39.3817 ], [ -117.7435, 39.3838 ], [ -117.7451, 39.3844 ], [ -117.7455, 39.3852 ], [ -117.7469, 39.3857 ], [ -117.7475, 39.3855 ], [ -117.748, 39.3845 ], [ -117.7502, 39.3838 ], [ -117.7502, 39.3819 ], [ -117.7528, 39.3778 ], [ -117.7558, 39.3762 ], [ -117.7566, 39.3736 ], [ -117.7563, 39.3708 ], [ -117.7598, 39.3692 ], [ -117.7589, 39.3639 ], [ -117.7626, 39.3584 ], [ -117.7613, 39.3576 ], [ -117.763, 39.3528 ], [ -117.7607, 39.3523 ], [ -117.7594, 39.3515 ], [ -117.7597, 39.3512 ], [ -117.7598, 39.3483 ], [ -117.7594, 39.3465 ], [ -117.7575, 39.3448 ], [ -117.7587, 39.3419 ], [ -117.7597, 39.3414 ], [ -117.7606, 39.34 ], [ -117.7598, 39.3365 ], [ -117.7602, 39.3354 ], [ -117.7599, 39.3341 ], [ -117.7579, 39.332 ], [ -117.7558, 39.3311 ], [ -117.756, 39.3299 ], [ -117.7543, 39.3277 ], [ -117.7542, 39.3257 ], [ -117.7521, 39.324 ], [ -117.7516, 39.3231 ], [ -117.7515, 39.3217 ], [ -117.7526, 39.3199 ], [ -117.7514, 39.3176 ], [ -117.7515, 39.3155 ], [ -117.7527, 39.3126 ], [ -117.7527, 39.3118 ], [ -117.7509, 39.3098 ], [ -117.7498, 39.3099 ], [ -117.7478, 39.3085 ], [ -117.7468, 39.3041 ], [ -117.7462, 39.3035 ], [ -117.7429, 39.3015 ], [ -117.7423, 39.2993 ], [ -117.7397, 39.2968 ], [ -117.7396, 39.2963 ], [ -117.7413, 39.2951 ], [ -117.7417, 39.2944 ], [ -117.7425, 39.2912 ], [ -117.7426, 39.2894 ], [ -117.7436, 39.2878 ], [ -117.7415, 39.2857 ], [ -117.74, 39.2849 ], [ -117.7381, 39.2844 ], [ -117.733, 39.2813 ], [ -117.7321, 39.2752 ], [ -117.7308, 39.2737 ], [ -117.7301, 39.2712 ], [ -117.7302, 39.2699 ], [ -117.7314, 39.2688 ], [ -117.7313, 39.2678 ], [ -117.7272, 39.2643 ], [ -117.7275, 39.2635 ], [ -117.7264, 39.2624 ], [ -117.7257, 39.2605 ], [ -117.7257, 39.2581 ], [ -117.7237, 39.2545 ], [ -117.7228, 39.2508 ], [ -117.7217, 39.2499 ], [ -117.7164, 39.2486 ], [ -117.7147, 39.2473 ], [ -117.7141, 39.2456 ], [ -117.7151, 39.2435 ], [ -117.7174, 39.2424 ], [ -117.717, 39.2402 ], [ -117.7172, 39.2387 ], [ -117.7182, 39.2376 ], [ -117.7199, 39.2368 ], [ -117.7201, 39.2363 ], [ -117.7197, 39.2344 ], [ -117.7208, 39.232 ], [ -117.7207, 39.2305 ], [ -117.7193, 39.228 ], [ -117.7216, 39.225 ], [ -117.7213, 39.2234 ], [ -117.7203, 39.2217 ], [ -117.7204, 39.221 ], [ -117.7227, 39.217 ], [ -117.7197, 39.213 ], [ -117.7202, 39.2127 ], [ -117.7214, 39.2131 ], [ -117.7239, 39.2127 ], [ -117.7267, 39.2133 ], [ -117.7283, 39.2124 ], [ -117.733, 39.211 ], [ -117.7346, 39.2101 ], [ -117.7357, 39.2083 ], [ -117.735, 39.2061 ], [ -117.7353, 39.2053 ], [ -117.7404, 39.2007 ], [ -117.7416, 39.1989 ], [ -117.7427, 39.199 ], [ -117.7442, 39.1985 ], [ -117.7436, 39.1973 ], [ -117.7435, 39.195 ], [ -117.7441, 39.1946 ], [ -117.7443, 39.1936 ], [ -117.7442, 39.1914 ], [ -117.7489, 39.1904 ], [ -117.7508, 39.1889 ], [ -117.7509, 39.1871 ], [ -117.7524, 39.1861 ], [ -117.7532, 39.1848 ], [ -117.7537, 39.1847 ], [ -117.7556, 39.1856 ], [ -117.7568, 39.1852 ], [ -117.7603, 39.1857 ], [ -117.7618, 39.1854 ], [ -117.7648, 39.1831 ], [ -117.7656, 39.1819 ], [ -117.7659, 39.1794 ], [ -117.7689, 39.1767 ], [ -117.771, 39.1742 ], [ -117.7731, 39.174 ], [ -117.775, 39.1734 ], [ -117.7764, 39.1735 ], [ -117.7805, 39.1755 ], [ -117.7824, 39.1758 ], [ -117.7849, 39.174 ], [ -117.7853, 39.1733 ], [ -117.7848, 39.1717 ], [ -117.786, 39.1707 ], [ -117.7861, 39.17 ], [ -117.7882, 39.1691 ], [ -117.7894, 39.1696 ], [ -117.7916, 39.1696 ], [ -117.7917, 39.1681 ], [ -117.7888, 39.1644 ], [ -117.7891, 39.1637 ], [ -117.791, 39.1622 ], [ -117.7927, 39.1617 ], [ -117.793, 39.1611 ], [ -117.7926, 39.1589 ], [ -117.7904, 39.1581 ], [ -117.7877, 39.1552 ], [ -117.7869, 39.1533 ], [ -117.7845, 39.1515 ], [ -117.7846, 39.151 ], [ -117.785, 39.1505 ], [ -117.7858, 39.1504 ], [ -117.7893, 39.1501 ], [ -117.7934, 39.1481 ], [ -117.7935, 39.1448 ], [ -117.7975, 39.1454 ], [ -117.8009, 39.1449 ], [ -117.8038, 39.1457 ], [ -117.8062, 39.1458 ], [ -117.8068, 39.1454 ], [ -117.8059, 39.1442 ], [ -117.8058, 39.1418 ], [ -117.8015, 39.1388 ], [ -117.7986, 39.1385 ], [ -117.7958, 39.1391 ], [ -117.7949, 39.1388 ], [ -117.7938, 39.1343 ], [ -117.7915, 39.1314 ], [ -117.7914, 39.1288 ], [ -117.7936, 39.1268 ], [ -117.7926, 39.1255 ], [ -117.7936, 39.124 ], [ -117.7964, 39.122 ], [ -117.7938, 39.1209 ], [ -117.7928, 39.1196 ], [ -117.7931, 39.1176 ], [ -117.7946, 39.1168 ], [ -117.7963, 39.117 ], [ -117.7987, 39.1187 ], [ -117.8008, 39.1175 ], [ -117.8009, 39.1167 ], [ -117.8017, 39.1159 ], [ -117.8014, 39.1149 ], [ -117.8005, 39.1144 ], [ -117.8001, 39.1125 ], [ -117.7995, 39.1119 ], [ -117.798, 39.1121 ], [ -117.7971, 39.1114 ], [ -117.7966, 39.1106 ], [ -117.7947, 39.1096 ], [ -117.7934, 39.1083 ], [ -117.7893, 39.1082 ], [ -117.7866, 39.1072 ], [ -117.7845, 39.1068 ], [ -117.7815, 39.1049 ], [ -117.7786, 39.1014 ], [ -117.7774, 39.0968 ], [ -117.7763, 39.0951 ], [ -117.7772, 39.0944 ], [ -117.7755, 39.0934 ], [ -117.8651, 39.0737 ], [ -118.2436, 39.0733 ], [ -118.251, 39.0737 ], [ -118.376, 39.0735 ], [ -118.4535, 39.074 ], [ -118.4567, 39.0737 ], [ -118.4775, 39.0737 ], [ -118.4777, 39.1128 ], [ -118.5183, 39.1126 ], [ -118.5332, 39.1122 ], [ -118.5333, 39.1269 ], [ -118.5444, 39.1273 ], [ -118.5703, 39.1273 ], [ -118.5702, 39.1419 ], [ -118.7516, 39.1418 ], [ -118.7417, 39.1538 ], [ -118.7406, 39.1559 ], [ -118.7399, 39.1588 ], [ -118.7413, 39.2169 ], [ -118.7417, 39.2201 ], [ -118.7425, 39.2227 ], [ -118.744, 39.2256 ], [ -118.7809, 39.2821 ], [ -118.7821, 39.2849 ], [ -118.7824, 39.2885 ], [ -118.7814, 39.3911 ] ], [ [ -118.7348, 39.4348 ], [ -118.7345, 39.4328 ], [ -118.7349, 39.4094 ], [ -118.7254, 39.4094 ], [ -118.7255, 39.3949 ], [ -118.7067, 39.3949 ], [ -118.7067, 39.3983 ], [ -118.702, 39.3982 ], [ -118.7019, 39.3876 ], [ -118.6929, 39.3875 ], [ -118.6927, 39.3911 ], [ -118.6833, 39.391 ], [ -118.6833, 39.3874 ], [ -118.6786, 39.3875 ], [ -118.6786, 39.3839 ], [ -118.6693, 39.3838 ], [ -118.6693, 39.3947 ], [ -118.6647, 39.3947 ], [ -118.6647, 39.4131 ], [ -118.6691, 39.4131 ], [ -118.669, 39.4166 ], [ -118.6882, 39.4164 ], [ -118.6879, 39.4382 ], [ -118.6784, 39.4383 ], [ -118.6786, 39.4404 ], [ -118.6879, 39.4427 ], [ -118.6877, 39.4457 ], [ -118.6826, 39.4457 ], [ -118.6825, 39.4495 ], [ -118.6972, 39.4495 ], [ -118.6971, 39.4565 ], [ -118.7018, 39.4566 ], [ -118.7018, 39.4602 ], [ -118.7201, 39.4601 ], [ -118.7205, 39.4561 ], [ -118.7237, 39.4569 ], [ -118.7243, 39.4577 ], [ -118.7257, 39.4581 ], [ -118.7283, 39.4583 ], [ -118.73, 39.4596 ], [ -118.7326, 39.4602 ], [ -118.7346, 39.4602 ], [ -118.7347, 39.4563 ], [ -118.7357, 39.4541 ], [ -118.7343, 39.4535 ], [ -118.7345, 39.4383 ], [ -118.7394, 39.4384 ], [ -118.7395, 39.4348 ], [ -118.7348, 39.4348 ] ] ] } },
{ "type": "Feature", "properties": { "GEOIDFQ": "1400000US32001950400", "NAME": "9504", "NAMELSAD": "Census Tract 9504" }, "geometry": { "type": "Polygon", "coordinates": [ [ [ -118.7394, 39.4384 ], [ -118.7345, 39.4383 ], [ -118.7343, 39.4535 ], [ -118.7357, 39.4541 ], [ -118.7347, 39.4563 ], [ -118.7346, 39.4602 ], [ -118.7326, 39.4602 ], [ -118.73, 39.4596 ], [ -118.7283, 39.4583 ], [ -118.7257, 39.4581 ], [ -118.7243, 39.4577 ], [ -118.7237, 39.4569 ], [ -118.7205, 39.4561 ], [ -118.7201, 39.4601 ], [ -118.7018, 39.4602 ], [ -118.7018, 39.4566 ], [ -118.6971, 39.4565 ], [ -118.6972, 39.4495 ], [ -118.6825, 39.4495 ], [ -118.6826, 39.4457 ], [ -118.6877, 39.4457 ], [ -118.6879, 39.4427 ], [ -118.6786, 39.4404 ], [ -118.6784, 39.4383 ], [ -118.6879, 39.4382 ], [ -118.6882, 39.4164 ], [ -118.669, 39.4166 ], [ -118.6691, 39.4131 ], [ -118.6647, 39.4131 ], [ -118.6647, 39.3947 ], [ -118.6693, 39.3947 ], [ -118.6693, 39.3838 ], [ -118.6786, 39.3839 ], [ -118.6786, 39.3875 ], [ -118.6833, 39.3874 ], [ -118.6833, 39.391 ], [ -118.6927, 39.3911 ], [ -118.6929, 39.3875 ], [ -118.7019, 39.3876 ], [ -118.702, 39.3982 ], [ -118.7067, 39.3983 ], [ -118.7067, 39.3949 ], [ -118.7255, 39.3949 ], [ -118.7254, 39.4094 ], [ -118.7349, 39.4094 ], [ -118.7345, 39.4328 ], [ -118.7348, 39.4348 ], [ -118.7393, 39.4347 ], [ -118.7394, 39.4384 ] ] ] } },
{ "type": "Feature", "properties": { "GEOIDFQ": "1400000US32001950500", "NAME": "9505", "NAMELSAD": "Census Tract 9505" }, "geometry": { "type": "Polygon", "coordinates": [ [ [ -118.7793, 39.6813 ], [ -118.7707, 39.6817 ], [ -118.7691, 39.6821 ], [ -118.7558, 39.6821 ], [ -118.7479, 39.6827 ], [ -118.739, 39.6873 ], [ -118.7384, 39.688 ], [ -118.7376, 39.6909 ], [ -118.7376, 39.6929 ], [ -118.7386, 39.696 ], [ -118.7385, 39.703 ], [ -118.73, 39.709 ], [ -118.7286, 39.7092 ], [ -118.7137, 39.7085 ], [ -118.7071, 39.7076 ], [ -118.7039, 39.7067 ], [ -118.702, 39.7045 ], [ -118.6996, 39.7028 ], [ -118.6917, 39.6997 ], [ -118.6847, 39.6956 ], [ -118.6783, 39.6927 ], [ -118.6726, 39.6909 ], [ -118.663, 39.6868 ], [ -118.6506, 39.6824 ], [ -118.6504, 39.6821 ], [ -118.6508, 39.6818 ], [ -118.6505, 39.6817 ], [ -118.6461, 39.6838 ], [ -118.6447, 39.6839 ], [ -118.6429, 39.6848 ], [ -118.6376, 39.6856 ], [ -118.6335, 39.691 ], [ -118.6324, 39.6913 ], [ -118.6322, 39.6918 ], [ -118.6303, 39.6871 ], [ -118.6305, 39.6861 ], [ -118.6286, 39.685 ], [ -118.628, 39.6841 ], [ -118.6293, 39.6821 ], [ -118.6232, 39.6788 ], [ -118.6212, 39.6754 ], [ -118.6196, 39.6745 ], [ -118.6193, 39.6732 ], [ -118.6179, 39.6714 ], [ -118.6174, 39.6687 ], [ -118.6142, 39.6648 ], [ -118.6147, 39.6641 ], [ -118.6128, 39.6634 ], [ -118.6132, 39.6615 ], [ -118.6122, 39.6611 ], [ -118.6114, 39.6599 ], [ -118.6101, 39.6591 ], [ -118.6087, 39.6576 ], [ -118.6093, 39.6571 ], [ -118.6092, 39.6564 ], [ -118.6081, 39.6544 ], [ -118.5995, 39.6463 ], [ -118.594, 39.6377 ], [ -118.5893, 39.632 ], [ -118.584, 39.6281 ], [ -118.5837, 39.6274 ], [ -118.5829, 39.6271 ], [ -118.5767, 39.6205 ], [ -118.5759, 39.6188 ], [ -118.5719, 39.6134 ], [ -118.5667, 39.6071 ], [ -118.5658, 39.6072 ], [ -118.5584, 39.611 ], [ -118.5552, 39.609 ], [ -118.5536, 39.5855 ], [ -118.5522, 39.5772 ], [ -118.5543, 39.5701 ], [ -118.5523, 39.5579 ], [ -118.5515, 39.5487 ], [ -118.5748, 39.5487 ], [ -118.5748, 39.5338 ], [ -118.5933, 39.5333 ], [ -118.5939, 39.5298 ], [ -118.5939, 39.5044 ], [ -118.5893, 39.5044 ], [ -118.5892, 39.5005 ], [ -118.5939, 39.5006 ], [ -118.5938, 39.4898 ], [ -118.669, 39.4896 ], [ -118.669, 39.4759 ], [ -118.6693, 39.4752 ], [ -118.6701, 39.475 ], [ -118.689, 39.475 ], [ -118.6901, 39.4748 ], [ -118.6925, 39.4751 ], [ -118.7066, 39.4751 ], [ -118.7563, 39.4748 ], [ -118.755, 39.4809 ], [ -118.7569, 39.4837 ], [ -118.758, 39.4877 ], [ -118.7629, 39.4876 ], [ -118.7628, 39.4844 ], [ -118.7694, 39.4875 ], [ -118.7751, 39.488 ], [ -118.773, 39.4905 ], [ -118.7723, 39.4925 ], [ -118.7722, 39.5055 ], [ -118.773, 39.513 ], [ -118.7729, 39.5156 ], [ -118.7721, 39.5182 ], [ -118.7688, 39.5246 ], [ -118.7682, 39.529 ], [ -118.7841, 39.612 ], [ -118.7845, 39.6159 ], [ -118.7793, 39.6813 ] ] ] } },
{ "type": "Feature", "properties": { "GEOIDFQ": "1400000US32001950600", "NAME": "9506", "NAMELSAD": "Census Tract 9506" }, "geometry": { "type": "Polygon", "coordinates": [ [ [ -119.2261, 39.9068 ], [ -119.2253, 39.9141 ], [ -119.2252, 39.9994 ], [ -118.9561, 39.9993 ], [ -118.876, 39.9984 ], [ -118.6803, 39.9985 ], [ -118.6825, 39.9897 ], [ -118.6839, 39.9866 ], [ -118.7017, 39.9642 ], [ -118.7053, 39.9603 ], [ -118.7078, 39.9586 ], [ -118.7102, 39.9574 ], [ -118.7488, 39.9422 ], [ -118.7531, 39.892 ], [ -118.7551, 39.8886 ], [ -118.7688, 39.8723 ], [ -118.7746, 39.8598 ], [ -118.7759, 39.8551 ], [ -118.7762, 39.8482 ], [ -118.7688, 39.7569 ], [ -118.7693, 39.712 ], [ -118.7706, 39.7054 ], [ -118.7777, 39.6881 ], [ -118.7791, 39.683 ], [ -118.7845, 39.6159 ], [ -118.7841, 39.612 ], [ -118.7682, 39.529 ], [ -118.7688, 39.5246 ], [ -118.7721, 39.5182 ], [ -118.7729, 39.5156 ], [ -118.773, 39.513 ], [ -118.7722, 39.5055 ], [ -118.7723, 39.4925 ], [ -118.773, 39.4905 ], [ -118.7751, 39.488 ], [ -118.781, 39.4879 ], [ -118.7836, 39.487 ], [ -118.7865, 39.4867 ], [ -118.7958, 39.4834 ], [ -118.8023, 39.4802 ], [ -118.8085, 39.4782 ], [ -118.8374, 39.4853 ], [ -118.8655, 39.4856 ], [ -118.8835, 39.4886 ], [ -118.8885, 39.4906 ], [ -118.9067, 39.502 ], [ -118.9149, 39.5048 ], [ -118.9297, 39.5087 ], [ -119.0454, 39.5624 ], [ -119.0487, 39.5634 ], [ -119.0526, 39.5639 ], [ -119.0694, 39.5624 ], [ -119.0746, 39.5626 ], [ -119.0778, 39.5634 ], [ -119.0804, 39.5645 ], [ -119.09, 39.5701 ], [ -119.0891, 39.6368 ], [ -119.0771, 39.6368 ], [ -119.0771, 39.7226 ], [ -119.068, 39.7226 ], [ -119.068, 39.7299 ], [ -119.0586, 39.7299 ], [ -119.0586, 39.7371 ], [ -119.0634, 39.7371 ], [ -119.1013, 39.7021 ], [ -119.1093, 39.6924 ], [ -119.1149, 39.6875 ], [ -119.1608, 39.6561 ], [ -119.1653, 39.6545 ], [ -119.1755, 39.6534 ], [ -119.1786, 39.652 ], [ -119.1803, 39.6497 ], [ -119.1814, 39.644 ], [ -119.1834, 39.6395 ], [ -119.1867, 39.6353 ], [ -119.1907, 39.6318 ], [ -119.1927, 39.6368 ], [ -119.1893, 39.6368 ], [ -119.1893, 39.6805 ], [ -119.1706, 39.6805 ], [ -119.1706, 39.7228 ], [ -119.1711, 39.7228 ], [ -119.1712, 39.7372 ], [ -119.1709, 39.7883 ], [ -119.1897, 39.7882 ], [ -119.1898, 39.81 ], [ -119.2085, 39.81 ], [ -119.2083, 39.8749 ], [ -119.2086, 39.8995 ], [ -119.2261, 39.8994 ], [ -119.2261, 39.9068 ] ] ] } },
{ "type": "Feature", "properties": { "GEOIDFQ": "1400000US32003002936", "NAME": "29.36", "NAMELSAD": "Census Tract 29.36" }, "geometry": { "type": "Polygon", "coordinates": [ [ [ -115.2249, 36.1254 ], [ -115.2249, 36.1144 ], [ -115.2339, 36.1145 ], [ -115.2339, 36.1256 ], [ -115.2249, 36.1254 ] ] ] } },
{ "type": "Feature", "properties": { "GEOIDFQ": "1400000US32003002962", "NAME": "29.62", "NAMELSAD": "Census Tract 29.62" }, "geometry": { "type": "Polygon", "coordinates": [ [ [ -115.2079, 36.0863 ], [ -115.208, 36.1009 ], [ -115.1805, 36.1007 ], [ -115.1806, 36.0638 ], [ -115.1952, 36.0681 ], [ -115.1984, 36.0687 ], [ -115.2014, 36.0688 ], [ -115.2108, 36.0677 ], [ -115.2181, 36.0674 ], [ -115.2245, 36.0678 ], [ -115.2243, 36.0709 ], [ -115.2253, 36.0854 ], [ -115.2079, 36.0863 ] ] ] } },
{ "type": "Feature", "properties": { "GEOIDFQ": "1400000US32003001804", "NAME": "18.04", "NAMELSAD": "Census Tract 18.04" }, "geometry": { "type": "Polygon", "coordinates": [ [ [ -115.1169, 36.1445 ], [ -115.1054, 36.1444 ], [ -115.1054, 36.1371 ], [ -115.1186, 36.137 ], [ -115.1188, 36.1442 ], [ -115.1169, 36.1445 ] ] ] } },
{ "type": "Feature", "properties": { "GEOIDFQ": "1400000US32003003411", "NAME": "34.11", "NAMELSAD": "Census Tract 34.11" }, "geometry": { "type": "Polygon", "coordinates": [ [ [ -115.2468, 36.233 ], [ -115.2467, 36.2182 ], [ -115.2604, 36.2183 ], [ -115.2607, 36.233 ], [ -115.2468, 36.233 ] ] ] } },
{ "type": "Feature", "properties": { "GEOIDFQ": "1400000US32003005106", "NAME": "51.06", "NAMELSAD": "Census Tract 51.06" }, "geometry": { "type": "Polygon", "coordinates": [ [ [ -115.0687, 36.0563 ], [ -115.0687, 36.0512 ], [ -115.0697, 36.0492 ], [ -115.0825, 36.0525 ], [ -115.0842, 36.0565 ], [ -115.0687, 36.0563 ] ] ] } },
{ "type": "Feature", "properties": { "GEOIDFQ": "1400000US32003003208", "NAME": "32.08", "NAMELSAD": "Census Tract 32.08" }, "geometry": { "type": "Polygon", "coordinates": [ [ [ -115.2604, 36.2478 ], [ -115.2607, 36.2331 ], [ -115.2791, 36.2337 ], [ -115.2792, 36.2483 ], [ -115.2604, 36.2478 ] ] ] } },
{ "type": "Feature", "properties": { "GEOIDFQ": "1400000US32003002826", "NAME": "28.26", "NAMELSAD": "Census Tract 28.26" }, "geometry": { "type": "Polygon", "coordinates": [ [ [ -115.0819, 36.1003 ], [ -115.0807, 36.0979 ], [ -115.0788, 36.0957 ], [ -115.08, 36.0966 ], [ -115.0823, 36.0966 ], [ -115.0821, 36.0856 ], [ -115.0913, 36.0856 ], [ -115.0918, 36.1002 ], [ -115.0819, 36.1003 ] ] ] } },
{ "type": "Feature", "properties": { "GEOIDFQ": "1400000US32003002827", "NAME": "28.27", "NAMELSAD": "Census Tract 28.27" }, "geometry": { "type": "Polygon", "coordinates": [ [ [ -115.08, 36.0966 ], [ -115.0773, 36.0945 ], [ -115.0692, 36.0895 ], [ -115.0668, 36.0885 ], [ -115.0639, 36.088 ], [ -115.064, 36.0873 ], [ -115.0665, 36.0873 ], [ -115.0698, 36.086 ], [ -115.0716, 36.0857 ], [ -115.0821, 36.0856 ], [ -115.0823, 36.0966 ], [ -115.08, 36.0966 ] ] ] } },
{ "type": "Feature", "properties": { "GEOIDFQ": "1400000US32003002825", "NAME": "28.25", "NAMELSAD": "Census Tract 28.25" }, "geometry": { "type": "Polygon", "coordinates": [ [ [ -115.0918, 36.1002 ], [ -115.0913, 36.0856 ], [ -115.101, 36.0864 ], [ -115.101, 36.0999 ], [ -115.0918, 36.1002 ] ] ] } },
{ "type": "Feature", "properties": { "GEOIDFQ": "1400000US32003002829", "NAME": "28.29", "NAMELSAD": "Census Tract 28.29" }, "geometry": { "type": "Polygon", "coordinates": [ [ [ -115.1544, 36.0423 ], [ -115.1453, 36.0425 ], [ -115.1451, 36.0352 ], [ -115.1443, 36.0352 ], [ -115.1444, 36.0308 ], [ -115.1439, 36.0303 ], [ -115.1439, 36.0299 ], [ -115.145, 36.0299 ], [ -115.145, 36.0281 ], [ -115.1474, 36.028 ], [ -115.1498, 36.0286 ], [ -115.153, 36.0277 ], [ -115.1545, 36.0278 ], [ -115.1544, 36.0423 ] ] ] } },
{ "type": "Feature", "properties": { "GEOIDFQ": "1400000US32005001200", "NAME": "12", "NAMELSAD": "Census Tract 12" }, "geometry": { "type": "Polygon", "coordinates": [ [ [ -119.7791, 38.9116 ], [ -119.777, 38.9109 ], [ -119.776, 38.9115 ], [ -119.772, 38.911 ], [ -119.7709, 38.9119 ], [ -119.7686, 38.9111 ], [ -119.7673, 38.9112 ], [ -119.7663, 38.9123 ], [ -119.7655, 38.9125 ], [ -119.7648, 38.9118 ], [ -119.7643, 38.9118 ], [ -119.7633, 38.9123 ], [ -119.7622, 38.9138 ], [ -119.7602, 38.9143 ], [ -119.7588, 38.9172 ], [ -119.7563, 38.9172 ], [ -119.7528, 38.9178 ], [ -119.7469, 38.9175 ], [ -119.7469, 38.9142 ], [ -119.7421, 38.9141 ], [ -119.7421, 38.8892 ], [ -119.7416, 38.8815 ], [ -119.7479, 38.8829 ], [ -119.749, 38.8842 ], [ -119.749, 38.8854 ], [ -119.7512, 38.8851 ], [ -119.7559, 38.8857 ], [ -119.7585, 38.8854 ], [ -119.7606, 38.8841 ], [ -119.7635, 38.884 ], [ -119.7628, 38.8834 ], [ -119.763, 38.8811 ], [ -119.7606, 38.8783 ], [ -119.7664, 38.8775 ], [ -119.7667, 38.878 ], [ -119.766, 38.8789 ], [ -119.766, 38.8811 ], [ -119.7672, 38.8816 ], [ -119.7681, 38.8852 ], [ -119.7688, 38.8861 ], [ -119.7708, 38.8861 ], [ -119.7727, 38.8871 ], [ -119.7728, 38.8887 ], [ -119.7753, 38.8931 ], [ -119.7749, 38.8939 ], [ -119.7752, 38.8946 ], [ -119.7783, 38.8969 ], [ -119.7791, 38.8971 ], [ -119.7791, 38.9116 ] ] ] } },
{ "type": "Feature", "properties": { "GEOIDFQ": "1400000US32005001100", "NAME": "11", "NAMELSAD": "Census Tract 11" }, "geometry": { "type": "Polygon", "coordinates": [ [ [ -119.7385, 38.8978 ], [ -119.7373, 38.8968 ], [ -119.7318, 38.8968 ], [ -119.7318, 38.8955 ], [ -119.7239, 38.8955 ], [ -119.7239, 38.889 ], [ -119.7196, 38.888 ], [ -119.7231, 38.8812 ], [ -119.7371, 38.8763 ], [ -119.7415, 38.874 ], [ -119.7406, 38.8769 ], [ -119.7418, 38.8822 ], [ -119.7421, 38.8978 ], [ -119.7385, 38.8978 ] ] ] } },
{ "type": "Feature", "properties": { "GEOIDFQ": "1400000US32003003210", "NAME": "32.10", "NAMELSAD": "Census Tract 32.10" }, "geometry": { "type": "Polygon", "coordinates": [ [ [ -115.338, 36.2097 ], [ -115.3305, 36.2157 ], [ -115.3275, 36.2192 ], [ -115.3251, 36.2184 ], [ -115.3197, 36.2183 ], [ -115.319, 36.2142 ], [ -115.3214, 36.2134 ], [ -115.3222, 36.2123 ], [ -115.3224, 36.2113 ], [ -115.322, 36.2098 ], [ -115.3201, 36.207 ], [ -115.32, 36.2051 ], [ -115.3241, 36.2051 ], [ -115.3315, 36.2036 ], [ -115.3404, 36.2055 ], [ -115.338, 36.2097 ] ] ] } },
{ "type": "Feature", "properties": { "GEOIDFQ": "1400000US32003002981", "NAME": "29.81", "NAMELSAD": "Census Tract 29.81" }, "geometry": { "type": "Polygon", "coordinates": [ [ [ -115.2249, 36.0564 ], [ -115.2094, 36.057 ], [ -115.2134, 36.0497 ], [ -115.2253, 36.0493 ], [ -115.2249, 36.0564 ] ] ] } },
{ "type": "Feature", "properties": { "GEOIDFQ": "1400000US32031003203", "NAME": "32.03", "NAMELSAD": "Census Tract 32.03" }, "geometry": { "type": "Polygon", "coordinates": [ [ [ -119.8514, 39.3615 ], [ -119.8462, 39.3703 ], [ -119.8411, 39.3753 ], [ -119.8391, 39.3764 ], [ -119.8258, 39.3794 ], [ -119.8166, 39.3845 ], [ -119.7981, 39.3917 ], [ -119.7959, 39.3919 ], [ -119.7728, 39.3913 ], [ -119.7693, 39.3917 ], [ -119.765, 39.3936 ], [ -119.7461, 39.4029 ], [ -119.7435, 39.3982 ], [ -119.7405, 39.3864 ], [ -119.7404, 39.384 ], [ -119.7411, 39.3819 ], [ -119.7446, 39.3771 ], [ -119.7471, 39.3715 ], [ -119.7524, 39.3654 ], [ -119.7598, 39.3618 ], [ -119.7651, 39.3604 ], [ -119.7726, 39.3564 ], [ -119.7754, 39.3539 ], [ -119.7787, 39.3482 ], [ -119.7787, 39.3461 ], [ -119.7777, 39.3422 ], [ -119.7791, 39.3375 ], [ -119.7805, 39.3357 ], [ -119.7825, 39.3345 ], [ -119.7965, 39.3304 ], [ -119.8031, 39.3291 ], [ -119.8145, 39.3232 ], [ -119.8155, 39.3245 ], [ -119.8166, 39.3251 ], [ -119.8128, 39.331 ], [ -119.8133, 39.3319 ], [ -119.8118, 39.335 ], [ -119.8127, 39.338 ], [ -119.8142, 39.3387 ], [ -119.8187, 39.3377 ], [ -119.823, 39.3393 ], [ -119.824, 39.3404 ], [ -119.8253, 39.3404 ], [ -119.8267, 39.3399 ], [ -119.8273, 39.341 ], [ -119.827, 39.3441 ], [ -119.8278, 39.3461 ], [ -119.8289, 39.3471 ], [ -119.8341, 39.3497 ], [ -119.8353, 39.3525 ], [ -119.8416, 39.3543 ], [ -119.843, 39.3576 ], [ -119.8466, 39.3599 ], [ -119.8513, 39.36 ], [ -119.8525, 39.3593 ], [ -119.8533, 39.3597 ], [ -119.8514, 39.3615 ] ] ] } },
{ "type": "Feature", "properties": { "GEOIDFQ": "1400000US32031002409", "NAME": "24.09", "NAMELSAD": "Census Tract 24.09" }, "geometry": { "type": "Polygon", "coordinates": [ [ [ -119.9217, 39.5288 ], [ -119.9207, 39.5293 ], [ -119.9209, 39.5298 ], [ -119.9199, 39.5302 ], [ -119.92, 39.5306 ], [ -119.9179, 39.5303 ], [ -119.9161, 39.5309 ], [ -119.9153, 39.5308 ], [ -119.9152, 39.5318 ], [ -119.914, 39.5332 ], [ -119.9141, 39.5339 ], [ -119.9134, 39.5351 ], [ -119.914, 39.5363 ], [ -119.9141, 39.5378 ], [ -119.9133, 39.5397 ], [ -119.9141, 39.5417 ], [ -119.9106, 39.5463 ], [ -119.9102, 39.5476 ], [ -119.9091, 39.5483 ], [ -119.9081, 39.5499 ], [ -119.9043, 39.549 ], [ -119.9024, 39.5474 ], [ -119.901, 39.5479 ], [ -119.9007, 39.5473 ], [ -119.8986, 39.5464 ], [ -119.8985, 39.5452 ], [ -119.8945, 39.5412 ], [ -119.895, 39.5377 ], [ -119.8947, 39.5363 ], [ -119.8954, 39.534 ], [ -119.8933, 39.5299 ], [ -119.895, 39.5266 ], [ -119.8951, 39.5249 ], [ -119.8983, 39.5243 ], [ -119.9001, 39.5226 ], [ -119.9004, 39.5137 ], [ -119.9051, 39.5132 ], [ -119.9088, 39.5134 ], [ -119.9093, 39.515 ], [ -119.9105, 39.5147 ], [ -119.9122, 39.5149 ], [ -119.913, 39.5159 ], [ -119.9142, 39.5167 ], [ -119.9194, 39.5186 ], [ -119.9204, 39.5217 ], [ -119.9225, 39.5221 ], [ -119.9217, 39.5288 ] ] ] } },
{ "type": "Feature", "properties": { "GEOIDFQ": "1400000US32031002613", "NAME": "26.13", "NAMELSAD": "Census Tract 26.13" }, "geometry": { "type": "Polygon", "coordinates": [ [ [ -120.001, 39.7342 ], [ -119.9995, 39.7344 ], [ -119.9992, 39.7349 ], [ -119.9972, 39.735 ], [ -119.9972, 39.736 ], [ -119.996, 39.7337 ], [ -119.9959, 39.734 ], [ -119.9959, 39.7334 ], [ -119.9947, 39.7335 ], [ -119.9921, 39.7324 ], [ -119.9908, 39.7307 ], [ -119.9888, 39.7289 ], [ -119.9881, 39.7287 ], [ -119.9876, 39.729 ], [ -119.9875, 39.7296 ], [ -119.9882, 39.7298 ], [ -119.9884, 39.7309 ], [ -119.987, 39.7316 ], [ -119.9863, 39.7334 ], [ -119.9847, 39.7302 ], [ -119.9831, 39.7233 ], [ -119.9835, 39.7179 ], [ -119.9844, 39.7141 ], [ -119.9823, 39.7141 ], [ -119.9793, 39.7116 ], [ -119.9741, 39.711 ], [ -119.9692, 39.7109 ], [ -119.9652, 39.7093 ], [ -119.9642, 39.7108 ], [ -119.9628, 39.7146 ], [ -119.9629, 39.7157 ], [ -119.9561, 39.7153 ], [ -119.9567, 39.7135 ], [ -119.9537, 39.7132 ], [ -119.9504, 39.7141 ], [ -119.9468, 39.7133 ], [ -119.9447, 39.7141 ], [ -119.9413, 39.7144 ], [ -119.939, 39.7156 ], [ -119.9373, 39.7156 ], [ -119.9354, 39.7162 ], [ -119.9314, 39.7153 ], [ -119.9299, 39.7145 ], [ -119.927, 39.711 ], [ -119.9259, 39.7086 ], [ -119.9246, 39.707 ], [ -119.923, 39.7055 ], [ -119.9213, 39.7049 ], [ -119.9217, 39.7043 ], [ -119.9212, 39.7028 ], [ -119.9196, 39.7015 ], [ -119.9233, 39.6984 ], [ -119.9262, 39.6967 ], [ -119.9286, 39.6937 ], [ -119.93, 39.693 ], [ -119.9314, 39.6902 ], [ -119.9317, 39.6875 ], [ -119.9354, 39.6846 ], [ -119.9378, 39.6815 ], [ -119.9399, 39.6825 ], [ -119.9416, 39.684 ], [ -119.9448, 39.6851 ], [ -119.9453, 39.6855 ], [ -119.9451, 39.6867 ], [ -119.9465, 39.6889 ], [ -119.9505, 39.6902 ], [ -119.9527, 39.6919 ], [ -119.9547, 39.691 ], [ -119.9547, 39.6898 ], [ -119.956, 39.6887 ], [ -119.9591, 39.6876 ], [ -119.9594, 39.6852 ], [ -119.9583, 39.6835 ], [ -119.9581, 39.6822 ], [ -119.9603, 39.6825 ], [ -119.9618, 39.6822 ], [ -119.9626, 39.6825 ], [ -119.9626, 39.6832 ], [ -119.9685, 39.6832 ], [ -119.9685, 39.6864 ], [ -119.9786, 39.6863 ], [ -119.9787, 39.6791 ], [ -119.9971, 39.679 ], [ -119.9971, 39.6718 ], [ -119.9947, 39.6688 ], [ -119.9962, 39.6681 ], [ -120.0009, 39.6736 ], [ -120.001, 39.7342 ] ] ] } },
{ "type": "Feature", "properties": { "GEOIDFQ": "1400000US32031002615", "NAME": "26.15", "NAMELSAD": "Census Tract 26.15" }, "geometry": { "type": "Polygon", "coordinates": [ [ [ -119.8744, 39.6341 ], [ -119.8737, 39.636 ], [ -119.871, 39.6377 ], [ -119.8703, 39.6394 ], [ -119.8688, 39.6411 ], [ -119.8673, 39.6412 ], [ -119.8671, 39.6427 ], [ -119.8641, 39.644 ], [ -119.8541, 39.6324 ], [ -119.8497, 39.6244 ], [ -119.848, 39.6235 ], [ -119.8487, 39.6205 ], [ -119.8481, 39.6157 ], [ -119.8489, 39.614 ], [ -119.8503, 39.6144 ], [ -119.8553, 39.6145 ], [ -119.8567, 39.6148 ], [ -119.8598, 39.6176 ], [ -119.8607, 39.62 ], [ -119.8615, 39.6208 ], [ -119.863, 39.6214 ], [ -119.8679, 39.622 ], [ -119.8692, 39.6232 ], [ -119.8695, 39.6249 ], [ -119.872, 39.6251 ], [ -119.8743, 39.6259 ], [ -119.8757, 39.6257 ], [ -119.8751, 39.6285 ], [ -119.8761, 39.6326 ], [ -119.8744, 39.6341 ] ] ] } },
{ "type": "Feature", "properties": { "GEOIDFQ": "1400000US32031002705", "NAME": "27.05", "NAMELSAD": "Census Tract 27.05" }, "geometry": { "type": "Polygon", "coordinates": [ [ [ -119.8064, 39.6031 ], [ -119.8071, 39.6056 ], [ -119.808, 39.6068 ], [ -119.8071, 39.6104 ], [ -119.8074, 39.6121 ], [ -119.8067, 39.6129 ], [ -119.8066, 39.6141 ], [ -119.8055, 39.6153 ], [ -119.8016, 39.6163 ], [ -119.8004, 39.6207 ], [ -119.8012, 39.6219 ], [ -119.8002, 39.6232 ], [ -119.8031, 39.6249 ], [ -119.8042, 39.6264 ], [ -119.804, 39.6275 ], [ -119.8055, 39.6309 ], [ -119.7971, 39.6317 ], [ -119.7941, 39.6315 ], [ -119.7941, 39.6364 ], [ -119.7936, 39.6382 ], [ -119.7946, 39.6384 ], [ -119.7949, 39.639 ], [ -119.7932, 39.6511 ], [ -119.7924, 39.6516 ], [ -119.7921, 39.6527 ], [ -119.7907, 39.6537 ], [ -119.7857, 39.6606 ], [ -119.7837, 39.6624 ], [ -119.7825, 39.6623 ], [ -119.7812, 39.6616 ], [ -119.7795, 39.6594 ], [ -119.7783, 39.6585 ], [ -119.7769, 39.6579 ], [ -119.7717, 39.6583 ], [ -119.7693, 39.6578 ], [ -119.7695, 39.6567 ], [ -119.7712, 39.6542 ], [ -119.7708, 39.6517 ], [ -119.7712, 39.6507 ], [ -119.7704, 39.6504 ], [ -119.7695, 39.6505 ], [ -119.7677, 39.6493 ], [ -119.7657, 39.649 ], [ -119.7656, 39.6487 ], [ -119.7659, 39.6475 ], [ -119.7674, 39.6459 ], [ -119.7667, 39.6443 ], [ -119.7669, 39.6415 ], [ -119.7683, 39.6405 ], [ -119.7684, 39.64 ], [ -119.7675, 39.6397 ], [ -119.7653, 39.64 ], [ -119.7631, 39.6397 ], [ -119.7625, 39.6385 ], [ -119.762, 39.6384 ], [ -119.7602, 39.6391 ], [ -119.7601, 39.6402 ], [ -119.7567, 39.6375 ], [ -119.7529, 39.6373 ], [ -119.7529, 39.6325 ], [ -119.7525, 39.6315 ], [ -119.7529, 39.6308 ], [ -119.7527, 39.6273 ], [ -119.7546, 39.6255 ], [ -119.7571, 39.624 ], [ -119.7533, 39.6238 ], [ -119.752, 39.6241 ], [ -119.7513, 39.6229 ], [ -119.7501, 39.6224 ], [ -119.7457, 39.6218 ], [ -119.7449, 39.6218 ], [ -119.7436, 39.6225 ], [ -119.7411, 39.6186 ], [ -119.7401, 39.618 ], [ -119.7385, 39.6179 ], [ -119.7379, 39.617 ], [ -119.738, 39.6162 ], [ -119.7399, 39.6163 ], [ -119.745, 39.6158 ], [ -119.7469, 39.6147 ], [ -119.7467, 39.6139 ], [ -119.7483, 39.6133 ], [ -119.7484, 39.6129 ], [ -119.7479, 39.6128 ], [ -119.7506, 39.6117 ], [ -119.7509, 39.609 ], [ -119.7498, 39.6078 ], [ -119.7514, 39.6073 ], [ -119.7559, 39.6073 ], [ -119.757, 39.6075 ], [ -119.7612, 39.6102 ], [ -119.7617, 39.6125 ], [ -119.7622, 39.6131 ], [ -119.7642, 39.6138 ], [ -119.7655, 39.6153 ], [ -119.768, 39.6163 ], [ -119.7795, 39.6088 ], [ -119.7806, 39.6075 ], [ -119.7805, 39.5891 ], [ -119.7892, 39.589 ], [ -119.7892, 39.593 ], [ -119.7903, 39.5925 ], [ -119.7921, 39.5924 ], [ -119.7973, 39.5896 ], [ -119.7988, 39.5874 ], [ -119.799, 39.5863 ], [ -119.7999, 39.5857 ], [ -119.8007, 39.5832 ], [ -119.803, 39.5837 ], [ -119.8049, 39.5855 ], [ -119.8057, 39.5882 ], [ -119.805, 39.5906 ], [ -119.8062, 39.5919 ], [ -119.8063, 39.5927 ], [ -119.8077, 39.5944 ], [ -119.808, 39.599 ], [ -119.8094, 39.6006 ], [ -119.8064, 39.6031 ] ] ] } },
{ "type": "Feature", "properties": { "GEOIDFQ": "1400000US32031002707", "NAME": "27.07", "NAMELSAD": "Census Tract 27.07" }, "geometry": { "type": "Polygon", "coordinates": [ [ [ -119.7806, 39.6 ], [ -119.7598, 39.6001 ], [ -119.7589, 39.6005 ], [ -119.758, 39.6023 ], [ -119.7584, 39.6033 ], [ -119.7563, 39.6049 ], [ -119.7549, 39.6053 ], [ -119.755, 39.6073 ], [ -119.7514, 39.6073 ], [ -119.7488, 39.6081 ], [ -119.7454, 39.6084 ], [ -119.743, 39.6093 ], [ -119.7404, 39.6095 ], [ -119.7405, 39.6082 ], [ -119.7397, 39.6079 ], [ -119.7404, 39.6064 ], [ -119.7423, 39.6034 ], [ -119.7446, 39.6027 ], [ -119.7433, 39.6024 ], [ -119.7426, 39.6011 ], [ -119.7436, 39.5987 ], [ -119.7475, 39.5982 ], [ -119.7488, 39.5954 ], [ -119.7505, 39.5952 ], [ -119.749, 39.5938 ], [ -119.7468, 39.5942 ], [ -119.7463, 39.5947 ], [ -119.7448, 39.5947 ], [ -119.7459, 39.5935 ], [ -119.7481, 39.5931 ], [ -119.7501, 39.5919 ], [ -119.7507, 39.5909 ], [ -119.752, 39.5906 ], [ -119.7549, 39.5872 ], [ -119.7559, 39.5868 ], [ -119.7582, 39.5829 ], [ -119.7615, 39.5847 ], [ -119.7616, 39.5892 ], [ -119.7805, 39.5891 ], [ -119.7806, 39.6 ] ] ] } },
{ "type": "Feature", "properties": { "GEOIDFQ": "1400000US32031003508", "NAME": "35.08", "NAMELSAD": "Census Tract 35.08" }, "geometry": { "type": "Polygon", "coordinates": [ [ [ -119.7457, 39.5766 ], [ -119.7431, 39.5836 ], [ -119.7409, 39.5832 ], [ -119.7378, 39.5852 ], [ -119.7312, 39.5853 ], [ -119.7216, 39.5878 ], [ -119.7192, 39.5876 ], [ -119.7149, 39.586 ], [ -119.7192, 39.5781 ], [ -119.7192, 39.5743 ], [ -119.7202, 39.5725 ], [ -119.7199, 39.5716 ], [ -119.7189, 39.5708 ], [ -119.7207, 39.5692 ], [ -119.7229, 39.5694 ], [ -119.7241, 39.5699 ], [ -119.7241, 39.5708 ], [ -119.7337, 39.5708 ], [ -119.7338, 39.5635 ], [ -119.743, 39.5637 ], [ -119.7432, 39.5661 ], [ -119.7423, 39.567 ], [ -119.7431, 39.5679 ], [ -119.7452, 39.5673 ], [ -119.7469, 39.5676 ], [ -119.7457, 39.5766 ] ] ] } },
{ "type": "Feature", "properties": { "GEOIDFQ": "1400000US32003003237", "NAME": "32.37", "NAMELSAD": "Census Tract 32.37" }, "geometry": { "type": "Polygon", "coordinates": [ [ [ -115.3332, 36.2478 ], [ -115.3152, 36.2479 ], [ -115.3167, 36.2455 ], [ -115.3219, 36.2424 ], [ -115.3239, 36.2403 ], [ -115.3252, 36.2372 ], [ -115.3253, 36.2326 ], [ -115.3309, 36.2325 ], [ -115.331, 36.2305 ], [ -115.3319, 36.2284 ], [ -115.3319, 36.2222 ], [ -115.3307, 36.2206 ], [ -115.3275, 36.2192 ], [ -115.3282, 36.2184 ], [ -115.3341, 36.2184 ], [ -115.3344, 36.2293 ], [ -115.3332, 36.2478 ] ] ] } },
{ "type": "Feature", "properties": { "GEOIDFQ": "1400000US32003003321", "NAME": "33.21", "NAMELSAD": "Census Tract 33.21" }, "geometry": { "type": "Polygon", "coordinates": [ [ [ -115.2592, 36.2941 ], [ -115.2602, 36.2966 ], [ -115.2601, 36.3051 ], [ -115.2422, 36.3052 ], [ -115.2423, 36.2906 ], [ -115.2602, 36.2906 ], [ -115.2592, 36.2941 ] ] ] } },
{ "type": "Feature", "properties": { "GEOIDFQ": "1400000US32003003319", "NAME": "33.19", "NAMELSAD": "Census Tract 33.19" }, "geometry": { "type": "Polygon", "coordinates": [ [ [ -115.2685, 36.2943 ], [ -115.2694, 36.2975 ], [ -115.2693, 36.3098 ], [ -115.2601, 36.3092 ], [ -115.2602, 36.2966 ], [ -115.2592, 36.2941 ], [ -115.2602, 36.2918 ], [ -115.2602, 36.2906 ], [ -115.2695, 36.2912 ], [ -115.2685, 36.2943 ] ] ] } },
{ "type": "Feature", "properties": { "GEOIDFQ": "1400000US32003001710", "NAME": "17.10", "NAMELSAD": "Census Tract 17.10" }, "geometry": { "type": "Polygon", "coordinates": [ [ [ -115.0852, 36.1296 ], [ -115.0838, 36.1302 ], [ -115.0666, 36.1149 ], [ -115.0829, 36.1151 ], [ -115.083, 36.1196 ], [ -115.0837, 36.122 ], [ -115.0889, 36.1296 ], [ -115.0852, 36.1296 ] ] ] } },
{ "type": "Feature", "properties": { "GEOIDFQ": "1400000US32003001711", "NAME": "17.11", "NAMELSAD": "Census Tract 17.11" }, "geometry": { "type": "Polygon", "coordinates": [ [ [ -115.1009, 36.1153 ], [ -115.1008, 36.1114 ], [ -115.1145, 36.1111 ], [ -115.1145, 36.1 ], [ -115.1189, 36.0999 ], [ -115.1192, 36.1147 ], [ -115.1009, 36.1153 ] ] ] } },
{ "type": "Feature", "properties": { "GEOIDFQ": "1400000US32005001900", "NAME": "19", "NAMELSAD": "Census Tract 19" }, "geometry": { "type": "Polygon", "coordinates": [ [ [ -119.9099, 39.1002 ], [ -119.9082, 39.1016 ], [ -119.8924, 39.1052 ], [ -119.8875, 39.1057 ], [ -119.8835, 39.1067 ], [ -119.881, 39.1068 ], [ -119.8799, 39.1072 ], [ -119.8789, 39.1086 ], [ -119.8795, 39.1099 ], [ -119.8816, 39.111 ], [ -119.8832, 39.1125 ], [ -119.8844, 39.1129 ], [ -119.7991, 39.1138 ], [ -119.7991, 39.1124 ], [ -119.7975, 39.1124 ], [ -119.7973, 39.1099 ], [ -119.79, 39.1099 ], [ -119.7899, 39.1093 ], [ -119.7937, 39.1092 ], [ -119.7957, 39.1085 ], [ -119.7968, 39.1084 ], [ -119.7973, 39.1086 ], [ -119.8003, 39.108 ], [ -119.8015, 39.1086 ], [ -119.8155, 39.0985 ], [ -119.8158, 39.0976 ], [ -119.8136, 39.0954 ], [ -119.813, 39.0937 ], [ -119.8114, 39.0909 ], [ -119.81, 39.0909 ], [ -119.8062, 39.0919 ], [ -119.8043, 39.0915 ], [ -119.8029, 39.0905 ], [ -119.7912, 39.0847 ], [ -119.7864, 39.0747 ], [ -119.7859, 39.0744 ], [ -119.7841, 39.0739 ], [ -119.78, 39.0739 ], [ -119.7801, 39.0742 ], [ -119.779, 39.0739 ], [ -119.7739, 39.0739 ], [ -119.7739, 39.0742 ], [ -119.7695, 39.0745 ], [ -119.7665, 39.0755 ], [ -119.7646, 39.0755 ], [ -119.7644, 39.0746 ], [ -119.7648, 39.0739 ], [ -119.7654, 39.0738 ], [ -119.7663, 39.0744 ], [ -119.7676, 39.0743 ], [ -119.7696, 39.0735 ], [ -119.7706, 39.0727 ], [ -119.7707, 39.0723 ], [ -119.77, 39.0709 ], [ -119.7714, 39.068 ], [ -119.7708, 39.0666 ], [ -119.7718, 39.0659 ], [ -119.7719, 39.0648 ], [ -119.7737, 39.0646 ], [ -119.7741, 39.0641 ], [ -119.7723, 39.0622 ], [ -119.7732, 39.0612 ], [ -119.7727, 39.0597 ], [ -119.7739, 39.0578 ], [ -119.7741, 39.0568 ], [ -119.7737, 39.0563 ], [ -119.7725, 39.0559 ], [ -119.7721, 39.0538 ], [ -119.7731, 39.0537 ], [ -119.7734, 39.0552 ], [ -119.7751, 39.0549 ], [ -119.7751, 39.0526 ], [ -119.7768, 39.0514 ], [ -119.7765, 39.0499 ], [ -119.7781, 39.0482 ], [ -119.7799, 39.0479 ], [ -119.7794, 38.9757 ], [ -119.7791, 38.9705 ], [ -119.8382, 38.971 ], [ -119.8396, 38.9651 ], [ -119.841, 38.9648 ], [ -119.8428, 38.9652 ], [ -119.8451, 38.965 ], [ -119.8464, 38.9644 ], [ -119.8489, 38.9645 ], [ -119.8502, 38.9649 ], [ -119.8523, 38.9646 ], [ -119.8529, 38.9651 ], [ -119.8549, 38.9653 ], [ -119.8582, 38.9648 ], [ -119.8592, 38.9641 ], [ -119.8619, 38.9633 ], [ -119.864, 38.9634 ], [ -119.8694, 38.9627 ], [ -119.8701, 38.9653 ], [ -119.8713, 38.9661 ], [ -119.8735, 38.9654 ], [ -119.8751, 38.9659 ], [ -119.874, 38.966 ], [ -119.8724, 38.9669 ], [ -119.8731, 38.9681 ], [ -119.8724, 38.9686 ], [ -119.8702, 38.9682 ], [ -119.8689, 38.9683 ], [ -119.8683, 38.9688 ], [ -119.8711, 38.9708 ], [ -119.8724, 38.9713 ], [ -119.875, 38.9716 ], [ -119.876, 38.9725 ], [ -119.8778, 38.9726 ], [ -119.8821, 38.9753 ], [ -119.8846, 38.9758 ], [ -119.8852, 38.9766 ], [ -119.8855, 38.9782 ], [ -119.883, 38.9806 ], [ -119.8846, 38.9816 ], [ -119.8823, 38.9852 ], [ -119.8819, 38.9876 ], [ -119.8847, 38.9902 ], [ -119.8891, 38.992 ], [ -119.8905, 38.9934 ], [ -119.8897, 38.9951 ], [ -119.888, 38.9969 ], [ -119.8903, 38.9991 ], [ -119.8909, 38.9989 ], [ -119.8921, 38.9995 ], [ -119.8923, 38.9989 ], [ -119.8927, 38.9989 ], [ -119.8934, 39.0002 ], [ -119.8946, 39.0008 ], [ -119.8943, 39.0013 ], [ -119.8927, 39.002 ], [ -119.8932, 39.0025 ], [ -119.8931, 39.0047 ], [ -119.8912, 39.0073 ], [ -119.8907, 39.0092 ], [ -119.8926, 39.0117 ], [ -119.8926, 39.0132 ], [ -119.8933, 39.0139 ], [ -119.8919, 39.0161 ], [ -119.8923, 39.0172 ], [ -119.8932, 39.0178 ], [ -119.8927, 39.019 ], [ -119.8943, 39.0195 ], [ -119.8957, 39.019 ], [ -119.8958, 39.0194 ], [ -119.8949, 39.02 ], [ -119.8962, 39.02 ], [ -119.897, 39.0209 ], [ -119.8976, 39.0239 ], [ -119.8984, 39.0245 ], [ -119.898, 39.0249 ], [ -119.8982, 39.0256 ], [ -119.8939, 39.0282 ], [ -119.8924, 39.0296 ], [ -119.8916, 39.0312 ], [ -119.8899, 39.0325 ], [ -119.8899, 39.0389 ], [ -119.8904, 39.0396 ], [ -119.8912, 39.0427 ], [ -119.8904, 39.0438 ], [ -119.8905, 39.0454 ], [ -119.8869, 39.0521 ], [ -119.8839, 39.0546 ], [ -119.8839, 39.0556 ], [ -119.885, 39.0567 ], [ -119.8851, 39.0589 ], [ -119.8846, 39.0591 ], [ -119.8833, 39.0586 ], [ -119.8828, 39.0591 ], [ -119.8808, 39.0599 ], [ -119.8786, 39.0619 ], [ -119.8784, 39.0626 ], [ -119.8829, 39.0654 ], [ -119.8837, 39.0673 ], [ -119.8863, 39.0685 ], [ -119.8889, 39.0703 ], [ -119.8905, 39.0729 ], [ -119.8907, 39.0751 ], [ -119.8876, 39.0784 ], [ -119.8877, 39.0813 ], [ -119.8882, 39.082 ], [ -119.8877, 39.084 ], [ -119.8883, 39.0844 ], [ -119.8912, 39.0838 ], [ -119.8931, 39.0845 ], [ -119.8944, 39.0868 ], [ -119.8965, 39.0877 ], [ -119.897, 39.0887 ], [ -119.8989, 39.0894 ], [ -119.8994, 39.0905 ], [ -119.902, 39.0902 ], [ -119.9049, 39.0905 ], [ -119.9058, 39.092 ], [ -119.907, 39.0925 ], [ -119.9086, 39.0948 ], [ -119.91, 39.0953 ], [ -119.91, 39.0965 ], [ -119.9108, 39.0964 ], [ -119.9099, 39.1002 ] ] ] } },
{ "type": "Feature", "properties": { "GEOIDFQ": "1400000US32019960104", "NAME": "9601.04", "NAMELSAD": "Census Tract 9601.04" }, "geometry": { "type": "Polygon", "coordinates": [ [ [ -119.251, 39.6077 ], [ -119.2433, 39.6075 ], [ -119.2293, 39.6039 ], [ -119.2267, 39.6036 ], [ -119.2269, 39.6003 ], [ -119.2465, 39.6004 ], [ -119.2468, 39.5953 ], [ -119.2464, 39.5914 ], [ -119.2501, 39.5911 ], [ -119.2509, 39.5939 ], [ -119.251, 39.6077 ] ] ] } },
{ "type": "Feature", "properties": { "GEOIDFQ": "1400000US32019960107", "NAME": "9601.07", "NAMELSAD": "Census Tract 9601.07" }, "geometry": { "type": "Polygon", "coordinates": [ [ [ -119.2267, 39.6036 ], [ -119.2263, 39.6035 ], [ -119.2239, 39.6026 ], [ -119.2175, 39.6011 ], [ -119.1974, 39.5984 ], [ -119.1981, 39.5957 ], [ -119.2038, 39.5964 ], [ -119.204, 39.5918 ], [ -119.2072, 39.5918 ], [ -119.2074, 39.5856 ], [ -119.2233, 39.586 ], [ -119.2256, 39.5872 ], [ -119.2269, 39.5893 ], [ -119.2267, 39.6036 ] ] ] } },
{ "type": "Feature", "properties": { "GEOIDFQ": "1400000US32019960105", "NAME": "9601.05", "NAMELSAD": "Census Tract 9601.05" }, "geometry": { "type": "Polygon", "coordinates": [ [ [ -119.2465, 39.6004 ], [ -119.2269, 39.6003 ], [ -119.227, 39.5895 ], [ -119.2263, 39.588 ], [ -119.2252, 39.5868 ], [ -119.2258, 39.5864 ], [ -119.2269, 39.5864 ], [ -119.227, 39.5796 ], [ -119.2312, 39.5802 ], [ -119.2353, 39.5825 ], [ -119.2408, 39.5889 ], [ -119.244, 39.5909 ], [ -119.2464, 39.5914 ], [ -119.2468, 39.5954 ], [ -119.2465, 39.6004 ] ] ] } },
{ "type": "Feature", "properties": { "GEOIDFQ": "1400000US32003000402", "NAME": "4.02", "NAMELSAD": "Census Tract 4.02" }, "geometry": { "type": "Polygon", "coordinates": [ [ [ -115.1354, 36.1778 ], [ -115.1342, 36.1809 ], [ -115.134, 36.1884 ], [ -115.1251, 36.1884 ], [ -115.1251, 36.174 ], [ -115.1348, 36.174 ], [ -115.137, 36.175 ], [ -115.1354, 36.1778 ] ] ] } },
{ "type": "Feature", "properties": { "GEOIDFQ": "1400000US32003002842", "NAME": "28.42", "NAMELSAD": "Census Tract 28.42" }, "geometry": { "type": "Polygon", "coordinates": [ [ [ -115.1814, 35.9807 ], [ -115.1548, 35.9812 ], [ -115.1554, 35.9789 ], [ -115.1551, 35.978 ], [ -115.1692, 35.9678 ], [ -115.1819, 35.9618 ], [ -115.1814, 35.9807 ] ] ] } },
{ "type": "Feature", "properties": { "GEOIDFQ": "1400000US32003002964", "NAME": "29.64", "NAMELSAD": "Census Tract 29.64" }, "geometry": { "type": "Polygon", "coordinates": [ [ [ -115.2249, 36.1144 ], [ -115.2164, 36.1149 ], [ -115.2165, 36.1077 ], [ -115.225, 36.1074 ], [ -115.2249, 36.1144 ] ] ] } },
{ "type": "Feature", "properties": { "GEOIDFQ": "1400000US32510000502", "NAME": "5.02", "NAMELSAD": "Census Tract 5.02" }, "geometry": { "type": "Polygon", "coordinates": [ [ [ -119.7669, 39.1792 ], [ -119.7625, 39.1792 ], [ -119.7627, 39.1768 ], [ -119.7611, 39.1751 ], [ -119.7559, 39.1752 ], [ -119.7559, 39.1766 ], [ -119.7543, 39.1765 ], [ -119.752, 39.1757 ], [ -119.7518, 39.1815 ], [ -119.749, 39.1815 ], [ -119.7471, 39.1798 ], [ -119.7459, 39.1793 ], [ -119.7422, 39.1792 ], [ -119.7412, 39.1773 ], [ -119.7403, 39.1767 ], [ -119.7387, 39.1766 ], [ -119.738, 39.1754 ], [ -119.7568, 39.1707 ], [ -119.767, 39.1704 ], [ -119.7669, 39.1792 ] ] ] } },
{ "type": "Feature", "properties": { "GEOIDFQ": "1400000US32510000501", "NAME": "5.01", "NAMELSAD": "Census Tract 5.01" }, "geometry": { "type": "Polygon", "coordinates": [ [ [ -119.7598, 39.1907 ], [ -119.7567, 39.19 ], [ -119.7472, 39.19 ], [ -119.7426, 39.1904 ], [ -119.7426, 39.18 ], [ -119.7422, 39.1792 ], [ -119.7459, 39.1793 ], [ -119.7471, 39.1798 ], [ -119.749, 39.1815 ], [ -119.7518, 39.1815 ], [ -119.752, 39.1757 ], [ -119.7543, 39.1765 ], [ -119.7559, 39.1766 ], [ -119.7559, 39.1752 ], [ -119.7611, 39.1751 ], [ -119.7627, 39.1768 ], [ -119.7625, 39.1792 ], [ -119.7669, 39.1792 ], [ -119.7676, 39.1815 ], [ -119.7731, 39.1906 ], [ -119.7598, 39.1907 ] ] ] } },
{ "type": "Feature", "properties": { "GEOIDFQ": "1400000US32510000900", "NAME": "9", "NAMELSAD": "Census Tract 9" }, "geometry": { "type": "Polygon", "coordinates": [ [ [ -119.7472, 39.1985 ], [ -119.7436, 39.1985 ], [ -119.7352, 39.2018 ], [ -119.7318, 39.2018 ], [ -119.7304, 39.2014 ], [ -119.7297, 39.2006 ], [ -119.7295, 39.1954 ], [ -119.7285, 39.1946 ], [ -119.725, 39.1942 ], [ -119.7166, 39.1902 ], [ -119.7052, 39.19 ], [ -119.7045, 39.1898 ], [ -119.7038, 39.1887 ], [ -119.7318, 39.1771 ], [ -119.738, 39.1754 ], [ -119.7387, 39.1766 ], [ -119.7403, 39.1767 ], [ -119.7412, 39.1773 ], [ -119.7425, 39.1797 ], [ -119.7426, 39.1904 ], [ -119.7472, 39.19 ], [ -119.7472, 39.1985 ] ] ] } },
{ "type": "Feature", "properties": { "GEOIDFQ": "1400000US32510000701", "NAME": "7.01", "NAMELSAD": "Census Tract 7.01" }, "geometry": { "type": "Polygon", "coordinates": [ [ [ -119.7671, 39.1499 ], [ -119.7419, 39.1501 ], [ -119.7399, 39.1506 ], [ -119.7399, 39.1499 ], [ -119.7409, 39.1486 ], [ -119.7446, 39.1465 ], [ -119.7456, 39.1455 ], [ -119.746, 39.1442 ], [ -119.746, 39.1401 ], [ -119.7473, 39.1402 ], [ -119.7472, 39.1405 ], [ -119.7478, 39.14 ], [ -119.7498, 39.1399 ], [ -119.7569, 39.14 ], [ -119.7594, 39.1419 ], [ -119.7683, 39.1419 ], [ -119.7671, 39.1499 ] ] ] } },
{ "type": "Feature", "properties": { "GEOIDFQ": "1400000US32007951500", "NAME": "9515", "NAMELSAD": "Census Tract 9515" }, "geometry": { "type": "Polygon", "coordinates": [ [ [ -114.8205, 41.325 ], [ -114.8191, 41.3294 ], [ -114.8178, 41.3317 ], [ -114.806, 41.3477 ], [ -114.8036, 41.3543 ], [ -114.7969, 41.3681 ], [ -114.7945, 41.3701 ], [ -114.7815, 41.3769 ], [ -114.7784, 41.3791 ], [ -114.751, 41.4095 ], [ -114.7499, 41.412 ], [ -114.7496, 41.4147 ], [ -114.7533, 41.4355 ], [ -114.7464, 41.4314 ], [ -114.7385, 41.4276 ], [ -114.7202, 41.4192 ], [ -114.7143, 41.4175 ], [ -114.6893, 41.4156 ], [ -114.6762, 41.4179 ], [ -114.6707, 41.4198 ], [ -114.6653, 41.422 ], [ -114.657, 41.4284 ], [ -114.6536, 41.4303 ], [ -114.6483, 41.4345 ], [ -114.6435, 41.4376 ], [ -114.6038, 41.4564 ], [ -114.5842, 41.4678 ], [ -114.5731, 41.4793 ], [ -114.5687, 41.4855 ], [ -114.5537, 41.4936 ], [ -114.5503, 41.4965 ], [ -114.5423, 41.4999 ], [ -114.5376, 41.5013 ], [ -114.5344, 41.5037 ], [ -114.5298, 41.514 ], [ -114.5292, 41.5234 ], [ -114.5197, 41.5316 ], [ -114.5135, 41.5393 ], [ -114.5102, 41.5413 ], [ -114.5096, 41.5474 ], [ -114.5047, 41.5531 ], [ -114.4976, 41.5563 ], [ -114.4946, 41.5593 ], [ -114.4905, 41.5614 ], [ -114.4882, 41.5642 ], [ -114.4822, 41.5646 ], [ -114.4784, 41.5678 ], [ -114.4757, 41.5685 ], [ -114.4683, 41.572 ], [ -114.4652, 41.5729 ], [ -114.4611, 41.5752 ], [ -114.4583, 41.576 ], [ -114.4541, 41.5788 ], [ -114.4512, 41.5803 ], [ -114.4388, 41.5793 ], [ -114.4322, 41.597 ], [ -114.4323, 41.6001 ], [ -114.434, 41.6019 ], [ -114.4342, 41.6042 ], [ -114.435, 41.6068 ], [ -114.435, 41.6098 ], [ -114.4338, 41.6124 ], [ -114.4306, 41.6155 ], [ -114.4274, 41.6178 ], [ -114.4282, 41.6212 ], [ -114.4308, 41.6233 ], [ -114.4343, 41.6309 ], [ -114.4343, 41.6324 ], [ -114.4328, 41.6347 ], [ -114.4309, 41.6402 ], [ -114.4309, 41.6425 ], [ -114.425, 41.6501 ], [ -114.4219, 41.6531 ], [ -114.4198, 41.6544 ], [ -114.4123, 41.6609 ], [ -114.4089, 41.6665 ], [ -114.4046, 41.6689 ], [ -114.3979, 41.674 ], [ -114.3928, 41.677 ], [ -114.3909, 41.6793 ], [ -114.3871, 41.6876 ], [ -114.3858, 41.6924 ], [ -114.3846, 41.6936 ], [ -114.3842, 41.6948 ], [ -114.3817, 41.6971 ], [ -114.3817, 41.6981 ], [ -114.3795, 41.7014 ], [ -114.3762, 41.7052 ], [ -114.3743, 41.7097 ], [ -114.3737, 41.7119 ], [ -114.3736, 41.7138 ], [ -114.3766, 41.7218 ], [ -114.3758, 41.7245 ], [ -114.3724, 41.725 ], [ -114.3717, 41.7255 ], [ -114.3676, 41.7218 ], [ -114.3675, 41.7184 ], [ -114.3694, 41.7103 ], [ -114.3698, 41.7043 ], [ -114.3685, 41.7028 ], [ -114.3656, 41.701 ], [ -114.3625, 41.7014 ], [ -114.3601, 41.7025 ], [ -114.357, 41.7033 ], [ -114.3529, 41.704 ], [ -114.3494, 41.7054 ], [ -114.3462, 41.7063 ], [ -114.3436, 41.7066 ], [ -114.3426, 41.7062 ], [ -114.3415, 41.7064 ], [ -114.3352, 41.7086 ], [ -114.3324, 41.7101 ], [ -114.3265, 41.7102 ], [ -114.3229, 41.7098 ], [ -114.3213, 41.7101 ], [ -114.3207, 41.7109 ], [ -114.3196, 41.7109 ], [ -114.319, 41.7103 ], [ -114.3164, 41.7087 ], [ -114.312, 41.7085 ], [ -114.3092, 41.7075 ], [ -114.3076, 41.7064 ], [ -114.3069, 41.7049 ], [ -114.3053, 41.7041 ], [ -114.3048, 41.7032 ], [ -114.3031, 41.703 ], [ -114.3021, 41.7022 ], [ -114.3012, 41.699 ], [ -114.3017, 41.6959 ], [ -114.3012, 41.6937 ], [ -114.3007, 41.693 ], [ -114.2987, 41.6927 ], [ -114.2962, 41.6902 ], [ -114.2957, 41.6894 ], [ -114.2963, 41.6867 ], [ -114.2946, 41.6857 ], [ -114.2934, 41.6853 ], [ -114.2922, 41.6838 ], [ -114.2901, 41.6823 ], [ -114.2882, 41.6781 ], [ -114.283, 41.6759 ], [ -114.2794, 41.6763 ], [ -114.2787, 41.679 ], [ -114.2738, 41.6804 ], [ -114.2732, 41.6815 ], [ -114.2697, 41.6846 ], [ -114.265, 41.687 ], [ -114.2642, 41.688 ], [ -114.2634, 41.6883 ], [ -114.2593, 41.6875 ], [ -114.2548, 41.6891 ], [ -114.2472, 41.6898 ], [ -114.2448, 41.6904 ], [ -114.2389, 41.6891 ], [ -114.2323, 41.6888 ], [ -114.2317, 41.6882 ], [ -114.231, 41.686 ], [ -114.2274, 41.6814 ], [ -114.2228, 41.6787 ], [ -114.2191, 41.6781 ], [ -114.2174, 41.6774 ], [ -114.2152, 41.6742 ], [ -114.2121, 41.6708 ], [ -114.2091, 41.6697 ], [ -114.2071, 41.6665 ], [ -114.2058, 41.6657 ], [ -114.2005, 41.6642 ], [ -114.2, 41.6635 ], [ -114.2001, 41.6626 ], [ -114.1992, 41.6618 ], [ -114.1969, 41.6618 ], [ -114.1923, 41.6605 ], [ -114.1875, 41.6599 ], [ -114.1813, 41.6571 ], [ -114.1784, 41.6554 ], [ -114.1782, 41.654 ], [ -114.1785, 41.653 ], [ -114.1778, 41.6532 ], [ -114.1731, 41.6517 ], [ -114.1706, 41.6515 ], [ -114.1663, 41.6524 ], [ -114.1625, 41.6528 ], [ -114.1591, 41.6546 ], [ -114.1585, 41.6542 ], [ -114.1535, 41.653 ], [ -114.1483, 41.6533 ], [ -114.1444, 41.652 ], [ -114.1434, 41.6513 ], [ -114.1419, 41.6485 ], [ -114.1406, 41.6475 ], [ -114.1373, 41.6477 ], [ -114.1374, 41.6496 ], [ -114.1359, 41.6504 ], [ -114.1344, 41.6501 ], [ -114.132, 41.6477 ], [ -114.1315, 41.6476 ], [ -114.1287, 41.6489 ], [ -114.1279, 41.65 ], [ -114.1278, 41.6508 ], [ -114.1211, 41.6495 ], [ -114.1144, 41.6497 ], [ -114.1047, 41.6475 ], [ -114.102, 41.6466 ], [ -114.099, 41.6464 ], [ -114.0966, 41.6455 ], [ -114.0952, 41.6435 ], [ -114.0868, 41.6374 ], [ -114.0862, 41.6365 ], [ -114.0865, 41.6342 ], [ -114.0861, 41.6327 ], [ -114.0849, 41.6312 ], [ -114.0805, 41.6287 ], [ -114.079, 41.6265 ], [ -114.0783, 41.624 ], [ -114.0718, 41.6227 ], [ -114.065, 41.6225 ], [ -114.0624, 41.6215 ], [ -114.058, 41.6207 ], [ -114.0547, 41.6194 ], [ -114.0518, 41.6174 ], [ -114.0515, 41.6181 ], [ -114.0507, 41.6177 ], [ -114.05, 41.6165 ], [ -114.0479, 41.6152 ], [ -114.0462, 41.6147 ], [ -114.0427, 41.6146 ], [ -114.0416, 41.6142 ], [ -114.04, 41.6149 ], [ -114.0407, 41.5341 ], [ -114.0403, 41.4912 ], [ -114.0405, 41.342 ], [ -114.0413, 41.2225 ], [ -114.0418, 41.0209 ], [ -114.0429, 40.7951 ], [ -114.0437, 40.7356 ], [ -114.0455, 40.4901 ], [ -114.0451, 40.4308 ], [ -114.0457, 40.4245 ], [ -114.0461, 40.4018 ], [ -114.0466, 40.1169 ], [ -114.1261, 40.1166 ], [ -114.145, 40.1168 ], [ -114.2516, 40.1167 ], [ -114.3542, 40.1178 ], [ -114.3684, 40.1173 ], [ -114.3758, 40.1179 ], [ -114.4334, 40.1185 ], [ -114.5297, 40.1191 ], [ -114.6342, 40.1202 ], [ -114.6475, 40.156 ], [ -114.6503, 40.1608 ], [ -114.7256, 40.2431 ], [ -114.7413, 40.262 ], [ -114.7446, 40.2646 ], [ -114.7507, 40.2681 ], [ -114.754, 40.2715 ], [ -114.8015, 40.3608 ], [ -114.7935, 40.3627 ], [ -114.7887, 40.3643 ], [ -114.7877, 40.37 ], [ -114.783, 40.3774 ], [ -114.7797, 40.3878 ], [ -114.7786, 40.4009 ], [ -114.7772, 40.4109 ], [ -114.7719, 40.4273 ], [ -114.7715, 40.4307 ], [ -114.7439, 40.4298 ], [ -114.732, 40.4291 ], [ -114.7266, 40.4284 ], [ -114.7155, 40.428 ], [ -114.7005, 40.4287 ], [ -114.6995, 40.4292 ], [ -114.696, 40.4325 ], [ -114.6943, 40.4352 ], [ -114.6929, 40.4411 ], [ -114.6734, 40.4406 ], [ -114.6623, 40.4415 ], [ -114.659, 40.4438 ], [ -114.6433, 40.4651 ], [ -114.6438, 40.4676 ], [ -114.644, 40.4724 ], [ -114.6417, 40.4752 ], [ -114.6388, 40.4768 ], [ -114.6315, 40.4793 ], [ -114.6123, 40.5017 ], [ -114.6027, 40.5118 ], [ -114.5995, 40.5142 ], [ -114.588, 40.5213 ], [ -114.5814, 40.5324 ], [ -114.5663, 40.553 ], [ -114.5654, 40.5577 ], [ -114.5644, 40.5608 ], [ -114.5612, 40.5648 ], [ -114.5609, 40.5666 ], [ -114.5595, 40.5695 ], [ -114.5573, 40.572 ], [ -114.552, 40.5795 ], [ -114.5454, 40.5902 ], [ -114.5431, 40.5951 ], [ -114.5416, 40.5972 ], [ -114.5395, 40.6035 ], [ -114.538, 40.606 ], [ -114.5379, 40.6074 ], [ -114.5373, 40.6083 ], [ -114.5377, 40.6103 ], [ -114.5372, 40.6126 ], [ -114.5353, 40.617 ], [ -114.5336, 40.6226 ], [ -114.5304, 40.6285 ], [ -114.5273, 40.6331 ], [ -114.523, 40.6372 ], [ -114.5226, 40.6392 ], [ -114.5267, 40.6532 ], [ -114.5256, 40.6646 ], [ -114.5267, 40.6668 ], [ -114.5273, 40.6709 ], [ -114.5293, 40.6707 ], [ -114.532, 40.6714 ], [ -114.5369, 40.6739 ], [ -114.5401, 40.6741 ], [ -114.5457, 40.6753 ], [ -114.5524, 40.6747 ], [ -114.5545, 40.6758 ], [ -114.5562, 40.676 ], [ -114.5532, 40.6777 ], [ -114.5501, 40.6787 ], [ -114.5567, 40.6802 ], [ -114.5583, 40.68 ], [ -114.5606, 40.6806 ], [ -114.5625, 40.6805 ], [ -114.5646, 40.681 ], [ -114.5683, 40.6804 ], [ -114.5695, 40.681 ], [ -114.5707, 40.6811 ], [ -114.5716, 40.6821 ], [ -114.5727, 40.6862 ], [ -114.5732, 40.6866 ], [ -114.5718, 40.6874 ], [ -114.5741, 40.6888 ], [ -114.5743, 40.6894 ], [ -114.5744, 40.6911 ], [ -114.5731, 40.6924 ], [ -114.5736, 40.6936 ], [ -114.5725, 40.6946 ], [ -114.5723, 40.6961 ], [ -114.5732, 40.6967 ], [ -114.5748, 40.6969 ], [ -114.5754, 40.6983 ], [ -114.5747, 40.699 ], [ -114.5743, 40.7016 ], [ -114.5719, 40.7038 ], [ -114.5688, 40.7042 ], [ -114.5649, 40.7062 ], [ -114.5674, 40.7075 ], [ -114.5688, 40.7078 ], [ -114.5699, 40.7084 ], [ -114.571, 40.7082 ], [ -114.5728, 40.7086 ], [ -114.5747, 40.7085 ], [ -114.5742, 40.7078 ], [ -114.5767, 40.7076 ], [ -114.5807, 40.7064 ], [ -114.5811, 40.7074 ], [ -114.582, 40.7074 ], [ -114.5816, 40.7089 ], [ -114.5819, 40.7104 ], [ -114.5836, 40.7108 ], [ -114.5851, 40.7121 ], [ -114.5851, 40.7128 ], [ -114.5842, 40.7133 ], [ -114.5844, 40.7139 ], [ -114.5839, 40.7159 ], [ -114.5826, 40.7184 ], [ -114.583, 40.7202 ], [ -114.5837, 40.7214 ], [ -114.5837, 40.7227 ], [ -114.5832, 40.7237 ], [ -114.5795, 40.7264 ], [ -114.5786, 40.7281 ], [ -114.5785, 40.7286 ], [ -114.5791, 40.7287 ], [ -114.5791, 40.7294 ], [ -114.5803, 40.731 ], [ -114.5811, 40.7317 ], [ -114.5822, 40.732 ], [ -114.5922, 40.7318 ], [ -114.5944, 40.7328 ], [ -114.5955, 40.7346 ], [ -114.5975, 40.7445 ], [ -114.6, 40.7443 ], [ -114.6048, 40.7449 ], [ -114.6093, 40.7476 ], [ -114.6165, 40.7562 ], [ -114.6215, 40.7609 ], [ -114.6249, 40.7668 ], [ -114.6266, 40.7683 ], [ -114.6316, 40.7713 ], [ -114.6349, 40.7779 ], [ -114.6401, 40.7848 ], [ -114.6427, 40.7869 ], [ -114.6521, 40.7918 ], [ -114.6544, 40.794 ], [ -114.6535, 40.7957 ], [ -114.652, 40.7962 ], [ -114.6467, 40.7939 ], [ -114.6431, 40.7939 ], [ -114.6402, 40.7921 ], [ -114.6268, 40.8204 ], [ -114.625, 40.8222 ], [ -114.6232, 40.8231 ], [ -114.6241, 40.836 ], [ -114.6263, 40.8467 ], [ -114.6276, 40.8565 ], [ -114.6282, 40.8576 ], [ -114.6282, 40.8601 ], [ -114.6307, 40.8694 ], [ -114.6305, 40.8701 ], [ -114.6316, 40.8748 ], [ -114.6339, 40.8765 ], [ -114.634, 40.8815 ], [ -114.6349, 40.8862 ], [ -114.6377, 40.8914 ], [ -114.6377, 40.8919 ], [ -114.6347, 40.8943 ], [ -114.6314, 40.8967 ], [ -114.6292, 40.8974 ], [ -114.6286, 40.8983 ], [ -114.6296, 40.8977 ], [ -114.6307, 40.8978 ], [ -114.6343, 40.8985 ], [ -114.635, 40.8991 ], [ -114.6378, 40.8992 ], [ -114.64, 40.9018 ], [ -114.6411, 40.9038 ], [ -114.6441, 40.905 ], [ -114.6466, 40.9066 ], [ -114.6484, 40.9088 ], [ -114.6493, 40.911 ], [ -114.6509, 40.9133 ], [ -114.6512, 40.9148 ], [ -114.6555, 40.9237 ], [ -114.6562, 40.9248 ], [ -114.6576, 40.9258 ], [ -114.6588, 40.928 ], [ -114.6593, 40.9356 ], [ -114.6562, 40.9409 ], [ -114.6555, 40.9429 ], [ -114.6557, 40.9473 ], [ -114.6592, 40.9594 ], [ -114.6581, 40.9606 ], [ -114.6583, 40.9634 ], [ -114.6575, 40.9668 ], [ -114.6582, 40.968 ], [ -114.6569, 40.9713 ], [ -114.6573, 40.9741 ], [ -114.6563, 40.9781 ], [ -114.6561, 40.9853 ], [ -114.6572, 40.9898 ], [ -114.6593, 40.9934 ], [ -114.6596, 41.0179 ], [ -114.6606, 41.0276 ], [ -114.6609, 41.0359 ], [ -114.6615, 41.0383 ], [ -114.6664, 41.0413 ], [ -114.6633, 41.0488 ], [ -114.6657, 41.0491 ], [ -114.654, 41.0575 ], [ -114.6492, 41.0591 ], [ -114.6461, 41.0609 ], [ -114.6415, 41.0619 ], [ -114.6359, 41.0649 ], [ -114.6333, 41.0674 ], [ -114.6316, 41.0684 ], [ -114.6313, 41.0696 ], [ -114.6293, 41.0716 ], [ -114.6253, 41.0718 ], [ -114.6253, 41.0726 ], [ -114.6235, 41.0749 ], [ -114.6246, 41.0774 ], [ -114.6254, 41.0814 ], [ -114.6214, 41.0875 ], [ -114.6187, 41.0885 ], [ -114.6227, 41.0936 ], [ -114.6206, 41.0964 ], [ -114.6215, 41.0983 ], [ -114.6245, 41.0984 ], [ -114.6255, 41.0992 ], [ -114.625, 41.1013 ], [ -114.6237, 41.1025 ], [ -114.6213, 41.1037 ], [ -114.6198, 41.1065 ], [ -114.6208, 41.1083 ], [ -114.6211, 41.1111 ], [ -114.6207, 41.1136 ], [ -114.6202, 41.1144 ], [ -114.6217, 41.1157 ], [ -114.6219, 41.1168 ], [ -114.6208, 41.1187 ], [ -114.6223, 41.1198 ], [ -114.6233, 41.1215 ], [ -114.6226, 41.1234 ], [ -114.6216, 41.1246 ], [ -114.6211, 41.1267 ], [ -114.6185, 41.1265 ], [ -114.6171, 41.1272 ], [ -114.6163, 41.1322 ], [ -114.6152, 41.1344 ], [ -114.6155, 41.1349 ], [ -114.6145, 41.1392 ], [ -114.6148, 41.1403 ], [ -114.6141, 41.1413 ], [ -114.6128, 41.1418 ], [ -114.6117, 41.1427 ], [ -114.6107, 41.1445 ], [ -114.6109, 41.1456 ], [ -114.6128, 41.1458 ], [ -114.6115, 41.1484 ], [ -114.6117, 41.1507 ], [ -114.6149, 41.1552 ], [ -114.6176, 41.1582 ], [ -114.6199, 41.1634 ], [ -114.622, 41.1647 ], [ -114.6222, 41.1656 ], [ -114.618, 41.1747 ], [ -114.6167, 41.176 ], [ -114.6144, 41.1772 ], [ -114.6097, 41.1812 ], [ -114.6074, 41.1822 ], [ -114.6048, 41.185 ], [ -114.6048, 41.1879 ], [ -114.606, 41.1903 ], [ -114.61, 41.1945 ], [ -114.6122, 41.195 ], [ -114.6133, 41.1958 ], [ -114.6134, 41.1969 ], [ -114.6151, 41.1993 ], [ -114.6211, 41.2025 ], [ -114.6269, 41.2028 ], [ -114.6336, 41.2027 ], [ -114.6357, 41.2023 ], [ -114.6401, 41.2024 ], [ -114.6427, 41.202 ], [ -114.6459, 41.2024 ], [ -114.6498, 41.202 ], [ -114.6545, 41.2003 ], [ -114.6616, 41.2028 ], [ -114.6634, 41.2016 ], [ -114.6642, 41.2029 ], [ -114.6629, 41.2038 ], [ -114.6651, 41.2078 ], [ -114.6728, 41.2183 ], [ -114.6715, 41.2294 ], [ -114.6729, 41.235 ], [ -114.6727, 41.2372 ], [ -114.673, 41.2382 ], [ -114.6739, 41.2389 ], [ -114.6738, 41.2397 ], [ -114.675, 41.2402 ], [ -114.676, 41.2401 ], [ -114.6759, 41.2424 ], [ -114.6751, 41.2429 ], [ -114.6745, 41.2442 ], [ -114.6742, 41.2477 ], [ -114.6751, 41.2492 ], [ -114.6794, 41.2528 ], [ -114.6798, 41.2543 ], [ -114.6809, 41.2549 ], [ -114.6821, 41.2562 ], [ -114.6821, 41.257 ], [ -114.6812, 41.2579 ], [ -114.681, 41.2596 ], [ -114.6811, 41.2669 ], [ -114.6804, 41.269 ], [ -114.679, 41.2706 ], [ -114.6757, 41.2725 ], [ -114.6756, 41.2731 ], [ -114.6781, 41.2735 ], [ -114.6798, 41.2731 ], [ -114.6864, 41.2733 ], [ -114.6989, 41.2717 ], [ -114.7019, 41.2717 ], [ -114.7046, 41.2722 ], [ -114.7061, 41.2722 ], [ -114.7114, 41.271 ], [ -114.7194, 41.2724 ], [ -114.7243, 41.2741 ], [ -114.7292, 41.2768 ], [ -114.7319, 41.2773 ], [ -114.7351, 41.2774 ], [ -114.7382, 41.2783 ], [ -114.7427, 41.2789 ], [ -114.7437, 41.2786 ], [ -114.7493, 41.2788 ], [ -114.7534, 41.2783 ], [ -114.7562, 41.279 ], [ -114.7587, 41.2783 ], [ -114.7626, 41.2762 ], [ -114.7655, 41.2754 ], [ -114.7668, 41.2747 ], [ -114.7681, 41.2732 ], [ -114.7694, 41.2734 ], [ -114.7721, 41.2727 ], [ -114.774, 41.2718 ], [ -114.777, 41.2714 ], [ -114.7818, 41.2727 ], [ -114.7875, 41.2751 ], [ -114.7887, 41.2759 ], [ -114.7925, 41.2773 ], [ -114.799, 41.2788 ], [ -114.8013, 41.2807 ], [ -114.8042, 41.2807 ], [ -114.8099, 41.2813 ], [ -114.8157, 41.2799 ], [ -114.8219, 41.2791 ], [ -114.8249, 41.2782 ], [ -114.8262, 41.2782 ], [ -114.8205, 41.325 ] ] ] } },
{ "type": "Feature", "properties": { "GEOIDFQ": "1400000US32007950800", "NAME": "9508", "NAMELSAD": "Census Tract 9508" }, "geometry": { "type": "Polygon", "coordinates": [ [ [ -115.7713, 40.8395 ], [ -115.7711, 40.8438 ], [ -115.7704, 40.8442 ], [ -115.7673, 40.8453 ], [ -115.7545, 40.8486 ], [ -115.7505, 40.8504 ], [ -115.7472, 40.8524 ], [ -115.7452, 40.8508 ], [ -115.7528, 40.8414 ], [ -115.7604, 40.835 ], [ -115.7612, 40.8355 ], [ -115.7639, 40.8332 ], [ -115.7729, 40.8396 ], [ -115.7713, 40.8395 ] ] ] } },
{ "type": "Feature", "properties": { "GEOIDFQ": "1400000US32007951000", "NAME": "9510", "NAMELSAD": "Census Tract 9510" }, "geometry": { "type": "Polygon", "coordinates": [ [ [ -115.828, 40.8025 ], [ -115.8286, 40.8049 ], [ -115.8283, 40.8055 ], [ -115.8285, 40.8049 ], [ -115.8237, 40.8075 ], [ -115.8222, 40.8088 ], [ -115.807, 40.8169 ], [ -115.8004, 40.8194 ], [ -115.7755, 40.827 ], [ -115.7734, 40.8291 ], [ -115.7733, 40.8297 ], [ -115.7743, 40.83 ], [ -115.7743, 40.8305 ], [ -115.768, 40.8359 ], [ -115.7583, 40.8294 ], [ -115.7649, 40.823 ], [ -115.7682, 40.8231 ], [ -115.7697, 40.8228 ], [ -115.7745, 40.8207 ], [ -115.7747, 40.8203 ], [ -115.778, 40.8197 ], [ -115.7795, 40.8187 ], [ -115.7797, 40.8178 ], [ -115.7856, 40.8178 ], [ -115.7854, 40.8184 ], [ -115.7863, 40.8187 ], [ -115.787, 40.818 ], [ -115.7869, 40.8168 ], [ -115.7891, 40.8172 ], [ -115.7895, 40.8166 ], [ -115.7906, 40.8161 ], [ -115.7911, 40.8171 ], [ -115.7908, 40.8181 ], [ -115.7913, 40.8182 ], [ -115.7923, 40.8173 ], [ -115.7934, 40.8173 ], [ -115.7932, 40.8165 ], [ -115.7939, 40.8159 ], [ -115.7927, 40.8155 ], [ -115.793, 40.815 ], [ -115.7958, 40.8151 ], [ -115.7957, 40.8144 ], [ -115.7969, 40.8143 ], [ -115.7972, 40.8124 ], [ -115.7986, 40.8121 ], [ -115.7986, 40.8126 ], [ -115.7991, 40.8127 ], [ -115.8006, 40.812 ], [ -115.8006, 40.8133 ], [ -115.8017, 40.813 ], [ -115.8018, 40.8124 ], [ -115.8002, 40.8102 ], [ -115.801, 40.81 ], [ -115.8012, 40.8095 ], [ -115.8029, 40.8098 ], [ -115.8026, 40.8108 ], [ -115.8031, 40.8111 ], [ -115.8039, 40.8104 ], [ -115.8044, 40.8104 ], [ -115.8049, 40.8116 ], [ -115.8057, 40.8112 ], [ -115.8058, 40.8096 ], [ -115.8065, 40.8096 ], [ -115.8065, 40.8105 ], [ -115.807, 40.811 ], [ -115.8077, 40.8104 ], [ -115.8073, 40.8093 ], [ -115.808, 40.8086 ], [ -115.8066, 40.8085 ], [ -115.8071, 40.8077 ], [ -115.8087, 40.8079 ], [ -115.81, 40.8091 ], [ -115.8103, 40.8087 ], [ -115.8096, 40.8075 ], [ -115.8104, 40.8075 ], [ -115.8117, 40.8085 ], [ -115.8125, 40.8068 ], [ -115.8135, 40.8063 ], [ -115.8136, 40.8054 ], [ -115.8141, 40.8053 ], [ -115.8149, 40.806 ], [ -115.8149, 40.8066 ], [ -115.8156, 40.8069 ], [ -115.8155, 40.8077 ], [ -115.816, 40.8077 ], [ -115.8167, 40.8073 ], [ -115.8167, 40.806 ], [ -115.8189, 40.8059 ], [ -115.8202, 40.8046 ], [ -115.8226, 40.8043 ], [ -115.8234, 40.8035 ], [ -115.8248, 40.8033 ], [ -115.8251, 40.8023 ], [ -115.8256, 40.802 ], [ -115.8281, 40.8013 ], [ -115.8288, 40.8017 ], [ -115.8288, 40.8022 ], [ -115.828, 40.8025 ] ] ] } },
{ "type": "Feature", "properties": { "GEOIDFQ": "1400000US32007950200", "NAME": "9502", "NAMELSAD": "Census Tract 9502" }, "geometry": { "type": "Polygon", "coordinates": [ [ [ -115.5684, 40.1405 ], [ -115.56, 40.1452 ], [ -115.5569, 40.1475 ], [ -115.5531, 40.1529 ], [ -115.5484, 40.1662 ], [ -115.5498, 40.1726 ], [ -115.5492, 40.177 ], [ -115.5476, 40.1811 ], [ -115.5427, 40.1872 ], [ -115.5392, 40.1945 ], [ -115.5395, 40.1976 ], [ -115.5417, 40.2011 ], [ -115.5428, 40.2055 ], [ -115.5429, 40.2103 ], [ -115.5417, 40.2145 ], [ -115.5383, 40.2206 ], [ -115.5382, 40.2294 ], [ -115.5385, 40.2328 ], [ -115.5398, 40.2345 ], [ -115.5411, 40.2351 ], [ -115.5425, 40.2364 ], [ -115.5432, 40.2377 ], [ -115.5436, 40.2404 ], [ -115.5426, 40.2423 ], [ -115.5439, 40.2453 ], [ -115.5436, 40.2469 ], [ -115.5421, 40.2498 ], [ -115.5378, 40.2552 ], [ -115.5373, 40.26 ], [ -115.5376, 40.2631 ], [ -115.536, 40.2682 ], [ -115.5353, 40.2687 ], [ -115.5309, 40.2699 ], [ -115.5285, 40.273 ], [ -115.5269, 40.2738 ], [ -115.5249, 40.28 ], [ -115.5185, 40.2821 ], [ -115.5091, 40.2797 ], [ -115.5049, 40.2848 ], [ -115.503, 40.3001 ], [ -115.5097, 40.3116 ], [ -115.5109, 40.3222 ], [ -115.5117, 40.3237 ], [ -115.5108, 40.3254 ], [ -115.5112, 40.3254 ], [ -115.5111, 40.3266 ], [ -115.5098, 40.3282 ], [ -115.5083, 40.329 ], [ -115.5084, 40.3306 ], [ -115.5068, 40.3328 ], [ -115.5057, 40.3333 ], [ -115.5051, 40.3369 ], [ -115.5023, 40.3373 ], [ -115.4983, 40.3403 ], [ -115.4965, 40.348 ], [ -115.4957, 40.3503 ], [ -115.4948, 40.3514 ], [ -115.4937, 40.3551 ], [ -115.4933, 40.3578 ], [ -115.4939, 40.3591 ], [ -115.4961, 40.3593 ], [ -115.5014, 40.3624 ], [ -115.5029, 40.3643 ], [ -115.5039, 40.3644 ], [ -115.5052, 40.3656 ], [ -115.5078, 40.3669 ], [ -115.509, 40.3687 ], [ -115.51, 40.3691 ], [ -115.5107, 40.3698 ], [ -115.5137, 40.3697 ], [ -115.5152, 40.3701 ], [ -115.5171, 40.3689 ], [ -115.5134, 40.3728 ], [ -115.5043, 40.3797 ], [ -115.5011, 40.384 ], [ -115.499, 40.3883 ], [ -115.4982, 40.3913 ], [ -115.497, 40.3989 ], [ -115.4942, 40.4022 ], [ -115.4865, 40.4077 ], [ -115.4838, 40.4131 ], [ -115.4829, 40.4171 ], [ -115.4827, 40.4198 ], [ -115.482, 40.4208 ], [ -115.4798, 40.4224 ], [ -115.4787, 40.4241 ], [ -115.4779, 40.4268 ], [ -115.4777, 40.4319 ], [ -115.4756, 40.4369 ], [ -115.4759, 40.4393 ], [ -115.4752, 40.4425 ], [ -115.4749, 40.4436 ], [ -115.4733, 40.4452 ], [ -115.4697, 40.4773 ], [ -115.4649, 40.4853 ], [ -115.4604, 40.4894 ], [ -115.4326, 40.4912 ], [ -115.4324, 40.4919 ], [ -115.4305, 40.4939 ], [ -115.4272, 40.4956 ], [ -115.4236, 40.499 ], [ -115.4229, 40.4999 ], [ -115.4218, 40.5062 ], [ -115.4177, 40.517 ], [ -115.4064, 40.5355 ], [ -115.4047, 40.548 ], [ -115.4032, 40.5515 ], [ -115.3965, 40.5604 ], [ -115.3893, 40.5732 ], [ -115.3892, 40.5756 ], [ -115.3912, 40.5789 ], [ -115.3914, 40.58 ], [ -115.3911, 40.5808 ], [ -115.3881, 40.5848 ], [ -115.3854, 40.5854 ], [ -115.3771, 40.5854 ], [ -115.3759, 40.5859 ], [ -115.3729, 40.5945 ], [ -115.3714, 40.5969 ], [ -115.3655, 40.6021 ], [ -115.3645, 40.6052 ], [ -115.3573, 40.6147 ], [ -115.3569, 40.6158 ], [ -115.3574, 40.6204 ], [ -115.3581, 40.642 ], [ -115.3574, 40.6444 ], [ -115.3517, 40.6483 ], [ -115.3487, 40.6512 ], [ -115.3428, 40.6581 ], [ -115.3372, 40.6599 ], [ -115.3343, 40.6615 ], [ -115.3303, 40.6646 ], [ -115.3274, 40.6675 ], [ -115.3254, 40.6706 ], [ -115.3205, 40.6752 ], [ -115.3156, 40.6813 ], [ -115.3111, 40.6878 ], [ -115.3079, 40.6948 ], [ -115.3032, 40.7067 ], [ -115.2942, 40.7161 ], [ -115.2898, 40.7273 ], [ -115.2853, 40.7301 ], [ -115.2808, 40.7312 ], [ -115.2738, 40.7312 ], [ -115.2657, 40.7346 ], [ -115.2616, 40.7391 ], [ -115.2547, 40.7454 ], [ -115.2537, 40.7516 ], [ -115.248, 40.7538 ], [ -115.2433, 40.7618 ], [ -115.2443, 40.7654 ], [ -115.2459, 40.7679 ], [ -115.2446, 40.7797 ], [ -115.2439, 40.7809 ], [ -115.2456, 40.7817 ], [ -115.2431, 40.7998 ], [ -115.2458, 40.804 ], [ -115.2538, 40.8051 ], [ -115.2567, 40.8074 ], [ -115.2549, 40.8113 ], [ -115.2552, 40.8159 ], [ -115.2447, 40.816 ], [ -115.2411, 40.8212 ], [ -115.241, 40.8283 ], [ -115.2354, 40.8345 ], [ -115.2344, 40.8362 ], [ -115.2302, 40.84 ], [ -115.2249, 40.8434 ], [ -115.2278, 40.8455 ], [ -115.2288, 40.8469 ], [ -115.229, 40.8484 ], [ -115.2283, 40.8509 ], [ -115.2286, 40.8521 ], [ -115.2311, 40.8554 ], [ -115.2344, 40.857 ], [ -115.2358, 40.8599 ], [ -115.2366, 40.8607 ], [ -115.2426, 40.8639 ], [ -115.2471, 40.8634 ], [ -115.2501, 40.8643 ], [ -115.2543, 40.8649 ], [ -115.2555, 40.8659 ], [ -115.2563, 40.8691 ], [ -115.2573, 40.8698 ], [ -115.2586, 40.8701 ], [ -115.2657, 40.8697 ], [ -115.2684, 40.8693 ], [ -115.2796, 40.8632 ], [ -115.2805, 40.8622 ], [ -115.2815, 40.8602 ], [ -115.2826, 40.8593 ], [ -115.2914, 40.8577 ], [ -115.2936, 40.8578 ], [ -115.3004, 40.861 ], [ -115.3056, 40.8649 ], [ -115.311, 40.8733 ], [ -115.3122, 40.8776 ], [ -115.3133, 40.8847 ], [ -115.3141, 40.8941 ], [ -115.3128, 40.8978 ], [ -115.3113, 40.9063 ], [ -115.3116, 40.9075 ], [ -115.3128, 40.9089 ], [ -115.314, 40.9097 ], [ -115.316, 40.9103 ], [ -115.3157, 40.9107 ], [ -115.3103, 40.9126 ], [ -115.3098, 40.9132 ], [ -115.3094, 40.9151 ], [ -115.3063, 40.9226 ], [ -115.3061, 40.9262 ], [ -115.299, 40.9504 ], [ -115.2982, 40.9514 ], [ -115.293, 40.9547 ], [ -115.2906, 40.9602 ], [ -115.2888, 40.9632 ], [ -115.2847, 40.9652 ], [ -115.2772, 40.9647 ], [ -115.2754, 40.965 ], [ -115.2724, 40.9662 ], [ -115.2695, 40.9684 ], [ -115.2659, 40.9721 ], [ -115.2649, 40.9747 ], [ -115.2615, 40.9792 ], [ -115.2626, 40.9818 ], [ -115.2656, 40.9854 ], [ -115.2652, 41.0227 ], [ -115.2644, 41.026 ], [ -115.2649, 41.0297 ], [ -115.265, 41.0441 ], [ -115.2647, 41.0446 ], [ -115.2749, 41.0541 ], [ -115.2836, 41.0635 ], [ -115.2889, 41.0668 ], [ -115.2934, 41.0722 ], [ -115.2672, 41.0843 ], [ -115.2628, 41.0856 ], [ -115.2591, 41.086 ], [ -115.231, 41.0858 ], [ -115.2284, 41.0884 ], [ -115.2258, 41.089 ], [ -115.2261, 41.0898 ], [ -115.2255, 41.0902 ], [ -115.2255, 41.0905 ], [ -115.2263, 41.0909 ], [ -115.226, 41.0914 ], [ -115.2268, 41.0922 ], [ -115.226, 41.0922 ], [ -115.2264, 41.093 ], [ -115.2259, 41.0937 ], [ -115.2263, 41.0943 ], [ -115.2231, 41.0981 ], [ -115.2224, 41.0984 ], [ -115.2224, 41.0988 ], [ -115.2212, 41.0988 ], [ -115.2213, 41.0996 ], [ -115.2203, 41.0996 ], [ -115.219, 41.1007 ], [ -115.2185, 41.1018 ], [ -115.2177, 41.1017 ], [ -115.2184, 41.1031 ], [ -115.218, 41.1032 ], [ -115.2178, 41.1026 ], [ -115.2159, 41.1032 ], [ -115.2154, 41.1038 ], [ -115.2148, 41.1039 ], [ -115.2142, 41.1047 ], [ -115.2147, 41.1063 ], [ -115.2142, 41.1063 ], [ -115.2143, 41.1069 ], [ -115.2137, 41.1068 ], [ -115.2125, 41.1073 ], [ -115.2124, 41.108 ], [ -115.2119, 41.1081 ], [ -115.2121, 41.1096 ], [ -115.211, 41.1099 ], [ -115.2105, 41.1104 ], [ -115.2097, 41.1105 ], [ -115.209, 41.1101 ], [ -115.2081, 41.1108 ], [ -115.208, 41.1116 ], [ -115.1997, 41.1172 ], [ -115.1941, 41.1204 ], [ -115.1929, 41.1207 ], [ -115.192, 41.12 ], [ -115.1921, 41.1205 ], [ -115.1913, 41.1204 ], [ -115.1902, 41.1212 ], [ -115.1897, 41.1208 ], [ -115.1882, 41.121 ], [ -115.188, 41.1204 ], [ -115.1864, 41.12 ], [ -115.186, 41.1203 ], [ -115.186, 41.1212 ], [ -115.1832, 41.1214 ], [ -115.1809, 41.1224 ], [ -115.179, 41.1222 ], [ -115.1776, 41.1226 ], [ -115.1763, 41.1226 ], [ -115.1734, 41.1234 ], [ -115.1709, 41.1245 ], [ -115.1703, 41.1256 ], [ -115.169, 41.1259 ], [ -115.1689, 41.1263 ], [ -115.1672, 41.1262 ], [ -115.1659, 41.127 ], [ -115.1652, 41.1269 ], [ -115.161, 41.1298 ], [ -115.1595, 41.1298 ], [ -115.1593, 41.1302 ], [ -115.1582, 41.1304 ], [ -115.1577, 41.1309 ], [ -115.156, 41.1312 ], [ -115.1545, 41.1325 ], [ -115.1546, 41.133 ], [ -115.1537, 41.1331 ], [ -115.1535, 41.1341 ], [ -115.1529, 41.1342 ], [ -115.1525, 41.1348 ], [ -115.1514, 41.1349 ], [ -115.1512, 41.1355 ], [ -115.1504, 41.1354 ], [ -115.1503, 41.1357 ], [ -115.149, 41.136 ], [ -115.1473, 41.1372 ], [ -115.1459, 41.1372 ], [ -115.1455, 41.138 ], [ -115.1446, 41.1381 ], [ -115.1444, 41.1385 ], [ -115.1419, 41.1393 ], [ -115.1419, 41.1399 ], [ -115.1412, 41.1394 ], [ -115.1394, 41.1411 ], [ -115.1369, 41.1422 ], [ -115.135, 41.1423 ], [ -115.1326, 41.1418 ], [ -115.1307, 41.1421 ], [ -115.1293, 41.141 ], [ -115.1282, 41.1408 ], [ -115.1276, 41.1414 ], [ -115.1271, 41.1408 ], [ -115.1256, 41.1407 ], [ -115.1253, 41.1413 ], [ -115.124, 41.1416 ], [ -115.1232, 41.1416 ], [ -115.1221, 41.141 ], [ -115.1211, 41.1413 ], [ -115.1201, 41.1412 ], [ -115.1186, 41.1421 ], [ -115.1176, 41.1419 ], [ -115.1182, 41.1415 ], [ -115.1178, 41.1413 ], [ -115.1145, 41.1416 ], [ -115.1105, 41.1438 ], [ -115.1097, 41.1445 ], [ -115.1095, 41.1454 ], [ -115.1084, 41.1464 ], [ -115.1066, 41.1465 ], [ -115.106, 41.1477 ], [ -115.1051, 41.148 ], [ -115.1043, 41.1494 ], [ -115.1046, 41.1498 ], [ -115.1039, 41.1501 ], [ -115.1041, 41.1509 ], [ -115.1034, 41.1513 ], [ -115.1031, 41.1523 ], [ -115.1034, 41.1528 ], [ -115.1024, 41.1536 ], [ -115.1014, 41.1538 ], [ -115.1018, 41.154 ], [ -115.1014, 41.155 ], [ -115.1008, 41.155 ], [ -115.1014, 41.1562 ], [ -115.101, 41.1565 ], [ -115.1012, 41.1573 ], [ -115.1017, 41.1575 ], [ -115.1009, 41.1581 ], [ -115.1012, 41.1586 ], [ -115.1003, 41.159 ], [ -115.0995, 41.1601 ], [ -115.1, 41.1607 ], [ -115.099, 41.1612 ], [ -115.099, 41.1618 ], [ -115.0998, 41.162 ], [ -115.0991, 41.1624 ], [ -115.0994, 41.1626 ], [ -115.0995, 41.1639 ], [ -115.0989, 41.1644 ], [ -115.0989, 41.165 ], [ -115.0974, 41.1659 ], [ -115.0978, 41.1667 ], [ -115.0976, 41.167 ], [ -115.0969, 41.1671 ], [ -115.0968, 41.1677 ], [ -115.0973, 41.1682 ], [ -115.0967, 41.1682 ], [ -115.0971, 41.1687 ], [ -115.0965, 41.1688 ], [ -115.0965, 41.1702 ], [ -115.0958, 41.1706 ], [ -115.096, 41.1709 ], [ -115.095, 41.171 ], [ -115.0955, 41.1717 ], [ -115.0948, 41.1721 ], [ -115.0949, 41.1729 ], [ -115.0936, 41.1748 ], [ -115.0928, 41.1748 ], [ -115.093, 41.1753 ], [ -115.0918, 41.1755 ], [ -115.0922, 41.1767 ], [ -115.0912, 41.1777 ], [ -115.0913, 41.178 ], [ -115.0899, 41.1789 ], [ -115.0896, 41.1787 ], [ -115.0889, 41.179 ], [ -115.0885, 41.1788 ], [ -115.0877, 41.1806 ], [ -115.0871, 41.1809 ], [ -115.0864, 41.1807 ], [ -115.086, 41.1813 ], [ -115.0852, 41.1813 ], [ -115.0855, 41.1823 ], [ -115.0845, 41.1831 ], [ -115.0847, 41.1835 ], [ -115.0841, 41.1834 ], [ -115.0839, 41.1839 ], [ -115.0843, 41.1843 ], [ -115.0835, 41.1855 ], [ -115.0826, 41.1853 ], [ -115.083, 41.1857 ], [ -115.0823, 41.1858 ], [ -115.081, 41.1855 ], [ -115.0811, 41.1862 ], [ -115.0808, 41.1862 ], [ -115.0798, 41.1873 ], [ -115.0791, 41.1872 ], [ -115.0786, 41.1875 ], [ -115.0791, 41.1882 ], [ -115.0782, 41.1883 ], [ -115.0785, 41.1887 ], [ -115.078, 41.1887 ], [ -115.0778, 41.1893 ], [ -115.0759, 41.1903 ], [ -115.0759, 41.1908 ], [ -115.075, 41.1904 ], [ -115.0697, 41.1922 ], [ -115.069, 41.1932 ], [ -115.0691, 41.1936 ], [ -115.0687, 41.1935 ], [ -115.069, 41.1943 ], [ -115.0681, 41.1945 ], [ -115.0681, 41.1952 ], [ -115.0675, 41.1949 ], [ -115.0665, 41.195 ], [ -115.0653, 41.1956 ], [ -115.0648, 41.1955 ], [ -115.0643, 41.1959 ], [ -115.0644, 41.1964 ], [ -115.0632, 41.196 ], [ -115.062, 41.1965 ], [ -115.0604, 41.1965 ], [ -115.059, 41.1974 ], [ -115.0572, 41.198 ], [ -115.0564, 41.1977 ], [ -115.0525, 41.1998 ], [ -115.0527, 41.2005 ], [ -115.0501, 41.2006 ], [ -115.0487, 41.2011 ], [ -115.048, 41.202 ], [ -115.0471, 41.202 ], [ -115.0466, 41.2026 ], [ -115.0433, 41.2028 ], [ -115.0359, 41.2069 ], [ -115.0351, 41.2069 ], [ -115.0338, 41.2076 ], [ -115.0307, 41.2079 ], [ -115.0301, 41.2085 ], [ -115.0287, 41.2087 ], [ -115.0268, 41.2094 ], [ -115.0262, 41.211 ], [ -115.0246, 41.212 ], [ -115.0241, 41.213 ], [ -115.0232, 41.2128 ], [ -115.0225, 41.2135 ], [ -115.0213, 41.2139 ], [ -115.0212, 41.2143 ], [ -115.0207, 41.2141 ], [ -115.0197, 41.2144 ], [ -115.0193, 41.2152 ], [ -115.0187, 41.2152 ], [ -115.018, 41.2159 ], [ -115.0153, 41.2168 ], [ -115.0149, 41.2165 ], [ -115.0142, 41.2168 ], [ -115.0135, 41.2166 ], [ -115.0131, 41.217 ], [ -115.0135, 41.2172 ], [ -115.0133, 41.2181 ], [ -115.0105, 41.2191 ], [ -115.0103, 41.2195 ], [ -115.0102, 41.2193 ], [ -115.0077, 41.2208 ], [ -115.0043, 41.2211 ], [ -115.0025, 41.2225 ], [ -114.9992, 41.2239 ], [ -114.9974, 41.2229 ], [ -114.9967, 41.2229 ], [ -114.9945, 41.2234 ], [ -114.9935, 41.225 ], [ -114.9928, 41.225 ], [ -114.9905, 41.2243 ], [ -114.987, 41.2252 ], [ -114.9856, 41.2258 ], [ -114.9846, 41.2288 ], [ -114.9816, 41.2305 ], [ -114.9799, 41.2309 ], [ -114.9787, 41.2306 ], [ -114.9751, 41.2318 ], [ -114.9743, 41.2329 ], [ -114.9721, 41.233 ], [ -114.9696, 41.2346 ], [ -114.9665, 41.2345 ], [ -114.9625, 41.2364 ], [ -114.9608, 41.2365 ], [ -114.9582, 41.2375 ], [ -114.9565, 41.2387 ], [ -114.9561, 41.2386 ], [ -114.956, 41.2382 ], [ -114.9506, 41.2398 ], [ -114.9487, 41.2411 ], [ -114.9478, 41.2426 ], [ -114.9467, 41.2436 ], [ -114.9435, 41.244 ], [ -114.9416, 41.2456 ], [ -114.9409, 41.2458 ], [ -114.9404, 41.2467 ], [ -114.9407, 41.2475 ], [ -114.9403, 41.2482 ], [ -114.937, 41.2494 ], [ -114.9351, 41.2508 ], [ -114.9329, 41.2508 ], [ -114.9323, 41.251 ], [ -114.9314, 41.2508 ], [ -114.929, 41.2518 ], [ -114.9283, 41.2518 ], [ -114.9258, 41.2541 ], [ -114.9241, 41.254 ], [ -114.9232, 41.2545 ], [ -114.9217, 41.2542 ], [ -114.9204, 41.2542 ], [ -114.9191, 41.2552 ], [ -114.9161, 41.2552 ], [ -114.9113, 41.256 ], [ -114.9107, 41.2565 ], [ -114.9102, 41.2582 ], [ -114.9069, 41.2622 ], [ -114.9032, 41.2639 ], [ -114.8897, 41.2664 ], [ -114.8814, 41.2667 ], [ -114.8778, 41.268 ], [ -114.8752, 41.2684 ], [ -114.8741, 41.2695 ], [ -114.8721, 41.2694 ], [ -114.8709, 41.2698 ], [ -114.8697, 41.2696 ], [ -114.8683, 41.2701 ], [ -114.8674, 41.2707 ], [ -114.8671, 41.272 ], [ -114.8665, 41.2724 ], [ -114.8661, 41.2733 ], [ -114.8654, 41.2736 ], [ -114.8648, 41.2759 ], [ -114.8647, 41.2771 ], [ -114.8652, 41.2779 ], [ -114.8639, 41.2788 ], [ -114.8639, 41.2797 ], [ -114.8626, 41.2803 ], [ -114.8614, 41.2821 ], [ -114.8569, 41.2844 ], [ -114.8559, 41.2864 ], [ -114.8516, 41.2881 ], [ -114.8496, 41.2885 ], [ -114.8468, 41.2879 ], [ -114.8459, 41.2883 ], [ -114.8447, 41.2878 ], [ -114.84, 41.2873 ], [ -114.8389, 41.2881 ], [ -114.8371, 41.288 ], [ -114.8369, 41.2873 ], [ -114.8351, 41.2865 ], [ -114.8346, 41.2855 ], [ -114.8339, 41.2855 ], [ -114.8306, 41.288 ], [ -114.8271, 41.2892 ], [ -114.8267, 41.2895 ], [ -114.8271, 41.2903 ], [ -114.8245, 41.2921 ], [ -114.8262, 41.2782 ], [ -114.8246, 41.2782 ], [ -114.8219, 41.2791 ], [ -114.8157, 41.2799 ], [ -114.8099, 41.2813 ], [ -114.8042, 41.2807 ], [ -114.8013, 41.2807 ], [ -114.799, 41.2788 ], [ -114.7925, 41.2773 ], [ -114.7887, 41.2759 ], [ -114.7875, 41.2751 ], [ -114.7818, 41.2727 ], [ -114.777, 41.2714 ], [ -114.774, 41.2718 ], [ -114.7721, 41.2727 ], [ -114.7694, 41.2734 ], [ -114.7681, 41.2732 ], [ -114.7668, 41.2747 ], [ -114.7655, 41.2754 ], [ -114.7626, 41.2762 ], [ -114.7587, 41.2783 ], [ -114.7562, 41.279 ], [ -114.7534, 41.2783 ], [ -114.7493, 41.2788 ], [ -114.7437, 41.2786 ], [ -114.7427, 41.2789 ], [ -114.7382, 41.2783 ], [ -114.7351, 41.2774 ], [ -114.7319, 41.2773 ], [ -114.7292, 41.2768 ], [ -114.7243, 41.2741 ], [ -114.7194, 41.2724 ], [ -114.7114, 41.271 ], [ -114.7061, 41.2722 ], [ -114.7046, 41.2722 ], [ -114.7019, 41.2717 ], [ -114.6989, 41.2717 ], [ -114.6864, 41.2733 ], [ -114.6798, 41.2731 ], [ -114.6781, 41.2735 ], [ -114.6756, 41.2731 ], [ -114.6757, 41.2725 ], [ -114.679, 41.2706 ], [ -114.6804, 41.269 ], [ -114.6811, 41.2669 ], [ -114.681, 41.2596 ], [ -114.6812, 41.2579 ], [ -114.6821, 41.257 ], [ -114.6821, 41.2562 ], [ -114.6809, 41.2549 ], [ -114.6798, 41.2543 ], [ -114.6794, 41.2528 ], [ -114.6751, 41.2492 ], [ -114.6742, 41.2477 ], [ -114.6745, 41.2442 ], [ -114.6751, 41.2429 ], [ -114.6759, 41.2424 ], [ -114.676, 41.2401 ], [ -114.675, 41.2402 ], [ -114.6738, 41.2397 ], [ -114.6739, 41.2389 ], [ -114.673, 41.2382 ], [ -114.6727, 41.2372 ], [ -114.6729, 41.235 ], [ -114.6715, 41.2294 ], [ -114.6728, 41.2183 ], [ -114.6651, 41.2078 ], [ -114.6629, 41.2038 ], [ -114.6642, 41.2029 ], [ -114.6634, 41.2016 ], [ -114.6616, 41.2028 ], [ -114.6545, 41.2003 ], [ -114.6498, 41.202 ], [ -114.6459, 41.2024 ], [ -114.6427, 41.202 ], [ -114.6401, 41.2024 ], [ -114.6357, 41.2023 ], [ -114.6336, 41.2027 ], [ -114.6269, 41.2028 ], [ -114.6211, 41.2025 ], [ -114.6151, 41.1993 ], [ -114.6134, 41.1969 ], [ -114.6134, 41.1958 ], [ -114.6122, 41.195 ], [ -114.61, 41.1945 ], [ -114.606, 41.1903 ], [ -114.6046, 41.1872 ], [ -114.6048, 41.185 ], [ -114.6074, 41.1822 ], [ -114.6097, 41.1812 ], [ -114.6108, 41.18 ], [ -114.6125, 41.1791 ], [ -114.614, 41.1775 ], [ -114.6159, 41.1766 ], [ -114.6176, 41.1751 ], [ -114.6208, 41.169 ], [ -114.6222, 41.1656 ], [ -114.622, 41.1647 ], [ -114.6199, 41.1634 ], [ -114.6176, 41.1582 ], [ -114.6149, 41.1552 ], [ -114.6117, 41.1507 ], [ -114.6115, 41.1484 ], [ -114.6128, 41.1458 ], [ -114.6109, 41.1456 ], [ -114.6107, 41.1445 ], [ -114.6117, 41.1427 ], [ -114.6128, 41.1418 ], [ -114.6141, 41.1413 ], [ -114.6148, 41.1403 ], [ -114.6145, 41.1392 ], [ -114.6155, 41.1349 ], [ -114.6152, 41.1344 ], [ -114.6163, 41.1322 ], [ -114.6171, 41.1272 ], [ -114.6185, 41.1265 ], [ -114.6211, 41.1267 ], [ -114.6216, 41.1246 ], [ -114.6226, 41.1234 ], [ -114.6233, 41.1215 ], [ -114.6223, 41.1198 ], [ -114.6208, 41.1187 ], [ -114.6219, 41.1168 ], [ -114.6217, 41.1157 ], [ -114.6202, 41.1144 ], [ -114.6207, 41.1136 ], [ -114.6211, 41.1111 ], [ -114.6208, 41.1083 ], [ -114.6198, 41.1065 ], [ -114.6213, 41.1037 ], [ -114.6237, 41.1025 ], [ -114.625, 41.1013 ], [ -114.6255, 41.0992 ], [ -114.6245, 41.0984 ], [ -114.6215, 41.0983 ], [ -114.6206, 41.0964 ], [ -114.6227, 41.0936 ], [ -114.6187, 41.0885 ], [ -114.6214, 41.0875 ], [ -114.6254, 41.0814 ], [ -114.6246, 41.0774 ], [ -114.6235, 41.0749 ], [ -114.6253, 41.0726 ], [ -114.6253, 41.0718 ], [ -114.6293, 41.0716 ], [ -114.6313, 41.0696 ], [ -114.6316, 41.0684 ], [ -114.6333, 41.0674 ], [ -114.6359, 41.0649 ], [ -114.6415, 41.0619 ], [ -114.6461, 41.0609 ], [ -114.6492, 41.0591 ], [ -114.654, 41.0575 ], [ -114.6657, 41.0491 ], [ -114.6633, 41.0488 ], [ -114.6664, 41.0413 ], [ -114.6615, 41.0383 ], [ -114.6609, 41.0359 ], [ -114.6606, 41.0276 ], [ -114.6596, 41.0179 ], [ -114.6593, 40.9934 ], [ -114.6572, 40.9898 ], [ -114.6561, 40.9853 ], [ -114.6563, 40.9781 ], [ -114.6573, 40.9741 ], [ -114.6569, 40.9713 ], [ -114.6582, 40.968 ], [ -114.6575, 40.9668 ], [ -114.6583, 40.9634 ], [ -114.6581, 40.9606 ], [ -114.6592, 40.9594 ], [ -114.6557, 40.9473 ], [ -114.6555, 40.9429 ], [ -114.6562, 40.9409 ], [ -114.6593, 40.9356 ], [ -114.6588, 40.928 ], [ -114.6576, 40.9258 ], [ -114.6562, 40.9248 ], [ -114.6555, 40.9237 ], [ -114.6512, 40.9148 ], [ -114.6509, 40.9133 ], [ -114.6493, 40.911 ], [ -114.6484, 40.9088 ], [ -114.6466, 40.9066 ], [ -114.6441, 40.905 ], [ -114.6411, 40.9038 ], [ -114.64, 40.9018 ], [ -114.6378, 40.8992 ], [ -114.635, 40.8991 ], [ -114.6343, 40.8985 ], [ -114.6307, 40.8978 ], [ -114.6296, 40.8977 ], [ -114.6286, 40.8983 ], [ -114.6292, 40.8974 ], [ -114.6314, 40.8967 ], [ -114.6347, 40.8943 ], [ -114.6377, 40.8919 ], [ -114.6377, 40.8914 ], [ -114.6349, 40.8862 ], [ -114.634, 40.8815 ], [ -114.6339, 40.8765 ], [ -114.6316, 40.8748 ], [ -114.6305, 40.8701 ], [ -114.6307, 40.8694 ], [ -114.6282, 40.8601 ], [ -114.6282, 40.8576 ], [ -114.6276, 40.8565 ], [ -114.6263, 40.8467 ], [ -114.6241, 40.836 ], [ -114.6232, 40.8231 ], [ -114.625, 40.8222 ], [ -114.6268, 40.8204 ], [ -114.6402, 40.7921 ], [ -114.6431, 40.7939 ], [ -114.6467, 40.7939 ], [ -114.652, 40.7962 ], [ -114.6535, 40.7957 ], [ -114.6544, 40.794 ], [ -114.6521, 40.7918 ], [ -114.6427, 40.7869 ], [ -114.6401, 40.7848 ], [ -114.6349, 40.7779 ], [ -114.6316, 40.7713 ], [ -114.6266, 40.7683 ], [ -114.6249, 40.7668 ], [ -114.6215, 40.7609 ], [ -114.6165, 40.7562 ], [ -114.6093, 40.7476 ], [ -114.6048, 40.7449 ], [ -114.6, 40.7443 ], [ -114.5975, 40.7445 ], [ -114.5955, 40.7346 ], [ -114.5944, 40.7328 ], [ -114.5922, 40.7318 ], [ -114.5822, 40.732 ], [ -114.5811, 40.7317 ], [ -114.5803, 40.731 ], [ -114.5791, 40.7294 ], [ -114.5791, 40.7287 ], [ -114.5785, 40.7286 ], [ -114.5786, 40.7281 ], [ -114.5795, 40.7264 ], [ -114.5832, 40.7237 ], [ -114.5837, 40.7227 ], [ -114.5837, 40.7214 ], [ -114.583, 40.7202 ], [ -114.5826, 40.7184 ], [ -114.5839, 40.7159 ], [ -114.5844, 40.7139 ], [ -114.5842, 40.7133 ], [ -114.5851, 40.7128 ], [ -114.5851, 40.7121 ], [ -114.5836, 40.7108 ], [ -114.5819, 40.7104 ], [ -114.5816, 40.7089 ], [ -114.582, 40.7074 ], [ -114.5811, 40.7074 ], [ -114.5807, 40.7064 ], [ -114.5767, 40.7076 ], [ -114.5742, 40.7078 ], [ -114.5747, 40.7085 ], [ -114.5728, 40.7086 ], [ -114.571, 40.7082 ], [ -114.5699, 40.7084 ], [ -114.5688, 40.7078 ], [ -114.5674, 40.7075 ], [ -114.5649, 40.7062 ], [ -114.5688, 40.7042 ], [ -114.5719, 40.7038 ], [ -114.5743, 40.7016 ], [ -114.5747, 40.699 ], [ -114.5754, 40.6983 ], [ -114.5748, 40.6969 ], [ -114.5732, 40.6967 ], [ -114.5723, 40.6961 ], [ -114.5725, 40.6946 ], [ -114.5736, 40.6936 ], [ -114.5731, 40.6924 ], [ -114.5744, 40.6911 ], [ -114.5743, 40.6894 ], [ -114.5741, 40.6888 ], [ -114.5718, 40.6874 ], [ -114.5732, 40.6866 ], [ -114.5727, 40.6862 ], [ -114.5716, 40.6821 ], [ -114.5707, 40.6811 ], [ -114.5695, 40.681 ], [ -114.5683, 40.6804 ], [ -114.5646, 40.681 ], [ -114.5625, 40.6805 ], [ -114.5606, 40.6806 ], [ -114.5583, 40.68 ], [ -114.5567, 40.6802 ], [ -114.5501, 40.6787 ], [ -114.5532, 40.6777 ], [ -114.5562, 40.676 ], [ -114.5545, 40.6758 ], [ -114.5524, 40.6747 ], [ -114.5457, 40.6753 ], [ -114.5401, 40.6741 ], [ -114.5369, 40.6739 ], [ -114.532, 40.6714 ], [ -114.5293, 40.6707 ], [ -114.5273, 40.6709 ], [ -114.5267, 40.6668 ], [ -114.5256, 40.6646 ], [ -114.5267, 40.6532 ], [ -114.5237, 40.6437 ], [ -114.5226, 40.6394 ], [ -114.5226, 40.6379 ], [ -114.5232, 40.6369 ], [ -114.5273, 40.6331 ], [ -114.5304, 40.6285 ], [ -114.5335, 40.6229 ], [ -114.5372, 40.6126 ], [ -114.5377, 40.6103 ], [ -114.5373, 40.6083 ], [ -114.5379, 40.6074 ], [ -114.538, 40.606 ], [ -114.5395, 40.6035 ], [ -114.5416, 40.5972 ], [ -114.5431, 40.5951 ], [ -114.5454, 40.5902 ], [ -114.552, 40.5795 ], [ -114.5573, 40.572 ], [ -114.5595, 40.5695 ], [ -114.5609, 40.5666 ], [ -114.5612, 40.5648 ], [ -114.5644, 40.5608 ], [ -114.5654, 40.5577 ], [ -114.5663, 40.553 ], [ -114.5814, 40.5324 ], [ -114.588, 40.5213 ], [ -114.5995, 40.5142 ], [ -114.6027, 40.5118 ], [ -114.6123, 40.5017 ], [ -114.6315, 40.4793 ], [ -114.6388, 40.4768 ], [ -114.6417, 40.4752 ], [ -114.644, 40.4724 ], [ -114.6438, 40.4676 ], [ -114.6433, 40.4651 ], [ -114.6588, 40.4439 ], [ -114.6623, 40.4415 ], [ -114.6734, 40.4406 ], [ -114.6929, 40.4411 ], [ -114.6943, 40.4352 ], [ -114.696, 40.4325 ], [ -114.6995, 40.4292 ], [ -114.7005, 40.4287 ], [ -114.7155, 40.428 ], [ -114.7266, 40.4284 ], [ -114.732, 40.4291 ], [ -114.7439, 40.4298 ], [ -114.7715, 40.4307 ], [ -114.7719, 40.4273 ], [ -114.7772, 40.4109 ], [ -114.7786, 40.4009 ], [ -114.7797, 40.3878 ], [ -114.783, 40.3774 ], [ -114.7877, 40.37 ], [ -114.7887, 40.3643 ], [ -114.7935, 40.3627 ], [ -114.8015, 40.3608 ], [ -114.754, 40.2715 ], [ -114.7507, 40.2681 ], [ -114.7446, 40.2646 ], [ -114.7413, 40.262 ], [ -114.7256, 40.2431 ], [ -114.6503, 40.1608 ], [ -114.6475, 40.156 ], [ -114.6342, 40.1202 ], [ -114.6627, 40.1208 ], [ -114.7509, 40.1214 ], [ -114.7509, 40.1207 ], [ -114.8065, 40.1211 ], [ -114.8643, 40.1224 ], [ -114.8838, 40.1214 ], [ -114.9146, 40.1223 ], [ -115.0009, 40.1228 ], [ -115.0087, 40.1223 ], [ -115.0937, 40.1227 ], [ -115.1259, 40.1223 ], [ -115.2205, 40.1227 ], [ -115.2458, 40.1223 ], [ -115.2637, 40.1225 ], [ -115.3759, 40.1261 ], [ -115.4831, 40.1272 ], [ -115.4986, 40.1271 ], [ -115.4994, 40.1271 ], [ -115.5009, 40.1279 ], [ -115.5698, 40.1281 ], [ -115.5701, 40.1318 ], [ -115.5731, 40.1391 ], [ -115.5684, 40.1405 ] ] ] } },
{ "type": "Feature", "properties": { "GEOIDFQ": "1400000US32003003416", "NAME": "34.16", "NAMELSAD": "Census Tract 34.16" }, "geometry": { "type": "Polygon", "coordinates": [ [ [ -115.2423, 36.2182 ], [ -115.2258, 36.2168 ], [ -115.2247, 36.2099 ], [ -115.2423, 36.2108 ], [ -115.2423, 36.2182 ] ] ] } },
{ "type": "Feature", "properties": { "GEOIDFQ": "1400000US32003003423", "NAME": "34.23", "NAMELSAD": "Census Tract 34.23" }, "geometry": { "type": "Polygon", "coordinates": [ [ [ -115.2239, 36.1957 ], [ -115.206, 36.1955 ], [ -115.2061, 36.1882 ], [ -115.2151, 36.1882 ], [ -115.215, 36.181 ], [ -115.2238, 36.1808 ], [ -115.2239, 36.1957 ] ] ] } },
{ "type": "Feature", "properties": { "GEOIDFQ": "1400000US32003005807", "NAME": "58.07", "NAMELSAD": "Census Tract 58.07" }, "geometry": { "type": "Polygon", "coordinates": [ [ [ -115.2976, 36.1444 ], [ -115.297, 36.1298 ], [ -115.3062, 36.1298 ], [ -115.3065, 36.1337 ], [ -115.3059, 36.1366 ], [ -115.3065, 36.1386 ], [ -115.3061, 36.1418 ], [ -115.3067, 36.1444 ], [ -115.2976, 36.1444 ] ] ] } },
{ "type": "Feature", "properties": { "GEOIDFQ": "1400000US32003005808", "NAME": "58.08", "NAMELSAD": "Census Tract 58.08" }, "geometry": { "type": "Polygon", "coordinates": [ [ [ -115.2879, 36.1441 ], [ -115.288, 36.141 ], [ -115.2898, 36.1393 ], [ -115.2898, 36.1386 ], [ -115.289, 36.137 ], [ -115.2902, 36.1348 ], [ -115.2905, 36.1325 ], [ -115.2874, 36.1296 ], [ -115.297, 36.1298 ], [ -115.2976, 36.1444 ], [ -115.2879, 36.1441 ] ] ] } },
{ "type": "Feature", "properties": { "GEOIDFQ": "1400000US32003000106", "NAME": "1.06", "NAMELSAD": "Census Tract 1.06" }, "geometry": { "type": "Polygon", "coordinates": [ [ [ -115.2146, 36.1738 ], [ -115.2059, 36.1734 ], [ -115.206, 36.1665 ], [ -115.2086, 36.166 ], [ -115.2238, 36.1664 ], [ -115.2241, 36.1738 ], [ -115.2146, 36.1738 ] ] ] } },
{ "type": "Feature", "properties": { "GEOIDFQ": "1400000US32003000109", "NAME": "1.09", "NAMELSAD": "Census Tract 1.09" }, "geometry": { "type": "Polygon", "coordinates": [ [ [ -115.2238, 36.1808 ], [ -115.2101, 36.181 ], [ -115.21, 36.1742 ], [ -115.2131, 36.1738 ], [ -115.2241, 36.174 ], [ -115.2238, 36.1808 ] ] ] } },
{ "type": "Feature", "properties": { "GEOIDFQ": "1400000US32023980500", "NAME": "9805", "NAMELSAD": "Census Tract 9805" }, "geometry": { "type": "Polygon", "coordinates": [ [ [ -116.9321, 37.8895 ], [ -116.9306, 37.89 ], [ -116.9218, 37.8874 ], [ -116.6359, 37.8855 ], [ -116.6253, 37.8855 ], [ -116.622, 37.8862 ], [ -116.4863, 37.8851 ], [ -116.4653, 37.8843 ], [ -116.4223, 37.8852 ], [ -116.3759, 37.8849 ], [ -116.3486, 37.8862 ], [ -116.345, 37.8867 ], [ -116.3414, 37.8864 ], [ -116.34, 37.8868 ], [ -116.3387, 37.8866 ], [ -116.3375, 37.8867 ], [ -116.3368, 37.8872 ], [ -116.3342, 37.8873 ], [ -116.3289, 37.8864 ], [ -116.3295, 37.8748 ], [ -116.3298, 37.8039 ], [ -116.2509, 37.8035 ], [ -116.221, 37.8041 ], [ -116.2206, 37.718 ], [ -116.1769, 37.7181 ], [ -116.1769, 37.7225 ], [ -116.0674, 37.7224 ], [ -116.0674, 37.7207 ], [ -116.0488, 37.721 ], [ -116.0262, 37.7221 ], [ -115.899, 37.7232 ], [ -115.8989, 37.7147 ], [ -115.895, 37.7113 ], [ -115.8951, 37.5483 ], [ -115.8963, 37.3778 ], [ -115.8957, 37.3685 ], [ -115.8948, 37.2752 ], [ -115.8963, 37.25 ], [ -115.896, 37.0108 ], [ -115.8964, 37.0 ], [ -115.8964, 36.922 ], [ -115.8945, 36.875 ], [ -115.8945, 36.8617 ], [ -115.8969, 36.8422 ], [ -115.8957, 36.684 ], [ -115.9309, 36.6839 ], [ -115.931, 36.6764 ], [ -115.9632, 36.6759 ], [ -115.9754, 36.676 ], [ -115.9747, 36.6564 ], [ -115.9741, 36.6027 ], [ -116.0175, 36.5954 ], [ -116.0512, 36.589 ], [ -116.0592, 36.5866 ], [ -116.0674, 36.5815 ], [ -116.0679, 36.624 ], [ -116.1396, 36.6735 ], [ -116.1654, 36.6729 ], [ -116.2055, 36.6727 ], [ -116.2948, 36.6731 ], [ -116.2948, 36.6689 ], [ -116.4444, 36.6693 ], [ -116.4443, 36.7513 ], [ -116.4435, 36.798 ], [ -116.4442, 36.8058 ], [ -116.4439, 36.8129 ], [ -116.4438, 36.8122 ], [ -116.4433, 36.8422 ], [ -116.5007, 36.8418 ], [ -116.5536, 36.8423 ], [ -116.5534, 37.0164 ], [ -116.572, 37.0165 ], [ -116.572, 37.0318 ], [ -116.5891, 37.0317 ], [ -116.5895, 37.0459 ], [ -116.6242, 37.0454 ], [ -116.6243, 37.0601 ], [ -116.6259, 37.0608 ], [ -116.6442, 37.0604 ], [ -116.6444, 37.075 ], [ -116.68, 37.075 ], [ -116.6802, 37.0897 ], [ -116.6977, 37.0895 ], [ -116.6983, 37.1044 ], [ -116.7337, 37.104 ], [ -116.7338, 37.1171 ], [ -116.7342, 37.1191 ], [ -116.771, 37.1187 ], [ -116.7711, 37.1228 ], [ -116.77, 37.1249 ], [ -116.7701, 37.1335 ], [ -116.7814, 37.1335 ], [ -116.8028, 37.1345 ], [ -116.806, 37.1343 ], [ -116.8061, 37.1473 ], [ -116.8245, 37.1473 ], [ -116.8245, 37.1617 ], [ -116.8412, 37.1619 ], [ -116.8411, 37.1761 ], [ -116.8593, 37.1762 ], [ -116.8593, 37.1907 ], [ -116.8761, 37.1907 ], [ -116.8761, 37.2048 ], [ -116.894, 37.2049 ], [ -116.894, 37.2344 ], [ -116.9122, 37.2344 ], [ -116.9122, 37.249 ], [ -116.9304, 37.249 ], [ -116.9304, 37.2638 ], [ -116.9486, 37.264 ], [ -116.9486, 37.2783 ], [ -116.967, 37.2783 ], [ -116.967, 37.2927 ], [ -116.9853, 37.2927 ], [ -116.9853, 37.3216 ], [ -117.0032, 37.3216 ], [ -117.0032, 37.3361 ], [ -117.0214, 37.3361 ], [ -117.0214, 37.3652 ], [ -117.0391, 37.3652 ], [ -117.0394, 37.3941 ], [ -117.0577, 37.3941 ], [ -117.0577, 37.4087 ], [ -117.0756, 37.4087 ], [ -117.0759, 37.4378 ], [ -117.0946, 37.4377 ], [ -117.0945, 37.4835 ], [ -117.077, 37.4835 ], [ -117.077, 37.4979 ], [ -117.0589, 37.4979 ], [ -117.0588, 37.5118 ], [ -117.041, 37.5118 ], [ -117.0413, 37.5268 ], [ -117.0229, 37.527 ], [ -117.0233, 37.5426 ], [ -117.0586, 37.5428 ], [ -117.0641, 37.5426 ], [ -117.0703, 37.5429 ], [ -117.0966, 37.5429 ], [ -117.0971, 37.608 ], [ -117.0968, 37.6276 ], [ -117.0962, 37.6407 ], [ -117.0976, 37.6487 ], [ -117.097, 37.7482 ], [ -117.0973, 37.7505 ], [ -117.0965, 37.8268 ], [ -117.0977, 37.8886 ], [ -116.9321, 37.8895 ] ] ] } },
{ "type": "Feature", "properties": { "GEOIDFQ": "1400000US32003003633", "NAME": "36.33", "NAMELSAD": "Census Tract 36.33" }, "geometry": { "type": "Polygon", "coordinates": [ [ [ -115.189, 36.2614 ], [ -115.18, 36.2616 ], [ -115.1801, 36.2468 ], [ -115.1894, 36.2468 ], [ -115.189, 36.2614 ] ] ] } },
{ "type": "Feature", "properties": { "GEOIDFQ": "1400000US32003003631", "NAME": "36.31", "NAMELSAD": "Census Tract 36.31" }, "geometry": { "type": "Polygon", "coordinates": [ [ [ -115.1886, 36.2761 ], [ -115.1798, 36.2765 ], [ -115.18, 36.2616 ], [ -115.1889, 36.2614 ], [ -115.1886, 36.2761 ] ] ] } },
{ "type": "Feature", "properties": { "GEOIDFQ": "1400000US32003005704", "NAME": "57.04", "NAMELSAD": "Census Tract 57.04" }, "geometry": { "type": "Polygon", "coordinates": [ [ [ -114.6306, 35.1365 ], [ -114.6305, 35.1378 ], [ -114.6312, 35.1394 ], [ -114.6307, 35.141 ], [ -114.6291, 35.1412 ], [ -114.628, 35.1418 ], [ -114.6264, 35.1413 ], [ -114.6238, 35.1419 ], [ -114.6211, 35.1353 ], [ -114.6214, 35.1335 ], [ -114.6224, 35.1322 ], [ -114.6253, 35.1306 ], [ -114.626, 35.1315 ], [ -114.6274, 35.1322 ], [ -114.6314, 35.1326 ], [ -114.6323, 35.1338 ], [ -114.6306, 35.1365 ] ] ] } },
{ "type": "Feature", "properties": { "GEOIDFQ": "1400000US32001950301", "NAME": "9503.01", "NAMELSAD": "Census Tract 9503.01" }, "geometry": { "type": "Polygon", "coordinates": [ [ [ -118.7779, 39.4625 ], [ -118.7772, 39.4636 ], [ -118.7768, 39.4851 ], [ -118.776, 39.4871 ], [ -118.7751, 39.488 ], [ -118.7697, 39.4876 ], [ -118.7628, 39.4844 ], [ -118.7629, 39.4876 ], [ -118.758, 39.4877 ], [ -118.7569, 39.4837 ], [ -118.7551, 39.4806 ], [ -118.7563, 39.4748 ], [ -118.7628, 39.4749 ], [ -118.7628, 39.4602 ], [ -118.7811, 39.4602 ], [ -118.7779, 39.4625 ] ] ] } },
{ "type": "Feature", "properties": { "GEOIDFQ": "1400000US32001950700", "NAME": "9507", "NAMELSAD": "Census Tract 9507" }, "geometry": { "type": "Polygon", "coordinates": [ [ [ -119.1178, 39.5189 ], [ -119.0905, 39.5189 ], [ -119.09, 39.5701 ], [ -119.0804, 39.5645 ], [ -119.0778, 39.5634 ], [ -119.0746, 39.5626 ], [ -119.0694, 39.5624 ], [ -119.0526, 39.5639 ], [ -119.0487, 39.5634 ], [ -119.0454, 39.5624 ], [ -118.9297, 39.5087 ], [ -118.9149, 39.5048 ], [ -118.9067, 39.502 ], [ -118.8898, 39.4914 ], [ -118.885, 39.4891 ], [ -118.8798, 39.4878 ], [ -118.8657, 39.4856 ], [ -118.837, 39.4853 ], [ -118.8003, 39.4762 ], [ -118.8003, 39.4599 ], [ -118.7889, 39.4599 ], [ -118.7851, 39.4596 ], [ -118.7811, 39.4602 ], [ -118.7817, 39.4581 ], [ -118.7814, 39.3911 ], [ -118.7823, 39.2859 ], [ -118.7805, 39.2816 ], [ -118.7438, 39.2251 ], [ -118.7421, 39.2217 ], [ -118.7414, 39.2185 ], [ -118.7399, 39.1588 ], [ -118.7406, 39.1559 ], [ -118.7417, 39.1538 ], [ -118.7516, 39.1418 ], [ -118.5702, 39.1419 ], [ -118.5703, 39.1273 ], [ -118.5444, 39.1273 ], [ -118.5333, 39.1269 ], [ -118.5332, 39.1122 ], [ -118.5183, 39.1126 ], [ -118.4777, 39.1128 ], [ -118.4775, 39.0737 ], [ -118.501, 39.0739 ], [ -118.621, 39.0739 ], [ -118.626, 39.0744 ], [ -118.6518, 39.0747 ], [ -118.7551, 39.0747 ], [ -118.7551, 39.1128 ], [ -118.7922, 39.1129 ], [ -118.7922, 39.1418 ], [ -118.8108, 39.1418 ], [ -118.8108, 39.1563 ], [ -118.8294, 39.1563 ], [ -118.8294, 39.1711 ], [ -118.8481, 39.1712 ], [ -118.8481, 39.1853 ], [ -118.8667, 39.1853 ], [ -118.8668, 39.1982 ], [ -118.8908, 39.1982 ], [ -118.8907, 39.2272 ], [ -118.909, 39.2272 ], [ -118.9091, 39.2417 ], [ -118.9277, 39.2417 ], [ -118.9278, 39.2562 ], [ -118.9463, 39.2562 ], [ -118.9464, 39.2707 ], [ -118.965, 39.2707 ], [ -118.965, 39.2855 ], [ -118.9877, 39.2855 ], [ -118.9878, 39.3 ], [ -119.0068, 39.3 ], [ -119.0068, 39.3156 ], [ -119.0255, 39.3156 ], [ -119.0255, 39.3301 ], [ -119.0442, 39.3301 ], [ -119.0443, 39.3446 ], [ -119.0623, 39.3446 ], [ -119.0626, 39.3557 ], [ -119.0623, 39.3593 ], [ -119.0809, 39.3594 ], [ -119.0812, 39.3736 ], [ -119.0995, 39.3738 ], [ -119.0997, 39.3879 ], [ -119.1177, 39.3887 ], [ -119.1178, 39.5189 ] ] ] } },
{ "type": "Feature", "properties": { "GEOIDFQ": "1400000US32003005358", "NAME": "53.58", "NAMELSAD": "Census Tract 53.58" }, "geometry": { "type": "Polygon", "coordinates": [ [ [ -114.9882, 35.998 ], [ -114.9855, 35.9835 ], [ -114.9943, 35.9835 ], [ -114.9942, 35.998 ], [ -114.9945, 35.9981 ], [ -114.9882, 35.998 ] ] ] } },
{ "type": "Feature", "properties": { "GEOIDFQ": "1400000US32003005713", "NAME": "57.13", "NAMELSAD": "Census Tract 57.13" }, "geometry": { "type": "Polygon", "coordinates": [ [ [ -115.1019, 35.9347 ], [ -115.1028, 35.9356 ], [ -115.1032, 35.937 ], [ -115.1029, 35.9382 ], [ -115.1013, 35.9402 ], [ -115.1014, 35.9413 ], [ -115.1022, 35.9422 ], [ -115.0977, 35.9462 ], [ -115.095, 35.9421 ], [ -115.0934, 35.9411 ], [ -115.0934, 35.9392 ], [ -115.0862, 35.9396 ], [ -115.082, 35.939 ], [ -115.0801, 35.9381 ], [ -115.0788, 35.9384 ], [ -115.0788, 35.9381 ], [ -115.0872, 35.9371 ], [ -115.0834, 35.9355 ], [ -115.0824, 35.9347 ], [ -115.08, 35.9345 ], [ -115.0791, 35.9339 ], [ -115.0791, 35.933 ], [ -115.0813, 35.933 ], [ -115.0825, 35.9323 ], [ -115.0825, 35.9314 ], [ -115.0815, 35.9303 ], [ -115.0805, 35.9303 ], [ -115.0771, 35.9287 ], [ -115.0771, 35.9276 ], [ -115.0817, 35.9286 ], [ -115.0827, 35.928 ], [ -115.0828, 35.9251 ], [ -115.0852, 35.9251 ], [ -115.0862, 35.9245 ], [ -115.0868, 35.9229 ], [ -115.0929, 35.9229 ], [ -115.0951, 35.9219 ], [ -115.1005, 35.9219 ], [ -115.1005, 35.9244 ], [ -115.1018, 35.9255 ], [ -115.1027, 35.9256 ], [ -115.1021, 35.9264 ], [ -115.1016, 35.9261 ], [ -115.096, 35.9303 ], [ -115.1051, 35.9346 ], [ -115.1019, 35.9347 ] ] ] } },
{ "type": "Feature", "properties": { "GEOIDFQ": "1400000US32003001614", "NAME": "16.14", "NAMELSAD": "Census Tract 16.14" }, "geometry": { "type": "Polygon", "coordinates": [ [ [ -115.0791, 36.1423 ], [ -115.0742, 36.1423 ], [ -115.0742, 36.137 ], [ -115.0829, 36.137 ], [ -115.0829, 36.143 ], [ -115.0791, 36.1423 ] ] ] } },
{ "type": "Feature", "properties": { "GEOIDFQ": "1400000US32003001713", "NAME": "17.13", "NAMELSAD": "Census Tract 17.13" }, "geometry": { "type": "Polygon", "coordinates": [ [ [ -115.0829, 36.1151 ], [ -115.0823, 36.1025 ], [ -115.0819, 36.1003 ], [ -115.0918, 36.1002 ], [ -115.0919, 36.1065 ], [ -115.0911, 36.1097 ], [ -115.0918, 36.1119 ], [ -115.092, 36.1153 ], [ -115.0829, 36.1151 ] ] ] } },
{ "type": "Feature", "properties": { "GEOIDFQ": "1400000US32003005435", "NAME": "54.35", "NAMELSAD": "Census Tract 54.35" }, "geometry": { "type": "Polygon", "coordinates": [ [ [ -114.9554, 36.0728 ], [ -114.9518, 36.075 ], [ -114.9461, 36.0767 ], [ -114.9385, 36.0779 ], [ -114.928, 36.0827 ], [ -114.9117, 36.0883 ], [ -114.9101, 36.0896 ], [ -114.9051, 36.0967 ], [ -114.9031, 36.1009 ], [ -114.8853, 36.1009 ], [ -114.8858, 36.0807 ], [ -114.8758, 36.0805 ], [ -114.8758, 36.0115 ], [ -114.8752, 36.0114 ], [ -114.8765, 36.0114 ], [ -114.8765, 35.9822 ], [ -114.912, 35.9822 ], [ -114.9121, 35.9763 ], [ -114.9106, 35.9762 ], [ -114.9111, 35.9729 ], [ -114.9099, 35.9729 ], [ -114.9099, 35.97 ], [ -114.9121, 35.9718 ], [ -114.9137, 35.9743 ], [ -114.9158, 35.9799 ], [ -114.917, 35.9818 ], [ -114.9297, 35.9931 ], [ -114.9341, 35.9956 ], [ -114.9331, 35.9969 ], [ -114.9311, 35.9981 ], [ -114.9232, 35.9983 ], [ -114.9231, 36.0127 ], [ -114.9409, 36.0127 ], [ -114.9409, 36.0226 ], [ -114.9288, 36.0216 ], [ -114.9226, 36.0215 ], [ -114.9206, 36.0211 ], [ -114.9194, 36.0218 ], [ -114.9191, 36.023 ], [ -114.9218, 36.0258 ], [ -114.9221, 36.027 ], [ -114.9319, 36.0293 ], [ -114.932, 36.0345 ], [ -114.9409, 36.0345 ], [ -114.9409, 36.0381 ], [ -114.9453, 36.0381 ], [ -114.9453, 36.0419 ], [ -114.9498, 36.0418 ], [ -114.9498, 36.0489 ], [ -114.9585, 36.0489 ], [ -114.9585, 36.068 ], [ -114.958, 36.0689 ], [ -114.9586, 36.0692 ], [ -114.9554, 36.0728 ] ] ] } },
{ "type": "Feature", "properties": { "GEOIDFQ": "1400000US32003000528", "NAME": "5.28", "NAMELSAD": "Census Tract 5.28" }, "geometry": { "type": "Polygon", "coordinates": [ [ [ -115.0799, 36.1885 ], [ -115.0803, 36.1825 ], [ -115.0857, 36.1828 ], [ -115.0889, 36.1836 ], [ -115.0907, 36.1852 ], [ -115.0913, 36.1863 ], [ -115.0916, 36.1883 ], [ -115.0799, 36.1885 ] ] ] } },
{ "type": "Feature", "properties": { "GEOIDFQ": "1400000US32003001402", "NAME": "14.02", "NAMELSAD": "Census Tract 14.02" }, "geometry": { "type": "Polygon", "coordinates": [ [ [ -115.1095, 36.1518 ], [ -115.1086, 36.1523 ], [ -115.0998, 36.1444 ], [ -115.1025, 36.1443 ], [ -115.103, 36.1447 ], [ -115.1095, 36.1444 ], [ -115.1276, 36.1444 ], [ -115.1278, 36.1517 ], [ -115.1095, 36.1518 ] ] ] } },
{ "type": "Feature", "properties": { "GEOIDFQ": "1400000US32003003431", "NAME": "34.31", "NAMELSAD": "Census Tract 34.31" }, "geometry": { "type": "Polygon", "coordinates": [ [ [ -115.1788, 36.1957 ], [ -115.1789, 36.1885 ], [ -115.186, 36.1885 ], [ -115.1925, 36.1956 ], [ -115.1788, 36.1957 ] ] ] } },
{ "type": "Feature", "properties": { "GEOIDFQ": "1400000US32003000107", "NAME": "1.07", "NAMELSAD": "Census Tract 1.07" }, "geometry": { "type": "Polygon", "coordinates": [ [ [ -115.2238, 36.1664 ], [ -115.2086, 36.166 ], [ -115.206, 36.1665 ], [ -115.2059, 36.1591 ], [ -115.2239, 36.1593 ], [ -115.2238, 36.1664 ] ] ] } },
{ "type": "Feature", "properties": { "GEOIDFQ": "1400000US32003003430", "NAME": "34.30", "NAMELSAD": "Census Tract 34.30" }, "geometry": { "type": "Polygon", "coordinates": [ [ [ -115.1788, 36.1957 ], [ -115.1719, 36.1954 ], [ -115.1698, 36.1957 ], [ -115.1698, 36.1885 ], [ -115.1789, 36.1887 ], [ -115.1788, 36.1957 ] ] ] } },
{ "type": "Feature", "properties": { "GEOIDFQ": "1400000US32013010701", "NAME": "107.01", "NAMELSAD": "Census Tract 107.01" }, "geometry": { "type": "Polygon", "coordinates": [ [ [ -117.7294, 40.9706 ], [ -117.7328, 40.9722 ], [ -117.7337, 40.9714 ], [ -117.7388, 40.975 ], [ -117.7334, 40.9785 ], [ -117.7301, 40.98 ], [ -117.7258, 40.9812 ], [ -117.716, 40.9831 ], [ -117.7158, 40.9801 ], [ -117.7163, 40.98 ], [ -117.7158, 40.9454 ], [ -117.7263, 40.9451 ], [ -117.7479, 40.9453 ], [ -117.7294, 40.9706 ] ] ] } },
{ "type": "Feature", "properties": { "GEOIDFQ": "1400000US32003001717", "NAME": "17.17", "NAMELSAD": "Census Tract 17.17" }, "geometry": { "type": "Polygon", "coordinates": [ [ [ -115.1009, 36.1153 ], [ -115.092, 36.1153 ], [ -115.0918, 36.1119 ], [ -115.0911, 36.1097 ], [ -115.0919, 36.1065 ], [ -115.0918, 36.1002 ], [ -115.101, 36.1 ], [ -115.1009, 36.1153 ] ] ] } },
{ "type": "Feature", "properties": { "GEOIDFQ": "1400000US32003001718", "NAME": "17.18", "NAMELSAD": "Census Tract 17.18" }, "geometry": { "type": "Polygon", "coordinates": [ [ [ -115.06, 36.1076 ], [ -115.059, 36.1082 ], [ -115.0508, 36.1009 ], [ -115.0526, 36.1004 ], [ -115.0639, 36.1002 ], [ -115.0643, 36.1076 ], [ -115.06, 36.1076 ] ] ] } },
{ "type": "Feature", "properties": { "GEOIDFQ": "1400000US32003005433", "NAME": "54.33", "NAMELSAD": "Census Tract 54.33" }, "geometry": { "type": "Polygon", "coordinates": [ [ [ -114.9475, 36.0123 ], [ -114.9462, 36.0127 ], [ -114.9231, 36.0127 ], [ -114.9232, 35.9983 ], [ -114.9311, 35.9981 ], [ -114.9331, 35.9969 ], [ -114.9341, 35.9956 ], [ -114.9354, 35.9966 ], [ -114.9367, 35.9994 ], [ -114.9496, 36.0109 ], [ -114.9475, 36.0123 ] ] ] } },
{ "type": "Feature", "properties": { "GEOIDFQ": "1400000US32003002201", "NAME": "22.01", "NAMELSAD": "Census Tract 22.01" }, "geometry": { "type": "Polygon", "coordinates": [ [ [ -115.1908, 36.1445 ], [ -115.1753, 36.1444 ], [ -115.1661, 36.1441 ], [ -115.1779, 36.1261 ], [ -115.1902, 36.1265 ], [ -115.1908, 36.1445 ] ] ] } },
{ "type": "Feature", "properties": { "GEOIDFQ": "1400000US32003002203", "NAME": "22.03", "NAMELSAD": "Census Tract 22.03" }, "geometry": { "type": "Polygon", "coordinates": [ [ [ -115.1908, 36.1445 ], [ -115.1907, 36.1412 ], [ -115.1997, 36.1413 ], [ -115.1995, 36.1373 ], [ -115.2054, 36.1373 ], [ -115.2052, 36.135 ], [ -115.2081, 36.135 ], [ -115.2081, 36.1446 ], [ -115.1908, 36.1445 ] ] ] } },
{ "type": "Feature", "properties": { "GEOIDFQ": "1400000US32003002403", "NAME": "24.03", "NAMELSAD": "Census Tract 24.03" }, "geometry": { "type": "Polygon", "coordinates": [ [ [ -115.1548, 36.1296 ], [ -115.1482, 36.1294 ], [ -115.146, 36.1298 ], [ -115.1462, 36.1217 ], [ -115.1482, 36.1212 ], [ -115.155, 36.1212 ], [ -115.1548, 36.1296 ] ] ] } },
{ "type": "Feature", "properties": { "GEOIDFQ": "1400000US32003002405", "NAME": "24.05", "NAMELSAD": "Census Tract 24.05" }, "geometry": { "type": "Polygon", "coordinates": [ [ [ -115.155, 36.1212 ], [ -115.1482, 36.1212 ], [ -115.1462, 36.1217 ], [ -115.1464, 36.1146 ], [ -115.1506, 36.1147 ], [ -115.154, 36.1143 ], [ -115.155, 36.1183 ], [ -115.155, 36.1212 ] ] ] } },
{ "type": "Feature", "properties": { "GEOIDFQ": "1400000US32003002406", "NAME": "24.06", "NAMELSAD": "Census Tract 24.06" }, "geometry": { "type": "Polygon", "coordinates": [ [ [ -115.1462, 36.1217 ], [ -115.1437, 36.1222 ], [ -115.1374, 36.1221 ], [ -115.1379, 36.1146 ], [ -115.1464, 36.1149 ], [ -115.1462, 36.1217 ] ] ] } },
{ "type": "Feature", "properties": { "GEOIDFQ": "1400000US32003002501", "NAME": "25.01", "NAMELSAD": "Census Tract 25.01" }, "geometry": { "type": "Polygon", "coordinates": [ [ [ -115.1369, 36.1298 ], [ -115.1185, 36.1298 ], [ -115.1192, 36.1148 ], [ -115.1379, 36.1146 ], [ -115.1369, 36.1298 ] ] ] } },
{ "type": "Feature", "properties": { "GEOIDFQ": "1400000US32003002504", "NAME": "25.04", "NAMELSAD": "Census Tract 25.04" }, "geometry": { "type": "Polygon", "coordinates": [ [ [ -115.1191, 36.1073 ], [ -115.1189, 36.0999 ], [ -115.1281, 36.101 ], [ -115.1369, 36.101 ], [ -115.1374, 36.1078 ], [ -115.1191, 36.1073 ] ] ] } },
{ "type": "Feature", "properties": { "GEOIDFQ": "1400000US32003002505", "NAME": "25.05", "NAMELSAD": "Census Tract 25.05" }, "geometry": { "type": "Polygon", "coordinates": [ [ [ -115.1192, 36.1148 ], [ -115.1191, 36.1073 ], [ -115.1282, 36.1075 ], [ -115.1286, 36.1147 ], [ -115.1192, 36.1148 ] ] ] } },
{ "type": "Feature", "properties": { "GEOIDFQ": "1400000US32003001708", "NAME": "17.08", "NAMELSAD": "Census Tract 17.08" }, "geometry": { "type": "Polygon", "coordinates": [ [ [ -115.1054, 36.1238 ], [ -115.1053, 36.1297 ], [ -115.0918, 36.1296 ], [ -115.0919, 36.1224 ], [ -115.1034, 36.1224 ], [ -115.1046, 36.1218 ], [ -115.1059, 36.1231 ], [ -115.1054, 36.1238 ] ] ] } },
{ "type": "Feature", "properties": { "GEOIDFQ": "1400000US32003002603", "NAME": "26.03", "NAMELSAD": "Census Tract 26.03" }, "geometry": { "type": "Polygon", "coordinates": [ [ [ -115.1464, 36.1148 ], [ -115.1379, 36.1146 ], [ -115.1369, 36.101 ], [ -115.1498, 36.101 ], [ -115.154, 36.1143 ], [ -115.1464, 36.1148 ] ] ] } },
{ "type": "Feature", "properties": { "GEOIDFQ": "1400000US32003005318", "NAME": "53.18", "NAMELSAD": "Census Tract 53.18" }, "geometry": { "type": "Polygon", "coordinates": [ [ [ -115.0826, 36.0383 ], [ -115.0822, 36.0419 ], [ -115.0806, 36.0419 ], [ -115.0733, 36.0402 ], [ -115.0687, 36.0416 ], [ -115.0686, 36.0369 ], [ -115.0649, 36.033 ], [ -115.07, 36.0299 ], [ -115.0719, 36.0293 ], [ -115.0741, 36.0292 ], [ -115.0778, 36.0302 ], [ -115.082, 36.0334 ], [ -115.0846, 36.0345 ], [ -115.0826, 36.0383 ] ] ] } },
{ "type": "Feature", "properties": { "GEOIDFQ": "1400000US32003003222", "NAME": "32.22", "NAMELSAD": "Census Tract 32.22" }, "geometry": { "type": "Polygon", "coordinates": [ [ [ -115.3237, 36.1935 ], [ -115.3192, 36.1929 ], [ -115.3145, 36.1914 ], [ -115.3108, 36.1896 ], [ -115.3067, 36.1868 ], [ -115.3125, 36.1817 ], [ -115.3202, 36.1771 ], [ -115.3227, 36.1747 ], [ -115.3263, 36.1768 ], [ -115.3274, 36.1785 ], [ -115.3277, 36.1805 ], [ -115.3237, 36.1935 ] ] ] } },
{ "type": "Feature", "properties": { "GEOIDFQ": "1400000US32003003418", "NAME": "34.18", "NAMELSAD": "Census Tract 34.18" }, "geometry": { "type": "Polygon", "coordinates": [ [ [ -115.2444, 36.2034 ], [ -115.2444, 36.196 ], [ -115.2603, 36.1961 ], [ -115.2607, 36.2035 ], [ -115.2444, 36.2034 ] ] ] } },
{ "type": "Feature", "properties": { "GEOIDFQ": "1400000US32003003616", "NAME": "36.16", "NAMELSAD": "Census Tract 36.16" }, "geometry": { "type": "Polygon", "coordinates": [ [ [ -115.1612, 36.2177 ], [ -115.1608, 36.203 ], [ -115.1653, 36.203 ], [ -115.1654, 36.1957 ], [ -115.1719, 36.1954 ], [ -115.1751, 36.1957 ], [ -115.1926, 36.1956 ], [ -115.2121, 36.2171 ], [ -115.1612, 36.2177 ] ] ] } },
{ "type": "Feature", "properties": { "GEOIDFQ": "1400000US32003000401", "NAME": "4.01", "NAMELSAD": "Census Tract 4.01" }, "geometry": { "type": "Polygon", "coordinates": [ [ [ -115.1415, 36.1823 ], [ -115.1411, 36.1845 ], [ -115.1412, 36.1884 ], [ -115.134, 36.1884 ], [ -115.1342, 36.1809 ], [ -115.1356, 36.1774 ], [ -115.1371, 36.1749 ], [ -115.1429, 36.1772 ], [ -115.1444, 36.1774 ], [ -115.1415, 36.1823 ] ] ] } },
{ "type": "Feature", "properties": { "GEOIDFQ": "1400000US32003002968", "NAME": "29.68", "NAMELSAD": "Census Tract 29.68" }, "geometry": { "type": "Polygon", "coordinates": [ [ [ -115.2251, 36.0926 ], [ -115.2165, 36.0931 ], [ -115.2166, 36.0859 ], [ -115.2253, 36.0854 ], [ -115.2251, 36.0926 ] ] ] } },
{ "type": "Feature", "properties": { "GEOIDFQ": "1400000US32003002969", "NAME": "29.69", "NAMELSAD": "Census Tract 29.69" }, "geometry": { "type": "Polygon", "coordinates": [ [ [ -115.2165, 36.0931 ], [ -115.2079, 36.0936 ], [ -115.2079, 36.0863 ], [ -115.2166, 36.0859 ], [ -115.2165, 36.0931 ] ] ] } },
{ "type": "Feature", "properties": { "GEOIDFQ": "1400000US32003005837", "NAME": "58.37", "NAMELSAD": "Census Tract 58.37" }, "geometry": { "type": "Polygon", "coordinates": [ [ [ -115.2076, 35.9986 ], [ -115.1896, 35.9989 ], [ -115.1898, 35.9863 ], [ -115.1905, 35.9848 ], [ -115.1918, 35.9836 ], [ -115.1972, 35.9878 ], [ -115.2019, 35.9892 ], [ -115.2039, 35.9903 ], [ -115.207, 35.9945 ], [ -115.2076, 35.9969 ], [ -115.2076, 35.9986 ] ] ] } },
{ "type": "Feature", "properties": { "GEOIDFQ": "1400000US32003005830", "NAME": "58.30", "NAMELSAD": "Census Tract 58.30" }, "geometry": { "type": "Polygon", "coordinates": [ [ [ -115.2793, 36.0203 ], [ -115.2612, 36.0201 ], [ -115.2618, 36.0123 ], [ -115.2799, 36.0122 ], [ -115.2793, 36.0203 ] ] ] } },
{ "type": "Feature", "properties": { "GEOIDFQ": "1400000US32003005831", "NAME": "58.31", "NAMELSAD": "Census Tract 58.31" }, "geometry": { "type": "Polygon", "coordinates": [ [ [ -115.2612, 36.0201 ], [ -115.2543, 36.0206 ], [ -115.2266, 36.0255 ], [ -115.2412, 35.9988 ], [ -115.2618, 35.9983 ], [ -115.2616, 36.0087 ], [ -115.2619, 36.0109 ], [ -115.2612, 36.0201 ] ] ] } },
{ "type": "Feature", "properties": { "GEOIDFQ": "1400000US32003002838", "NAME": "28.38", "NAMELSAD": "Census Tract 28.38" }, "geometry": { "type": "Polygon", "coordinates": [ [ [ -115.1274, 36.0576 ], [ -115.1183, 36.0569 ], [ -115.1182, 36.0423 ], [ -115.1362, 36.0427 ], [ -115.1367, 36.0443 ], [ -115.14, 36.0459 ], [ -115.1407, 36.0467 ], [ -115.141, 36.0573 ], [ -115.1274, 36.0576 ] ] ] } },
{ "type": "Feature", "properties": { "GEOIDFQ": "1400000US32003005845", "NAME": "58.45", "NAMELSAD": "Census Tract 58.45" }, "geometry": { "type": "Polygon", "coordinates": [ [ [ -115.325, 36.1237 ], [ -115.3245, 36.1251 ], [ -115.3247, 36.1331 ], [ -115.3216, 36.1333 ], [ -115.3205, 36.1341 ], [ -115.3199, 36.1351 ], [ -115.3197, 36.1392 ], [ -115.3209, 36.1406 ], [ -115.32, 36.1421 ], [ -115.32, 36.1444 ], [ -115.3155, 36.1444 ], [ -115.3149, 36.1188 ], [ -115.3211, 36.1196 ], [ -115.3266, 36.1215 ], [ -115.325, 36.1237 ] ] ] } },
{ "type": "Feature", "properties": { "GEOIDFQ": "1400000US32003005825", "NAME": "58.25", "NAMELSAD": "Census Tract 58.25" }, "geometry": { "type": "Polygon", "coordinates": [ [ [ -115.2789, 36.1296 ], [ -115.279, 36.1222 ], [ -115.297, 36.1224 ], [ -115.297, 36.1298 ], [ -115.2789, 36.1296 ] ] ] } },
{ "type": "Feature", "properties": { "GEOIDFQ": "1400000US32003005849", "NAME": "58.49", "NAMELSAD": "Census Tract 58.49" }, "geometry": { "type": "Polygon", "coordinates": [ [ [ -115.288, 36.1149 ], [ -115.2882, 36.1073 ], [ -115.2868, 36.1047 ], [ -115.2882, 36.1023 ], [ -115.2883, 36.1 ], [ -115.2941, 36.1001 ], [ -115.2947, 36.1011 ], [ -115.2959, 36.1063 ], [ -115.2971, 36.1092 ], [ -115.2999, 36.1128 ], [ -115.3026, 36.1151 ], [ -115.288, 36.1149 ] ] ] } },
{ "type": "Feature", "properties": { "GEOIDFQ": "1400000US32003005826", "NAME": "58.26", "NAMELSAD": "Census Tract 58.26" }, "geometry": { "type": "Polygon", "coordinates": [ [ [ -115.297, 36.1224 ], [ -115.279, 36.1222 ], [ -115.279, 36.1149 ], [ -115.297, 36.1149 ], [ -115.297, 36.1224 ] ] ] } },
{ "type": "Feature", "properties": { "GEOIDFQ": "1400000US32003005809", "NAME": "58.09", "NAMELSAD": "Census Tract 58.09" }, "geometry": { "type": "Polygon", "coordinates": [ [ [ -115.2902, 36.1348 ], [ -115.289, 36.137 ], [ -115.2898, 36.1386 ], [ -115.2898, 36.1393 ], [ -115.288, 36.141 ], [ -115.2879, 36.1441 ], [ -115.279, 36.1441 ], [ -115.2789, 36.1296 ], [ -115.2874, 36.1296 ], [ -115.2903, 36.1319 ], [ -115.2905, 36.1326 ], [ -115.2902, 36.1348 ] ] ] } },
{ "type": "Feature", "properties": { "GEOIDFQ": "1400000US32031003519", "NAME": "35.19", "NAMELSAD": "Census Tract 35.19" }, "geometry": { "type": "Polygon", "coordinates": [ [ [ -119.7579, 39.67 ], [ -119.7578, 39.6713 ], [ -119.7568, 39.6723 ], [ -119.7587, 39.6763 ], [ -119.758, 39.6792 ], [ -119.7558, 39.6813 ], [ -119.7531, 39.682 ], [ -119.7533, 39.6795 ], [ -119.7344, 39.6795 ], [ -119.7345, 39.692 ], [ -119.733, 39.6925 ], [ -119.7288, 39.6987 ], [ -119.7274, 39.6996 ], [ -119.7233, 39.7089 ], [ -119.7211, 39.7128 ], [ -119.7199, 39.7132 ], [ -119.7185, 39.7128 ], [ -119.716, 39.7151 ], [ -119.7147, 39.7154 ], [ -119.7138, 39.7168 ], [ -119.7138, 39.7208 ], [ -119.7145, 39.7222 ], [ -119.7141, 39.7232 ], [ -119.7128, 39.7238 ], [ -119.7095, 39.7273 ], [ -119.7026, 39.7303 ], [ -119.6989, 39.7309 ], [ -119.6935, 39.7281 ], [ -119.6905, 39.7271 ], [ -119.6977, 39.7109 ], [ -119.6995, 39.6832 ], [ -119.7045, 39.661 ], [ -119.7097, 39.6604 ], [ -119.7194, 39.6605 ], [ -119.7194, 39.6616 ], [ -119.7207, 39.6617 ], [ -119.7243, 39.6634 ], [ -119.7288, 39.6578 ], [ -119.7336, 39.6557 ], [ -119.734, 39.6548 ], [ -119.7341, 39.6531 ], [ -119.7395, 39.6536 ], [ -119.7413, 39.6532 ], [ -119.7433, 39.6522 ], [ -119.7449, 39.6521 ], [ -119.7463, 39.6526 ], [ -119.7471, 39.6536 ], [ -119.7488, 39.6606 ], [ -119.7497, 39.6621 ], [ -119.7557, 39.6657 ], [ -119.7597, 39.667 ], [ -119.7613, 39.6688 ], [ -119.7579, 39.67 ] ] ] } },
{ "type": "Feature", "properties": { "GEOIDFQ": "1400000US32031002303", "NAME": "23.03", "NAMELSAD": "Census Tract 23.03" }, "geometry": { "type": "Polygon", "coordinates": [ [ [ -119.9643, 39.5278 ], [ -119.9641, 39.5316 ], [ -119.9626, 39.5328 ], [ -119.9621, 39.5353 ], [ -119.961, 39.5368 ], [ -119.9602, 39.537 ], [ -119.9603, 39.5381 ], [ -119.9578, 39.5411 ], [ -119.9567, 39.5436 ], [ -119.9557, 39.5449 ], [ -119.9551, 39.5478 ], [ -119.9553, 39.5486 ], [ -119.9561, 39.5492 ], [ -119.9548, 39.5493 ], [ -119.9562, 39.5494 ], [ -119.9565, 39.5516 ], [ -119.9555, 39.5525 ], [ -119.9555, 39.5542 ], [ -119.9544, 39.5555 ], [ -119.9544, 39.5573 ], [ -119.952, 39.5597 ], [ -119.9489, 39.5608 ], [ -119.9481, 39.5615 ], [ -119.9474, 39.5629 ], [ -119.9443, 39.5666 ], [ -119.9437, 39.5694 ], [ -119.9439, 39.5701 ], [ -119.9373, 39.57 ], [ -119.9372, 39.5918 ], [ -119.9189, 39.5918 ], [ -119.919, 39.5776 ], [ -119.9139, 39.5777 ], [ -119.9128, 39.5765 ], [ -119.9116, 39.5762 ], [ -119.9124, 39.5758 ], [ -119.9137, 39.576 ], [ -119.9139, 39.574 ], [ -119.917, 39.575 ], [ -119.9168, 39.5717 ], [ -119.9189, 39.5685 ], [ -119.9191, 39.5672 ], [ -119.9171, 39.5646 ], [ -119.9158, 39.5642 ], [ -119.9119, 39.5574 ], [ -119.9106, 39.5537 ], [ -119.9084, 39.5517 ], [ -119.908, 39.5505 ], [ -119.9088, 39.5487 ], [ -119.9102, 39.5476 ], [ -119.9106, 39.5463 ], [ -119.9141, 39.5417 ], [ -119.9133, 39.5397 ], [ -119.9141, 39.5378 ], [ -119.914, 39.5363 ], [ -119.9134, 39.5351 ], [ -119.9142, 39.5329 ], [ -119.9169, 39.5325 ], [ -119.9184, 39.5327 ], [ -119.9234, 39.5354 ], [ -119.9247, 39.5367 ], [ -119.9257, 39.5372 ], [ -119.927, 39.5371 ], [ -119.9293, 39.5362 ], [ -119.9324, 39.5371 ], [ -119.9352, 39.5365 ], [ -119.9404, 39.5388 ], [ -119.942, 39.5384 ], [ -119.9449, 39.5364 ], [ -119.9488, 39.536 ], [ -119.9508, 39.5348 ], [ -119.9523, 39.533 ], [ -119.9523, 39.5318 ], [ -119.952, 39.5309 ], [ -119.9509, 39.531 ], [ -119.9498, 39.5305 ], [ -119.9485, 39.5272 ], [ -119.946, 39.5252 ], [ -119.9459, 39.5241 ], [ -119.9463, 39.523 ], [ -119.9486, 39.5216 ], [ -119.9473, 39.5203 ], [ -119.9435, 39.518 ], [ -119.9428, 39.517 ], [ -119.9414, 39.5129 ], [ -119.942, 39.5119 ], [ -119.9431, 39.5114 ], [ -119.946, 39.512 ], [ -119.9503, 39.5141 ], [ -119.9509, 39.514 ], [ -119.958, 39.5182 ], [ -119.9603, 39.5212 ], [ -119.9599, 39.5231 ], [ -119.9608, 39.5242 ], [ -119.9624, 39.5253 ], [ -119.9646, 39.5259 ], [ -119.9649, 39.5267 ], [ -119.9643, 39.5278 ] ] ] } },
{ "type": "Feature", "properties": { "GEOIDFQ": "1400000US32031003516", "NAME": "35.16", "NAMELSAD": "Census Tract 35.16" }, "geometry": { "type": "Polygon", "coordinates": [ [ [ -119.6995, 39.6832 ], [ -119.6977, 39.7109 ], [ -119.6905, 39.7271 ], [ -119.6878, 39.7265 ], [ -119.6857, 39.7238 ], [ -119.6837, 39.7221 ], [ -119.6784, 39.7198 ], [ -119.6792, 39.7173 ], [ -119.677, 39.7158 ], [ -119.6773, 39.7144 ], [ -119.6765, 39.7135 ], [ -119.6724, 39.7125 ], [ -119.6706, 39.7126 ], [ -119.662, 39.7092 ], [ -119.6571, 39.7088 ], [ -119.6542, 39.7078 ], [ -119.6532, 39.7073 ], [ -119.6525, 39.7059 ], [ -119.6513, 39.7054 ], [ -119.6509, 39.7048 ], [ -119.6511, 39.7036 ], [ -119.6504, 39.7046 ], [ -119.6495, 39.708 ], [ -119.6488, 39.7084 ], [ -119.6469, 39.7086 ], [ -119.6455, 39.7082 ], [ -119.6429, 39.7061 ], [ -119.6375, 39.7051 ], [ -119.6353, 39.7051 ], [ -119.6288, 39.7068 ], [ -119.6222, 39.7066 ], [ -119.6207, 39.7063 ], [ -119.6156, 39.704 ], [ -119.6133, 39.705 ], [ -119.6109, 39.7055 ], [ -119.6081, 39.7048 ], [ -119.6064, 39.7052 ], [ -119.6043, 39.7051 ], [ -119.6014, 39.7041 ], [ -119.6011, 39.7028 ], [ -119.6015, 39.7017 ], [ -119.6008, 39.7009 ], [ -119.6005, 39.6978 ], [ -119.599, 39.6972 ], [ -119.5966, 39.697 ], [ -119.5961, 39.6963 ], [ -119.5997, 39.6895 ], [ -119.5995, 39.6878 ], [ -119.5984, 39.6866 ], [ -119.6041, 39.6866 ], [ -119.6054, 39.685 ], [ -119.605, 39.6834 ], [ -119.5981, 39.6783 ], [ -119.5959, 39.6774 ], [ -119.5956, 39.6759 ], [ -119.604, 39.6688 ], [ -119.6059, 39.66 ], [ -119.6023, 39.6534 ], [ -119.5878, 39.6488 ], [ -119.5832, 39.6493 ], [ -119.5815, 39.65 ], [ -119.5806, 39.6494 ], [ -119.5832, 39.6439 ], [ -119.5831, 39.6425 ], [ -119.5873, 39.6394 ], [ -119.5953, 39.6376 ], [ -119.5981, 39.635 ], [ -119.6007, 39.6259 ], [ -119.603, 39.6222 ], [ -119.6096, 39.6147 ], [ -119.6106, 39.6119 ], [ -119.6097, 39.6068 ], [ -119.6105, 39.6058 ], [ -119.6065, 39.6037 ], [ -119.6069, 39.6026 ], [ -119.6148, 39.5995 ], [ -119.6159, 39.5981 ], [ -119.6158, 39.5964 ], [ -119.6113, 39.593 ], [ -119.6116, 39.5925 ], [ -119.6162, 39.5905 ], [ -119.6208, 39.5894 ], [ -119.6234, 39.5882 ], [ -119.624, 39.5867 ], [ -119.6265, 39.5862 ], [ -119.6335, 39.5808 ], [ -119.6411, 39.5779 ], [ -119.6419, 39.5762 ], [ -119.6412, 39.5667 ], [ -119.6403, 39.565 ], [ -119.6439, 39.5652 ], [ -119.6456, 39.5642 ], [ -119.6456, 39.5637 ], [ -119.6475, 39.5629 ], [ -119.6502, 39.5633 ], [ -119.6515, 39.563 ], [ -119.6533, 39.5646 ], [ -119.6562, 39.5649 ], [ -119.6572, 39.5653 ], [ -119.6578, 39.5667 ], [ -119.6624, 39.5702 ], [ -119.6685, 39.5759 ], [ -119.6711, 39.5789 ], [ -119.6757, 39.5807 ], [ -119.6762, 39.5856 ], [ -119.6823, 39.5903 ], [ -119.6831, 39.5939 ], [ -119.6829, 39.5955 ], [ -119.6803, 39.5972 ], [ -119.6772, 39.5984 ], [ -119.6737, 39.6016 ], [ -119.6727, 39.6035 ], [ -119.673, 39.6054 ], [ -119.6741, 39.6069 ], [ -119.6741, 39.6084 ], [ -119.6718, 39.6088 ], [ -119.6693, 39.6114 ], [ -119.6693, 39.6124 ], [ -119.6702, 39.6142 ], [ -119.6706, 39.6164 ], [ -119.67, 39.6218 ], [ -119.6685, 39.6229 ], [ -119.6528, 39.6228 ], [ -119.6528, 39.6252 ], [ -119.6497, 39.6252 ], [ -119.6497, 39.6307 ], [ -119.6559, 39.6307 ], [ -119.6559, 39.6362 ], [ -119.6778, 39.6363 ], [ -119.6781, 39.6616 ], [ -119.7044, 39.6614 ], [ -119.6995, 39.6832 ] ] ] } },
{ "type": "Feature", "properties": { "GEOIDFQ": "1400000US32031003520", "NAME": "35.20", "NAMELSAD": "Census Tract 35.20" }, "geometry": { "type": "Polygon", "coordinates": [ [ [ -119.7252, 39.6216 ], [ -119.7117, 39.6385 ], [ -119.7097, 39.6367 ], [ -119.7085, 39.6363 ], [ -119.695, 39.6363 ], [ -119.6954, 39.607 ], [ -119.6964, 39.607 ], [ -119.6973, 39.6087 ], [ -119.7001, 39.61 ], [ -119.7012, 39.6124 ], [ -119.7024, 39.614 ], [ -119.7054, 39.6156 ], [ -119.7078, 39.6159 ], [ -119.7117, 39.6148 ], [ -119.717, 39.6148 ], [ -119.7187, 39.6153 ], [ -119.7241, 39.615 ], [ -119.7283, 39.6161 ], [ -119.7252, 39.6216 ] ] ] } },
{ "type": "Feature", "properties": { "GEOIDFQ": "1400000US32031002414", "NAME": "24.14", "NAMELSAD": "Census Tract 24.14" }, "geometry": { "type": "Polygon", "coordinates": [ [ [ -119.9004, 39.5194 ], [ -119.888, 39.5188 ], [ -119.8862, 39.518 ], [ -119.887, 39.5173 ], [ -119.8871, 39.5159 ], [ -119.9004, 39.5137 ], [ -119.9004, 39.5194 ] ] ] } },
{ "type": "Feature", "properties": { "GEOIDFQ": "1400000US32031002413", "NAME": "24.13", "NAMELSAD": "Census Tract 24.13" }, "geometry": { "type": "Polygon", "coordinates": [ [ [ -119.9, 39.5228 ], [ -119.8983, 39.5243 ], [ -119.8962, 39.5248 ], [ -119.8904, 39.525 ], [ -119.884, 39.5291 ], [ -119.882, 39.5296 ], [ -119.8822, 39.5215 ], [ -119.8828, 39.5207 ], [ -119.8846, 39.5196 ], [ -119.8855, 39.5183 ], [ -119.8862, 39.518 ], [ -119.888, 39.5188 ], [ -119.9004, 39.5194 ], [ -119.9, 39.5228 ] ] ] } },
{ "type": "Feature", "properties": { "GEOIDFQ": "1400000US32031003310", "NAME": "33.10", "NAMELSAD": "Census Tract 33.10" }, "geometry": { "type": "Polygon", "coordinates": [ [ [ -119.9441, 39.2746 ], [ -119.9416, 39.2736 ], [ -119.9365, 39.2689 ], [ -119.9331, 39.2669 ], [ -119.9321, 39.2655 ], [ -119.9317, 39.2632 ], [ -119.931, 39.2627 ], [ -119.93, 39.2627 ], [ -119.9291, 39.2637 ], [ -119.9299, 39.2653 ], [ -119.9301, 39.2674 ], [ -119.9324, 39.2705 ], [ -119.9333, 39.2731 ], [ -119.9346, 39.2828 ], [ -119.9344, 39.2841 ], [ -119.9336, 39.2852 ], [ -119.927, 39.2881 ], [ -119.9262, 39.2893 ], [ -119.9255, 39.2918 ], [ -119.9196, 39.2911 ], [ -119.9031, 39.2923 ], [ -119.8976, 39.2897 ], [ -119.8984, 39.2879 ], [ -119.8967, 39.2872 ], [ -119.8962, 39.2805 ], [ -119.8946, 39.2794 ], [ -119.8955, 39.2767 ], [ -119.9031, 39.2719 ], [ -119.8994, 39.2682 ], [ -119.8985, 39.2641 ], [ -119.9012, 39.2613 ], [ -119.9016, 39.2472 ], [ -119.9056, 39.2346 ], [ -119.8974, 39.231 ], [ -119.8964, 39.228 ], [ -119.9006, 39.2204 ], [ -119.9049, 39.2169 ], [ -119.9085, 39.2074 ], [ -119.9099, 39.2023 ], [ -119.9079, 39.1969 ], [ -119.9039, 39.194 ], [ -119.9002, 39.1951 ], [ -119.8978, 39.1914 ], [ -119.8938, 39.187 ], [ -119.8858, 39.1832 ], [ -119.8849, 39.1789 ], [ -119.8803, 39.1786 ], [ -119.8844, 39.1752 ], [ -119.8841, 39.1668 ], [ -119.8826, 39.1655 ], [ -119.9342, 39.1656 ], [ -119.9332, 39.1699 ], [ -119.9335, 39.1705 ], [ -119.9327, 39.172 ], [ -119.9326, 39.1747 ], [ -119.9304, 39.1753 ], [ -119.9291, 39.175 ], [ -119.928, 39.1767 ], [ -119.9262, 39.1777 ], [ -119.9268, 39.1818 ], [ -119.9277, 39.183 ], [ -119.9282, 39.1851 ], [ -119.9278, 39.1867 ], [ -119.928, 39.1885 ], [ -119.9275, 39.1891 ], [ -119.9278, 39.1922 ], [ -119.9273, 39.1931 ], [ -119.9274, 39.1939 ], [ -119.931, 39.1969 ], [ -119.9322, 39.1971 ], [ -119.9335, 39.1966 ], [ -119.9342, 39.1971 ], [ -119.934, 39.1982 ], [ -119.9324, 39.1989 ], [ -119.9327, 39.2001 ], [ -119.9308, 39.2003 ], [ -119.9302, 39.2014 ], [ -119.9309, 39.2044 ], [ -119.9315, 39.2045 ], [ -119.9317, 39.2052 ], [ -119.9314, 39.2058 ], [ -119.9305, 39.206 ], [ -119.9298, 39.2072 ], [ -119.9304, 39.2097 ], [ -119.9288, 39.2116 ], [ -119.9294, 39.2155 ], [ -119.928, 39.2174 ], [ -119.9283, 39.2189 ], [ -119.9281, 39.2203 ], [ -119.9286, 39.2209 ], [ -119.9278, 39.2213 ], [ -119.9323, 39.2245 ], [ -119.9328, 39.2263 ], [ -119.932, 39.2286 ], [ -119.9321, 39.2322 ], [ -119.9288, 39.237 ], [ -119.9286, 39.2382 ], [ -119.929, 39.2391 ], [ -119.9307, 39.2409 ], [ -119.9373, 39.2451 ], [ -119.9357, 39.2475 ], [ -119.9356, 39.249 ], [ -119.9365, 39.2503 ], [ -119.9391, 39.2525 ], [ -119.9391, 39.253 ], [ -119.9379, 39.2547 ], [ -119.9379, 39.2554 ], [ -119.9409, 39.2576 ], [ -119.9409, 39.2603 ], [ -119.9426, 39.263 ], [ -119.9427, 39.2641 ], [ -119.9445, 39.2649 ], [ -119.9453, 39.2659 ], [ -119.9465, 39.2695 ], [ -119.9462, 39.2708 ], [ -119.9472, 39.2742 ], [ -119.9441, 39.2746 ] ] ] } },
{ "type": "Feature", "properties": { "GEOIDFQ": "1400000US32031003206", "NAME": "32.06", "NAMELSAD": "Census Tract 32.06" }, "geometry": { "type": "Polygon", "coordinates": [ [ [ -119.9223, 39.2959 ], [ -119.9203, 39.3006 ], [ -119.9161, 39.304 ], [ -119.9061, 39.309 ], [ -119.9019, 39.31 ], [ -119.8973, 39.3126 ], [ -119.8971, 39.3135 ], [ -119.8978, 39.3143 ], [ -119.9005, 39.3153 ], [ -119.903, 39.315 ], [ -119.9041, 39.3156 ], [ -119.9041, 39.3166 ], [ -119.9018, 39.3182 ], [ -119.9015, 39.3188 ], [ -119.9028, 39.322 ], [ -119.9021, 39.3226 ], [ -119.9011, 39.3227 ], [ -119.9004, 39.3222 ], [ -119.8986, 39.32 ], [ -119.8977, 39.3197 ], [ -119.8966, 39.3199 ], [ -119.893, 39.3241 ], [ -119.8916, 39.3289 ], [ -119.8915, 39.3308 ], [ -119.8907, 39.3311 ], [ -119.8824, 39.3308 ], [ -119.8822, 39.342 ], [ -119.8683, 39.3422 ], [ -119.8684, 39.3458 ], [ -119.8639, 39.3459 ], [ -119.8642, 39.3514 ], [ -119.8639, 39.3605 ], [ -119.8522, 39.3606 ], [ -119.8533, 39.3597 ], [ -119.8526, 39.3593 ], [ -119.8513, 39.36 ], [ -119.8465, 39.3598 ], [ -119.845, 39.3586 ], [ -119.843, 39.3576 ], [ -119.8416, 39.3543 ], [ -119.8354, 39.3526 ], [ -119.8341, 39.3497 ], [ -119.8281, 39.3465 ], [ -119.827, 39.3441 ], [ -119.8273, 39.341 ], [ -119.8267, 39.3399 ], [ -119.8253, 39.3404 ], [ -119.824, 39.3404 ], [ -119.823, 39.3393 ], [ -119.8187, 39.3377 ], [ -119.8142, 39.3387 ], [ -119.8127, 39.338 ], [ -119.8118, 39.335 ], [ -119.8133, 39.3319 ], [ -119.8128, 39.331 ], [ -119.8246, 39.3127 ], [ -119.8256, 39.3105 ], [ -119.8262, 39.3079 ], [ -119.8239, 39.3084 ], [ -119.8241, 39.307 ], [ -119.8251, 39.3062 ], [ -119.8245, 39.3053 ], [ -119.8248, 39.3007 ], [ -119.8061, 39.2112 ], [ -119.8054, 39.2097 ], [ -119.8041, 39.2085 ], [ -119.8056, 39.2083 ], [ -119.8051, 39.2086 ], [ -119.8056, 39.2091 ], [ -119.8095, 39.2094 ], [ -119.8175, 39.2089 ], [ -119.8175, 39.208 ], [ -119.8267, 39.208 ], [ -119.8267, 39.2008 ], [ -119.8439, 39.2008 ], [ -119.8439, 39.1932 ], [ -119.8533, 39.193 ], [ -119.8533, 39.1858 ], [ -119.8625, 39.1856 ], [ -119.8621, 39.1711 ], [ -119.8808, 39.1709 ], [ -119.8808, 39.1655 ], [ -119.8826, 39.1655 ], [ -119.8841, 39.1668 ], [ -119.8844, 39.1752 ], [ -119.8803, 39.1786 ], [ -119.8849, 39.1789 ], [ -119.8858, 39.1832 ], [ -119.8938, 39.187 ], [ -119.8978, 39.1914 ], [ -119.9002, 39.1951 ], [ -119.9039, 39.194 ], [ -119.9079, 39.1969 ], [ -119.9099, 39.2023 ], [ -119.9085, 39.2074 ], [ -119.9049, 39.2169 ], [ -119.9006, 39.2204 ], [ -119.8964, 39.228 ], [ -119.8974, 39.231 ], [ -119.9056, 39.2346 ], [ -119.9016, 39.2472 ], [ -119.9012, 39.2613 ], [ -119.8985, 39.2641 ], [ -119.8994, 39.2682 ], [ -119.9031, 39.2719 ], [ -119.8955, 39.2767 ], [ -119.8946, 39.2794 ], [ -119.8962, 39.2805 ], [ -119.8967, 39.2872 ], [ -119.8984, 39.2879 ], [ -119.8976, 39.2897 ], [ -119.9031, 39.2923 ], [ -119.9196, 39.2911 ], [ -119.9254, 39.2919 ], [ -119.9223, 39.2959 ] ] ] } },
{ "type": "Feature", "properties": { "GEOIDFQ": "1400000US32031003306", "NAME": "33.06", "NAMELSAD": "Census Tract 33.06" }, "geometry": { "type": "Polygon", "coordinates": [ [ [ -119.9732, 39.2514 ], [ -119.9527, 39.2497 ], [ -119.9517, 39.2468 ], [ -119.9489, 39.2433 ], [ -119.9486, 39.242 ], [ -119.9488, 39.2409 ], [ -119.9452, 39.2398 ], [ -119.9464, 39.2378 ], [ -119.9536, 39.2408 ], [ -119.9636, 39.2432 ], [ -119.966, 39.2433 ], [ -119.9678, 39.2442 ], [ -119.9686, 39.2442 ], [ -119.9701, 39.2455 ], [ -119.9693, 39.2471 ], [ -119.9683, 39.2477 ], [ -119.9696, 39.2488 ], [ -119.969, 39.2501 ], [ -119.9706, 39.2501 ], [ -119.9717, 39.2507 ], [ -119.9741, 39.2508 ], [ -119.9767, 39.2505 ], [ -119.977, 39.2508 ], [ -119.9732, 39.2514 ] ] ] } },
{ "type": "Feature", "properties": { "GEOIDFQ": "1400000US32031000202", "NAME": "2.02", "NAMELSAD": "Census Tract 2.02" }, "geometry": { "type": "Polygon", "coordinates": [ [ [ -119.8065, 39.5232 ], [ -119.8064, 39.5258 ], [ -119.8095, 39.5251 ], [ -119.8101, 39.5261 ], [ -119.8082, 39.5271 ], [ -119.8043, 39.53 ], [ -119.8032, 39.53 ], [ -119.8032, 39.5129 ], [ -119.8067, 39.5129 ], [ -119.8112, 39.5219 ], [ -119.8065, 39.5232 ] ] ] } },
{ "type": "Feature", "properties": { "GEOIDFQ": "1400000US32003000527", "NAME": "5.27", "NAMELSAD": "Census Tract 5.27" }, "geometry": { "type": "Polygon", "coordinates": [ [ [ -115.0983, 36.1881 ], [ -115.0916, 36.1883 ], [ -115.0913, 36.1863 ], [ -115.0907, 36.1852 ], [ -115.0889, 36.1836 ], [ -115.0857, 36.1828 ], [ -115.0803, 36.1825 ], [ -115.0804, 36.1809 ], [ -115.0983, 36.1809 ], [ -115.0983, 36.1881 ] ] ] } },
{ "type": "Feature", "properties": { "GEOIDFQ": "1400000US32003002995", "NAME": "29.95", "NAMELSAD": "Census Tract 29.95" }, "geometry": { "type": "Polygon", "coordinates": [ [ [ -115.1947, 36.1264 ], [ -115.1804, 36.1262 ], [ -115.1804, 36.1144 ], [ -115.1834, 36.1143 ], [ -115.1887, 36.1154 ], [ -115.1948, 36.1156 ], [ -115.1947, 36.1264 ] ] ] } },
{ "type": "Feature", "properties": { "GEOIDFQ": "1400000US32003002302", "NAME": "23.02", "NAMELSAD": "Census Tract 23.02" }, "geometry": { "type": "Polygon", "coordinates": [ [ [ -115.1661, 36.1441 ], [ -115.1573, 36.1437 ], [ -115.1622, 36.1363 ], [ -115.1548, 36.1361 ], [ -115.155, 36.1212 ], [ -115.1588, 36.1222 ], [ -115.1655, 36.1225 ], [ -115.1662, 36.123 ], [ -115.1671, 36.1248 ], [ -115.168, 36.1253 ], [ -115.1741, 36.1256 ], [ -115.1778, 36.1261 ], [ -115.1661, 36.1441 ] ] ] } },
{ "type": "Feature", "properties": { "GEOIDFQ": "1400000US32003003248", "NAME": "32.48", "NAMELSAD": "Census Tract 32.48" }, "geometry": { "type": "Polygon", "coordinates": [ [ [ -115.2788, 36.2186 ], [ -115.2742, 36.2185 ], [ -115.2745, 36.216 ], [ -115.274, 36.215 ], [ -115.2745, 36.2147 ], [ -115.2723, 36.2133 ], [ -115.2693, 36.2106 ], [ -115.2687, 36.2082 ], [ -115.2671, 36.206 ], [ -115.2672, 36.2052 ], [ -115.266, 36.2051 ], [ -115.2653, 36.2046 ], [ -115.266, 36.204 ], [ -115.2662, 36.2032 ], [ -115.2705, 36.203 ], [ -115.2749, 36.2035 ], [ -115.2746, 36.2055 ], [ -115.2789, 36.2063 ], [ -115.2788, 36.2186 ] ] ] } },
{ "type": "Feature", "properties": { "GEOIDFQ": "1400000US32003003246", "NAME": "32.46", "NAMELSAD": "Census Tract 32.46" }, "geometry": { "type": "Polygon", "coordinates": [ [ [ -115.2606, 36.2257 ], [ -115.2604, 36.2183 ], [ -115.2788, 36.2186 ], [ -115.2789, 36.2262 ], [ -115.2606, 36.2257 ] ] ] } },
{ "type": "Feature", "properties": { "GEOIDFQ": "1400000US32003003252", "NAME": "32.52", "NAMELSAD": "Census Tract 32.52" }, "geometry": { "type": "Polygon", "coordinates": [ [ [ -115.3149, 36.1939 ], [ -115.3121, 36.1968 ], [ -115.3112, 36.2002 ], [ -115.3099, 36.2012 ], [ -115.3078, 36.2018 ], [ -115.3086, 36.2044 ], [ -115.3038, 36.2061 ], [ -115.2998, 36.2061 ], [ -115.3006, 36.2009 ], [ -115.3004, 36.1952 ], [ -115.3007, 36.1934 ], [ -115.3025, 36.1935 ], [ -115.3041, 36.1927 ], [ -115.3047, 36.1911 ], [ -115.3036, 36.1896 ], [ -115.3067, 36.1869 ], [ -115.3108, 36.1896 ], [ -115.3159, 36.1921 ], [ -115.3149, 36.1939 ] ] ] } },
{ "type": "Feature", "properties": { "GEOIDFQ": "1400000US32003003250", "NAME": "32.50", "NAMELSAD": "Census Tract 32.50" }, "geometry": { "type": "Polygon", "coordinates": [ [ [ -115.3321, 36.1852 ], [ -115.3292, 36.1855 ], [ -115.3264, 36.185 ], [ -115.3277, 36.181 ], [ -115.3274, 36.1787 ], [ -115.3257, 36.1763 ], [ -115.3227, 36.1747 ], [ -115.3249, 36.1708 ], [ -115.3247, 36.1675 ], [ -115.3273, 36.1676 ], [ -115.33, 36.169 ], [ -115.3343, 36.17 ], [ -115.3375, 36.1701 ], [ -115.3381, 36.1747 ], [ -115.3412, 36.1815 ], [ -115.3321, 36.1852 ] ] ] } },
{ "type": "Feature", "properties": { "GEOIDFQ": "1400000US32003005850", "NAME": "58.50", "NAMELSAD": "Census Tract 58.50" }, "geometry": { "type": "Polygon", "coordinates": [ [ [ -115.3152, 36.1002 ], [ -115.3063, 36.1001 ], [ -115.3066, 36.0851 ], [ -115.3155, 36.0851 ], [ -115.3152, 36.1002 ] ] ] } },
{ "type": "Feature", "properties": { "GEOIDFQ": "1400000US32031003514", "NAME": "35.14", "NAMELSAD": "Census Tract 35.14" }, "geometry": { "type": "Polygon", "coordinates": [ [ [ -119.7093, 39.6417 ], [ -119.7081, 39.6442 ], [ -119.7044, 39.6614 ], [ -119.6781, 39.6616 ], [ -119.6778, 39.6363 ], [ -119.7085, 39.6363 ], [ -119.7099, 39.6368 ], [ -119.7116, 39.6386 ], [ -119.7093, 39.6417 ] ] ] } },
{ "type": "Feature", "properties": { "GEOIDFQ": "1400000US32031003512", "NAME": "35.12", "NAMELSAD": "Census Tract 35.12" }, "geometry": { "type": "Polygon", "coordinates": [ [ [ -119.7144, 39.5967 ], [ -119.7127, 39.5993 ], [ -119.7038, 39.6063 ], [ -119.701, 39.607 ], [ -119.6805, 39.6071 ], [ -119.6768, 39.6084 ], [ -119.6741, 39.6084 ], [ -119.6741, 39.6069 ], [ -119.6728, 39.6047 ], [ -119.6727, 39.6035 ], [ -119.6737, 39.6016 ], [ -119.6772, 39.5984 ], [ -119.6803, 39.5972 ], [ -119.6829, 39.5955 ], [ -119.6831, 39.5939 ], [ -119.6823, 39.5903 ], [ -119.6762, 39.5856 ], [ -119.6758, 39.5833 ], [ -119.6812, 39.5845 ], [ -119.6849, 39.5832 ], [ -119.6905, 39.5827 ], [ -119.6938, 39.5842 ], [ -119.6991, 39.581 ], [ -119.7003, 39.5794 ], [ -119.7028, 39.5805 ], [ -119.7038, 39.5832 ], [ -119.705, 39.5842 ], [ -119.7083, 39.5848 ], [ -119.7106, 39.5857 ], [ -119.714, 39.5858 ], [ -119.7149, 39.586 ], [ -119.7144, 39.5967 ] ] ] } },
{ "type": "Feature", "properties": { "GEOIDFQ": "1400000US32005002200", "NAME": "22", "NAMELSAD": "Census Tract 22" }, "geometry": { "type": "Polygon", "coordinates": [ [ [ -119.7799, 39.0479 ], [ -119.7781, 39.0482 ], [ -119.7765, 39.0499 ], [ -119.7768, 39.0514 ], [ -119.7751, 39.0526 ], [ -119.7751, 39.0549 ], [ -119.7734, 39.0552 ], [ -119.7731, 39.0537 ], [ -119.7724, 39.0536 ], [ -119.772, 39.0541 ], [ -119.7726, 39.0552 ], [ -119.7725, 39.0559 ], [ -119.7737, 39.0563 ], [ -119.7741, 39.0568 ], [ -119.7739, 39.0578 ], [ -119.7727, 39.0597 ], [ -119.7732, 39.0612 ], [ -119.7723, 39.0622 ], [ -119.7741, 39.0641 ], [ -119.7737, 39.0646 ], [ -119.7719, 39.0648 ], [ -119.7718, 39.0659 ], [ -119.7708, 39.0666 ], [ -119.7714, 39.068 ], [ -119.77, 39.0709 ], [ -119.7707, 39.0723 ], [ -119.7706, 39.0727 ], [ -119.7696, 39.0735 ], [ -119.7676, 39.0743 ], [ -119.7663, 39.0744 ], [ -119.7654, 39.0738 ], [ -119.7648, 39.0739 ], [ -119.7644, 39.0746 ], [ -119.7645, 39.0758 ], [ -119.756, 39.084 ], [ -119.7543, 39.0847 ], [ -119.7532, 39.0863 ], [ -119.7521, 39.087 ], [ -119.7521, 39.0849 ], [ -119.6861, 39.0848 ], [ -119.6866, 39.083 ], [ -119.6843, 39.0819 ], [ -119.6835, 39.0812 ], [ -119.6789, 39.0807 ], [ -119.6795, 39.0758 ], [ -119.6803, 39.0742 ], [ -119.6814, 39.0731 ], [ -119.6817, 39.0712 ], [ -119.6839, 39.0666 ], [ -119.6831, 39.0663 ], [ -119.6818, 39.0667 ], [ -119.679, 39.0667 ], [ -119.6779, 39.0524 ], [ -119.6784, 39.0496 ], [ -119.6743, 39.045 ], [ -119.6741, 39.043 ], [ -119.6732, 39.0414 ], [ -119.6729, 39.0414 ], [ -119.6733, 39.0377 ], [ -119.6723, 39.037 ], [ -119.6717, 39.0354 ], [ -119.6692, 39.0321 ], [ -119.6665, 39.0274 ], [ -119.6771, 39.0274 ], [ -119.6772, 39.0121 ], [ -119.6699, 39.0121 ], [ -119.6696, 39.011 ], [ -119.6688, 39.0108 ], [ -119.6702, 39.0093 ], [ -119.6696, 39.0084 ], [ -119.6697, 39.0061 ], [ -119.6658, 39.0066 ], [ -119.6639, 39.0059 ], [ -119.6629, 39.0059 ], [ -119.6626, 39.0062 ], [ -119.6605, 39.0053 ], [ -119.6596, 39.007 ], [ -119.6584, 39.0073 ], [ -119.6587, 39.0085 ], [ -119.657, 39.0092 ], [ -119.6564, 39.0064 ], [ -119.6645, 39.003 ], [ -119.6668, 39.0016 ], [ -119.6674, 38.9984 ], [ -119.6692, 38.9945 ], [ -119.6678, 38.9921 ], [ -119.6664, 38.9881 ], [ -119.6715, 38.9845 ], [ -119.6726, 38.9848 ], [ -119.6752, 38.9825 ], [ -119.6857, 38.9761 ], [ -119.7051, 38.9758 ], [ -119.7429, 38.9759 ], [ -119.7426, 38.9688 ], [ -119.7791, 38.9687 ], [ -119.7794, 38.9757 ], [ -119.7799, 39.0479 ] ] ] } },
{ "type": "Feature", "properties": { "GEOIDFQ": "1400000US32005002000", "NAME": "20", "NAMELSAD": "Census Tract 20" }, "geometry": { "type": "Polygon", "coordinates": [ [ [ -119.8155, 39.0985 ], [ -119.8015, 39.1086 ], [ -119.8003, 39.108 ], [ -119.7973, 39.1086 ], [ -119.7968, 39.1084 ], [ -119.7957, 39.1085 ], [ -119.7937, 39.1092 ], [ -119.7899, 39.1093 ], [ -119.79, 39.1099 ], [ -119.7973, 39.1099 ], [ -119.7975, 39.1124 ], [ -119.7991, 39.1124 ], [ -119.7991, 39.1138 ], [ -119.775, 39.114 ], [ -119.7751, 39.1132 ], [ -119.7732, 39.1132 ], [ -119.7747, 39.1041 ], [ -119.7751, 39.0913 ], [ -119.7791, 39.0741 ], [ -119.7841, 39.0739 ], [ -119.7864, 39.0747 ], [ -119.7912, 39.0847 ], [ -119.8029, 39.0905 ], [ -119.8043, 39.0915 ], [ -119.8062, 39.0919 ], [ -119.81, 39.0909 ], [ -119.8114, 39.0909 ], [ -119.813, 39.0937 ], [ -119.8136, 39.0954 ], [ -119.8158, 39.0976 ], [ -119.8155, 39.0985 ] ] ] } },
{ "type": "Feature", "properties": { "GEOIDFQ": "1400000US32005001700", "NAME": "17", "NAMELSAD": "Census Tract 17" }, "geometry": { "type": "Polygon", "coordinates": [ [ [ -119.9583, 38.9877 ], [ -119.9566, 38.9881 ], [ -119.9553, 38.9889 ], [ -119.9548, 38.9909 ], [ -119.9555, 38.9932 ], [ -119.9547, 38.9931 ], [ -119.9523, 38.9957 ], [ -119.9482, 38.9949 ], [ -119.9437, 38.9966 ], [ -119.9426, 38.9963 ], [ -119.9405, 38.9968 ], [ -119.9396, 38.9968 ], [ -119.9371, 38.9958 ], [ -119.9364, 38.9968 ], [ -119.9352, 38.9973 ], [ -119.9346, 38.9999 ], [ -119.9319, 39.0006 ], [ -119.9315, 39.0023 ], [ -119.9307, 39.0028 ], [ -119.9272, 39.0038 ], [ -119.9266, 39.0055 ], [ -119.9277, 39.0079 ], [ -119.9271, 39.0093 ], [ -119.9264, 39.0097 ], [ -119.9243, 39.0105 ], [ -119.9222, 39.0108 ], [ -119.921, 39.0117 ], [ -119.9187, 39.0115 ], [ -119.918, 39.011 ], [ -119.9181, 39.0103 ], [ -119.9173, 39.0088 ], [ -119.9165, 39.008 ], [ -119.9155, 39.0078 ], [ -119.9133, 39.0109 ], [ -119.9124, 39.0112 ], [ -119.9106, 39.0108 ], [ -119.907, 39.0137 ], [ -119.9039, 39.0146 ], [ -119.9011, 39.0173 ], [ -119.8969, 39.0176 ], [ -119.8943, 39.0189 ], [ -119.8927, 39.0189 ], [ -119.8932, 39.0178 ], [ -119.8923, 39.0172 ], [ -119.8919, 39.0161 ], [ -119.8933, 39.0139 ], [ -119.8926, 39.0132 ], [ -119.8928, 39.012 ], [ -119.8907, 39.0092 ], [ -119.8907, 39.0086 ], [ -119.8931, 39.0047 ], [ -119.8932, 39.0025 ], [ -119.8928, 39.0019 ], [ -119.8946, 39.001 ], [ -119.8945, 39.0002 ], [ -119.8967, 38.9974 ], [ -119.897, 38.995 ], [ -119.899, 38.9931 ], [ -119.8997, 38.9905 ], [ -119.9024, 38.9889 ], [ -119.903, 38.9875 ], [ -119.9063, 38.9851 ], [ -119.9121, 38.9834 ], [ -119.9137, 38.9822 ], [ -119.9172, 38.9809 ], [ -119.9173, 38.9865 ], [ -119.9221, 38.9864 ], [ -119.9219, 38.978 ], [ -119.923, 38.9787 ], [ -119.9256, 38.9779 ], [ -119.9273, 38.9762 ], [ -119.9276, 38.9746 ], [ -119.9289, 38.9733 ], [ -119.935, 38.9712 ], [ -119.9357, 38.9687 ], [ -119.942, 38.9592 ], [ -119.9513, 38.9654 ], [ -119.9539, 38.9756 ], [ -119.959, 38.9866 ], [ -119.9583, 38.9877 ] ] ] } },
{ "type": "Feature", "properties": { "GEOIDFQ": "1400000US32005001800", "NAME": "18", "NAMELSAD": "Census Tract 18" }, "geometry": { "type": "Polygon", "coordinates": [ [ [ -119.9357, 38.9687 ], [ -119.935, 38.9712 ], [ -119.9289, 38.9733 ], [ -119.9276, 38.9746 ], [ -119.9273, 38.9762 ], [ -119.9256, 38.9779 ], [ -119.923, 38.9787 ], [ -119.9219, 38.978 ], [ -119.9221, 38.9864 ], [ -119.9173, 38.9865 ], [ -119.9172, 38.9809 ], [ -119.9137, 38.9822 ], [ -119.9121, 38.9834 ], [ -119.9063, 38.9851 ], [ -119.903, 38.9875 ], [ -119.9024, 38.9889 ], [ -119.8997, 38.9905 ], [ -119.899, 38.9931 ], [ -119.8969, 38.9952 ], [ -119.8967, 38.9974 ], [ -119.896, 38.9979 ], [ -119.8944, 39.0006 ], [ -119.8934, 39.0002 ], [ -119.8927, 38.9989 ], [ -119.8923, 38.9989 ], [ -119.8921, 38.9995 ], [ -119.8909, 38.9989 ], [ -119.8903, 38.9991 ], [ -119.888, 38.9969 ], [ -119.8897, 38.9951 ], [ -119.8905, 38.9934 ], [ -119.8891, 38.992 ], [ -119.8847, 38.9902 ], [ -119.8819, 38.9876 ], [ -119.8823, 38.9852 ], [ -119.8846, 38.9816 ], [ -119.883, 38.9806 ], [ -119.8855, 38.978 ], [ -119.8849, 38.9762 ], [ -119.8839, 38.9755 ], [ -119.8819, 38.9752 ], [ -119.8778, 38.9726 ], [ -119.876, 38.9725 ], [ -119.875, 38.9716 ], [ -119.8724, 38.9713 ], [ -119.8711, 38.9708 ], [ -119.8683, 38.9688 ], [ -119.8689, 38.9683 ], [ -119.8702, 38.9682 ], [ -119.8724, 38.9686 ], [ -119.8731, 38.9681 ], [ -119.8724, 38.9669 ], [ -119.874, 38.966 ], [ -119.8751, 38.9659 ], [ -119.8735, 38.9654 ], [ -119.8713, 38.9661 ], [ -119.8701, 38.9653 ], [ -119.8694, 38.9627 ], [ -119.8728, 38.9622 ], [ -119.8757, 38.9597 ], [ -119.879, 38.9519 ], [ -119.8812, 38.95 ], [ -119.8834, 38.9459 ], [ -119.8868, 38.9444 ], [ -119.8881, 38.9433 ], [ -119.8931, 38.9415 ], [ -119.8931, 38.9393 ], [ -119.8922, 38.9384 ], [ -119.8931, 38.9372 ], [ -119.8937, 38.9373 ], [ -119.8947, 38.9361 ], [ -119.8968, 38.9362 ], [ -119.8975, 38.9359 ], [ -119.8976, 38.9365 ], [ -119.8979, 38.9365 ], [ -119.8985, 38.9359 ], [ -119.8985, 38.9349 ], [ -119.8995, 38.9357 ], [ -119.8993, 38.9329 ], [ -119.9006, 38.9342 ], [ -119.9003, 38.9331 ], [ -119.9007, 38.9328 ], [ -119.9006, 38.9319 ], [ -119.8998, 38.9316 ], [ -119.8999, 38.9311 ], [ -119.9005, 38.9311 ], [ -119.9006, 38.9308 ], [ -119.942, 38.9592 ], [ -119.9357, 38.9687 ] ] ] } },
{ "type": "Feature", "properties": { "GEOIDFQ": "1400000US32005001600", "NAME": "16", "NAMELSAD": "Census Tract 16" }, "geometry": { "type": "Polygon", "coordinates": [ [ [ -119.9609, 39.1082 ], [ -119.9584, 39.1111 ], [ -119.9578, 39.1127 ], [ -119.8844, 39.1129 ], [ -119.8832, 39.1125 ], [ -119.8816, 39.111 ], [ -119.8797, 39.1102 ], [ -119.8789, 39.1088 ], [ -119.8795, 39.1075 ], [ -119.8806, 39.1069 ], [ -119.8831, 39.1068 ], [ -119.8873, 39.1058 ], [ -119.892, 39.1053 ], [ -119.9083, 39.1015 ], [ -119.9099, 39.1002 ], [ -119.9108, 39.0964 ], [ -119.91, 39.0965 ], [ -119.91, 39.0953 ], [ -119.9086, 39.0948 ], [ -119.907, 39.0925 ], [ -119.9058, 39.092 ], [ -119.9049, 39.0905 ], [ -119.902, 39.0902 ], [ -119.8994, 39.0905 ], [ -119.8989, 39.0894 ], [ -119.897, 39.0887 ], [ -119.8965, 39.0877 ], [ -119.8944, 39.0868 ], [ -119.8931, 39.0845 ], [ -119.8912, 39.0838 ], [ -119.8883, 39.0844 ], [ -119.8877, 39.084 ], [ -119.8882, 39.082 ], [ -119.8877, 39.0813 ], [ -119.8876, 39.0784 ], [ -119.8907, 39.0751 ], [ -119.8905, 39.0729 ], [ -119.8889, 39.0703 ], [ -119.8863, 39.0685 ], [ -119.8837, 39.0673 ], [ -119.8829, 39.0654 ], [ -119.8784, 39.0626 ], [ -119.8786, 39.0619 ], [ -119.8808, 39.0599 ], [ -119.8828, 39.0591 ], [ -119.8833, 39.0586 ], [ -119.8846, 39.0591 ], [ -119.8851, 39.0589 ], [ -119.885, 39.0567 ], [ -119.8839, 39.0556 ], [ -119.8839, 39.0546 ], [ -119.8869, 39.0521 ], [ -119.8905, 39.0454 ], [ -119.8904, 39.0438 ], [ -119.8912, 39.0427 ], [ -119.8904, 39.0396 ], [ -119.8899, 39.0389 ], [ -119.8899, 39.0325 ], [ -119.8916, 39.0312 ], [ -119.8924, 39.0296 ], [ -119.8939, 39.0282 ], [ -119.8983, 39.0254 ], [ -119.898, 39.0249 ], [ -119.8984, 39.0245 ], [ -119.8976, 39.0239 ], [ -119.897, 39.0209 ], [ -119.8962, 39.02 ], [ -119.8949, 39.02 ], [ -119.8958, 39.0194 ], [ -119.8957, 39.019 ], [ -119.8943, 39.0195 ], [ -119.8933, 39.0194 ], [ -119.8927, 39.0189 ], [ -119.8943, 39.0189 ], [ -119.8969, 39.0176 ], [ -119.9011, 39.0173 ], [ -119.9039, 39.0146 ], [ -119.907, 39.0137 ], [ -119.9106, 39.0108 ], [ -119.9124, 39.0112 ], [ -119.9133, 39.0109 ], [ -119.9155, 39.0078 ], [ -119.9165, 39.008 ], [ -119.9173, 39.0088 ], [ -119.9181, 39.0103 ], [ -119.918, 39.011 ], [ -119.9187, 39.0115 ], [ -119.921, 39.0117 ], [ -119.9222, 39.0108 ], [ -119.9243, 39.0105 ], [ -119.9264, 39.0097 ], [ -119.9271, 39.0093 ], [ -119.9277, 39.0079 ], [ -119.9266, 39.0055 ], [ -119.9272, 39.0038 ], [ -119.9307, 39.0028 ], [ -119.9315, 39.0023 ], [ -119.9319, 39.0006 ], [ -119.9346, 38.9999 ], [ -119.9352, 38.9973 ], [ -119.9364, 38.9968 ], [ -119.9371, 38.9958 ], [ -119.9396, 38.9968 ], [ -119.9405, 38.9968 ], [ -119.9426, 38.9963 ], [ -119.9437, 38.9966 ], [ -119.9482, 38.9949 ], [ -119.9521, 38.9957 ], [ -119.9547, 38.9931 ], [ -119.9555, 38.9932 ], [ -119.9587, 38.9979 ], [ -119.9607, 38.9996 ], [ -119.9615, 39.0016 ], [ -119.9611, 39.0027 ], [ -119.9567, 39.0052 ], [ -119.9514, 39.0061 ], [ -119.9504, 39.0069 ], [ -119.9499, 39.0079 ], [ -119.95, 39.0095 ], [ -119.9508, 39.0112 ], [ -119.951, 39.0127 ], [ -119.9519, 39.014 ], [ -119.9539, 39.0156 ], [ -119.9541, 39.0196 ], [ -119.9546, 39.021 ], [ -119.9543, 39.0218 ], [ -119.9515, 39.0226 ], [ -119.9501, 39.0247 ], [ -119.9503, 39.0261 ], [ -119.9494, 39.0281 ], [ -119.9504, 39.0297 ], [ -119.9503, 39.0315 ], [ -119.952, 39.0349 ], [ -119.9521, 39.0358 ], [ -119.9508, 39.0388 ], [ -119.9493, 39.0409 ], [ -119.9501, 39.0466 ], [ -119.9492, 39.048 ], [ -119.9471, 39.0497 ], [ -119.9469, 39.0531 ], [ -119.9456, 39.0551 ], [ -119.9462, 39.0585 ], [ -119.9446, 39.0615 ], [ -119.9462, 39.0631 ], [ -119.9463, 39.065 ], [ -119.9436, 39.0677 ], [ -119.943, 39.0697 ], [ -119.9434, 39.071 ], [ -119.9464, 39.0731 ], [ -119.9484, 39.0737 ], [ -119.949, 39.0751 ], [ -119.9484, 39.076 ], [ -119.9491, 39.0785 ], [ -119.9489, 39.0794 ], [ -119.9497, 39.081 ], [ -119.9498, 39.0828 ], [ -119.948, 39.0857 ], [ -119.9443, 39.0874 ], [ -119.9425, 39.0876 ], [ -119.9416, 39.088 ], [ -119.9413, 39.0894 ], [ -119.9427, 39.0935 ], [ -119.9466, 39.0982 ], [ -119.9486, 39.0994 ], [ -119.952, 39.0991 ], [ -119.954, 39.1005 ], [ -119.9557, 39.1007 ], [ -119.9572, 39.1024 ], [ -119.9603, 39.1037 ], [ -119.9614, 39.105 ], [ -119.9617, 39.1064 ], [ -119.9609, 39.1082 ] ] ] } },
{ "type": "Feature", "properties": { "GEOIDFQ": "1400000US32005002500", "NAME": "25", "NAMELSAD": "Census Tract 25" }, "geometry": { "type": "Polygon", "coordinates": [ [ [ -119.5857, 38.7833 ], [ -119.585, 38.7837 ], [ -119.5843, 38.7871 ], [ -119.581, 38.7931 ], [ -119.58, 38.794 ], [ -119.5791, 38.7968 ], [ -119.5793, 38.7977 ], [ -119.5783, 38.7985 ], [ -119.5765, 38.8028 ], [ -119.5765, 38.804 ], [ -119.5773, 38.8049 ], [ -119.5771, 38.8067 ], [ -119.5756, 38.809 ], [ -119.5722, 38.8097 ], [ -119.5699, 38.812 ], [ -119.5672, 38.8127 ], [ -119.5669, 38.8143 ], [ -119.5674, 38.8169 ], [ -119.5644, 38.8225 ], [ -119.5626, 38.8236 ], [ -119.5574, 38.8208 ], [ -119.5562, 38.8206 ], [ -119.5523, 38.8189 ], [ -119.5489, 38.8163 ], [ -119.5491, 38.8127 ], [ -119.5538, 38.8127 ], [ -119.5538, 38.8163 ], [ -119.5585, 38.8163 ], [ -119.5585, 38.8091 ], [ -119.5307, 38.8091 ], [ -119.5307, 38.8018 ], [ -119.5354, 38.8018 ], [ -119.5354, 38.7874 ], [ -119.5307, 38.7874 ], [ -119.5307, 38.78 ], [ -119.5385, 38.78 ], [ -119.5382, 38.778 ], [ -119.5387, 38.775 ], [ -119.5378, 38.774 ], [ -119.5371, 38.7721 ], [ -119.537, 38.7696 ], [ -119.5359, 38.7694 ], [ -119.5359, 38.7672 ], [ -119.5354, 38.7656 ], [ -119.5124, 38.7657 ], [ -119.5125, 38.7712 ], [ -119.5076, 38.7712 ], [ -119.511, 38.7666 ], [ -119.5127, 38.7626 ], [ -119.5127, 38.7608 ], [ -119.5102, 38.7584 ], [ -119.5153, 38.7584 ], [ -119.5153, 38.7514 ], [ -119.497, 38.7514 ], [ -119.497, 38.7444 ], [ -119.4786, 38.7444 ], [ -119.4786, 38.7516 ], [ -119.4832, 38.7517 ], [ -119.4832, 38.7552 ], [ -119.4785, 38.7552 ], [ -119.4785, 38.7588 ], [ -119.4739, 38.7588 ], [ -119.4739, 38.762 ], [ -119.4727, 38.7618 ], [ -119.4732, 38.7613 ], [ -119.4702, 38.7605 ], [ -119.4688, 38.759 ], [ -119.4678, 38.7599 ], [ -119.4663, 38.7604 ], [ -119.4602, 38.7617 ], [ -119.4563, 38.7616 ], [ -119.454, 38.7629 ], [ -119.4501, 38.764 ], [ -119.4442, 38.7637 ], [ -119.4398, 38.764 ], [ -119.4303, 38.7631 ], [ -119.4272, 38.7641 ], [ -119.4254, 38.7637 ], [ -119.4225, 38.7635 ], [ -119.4123, 38.7641 ], [ -119.4096, 38.7647 ], [ -119.4082, 38.7662 ], [ -119.4052, 38.7679 ], [ -119.403, 38.7687 ], [ -119.403, 38.7657 ], [ -119.4055, 38.7657 ], [ -119.4053, 38.7517 ], [ -119.406, 38.7335 ], [ -119.3875, 38.7335 ], [ -119.3875, 38.7366 ], [ -119.3499, 38.7362 ], [ -119.3478, 38.6488 ], [ -119.3299, 38.6487 ], [ -119.3294, 38.6187 ], [ -119.3301, 38.536 ], [ -119.3701, 38.5633 ], [ -119.376, 38.5668 ], [ -119.4538, 38.6224 ], [ -119.501, 38.6544 ], [ -119.5115, 38.6622 ], [ -119.5485, 38.6876 ], [ -119.5486, 38.6947 ], [ -119.5493, 38.6971 ], [ -119.5521, 38.7028 ], [ -119.5541, 38.7191 ], [ -119.5522, 38.7191 ], [ -119.5522, 38.7228 ], [ -119.5345, 38.7228 ], [ -119.5361, 38.7234 ], [ -119.5375, 38.7229 ], [ -119.539, 38.7235 ], [ -119.5392, 38.7241 ], [ -119.5403, 38.7245 ], [ -119.5405, 38.7259 ], [ -119.5417, 38.7261 ], [ -119.5425, 38.7272 ], [ -119.5441, 38.7275 ], [ -119.545, 38.7289 ], [ -119.547, 38.7291 ], [ -119.5471, 38.7297 ], [ -119.5488, 38.7295 ], [ -119.5496, 38.7298 ], [ -119.5507, 38.7313 ], [ -119.5518, 38.7317 ], [ -119.5524, 38.7328 ], [ -119.5535, 38.7332 ], [ -119.5538, 38.734 ], [ -119.5564, 38.7356 ], [ -119.5572, 38.7372 ], [ -119.5583, 38.7379 ], [ -119.559, 38.7398 ], [ -119.5584, 38.7405 ], [ -119.5603, 38.7413 ], [ -119.5616, 38.7441 ], [ -119.5649, 38.7442 ], [ -119.5744, 38.7576 ], [ -119.579, 38.7671 ], [ -119.5848, 38.7773 ], [ -119.5865, 38.7801 ], [ -119.5896, 38.7833 ], [ -119.5857, 38.7833 ] ] ] } },
{ "type": "Feature", "properties": { "GEOIDFQ": "1400000US32005002300", "NAME": "23", "NAMELSAD": "Census Tract 23" }, "geometry": { "type": "Polygon", "coordinates": [ [ [ -119.7426, 38.9688 ], [ -119.7429, 38.9759 ], [ -119.7051, 38.9758 ], [ -119.6857, 38.9761 ], [ -119.6752, 38.9825 ], [ -119.6726, 38.9848 ], [ -119.6715, 38.9845 ], [ -119.6664, 38.9881 ], [ -119.6678, 38.9921 ], [ -119.6692, 38.9945 ], [ -119.6674, 38.9984 ], [ -119.6668, 39.0016 ], [ -119.6645, 39.003 ], [ -119.6564, 39.0064 ], [ -119.657, 39.0092 ], [ -119.6587, 39.0085 ], [ -119.6584, 39.0073 ], [ -119.6596, 39.007 ], [ -119.6605, 39.0053 ], [ -119.6626, 39.0062 ], [ -119.6629, 39.0059 ], [ -119.6639, 39.0059 ], [ -119.6658, 39.0066 ], [ -119.6697, 39.0061 ], [ -119.6696, 39.0084 ], [ -119.6702, 39.0093 ], [ -119.6688, 39.0108 ], [ -119.6696, 39.011 ], [ -119.6699, 39.0121 ], [ -119.6772, 39.0121 ], [ -119.6771, 39.0274 ], [ -119.6665, 39.0274 ], [ -119.6692, 39.0321 ], [ -119.6717, 39.0354 ], [ -119.6723, 39.037 ], [ -119.6733, 39.0377 ], [ -119.6729, 39.0414 ], [ -119.6732, 39.0414 ], [ -119.6741, 39.043 ], [ -119.6743, 39.045 ], [ -119.6784, 39.0496 ], [ -119.6779, 39.0524 ], [ -119.679, 39.0667 ], [ -119.6818, 39.0667 ], [ -119.6831, 39.0663 ], [ -119.6839, 39.0666 ], [ -119.6817, 39.0712 ], [ -119.6814, 39.0731 ], [ -119.6803, 39.0742 ], [ -119.6795, 39.0758 ], [ -119.6789, 39.0807 ], [ -119.6835, 39.0812 ], [ -119.6843, 39.0819 ], [ -119.6866, 39.083 ], [ -119.6861, 39.0848 ], [ -119.6774, 39.0848 ], [ -119.6591, 39.0861 ], [ -119.551, 39.0858 ], [ -119.5502, 39.0864 ], [ -119.5288, 39.0859 ], [ -119.4874, 39.0859 ], [ -119.4377, 39.0851 ], [ -119.3939, 39.0852 ], [ -119.3108, 39.0847 ], [ -119.3105, 38.9909 ], [ -119.3434, 38.991 ], [ -119.3434, 38.9873 ], [ -119.348, 38.9873 ], [ -119.3481, 38.9829 ], [ -119.3645, 38.9842 ], [ -119.3813, 38.9836 ], [ -119.4019, 38.9837 ], [ -119.4023, 38.9547 ], [ -119.4202, 38.9547 ], [ -119.4217, 38.882 ], [ -119.4398, 38.8821 ], [ -119.44, 38.8607 ], [ -119.4406, 38.8604 ], [ -119.4409, 38.8588 ], [ -119.4415, 38.8584 ], [ -119.4455, 38.859 ], [ -119.4472, 38.8577 ], [ -119.4489, 38.857 ], [ -119.4552, 38.8561 ], [ -119.4582, 38.8549 ], [ -119.4627, 38.8548 ], [ -119.4644, 38.8566 ], [ -119.465, 38.8567 ], [ -119.4667, 38.8562 ], [ -119.4695, 38.8559 ], [ -119.4707, 38.8545 ], [ -119.474, 38.8543 ], [ -119.4764, 38.8555 ], [ -119.4803, 38.8563 ], [ -119.4801, 38.8572 ], [ -119.4815, 38.8585 ], [ -119.4815, 38.8619 ], [ -119.4819, 38.8628 ], [ -119.4832, 38.8645 ], [ -119.4849, 38.8657 ], [ -119.4865, 38.8704 ], [ -119.489, 38.8743 ], [ -119.4917, 38.8747 ], [ -119.4942, 38.8742 ], [ -119.495, 38.8734 ], [ -119.4961, 38.8702 ], [ -119.4979, 38.8682 ], [ -119.5022, 38.8658 ], [ -119.5022, 38.8675 ], [ -119.515, 38.8675 ], [ -119.5168, 38.8685 ], [ -119.5209, 38.8762 ], [ -119.5232, 38.8783 ], [ -119.5247, 38.8788 ], [ -119.5265, 38.8789 ], [ -119.5274, 38.8794 ], [ -119.5305, 38.8797 ], [ -119.5315, 38.8805 ], [ -119.5342, 38.8804 ], [ -119.5342, 38.8817 ], [ -119.5392, 38.8817 ], [ -119.5392, 38.8801 ], [ -119.5411, 38.8803 ], [ -119.5421, 38.8796 ], [ -119.5442, 38.8795 ], [ -119.5442, 38.8817 ], [ -119.5492, 38.8817 ], [ -119.5508, 38.8836 ], [ -119.553, 38.8846 ], [ -119.558, 38.8842 ], [ -119.5591, 38.8847 ], [ -119.5646, 38.8855 ], [ -119.5654, 38.8868 ], [ -119.5666, 38.8867 ], [ -119.5673, 38.8871 ], [ -119.5682, 38.8872 ], [ -119.5707, 38.8886 ], [ -119.572, 38.8886 ], [ -119.5721, 38.8923 ], [ -119.5807, 38.8925 ], [ -119.5818, 38.894 ], [ -119.5818, 38.8949 ], [ -119.5827, 38.8962 ], [ -119.5838, 38.897 ], [ -119.5838, 38.8974 ], [ -119.5854, 38.8968 ], [ -119.5863, 38.8981 ], [ -119.588, 38.8996 ], [ -119.5902, 38.8996 ], [ -119.5902, 38.8962 ], [ -119.5934, 38.897 ], [ -119.5961, 38.8981 ], [ -119.5983, 38.8984 ], [ -119.6003, 38.8982 ], [ -119.5993, 38.896 ], [ -119.6045, 38.896 ], [ -119.6045, 38.8889 ], [ -119.6097, 38.8889 ], [ -119.6097, 38.8818 ], [ -119.6428, 38.8818 ], [ -119.6429, 38.8748 ], [ -119.6511, 38.8746 ], [ -119.6512, 38.867 ], [ -119.6588, 38.867 ], [ -119.6588, 38.8535 ], [ -119.6598, 38.8538 ], [ -119.6622, 38.8548 ], [ -119.6643, 38.8562 ], [ -119.6796, 38.8684 ], [ -119.6828, 38.872 ], [ -119.6873, 38.8796 ], [ -119.6879, 38.8781 ], [ -119.6893, 38.8759 ], [ -119.6897, 38.8759 ], [ -119.69, 38.876 ], [ -119.6892, 38.8775 ], [ -119.6899, 38.8789 ], [ -119.6925, 38.8811 ], [ -119.6938, 38.8829 ], [ -119.6959, 38.8847 ], [ -119.6981, 38.8855 ], [ -119.7003, 38.8873 ], [ -119.7012, 38.8891 ], [ -119.702, 38.8918 ], [ -119.7017, 38.8926 ], [ -119.6992, 38.8939 ], [ -119.6991, 38.8971 ], [ -119.6995, 38.8977 ], [ -119.6975, 38.9016 ], [ -119.6978, 38.9039 ], [ -119.6974, 38.9056 ], [ -119.6989, 38.9079 ], [ -119.6987, 38.9115 ], [ -119.7005, 38.912 ], [ -119.7026, 38.9142 ], [ -119.703, 38.9142 ], [ -119.7034, 38.9154 ], [ -119.7057, 38.9183 ], [ -119.7081, 38.919 ], [ -119.7088, 38.9214 ], [ -119.7084, 38.9223 ], [ -119.7135, 38.9223 ], [ -119.7144, 38.9228 ], [ -119.7168, 38.9247 ], [ -119.7211, 38.9395 ], [ -119.7283, 38.9395 ], [ -119.7282, 38.9468 ], [ -119.7425, 38.9468 ], [ -119.7425, 38.9517 ], [ -119.7488, 38.9517 ], [ -119.749, 38.9688 ], [ -119.7426, 38.9688 ] ] ] } },
{ "type": "Feature", "properties": { "GEOIDFQ": "1400000US32007951404", "NAME": "9514.04", "NAMELSAD": "Census Tract 9514.04" }, "geometry": { "type": "Polygon", "coordinates": [ [ [ -115.674, 40.7927 ], [ -115.6699, 40.7932 ], [ -115.6674, 40.7932 ], [ -115.6609, 40.7946 ], [ -115.657, 40.7978 ], [ -115.6548, 40.8028 ], [ -115.6549, 40.8041 ], [ -115.6573, 40.8076 ], [ -115.6576, 40.8087 ], [ -115.657, 40.8102 ], [ -115.654, 40.8125 ], [ -115.6539, 40.8135 ], [ -115.6568, 40.8184 ], [ -115.6582, 40.8198 ], [ -115.6619, 40.8214 ], [ -115.6583, 40.8251 ], [ -115.6614, 40.8251 ], [ -115.6615, 40.8254 ], [ -115.6614, 40.8454 ], [ -115.6111, 40.8636 ], [ -115.5966, 40.8695 ], [ -115.5708, 40.8781 ], [ -115.4376, 40.9257 ], [ -115.4158, 40.9419 ], [ -115.3232, 40.9999 ], [ -115.2663, 41.0361 ], [ -115.2649, 41.0364 ], [ -115.2649, 41.0294 ], [ -115.2644, 41.026 ], [ -115.2652, 41.0227 ], [ -115.2656, 40.9854 ], [ -115.2626, 40.9818 ], [ -115.2615, 40.9792 ], [ -115.2649, 40.9747 ], [ -115.2659, 40.9721 ], [ -115.2716, 40.9667 ], [ -115.2728, 40.966 ], [ -115.2766, 40.9648 ], [ -115.2847, 40.9652 ], [ -115.2887, 40.9632 ], [ -115.2902, 40.9611 ], [ -115.293, 40.9547 ], [ -115.2986, 40.9511 ], [ -115.3, 40.9473 ], [ -115.3055, 40.9284 ], [ -115.3062, 40.9255 ], [ -115.3063, 40.9226 ], [ -115.3094, 40.9151 ], [ -115.3098, 40.9132 ], [ -115.3103, 40.9126 ], [ -115.3157, 40.9107 ], [ -115.316, 40.9103 ], [ -115.314, 40.9097 ], [ -115.3128, 40.9089 ], [ -115.3116, 40.9075 ], [ -115.3113, 40.9063 ], [ -115.3128, 40.8978 ], [ -115.3141, 40.8941 ], [ -115.3133, 40.8847 ], [ -115.3116, 40.8747 ], [ -115.306, 40.8654 ], [ -115.3022, 40.8622 ], [ -115.2968, 40.8592 ], [ -115.293, 40.8577 ], [ -115.2834, 40.859 ], [ -115.2816, 40.86 ], [ -115.2805, 40.8622 ], [ -115.2793, 40.8634 ], [ -115.2692, 40.869 ], [ -115.2668, 40.8696 ], [ -115.2582, 40.8701 ], [ -115.2563, 40.8691 ], [ -115.2555, 40.8659 ], [ -115.2543, 40.8649 ], [ -115.2501, 40.8643 ], [ -115.2471, 40.8634 ], [ -115.2426, 40.8639 ], [ -115.2366, 40.8607 ], [ -115.2358, 40.8599 ], [ -115.2344, 40.857 ], [ -115.2311, 40.8554 ], [ -115.2285, 40.8519 ], [ -115.2283, 40.8505 ], [ -115.229, 40.848 ], [ -115.2288, 40.8469 ], [ -115.2278, 40.8455 ], [ -115.2249, 40.8434 ], [ -115.2302, 40.84 ], [ -115.2344, 40.8362 ], [ -115.2354, 40.8345 ], [ -115.241, 40.8283 ], [ -115.2411, 40.8212 ], [ -115.2447, 40.816 ], [ -115.2552, 40.8159 ], [ -115.2549, 40.8113 ], [ -115.2567, 40.8074 ], [ -115.2538, 40.8051 ], [ -115.2458, 40.804 ], [ -115.2431, 40.7998 ], [ -115.2456, 40.7817 ], [ -115.2439, 40.7809 ], [ -115.2446, 40.7797 ], [ -115.2459, 40.7679 ], [ -115.2443, 40.7654 ], [ -115.2433, 40.7618 ], [ -115.248, 40.7538 ], [ -115.2537, 40.7516 ], [ -115.2547, 40.7454 ], [ -115.2616, 40.7391 ], [ -115.2657, 40.7346 ], [ -115.2738, 40.7312 ], [ -115.2808, 40.7312 ], [ -115.2853, 40.7301 ], [ -115.2898, 40.7273 ], [ -115.2942, 40.7161 ], [ -115.3032, 40.7067 ], [ -115.3079, 40.6948 ], [ -115.3111, 40.6878 ], [ -115.3156, 40.6813 ], [ -115.3205, 40.6752 ], [ -115.3254, 40.6706 ], [ -115.3274, 40.6675 ], [ -115.3303, 40.6646 ], [ -115.3343, 40.6615 ], [ -115.3372, 40.6599 ], [ -115.3428, 40.6581 ], [ -115.3487, 40.6512 ], [ -115.3517, 40.6483 ], [ -115.3574, 40.6444 ], [ -115.3581, 40.642 ], [ -115.3574, 40.6204 ], [ -115.3569, 40.6158 ], [ -115.3583, 40.6133 ], [ -115.3645, 40.6052 ], [ -115.3655, 40.6021 ], [ -115.3701, 40.598 ], [ -115.3782, 40.6015 ], [ -115.3774, 40.6025 ], [ -115.3764, 40.6028 ], [ -115.3749, 40.6041 ], [ -115.3717, 40.6101 ], [ -115.3716, 40.611 ], [ -115.3702, 40.6117 ], [ -115.3696, 40.6124 ], [ -115.3674, 40.6237 ], [ -115.3676, 40.6284 ], [ -115.3685, 40.6305 ], [ -115.3703, 40.6325 ], [ -115.3702, 40.6351 ], [ -115.3709, 40.638 ], [ -115.3744, 40.6425 ], [ -115.3761, 40.6437 ], [ -115.3783, 40.6446 ], [ -115.3824, 40.647 ], [ -115.3884, 40.6485 ], [ -115.391, 40.6495 ], [ -115.4018, 40.6505 ], [ -115.4052, 40.6513 ], [ -115.4063, 40.6521 ], [ -115.4088, 40.6522 ], [ -115.4104, 40.6535 ], [ -115.4122, 40.654 ], [ -115.4121, 40.6529 ], [ -115.4139, 40.6538 ], [ -115.4173, 40.6543 ], [ -115.4199, 40.6558 ], [ -115.4224, 40.656 ], [ -115.4245, 40.657 ], [ -115.4353, 40.6595 ], [ -115.4362, 40.6601 ], [ -115.4376, 40.6624 ], [ -115.4387, 40.6632 ], [ -115.4437, 40.6646 ], [ -115.45, 40.6674 ], [ -115.4517, 40.6678 ], [ -115.4541, 40.6679 ], [ -115.4556, 40.6689 ], [ -115.457, 40.6705 ], [ -115.4653, 40.6746 ], [ -115.4721, 40.6814 ], [ -115.4742, 40.685 ], [ -115.4754, 40.6887 ], [ -115.4749, 40.6917 ], [ -115.4752, 40.6926 ], [ -115.4824, 40.6983 ], [ -115.4898, 40.7089 ], [ -115.4898, 40.7241 ], [ -115.4937, 40.7228 ], [ -115.4956, 40.7225 ], [ -115.538, 40.7223 ], [ -115.5412, 40.7227 ], [ -115.5482, 40.7252 ], [ -115.5506, 40.7254 ], [ -115.5641, 40.725 ], [ -115.5752, 40.7223 ], [ -115.5908, 40.7223 ], [ -115.5907, 40.7241 ], [ -115.5884, 40.7291 ], [ -115.5854, 40.7314 ], [ -115.5827, 40.7362 ], [ -115.5785, 40.7377 ], [ -115.5791, 40.738 ], [ -115.581, 40.7382 ], [ -115.582, 40.7386 ], [ -115.5847, 40.7431 ], [ -115.587, 40.7444 ], [ -115.5858, 40.7471 ], [ -115.5858, 40.7488 ], [ -115.5864, 40.7504 ], [ -115.5814, 40.7542 ], [ -115.5792, 40.755 ], [ -115.5796, 40.7568 ], [ -115.5791, 40.7599 ], [ -115.5819, 40.7603 ], [ -115.5891, 40.7602 ], [ -115.5964, 40.7592 ], [ -115.6069, 40.7586 ], [ -115.6119, 40.7588 ], [ -115.6151, 40.7576 ], [ -115.6206, 40.7568 ], [ -115.6282, 40.7538 ], [ -115.631, 40.754 ], [ -115.6347, 40.759 ], [ -115.6369, 40.7663 ], [ -115.6379, 40.7682 ], [ -115.6391, 40.7695 ], [ -115.6458, 40.7746 ], [ -115.6507, 40.7778 ], [ -115.6557, 40.7801 ], [ -115.6762, 40.7854 ], [ -115.674, 40.7927 ] ] ] } },
{ "type": "Feature", "properties": { "GEOIDFQ": "1400000US32007951403", "NAME": "9514.03", "NAMELSAD": "Census Tract 9514.03" }, "geometry": { "type": "Polygon", "coordinates": [ [ [ -115.6282, 40.7538 ], [ -115.6206, 40.7568 ], [ -115.6151, 40.7576 ], [ -115.6119, 40.7588 ], [ -115.6069, 40.7586 ], [ -115.5964, 40.7592 ], [ -115.5891, 40.7602 ], [ -115.5819, 40.7603 ], [ -115.5791, 40.7599 ], [ -115.5796, 40.7568 ], [ -115.5792, 40.755 ], [ -115.5814, 40.7542 ], [ -115.5864, 40.7504 ], [ -115.5858, 40.7488 ], [ -115.5858, 40.7471 ], [ -115.587, 40.7444 ], [ -115.5847, 40.7431 ], [ -115.582, 40.7386 ], [ -115.581, 40.7382 ], [ -115.5791, 40.738 ], [ -115.5785, 40.7377 ], [ -115.5827, 40.7362 ], [ -115.5854, 40.7314 ], [ -115.5884, 40.7291 ], [ -115.5907, 40.7241 ], [ -115.5908, 40.7223 ], [ -115.6017, 40.7223 ], [ -115.6045, 40.723 ], [ -115.6069, 40.7243 ], [ -115.631, 40.754 ], [ -115.6282, 40.7538 ] ] ] } },
{ "type": "Feature", "properties": { "GEOIDFQ": "1400000US32003005319", "NAME": "53.19", "NAMELSAD": "Census Tract 53.19" }, "geometry": { "type": "Polygon", "coordinates": [ [ [ -115.1183, 36.0349 ], [ -115.1134, 36.035 ], [ -115.1136, 36.0304 ], [ -115.1132, 36.0303 ], [ -115.1132, 36.0276 ], [ -115.0924, 36.0277 ], [ -115.0925, 36.0259 ], [ -115.093, 36.0259 ], [ -115.093, 36.0234 ], [ -115.1185, 36.0237 ], [ -115.1183, 36.0349 ] ] ] } },
{ "type": "Feature", "properties": { "GEOIDFQ": "1400000US32003005320", "NAME": "53.20", "NAMELSAD": "Census Tract 53.20" }, "geometry": { "type": "Polygon", "coordinates": [ [ [ -115.1134, 36.035 ], [ -115.1051, 36.0341 ], [ -115.1002, 36.0342 ], [ -115.1005, 36.0278 ], [ -115.1132, 36.0276 ], [ -115.1132, 36.0303 ], [ -115.1136, 36.0306 ], [ -115.1134, 36.035 ] ] ] } },
{ "type": "Feature", "properties": { "GEOIDFQ": "1400000US32003005321", "NAME": "53.21", "NAMELSAD": "Census Tract 53.21" }, "geometry": { "type": "Polygon", "coordinates": [ [ [ -115.0859, 36.0321 ], [ -115.0846, 36.0345 ], [ -115.082, 36.0334 ], [ -115.0778, 36.0302 ], [ -115.076, 36.0295 ], [ -115.0738, 36.0292 ], [ -115.07, 36.0299 ], [ -115.0636, 36.0337 ], [ -115.0619, 36.0342 ], [ -115.0602, 36.0342 ], [ -115.0601, 36.0331 ], [ -115.0596, 36.032 ], [ -115.0562, 36.0301 ], [ -115.0561, 36.0282 ], [ -115.0849, 36.0244 ], [ -115.0863, 36.03 ], [ -115.0859, 36.0321 ] ] ] } },
{ "type": "Feature", "properties": { "GEOIDFQ": "1400000US32003005322", "NAME": "53.22", "NAMELSAD": "Census Tract 53.22" }, "geometry": { "type": "Polygon", "coordinates": [ [ [ -115.1185, 36.0236 ], [ -115.1006, 36.0234 ], [ -115.1007, 36.0183 ], [ -115.1015, 36.0164 ], [ -115.1144, 36.0073 ], [ -115.1181, 36.0106 ], [ -115.1188, 36.0125 ], [ -115.1185, 36.0236 ] ] ] } },
{ "type": "Feature", "properties": { "GEOIDFQ": "1400000US32003003322", "NAME": "33.22", "NAMELSAD": "Census Tract 33.22" }, "geometry": { "type": "Polygon", "coordinates": [ [ [ -115.2422, 36.3129 ], [ -115.2378, 36.3129 ], [ -115.2377, 36.309 ], [ -115.2332, 36.3089 ], [ -115.2331, 36.3051 ], [ -115.224, 36.3049 ], [ -115.2248, 36.2761 ], [ -115.2426, 36.2763 ], [ -115.2422, 36.3129 ] ] ] } },
{ "type": "Feature", "properties": { "GEOIDFQ": "1400000US32003003657", "NAME": "36.57", "NAMELSAD": "Census Tract 36.57" }, "geometry": { "type": "Polygon", "coordinates": [ [ [ -115.2071, 36.3283 ], [ -115.1884, 36.3285 ], [ -115.1884, 36.3212 ], [ -115.1705, 36.3209 ], [ -115.1707, 36.314 ], [ -115.1694, 36.3131 ], [ -115.1522, 36.3129 ], [ -115.1522, 36.3098 ], [ -115.1497, 36.3096 ], [ -115.147, 36.3082 ], [ -115.1342, 36.3082 ], [ -115.0984, 36.3069 ], [ -115.0798, 36.307 ], [ -115.0797, 36.2911 ], [ -115.0851, 36.2903 ], [ -115.0901, 36.2901 ], [ -115.0935, 36.2901 ], [ -115.0986, 36.2909 ], [ -115.0986, 36.2765 ], [ -115.117, 36.2763 ], [ -115.117, 36.2884 ], [ -115.1286, 36.2901 ], [ -115.1304, 36.2905 ], [ -115.1304, 36.2908 ], [ -115.141, 36.2927 ], [ -115.1461, 36.2932 ], [ -115.1511, 36.2927 ], [ -115.1706, 36.2926 ], [ -115.1754, 36.2915 ], [ -115.1795, 36.2892 ], [ -115.1838, 36.2926 ], [ -115.1818, 36.294 ], [ -115.1798, 36.2947 ], [ -115.1778, 36.2946 ], [ -115.1747, 36.2936 ], [ -115.1711, 36.2942 ], [ -115.1716, 36.2945 ], [ -115.1719, 36.2964 ], [ -115.1715, 36.2972 ], [ -115.1719, 36.2979 ], [ -115.1715, 36.2984 ], [ -115.1716, 36.3025 ], [ -115.171, 36.3024 ], [ -115.1709, 36.3061 ], [ -115.189, 36.3057 ], [ -115.1892, 36.313 ], [ -115.2072, 36.3134 ], [ -115.2071, 36.3283 ] ] ] } },
{ "type": "Feature", "properties": { "GEOIDFQ": "1400000US32003003650", "NAME": "36.50", "NAMELSAD": "Census Tract 36.50" }, "geometry": { "type": "Polygon", "coordinates": [ [ [ -115.117, 36.2616 ], [ -115.117, 36.2543 ], [ -115.1347, 36.2542 ], [ -115.1347, 36.2613 ], [ -115.117, 36.2616 ] ] ] } },
{ "type": "Feature", "properties": { "GEOIDFQ": "1400000US32003003651", "NAME": "36.51", "NAMELSAD": "Census Tract 36.51" }, "geometry": { "type": "Polygon", "coordinates": [ [ [ -115.1347, 36.2542 ], [ -115.117, 36.2543 ], [ -115.1169, 36.2469 ], [ -115.1347, 36.247 ], [ -115.1347, 36.2542 ] ] ] } },
{ "type": "Feature", "properties": { "GEOIDFQ": "1400000US32003005863", "NAME": "58.63", "NAMELSAD": "Census Tract 58.63" }, "geometry": { "type": "Polygon", "coordinates": [ [ [ -115.3065, 36.0926 ], [ -115.2974, 36.0925 ], [ -115.2975, 36.0851 ], [ -115.3066, 36.0851 ], [ -115.3065, 36.0926 ] ] ] } },
{ "type": "Feature", "properties": { "GEOIDFQ": "1400000US32003005868", "NAME": "58.68", "NAMELSAD": "Census Tract 58.68" }, "geometry": { "type": "Polygon", "coordinates": [ [ [ -115.2436, 35.9986 ], [ -115.2436, 35.9914 ], [ -115.2615, 35.9912 ], [ -115.2618, 35.9983 ], [ -115.2436, 35.9986 ] ] ] } },
{ "type": "Feature", "properties": { "GEOIDFQ": "1400000US32003005835", "NAME": "58.35", "NAMELSAD": "Census Tract 58.35" }, "geometry": { "type": "Polygon", "coordinates": [ [ [ -115.2255, 35.9986 ], [ -115.212, 35.9986 ], [ -115.2076, 35.9986 ], [ -115.2073, 35.9952 ], [ -115.2051, 35.9919 ], [ -115.2074, 35.9912 ], [ -115.2116, 35.9918 ], [ -115.2141, 35.9914 ], [ -115.2257, 35.9914 ], [ -115.2255, 35.9986 ] ] ] } },
{ "type": "Feature", "properties": { "GEOIDFQ": "1400000US32003005836", "NAME": "58.36", "NAMELSAD": "Census Tract 58.36" }, "geometry": { "type": "Polygon", "coordinates": [ [ [ -115.2257, 35.9914 ], [ -115.2141, 35.9914 ], [ -115.2116, 35.9918 ], [ -115.2074, 35.9912 ], [ -115.2051, 35.9919 ], [ -115.2029, 35.9897 ], [ -115.2053, 35.9879 ], [ -115.2094, 35.9878 ], [ -115.2094, 35.9842 ], [ -115.2182, 35.9842 ], [ -115.2205, 35.9851 ], [ -115.2229, 35.9885 ], [ -115.2253, 35.99 ], [ -115.2257, 35.9914 ] ] ] } },
{ "type": "Feature", "properties": { "GEOIDFQ": "1400000US32003002980", "NAME": "29.80", "NAMELSAD": "Census Tract 29.80" }, "geometry": { "type": "Polygon", "coordinates": [ [ [ -115.243, 36.0558 ], [ -115.2249, 36.0564 ], [ -115.2253, 36.0493 ], [ -115.2432, 36.0485 ], [ -115.243, 36.0558 ] ] ] } },
{ "type": "Feature", "properties": { "GEOIDFQ": "1400000US32003002983", "NAME": "29.83", "NAMELSAD": "Census Tract 29.83" }, "geometry": { "type": "Polygon", "coordinates": [ [ [ -115.2094, 36.057 ], [ -115.2078, 36.0571 ], [ -115.2078, 36.0326 ], [ -115.2215, 36.0266 ], [ -115.2266, 36.0255 ], [ -115.2094, 36.057 ] ] ] } },
{ "type": "Feature", "properties": { "GEOIDFQ": "1400000US32003005352", "NAME": "53.52", "NAMELSAD": "Census Tract 53.52" }, "geometry": { "type": "Polygon", "coordinates": [ [ [ -115.0655, 36.0159 ], [ -115.0638, 36.0175 ], [ -115.0629, 36.019 ], [ -115.0623, 36.0237 ], [ -115.0604, 36.0239 ], [ -115.0584, 36.0261 ], [ -115.0562, 36.0263 ], [ -115.0561, 36.0282 ], [ -115.0471, 36.0293 ], [ -115.0473, 36.0217 ], [ -115.0493, 36.0211 ], [ -115.0513, 36.0201 ], [ -115.0621, 36.0117 ], [ -115.0652, 36.0137 ], [ -115.0658, 36.015 ], [ -115.0655, 36.0159 ] ] ] } },
{ "type": "Feature", "properties": { "GEOIDFQ": "1400000US32003005438", "NAME": "54.38", "NAMELSAD": "Census Tract 54.38" }, "geometry": { "type": "Polygon", "coordinates": [ [ [ -114.9984, 36.0596 ], [ -114.9939, 36.0597 ], [ -114.9939, 36.0542 ], [ -114.9921, 36.051 ], [ -114.9872, 36.0519 ], [ -114.9835, 36.0537 ], [ -114.9804, 36.0544 ], [ -114.9785, 36.0539 ], [ -114.9711, 36.0507 ], [ -114.9735, 36.0472 ], [ -114.9761, 36.0444 ], [ -114.982, 36.0397 ], [ -115.0016, 36.0573 ], [ -114.9984, 36.0596 ] ] ] } },
{ "type": "Feature", "properties": { "GEOIDFQ": "1400000US32003005440", "NAME": "54.40", "NAMELSAD": "Census Tract 54.40" }, "geometry": { "type": "Polygon", "coordinates": [ [ [ -115.0302, 36.0855 ], [ -115.0218, 36.0854 ], [ -115.0204, 36.0851 ], [ -115.0204, 36.0818 ], [ -115.0115, 36.0818 ], [ -115.0117, 36.0709 ], [ -115.0037, 36.071 ], [ -115.0037, 36.077 ], [ -115.0052, 36.077 ], [ -115.0051, 36.0826 ], [ -115.0028, 36.0826 ], [ -115.0004, 36.0835 ], [ -114.9976, 36.0826 ], [ -114.9928, 36.0826 ], [ -114.9926, 36.0878 ], [ -114.9855, 36.0877 ], [ -114.9894, 36.0747 ], [ -114.9886, 36.0724 ], [ -114.9938, 36.0713 ], [ -114.9938, 36.0675 ], [ -115.0067, 36.0675 ], [ -115.0097, 36.067 ], [ -115.0114, 36.0659 ], [ -115.0325, 36.0848 ], [ -115.0302, 36.0855 ] ] ] } },
{ "type": "Feature", "properties": { "GEOIDFQ": "1400000US32003005362", "NAME": "53.62", "NAMELSAD": "Census Tract 53.62" }, "geometry": { "type": "Polygon", "coordinates": [ [ [ -114.9767, 35.9909 ], [ -114.9766, 36.0009 ], [ -114.9719, 36.0001 ], [ -114.9633, 36.0 ], [ -114.9633, 35.9849 ], [ -114.9638, 35.9836 ], [ -114.9855, 35.9835 ], [ -114.9868, 35.9908 ], [ -114.9767, 35.9909 ] ] ] } },
{ "type": "Feature", "properties": { "GEOIDFQ": "1400000US32003005860", "NAME": "58.60", "NAMELSAD": "Census Tract 58.60" }, "geometry": { "type": "Polygon", "coordinates": [ [ [ -115.2975, 36.0851 ], [ -115.2792, 36.0852 ], [ -115.2793, 36.061 ], [ -115.2846, 36.0611 ], [ -115.2874, 36.0628 ], [ -115.293, 36.0629 ], [ -115.2929, 36.0592 ], [ -115.2883, 36.0591 ], [ -115.2881, 36.0555 ], [ -115.2974, 36.0556 ], [ -115.2978, 36.0702 ], [ -115.2975, 36.0851 ] ] ] } },
{ "type": "Feature", "properties": { "GEOIDFQ": "1400000US32003005112", "NAME": "51.12", "NAMELSAD": "Census Tract 51.12" }, "geometry": { "type": "Polygon", "coordinates": [ [ [ -115.0287, 36.0606 ], [ -115.0272, 36.0626 ], [ -115.0272, 36.0653 ], [ -115.0287, 36.067 ], [ -115.0286, 36.0709 ], [ -115.0278, 36.0722 ], [ -115.0225, 36.0757 ], [ -114.982, 36.0397 ], [ -114.9847, 36.0378 ], [ -114.9866, 36.0371 ], [ -115.0028, 36.035 ], [ -115.0029, 36.0294 ], [ -115.0015, 36.0285 ], [ -115.0089, 36.0283 ], [ -115.0144, 36.0334 ], [ -115.0295, 36.0318 ], [ -115.0287, 36.0606 ] ] ] } },
{ "type": "Feature", "properties": { "GEOIDFQ": "1400000US32003005876", "NAME": "58.76", "NAMELSAD": "Census Tract 58.76" }, "geometry": { "type": "Polygon", "coordinates": [ [ [ -115.8458, 36.1202 ], [ -115.6579, 36.0058 ], [ -115.6541, 36.0046 ], [ -115.6498, 36.0041 ], [ -115.5974, 36.0066 ], [ -115.5976, 36.0051 ], [ -115.5971, 36.0036 ], [ -115.5974, 36.0022 ], [ -115.5999, 35.9996 ], [ -115.6044, 35.9966 ], [ -115.6116, 35.9908 ], [ -115.6133, 35.9893 ], [ -115.6175, 35.9842 ], [ -115.6358, 35.97 ], [ -115.6455, 35.9614 ], [ -115.6529, 35.9501 ], [ -115.6581, 35.9434 ], [ -115.6591, 35.9391 ], [ -115.6561, 35.9399 ], [ -115.6554, 35.9407 ], [ -115.6533, 35.9418 ], [ -115.6531, 35.9427 ], [ -115.652, 35.9426 ], [ -115.6499, 35.9436 ], [ -115.6408, 35.9436 ], [ -115.6378, 35.9433 ], [ -115.6367, 35.9422 ], [ -115.635, 35.9431 ], [ -115.6324, 35.9421 ], [ -115.6318, 35.9431 ], [ -115.6265, 35.9428 ], [ -115.6253, 35.9431 ], [ -115.6227, 35.9428 ], [ -115.6182, 35.941 ], [ -115.6164, 35.9389 ], [ -115.615, 35.9379 ], [ -115.6118, 35.9377 ], [ -115.6104, 35.9367 ], [ -115.6097, 35.9369 ], [ -115.6088, 35.936 ], [ -115.6075, 35.9359 ], [ -115.6069, 35.9354 ], [ -115.6056, 35.9353 ], [ -115.6022, 35.9367 ], [ -115.5952, 35.9368 ], [ -115.5911, 35.9343 ], [ -115.59, 35.9347 ], [ -115.5887, 35.9345 ], [ -115.587, 35.9333 ], [ -115.5829, 35.9326 ], [ -115.5801, 35.9332 ], [ -115.574, 35.935 ], [ -115.5691, 35.9373 ], [ -115.5662, 35.9393 ], [ -115.5642, 35.9399 ], [ -115.5572, 35.9452 ], [ -115.5551, 35.948 ], [ -115.5542, 35.9504 ], [ -115.5512, 35.9544 ], [ -115.5504, 35.9582 ], [ -115.5487, 35.9611 ], [ -115.5475, 35.9645 ], [ -115.5454, 35.967 ], [ -115.5447, 35.9689 ], [ -115.5434, 35.9703 ], [ -115.5406, 35.9714 ], [ -115.5402, 35.9723 ], [ -115.5368, 35.9749 ], [ -115.5363, 35.9781 ], [ -115.5341, 35.9795 ], [ -115.5316, 35.9805 ], [ -115.53, 35.9801 ], [ -115.5282, 35.9809 ], [ -115.5264, 35.981 ], [ -115.5242, 35.9797 ], [ -115.5222, 35.9805 ], [ -115.5182, 35.981 ], [ -115.509, 35.9841 ], [ -115.5085, 35.9847 ], [ -115.5085, 35.9885 ], [ -115.5064, 35.9914 ], [ -115.5069, 35.9917 ], [ -115.5047, 35.9939 ], [ -115.5003, 35.9966 ], [ -115.4974, 35.998 ], [ -115.4966, 35.9982 ], [ -115.4961, 35.998 ], [ -115.4925, 35.9988 ], [ -115.4904, 35.9998 ], [ -115.4884, 35.9998 ], [ -115.4859, 36.0005 ], [ -115.4846, 36.0013 ], [ -115.4804, 36.0007 ], [ -115.4749, 35.9979 ], [ -115.4716, 35.9974 ], [ -115.4663, 35.9947 ], [ -115.4638, 35.9939 ], [ -115.4599, 35.994 ], [ -115.4521, 35.9965 ], [ -115.4516, 35.9957 ], [ -115.4509, 35.9882 ], [ -115.4516, 35.9831 ], [ -115.4517, 35.9779 ], [ -115.4509, 35.9754 ], [ -115.4486, 35.9709 ], [ -115.4447, 35.9653 ], [ -115.4435, 35.9603 ], [ -115.4436, 35.959 ], [ -115.4408, 35.9542 ], [ -115.4384, 35.9539 ], [ -115.4376, 35.9535 ], [ -115.4369, 35.9523 ], [ -115.4374, 35.9496 ], [ -115.4381, 35.9486 ], [ -115.4369, 35.9452 ], [ -115.4354, 35.9426 ], [ -115.4355, 35.9404 ], [ -115.4325, 35.9378 ], [ -115.4298, 35.9362 ], [ -115.4305, 35.9303 ], [ -115.4292, 35.9275 ], [ -115.4293, 35.9261 ], [ -115.4315, 35.924 ], [ -115.4315, 35.9209 ], [ -115.4323, 35.9188 ], [ -115.432, 35.9152 ], [ -115.4335, 35.9127 ], [ -115.4339, 35.9108 ], [ -115.435, 35.9083 ], [ -115.4359, 35.9075 ], [ -115.4375, 35.9018 ], [ -115.4375, 35.899 ], [ -115.4383, 35.8968 ], [ -115.4382, 35.8931 ], [ -115.4377, 35.891 ], [ -115.4387, 35.8889 ], [ -115.44, 35.8818 ], [ -115.4397, 35.8805 ], [ -115.44, 35.8738 ], [ -115.4375, 35.8702 ], [ -115.4377, 35.8648 ], [ -115.4392, 35.8639 ], [ -115.443, 35.8633 ], [ -115.4448, 35.8573 ], [ -115.4439, 35.8564 ], [ -115.4438, 35.8553 ], [ -115.4363, 35.8429 ], [ -115.4357, 35.8407 ], [ -115.4353, 35.8402 ], [ -115.4262, 35.8401 ], [ -115.4257, 35.8395 ], [ -115.425, 35.8352 ], [ -115.3887, 35.8127 ], [ -115.3792, 35.8063 ], [ -115.3703, 35.801 ], [ -115.3284, 35.7808 ], [ -115.3529, 35.7474 ], [ -115.3557, 35.7422 ], [ -115.3762, 35.684 ], [ -115.388, 35.6158 ], [ -115.3915, 35.6073 ], [ -115.6954, 35.8463 ], [ -115.846, 35.9637 ], [ -115.8455, 35.9864 ], [ -115.8458, 36.1202 ] ] ] } },
{ "type": "Feature", "properties": { "GEOIDFQ": "1400000US32003003661", "NAME": "36.61", "NAMELSAD": "Census Tract 36.61" }, "geometry": { "type": "Polygon", "coordinates": [ [ [ -115.1528, 36.2842 ], [ -115.1505, 36.2842 ], [ -115.15, 36.2837 ], [ -115.1349, 36.2836 ], [ -115.1348, 36.2763 ], [ -115.153, 36.2766 ], [ -115.1528, 36.2842 ] ] ] } },
{ "type": "Feature", "properties": { "GEOIDFQ": "1400000US32003005720", "NAME": "57.20", "NAMELSAD": "Census Tract 57.20" }, "geometry": { "type": "Polygon", "coordinates": [ [ [ -115.1848, 35.943 ], [ -115.1834, 35.9462 ], [ -115.1825, 35.9502 ], [ -115.1819, 35.9618 ], [ -115.1695, 35.9676 ], [ -115.149, 35.9823 ], [ -115.1439, 35.9772 ], [ -115.1432, 35.9657 ], [ -115.1349, 35.9536 ], [ -115.1336, 35.9512 ], [ -115.1313, 35.9436 ], [ -115.1315, 35.9421 ], [ -115.1324, 35.9403 ], [ -115.1313, 35.94 ], [ -115.1233, 35.9413 ], [ -115.1228, 35.939 ], [ -115.1209, 35.9367 ], [ -115.1205, 35.9321 ], [ -115.1188, 35.9321 ], [ -115.1189, 35.9258 ], [ -115.1236, 35.9258 ], [ -115.1246, 35.9241 ], [ -115.1246, 35.9196 ], [ -115.1261, 35.9168 ], [ -115.1322, 35.9168 ], [ -115.1322, 35.9187 ], [ -115.1541, 35.9191 ], [ -115.1625, 35.9115 ], [ -115.1629, 35.9042 ], [ -115.1695, 35.904 ], [ -115.1718, 35.9022 ], [ -115.1721, 35.897 ], [ -115.2166, 35.8973 ], [ -115.1848, 35.943 ] ] ] } },
{ "type": "Feature", "properties": { "GEOIDFQ": "1400000US32003007802", "NAME": "78.02", "NAMELSAD": "Census Tract 78.02" }, "geometry": { "type": "Polygon", "coordinates": [ [ [ -115.0622, 36.2257 ], [ -115.0552, 36.226 ], [ -115.0525, 36.2283 ], [ -115.0528, 36.2311 ], [ -115.0525, 36.2315 ], [ -115.0524, 36.2349 ], [ -115.0525, 36.2399 ], [ -115.0518, 36.2403 ], [ -115.0549, 36.2404 ], [ -115.0015, 36.2715 ], [ -115.0051, 36.2756 ], [ -115.0064, 36.2764 ], [ -115.0084, 36.277 ], [ -115.0145, 36.277 ], [ -115.017, 36.2776 ], [ -115.0249, 36.2817 ], [ -115.0251, 36.2836 ], [ -115.0217, 36.2836 ], [ -115.0217, 36.2846 ], [ -115.0194, 36.2846 ], [ -115.0194, 36.2855 ], [ -115.0172, 36.2855 ], [ -115.0172, 36.2864 ], [ -115.0149, 36.2864 ], [ -115.0149, 36.2873 ], [ -115.0126, 36.2873 ], [ -115.0126, 36.2882 ], [ -115.0104, 36.2882 ], [ -115.0104, 36.2891 ], [ -115.0083, 36.2891 ], [ -114.9478, 36.3118 ], [ -114.9436, 36.3145 ], [ -114.939, 36.3191 ], [ -114.936, 36.3215 ], [ -114.9255, 36.3275 ], [ -114.923, 36.3296 ], [ -114.9215, 36.3291 ], [ -114.9177, 36.326 ], [ -114.9142, 36.3242 ], [ -114.9111, 36.3221 ], [ -114.9021, 36.3188 ], [ -114.8971, 36.314 ], [ -114.8954, 36.3092 ], [ -114.8937, 36.3074 ], [ -114.8917, 36.3038 ], [ -114.8903, 36.303 ], [ -114.8865, 36.3024 ], [ -114.8854, 36.3015 ], [ -114.8851, 36.3003 ], [ -114.8856, 36.2966 ], [ -114.8878, 36.2943 ], [ -114.8892, 36.2915 ], [ -114.888, 36.2885 ], [ -114.888, 36.2871 ], [ -114.8921, 36.2789 ], [ -114.8922, 36.2742 ], [ -114.895, 36.2704 ], [ -114.8961, 36.2668 ], [ -114.8954, 36.2651 ], [ -114.8849, 36.254 ], [ -114.8839, 36.2523 ], [ -114.8836, 36.2301 ], [ -114.8849, 36.2301 ], [ -114.8856, 36.2297 ], [ -114.892, 36.2179 ], [ -114.9059, 36.2107 ], [ -114.9118, 36.2087 ], [ -114.9122, 36.2081 ], [ -114.9126, 36.204 ], [ -114.9131, 36.2035 ], [ -114.917, 36.2032 ], [ -114.9288, 36.2012 ], [ -114.9325, 36.2019 ], [ -114.9343, 36.2016 ], [ -114.941, 36.2033 ], [ -114.9462, 36.2057 ], [ -114.9483, 36.2063 ], [ -114.9553, 36.2066 ], [ -114.9534, 36.2077 ], [ -114.9516, 36.2101 ], [ -114.9496, 36.2117 ], [ -114.9493, 36.2147 ], [ -114.9513, 36.2173 ], [ -114.957, 36.2185 ], [ -114.9597, 36.2197 ], [ -114.9606, 36.2196 ], [ -114.9627, 36.2182 ], [ -114.9642, 36.2177 ], [ -114.9669, 36.2178 ], [ -114.9699, 36.2174 ], [ -114.971, 36.2169 ], [ -114.9722, 36.2171 ], [ -114.9732, 36.2168 ], [ -114.9746, 36.2171 ], [ -114.9774, 36.2157 ], [ -114.9791, 36.2142 ], [ -114.983, 36.2151 ], [ -114.9844, 36.2143 ], [ -114.9851, 36.2145 ], [ -114.9849, 36.2152 ], [ -114.9868, 36.2153 ], [ -114.9873, 36.2145 ], [ -114.9887, 36.214 ], [ -114.9893, 36.2123 ], [ -114.9929, 36.2112 ], [ -114.9933, 36.2103 ], [ -114.9954, 36.2092 ], [ -114.9978, 36.209 ], [ -115.0001, 36.2092 ], [ -115.0029, 36.2076 ], [ -115.0055, 36.2072 ], [ -115.0083, 36.2081 ], [ -115.0077, 36.2135 ], [ -115.0057, 36.2135 ], [ -115.0058, 36.215 ], [ -115.0051, 36.2162 ], [ -115.006, 36.2191 ], [ -115.0068, 36.2201 ], [ -115.0076, 36.222 ], [ -115.0099, 36.224 ], [ -115.0108, 36.2259 ], [ -115.0115, 36.2264 ], [ -115.0149, 36.2273 ], [ -115.0178, 36.2268 ], [ -115.0199, 36.2254 ], [ -115.02, 36.2249 ], [ -115.0305, 36.2253 ], [ -115.0315, 36.2227 ], [ -115.0327, 36.2228 ], [ -115.0327, 36.2219 ], [ -115.0337, 36.2218 ], [ -115.0337, 36.2209 ], [ -115.0349, 36.2209 ], [ -115.0352, 36.2183 ], [ -115.039, 36.2182 ], [ -115.039, 36.2173 ], [ -115.0435, 36.2173 ], [ -115.0437, 36.2035 ], [ -115.0576, 36.2035 ], [ -115.0575, 36.2073 ], [ -115.0529, 36.2072 ], [ -115.0528, 36.2075 ], [ -115.0528, 36.2183 ], [ -115.0622, 36.2183 ], [ -115.0622, 36.2257 ] ] ] } },
{ "type": "Feature", "properties": { "GEOIDFQ": "1400000US32003005361", "NAME": "53.61", "NAMELSAD": "Census Tract 53.61" }, "geometry": { "type": "Polygon", "coordinates": [ [ [ -114.9899, 36.0119 ], [ -114.9874, 36.0079 ], [ -114.9847, 36.0051 ], [ -114.9816, 36.003 ], [ -114.9766, 36.0009 ], [ -114.9767, 35.9909 ], [ -114.9868, 35.9908 ], [ -114.989, 36.0023 ], [ -114.9909, 36.0084 ], [ -114.9924, 36.0109 ], [ -114.9899, 36.0119 ] ] ] } },
{ "type": "Feature", "properties": { "GEOIDFQ": "1400000US32003003267", "NAME": "32.67", "NAMELSAD": "Census Tract 32.67" }, "geometry": { "type": "Polygon", "coordinates": [ [ [ -115.3272, 36.2761 ], [ -115.3256, 36.2787 ], [ -115.3231, 36.2805 ], [ -115.3204, 36.2815 ], [ -115.3181, 36.2817 ], [ -115.315, 36.2814 ], [ -115.315, 36.2818 ], [ -115.3059, 36.2806 ], [ -115.2969, 36.2804 ], [ -115.2975, 36.2627 ], [ -115.2974, 36.2482 ], [ -115.315, 36.2479 ], [ -115.315, 36.2553 ], [ -115.3162, 36.2565 ], [ -115.3241, 36.2599 ], [ -115.3257, 36.2611 ], [ -115.327, 36.263 ], [ -115.3276, 36.2656 ], [ -115.3277, 36.2733 ], [ -115.3272, 36.2761 ] ] ] } },
{ "type": "Feature", "properties": { "GEOIDFQ": "1400000US32003005110", "NAME": "51.10", "NAMELSAD": "Census Tract 51.10" }, "geometry": { "type": "Polygon", "coordinates": [ [ [ -115.0731, 36.0856 ], [ -115.0701, 36.0859 ], [ -115.067, 36.0872 ], [ -115.0654, 36.0874 ], [ -115.0628, 36.087 ], [ -115.0608, 36.0861 ], [ -115.0579, 36.0844 ], [ -115.0586, 36.0834 ], [ -115.0586, 36.0773 ], [ -115.0563, 36.0746 ], [ -115.056, 36.073 ], [ -115.0585, 36.0731 ], [ -115.0597, 36.0721 ], [ -115.0597, 36.0709 ], [ -115.0551, 36.071 ], [ -115.0552, 36.066 ], [ -115.0524, 36.0659 ], [ -115.0527, 36.0637 ], [ -115.0606, 36.0638 ], [ -115.0627, 36.0642 ], [ -115.0649, 36.0652 ], [ -115.0668, 36.0666 ], [ -115.072, 36.0722 ], [ -115.073, 36.0741 ], [ -115.0731, 36.0856 ] ] ] } },
{ "type": "Feature", "properties": { "GEOIDFQ": "1400000US32003005858", "NAME": "58.58", "NAMELSAD": "Census Tract 58.58" }, "geometry": { "type": "Polygon", "coordinates": [ [ [ -115.4486, 36.113 ], [ -115.4476, 36.1145 ], [ -115.442, 36.1182 ], [ -115.4348, 36.1209 ], [ -115.4337, 36.1221 ], [ -115.4317, 36.126 ], [ -115.4293, 36.128 ], [ -115.4211, 36.1316 ], [ -115.417, 36.1323 ], [ -115.4122, 36.1339 ], [ -115.4029, 36.1401 ], [ -115.3961, 36.143 ], [ -115.3879, 36.1449 ], [ -115.3719, 36.1499 ], [ -115.3652, 36.1537 ], [ -115.3605, 36.1578 ], [ -115.3591, 36.1586 ], [ -115.3572, 36.159 ], [ -115.352, 36.1589 ], [ -115.3518, 36.1576 ], [ -115.3511, 36.1566 ], [ -115.3522, 36.155 ], [ -115.3517, 36.1548 ], [ -115.3515, 36.1506 ], [ -115.351, 36.1499 ], [ -115.3516, 36.1492 ], [ -115.3514, 36.1437 ], [ -115.3502, 36.1428 ], [ -115.3487, 36.1427 ], [ -115.3478, 36.1421 ], [ -115.348, 36.1353 ], [ -115.3474, 36.1346 ], [ -115.3441, 36.1342 ], [ -115.3441, 36.1334 ], [ -115.3498, 36.1333 ], [ -115.3503, 36.1327 ], [ -115.3493, 36.1299 ], [ -115.3509, 36.1298 ], [ -115.353, 36.1147 ], [ -115.3532, 36.1095 ], [ -115.3525, 36.1087 ], [ -115.3511, 36.109 ], [ -115.3499, 36.1084 ], [ -115.3487, 36.1085 ], [ -115.3474, 36.1093 ], [ -115.3445, 36.1086 ], [ -115.3428, 36.1085 ], [ -115.3366, 36.1099 ], [ -115.3335, 36.1098 ], [ -115.3293, 36.1105 ], [ -115.3274, 36.1074 ], [ -115.3276, 36.1037 ], [ -115.3273, 36.1023 ], [ -115.3262, 36.101 ], [ -115.3244, 36.1002 ], [ -115.3253, 36.0973 ], [ -115.3243, 36.093 ], [ -115.3247, 36.0918 ], [ -115.3258, 36.0906 ], [ -115.3283, 36.0911 ], [ -115.329, 36.0891 ], [ -115.3296, 36.089 ], [ -115.3295, 36.088 ], [ -115.3306, 36.0859 ], [ -115.3271, 36.0831 ], [ -115.3275, 36.0822 ], [ -115.3269, 36.0824 ], [ -115.3269, 36.0821 ], [ -115.3251, 36.084 ], [ -115.3229, 36.0853 ], [ -115.3155, 36.0868 ], [ -115.3158, 36.0626 ], [ -115.2977, 36.0628 ], [ -115.2969, 36.0405 ], [ -115.2979, 36.0205 ], [ -115.3078, 36.0218 ], [ -115.3172, 36.0238 ], [ -115.3263, 36.0283 ], [ -115.3359, 36.0313 ], [ -115.3495, 36.0348 ], [ -115.3541, 36.0353 ], [ -115.3588, 36.0349 ], [ -115.3597, 36.0361 ], [ -115.3651, 36.0373 ], [ -115.3764, 36.043 ], [ -115.3779, 36.0443 ], [ -115.3795, 36.0471 ], [ -115.3819, 36.0485 ], [ -115.3925, 36.0498 ], [ -115.3946, 36.0496 ], [ -115.3977, 36.0487 ], [ -115.3992, 36.0487 ], [ -115.4059, 36.0511 ], [ -115.4118, 36.0523 ], [ -115.4208, 36.0563 ], [ -115.4308, 36.0622 ], [ -115.4337, 36.0644 ], [ -115.4441, 36.0743 ], [ -115.4465, 36.0782 ], [ -115.4476, 36.0808 ], [ -115.4489, 36.0868 ], [ -115.449, 36.0965 ], [ -115.4502, 36.1074 ], [ -115.4486, 36.113 ] ] ] } },
{ "type": "Feature", "properties": { "GEOIDFQ": "1400000US32003005866", "NAME": "58.66", "NAMELSAD": "Census Tract 58.66" }, "geometry": { "type": "Polygon", "coordinates": [ [ [ -115.2266, 36.0255 ], [ -115.2215, 36.0266 ], [ -115.2078, 36.0326 ], [ -115.2078, 36.0134 ], [ -115.2256, 36.0133 ], [ -115.2255, 35.9987 ], [ -115.2411, 35.9989 ], [ -115.2266, 36.0255 ] ] ] } },
{ "type": "Feature", "properties": { "GEOIDFQ": "1400000US32003002901", "NAME": "29.01", "NAMELSAD": "Census Tract 29.01" }, "geometry": { "type": "Polygon", "coordinates": [ [ [ -115.2345, 36.0417 ], [ -115.2224, 36.0423 ], [ -115.2175, 36.0422 ], [ -115.2214, 36.0351 ], [ -115.2257, 36.0349 ], [ -115.2257, 36.0331 ], [ -115.2345, 36.0327 ], [ -115.2345, 36.0417 ] ] ] } },
{ "type": "Feature", "properties": { "GEOIDFQ": "1400000US32003005865", "NAME": "58.65", "NAMELSAD": "Census Tract 58.65" }, "geometry": { "type": "Polygon", "coordinates": [ [ [ -115.2256, 36.0133 ], [ -115.2078, 36.0134 ], [ -115.2076, 35.9986 ], [ -115.2255, 35.9986 ], [ -115.2256, 36.0133 ] ] ] } },
{ "type": "Feature", "properties": { "GEOIDFQ": "1400000US32003003649", "NAME": "36.49", "NAMELSAD": "Census Tract 36.49" }, "geometry": { "type": "Polygon", "coordinates": [ [ [ -115.0799, 36.2659 ], [ -115.0797, 36.2911 ], [ -115.0616, 36.291 ], [ -115.0608, 36.2874 ], [ -115.0587, 36.2832 ], [ -115.043, 36.291 ], [ -115.0408, 36.2916 ], [ -115.0372, 36.2912 ], [ -115.0352, 36.2901 ], [ -115.0239, 36.281 ], [ -115.0157, 36.2772 ], [ -115.0084, 36.277 ], [ -115.0066, 36.2765 ], [ -115.0051, 36.2756 ], [ -115.0015, 36.2715 ], [ -115.0446, 36.2463 ], [ -115.0466, 36.2482 ], [ -115.0558, 36.2648 ], [ -115.0612, 36.2697 ], [ -115.0669, 36.2675 ], [ -115.0726, 36.2642 ], [ -115.0957, 36.2455 ], [ -115.0973, 36.2462 ], [ -115.1017, 36.2453 ], [ -115.0799, 36.2659 ] ] ] } },
{ "type": "Feature", "properties": { "GEOIDFQ": "1400000US32003005364", "NAME": "53.64", "NAMELSAD": "Census Tract 53.64" }, "geometry": { "type": "Polygon", "coordinates": [ [ [ -115.0697, 36.0492 ], [ -115.0652, 36.048 ], [ -115.063, 36.0468 ], [ -115.0583, 36.0427 ], [ -115.0468, 36.0392 ], [ -115.0471, 36.0293 ], [ -115.0561, 36.0282 ], [ -115.0562, 36.0301 ], [ -115.0596, 36.032 ], [ -115.0601, 36.0331 ], [ -115.0602, 36.0342 ], [ -115.0624, 36.0341 ], [ -115.0649, 36.033 ], [ -115.0687, 36.0372 ], [ -115.0687, 36.0451 ], [ -115.07, 36.0484 ], [ -115.0697, 36.0492 ] ] ] } },
{ "type": "Feature", "properties": { "GEOIDFQ": "1400000US32003005717", "NAME": "57.17", "NAMELSAD": "Census Tract 57.17" }, "geometry": { "type": "Polygon", "coordinates": [ [ [ -115.124, 35.9599 ], [ -115.1199, 35.9611 ], [ -115.1156, 35.9566 ], [ -115.1145, 35.9544 ], [ -115.1146, 35.9517 ], [ -115.1163, 35.9483 ], [ -115.1168, 35.9459 ], [ -115.1162, 35.9439 ], [ -115.1147, 35.9422 ], [ -115.1159, 35.9414 ], [ -115.1171, 35.9411 ], [ -115.1233, 35.9413 ], [ -115.1313, 35.94 ], [ -115.1323, 35.9401 ], [ -115.1313, 35.9436 ], [ -115.1333, 35.9504 ], [ -115.1346, 35.9532 ], [ -115.1393, 35.9598 ], [ -115.124, 35.9599 ] ] ] } },
{ "type": "Feature", "properties": { "GEOIDFQ": "1400000US32003001615", "NAME": "16.15", "NAMELSAD": "Census Tract 16.15" }, "geometry": { "type": "Polygon", "coordinates": [ [ [ -115.0829, 36.1443 ], [ -115.0655, 36.1443 ], [ -115.0656, 36.137 ], [ -115.0742, 36.137 ], [ -115.0742, 36.1423 ], [ -115.0791, 36.1423 ], [ -115.0829, 36.1432 ], [ -115.0829, 36.1443 ] ] ] } },
{ "type": "Feature", "properties": { "GEOIDFQ": "1400000US32003005114", "NAME": "51.14", "NAMELSAD": "Census Tract 51.14" }, "geometry": { "type": "Polygon", "coordinates": [ [ [ -115.0467, 36.084 ], [ -115.035, 36.0838 ], [ -115.0326, 36.0848 ], [ -115.0225, 36.0757 ], [ -115.0278, 36.0722 ], [ -115.0286, 36.0709 ], [ -115.0336, 36.0715 ], [ -115.0367, 36.0715 ], [ -115.0395, 36.076 ], [ -115.0415, 36.0783 ], [ -115.044, 36.0801 ], [ -115.0498, 36.0832 ], [ -115.0467, 36.084 ] ] ] } },
{ "type": "Feature", "properties": { "GEOIDFQ": "1400000US32003002998", "NAME": "29.98", "NAMELSAD": "Census Tract 29.98" }, "geometry": { "type": "Polygon", "coordinates": [ [ [ -115.261, 36.1365 ], [ -115.261, 36.1292 ], [ -115.2789, 36.1296 ], [ -115.279, 36.1368 ], [ -115.261, 36.1365 ] ] ] } },
{ "type": "Feature", "properties": { "GEOIDFQ": "1400000US32003002849", "NAME": "28.49", "NAMELSAD": "Census Tract 28.49" }, "geometry": { "type": "Polygon", "coordinates": [ [ [ -115.1723, 36.0247 ], [ -115.1634, 36.0246 ], [ -115.1634, 36.0171 ], [ -115.1723, 36.0174 ], [ -115.1723, 36.0247 ] ] ] } },
{ "type": "Feature", "properties": { "GEOIDFQ": "1400000US32003005867", "NAME": "58.67", "NAMELSAD": "Census Tract 58.67" }, "geometry": { "type": "Polygon", "coordinates": [ [ [ -115.2436, 35.9914 ], [ -115.2436, 35.9842 ], [ -115.2613, 35.9842 ], [ -115.2615, 35.9912 ], [ -115.2436, 35.9914 ] ] ] } },
{ "type": "Feature", "properties": { "GEOIDFQ": "1400000US32003005857", "NAME": "58.57", "NAMELSAD": "Census Tract 58.57" }, "geometry": { "type": "Polygon", "coordinates": [ [ [ -115.2975, 36.0278 ], [ -115.2917, 36.0294 ], [ -115.2822, 36.0346 ], [ -115.2789, 36.035 ], [ -115.2787, 36.0279 ], [ -115.2792, 36.0203 ], [ -115.2979, 36.0205 ], [ -115.2975, 36.0278 ] ] ] } },
{ "type": "Feature", "properties": { "GEOIDFQ": "1400000US32003005874", "NAME": "58.74", "NAMELSAD": "Census Tract 58.74" }, "geometry": { "type": "Polygon", "coordinates": [ [ [ -115.297, 36.1298 ], [ -115.297, 36.1261 ], [ -115.2985, 36.1261 ], [ -115.2986, 36.1243 ], [ -115.2997, 36.1243 ], [ -115.2997, 36.1224 ], [ -115.315, 36.1225 ], [ -115.3152, 36.1298 ], [ -115.297, 36.1298 ] ] ] } },
{ "type": "Feature", "properties": { "GEOIDFQ": "1400000US32003007900", "NAME": "79", "NAMELSAD": "Census Tract 79" }, "geometry": { "type": "Polygon", "coordinates": [ [ [ -115.1514, 36.1664 ], [ -115.1502, 36.1659 ], [ -115.1494, 36.167 ], [ -115.1426, 36.1641 ], [ -115.1403, 36.1676 ], [ -115.1323, 36.1641 ], [ -115.1353, 36.1595 ], [ -115.1353, 36.1589 ], [ -115.1563, 36.1589 ], [ -115.1514, 36.1664 ] ] ] } },
{ "type": "Feature", "properties": { "GEOIDFQ": "1400000US32003002850", "NAME": "28.50", "NAMELSAD": "Census Tract 28.50" }, "geometry": { "type": "Polygon", "coordinates": [ [ [ -115.1723, 36.0174 ], [ -115.1634, 36.0171 ], [ -115.1634, 36.0246 ], [ -115.1546, 36.0241 ], [ -115.1547, 36.0133 ], [ -115.1724, 36.0137 ], [ -115.1723, 36.0174 ] ] ] } },
{ "type": "Feature", "properties": { "GEOIDFQ": "1400000US32003002997", "NAME": "29.97", "NAMELSAD": "Census Tract 29.97" }, "geometry": { "type": "Polygon", "coordinates": [ [ [ -115.279, 36.1441 ], [ -115.2609, 36.1437 ], [ -115.261, 36.1365 ], [ -115.279, 36.1368 ], [ -115.279, 36.1441 ] ] ] } },
{ "type": "Feature", "properties": { "GEOIDFQ": "1400000US32003005363", "NAME": "53.63", "NAMELSAD": "Census Tract 53.63" }, "geometry": { "type": "Polygon", "coordinates": [ [ [ -115.0468, 36.0392 ], [ -115.0367, 36.0353 ], [ -115.0294, 36.0337 ], [ -115.0295, 36.0318 ], [ -115.0348, 36.0308 ], [ -115.0472, 36.0295 ], [ -115.0468, 36.0392 ] ] ] } },
{ "type": "Feature", "properties": { "GEOIDFQ": "1400000US32003005862", "NAME": "58.62", "NAMELSAD": "Census Tract 58.62" }, "geometry": { "type": "Polygon", "coordinates": [ [ [ -115.1903, 35.985 ], [ -115.1881, 35.9843 ], [ -115.1837, 35.9843 ], [ -115.1836, 35.9886 ], [ -115.186, 35.9886 ], [ -115.186, 35.9906 ], [ -115.1886, 35.9907 ], [ -115.1886, 35.9911 ], [ -115.1898, 35.9911 ], [ -115.1896, 35.9989 ], [ -115.1808, 35.999 ], [ -115.1819, 35.9618 ], [ -115.1839, 35.9609 ], [ -115.1845, 35.9608 ], [ -115.1863, 35.9637 ], [ -115.1869, 35.9662 ], [ -115.1864, 35.9679 ], [ -115.1838, 35.9723 ], [ -115.1837, 35.9761 ], [ -115.1851, 35.9781 ], [ -115.1918, 35.9836 ], [ -115.1903, 35.985 ] ] ] } },
{ "type": "Feature", "properties": { "GEOIDFQ": "1400000US32003005441", "NAME": "54.41", "NAMELSAD": "Census Tract 54.41" }, "geometry": { "type": "Polygon", "coordinates": [ [ [ -114.9887, 36.0724 ], [ -114.9894, 36.0747 ], [ -114.9853, 36.0884 ], [ -114.9822, 36.0883 ], [ -114.9793, 36.0888 ], [ -114.9775, 36.0898 ], [ -114.9761, 36.0897 ], [ -114.9726, 36.0902 ], [ -114.965, 36.093 ], [ -114.9567, 36.0948 ], [ -114.9504, 36.0956 ], [ -114.9502, 36.0886 ], [ -114.9472, 36.0886 ], [ -114.9469, 36.0857 ], [ -114.9521, 36.0857 ], [ -114.9581, 36.0868 ], [ -114.9574, 36.0756 ], [ -114.9579, 36.0756 ], [ -114.959, 36.0735 ], [ -114.9608, 36.072 ], [ -114.9641, 36.0711 ], [ -114.9938, 36.071 ], [ -114.9938, 36.0713 ], [ -114.9887, 36.0724 ] ] ] } },
{ "type": "Feature", "properties": { "GEOIDFQ": "1400000US32003002851", "NAME": "28.51", "NAMELSAD": "Census Tract 28.51" }, "geometry": { "type": "Polygon", "coordinates": [ [ [ -115.1303, 35.999 ], [ -115.1274, 36.0001 ], [ -115.126, 35.9988 ], [ -115.141, 35.988 ], [ -115.1496, 35.9952 ], [ -115.1503, 35.9969 ], [ -115.1504, 35.9991 ], [ -115.1303, 35.999 ] ] ] } },
{ "type": "Feature", "properties": { "GEOIDFQ": "1400000US32003002853", "NAME": "28.53", "NAMELSAD": "Census Tract 28.53" }, "geometry": { "type": "Polygon", "coordinates": [ [ [ -115.1548, 35.9808 ], [ -115.1548, 35.992 ], [ -115.1509, 35.9921 ], [ -115.1497, 35.9924 ], [ -115.1479, 35.9937 ], [ -115.141, 35.988 ], [ -115.1551, 35.978 ], [ -115.1554, 35.9788 ], [ -115.1548, 35.9808 ] ] ] } },
{ "type": "Feature", "properties": { "GEOIDFQ": "1400000US32003003666", "NAME": "36.66", "NAMELSAD": "Census Tract 36.66" }, "geometry": { "type": "Polygon", "coordinates": [ [ [ -115.1977, 36.2765 ], [ -115.195, 36.2779 ], [ -115.1906, 36.2814 ], [ -115.1892, 36.2802 ], [ -115.1887, 36.2789 ], [ -115.1889, 36.2614 ], [ -115.1981, 36.2616 ], [ -115.1977, 36.2765 ] ] ] } },
{ "type": "Feature", "properties": { "GEOIDFQ": "1400000US32003005861", "NAME": "58.61", "NAMELSAD": "Census Tract 58.61" }, "geometry": { "type": "Polygon", "coordinates": [ [ [ -115.1898, 35.9865 ], [ -115.1898, 35.9911 ], [ -115.1886, 35.9911 ], [ -115.1886, 35.9907 ], [ -115.186, 35.9906 ], [ -115.186, 35.9886 ], [ -115.1836, 35.9886 ], [ -115.1837, 35.9843 ], [ -115.1881, 35.9843 ], [ -115.1902, 35.9851 ], [ -115.1898, 35.9865 ] ] ] } },
{ "type": "Feature", "properties": { "GEOIDFQ": "1400000US32003002902", "NAME": "29.02", "NAMELSAD": "Census Tract 29.02" }, "geometry": { "type": "Polygon", "coordinates": [ [ [ -115.2434, 36.0412 ], [ -115.2345, 36.0417 ], [ -115.2345, 36.0327 ], [ -115.2257, 36.0331 ], [ -115.2257, 36.0349 ], [ -115.2215, 36.035 ], [ -115.2266, 36.0255 ], [ -115.2435, 36.0224 ], [ -115.2434, 36.0412 ] ] ] } },
{ "type": "Feature", "properties": { "GEOIDFQ": "1400000US32003005113", "NAME": "51.13", "NAMELSAD": "Census Tract 51.13" }, "geometry": { "type": "Polygon", "coordinates": [ [ [ -115.0462, 36.0637 ], [ -115.046, 36.0763 ], [ -115.0446, 36.0805 ], [ -115.042, 36.0788 ], [ -115.0401, 36.0769 ], [ -115.0367, 36.0715 ], [ -115.0336, 36.0715 ], [ -115.0286, 36.0709 ], [ -115.0287, 36.0669 ], [ -115.0273, 36.0656 ], [ -115.0272, 36.0648 ], [ -115.0272, 36.0622 ], [ -115.0287, 36.0608 ], [ -115.0287, 36.0564 ], [ -115.0567, 36.0562 ], [ -115.0569, 36.0571 ], [ -115.0586, 36.0591 ], [ -115.0586, 36.0637 ], [ -115.0462, 36.0637 ] ] ] } },
{ "type": "Feature", "properties": { "GEOIDFQ": "1400000US32003006001", "NAME": "60.01", "NAMELSAD": "Census Tract 60.01" }, "geometry": { "type": "Polygon", "coordinates": [ [ [ -115.073, 36.2639 ], [ -115.0669, 36.2675 ], [ -115.0612, 36.2697 ], [ -115.0558, 36.2648 ], [ -115.0466, 36.2482 ], [ -115.0446, 36.2463 ], [ -115.0622, 36.236 ], [ -115.0621, 36.2405 ], [ -115.1019, 36.2404 ], [ -115.073, 36.2639 ] ] ] } },
{ "type": "Feature", "properties": { "GEOIDFQ": "1400000US32003002404", "NAME": "24.04", "NAMELSAD": "Census Tract 24.04" }, "geometry": { "type": "Polygon", "coordinates": [ [ [ -115.146, 36.1298 ], [ -115.1369, 36.1298 ], [ -115.1374, 36.1221 ], [ -115.1437, 36.1222 ], [ -115.1462, 36.1217 ], [ -115.146, 36.1298 ] ] ] } },
{ "type": "Feature", "properties": { "GEOIDFQ": "1400000US32003004914", "NAME": "49.14", "NAMELSAD": "Census Tract 49.14" }, "geometry": { "type": "Polygon", "coordinates": [ [ [ -115.0438, 36.1815 ], [ -115.0439, 36.1744 ], [ -115.0622, 36.1741 ], [ -115.0622, 36.1814 ], [ -115.0438, 36.1815 ] ] ] } },
{ "type": "Feature", "properties": { "GEOIDFQ": "1400000US32003005502", "NAME": "55.02", "NAMELSAD": "Census Tract 55.02" }, "geometry": { "type": "Polygon", "coordinates": [ [ [ -114.8475, 35.9364 ], [ -114.8478, 35.9387 ], [ -114.8475, 35.9401 ], [ -114.8469, 35.9412 ], [ -114.8454, 35.9427 ], [ -114.8453, 35.9644 ], [ -114.8417, 35.9644 ], [ -114.8417, 35.9589 ], [ -114.8352, 35.9589 ], [ -114.8363, 35.9564 ], [ -114.8352, 35.9563 ], [ -114.8328, 35.9571 ], [ -114.8315, 35.9567 ], [ -114.8297, 35.9578 ], [ -114.8287, 35.9594 ], [ -114.8272, 35.9602 ], [ -114.8276, 35.9614 ], [ -114.827, 35.9621 ], [ -114.8268, 35.9644 ], [ -114.8269, 35.9663 ], [ -114.8277, 35.9675 ], [ -114.8273, 35.9692 ], [ -114.8245, 35.9697 ], [ -114.8221, 35.9712 ], [ -114.8251, 35.9728 ], [ -114.8332, 35.9798 ], [ -114.8361, 35.9795 ], [ -114.8413, 35.974 ], [ -114.8424, 35.9739 ], [ -114.8446, 35.9746 ], [ -114.8461, 35.9742 ], [ -114.8464, 35.9755 ], [ -114.8451, 35.9779 ], [ -114.8444, 35.981 ], [ -114.8433, 35.9828 ], [ -114.8418, 35.9841 ], [ -114.8296, 35.9906 ], [ -114.8272, 35.9927 ], [ -114.8209, 36.0003 ], [ -114.7877, 36.0002 ], [ -114.7878, 35.9494 ], [ -114.7699, 35.9492 ], [ -114.7696, 35.9205 ], [ -114.8054, 35.9203 ], [ -114.8054, 35.9352 ], [ -114.8266, 35.935 ], [ -114.848, 35.9352 ], [ -114.8475, 35.9364 ] ] ] } },
{ "type": "Feature", "properties": { "GEOIDFQ": "1400000US32003005613", "NAME": "56.13", "NAMELSAD": "Census Tract 56.13" }, "geometry": { "type": "Polygon", "coordinates": [ [ [ -114.9325, 36.2019 ], [ -114.9285, 36.2012 ], [ -114.917, 36.2032 ], [ -114.913, 36.2035 ], [ -114.9126, 36.204 ], [ -114.9122, 36.2081 ], [ -114.9118, 36.2087 ], [ -114.9059, 36.2107 ], [ -114.892, 36.2179 ], [ -114.8856, 36.2297 ], [ -114.8849, 36.2301 ], [ -114.8836, 36.2301 ], [ -114.8839, 36.2523 ], [ -114.8849, 36.254 ], [ -114.8954, 36.2651 ], [ -114.8961, 36.2668 ], [ -114.895, 36.2704 ], [ -114.8922, 36.2742 ], [ -114.8921, 36.2789 ], [ -114.888, 36.2871 ], [ -114.888, 36.2885 ], [ -114.8892, 36.2915 ], [ -114.8878, 36.2943 ], [ -114.8856, 36.2966 ], [ -114.8853, 36.3013 ], [ -114.8865, 36.3024 ], [ -114.8903, 36.303 ], [ -114.8917, 36.3038 ], [ -114.8937, 36.3074 ], [ -114.8954, 36.3092 ], [ -114.8971, 36.314 ], [ -114.9021, 36.3188 ], [ -114.9111, 36.3221 ], [ -114.9142, 36.3242 ], [ -114.9177, 36.326 ], [ -114.9215, 36.3291 ], [ -114.923, 36.3296 ], [ -114.9047, 36.3525 ], [ -114.9031, 36.3564 ], [ -114.9028, 36.3614 ], [ -114.9017, 36.3642 ], [ -114.854, 36.4413 ], [ -114.8498, 36.4459 ], [ -114.8271, 36.4676 ], [ -114.8209, 36.472 ], [ -114.8105, 36.4773 ], [ -114.8088, 36.4773 ], [ -114.7806, 36.4916 ], [ -114.7641, 36.4916 ], [ -114.7654, 36.4938 ], [ -114.7657, 36.5066 ], [ -114.7612, 36.5068 ], [ -114.7612, 36.4973 ], [ -114.7586, 36.4916 ], [ -114.6558, 36.4917 ], [ -114.6571, 36.5036 ], [ -114.6599, 36.5203 ], [ -114.6604, 36.5293 ], [ -114.6599, 36.552 ], [ -114.6604, 36.5772 ], [ -114.6563, 36.5802 ], [ -114.6531, 36.5832 ], [ -114.6384, 36.6015 ], [ -114.5971, 36.6386 ], [ -114.5741, 36.6606 ], [ -114.572, 36.6622 ], [ -114.5686, 36.6639 ], [ -114.5648, 36.6649 ], [ -114.5374, 36.6673 ], [ -114.5266, 36.6693 ], [ -114.5216, 36.6706 ], [ -114.5177, 36.6622 ], [ -114.5163, 36.6574 ], [ -114.5127, 36.6521 ], [ -114.5105, 36.6468 ], [ -114.5055, 36.6432 ], [ -114.4964, 36.6384 ], [ -114.4868, 36.6268 ], [ -114.4844, 36.627 ], [ -114.4832, 36.6266 ], [ -114.4822, 36.6252 ], [ -114.4823, 36.6226 ], [ -114.4795, 36.6208 ], [ -114.4785, 36.6209 ], [ -114.4793, 36.6203 ], [ -114.4794, 36.6173 ], [ -114.4789, 36.6168 ], [ -114.4776, 36.6166 ], [ -114.4766, 36.6159 ], [ -114.4753, 36.6164 ], [ -114.4754, 36.6169 ], [ -114.4749, 36.6172 ], [ -114.4725, 36.6173 ], [ -114.4725, 36.6155 ], [ -114.4703, 36.6155 ], [ -114.4702, 36.6081 ], [ -114.4656, 36.6081 ], [ -114.4644, 36.6085 ], [ -114.4645, 36.6064 ], [ -114.4655, 36.6061 ], [ -114.4655, 36.6009 ], [ -114.4608, 36.6009 ], [ -114.4608, 36.5992 ], [ -114.4643, 36.5992 ], [ -114.4643, 36.5974 ], [ -114.4608, 36.5974 ], [ -114.4607, 36.5937 ], [ -114.477, 36.5939 ], [ -114.4773, 36.5936 ], [ -114.4761, 36.593 ], [ -114.4747, 36.5911 ], [ -114.4746, 36.5765 ], [ -114.4743, 36.5758 ], [ -114.4729, 36.5752 ], [ -114.4595, 36.5752 ], [ -114.4585, 36.575 ], [ -114.4571, 36.5759 ], [ -114.4565, 36.5768 ], [ -114.4563, 36.5808 ], [ -114.4557, 36.5795 ], [ -114.4514, 36.577 ], [ -114.4499, 36.5754 ], [ -114.4494, 36.5754 ], [ -114.4423, 36.5648 ], [ -114.4418, 36.5609 ], [ -114.4397, 36.561 ], [ -114.4378, 36.5619 ], [ -114.4323, 36.5658 ], [ -114.4249, 36.5726 ], [ -114.4231, 36.5747 ], [ -114.4153, 36.5792 ], [ -114.408, 36.5828 ], [ -114.4062, 36.5852 ], [ -114.403, 36.5857 ], [ -114.3938, 36.59 ], [ -114.3904, 36.5911 ], [ -114.3857, 36.5904 ], [ -114.3835, 36.5904 ], [ -114.3737, 36.5934 ], [ -114.363, 36.5973 ], [ -114.3581, 36.5979 ], [ -114.3532, 36.5958 ], [ -114.3503, 36.5962 ], [ -114.3499, 36.5955 ], [ -114.3501, 36.5949 ], [ -114.3491, 36.5934 ], [ -114.3429, 36.5919 ], [ -114.3385, 36.5901 ], [ -114.3387, 36.5878 ], [ -114.3371, 36.5847 ], [ -114.3388, 36.5808 ], [ -114.3386, 36.5763 ], [ -114.3406, 36.5738 ], [ -114.3401, 36.5718 ], [ -114.3405, 36.5707 ], [ -114.3393, 36.5662 ], [ -114.3405, 36.5626 ], [ -114.3404, 36.562 ], [ -114.3382, 36.5598 ], [ -114.338, 36.5591 ], [ -114.3385, 36.5583 ], [ -114.3382, 36.5572 ], [ -114.3397, 36.5544 ], [ -114.3392, 36.553 ], [ -114.3395, 36.5514 ], [ -114.3388, 36.5501 ], [ -114.3393, 36.5499 ], [ -114.3409, 36.5452 ], [ -114.3414, 36.5419 ], [ -114.3402, 36.5374 ], [ -114.3409, 36.5361 ], [ -114.3416, 36.533 ], [ -114.343, 36.5316 ], [ -114.3432, 36.5303 ], [ -114.3447, 36.529 ], [ -114.3461, 36.5245 ], [ -114.3461, 36.5235 ], [ -114.345, 36.5212 ], [ -114.3467, 36.5202 ], [ -114.3494, 36.5203 ], [ -114.3516, 36.5187 ], [ -114.3513, 36.5176 ], [ -114.3519, 36.5152 ], [ -114.3512, 36.5115 ], [ -114.3576, 36.4981 ], [ -114.3606, 36.4973 ], [ -114.3625, 36.4975 ], [ -114.3626, 36.4958 ], [ -114.3648, 36.4952 ], [ -114.3711, 36.4906 ], [ -114.3706, 36.4905 ], [ -114.3705, 36.4895 ], [ -114.3717, 36.4878 ], [ -114.3713, 36.4871 ], [ -114.3706, 36.4876 ], [ -114.3707, 36.4872 ], [ -114.3698, 36.4867 ], [ -114.3686, 36.4878 ], [ -114.3682, 36.487 ], [ -114.368, 36.4888 ], [ -114.3675, 36.4887 ], [ -114.3669, 36.4878 ], [ -114.3666, 36.4884 ], [ -114.3659, 36.4886 ], [ -114.3654, 36.4876 ], [ -114.3662, 36.4864 ], [ -114.3655, 36.4862 ], [ -114.3661, 36.4851 ], [ -114.3652, 36.4849 ], [ -114.3636, 36.4871 ], [ -114.3635, 36.4863 ], [ -114.3624, 36.4865 ], [ -114.3628, 36.4859 ], [ -114.3625, 36.4853 ], [ -114.364, 36.4852 ], [ -114.3648, 36.4839 ], [ -114.3646, 36.4835 ], [ -114.364, 36.4839 ], [ -114.3627, 36.4832 ], [ -114.3648, 36.4823 ], [ -114.3656, 36.4811 ], [ -114.3665, 36.4814 ], [ -114.3666, 36.4807 ], [ -114.3637, 36.4778 ], [ -114.3625, 36.4775 ], [ -114.363, 36.4768 ], [ -114.3614, 36.4771 ], [ -114.3604, 36.4758 ], [ -114.3596, 36.4754 ], [ -114.3591, 36.4756 ], [ -114.3585, 36.4751 ], [ -114.3607, 36.4741 ], [ -114.3603, 36.4738 ], [ -114.3586, 36.4738 ], [ -114.3592, 36.4734 ], [ -114.3586, 36.4731 ], [ -114.36, 36.4726 ], [ -114.3596, 36.4721 ], [ -114.3601, 36.4717 ], [ -114.3595, 36.4704 ], [ -114.3591, 36.4703 ], [ -114.359, 36.4712 ], [ -114.3587, 36.4713 ], [ -114.3583, 36.4705 ], [ -114.3573, 36.4703 ], [ -114.3569, 36.4709 ], [ -114.3564, 36.471 ], [ -114.3563, 36.4697 ], [ -114.3574, 36.4693 ], [ -114.3574, 36.4687 ], [ -114.3568, 36.4683 ], [ -114.356, 36.4686 ], [ -114.3551, 36.4686 ], [ -114.3545, 36.469 ], [ -114.354, 36.4686 ], [ -114.3549, 36.468 ], [ -114.3546, 36.4676 ], [ -114.3551, 36.4676 ], [ -114.3552, 36.4672 ], [ -114.3546, 36.4663 ], [ -114.354, 36.4665 ], [ -114.3535, 36.4652 ], [ -114.3527, 36.4658 ], [ -114.3521, 36.4646 ], [ -114.3523, 36.4639 ], [ -114.3499, 36.4617 ], [ -114.3494, 36.459 ], [ -114.3365, 36.4548 ], [ -114.3362, 36.4534 ], [ -114.3351, 36.4525 ], [ -114.3354, 36.4522 ], [ -114.3346, 36.4519 ], [ -114.335, 36.4513 ], [ -114.3346, 36.4511 ], [ -114.3348, 36.4502 ], [ -114.3339, 36.4495 ], [ -114.3348, 36.4478 ], [ -114.3338, 36.4474 ], [ -114.3329, 36.4459 ], [ -114.3305, 36.4459 ], [ -114.3312, 36.4449 ], [ -114.3306, 36.4441 ], [ -114.3301, 36.4442 ], [ -114.3297, 36.4435 ], [ -114.3301, 36.4425 ], [ -114.3291, 36.4422 ], [ -114.3303, 36.4412 ], [ -114.3305, 36.4396 ], [ -114.3292, 36.439 ], [ -114.3276, 36.4402 ], [ -114.3267, 36.4397 ], [ -114.3281, 36.4388 ], [ -114.3292, 36.4368 ], [ -114.3287, 36.4363 ], [ -114.3279, 36.4364 ], [ -114.3281, 36.4358 ], [ -114.3278, 36.4353 ], [ -114.3258, 36.4359 ], [ -114.3267, 36.4343 ], [ -114.3262, 36.4331 ], [ -114.3256, 36.4329 ], [ -114.3247, 36.4333 ], [ -114.3245, 36.4314 ], [ -114.3238, 36.4307 ], [ -114.3238, 36.4297 ], [ -114.3224, 36.4294 ], [ -114.3224, 36.4287 ], [ -114.3215, 36.4281 ], [ -114.3217, 36.4262 ], [ -114.3205, 36.4257 ], [ -114.3201, 36.4245 ], [ -114.3191, 36.4238 ], [ -114.3196, 36.4215 ], [ -114.3182, 36.4176 ], [ -114.3175, 36.4173 ], [ -114.3159, 36.4177 ], [ -114.3144, 36.4168 ], [ -114.3154, 36.4163 ], [ -114.3164, 36.4141 ], [ -114.3172, 36.4139 ], [ -114.3175, 36.4128 ], [ -114.3173, 36.4108 ], [ -114.3183, 36.4102 ], [ -114.3177, 36.4094 ], [ -114.3181, 36.4086 ], [ -114.3163, 36.4073 ], [ -114.3167, 36.4068 ], [ -114.3185, 36.4067 ], [ -114.3186, 36.406 ], [ -114.3174, 36.4056 ], [ -114.3191, 36.4054 ], [ -114.3184, 36.4043 ], [ -114.3192, 36.4042 ], [ -114.3194, 36.4037 ], [ -114.3204, 36.4036 ], [ -114.3199, 36.4032 ], [ -114.32, 36.4021 ], [ -114.3188, 36.4019 ], [ -114.3188, 36.4014 ], [ -114.32, 36.4014 ], [ -114.3199, 36.4009 ], [ -114.3207, 36.4007 ], [ -114.3212, 36.3996 ], [ -114.3219, 36.3997 ], [ -114.3229, 36.3992 ], [ -114.3243, 36.3993 ], [ -114.3246, 36.3982 ], [ -114.3253, 36.3984 ], [ -114.3257, 36.399 ], [ -114.327, 36.3992 ], [ -114.3276, 36.3988 ], [ -114.328, 36.3976 ], [ -114.3301, 36.3984 ], [ -114.3309, 36.3983 ], [ -114.3309, 36.3979 ], [ -114.3297, 36.3967 ], [ -114.3297, 36.396 ], [ -114.3354, 36.3912 ], [ -114.3367, 36.3896 ], [ -114.3371, 36.3879 ], [ -114.3398, 36.3874 ], [ -114.3403, 36.3877 ], [ -114.3419, 36.3874 ], [ -114.3433, 36.3876 ], [ -114.3406, 36.3859 ], [ -114.3404, 36.3842 ], [ -114.341, 36.3847 ], [ -114.3425, 36.3845 ], [ -114.3426, 36.3841 ], [ -114.3417, 36.3835 ], [ -114.3421, 36.3833 ], [ -114.3442, 36.3845 ], [ -114.3431, 36.3829 ], [ -114.3437, 36.382 ], [ -114.3436, 36.3813 ], [ -114.3445, 36.3807 ], [ -114.3486, 36.3809 ], [ -114.3495, 36.3813 ], [ -114.3505, 36.3811 ], [ -114.3518, 36.3824 ], [ -114.3549, 36.3823 ], [ -114.3549, 36.3817 ], [ -114.352, 36.3803 ], [ -114.3518, 36.3798 ], [ -114.3531, 36.3793 ], [ -114.352, 36.3778 ], [ -114.3524, 36.3773 ], [ -114.3532, 36.3769 ], [ -114.3559, 36.3782 ], [ -114.3588, 36.3784 ], [ -114.357, 36.3769 ], [ -114.357, 36.3764 ], [ -114.3587, 36.3764 ], [ -114.3586, 36.3759 ], [ -114.3567, 36.3755 ], [ -114.3567, 36.3748 ], [ -114.3545, 36.3748 ], [ -114.3547, 36.3743 ], [ -114.3536, 36.3736 ], [ -114.3522, 36.3738 ], [ -114.352, 36.373 ], [ -114.3492, 36.3716 ], [ -114.3503, 36.3711 ], [ -114.3513, 36.3712 ], [ -114.3518, 36.3706 ], [ -114.351, 36.3699 ], [ -114.3512, 36.3695 ], [ -114.3503, 36.368 ], [ -114.3511, 36.3682 ], [ -114.3518, 36.3677 ], [ -114.3532, 36.3691 ], [ -114.3538, 36.3687 ], [ -114.3547, 36.3666 ], [ -114.3534, 36.3666 ], [ -114.3528, 36.3661 ], [ -114.3532, 36.366 ], [ -114.3531, 36.3655 ], [ -114.3519, 36.3644 ], [ -114.3526, 36.3639 ], [ -114.3509, 36.3621 ], [ -114.3514, 36.3618 ], [ -114.3522, 36.362 ], [ -114.3524, 36.3615 ], [ -114.3531, 36.362 ], [ -114.3538, 36.3619 ], [ -114.3545, 36.3626 ], [ -114.3551, 36.3623 ], [ -114.3552, 36.3614 ], [ -114.3561, 36.3627 ], [ -114.3561, 36.3636 ], [ -114.3569, 36.3642 ], [ -114.3575, 36.364 ], [ -114.3573, 36.3622 ], [ -114.3587, 36.3622 ], [ -114.3588, 36.3615 ], [ -114.3553, 36.3593 ], [ -114.3546, 36.3576 ], [ -114.3554, 36.3564 ], [ -114.3548, 36.3557 ], [ -114.3555, 36.3551 ], [ -114.3565, 36.3549 ], [ -114.3577, 36.3561 ], [ -114.3585, 36.3557 ], [ -114.3597, 36.3564 ], [ -114.3608, 36.3589 ], [ -114.363, 36.3611 ], [ -114.3647, 36.3613 ], [ -114.3659, 36.361 ], [ -114.3637, 36.3603 ], [ -114.3634, 36.3599 ], [ -114.3641, 36.3593 ], [ -114.3637, 36.3582 ], [ -114.3654, 36.3572 ], [ -114.3653, 36.3565 ], [ -114.3644, 36.3558 ], [ -114.3648, 36.3555 ], [ -114.3643, 36.3537 ], [ -114.3657, 36.3543 ], [ -114.3667, 36.3533 ], [ -114.365, 36.3526 ], [ -114.3618, 36.3523 ], [ -114.3618, 36.3512 ], [ -114.3626, 36.351 ], [ -114.3636, 36.3513 ], [ -114.3638, 36.3506 ], [ -114.3654, 36.3503 ], [ -114.3667, 36.3509 ], [ -114.3676, 36.3502 ], [ -114.3658, 36.3499 ], [ -114.3668, 36.3496 ], [ -114.3666, 36.3491 ], [ -114.3632, 36.3489 ], [ -114.3656, 36.3479 ], [ -114.3661, 36.3471 ], [ -114.3646, 36.3463 ], [ -114.3632, 36.3468 ], [ -114.3615, 36.3458 ], [ -114.3611, 36.3449 ], [ -114.3623, 36.3442 ], [ -114.3626, 36.3428 ], [ -114.3635, 36.3424 ], [ -114.3666, 36.3423 ], [ -114.3689, 36.343 ], [ -114.3709, 36.3427 ], [ -114.3709, 36.3422 ], [ -114.3685, 36.342 ], [ -114.368, 36.3416 ], [ -114.3687, 36.3409 ], [ -114.3674, 36.341 ], [ -114.3671, 36.3404 ], [ -114.3678, 36.3401 ], [ -114.3697, 36.3408 ], [ -114.3715, 36.3407 ], [ -114.3705, 36.339 ], [ -114.3715, 36.3385 ], [ -114.3715, 36.338 ], [ -114.3698, 36.3379 ], [ -114.3697, 36.3376 ], [ -114.3719, 36.3371 ], [ -114.3725, 36.3362 ], [ -114.3708, 36.336 ], [ -114.3692, 36.3351 ], [ -114.3691, 36.3347 ], [ -114.3701, 36.3347 ], [ -114.3702, 36.3341 ], [ -114.3722, 36.3348 ], [ -114.3723, 36.334 ], [ -114.3716, 36.3334 ], [ -114.3729, 36.3329 ], [ -114.3737, 36.3332 ], [ -114.3753, 36.3328 ], [ -114.3753, 36.3324 ], [ -114.3738, 36.3323 ], [ -114.3737, 36.3319 ], [ -114.3762, 36.3299 ], [ -114.376, 36.3296 ], [ -114.3744, 36.3299 ], [ -114.3721, 36.3309 ], [ -114.3716, 36.3304 ], [ -114.3707, 36.3304 ], [ -114.3713, 36.3299 ], [ -114.371, 36.3293 ], [ -114.3689, 36.3304 ], [ -114.3679, 36.3302 ], [ -114.37, 36.3292 ], [ -114.3688, 36.3289 ], [ -114.3697, 36.3285 ], [ -114.3687, 36.3281 ], [ -114.3689, 36.3277 ], [ -114.3705, 36.3276 ], [ -114.3728, 36.3286 ], [ -114.3732, 36.3282 ], [ -114.3761, 36.3272 ], [ -114.3763, 36.3266 ], [ -114.374, 36.3271 ], [ -114.3733, 36.3259 ], [ -114.3755, 36.3244 ], [ -114.3725, 36.3248 ], [ -114.3734, 36.3237 ], [ -114.3727, 36.3229 ], [ -114.3735, 36.3225 ], [ -114.3738, 36.3215 ], [ -114.3731, 36.321 ], [ -114.3732, 36.3196 ], [ -114.3727, 36.3194 ], [ -114.3734, 36.3185 ], [ -114.3723, 36.3181 ], [ -114.3728, 36.3178 ], [ -114.3728, 36.3166 ], [ -114.372, 36.3163 ], [ -114.3717, 36.3152 ], [ -114.3721, 36.315 ], [ -114.3722, 36.3134 ], [ -114.3726, 36.3129 ], [ -114.3717, 36.3121 ], [ -114.3718, 36.3116 ], [ -114.3738, 36.3107 ], [ -114.3731, 36.3103 ], [ -114.3735, 36.3091 ], [ -114.3731, 36.3086 ], [ -114.3731, 36.308 ], [ -114.3752, 36.3077 ], [ -114.3755, 36.3068 ], [ -114.3752, 36.3065 ], [ -114.373, 36.3064 ], [ -114.3724, 36.3059 ], [ -114.3735, 36.3055 ], [ -114.3727, 36.3046 ], [ -114.3721, 36.3045 ], [ -114.373, 36.3039 ], [ -114.3713, 36.303 ], [ -114.3721, 36.3018 ], [ -114.371, 36.3014 ], [ -114.3707, 36.3008 ], [ -114.3712, 36.2998 ], [ -114.3742, 36.3007 ], [ -114.3743, 36.3003 ], [ -114.373, 36.2994 ], [ -114.374, 36.2994 ], [ -114.3741, 36.299 ], [ -114.3749, 36.299 ], [ -114.3751, 36.2987 ], [ -114.3737, 36.2977 ], [ -114.3718, 36.2979 ], [ -114.3711, 36.2976 ], [ -114.3723, 36.2971 ], [ -114.3713, 36.2959 ], [ -114.3722, 36.2956 ], [ -114.3725, 36.2964 ], [ -114.3732, 36.2967 ], [ -114.3764, 36.2943 ], [ -114.3788, 36.293 ], [ -114.3769, 36.2926 ], [ -114.3744, 36.2931 ], [ -114.3749, 36.2928 ], [ -114.3747, 36.2923 ], [ -114.3767, 36.2917 ], [ -114.3751, 36.2916 ], [ -114.3757, 36.291 ], [ -114.3753, 36.2908 ], [ -114.375, 36.2901 ], [ -114.3767, 36.2903 ], [ -114.3775, 36.2899 ], [ -114.3767, 36.2897 ], [ -114.3773, 36.2885 ], [ -114.3795, 36.289 ], [ -114.3814, 36.2878 ], [ -114.3807, 36.2876 ], [ -114.3803, 36.2882 ], [ -114.3792, 36.2886 ], [ -114.3767, 36.2881 ], [ -114.3763, 36.2875 ], [ -114.3786, 36.2866 ], [ -114.3781, 36.286 ], [ -114.3765, 36.2859 ], [ -114.3754, 36.2865 ], [ -114.3747, 36.2861 ], [ -114.3732, 36.2866 ], [ -114.3734, 36.2861 ], [ -114.3727, 36.2861 ], [ -114.3725, 36.2857 ], [ -114.3731, 36.2853 ], [ -114.3729, 36.2846 ], [ -114.3722, 36.2845 ], [ -114.3718, 36.2848 ], [ -114.3716, 36.2842 ], [ -114.3734, 36.2835 ], [ -114.3729, 36.2832 ], [ -114.3731, 36.283 ], [ -114.3727, 36.2823 ], [ -114.3736, 36.282 ], [ -114.3735, 36.2811 ], [ -114.3741, 36.2812 ], [ -114.3741, 36.2808 ], [ -114.3757, 36.2808 ], [ -114.3742, 36.2791 ], [ -114.3711, 36.2797 ], [ -114.3709, 36.2792 ], [ -114.3725, 36.2785 ], [ -114.3706, 36.2774 ], [ -114.3707, 36.2772 ], [ -114.372, 36.2774 ], [ -114.3728, 36.2772 ], [ -114.374, 36.2776 ], [ -114.3742, 36.2772 ], [ -114.3724, 36.2759 ], [ -114.3727, 36.2754 ], [ -114.3736, 36.2758 ], [ -114.3751, 36.2756 ], [ -114.3751, 36.2748 ], [ -114.3737, 36.274 ], [ -114.3744, 36.2737 ], [ -114.3735, 36.2733 ], [ -114.3745, 36.2728 ], [ -114.3738, 36.2721 ], [ -114.3748, 36.2688 ], [ -114.3753, 36.2684 ], [ -114.3755, 36.2597 ], [ -114.3762, 36.2582 ], [ -114.3761, 36.2571 ], [ -114.3771, 36.2561 ], [ -114.3774, 36.2542 ], [ -114.3771, 36.2538 ], [ -114.3757, 36.2537 ], [ -114.3755, 36.2535 ], [ -114.3745, 36.2537 ], [ -114.374, 36.2531 ], [ -114.3747, 36.2524 ], [ -114.3755, 36.2525 ], [ -114.3765, 36.2521 ], [ -114.3764, 36.2516 ], [ -114.377, 36.2513 ], [ -114.3766, 36.2509 ], [ -114.377, 36.2505 ], [ -114.376, 36.2503 ], [ -114.3755, 36.2497 ], [ -114.3767, 36.2488 ], [ -114.3764, 36.2482 ], [ -114.377, 36.2478 ], [ -114.3764, 36.2464 ], [ -114.377, 36.2459 ], [ -114.3766, 36.2455 ], [ -114.3768, 36.2451 ], [ -114.3756, 36.2447 ], [ -114.3756, 36.244 ], [ -114.3763, 36.2436 ], [ -114.3786, 36.2441 ], [ -114.3786, 36.2437 ], [ -114.3778, 36.2432 ], [ -114.379, 36.2424 ], [ -114.3786, 36.2418 ], [ -114.3791, 36.2415 ], [ -114.378, 36.2405 ], [ -114.379, 36.2392 ], [ -114.3784, 36.2384 ], [ -114.3787, 36.2381 ], [ -114.3772, 36.237 ], [ -114.3782, 36.2362 ], [ -114.3794, 36.236 ], [ -114.3796, 36.2349 ], [ -114.3805, 36.2349 ], [ -114.3805, 36.2341 ], [ -114.379, 36.2331 ], [ -114.381, 36.2327 ], [ -114.3804, 36.2319 ], [ -114.3816, 36.2308 ], [ -114.3816, 36.2292 ], [ -114.3825, 36.2292 ], [ -114.3829, 36.2283 ], [ -114.3841, 36.2278 ], [ -114.3838, 36.2272 ], [ -114.3827, 36.2272 ], [ -114.3821, 36.2269 ], [ -114.3805, 36.2274 ], [ -114.3812, 36.2267 ], [ -114.381, 36.2265 ], [ -114.3821, 36.226 ], [ -114.3814, 36.2253 ], [ -114.3825, 36.225 ], [ -114.382, 36.2243 ], [ -114.3833, 36.2221 ], [ -114.3827, 36.2213 ], [ -114.3834, 36.2209 ], [ -114.3835, 36.2196 ], [ -114.3851, 36.2189 ], [ -114.3844, 36.2182 ], [ -114.3817, 36.2172 ], [ -114.3821, 36.2165 ], [ -114.3861, 36.2161 ], [ -114.3859, 36.2151 ], [ -114.3845, 36.215 ], [ -114.3853, 36.2144 ], [ -114.3839, 36.2134 ], [ -114.3839, 36.2131 ], [ -114.3849, 36.2129 ], [ -114.384, 36.2119 ], [ -114.3859, 36.2118 ], [ -114.3856, 36.2109 ], [ -114.3864, 36.2107 ], [ -114.3865, 36.2101 ], [ -114.3893, 36.2083 ], [ -114.389, 36.2071 ], [ -114.3883, 36.2068 ], [ -114.3886, 36.2056 ], [ -114.387, 36.2042 ], [ -114.3872, 36.2037 ], [ -114.3878, 36.2033 ], [ -114.3912, 36.204 ], [ -114.3917, 36.2035 ], [ -114.3928, 36.2037 ], [ -114.3931, 36.203 ], [ -114.3923, 36.2024 ], [ -114.3929, 36.202 ], [ -114.3927, 36.2016 ], [ -114.3935, 36.2011 ], [ -114.3931, 36.2007 ], [ -114.3917, 36.2006 ], [ -114.3921, 36.2002 ], [ -114.3913, 36.1999 ], [ -114.392, 36.1996 ], [ -114.3924, 36.199 ], [ -114.3915, 36.1988 ], [ -114.3917, 36.1981 ], [ -114.3904, 36.198 ], [ -114.39, 36.1986 ], [ -114.389, 36.1983 ], [ -114.3891, 36.1977 ], [ -114.3884, 36.1973 ], [ -114.389, 36.1968 ], [ -114.3889, 36.1963 ], [ -114.3883, 36.1962 ], [ -114.3871, 36.1972 ], [ -114.385, 36.1978 ], [ -114.3856, 36.1969 ], [ -114.3842, 36.1962 ], [ -114.3844, 36.1954 ], [ -114.3831, 36.1941 ], [ -114.3805, 36.1938 ], [ -114.3827, 36.1933 ], [ -114.3839, 36.1923 ], [ -114.3836, 36.1919 ], [ -114.3841, 36.1914 ], [ -114.3823, 36.1901 ], [ -114.3797, 36.1895 ], [ -114.3792, 36.1897 ], [ -114.3789, 36.1893 ], [ -114.3795, 36.189 ], [ -114.3806, 36.1892 ], [ -114.3823, 36.1888 ], [ -114.383, 36.1878 ], [ -114.383, 36.1873 ], [ -114.38, 36.1881 ], [ -114.3769, 36.1881 ], [ -114.3803, 36.1865 ], [ -114.3796, 36.1858 ], [ -114.3788, 36.1858 ], [ -114.3794, 36.1854 ], [ -114.3796, 36.1843 ], [ -114.3806, 36.1846 ], [ -114.3828, 36.1832 ], [ -114.3842, 36.1829 ], [ -114.3841, 36.1821 ], [ -114.3827, 36.1819 ], [ -114.3846, 36.1807 ], [ -114.3844, 36.1803 ], [ -114.3839, 36.1804 ], [ -114.3837, 36.1795 ], [ -114.3831, 36.1797 ], [ -114.3809, 36.1809 ], [ -114.38, 36.1818 ], [ -114.38, 36.1827 ], [ -114.3786, 36.1833 ], [ -114.378, 36.1826 ], [ -114.3768, 36.1824 ], [ -114.3765, 36.1817 ], [ -114.3755, 36.1815 ], [ -114.3753, 36.1811 ], [ -114.3761, 36.18 ], [ -114.3774, 36.1792 ], [ -114.3773, 36.1788 ], [ -114.3787, 36.1782 ], [ -114.3808, 36.1781 ], [ -114.382, 36.177 ], [ -114.3795, 36.1759 ], [ -114.379, 36.1753 ], [ -114.3791, 36.1743 ], [ -114.38, 36.1735 ], [ -114.3794, 36.1727 ], [ -114.3788, 36.1725 ], [ -114.3771, 36.1735 ], [ -114.3765, 36.1732 ], [ -114.3769, 36.1724 ], [ -114.376, 36.1723 ], [ -114.3762, 36.1719 ], [ -114.3758, 36.1716 ], [ -114.3754, 36.1436 ], [ -114.38, 36.1414 ], [ -114.3815, 36.1413 ], [ -114.3984, 36.1458 ], [ -114.4023, 36.1465 ], [ -114.4056, 36.147 ], [ -114.4091, 36.147 ], [ -114.4125, 36.1465 ], [ -114.4153, 36.1451 ], [ -114.4182, 36.1428 ], [ -114.4231, 36.1374 ], [ -114.4355, 36.1301 ], [ -114.4437, 36.1256 ], [ -114.445, 36.1253 ], [ -114.4471, 36.126 ], [ -114.4513, 36.1298 ], [ -114.4538, 36.1336 ], [ -114.4551, 36.1364 ], [ -114.4565, 36.138 ], [ -114.4589, 36.1392 ], [ -114.4626, 36.1396 ], [ -114.4656, 36.1395 ], [ -114.4687, 36.1389 ], [ -114.4782, 36.1327 ], [ -114.4838, 36.1297 ], [ -114.4876, 36.1287 ], [ -114.4988, 36.1266 ], [ -114.5018, 36.1266 ], [ -114.5047, 36.1272 ], [ -114.5072, 36.1285 ], [ -114.5085, 36.1299 ], [ -114.5092, 36.1332 ], [ -114.5072, 36.1363 ], [ -114.5051, 36.1381 ], [ -114.5003, 36.1407 ], [ -114.5, 36.1416 ], [ -114.5002, 36.1432 ], [ -114.501, 36.1445 ], [ -114.5081, 36.1497 ], [ -114.5112, 36.1506 ], [ -114.5143, 36.1508 ], [ -114.5262, 36.1482 ], [ -114.5311, 36.1476 ], [ -114.5323, 36.148 ], [ -114.5329, 36.1493 ], [ -114.5345, 36.1502 ], [ -114.5392, 36.1518 ], [ -114.5432, 36.1519 ], [ -114.5487, 36.1507 ], [ -114.5562, 36.1525 ], [ -114.5612, 36.1509 ], [ -114.5711, 36.1511 ], [ -114.5771, 36.1488 ], [ -114.5807, 36.146 ], [ -114.5837, 36.1456 ], [ -114.5898, 36.1432 ], [ -114.593, 36.1427 ], [ -114.5965, 36.1415 ], [ -114.6093, 36.1322 ], [ -114.6132, 36.1303 ], [ -114.6155, 36.1297 ], [ -114.6184, 36.1303 ], [ -114.6206, 36.1318 ], [ -114.6238, 36.1371 ], [ -114.6271, 36.1408 ], [ -114.6285, 36.1418 ], [ -114.6305, 36.1422 ], [ -114.6358, 36.1362 ], [ -114.6369, 36.1356 ], [ -114.6401, 36.1351 ], [ -114.642, 36.1337 ], [ -114.6457, 36.132 ], [ -114.6555, 36.1262 ], [ -114.6581, 36.1241 ], [ -114.6621, 36.1177 ], [ -114.6643, 36.1163 ], [ -114.6719, 36.116 ], [ -114.6751, 36.1141 ], [ -114.6778, 36.1112 ], [ -114.6805, 36.1095 ], [ -114.6827, 36.1091 ], [ -114.6844, 36.1095 ], [ -114.6881, 36.1115 ], [ -114.6916, 36.1125 ], [ -114.6937, 36.1125 ], [ -114.697, 36.1103 ], [ -114.7037, 36.1083 ], [ -114.7061, 36.1082 ], [ -114.7093, 36.1074 ], [ -114.7183, 36.1072 ], [ -114.7341, 36.1047 ], [ -114.7375, 36.1031 ], [ -114.7489, 36.0952 ], [ -114.7501, 36.0923 ], [ -114.7528, 36.0894 ], [ -114.7545, 36.0862 ], [ -114.7547, 36.0851 ], [ -114.754, 36.0831 ], [ -114.7506, 36.0803 ], [ -114.7489, 36.075 ], [ -114.7435, 36.071 ], [ -114.7421, 36.0687 ], [ -114.7422, 36.0678 ], [ -114.7401, 36.0624 ], [ -114.736, 36.0591 ], [ -114.7353, 36.0566 ], [ -114.7351, 36.0544 ], [ -114.7357, 36.0534 ], [ -114.7417, 36.0479 ], [ -114.7425, 36.0457 ], [ -114.7427, 36.0426 ], [ -114.7421, 36.0398 ], [ -114.7413, 36.038 ], [ -114.74, 36.0375 ], [ -114.7345, 36.0381 ], [ -114.7325, 36.0374 ], [ -114.7306, 36.0362 ], [ -114.7276, 36.0331 ], [ -114.7237, 36.0312 ], [ -114.7221, 36.029 ], [ -114.7222, 36.028 ], [ -114.7233, 36.0266 ], [ -114.7289, 36.0214 ], [ -114.7373, 36.0162 ], [ -114.7383, 36.0166 ], [ -114.7396, 36.0163 ], [ -114.7426, 36.0135 ], [ -114.7431, 36.0139 ], [ -114.742, 36.0145 ], [ -114.7416, 36.0152 ], [ -114.7426, 36.0162 ], [ -114.7446, 36.0164 ], [ -114.7475, 36.0155 ], [ -114.7502, 36.0161 ], [ -114.7538, 36.0141 ], [ -114.7579, 36.0152 ], [ -114.7591, 36.0152 ], [ -114.7598, 36.0146 ], [ -114.7604, 36.0132 ], [ -114.7618, 36.0125 ], [ -114.7624, 36.0115 ], [ -114.7649, 36.0104 ], [ -114.7656, 36.0105 ], [ -114.7667, 36.0113 ], [ -114.7681, 36.0114 ], [ -114.7716, 36.0125 ], [ -114.7747, 36.0123 ], [ -114.7778, 36.0107 ], [ -114.7895, 36.0084 ], [ -114.7923, 36.0084 ], [ -114.7968, 36.0092 ], [ -114.7988, 36.0092 ], [ -114.8149, 36.0061 ], [ -114.8174, 36.0046 ], [ -114.8209, 36.0003 ], [ -114.8235, 36.0003 ], [ -114.8235, 36.0112 ], [ -114.8758, 36.0115 ], [ -114.8758, 36.0805 ], [ -114.8858, 36.0807 ], [ -114.8853, 36.1009 ], [ -114.9031, 36.1009 ], [ -114.8994, 36.1099 ], [ -114.9006, 36.1104 ], [ -114.905, 36.116 ], [ -114.905, 36.1215 ], [ -114.9046, 36.1233 ], [ -114.9036, 36.1244 ], [ -114.9035, 36.1252 ], [ -114.907, 36.1292 ], [ -114.9083, 36.1336 ], [ -114.908, 36.1348 ], [ -114.9071, 36.1354 ], [ -114.903, 36.1367 ], [ -114.8984, 36.139 ], [ -114.8938, 36.14 ], [ -114.8913, 36.141 ], [ -114.886, 36.1459 ], [ -114.8834, 36.1463 ], [ -114.8807, 36.1457 ], [ -114.8862, 36.1495 ], [ -114.8877, 36.1519 ], [ -114.8913, 36.1548 ], [ -114.8929, 36.1554 ], [ -114.8974, 36.1556 ], [ -114.8993, 36.1563 ], [ -114.9082, 36.1635 ], [ -114.9113, 36.1684 ], [ -114.9138, 36.1762 ], [ -114.9169, 36.1812 ], [ -114.9203, 36.191 ], [ -114.9214, 36.1922 ], [ -114.9241, 36.1943 ], [ -114.9293, 36.1966 ], [ -114.9331, 36.199 ], [ -114.9343, 36.2016 ], [ -114.9325, 36.2019 ] ], [ [ -114.4545, 36.5446 ], [ -114.4517, 36.5405 ], [ -114.4466, 36.5355 ], [ -114.4446, 36.5342 ], [ -114.4428, 36.5335 ], [ -114.4424, 36.5337 ], [ -114.4407, 36.5333 ], [ -114.4281, 36.5335 ], [ -114.4282, 36.5342 ], [ -114.4299, 36.5364 ], [ -114.4316, 36.5375 ], [ -114.4322, 36.5394 ], [ -114.4321, 36.5405 ], [ -114.4336, 36.5409 ], [ -114.4339, 36.5425 ], [ -114.4349, 36.5432 ], [ -114.4348, 36.5443 ], [ -114.4359, 36.5451 ], [ -114.4375, 36.5453 ], [ -114.4392, 36.5447 ], [ -114.4408, 36.5471 ], [ -114.4432, 36.5471 ], [ -114.4433, 36.5459 ], [ -114.4442, 36.5458 ], [ -114.445, 36.5451 ], [ -114.4521, 36.5497 ], [ -114.4588, 36.5496 ], [ -114.4545, 36.5446 ] ] ] } },
{ "type": "Feature", "properties": { "GEOIDFQ": "1400000US32003005721", "NAME": "57.21", "NAMELSAD": "Census Tract 57.21" }, "geometry": { "type": "Polygon", "coordinates": [ [ [ -115.1159, 35.9601 ], [ -115.1133, 35.96 ], [ -115.1058, 35.955 ], [ -115.1016, 35.9535 ], [ -115.0971, 35.9534 ], [ -115.0932, 35.9546 ], [ -115.0921, 35.9509 ], [ -115.0925, 35.9492 ], [ -115.0938, 35.9479 ], [ -115.0983, 35.9458 ], [ -115.103, 35.9414 ], [ -115.1048, 35.9404 ], [ -115.1083, 35.9399 ], [ -115.1126, 35.9409 ], [ -115.1151, 35.9425 ], [ -115.1166, 35.9448 ], [ -115.1167, 35.9473 ], [ -115.1147, 35.9514 ], [ -115.1143, 35.9538 ], [ -115.1153, 35.9562 ], [ -115.118, 35.9591 ], [ -115.1159, 35.9601 ] ] ] } },
{ "type": "Feature", "properties": { "GEOIDFQ": "1400000US32003005365", "NAME": "53.65", "NAMELSAD": "Census Tract 53.65" }, "geometry": { "type": "Polygon", "coordinates": [ [ [ -115.0473, 36.0217 ], [ -115.0246, 36.022 ], [ -115.0201, 36.0225 ], [ -115.0199, 36.0214 ], [ -115.0187, 36.0215 ], [ -115.0191, 36.0212 ], [ -115.0188, 36.0202 ], [ -115.017, 36.0202 ], [ -115.0212, 36.0113 ], [ -115.0211, 36.0098 ], [ -115.0208, 36.0092 ], [ -115.0184, 36.0076 ], [ -115.0144, 36.0065 ], [ -115.0131, 36.0055 ], [ -115.0126, 36.0026 ], [ -115.0139, 35.9982 ], [ -115.0394, 35.9983 ], [ -115.0403, 35.9986 ], [ -115.0407, 35.9999 ], [ -115.0423, 35.9996 ], [ -115.0428, 36.0006 ], [ -115.0441, 36.0007 ], [ -115.0446, 36.0012 ], [ -115.0444, 36.0017 ], [ -115.0431, 36.0017 ], [ -115.0428, 36.0023 ], [ -115.0437, 36.003 ], [ -115.0443, 36.004 ], [ -115.0446, 36.0067 ], [ -115.0462, 36.0073 ], [ -115.0461, 36.0089 ], [ -115.0472, 36.011 ], [ -115.0473, 36.0217 ] ] ] } },
{ "type": "Feature", "properties": { "GEOIDFQ": "1400000US32003005869", "NAME": "58.69", "NAMELSAD": "Census Tract 58.69" }, "geometry": { "type": "Polygon", "coordinates": [ [ [ -115.2978, 36.0702 ], [ -115.2977, 36.0628 ], [ -115.3068, 36.0629 ], [ -115.3069, 36.0701 ], [ -115.2978, 36.0702 ] ] ] } },
{ "type": "Feature", "properties": { "GEOIDFQ": "1400000US32003003268", "NAME": "32.68", "NAMELSAD": "Census Tract 32.68" }, "geometry": { "type": "Polygon", "coordinates": [ [ [ -115.2969, 36.2804 ], [ -115.2919, 36.2803 ], [ -115.2878, 36.2798 ], [ -115.2882, 36.2701 ], [ -115.2788, 36.2702 ], [ -115.2792, 36.2483 ], [ -115.2974, 36.2482 ], [ -115.2969, 36.2804 ] ] ] } },
{ "type": "Feature", "properties": { "GEOIDFQ": "1400000US32003003656", "NAME": "36.56", "NAMELSAD": "Census Tract 36.56" }, "geometry": { "type": "Polygon", "coordinates": [ [ [ -115.1285, 36.2836 ], [ -115.1304, 36.2871 ], [ -115.1304, 36.2905 ], [ -115.117, 36.2884 ], [ -115.117, 36.2763 ], [ -115.1348, 36.2763 ], [ -115.1349, 36.2836 ], [ -115.1285, 36.2836 ] ] ] } },
{ "type": "Feature", "properties": { "GEOIDFQ": "1400000US32003005102", "NAME": "51.02", "NAMELSAD": "Census Tract 51.02" }, "geometry": { "type": "Polygon", "coordinates": [ [ [ -115.096, 36.0605 ], [ -115.0962, 36.0641 ], [ -115.0916, 36.064 ], [ -115.0917, 36.0676 ], [ -115.0894, 36.0676 ], [ -115.0894, 36.0694 ], [ -115.0885, 36.0693 ], [ -115.0885, 36.0705 ], [ -115.0876, 36.0705 ], [ -115.0876, 36.0711 ], [ -115.0824, 36.0709 ], [ -115.0825, 36.0661 ], [ -115.0845, 36.0623 ], [ -115.085, 36.0598 ], [ -115.0846, 36.0576 ], [ -115.0825, 36.0525 ], [ -115.0926, 36.0548 ], [ -115.1003, 36.0553 ], [ -115.1005, 36.0607 ], [ -115.096, 36.0605 ] ] ] } },
{ "type": "Feature", "properties": { "GEOIDFQ": "1400000US32003005103", "NAME": "51.03", "NAMELSAD": "Census Tract 51.03" }, "geometry": { "type": "Polygon", "coordinates": [ [ [ -115.0845, 36.0623 ], [ -115.0825, 36.0661 ], [ -115.0824, 36.0709 ], [ -115.0721, 36.0709 ], [ -115.0713, 36.0714 ], [ -115.0682, 36.0681 ], [ -115.0702, 36.0664 ], [ -115.071, 36.0643 ], [ -115.07, 36.0591 ], [ -115.0689, 36.0573 ], [ -115.0687, 36.0563 ], [ -115.0842, 36.0565 ], [ -115.085, 36.0598 ], [ -115.0845, 36.0623 ] ] ] } },
{ "type": "Feature", "properties": { "GEOIDFQ": "1400000US32031001011", "NAME": "10.11", "NAMELSAD": "Census Tract 10.11" }, "geometry": { "type": "Polygon", "coordinates": [ [ [ -119.7903, 39.4065 ], [ -119.7903, 39.4123 ], [ -119.7878, 39.4162 ], [ -119.7871, 39.4238 ], [ -119.7877, 39.4242 ], [ -119.7884, 39.4267 ], [ -119.7879, 39.4297 ], [ -119.7868, 39.4296 ], [ -119.7856, 39.4282 ], [ -119.7841, 39.428 ], [ -119.7764, 39.4315 ], [ -119.7705, 39.4389 ], [ -119.7697, 39.4393 ], [ -119.7566, 39.4189 ], [ -119.7584, 39.4182 ], [ -119.7595, 39.417 ], [ -119.7595, 39.4126 ], [ -119.7602, 39.4094 ], [ -119.7608, 39.4087 ], [ -119.7661, 39.4051 ], [ -119.7684, 39.4042 ], [ -119.7891, 39.4043 ], [ -119.7909, 39.4047 ], [ -119.7903, 39.4065 ] ] ] } },
{ "type": "Feature", "properties": { "GEOIDFQ": "1400000US32031001501", "NAME": "15.01", "NAMELSAD": "Census Tract 15.01" }, "geometry": { "type": "Polygon", "coordinates": [ [ [ -119.8264, 39.5613 ], [ -119.8256, 39.5637 ], [ -119.8011, 39.5644 ], [ -119.7985, 39.5626 ], [ -119.7911, 39.5589 ], [ -119.7916, 39.5579 ], [ -119.7926, 39.5583 ], [ -119.7986, 39.5582 ], [ -119.7986, 39.5492 ], [ -119.8079, 39.5492 ], [ -119.8084, 39.5515 ], [ -119.8118, 39.5508 ], [ -119.8121, 39.5524 ], [ -119.8228, 39.5509 ], [ -119.8257, 39.5529 ], [ -119.8266, 39.5551 ], [ -119.8264, 39.5613 ] ] ] } },
{ "type": "Feature", "properties": { "GEOIDFQ": "1400000US32031001801", "NAME": "18.01", "NAMELSAD": "Census Tract 18.01" }, "geometry": { "type": "Polygon", "coordinates": [ [ [ -119.7986, 39.5453 ], [ -119.7878, 39.5454 ], [ -119.7879, 39.5372 ], [ -119.7985, 39.5365 ], [ -119.7986, 39.5453 ] ] ] } },
{ "type": "Feature", "properties": { "GEOIDFQ": "1400000US32031002614", "NAME": "26.14", "NAMELSAD": "Census Tract 26.14" }, "geometry": { "type": "Polygon", "coordinates": [ [ [ -119.8983, 39.6255 ], [ -119.8962, 39.6247 ], [ -119.8936, 39.6257 ], [ -119.885, 39.6246 ], [ -119.8826, 39.6255 ], [ -119.8769, 39.6255 ], [ -119.8745, 39.6259 ], [ -119.8719, 39.6251 ], [ -119.8695, 39.6249 ], [ -119.8692, 39.6232 ], [ -119.8679, 39.622 ], [ -119.8626, 39.6213 ], [ -119.8613, 39.6207 ], [ -119.8605, 39.6197 ], [ -119.8598, 39.6176 ], [ -119.8569, 39.6149 ], [ -119.8553, 39.6145 ], [ -119.8507, 39.6144 ], [ -119.8489, 39.614 ], [ -119.8509, 39.6112 ], [ -119.8563, 39.6136 ], [ -119.8611, 39.615 ], [ -119.8873, 39.6202 ], [ -119.9027, 39.6236 ], [ -119.9031, 39.6264 ], [ -119.8983, 39.6255 ] ] ] } },
{ "type": "Feature", "properties": { "GEOIDFQ": "1400000US32031002611", "NAME": "26.11", "NAMELSAD": "Census Tract 26.11" }, "geometry": { "type": "Polygon", "coordinates": [ [ [ -119.881, 39.6542 ], [ -119.8786, 39.654 ], [ -119.8783, 39.6566 ], [ -119.8759, 39.6564 ], [ -119.8758, 39.6575 ], [ -119.8681, 39.6569 ], [ -119.8665, 39.6572 ], [ -119.8653, 39.658 ], [ -119.8576, 39.6663 ], [ -119.8563, 39.6666 ], [ -119.8492, 39.6666 ], [ -119.8494, 39.6756 ], [ -119.8359, 39.6722 ], [ -119.8337, 39.6711 ], [ -119.8321, 39.6695 ], [ -119.8283, 39.6613 ], [ -119.8286, 39.649 ], [ -119.8295, 39.6477 ], [ -119.8414, 39.639 ], [ -119.843, 39.6374 ], [ -119.8441, 39.6353 ], [ -119.848, 39.6235 ], [ -119.8497, 39.6244 ], [ -119.8541, 39.6324 ], [ -119.8668, 39.6469 ], [ -119.8736, 39.6435 ], [ -119.8765, 39.6444 ], [ -119.8802, 39.6443 ], [ -119.8815, 39.6448 ], [ -119.8819, 39.6477 ], [ -119.881, 39.6542 ] ] ] } },
{ "type": "Feature", "properties": { "GEOIDFQ": "1400000US32003003318", "NAME": "33.18", "NAMELSAD": "Census Tract 33.18" }, "geometry": { "type": "Polygon", "coordinates": [ [ [ -115.279, 36.305 ], [ -115.2786, 36.3102 ], [ -115.2693, 36.3098 ], [ -115.2694, 36.2975 ], [ -115.2685, 36.2943 ], [ -115.2695, 36.2912 ], [ -115.2795, 36.2917 ], [ -115.2858, 36.2985 ], [ -115.279, 36.305 ] ] ] } },
{ "type": "Feature", "properties": { "GEOIDFQ": "1400000US32003003308", "NAME": "33.08", "NAMELSAD": "Census Tract 33.08" }, "geometry": { "type": "Polygon", "coordinates": [ [ [ -115.2248, 36.2761 ], [ -115.2255, 36.261 ], [ -115.2424, 36.2632 ], [ -115.2426, 36.2761 ], [ -115.2248, 36.2761 ] ] ] } },
{ "type": "Feature", "properties": { "GEOIDFQ": "1400000US32003003427", "NAME": "34.27", "NAMELSAD": "Census Tract 34.27" }, "geometry": { "type": "Polygon", "coordinates": [ [ [ -115.2122, 36.2171 ], [ -115.2055, 36.2097 ], [ -115.2058, 36.2028 ], [ -115.2147, 36.2029 ], [ -115.2168, 36.217 ], [ -115.2122, 36.2171 ] ] ] } },
{ "type": "Feature", "properties": { "GEOIDFQ": "1400000US32003003426", "NAME": "34.26", "NAMELSAD": "Census Tract 34.26" }, "geometry": { "type": "Polygon", "coordinates": [ [ [ -115.2168, 36.217 ], [ -115.2147, 36.2029 ], [ -115.2237, 36.2031 ], [ -115.2258, 36.2168 ], [ -115.2168, 36.217 ] ] ] } },
{ "type": "Feature", "properties": { "GEOIDFQ": "1400000US32031002207", "NAME": "22.07", "NAMELSAD": "Census Tract 22.07" }, "geometry": { "type": "Polygon", "coordinates": [ [ [ -119.7538, 39.4201 ], [ -119.7518, 39.4226 ], [ -119.7485, 39.4241 ], [ -119.7507, 39.4258 ], [ -119.7483, 39.4274 ], [ -119.747, 39.4317 ], [ -119.7426, 39.4365 ], [ -119.7382, 39.4353 ], [ -119.7332, 39.4353 ], [ -119.7305, 39.4358 ], [ -119.7298, 39.4334 ], [ -119.73, 39.431 ], [ -119.7308, 39.4292 ], [ -119.7333, 39.4262 ], [ -119.7337, 39.4252 ], [ -119.7325, 39.4197 ], [ -119.7333, 39.4151 ], [ -119.7338, 39.4073 ], [ -119.7344, 39.406 ], [ -119.7355, 39.405 ], [ -119.7391, 39.4031 ], [ -119.7417, 39.4027 ], [ -119.7409, 39.4011 ], [ -119.7438, 39.4026 ], [ -119.7454, 39.403 ], [ -119.7461, 39.4029 ], [ -119.7566, 39.4189 ], [ -119.7538, 39.4201 ] ] ] } },
{ "type": "Feature", "properties": { "GEOIDFQ": "1400000US32031003511", "NAME": "35.11", "NAMELSAD": "Census Tract 35.11" }, "geometry": { "type": "Polygon", "coordinates": [ [ [ -119.695, 39.6363 ], [ -119.6778, 39.6363 ], [ -119.6776, 39.6093 ], [ -119.678, 39.6084 ], [ -119.6791, 39.6075 ], [ -119.6805, 39.6071 ], [ -119.6954, 39.607 ], [ -119.695, 39.6363 ] ] ] } },
{ "type": "Feature", "properties": { "GEOIDFQ": "1400000US32031002612", "NAME": "26.12", "NAMELSAD": "Census Tract 26.12" }, "geometry": { "type": "Polygon", "coordinates": [ [ [ -120.0009, 39.6736 ], [ -119.9962, 39.6681 ], [ -119.9947, 39.6688 ], [ -119.9971, 39.6718 ], [ -119.9971, 39.679 ], [ -119.9787, 39.6791 ], [ -119.9786, 39.6863 ], [ -119.9685, 39.6864 ], [ -119.9685, 39.6832 ], [ -119.9626, 39.6832 ], [ -119.9626, 39.6825 ], [ -119.9618, 39.6822 ], [ -119.9603, 39.6825 ], [ -119.9581, 39.6822 ], [ -119.9583, 39.6835 ], [ -119.9594, 39.6852 ], [ -119.9591, 39.6876 ], [ -119.956, 39.6887 ], [ -119.9547, 39.6898 ], [ -119.9547, 39.691 ], [ -119.9527, 39.6919 ], [ -119.9505, 39.6902 ], [ -119.9465, 39.6889 ], [ -119.9451, 39.6867 ], [ -119.9453, 39.6855 ], [ -119.9448, 39.6851 ], [ -119.9416, 39.684 ], [ -119.9399, 39.6825 ], [ -119.9378, 39.6815 ], [ -119.9387, 39.6807 ], [ -119.9385, 39.6798 ], [ -119.9391, 39.6787 ], [ -119.9371, 39.6741 ], [ -119.9373, 39.672 ], [ -119.9361, 39.6701 ], [ -119.9366, 39.6695 ], [ -119.9388, 39.6684 ], [ -119.9389, 39.6677 ], [ -119.9362, 39.663 ], [ -119.9356, 39.6627 ], [ -119.9272, 39.6504 ], [ -119.9275, 39.6488 ], [ -119.9249, 39.6404 ], [ -119.9218, 39.6373 ], [ -119.9188, 39.6351 ], [ -119.9155, 39.6291 ], [ -119.916, 39.6263 ], [ -119.9231, 39.6266 ], [ -119.928, 39.6277 ], [ -119.9316, 39.6294 ], [ -119.9402, 39.6348 ], [ -119.9415, 39.6334 ], [ -119.9423, 39.6333 ], [ -119.945, 39.6316 ], [ -119.9482, 39.6321 ], [ -119.9497, 39.6335 ], [ -119.9507, 39.634 ], [ -119.9565, 39.6333 ], [ -119.9573, 39.6336 ], [ -119.9587, 39.6353 ], [ -119.9594, 39.6355 ], [ -119.9607, 39.6352 ], [ -119.9615, 39.6334 ], [ -119.9627, 39.6326 ], [ -119.9679, 39.6326 ], [ -119.971, 39.633 ], [ -119.9756, 39.6309 ], [ -119.9755, 39.6069 ], [ -120.0007, 39.6068 ], [ -120.0012, 39.6513 ], [ -120.0009, 39.6736 ] ] ] } },
{ "type": "Feature", "properties": { "GEOIDFQ": "1400000US32031003109", "NAME": "31.09", "NAMELSAD": "Census Tract 31.09" }, "geometry": { "type": "Polygon", "coordinates": [ [ [ -119.7055, 39.5583 ], [ -119.7038, 39.5576 ], [ -119.7032, 39.5577 ], [ -119.7026, 39.5585 ], [ -119.7, 39.5582 ], [ -119.6972, 39.56 ], [ -119.6928, 39.5616 ], [ -119.689, 39.5603 ], [ -119.6862, 39.558 ], [ -119.6862, 39.557 ], [ -119.6876, 39.5561 ], [ -119.688, 39.5551 ], [ -119.6901, 39.5539 ], [ -119.6908, 39.5529 ], [ -119.6956, 39.5516 ], [ -119.6957, 39.5506 ], [ -119.695, 39.5496 ], [ -119.6954, 39.5433 ], [ -119.6974, 39.5425 ], [ -119.7037, 39.5419 ], [ -119.7057, 39.5447 ], [ -119.7055, 39.5583 ] ] ] } },
{ "type": "Feature", "properties": { "GEOIDFQ": "1400000US32031002412", "NAME": "24.12", "NAMELSAD": "Census Tract 24.12" }, "geometry": { "type": "Polygon", "coordinates": [ [ [ -119.9189, 39.5685 ], [ -119.9168, 39.5717 ], [ -119.917, 39.575 ], [ -119.9139, 39.574 ], [ -119.9137, 39.576 ], [ -119.9124, 39.5758 ], [ -119.9116, 39.5762 ], [ -119.9128, 39.5765 ], [ -119.9139, 39.5777 ], [ -119.9002, 39.5777 ], [ -119.9004, 39.5594 ], [ -119.8963, 39.5594 ], [ -119.8963, 39.5556 ], [ -119.8916, 39.5554 ], [ -119.8916, 39.552 ], [ -119.882, 39.552 ], [ -119.882, 39.5483 ], [ -119.8593, 39.5487 ], [ -119.8654, 39.542 ], [ -119.87, 39.5427 ], [ -119.8724, 39.5425 ], [ -119.8824, 39.5435 ], [ -119.8857, 39.5443 ], [ -119.8896, 39.5458 ], [ -119.8915, 39.547 ], [ -119.8937, 39.5466 ], [ -119.8966, 39.5475 ], [ -119.8981, 39.5471 ], [ -119.8986, 39.5464 ], [ -119.8993, 39.5465 ], [ -119.9008, 39.5473 ], [ -119.901, 39.5479 ], [ -119.9024, 39.5474 ], [ -119.9043, 39.549 ], [ -119.9081, 39.5499 ], [ -119.9084, 39.5517 ], [ -119.9106, 39.5537 ], [ -119.9119, 39.5574 ], [ -119.9153, 39.5633 ], [ -119.9158, 39.5642 ], [ -119.9171, 39.5646 ], [ -119.9192, 39.5675 ], [ -119.9189, 39.5685 ] ] ] } },
{ "type": "Feature", "properties": { "GEOIDFQ": "1400000US32003000301", "NAME": "3.01", "NAMELSAD": "Census Tract 3.01" }, "geometry": { "type": "Polygon", "coordinates": [ [ [ -115.1608, 36.1771 ], [ -115.1518, 36.1772 ], [ -115.1519, 36.1957 ], [ -115.1428, 36.1957 ], [ -115.1434, 36.1884 ], [ -115.1412, 36.1884 ], [ -115.1411, 36.1841 ], [ -115.1419, 36.1814 ], [ -115.1563, 36.1589 ], [ -115.1608, 36.1589 ], [ -115.1608, 36.1771 ] ] ] } },
{ "type": "Feature", "properties": { "GEOIDFQ": "1400000US32003005702", "NAME": "57.02", "NAMELSAD": "Census Tract 57.02" }, "geometry": { "type": "Polygon", "coordinates": [ [ [ -114.6502, 35.1093 ], [ -114.6482, 35.1126 ], [ -114.6472, 35.1157 ], [ -114.6451, 35.1175 ], [ -114.643, 35.1202 ], [ -114.6399, 35.122 ], [ -114.638, 35.125 ], [ -114.6236, 35.1313 ], [ -114.6215, 35.1333 ], [ -114.6213, 35.136 ], [ -114.6257, 35.1463 ], [ -114.6256, 35.1537 ], [ -114.5924, 35.154 ], [ -114.5837, 35.1607 ], [ -114.5809, 35.1611 ], [ -114.5807, 35.1684 ], [ -114.5828, 35.1684 ], [ -114.584, 35.1688 ], [ -114.5848, 35.1699 ], [ -114.585, 35.1717 ], [ -114.575, 35.1717 ], [ -114.5717, 35.1722 ], [ -114.5688, 35.1722 ], [ -114.5695, 35.1623 ], [ -114.5739, 35.1454 ], [ -114.5737, 35.1427 ], [ -114.5726, 35.1396 ], [ -114.5744, 35.135 ], [ -114.5783, 35.1288 ], [ -114.5799, 35.1275 ], [ -114.5884, 35.124 ], [ -114.5978, 35.1217 ], [ -114.6027, 35.1217 ], [ -114.604, 35.1213 ], [ -114.6141, 35.1217 ], [ -114.6186, 35.1216 ], [ -114.6238, 35.1206 ], [ -114.6299, 35.1183 ], [ -114.6323, 35.1171 ], [ -114.6374, 35.1125 ], [ -114.6411, 35.1084 ], [ -114.6452, 35.105 ], [ -114.6468, 35.1019 ], [ -114.6466, 35.1008 ], [ -114.6437, 35.0975 ], [ -114.6454, 35.0969 ], [ -114.6479, 35.0964 ], [ -114.6486, 35.0967 ], [ -114.6501, 35.0985 ], [ -114.6504, 35.0996 ], [ -114.6506, 35.1076 ], [ -114.6502, 35.1093 ] ] ] } },
{ "type": "Feature", "properties": { "GEOIDFQ": "1400000US32003005501", "NAME": "55.01", "NAMELSAD": "Census Tract 55.01" }, "geometry": { "type": "Polygon", "coordinates": [ [ [ -114.9175, 35.9207 ], [ -114.916, 35.9246 ], [ -114.8956, 35.9634 ], [ -114.8947, 35.9658 ], [ -114.8946, 35.9676 ], [ -114.9053, 35.9683 ], [ -114.9074, 35.9688 ], [ -114.9099, 35.97 ], [ -114.9099, 35.9729 ], [ -114.9111, 35.9729 ], [ -114.9106, 35.9762 ], [ -114.9121, 35.9763 ], [ -114.912, 35.9822 ], [ -114.8765, 35.9822 ], [ -114.8765, 36.0114 ], [ -114.8235, 36.0112 ], [ -114.8235, 36.0003 ], [ -114.8209, 36.0003 ], [ -114.8272, 35.9927 ], [ -114.8296, 35.9906 ], [ -114.8429, 35.9832 ], [ -114.8442, 35.9814 ], [ -114.8451, 35.9779 ], [ -114.8464, 35.9755 ], [ -114.8465, 35.9748 ], [ -114.8452, 35.9723 ], [ -114.8454, 35.9427 ], [ -114.8469, 35.9412 ], [ -114.8475, 35.9401 ], [ -114.8478, 35.9387 ], [ -114.8475, 35.9364 ], [ -114.8487, 35.9333 ], [ -114.8738, 35.9091 ], [ -114.8773, 35.9092 ], [ -114.8828, 35.9109 ], [ -114.8867, 35.9112 ], [ -114.8955, 35.9149 ], [ -114.8984, 35.9147 ], [ -114.9024, 35.9151 ], [ -114.9042, 35.9147 ], [ -114.9057, 35.9152 ], [ -114.9077, 35.915 ], [ -114.9122, 35.9137 ], [ -114.9148, 35.9136 ], [ -114.9162, 35.9126 ], [ -114.9171, 35.911 ], [ -114.9191, 35.9136 ], [ -114.9175, 35.9207 ] ] ] } },
{ "type": "Feature", "properties": { "GEOIDFQ": "1400000US32003005902", "NAME": "59.02", "NAMELSAD": "Census Tract 59.02" }, "geometry": { "type": "Polygon", "coordinates": [ [ [ -115.7407, 36.8419 ], [ -115.7408, 36.8531 ], [ -115.4226, 36.8536 ], [ -115.2683, 36.8536 ], [ -115.0908, 36.8531 ], [ -114.7625, 36.8535 ], [ -114.7623, 36.8439 ], [ -114.6768, 36.8435 ], [ -114.5505, 36.8439 ], [ -114.1688, 36.8434 ], [ -114.1707, 36.8343 ], [ -114.1705, 36.8296 ], [ -114.1716, 36.829 ], [ -114.1733, 36.8297 ], [ -114.1749, 36.8279 ], [ -114.1766, 36.8268 ], [ -114.1773, 36.8242 ], [ -114.1795, 36.8198 ], [ -114.1857, 36.81 ], [ -114.1878, 36.8051 ], [ -114.1878, 36.7961 ], [ -114.1855, 36.7917 ], [ -114.1853, 36.7881 ], [ -114.1834, 36.7866 ], [ -114.1816, 36.7865 ], [ -114.1811, 36.7862 ], [ -114.1799, 36.7843 ], [ -114.1796, 36.7826 ], [ -114.1811, 36.7778 ], [ -114.182, 36.7767 ], [ -114.1881, 36.7747 ], [ -114.1894, 36.7696 ], [ -114.1901, 36.769 ], [ -114.1903, 36.7665 ], [ -114.1917, 36.7657 ], [ -114.1914, 36.7649 ], [ -114.2325, 36.77 ], [ -114.2374, 36.7712 ], [ -114.2481, 36.7746 ], [ -114.2557, 36.7779 ], [ -114.259, 36.7785 ], [ -114.2625, 36.7786 ], [ -114.3575, 36.7619 ], [ -114.3663, 36.7598 ], [ -114.4157, 36.7458 ], [ -114.4198, 36.7443 ], [ -114.4238, 36.7423 ], [ -114.4953, 36.6981 ], [ -114.5081, 36.6871 ], [ -114.5112, 36.6829 ], [ -114.5155, 36.6752 ], [ -114.5176, 36.6729 ], [ -114.5205, 36.6711 ], [ -114.5246, 36.6697 ], [ -114.5363, 36.6674 ], [ -114.5648, 36.6649 ], [ -114.5686, 36.6639 ], [ -114.572, 36.6622 ], [ -114.5741, 36.6606 ], [ -114.5971, 36.6386 ], [ -114.6384, 36.6015 ], [ -114.6531, 36.5832 ], [ -114.6563, 36.5802 ], [ -114.6604, 36.5772 ], [ -114.6599, 36.552 ], [ -114.6604, 36.5293 ], [ -114.6599, 36.5203 ], [ -114.6571, 36.5036 ], [ -114.6558, 36.4917 ], [ -114.7586, 36.4916 ], [ -114.7612, 36.4973 ], [ -114.7612, 36.5068 ], [ -114.7657, 36.5066 ], [ -114.7654, 36.4938 ], [ -114.7641, 36.4916 ], [ -114.7806, 36.4916 ], [ -114.8088, 36.4773 ], [ -114.8105, 36.4773 ], [ -114.8209, 36.472 ], [ -114.8271, 36.4676 ], [ -114.8527, 36.443 ], [ -114.856, 36.4384 ], [ -114.9017, 36.3642 ], [ -114.9028, 36.3614 ], [ -114.9031, 36.3564 ], [ -114.9047, 36.3525 ], [ -114.924, 36.3287 ], [ -114.9263, 36.327 ], [ -114.936, 36.3215 ], [ -114.939, 36.3191 ], [ -114.9436, 36.3145 ], [ -114.9478, 36.3118 ], [ -115.0083, 36.2891 ], [ -115.0104, 36.2891 ], [ -115.0104, 36.2882 ], [ -115.0126, 36.2882 ], [ -115.0126, 36.2873 ], [ -115.0149, 36.2873 ], [ -115.0149, 36.2864 ], [ -115.0172, 36.2864 ], [ -115.0172, 36.2855 ], [ -115.0194, 36.2855 ], [ -115.0194, 36.2846 ], [ -115.0217, 36.2846 ], [ -115.0217, 36.2836 ], [ -115.0251, 36.2836 ], [ -115.0251, 36.2818 ], [ -115.0352, 36.2901 ], [ -115.0381, 36.2913 ], [ -115.0408, 36.2916 ], [ -115.043, 36.291 ], [ -115.0587, 36.2832 ], [ -115.0608, 36.2874 ], [ -115.0616, 36.291 ], [ -115.0799, 36.2911 ], [ -115.0798, 36.307 ], [ -115.0984, 36.3069 ], [ -115.1342, 36.3082 ], [ -115.147, 36.3082 ], [ -115.1497, 36.3096 ], [ -115.1522, 36.3098 ], [ -115.1522, 36.3129 ], [ -115.1694, 36.3131 ], [ -115.1707, 36.314 ], [ -115.1705, 36.3209 ], [ -115.1884, 36.3212 ], [ -115.1884, 36.3285 ], [ -115.2071, 36.3283 ], [ -115.2071, 36.3353 ], [ -115.3148, 36.3362 ], [ -115.3144, 36.3662 ], [ -115.3325, 36.3653 ], [ -115.3556, 36.3654 ], [ -115.4182, 36.4176 ], [ -115.4217, 36.4222 ], [ -115.4433, 36.4594 ], [ -115.4464, 36.4633 ], [ -115.4502, 36.4667 ], [ -115.4681, 36.4773 ], [ -115.6318, 36.5718 ], [ -115.6387, 36.5748 ], [ -115.6463, 36.5765 ], [ -115.6664, 36.5779 ], [ -115.6665, 36.5799 ], [ -115.671, 36.5799 ], [ -115.671, 36.5782 ], [ -115.6755, 36.5784 ], [ -115.6756, 36.5769 ], [ -115.68, 36.577 ], [ -115.68, 36.5734 ], [ -115.6845, 36.5733 ], [ -115.6845, 36.5777 ], [ -115.6895, 36.5775 ], [ -115.6894, 36.5792 ], [ -115.7072, 36.5801 ], [ -115.8077, 36.5678 ], [ -115.815, 36.5674 ], [ -115.8728, 36.5734 ], [ -115.878, 36.5746 ], [ -115.8954, 36.5798 ], [ -115.8955, 36.6567 ], [ -115.8969, 36.8421 ], [ -115.7407, 36.8419 ] ] ] } },
{ "type": "Feature", "properties": { "GEOIDFQ": "1400000US32003002708", "NAME": "27.08", "NAMELSAD": "Census Tract 27.08" }, "geometry": { "type": "Polygon", "coordinates": [ [ [ -115.1369, 36.0973 ], [ -115.1324, 36.0973 ], [ -115.1324, 36.0889 ], [ -115.1369, 36.0889 ], [ -115.1369, 36.0973 ] ] ] } },
{ "type": "Feature", "properties": { "GEOIDFQ": "1400000US32003003410", "NAME": "34.10", "NAMELSAD": "Census Tract 34.10" }, "geometry": { "type": "Polygon", "coordinates": [ [ [ -115.2256, 36.2464 ], [ -115.2076, 36.2467 ], [ -115.2076, 36.2388 ], [ -115.2255, 36.239 ], [ -115.2327, 36.2396 ], [ -115.2398, 36.2476 ], [ -115.2256, 36.2464 ] ] ] } },
{ "type": "Feature", "properties": { "GEOIDFQ": "1400000US32003002940", "NAME": "29.40", "NAMELSAD": "Census Tract 29.40" }, "geometry": { "type": "Polygon", "coordinates": [ [ [ -115.2789, 36.1296 ], [ -115.261, 36.1292 ], [ -115.261, 36.1219 ], [ -115.27, 36.1221 ], [ -115.27, 36.1257 ], [ -115.279, 36.1261 ], [ -115.2789, 36.1296 ] ] ] } },
{ "type": "Feature", "properties": { "GEOIDFQ": "1400000US32003003223", "NAME": "32.23", "NAMELSAD": "Census Tract 32.23" }, "geometry": { "type": "Polygon", "coordinates": [ [ [ -115.3244, 36.1719 ], [ -115.323, 36.1744 ], [ -115.3214, 36.1761 ], [ -115.3128, 36.1814 ], [ -115.3067, 36.1868 ], [ -115.2963, 36.1793 ], [ -115.2931, 36.1783 ], [ -115.2872, 36.1777 ], [ -115.287, 36.1688 ], [ -115.288, 36.1668 ], [ -115.2895, 36.1675 ], [ -115.2935, 36.1676 ], [ -115.2964, 36.1694 ], [ -115.298, 36.1699 ], [ -115.3105, 36.17 ], [ -115.3143, 36.1683 ], [ -115.3197, 36.1671 ], [ -115.3229, 36.1676 ], [ -115.3247, 36.1675 ], [ -115.3251, 36.1696 ], [ -115.3244, 36.1719 ] ] ] } },
{ "type": "Feature", "properties": { "GEOIDFQ": "1400000US32003005007", "NAME": "50.07", "NAMELSAD": "Census Tract 50.07" }, "geometry": { "type": "Polygon", "coordinates": [ [ [ -115.0472, 36.1297 ], [ -115.0473, 36.1148 ], [ -115.0559, 36.1151 ], [ -115.0563, 36.1297 ], [ -115.0472, 36.1297 ] ] ] } },
{ "type": "Feature", "properties": { "GEOIDFQ": "1400000US32003006204", "NAME": "62.04", "NAMELSAD": "Census Tract 62.04" }, "geometry": { "type": "Polygon", "coordinates": [ [ [ -115.0435, 36.2173 ], [ -115.039, 36.2173 ], [ -115.039, 36.2182 ], [ -115.0352, 36.2183 ], [ -115.0349, 36.2209 ], [ -115.0337, 36.2209 ], [ -115.0337, 36.2218 ], [ -115.0327, 36.2219 ], [ -115.0327, 36.2228 ], [ -115.0315, 36.2227 ], [ -115.0305, 36.2253 ], [ -115.02, 36.2249 ], [ -115.0199, 36.2254 ], [ -115.0178, 36.2268 ], [ -115.0149, 36.2273 ], [ -115.0113, 36.2263 ], [ -115.0099, 36.224 ], [ -115.0076, 36.222 ], [ -115.0068, 36.2201 ], [ -115.006, 36.2191 ], [ -115.0051, 36.2162 ], [ -115.0058, 36.215 ], [ -115.0057, 36.2135 ], [ -115.0077, 36.2135 ], [ -115.0084, 36.2076 ], [ -115.0095, 36.2068 ], [ -115.0114, 36.2043 ], [ -115.0134, 36.2025 ], [ -115.0314, 36.2025 ], [ -115.0306, 36.2105 ], [ -115.0349, 36.2106 ], [ -115.0352, 36.2101 ], [ -115.0387, 36.2103 ], [ -115.0388, 36.2089 ], [ -115.0394, 36.2089 ], [ -115.0394, 36.2082 ], [ -115.0373, 36.2081 ], [ -115.0372, 36.2075 ], [ -115.0363, 36.2074 ], [ -115.0363, 36.2087 ], [ -115.0354, 36.2087 ], [ -115.0356, 36.2066 ], [ -115.038, 36.2069 ], [ -115.038, 36.2064 ], [ -115.0434, 36.2071 ], [ -115.0436, 36.2067 ], [ -115.0435, 36.2173 ] ] ] } },
{ "type": "Feature", "properties": { "GEOIDFQ": "1400000US32003005818", "NAME": "58.18", "NAMELSAD": "Census Tract 58.18" }, "geometry": { "type": "Polygon", "coordinates": [ [ [ -115.8951, 36.4225 ], [ -115.8954, 36.5798 ], [ -115.878, 36.5746 ], [ -115.8728, 36.5734 ], [ -115.818, 36.5676 ], [ -115.8139, 36.5674 ], [ -115.8074, 36.5679 ], [ -115.7072, 36.5801 ], [ -115.6894, 36.5792 ], [ -115.6895, 36.5775 ], [ -115.6845, 36.5777 ], [ -115.6845, 36.5733 ], [ -115.68, 36.5734 ], [ -115.68, 36.577 ], [ -115.6756, 36.5769 ], [ -115.6755, 36.5784 ], [ -115.671, 36.5782 ], [ -115.671, 36.5799 ], [ -115.6665, 36.5799 ], [ -115.6664, 36.5779 ], [ -115.6452, 36.5763 ], [ -115.6387, 36.5748 ], [ -115.6343, 36.5731 ], [ -115.5483, 36.5236 ], [ -115.5494, 36.5227 ], [ -115.5565, 36.519 ], [ -115.555, 36.5169 ], [ -115.5543, 36.5173 ], [ -115.5534, 36.5172 ], [ -115.5522, 36.5179 ], [ -115.552, 36.5167 ], [ -115.5508, 36.5153 ], [ -115.5519, 36.513 ], [ -115.5536, 36.5121 ], [ -115.5568, 36.5127 ], [ -115.5582, 36.5143 ], [ -115.5625, 36.5119 ], [ -115.5647, 36.5147 ], [ -115.6204, 36.4857 ], [ -115.6281, 36.4799 ], [ -115.6697, 36.4589 ], [ -115.6748, 36.4569 ], [ -115.6827, 36.456 ], [ -115.6954, 36.4558 ], [ -115.6977, 36.4552 ], [ -115.7009, 36.4538 ], [ -115.7085, 36.4535 ], [ -115.7115, 36.4527 ], [ -115.7167, 36.4501 ], [ -115.7198, 36.447 ], [ -115.7213, 36.4448 ], [ -115.7227, 36.4414 ], [ -115.7245, 36.4387 ], [ -115.7254, 36.4353 ], [ -115.7262, 36.4296 ], [ -115.7275, 36.4271 ], [ -115.728, 36.4226 ], [ -115.7286, 36.4219 ], [ -115.7306, 36.4213 ], [ -115.7329, 36.4221 ], [ -115.7398, 36.4222 ], [ -115.7417, 36.4234 ], [ -115.742, 36.4224 ], [ -115.7427, 36.4234 ], [ -115.7425, 36.4255 ], [ -115.7431, 36.4266 ], [ -115.7461, 36.4293 ], [ -115.7471, 36.4311 ], [ -115.7481, 36.4319 ], [ -115.7524, 36.4308 ], [ -115.755, 36.4254 ], [ -115.7574, 36.4234 ], [ -115.7592, 36.4227 ], [ -115.7609, 36.4214 ], [ -115.7614, 36.4206 ], [ -115.7613, 36.4191 ], [ -115.7621, 36.4184 ], [ -115.7622, 36.4171 ], [ -115.763, 36.4175 ], [ -115.765, 36.4201 ], [ -115.7654, 36.4233 ], [ -115.7659, 36.4234 ], [ -115.7746, 36.4123 ], [ -115.7759, 36.4114 ], [ -115.7786, 36.4108 ], [ -115.7817, 36.4096 ], [ -115.7822, 36.4083 ], [ -115.7835, 36.4073 ], [ -115.7842, 36.4058 ], [ -115.7862, 36.4055 ], [ -115.7877, 36.404 ], [ -115.7882, 36.4022 ], [ -115.7893, 36.4021 ], [ -115.7903, 36.4016 ], [ -115.7924, 36.3981 ], [ -115.7936, 36.3974 ], [ -115.7948, 36.3954 ], [ -115.795, 36.3942 ], [ -115.7966, 36.3931 ], [ -115.7978, 36.3931 ], [ -115.7981, 36.3929 ], [ -115.7964, 36.3896 ], [ -115.7969, 36.3892 ], [ -115.7971, 36.3879 ], [ -115.7987, 36.3854 ], [ -115.8004, 36.3841 ], [ -115.7998, 36.3834 ], [ -115.8026, 36.3831 ], [ -115.8035, 36.3823 ], [ -115.8037, 36.3815 ], [ -115.8058, 36.3802 ], [ -115.8073, 36.3788 ], [ -115.8094, 36.3792 ], [ -115.812, 36.3787 ], [ -115.8121, 36.378 ], [ -115.8137, 36.3763 ], [ -115.8142, 36.375 ], [ -115.8163, 36.3746 ], [ -115.8181, 36.3734 ], [ -115.821, 36.3723 ], [ -115.8215, 36.3708 ], [ -115.8237, 36.3694 ], [ -115.8261, 36.3694 ], [ -115.8281, 36.3699 ], [ -115.8277, 36.3693 ], [ -115.8289, 36.3676 ], [ -115.8281, 36.367 ], [ -115.8272, 36.365 ], [ -115.8272, 36.3638 ], [ -115.8285, 36.3622 ], [ -115.8274, 36.3604 ], [ -115.8272, 36.3577 ], [ -115.8283, 36.3552 ], [ -115.8284, 36.3527 ], [ -115.8298, 36.3498 ], [ -115.829, 36.3488 ], [ -115.8289, 36.3472 ], [ -115.8284, 36.3459 ], [ -115.8255, 36.3438 ], [ -115.8242, 36.3416 ], [ -115.8236, 36.3372 ], [ -115.8239, 36.3355 ], [ -115.8227, 36.3332 ], [ -115.8234, 36.3305 ], [ -115.8227, 36.3262 ], [ -115.8232, 36.3228 ], [ -115.8262, 36.3189 ], [ -115.8265, 36.3172 ], [ -115.8247, 36.3164 ], [ -115.824, 36.3155 ], [ -115.8247, 36.3133 ], [ -115.8269, 36.3115 ], [ -115.8271, 36.3106 ], [ -115.8262, 36.3103 ], [ -115.8262, 36.3095 ], [ -115.8244, 36.3084 ], [ -115.8242, 36.3079 ], [ -115.8255, 36.3058 ], [ -115.8242, 36.3041 ], [ -115.8245, 36.3035 ], [ -115.8242, 36.3019 ], [ -115.8249, 36.3014 ], [ -115.8242, 36.301 ], [ -115.824, 36.2996 ], [ -115.8253, 36.2977 ], [ -115.8244, 36.2954 ], [ -115.8246, 36.2937 ], [ -115.8254, 36.2921 ], [ -115.8252, 36.2911 ], [ -115.8258, 36.2897 ], [ -115.8268, 36.2894 ], [ -115.8274, 36.2881 ], [ -115.8274, 36.2872 ], [ -115.8265, 36.2864 ], [ -115.8364, 36.2794 ], [ -115.8383, 36.2777 ], [ -115.843, 36.2748 ], [ -115.8454, 36.2724 ], [ -115.8496, 36.2711 ], [ -115.8528, 36.2705 ], [ -115.8548, 36.2693 ], [ -115.8587, 36.268 ], [ -115.86, 36.2673 ], [ -115.8623, 36.2643 ], [ -115.8659, 36.2626 ], [ -115.8685, 36.2607 ], [ -115.8716, 36.2603 ], [ -115.8797, 36.2564 ], [ -115.8833, 36.2555 ], [ -115.8927, 36.2489 ], [ -115.8956, 36.2462 ], [ -115.8951, 36.4225 ] ] ] } },
{ "type": "Feature", "properties": { "GEOIDFQ": "1400000US32031002211", "NAME": "22.11", "NAMELSAD": "Census Tract 22.11" }, "geometry": { "type": "Polygon", "coordinates": [ [ [ -119.789, 39.4949 ], [ -119.7891, 39.5059 ], [ -119.7803, 39.5059 ], [ -119.7835, 39.499 ], [ -119.7861, 39.4843 ], [ -119.7877, 39.4811 ], [ -119.7899, 39.4784 ], [ -119.7979, 39.4947 ], [ -119.789, 39.4949 ] ] ] } },
{ "type": "Feature", "properties": { "GEOIDFQ": "1400000US32001950302", "NAME": "9503.02", "NAMELSAD": "Census Tract 9503.02" }, "geometry": { "type": "Polygon", "coordinates": [ [ [ -118.8023, 39.4802 ], [ -118.7958, 39.4834 ], [ -118.7865, 39.4867 ], [ -118.7836, 39.487 ], [ -118.781, 39.4879 ], [ -118.7751, 39.488 ], [ -118.7763, 39.4866 ], [ -118.7768, 39.4852 ], [ -118.7772, 39.4642 ], [ -118.7778, 39.4626 ], [ -118.7811, 39.4602 ], [ -118.7843, 39.4596 ], [ -118.7889, 39.4599 ], [ -118.8003, 39.4599 ], [ -118.8003, 39.4762 ], [ -118.8085, 39.4782 ], [ -118.8023, 39.4802 ] ] ] } },
{ "type": "Feature", "properties": { "GEOIDFQ": "1400000US32003004917", "NAME": "49.17", "NAMELSAD": "Census Tract 49.17" }, "geometry": { "type": "Polygon", "coordinates": [ [ [ -115.0436, 36.1962 ], [ -115.0263, 36.1956 ], [ -115.0256, 36.1887 ], [ -115.0439, 36.1889 ], [ -115.0436, 36.1962 ] ] ] } },
{ "type": "Feature", "properties": { "GEOIDFQ": "1400000US32003004918", "NAME": "49.18", "NAMELSAD": "Census Tract 49.18" }, "geometry": { "type": "Polygon", "coordinates": [ [ [ -115.0438, 36.1889 ], [ -115.0256, 36.1887 ], [ -115.0257, 36.1813 ], [ -115.0438, 36.1815 ], [ -115.0438, 36.1889 ] ] ] } },
{ "type": "Feature", "properties": { "GEOIDFQ": "1400000US32003004919", "NAME": "49.19", "NAMELSAD": "Census Tract 49.19" }, "geometry": { "type": "Polygon", "coordinates": [ [ [ -115.0438, 36.1815 ], [ -115.0257, 36.1813 ], [ -115.0258, 36.1739 ], [ -115.0439, 36.1744 ], [ -115.0438, 36.1815 ] ] ] } },
{ "type": "Feature", "properties": { "GEOIDFQ": "1400000US32003004920", "NAME": "49.20", "NAMELSAD": "Census Tract 49.20" }, "geometry": { "type": "Polygon", "coordinates": [ [ [ -115.0439, 36.1744 ], [ -115.0446, 36.1673 ], [ -115.0622, 36.1665 ], [ -115.0622, 36.1741 ], [ -115.0439, 36.1744 ] ] ] } },
{ "type": "Feature", "properties": { "GEOIDFQ": "1400000US32003005716", "NAME": "57.16", "NAMELSAD": "Census Tract 57.16" }, "geometry": { "type": "Polygon", "coordinates": [ [ [ -115.0934, 35.9482 ], [ -115.0922, 35.95 ], [ -115.0924, 35.9521 ], [ -115.0896, 35.9531 ], [ -115.0869, 35.9533 ], [ -115.0854, 35.9526 ], [ -115.0842, 35.9526 ], [ -115.0815, 35.9509 ], [ -115.0805, 35.9515 ], [ -115.0776, 35.9517 ], [ -115.0776, 35.9448 ], [ -115.0754, 35.9448 ], [ -115.0754, 35.9411 ], [ -115.0787, 35.9412 ], [ -115.0788, 35.9384 ], [ -115.0801, 35.9381 ], [ -115.082, 35.939 ], [ -115.0862, 35.9396 ], [ -115.0934, 35.9392 ], [ -115.0934, 35.9411 ], [ -115.095, 35.9421 ], [ -115.0976, 35.9463 ], [ -115.0934, 35.9482 ] ] ] } },
{ "type": "Feature", "properties": { "GEOIDFQ": "1400000US32003005104", "NAME": "51.04", "NAMELSAD": "Census Tract 51.04" }, "geometry": { "type": "Polygon", "coordinates": [ [ [ -115.0702, 36.0664 ], [ -115.0682, 36.0681 ], [ -115.0664, 36.0663 ], [ -115.0641, 36.0648 ], [ -115.0614, 36.0639 ], [ -115.0586, 36.0637 ], [ -115.0586, 36.0591 ], [ -115.0569, 36.0571 ], [ -115.0567, 36.0562 ], [ -115.0687, 36.0563 ], [ -115.0689, 36.0573 ], [ -115.07, 36.0591 ], [ -115.071, 36.0643 ], [ -115.0702, 36.0664 ] ] ] } },
{ "type": "Feature", "properties": { "GEOIDFQ": "1400000US32003005012", "NAME": "50.12", "NAMELSAD": "Census Tract 50.12" }, "geometry": { "type": "Polygon", "coordinates": [ [ [ -115.0339, 36.1078 ], [ -115.034, 36.1004 ], [ -115.0462, 36.1005 ], [ -115.0466, 36.1075 ], [ -115.0473, 36.1079 ], [ -115.0339, 36.1078 ] ] ] } },
{ "type": "Feature", "properties": { "GEOIDFQ": "1400000US32510000100", "NAME": "1", "NAMELSAD": "Census Tract 1" }, "geometry": { "type": "Polygon", "coordinates": [ [ [ -119.7823, 39.164 ], [ -119.7823, 39.1686 ], [ -119.7703, 39.1685 ], [ -119.7703, 39.1705 ], [ -119.7611, 39.1704 ], [ -119.7611, 39.1613 ], [ -119.7645, 39.1613 ], [ -119.7645, 39.16 ], [ -119.767, 39.16 ], [ -119.767, 39.1538 ], [ -119.7717, 39.1539 ], [ -119.7756, 39.1549 ], [ -119.777, 39.1559 ], [ -119.7812, 39.1574 ], [ -119.7815, 39.1585 ], [ -119.7801, 39.1608 ], [ -119.7802, 39.1618 ], [ -119.7808, 39.1628 ], [ -119.7848, 39.1638 ], [ -119.7849, 39.164 ], [ -119.7823, 39.164 ] ] ] } },
{ "type": "Feature", "properties": { "GEOIDFQ": "1400000US32510000400", "NAME": "4", "NAMELSAD": "Census Tract 4" }, "geometry": { "type": "Polygon", "coordinates": [ [ [ -119.8035, 39.2085 ], [ -119.8024, 39.208 ], [ -119.7989, 39.208 ], [ -119.7989, 39.2152 ], [ -119.7709, 39.2153 ], [ -119.7709, 39.2298 ], [ -119.7522, 39.2299 ], [ -119.7521, 39.2444 ], [ -119.745, 39.2443 ], [ -119.7431, 39.2441 ], [ -119.7153, 39.2443 ], [ -119.7126, 39.2509 ], [ -119.7121, 39.251 ], [ -119.6823, 39.2092 ], [ -119.6858, 39.2056 ], [ -119.6871, 39.2034 ], [ -119.6889, 39.1984 ], [ -119.6909, 39.1956 ], [ -119.6941, 39.193 ], [ -119.7038, 39.1887 ], [ -119.7045, 39.1898 ], [ -119.7052, 39.19 ], [ -119.7166, 39.1902 ], [ -119.725, 39.1942 ], [ -119.7285, 39.1946 ], [ -119.7295, 39.1954 ], [ -119.7297, 39.2006 ], [ -119.7304, 39.2014 ], [ -119.7318, 39.2018 ], [ -119.7352, 39.2018 ], [ -119.7436, 39.1985 ], [ -119.7472, 39.1985 ], [ -119.7472, 39.19 ], [ -119.7574, 39.19 ], [ -119.7598, 39.1907 ], [ -119.7731, 39.1906 ], [ -119.7801, 39.2025 ], [ -119.7831, 39.2041 ], [ -119.7858, 39.205 ], [ -119.7948, 39.2058 ], [ -119.7979, 39.2068 ], [ -119.8019, 39.2073 ], [ -119.8042, 39.2084 ], [ -119.8035, 39.2085 ] ] ] } },
{ "type": "Feature", "properties": { "GEOIDFQ": "1400000US32003004915", "NAME": "49.15", "NAMELSAD": "Census Tract 49.15" }, "geometry": { "type": "Polygon", "coordinates": [ [ [ -115.0438, 36.1889 ], [ -115.0438, 36.1815 ], [ -115.0622, 36.1814 ], [ -115.0623, 36.1888 ], [ -115.0438, 36.1889 ] ] ] } },
{ "type": "Feature", "properties": { "GEOIDFQ": "1400000US32003004916", "NAME": "49.16", "NAMELSAD": "Census Tract 49.16" }, "geometry": { "type": "Polygon", "coordinates": [ [ [ -115.0622, 36.1962 ], [ -115.0436, 36.1962 ], [ -115.0439, 36.1889 ], [ -115.0623, 36.1888 ], [ -115.0622, 36.1962 ] ] ] } }
]
}
