{
"type": "FeatureCollection",
"name": "us_states_simplified",
"crs": { "type": "name", "properties": { "name": "urn:ogc:def:crs:OGC:1.3:CRS84" } },
"features": [
{ "type": "Feature", "properties": { "GEOIDFQ": "0400000US36", "NAME": "New York" }, "geometry": { "type": "MultiPolygon", "coordinates": [ [ [ [ -74.67, 45.01 ], [ -74.66, 45.0 ], [ -74.15, 44.99 ], [ -73.34, 45.01 ], [ -73.35, 44.99 ], [ -73.34, 44.96 ], [ -73.34, 44.92 ], [ -73.38, 44.85 ], [ -73.34, 44.8 ], [ -73.33, 44.79 ], [ -73.37, 44.74 ], [ -73.36, 44.69 ], [ -73.39, 44.62 ], [ -73.37, 44.58 ], [ -73.34, 44.55 ], [ -73.31, 44.5 ], [ -73.29, 44.44 ], [ -73.33, 44.36 ], [ -73.31, 44.27 ], [ -73.32, 44.24 ], [ -73.34, 44.24 ], [ -73.39, 44.19 ], [ -73.44, 44.05 ], [ -73.41, 44.02 ], [ -73.41, 43.93 ], [ -73.37, 43.88 ], [ -73.38, 43.86 ], [ -73.37, 43.85 ], [ -73.39, 43.82 ], [ -73.35, 43.77 ], [ -73.43, 43.64 ], [ -73.42, 43.62 ], [ -73.43, 43.59 ], [ -73.4, 43.57 ], [ -73.37, 43.62 ], [ -73.31, 43.63 ], [ -73.29, 43.6 ], [ -73.3, 43.58 ], [ -73.26, 43.56 ], [ -73.24, 43.53 ], [ -73.28, 42.84 ], [ -73.29, 42.8 ], [ -73.28, 42.75 ], [ -73.26, 42.75 ], [ -73.51, 42.09 ], [ -73.49, 42.05 ], [ -73.49, 42.0 ], [ -73.55, 41.3 ], [ -73.48, 41.21 ], [ -73.73, 41.1 ], [ -73.66, 41.01 ], [ -73.66, 40.99 ], [ -73.61, 40.95 ], [ -73.0, 41.09 ], [ -72.08, 41.26 ], [ -72.02, 41.29 ], [ -71.93, 41.31 ], [ -71.91, 41.3 ], [ -71.79, 41.18 ], [ -71.79, 41.1 ], [ -71.78, 41.07 ], [ -71.81, 41.03 ], [ -71.87, 41.0 ], [ -72.37, 40.82 ], [ -73.27, 40.55 ], [ -73.33, 40.56 ], [ -73.49, 40.52 ], [ -73.62, 40.53 ], [ -73.78, 40.53 ], [ -73.85, 40.51 ], [ -73.89, 40.49 ], [ -73.98, 40.52 ], [ -74.23, 40.48 ], [ -74.25, 40.49 ], [ -74.26, 40.51 ], [ -74.25, 40.55 ], [ -74.21, 40.56 ], [ -74.2, 40.63 ], [ -74.19, 40.65 ], [ -74.06, 40.65 ], [ -74.04, 40.69 ], [ -74.03, 40.7 ], [ -74.01, 40.76 ], [ -73.93, 40.89 ], [ -73.89, 41.0 ], [ -74.33, 41.19 ], [ -74.7, 41.36 ], [ -74.69, 41.37 ], [ -74.74, 41.41 ], [ -74.74, 41.43 ], [ -74.79, 41.42 ], [ -74.81, 41.44 ], [ -74.83, 41.43 ], [ -74.86, 41.44 ], [ -74.89, 41.44 ], [ -74.89, 41.46 ], [ -74.91, 41.48 ], [ -74.98, 41.48 ], [ -74.98, 41.51 ], [ -75.0, 41.51 ], [ -75.0, 41.52 ], [ -75.02, 41.53 ], [ -75.02, 41.55 ], [ -75.07, 41.61 ], [ -75.04, 41.62 ], [ -75.05, 41.69 ], [ -75.07, 41.71 ], [ -75.05, 41.71 ], [ -75.05, 41.75 ], [ -75.07, 41.77 ], [ -75.1, 41.77 ], [ -75.07, 41.81 ], [ -75.11, 41.82 ], [ -75.12, 41.85 ], [ -75.16, 41.85 ], [ -75.17, 41.87 ], [ -75.19, 41.86 ], [ -75.2, 41.87 ], [ -75.22, 41.86 ], [ -75.24, 41.87 ], [ -75.26, 41.86 ], [ -75.28, 41.94 ], [ -75.29, 41.95 ], [ -75.32, 41.95 ], [ -75.34, 41.97 ], [ -75.34, 41.99 ], [ -75.36, 42.0 ], [ -79.76, 42.0 ], [ -79.76, 42.52 ], [ -79.0, 42.8 ], [ -78.93, 42.85 ], [ -78.91, 42.9 ], [ -78.92, 42.95 ], [ -78.96, 42.96 ], [ -79.02, 42.99 ], [ -79.02, 43.02 ], [ -79.0, 43.06 ], [ -79.01, 43.07 ], [ -79.07, 43.08 ], [ -79.06, 43.11 ], [ -79.07, 43.12 ], [ -79.04, 43.14 ], [ -79.06, 43.25 ], [ -79.2, 43.45 ], [ -78.69, 43.63 ], [ -76.78, 43.63 ], [ -76.75, 43.68 ], [ -76.5, 44.0 ], [ -76.44, 44.09 ], [ -76.35, 44.13 ], [ -76.31, 44.2 ], [ -76.21, 44.21 ], [ -76.16, 44.24 ], [ -76.16, 44.28 ], [ -76.1, 44.3 ], [ -76.0, 44.35 ], [ -75.97, 44.34 ], [ -75.91, 44.37 ], [ -75.82, 44.43 ], [ -75.81, 44.47 ], [ -75.77, 44.52 ], [ -75.41, 44.77 ], [ -75.37, 44.78 ], [ -75.34, 44.81 ], [ -75.3, 44.83 ], [ -75.31, 44.84 ], [ -75.29, 44.85 ], [ -75.22, 44.88 ], [ -75.14, 44.9 ], [ -75.13, 44.92 ], [ -75.06, 44.93 ], [ -74.97, 44.98 ], [ -74.91, 44.98 ], [ -74.89, 45.0 ], [ -74.83, 45.02 ], [ -74.76, 45.01 ], [ -74.74, 44.99 ], [ -74.67, 45.01 ] ] ] ] } },
{ "type": "Feature", "properties": { "GEOIDFQ": "0400000US32", "NAME": "Nevada" }, "geometry": { "type": "Polygon", "coordinates": [ [ [ -114.82, 42.0 ], [ -114.04, 41.99 ], [ -114.05, 37.56 ], [ -114.04, 36.19 ], [ -114.07, 36.18 ], [ -114.1, 36.12 ], [ -114.12, 36.11 ], [ -114.11, 36.09 ], [ -114.15, 36.02 ], [ -114.24, 36.02 ], [ -114.27, 36.05 ], [ -114.31, 36.06 ], [ -114.31, 36.08 ], [ -114.37, 36.14 ], [ -114.41, 36.15 ], [ -114.45, 36.13 ], [ -114.46, 36.14 ], [ -114.5, 36.13 ], [ -114.51, 36.15 ], [ -114.57, 36.15 ], [ -114.62, 36.13 ], [ -114.63, 36.14 ], [ -114.66, 36.12 ], [ -114.73, 36.1 ], [ -114.75, 36.09 ], [ -114.74, 36.06 ], [ -114.74, 36.04 ], [ -114.72, 36.03 ], [ -114.74, 36.01 ], [ -114.74, 35.98 ], [ -114.71, 35.91 ], [ -114.66, 35.87 ], [ -114.71, 35.85 ], [ -114.7, 35.83 ], [ -114.71, 35.81 ], [ -114.69, 35.76 ], [ -114.71, 35.71 ], [ -114.68, 35.68 ], [ -114.69, 35.65 ], [ -114.65, 35.61 ], [ -114.66, 35.59 ], [ -114.68, 35.58 ], [ -114.66, 35.53 ], [ -114.68, 35.5 ], [ -114.66, 35.45 ], [ -114.63, 35.41 ], [ -114.6, 35.36 ], [ -114.57, 35.18 ], [ -114.58, 35.13 ], [ -114.63, 35.12 ], [ -114.65, 35.1 ], [ -114.6, 35.07 ], [ -114.63, 35.03 ], [ -114.63, 35.0 ], [ -116.09, 36.16 ], [ -117.5, 37.22 ], [ -118.71, 38.1 ], [ -120.0, 39.0 ], [ -120.0, 41.99 ], [ -114.82, 42.0 ] ] ] } },
{ "type": "Feature", "properties": { "GEOIDFQ": "0400000US02", "NAME": "Alaska" }, "geometry": { "type": "MultiPolygon", "coordinates": [ [ [ [ -167.54, 60.25 ], [ -167.51, 60.26 ], [ -167.44, 60.26 ], [ -167.31, 60.29 ], [ -167.15, 60.28 ], [ -167.1, 60.29 ], [ -167.02, 60.27 ], [ -166.94, 60.28 ], [ -166.87, 60.33 ], [ -166.81, 60.35 ], [ -166.76, 60.38 ], [ -166.74, 60.39 ], [ -166.67, 60.39 ], [ -166.62, 60.41 ], [ -166.51, 60.45 ], [ -166.44, 60.44 ], [ -166.4, 60.43 ], [ -166.35, 60.42 ], [ -166.28, 60.45 ], [ -166.27, 60.48 ], [ -166.25, 60.49 ], [ -166.21, 60.51 ], [ -166.15, 60.51 ], [ -166.05, 60.47 ], [ -166.0, 60.41 ], [ -166.01, 60.39 ], [ -165.98, 60.37 ], [ -165.95, 60.39 ], [ -165.9, 60.4 ], [ -165.85, 60.4 ], [ -165.83, 60.39 ], [ -165.78, 60.4 ], [ -165.74, 60.41 ], [ -165.67, 60.38 ], [ -165.65, 60.36 ], [ -165.65, 60.35 ], [ -165.62, 60.34 ], [ -165.59, 60.33 ], [ -165.56, 60.3 ], [ -165.57, 60.26 ], [ -165.59, 60.24 ], [ -165.57, 60.22 ], [ -165.59, 60.18 ], [ -165.56, 60.13 ], [ -165.57, 60.06 ], [ -165.54, 60.03 ], [ -165.48, 60.02 ], [ -165.45, 59.99 ], [ -165.4, 59.97 ], [ -165.44, 59.94 ], [ -165.46, 59.9 ], [ -165.5, 59.87 ], [ -165.66, 59.84 ], [ -165.74, 59.84 ], [ -165.77, 59.82 ], [ -165.82, 59.81 ], [ -165.96, 59.72 ], [ -166.01, 59.71 ], [ -166.1, 59.69 ], [ -166.18, 59.7 ], [ -166.24, 59.72 ], [ -166.32, 59.77 ], [ -166.37, 59.78 ], [ -166.43, 59.8 ], [ -166.56, 59.8 ], [ -166.65, 59.8 ], [ -166.74, 59.84 ], [ -166.83, 59.85 ], [ -166.87, 59.88 ], [ -166.94, 59.91 ], [ -167.04, 59.94 ], [ -167.14, 59.94 ], [ -167.22, 59.99 ], [ -167.29, 60.0 ], [ -167.32, 60.02 ], [ -167.4, 60.03 ], [ -167.44, 60.06 ], [ -167.44, 60.11 ], [ -167.46, 60.12 ], [ -167.47, 60.15 ], [ -167.51, 60.16 ], [ -167.52, 60.17 ], [ -167.54, 60.18 ], [ -167.56, 60.21 ], [ -167.54, 60.25 ] ] ], [ [ [ -172.8, 60.25 ], [ -172.73, 60.26 ], [ -172.7, 60.26 ], [ -172.65, 60.24 ], [ -172.63, 60.2 ], [ -172.69, 60.15 ], [ -172.8, 60.14 ], [ -172.85, 60.15 ], [ -172.88, 60.17 ], [ -172.89, 60.21 ], [ -172.8, 60.25 ] ] ], [ [ [ -173.22, 60.68 ], [ -173.19, 60.69 ], [ -173.19, 60.71 ], [ -173.16, 60.73 ], [ -173.1, 60.75 ], [ -173.06, 60.75 ], [ -173.01, 60.74 ], [ -172.96, 60.71 ], [ -172.94, 60.65 ], [ -172.86, 60.64 ], [ -172.83, 60.62 ], [ -172.82, 60.6 ], [ -172.82, 60.56 ], [ -172.76, 60.51 ], [ -172.69, 60.48 ], [ -172.53, 60.44 ], [ -172.39, 60.44 ], [ -172.35, 60.43 ], [ -172.26, 60.38 ], [ -172.12, 60.33 ], [ -172.11, 60.31 ], [ -172.12, 60.29 ], [ -172.19, 60.25 ], [ -172.3, 60.24 ], [ -172.36, 60.25 ], [ -172.39, 60.28 ], [ -172.41, 60.28 ], [ -172.45, 60.27 ], [ -172.5, 60.27 ], [ -172.57, 60.26 ], [ -172.6, 60.26 ], [ -172.65, 60.27 ], [ -172.72, 60.3 ], [ -172.8, 60.32 ], [ -172.85, 60.32 ], [ -172.88, 60.33 ], [ -172.93, 60.35 ], [ -172.93, 60.39 ], [ -173.07, 60.44 ], [ -173.14, 60.46 ], [ -173.16, 60.47 ], [ -173.17, 60.5 ], [ -173.15, 60.56 ], [ -173.14, 60.58 ], [ -173.23, 60.64 ], [ -173.22, 60.68 ] ] ], [ [ [ -160.06, 58.65 ], [ -160.0, 58.67 ], [ -159.99, 58.66 ], [ -159.89, 58.64 ], [ -159.87, 58.61 ], [ -159.86, 58.58 ], [ -159.92, 58.54 ], [ -160.01, 58.53 ], [ -160.06, 58.55 ], [ -160.1, 58.6 ], [ -160.06, 58.65 ] ] ], [ [ [ -160.53, 58.71 ], [ -160.52, 58.74 ], [ -160.49, 58.77 ], [ -160.42, 58.8 ], [ -160.37, 58.79 ], [ -160.32, 58.78 ], [ -160.26, 58.77 ], [ -160.21, 58.76 ], [ -160.14, 58.75 ], [ -160.1, 58.72 ], [ -160.1, 58.71 ], [ -160.11, 58.68 ], [ -160.15, 58.66 ], [ -160.17, 58.62 ], [ -160.21, 58.6 ], [ -160.23, 58.57 ], [ -160.26, 58.54 ], [ -160.3, 58.54 ], [ -160.37, 58.54 ], [ -160.4, 58.55 ], [ -160.41, 58.59 ], [ -160.39, 58.63 ], [ -160.43, 58.62 ], [ -160.48, 58.63 ], [ -160.53, 58.65 ], [ -160.54, 58.69 ], [ -160.53, 58.71 ] ] ], [ [ [ -161.42, 64.16 ], [ -161.39, 64.17 ], [ -161.31, 64.19 ], [ -161.22, 64.18 ], [ -161.18, 64.15 ], [ -161.18, 64.11 ], [ -161.21, 64.08 ], [ -161.25, 64.07 ], [ -161.31, 64.06 ], [ -161.37, 64.07 ], [ -161.41, 64.09 ], [ -161.44, 64.13 ], [ -161.42, 64.16 ] ] ], [ [ [ -161.83, 63.64 ], [ -161.76, 63.65 ], [ -161.71, 63.65 ], [ -161.68, 63.64 ], [ -161.65, 63.63 ], [ -161.63, 63.6 ], [ -161.68, 63.57 ], [ -161.71, 63.56 ], [ -161.75, 63.55 ], [ -161.78, 63.55 ], [ -161.84, 63.57 ], [ -161.86, 63.61 ], [ -161.83, 63.64 ] ] ], [ [ [ -168.21, 65.0 ], [ -168.17, 65.02 ], [ -168.08, 65.04 ], [ -168.0, 65.04 ], [ -167.95, 65.02 ], [ -167.92, 65.0 ], [ -167.91, 64.97 ], [ -167.98, 64.92 ], [ -168.04, 64.91 ], [ -168.09, 64.91 ], [ -168.19, 64.93 ], [ -168.21, 64.95 ], [ -168.21, 65.0 ] ] ], [ [ [ -168.82, 65.67 ], [ -168.73, 65.67 ], [ -168.67, 65.66 ], [ -168.64, 65.64 ], [ -168.63, 65.61 ], [ -168.63, 65.6 ], [ -168.67, 65.58 ], [ -168.77, 65.57 ], [ -168.85, 65.59 ], [ -168.87, 65.62 ], [ -168.82, 65.67 ] ] ], [ [ [ -168.97, 65.81 ], [ -168.93, 65.82 ], [ -168.86, 65.82 ], [ -168.79, 65.78 ], [ -168.76, 65.75 ], [ -168.77, 65.73 ], [ -168.79, 65.72 ], [ -168.88, 65.69 ], [ -168.97, 65.69 ], [ -168.97, 65.81 ] ] ], [ [ [ -171.92, 63.61 ], [ -171.89, 63.66 ], [ -171.86, 63.67 ], [ -171.87, 63.71 ], [ -171.84, 63.74 ], [ -171.86, 63.79 ], [ -171.82, 63.82 ], [ -171.78, 63.84 ], [ -171.71, 63.84 ], [ -171.67, 63.84 ], [ -171.6, 63.82 ], [ -171.55, 63.8 ], [ -171.53, 63.78 ], [ -171.52, 63.75 ], [ -171.54, 63.72 ], [ -171.25, 63.67 ], [ -170.96, 63.63 ], [ -170.71, 63.71 ], [ -170.66, 63.72 ], [ -170.62, 63.72 ], [ -170.5, 63.75 ], [ -170.3, 63.76 ], [ -170.17, 63.72 ], [ -169.99, 63.62 ], [ -169.93, 63.53 ], [ -169.79, 63.49 ], [ -169.6, 63.48 ], [ -169.48, 63.44 ], [ -169.46, 63.42 ], [ -169.23, 63.39 ], [ -169.03, 63.39 ], [ -168.88, 63.37 ], [ -168.7, 63.35 ], [ -168.61, 63.34 ], [ -168.58, 63.31 ], [ -168.61, 63.23 ], [ -168.73, 63.13 ], [ -168.7, 63.11 ], [ -168.68, 63.08 ], [ -168.7, 63.06 ], [ -168.76, 63.03 ], [ -168.84, 63.02 ], [ -168.92, 63.03 ], [ -168.94, 63.05 ], [ -168.95, 63.07 ], [ -168.92, 63.1 ], [ -169.07, 63.13 ], [ -169.26, 63.12 ], [ -169.37, 63.06 ], [ -169.45, 63.04 ], [ -169.42, 62.97 ], [ -169.44, 62.95 ], [ -169.46, 62.93 ], [ -169.53, 62.92 ], [ -169.55, 62.9 ], [ -169.59, 62.89 ], [ -169.64, 62.88 ], [ -169.73, 62.9 ], [ -169.84, 62.93 ], [ -169.86, 62.94 ], [ -169.86, 62.98 ], [ -169.88, 63.02 ], [ -169.95, 63.06 ], [ -170.12, 63.13 ], [ -170.18, 63.13 ], [ -170.33, 63.14 ], [ -170.36, 63.15 ], [ -170.4, 63.18 ], [ -170.38, 63.21 ], [ -170.44, 63.25 ], [ -170.52, 63.29 ], [ -170.6, 63.31 ], [ -170.91, 63.37 ], [ -171.05, 63.37 ], [ -171.13, 63.35 ], [ -171.17, 63.35 ], [ -171.25, 63.29 ], [ -171.33, 63.28 ], [ -171.4, 63.26 ], [ -171.48, 63.25 ], [ -171.53, 63.27 ], [ -171.59, 63.27 ], [ -171.65, 63.29 ], [ -171.77, 63.32 ], [ -171.84, 63.34 ], [ -171.91, 63.4 ], [ -171.97, 63.47 ], [ -171.92, 63.61 ] ] ], [ [ [ -146.49, 59.42 ], [ -146.43, 59.47 ], [ -146.44, 59.49 ], [ -146.42, 59.51 ], [ -146.43, 59.54 ], [ -146.42, 59.56 ], [ -146.36, 59.59 ], [ -146.28, 59.58 ], [ -146.24, 59.55 ], [ -146.24, 59.52 ], [ -146.2, 59.51 ], [ -146.17, 59.48 ], [ -146.15, 59.44 ], [ -146.16, 59.41 ], [ -146.22, 59.38 ], [ -146.27, 59.35 ], [ -146.38, 59.33 ], [ -146.47, 59.35 ], [ -146.5, 59.37 ], [ -146.51, 59.39 ], [ -146.49, 59.42 ] ] ], [ [ [ -136.62, 57.87 ], [ -136.64, 57.88 ], [ -136.66, 57.92 ], [ -136.65, 57.99 ], [ -136.67, 58.0 ], [ -136.68, 58.01 ], [ -136.65, 58.1 ], [ -136.51, 58.15 ], [ -136.52, 58.18 ], [ -136.59, 58.15 ], [ -136.66, 58.15 ], [ -136.81, 58.19 ], [ -136.84, 58.21 ], [ -136.88, 58.25 ], [ -136.94, 58.27 ], [ -136.97, 58.3 ], [ -137.01, 58.34 ], [ -137.07, 58.32 ], [ -137.12, 58.33 ], [ -137.25, 58.39 ], [ -137.32, 58.41 ], [ -137.37, 58.44 ], [ -137.45, 58.46 ], [ -137.6, 58.54 ], [ -137.72, 58.57 ], [ -137.76, 58.6 ], [ -137.78, 58.64 ], [ -138.0, 58.75 ], [ -138.03, 58.81 ], [ -138.01, 58.84 ], [ -138.02, 58.86 ], [ -138.25, 58.99 ], [ -138.35, 59.02 ], [ -138.64, 59.08 ], [ -138.87, 59.18 ], [ -138.97, 59.21 ], [ -139.39, 59.32 ], [ -139.58, 59.38 ], [ -139.72, 59.43 ], [ -139.9, 59.5 ], [ -140.43, 59.66 ], [ -140.68, 59.67 ], [ -140.91, 59.7 ], [ -141.89, 59.95 ], [ -142.0, 59.97 ], [ -142.3, 60.01 ], [ -142.45, 60.02 ], [ -142.5, 60.03 ], [ -142.58, 60.04 ], [ -142.76, 60.05 ], [ -142.83, 60.05 ], [ -143.12, 60.02 ], [ -143.54, 60.0 ], [ -143.64, 59.99 ], [ -143.84, 59.95 ], [ -143.9, 59.94 ], [ -143.95, 59.93 ], [ -144.03, 59.92 ], [ -144.14, 59.92 ], [ -144.41, 59.75 ], [ -144.54, 59.72 ], [ -144.68, 59.73 ], [ -144.78, 59.78 ], [ -144.78, 59.83 ], [ -144.64, 59.92 ], [ -144.54, 60.01 ], [ -144.61, 60.08 ], [ -144.78, 60.13 ], [ -145.1, 60.15 ], [ -145.32, 60.18 ], [ -145.62, 60.26 ], [ -145.82, 60.32 ], [ -145.98, 60.31 ], [ -146.18, 60.28 ], [ -146.94, 60.1 ], [ -147.1, 60.08 ], [ -147.16, 60.05 ], [ -147.24, 60.0 ], [ -147.27, 59.96 ], [ -147.28, 59.88 ], [ -147.33, 59.83 ], [ -147.52, 59.77 ], [ -147.69, 59.74 ], [ -147.82, 59.74 ], [ -147.96, 59.74 ], [ -148.04, 59.77 ], [ -148.1, 59.82 ], [ -148.22, 59.88 ], [ -148.44, 59.89 ], [ -148.61, 59.88 ], [ -148.98, 59.89 ], [ -149.27, 59.85 ], [ -149.47, 59.73 ], [ -149.62, 59.53 ], [ -150.46, 59.31 ], [ -150.8, 59.23 ], [ -150.99, 59.18 ], [ -151.44, 59.1 ], [ -153.02, 59.0 ], [ -153.18, 58.91 ], [ -153.17, 58.89 ], [ -153.15, 58.86 ], [ -153.17, 58.82 ], [ -153.2, 58.8 ], [ -153.17, 58.76 ], [ -153.19, 58.73 ], [ -153.24, 58.71 ], [ -153.32, 58.71 ], [ -153.37, 58.67 ], [ -153.48, 58.64 ], [ -153.45, 58.6 ], [ -153.46, 58.57 ], [ -153.52, 58.55 ], [ -153.59, 58.54 ], [ -153.63, 58.51 ], [ -153.69, 58.49 ], [ -153.78, 58.5 ], [ -153.81, 58.52 ], [ -153.82, 58.49 ], [ -153.88, 58.46 ], [ -153.86, 58.37 ], [ -153.93, 58.32 ], [ -153.97, 58.31 ], [ -154.04, 58.23 ], [ -154.06, 58.18 ], [ -154.08, 58.15 ], [ -154.11, 58.15 ], [ -154.13, 58.1 ], [ -154.21, 58.08 ], [ -154.27, 58.04 ], [ -154.34, 58.03 ], [ -154.39, 58.0 ], [ -154.71, 57.98 ], [ -154.8, 57.96 ], [ -154.87, 57.97 ], [ -154.89, 57.98 ], [ -154.94, 57.98 ], [ -154.99, 57.86 ], [ -155.04, 57.81 ], [ -155.1, 57.79 ], [ -155.16, 57.79 ], [ -155.15, 57.75 ], [ -155.21, 57.72 ], [ -155.25, 57.68 ], [ -155.28, 57.68 ], [ -155.28, 57.66 ], [ -155.3, 57.64 ], [ -155.36, 57.63 ], [ -155.46, 57.64 ], [ -155.64, 57.6 ], [ -155.65, 57.52 ], [ -155.67, 57.51 ], [ -155.72, 57.5 ], [ -155.84, 57.5 ], [ -155.94, 57.41 ], [ -155.98, 57.4 ], [ -156.1, 57.38 ], [ -156.17, 57.35 ], [ -156.25, 57.24 ], [ -156.21, 57.2 ], [ -156.23, 57.16 ], [ -156.32, 57.11 ], [ -156.31, 57.07 ], [ -156.33, 57.05 ], [ -156.33, 56.75 ], [ -157.13, 56.27 ], [ -157.1, 56.24 ], [ -158.0, 55.64 ], [ -159.45, 55.64 ], [ -159.49, 55.61 ], [ -159.52, 55.6 ], [ -159.51, 55.56 ], [ -159.54, 55.53 ], [ -159.95, 55.51 ], [ -160.0, 55.46 ], [ -160.04, 55.45 ], [ -160.06, 55.42 ], [ -160.05, 55.4 ], [ -160.0, 55.39 ], [ -159.93, 55.34 ], [ -159.88, 55.35 ], [ -159.8, 55.32 ], [ -159.77, 55.29 ], [ -159.74, 55.22 ], [ -159.7, 55.24 ], [ -159.66, 55.24 ], [ -159.61, 55.27 ], [ -159.57, 55.31 ], [ -159.54, 55.33 ], [ -159.48, 55.34 ], [ -159.42, 55.32 ], [ -159.4, 55.28 ], [ -159.4, 55.26 ], [ -159.42, 55.25 ], [ -159.43, 55.2 ], [ -159.4, 55.16 ], [ -159.41, 55.12 ], [ -159.38, 55.12 ], [ -159.35, 55.11 ], [ -159.3, 55.12 ], [ -159.23, 55.1 ], [ -159.21, 55.08 ], [ -159.2, 55.04 ], [ -159.21, 55.03 ], [ -159.26, 55.01 ], [ -159.25, 55.0 ], [ -159.14, 54.96 ], [ -159.11, 54.93 ], [ -159.13, 54.89 ], [ -159.23, 54.82 ], [ -159.28, 54.81 ], [ -159.36, 54.83 ], [ -159.43, 54.89 ], [ -159.5, 54.9 ], [ -159.54, 54.92 ], [ -159.54, 54.98 ], [ -159.56, 54.99 ], [ -159.68, 54.99 ], [ -159.71, 55.0 ], [ -159.72, 55.02 ], [ -159.73, 54.99 ], [ -159.77, 54.97 ], [ -159.78, 54.94 ], [ -159.82, 54.91 ], [ -159.88, 54.9 ], [ -159.95, 54.93 ], [ -159.99, 54.89 ], [ -160.03, 54.88 ], [ -160.09, 54.89 ], [ -160.11, 54.85 ], [ -160.16, 54.83 ], [ -160.21, 54.81 ], [ -160.26, 54.81 ], [ -160.32, 54.84 ], [ -160.34, 54.89 ], [ -160.34, 54.93 ], [ -160.33, 54.96 ], [ -160.3, 54.98 ], [ -160.29, 55.0 ], [ -160.24, 55.02 ], [ -160.26, 55.04 ], [ -160.29, 55.12 ], [ -160.25, 55.15 ], [ -160.21, 55.16 ], [ -160.19, 55.19 ], [ -160.15, 55.2 ], [ -160.13, 55.24 ], [ -160.16, 55.25 ], [ -160.2, 55.34 ], [ -160.23, 55.35 ], [ -160.24, 55.34 ], [ -160.22, 55.31 ], [ -160.24, 55.24 ], [ -160.28, 55.21 ], [ -160.32, 55.19 ], [ -160.37, 55.2 ], [ -160.38, 55.17 ], [ -160.41, 55.15 ], [ -160.45, 55.11 ], [ -160.43, 55.09 ], [ -160.43, 55.06 ], [ -160.46, 55.04 ], [ -160.52, 55.03 ], [ -160.57, 55.04 ], [ -160.6, 55.06 ], [ -160.61, 55.1 ], [ -160.65, 55.1 ], [ -160.71, 55.11 ], [ -160.79, 55.07 ], [ -160.84, 55.07 ], [ -160.9, 55.1 ], [ -160.91, 55.16 ], [ -160.94, 55.19 ], [ -160.92, 55.24 ], [ -160.94, 55.26 ], [ -160.94, 55.29 ], [ -160.95, 55.33 ], [ -160.86, 55.42 ], [ -160.91, 55.42 ], [ -161.0, 55.38 ], [ -161.14, 55.34 ], [ -161.19, 55.31 ], [ -161.24, 55.3 ], [ -161.19, 55.29 ], [ -161.13, 55.31 ], [ -161.07, 55.31 ], [ -161.02, 55.28 ], [ -161.02, 55.25 ], [ -161.04, 55.23 ], [ -161.08, 55.21 ], [ -161.04, 55.2 ], [ -161.01, 55.16 ], [ -161.02, 55.13 ], [ -161.1, 55.1 ], [ -161.17, 55.12 ], [ -161.19, 55.16 ], [ -161.15, 55.2 ], [ -161.13, 55.21 ], [ -161.16, 55.22 ], [ -161.18, 55.2 ], [ -161.25, 55.19 ], [ -161.25, 55.13 ], [ -161.27, 55.1 ], [ -161.31, 55.09 ], [ -161.38, 55.09 ], [ -161.42, 55.07 ], [ -161.37, 55.05 ], [ -161.35, 55.02 ], [ -161.36, 54.99 ], [ -161.38, 54.97 ], [ -161.47, 54.95 ], [ -161.55, 54.95 ], [ -161.58, 54.97 ], [ -161.63, 54.96 ], [ -161.67, 54.96 ], [ -161.67, 54.93 ], [ -161.72, 54.9 ], [ -161.65, 54.88 ], [ -161.63, 54.84 ], [ -161.58, 54.81 ], [ -161.57, 54.78 ], [ -161.59, 54.75 ], [ -161.64, 54.74 ], [ -161.7, 54.75 ], [ -161.77, 54.73 ], [ -161.78, 54.71 ], [ -161.84, 54.68 ], [ -161.94, 54.7 ], [ -161.96, 54.72 ], [ -161.98, 54.71 ], [ -162.01, 54.72 ], [ -162.06, 54.7 ], [ -162.03, 54.66 ], [ -162.05, 54.63 ], [ -162.1, 54.62 ], [ -162.16, 54.63 ], [ -162.19, 54.64 ], [ -162.24, 54.64 ], [ -162.25, 54.6 ], [ -162.28, 54.58 ], [ -162.32, 54.58 ], [ -162.32, 54.53 ], [ -162.37, 54.51 ], [ -162.43, 54.51 ], [ -162.48, 54.54 ], [ -162.48, 54.58 ], [ -162.46, 54.59 ], [ -162.49, 54.62 ], [ -162.46, 54.67 ], [ -162.53, 54.69 ], [ -162.55, 54.75 ], [ -162.53, 54.78 ], [ -162.48, 54.79 ], [ -162.51, 54.81 ], [ -162.57, 54.82 ], [ -162.6, 54.83 ], [ -162.62, 54.85 ], [ -162.61, 54.88 ], [ -162.58, 54.91 ], [ -162.61, 54.91 ], [ -162.64, 54.93 ], [ -162.67, 54.91 ], [ -162.79, 54.89 ], [ -162.8, 54.87 ], [ -162.85, 54.85 ], [ -162.89, 54.84 ], [ -162.97, 54.88 ], [ -163.06, 54.88 ], [ -163.08, 54.85 ], [ -163.14, 54.83 ], [ -163.14, 54.82 ], [ -163.07, 54.79 ], [ -162.97, 54.71 ], [ -162.95, 54.66 ], [ -163.03, 54.61 ], [ -163.06, 54.61 ], [ -163.23, 54.62 ], [ -163.44, 54.6 ], [ -163.47, 54.59 ], [ -163.5, 54.58 ], [ -163.53, 54.55 ], [ -163.56, 54.54 ], [ -163.71, 54.57 ], [ -163.76, 54.57 ], [ -164.12, 54.56 ], [ -164.23, 54.52 ], [ -164.28, 54.44 ], [ -164.41, 54.37 ], [ -164.46, 54.36 ], [ -164.49, 54.37 ], [ -164.62, 54.34 ], [ -164.71, 54.34 ], [ -164.74, 54.34 ], [ -164.81, 54.35 ], [ -164.9, 54.37 ], [ -165.0, 54.46 ], [ -165.04, 54.56 ], [ -165.02, 54.61 ], [ -165.0, 54.63 ], [ -164.9, 54.67 ], [ -164.84, 54.69 ], [ -164.78, 54.69 ], [ -164.71, 54.77 ], [ -164.7, 54.8 ], [ -164.65, 54.84 ], [ -164.63, 54.91 ], [ -164.52, 54.97 ], [ -164.42, 54.98 ], [ -164.3, 54.95 ], [ -164.16, 55.02 ], [ -164.05, 55.02 ], [ -163.95, 55.08 ], [ -163.91, 55.09 ], [ -163.86, 55.09 ], [ -163.77, 55.11 ], [ -163.67, 55.09 ], [ -163.57, 55.1 ], [ -163.46, 55.13 ], [ -163.21, 55.22 ], [ -163.14, 55.23 ], [ -162.98, 55.34 ], [ -162.94, 55.38 ], [ -162.83, 55.43 ], [ -162.73, 55.46 ], [ -162.68, 55.46 ], [ -162.65, 55.49 ], [ -162.57, 55.52 ], [ -162.29, 55.72 ], [ -162.17, 55.77 ], [ -162.13, 55.81 ], [ -162.06, 55.83 ], [ -162.03, 55.84 ], [ -162.0, 55.85 ], [ -161.91, 55.91 ], [ -161.83, 55.94 ], [ -161.43, 56.01 ], [ -161.21, 56.07 ], [ -160.93, 56.08 ], [ -160.62, 56.07 ], [ -160.58, 56.08 ], [ -160.55, 56.12 ], [ -160.51, 56.2 ], [ -160.44, 56.3 ], [ -160.41, 56.32 ], [ -160.31, 56.37 ], [ -160.23, 56.43 ], [ -160.07, 56.48 ], [ -159.87, 56.59 ], [ -159.58, 56.67 ], [ -159.43, 56.74 ], [ -159.17, 56.81 ], [ -159.08, 56.85 ], [ -158.98, 56.91 ], [ -158.89, 56.95 ], [ -158.89, 57.0 ], [ -158.07, 58.49 ], [ -158.15, 58.54 ], [ -158.21, 58.54 ], [ -158.61, 58.46 ], [ -158.64, 58.41 ], [ -158.69, 58.4 ], [ -158.72, 58.38 ], [ -158.77, 58.35 ], [ -158.88, 58.34 ], [ -158.97, 58.35 ], [ -159.02, 58.33 ], [ -159.08, 58.34 ], [ -159.15, 58.37 ], [ -159.16, 58.4 ], [ -159.15, 58.42 ], [ -159.4, 58.67 ], [ -159.54, 58.78 ], [ -159.7, 58.8 ], [ -159.75, 58.76 ], [ -159.81, 58.74 ], [ -159.89, 58.72 ], [ -159.94, 58.72 ], [ -160.0, 58.74 ], [ -160.09, 58.81 ], [ -160.13, 58.78 ], [ -160.17, 58.77 ], [ -160.23, 58.77 ], [ -160.27, 58.79 ], [ -160.31, 58.81 ], [ -160.34, 58.88 ], [ -160.61, 58.84 ], [ -160.59, 58.82 ], [ -160.6, 58.79 ], [ -160.79, 58.58 ], [ -160.79, 58.56 ], [ -160.87, 58.51 ], [ -160.93, 58.5 ], [ -161.02, 58.5 ], [ -161.1, 58.49 ], [ -161.14, 58.5 ], [ -161.18, 58.54 ], [ -161.19, 58.57 ], [ -161.18, 58.61 ], [ -161.23, 58.64 ], [ -161.32, 58.61 ], [ -161.46, 58.59 ], [ -161.49, 58.56 ], [ -161.57, 58.54 ], [ -161.59, 58.52 ], [ -161.62, 58.51 ], [ -161.7, 58.5 ], [ -161.77, 58.5 ], [ -161.82, 58.51 ], [ -161.86, 58.54 ], [ -161.87, 58.57 ], [ -161.91, 58.57 ], [ -162.0, 58.56 ], [ -162.04, 58.57 ], [ -162.08, 58.56 ], [ -162.23, 58.6 ], [ -162.28, 58.63 ], [ -162.26, 58.67 ], [ -162.17, 58.71 ], [ -162.07, 58.72 ], [ -161.95, 58.72 ], [ -161.93, 58.75 ], [ -161.9, 58.76 ], [ -161.89, 58.78 ], [ -161.85, 58.81 ], [ -161.89, 58.87 ], [ -161.88, 58.94 ], [ -161.9, 58.98 ], [ -162.0, 59.07 ], [ -162.01, 59.06 ], [ -162.1, 59.13 ], [ -162.17, 59.25 ], [ -162.17, 59.28 ], [ -162.11, 59.33 ], [ -162.06, 59.36 ], [ -162.05, 59.41 ], [ -162.0, 59.44 ], [ -161.91, 59.47 ], [ -161.89, 59.51 ], [ -161.87, 59.52 ], [ -162.04, 59.67 ], [ -162.07, 59.72 ], [ -162.1, 59.73 ], [ -162.11, 59.75 ], [ -162.18, 59.81 ], [ -162.19, 59.82 ], [ -162.23, 59.81 ], [ -162.36, 59.81 ], [ -162.41, 59.82 ], [ -162.44, 59.84 ], [ -162.45, 59.88 ], [ -162.56, 59.9 ], [ -162.61, 59.89 ], [ -162.7, 59.89 ], [ -162.71, 59.88 ], [ -162.82, 59.84 ], [ -162.83, 59.8 ], [ -162.87, 59.78 ], [ -162.95, 59.77 ], [ -162.97, 59.77 ], [ -163.03, 59.77 ], [ -163.11, 59.78 ], [ -163.15, 59.8 ], [ -163.33, 59.77 ], [ -163.71, 59.74 ], [ -163.78, 59.74 ], [ -163.99, 59.76 ], [ -164.0, 59.75 ], [ -163.9, 59.71 ], [ -163.81, 59.72 ], [ -163.79, 59.71 ], [ -163.75, 59.69 ], [ -163.74, 59.67 ], [ -163.76, 59.64 ], [ -163.81, 59.62 ], [ -163.85, 59.62 ], [ -163.92, 59.64 ], [ -164.01, 59.64 ], [ -164.08, 59.67 ], [ -164.12, 59.72 ], [ -164.19, 59.74 ], [ -164.27, 59.78 ], [ -164.35, 59.85 ], [ -164.42, 59.88 ], [ -164.45, 59.95 ], [ -164.42, 59.98 ], [ -164.34, 60.0 ], [ -164.45, 60.03 ], [ -164.49, 60.05 ], [ -164.6, 60.16 ], [ -164.66, 60.18 ], [ -164.75, 60.24 ], [ -164.85, 60.25 ], [ -164.97, 60.28 ], [ -165.14, 60.36 ], [ -165.24, 60.43 ], [ -165.24, 60.44 ], [ -165.29, 60.44 ], [ -165.33, 60.46 ], [ -165.39, 60.46 ], [ -165.43, 60.47 ], [ -165.5, 60.53 ], [ -165.52, 60.57 ], [ -165.46, 60.61 ], [ -165.41, 60.63 ], [ -165.34, 60.64 ], [ -165.29, 60.67 ], [ -165.25, 60.68 ], [ -165.22, 60.7 ], [ -165.16, 60.71 ], [ -165.12, 60.74 ], [ -165.18, 60.8 ], [ -165.16, 60.83 ], [ -165.18, 60.85 ], [ -165.17, 60.88 ], [ -165.22, 60.9 ], [ -165.26, 60.92 ], [ -165.3, 60.97 ], [ -165.3, 60.99 ], [ -165.24, 61.05 ], [ -165.26, 61.05 ], [ -165.35, 61.02 ], [ -165.42, 61.01 ], [ -165.54, 61.03 ], [ -165.66, 61.06 ], [ -165.72, 61.1 ], [ -165.79, 61.2 ], [ -165.82, 61.22 ], [ -165.84, 61.24 ], [ -165.92, 61.26 ], [ -165.99, 61.32 ], [ -166.02, 61.36 ], [ -166.03, 61.4 ], [ -166.19, 61.46 ], [ -166.25, 61.52 ], [ -166.29, 61.58 ], [ -166.26, 61.66 ], [ -166.26, 61.71 ], [ -166.24, 61.74 ], [ -166.24, 61.78 ], [ -166.2, 61.83 ], [ -166.17, 61.85 ], [ -166.11, 61.87 ], [ -166.08, 61.98 ], [ -166.13, 62.03 ], [ -166.1, 62.07 ], [ -166.05, 62.11 ], [ -166.01, 62.12 ], [ -165.9, 62.12 ], [ -165.87, 62.15 ], [ -165.82, 62.17 ], [ -165.79, 62.19 ], [ -165.74, 62.2 ], [ -165.53, 62.35 ], [ -165.45, 62.39 ], [ -165.42, 62.44 ], [ -165.38, 62.47 ], [ -165.39, 62.49 ], [ -165.35, 62.53 ], [ -165.34, 62.58 ], [ -165.28, 62.61 ], [ -165.21, 62.61 ], [ -165.25, 62.65 ], [ -165.26, 62.69 ], [ -165.25, 62.71 ], [ -165.17, 62.74 ], [ -165.13, 62.74 ], [ -165.06, 62.73 ], [ -165.02, 62.76 ], [ -164.99, 62.76 ], [ -165.02, 62.78 ], [ -165.04, 62.83 ], [ -165.0, 62.87 ], [ -164.94, 62.88 ], [ -164.92, 62.9 ], [ -164.92, 62.93 ], [ -164.9, 62.95 ], [ -164.9, 62.98 ], [ -164.91, 63.0 ], [ -164.89, 63.02 ], [ -164.9, 63.05 ], [ -164.83, 63.08 ], [ -164.74, 63.09 ], [ -164.75, 63.11 ], [ -164.73, 63.12 ], [ -164.61, 63.2 ], [ -164.5, 63.25 ], [ -164.4, 63.28 ], [ -164.25, 63.3 ], [ -164.13, 63.32 ], [ -164.02, 63.31 ], [ -163.87, 63.28 ], [ -163.77, 63.28 ], [ -163.66, 63.25 ], [ -163.58, 63.21 ], [ -163.46, 63.17 ], [ -163.35, 63.12 ], [ -163.25, 63.09 ], [ -163.12, 63.1 ], [ -163.03, 63.15 ], [ -162.96, 63.18 ], [ -162.94, 63.22 ], [ -162.87, 63.25 ], [ -162.81, 63.27 ], [ -162.74, 63.27 ], [ -162.7, 63.29 ], [ -162.44, 63.49 ], [ -162.47, 63.49 ], [ -162.55, 63.48 ], [ -162.64, 63.48 ], [ -162.68, 63.49 ], [ -162.77, 63.53 ], [ -162.83, 63.58 ], [ -162.82, 63.6 ], [ -162.68, 63.67 ], [ -162.54, 63.69 ], [ -162.48, 63.69 ], [ -162.39, 63.69 ], [ -162.3, 63.67 ], [ -162.25, 63.65 ], [ -162.22, 63.6 ], [ -161.96, 63.56 ], [ -161.9, 63.51 ], [ -161.84, 63.49 ], [ -161.69, 63.51 ], [ -161.6, 63.5 ], [ -161.51, 63.52 ], [ -161.31, 63.52 ], [ -161.27, 63.53 ], [ -161.2, 63.59 ], [ -161.14, 63.6 ], [ -161.14, 63.63 ], [ -161.1, 63.66 ], [ -161.01, 63.68 ], [ -160.89, 63.77 ], [ -160.88, 63.8 ], [ -160.94, 63.92 ], [ -161.05, 64.02 ], [ -161.07, 64.08 ], [ -161.06, 64.11 ], [ -161.08, 64.13 ], [ -161.08, 64.21 ], [ -161.09, 64.22 ], [ -161.33, 64.33 ], [ -161.41, 64.36 ], [ -161.44, 64.34 ], [ -161.49, 64.33 ], [ -161.55, 64.33 ], [ -161.59, 64.34 ], [ -162.0, 64.46 ], [ -162.31, 64.54 ], [ -162.44, 64.5 ], [ -162.47, 64.49 ], [ -162.51, 64.39 ], [ -162.56, 64.36 ], [ -162.59, 64.34 ], [ -162.63, 64.33 ], [ -162.73, 64.29 ], [ -162.8, 64.28 ], [ -163.24, 64.36 ], [ -163.32, 64.41 ], [ -163.36, 64.45 ], [ -163.54, 64.5 ], [ -163.61, 64.52 ], [ -163.75, 64.52 ], [ -163.81, 64.53 ], [ -163.85, 64.52 ], [ -163.98, 64.51 ], [ -164.18, 64.52 ], [ -164.27, 64.52 ], [ -164.36, 64.51 ], [ -164.75, 64.41 ], [ -165.03, 64.39 ], [ -165.34, 64.44 ], [ -166.08, 64.52 ], [ -166.07, 64.49 ], [ -166.1, 64.46 ], [ -166.13, 64.44 ], [ -166.21, 64.43 ], [ -166.27, 64.44 ], [ -166.35, 64.48 ], [ -166.35, 64.51 ], [ -166.33, 64.53 ], [ -166.28, 64.54 ], [ -166.49, 64.62 ], [ -166.59, 64.74 ], [ -166.58, 64.82 ], [ -166.52, 64.86 ], [ -166.52, 64.87 ], [ -166.59, 64.91 ], [ -166.76, 64.96 ], [ -166.83, 65.0 ], [ -166.82, 65.02 ], [ -166.88, 65.03 ], [ -166.98, 65.07 ], [ -167.07, 65.14 ], [ -167.08, 65.16 ], [ -167.07, 65.2 ], [ -167.01, 65.28 ], [ -166.95, 65.31 ], [ -167.07, 65.33 ], [ -167.4, 65.35 ], [ -167.61, 65.39 ], [ -167.76, 65.45 ], [ -167.9, 65.48 ], [ -167.94, 65.5 ], [ -168.0, 65.5 ], [ -168.15, 65.54 ], [ -168.22, 65.6 ], [ -168.23, 65.65 ], [ -168.2, 65.7 ], [ -168.16, 65.73 ], [ -168.08, 65.76 ], [ -167.88, 65.8 ], [ -167.52, 65.88 ], [ -167.31, 65.94 ], [ -167.18, 66.0 ], [ -166.72, 66.15 ], [ -165.78, 66.4 ], [ -165.43, 66.48 ], [ -165.14, 66.53 ], [ -164.75, 66.59 ], [ -164.46, 66.63 ], [ -164.22, 66.64 ], [ -163.9, 66.64 ], [ -163.76, 66.64 ], [ -163.63, 66.62 ], [ -162.83, 66.93 ], [ -162.88, 66.95 ], [ -163.05, 66.99 ], [ -163.34, 67.03 ], [ -163.62, 67.05 ], [ -163.78, 67.07 ], [ -163.91, 67.1 ], [ -163.99, 67.15 ], [ -164.0, 67.17 ], [ -163.96, 67.2 ], [ -163.88, 67.21 ], [ -164.0, 67.4 ], [ -164.18, 67.55 ], [ -164.28, 67.59 ], [ -164.66, 67.69 ], [ -165.5, 68.02 ], [ -165.58, 68.03 ], [ -165.68, 68.03 ], [ -165.87, 68.06 ], [ -165.97, 68.07 ], [ -166.03, 68.09 ], [ -166.1, 68.12 ], [ -166.13, 68.15 ], [ -166.18, 68.19 ], [ -166.29, 68.22 ], [ -166.36, 68.24 ], [ -166.47, 68.26 ], [ -166.65, 68.29 ], [ -166.76, 68.29 ], [ -166.86, 68.29 ], [ -166.94, 68.3 ], [ -166.97, 68.32 ], [ -166.97, 68.36 ], [ -166.91, 68.39 ], [ -166.85, 68.4 ], [ -166.5, 68.46 ], [ -166.46, 68.47 ], [ -166.44, 68.48 ], [ -166.43, 68.53 ], [ -166.37, 68.57 ], [ -166.37, 68.65 ], [ -166.33, 68.7 ], [ -166.34, 68.71 ], [ -166.33, 68.78 ], [ -166.37, 68.87 ], [ -166.35, 68.9 ], [ -166.28, 68.93 ], [ -166.2, 68.93 ], [ -165.62, 68.9 ], [ -165.36, 68.91 ], [ -164.8, 68.95 ], [ -164.64, 68.97 ], [ -164.48, 68.97 ], [ -164.28, 68.98 ], [ -164.02, 69.03 ], [ -163.93, 69.07 ], [ -163.79, 69.11 ], [ -163.65, 69.17 ], [ -163.57, 69.22 ], [ -163.38, 69.32 ], [ -163.33, 69.36 ], [ -163.29, 69.43 ], [ -163.29, 69.63 ], [ -163.21, 69.76 ], [ -163.13, 69.84 ], [ -162.82, 70.0 ], [ -162.61, 70.15 ], [ -162.47, 70.22 ], [ -161.95, 70.37 ], [ -161.87, 70.38 ], [ -161.5, 70.35 ], [ -161.32, 70.35 ], [ -161.04, 70.39 ], [ -160.91, 70.42 ], [ -160.67, 70.48 ], [ -160.41, 70.56 ], [ -160.3, 70.6 ], [ -160.24, 70.64 ], [ -160.04, 70.72 ], [ -159.88, 70.78 ], [ -159.76, 70.83 ], [ -159.6, 70.86 ], [ -159.24, 70.92 ], [ -159.08, 70.93 ], [ -158.91, 70.96 ], [ -158.73, 70.96 ], [ -158.68, 70.96 ], [ -158.62, 70.95 ], [ -158.55, 70.9 ], [ -158.45, 70.88 ], [ -158.33, 70.87 ], [ -158.17, 70.87 ], [ -157.93, 70.9 ], [ -157.82, 70.93 ], [ -157.53, 71.01 ], [ -157.35, 71.09 ], [ -157.24, 71.16 ], [ -156.94, 71.31 ], [ -156.76, 71.37 ], [ -156.64, 71.4 ], [ -156.58, 71.43 ], [ -156.49, 71.44 ], [ -156.4, 71.44 ], [ -156.29, 71.41 ], [ -156.25, 71.41 ], [ -155.93, 71.36 ], [ -155.83, 71.33 ], [ -155.76, 71.28 ], [ -155.66, 71.29 ], [ -155.46, 71.27 ], [ -155.3, 71.24 ], [ -155.15, 71.22 ], [ -155.0, 71.2 ], [ -154.82, 71.16 ], [ -154.63, 71.1 ], [ -154.5, 71.06 ], [ -154.44, 71.02 ], [ -153.9, 70.94 ], [ -153.74, 70.95 ], [ -153.51, 70.94 ], [ -153.45, 70.94 ], [ -153.27, 70.97 ], [ -153.14, 70.97 ], [ -153.05, 70.97 ], [ -153.0, 70.97 ], [ -152.94, 70.96 ], [ -152.86, 70.96 ], [ -152.82, 70.96 ], [ -152.68, 70.93 ], [ -152.51, 70.93 ], [ -152.4, 70.91 ], [ -152.34, 70.91 ], [ -152.15, 70.88 ], [ -152.08, 70.84 ], [ -152.06, 70.84 ], [ -152.05, 70.81 ], [ -151.61, 70.59 ], [ -151.55, 70.58 ], [ -151.52, 70.57 ], [ -151.5, 70.54 ], [ -151.55, 70.5 ], [ -151.55, 70.49 ], [ -151.37, 70.47 ], [ -151.31, 70.46 ], [ -151.19, 70.49 ], [ -151.04, 70.5 ], [ -150.93, 70.51 ], [ -150.87, 70.54 ], [ -150.8, 70.55 ], [ -150.65, 70.54 ], [ -150.6, 70.55 ], [ -150.5, 70.55 ], [ -150.44, 70.56 ], [ -150.35, 70.55 ], [ -150.32, 70.58 ], [ -150.24, 70.6 ], [ -150.12, 70.61 ], [ -150.03, 70.59 ], [ -149.99, 70.6 ], [ -149.93, 70.61 ], [ -149.8, 70.61 ], [ -149.72, 70.62 ], [ -149.41, 70.6 ], [ -149.09, 70.57 ], [ -148.97, 70.53 ], [ -148.79, 70.53 ], [ -148.71, 70.51 ], [ -148.65, 70.48 ], [ -148.55, 70.47 ], [ -148.49, 70.45 ], [ -148.52, 70.48 ], [ -148.51, 70.49 ], [ -148.5, 70.5 ], [ -148.42, 70.53 ], [ -148.29, 70.54 ], [ -148.23, 70.53 ], [ -148.21, 70.52 ], [ -148.17, 70.52 ], [ -148.13, 70.5 ], [ -148.1, 70.52 ], [ -148.05, 70.54 ], [ -148.0, 70.55 ], [ -147.9, 70.54 ], [ -147.82, 70.52 ], [ -147.78, 70.49 ], [ -147.78, 70.47 ], [ -147.71, 70.47 ], [ -147.65, 70.46 ], [ -147.61, 70.44 ], [ -147.56, 70.45 ], [ -147.46, 70.45 ], [ -147.37, 70.43 ], [ -147.33, 70.41 ], [ -147.28, 70.4 ], [ -147.23, 70.39 ], [ -147.18, 70.37 ], [ -147.17, 70.35 ], [ -147.1, 70.36 ], [ -146.93, 70.35 ], [ -146.84, 70.33 ], [ -146.78, 70.32 ], [ -146.75, 70.29 ], [ -146.71, 70.28 ], [ -146.61, 70.29 ], [ -146.46, 70.28 ], [ -146.38, 70.28 ], [ -146.25, 70.27 ], [ -146.21, 70.25 ], [ -146.1, 70.25 ], [ -145.98, 70.24 ], [ -145.74, 70.2 ], [ -145.56, 70.14 ], [ -145.45, 70.13 ], [ -145.37, 70.11 ], [ -145.34, 70.1 ], [ -145.28, 70.09 ], [ -145.06, 70.09 ], [ -144.99, 70.07 ], [ -144.93, 70.04 ], [ -144.84, 70.04 ], [ -144.68, 70.02 ], [ -144.53, 70.08 ], [ -144.43, 70.09 ], [ -144.37, 70.09 ], [ -144.14, 70.13 ], [ -144.06, 70.14 ], [ -144.01, 70.16 ], [ -143.94, 70.17 ], [ -143.83, 70.17 ], [ -143.58, 70.2 ], [ -143.49, 70.2 ], [ -143.41, 70.18 ], [ -143.36, 70.2 ], [ -143.23, 70.2 ], [ -143.14, 70.19 ], [ -143.1, 70.17 ], [ -143.03, 70.15 ], [ -142.86, 70.11 ], [ -142.71, 70.09 ], [ -142.48, 70.03 ], [ -142.43, 70.01 ], [ -142.35, 69.99 ], [ -142.31, 69.98 ], [ -142.06, 69.9 ], [ -141.91, 69.87 ], [ -141.68, 69.84 ], [ -141.59, 69.81 ], [ -141.38, 69.74 ], [ -141.13, 69.73 ], [ -141.0, 69.7 ], [ -141.0, 60.31 ], [ -140.52, 60.22 ], [ -140.46, 60.31 ], [ -139.98, 60.18 ], [ -139.69, 60.34 ], [ -139.07, 60.35 ], [ -139.07, 60.32 ], [ -139.2, 60.09 ], [ -139.05, 59.99 ], [ -138.71, 59.91 ], [ -138.67, 59.81 ], [ -138.63, 59.77 ], [ -137.61, 59.24 ], [ -137.5, 58.99 ], [ -137.53, 58.91 ], [ -137.45, 58.91 ], [ -137.28, 59.0 ], [ -136.97, 59.1 ], [ -136.83, 59.16 ], [ -136.58, 59.17 ], [ -136.49, 59.26 ], [ -136.5, 59.28 ], [ -136.47, 59.28 ], [ -136.48, 59.47 ], [ -136.37, 59.45 ], [ -136.31, 59.46 ], [ -136.24, 59.52 ], [ -136.24, 59.56 ], [ -136.35, 59.6 ], [ -136.19, 59.64 ], [ -135.95, 59.66 ], [ -135.48, 59.8 ], [ -135.36, 59.74 ], [ -135.23, 59.7 ], [ -135.22, 59.66 ], [ -135.16, 59.63 ], [ -135.12, 59.62 ], [ -135.03, 59.56 ], [ -135.03, 59.47 ], [ -135.08, 59.45 ], [ -135.1, 59.43 ], [ -134.99, 59.39 ], [ -135.03, 59.35 ], [ -134.96, 59.28 ], [ -134.7, 59.25 ], [ -134.68, 59.19 ], [ -134.57, 59.13 ], [ -134.48, 59.13 ], [ -134.38, 59.04 ], [ -134.41, 58.98 ], [ -134.31, 58.96 ], [ -134.34, 58.92 ], [ -134.26, 58.86 ], [ -133.84, 58.73 ], [ -133.71, 58.61 ], [ -133.56, 58.52 ], [ -133.38, 58.43 ], [ -133.46, 58.39 ], [ -133.35, 58.28 ], [ -133.17, 58.15 ], [ -133.07, 58.0 ], [ -132.87, 57.84 ], [ -132.75, 57.7 ], [ -132.66, 57.62 ], [ -132.55, 57.5 ], [ -132.37, 57.35 ], [ -132.25, 57.21 ], [ -132.37, 57.09 ], [ -132.05, 57.05 ], [ -132.12, 56.87 ], [ -131.87, 56.81 ], [ -131.9, 56.75 ], [ -131.86, 56.7 ], [ -131.84, 56.6 ], [ -131.58, 56.61 ], [ -131.47, 56.55 ], [ -131.17, 56.45 ], [ -131.09, 56.41 ], [ -130.78, 56.37 ], [ -130.62, 56.27 ], [ -130.54, 56.25 ], [ -130.47, 56.24 ], [ -130.43, 56.14 ], [ -130.35, 56.13 ], [ -130.25, 56.1 ], [ -130.1, 56.12 ], [ -130.0, 56.01 ], [ -130.02, 55.91 ], [ -130.0, 55.91 ], [ -130.08, 55.82 ], [ -130.12, 55.81 ], [ -130.15, 55.77 ], [ -130.15, 55.71 ], [ -130.11, 55.68 ], [ -130.13, 55.58 ], [ -130.09, 55.5 ], [ -130.04, 55.45 ], [ -130.02, 55.34 ], [ -129.98, 55.3 ], [ -129.97, 55.28 ], [ -130.1, 55.19 ], [ -130.18, 55.09 ], [ -130.19, 55.06 ], [ -130.27, 54.97 ], [ -130.34, 54.92 ], [ -130.57, 54.79 ], [ -130.63, 54.78 ], [ -130.66, 54.76 ], [ -130.63, 54.74 ], [ -130.65, 54.65 ], [ -130.73, 54.67 ], [ -131.2, 54.69 ], [ -132.0, 54.68 ], [ -133.65, 54.63 ], [ -133.74, 54.82 ], [ -133.79, 55.0 ], [ -133.66, 55.12 ], [ -133.61, 55.18 ], [ -133.69, 55.2 ], [ -133.71, 55.23 ], [ -133.78, 55.28 ], [ -133.78, 55.32 ], [ -133.76, 55.35 ], [ -133.77, 55.39 ], [ -133.83, 55.39 ], [ -133.87, 55.4 ], [ -133.91, 55.43 ], [ -133.9, 55.46 ], [ -133.86, 55.48 ], [ -133.8, 55.63 ], [ -133.81, 55.65 ], [ -133.87, 55.66 ], [ -133.89, 55.68 ], [ -133.88, 55.72 ], [ -133.83, 55.74 ], [ -133.85, 55.76 ], [ -133.84, 55.79 ], [ -133.94, 55.78 ], [ -134.0, 55.8 ], [ -134.01, 55.82 ], [ -134.0, 55.85 ], [ -134.03, 55.89 ], [ -134.05, 55.85 ], [ -134.19, 55.69 ], [ -134.42, 55.75 ], [ -134.57, 55.8 ], [ -134.62, 55.83 ], [ -134.65, 55.87 ], [ -134.63, 55.9 ], [ -134.6, 55.92 ], [ -134.51, 55.96 ], [ -134.49, 55.98 ], [ -134.49, 56.0 ], [ -134.67, 56.15 ], [ -134.85, 56.23 ], [ -135.86, 56.99 ], [ -136.05, 57.27 ], [ -136.41, 57.75 ], [ -136.46, 57.83 ], [ -136.62, 57.87 ] ] ], [ [ [ 179.41, 52.01 ], [ 179.43, 52.02 ], [ 179.51, 52.04 ], [ 179.54, 52.06 ], [ 179.66, 52.08 ], [ 179.77, 52.04 ], [ 179.79, 52.02 ], [ 179.85, 51.99 ], [ 179.86, 51.96 ], [ 179.83, 51.89 ], [ 179.79, 51.86 ], [ 179.74, 51.85 ], [ 179.67, 51.83 ], [ 179.62, 51.82 ], [ 179.46, 51.86 ], [ 179.39, 51.92 ], [ 179.41, 52.01 ] ] ], [ [ [ 178.56, 51.7 ], [ 178.61, 51.72 ], [ 178.7, 51.71 ], [ 178.74, 51.69 ], [ 178.77, 51.7 ], [ 178.92, 51.67 ], [ 178.97, 51.65 ], [ 179.04, 51.64 ], [ 179.08, 51.62 ], [ 179.09, 51.58 ], [ 179.17, 51.52 ], [ 179.23, 51.51 ], [ 179.29, 51.47 ], [ 179.36, 51.46 ], [ 179.37, 51.47 ], [ 179.43, 51.46 ], [ 179.48, 51.43 ], [ 179.52, 51.42 ], [ 179.58, 51.38 ], [ 179.57, 51.34 ], [ 179.51, 51.31 ], [ 179.46, 51.32 ], [ 179.4, 51.31 ], [ 179.3, 51.31 ], [ 179.26, 51.29 ], [ 179.18, 51.31 ], [ 179.15, 51.32 ], [ 179.1, 51.37 ], [ 178.97, 51.43 ], [ 178.95, 51.46 ], [ 178.9, 51.49 ], [ 178.79, 51.49 ], [ 178.74, 51.52 ], [ 178.67, 51.54 ], [ 178.55, 51.6 ], [ 178.53, 51.62 ], [ 178.56, 51.7 ] ] ], [ [ [ 178.16, 51.88 ], [ 178.2, 51.89 ], [ 178.33, 51.87 ], [ 178.43, 51.83 ], [ 178.44, 51.81 ], [ 178.49, 51.78 ], [ 178.5, 51.74 ], [ 178.47, 51.72 ], [ 178.4, 51.7 ], [ 178.3, 51.72 ], [ 178.25, 51.72 ], [ 178.21, 51.75 ], [ 178.2, 51.77 ], [ 178.14, 51.8 ], [ 178.13, 51.81 ], [ 178.12, 51.84 ], [ 178.16, 51.88 ] ] ], [ [ [ 178.02, 52.07 ], [ 178.08, 52.1 ], [ 178.16, 52.11 ], [ 178.25, 52.07 ], [ 178.27, 52.04 ], [ 178.4, 52.02 ], [ 178.47, 52.04 ], [ 178.51, 52.04 ], [ 178.62, 52.01 ], [ 178.66, 51.98 ], [ 178.67, 51.93 ], [ 178.58, 51.86 ], [ 178.5, 51.85 ], [ 178.41, 51.88 ], [ 178.37, 51.91 ], [ 178.33, 51.9 ], [ 178.26, 51.91 ], [ 178.2, 51.95 ], [ 178.14, 51.94 ], [ 178.06, 51.95 ], [ 178.02, 51.98 ], [ 178.0, 52.05 ], [ 178.02, 52.07 ] ] ], [ [ [ 177.95, 51.9 ], [ 177.97, 51.91 ], [ 178.03, 51.92 ], [ 178.07, 51.91 ], [ 178.09, 51.89 ], [ 178.1, 51.86 ], [ 178.07, 51.83 ], [ 178.0, 51.82 ], [ 177.95, 51.85 ], [ 177.93, 51.87 ], [ 177.95, 51.9 ] ] ], [ [ [ 177.32, 52.16 ], [ 177.38, 52.17 ], [ 177.44, 52.15 ], [ 177.45, 52.11 ], [ 177.4, 52.08 ], [ 177.35, 52.07 ], [ 177.29, 52.1 ], [ 177.28, 52.13 ], [ 177.32, 52.16 ] ] ], [ [ [ 177.12, 51.92 ], [ 177.17, 51.95 ], [ 177.26, 51.98 ], [ 177.32, 52.02 ], [ 177.42, 52.04 ], [ 177.43, 52.08 ], [ 177.46, 52.09 ], [ 177.47, 52.12 ], [ 177.5, 52.15 ], [ 177.59, 52.19 ], [ 177.64, 52.18 ], [ 177.7, 52.16 ], [ 177.76, 52.12 ], [ 177.76, 52.06 ], [ 177.7, 52.01 ], [ 177.74, 52.0 ], [ 177.77, 52.0 ], [ 177.81, 52.0 ], [ 177.85, 51.98 ], [ 177.87, 51.96 ], [ 177.86, 51.92 ], [ 177.82, 51.9 ], [ 177.74, 51.9 ], [ 177.69, 51.9 ], [ 177.64, 51.87 ], [ 177.6, 51.87 ], [ 177.55, 51.86 ], [ 177.46, 51.86 ], [ 177.42, 51.87 ], [ 177.42, 51.79 ], [ 177.38, 51.77 ], [ 177.35, 51.76 ], [ 177.3, 51.76 ], [ 177.2, 51.82 ], [ 177.14, 51.84 ], [ 177.12, 51.86 ], [ 177.12, 51.92 ] ] ], [ [ [ 175.78, 52.42 ], [ 175.81, 52.43 ], [ 175.84, 52.44 ], [ 175.92, 52.43 ], [ 176.03, 52.4 ], [ 176.06, 52.37 ], [ 176.06, 52.35 ], [ 176.01, 52.3 ], [ 175.9, 52.28 ], [ 175.83, 52.31 ], [ 175.77, 52.39 ], [ 175.78, 52.42 ] ] ], [ [ [ 173.8, 52.82 ], [ 173.87, 52.83 ], [ 173.99, 52.81 ], [ 174.05, 52.79 ], [ 174.13, 52.8 ], [ 174.2, 52.78 ], [ 174.23, 52.76 ], [ 174.23, 52.7 ], [ 174.21, 52.67 ], [ 174.16, 52.66 ], [ 174.02, 52.67 ], [ 173.84, 52.72 ], [ 173.79, 52.75 ], [ 173.77, 52.78 ], [ 173.8, 52.82 ] ] ], [ [ [ 173.3, 52.45 ], [ 173.34, 52.48 ], [ 173.42, 52.51 ], [ 173.48, 52.5 ], [ 173.56, 52.55 ], [ 173.61, 52.56 ], [ 173.78, 52.57 ], [ 173.8, 52.56 ], [ 173.86, 52.53 ], [ 173.84, 52.49 ], [ 173.78, 52.45 ], [ 173.81, 52.35 ], [ 173.79, 52.33 ], [ 173.75, 52.3 ], [ 173.64, 52.29 ], [ 173.53, 52.33 ], [ 173.46, 52.33 ], [ 173.32, 52.35 ], [ 173.28, 52.38 ], [ 173.27, 52.41 ], [ 173.3, 52.45 ] ] ], [ [ [ 172.38, 52.96 ], [ 172.43, 52.97 ], [ 172.53, 53.02 ], [ 172.62, 53.05 ], [ 172.76, 53.07 ], [ 172.84, 53.05 ], [ 172.91, 53.05 ], [ 172.95, 53.04 ], [ 172.99, 53.05 ], [ 173.13, 53.04 ], [ 173.22, 53.02 ], [ 173.24, 53.0 ], [ 173.28, 53.0 ], [ 173.32, 52.99 ], [ 173.37, 52.96 ], [ 173.39, 52.91 ], [ 173.43, 52.92 ], [ 173.49, 52.9 ], [ 173.57, 52.84 ], [ 173.58, 52.82 ], [ 173.53, 52.77 ], [ 173.4, 52.78 ], [ 173.42, 52.76 ], [ 173.41, 52.73 ], [ 173.4, 52.71 ], [ 173.36, 52.7 ], [ 173.31, 52.7 ], [ 173.21, 52.74 ], [ 173.1, 52.73 ], [ 173.05, 52.75 ], [ 173.04, 52.73 ], [ 172.94, 52.69 ], [ 172.9, 52.68 ], [ 172.86, 52.7 ], [ 172.81, 52.73 ], [ 172.72, 52.73 ], [ 172.59, 52.81 ], [ 172.48, 52.86 ], [ 172.42, 52.86 ], [ 172.36, 52.89 ], [ 172.35, 52.92 ], [ 172.38, 52.96 ] ] ], [ [ [ -168.11, 53.98 ], [ -168.08, 53.99 ], [ -167.99, 53.99 ], [ -167.96, 53.96 ], [ -167.96, 53.9 ], [ -168.01, 53.88 ], [ -168.07, 53.88 ], [ -168.12, 53.91 ], [ -168.14, 53.95 ], [ -168.11, 53.98 ] ] ], [ [ [ -169.86, 56.65 ], [ -169.8, 56.67 ], [ -169.62, 56.66 ], [ -169.51, 56.67 ], [ -169.44, 56.65 ], [ -169.4, 56.64 ], [ -169.38, 56.59 ], [ -169.42, 56.55 ], [ -169.48, 56.53 ], [ -169.53, 56.49 ], [ -169.58, 56.48 ], [ -169.68, 56.5 ], [ -169.73, 56.51 ], [ -169.76, 56.54 ], [ -169.8, 56.55 ], [ -169.87, 56.59 ], [ -169.88, 56.61 ], [ -169.86, 56.65 ] ] ], [ [ [ -170.04, 57.21 ], [ -170.08, 57.19 ], [ -170.08, 57.17 ], [ -170.11, 57.14 ], [ -170.22, 57.08 ], [ -170.26, 57.06 ], [ -170.31, 57.06 ], [ -170.31, 57.03 ], [ -170.35, 57.0 ], [ -170.44, 57.0 ], [ -170.49, 57.01 ], [ -170.51, 57.06 ], [ -170.47, 57.09 ], [ -170.41, 57.1 ], [ -170.47, 57.11 ], [ -170.5, 57.13 ], [ -170.52, 57.16 ], [ -170.51, 57.17 ], [ -170.52, 57.19 ], [ -170.49, 57.23 ], [ -170.44, 57.25 ], [ -170.33, 57.27 ], [ -170.26, 57.26 ], [ -170.16, 57.3 ], [ -170.07, 57.3 ], [ -170.02, 57.27 ], [ -170.03, 57.22 ], [ -170.01, 57.23 ], [ -169.94, 57.24 ], [ -169.87, 57.22 ], [ -169.85, 57.18 ], [ -169.89, 57.15 ], [ -169.97, 57.13 ], [ -170.02, 57.14 ], [ -170.05, 57.19 ], [ -170.04, 57.21 ] ] ], [ [ [ -170.21, 52.82 ], [ -170.15, 52.84 ], [ -170.19, 52.86 ], [ -170.2, 52.92 ], [ -170.12, 52.96 ], [ -170.05, 52.97 ], [ -169.96, 52.96 ], [ -169.93, 52.95 ], [ -169.91, 52.92 ], [ -169.89, 52.93 ], [ -169.82, 52.94 ], [ -169.84, 52.97 ], [ -169.83, 53.01 ], [ -169.88, 53.05 ], [ -169.87, 53.09 ], [ -169.84, 53.12 ], [ -169.79, 53.13 ], [ -169.74, 53.13 ], [ -169.69, 53.11 ], [ -169.66, 53.09 ], [ -169.61, 53.07 ], [ -169.58, 53.03 ], [ -169.58, 52.99 ], [ -169.63, 52.93 ], [ -169.59, 52.89 ], [ -169.59, 52.81 ], [ -169.59, 52.8 ], [ -169.62, 52.78 ], [ -169.63, 52.75 ], [ -169.66, 52.73 ], [ -169.7, 52.72 ], [ -169.74, 52.72 ], [ -169.82, 52.76 ], [ -169.85, 52.76 ], [ -169.9, 52.74 ], [ -169.98, 52.74 ], [ -169.98, 52.71 ], [ -170.05, 52.67 ], [ -170.09, 52.66 ], [ -170.17, 52.66 ], [ -170.25, 52.68 ], [ -170.27, 52.75 ], [ -170.21, 52.82 ] ] ], [ [ [ -170.89, 52.65 ], [ -170.77, 52.72 ], [ -170.68, 52.75 ], [ -170.63, 52.75 ], [ -170.56, 52.74 ], [ -170.51, 52.72 ], [ -170.48, 52.69 ], [ -170.47, 52.64 ], [ -170.54, 52.57 ], [ -170.58, 52.55 ], [ -170.67, 52.54 ], [ -170.74, 52.5 ], [ -170.79, 52.49 ], [ -170.89, 52.51 ], [ -170.91, 52.53 ], [ -170.93, 52.56 ], [ -170.89, 52.65 ] ] ], [ [ [ -171.37, 52.54 ], [ -171.31, 52.57 ], [ -171.25, 52.58 ], [ -171.18, 52.64 ], [ -171.09, 52.63 ], [ -171.02, 52.6 ], [ -171.03, 52.55 ], [ -171.06, 52.52 ], [ -171.11, 52.51 ], [ -171.14, 52.45 ], [ -171.21, 52.4 ], [ -171.29, 52.39 ], [ -171.36, 52.41 ], [ -171.39, 52.45 ], [ -171.39, 52.48 ], [ -171.37, 52.54 ] ] ], [ [ [ -172.7, 52.31 ], [ -172.63, 52.39 ], [ -172.46, 52.44 ], [ -172.38, 52.44 ], [ -172.27, 52.41 ], [ -172.22, 52.37 ], [ -172.21, 52.32 ], [ -172.23, 52.3 ], [ -172.38, 52.23 ], [ -172.43, 52.23 ], [ -172.51, 52.2 ], [ -172.62, 52.2 ], [ -172.68, 52.21 ], [ -172.71, 52.23 ], [ -172.72, 52.26 ], [ -172.7, 52.31 ] ] ], [ [ [ -175.2, 52.26 ], [ -175.12, 52.28 ], [ -175.05, 52.25 ], [ -175.04, 52.22 ], [ -175.08, 52.18 ], [ -175.15, 52.16 ], [ -175.21, 52.19 ], [ -175.22, 52.23 ], [ -175.2, 52.26 ] ] ], [ [ [ -175.58, 52.22 ], [ -175.53, 52.24 ], [ -175.49, 52.24 ], [ -175.42, 52.21 ], [ -175.4, 52.17 ], [ -175.45, 52.12 ], [ -175.51, 52.11 ], [ -175.56, 52.12 ], [ -175.6, 52.15 ], [ -175.61, 52.18 ], [ -175.58, 52.22 ] ] ], [ [ [ -177.51, 51.97 ], [ -177.46, 51.98 ], [ -177.36, 51.96 ], [ -177.33, 51.9 ], [ -177.35, 51.87 ], [ -177.38, 51.86 ], [ -177.43, 51.84 ], [ -177.47, 51.84 ], [ -177.53, 51.87 ], [ -177.55, 51.92 ], [ -177.51, 51.97 ] ] ], [ [ [ -178.26, 51.94 ], [ -178.23, 51.96 ], [ -178.11, 51.98 ], [ -178.06, 51.96 ], [ -178.03, 51.97 ], [ -178.0, 51.97 ], [ -177.95, 51.97 ], [ -177.89, 51.95 ], [ -177.81, 51.89 ], [ -177.77, 51.9 ], [ -177.74, 51.89 ], [ -177.61, 51.91 ], [ -177.57, 51.9 ], [ -177.53, 51.86 ], [ -177.54, 51.82 ], [ -177.56, 51.8 ], [ -177.54, 51.79 ], [ -177.45, 51.81 ], [ -177.41, 51.84 ], [ -177.31, 51.84 ], [ -177.28, 51.86 ], [ -177.28, 51.91 ], [ -177.27, 51.96 ], [ -177.21, 51.99 ], [ -177.15, 52.0 ], [ -177.02, 51.97 ], [ -176.97, 51.92 ], [ -176.97, 51.86 ], [ -176.91, 51.89 ], [ -176.88, 51.96 ], [ -176.83, 52.01 ], [ -176.74, 52.02 ], [ -176.69, 52.02 ], [ -176.66, 52.04 ], [ -176.6, 52.06 ], [ -176.54, 52.05 ], [ -176.49, 52.03 ], [ -176.47, 51.96 ], [ -176.45, 51.93 ], [ -176.45, 51.91 ], [ -176.33, 51.92 ], [ -176.27, 51.92 ], [ -176.24, 51.93 ], [ -176.25, 51.97 ], [ -176.29, 52.05 ], [ -176.29, 52.09 ], [ -176.22, 52.15 ], [ -176.15, 52.17 ], [ -176.08, 52.16 ], [ -176.04, 52.16 ], [ -175.99, 52.15 ], [ -175.93, 52.09 ], [ -175.85, 52.1 ], [ -175.83, 52.09 ], [ -175.81, 52.04 ], [ -175.74, 52.02 ], [ -175.71, 52.03 ], [ -175.55, 52.01 ], [ -175.47, 52.04 ], [ -175.41, 52.04 ], [ -175.38, 52.06 ], [ -175.3, 52.09 ], [ -175.23, 52.09 ], [ -175.16, 52.11 ], [ -175.1, 52.11 ], [ -175.06, 52.14 ], [ -174.99, 52.14 ], [ -174.93, 52.16 ], [ -174.87, 52.17 ], [ -174.85, 52.16 ], [ -174.83, 52.16 ], [ -174.79, 52.15 ], [ -174.73, 52.17 ], [ -174.67, 52.23 ], [ -174.62, 52.23 ], [ -174.59, 52.23 ], [ -174.55, 52.26 ], [ -174.49, 52.27 ], [ -174.54, 52.32 ], [ -174.52, 52.35 ], [ -174.49, 52.37 ], [ -174.41, 52.38 ], [ -174.39, 52.41 ], [ -174.31, 52.46 ], [ -174.25, 52.45 ], [ -174.16, 52.47 ], [ -174.11, 52.47 ], [ -174.07, 52.44 ], [ -174.03, 52.44 ], [ -173.94, 52.4 ], [ -173.92, 52.38 ], [ -173.9, 52.29 ], [ -173.98, 52.21 ], [ -173.99, 52.18 ], [ -173.94, 52.18 ], [ -173.87, 52.2 ], [ -173.73, 52.18 ], [ -173.6, 52.21 ], [ -173.57, 52.2 ], [ -173.51, 52.21 ], [ -173.46, 52.19 ], [ -173.44, 52.17 ], [ -173.34, 52.17 ], [ -173.31, 52.16 ], [ -173.15, 52.16 ], [ -172.94, 52.15 ], [ -172.89, 52.16 ], [ -172.84, 52.14 ], [ -172.82, 52.1 ], [ -172.84, 52.07 ], [ -172.92, 52.02 ], [ -173.07, 52.03 ], [ -173.09, 51.97 ], [ -173.1, 51.96 ], [ -173.15, 51.95 ], [ -173.18, 51.95 ], [ -173.22, 51.97 ], [ -173.24, 52.01 ], [ -173.3, 52.01 ], [ -173.36, 51.98 ], [ -173.43, 51.98 ], [ -173.52, 51.97 ], [ -173.58, 51.98 ], [ -173.64, 52.0 ], [ -173.71, 52.01 ], [ -173.73, 52.0 ], [ -173.77, 52.0 ], [ -173.82, 51.99 ], [ -173.85, 51.99 ], [ -173.97, 52.01 ], [ -174.05, 52.06 ], [ -174.15, 52.04 ], [ -174.25, 52.04 ], [ -174.28, 52.05 ], [ -174.31, 52.04 ], [ -174.35, 51.98 ], [ -174.48, 51.95 ], [ -174.55, 51.96 ], [ -174.59, 51.98 ], [ -174.69, 51.96 ], [ -174.75, 51.96 ], [ -174.86, 51.98 ], [ -174.87, 51.99 ], [ -175.0, 51.95 ], [ -175.06, 51.95 ], [ -175.24, 51.96 ], [ -175.31, 51.95 ], [ -175.35, 51.96 ], [ -175.41, 51.93 ], [ -175.47, 51.92 ], [ -175.51, 51.93 ], [ -175.53, 51.92 ], [ -175.59, 51.9 ], [ -175.64, 51.91 ], [ -175.71, 51.87 ], [ -175.75, 51.86 ], [ -175.81, 51.87 ], [ -175.8, 51.84 ], [ -175.83, 51.81 ], [ -175.85, 51.8 ], [ -175.91, 51.8 ], [ -175.93, 51.78 ], [ -175.96, 51.76 ], [ -176.0, 51.75 ], [ -176.04, 51.76 ], [ -176.13, 51.72 ], [ -176.16, 51.72 ], [ -176.21, 51.73 ], [ -176.26, 51.7 ], [ -176.34, 51.68 ], [ -176.4, 51.68 ], [ -176.46, 51.68 ], [ -176.7, 51.58 ], [ -176.75, 51.58 ], [ -176.8, 51.56 ], [ -176.86, 51.57 ], [ -176.89, 51.55 ], [ -176.94, 51.54 ], [ -177.0, 51.55 ], [ -177.04, 51.57 ], [ -177.07, 51.59 ], [ -177.07, 51.62 ], [ -177.05, 51.69 ], [ -176.97, 51.74 ], [ -177.0, 51.79 ], [ -176.98, 51.83 ], [ -177.04, 51.81 ], [ -177.03, 51.77 ], [ -177.03, 51.73 ], [ -177.08, 51.67 ], [ -177.13, 51.65 ], [ -177.28, 51.63 ], [ -177.37, 51.64 ], [ -177.4, 51.67 ], [ -177.45, 51.64 ], [ -177.51, 51.63 ], [ -177.55, 51.64 ], [ -177.58, 51.61 ], [ -177.66, 51.6 ], [ -177.73, 51.61 ], [ -177.75, 51.64 ], [ -177.78, 51.65 ], [ -177.82, 51.63 ], [ -177.82, 51.6 ], [ -177.83, 51.57 ], [ -177.9, 51.54 ], [ -177.97, 51.55 ], [ -178.01, 51.58 ], [ -178.05, 51.58 ], [ -178.09, 51.6 ], [ -178.13, 51.61 ], [ -178.19, 51.63 ], [ -178.21, 51.68 ], [ -178.19, 51.72 ], [ -178.16, 51.75 ], [ -178.13, 51.76 ], [ -178.16, 51.78 ], [ -178.27, 51.82 ], [ -178.31, 51.86 ], [ -178.31, 51.88 ], [ -178.26, 51.94 ] ] ], [ [ [ -178.42, 51.51 ], [ -178.39, 51.53 ], [ -178.28, 51.54 ], [ -178.24, 51.53 ], [ -178.2, 51.5 ], [ -178.19, 51.48 ], [ -178.19, 51.46 ], [ -178.22, 51.43 ], [ -178.3, 51.42 ], [ -178.39, 51.44 ], [ -178.42, 51.46 ], [ -178.43, 51.49 ], [ -178.42, 51.51 ] ] ], [ [ [ -178.94, 51.83 ], [ -178.92, 51.86 ], [ -178.84, 51.89 ], [ -178.77, 51.89 ], [ -178.72, 51.87 ], [ -178.69, 51.85 ], [ -178.65, 51.8 ], [ -178.66, 51.75 ], [ -178.7, 51.72 ], [ -178.8, 51.69 ], [ -178.83, 51.69 ], [ -178.87, 51.71 ], [ -178.94, 51.75 ], [ -178.96, 51.78 ], [ -178.94, 51.83 ] ] ], [ [ [ -179.15, 51.6 ], [ -179.12, 51.63 ], [ -179.08, 51.64 ], [ -179.04, 51.64 ], [ -179.0, 51.63 ], [ -178.95, 51.59 ], [ -178.89, 51.63 ], [ -178.84, 51.64 ], [ -178.77, 51.62 ], [ -178.73, 51.65 ], [ -178.63, 51.67 ], [ -178.56, 51.66 ], [ -178.5, 51.63 ], [ -178.47, 51.63 ], [ -178.44, 51.61 ], [ -178.42, 51.59 ], [ -178.44, 51.55 ], [ -178.55, 51.51 ], [ -178.6, 51.51 ], [ -178.64, 51.52 ], [ -178.71, 51.49 ], [ -178.8, 51.49 ], [ -178.84, 51.49 ], [ -178.9, 51.52 ], [ -178.95, 51.56 ], [ -178.97, 51.54 ], [ -179.0, 51.52 ], [ -179.07, 51.51 ], [ -179.1, 51.51 ], [ -179.14, 51.54 ], [ -179.15, 51.6 ] ] ], [ [ [ -179.2, 51.33 ], [ -179.15, 51.35 ], [ -179.11, 51.35 ], [ -179.09, 51.39 ], [ -179.03, 51.44 ], [ -178.99, 51.46 ], [ -178.91, 51.44 ], [ -178.86, 51.42 ], [ -178.84, 51.39 ], [ -178.82, 51.36 ], [ -178.83, 51.32 ], [ -178.92, 51.27 ], [ -178.98, 51.26 ], [ -179.07, 51.18 ], [ -179.14, 51.18 ], [ -179.18, 51.18 ], [ -179.22, 51.23 ], [ -179.23, 51.28 ], [ -179.2, 51.33 ] ] ], [ [ [ -159.89, 54.85 ], [ -159.85, 54.86 ], [ -159.73, 54.89 ], [ -159.64, 54.87 ], [ -159.6, 54.88 ], [ -159.56, 54.88 ], [ -159.44, 54.82 ], [ -159.42, 54.78 ], [ -159.44, 54.74 ], [ -159.47, 54.72 ], [ -159.55, 54.7 ], [ -159.65, 54.72 ], [ -159.69, 54.77 ], [ -159.77, 54.74 ], [ -159.84, 54.75 ], [ -159.9, 54.79 ], [ -159.91, 54.81 ], [ -159.89, 54.85 ] ] ], [ [ [ -162.77, 54.85 ], [ -162.73, 54.86 ], [ -162.67, 54.84 ], [ -162.64, 54.8 ], [ -162.68, 54.76 ], [ -162.74, 54.75 ], [ -162.8, 54.78 ], [ -162.82, 54.81 ], [ -162.77, 54.85 ] ] ], [ [ [ -163.0, 54.41 ], [ -162.96, 54.43 ], [ -162.96, 54.45 ], [ -162.94, 54.48 ], [ -162.94, 54.52 ], [ -162.91, 54.54 ], [ -162.86, 54.55 ], [ -162.73, 54.53 ], [ -162.69, 54.53 ], [ -162.61, 54.5 ], [ -162.58, 54.51 ], [ -162.51, 54.48 ], [ -162.44, 54.48 ], [ -162.41, 54.46 ], [ -162.4, 54.46 ], [ -162.35, 54.46 ], [ -162.25, 54.4 ], [ -162.24, 54.37 ], [ -162.25, 54.35 ], [ -162.28, 54.33 ], [ -162.36, 54.33 ], [ -162.43, 54.3 ], [ -162.49, 54.29 ], [ -162.55, 54.25 ], [ -162.59, 54.24 ], [ -162.62, 54.25 ], [ -162.7, 54.24 ], [ -162.75, 54.25 ], [ -162.78, 54.29 ], [ -162.88, 54.34 ], [ -162.92, 54.33 ], [ -162.95, 54.33 ], [ -162.98, 54.34 ], [ -163.0, 54.35 ], [ -163.01, 54.39 ], [ -163.0, 54.41 ] ] ], [ [ [ -163.25, 55.45 ], [ -163.27, 55.48 ], [ -163.26, 55.51 ], [ -163.23, 55.52 ], [ -163.17, 55.53 ], [ -163.14, 55.53 ], [ -163.08, 55.49 ], [ -163.03, 55.44 ], [ -163.03, 55.42 ], [ -163.07, 55.36 ], [ -163.15, 55.34 ], [ -163.2, 55.35 ], [ -163.25, 55.37 ], [ -163.27, 55.43 ], [ -163.25, 55.45 ] ] ], [ [ [ -165.92, 53.85 ], [ -165.93, 53.82 ], [ -165.98, 53.77 ], [ -166.05, 53.75 ], [ -166.08, 53.73 ], [ -166.1, 53.7 ], [ -166.17, 53.66 ], [ -166.38, 53.6 ], [ -166.52, 53.49 ], [ -166.58, 53.47 ], [ -166.59, 53.46 ], [ -166.7, 53.4 ], [ -166.8, 53.38 ], [ -166.88, 53.38 ], [ -166.93, 53.39 ], [ -166.99, 53.37 ], [ -167.04, 53.38 ], [ -167.11, 53.37 ], [ -167.22, 53.33 ], [ -167.26, 53.29 ], [ -167.33, 53.27 ], [ -167.36, 53.28 ], [ -167.4, 53.26 ], [ -167.45, 53.21 ], [ -167.52, 53.19 ], [ -167.59, 53.17 ], [ -167.67, 53.17 ], [ -167.77, 53.18 ], [ -167.87, 53.21 ], [ -168.01, 53.22 ], [ -168.04, 53.24 ], [ -168.07, 53.23 ], [ -168.13, 53.22 ], [ -168.16, 53.2 ], [ -168.15, 53.19 ], [ -168.17, 53.16 ], [ -168.22, 53.14 ], [ -168.26, 53.14 ], [ -168.3, 53.1 ], [ -168.33, 53.08 ], [ -168.32, 53.05 ], [ -168.34, 53.03 ], [ -168.31, 52.99 ], [ -168.35, 52.95 ], [ -168.43, 52.92 ], [ -168.48, 52.92 ], [ -168.52, 52.93 ], [ -168.56, 52.96 ], [ -168.6, 52.94 ], [ -168.61, 52.92 ], [ -168.68, 52.89 ], [ -168.69, 52.88 ], [ -168.74, 52.85 ], [ -168.83, 52.86 ], [ -168.88, 52.83 ], [ -168.98, 52.81 ], [ -169.01, 52.79 ], [ -169.08, 52.78 ], [ -169.14, 52.74 ], [ -169.19, 52.72 ], [ -169.23, 52.71 ], [ -169.27, 52.72 ], [ -169.32, 52.74 ], [ -169.32, 52.78 ], [ -169.29, 52.81 ], [ -169.19, 52.85 ], [ -169.23, 52.86 ], [ -169.26, 52.88 ], [ -169.26, 52.91 ], [ -169.23, 52.95 ], [ -169.2, 52.96 ], [ -169.11, 52.96 ], [ -169.07, 52.98 ], [ -169.0, 52.98 ], [ -169.0, 53.01 ], [ -168.97, 53.05 ], [ -168.87, 53.08 ], [ -168.89, 53.11 ], [ -168.88, 53.15 ], [ -168.82, 53.22 ], [ -168.74, 53.27 ], [ -168.7, 53.28 ], [ -168.69, 53.3 ], [ -168.67, 53.32 ], [ -168.5, 53.36 ], [ -168.48, 53.38 ], [ -168.5, 53.42 ], [ -168.48, 53.45 ], [ -168.43, 53.49 ], [ -168.42, 53.51 ], [ -168.32, 53.54 ], [ -168.28, 53.57 ], [ -168.08, 53.62 ], [ -168.04, 53.61 ], [ -167.95, 53.61 ], [ -167.88, 53.57 ], [ -167.76, 53.57 ], [ -167.72, 53.55 ], [ -167.7, 53.51 ], [ -167.71, 53.47 ], [ -167.76, 53.43 ], [ -167.75, 53.42 ], [ -167.73, 53.43 ], [ -167.65, 53.44 ], [ -167.61, 53.46 ], [ -167.56, 53.47 ], [ -167.5, 53.5 ], [ -167.42, 53.5 ], [ -167.41, 53.52 ], [ -167.36, 53.54 ], [ -167.3, 53.54 ], [ -167.23, 53.57 ], [ -167.24, 53.63 ], [ -167.22, 53.66 ], [ -167.16, 53.68 ], [ -167.14, 53.71 ], [ -167.16, 53.77 ], [ -167.23, 53.81 ], [ -167.24, 53.85 ], [ -167.23, 53.89 ], [ -167.18, 53.91 ], [ -167.16, 53.95 ], [ -167.1, 53.98 ], [ -167.05, 54.01 ], [ -166.94, 54.03 ], [ -166.91, 54.04 ], [ -166.82, 54.05 ], [ -166.79, 54.07 ], [ -166.76, 54.07 ], [ -166.51, 54.06 ], [ -166.35, 54.06 ], [ -166.31, 54.05 ], [ -166.29, 54.03 ], [ -166.24, 54.03 ], [ -166.21, 54.05 ], [ -166.14, 54.05 ], [ -166.14, 54.06 ], [ -166.2, 54.1 ], [ -166.2, 54.12 ], [ -166.17, 54.2 ], [ -166.14, 54.21 ], [ -166.03, 54.26 ], [ -165.94, 54.28 ], [ -165.77, 54.24 ], [ -165.73, 54.31 ], [ -165.7, 54.33 ], [ -165.66, 54.35 ], [ -165.58, 54.34 ], [ -165.54, 54.35 ], [ -165.46, 54.35 ], [ -165.41, 54.33 ], [ -165.39, 54.29 ], [ -165.35, 54.25 ], [ -165.26, 54.24 ], [ -165.23, 54.22 ], [ -165.24, 54.18 ], [ -165.32, 54.14 ], [ -165.27, 54.14 ], [ -165.24, 54.16 ], [ -165.15, 54.18 ], [ -165.07, 54.18 ], [ -165.03, 54.21 ], [ -164.97, 54.21 ], [ -164.91, 54.25 ], [ -164.81, 54.28 ], [ -164.73, 54.27 ], [ -164.69, 54.25 ], [ -164.68, 54.22 ], [ -164.69, 54.18 ], [ -164.78, 54.14 ], [ -164.82, 54.13 ], [ -164.88, 54.04 ], [ -164.92, 54.03 ], [ -165.03, 54.01 ], [ -165.18, 54.02 ], [ -165.27, 53.98 ], [ -165.3, 53.98 ], [ -165.38, 54.02 ], [ -165.4, 54.02 ], [ -165.47, 53.99 ], [ -165.56, 53.97 ], [ -165.61, 53.98 ], [ -165.66, 54.04 ], [ -165.7, 54.03 ], [ -165.75, 54.02 ], [ -165.79, 54.02 ], [ -165.83, 53.98 ], [ -165.89, 53.97 ], [ -165.96, 53.92 ], [ -165.92, 53.85 ] ] ], [ [ [ -152.44, 58.95 ], [ -152.44, 58.97 ], [ -152.41, 58.99 ], [ -152.32, 59.01 ], [ -152.25, 58.99 ], [ -152.19, 59.02 ], [ -152.15, 59.02 ], [ -152.08, 59.01 ], [ -152.06, 59.01 ], [ -152.02, 59.01 ], [ -151.94, 58.99 ], [ -151.87, 58.95 ], [ -151.85, 58.92 ], [ -151.88, 58.88 ], [ -151.94, 58.87 ], [ -151.96, 58.84 ], [ -152.02, 58.83 ], [ -152.07, 58.83 ], [ -152.13, 58.86 ], [ -152.2, 58.84 ], [ -152.25, 58.84 ], [ -152.31, 58.82 ], [ -152.36, 58.82 ], [ -152.4, 58.84 ], [ -152.43, 58.87 ], [ -152.45, 58.88 ], [ -152.47, 58.91 ], [ -152.44, 58.95 ] ] ], [ [ [ -154.91, 57.34 ], [ -154.92, 57.35 ], [ -154.89, 57.38 ], [ -154.82, 57.41 ], [ -154.79, 57.46 ], [ -154.75, 57.49 ], [ -154.72, 57.53 ], [ -154.63, 57.57 ], [ -154.62, 57.59 ], [ -154.59, 57.61 ], [ -154.51, 57.63 ], [ -154.48, 57.63 ], [ -154.41, 57.69 ], [ -154.33, 57.69 ], [ -154.27, 57.72 ], [ -154.24, 57.72 ], [ -154.13, 57.77 ], [ -153.98, 57.86 ], [ -153.92, 57.92 ], [ -153.87, 57.93 ], [ -153.79, 57.92 ], [ -153.74, 57.94 ], [ -153.55, 58.0 ], [ -153.48, 58.02 ], [ -153.5, 58.04 ], [ -153.51, 58.07 ], [ -153.47, 58.11 ], [ -153.37, 58.18 ], [ -153.31, 58.19 ], [ -153.27, 58.24 ], [ -153.2, 58.27 ], [ -152.92, 58.47 ], [ -152.88, 58.49 ], [ -152.85, 58.53 ], [ -152.78, 58.55 ], [ -152.77, 58.59 ], [ -152.72, 58.64 ], [ -152.61, 58.69 ], [ -152.55, 58.74 ], [ -152.47, 58.76 ], [ -152.43, 58.75 ], [ -152.39, 58.73 ], [ -152.38, 58.69 ], [ -152.34, 58.7 ], [ -152.31, 58.7 ], [ -152.25, 58.68 ], [ -152.19, 58.62 ], [ -152.18, 58.57 ], [ -152.11, 58.56 ], [ -152.07, 58.53 ], [ -152.06, 58.5 ], [ -152.08, 58.48 ], [ -152.12, 58.46 ], [ -152.18, 58.46 ], [ -152.18, 58.45 ], [ -152.07, 58.44 ], [ -152.02, 58.41 ], [ -151.93, 58.39 ], [ -151.9, 58.37 ], [ -151.85, 58.39 ], [ -151.79, 58.4 ], [ -151.75, 58.39 ], [ -151.71, 58.37 ], [ -151.71, 58.33 ], [ -151.76, 58.3 ], [ -151.71, 58.27 ], [ -151.69, 58.24 ], [ -151.72, 58.18 ], [ -151.78, 58.13 ], [ -151.84, 58.11 ], [ -151.88, 58.11 ], [ -151.93, 58.13 ], [ -151.97, 58.15 ], [ -152.06, 58.1 ], [ -152.26, 58.07 ], [ -152.31, 58.05 ], [ -152.45, 58.06 ], [ -152.47, 58.05 ], [ -152.41, 58.04 ], [ -152.33, 58.0 ], [ -152.31, 57.98 ], [ -152.27, 57.97 ], [ -152.24, 57.95 ], [ -152.22, 57.93 ], [ -152.26, 57.87 ], [ -152.18, 57.85 ], [ -152.14, 57.83 ], [ -152.08, 57.69 ], [ -152.03, 57.65 ], [ -152.03, 57.63 ], [ -152.06, 57.57 ], [ -152.22, 57.48 ], [ -152.22, 57.44 ], [ -152.16, 57.41 ], [ -152.16, 57.38 ], [ -152.19, 57.35 ], [ -152.26, 57.32 ], [ -152.34, 57.32 ], [ -152.38, 57.34 ], [ -152.4, 57.36 ], [ -152.4, 57.38 ], [ -152.42, 57.38 ], [ -152.53, 57.33 ], [ -152.54, 57.3 ], [ -152.64, 57.24 ], [ -152.7, 57.22 ], [ -152.84, 57.22 ], [ -152.79, 57.19 ], [ -152.77, 57.16 ], [ -152.79, 57.12 ], [ -152.83, 57.09 ], [ -152.9, 57.07 ], [ -153.0, 57.06 ], [ -153.1, 57.04 ], [ -153.12, 57.0 ], [ -153.17, 56.97 ], [ -153.21, 56.95 ], [ -153.32, 56.94 ], [ -153.4, 56.95 ], [ -153.45, 56.97 ], [ -153.48, 56.94 ], [ -153.45, 56.93 ], [ -153.45, 56.9 ], [ -153.49, 56.86 ], [ -153.54, 56.84 ], [ -153.62, 56.83 ], [ -153.65, 56.8 ], [ -153.69, 56.79 ], [ -153.76, 56.78 ], [ -153.75, 56.75 ], [ -153.8, 56.69 ], [ -153.89, 56.67 ], [ -153.92, 56.64 ], [ -153.96, 56.63 ], [ -154.0, 56.63 ], [ -153.98, 56.61 ], [ -153.84, 56.62 ], [ -153.79, 56.61 ], [ -153.76, 56.59 ], [ -153.76, 56.56 ], [ -153.81, 56.51 ], [ -153.9, 56.46 ], [ -153.94, 56.45 ], [ -154.06, 56.45 ], [ -154.15, 56.46 ], [ -154.23, 56.44 ], [ -154.34, 56.46 ], [ -154.38, 56.45 ], [ -154.43, 56.44 ], [ -154.5, 56.46 ], [ -154.58, 56.43 ], [ -154.66, 56.37 ], [ -154.73, 56.36 ], [ -154.79, 56.36 ], [ -154.86, 56.38 ], [ -154.89, 56.41 ], [ -154.89, 56.44 ], [ -154.81, 56.52 ], [ -154.76, 56.56 ], [ -154.54, 56.66 ], [ -154.43, 56.65 ], [ -154.35, 56.63 ], [ -154.24, 56.67 ], [ -154.24, 56.69 ], [ -154.22, 56.72 ], [ -154.39, 56.83 ], [ -154.39, 56.9 ], [ -154.44, 56.92 ], [ -154.58, 56.95 ], [ -154.61, 56.97 ], [ -154.63, 57.0 ], [ -154.6, 57.04 ], [ -154.62, 57.16 ], [ -154.68, 57.2 ], [ -154.69, 57.21 ], [ -154.77, 57.21 ], [ -154.83, 57.23 ], [ -154.91, 57.27 ], [ -154.93, 57.29 ], [ -154.91, 57.34 ] ] ], [ [ [ -155.8, 55.84 ], [ -155.75, 55.85 ], [ -155.68, 55.91 ], [ -155.63, 55.93 ], [ -155.58, 55.93 ], [ -155.47, 55.91 ], [ -155.45, 55.88 ], [ -155.49, 55.82 ], [ -155.47, 55.74 ], [ -155.53, 55.71 ], [ -155.58, 55.7 ], [ -155.72, 55.71 ], [ -155.79, 55.73 ], [ -155.83, 55.76 ], [ -155.84, 55.8 ], [ -155.8, 55.84 ] ] ], [ [ [ -156.88, 56.23 ], [ -156.84, 56.27 ], [ -156.77, 56.28 ], [ -156.73, 56.27 ], [ -156.69, 56.26 ], [ -156.65, 56.2 ], [ -156.65, 56.17 ], [ -156.68, 56.15 ], [ -156.61, 56.13 ], [ -156.55, 56.08 ], [ -156.55, 56.03 ], [ -156.65, 55.96 ], [ -156.76, 55.95 ], [ -156.82, 55.97 ], [ -156.83, 55.98 ], [ -156.83, 56.01 ], [ -156.85, 56.03 ], [ -156.82, 56.07 ], [ -156.82, 56.1 ], [ -156.88, 56.12 ], [ -156.9, 56.17 ], [ -156.88, 56.23 ] ] ] ] } },
{ "type": "Feature", "properties": { "GEOIDFQ": "0400000US60", "NAME": "American Samoa" }, "geometry": { "type": "MultiPolygon", "coordinates": [ [ [ [ -168.2, -14.49 ], [ -168.15, -14.48 ], [ -168.12, -14.5 ], [ -168.1, -14.55 ], [ -168.13, -14.6 ], [ -168.17, -14.6 ], [ -168.21, -14.59 ], [ -168.23, -14.54 ], [ -168.2, -14.49 ] ] ], [ [ [ -171.11, -11.0 ], [ -171.04, -11.0 ], [ -171.01, -11.02 ], [ -171.01, -11.08 ], [ -171.03, -11.11 ], [ -171.1, -11.11 ], [ -171.13, -11.09 ], [ -171.14, -11.05 ], [ -171.11, -11.0 ] ] ], [ [ [ -169.48, -14.32 ], [ -169.51, -14.31 ], [ -169.56, -14.26 ], [ -169.57, -14.22 ], [ -169.61, -14.24 ], [ -169.68, -14.23 ], [ -169.72, -14.19 ], [ -169.72, -14.14 ], [ -169.68, -14.11 ], [ -169.6, -14.11 ], [ -169.56, -14.12 ], [ -169.55, -14.18 ], [ -169.5, -14.17 ], [ -169.39, -14.17 ], [ -169.37, -14.2 ], [ -169.37, -14.28 ], [ -169.4, -14.31 ], [ -169.48, -14.32 ] ] ], [ [ [ -170.64, -14.34 ], [ -170.66, -14.37 ], [ -170.74, -14.42 ], [ -170.77, -14.41 ], [ -170.82, -14.37 ], [ -170.87, -14.36 ], [ -170.89, -14.32 ], [ -170.84, -14.26 ], [ -170.75, -14.24 ], [ -170.69, -14.18 ], [ -170.66, -14.18 ], [ -170.6, -14.2 ], [ -170.54, -14.2 ], [ -170.51, -14.23 ], [ -170.49, -14.3 ], [ -170.51, -14.33 ], [ -170.64, -14.34 ] ] ] ] } },
{ "type": "Feature", "properties": { "GEOIDFQ": "0400000US50", "NAME": "Vermont" }, "geometry": { "type": "MultiPolygon", "coordinates": [ [ [ [ -72.03, 44.13 ], [ -72.06, 44.11 ], [ -72.05, 44.1 ], [ -72.03, 44.1 ], [ -72.05, 44.09 ], [ -72.03, 44.08 ], [ -72.05, 44.08 ], [ -72.08, 44.02 ], [ -72.1, 44.02 ], [ -72.09, 44.01 ], [ -72.1, 44.01 ], [ -72.12, 43.99 ], [ -72.11, 43.97 ], [ -72.09, 43.97 ], [ -72.12, 43.95 ], [ -72.12, 43.92 ], [ -72.18, 43.86 ], [ -72.18, 43.81 ], [ -72.21, 43.77 ], [ -72.3, 43.71 ], [ -72.3, 43.67 ], [ -72.33, 43.62 ], [ -72.33, 43.6 ], [ -72.38, 43.57 ], [ -72.38, 43.54 ], [ -72.4, 43.52 ], [ -72.38, 43.49 ], [ -72.42, 43.38 ], [ -72.41, 43.36 ], [ -72.39, 43.36 ], [ -72.41, 43.33 ], [ -72.4, 43.31 ], [ -72.44, 43.25 ], [ -72.44, 43.2 ], [ -72.46, 43.15 ], [ -72.43, 43.12 ], [ -72.44, 43.1 ], [ -72.43, 43.08 ], [ -72.47, 43.05 ], [ -72.44, 43.01 ], [ -72.47, 42.97 ], [ -72.53, 42.95 ], [ -72.52, 42.92 ], [ -72.55, 42.89 ], [ -72.56, 42.85 ], [ -72.54, 42.81 ], [ -72.51, 42.78 ], [ -72.52, 42.77 ], [ -72.49, 42.77 ], [ -72.46, 42.73 ], [ -73.28, 42.75 ], [ -73.29, 42.8 ], [ -73.28, 42.84 ], [ -73.24, 43.53 ], [ -73.26, 43.56 ], [ -73.3, 43.58 ], [ -73.29, 43.6 ], [ -73.31, 43.63 ], [ -73.37, 43.62 ], [ -73.4, 43.57 ], [ -73.43, 43.59 ], [ -73.42, 43.62 ], [ -73.43, 43.64 ], [ -73.35, 43.77 ], [ -73.39, 43.82 ], [ -73.37, 43.85 ], [ -73.38, 43.86 ], [ -73.37, 43.88 ], [ -73.41, 43.93 ], [ -73.41, 44.02 ], [ -73.44, 44.05 ], [ -73.39, 44.19 ], [ -73.34, 44.24 ], [ -73.32, 44.24 ], [ -73.31, 44.27 ], [ -73.33, 44.36 ], [ -73.29, 44.44 ], [ -73.31, 44.5 ], [ -73.34, 44.55 ], [ -73.37, 44.58 ], [ -73.39, 44.62 ], [ -73.36, 44.69 ], [ -73.37, 44.74 ], [ -73.33, 44.79 ], [ -73.34, 44.8 ], [ -73.38, 44.85 ], [ -73.34, 44.92 ], [ -73.34, 44.96 ], [ -73.35, 44.99 ], [ -73.34, 45.01 ], [ -72.85, 45.02 ], [ -72.31, 45.0 ], [ -71.51, 45.01 ], [ -71.54, 44.99 ], [ -71.54, 44.98 ], [ -71.52, 44.96 ], [ -71.52, 44.94 ], [ -71.49, 44.9 ], [ -71.55, 44.86 ], [ -71.55, 44.84 ], [ -71.58, 44.82 ], [ -71.57, 44.79 ], [ -71.63, 44.75 ], [ -71.63, 44.73 ], [ -71.59, 44.7 ], [ -71.6, 44.68 ], [ -71.58, 44.67 ], [ -71.59, 44.66 ], [ -71.56, 44.65 ], [ -71.56, 44.64 ], [ -71.56, 44.63 ], [ -71.56, 44.6 ], [ -71.53, 44.59 ], [ -71.55, 44.58 ], [ -71.55, 44.57 ], [ -71.56, 44.56 ], [ -71.6, 44.56 ], [ -71.57, 44.54 ], [ -71.59, 44.52 ], [ -71.59, 44.51 ], [ -71.6, 44.49 ], [ -71.62, 44.49 ], [ -71.63, 44.48 ], [ -71.66, 44.44 ], [ -71.7, 44.41 ], [ -71.79, 44.4 ], [ -71.81, 44.38 ], [ -71.82, 44.35 ], [ -71.87, 44.34 ], [ -71.91, 44.35 ], [ -71.93, 44.34 ], [ -71.98, 44.34 ], [ -72.03, 44.32 ], [ -72.03, 44.3 ], [ -72.07, 44.27 ], [ -72.05, 44.24 ], [ -72.07, 44.19 ], [ -72.03, 44.13 ] ] ], [ [ [ -71.47, 45.01 ], [ -71.48, 45.0 ], [ -71.51, 45.01 ], [ -71.47, 45.01 ] ] ] ] } },
{ "type": "Feature", "properties": { "GEOIDFQ": "0400000US09", "NAME": "Connecticut" }, "geometry": { "type": "Polygon", "coordinates": [ [ [ -73.0, 41.09 ], [ -73.61, 40.95 ], [ -73.66, 40.98 ], [ -73.66, 41.01 ], [ -73.73, 41.1 ], [ -73.48, 41.21 ], [ -73.55, 41.3 ], [ -73.49, 42.05 ], [ -72.81, 42.04 ], [ -72.82, 42.0 ], [ -72.77, 42.0 ], [ -72.76, 42.04 ], [ -72.58, 42.02 ], [ -72.53, 42.03 ], [ -71.8, 42.02 ], [ -71.79, 41.62 ], [ -71.8, 41.42 ], [ -71.82, 41.42 ], [ -71.84, 41.41 ], [ -71.83, 41.34 ], [ -71.86, 41.32 ], [ -71.89, 41.33 ], [ -71.91, 41.3 ], [ -71.93, 41.31 ], [ -72.0, 41.3 ], [ -72.08, 41.26 ], [ -73.0, 41.09 ] ] ] } },
{ "type": "Feature", "properties": { "GEOIDFQ": "0400000US10", "NAME": "Delaware" }, "geometry": { "type": "Polygon", "coordinates": [ [ [ -75.52, 39.67 ], [ -75.56, 39.63 ], [ -75.55, 39.6 ], [ -75.51, 39.58 ], [ -75.51, 39.57 ], [ -75.53, 39.54 ], [ -75.53, 39.5 ], [ -75.56, 39.5 ], [ -75.56, 39.46 ], [ -75.32, 39.25 ], [ -75.17, 39.06 ], [ -75.02, 38.79 ], [ -74.99, 38.45 ], [ -75.69, 38.46 ], [ -75.79, 39.72 ], [ -75.77, 39.72 ], [ -75.73, 39.78 ], [ -75.67, 39.82 ], [ -75.6, 39.84 ], [ -75.52, 39.84 ], [ -75.41, 39.8 ], [ -75.46, 39.76 ], [ -75.48, 39.72 ], [ -75.52, 39.67 ] ] ] } },
{ "type": "Feature", "properties": { "GEOIDFQ": "0400000US35", "NAME": "New Mexico" }, "geometry": { "type": "Polygon", "coordinates": [ [ [ -103.06, 32.0 ], [ -106.62, 32.0 ], [ -106.64, 31.98 ], [ -106.62, 31.97 ], [ -106.63, 31.95 ], [ -106.61, 31.95 ], [ -106.63, 31.93 ], [ -106.61, 31.92 ], [ -106.65, 31.9 ], [ -106.63, 31.88 ], [ -106.64, 31.87 ], [ -106.6, 31.84 ], [ -106.6, 31.83 ], [ -106.55, 31.81 ], [ -106.53, 31.78 ], [ -108.21, 31.78 ], [ -108.21, 31.33 ], [ -109.05, 31.33 ], [ -109.05, 37.0 ], [ -103.0, 37.0 ], [ -103.0, 36.5 ], [ -103.04, 36.5 ], [ -103.04, 34.0 ], [ -103.06, 32.0 ] ] ] } },
{ "type": "Feature", "properties": { "GEOIDFQ": "0400000US37", "NAME": "North Carolina" }, "geometry": { "type": "Polygon", "coordinates": [ [ [ -75.8, 36.55 ], [ -75.71, 36.25 ], [ -75.67, 36.15 ], [ -75.44, 35.75 ], [ -75.4, 35.58 ], [ -75.43, 35.39 ], [ -75.47, 35.22 ], [ -75.49, 35.18 ], [ -75.53, 35.17 ], [ -75.6, 35.18 ], [ -75.75, 35.14 ], [ -75.88, 35.08 ], [ -75.99, 35.01 ], [ -76.02, 35.01 ], [ -76.32, 34.78 ], [ -76.44, 34.64 ], [ -76.48, 34.56 ], [ -76.51, 34.54 ], [ -76.57, 34.54 ], [ -76.61, 34.62 ], [ -76.69, 34.64 ], [ -76.75, 34.65 ], [ -76.9, 34.63 ], [ -77.12, 34.58 ], [ -77.52, 34.38 ], [ -77.69, 34.25 ], [ -77.79, 34.13 ], [ -77.89, 33.88 ], [ -77.9, 33.79 ], [ -77.94, 33.75 ], [ -78.0, 33.77 ], [ -78.01, 33.8 ], [ -78.07, 33.85 ], [ -78.15, 33.86 ], [ -78.34, 33.86 ], [ -78.5, 33.81 ], [ -79.68, 34.81 ], [ -80.8, 34.82 ], [ -80.78, 34.94 ], [ -80.93, 35.11 ], [ -81.04, 35.04 ], [ -81.06, 35.06 ], [ -81.06, 35.09 ], [ -81.03, 35.11 ], [ -81.05, 35.13 ], [ -81.03, 35.15 ], [ -82.29, 35.2 ], [ -82.32, 35.19 ], [ -82.36, 35.19 ], [ -82.37, 35.18 ], [ -82.39, 35.22 ], [ -82.42, 35.2 ], [ -82.44, 35.17 ], [ -82.48, 35.18 ], [ -82.53, 35.16 ], [ -82.55, 35.16 ], [ -82.63, 35.13 ], [ -82.64, 35.13 ], [ -82.67, 35.12 ], [ -82.68, 35.13 ], [ -82.7, 35.1 ], [ -82.73, 35.09 ], [ -82.76, 35.07 ], [ -82.78, 35.07 ], [ -82.78, 35.09 ], [ -83.11, 35.0 ], [ -83.62, 34.99 ], [ -84.32, 34.99 ], [ -84.29, 35.23 ], [ -84.22, 35.27 ], [ -84.18, 35.24 ], [ -84.13, 35.24 ], [ -84.12, 35.25 ], [ -84.1, 35.25 ], [ -84.05, 35.27 ], [ -84.02, 35.3 ], [ -84.04, 35.31 ], [ -84.04, 35.35 ], [ -84.01, 35.37 ], [ -84.02, 35.41 ], [ -83.96, 35.46 ], [ -83.91, 35.48 ], [ -83.88, 35.52 ], [ -83.82, 35.53 ], [ -83.75, 35.56 ], [ -83.64, 35.57 ], [ -83.61, 35.58 ], [ -83.58, 35.56 ], [ -83.5, 35.56 ], [ -83.45, 35.61 ], [ -83.4, 35.62 ], [ -83.35, 35.66 ], [ -83.3, 35.66 ], [ -83.25, 35.7 ], [ -83.25, 35.72 ], [ -83.19, 35.73 ], [ -83.16, 35.76 ], [ -83.12, 35.77 ], [ -83.07, 35.79 ], [ -82.99, 35.77 ], [ -82.96, 35.79 ], [ -82.95, 35.82 ], [ -82.92, 35.84 ], [ -82.92, 35.87 ], [ -82.9, 35.88 ], [ -82.92, 35.93 ], [ -82.9, 35.93 ], [ -82.9, 35.95 ], [ -82.87, 35.95 ], [ -82.85, 35.95 ], [ -82.82, 35.92 ], [ -82.81, 35.93 ], [ -82.78, 35.97 ], [ -82.79, 35.98 ], [ -82.78, 36.0 ], [ -82.64, 36.07 ], [ -82.59, 36.03 ], [ -82.61, 36.0 ], [ -82.61, 35.97 ], [ -82.56, 35.95 ], [ -82.46, 36.01 ], [ -82.41, 36.08 ], [ -82.35, 36.12 ], [ -82.29, 36.14 ], [ -82.25, 36.13 ], [ -82.21, 36.16 ], [ -82.18, 36.14 ], [ -82.15, 36.15 ], [ -82.13, 36.1 ], [ -82.08, 36.1 ], [ -82.05, 36.13 ], [ -82.03, 36.12 ], [ -81.91, 36.3 ], [ -81.85, 36.34 ], [ -81.79, 36.36 ], [ -81.79, 36.35 ], [ -81.76, 36.34 ], [ -81.71, 36.34 ], [ -81.74, 36.41 ], [ -81.72, 36.42 ], [ -81.72, 36.46 ], [ -81.7, 36.47 ], [ -81.71, 36.54 ], [ -81.69, 36.57 ], [ -81.68, 36.57 ], [ -81.68, 36.59 ], [ -80.29, 36.54 ], [ -75.8, 36.55 ] ] ] } },
{ "type": "Feature", "properties": { "GEOIDFQ": "0400000US55", "NAME": "Wisconsin" }, "geometry": { "type": "Polygon", "coordinates": [ [ [ -89.09, 46.14 ], [ -88.82, 46.02 ], [ -88.8, 46.02 ], [ -88.8, 46.03 ], [ -88.78, 46.03 ], [ -88.78, 46.02 ], [ -88.77, 46.03 ], [ -88.76, 46.02 ], [ -88.74, 46.03 ], [ -88.72, 46.01 ], [ -88.68, 46.01 ], [ -88.67, 45.99 ], [ -88.62, 45.99 ], [ -88.6, 46.02 ], [ -88.59, 46.01 ], [ -88.51, 46.02 ], [ -88.49, 45.99 ], [ -88.46, 46.0 ], [ -88.42, 45.98 ], [ -88.38, 45.99 ], [ -88.33, 45.95 ], [ -88.32, 45.96 ], [ -88.29, 45.95 ], [ -88.25, 45.96 ], [ -88.24, 45.95 ], [ -88.21, 45.94 ], [ -88.19, 45.95 ], [ -88.13, 45.92 ], [ -88.1, 45.92 ], [ -88.1, 45.88 ], [ -88.07, 45.87 ], [ -88.13, 45.82 ], [ -88.13, 45.81 ], [ -88.07, 45.78 ], [ -87.99, 45.8 ], [ -87.98, 45.78 ], [ -87.99, 45.77 ], [ -87.96, 45.76 ], [ -87.88, 45.75 ], [ -87.86, 45.73 ], [ -87.81, 45.71 ], [ -87.78, 45.68 ], [ -87.78, 45.67 ], [ -87.82, 45.66 ], [ -87.82, 45.65 ], [ -87.78, 45.61 ], [ -87.78, 45.59 ], [ -87.79, 45.56 ], [ -87.83, 45.57 ], [ -87.83, 45.56 ], [ -87.8, 45.54 ], [ -87.79, 45.5 ], [ -87.81, 45.46 ], [ -87.86, 45.43 ], [ -87.85, 45.4 ], [ -87.87, 45.37 ], [ -87.89, 45.35 ], [ -87.87, 45.36 ], [ -87.85, 45.34 ], [ -87.83, 45.35 ], [ -87.75, 45.35 ], [ -87.69, 45.39 ], [ -87.66, 45.37 ], [ -87.65, 45.34 ], [ -87.69, 45.3 ], [ -87.74, 45.2 ], [ -87.74, 45.17 ], [ -87.68, 45.14 ], [ -87.66, 45.11 ], [ -87.44, 45.08 ], [ -87.41, 45.2 ], [ -87.32, 45.24 ], [ -87.17, 45.35 ], [ -87.1, 45.44 ], [ -86.75, 45.44 ], [ -86.25, 45.24 ], [ -86.5, 45.08 ], [ -86.69, 44.88 ], [ -87.01, 44.13 ], [ -87.11, 43.73 ], [ -87.15, 43.38 ], [ -87.02, 42.49 ], [ -88.78, 42.49 ], [ -90.64, 42.51 ], [ -90.64, 42.54 ], [ -90.71, 42.64 ], [ -90.95, 42.69 ], [ -91.04, 42.74 ], [ -91.05, 42.74 ], [ -91.08, 42.83 ], [ -91.09, 42.83 ], [ -91.1, 42.88 ], [ -91.14, 42.91 ], [ -91.15, 42.96 ], [ -91.18, 43.07 ], [ -91.18, 43.13 ], [ -91.06, 43.26 ], [ -91.11, 43.31 ], [ -91.2, 43.35 ], [ -91.21, 43.37 ], [ -91.2, 43.4 ], [ -91.23, 43.46 ], [ -91.22, 43.48 ], [ -91.22, 43.51 ], [ -91.24, 43.54 ], [ -91.23, 43.58 ], [ -91.27, 43.62 ], [ -91.27, 43.67 ], [ -91.24, 43.77 ], [ -91.28, 43.85 ], [ -91.37, 43.94 ], [ -91.44, 44.0 ], [ -91.59, 44.03 ], [ -91.68, 44.1 ], [ -91.71, 44.1 ], [ -91.72, 44.13 ], [ -91.81, 44.16 ], [ -91.88, 44.2 ], [ -91.9, 44.27 ], [ -91.92, 44.29 ], [ -91.92, 44.32 ], [ -91.97, 44.36 ], [ -92.06, 44.4 ], [ -92.23, 44.44 ], [ -92.29, 44.49 ], [ -92.31, 44.54 ], [ -92.34, 44.55 ], [ -92.42, 44.56 ], [ -92.44, 44.55 ], [ -92.52, 44.58 ], [ -92.55, 44.57 ], [ -92.57, 44.6 ], [ -92.59, 44.6 ], [ -92.62, 44.61 ], [ -92.63, 44.65 ], [ -92.81, 44.75 ], [ -92.77, 44.84 ], [ -92.77, 44.9 ], [ -92.75, 44.94 ], [ -92.77, 44.97 ], [ -92.76, 45.02 ], [ -92.8, 45.06 ], [ -92.74, 45.12 ], [ -92.75, 45.17 ], [ -92.77, 45.19 ], [ -92.75, 45.22 ], [ -92.76, 45.29 ], [ -92.7, 45.33 ], [ -92.7, 45.36 ], [ -92.65, 45.4 ], [ -92.65, 45.44 ], [ -92.73, 45.51 ], [ -92.72, 45.54 ], [ -92.75, 45.55 ], [ -92.77, 45.57 ], [ -92.82, 45.56 ], [ -92.88, 45.58 ], [ -92.89, 45.64 ], [ -92.87, 45.72 ], [ -92.78, 45.76 ], [ -92.76, 45.81 ], [ -92.77, 45.83 ], [ -92.74, 45.85 ], [ -92.71, 45.89 ], [ -92.64, 45.92 ], [ -92.64, 45.93 ], [ -92.55, 45.95 ], [ -92.55, 45.97 ], [ -92.53, 45.98 ], [ -92.47, 45.97 ], [ -92.43, 46.02 ], [ -92.35, 46.02 ], [ -92.33, 46.06 ], [ -92.29, 46.07 ], [ -92.29, 46.67 ], [ -92.27, 46.65 ], [ -92.26, 46.66 ], [ -92.24, 46.65 ], [ -92.21, 46.65 ], [ -92.18, 46.69 ], [ -92.21, 46.7 ], [ -92.19, 46.72 ], [ -92.15, 46.72 ], [ -92.14, 46.74 ], [ -92.09, 46.75 ], [ -92.02, 46.7 ], [ -91.5, 46.91 ], [ -90.65, 47.31 ], [ -89.96, 47.29 ], [ -90.42, 46.57 ], [ -90.39, 46.53 ], [ -90.33, 46.55 ], [ -90.31, 46.54 ], [ -90.32, 46.52 ], [ -90.28, 46.52 ], [ -90.27, 46.5 ], [ -90.23, 46.51 ], [ -90.23, 46.5 ], [ -90.22, 46.5 ], [ -90.12, 46.36 ], [ -90.12, 46.34 ], [ -89.09, 46.14 ] ] ] } },
{ "type": "Feature", "properties": { "GEOIDFQ": "0400000US41", "NAME": "Oregon" }, "geometry": { "type": "Polygon", "coordinates": [ [ [ -121.4, 45.69 ], [ -121.34, 45.7 ], [ -121.22, 45.67 ], [ -121.2, 45.62 ], [ -121.17, 45.61 ], [ -121.13, 45.61 ], [ -121.06, 45.65 ], [ -120.98, 45.65 ], [ -120.94, 45.66 ], [ -120.91, 45.64 ], [ -120.9, 45.64 ], [ -120.86, 45.67 ], [ -120.69, 45.72 ], [ -120.64, 45.75 ], [ -120.56, 45.74 ], [ -120.48, 45.69 ], [ -120.4, 45.7 ], [ -120.21, 45.73 ], [ -120.17, 45.76 ], [ -120.07, 45.79 ], [ -119.97, 45.82 ], [ -119.67, 45.86 ], [ -119.6, 45.92 ], [ -119.57, 45.93 ], [ -119.49, 45.91 ], [ -119.26, 45.94 ], [ -119.2, 45.93 ], [ -119.13, 45.93 ], [ -119.03, 45.97 ], [ -118.98, 46.0 ], [ -116.92, 46.0 ], [ -116.88, 45.95 ], [ -116.86, 45.9 ], [ -116.8, 45.86 ], [ -116.78, 45.83 ], [ -116.76, 45.82 ], [ -116.71, 45.83 ], [ -116.67, 45.78 ], [ -116.59, 45.78 ], [ -116.55, 45.75 ], [ -116.54, 45.69 ], [ -116.49, 45.65 ], [ -116.46, 45.6 ], [ -116.48, 45.58 ], [ -116.53, 45.55 ], [ -116.56, 45.5 ], [ -116.55, 45.46 ], [ -116.59, 45.44 ], [ -116.6, 45.41 ], [ -116.67, 45.32 ], [ -116.67, 45.28 ], [ -116.7, 45.24 ], [ -116.73, 45.14 ], [ -116.77, 45.11 ], [ -116.8, 45.06 ], [ -116.85, 45.02 ], [ -116.86, 44.98 ], [ -116.85, 44.97 ], [ -116.85, 44.96 ], [ -116.83, 44.93 ], [ -116.85, 44.89 ], [ -116.9, 44.85 ], [ -116.93, 44.78 ], [ -117.04, 44.75 ], [ -117.06, 44.73 ], [ -117.06, 44.71 ], [ -117.1, 44.66 ], [ -117.12, 44.58 ], [ -117.15, 44.56 ], [ -117.15, 44.54 ], [ -117.18, 44.52 ], [ -117.2, 44.49 ], [ -117.23, 44.48 ], [ -117.22, 44.43 ], [ -117.24, 44.4 ], [ -117.24, 44.37 ], [ -117.19, 44.34 ], [ -117.22, 44.3 ], [ -117.2, 44.27 ], [ -117.15, 44.26 ], [ -117.1, 44.28 ], [ -117.05, 44.23 ], [ -117.03, 44.25 ], [ -116.98, 44.24 ], [ -116.97, 44.2 ], [ -116.93, 44.19 ], [ -116.89, 44.16 ], [ -116.93, 44.1 ], [ -116.98, 44.09 ], [ -116.97, 44.05 ], [ -116.94, 44.03 ], [ -116.94, 44.0 ], [ -116.94, 43.99 ], [ -116.98, 43.98 ], [ -116.96, 43.97 ], [ -116.96, 43.96 ], [ -116.96, 43.92 ], [ -116.98, 43.91 ], [ -116.98, 43.87 ], [ -117.02, 43.86 ], [ -117.01, 43.84 ], [ -117.03, 43.83 ], [ -117.02, 43.82 ], [ -117.03, 42.0 ], [ -120.97, 41.99 ], [ -122.38, 42.01 ], [ -123.15, 42.01 ], [ -123.81, 42.0 ], [ -124.33, 42.0 ], [ -124.38, 42.03 ], [ -124.42, 42.07 ], [ -124.43, 42.16 ], [ -124.48, 42.22 ], [ -124.49, 42.4 ], [ -124.54, 42.42 ], [ -124.57, 42.45 ], [ -124.55, 42.49 ], [ -124.47, 42.55 ], [ -124.48, 42.58 ], [ -124.47, 42.61 ], [ -124.53, 42.63 ], [ -124.54, 42.68 ], [ -124.58, 42.72 ], [ -124.66, 42.72 ], [ -124.69, 42.74 ], [ -124.7, 42.77 ], [ -124.65, 42.86 ], [ -124.57, 42.92 ], [ -124.53, 43.0 ], [ -124.51, 43.07 ], [ -124.52, 43.12 ], [ -124.48, 43.16 ], [ -124.47, 43.2 ], [ -124.47, 43.25 ], [ -124.46, 43.27 ], [ -124.47, 43.29 ], [ -124.48, 43.33 ], [ -124.43, 43.39 ], [ -124.38, 43.4 ], [ -124.33, 43.5 ], [ -124.28, 43.65 ], [ -124.29, 43.67 ], [ -124.27, 43.7 ], [ -124.22, 43.95 ], [ -124.2, 44.14 ], [ -124.19, 44.18 ], [ -124.19, 44.29 ], [ -124.16, 44.42 ], [ -124.16, 44.5 ], [ -124.13, 44.58 ], [ -124.15, 44.61 ], [ -124.14, 44.64 ], [ -124.15, 44.68 ], [ -124.14, 44.71 ], [ -124.14, 44.83 ], [ -124.12, 44.87 ], [ -124.1, 44.93 ], [ -124.09, 45.0 ], [ -124.09, 45.05 ], [ -124.04, 45.17 ], [ -124.06, 45.22 ], [ -124.04, 45.28 ], [ -124.07, 45.32 ], [ -124.08, 45.34 ], [ -124.04, 45.38 ], [ -124.04, 45.41 ], [ -124.06, 45.47 ], [ -124.05, 45.51 ], [ -124.03, 45.54 ], [ -124.04, 45.57 ], [ -124.01, 45.68 ], [ -124.01, 45.71 ], [ -124.07, 45.75 ], [ -124.06, 45.82 ], [ -124.04, 45.84 ], [ -124.04, 45.89 ], [ -124.08, 45.91 ], [ -124.09, 45.94 ], [ -124.07, 45.97 ], [ -124.01, 46.01 ], [ -124.0, 46.03 ], [ -124.01, 46.08 ], [ -124.05, 46.16 ], [ -124.07, 46.18 ], [ -124.13, 46.21 ], [ -124.16, 46.26 ], [ -124.04, 46.26 ], [ -124.04, 46.3 ], [ -124.02, 46.3 ], [ -124.0, 46.27 ], [ -123.97, 46.27 ], [ -123.93, 46.24 ], [ -123.87, 46.23 ], [ -123.74, 46.27 ], [ -123.69, 46.25 ], [ -123.55, 46.26 ], [ -123.5, 46.27 ], [ -123.47, 46.27 ], [ -123.45, 46.25 ], [ -123.43, 46.23 ], [ -123.43, 46.18 ], [ -123.37, 46.15 ], [ -123.28, 46.14 ], [ -123.17, 46.19 ], [ -123.12, 46.19 ], [ -122.9, 46.08 ], [ -122.88, 46.03 ], [ -122.81, 45.96 ], [ -122.81, 45.91 ], [ -122.78, 45.87 ], [ -122.8, 45.81 ], [ -122.76, 45.76 ], [ -122.77, 45.68 ], [ -122.76, 45.66 ], [ -122.68, 45.62 ], [ -122.55, 45.6 ], [ -122.44, 45.56 ], [ -122.38, 45.58 ], [ -122.35, 45.57 ], [ -122.33, 45.55 ], [ -122.26, 45.54 ], [ -122.18, 45.58 ], [ -122.1, 45.58 ], [ -122.04, 45.61 ], [ -121.98, 45.62 ], [ -121.96, 45.64 ], [ -121.91, 45.65 ], [ -121.87, 45.69 ], [ -121.81, 45.71 ], [ -121.71, 45.69 ], [ -121.53, 45.73 ], [ -121.4, 45.69 ] ] ] } },
{ "type": "Feature", "properties": { "GEOIDFQ": "0400000US31", "NAME": "Nebraska" }, "geometry": { "type": "Polygon", "coordinates": [ [ [ -95.93, 41.37 ], [ -95.96, 41.34 ], [ -95.93, 41.32 ], [ -95.89, 41.32 ], [ -95.87, 41.3 ], [ -95.88, 41.29 ], [ -95.9, 41.27 ], [ -95.91, 41.28 ], [ -95.91, 41.3 ], [ -95.93, 41.3 ], [ -95.91, 41.23 ], [ -95.93, 41.2 ], [ -95.92, 41.19 ], [ -95.86, 41.19 ], [ -95.84, 41.18 ], [ -95.88, 41.16 ], [ -95.86, 41.09 ], [ -95.88, 41.06 ], [ -95.86, 41.04 ], [ -95.87, 41.0 ], [ -95.83, 40.98 ], [ -95.84, 40.93 ], [ -95.81, 40.89 ], [ -95.85, 40.86 ], [ -95.83, 40.78 ], [ -95.88, 40.75 ], [ -95.89, 40.72 ], [ -95.85, 40.7 ], [ -95.84, 40.68 ], [ -95.78, 40.65 ], [ -95.75, 40.61 ], [ -95.77, 40.57 ], [ -95.76, 40.53 ], [ -95.71, 40.52 ], [ -95.69, 40.56 ], [ -95.68, 40.56 ], [ -95.66, 40.55 ], [ -95.66, 40.52 ], [ -95.7, 40.51 ], [ -95.69, 40.47 ], [ -95.66, 40.44 ], [ -95.66, 40.41 ], [ -95.62, 40.34 ], [ -95.66, 40.31 ], [ -95.61, 40.31 ], [ -95.56, 40.3 ], [ -95.55, 40.26 ], [ -95.48, 40.24 ], [ -95.47, 40.23 ], [ -95.48, 40.19 ], [ -95.44, 40.16 ], [ -95.43, 40.13 ], [ -95.39, 40.12 ], [ -95.42, 40.06 ], [ -95.42, 40.04 ], [ -95.39, 40.03 ], [ -95.35, 40.03 ], [ -95.31, 40.0 ], [ -102.05, 40.0 ], [ -102.05, 41.0 ], [ -104.05, 41.0 ], [ -104.05, 43.0 ], [ -98.5, 43.0 ], [ -98.44, 42.93 ], [ -98.42, 42.93 ], [ -98.33, 42.89 ], [ -98.25, 42.87 ], [ -98.19, 42.84 ], [ -98.15, 42.84 ], [ -98.06, 42.77 ], [ -98.01, 42.76 ], [ -97.93, 42.78 ], [ -97.89, 42.82 ], [ -97.88, 42.86 ], [ -97.85, 42.87 ], [ -97.69, 42.84 ], [ -97.61, 42.86 ], [ -97.56, 42.85 ], [ -97.5, 42.86 ], [ -97.44, 42.85 ], [ -97.41, 42.87 ], [ -97.36, 42.85 ], [ -97.31, 42.87 ], [ -97.29, 42.86 ], [ -97.22, 42.85 ], [ -97.21, 42.81 ], [ -97.15, 42.8 ], [ -97.13, 42.77 ], [ -96.98, 42.76 ], [ -96.96, 42.72 ], [ -96.91, 42.73 ], [ -96.81, 42.7 ], [ -96.79, 42.67 ], [ -96.73, 42.67 ], [ -96.69, 42.66 ], [ -96.71, 42.61 ], [ -96.68, 42.58 ], [ -96.64, 42.56 ], [ -96.63, 42.52 ], [ -96.61, 42.51 ], [ -96.55, 42.52 ], [ -96.5, 42.48 ], [ -96.45, 42.49 ], [ -96.4, 42.49 ], [ -96.39, 42.47 ], [ -96.38, 42.45 ], [ -96.42, 42.4 ], [ -96.42, 42.35 ], [ -96.38, 42.32 ], [ -96.37, 42.29 ], [ -96.33, 42.25 ], [ -96.32, 42.23 ], [ -96.36, 42.21 ], [ -96.35, 42.17 ], [ -96.31, 42.13 ], [ -96.27, 42.11 ], [ -96.27, 42.05 ], [ -96.22, 42.03 ], [ -96.24, 42.0 ], [ -96.23, 41.99 ], [ -96.19, 42.01 ], [ -96.18, 42.0 ], [ -96.19, 41.98 ], [ -96.13, 41.97 ], [ -96.14, 41.94 ], [ -96.14, 41.92 ], [ -96.16, 41.9 ], [ -96.14, 41.87 ], [ -96.11, 41.85 ], [ -96.11, 41.82 ], [ -96.07, 41.8 ], [ -96.08, 41.76 ], [ -96.11, 41.74 ], [ -96.07, 41.7 ], [ -96.11, 41.7 ], [ -96.12, 41.68 ], [ -96.1, 41.65 ], [ -96.12, 41.61 ], [ -96.08, 41.58 ], [ -96.1, 41.54 ], [ -96.04, 41.51 ], [ -96.02, 41.54 ], [ -96.0, 41.54 ], [ -95.99, 41.51 ], [ -96.02, 41.49 ], [ -96.01, 41.48 ], [ -95.97, 41.46 ], [ -95.94, 41.47 ], [ -95.92, 41.45 ], [ -95.94, 41.39 ], [ -95.93, 41.37 ] ] ] } },
{ "type": "Feature", "properties": { "GEOIDFQ": "0400000US13", "NAME": "Georgia" }, "geometry": { "type": "Polygon", "coordinates": [ [ [ -81.19, 31.4 ], [ -81.17, 31.37 ], [ -81.19, 31.33 ], [ -81.19, 31.25 ], [ -81.23, 31.17 ], [ -81.3, 31.15 ], [ -81.29, 31.09 ], [ -81.31, 31.07 ], [ -81.35, 31.06 ], [ -81.35, 31.04 ], [ -81.31, 31.0 ], [ -81.3, 30.97 ], [ -81.35, 30.93 ], [ -81.36, 30.85 ], [ -81.4, 30.77 ], [ -81.36, 30.74 ], [ -81.35, 30.71 ], [ -81.45, 30.71 ], [ -81.49, 30.73 ], [ -81.53, 30.72 ], [ -81.54, 30.71 ], [ -81.55, 30.72 ], [ -81.6, 30.72 ], [ -81.61, 30.72 ], [ -81.62, 30.74 ], [ -81.65, 30.73 ], [ -81.66, 30.75 ], [ -81.68, 30.75 ], [ -81.67, 30.74 ], [ -81.72, 30.74 ], [ -81.76, 30.78 ], [ -81.78, 30.76 ], [ -81.79, 30.79 ], [ -81.87, 30.79 ], [ -81.9, 30.83 ], [ -81.91, 30.82 ], [ -81.95, 30.83 ], [ -81.97, 30.78 ], [ -82.01, 30.79 ], [ -82.02, 30.79 ], [ -82.01, 30.76 ], [ -82.04, 30.75 ], [ -82.05, 30.73 ], [ -82.04, 30.71 ], [ -82.05, 30.66 ], [ -82.01, 30.56 ], [ -82.02, 30.53 ], [ -82.02, 30.48 ], [ -82.04, 30.41 ], [ -82.04, 30.37 ], [ -82.07, 30.36 ], [ -82.11, 30.37 ], [ -82.16, 30.36 ], [ -82.19, 30.38 ], [ -82.21, 30.43 ], [ -82.2, 30.49 ], [ -82.24, 30.54 ], [ -82.21, 30.57 ], [ -84.86, 30.71 ], [ -84.92, 30.77 ], [ -84.94, 30.82 ], [ -84.93, 30.84 ], [ -84.93, 30.88 ], [ -84.98, 30.93 ], [ -84.98, 30.97 ], [ -85.01, 30.98 ], [ -85.0, 31.01 ], [ -85.04, 31.11 ], [ -85.08, 31.16 ], [ -85.1, 31.17 ], [ -85.11, 31.19 ], [ -85.1, 31.23 ], [ -85.11, 31.28 ], [ -85.09, 31.3 ], [ -85.09, 31.36 ], [ -85.04, 31.54 ], [ -85.06, 31.57 ], [ -85.06, 31.62 ], [ -85.09, 31.64 ], [ -85.08, 31.65 ], [ -85.13, 31.69 ], [ -85.13, 31.77 ], [ -85.14, 31.78 ], [ -85.13, 31.89 ], [ -85.11, 31.89 ], [ -85.11, 31.91 ], [ -85.08, 31.94 ], [ -85.09, 31.96 ], [ -85.07, 31.97 ], [ -85.05, 32.02 ], [ -85.06, 32.05 ], [ -85.04, 32.09 ], [ -85.06, 32.13 ], [ -85.01, 32.18 ], [ -84.96, 32.2 ], [ -84.98, 32.21 ], [ -84.97, 32.22 ], [ -84.93, 32.22 ], [ -84.91, 32.24 ], [ -84.92, 32.25 ], [ -84.89, 32.26 ], [ -84.93, 32.3 ], [ -85.01, 32.33 ], [ -85.0, 32.35 ], [ -84.97, 32.38 ], [ -84.99, 32.39 ], [ -84.97, 32.39 ], [ -84.98, 32.41 ], [ -84.96, 32.42 ], [ -85.0, 32.45 ], [ -85.01, 32.52 ], [ -85.07, 32.58 ], [ -85.09, 32.63 ], [ -85.08, 32.64 ], [ -85.1, 32.64 ], [ -85.09, 32.66 ], [ -85.12, 32.69 ], [ -85.11, 32.74 ], [ -85.14, 32.76 ], [ -85.12, 32.77 ], [ -85.17, 32.81 ], [ -85.16, 32.85 ], [ -85.18, 32.86 ], [ -85.61, 34.98 ], [ -83.62, 34.99 ], [ -83.1, 35.0 ], [ -83.12, 34.96 ], [ -83.11, 34.95 ], [ -83.13, 34.95 ], [ -83.11, 34.93 ], [ -83.13, 34.94 ], [ -83.14, 34.92 ], [ -83.16, 34.93 ], [ -83.16, 34.92 ], [ -83.17, 34.92 ], [ -83.21, 34.88 ], [ -83.21, 34.89 ], [ -83.22, 34.88 ], [ -83.24, 34.88 ], [ -83.23, 34.87 ], [ -83.25, 34.87 ], [ -83.25, 34.85 ], [ -83.27, 34.85 ], [ -83.27, 34.82 ], [ -83.29, 34.82 ], [ -83.31, 34.82 ], [ -83.3, 34.8 ], [ -83.32, 34.79 ], [ -83.32, 34.76 ], [ -83.35, 34.73 ], [ -83.34, 34.68 ], [ -83.3, 34.67 ], [ -83.23, 34.61 ], [ -83.17, 34.6 ], [ -83.16, 34.58 ], [ -83.03, 34.48 ], [ -83.0, 34.47 ], [ -82.98, 34.48 ], [ -82.9, 34.49 ], [ -82.86, 34.46 ], [ -82.83, 34.37 ], [ -82.79, 34.34 ], [ -82.78, 34.3 ], [ -82.75, 34.27 ], [ -82.74, 34.21 ], [ -82.72, 34.15 ], [ -82.68, 34.13 ], [ -82.64, 34.09 ], [ -82.64, 34.07 ], [ -82.59, 34.03 ], [ -82.56, 33.95 ], [ -82.52, 33.94 ], [ -82.46, 33.88 ], [ -82.32, 33.82 ], [ -82.3, 33.78 ], [ -82.25, 33.75 ], [ -82.23, 33.7 ], [ -82.2, 33.66 ], [ -82.19, 33.62 ], [ -82.14, 33.59 ], [ -82.11, 33.6 ], [ -82.05, 33.56 ], [ -82.0, 33.52 ], [ -81.99, 33.49 ], [ -81.93, 33.46 ], [ -81.91, 33.44 ], [ -81.93, 33.43 ], [ -81.91, 33.41 ], [ -81.95, 33.41 ], [ -81.92, 33.37 ], [ -81.95, 33.37 ], [ -81.94, 33.34 ], [ -81.91, 33.35 ], [ -81.91, 33.32 ], [ -81.9, 33.34 ], [ -81.88, 33.3 ], [ -81.87, 33.31 ], [ -81.86, 33.3 ], [ -81.86, 33.29 ], [ -81.83, 33.26 ], [ -81.84, 33.26 ], [ -81.85, 33.25 ], [ -81.81, 33.21 ], [ -81.77, 33.22 ], [ -81.76, 33.2 ], [ -81.77, 33.18 ], [ -81.75, 33.15 ], [ -81.7, 33.12 ], [ -81.64, 33.09 ], [ -81.61, 33.09 ], [ -81.61, 33.08 ], [ -81.6, 33.09 ], [ -81.6, 33.07 ], [ -81.57, 33.05 ], [ -81.56, 33.06 ], [ -81.56, 33.05 ], [ -81.53, 33.04 ], [ -81.51, 33.01 ], [ -81.49, 33.01 ], [ -81.5, 32.96 ], [ -81.51, 32.97 ], [ -81.5, 32.94 ], [ -81.48, 32.92 ], [ -81.48, 32.9 ], [ -81.46, 32.9 ], [ -81.48, 32.88 ], [ -81.45, 32.87 ], [ -81.46, 32.85 ], [ -81.43, 32.84 ], [ -81.43, 32.82 ], [ -81.42, 32.82 ], [ -81.43, 32.78 ], [ -81.41, 32.78 ], [ -81.43, 32.77 ], [ -81.41, 32.76 ], [ -81.42, 32.75 ], [ -81.4, 32.75 ], [ -81.43, 32.7 ], [ -81.41, 32.7 ], [ -81.4, 32.66 ], [ -81.39, 32.65 ], [ -81.42, 32.63 ], [ -81.37, 32.58 ], [ -81.28, 32.56 ], [ -81.28, 32.54 ], [ -81.23, 32.52 ], [ -81.23, 32.5 ], [ -81.19, 32.46 ], [ -81.21, 32.45 ], [ -81.21, 32.42 ], [ -81.18, 32.39 ], [ -81.17, 32.36 ], [ -81.15, 32.35 ], [ -81.14, 32.35 ], [ -81.13, 32.34 ], [ -81.14, 32.33 ], [ -81.12, 32.29 ], [ -81.16, 32.24 ], [ -81.14, 32.23 ], [ -81.15, 32.22 ], [ -81.11, 32.2 ], [ -81.11, 32.17 ], [ -81.13, 32.17 ], [ -81.11, 32.15 ], [ -81.12, 32.11 ], [ -81.04, 32.08 ], [ -81.0, 32.1 ], [ -80.93, 32.04 ], [ -80.82, 32.03 ], [ -80.78, 32.0 ], [ -80.8, 31.95 ], [ -80.86, 31.91 ], [ -80.93, 31.82 ], [ -80.97, 31.8 ], [ -81.01, 31.73 ], [ -81.06, 31.71 ], [ -81.05, 31.69 ], [ -81.1, 31.52 ], [ -81.19, 31.4 ] ] ] } },
{ "type": "Feature", "properties": { "GEOIDFQ": "0400000US01", "NAME": "Alabama" }, "geometry": { "type": "Polygon", "coordinates": [ [ [ -85.13, 31.69 ], [ -85.08, 31.65 ], [ -85.09, 31.64 ], [ -85.06, 31.62 ], [ -85.06, 31.57 ], [ -85.04, 31.54 ], [ -85.07, 31.47 ], [ -85.07, 31.43 ], [ -85.09, 31.36 ], [ -85.09, 31.3 ], [ -85.11, 31.28 ], [ -85.1, 31.23 ], [ -85.11, 31.19 ], [ -85.1, 31.17 ], [ -85.08, 31.16 ], [ -85.04, 31.11 ], [ -85.0, 31.0 ], [ -87.6, 31.0 ], [ -87.59, 30.95 ], [ -87.63, 30.87 ], [ -87.62, 30.83 ], [ -87.55, 30.78 ], [ -87.53, 30.74 ], [ -87.41, 30.68 ], [ -87.39, 30.61 ], [ -87.45, 30.51 ], [ -87.43, 30.5 ], [ -87.43, 30.47 ], [ -87.37, 30.44 ], [ -87.4, 30.41 ], [ -87.43, 30.41 ], [ -87.46, 30.34 ], [ -87.5, 30.33 ], [ -87.5, 30.31 ], [ -87.45, 30.31 ], [ -87.45, 30.3 ], [ -87.52, 30.28 ], [ -87.52, 30.23 ], [ -87.81, 30.18 ], [ -87.99, 30.18 ], [ -88.05, 30.14 ], [ -88.13, 30.17 ], [ -88.16, 30.2 ], [ -88.3, 30.18 ], [ -88.35, 30.19 ], [ -88.38, 30.16 ], [ -88.47, 31.89 ], [ -88.1, 34.89 ], [ -88.15, 34.92 ], [ -88.2, 35.01 ], [ -85.61, 34.98 ], [ -85.18, 32.86 ], [ -85.16, 32.85 ], [ -85.17, 32.81 ], [ -85.12, 32.77 ], [ -85.14, 32.76 ], [ -85.11, 32.74 ], [ -85.12, 32.69 ], [ -85.09, 32.66 ], [ -85.1, 32.64 ], [ -85.08, 32.64 ], [ -85.09, 32.63 ], [ -85.07, 32.58 ], [ -85.01, 32.52 ], [ -85.0, 32.45 ], [ -84.96, 32.42 ], [ -84.98, 32.41 ], [ -84.97, 32.39 ], [ -84.99, 32.39 ], [ -84.97, 32.38 ], [ -85.0, 32.35 ], [ -85.01, 32.33 ], [ -84.93, 32.3 ], [ -84.89, 32.26 ], [ -84.92, 32.25 ], [ -84.91, 32.24 ], [ -84.93, 32.22 ], [ -84.97, 32.22 ], [ -84.98, 32.21 ], [ -84.96, 32.2 ], [ -85.01, 32.18 ], [ -85.06, 32.13 ], [ -85.04, 32.09 ], [ -85.06, 32.05 ], [ -85.05, 32.02 ], [ -85.07, 31.97 ], [ -85.09, 31.96 ], [ -85.08, 31.94 ], [ -85.11, 31.91 ], [ -85.11, 31.89 ], [ -85.13, 31.89 ], [ -85.14, 31.78 ], [ -85.13, 31.76 ], [ -85.13, 31.69 ] ] ] } },
{ "type": "Feature", "properties": { "GEOIDFQ": "0400000US49", "NAME": "Utah" }, "geometry": { "type": "Polygon", "coordinates": [ [ [ -111.05, 42.0 ], [ -111.05, 41.0 ], [ -109.05, 41.0 ], [ -109.06, 38.28 ], [ -109.04, 38.16 ], [ -109.05, 37.0 ], [ -114.05, 37.0 ], [ -114.04, 41.99 ], [ -111.05, 42.0 ] ] ] } },
{ "type": "Feature", "properties": { "GEOIDFQ": "0400000US39", "NAME": "Ohio" }, "geometry": { "type": "Polygon", "coordinates": [ [ [ -80.52, 40.64 ], [ -80.58, 40.61 ], [ -80.6, 40.63 ], [ -80.63, 40.62 ], [ -80.67, 40.58 ], [ -80.6, 40.48 ], [ -80.61, 40.4 ], [ -80.63, 40.39 ], [ -80.61, 40.37 ], [ -80.6, 40.32 ], [ -80.62, 40.27 ], [ -80.65, 40.24 ], [ -80.67, 40.2 ], [ -80.71, 40.15 ], [ -80.71, 40.1 ], [ -80.74, 40.08 ], [ -80.74, 39.97 ], [ -80.76, 39.95 ], [ -80.76, 39.91 ], [ -80.81, 39.92 ], [ -80.79, 39.87 ], [ -80.83, 39.84 ], [ -80.83, 39.8 ], [ -80.87, 39.77 ], [ -80.83, 39.71 ], [ -80.86, 39.69 ], [ -80.88, 39.62 ], [ -80.93, 39.62 ], [ -80.97, 39.59 ], [ -81.07, 39.52 ], [ -81.13, 39.45 ], [ -81.19, 39.43 ], [ -81.22, 39.39 ], [ -81.27, 39.39 ], [ -81.34, 39.35 ], [ -81.38, 39.34 ], [ -81.39, 39.35 ], [ -81.41, 39.39 ], [ -81.46, 39.41 ], [ -81.56, 39.34 ], [ -81.57, 39.27 ], [ -81.65, 39.28 ], [ -81.68, 39.27 ], [ -81.7, 39.26 ], [ -81.69, 39.23 ], [ -81.73, 39.22 ], [ -81.76, 39.18 ], [ -81.75, 39.1 ], [ -81.78, 39.08 ], [ -81.81, 39.08 ], [ -81.81, 39.05 ], [ -81.76, 39.02 ], [ -81.78, 38.96 ], [ -81.76, 38.94 ], [ -81.76, 38.92 ], [ -81.83, 38.95 ], [ -81.86, 38.89 ], [ -81.9, 38.88 ], [ -81.93, 38.89 ], [ -81.9, 38.93 ], [ -81.93, 38.99 ], [ -81.98, 38.99 ], [ -82.0, 39.03 ], [ -82.04, 39.02 ], [ -82.05, 38.99 ], [ -82.09, 38.97 ], [ -82.14, 38.9 ], [ -82.15, 38.84 ], [ -82.22, 38.79 ], [ -82.19, 38.73 ], [ -82.18, 38.61 ], [ -82.2, 38.59 ], [ -82.26, 38.6 ], [ -82.29, 38.58 ], [ -82.3, 38.5 ], [ -82.33, 38.44 ], [ -82.4, 38.44 ], [ -82.54, 38.4 ], [ -82.58, 38.41 ], [ -82.61, 38.47 ], [ -82.65, 38.49 ], [ -82.7, 38.54 ], [ -82.73, 38.56 ], [ -82.8, 38.56 ], [ -82.84, 38.59 ], [ -82.88, 38.69 ], [ -82.87, 38.74 ], [ -82.89, 38.76 ], [ -82.97, 38.73 ], [ -83.03, 38.73 ], [ -83.05, 38.7 ], [ -83.11, 38.67 ], [ -83.15, 38.62 ], [ -83.2, 38.62 ], [ -83.25, 38.63 ], [ -83.3, 38.6 ], [ -83.33, 38.64 ], [ -83.36, 38.65 ], [ -83.47, 38.68 ], [ -83.52, 38.7 ], [ -83.63, 38.68 ], [ -83.65, 38.63 ], [ -83.67, 38.63 ], [ -83.77, 38.66 ], [ -83.78, 38.7 ], [ -83.84, 38.72 ], [ -83.87, 38.76 ], [ -83.96, 38.79 ], [ -84.07, 38.77 ], [ -84.21, 38.81 ], [ -84.23, 38.83 ], [ -84.23, 38.89 ], [ -84.29, 38.96 ], [ -84.31, 39.01 ], [ -84.35, 39.04 ], [ -84.43, 39.05 ], [ -84.44, 39.1 ], [ -84.45, 39.12 ], [ -84.48, 39.12 ], [ -84.51, 39.09 ], [ -84.55, 39.1 ], [ -84.61, 39.07 ], [ -84.69, 39.1 ], [ -84.74, 39.15 ], [ -84.82, 39.11 ], [ -84.8, 40.31 ], [ -84.81, 41.7 ], [ -83.42, 41.73 ], [ -83.11, 41.96 ], [ -83.07, 41.86 ], [ -82.68, 41.68 ], [ -82.4, 41.68 ], [ -81.71, 42.0 ], [ -81.69, 42.0 ], [ -81.25, 42.22 ], [ -80.52, 42.33 ], [ -80.52, 40.64 ] ] ] } },
{ "type": "Feature", "properties": { "GEOIDFQ": "0400000US40", "NAME": "Oklahoma" }, "geometry": { "type": "MultiPolygon", "coordinates": [ [ [ [ -94.62, 37.0 ], [ -94.62, 36.5 ], [ -94.43, 35.39 ], [ -94.49, 33.64 ], [ -94.5, 33.62 ], [ -94.52, 33.63 ], [ -94.52, 33.62 ], [ -94.53, 33.62 ], [ -94.52, 33.64 ], [ -94.57, 33.63 ], [ -94.54, 33.65 ], [ -94.55, 33.66 ], [ -94.59, 33.65 ], [ -94.56, 33.67 ], [ -94.58, 33.67 ], [ -94.59, 33.69 ], [ -94.6, 33.66 ], [ -94.62, 33.68 ], [ -94.65, 33.67 ], [ -94.64, 33.7 ], [ -94.65, 33.69 ], [ -94.67, 33.69 ], [ -94.68, 33.68 ], [ -94.72, 33.69 ], [ -94.74, 33.69 ], [ -94.75, 33.71 ], [ -94.75, 33.73 ], [ -94.77, 33.73 ], [ -94.79, 33.74 ], [ -94.8, 33.73 ], [ -94.82, 33.74 ], [ -94.82, 33.73 ], [ -94.87, 33.75 ], [ -94.87, 33.76 ], [ -94.88, 33.76 ], [ -94.92, 33.79 ], [ -94.92, 33.81 ], [ -94.95, 33.81 ], [ -94.94, 33.83 ], [ -94.96, 33.84 ], [ -94.97, 33.86 ], [ -94.99, 33.85 ], [ -95.0, 33.86 ], [ -95.05, 33.86 ], [ -95.06, 33.9 ], [ -95.08, 33.9 ], [ -95.09, 33.88 ], [ -95.1, 33.9 ], [ -95.08, 33.92 ], [ -95.12, 33.9 ], [ -95.13, 33.91 ], [ -95.12, 33.93 ], [ -95.22, 33.96 ], [ -95.25, 33.94 ], [ -95.26, 33.89 ], [ -95.27, 33.91 ], [ -95.28, 33.91 ], [ -95.28, 33.88 ], [ -95.29, 33.87 ], [ -95.33, 33.89 ], [ -95.36, 33.87 ], [ -95.44, 33.87 ], [ -95.46, 33.87 ], [ -95.46, 33.89 ], [ -95.5, 33.88 ], [ -95.51, 33.9 ], [ -95.54, 33.88 ], [ -95.55, 33.93 ], [ -95.59, 33.94 ], [ -95.63, 33.9 ], [ -95.67, 33.91 ], [ -95.7, 33.89 ], [ -95.75, 33.89 ], [ -95.76, 33.85 ], [ -95.82, 33.86 ], [ -95.83, 33.83 ], [ -95.93, 33.88 ], [ -95.94, 33.86 ], [ -95.95, 33.86 ], [ -95.98, 33.85 ], [ -95.98, 33.87 ], [ -96.0, 33.87 ], [ -96.0, 33.85 ], [ -96.02, 33.84 ], [ -96.03, 33.86 ], [ -96.05, 33.84 ], [ -96.1, 33.85 ], [ -96.1, 33.83 ], [ -96.15, 33.84 ], [ -96.15, 33.82 ], [ -96.16, 33.81 ], [ -96.18, 33.81 ], [ -96.17, 33.8 ], [ -96.19, 33.76 ], [ -96.23, 33.75 ], [ -96.29, 33.77 ], [ -96.31, 33.71 ], [ -96.35, 33.69 ], [ -96.42, 33.78 ], [ -96.5, 33.77 ], [ -96.53, 33.82 ], [ -96.57, 33.82 ], [ -96.63, 33.85 ], [ -96.59, 33.89 ], [ -96.63, 33.89 ], [ -96.67, 33.92 ], [ -96.7, 33.84 ], [ -96.76, 33.82 ], [ -96.79, 33.87 ], [ -96.83, 33.87 ], [ -96.85, 33.85 ], [ -96.88, 33.86 ], [ -96.92, 33.96 ], [ -96.97, 33.94 ], [ -96.98, 33.96 ], [ -97.0, 33.94 ], [ -96.98, 33.89 ], [ -97.02, 33.85 ], [ -97.04, 33.84 ], [ -97.07, 33.86 ], [ -97.09, 33.85 ], [ -97.09, 33.84 ], [ -97.05, 33.83 ], [ -97.05, 33.82 ], [ -97.09, 33.8 ], [ -97.09, 33.74 ], [ -97.11, 33.72 ], [ -97.13, 33.72 ], [ -97.19, 33.76 ], [ -97.2, 33.82 ], [ -97.17, 33.85 ], [ -97.18, 33.9 ], [ -97.21, 33.92 ], [ -97.25, 33.9 ], [ -97.26, 33.86 ], [ -97.27, 33.86 ], [ -97.31, 33.89 ], [ -97.31, 33.87 ], [ -97.33, 33.86 ], [ -97.33, 33.88 ], [ -97.37, 33.82 ], [ -97.43, 33.82 ], [ -97.46, 33.84 ], [ -97.45, 33.89 ], [ -97.46, 33.91 ], [ -97.5, 33.92 ], [ -97.55, 33.9 ], [ -97.58, 33.9 ], [ -97.6, 33.92 ], [ -97.59, 33.95 ], [ -97.67, 33.99 ], [ -97.69, 33.98 ], [ -97.73, 33.94 ], [ -97.76, 33.93 ], [ -97.76, 33.91 ], [ -97.78, 33.92 ], [ -97.78, 33.89 ], [ -97.8, 33.9 ], [ -97.81, 33.88 ], [ -97.82, 33.88 ], [ -97.83, 33.86 ], [ -97.88, 33.85 ], [ -97.97, 33.88 ], [ -97.98, 33.9 ], [ -97.98, 33.91 ], [ -97.96, 33.91 ], [ -97.95, 33.94 ], [ -97.97, 33.94 ], [ -97.95, 33.99 ], [ -97.97, 34.01 ], [ -98.03, 33.99 ], [ -98.09, 34.01 ], [ -98.11, 34.03 ], [ -98.08, 34.04 ], [ -98.12, 34.07 ], [ -98.09, 34.13 ], [ -98.11, 34.15 ], [ -98.13, 34.15 ], [ -98.17, 34.11 ], [ -98.23, 34.13 ], [ -98.29, 34.13 ], [ -98.37, 34.16 ], [ -98.38, 34.15 ], [ -98.38, 34.13 ], [ -98.4, 34.13 ], [ -98.41, 34.09 ], [ -98.49, 34.06 ], [ -98.56, 34.12 ], [ -98.55, 34.13 ], [ -98.6, 34.16 ], [ -98.65, 34.16 ], [ -98.69, 34.13 ], [ -98.73, 34.14 ], [ -98.76, 34.12 ], [ -98.81, 34.16 ], [ -98.86, 34.16 ], [ -98.87, 34.15 ], [ -98.87, 34.17 ], [ -98.92, 34.18 ], [ -98.95, 34.21 ], [ -98.97, 34.2 ], [ -98.99, 34.22 ], [ -99.04, 34.2 ], [ -99.08, 34.21 ], [ -99.13, 34.2 ], [ -99.13, 34.22 ], [ -99.15, 34.21 ], [ -99.19, 34.21 ], [ -99.2, 34.28 ], [ -99.21, 34.29 ], [ -99.21, 34.34 ], [ -99.23, 34.34 ], [ -99.24, 34.37 ], [ -99.27, 34.38 ], [ -99.26, 34.39 ], [ -99.26, 34.4 ], [ -99.28, 34.4 ], [ -99.29, 34.42 ], [ -99.32, 34.41 ], [ -99.37, 34.46 ], [ -99.4, 34.44 ], [ -99.39, 34.41 ], [ -99.41, 34.37 ], [ -99.42, 34.39 ], [ -99.44, 34.37 ], [ -99.51, 34.41 ], [ -99.57, 34.42 ], [ -99.6, 34.37 ], [ -99.69, 34.38 ], [ -99.92, 34.57 ], [ -99.95, 34.58 ], [ -99.97, 34.56 ], [ -100.0, 34.56 ], [ -100.0, 36.5 ], [ -103.0, 36.5 ], [ -103.0, 37.0 ], [ -94.62, 37.0 ] ], [ [ -94.7, 33.7 ], [ -94.73, 33.72 ], [ -94.72, 33.69 ], [ -94.7, 33.7 ] ], [ [ -94.76, 33.75 ], [ -94.76, 33.76 ], [ -94.79, 33.74 ], [ -94.76, 33.75 ] ], [ [ -94.82, 33.77 ], [ -94.83, 33.76 ], [ -94.82, 33.74 ], [ -94.82, 33.77 ] ] ], [ [ [ -94.65, 33.66 ], [ -94.67, 33.67 ], [ -94.65, 33.67 ], [ -94.65, 33.66 ] ] ] ] } },
{ "type": "Feature", "properties": { "GEOIDFQ": "0400000US47", "NAME": "Tennessee" }, "geometry": { "type": "Polygon", "coordinates": [ [ [ -83.69, 36.58 ], [ -83.68, 36.6 ], [ -81.93, 36.59 ], [ -81.92, 36.62 ], [ -81.65, 36.61 ], [ -81.68, 36.59 ], [ -81.68, 36.57 ], [ -81.69, 36.57 ], [ -81.71, 36.54 ], [ -81.7, 36.47 ], [ -81.72, 36.46 ], [ -81.72, 36.42 ], [ -81.74, 36.41 ], [ -81.71, 36.34 ], [ -81.76, 36.34 ], [ -81.79, 36.35 ], [ -81.79, 36.36 ], [ -81.85, 36.34 ], [ -81.91, 36.3 ], [ -82.03, 36.12 ], [ -82.05, 36.13 ], [ -82.08, 36.1 ], [ -82.13, 36.1 ], [ -82.15, 36.15 ], [ -82.18, 36.14 ], [ -82.21, 36.16 ], [ -82.25, 36.13 ], [ -82.29, 36.14 ], [ -82.35, 36.12 ], [ -82.41, 36.08 ], [ -82.46, 36.01 ], [ -82.56, 35.95 ], [ -82.61, 35.97 ], [ -82.61, 36.0 ], [ -82.59, 36.03 ], [ -82.64, 36.07 ], [ -82.78, 36.0 ], [ -82.79, 35.98 ], [ -82.78, 35.97 ], [ -82.81, 35.93 ], [ -82.82, 35.92 ], [ -82.85, 35.95 ], [ -82.87, 35.95 ], [ -82.9, 35.95 ], [ -82.9, 35.93 ], [ -82.92, 35.93 ], [ -82.9, 35.88 ], [ -82.92, 35.87 ], [ -82.92, 35.84 ], [ -82.95, 35.82 ], [ -82.96, 35.79 ], [ -82.99, 35.77 ], [ -83.07, 35.79 ], [ -83.12, 35.77 ], [ -83.16, 35.76 ], [ -83.19, 35.73 ], [ -83.25, 35.72 ], [ -83.25, 35.7 ], [ -83.3, 35.66 ], [ -83.35, 35.66 ], [ -83.4, 35.62 ], [ -83.45, 35.61 ], [ -83.5, 35.56 ], [ -83.58, 35.56 ], [ -83.61, 35.58 ], [ -83.64, 35.57 ], [ -83.75, 35.56 ], [ -83.82, 35.53 ], [ -83.88, 35.52 ], [ -83.91, 35.48 ], [ -83.96, 35.46 ], [ -84.02, 35.41 ], [ -84.01, 35.37 ], [ -84.04, 35.35 ], [ -84.04, 35.31 ], [ -84.02, 35.3 ], [ -84.05, 35.27 ], [ -84.1, 35.25 ], [ -84.12, 35.25 ], [ -84.13, 35.24 ], [ -84.18, 35.24 ], [ -84.22, 35.27 ], [ -84.29, 35.23 ], [ -84.32, 34.99 ], [ -85.47, 34.98 ], [ -88.2, 35.01 ], [ -88.2, 35.0 ], [ -90.31, 35.0 ], [ -90.29, 35.04 ], [ -90.21, 35.03 ], [ -90.18, 35.05 ], [ -90.19, 35.07 ], [ -90.16, 35.12 ], [ -90.14, 35.13 ], [ -90.1, 35.12 ], [ -90.07, 35.14 ], [ -90.07, 35.16 ], [ -90.12, 35.19 ], [ -90.12, 35.2 ], [ -90.1, 35.19 ], [ -90.08, 35.21 ], [ -90.09, 35.25 ], [ -90.11, 35.26 ], [ -90.15, 35.25 ], [ -90.17, 35.28 ], [ -90.16, 35.3 ], [ -90.11, 35.3 ], [ -90.08, 35.38 ], [ -90.13, 35.41 ], [ -90.15, 35.4 ], [ -90.14, 35.38 ], [ -90.17, 35.37 ], [ -90.18, 35.39 ], [ -90.17, 35.42 ], [ -90.13, 35.44 ], [ -90.11, 35.48 ], [ -90.07, 35.47 ], [ -90.07, 35.41 ], [ -90.06, 35.4 ], [ -90.05, 35.41 ], [ -90.0, 35.43 ], [ -90.01, 35.46 ], [ -90.05, 35.5 ], [ -90.03, 35.55 ], [ -89.99, 35.56 ], [ -89.96, 35.54 ], [ -89.96, 35.52 ], [ -89.92, 35.51 ], [ -89.9, 35.52 ], [ -89.91, 35.55 ], [ -89.94, 35.56 ], [ -89.96, 35.59 ], [ -89.86, 35.63 ], [ -89.85, 35.66 ], [ -89.86, 35.67 ], [ -89.89, 35.65 ], [ -89.93, 35.66 ], [ -89.96, 35.69 ], [ -89.96, 35.73 ], [ -89.91, 35.76 ], [ -89.83, 35.75 ], [ -89.8, 35.76 ], [ -89.8, 35.79 ], [ -89.78, 35.81 ], [ -89.73, 35.8 ], [ -89.7, 35.82 ], [ -89.7, 35.84 ], [ -89.77, 35.87 ], [ -89.77, 35.89 ], [ -89.74, 35.91 ], [ -89.72, 35.91 ], [ -89.67, 35.88 ], [ -89.64, 35.89 ], [ -89.64, 35.92 ], [ -89.72, 35.96 ], [ -89.73, 36.0 ], [ -89.71, 36.0 ], [ -89.68, 36.08 ], [ -89.6, 36.12 ], [ -89.59, 36.15 ], [ -89.71, 36.24 ], [ -89.7, 36.25 ], [ -89.6, 36.24 ], [ -89.53, 36.25 ], [ -89.54, 36.28 ], [ -89.58, 36.29 ], [ -89.62, 36.32 ], [ -89.61, 36.34 ], [ -89.53, 36.34 ], [ -89.51, 36.36 ], [ -89.51, 36.38 ], [ -89.55, 36.43 ], [ -89.52, 36.47 ], [ -89.54, 36.5 ], [ -89.49, 36.5 ], [ -89.49, 36.47 ], [ -89.47, 36.46 ], [ -89.45, 36.46 ], [ -89.42, 36.5 ], [ -89.3, 36.51 ], [ -88.05, 36.5 ], [ -88.03, 36.54 ], [ -88.07, 36.68 ], [ -87.85, 36.66 ], [ -87.85, 36.63 ], [ -86.59, 36.65 ], [ -86.56, 36.63 ], [ -86.49, 36.65 ], [ -85.83, 36.62 ], [ -85.5, 36.61 ], [ -85.28, 36.63 ], [ -84.83, 36.6 ], [ -83.69, 36.58 ] ], [ [ -90.05, 35.39 ], [ -90.04, 35.4 ], [ -90.06, 35.4 ], [ -90.05, 35.39 ] ] ] } },
{ "type": "Feature", "properties": { "GEOIDFQ": "0400000US56", "NAME": "Wyoming" }, "geometry": { "type": "Polygon", "coordinates": [ [ [ -111.05, 41.0 ], [ -111.05, 45.0 ], [ -110.79, 45.0 ], [ -110.7, 44.99 ], [ -109.1, 45.01 ], [ -106.13, 44.99 ], [ -105.86, 45.0 ], [ -104.06, 45.0 ], [ -104.05, 41.0 ], [ -111.05, 41.0 ] ] ] } },
{ "type": "Feature", "properties": { "GEOIDFQ": "0400000US25", "NAME": "Massachusetts" }, "geometry": { "type": "Polygon", "coordinates": [ [ [ -71.22, 42.75 ], [ -71.18, 42.74 ], [ -71.19, 42.79 ], [ -71.17, 42.81 ], [ -71.13, 42.82 ], [ -71.06, 42.81 ], [ -71.03, 42.86 ], [ -70.9, 42.89 ], [ -70.85, 42.86 ], [ -70.82, 42.87 ], [ -70.74, 42.87 ], [ -70.75, 42.86 ], [ -70.71, 42.73 ], [ -70.7, 42.72 ], [ -70.63, 42.74 ], [ -70.55, 42.72 ], [ -70.53, 42.71 ], [ -70.5, 42.62 ], [ -70.55, 42.57 ], [ -70.61, 42.53 ], [ -70.69, 42.28 ], [ -70.68, 42.25 ], [ -70.64, 42.23 ], [ -70.64, 42.18 ], [ -70.61, 42.14 ], [ -70.28, 42.11 ], [ -70.23, 42.13 ], [ -70.17, 42.13 ], [ -70.12, 42.13 ], [ -70.04, 42.09 ], [ -70.0, 42.06 ], [ -69.92, 41.96 ], [ -69.87, 41.82 ], [ -69.86, 41.74 ], [ -69.87, 41.66 ], [ -69.92, 41.59 ], [ -69.93, 41.53 ], [ -69.96, 41.5 ], [ -70.0, 41.49 ], [ -70.02, 41.47 ], [ -70.08, 41.47 ], [ -70.13, 41.5 ], [ -70.12, 41.54 ], [ -70.08, 41.56 ], [ -70.06, 41.59 ], [ -70.08, 41.61 ], [ -70.18, 41.59 ], [ -70.25, 41.56 ], [ -70.31, 41.57 ], [ -70.4, 41.56 ], [ -70.45, 41.51 ], [ -70.51, 41.5 ], [ -70.49, 41.46 ], [ -70.44, 41.47 ], [ -70.39, 41.45 ], [ -70.38, 41.37 ], [ -70.32, 41.39 ], [ -70.27, 41.39 ], [ -70.24, 41.39 ], [ -70.22, 41.36 ], [ -70.14, 41.35 ], [ -70.1, 41.35 ], [ -70.12, 41.4 ], [ -70.09, 41.43 ], [ -70.04, 41.44 ], [ -70.01, 41.43 ], [ -69.97, 41.4 ], [ -69.89, 41.29 ], [ -69.9, 41.24 ], [ -69.94, 41.2 ], [ -70.01, 41.19 ], [ -70.11, 41.19 ], [ -70.29, 41.24 ], [ -70.34, 41.28 ], [ -70.37, 41.27 ], [ -70.41, 41.28 ], [ -70.46, 41.27 ], [ -70.51, 41.3 ], [ -70.57, 41.3 ], [ -70.7, 41.29 ], [ -70.73, 41.26 ], [ -70.75, 41.22 ], [ -70.78, 41.2 ], [ -70.82, 41.2 ], [ -70.87, 41.22 ], [ -70.89, 41.25 ], [ -70.89, 41.28 ], [ -70.87, 41.3 ], [ -70.9, 41.33 ], [ -70.9, 41.37 ], [ -70.96, 41.35 ], [ -70.99, 41.35 ], [ -71.03, 41.38 ], [ -71.03, 41.41 ], [ -71.09, 41.43 ], [ -71.12, 41.49 ], [ -71.14, 41.61 ], [ -71.13, 41.66 ], [ -71.2, 41.68 ], [ -71.26, 41.75 ], [ -71.33, 41.78 ], [ -71.34, 41.8 ], [ -71.34, 41.9 ], [ -71.38, 41.89 ], [ -71.38, 42.02 ], [ -71.8, 42.01 ], [ -71.8, 42.02 ], [ -72.53, 42.03 ], [ -72.58, 42.02 ], [ -72.76, 42.04 ], [ -72.77, 42.0 ], [ -72.82, 42.0 ], [ -72.81, 42.04 ], [ -73.5, 42.05 ], [ -73.51, 42.09 ], [ -73.26, 42.75 ], [ -71.29, 42.7 ], [ -71.26, 42.74 ], [ -71.22, 42.75 ] ] ] } },
{ "type": "Feature", "properties": { "GEOIDFQ": "0400000US51", "NAME": "Virginia" }, "geometry": { "type": "Polygon", "coordinates": [ [ [ -76.92, 36.54 ], [ -80.12, 36.54 ], [ -81.68, 36.59 ], [ -81.65, 36.61 ], [ -81.92, 36.62 ], [ -81.93, 36.59 ], [ -83.68, 36.6 ], [ -83.65, 36.62 ], [ -83.53, 36.67 ], [ -83.42, 36.67 ], [ -83.31, 36.71 ], [ -83.19, 36.74 ], [ -83.14, 36.74 ], [ -83.13, 36.78 ], [ -83.1, 36.8 ], [ -83.1, 36.83 ], [ -83.08, 36.84 ], [ -83.07, 36.85 ], [ -83.01, 36.85 ], [ -82.88, 36.89 ], [ -82.86, 36.93 ], [ -82.87, 36.98 ], [ -82.84, 36.99 ], [ -82.83, 37.01 ], [ -82.78, 37.01 ], [ -82.75, 37.02 ], [ -82.74, 37.04 ], [ -82.72, 37.04 ], [ -82.72, 37.12 ], [ -82.63, 37.15 ], [ -82.5, 37.23 ], [ -82.35, 37.27 ], [ -81.97, 37.54 ], [ -81.94, 37.53 ], [ -81.94, 37.51 ], [ -81.95, 37.49 ], [ -81.99, 37.48 ], [ -82.0, 37.47 ], [ -81.99, 37.45 ], [ -81.94, 37.44 ], [ -81.94, 37.42 ], [ -81.92, 37.41 ], [ -81.94, 37.38 ], [ -81.93, 37.36 ], [ -81.86, 37.32 ], [ -81.85, 37.29 ], [ -81.76, 37.28 ], [ -81.74, 37.24 ], [ -81.72, 37.24 ], [ -81.68, 37.2 ], [ -81.55, 37.21 ], [ -81.51, 37.23 ], [ -81.5, 37.26 ], [ -81.48, 37.25 ], [ -81.45, 37.27 ], [ -81.42, 37.27 ], [ -81.39, 37.32 ], [ -81.37, 37.32 ], [ -81.37, 37.34 ], [ -81.23, 37.23 ], [ -81.1, 37.28 ], [ -80.98, 37.3 ], [ -80.98, 37.29 ], [ -80.97, 37.29 ], [ -80.9, 37.32 ], [ -80.85, 37.35 ], [ -80.88, 37.38 ], [ -80.86, 37.43 ], [ -80.78, 37.39 ], [ -80.77, 37.37 ], [ -80.72, 37.39 ], [ -80.55, 37.47 ], [ -80.51, 37.48 ], [ -80.49, 37.46 ], [ -80.49, 37.44 ], [ -80.48, 37.42 ], [ -80.37, 37.48 ], [ -80.31, 37.5 ], [ -80.28, 37.53 ], [ -80.31, 37.53 ], [ -80.33, 37.54 ], [ -80.31, 37.55 ], [ -80.33, 37.56 ], [ -80.26, 37.6 ], [ -80.22, 37.63 ], [ -80.27, 37.65 ], [ -80.3, 37.69 ], [ -80.25, 37.73 ], [ -80.26, 37.76 ], [ -80.23, 37.78 ], [ -80.22, 37.78 ], [ -80.23, 37.8 ], [ -80.18, 37.84 ], [ -80.16, 37.88 ], [ -80.12, 37.9 ], [ -80.0, 37.99 ], [ -79.95, 38.08 ], [ -79.93, 38.11 ], [ -79.95, 38.13 ], [ -79.92, 38.15 ], [ -79.92, 38.18 ], [ -79.85, 38.24 ], [ -79.79, 38.27 ], [ -79.81, 38.31 ], [ -79.76, 38.36 ], [ -79.74, 38.35 ], [ -79.73, 38.36 ], [ -79.73, 38.38 ], [ -79.69, 38.43 ], [ -79.7, 38.49 ], [ -79.66, 38.52 ], [ -79.67, 38.55 ], [ -79.65, 38.59 ], [ -79.54, 38.55 ], [ -79.48, 38.46 ], [ -79.31, 38.41 ], [ -79.28, 38.42 ], [ -79.28, 38.43 ], [ -79.24, 38.45 ], [ -79.21, 38.49 ], [ -79.21, 38.52 ], [ -79.13, 38.66 ], [ -79.09, 38.66 ], [ -79.09, 38.72 ], [ -79.06, 38.76 ], [ -79.05, 38.79 ], [ -79.03, 38.79 ], [ -79.0, 38.85 ], [ -78.87, 38.76 ], [ -78.79, 38.89 ], [ -78.72, 38.94 ], [ -78.72, 38.91 ], [ -78.7, 38.91 ], [ -78.63, 38.98 ], [ -78.6, 38.96 ], [ -78.55, 39.02 ], [ -78.57, 39.03 ], [ -78.4, 39.17 ], [ -78.44, 39.2 ], [ -78.4, 39.24 ], [ -78.42, 39.26 ], [ -78.34, 39.35 ], [ -78.37, 39.36 ], [ -78.34, 39.39 ], [ -78.36, 39.41 ], [ -78.35, 39.47 ], [ -77.83, 39.13 ], [ -77.73, 39.32 ], [ -77.68, 39.32 ], [ -77.62, 39.3 ], [ -77.57, 39.31 ], [ -77.54, 39.27 ], [ -77.46, 39.22 ], [ -77.48, 39.19 ], [ -77.52, 39.17 ], [ -77.52, 39.12 ], [ -77.49, 39.11 ], [ -77.46, 39.07 ], [ -77.34, 39.06 ], [ -77.25, 39.03 ], [ -77.26, 39.0 ], [ -77.25, 38.98 ], [ -77.15, 38.96 ], [ -77.1, 38.91 ], [ -77.07, 38.9 ], [ -77.04, 38.87 ], [ -77.03, 38.85 ], [ -77.03, 38.84 ], [ -77.05, 38.84 ], [ -77.04, 38.83 ], [ -77.04, 38.72 ], [ -77.08, 38.71 ], [ -77.12, 38.69 ], [ -77.13, 38.63 ], [ -77.2, 38.62 ], [ -77.25, 38.59 ], [ -77.26, 38.56 ], [ -77.31, 38.49 ], [ -77.32, 38.43 ], [ -77.3, 38.38 ], [ -77.28, 38.34 ], [ -77.24, 38.33 ], [ -77.16, 38.35 ], [ -77.14, 38.37 ], [ -77.08, 38.37 ], [ -77.04, 38.4 ], [ -77.01, 38.37 ], [ -77.03, 38.31 ], [ -76.96, 38.26 ], [ -76.95, 38.21 ], [ -76.84, 38.16 ], [ -76.76, 38.17 ], [ -76.61, 38.15 ], [ -76.6, 38.11 ], [ -76.54, 38.07 ], [ -76.52, 38.03 ], [ -76.47, 38.01 ], [ -76.41, 37.97 ], [ -76.33, 37.94 ], [ -76.24, 37.89 ], [ -76.05, 37.95 ], [ -75.94, 37.95 ], [ -75.95, 37.91 ], [ -75.8, 37.91 ], [ -75.76, 37.94 ], [ -75.7, 37.95 ], [ -75.65, 37.95 ], [ -75.65, 37.97 ], [ -75.62, 37.99 ], [ -75.17, 38.03 ], [ -75.3, 37.84 ], [ -75.36, 37.81 ], [ -75.42, 37.82 ], [ -75.46, 37.77 ], [ -75.54, 37.61 ], [ -75.53, 37.56 ], [ -75.59, 37.48 ], [ -75.6, 37.42 ], [ -75.64, 37.37 ], [ -75.64, 37.34 ], [ -75.72, 37.28 ], [ -75.73, 37.25 ], [ -75.73, 37.22 ], [ -75.77, 37.15 ], [ -75.89, 37.05 ], [ -75.93, 36.94 ], [ -75.87, 36.74 ], [ -75.8, 36.55 ], [ -76.92, 36.55 ], [ -76.92, 36.54 ] ] ] } },
{ "type": "Feature", "properties": { "GEOIDFQ": "0400000US11", "NAME": "District of Columbia" }, "geometry": { "type": "Polygon", "coordinates": [ [ [ -77.04, 39.0 ], [ -76.91, 38.89 ], [ -77.04, 38.79 ], [ -77.04, 38.87 ], [ -77.12, 38.93 ], [ -77.04, 39.0 ] ] ] } },
{ "type": "Feature", "properties": { "GEOIDFQ": "0400000US19", "NAME": "Iowa" }, "geometry": { "type": "Polygon", "coordinates": [ [ [ -91.22, 43.5 ], [ -91.23, 43.46 ], [ -91.2, 43.41 ], [ -91.21, 43.37 ], [ -91.21, 43.35 ], [ -91.11, 43.31 ], [ -91.06, 43.26 ], [ -91.12, 43.2 ], [ -91.15, 43.15 ], [ -91.18, 43.13 ], [ -91.18, 43.07 ], [ -91.15, 42.96 ], [ -91.15, 42.91 ], [ -91.1, 42.88 ], [ -91.07, 42.75 ], [ -90.95, 42.69 ], [ -90.71, 42.63 ], [ -90.64, 42.52 ], [ -90.66, 42.49 ], [ -90.65, 42.48 ], [ -90.57, 42.44 ], [ -90.56, 42.42 ], [ -90.48, 42.38 ], [ -90.44, 42.36 ], [ -90.42, 42.32 ], [ -90.43, 42.28 ], [ -90.39, 42.23 ], [ -90.23, 42.17 ], [ -90.21, 42.15 ], [ -90.2, 42.13 ], [ -90.17, 42.12 ], [ -90.16, 42.04 ], [ -90.14, 42.0 ], [ -90.16, 41.96 ], [ -90.15, 41.91 ], [ -90.18, 41.84 ], [ -90.18, 41.81 ], [ -90.28, 41.77 ], [ -90.31, 41.74 ], [ -90.31, 41.7 ], [ -90.33, 41.68 ], [ -90.34, 41.65 ], [ -90.34, 41.59 ], [ -90.41, 41.57 ], [ -90.46, 41.52 ], [ -90.5, 41.52 ], [ -90.54, 41.53 ], [ -90.59, 41.51 ], [ -90.66, 41.46 ], [ -90.75, 41.45 ], [ -90.85, 41.46 ], [ -90.93, 41.42 ], [ -90.98, 41.43 ], [ -91.05, 41.41 ], [ -91.07, 41.31 ], [ -91.11, 41.24 ], [ -91.04, 41.17 ], [ -90.99, 41.16 ], [ -90.95, 41.1 ], [ -90.95, 40.95 ], [ -90.97, 40.92 ], [ -91.01, 40.9 ], [ -91.09, 40.82 ], [ -91.09, 40.78 ], [ -91.12, 40.67 ], [ -91.19, 40.64 ], [ -91.25, 40.64 ], [ -91.34, 40.61 ], [ -91.41, 40.55 ], [ -91.4, 40.54 ], [ -91.36, 40.5 ], [ -91.38, 40.45 ], [ -91.38, 40.39 ], [ -91.42, 40.38 ], [ -91.44, 40.39 ], [ -91.45, 40.38 ], [ -91.46, 40.39 ], [ -91.48, 40.38 ], [ -91.49, 40.4 ], [ -91.53, 40.41 ], [ -91.53, 40.46 ], [ -91.57, 40.47 ], [ -91.59, 40.49 ], [ -91.62, 40.51 ], [ -91.62, 40.54 ], [ -91.69, 40.56 ], [ -91.69, 40.58 ], [ -91.73, 40.61 ], [ -92.69, 40.59 ], [ -94.27, 40.57 ], [ -95.77, 40.59 ], [ -95.75, 40.6 ], [ -95.78, 40.65 ], [ -95.84, 40.68 ], [ -95.85, 40.7 ], [ -95.89, 40.73 ], [ -95.88, 40.75 ], [ -95.84, 40.78 ], [ -95.85, 40.86 ], [ -95.81, 40.89 ], [ -95.84, 40.93 ], [ -95.83, 40.98 ], [ -95.87, 41.0 ], [ -95.86, 41.04 ], [ -95.88, 41.06 ], [ -95.86, 41.09 ], [ -95.88, 41.16 ], [ -95.84, 41.18 ], [ -95.86, 41.19 ], [ -95.92, 41.19 ], [ -95.93, 41.2 ], [ -95.91, 41.23 ], [ -95.93, 41.3 ], [ -95.91, 41.3 ], [ -95.91, 41.28 ], [ -95.9, 41.27 ], [ -95.87, 41.3 ], [ -95.88, 41.32 ], [ -95.93, 41.32 ], [ -95.96, 41.35 ], [ -95.93, 41.37 ], [ -95.94, 41.39 ], [ -95.92, 41.46 ], [ -96.01, 41.48 ], [ -96.02, 41.49 ], [ -95.99, 41.51 ], [ -96.01, 41.54 ], [ -96.03, 41.54 ], [ -96.04, 41.51 ], [ -96.1, 41.54 ], [ -96.08, 41.58 ], [ -96.12, 41.61 ], [ -96.1, 41.65 ], [ -96.12, 41.68 ], [ -96.11, 41.7 ], [ -96.07, 41.7 ], [ -96.11, 41.74 ], [ -96.08, 41.76 ], [ -96.06, 41.79 ], [ -96.11, 41.82 ], [ -96.11, 41.85 ], [ -96.14, 41.87 ], [ -96.16, 41.9 ], [ -96.14, 41.92 ], [ -96.14, 41.94 ], [ -96.13, 41.97 ], [ -96.19, 41.98 ], [ -96.18, 42.0 ], [ -96.19, 42.01 ], [ -96.24, 42.0 ], [ -96.22, 42.03 ], [ -96.27, 42.05 ], [ -96.27, 42.11 ], [ -96.31, 42.13 ], [ -96.35, 42.17 ], [ -96.36, 42.21 ], [ -96.32, 42.23 ], [ -96.33, 42.25 ], [ -96.37, 42.29 ], [ -96.38, 42.32 ], [ -96.42, 42.35 ], [ -96.42, 42.4 ], [ -96.38, 42.45 ], [ -96.39, 42.47 ], [ -96.4, 42.49 ], [ -96.48, 42.49 ], [ -96.48, 42.51 ], [ -96.49, 42.52 ], [ -96.48, 42.53 ], [ -96.48, 42.56 ], [ -96.5, 42.56 ], [ -96.49, 42.58 ], [ -96.51, 42.61 ], [ -96.53, 42.61 ], [ -96.52, 42.63 ], [ -96.54, 42.66 ], [ -96.56, 42.66 ], [ -96.57, 42.68 ], [ -96.58, 42.67 ], [ -96.58, 42.68 ], [ -96.63, 42.71 ], [ -96.62, 42.73 ], [ -96.64, 42.74 ], [ -96.62, 42.75 ], [ -96.64, 42.77 ], [ -96.6, 42.79 ], [ -96.58, 42.84 ], [ -96.56, 42.83 ], [ -96.55, 42.84 ], [ -96.54, 42.88 ], [ -96.53, 42.89 ], [ -96.54, 42.9 ], [ -96.54, 42.92 ], [ -96.52, 42.93 ], [ -96.5, 42.96 ], [ -96.52, 42.98 ], [ -96.49, 43.01 ], [ -96.52, 43.04 ], [ -96.46, 43.06 ], [ -96.46, 43.09 ], [ -96.44, 43.12 ], [ -96.47, 43.15 ], [ -96.48, 43.22 ], [ -96.56, 43.22 ], [ -96.57, 43.24 ], [ -96.55, 43.25 ], [ -96.55, 43.26 ], [ -96.59, 43.27 ], [ -96.58, 43.28 ], [ -96.59, 43.3 ], [ -96.55, 43.29 ], [ -96.53, 43.31 ], [ -96.54, 43.34 ], [ -96.52, 43.39 ], [ -96.57, 43.42 ], [ -96.57, 43.43 ], [ -96.59, 43.43 ], [ -96.6, 43.45 ], [ -96.58, 43.48 ], [ -96.6, 43.5 ], [ -91.22, 43.5 ] ] ] } },
{ "type": "Feature", "properties": { "GEOIDFQ": "0400000US04", "NAME": "Arizona" }, "geometry": { "type": "Polygon", "coordinates": [ [ [ -109.05, 37.0 ], [ -109.05, 31.33 ], [ -111.07, 31.33 ], [ -114.81, 32.49 ], [ -114.81, 32.55 ], [ -114.79, 32.56 ], [ -114.79, 32.57 ], [ -114.81, 32.56 ], [ -114.8, 32.59 ], [ -114.81, 32.62 ], [ -114.76, 32.64 ], [ -114.7, 32.74 ], [ -114.62, 32.73 ], [ -114.54, 32.75 ], [ -114.53, 32.76 ], [ -114.53, 32.8 ], [ -114.47, 32.85 ], [ -114.46, 32.91 ], [ -114.48, 32.94 ], [ -114.47, 32.97 ], [ -114.49, 32.97 ], [ -114.51, 33.02 ], [ -114.57, 33.04 ], [ -114.62, 33.03 ], [ -114.65, 33.05 ], [ -114.66, 33.03 ], [ -114.69, 33.08 ], [ -114.71, 33.09 ], [ -114.68, 33.19 ], [ -114.67, 33.22 ], [ -114.69, 33.25 ], [ -114.67, 33.26 ], [ -114.73, 33.3 ], [ -114.7, 33.35 ], [ -114.73, 33.41 ], [ -114.64, 33.42 ], [ -114.59, 33.5 ], [ -114.52, 33.55 ], [ -114.54, 33.59 ], [ -114.52, 33.61 ], [ -114.53, 33.65 ], [ -114.51, 33.66 ], [ -114.53, 33.68 ], [ -114.49, 33.71 ], [ -114.51, 33.73 ], [ -114.5, 33.76 ], [ -114.53, 33.81 ], [ -114.53, 33.86 ], [ -114.5, 33.87 ], [ -114.53, 33.9 ], [ -114.51, 33.9 ], [ -114.54, 33.93 ], [ -114.52, 33.96 ], [ -114.46, 33.99 ], [ -114.47, 34.01 ], [ -114.44, 34.02 ], [ -114.43, 34.09 ], [ -114.42, 34.11 ], [ -114.37, 34.12 ], [ -114.35, 34.13 ], [ -114.32, 34.14 ], [ -114.29, 34.17 ], [ -114.23, 34.19 ], [ -114.16, 34.26 ], [ -114.13, 34.26 ], [ -114.14, 34.3 ], [ -114.18, 34.35 ], [ -114.23, 34.37 ], [ -114.34, 34.45 ], [ -114.37, 34.45 ], [ -114.39, 34.46 ], [ -114.38, 34.53 ], [ -114.44, 34.6 ], [ -114.42, 34.61 ], [ -114.46, 34.66 ], [ -114.45, 34.67 ], [ -114.47, 34.71 ], [ -114.55, 34.77 ], [ -114.59, 34.84 ], [ -114.64, 34.88 ], [ -114.64, 35.03 ], [ -114.6, 35.07 ], [ -114.65, 35.1 ], [ -114.63, 35.12 ], [ -114.58, 35.13 ], [ -114.57, 35.18 ], [ -114.6, 35.36 ], [ -114.63, 35.41 ], [ -114.66, 35.45 ], [ -114.68, 35.5 ], [ -114.66, 35.53 ], [ -114.68, 35.58 ], [ -114.66, 35.59 ], [ -114.65, 35.61 ], [ -114.69, 35.65 ], [ -114.68, 35.68 ], [ -114.71, 35.71 ], [ -114.69, 35.76 ], [ -114.71, 35.81 ], [ -114.7, 35.83 ], [ -114.71, 35.85 ], [ -114.66, 35.87 ], [ -114.71, 35.91 ], [ -114.74, 35.98 ], [ -114.74, 36.01 ], [ -114.72, 36.03 ], [ -114.74, 36.04 ], [ -114.74, 36.06 ], [ -114.75, 36.09 ], [ -114.73, 36.1 ], [ -114.66, 36.12 ], [ -114.63, 36.14 ], [ -114.62, 36.13 ], [ -114.57, 36.15 ], [ -114.51, 36.15 ], [ -114.5, 36.13 ], [ -114.46, 36.14 ], [ -114.45, 36.13 ], [ -114.41, 36.15 ], [ -114.37, 36.14 ], [ -114.31, 36.08 ], [ -114.31, 36.06 ], [ -114.27, 36.05 ], [ -114.24, 36.02 ], [ -114.15, 36.02 ], [ -114.14, 36.04 ], [ -114.11, 36.09 ], [ -114.12, 36.11 ], [ -114.1, 36.12 ], [ -114.07, 36.18 ], [ -114.04, 36.19 ], [ -114.05, 37.0 ], [ -109.05, 37.0 ] ] ] } },
{ "type": "Feature", "properties": { "GEOIDFQ": "0400000US48", "NAME": "Texas" }, "geometry": { "type": "MultiPolygon", "coordinates": [ [ [ [ -98.37, 34.16 ], [ -98.29, 34.13 ], [ -98.23, 34.13 ], [ -98.17, 34.11 ], [ -98.13, 34.15 ], [ -98.11, 34.15 ], [ -98.09, 34.12 ], [ -98.12, 34.07 ], [ -98.08, 34.04 ], [ -98.11, 34.03 ], [ -98.09, 34.01 ], [ -98.03, 33.99 ], [ -97.97, 34.01 ], [ -97.95, 33.99 ], [ -97.97, 33.94 ], [ -97.95, 33.94 ], [ -97.96, 33.91 ], [ -97.98, 33.91 ], [ -97.98, 33.9 ], [ -97.97, 33.88 ], [ -97.87, 33.85 ], [ -97.83, 33.86 ], [ -97.82, 33.88 ], [ -97.81, 33.88 ], [ -97.8, 33.9 ], [ -97.78, 33.89 ], [ -97.78, 33.92 ], [ -97.76, 33.91 ], [ -97.76, 33.93 ], [ -97.73, 33.94 ], [ -97.69, 33.98 ], [ -97.67, 33.99 ], [ -97.59, 33.95 ], [ -97.6, 33.92 ], [ -97.58, 33.9 ], [ -97.55, 33.9 ], [ -97.5, 33.92 ], [ -97.46, 33.91 ], [ -97.45, 33.89 ], [ -97.46, 33.84 ], [ -97.43, 33.82 ], [ -97.37, 33.82 ], [ -97.33, 33.88 ], [ -97.33, 33.86 ], [ -97.31, 33.87 ], [ -97.31, 33.89 ], [ -97.27, 33.86 ], [ -97.26, 33.86 ], [ -97.25, 33.9 ], [ -97.21, 33.92 ], [ -97.18, 33.9 ], [ -97.17, 33.85 ], [ -97.2, 33.82 ], [ -97.19, 33.76 ], [ -97.16, 33.73 ], [ -97.13, 33.72 ], [ -97.09, 33.74 ], [ -97.09, 33.8 ], [ -97.05, 33.82 ], [ -97.05, 33.83 ], [ -97.09, 33.84 ], [ -97.09, 33.85 ], [ -97.06, 33.86 ], [ -97.04, 33.84 ], [ -96.98, 33.89 ], [ -96.99, 33.95 ], [ -96.97, 33.94 ], [ -96.92, 33.96 ], [ -96.88, 33.86 ], [ -96.85, 33.85 ], [ -96.83, 33.87 ], [ -96.79, 33.87 ], [ -96.76, 33.82 ], [ -96.7, 33.84 ], [ -96.68, 33.91 ], [ -96.66, 33.92 ], [ -96.63, 33.89 ], [ -96.59, 33.89 ], [ -96.63, 33.84 ], [ -96.57, 33.82 ], [ -96.53, 33.82 ], [ -96.5, 33.77 ], [ -96.42, 33.78 ], [ -96.35, 33.69 ], [ -96.31, 33.71 ], [ -96.29, 33.77 ], [ -96.23, 33.75 ], [ -96.19, 33.76 ], [ -96.17, 33.8 ], [ -96.18, 33.81 ], [ -96.16, 33.81 ], [ -96.15, 33.82 ], [ -96.15, 33.84 ], [ -96.1, 33.83 ], [ -96.1, 33.85 ], [ -96.05, 33.84 ], [ -96.03, 33.86 ], [ -96.02, 33.84 ], [ -96.0, 33.85 ], [ -96.0, 33.87 ], [ -95.98, 33.87 ], [ -95.98, 33.85 ], [ -95.95, 33.86 ], [ -95.93, 33.88 ], [ -95.83, 33.83 ], [ -95.82, 33.86 ], [ -95.76, 33.85 ], [ -95.75, 33.89 ], [ -95.7, 33.89 ], [ -95.67, 33.91 ], [ -95.63, 33.9 ], [ -95.59, 33.94 ], [ -95.55, 33.93 ], [ -95.54, 33.88 ], [ -95.51, 33.9 ], [ -95.5, 33.88 ], [ -95.46, 33.89 ], [ -95.46, 33.87 ], [ -95.44, 33.87 ], [ -95.36, 33.87 ], [ -95.33, 33.89 ], [ -95.29, 33.87 ], [ -95.28, 33.88 ], [ -95.28, 33.91 ], [ -95.27, 33.91 ], [ -95.26, 33.89 ], [ -95.25, 33.94 ], [ -95.22, 33.96 ], [ -95.12, 33.93 ], [ -95.13, 33.91 ], [ -95.12, 33.9 ], [ -95.08, 33.92 ], [ -95.08, 33.91 ], [ -95.1, 33.9 ], [ -95.09, 33.88 ], [ -95.08, 33.88 ], [ -95.08, 33.9 ], [ -95.06, 33.9 ], [ -95.05, 33.86 ], [ -95.0, 33.86 ], [ -94.99, 33.85 ], [ -94.97, 33.86 ], [ -94.96, 33.84 ], [ -94.94, 33.83 ], [ -94.95, 33.81 ], [ -94.92, 33.81 ], [ -94.92, 33.79 ], [ -94.88, 33.76 ], [ -94.88, 33.75 ], [ -94.86, 33.74 ], [ -94.82, 33.73 ], [ -94.82, 33.77 ], [ -94.8, 33.73 ], [ -94.79, 33.74 ], [ -94.77, 33.73 ], [ -94.75, 33.73 ], [ -94.75, 33.71 ], [ -94.74, 33.69 ], [ -94.72, 33.69 ], [ -94.68, 33.68 ], [ -94.67, 33.69 ], [ -94.65, 33.69 ], [ -94.64, 33.7 ], [ -94.65, 33.67 ], [ -94.62, 33.68 ], [ -94.6, 33.66 ], [ -94.59, 33.69 ], [ -94.58, 33.67 ], [ -94.56, 33.67 ], [ -94.59, 33.65 ], [ -94.55, 33.66 ], [ -94.54, 33.65 ], [ -94.57, 33.63 ], [ -94.52, 33.64 ], [ -94.53, 33.62 ], [ -94.52, 33.63 ], [ -94.5, 33.62 ], [ -94.49, 33.64 ], [ -94.45, 33.64 ], [ -94.47, 33.6 ], [ -94.43, 33.59 ], [ -94.41, 33.57 ], [ -94.38, 33.58 ], [ -94.38, 33.57 ], [ -94.4, 33.56 ], [ -94.39, 33.55 ], [ -94.35, 33.54 ], [ -94.34, 33.57 ], [ -94.33, 33.55 ], [ -94.31, 33.55 ], [ -94.29, 33.58 ], [ -94.29, 33.56 ], [ -94.28, 33.56 ], [ -94.24, 33.59 ], [ -94.25, 33.56 ], [ -94.23, 33.55 ], [ -94.21, 33.57 ], [ -94.2, 33.56 ], [ -94.19, 33.57 ], [ -94.22, 33.58 ], [ -94.18, 33.59 ], [ -94.16, 33.58 ], [ -94.14, 33.58 ], [ -94.15, 33.57 ], [ -94.14, 33.57 ], [ -94.13, 33.55 ], [ -94.12, 33.57 ], [ -94.07, 33.57 ], [ -94.06, 33.56 ], [ -94.07, 33.55 ], [ -94.04, 33.55 ], [ -94.04, 31.99 ], [ -94.02, 31.99 ], [ -93.97, 31.92 ], [ -93.93, 31.91 ], [ -93.93, 31.89 ], [ -93.9, 31.9 ], [ -93.9, 31.87 ], [ -93.88, 31.87 ], [ -93.89, 31.86 ], [ -93.87, 31.81 ], [ -93.84, 31.8 ], [ -93.84, 31.78 ], [ -93.82, 31.78 ], [ -93.84, 31.75 ], [ -93.81, 31.73 ], [ -93.82, 31.71 ], [ -93.79, 31.7 ], [ -93.83, 31.67 ], [ -93.81, 31.65 ], [ -93.83, 31.62 ], [ -93.82, 31.61 ], [ -93.84, 31.61 ], [ -93.83, 31.59 ], [ -93.79, 31.53 ], [ -93.75, 31.53 ], [ -93.74, 31.52 ], [ -93.71, 31.51 ], [ -93.72, 31.49 ], [ -93.75, 31.48 ], [ -93.75, 31.47 ], [ -93.7, 31.46 ], [ -93.71, 31.44 ], [ -93.69, 31.44 ], [ -93.7, 31.41 ], [ -93.67, 31.4 ], [ -93.67, 31.37 ], [ -93.64, 31.37 ], [ -93.67, 31.35 ], [ -93.69, 31.31 ], [ -93.64, 31.27 ], [ -93.62, 31.27 ], [ -93.62, 31.23 ], [ -93.6, 31.23 ], [ -93.61, 31.2 ], [ -93.59, 31.17 ], [ -93.55, 31.19 ], [ -93.53, 31.18 ], [ -93.54, 31.16 ], [ -93.55, 31.16 ], [ -93.54, 31.12 ], [ -93.56, 31.09 ], [ -93.55, 31.09 ], [ -93.55, 31.08 ], [ -93.53, 31.07 ], [ -93.52, 31.06 ], [ -93.53, 31.05 ], [ -93.51, 31.03 ], [ -93.54, 31.01 ], [ -93.57, 31.01 ], [ -93.58, 31.0 ], [ -93.56, 30.99 ], [ -93.57, 30.97 ], [ -93.53, 30.96 ], [ -93.53, 30.94 ], [ -93.56, 30.91 ], [ -93.55, 30.9 ], [ -93.57, 30.88 ], [ -93.56, 30.87 ], [ -93.57, 30.84 ], [ -93.55, 30.82 ], [ -93.56, 30.81 ], [ -93.58, 30.8 ], [ -93.59, 30.76 ], [ -93.61, 30.76 ], [ -93.62, 30.73 ], [ -93.61, 30.72 ], [ -93.62, 30.72 ], [ -93.63, 30.68 ], [ -93.68, 30.64 ], [ -93.68, 30.59 ], [ -93.71, 30.59 ], [ -93.74, 30.54 ], [ -93.71, 30.52 ], [ -93.72, 30.48 ], [ -93.7, 30.44 ], [ -93.72, 30.42 ], [ -93.76, 30.39 ], [ -93.75, 30.36 ], [ -93.77, 30.33 ], [ -93.75, 30.33 ], [ -93.74, 30.3 ], [ -93.7, 30.29 ], [ -93.7, 30.24 ], [ -93.72, 30.21 ], [ -93.7, 30.18 ], [ -93.71, 30.15 ], [ -93.7, 30.15 ], [ -93.69, 30.14 ], [ -93.7, 30.14 ], [ -93.72, 30.08 ], [ -93.72, 30.07 ], [ -93.74, 30.02 ], [ -93.79, 29.99 ], [ -93.84, 29.88 ], [ -93.93, 29.81 ], [ -93.93, 29.79 ], [ -93.89, 29.77 ], [ -93.89, 29.74 ], [ -93.87, 29.74 ], [ -93.84, 29.69 ], [ -93.81, 29.6 ], [ -93.85, 29.6 ], [ -93.88, 29.62 ], [ -94.03, 29.63 ], [ -94.63, 29.4 ], [ -94.65, 29.38 ], [ -94.62, 29.34 ], [ -94.65, 29.29 ], [ -94.68, 29.28 ], [ -94.71, 29.28 ], [ -94.77, 29.23 ], [ -95.09, 29.07 ], [ -95.11, 29.01 ], [ -95.23, 28.91 ], [ -95.31, 28.86 ], [ -95.33, 28.83 ], [ -95.42, 28.81 ], [ -95.78, 28.63 ], [ -96.24, 28.42 ], [ -96.28, 28.38 ], [ -96.32, 28.36 ], [ -96.38, 28.29 ], [ -96.53, 28.22 ], [ -96.75, 28.08 ], [ -96.84, 28.0 ], [ -96.96, 27.88 ], [ -96.98, 27.8 ], [ -97.05, 27.75 ], [ -97.2, 27.5 ], [ -97.29, 27.28 ], [ -97.32, 27.11 ], [ -97.32, 27.01 ], [ -97.3, 26.83 ], [ -97.13, 26.25 ], [ -97.11, 26.1 ], [ -97.09, 26.08 ], [ -97.09, 25.96 ], [ -97.16, 25.95 ], [ -97.16, 25.96 ], [ -97.18, 25.97 ], [ -97.19, 25.95 ], [ -97.21, 25.96 ], [ -97.25, 25.95 ], [ -97.28, 25.96 ], [ -97.28, 25.94 ], [ -97.3, 25.94 ], [ -97.33, 25.92 ], [ -97.35, 25.93 ], [ -97.37, 25.92 ], [ -97.38, 25.91 ], [ -97.36, 25.89 ], [ -97.36, 25.88 ], [ -97.36, 25.87 ], [ -97.38, 25.86 ], [ -97.36, 25.85 ], [ -97.37, 25.84 ], [ -97.39, 25.84 ], [ -97.41, 25.84 ], [ -97.45, 25.85 ], [ -97.44, 25.87 ], [ -97.46, 25.87 ], [ -97.46, 25.88 ], [ -97.5, 25.88 ], [ -97.5, 25.9 ], [ -97.52, 25.89 ], [ -97.53, 25.92 ], [ -97.54, 25.92 ], [ -97.54, 25.93 ], [ -97.58, 25.93 ], [ -97.58, 25.94 ], [ -97.58, 25.96 ], [ -97.6, 25.96 ], [ -97.61, 25.98 ], [ -97.62, 25.99 ], [ -97.62, 26.0 ], [ -97.65, 26.01 ], [ -97.64, 26.02 ], [ -97.67, 26.02 ], [ -97.66, 26.03 ], [ -97.66, 26.04 ], [ -97.68, 26.03 ], [ -97.69, 26.03 ], [ -97.69, 26.02 ], [ -97.71, 26.04 ], [ -97.71, 26.03 ], [ -97.73, 26.03 ], [ -97.73, 26.02 ], [ -97.74, 26.02 ], [ -97.76, 26.03 ], [ -97.77, 26.05 ], [ -97.78, 26.03 ], [ -97.79, 26.03 ], [ -97.8, 26.06 ], [ -97.81, 26.04 ], [ -97.82, 26.06 ], [ -97.83, 26.05 ], [ -97.86, 26.05 ], [ -97.86, 26.07 ], [ -97.87, 26.06 ], [ -97.89, 26.07 ], [ -97.93, 26.05 ], [ -97.95, 26.06 ], [ -97.97, 26.05 ], [ -97.98, 26.07 ], [ -98.01, 26.06 ], [ -98.03, 26.07 ], [ -98.04, 26.04 ], [ -98.08, 26.04 ], [ -98.08, 26.07 ], [ -98.09, 26.06 ], [ -98.13, 26.06 ], [ -98.13, 26.07 ], [ -98.15, 26.05 ], [ -98.18, 26.08 ], [ -98.18, 26.06 ], [ -98.19, 26.05 ], [ -98.22, 26.08 ], [ -98.25, 26.07 ], [ -98.29, 26.1 ], [ -98.27, 26.11 ], [ -98.27, 26.12 ], [ -98.3, 26.12 ], [ -98.31, 26.1 ], [ -98.34, 26.14 ], [ -98.34, 26.17 ], [ -98.35, 26.15 ], [ -98.36, 26.17 ], [ -98.37, 26.16 ], [ -98.39, 26.16 ], [ -98.4, 26.18 ], [ -98.44, 26.2 ], [ -98.44, 26.22 ], [ -98.48, 26.22 ], [ -98.48, 26.2 ], [ -98.49, 26.21 ], [ -98.51, 26.21 ], [ -98.5, 26.22 ], [ -98.52, 26.22 ], [ -98.52, 26.24 ], [ -98.53, 26.23 ], [ -98.54, 26.24 ], [ -98.55, 26.24 ], [ -98.56, 26.22 ], [ -98.57, 26.24 ], [ -98.58, 26.24 ], [ -98.58, 26.26 ], [ -98.62, 26.25 ], [ -98.62, 26.26 ], [ -98.63, 26.24 ], [ -98.67, 26.24 ], [ -98.68, 26.26 ], [ -98.72, 26.27 ], [ -98.7, 26.29 ], [ -98.75, 26.3 ], [ -98.75, 26.31 ], [ -98.74, 26.31 ], [ -98.75, 26.33 ], [ -98.79, 26.33 ], [ -98.81, 26.37 ], [ -98.9, 26.35 ], [ -98.93, 26.39 ], [ -98.94, 26.37 ], [ -98.96, 26.38 ], [ -98.95, 26.39 ], [ -98.97, 26.4 ], [ -99.01, 26.39 ], [ -99.04, 26.41 ], [ -99.09, 26.4 ], [ -99.11, 26.43 ], [ -99.09, 26.47 ], [ -99.1, 26.5 ], [ -99.13, 26.53 ], [ -99.17, 26.54 ], [ -99.18, 26.62 ], [ -99.2, 26.66 ], [ -99.21, 26.72 ], [ -99.24, 26.75 ], [ -99.24, 26.79 ], [ -99.27, 26.84 ], [ -99.33, 26.88 ], [ -99.32, 26.92 ], [ -99.39, 26.94 ], [ -99.39, 26.96 ], [ -99.38, 26.98 ], [ -99.42, 27.02 ], [ -99.43, 27.01 ], [ -99.45, 27.02 ], [ -99.45, 27.06 ], [ -99.43, 27.09 ], [ -99.44, 27.11 ], [ -99.43, 27.18 ], [ -99.45, 27.22 ], [ -99.44, 27.25 ], [ -99.46, 27.27 ], [ -99.49, 27.26 ], [ -99.49, 27.3 ], [ -99.54, 27.32 ], [ -99.5, 27.34 ], [ -99.49, 27.41 ], [ -99.5, 27.45 ], [ -99.48, 27.48 ], [ -99.5, 27.5 ], [ -99.53, 27.5 ], [ -99.51, 27.57 ], [ -99.55, 27.61 ], [ -99.58, 27.6 ], [ -99.58, 27.62 ], [ -99.6, 27.64 ], [ -99.62, 27.64 ], [ -99.64, 27.63 ], [ -99.67, 27.64 ], [ -99.66, 27.65 ], [ -99.67, 27.66 ], [ -99.69, 27.67 ], [ -99.71, 27.66 ], [ -99.77, 27.73 ], [ -99.8, 27.74 ], [ -99.81, 27.77 ], [ -99.84, 27.76 ], [ -99.85, 27.79 ], [ -99.88, 27.8 ], [ -99.88, 27.84 ], [ -99.9, 27.88 ], [ -99.89, 27.9 ], [ -99.94, 27.94 ], [ -99.93, 27.98 ], [ -99.99, 27.99 ], [ -100.02, 28.06 ], [ -100.05, 28.08 ], [ -100.08, 28.14 ], [ -100.21, 28.19 ], [ -100.22, 28.23 ], [ -100.25, 28.24 ], [ -100.29, 28.28 ], [ -100.29, 28.31 ], [ -100.34, 28.39 ], [ -100.34, 28.44 ], [ -100.37, 28.48 ], [ -100.33, 28.5 ], [ -100.39, 28.51 ], [ -100.41, 28.55 ], [ -100.4, 28.59 ], [ -100.45, 28.61 ], [ -100.45, 28.64 ], [ -100.5, 28.66 ], [ -100.51, 28.74 ], [ -100.53, 28.76 ], [ -100.54, 28.81 ], [ -100.55, 28.83 ], [ -100.57, 28.83 ], [ -100.6, 28.9 ], [ -100.63, 28.9 ], [ -100.64, 28.91 ], [ -100.63, 28.92 ], [ -100.65, 28.94 ], [ -100.65, 28.99 ], [ -100.68, 29.1 ], [ -100.77, 29.17 ], [ -100.77, 29.2 ], [ -100.81, 29.26 ], [ -100.88, 29.28 ], [ -100.89, 29.31 ], [ -101.01, 29.37 ], [ -101.06, 29.46 ], [ -101.15, 29.47 ], [ -101.17, 29.51 ], [ -101.25, 29.52 ], [ -101.26, 29.54 ], [ -101.24, 29.57 ], [ -101.25, 29.62 ], [ -101.27, 29.63 ], [ -101.29, 29.57 ], [ -101.31, 29.58 ], [ -101.3, 29.65 ], [ -101.35, 29.66 ], [ -101.36, 29.65 ], [ -101.37, 29.7 ], [ -101.42, 29.75 ], [ -101.4, 29.77 ], [ -101.45, 29.75 ], [ -101.46, 29.79 ], [ -101.54, 29.76 ], [ -101.54, 29.81 ], [ -101.57, 29.8 ], [ -101.58, 29.77 ], [ -101.63, 29.77 ], [ -101.64, 29.75 ], [ -101.66, 29.77 ], [ -101.71, 29.76 ], [ -101.72, 29.78 ], [ -101.77, 29.79 ], [ -101.81, 29.78 ], [ -101.81, 29.79 ], [ -101.8, 29.8 ], [ -101.82, 29.81 ], [ -101.82, 29.79 ], [ -101.85, 29.81 ], [ -101.88, 29.79 ], [ -101.91, 29.8 ], [ -101.93, 29.78 ], [ -101.94, 29.8 ], [ -101.96, 29.8 ], [ -101.98, 29.82 ], [ -101.99, 29.8 ], [ -102.04, 29.8 ], [ -102.05, 29.79 ], [ -102.07, 29.79 ], [ -102.14, 29.8 ], [ -102.18, 29.83 ], [ -102.19, 29.85 ], [ -102.2, 29.84 ], [ -102.22, 29.84 ], [ -102.24, 29.85 ], [ -102.25, 29.86 ], [ -102.26, 29.85 ], [ -102.26, 29.87 ], [ -102.28, 29.86 ], [ -102.32, 29.88 ], [ -102.32, 29.86 ], [ -102.34, 29.87 ], [ -102.36, 29.85 ], [ -102.39, 29.76 ], [ -102.47, 29.78 ], [ -102.48, 29.78 ], [ -102.49, 29.79 ], [ -102.52, 29.78 ], [ -102.51, 29.77 ], [ -102.55, 29.74 ], [ -102.57, 29.77 ], [ -102.57, 29.75 ], [ -102.63, 29.73 ], [ -102.67, 29.74 ], [ -102.69, 29.72 ], [ -102.69, 29.68 ], [ -102.74, 29.63 ], [ -102.74, 29.6 ], [ -102.77, 29.6 ], [ -102.77, 29.55 ], [ -102.81, 29.52 ], [ -102.8, 29.49 ], [ -102.83, 29.46 ], [ -102.83, 29.41 ], [ -102.81, 29.4 ], [ -102.85, 29.37 ], [ -102.84, 29.36 ], [ -102.88, 29.35 ], [ -102.89, 29.29 ], [ -102.91, 29.26 ], [ -102.87, 29.24 ], [ -102.87, 29.22 ], [ -102.9, 29.21 ], [ -102.91, 29.22 ], [ -102.92, 29.19 ], [ -102.94, 29.19 ], [ -102.95, 29.17 ], [ -102.98, 29.19 ], [ -103.0, 29.18 ], [ -103.03, 29.1 ], [ -103.08, 29.09 ], [ -103.09, 29.05 ], [ -103.1, 29.06 ], [ -103.1, 29.03 ], [ -103.12, 28.98 ], [ -103.16, 28.97 ], [ -103.23, 28.99 ], [ -103.25, 28.98 ], [ -103.27, 29.0 ], [ -103.29, 28.98 ], [ -103.29, 29.0 ], [ -103.32, 29.01 ], [ -103.31, 29.02 ], [ -103.34, 29.02 ], [ -103.33, 29.04 ], [ -103.34, 29.05 ], [ -103.36, 29.02 ], [ -103.39, 29.02 ], [ -103.39, 29.03 ], [ -103.43, 29.04 ], [ -103.45, 29.07 ], [ -103.47, 29.07 ], [ -103.47, 29.09 ], [ -103.5, 29.12 ], [ -103.52, 29.12 ], [ -103.52, 29.14 ], [ -103.55, 29.14 ], [ -103.55, 29.16 ], [ -103.59, 29.15 ], [ -103.61, 29.17 ], [ -103.65, 29.16 ], [ -103.66, 29.17 ], [ -103.72, 29.18 ], [ -103.76, 29.23 ], [ -103.78, 29.22 ], [ -103.78, 29.27 ], [ -103.8, 29.26 ], [ -103.81, 29.27 ], [ -103.98, 29.3 ], [ -104.04, 29.32 ], [ -104.11, 29.37 ], [ -104.17, 29.39 ], [ -104.18, 29.43 ], [ -104.22, 29.46 ], [ -104.21, 29.48 ], [ -104.23, 29.48 ], [ -104.24, 29.5 ], [ -104.32, 29.53 ], [ -104.34, 29.52 ], [ -104.47, 29.61 ], [ -104.48, 29.63 ], [ -104.5, 29.64 ], [ -104.51, 29.63 ], [ -104.54, 29.68 ], [ -104.53, 29.69 ], [ -104.56, 29.74 ], [ -104.57, 29.75 ], [ -104.57, 29.77 ], [ -104.68, 29.93 ], [ -104.67, 29.95 ], [ -104.69, 29.96 ], [ -104.68, 29.98 ], [ -104.69, 29.98 ], [ -104.69, 30.02 ], [ -104.7, 30.02 ], [ -104.7, 30.04 ], [ -104.71, 30.05 ], [ -104.68, 30.09 ], [ -104.7, 30.13 ], [ -104.69, 30.17 ], [ -104.71, 30.23 ], [ -104.76, 30.27 ], [ -104.77, 30.31 ], [ -104.78, 30.3 ], [ -104.81, 30.33 ], [ -104.82, 30.38 ], [ -104.84, 30.37 ], [ -104.86, 30.39 ], [ -104.85, 30.42 ], [ -104.87, 30.44 ], [ -104.87, 30.49 ], [ -104.92, 30.6 ], [ -104.97, 30.61 ], [ -104.99, 30.66 ], [ -105.01, 30.69 ], [ -105.06, 30.69 ], [ -105.12, 30.75 ], [ -105.16, 30.75 ], [ -105.16, 30.77 ], [ -105.17, 30.78 ], [ -105.18, 30.77 ], [ -105.2, 30.79 ], [ -105.22, 30.78 ], [ -105.22, 30.81 ], [ -105.26, 30.79 ], [ -105.29, 30.83 ], [ -105.32, 30.81 ], [ -105.32, 30.83 ], [ -105.33, 30.83 ], [ -105.34, 30.84 ], [ -105.4, 30.85 ], [ -105.4, 30.89 ], [ -105.49, 30.94 ], [ -105.5, 30.97 ], [ -105.56, 30.99 ], [ -105.6, 31.08 ], [ -105.74, 31.16 ], [ -105.77, 31.17 ], [ -105.78, 31.2 ], [ -105.87, 31.29 ], [ -105.89, 31.29 ], [ -105.91, 31.31 ], [ -105.94, 31.32 ], [ -105.95, 31.36 ], [ -106.01, 31.39 ], [ -106.08, 31.4 ], [ -106.11, 31.42 ], [ -106.21, 31.47 ], [ -106.25, 31.54 ], [ -106.28, 31.56 ], [ -106.3, 31.62 ], [ -106.38, 31.73 ], [ -106.45, 31.76 ], [ -106.49, 31.75 ], [ -106.55, 31.81 ], [ -106.6, 31.83 ], [ -106.6, 31.84 ], [ -106.64, 31.87 ], [ -106.63, 31.88 ], [ -106.65, 31.9 ], [ -106.61, 31.92 ], [ -106.63, 31.93 ], [ -106.61, 31.95 ], [ -106.63, 31.95 ], [ -106.62, 31.97 ], [ -106.64, 31.98 ], [ -106.62, 32.0 ], [ -103.06, 32.0 ], [ -103.06, 33.0 ], [ -103.04, 34.0 ], [ -103.04, 36.5 ], [ -100.0, 36.5 ], [ -100.0, 34.56 ], [ -99.97, 34.56 ], [ -99.95, 34.58 ], [ -99.92, 34.57 ], [ -99.69, 34.38 ], [ -99.6, 34.37 ], [ -99.57, 34.42 ], [ -99.51, 34.41 ], [ -99.44, 34.37 ], [ -99.42, 34.39 ], [ -99.41, 34.37 ], [ -99.39, 34.41 ], [ -99.4, 34.44 ], [ -99.38, 34.46 ], [ -99.36, 34.46 ], [ -99.32, 34.41 ], [ -99.29, 34.42 ], [ -99.28, 34.4 ], [ -99.26, 34.4 ], [ -99.26, 34.39 ], [ -99.27, 34.38 ], [ -99.24, 34.37 ], [ -99.23, 34.34 ], [ -99.21, 34.34 ], [ -99.21, 34.29 ], [ -99.2, 34.28 ], [ -99.19, 34.21 ], [ -99.15, 34.21 ], [ -99.13, 34.22 ], [ -99.13, 34.2 ], [ -99.08, 34.21 ], [ -99.04, 34.2 ], [ -98.99, 34.22 ], [ -98.97, 34.2 ], [ -98.95, 34.21 ], [ -98.92, 34.18 ], [ -98.87, 34.17 ], [ -98.87, 34.15 ], [ -98.86, 34.16 ], [ -98.81, 34.16 ], [ -98.76, 34.12 ], [ -98.73, 34.14 ], [ -98.69, 34.13 ], [ -98.65, 34.16 ], [ -98.6, 34.16 ], [ -98.55, 34.13 ], [ -98.56, 34.12 ], [ -98.49, 34.06 ], [ -98.42, 34.08 ], [ -98.37, 34.16 ] ], [ [ -94.67, 33.67 ], [ -94.65, 33.66 ], [ -94.65, 33.67 ], [ -94.67, 33.67 ] ], [ [ -97.57, 25.94 ], [ -97.57, 25.95 ], [ -97.58, 25.94 ], [ -97.57, 25.94 ] ] ], [ [ [ -95.08, 33.91 ], [ -95.07, 33.92 ], [ -95.08, 33.9 ], [ -95.08, 33.91 ] ] ], [ [ [ -94.76, 33.76 ], [ -94.76, 33.75 ], [ -94.79, 33.74 ], [ -94.76, 33.76 ] ] ], [ [ [ -94.73, 33.72 ], [ -94.7, 33.7 ], [ -94.72, 33.69 ], [ -94.73, 33.72 ] ] ], [ [ [ -93.7, 30.06 ], [ -93.71, 30.05 ], [ -93.72, 30.07 ], [ -93.7, 30.06 ] ] ] ] } },
{ "type": "Feature", "properties": { "GEOIDFQ": "0400000US15", "NAME": "Hawaii" }, "geometry": { "type": "MultiPolygon", "coordinates": [ [ [ [ -178.43, 28.47 ], [ -178.4, 28.5 ], [ -178.32, 28.52 ], [ -178.24, 28.46 ], [ -178.23, 28.37 ], [ -178.25, 28.35 ], [ -178.29, 28.33 ], [ -178.37, 28.34 ], [ -178.41, 28.36 ], [ -178.44, 28.42 ], [ -178.43, 28.47 ] ] ], [ [ [ -161.97, 23.1 ], [ -161.89, 23.11 ], [ -161.86, 23.09 ], [ -161.86, 23.05 ], [ -161.88, 23.02 ], [ -161.93, 23.01 ], [ -161.98, 23.03 ], [ -161.99, 23.07 ], [ -161.97, 23.1 ] ] ], [ [ [ -164.74, 23.61 ], [ -164.69, 23.62 ], [ -164.65, 23.61 ], [ -164.64, 23.58 ], [ -164.65, 23.54 ], [ -164.7, 23.52 ], [ -164.75, 23.54 ], [ -164.76, 23.58 ], [ -164.74, 23.61 ] ] ], [ [ [ -166.38, 23.88 ], [ -166.31, 23.92 ], [ -166.25, 23.93 ], [ -166.18, 23.9 ], [ -166.15, 23.79 ], [ -166.11, 23.74 ], [ -166.11, 23.71 ], [ -166.13, 23.68 ], [ -166.11, 23.65 ], [ -166.12, 23.61 ], [ -166.17, 23.59 ], [ -166.21, 23.6 ], [ -166.23, 23.64 ], [ -166.21, 23.69 ], [ -166.23, 23.73 ], [ -166.27, 23.71 ], [ -166.3, 23.73 ], [ -166.32, 23.77 ], [ -166.31, 23.8 ], [ -166.36, 23.81 ], [ -166.39, 23.85 ], [ -166.38, 23.88 ] ] ], [ [ [ -168.04, 25.04 ], [ -168.0, 25.05 ], [ -167.95, 25.02 ], [ -167.94, 24.99 ], [ -167.95, 24.96 ], [ -168.0, 24.95 ], [ -168.04, 24.96 ], [ -168.06, 25.0 ], [ -168.04, 25.04 ] ] ], [ [ [ -170.67, 25.54 ], [ -170.63, 25.56 ], [ -170.59, 25.54 ], [ -170.57, 25.51 ], [ -170.59, 25.47 ], [ -170.63, 25.46 ], [ -170.67, 25.47 ], [ -170.68, 25.51 ], [ -170.67, 25.54 ] ] ], [ [ [ -171.79, 25.82 ], [ -171.75, 25.84 ], [ -171.69, 25.82 ], [ -171.67, 25.78 ], [ -171.69, 25.73 ], [ -171.74, 25.71 ], [ -171.8, 25.74 ], [ -171.81, 25.78 ], [ -171.79, 25.82 ] ] ], [ [ [ -174.05, 26.11 ], [ -174.01, 26.14 ], [ -173.96, 26.14 ], [ -173.93, 26.12 ], [ -173.9, 26.06 ], [ -173.93, 26.02 ], [ -174.0, 25.99 ], [ -174.05, 26.0 ], [ -174.07, 26.06 ], [ -174.05, 26.11 ] ] ], [ [ [ -176.0, 27.84 ], [ -175.92, 27.81 ], [ -175.99, 27.86 ], [ -175.98, 27.91 ], [ -175.81, 28.01 ], [ -175.73, 28.0 ], [ -175.67, 27.94 ], [ -175.67, 27.88 ], [ -175.73, 27.75 ], [ -175.75, 27.73 ], [ -175.85, 27.73 ], [ -175.9, 27.7 ], [ -175.97, 27.69 ], [ -176.03, 27.74 ], [ -176.04, 27.8 ], [ -176.0, 27.84 ] ] ], [ [ [ -158.31, 21.62 ], [ -158.15, 21.64 ], [ -158.12, 21.66 ], [ -158.12, 21.67 ], [ -158.1, 21.7 ], [ -158.05, 21.74 ], [ -157.99, 21.76 ], [ -157.94, 21.75 ], [ -157.88, 21.71 ], [ -157.84, 21.62 ], [ -157.8, 21.59 ], [ -157.76, 21.53 ], [ -157.75, 21.52 ], [ -157.7, 21.52 ], [ -157.65, 21.49 ], [ -157.64, 21.46 ], [ -157.65, 21.44 ], [ -157.6, 21.34 ], [ -157.6, 21.28 ], [ -157.68, 21.21 ], [ -157.72, 21.21 ], [ -157.75, 21.22 ], [ -157.81, 21.2 ], [ -157.86, 21.21 ], [ -157.9, 21.25 ], [ -157.96, 21.26 ], [ -158.13, 21.24 ], [ -158.16, 21.27 ], [ -158.18, 21.35 ], [ -158.23, 21.38 ], [ -158.24, 21.41 ], [ -158.29, 21.47 ], [ -158.29, 21.5 ], [ -158.3, 21.5 ], [ -158.3, 21.52 ], [ -158.34, 21.55 ], [ -158.34, 21.58 ], [ -158.31, 21.62 ] ] ], [ [ [ -156.85, 21.22 ], [ -156.79, 21.23 ], [ -156.72, 21.23 ], [ -156.67, 21.19 ], [ -156.65, 21.15 ], [ -156.67, 21.1 ], [ -156.84, 21.0 ], [ -156.91, 21.0 ], [ -157.08, 21.06 ], [ -157.23, 21.04 ], [ -157.32, 21.05 ], [ -157.37, 21.1 ], [ -157.35, 21.16 ], [ -157.31, 21.2 ], [ -157.31, 21.24 ], [ -157.27, 21.28 ], [ -157.21, 21.28 ], [ -157.16, 21.26 ], [ -157.03, 21.24 ], [ -157.01, 21.27 ], [ -156.97, 21.27 ], [ -156.93, 21.26 ], [ -156.91, 21.23 ], [ -156.85, 21.22 ] ] ], [ [ [ -157.1, 20.95 ], [ -157.05, 20.98 ], [ -156.91, 20.98 ], [ -156.82, 20.93 ], [ -156.76, 20.85 ], [ -156.75, 20.81 ], [ -156.78, 20.75 ], [ -156.82, 20.72 ], [ -156.88, 20.69 ], [ -156.97, 20.69 ], [ -157.03, 20.73 ], [ -157.05, 20.82 ], [ -157.1, 20.85 ], [ -157.12, 20.9 ], [ -157.1, 20.95 ] ] ], [ [ [ -156.4, 20.97 ], [ -156.34, 21.0 ], [ -156.27, 21.0 ], [ -156.2, 20.97 ], [ -156.14, 20.92 ], [ -156.03, 20.86 ], [ -156.0, 20.85 ], [ -156.0, 20.87 ], [ -155.96, 20.87 ], [ -155.93, 20.78 ], [ -155.93, 20.72 ], [ -155.95, 20.68 ], [ -156.03, 20.61 ], [ -156.14, 20.57 ], [ -156.2, 20.58 ], [ -156.29, 20.54 ], [ -156.38, 20.53 ], [ -156.44, 20.54 ], [ -156.48, 20.58 ], [ -156.48, 20.51 ], [ -156.53, 20.46 ], [ -156.75, 20.45 ], [ -156.76, 20.54 ], [ -156.73, 20.58 ], [ -156.6, 20.66 ], [ -156.55, 20.66 ], [ -156.5, 20.69 ], [ -156.51, 20.74 ], [ -156.63, 20.75 ], [ -156.63, 20.76 ], [ -156.66, 20.78 ], [ -156.73, 20.85 ], [ -156.75, 20.92 ], [ -156.73, 21.01 ], [ -156.67, 21.08 ], [ -156.59, 21.09 ], [ -156.49, 21.04 ], [ -156.46, 20.98 ], [ -156.4, 20.97 ] ] ], [ [ [ -159.28, 21.94 ], [ -159.31, 21.91 ], [ -159.4, 21.83 ], [ -159.45, 21.82 ], [ -159.63, 21.85 ], [ -159.71, 21.91 ], [ -159.79, 21.94 ], [ -159.85, 22.03 ], [ -159.84, 22.09 ], [ -159.75, 22.2 ], [ -159.68, 22.23 ], [ -159.6, 22.28 ], [ -159.43, 22.28 ], [ -159.4, 22.29 ], [ -159.31, 22.25 ], [ -159.25, 22.18 ], [ -159.24, 22.11 ], [ -159.27, 22.04 ], [ -159.28, 21.94 ] ] ], [ [ [ -160.27, 21.93 ], [ -160.17, 21.99 ], [ -160.14, 22.07 ], [ -160.08, 22.08 ], [ -160.02, 22.03 ], [ -160.0, 21.98 ], [ -160.03, 21.93 ], [ -160.03, 21.87 ], [ -160.06, 21.85 ], [ -160.12, 21.82 ], [ -160.17, 21.74 ], [ -160.22, 21.73 ], [ -160.27, 21.75 ], [ -160.3, 21.79 ], [ -160.3, 21.85 ], [ -160.27, 21.93 ] ] ], [ [ [ -160.58, 21.7 ], [ -160.53, 21.71 ], [ -160.49, 21.69 ], [ -160.48, 21.64 ], [ -160.5, 21.62 ], [ -160.55, 21.6 ], [ -160.59, 21.62 ], [ -160.6, 21.66 ], [ -160.58, 21.7 ] ] ], [ [ [ -154.99, 19.79 ], [ -154.96, 19.77 ], [ -154.93, 19.72 ], [ -154.93, 19.67 ], [ -154.89, 19.62 ], [ -154.82, 19.59 ], [ -154.76, 19.54 ], [ -154.78, 19.46 ], [ -154.81, 19.42 ], [ -154.94, 19.31 ], [ -155.0, 19.28 ], [ -155.18, 19.21 ], [ -155.27, 19.22 ], [ -155.33, 19.17 ], [ -155.39, 19.14 ], [ -155.42, 19.11 ], [ -155.49, 19.07 ], [ -155.56, 18.94 ], [ -155.65, 18.87 ], [ -155.71, 18.87 ], [ -155.74, 18.92 ], [ -155.93, 19.01 ], [ -155.97, 19.11 ], [ -155.94, 19.34 ], [ -155.98, 19.45 ], [ -156.01, 19.5 ], [ -156.03, 19.59 ], [ -156.08, 19.62 ], [ -156.12, 19.73 ], [ -156.1, 19.82 ], [ -156.01, 19.89 ], [ -155.96, 19.91 ], [ -155.94, 19.96 ], [ -155.88, 20.02 ], [ -155.93, 20.08 ], [ -155.96, 20.17 ], [ -155.96, 20.23 ], [ -155.92, 20.3 ], [ -155.85, 20.32 ], [ -155.79, 20.31 ], [ -155.74, 20.29 ], [ -155.58, 20.18 ], [ -155.44, 20.15 ], [ -155.25, 20.06 ], [ -155.14, 19.99 ], [ -155.05, 19.9 ], [ -155.03, 19.87 ], [ -155.03, 19.79 ], [ -154.99, 19.79 ] ] ] ] } },
{ "type": "Feature", "properties": { "GEOIDFQ": "0400000US38", "NAME": "North Dakota" }, "geometry": { "type": "Polygon", "coordinates": [ [ [ -97.23, 49.0 ], [ -97.23, 48.95 ], [ -97.21, 48.93 ], [ -97.21, 48.91 ], [ -97.19, 48.9 ], [ -97.2, 48.88 ], [ -97.18, 48.88 ], [ -97.19, 48.86 ], [ -97.18, 48.86 ], [ -97.17, 48.84 ], [ -97.19, 48.82 ], [ -97.16, 48.81 ], [ -97.18, 48.8 ], [ -97.16, 48.8 ], [ -97.17, 48.79 ], [ -97.16, 48.78 ], [ -97.15, 48.76 ], [ -97.15, 48.75 ], [ -97.14, 48.75 ], [ -97.14, 48.74 ], [ -97.14, 48.73 ], [ -97.11, 48.71 ], [ -97.12, 48.7 ], [ -97.09, 48.68 ], [ -97.11, 48.66 ], [ -97.1, 48.66 ], [ -97.12, 48.64 ], [ -97.11, 48.63 ], [ -97.13, 48.63 ], [ -97.13, 48.62 ], [ -97.13, 48.61 ], [ -97.15, 48.6 ], [ -97.14, 48.58 ], [ -97.16, 48.58 ], [ -97.15, 48.57 ], [ -97.18, 48.56 ], [ -97.14, 48.56 ], [ -97.17, 48.55 ], [ -97.14, 48.54 ], [ -97.15, 48.52 ], [ -97.13, 48.52 ], [ -97.15, 48.51 ], [ -97.14, 48.49 ], [ -97.14, 48.48 ], [ -97.13, 48.47 ], [ -97.15, 48.47 ], [ -97.13, 48.46 ], [ -97.15, 48.44 ], [ -97.12, 48.44 ], [ -97.13, 48.43 ], [ -97.15, 48.43 ], [ -97.14, 48.42 ], [ -97.15, 48.42 ], [ -97.13, 48.41 ], [ -97.16, 48.39 ], [ -97.13, 48.38 ], [ -97.16, 48.37 ], [ -97.13, 48.34 ], [ -97.14, 48.33 ], [ -97.12, 48.32 ], [ -97.14, 48.31 ], [ -97.12, 48.31 ], [ -97.11, 48.3 ], [ -97.14, 48.29 ], [ -97.12, 48.28 ], [ -97.15, 48.27 ], [ -97.12, 48.26 ], [ -97.13, 48.25 ], [ -97.15, 48.24 ], [ -97.13, 48.24 ], [ -97.14, 48.23 ], [ -97.14, 48.22 ], [ -97.13, 48.21 ], [ -97.14, 48.2 ], [ -97.15, 48.18 ], [ -97.14, 48.18 ], [ -97.15, 48.17 ], [ -97.14, 48.16 ], [ -97.12, 48.16 ], [ -97.15, 48.14 ], [ -97.13, 48.14 ], [ -97.12, 48.11 ], [ -97.1, 48.1 ], [ -97.1, 48.07 ], [ -97.07, 48.05 ], [ -97.07, 48.02 ], [ -97.05, 47.99 ], [ -97.06, 47.95 ], [ -97.02, 47.92 ], [ -97.02, 47.87 ], [ -97.0, 47.87 ], [ -97.0, 47.84 ], [ -96.97, 47.82 ], [ -96.99, 47.81 ], [ -96.97, 47.8 ], [ -96.97, 47.78 ], [ -96.93, 47.77 ], [ -96.93, 47.76 ], [ -96.94, 47.75 ], [ -96.92, 47.72 ], [ -96.92, 47.7 ], [ -96.89, 47.67 ], [ -96.88, 47.62 ], [ -96.85, 47.6 ], [ -96.86, 47.58 ], [ -96.85, 47.57 ], [ -96.86, 47.56 ], [ -96.85, 47.54 ], [ -96.86, 47.54 ], [ -96.87, 47.53 ], [ -96.84, 47.51 ], [ -96.87, 47.49 ], [ -96.85, 47.49 ], [ -96.85, 47.48 ], [ -96.86, 47.46 ], [ -96.85, 47.43 ], [ -96.87, 47.42 ], [ -96.85, 47.41 ], [ -96.84, 47.39 ], [ -96.85, 47.37 ], [ -96.86, 47.37 ], [ -96.83, 47.34 ], [ -96.85, 47.33 ], [ -96.83, 47.33 ], [ -96.85, 47.32 ], [ -96.83, 47.31 ], [ -96.85, 47.27 ], [ -96.83, 47.27 ], [ -96.84, 47.26 ], [ -96.84, 47.25 ], [ -96.84, 47.24 ], [ -96.83, 47.23 ], [ -96.83, 47.22 ], [ -96.83, 47.2 ], [ -96.84, 47.19 ], [ -96.82, 47.18 ], [ -96.83, 47.18 ], [ -96.82, 47.16 ], [ -96.83, 47.15 ], [ -96.83, 47.13 ], [ -96.84, 47.12 ], [ -96.82, 47.11 ], [ -96.83, 47.09 ], [ -96.82, 47.08 ], [ -96.82, 47.06 ], [ -96.82, 47.05 ], [ -96.82, 47.04 ], [ -96.84, 47.01 ], [ -96.82, 47.0 ], [ -96.82, 46.97 ], [ -96.8, 46.97 ], [ -96.8, 46.95 ], [ -96.79, 46.95 ], [ -96.79, 46.93 ], [ -96.76, 46.93 ], [ -96.75, 46.92 ], [ -96.78, 46.9 ], [ -96.77, 46.88 ], [ -96.78, 46.88 ], [ -96.77, 46.84 ], [ -96.79, 46.83 ], [ -96.8, 46.81 ], [ -96.79, 46.79 ], [ -96.8, 46.78 ], [ -96.79, 46.77 ], [ -96.79, 46.76 ], [ -96.78, 46.73 ], [ -96.79, 46.72 ], [ -96.78, 46.69 ], [ -96.8, 46.67 ], [ -96.79, 46.64 ], [ -96.8, 46.63 ], [ -96.78, 46.63 ], [ -96.79, 46.62 ], [ -96.77, 46.62 ], [ -96.77, 46.6 ], [ -96.76, 46.6 ], [ -96.76, 46.58 ], [ -96.75, 46.58 ], [ -96.74, 46.56 ], [ -96.75, 46.56 ], [ -96.74, 46.54 ], [ -96.74, 46.48 ], [ -96.72, 46.47 ], [ -96.71, 46.46 ], [ -96.72, 46.44 ], [ -96.7, 46.44 ], [ -96.7, 46.42 ], [ -96.69, 46.41 ], [ -96.65, 46.35 ], [ -96.63, 46.35 ], [ -96.6, 46.33 ], [ -96.6, 46.26 ], [ -96.58, 46.25 ], [ -96.6, 46.24 ], [ -96.58, 46.21 ], [ -96.59, 46.18 ], [ -96.58, 46.17 ], [ -96.58, 46.15 ], [ -96.55, 46.08 ], [ -96.58, 46.03 ], [ -96.56, 45.94 ], [ -104.05, 45.95 ], [ -104.05, 49.0 ], [ -97.23, 49.0 ] ] ] } },
{ "type": "Feature", "properties": { "GEOIDFQ": "0400000US21", "NAME": "Kentucky" }, "geometry": { "type": "MultiPolygon", "coordinates": [ [ [ [ -89.54, 36.58 ], [ -89.48, 36.57 ], [ -89.47, 36.54 ], [ -89.47, 36.51 ], [ -89.49, 36.5 ], [ -89.54, 36.5 ], [ -89.57, 36.55 ], [ -89.54, 36.58 ] ] ], [ [ [ -82.63, 37.15 ], [ -82.72, 37.12 ], [ -82.72, 37.05 ], [ -82.74, 37.04 ], [ -82.75, 37.02 ], [ -82.78, 37.01 ], [ -82.83, 37.01 ], [ -82.84, 36.99 ], [ -82.87, 36.98 ], [ -82.86, 36.93 ], [ -82.88, 36.89 ], [ -83.01, 36.85 ], [ -83.07, 36.85 ], [ -83.08, 36.84 ], [ -83.1, 36.83 ], [ -83.1, 36.8 ], [ -83.13, 36.78 ], [ -83.14, 36.74 ], [ -83.19, 36.74 ], [ -83.31, 36.71 ], [ -83.42, 36.67 ], [ -83.53, 36.67 ], [ -83.65, 36.62 ], [ -83.69, 36.58 ], [ -84.83, 36.6 ], [ -85.19, 36.63 ], [ -85.68, 36.62 ], [ -86.49, 36.65 ], [ -86.56, 36.63 ], [ -86.59, 36.65 ], [ -87.85, 36.63 ], [ -87.85, 36.66 ], [ -88.07, 36.68 ], [ -88.03, 36.54 ], [ -88.05, 36.5 ], [ -89.3, 36.51 ], [ -89.42, 36.5 ], [ -89.37, 36.63 ], [ -89.33, 36.63 ], [ -89.27, 36.57 ], [ -89.24, 36.57 ], [ -89.21, 36.58 ], [ -89.2, 36.63 ], [ -89.16, 36.67 ], [ -89.2, 36.73 ], [ -89.17, 36.76 ], [ -89.13, 36.75 ], [ -89.12, 36.76 ], [ -89.12, 36.79 ], [ -89.17, 36.8 ], [ -89.18, 36.83 ], [ -89.17, 36.84 ], [ -89.14, 36.85 ], [ -89.1, 36.96 ], [ -89.11, 36.98 ], [ -89.17, 37.01 ], [ -89.18, 37.04 ], [ -89.17, 37.08 ], [ -89.11, 37.12 ], [ -89.09, 37.17 ], [ -89.0, 37.22 ], [ -88.93, 37.23 ], [ -88.8, 37.19 ], [ -88.73, 37.14 ], [ -88.62, 37.12 ], [ -88.57, 37.08 ], [ -88.52, 37.07 ], [ -88.46, 37.07 ], [ -88.42, 37.15 ], [ -88.45, 37.2 ], [ -88.51, 37.26 ], [ -88.52, 37.28 ], [ -88.48, 37.39 ], [ -88.41, 37.43 ], [ -88.36, 37.4 ], [ -88.28, 37.45 ], [ -88.09, 37.47 ], [ -88.07, 37.49 ], [ -88.07, 37.53 ], [ -88.14, 37.58 ], [ -88.16, 37.66 ], [ -88.12, 37.71 ], [ -88.06, 37.74 ], [ -88.03, 37.8 ], [ -88.0, 37.8 ], [ -87.95, 37.77 ], [ -87.93, 37.8 ], [ -87.91, 37.81 ], [ -87.91, 37.84 ], [ -87.94, 37.88 ], [ -87.9, 37.93 ], [ -87.88, 37.92 ], [ -87.83, 37.88 ], [ -87.68, 37.9 ], [ -87.66, 37.89 ], [ -87.68, 37.84 ], [ -87.64, 37.83 ], [ -87.61, 37.83 ], [ -87.58, 37.87 ], [ -87.63, 37.92 ], [ -87.6, 37.97 ], [ -87.58, 37.97 ], [ -87.56, 37.93 ], [ -87.51, 37.91 ], [ -87.45, 37.94 ], [ -87.41, 37.94 ], [ -87.22, 37.85 ], [ -87.16, 37.84 ], [ -87.13, 37.79 ], [ -87.11, 37.78 ], [ -87.07, 37.81 ], [ -87.03, 37.91 ], [ -86.98, 37.93 ], [ -86.92, 37.94 ], [ -86.86, 37.98 ], [ -86.82, 38.0 ], [ -86.79, 37.99 ], [ -86.73, 37.89 ], [ -86.68, 37.92 ], [ -86.65, 37.91 ], [ -86.66, 37.85 ], [ -86.64, 37.84 ], [ -86.6, 37.87 ], [ -86.59, 37.92 ], [ -86.53, 37.92 ], [ -86.51, 37.93 ], [ -86.52, 37.97 ], [ -86.53, 38.03 ], [ -86.52, 38.04 ], [ -86.46, 38.05 ], [ -86.43, 38.07 ], [ -86.43, 38.08 ], [ -86.46, 38.1 ], [ -86.46, 38.12 ], [ -86.43, 38.13 ], [ -86.4, 38.1 ], [ -86.38, 38.13 ], [ -86.33, 38.14 ], [ -86.33, 38.15 ], [ -86.38, 38.17 ], [ -86.38, 38.19 ], [ -86.36, 38.2 ], [ -86.27, 38.14 ], [ -86.27, 38.06 ], [ -86.18, 38.01 ], [ -86.09, 38.01 ], [ -86.04, 37.96 ], [ -86.03, 37.99 ], [ -85.95, 38.01 ], [ -85.93, 38.02 ], [ -85.91, 38.09 ], [ -85.91, 38.17 ], [ -85.84, 38.23 ], [ -85.83, 38.28 ], [ -85.78, 38.29 ], [ -85.74, 38.27 ], [ -85.68, 38.3 ], [ -85.65, 38.33 ], [ -85.61, 38.44 ], [ -85.51, 38.46 ], [ -85.47, 38.51 ], [ -85.42, 38.54 ], [ -85.44, 38.66 ], [ -85.46, 38.69 ], [ -85.44, 38.73 ], [ -85.27, 38.74 ], [ -85.25, 38.73 ], [ -85.21, 38.7 ], [ -85.17, 38.69 ], [ -84.99, 38.78 ], [ -84.94, 38.78 ], [ -84.89, 38.79 ], [ -84.81, 38.79 ], [ -84.83, 38.83 ], [ -84.79, 38.86 ], [ -84.79, 38.88 ], [ -84.88, 38.91 ], [ -84.83, 38.97 ], [ -84.9, 39.06 ], [ -84.83, 39.1 ], [ -84.79, 39.12 ], [ -84.75, 39.15 ], [ -84.72, 39.14 ], [ -84.69, 39.1 ], [ -84.62, 39.07 ], [ -84.57, 39.08 ], [ -84.55, 39.1 ], [ -84.51, 39.09 ], [ -84.48, 39.12 ], [ -84.45, 39.12 ], [ -84.44, 39.1 ], [ -84.43, 39.05 ], [ -84.35, 39.04 ], [ -84.31, 39.01 ], [ -84.29, 38.96 ], [ -84.23, 38.89 ], [ -84.23, 38.83 ], [ -84.21, 38.81 ], [ -84.07, 38.77 ], [ -83.96, 38.79 ], [ -83.87, 38.76 ], [ -83.84, 38.72 ], [ -83.78, 38.7 ], [ -83.77, 38.66 ], [ -83.67, 38.63 ], [ -83.65, 38.63 ], [ -83.63, 38.68 ], [ -83.52, 38.7 ], [ -83.47, 38.68 ], [ -83.36, 38.66 ], [ -83.33, 38.64 ], [ -83.32, 38.61 ], [ -83.29, 38.6 ], [ -83.25, 38.63 ], [ -83.2, 38.62 ], [ -83.15, 38.62 ], [ -83.11, 38.67 ], [ -83.06, 38.69 ], [ -83.03, 38.73 ], [ -82.98, 38.73 ], [ -82.92, 38.75 ], [ -82.88, 38.75 ], [ -82.88, 38.69 ], [ -82.84, 38.59 ], [ -82.8, 38.56 ], [ -82.73, 38.56 ], [ -82.7, 38.54 ], [ -82.6, 38.46 ], [ -82.6, 38.35 ], [ -82.57, 38.32 ], [ -82.58, 38.3 ], [ -82.57, 38.26 ], [ -82.58, 38.25 ], [ -82.6, 38.25 ], [ -82.61, 38.24 ], [ -82.6, 38.22 ], [ -82.61, 38.17 ], [ -82.64, 38.17 ], [ -82.64, 38.14 ], [ -82.55, 38.07 ], [ -82.52, 38.0 ], [ -82.46, 37.98 ], [ -82.48, 37.97 ], [ -82.47, 37.96 ], [ -82.5, 37.93 ], [ -82.48, 37.93 ], [ -82.49, 37.92 ], [ -82.47, 37.9 ], [ -82.46, 37.91 ], [ -82.42, 37.88 ], [ -82.41, 37.87 ], [ -82.42, 37.86 ], [ -82.4, 37.83 ], [ -82.4, 37.81 ], [ -82.39, 37.82 ], [ -82.34, 37.77 ], [ -82.32, 37.77 ], [ -82.33, 37.76 ], [ -82.31, 37.76 ], [ -82.33, 37.74 ], [ -82.3, 37.7 ], [ -82.3, 37.68 ], [ -82.29, 37.67 ], [ -82.28, 37.68 ], [ -82.26, 37.66 ], [ -82.24, 37.66 ], [ -82.21, 37.63 ], [ -82.19, 37.63 ], [ -82.19, 37.64 ], [ -82.18, 37.65 ], [ -82.18, 37.62 ], [ -82.16, 37.62 ], [ -82.16, 37.59 ], [ -82.13, 37.59 ], [ -82.13, 37.57 ], [ -82.14, 37.57 ], [ -82.13, 37.55 ], [ -82.08, 37.56 ], [ -82.05, 37.53 ], [ -82.04, 37.55 ], [ -82.01, 37.53 ], [ -82.0, 37.54 ], [ -81.96, 37.54 ], [ -82.35, 37.27 ], [ -82.44, 37.25 ], [ -82.57, 37.2 ], [ -82.63, 37.15 ] ] ] ] } },
{ "type": "Feature", "properties": { "GEOIDFQ": "0400000US78", "NAME": "United States Virgin Islands" }, "geometry": { "type": "MultiPolygon", "coordinates": [ [ [ [ -64.8, 18.25 ], [ -64.82, 18.19 ], [ -64.86, 18.18 ], [ -64.89, 18.19 ], [ -64.95, 18.26 ], [ -65.02, 18.25 ], [ -65.05, 18.27 ], [ -65.08, 18.24 ], [ -65.12, 18.23 ], [ -65.14, 18.25 ], [ -65.15, 18.29 ], [ -65.09, 18.45 ], [ -65.04, 18.46 ], [ -65.01, 18.44 ], [ -64.9, 18.46 ], [ -64.86, 18.4 ], [ -64.8, 18.41 ], [ -64.76, 18.38 ], [ -64.64, 18.36 ], [ -64.64, 18.32 ], [ -64.66, 18.29 ], [ -64.66, 18.26 ], [ -64.69, 18.25 ], [ -64.77, 18.26 ], [ -64.8, 18.25 ] ] ], [ [ [ -64.94, 17.72 ], [ -64.95, 17.75 ], [ -64.93, 17.78 ], [ -64.88, 17.82 ], [ -64.84, 17.81 ], [ -64.8, 17.83 ], [ -64.75, 17.84 ], [ -64.7, 17.81 ], [ -64.65, 17.84 ], [ -64.61, 17.84 ], [ -64.53, 17.79 ], [ -64.51, 17.76 ], [ -64.52, 17.72 ], [ -64.55, 17.7 ], [ -64.76, 17.63 ], [ -64.92, 17.63 ], [ -64.94, 17.64 ], [ -64.96, 17.68 ], [ -64.94, 17.72 ] ] ] ] } },
{ "type": "Feature", "properties": { "GEOIDFQ": "0400000US54", "NAME": "West Virginia" }, "geometry": { "type": "Polygon", "coordinates": [ [ [ -77.72, 39.32 ], [ -77.77, 39.26 ], [ -77.83, 39.13 ], [ -78.35, 39.47 ], [ -78.36, 39.41 ], [ -78.34, 39.39 ], [ -78.37, 39.36 ], [ -78.34, 39.35 ], [ -78.42, 39.26 ], [ -78.4, 39.24 ], [ -78.44, 39.2 ], [ -78.4, 39.17 ], [ -78.57, 39.03 ], [ -78.55, 39.02 ], [ -78.6, 38.96 ], [ -78.63, 38.98 ], [ -78.7, 38.91 ], [ -78.72, 38.91 ], [ -78.72, 38.94 ], [ -78.79, 38.89 ], [ -78.87, 38.76 ], [ -79.0, 38.85 ], [ -79.03, 38.79 ], [ -79.05, 38.79 ], [ -79.06, 38.76 ], [ -79.09, 38.72 ], [ -79.09, 38.66 ], [ -79.13, 38.66 ], [ -79.21, 38.52 ], [ -79.21, 38.49 ], [ -79.24, 38.45 ], [ -79.28, 38.43 ], [ -79.28, 38.42 ], [ -79.31, 38.41 ], [ -79.48, 38.46 ], [ -79.54, 38.55 ], [ -79.65, 38.59 ], [ -79.67, 38.55 ], [ -79.66, 38.52 ], [ -79.7, 38.49 ], [ -79.69, 38.43 ], [ -79.73, 38.38 ], [ -79.73, 38.36 ], [ -79.74, 38.35 ], [ -79.76, 38.36 ], [ -79.81, 38.31 ], [ -79.79, 38.27 ], [ -79.85, 38.24 ], [ -79.92, 38.18 ], [ -79.92, 38.15 ], [ -79.95, 38.13 ], [ -79.93, 38.11 ], [ -79.95, 38.08 ], [ -80.0, 37.99 ], [ -80.12, 37.9 ], [ -80.16, 37.88 ], [ -80.18, 37.84 ], [ -80.23, 37.8 ], [ -80.22, 37.78 ], [ -80.23, 37.78 ], [ -80.26, 37.76 ], [ -80.25, 37.73 ], [ -80.3, 37.69 ], [ -80.27, 37.65 ], [ -80.22, 37.63 ], [ -80.26, 37.6 ], [ -80.33, 37.56 ], [ -80.31, 37.55 ], [ -80.33, 37.54 ], [ -80.31, 37.53 ], [ -80.28, 37.53 ], [ -80.3, 37.51 ], [ -80.37, 37.48 ], [ -80.48, 37.42 ], [ -80.49, 37.44 ], [ -80.49, 37.46 ], [ -80.51, 37.48 ], [ -80.55, 37.47 ], [ -80.72, 37.39 ], [ -80.77, 37.37 ], [ -80.78, 37.39 ], [ -80.86, 37.43 ], [ -80.88, 37.38 ], [ -80.85, 37.35 ], [ -80.94, 37.3 ], [ -80.98, 37.29 ], [ -80.98, 37.3 ], [ -81.1, 37.28 ], [ -81.23, 37.23 ], [ -81.36, 37.34 ], [ -81.37, 37.32 ], [ -81.39, 37.32 ], [ -81.42, 37.27 ], [ -81.45, 37.27 ], [ -81.48, 37.25 ], [ -81.5, 37.26 ], [ -81.51, 37.23 ], [ -81.55, 37.21 ], [ -81.68, 37.2 ], [ -81.72, 37.24 ], [ -81.74, 37.24 ], [ -81.76, 37.28 ], [ -81.85, 37.29 ], [ -81.86, 37.32 ], [ -81.93, 37.36 ], [ -81.94, 37.38 ], [ -81.92, 37.41 ], [ -81.94, 37.42 ], [ -81.94, 37.44 ], [ -81.99, 37.45 ], [ -82.0, 37.47 ], [ -81.99, 37.48 ], [ -81.95, 37.49 ], [ -81.94, 37.51 ], [ -81.94, 37.53 ], [ -81.97, 37.53 ], [ -81.97, 37.55 ], [ -82.01, 37.53 ], [ -82.04, 37.55 ], [ -82.05, 37.53 ], [ -82.08, 37.56 ], [ -82.13, 37.55 ], [ -82.14, 37.57 ], [ -82.13, 37.57 ], [ -82.13, 37.59 ], [ -82.16, 37.59 ], [ -82.16, 37.62 ], [ -82.18, 37.62 ], [ -82.18, 37.65 ], [ -82.19, 37.64 ], [ -82.19, 37.63 ], [ -82.21, 37.63 ], [ -82.24, 37.66 ], [ -82.26, 37.66 ], [ -82.28, 37.68 ], [ -82.29, 37.67 ], [ -82.3, 37.68 ], [ -82.3, 37.7 ], [ -82.33, 37.74 ], [ -82.31, 37.76 ], [ -82.33, 37.76 ], [ -82.32, 37.77 ], [ -82.34, 37.77 ], [ -82.39, 37.82 ], [ -82.4, 37.81 ], [ -82.4, 37.83 ], [ -82.42, 37.86 ], [ -82.41, 37.87 ], [ -82.42, 37.88 ], [ -82.46, 37.91 ], [ -82.47, 37.9 ], [ -82.49, 37.92 ], [ -82.48, 37.93 ], [ -82.5, 37.93 ], [ -82.47, 37.96 ], [ -82.48, 37.97 ], [ -82.46, 37.98 ], [ -82.52, 38.0 ], [ -82.55, 38.07 ], [ -82.64, 38.14 ], [ -82.64, 38.17 ], [ -82.61, 38.17 ], [ -82.6, 38.2 ], [ -82.61, 38.24 ], [ -82.58, 38.25 ], [ -82.57, 38.26 ], [ -82.58, 38.3 ], [ -82.57, 38.32 ], [ -82.6, 38.35 ], [ -82.59, 38.42 ], [ -82.57, 38.41 ], [ -82.54, 38.4 ], [ -82.4, 38.44 ], [ -82.33, 38.44 ], [ -82.3, 38.5 ], [ -82.29, 38.58 ], [ -82.26, 38.6 ], [ -82.21, 38.59 ], [ -82.18, 38.6 ], [ -82.19, 38.73 ], [ -82.22, 38.79 ], [ -82.15, 38.84 ], [ -82.14, 38.9 ], [ -82.09, 38.97 ], [ -82.05, 38.99 ], [ -82.04, 39.02 ], [ -82.0, 39.03 ], [ -81.98, 38.99 ], [ -81.93, 38.99 ], [ -81.9, 38.93 ], [ -81.93, 38.89 ], [ -81.9, 38.88 ], [ -81.86, 38.89 ], [ -81.83, 38.95 ], [ -81.76, 38.92 ], [ -81.76, 38.94 ], [ -81.78, 38.96 ], [ -81.76, 39.02 ], [ -81.81, 39.05 ], [ -81.81, 39.08 ], [ -81.78, 39.08 ], [ -81.75, 39.1 ], [ -81.76, 39.18 ], [ -81.73, 39.22 ], [ -81.69, 39.23 ], [ -81.7, 39.26 ], [ -81.68, 39.27 ], [ -81.65, 39.28 ], [ -81.57, 39.27 ], [ -81.56, 39.34 ], [ -81.46, 39.41 ], [ -81.41, 39.39 ], [ -81.39, 39.35 ], [ -81.38, 39.34 ], [ -81.34, 39.35 ], [ -81.27, 39.39 ], [ -81.22, 39.39 ], [ -81.19, 39.43 ], [ -81.13, 39.45 ], [ -81.07, 39.52 ], [ -80.97, 39.59 ], [ -80.93, 39.62 ], [ -80.88, 39.62 ], [ -80.86, 39.69 ], [ -80.83, 39.71 ], [ -80.87, 39.77 ], [ -80.83, 39.8 ], [ -80.83, 39.84 ], [ -80.79, 39.87 ], [ -80.81, 39.92 ], [ -80.76, 39.91 ], [ -80.76, 39.95 ], [ -80.74, 39.97 ], [ -80.74, 40.08 ], [ -80.71, 40.1 ], [ -80.71, 40.15 ], [ -80.67, 40.2 ], [ -80.65, 40.24 ], [ -80.62, 40.27 ], [ -80.6, 40.32 ], [ -80.61, 40.37 ], [ -80.63, 40.39 ], [ -80.61, 40.4 ], [ -80.6, 40.48 ], [ -80.63, 40.54 ], [ -80.67, 40.58 ], [ -80.63, 40.62 ], [ -80.6, 40.63 ], [ -80.58, 40.61 ], [ -80.52, 40.64 ], [ -80.52, 39.72 ], [ -79.48, 39.72 ], [ -79.49, 39.21 ], [ -79.47, 39.2 ], [ -79.43, 39.23 ], [ -79.35, 39.29 ], [ -79.31, 39.3 ], [ -79.29, 39.3 ], [ -79.28, 39.32 ], [ -79.25, 39.34 ], [ -79.26, 39.36 ], [ -79.21, 39.36 ], [ -79.18, 39.4 ], [ -79.16, 39.39 ], [ -79.16, 39.42 ], [ -79.14, 39.41 ], [ -79.13, 39.43 ], [ -79.11, 39.43 ], [ -79.11, 39.46 ], [ -79.09, 39.46 ], [ -79.1, 39.48 ], [ -79.07, 39.48 ], [ -79.06, 39.47 ], [ -79.05, 39.48 ], [ -79.03, 39.47 ], [ -78.96, 39.44 ], [ -78.96, 39.46 ], [ -78.93, 39.49 ], [ -78.92, 39.49 ], [ -78.89, 39.52 ], [ -78.88, 39.52 ], [ -78.84, 39.57 ], [ -78.82, 39.56 ], [ -78.83, 39.59 ], [ -78.81, 39.61 ], [ -78.8, 39.61 ], [ -78.8, 39.63 ], [ -78.78, 39.65 ], [ -78.76, 39.65 ], [ -78.78, 39.62 ], [ -78.75, 39.63 ], [ -78.73, 39.62 ], [ -78.78, 39.6 ], [ -78.77, 39.59 ], [ -78.75, 39.58 ], [ -78.73, 39.59 ], [ -78.72, 39.56 ], [ -78.69, 39.55 ], [ -78.65, 39.53 ], [ -78.59, 39.54 ], [ -78.57, 39.52 ], [ -78.52, 39.52 ], [ -78.47, 39.52 ], [ -78.45, 39.54 ], [ -78.44, 39.54 ], [ -78.44, 39.55 ], [ -78.42, 39.55 ], [ -78.46, 39.59 ], [ -78.41, 39.58 ], [ -78.39, 39.59 ], [ -78.43, 39.62 ], [ -78.38, 39.61 ], [ -78.38, 39.63 ], [ -78.36, 39.63 ], [ -78.36, 39.64 ], [ -78.27, 39.62 ], [ -78.22, 39.66 ], [ -78.23, 39.67 ], [ -78.2, 39.68 ], [ -78.18, 39.7 ], [ -78.08, 39.67 ], [ -78.01, 39.6 ], [ -77.96, 39.61 ], [ -77.95, 39.58 ], [ -77.94, 39.62 ], [ -77.89, 39.6 ], [ -77.88, 39.6 ], [ -77.88, 39.62 ], [ -77.83, 39.6 ], [ -77.84, 39.57 ], [ -77.89, 39.56 ], [ -77.87, 39.54 ], [ -77.86, 39.51 ], [ -77.84, 39.52 ], [ -77.84, 39.53 ], [ -77.82, 39.53 ], [ -77.85, 39.5 ], [ -77.8, 39.49 ], [ -77.77, 39.5 ], [ -77.8, 39.48 ], [ -77.78, 39.46 ], [ -77.8, 39.46 ], [ -77.79, 39.45 ], [ -77.8, 39.44 ], [ -77.76, 39.43 ], [ -77.74, 39.4 ], [ -77.74, 39.39 ], [ -77.75, 39.38 ], [ -77.74, 39.36 ], [ -77.76, 39.34 ], [ -77.72, 39.32 ] ] ] } },
{ "type": "Feature", "properties": { "GEOIDFQ": "0400000US12", "NAME": "Florida" }, "geometry": { "type": "MultiPolygon", "coordinates": [ [ [ [ -80.33, 25.1 ], [ -80.39, 25.06 ], [ -80.4, 25.02 ], [ -80.44, 25.0 ], [ -80.46, 24.96 ], [ -80.51, 24.94 ], [ -80.64, 24.84 ], [ -80.77, 24.77 ], [ -80.85, 24.75 ], [ -80.89, 24.72 ], [ -81.02, 24.67 ], [ -81.06, 24.64 ], [ -81.12, 24.64 ], [ -81.15, 24.65 ], [ -81.26, 24.6 ], [ -81.37, 24.57 ], [ -81.42, 24.57 ], [ -81.47, 24.55 ], [ -81.51, 24.56 ], [ -81.53, 24.55 ], [ -81.52, 24.51 ], [ -81.54, 24.49 ], [ -81.7, 24.43 ], [ -81.75, 24.44 ], [ -81.77, 24.47 ], [ -81.77, 24.5 ], [ -81.79, 24.5 ], [ -81.78, 24.46 ], [ -81.8, 24.43 ], [ -81.84, 24.41 ], [ -81.92, 24.4 ], [ -81.97, 24.42 ], [ -81.97, 24.47 ], [ -82.03, 24.48 ], [ -82.07, 24.52 ], [ -82.1, 24.5 ], [ -82.17, 24.5 ], [ -82.21, 24.53 ], [ -82.22, 24.58 ], [ -82.33, 24.58 ], [ -82.28, 24.68 ], [ -82.2, 24.74 ], [ -82.11, 24.75 ], [ -82.03, 24.73 ], [ -81.97, 24.75 ], [ -81.89, 24.76 ], [ -81.49, 24.97 ], [ -81.26, 24.99 ], [ -81.17, 24.97 ], [ -81.3, 25.1 ], [ -81.34, 25.22 ], [ -81.31, 25.35 ], [ -81.33, 25.39 ], [ -81.43, 25.55 ], [ -81.49, 25.59 ], [ -81.52, 25.66 ], [ -81.58, 25.69 ], [ -81.68, 25.67 ], [ -81.77, 25.7 ], [ -81.81, 25.74 ], [ -81.87, 25.83 ], [ -81.96, 26.05 ], [ -82.01, 26.28 ], [ -82.09, 26.27 ], [ -82.17, 26.29 ], [ -82.28, 26.35 ], [ -82.32, 26.4 ], [ -82.43, 26.64 ], [ -82.43, 26.74 ], [ -82.45, 26.76 ], [ -82.59, 26.99 ], [ -82.67, 27.15 ], [ -82.83, 27.36 ], [ -82.9, 27.48 ], [ -82.93, 27.58 ], [ -82.92, 27.68 ], [ -82.99, 27.78 ], [ -83.02, 27.88 ], [ -83.0, 28.01 ], [ -83.02, 28.2 ], [ -83.02, 28.25 ], [ -82.97, 28.32 ], [ -82.9, 28.36 ], [ -82.86, 28.48 ], [ -82.86, 28.53 ], [ -82.84, 28.57 ], [ -82.87, 28.62 ], [ -82.92, 28.77 ], [ -82.92, 28.86 ], [ -82.94, 28.91 ], [ -82.95, 28.96 ], [ -83.01, 28.95 ], [ -83.09, 28.95 ], [ -83.15, 28.96 ], [ -83.2, 29.0 ], [ -83.26, 29.08 ], [ -83.26, 29.16 ], [ -83.33, 29.21 ], [ -83.36, 29.29 ], [ -83.54, 29.41 ], [ -83.57, 29.46 ], [ -83.58, 29.56 ], [ -83.71, 29.64 ], [ -83.78, 29.79 ], [ -83.83, 29.82 ], [ -83.92, 29.84 ], [ -84.06, 29.94 ], [ -84.16, 29.92 ], [ -84.19, 29.83 ], [ -84.26, 29.77 ], [ -84.32, 29.75 ], [ -84.42, 29.75 ], [ -84.47, 29.69 ], [ -84.59, 29.64 ], [ -84.71, 29.55 ], [ -84.9, 29.47 ], [ -85.06, 29.44 ], [ -85.13, 29.45 ], [ -85.26, 29.52 ], [ -85.35, 29.51 ], [ -85.45, 29.53 ], [ -85.49, 29.57 ], [ -85.54, 29.65 ], [ -85.58, 29.75 ], [ -85.59, 29.84 ], [ -85.71, 29.94 ], [ -85.8, 29.98 ], [ -85.89, 30.05 ], [ -86.01, 30.11 ], [ -86.31, 30.21 ], [ -86.45, 30.23 ], [ -86.71, 30.24 ], [ -87.18, 30.17 ], [ -87.3, 30.17 ], [ -87.52, 30.13 ], [ -87.52, 30.28 ], [ -87.45, 30.3 ], [ -87.45, 30.31 ], [ -87.5, 30.31 ], [ -87.5, 30.32 ], [ -87.46, 30.34 ], [ -87.43, 30.41 ], [ -87.4, 30.41 ], [ -87.37, 30.44 ], [ -87.43, 30.47 ], [ -87.43, 30.5 ], [ -87.45, 30.51 ], [ -87.39, 30.61 ], [ -87.41, 30.68 ], [ -87.53, 30.74 ], [ -87.55, 30.78 ], [ -87.62, 30.83 ], [ -87.63, 30.87 ], [ -87.59, 30.95 ], [ -87.6, 31.0 ], [ -85.0, 31.0 ], [ -85.01, 30.98 ], [ -84.98, 30.96 ], [ -84.98, 30.93 ], [ -84.93, 30.88 ], [ -84.93, 30.84 ], [ -84.94, 30.82 ], [ -84.91, 30.75 ], [ -84.9, 30.75 ], [ -84.86, 30.71 ], [ -82.21, 30.57 ], [ -82.24, 30.54 ], [ -82.2, 30.49 ], [ -82.21, 30.41 ], [ -82.16, 30.36 ], [ -82.11, 30.37 ], [ -82.07, 30.36 ], [ -82.04, 30.37 ], [ -82.04, 30.41 ], [ -82.02, 30.48 ], [ -82.02, 30.53 ], [ -82.01, 30.56 ], [ -82.05, 30.66 ], [ -82.04, 30.71 ], [ -82.05, 30.73 ], [ -82.04, 30.75 ], [ -82.01, 30.76 ], [ -82.02, 30.79 ], [ -82.01, 30.79 ], [ -81.97, 30.78 ], [ -81.95, 30.83 ], [ -81.91, 30.82 ], [ -81.9, 30.83 ], [ -81.87, 30.79 ], [ -81.79, 30.79 ], [ -81.78, 30.76 ], [ -81.76, 30.78 ], [ -81.72, 30.74 ], [ -81.67, 30.74 ], [ -81.68, 30.75 ], [ -81.66, 30.75 ], [ -81.65, 30.73 ], [ -81.62, 30.74 ], [ -81.61, 30.72 ], [ -81.6, 30.72 ], [ -81.55, 30.72 ], [ -81.54, 30.71 ], [ -81.53, 30.72 ], [ -81.49, 30.73 ], [ -81.45, 30.71 ], [ -81.35, 30.71 ], [ -81.38, 30.63 ], [ -81.38, 30.54 ], [ -81.35, 30.49 ], [ -81.35, 30.45 ], [ -81.32, 30.41 ], [ -81.34, 30.36 ], [ -81.33, 30.3 ], [ -81.19, 29.76 ], [ -80.91, 29.14 ], [ -80.64, 28.75 ], [ -80.52, 28.61 ], [ -80.47, 28.46 ], [ -80.48, 28.43 ], [ -80.52, 28.39 ], [ -80.54, 28.27 ], [ -80.5, 28.08 ], [ -80.33, 27.76 ], [ -80.22, 27.45 ], [ -80.1, 27.18 ], [ -80.04, 27.03 ], [ -79.98, 26.8 ], [ -79.98, 26.57 ], [ -80.05, 26.07 ], [ -80.07, 25.76 ], [ -80.09, 25.72 ], [ -80.12, 25.53 ], [ -80.09, 25.48 ], [ -80.11, 25.45 ], [ -80.14, 25.43 ], [ -80.33, 25.1 ] ] ], [ [ [ -83.09, 24.69 ], [ -83.04, 24.74 ], [ -82.98, 24.78 ], [ -82.87, 24.8 ], [ -82.78, 24.8 ], [ -82.71, 24.77 ], [ -82.66, 24.71 ], [ -82.64, 24.65 ], [ -82.66, 24.58 ], [ -82.83, 24.58 ], [ -82.87, 24.56 ], [ -83.0, 24.58 ], [ -83.0, 24.48 ], [ -83.08, 24.54 ], [ -83.11, 24.63 ], [ -83.09, 24.69 ] ] ] ] } },
{ "type": "Feature", "properties": { "GEOIDFQ": "0400000US17", "NAME": "Illinois" }, "geometry": { "type": "Polygon", "coordinates": [ [ [ -87.91, 38.27 ], [ -87.91, 38.3 ], [ -87.93, 38.3 ], [ -87.96, 38.24 ], [ -87.99, 38.26 ], [ -87.98, 38.2 ], [ -87.94, 38.17 ], [ -87.93, 38.16 ], [ -87.92, 38.17 ], [ -87.91, 38.16 ], [ -87.95, 38.13 ], [ -87.97, 38.13 ], [ -87.98, 38.11 ], [ -88.02, 38.1 ], [ -88.01, 38.08 ], [ -87.96, 38.1 ], [ -87.96, 38.09 ], [ -87.98, 38.06 ], [ -88.04, 38.05 ], [ -88.03, 38.03 ], [ -88.01, 38.03 ], [ -88.03, 38.01 ], [ -88.01, 37.97 ], [ -88.04, 37.96 ], [ -88.03, 37.93 ], [ -88.06, 37.93 ], [ -88.07, 37.93 ], [ -88.02, 37.91 ], [ -88.01, 37.89 ], [ -88.1, 37.9 ], [ -88.07, 37.85 ], [ -88.03, 37.83 ], [ -88.04, 37.82 ], [ -88.08, 37.83 ], [ -88.09, 37.82 ], [ -88.07, 37.8 ], [ -88.04, 37.81 ], [ -88.03, 37.8 ], [ -88.06, 37.74 ], [ -88.12, 37.71 ], [ -88.16, 37.66 ], [ -88.14, 37.58 ], [ -88.07, 37.53 ], [ -88.07, 37.49 ], [ -88.09, 37.47 ], [ -88.28, 37.45 ], [ -88.36, 37.4 ], [ -88.41, 37.43 ], [ -88.47, 37.4 ], [ -88.52, 37.28 ], [ -88.51, 37.26 ], [ -88.45, 37.2 ], [ -88.42, 37.15 ], [ -88.46, 37.08 ], [ -88.51, 37.07 ], [ -88.57, 37.08 ], [ -88.62, 37.12 ], [ -88.73, 37.14 ], [ -88.8, 37.19 ], [ -88.92, 37.22 ], [ -88.98, 37.23 ], [ -89.03, 37.21 ], [ -89.08, 37.17 ], [ -89.11, 37.12 ], [ -89.17, 37.07 ], [ -89.18, 37.02 ], [ -89.13, 36.98 ], [ -89.19, 36.97 ], [ -89.2, 37.02 ], [ -89.23, 37.04 ], [ -89.25, 37.07 ], [ -89.26, 37.06 ], [ -89.31, 37.07 ], [ -89.3, 37.05 ], [ -89.26, 37.02 ], [ -89.27, 36.99 ], [ -89.29, 36.99 ], [ -89.38, 37.04 ], [ -89.38, 37.09 ], [ -89.46, 37.19 ], [ -89.47, 37.22 ], [ -89.46, 37.25 ], [ -89.49, 37.25 ], [ -89.52, 37.28 ], [ -89.49, 37.33 ], [ -89.43, 37.35 ], [ -89.42, 37.39 ], [ -89.44, 37.44 ], [ -89.52, 37.54 ], [ -89.52, 37.58 ], [ -89.49, 37.58 ], [ -89.48, 37.59 ], [ -89.52, 37.64 ], [ -89.52, 37.69 ], [ -89.58, 37.71 ], [ -89.62, 37.75 ], [ -89.66, 37.75 ], [ -89.67, 37.8 ], [ -89.74, 37.85 ], [ -89.79, 37.85 ], [ -89.8, 37.88 ], [ -89.84, 37.91 ], [ -89.9, 37.87 ], [ -89.95, 37.88 ], [ -89.97, 37.93 ], [ -89.92, 37.96 ], [ -89.94, 37.97 ], [ -90.0, 37.96 ], [ -90.06, 38.02 ], [ -90.11, 38.03 ], [ -90.13, 38.06 ], [ -90.16, 38.07 ], [ -90.18, 38.07 ], [ -90.22, 38.1 ], [ -90.27, 38.16 ], [ -90.33, 38.19 ], [ -90.36, 38.22 ], [ -90.37, 38.33 ], [ -90.34, 38.39 ], [ -90.29, 38.43 ], [ -90.26, 38.53 ], [ -90.18, 38.61 ], [ -90.18, 38.66 ], [ -90.21, 38.72 ], [ -90.17, 38.77 ], [ -90.12, 38.8 ], [ -90.11, 38.85 ], [ -90.25, 38.92 ], [ -90.31, 38.92 ], [ -90.44, 38.97 ], [ -90.47, 38.96 ], [ -90.5, 38.91 ], [ -90.55, 38.87 ], [ -90.58, 38.87 ], [ -90.62, 38.89 ], [ -90.66, 38.93 ], [ -90.68, 38.99 ], [ -90.71, 39.05 ], [ -90.68, 39.1 ], [ -90.71, 39.15 ], [ -90.73, 39.26 ], [ -90.94, 39.4 ], [ -91.04, 39.45 ], [ -91.1, 39.54 ], [ -91.15, 39.55 ], [ -91.18, 39.6 ], [ -91.23, 39.62 ], [ -91.37, 39.73 ], [ -91.36, 39.79 ], [ -91.44, 39.85 ], [ -91.45, 39.88 ], [ -91.42, 39.93 ], [ -91.49, 40.04 ], [ -91.51, 40.14 ], [ -91.51, 40.24 ], [ -91.45, 40.36 ], [ -91.37, 40.4 ], [ -91.38, 40.44 ], [ -91.36, 40.5 ], [ -91.4, 40.54 ], [ -91.4, 40.56 ], [ -91.34, 40.61 ], [ -91.25, 40.64 ], [ -91.19, 40.64 ], [ -91.12, 40.67 ], [ -91.09, 40.78 ], [ -91.09, 40.82 ], [ -91.01, 40.9 ], [ -90.96, 40.93 ], [ -90.94, 41.03 ], [ -90.95, 41.1 ], [ -90.99, 41.16 ], [ -91.04, 41.17 ], [ -91.11, 41.24 ], [ -91.07, 41.31 ], [ -91.05, 41.41 ], [ -90.98, 41.43 ], [ -90.93, 41.42 ], [ -90.85, 41.46 ], [ -90.75, 41.45 ], [ -90.66, 41.46 ], [ -90.59, 41.51 ], [ -90.54, 41.53 ], [ -90.5, 41.52 ], [ -90.46, 41.52 ], [ -90.41, 41.57 ], [ -90.34, 41.59 ], [ -90.34, 41.65 ], [ -90.33, 41.68 ], [ -90.31, 41.7 ], [ -90.31, 41.74 ], [ -90.28, 41.77 ], [ -90.18, 41.81 ], [ -90.18, 41.84 ], [ -90.15, 41.91 ], [ -90.16, 41.96 ], [ -90.14, 42.0 ], [ -90.16, 42.04 ], [ -90.16, 42.12 ], [ -90.2, 42.13 ], [ -90.22, 42.16 ], [ -90.39, 42.23 ], [ -90.43, 42.28 ], [ -90.42, 42.33 ], [ -90.48, 42.38 ], [ -90.56, 42.42 ], [ -90.57, 42.44 ], [ -90.65, 42.47 ], [ -90.66, 42.49 ], [ -90.64, 42.51 ], [ -88.78, 42.49 ], [ -87.02, 42.49 ], [ -87.21, 41.76 ], [ -87.52, 41.76 ], [ -87.53, 39.35 ], [ -87.58, 39.34 ], [ -87.62, 39.31 ], [ -87.6, 39.3 ], [ -87.61, 39.28 ], [ -87.6, 39.26 ], [ -87.59, 39.25 ], [ -87.57, 39.25 ], [ -87.57, 39.22 ], [ -87.59, 39.2 ], [ -87.62, 39.19 ], [ -87.62, 39.17 ], [ -87.64, 39.17 ], [ -87.64, 39.16 ], [ -87.66, 39.14 ], [ -87.64, 39.12 ], [ -87.65, 39.11 ], [ -87.62, 39.1 ], [ -87.62, 39.09 ], [ -87.57, 39.06 ], [ -87.58, 39.0 ], [ -87.56, 38.99 ], [ -87.58, 38.99 ], [ -87.53, 38.97 ], [ -87.51, 38.95 ], [ -87.53, 38.92 ], [ -87.52, 38.9 ], [ -87.53, 38.9 ], [ -87.54, 38.89 ], [ -87.53, 38.88 ], [ -87.55, 38.86 ], [ -87.53, 38.85 ], [ -87.53, 38.82 ], [ -87.5, 38.78 ], [ -87.51, 38.77 ], [ -87.5, 38.77 ], [ -87.5, 38.74 ], [ -87.53, 38.68 ], [ -87.59, 38.67 ], [ -87.62, 38.64 ], [ -87.63, 38.61 ], [ -87.61, 38.59 ], [ -87.64, 38.59 ], [ -87.65, 38.56 ], [ -87.67, 38.55 ], [ -87.65, 38.51 ], [ -87.67, 38.51 ], [ -87.69, 38.49 ], [ -87.75, 38.47 ], [ -87.76, 38.46 ], [ -87.73, 38.45 ], [ -87.75, 38.41 ], [ -87.78, 38.37 ], [ -87.82, 38.35 ], [ -87.84, 38.28 ], [ -87.86, 38.28 ], [ -87.87, 38.31 ], [ -87.91, 38.27 ] ] ] } },
{ "type": "Feature", "properties": { "GEOIDFQ": "0400000US27", "NAME": "Minnesota" }, "geometry": { "type": "Polygon", "coordinates": [ [ [ -95.15, 49.0 ], [ -95.15, 49.38 ], [ -95.06, 49.35 ], [ -94.96, 49.37 ], [ -94.85, 49.32 ], [ -94.82, 49.32 ], [ -94.83, 49.29 ], [ -94.8, 49.2 ], [ -94.77, 49.12 ], [ -94.75, 49.1 ], [ -94.68, 48.88 ], [ -94.69, 48.84 ], [ -94.7, 48.82 ], [ -94.69, 48.79 ], [ -94.65, 48.74 ], [ -94.59, 48.72 ], [ -94.55, 48.71 ], [ -94.54, 48.7 ], [ -94.45, 48.69 ], [ -94.42, 48.71 ], [ -94.29, 48.71 ], [ -94.25, 48.69 ], [ -94.25, 48.66 ], [ -94.22, 48.65 ], [ -93.84, 48.63 ], [ -93.81, 48.58 ], [ -93.82, 48.53 ], [ -93.79, 48.52 ], [ -93.66, 48.52 ], [ -93.63, 48.53 ], [ -93.61, 48.52 ], [ -93.47, 48.55 ], [ -93.46, 48.56 ], [ -93.47, 48.59 ], [ -93.41, 48.61 ], [ -93.37, 48.61 ], [ -93.35, 48.63 ], [ -93.25, 48.64 ], [ -93.21, 48.64 ], [ -93.18, 48.62 ], [ -92.98, 48.62 ], [ -92.95, 48.63 ], [ -92.95, 48.61 ], [ -92.73, 48.54 ], [ -92.63, 48.54 ], [ -92.63, 48.5 ], [ -92.7, 48.49 ], [ -92.71, 48.46 ], [ -92.69, 48.44 ], [ -92.66, 48.44 ], [ -92.51, 48.45 ], [ -92.46, 48.41 ], [ -92.48, 48.37 ], [ -92.47, 48.35 ], [ -92.42, 48.3 ], [ -92.37, 48.22 ], [ -92.27, 48.25 ], [ -92.29, 48.27 ], [ -92.31, 48.32 ], [ -92.29, 48.34 ], [ -92.26, 48.35 ], [ -92.22, 48.34 ], [ -92.14, 48.37 ], [ -92.14, 48.36 ], [ -92.06, 48.36 ], [ -92.05, 48.33 ], [ -92.0, 48.32 ], [ -92.01, 48.3 ], [ -92.01, 48.27 ], [ -91.98, 48.24 ], [ -91.97, 48.25 ], [ -91.95, 48.25 ], [ -91.96, 48.23 ], [ -91.89, 48.24 ], [ -91.86, 48.21 ], [ -91.82, 48.21 ], [ -91.79, 48.2 ], [ -91.76, 48.21 ], [ -91.72, 48.2 ], [ -91.72, 48.17 ], [ -91.7, 48.17 ], [ -91.7, 48.14 ], [ -91.71, 48.11 ], [ -91.68, 48.12 ], [ -91.69, 48.11 ], [ -91.67, 48.11 ], [ -91.65, 48.11 ], [ -91.64, 48.1 ], [ -91.56, 48.11 ], [ -91.58, 48.07 ], [ -91.57, 48.04 ], [ -91.49, 48.07 ], [ -91.45, 48.07 ], [ -91.43, 48.05 ], [ -91.37, 48.07 ], [ -91.27, 48.08 ], [ -91.08, 48.18 ], [ -91.02, 48.19 ], [ -90.98, 48.22 ], [ -90.92, 48.23 ], [ -90.89, 48.25 ], [ -90.88, 48.24 ], [ -90.84, 48.24 ], [ -90.84, 48.18 ], [ -90.82, 48.18 ], [ -90.8, 48.16 ], [ -90.78, 48.16 ], [ -90.78, 48.15 ], [ -90.78, 48.14 ], [ -90.79, 48.13 ], [ -90.75, 48.09 ], [ -90.64, 48.1 ], [ -90.58, 48.12 ], [ -90.56, 48.12 ], [ -90.57, 48.11 ], [ -90.56, 48.1 ], [ -90.49, 48.1 ], [ -90.47, 48.11 ], [ -90.44, 48.1 ], [ -90.4, 48.11 ], [ -90.37, 48.09 ], [ -90.31, 48.11 ], [ -90.29, 48.1 ], [ -90.14, 48.11 ], [ -90.02, 48.08 ], [ -90.0, 48.06 ], [ -89.99, 48.03 ], [ -89.95, 48.01 ], [ -89.93, 48.02 ], [ -89.92, 48.0 ], [ -89.9, 47.99 ], [ -89.85, 47.99 ], [ -89.82, 48.02 ], [ -89.78, 48.02 ], [ -89.65, 48.0 ], [ -89.61, 48.02 ], [ -89.61, 48.01 ], [ -89.58, 48.0 ], [ -89.48, 48.01 ], [ -89.96, 47.29 ], [ -90.65, 47.31 ], [ -91.5, 46.91 ], [ -92.02, 46.7 ], [ -92.09, 46.75 ], [ -92.12, 46.75 ], [ -92.14, 46.73 ], [ -92.15, 46.72 ], [ -92.19, 46.72 ], [ -92.2, 46.7 ], [ -92.18, 46.69 ], [ -92.21, 46.65 ], [ -92.24, 46.65 ], [ -92.26, 46.66 ], [ -92.27, 46.65 ], [ -92.29, 46.67 ], [ -92.29, 46.07 ], [ -92.33, 46.06 ], [ -92.35, 46.02 ], [ -92.43, 46.02 ], [ -92.47, 45.97 ], [ -92.53, 45.98 ], [ -92.55, 45.97 ], [ -92.55, 45.95 ], [ -92.64, 45.93 ], [ -92.64, 45.92 ], [ -92.71, 45.89 ], [ -92.74, 45.85 ], [ -92.77, 45.83 ], [ -92.76, 45.81 ], [ -92.78, 45.76 ], [ -92.87, 45.72 ], [ -92.89, 45.64 ], [ -92.88, 45.58 ], [ -92.82, 45.56 ], [ -92.77, 45.57 ], [ -92.75, 45.55 ], [ -92.72, 45.54 ], [ -92.73, 45.51 ], [ -92.65, 45.44 ], [ -92.65, 45.4 ], [ -92.7, 45.36 ], [ -92.7, 45.33 ], [ -92.76, 45.29 ], [ -92.75, 45.22 ], [ -92.77, 45.19 ], [ -92.75, 45.17 ], [ -92.74, 45.12 ], [ -92.8, 45.06 ], [ -92.76, 45.02 ], [ -92.77, 44.97 ], [ -92.75, 44.94 ], [ -92.77, 44.9 ], [ -92.77, 44.84 ], [ -92.81, 44.75 ], [ -92.63, 44.65 ], [ -92.62, 44.61 ], [ -92.59, 44.6 ], [ -92.57, 44.6 ], [ -92.55, 44.57 ], [ -92.52, 44.58 ], [ -92.44, 44.55 ], [ -92.42, 44.56 ], [ -92.34, 44.55 ], [ -92.31, 44.54 ], [ -92.29, 44.49 ], [ -92.23, 44.44 ], [ -92.06, 44.4 ], [ -91.97, 44.36 ], [ -91.92, 44.32 ], [ -91.92, 44.29 ], [ -91.9, 44.27 ], [ -91.88, 44.2 ], [ -91.81, 44.16 ], [ -91.72, 44.13 ], [ -91.71, 44.1 ], [ -91.68, 44.1 ], [ -91.59, 44.03 ], [ -91.43, 44.0 ], [ -91.28, 43.85 ], [ -91.24, 43.77 ], [ -91.27, 43.71 ], [ -91.27, 43.62 ], [ -91.23, 43.58 ], [ -91.24, 43.54 ], [ -91.22, 43.5 ], [ -96.45, 43.5 ], [ -96.45, 45.3 ], [ -96.49, 45.36 ], [ -96.52, 45.38 ], [ -96.62, 45.41 ], [ -96.69, 45.42 ], [ -96.73, 45.46 ], [ -96.76, 45.52 ], [ -96.86, 45.61 ], [ -96.84, 45.65 ], [ -96.66, 45.74 ], [ -96.63, 45.79 ], [ -96.58, 45.82 ], [ -96.56, 45.95 ], [ -96.58, 46.03 ], [ -96.55, 46.08 ], [ -96.58, 46.15 ], [ -96.58, 46.17 ], [ -96.59, 46.18 ], [ -96.58, 46.21 ], [ -96.6, 46.24 ], [ -96.58, 46.25 ], [ -96.6, 46.26 ], [ -96.6, 46.33 ], [ -96.63, 46.35 ], [ -96.65, 46.35 ], [ -96.69, 46.41 ], [ -96.7, 46.42 ], [ -96.7, 46.44 ], [ -96.72, 46.44 ], [ -96.71, 46.46 ], [ -96.72, 46.47 ], [ -96.74, 46.48 ], [ -96.74, 46.54 ], [ -96.75, 46.56 ], [ -96.74, 46.56 ], [ -96.75, 46.58 ], [ -96.76, 46.58 ], [ -96.76, 46.6 ], [ -96.77, 46.6 ], [ -96.77, 46.62 ], [ -96.79, 46.62 ], [ -96.78, 46.63 ], [ -96.8, 46.63 ], [ -96.79, 46.64 ], [ -96.8, 46.67 ], [ -96.78, 46.69 ], [ -96.79, 46.72 ], [ -96.78, 46.73 ], [ -96.79, 46.76 ], [ -96.79, 46.77 ], [ -96.8, 46.78 ], [ -96.79, 46.79 ], [ -96.8, 46.81 ], [ -96.79, 46.83 ], [ -96.77, 46.84 ], [ -96.78, 46.88 ], [ -96.77, 46.88 ], [ -96.78, 46.9 ], [ -96.75, 46.92 ], [ -96.76, 46.93 ], [ -96.79, 46.93 ], [ -96.79, 46.95 ], [ -96.8, 46.95 ], [ -96.8, 46.97 ], [ -96.82, 46.97 ], [ -96.82, 47.0 ], [ -96.84, 47.01 ], [ -96.82, 47.04 ], [ -96.82, 47.05 ], [ -96.82, 47.06 ], [ -96.82, 47.08 ], [ -96.83, 47.09 ], [ -96.82, 47.11 ], [ -96.84, 47.12 ], [ -96.83, 47.13 ], [ -96.83, 47.15 ], [ -96.82, 47.16 ], [ -96.83, 47.18 ], [ -96.82, 47.18 ], [ -96.84, 47.19 ], [ -96.83, 47.2 ], [ -96.83, 47.22 ], [ -96.83, 47.23 ], [ -96.84, 47.24 ], [ -96.84, 47.25 ], [ -96.84, 47.26 ], [ -96.83, 47.27 ], [ -96.85, 47.27 ], [ -96.83, 47.31 ], [ -96.85, 47.32 ], [ -96.83, 47.33 ], [ -96.85, 47.33 ], [ -96.83, 47.34 ], [ -96.86, 47.37 ], [ -96.85, 47.37 ], [ -96.84, 47.39 ], [ -96.85, 47.41 ], [ -96.87, 47.42 ], [ -96.85, 47.43 ], [ -96.86, 47.46 ], [ -96.85, 47.48 ], [ -96.85, 47.49 ], [ -96.87, 47.49 ], [ -96.84, 47.51 ], [ -96.87, 47.53 ], [ -96.86, 47.54 ], [ -96.85, 47.54 ], [ -96.86, 47.56 ], [ -96.85, 47.57 ], [ -96.86, 47.58 ], [ -96.85, 47.6 ], [ -96.88, 47.62 ], [ -96.89, 47.67 ], [ -96.92, 47.7 ], [ -96.92, 47.72 ], [ -96.94, 47.75 ], [ -96.93, 47.76 ], [ -96.93, 47.77 ], [ -96.97, 47.78 ], [ -96.97, 47.8 ], [ -96.99, 47.81 ], [ -96.97, 47.82 ], [ -97.0, 47.84 ], [ -97.0, 47.87 ], [ -97.02, 47.87 ], [ -97.02, 47.92 ], [ -97.06, 47.95 ], [ -97.05, 47.99 ], [ -97.07, 48.02 ], [ -97.07, 48.05 ], [ -97.1, 48.07 ], [ -97.1, 48.1 ], [ -97.12, 48.11 ], [ -97.13, 48.14 ], [ -97.15, 48.14 ], [ -97.12, 48.16 ], [ -97.14, 48.16 ], [ -97.15, 48.17 ], [ -97.14, 48.18 ], [ -97.15, 48.18 ], [ -97.14, 48.2 ], [ -97.13, 48.21 ], [ -97.14, 48.22 ], [ -97.14, 48.23 ], [ -97.13, 48.24 ], [ -97.15, 48.24 ], [ -97.13, 48.25 ], [ -97.12, 48.26 ], [ -97.15, 48.27 ], [ -97.12, 48.28 ], [ -97.14, 48.29 ], [ -97.11, 48.3 ], [ -97.12, 48.31 ], [ -97.14, 48.31 ], [ -97.12, 48.32 ], [ -97.14, 48.33 ], [ -97.13, 48.34 ], [ -97.16, 48.37 ], [ -97.13, 48.38 ], [ -97.16, 48.39 ], [ -97.13, 48.41 ], [ -97.15, 48.42 ], [ -97.12, 48.42 ], [ -97.15, 48.43 ], [ -97.13, 48.43 ], [ -97.12, 48.44 ], [ -97.15, 48.44 ], [ -97.13, 48.46 ], [ -97.15, 48.47 ], [ -97.13, 48.47 ], [ -97.14, 48.48 ], [ -97.14, 48.49 ], [ -97.15, 48.51 ], [ -97.13, 48.52 ], [ -97.15, 48.52 ], [ -97.14, 48.54 ], [ -97.17, 48.55 ], [ -97.14, 48.56 ], [ -97.18, 48.56 ], [ -97.15, 48.57 ], [ -97.16, 48.58 ], [ -97.14, 48.58 ], [ -97.15, 48.6 ], [ -97.13, 48.61 ], [ -97.13, 48.62 ], [ -97.13, 48.63 ], [ -97.11, 48.63 ], [ -97.12, 48.64 ], [ -97.1, 48.66 ], [ -97.11, 48.66 ], [ -97.09, 48.68 ], [ -97.12, 48.7 ], [ -97.11, 48.71 ], [ -97.14, 48.73 ], [ -97.14, 48.74 ], [ -97.14, 48.75 ], [ -97.15, 48.75 ], [ -97.15, 48.76 ], [ -97.16, 48.78 ], [ -97.17, 48.79 ], [ -97.16, 48.8 ], [ -97.18, 48.8 ], [ -97.16, 48.81 ], [ -97.19, 48.82 ], [ -97.17, 48.84 ], [ -97.18, 48.86 ], [ -97.19, 48.86 ], [ -97.18, 48.88 ], [ -97.2, 48.88 ], [ -97.19, 48.9 ], [ -97.21, 48.91 ], [ -97.24, 48.98 ], [ -97.23, 49.0 ], [ -95.15, 49.0 ] ] ] } },
{ "type": "Feature", "properties": { "GEOIDFQ": "0400000US24", "NAME": "Maryland" }, "geometry": { "type": "Polygon", "coordinates": [ [ [ -75.69, 38.46 ], [ -74.99, 38.45 ], [ -75.02, 38.31 ], [ -75.17, 38.03 ], [ -75.62, 37.99 ], [ -75.65, 37.97 ], [ -75.65, 37.95 ], [ -75.7, 37.95 ], [ -75.76, 37.94 ], [ -75.8, 37.91 ], [ -75.95, 37.91 ], [ -75.94, 37.95 ], [ -76.05, 37.95 ], [ -76.24, 37.89 ], [ -76.33, 37.94 ], [ -76.41, 37.97 ], [ -76.47, 38.01 ], [ -76.52, 38.03 ], [ -76.54, 38.07 ], [ -76.6, 38.11 ], [ -76.61, 38.15 ], [ -76.76, 38.17 ], [ -76.84, 38.16 ], [ -76.95, 38.21 ], [ -76.96, 38.26 ], [ -77.03, 38.31 ], [ -77.01, 38.37 ], [ -77.04, 38.4 ], [ -77.08, 38.37 ], [ -77.14, 38.37 ], [ -77.18, 38.34 ], [ -77.25, 38.33 ], [ -77.28, 38.34 ], [ -77.32, 38.43 ], [ -77.32, 38.47 ], [ -77.25, 38.59 ], [ -77.2, 38.62 ], [ -77.13, 38.63 ], [ -77.12, 38.69 ], [ -77.08, 38.71 ], [ -77.04, 38.72 ], [ -77.04, 38.79 ], [ -76.91, 38.89 ], [ -77.04, 39.0 ], [ -77.12, 38.93 ], [ -77.15, 38.97 ], [ -77.24, 38.98 ], [ -77.26, 39.0 ], [ -77.25, 39.02 ], [ -77.3, 39.05 ], [ -77.46, 39.08 ], [ -77.49, 39.11 ], [ -77.52, 39.12 ], [ -77.53, 39.14 ], [ -77.51, 39.18 ], [ -77.48, 39.19 ], [ -77.46, 39.23 ], [ -77.54, 39.27 ], [ -77.57, 39.31 ], [ -77.62, 39.3 ], [ -77.68, 39.32 ], [ -77.72, 39.32 ], [ -77.76, 39.34 ], [ -77.74, 39.4 ], [ -77.75, 39.42 ], [ -77.8, 39.44 ], [ -77.79, 39.45 ], [ -77.8, 39.46 ], [ -77.78, 39.46 ], [ -77.8, 39.48 ], [ -77.77, 39.5 ], [ -77.8, 39.49 ], [ -77.85, 39.5 ], [ -77.82, 39.53 ], [ -77.84, 39.53 ], [ -77.84, 39.52 ], [ -77.86, 39.51 ], [ -77.87, 39.54 ], [ -77.89, 39.56 ], [ -77.84, 39.57 ], [ -77.84, 39.61 ], [ -77.88, 39.62 ], [ -77.88, 39.6 ], [ -77.89, 39.6 ], [ -77.94, 39.62 ], [ -77.95, 39.58 ], [ -77.96, 39.61 ], [ -78.01, 39.6 ], [ -78.08, 39.67 ], [ -78.18, 39.7 ], [ -78.2, 39.68 ], [ -78.23, 39.67 ], [ -78.22, 39.66 ], [ -78.27, 39.62 ], [ -78.36, 39.64 ], [ -78.36, 39.63 ], [ -78.38, 39.63 ], [ -78.38, 39.61 ], [ -78.43, 39.62 ], [ -78.39, 39.59 ], [ -78.41, 39.58 ], [ -78.46, 39.59 ], [ -78.42, 39.55 ], [ -78.44, 39.55 ], [ -78.44, 39.54 ], [ -78.45, 39.54 ], [ -78.46, 39.54 ], [ -78.47, 39.52 ], [ -78.57, 39.52 ], [ -78.59, 39.54 ], [ -78.68, 39.54 ], [ -78.72, 39.56 ], [ -78.73, 39.59 ], [ -78.76, 39.58 ], [ -78.78, 39.6 ], [ -78.73, 39.61 ], [ -78.75, 39.63 ], [ -78.78, 39.62 ], [ -78.77, 39.65 ], [ -78.8, 39.64 ], [ -78.8, 39.61 ], [ -78.81, 39.61 ], [ -78.83, 39.59 ], [ -78.82, 39.56 ], [ -78.84, 39.57 ], [ -78.88, 39.52 ], [ -78.89, 39.52 ], [ -78.92, 39.49 ], [ -78.93, 39.49 ], [ -78.96, 39.46 ], [ -78.96, 39.44 ], [ -79.03, 39.47 ], [ -79.05, 39.48 ], [ -79.06, 39.47 ], [ -79.07, 39.48 ], [ -79.1, 39.48 ], [ -79.09, 39.46 ], [ -79.11, 39.46 ], [ -79.11, 39.43 ], [ -79.13, 39.43 ], [ -79.14, 39.41 ], [ -79.16, 39.42 ], [ -79.16, 39.39 ], [ -79.18, 39.4 ], [ -79.21, 39.36 ], [ -79.26, 39.36 ], [ -79.25, 39.34 ], [ -79.28, 39.32 ], [ -79.29, 39.3 ], [ -79.31, 39.3 ], [ -79.35, 39.29 ], [ -79.43, 39.23 ], [ -79.47, 39.2 ], [ -79.49, 39.21 ], [ -79.49, 39.28 ], [ -79.48, 39.72 ], [ -75.79, 39.72 ], [ -75.69, 38.46 ] ] ] } },
{ "type": "Feature", "properties": { "GEOIDFQ": "0400000US44", "NAME": "Rhode Island" }, "geometry": { "type": "MultiPolygon", "coordinates": [ [ [ [ -71.2, 41.68 ], [ -71.13, 41.66 ], [ -71.14, 41.61 ], [ -71.12, 41.49 ], [ -71.09, 41.43 ], [ -71.12, 41.41 ], [ -71.49, 41.31 ], [ -71.58, 41.32 ], [ -71.7, 41.28 ], [ -71.79, 41.27 ], [ -71.79, 41.18 ], [ -71.91, 41.3 ], [ -71.89, 41.33 ], [ -71.86, 41.32 ], [ -71.83, 41.34 ], [ -71.84, 41.41 ], [ -71.8, 41.42 ], [ -71.79, 41.66 ], [ -71.8, 42.01 ], [ -71.38, 42.02 ], [ -71.38, 41.89 ], [ -71.34, 41.9 ], [ -71.34, 41.8 ], [ -71.33, 41.78 ], [ -71.26, 41.75 ], [ -71.2, 41.68 ] ] ], [ [ [ -71.62, 41.27 ], [ -71.57, 41.29 ], [ -71.54, 41.29 ], [ -71.49, 41.23 ], [ -71.48, 41.16 ], [ -71.5, 41.12 ], [ -71.54, 41.1 ], [ -71.61, 41.1 ], [ -71.67, 41.13 ], [ -71.68, 41.16 ], [ -71.62, 41.27 ] ] ] ] } },
{ "type": "Feature", "properties": { "GEOIDFQ": "0400000US16", "NAME": "Idaho" }, "geometry": { "type": "Polygon", "coordinates": [ [ [ -116.05, 49.0 ], [ -116.05, 47.98 ], [ -116.02, 47.96 ], [ -115.92, 47.85 ], [ -115.9, 47.84 ], [ -115.88, 47.85 ], [ -115.85, 47.83 ], [ -115.83, 47.76 ], [ -115.8, 47.76 ], [ -115.78, 47.72 ], [ -115.75, 47.72 ], [ -115.72, 47.7 ], [ -115.74, 47.65 ], [ -115.69, 47.62 ], [ -115.69, 47.6 ], [ -115.76, 47.55 ], [ -115.7, 47.53 ], [ -115.71, 47.52 ], [ -115.69, 47.48 ], [ -115.63, 47.48 ], [ -115.65, 47.46 ], [ -115.72, 47.45 ], [ -115.75, 47.44 ], [ -115.76, 47.42 ], [ -115.72, 47.43 ], [ -115.66, 47.4 ], [ -115.64, 47.38 ], [ -115.62, 47.38 ], [ -115.58, 47.37 ], [ -115.58, 47.36 ], [ -115.55, 47.35 ], [ -115.53, 47.3 ], [ -115.48, 47.28 ], [ -115.47, 47.29 ], [ -115.46, 47.28 ], [ -115.43, 47.28 ], [ -115.41, 47.26 ], [ -115.32, 47.26 ], [ -115.32, 47.24 ], [ -115.29, 47.21 ], [ -115.3, 47.19 ], [ -115.26, 47.18 ], [ -115.24, 47.15 ], [ -115.2, 47.14 ], [ -115.17, 47.11 ], [ -115.14, 47.1 ], [ -115.13, 47.07 ], [ -115.07, 47.03 ], [ -115.05, 46.97 ], [ -115.0, 46.97 ], [ -114.96, 46.93 ], [ -114.93, 46.92 ], [ -114.93, 46.88 ], [ -114.95, 46.86 ], [ -114.93, 46.85 ], [ -114.92, 46.83 ], [ -114.9, 46.82 ], [ -114.9, 46.8 ], [ -114.87, 46.81 ], [ -114.83, 46.78 ], [ -114.78, 46.78 ], [ -114.77, 46.75 ], [ -114.79, 46.71 ], [ -114.77, 46.7 ], [ -114.71, 46.72 ], [ -114.7, 46.74 ], [ -114.67, 46.74 ], [ -114.62, 46.71 ], [ -114.64, 46.67 ], [ -114.61, 46.64 ], [ -114.58, 46.63 ], [ -114.54, 46.65 ], [ -114.47, 46.63 ], [ -114.42, 46.66 ], [ -114.36, 46.67 ], [ -114.32, 46.65 ], [ -114.32, 46.61 ], [ -114.34, 46.59 ], [ -114.33, 46.58 ], [ -114.35, 46.55 ], [ -114.34, 46.52 ], [ -114.36, 46.51 ], [ -114.4, 46.5 ], [ -114.4, 46.48 ], [ -114.38, 46.46 ], [ -114.38, 46.45 ], [ -114.37, 46.44 ], [ -114.38, 46.43 ], [ -114.38, 46.41 ], [ -114.42, 46.39 ], [ -114.41, 46.36 ], [ -114.43, 46.31 ], [ -114.43, 46.29 ], [ -114.47, 46.27 ], [ -114.45, 46.23 ], [ -114.44, 46.17 ], [ -114.48, 46.16 ], [ -114.51, 46.17 ], [ -114.53, 46.15 ], [ -114.52, 46.13 ], [ -114.47, 46.11 ], [ -114.46, 46.1 ], [ -114.47, 46.06 ], [ -114.49, 46.05 ], [ -114.51, 46.03 ], [ -114.48, 46.03 ], [ -114.48, 45.99 ], [ -114.46, 46.0 ], [ -114.41, 45.98 ], [ -114.4, 45.96 ], [ -114.43, 45.94 ], [ -114.39, 45.88 ], [ -114.41, 45.85 ], [ -114.44, 45.86 ], [ -114.47, 45.85 ], [ -114.51, 45.85 ], [ -114.51, 45.83 ], [ -114.57, 45.77 ], [ -114.54, 45.76 ], [ -114.55, 45.74 ], [ -114.5, 45.72 ], [ -114.5, 45.7 ], [ -114.52, 45.68 ], [ -114.5, 45.68 ], [ -114.51, 45.66 ], [ -114.56, 45.64 ], [ -114.54, 45.61 ], [ -114.56, 45.56 ], [ -114.53, 45.57 ], [ -114.5, 45.56 ], [ -114.46, 45.56 ], [ -114.46, 45.55 ], [ -114.43, 45.53 ], [ -114.43, 45.51 ], [ -114.37, 45.49 ], [ -114.35, 45.46 ], [ -114.33, 45.46 ], [ -114.27, 45.48 ], [ -114.25, 45.55 ], [ -114.19, 45.54 ], [ -114.18, 45.55 ], [ -114.14, 45.56 ], [ -114.12, 45.58 ], [ -114.09, 45.59 ], [ -114.07, 45.63 ], [ -114.02, 45.65 ], [ -114.03, 45.68 ], [ -114.02, 45.7 ], [ -113.99, 45.71 ], [ -113.97, 45.7 ], [ -113.96, 45.69 ], [ -113.94, 45.69 ], [ -113.92, 45.66 ], [ -113.9, 45.64 ], [ -113.9, 45.62 ], [ -113.86, 45.62 ], [ -113.81, 45.6 ], [ -113.8, 45.58 ], [ -113.82, 45.57 ], [ -113.83, 45.52 ], [ -113.77, 45.52 ], [ -113.76, 45.48 ], [ -113.78, 45.45 ], [ -113.76, 45.43 ], [ -113.78, 45.41 ], [ -113.73, 45.39 ], [ -113.74, 45.33 ], [ -113.68, 45.28 ], [ -113.69, 45.26 ], [ -113.59, 45.18 ], [ -113.59, 45.16 ], [ -113.57, 45.15 ], [ -113.57, 45.12 ], [ -113.55, 45.11 ], [ -113.51, 45.12 ], [ -113.52, 45.09 ], [ -113.49, 45.08 ], [ -113.49, 45.06 ], [ -113.45, 45.06 ], [ -113.44, 45.01 ], [ -113.44, 44.96 ], [ -113.5, 44.94 ], [ -113.46, 44.87 ], [ -113.43, 44.85 ], [ -113.42, 44.84 ], [ -113.38, 44.84 ], [ -113.36, 44.82 ], [ -113.35, 44.79 ], [ -113.34, 44.78 ], [ -113.25, 44.82 ], [ -113.16, 44.78 ], [ -113.13, 44.77 ], [ -113.13, 44.75 ], [ -113.1, 44.73 ], [ -113.1, 44.7 ], [ -113.07, 44.68 ], [ -113.05, 44.63 ], [ -113.09, 44.6 ], [ -113.04, 44.56 ], [ -113.05, 44.54 ], [ -113.01, 44.53 ], [ -113.03, 44.5 ], [ -113.0, 44.45 ], [ -112.95, 44.41 ], [ -112.9, 44.4 ], [ -112.89, 44.41 ], [ -112.88, 44.38 ], [ -112.85, 44.36 ], [ -112.81, 44.38 ], [ -112.81, 44.4 ], [ -112.84, 44.42 ], [ -112.78, 44.48 ], [ -112.74, 44.49 ], [ -112.72, 44.5 ], [ -112.66, 44.49 ], [ -112.54, 44.48 ], [ -112.5, 44.46 ], [ -112.47, 44.48 ], [ -112.43, 44.45 ], [ -112.41, 44.46 ], [ -112.39, 44.45 ], [ -112.36, 44.49 ], [ -112.35, 44.54 ], [ -112.32, 44.54 ], [ -112.29, 44.57 ], [ -112.23, 44.56 ], [ -112.22, 44.54 ], [ -112.18, 44.53 ], [ -112.14, 44.54 ], [ -112.11, 44.52 ], [ -112.07, 44.54 ], [ -112.03, 44.53 ], [ -112.03, 44.55 ], [ -111.98, 44.54 ], [ -111.95, 44.56 ], [ -111.87, 44.57 ], [ -111.82, 44.51 ], [ -111.81, 44.51 ], [ -111.8, 44.53 ], [ -111.76, 44.53 ], [ -111.75, 44.54 ], [ -111.72, 44.54 ], [ -111.7, 44.56 ], [ -111.61, 44.55 ], [ -111.59, 44.56 ], [ -111.55, 44.56 ], [ -111.51, 44.54 ], [ -111.47, 44.54 ], [ -111.47, 44.56 ], [ -111.51, 44.56 ], [ -111.5, 44.57 ], [ -111.52, 44.59 ], [ -111.52, 44.61 ], [ -111.5, 44.63 ], [ -111.52, 44.64 ], [ -111.5, 44.65 ], [ -111.49, 44.64 ], [ -111.47, 44.67 ], [ -111.49, 44.71 ], [ -111.44, 44.72 ], [ -111.41, 44.71 ], [ -111.38, 44.75 ], [ -111.35, 44.73 ], [ -111.32, 44.73 ], [ -111.27, 44.67 ], [ -111.28, 44.65 ], [ -111.25, 44.65 ], [ -111.22, 44.62 ], [ -111.24, 44.61 ], [ -111.23, 44.58 ], [ -111.18, 44.57 ], [ -111.18, 44.55 ], [ -111.13, 44.53 ], [ -111.14, 44.52 ], [ -111.13, 44.5 ], [ -111.05, 44.47 ], [ -111.05, 42.0 ], [ -113.87, 41.99 ], [ -114.82, 42.0 ], [ -117.03, 42.0 ], [ -117.02, 43.82 ], [ -117.03, 43.83 ], [ -117.01, 43.84 ], [ -117.02, 43.86 ], [ -116.98, 43.87 ], [ -116.98, 43.91 ], [ -116.96, 43.92 ], [ -116.96, 43.96 ], [ -116.96, 43.97 ], [ -116.98, 43.98 ], [ -116.94, 43.99 ], [ -116.94, 44.0 ], [ -116.94, 44.03 ], [ -116.97, 44.05 ], [ -116.98, 44.09 ], [ -116.93, 44.1 ], [ -116.89, 44.16 ], [ -116.93, 44.19 ], [ -116.97, 44.2 ], [ -116.98, 44.24 ], [ -117.03, 44.25 ], [ -117.05, 44.23 ], [ -117.1, 44.28 ], [ -117.15, 44.26 ], [ -117.2, 44.27 ], [ -117.22, 44.3 ], [ -117.19, 44.34 ], [ -117.24, 44.37 ], [ -117.24, 44.4 ], [ -117.22, 44.43 ], [ -117.23, 44.48 ], [ -117.2, 44.49 ], [ -117.18, 44.52 ], [ -117.15, 44.54 ], [ -117.15, 44.56 ], [ -117.12, 44.58 ], [ -117.1, 44.66 ], [ -117.06, 44.71 ], [ -117.06, 44.73 ], [ -117.04, 44.75 ], [ -116.93, 44.78 ], [ -116.9, 44.85 ], [ -116.85, 44.89 ], [ -116.83, 44.93 ], [ -116.85, 44.96 ], [ -116.85, 44.97 ], [ -116.86, 44.98 ], [ -116.85, 45.02 ], [ -116.8, 45.06 ], [ -116.77, 45.11 ], [ -116.73, 45.14 ], [ -116.7, 45.24 ], [ -116.67, 45.28 ], [ -116.67, 45.32 ], [ -116.6, 45.41 ], [ -116.59, 45.44 ], [ -116.55, 45.46 ], [ -116.56, 45.5 ], [ -116.53, 45.55 ], [ -116.48, 45.58 ], [ -116.46, 45.61 ], [ -116.54, 45.69 ], [ -116.55, 45.75 ], [ -116.59, 45.78 ], [ -116.67, 45.78 ], [ -116.71, 45.83 ], [ -116.76, 45.82 ], [ -116.78, 45.83 ], [ -116.8, 45.86 ], [ -116.86, 45.91 ], [ -116.88, 45.95 ], [ -116.92, 46.0 ], [ -116.94, 46.06 ], [ -116.98, 46.08 ], [ -116.98, 46.1 ], [ -116.96, 46.1 ], [ -116.92, 46.17 ], [ -116.97, 46.2 ], [ -116.96, 46.23 ], [ -116.99, 46.28 ], [ -116.99, 46.3 ], [ -117.02, 46.31 ], [ -117.02, 46.34 ], [ -117.06, 46.35 ], [ -117.03, 46.42 ], [ -117.04, 47.96 ], [ -117.03, 49.0 ], [ -116.05, 49.0 ] ] ] } },
{ "type": "Feature", "properties": { "GEOIDFQ": "0400000US33", "NAME": "New Hampshire" }, "geometry": { "type": "Polygon", "coordinates": [ [ [ -70.81, 43.23 ], [ -70.83, 43.19 ], [ -70.83, 43.13 ], [ -70.76, 43.08 ], [ -70.71, 43.08 ], [ -70.7, 43.05 ], [ -70.61, 42.98 ], [ -70.58, 42.92 ], [ -70.61, 42.91 ], [ -70.66, 42.92 ], [ -70.69, 42.96 ], [ -70.73, 42.93 ], [ -70.74, 42.87 ], [ -70.82, 42.87 ], [ -70.85, 42.86 ], [ -70.91, 42.89 ], [ -71.03, 42.86 ], [ -71.06, 42.81 ], [ -71.13, 42.82 ], [ -71.17, 42.81 ], [ -71.19, 42.79 ], [ -71.18, 42.74 ], [ -71.25, 42.74 ], [ -71.29, 42.7 ], [ -72.46, 42.73 ], [ -72.49, 42.77 ], [ -72.51, 42.77 ], [ -72.51, 42.78 ], [ -72.54, 42.81 ], [ -72.56, 42.85 ], [ -72.55, 42.89 ], [ -72.52, 42.92 ], [ -72.53, 42.95 ], [ -72.47, 42.97 ], [ -72.44, 43.01 ], [ -72.47, 43.05 ], [ -72.44, 43.08 ], [ -72.44, 43.1 ], [ -72.43, 43.12 ], [ -72.46, 43.15 ], [ -72.44, 43.2 ], [ -72.44, 43.25 ], [ -72.4, 43.31 ], [ -72.41, 43.33 ], [ -72.39, 43.36 ], [ -72.41, 43.36 ], [ -72.42, 43.38 ], [ -72.38, 43.48 ], [ -72.4, 43.51 ], [ -72.38, 43.54 ], [ -72.38, 43.57 ], [ -72.33, 43.6 ], [ -72.33, 43.62 ], [ -72.3, 43.67 ], [ -72.3, 43.71 ], [ -72.21, 43.77 ], [ -72.18, 43.81 ], [ -72.18, 43.86 ], [ -72.12, 43.92 ], [ -72.12, 43.95 ], [ -72.09, 43.97 ], [ -72.11, 43.97 ], [ -72.12, 43.99 ], [ -72.1, 44.01 ], [ -72.09, 44.01 ], [ -72.1, 44.02 ], [ -72.08, 44.02 ], [ -72.05, 44.08 ], [ -72.03, 44.08 ], [ -72.05, 44.09 ], [ -72.03, 44.1 ], [ -72.05, 44.1 ], [ -72.06, 44.11 ], [ -72.03, 44.13 ], [ -72.07, 44.19 ], [ -72.05, 44.24 ], [ -72.07, 44.27 ], [ -72.03, 44.3 ], [ -72.03, 44.32 ], [ -71.98, 44.34 ], [ -71.93, 44.34 ], [ -71.91, 44.35 ], [ -71.87, 44.34 ], [ -71.81, 44.35 ], [ -71.81, 44.38 ], [ -71.79, 44.4 ], [ -71.7, 44.41 ], [ -71.66, 44.44 ], [ -71.63, 44.48 ], [ -71.62, 44.49 ], [ -71.6, 44.49 ], [ -71.59, 44.51 ], [ -71.59, 44.52 ], [ -71.57, 44.54 ], [ -71.6, 44.56 ], [ -71.56, 44.56 ], [ -71.55, 44.57 ], [ -71.55, 44.58 ], [ -71.53, 44.59 ], [ -71.56, 44.6 ], [ -71.56, 44.63 ], [ -71.56, 44.64 ], [ -71.56, 44.65 ], [ -71.59, 44.66 ], [ -71.58, 44.67 ], [ -71.6, 44.68 ], [ -71.59, 44.7 ], [ -71.63, 44.73 ], [ -71.63, 44.75 ], [ -71.57, 44.79 ], [ -71.58, 44.82 ], [ -71.55, 44.84 ], [ -71.55, 44.86 ], [ -71.49, 44.9 ], [ -71.52, 44.94 ], [ -71.52, 44.97 ], [ -71.54, 44.98 ], [ -71.51, 45.01 ], [ -71.5, 45.01 ], [ -71.49, 45.04 ], [ -71.51, 45.05 ], [ -71.5, 45.07 ], [ -71.47, 45.08 ], [ -71.43, 45.12 ], [ -71.44, 45.14 ], [ -71.4, 45.2 ], [ -71.44, 45.24 ], [ -71.42, 45.23 ], [ -71.4, 45.24 ], [ -71.38, 45.23 ], [ -71.36, 45.25 ], [ -71.36, 45.27 ], [ -71.34, 45.27 ], [ -71.28, 45.3 ], [ -71.23, 45.25 ], [ -71.2, 45.25 ], [ -71.18, 45.24 ], [ -71.16, 45.25 ], [ -71.15, 45.24 ], [ -71.12, 45.26 ], [ -71.11, 45.29 ], [ -71.08, 45.31 ], [ -71.03, 44.7 ], [ -70.97, 43.57 ], [ -70.95, 43.55 ], [ -70.96, 43.54 ], [ -70.95, 43.51 ], [ -70.98, 43.48 ], [ -70.96, 43.47 ], [ -70.96, 43.44 ], [ -70.99, 43.41 ], [ -70.99, 43.39 ], [ -70.97, 43.35 ], [ -70.96, 43.33 ], [ -70.93, 43.34 ], [ -70.9, 43.3 ], [ -70.91, 43.29 ], [ -70.81, 43.23 ] ], [ [ -71.49, 45.0 ], [ -71.47, 45.01 ], [ -71.5, 45.01 ], [ -71.49, 45.0 ] ] ] } },
{ "type": "Feature", "properties": { "GEOIDFQ": "0400000US06", "NAME": "California" }, "geometry": { "type": "MultiPolygon", "coordinates": [ [ [ [ -120.0, 39.0 ], [ -118.71, 38.1 ], [ -117.5, 37.22 ], [ -116.09, 36.16 ], [ -114.63, 35.0 ], [ -114.63, 34.87 ], [ -114.59, 34.84 ], [ -114.55, 34.77 ], [ -114.47, 34.71 ], [ -114.45, 34.67 ], [ -114.46, 34.66 ], [ -114.42, 34.61 ], [ -114.44, 34.6 ], [ -114.38, 34.53 ], [ -114.39, 34.46 ], [ -114.37, 34.45 ], [ -114.34, 34.45 ], [ -114.23, 34.37 ], [ -114.18, 34.35 ], [ -114.14, 34.3 ], [ -114.13, 34.26 ], [ -114.16, 34.26 ], [ -114.23, 34.19 ], [ -114.29, 34.17 ], [ -114.32, 34.14 ], [ -114.35, 34.13 ], [ -114.37, 34.12 ], [ -114.41, 34.11 ], [ -114.43, 34.09 ], [ -114.44, 34.02 ], [ -114.47, 34.01 ], [ -114.46, 33.99 ], [ -114.52, 33.96 ], [ -114.54, 33.93 ], [ -114.51, 33.9 ], [ -114.53, 33.9 ], [ -114.5, 33.87 ], [ -114.53, 33.86 ], [ -114.53, 33.81 ], [ -114.5, 33.76 ], [ -114.51, 33.73 ], [ -114.49, 33.71 ], [ -114.53, 33.68 ], [ -114.51, 33.66 ], [ -114.53, 33.65 ], [ -114.52, 33.61 ], [ -114.54, 33.59 ], [ -114.52, 33.55 ], [ -114.59, 33.5 ], [ -114.64, 33.42 ], [ -114.73, 33.41 ], [ -114.7, 33.35 ], [ -114.73, 33.3 ], [ -114.67, 33.26 ], [ -114.69, 33.25 ], [ -114.67, 33.22 ], [ -114.68, 33.19 ], [ -114.71, 33.09 ], [ -114.69, 33.08 ], [ -114.67, 33.03 ], [ -114.65, 33.05 ], [ -114.62, 33.03 ], [ -114.58, 33.04 ], [ -114.52, 33.03 ], [ -114.49, 32.97 ], [ -114.47, 32.97 ], [ -114.48, 32.94 ], [ -114.46, 32.91 ], [ -114.47, 32.85 ], [ -114.53, 32.8 ], [ -114.53, 32.76 ], [ -114.54, 32.75 ], [ -114.62, 32.73 ], [ -114.7, 32.75 ], [ -114.72, 32.72 ], [ -117.21, 32.53 ], [ -117.22, 32.62 ], [ -117.27, 32.62 ], [ -117.31, 32.66 ], [ -117.34, 32.84 ], [ -117.32, 32.9 ], [ -117.38, 33.08 ], [ -117.47, 33.21 ], [ -117.57, 33.31 ], [ -117.71, 33.41 ], [ -117.74, 33.41 ], [ -117.82, 33.49 ], [ -118.05, 33.62 ], [ -118.1, 33.65 ], [ -118.13, 33.7 ], [ -118.24, 33.69 ], [ -118.27, 33.66 ], [ -118.32, 33.66 ], [ -118.47, 33.73 ], [ -118.49, 33.75 ], [ -118.48, 33.8 ], [ -118.44, 33.84 ], [ -118.45, 33.85 ], [ -118.56, 33.99 ], [ -118.73, 33.98 ], [ -118.81, 33.95 ], [ -118.89, 33.99 ], [ -119.16, 34.04 ], [ -119.22, 34.06 ], [ -119.29, 34.14 ], [ -119.33, 34.24 ], [ -119.47, 34.29 ], [ -119.5, 34.33 ], [ -119.58, 34.36 ], [ -119.65, 34.37 ], [ -119.72, 34.34 ], [ -119.8, 34.37 ], [ -119.84, 34.35 ], [ -119.89, 34.36 ], [ -120.02, 34.41 ], [ -120.15, 34.42 ], [ -120.29, 34.42 ], [ -120.46, 34.39 ], [ -120.52, 34.42 ], [ -120.56, 34.49 ], [ -120.59, 34.5 ], [ -120.64, 34.5 ], [ -120.68, 34.53 ], [ -120.71, 34.57 ], [ -120.71, 34.62 ], [ -120.66, 34.7 ], [ -120.7, 34.75 ], [ -120.67, 34.84 ], [ -120.72, 34.87 ], [ -120.73, 34.9 ], [ -120.69, 35.03 ], [ -120.69, 35.1 ], [ -120.73, 35.11 ], [ -120.8, 35.12 ], [ -120.92, 35.19 ], [ -120.96, 35.25 ], [ -120.92, 35.35 ], [ -120.93, 35.39 ], [ -121.04, 35.42 ], [ -121.15, 35.52 ], [ -121.2, 35.58 ], [ -121.32, 35.62 ], [ -121.37, 35.68 ], [ -121.39, 35.76 ], [ -121.5, 35.84 ], [ -121.56, 35.94 ], [ -121.63, 35.98 ], [ -121.67, 36.06 ], [ -121.73, 36.13 ], [ -121.77, 36.16 ], [ -121.88, 36.21 ], [ -121.96, 36.29 ], [ -121.98, 36.42 ], [ -122.02, 36.51 ], [ -122.02, 36.54 ], [ -122.04, 36.58 ], [ -122.04, 36.6 ], [ -122.0, 36.65 ], [ -122.08, 36.91 ], [ -122.17, 36.94 ], [ -122.25, 36.99 ], [ -122.31, 37.05 ], [ -122.38, 37.07 ], [ -122.4, 37.11 ], [ -122.46, 37.18 ], [ -122.48, 37.25 ], [ -122.47, 37.35 ], [ -122.51, 37.44 ], [ -122.55, 37.46 ], [ -122.57, 37.5 ], [ -122.59, 37.58 ], [ -122.57, 37.64 ], [ -122.59, 37.79 ], [ -122.61, 37.82 ], [ -122.68, 37.85 ], [ -122.72, 37.85 ], [ -122.77, 37.87 ], [ -122.79, 37.89 ], [ -122.83, 37.91 ], [ -122.85, 37.95 ], [ -122.89, 37.97 ], [ -122.9, 37.98 ], [ -122.92, 37.95 ], [ -122.95, 37.94 ], [ -123.02, 37.94 ], [ -123.07, 37.96 ], [ -123.09, 38.01 ], [ -123.01, 38.15 ], [ -123.05, 38.21 ], [ -123.13, 38.3 ], [ -123.13, 38.35 ], [ -123.16, 38.39 ], [ -123.22, 38.44 ], [ -123.36, 38.51 ], [ -123.51, 38.68 ], [ -123.64, 38.76 ], [ -123.78, 38.89 ], [ -123.81, 38.96 ], [ -123.8, 38.99 ], [ -123.76, 39.01 ], [ -123.76, 39.04 ], [ -123.84, 39.19 ], [ -123.89, 39.35 ], [ -123.88, 39.49 ], [ -123.83, 39.55 ], [ -123.85, 39.59 ], [ -123.86, 39.67 ], [ -123.9, 39.71 ], [ -123.9, 39.78 ], [ -124.08, 39.97 ], [ -124.11, 39.98 ], [ -124.13, 40.0 ], [ -124.15, 40.06 ], [ -124.23, 40.09 ], [ -124.27, 40.13 ], [ -124.41, 40.23 ], [ -124.43, 40.26 ], [ -124.42, 40.31 ], [ -124.43, 40.36 ], [ -124.48, 40.43 ], [ -124.4, 40.61 ], [ -124.23, 40.87 ], [ -124.2, 40.95 ], [ -124.18, 41.0 ], [ -124.23, 41.05 ], [ -124.25, 41.13 ], [ -124.24, 41.17 ], [ -124.2, 41.18 ], [ -124.16, 41.29 ], [ -124.22, 41.3 ], [ -124.24, 41.34 ], [ -124.23, 41.37 ], [ -124.21, 41.38 ], [ -124.18, 41.39 ], [ -124.14, 41.38 ], [ -124.13, 41.43 ], [ -124.16, 41.54 ], [ -124.18, 41.57 ], [ -124.19, 41.61 ], [ -124.21, 41.64 ], [ -124.21, 41.68 ], [ -124.39, 41.77 ], [ -124.44, 41.82 ], [ -124.44, 41.86 ], [ -124.4, 41.89 ], [ -124.35, 41.88 ], [ -124.31, 41.86 ], [ -124.29, 41.86 ], [ -124.28, 41.9 ], [ -124.29, 41.93 ], [ -124.29, 41.97 ], [ -124.31, 41.99 ], [ -124.33, 42.0 ], [ -123.66, 42.0 ], [ -123.15, 42.01 ], [ -122.38, 42.01 ], [ -120.99, 41.99 ], [ -120.0, 41.99 ], [ -120.0, 39.0 ] ] ], [ [ [ -123.17, 37.8 ], [ -123.13, 37.82 ], [ -123.07, 37.81 ], [ -123.03, 37.78 ], [ -123.0, 37.77 ], [ -122.95, 37.73 ], [ -122.94, 37.7 ], [ -122.95, 37.66 ], [ -122.99, 37.64 ], [ -123.04, 37.65 ], [ -123.09, 37.71 ], [ -123.13, 37.72 ], [ -123.16, 37.74 ], [ -123.17, 37.78 ], [ -123.17, 37.8 ] ] ], [ [ [ -119.08, 33.54 ], [ -118.99, 33.53 ], [ -118.96, 33.49 ], [ -118.98, 33.43 ], [ -119.03, 33.41 ], [ -119.08, 33.42 ], [ -119.11, 33.45 ], [ -119.11, 33.5 ], [ -119.12, 33.51 ], [ -119.08, 33.54 ] ] ], [ [ [ -118.66, 33.51 ], [ -118.63, 33.53 ], [ -118.53, 33.53 ], [ -118.36, 33.46 ], [ -118.32, 33.43 ], [ -118.3, 33.4 ], [ -118.25, 33.35 ], [ -118.24, 33.31 ], [ -118.25, 33.28 ], [ -118.29, 33.25 ], [ -118.33, 33.25 ], [ -118.49, 33.28 ], [ -118.53, 33.32 ], [ -118.55, 33.38 ], [ -118.62, 33.41 ], [ -118.66, 33.45 ], [ -118.67, 33.49 ], [ -118.66, 33.51 ] ] ], [ [ [ -118.66, 33.07 ], [ -118.63, 33.08 ], [ -118.58, 33.09 ], [ -118.54, 33.07 ], [ -118.45, 32.96 ], [ -118.3, 32.85 ], [ -118.29, 32.82 ], [ -118.3, 32.79 ], [ -118.33, 32.77 ], [ -118.38, 32.77 ], [ -118.41, 32.75 ], [ -118.47, 32.76 ], [ -118.55, 32.83 ], [ -118.6, 32.89 ], [ -118.64, 33.0 ], [ -118.67, 33.0 ], [ -118.68, 33.04 ], [ -118.66, 33.07 ] ] ], [ [ [ -119.54, 33.95 ], [ -119.64, 33.94 ], [ -119.71, 33.91 ], [ -119.83, 33.9 ], [ -119.9, 33.94 ], [ -119.94, 33.9 ], [ -120.13, 33.84 ], [ -120.22, 33.88 ], [ -120.3, 33.97 ], [ -120.37, 33.96 ], [ -120.49, 33.98 ], [ -120.52, 34.01 ], [ -120.52, 34.05 ], [ -120.57, 34.07 ], [ -120.58, 34.11 ], [ -120.57, 34.14 ], [ -120.54, 34.15 ], [ -120.5, 34.15 ], [ -120.47, 34.13 ], [ -120.42, 34.16 ], [ -120.36, 34.15 ], [ -120.25, 34.06 ], [ -120.2, 34.06 ], [ -120.17, 34.07 ], [ -120.1, 34.07 ], [ -120.05, 34.09 ], [ -120.01, 34.08 ], [ -119.99, 34.06 ], [ -119.97, 34.11 ], [ -119.91, 34.13 ], [ -119.79, 34.11 ], [ -119.75, 34.11 ], [ -119.65, 34.07 ], [ -119.61, 34.1 ], [ -119.55, 34.11 ], [ -119.47, 34.06 ], [ -119.34, 34.07 ], [ -119.3, 34.04 ], [ -119.3, 33.99 ], [ -119.37, 33.96 ], [ -119.43, 33.96 ], [ -119.49, 33.98 ], [ -119.54, 33.95 ] ] ], [ [ [ -119.6, 33.32 ], [ -119.52, 33.33 ], [ -119.43, 33.3 ], [ -119.38, 33.26 ], [ -119.36, 33.21 ], [ -119.38, 33.19 ], [ -119.43, 33.17 ], [ -119.51, 33.17 ], [ -119.61, 33.21 ], [ -119.63, 33.24 ], [ -119.64, 33.28 ], [ -119.6, 33.32 ] ] ] ] } },
{ "type": "Feature", "properties": { "GEOIDFQ": "0400000US34", "NAME": "New Jersey" }, "geometry": { "type": "Polygon", "coordinates": [ [ [ -74.62, 39.14 ], [ -74.64, 39.11 ], [ -74.65, 39.08 ], [ -74.72, 39.01 ], [ -74.73, 38.97 ], [ -74.82, 38.9 ], [ -74.91, 38.88 ], [ -75.02, 38.79 ], [ -75.17, 39.06 ], [ -75.32, 39.25 ], [ -75.56, 39.46 ], [ -75.56, 39.48 ], [ -75.56, 39.5 ], [ -75.53, 39.5 ], [ -75.53, 39.54 ], [ -75.51, 39.57 ], [ -75.51, 39.58 ], [ -75.55, 39.6 ], [ -75.56, 39.63 ], [ -75.52, 39.67 ], [ -75.51, 39.69 ], [ -75.48, 39.72 ], [ -75.45, 39.78 ], [ -75.34, 39.85 ], [ -75.25, 39.85 ], [ -75.19, 39.88 ], [ -75.14, 39.89 ], [ -75.13, 39.91 ], [ -75.13, 39.96 ], [ -75.07, 39.98 ], [ -75.05, 40.01 ], [ -74.94, 40.07 ], [ -74.86, 40.08 ], [ -74.82, 40.13 ], [ -74.78, 40.12 ], [ -74.72, 40.15 ], [ -74.77, 40.22 ], [ -74.84, 40.25 ], [ -74.87, 40.3 ], [ -74.94, 40.34 ], [ -74.97, 40.4 ], [ -75.0, 40.41 ], [ -75.03, 40.4 ], [ -75.06, 40.42 ], [ -75.07, 40.46 ], [ -75.07, 40.54 ], [ -75.12, 40.57 ], [ -75.17, 40.56 ], [ -75.19, 40.58 ], [ -75.2, 40.62 ], [ -75.19, 40.62 ], [ -75.2, 40.65 ], [ -75.18, 40.68 ], [ -75.2, 40.69 ], [ -75.18, 40.73 ], [ -75.2, 40.75 ], [ -75.17, 40.78 ], [ -75.13, 40.77 ], [ -75.11, 40.79 ], [ -75.08, 40.82 ], [ -75.1, 40.85 ], [ -75.07, 40.85 ], [ -75.05, 40.87 ], [ -75.12, 40.97 ], [ -75.13, 40.97 ], [ -75.13, 40.99 ], [ -75.03, 41.04 ], [ -75.01, 41.07 ], [ -74.97, 41.09 ], [ -74.99, 41.09 ], [ -74.98, 41.11 ], [ -74.92, 41.14 ], [ -74.88, 41.18 ], [ -74.86, 41.22 ], [ -74.86, 41.24 ], [ -74.83, 41.29 ], [ -74.79, 41.31 ], [ -74.8, 41.32 ], [ -74.77, 41.33 ], [ -74.75, 41.35 ], [ -74.7, 41.36 ], [ -74.33, 41.19 ], [ -73.89, 41.0 ], [ -73.93, 40.89 ], [ -74.01, 40.76 ], [ -74.03, 40.7 ], [ -74.04, 40.69 ], [ -74.06, 40.65 ], [ -74.19, 40.64 ], [ -74.21, 40.56 ], [ -74.25, 40.55 ], [ -74.26, 40.51 ], [ -74.25, 40.49 ], [ -74.23, 40.48 ], [ -73.98, 40.52 ], [ -73.89, 40.48 ], [ -73.9, 40.27 ], [ -73.97, 40.11 ], [ -74.04, 39.75 ], [ -74.1, 39.65 ], [ -74.29, 39.4 ], [ -74.37, 39.32 ], [ -74.46, 39.3 ], [ -74.62, 39.14 ] ] ] } },
{ "type": "Feature", "properties": { "GEOIDFQ": "0400000US45", "NAME": "South Carolina" }, "geometry": { "type": "Polygon", "coordinates": [ [ [ -81.03, 35.15 ], [ -81.05, 35.13 ], [ -81.03, 35.11 ], [ -81.06, 35.09 ], [ -81.06, 35.06 ], [ -81.04, 35.04 ], [ -80.93, 35.11 ], [ -80.78, 34.94 ], [ -80.8, 34.82 ], [ -79.68, 34.81 ], [ -78.5, 33.81 ], [ -78.7, 33.75 ], [ -78.81, 33.68 ], [ -78.91, 33.59 ], [ -78.99, 33.49 ], [ -79.03, 33.46 ], [ -79.09, 33.37 ], [ -79.09, 33.3 ], [ -79.12, 33.25 ], [ -79.08, 33.21 ], [ -79.08, 33.17 ], [ -79.18, 33.11 ], [ -79.2, 33.07 ], [ -79.27, 33.05 ], [ -79.32, 32.96 ], [ -79.37, 32.95 ], [ -79.44, 32.96 ], [ -79.47, 32.94 ], [ -79.5, 32.93 ], [ -79.53, 32.87 ], [ -79.64, 32.82 ], [ -79.69, 32.76 ], [ -79.76, 32.74 ], [ -79.8, 32.68 ], [ -79.92, 32.61 ], [ -79.97, 32.56 ], [ -80.09, 32.55 ], [ -80.09, 32.52 ], [ -80.12, 32.5 ], [ -80.2, 32.5 ], [ -80.24, 32.47 ], [ -80.26, 32.44 ], [ -80.29, 32.42 ], [ -80.37, 32.34 ], [ -80.37, 32.31 ], [ -80.39, 32.28 ], [ -80.5, 32.25 ], [ -80.52, 32.23 ], [ -80.57, 32.17 ], [ -80.66, 32.14 ], [ -80.75, 32.08 ], [ -80.74, 32.05 ], [ -80.78, 32.0 ], [ -80.82, 32.03 ], [ -80.93, 32.04 ], [ -81.0, 32.1 ], [ -81.04, 32.08 ], [ -81.12, 32.11 ], [ -81.11, 32.15 ], [ -81.13, 32.17 ], [ -81.11, 32.17 ], [ -81.11, 32.2 ], [ -81.15, 32.22 ], [ -81.14, 32.23 ], [ -81.16, 32.24 ], [ -81.12, 32.29 ], [ -81.14, 32.33 ], [ -81.13, 32.34 ], [ -81.14, 32.35 ], [ -81.15, 32.35 ], [ -81.17, 32.36 ], [ -81.18, 32.39 ], [ -81.21, 32.42 ], [ -81.21, 32.45 ], [ -81.19, 32.46 ], [ -81.23, 32.5 ], [ -81.23, 32.52 ], [ -81.28, 32.54 ], [ -81.28, 32.56 ], [ -81.37, 32.58 ], [ -81.42, 32.63 ], [ -81.39, 32.65 ], [ -81.4, 32.66 ], [ -81.41, 32.7 ], [ -81.43, 32.7 ], [ -81.4, 32.75 ], [ -81.42, 32.75 ], [ -81.41, 32.76 ], [ -81.43, 32.77 ], [ -81.41, 32.78 ], [ -81.43, 32.78 ], [ -81.42, 32.82 ], [ -81.43, 32.82 ], [ -81.43, 32.84 ], [ -81.46, 32.85 ], [ -81.45, 32.87 ], [ -81.48, 32.88 ], [ -81.46, 32.9 ], [ -81.48, 32.9 ], [ -81.48, 32.92 ], [ -81.5, 32.94 ], [ -81.51, 32.97 ], [ -81.5, 32.96 ], [ -81.49, 33.01 ], [ -81.51, 33.01 ], [ -81.53, 33.04 ], [ -81.56, 33.05 ], [ -81.56, 33.06 ], [ -81.57, 33.05 ], [ -81.6, 33.07 ], [ -81.6, 33.09 ], [ -81.61, 33.08 ], [ -81.61, 33.09 ], [ -81.64, 33.09 ], [ -81.7, 33.12 ], [ -81.75, 33.15 ], [ -81.77, 33.18 ], [ -81.76, 33.2 ], [ -81.77, 33.22 ], [ -81.81, 33.21 ], [ -81.85, 33.25 ], [ -81.84, 33.26 ], [ -81.83, 33.26 ], [ -81.86, 33.29 ], [ -81.86, 33.3 ], [ -81.87, 33.31 ], [ -81.88, 33.3 ], [ -81.9, 33.34 ], [ -81.91, 33.32 ], [ -81.91, 33.35 ], [ -81.94, 33.34 ], [ -81.95, 33.37 ], [ -81.92, 33.37 ], [ -81.95, 33.41 ], [ -81.91, 33.41 ], [ -81.93, 33.43 ], [ -81.91, 33.44 ], [ -81.93, 33.46 ], [ -81.99, 33.49 ], [ -82.0, 33.52 ], [ -82.05, 33.56 ], [ -82.11, 33.6 ], [ -82.14, 33.59 ], [ -82.19, 33.62 ], [ -82.2, 33.66 ], [ -82.23, 33.7 ], [ -82.25, 33.75 ], [ -82.3, 33.78 ], [ -82.32, 33.82 ], [ -82.46, 33.88 ], [ -82.52, 33.94 ], [ -82.56, 33.95 ], [ -82.59, 34.03 ], [ -82.64, 34.07 ], [ -82.64, 34.09 ], [ -82.68, 34.13 ], [ -82.72, 34.15 ], [ -82.74, 34.21 ], [ -82.75, 34.27 ], [ -82.78, 34.3 ], [ -82.79, 34.34 ], [ -82.83, 34.37 ], [ -82.86, 34.46 ], [ -82.9, 34.49 ], [ -82.98, 34.48 ], [ -83.0, 34.47 ], [ -83.03, 34.48 ], [ -83.16, 34.58 ], [ -83.17, 34.6 ], [ -83.23, 34.61 ], [ -83.25, 34.64 ], [ -83.34, 34.68 ], [ -83.35, 34.7 ], [ -83.35, 34.73 ], [ -83.32, 34.76 ], [ -83.32, 34.79 ], [ -83.3, 34.8 ], [ -83.31, 34.82 ], [ -83.27, 34.82 ], [ -83.27, 34.85 ], [ -83.25, 34.85 ], [ -83.25, 34.87 ], [ -83.23, 34.87 ], [ -83.24, 34.88 ], [ -83.22, 34.88 ], [ -83.21, 34.89 ], [ -83.21, 34.88 ], [ -83.17, 34.92 ], [ -83.16, 34.92 ], [ -83.16, 34.93 ], [ -83.14, 34.92 ], [ -83.13, 34.94 ], [ -83.11, 34.93 ], [ -83.13, 34.95 ], [ -83.11, 34.95 ], [ -83.12, 34.96 ], [ -83.1, 34.99 ], [ -83.11, 35.0 ], [ -82.78, 35.09 ], [ -82.78, 35.07 ], [ -82.76, 35.07 ], [ -82.73, 35.09 ], [ -82.7, 35.1 ], [ -82.68, 35.13 ], [ -82.67, 35.12 ], [ -82.64, 35.13 ], [ -82.63, 35.13 ], [ -82.55, 35.16 ], [ -82.53, 35.16 ], [ -82.48, 35.18 ], [ -82.44, 35.17 ], [ -82.39, 35.22 ], [ -82.37, 35.18 ], [ -82.36, 35.19 ], [ -82.32, 35.19 ], [ -82.29, 35.2 ], [ -81.03, 35.15 ] ] ] } },
{ "type": "Feature", "properties": { "GEOIDFQ": "0400000US26", "NAME": "Michigan" }, "geometry": { "type": "Polygon", "coordinates": [ [ [ -86.5, 47.57 ], [ -86.25, 47.48 ], [ -86.0, 47.36 ], [ -84.86, 46.89 ], [ -84.76, 46.63 ], [ -84.56, 46.46 ], [ -84.48, 46.45 ], [ -84.42, 46.5 ], [ -84.34, 46.51 ], [ -84.28, 46.49 ], [ -84.23, 46.53 ], [ -84.19, 46.54 ], [ -84.18, 46.53 ], [ -84.13, 46.53 ], [ -84.11, 46.5 ], [ -84.15, 46.42 ], [ -84.14, 46.37 ], [ -84.11, 46.32 ], [ -84.12, 46.32 ], [ -84.12, 46.27 ], [ -84.1, 46.26 ], [ -84.11, 46.24 ], [ -84.08, 46.19 ], [ -84.01, 46.15 ], [ -84.01, 46.12 ], [ -83.98, 46.1 ], [ -83.96, 46.06 ], [ -83.9, 46.06 ], [ -83.83, 46.12 ], [ -83.76, 46.1 ], [ -83.65, 46.12 ], [ -83.57, 46.11 ], [ -83.43, 46.0 ], [ -83.64, 45.77 ], [ -83.48, 45.77 ], [ -82.52, 45.34 ], [ -82.12, 43.59 ], [ -82.42, 43.0 ], [ -82.42, 42.97 ], [ -82.46, 42.93 ], [ -82.48, 42.81 ], [ -82.47, 42.76 ], [ -82.51, 42.66 ], [ -82.52, 42.61 ], [ -82.59, 42.55 ], [ -82.63, 42.56 ], [ -82.66, 42.54 ], [ -82.83, 42.37 ], [ -83.03, 42.33 ], [ -83.08, 42.31 ], [ -83.13, 42.24 ], [ -83.13, 42.17 ], [ -83.12, 42.13 ], [ -83.15, 42.04 ], [ -83.11, 41.96 ], [ -83.42, 41.73 ], [ -84.81, 41.7 ], [ -84.81, 41.76 ], [ -87.21, 41.76 ], [ -87.02, 42.49 ], [ -87.15, 43.38 ], [ -87.11, 43.73 ], [ -87.01, 44.13 ], [ -86.69, 44.88 ], [ -86.5, 45.08 ], [ -86.25, 45.24 ], [ -86.75, 45.44 ], [ -87.1, 45.44 ], [ -87.17, 45.35 ], [ -87.32, 45.24 ], [ -87.41, 45.2 ], [ -87.44, 45.08 ], [ -87.66, 45.11 ], [ -87.68, 45.14 ], [ -87.74, 45.17 ], [ -87.74, 45.2 ], [ -87.69, 45.3 ], [ -87.65, 45.34 ], [ -87.66, 45.37 ], [ -87.69, 45.39 ], [ -87.75, 45.35 ], [ -87.83, 45.35 ], [ -87.85, 45.34 ], [ -87.87, 45.36 ], [ -87.89, 45.35 ], [ -87.87, 45.37 ], [ -87.85, 45.4 ], [ -87.86, 45.43 ], [ -87.81, 45.46 ], [ -87.79, 45.5 ], [ -87.8, 45.54 ], [ -87.83, 45.56 ], [ -87.83, 45.57 ], [ -87.79, 45.56 ], [ -87.78, 45.59 ], [ -87.78, 45.61 ], [ -87.82, 45.65 ], [ -87.82, 45.66 ], [ -87.78, 45.67 ], [ -87.78, 45.68 ], [ -87.81, 45.71 ], [ -87.86, 45.73 ], [ -87.88, 45.75 ], [ -87.96, 45.76 ], [ -87.99, 45.77 ], [ -87.98, 45.78 ], [ -87.99, 45.8 ], [ -88.07, 45.78 ], [ -88.13, 45.81 ], [ -88.13, 45.82 ], [ -88.07, 45.87 ], [ -88.1, 45.88 ], [ -88.1, 45.92 ], [ -88.13, 45.92 ], [ -88.19, 45.95 ], [ -88.21, 45.94 ], [ -88.24, 45.95 ], [ -88.25, 45.96 ], [ -88.29, 45.95 ], [ -88.32, 45.96 ], [ -88.33, 45.95 ], [ -88.38, 45.99 ], [ -88.42, 45.98 ], [ -88.46, 46.0 ], [ -88.49, 45.99 ], [ -88.51, 46.02 ], [ -88.59, 46.01 ], [ -88.6, 46.02 ], [ -88.62, 45.99 ], [ -88.67, 45.99 ], [ -88.68, 46.01 ], [ -88.72, 46.01 ], [ -88.74, 46.03 ], [ -88.76, 46.02 ], [ -88.77, 46.03 ], [ -88.78, 46.02 ], [ -88.78, 46.03 ], [ -88.8, 46.03 ], [ -88.8, 46.02 ], [ -88.82, 46.02 ], [ -89.09, 46.14 ], [ -90.12, 46.34 ], [ -90.12, 46.36 ], [ -90.22, 46.5 ], [ -90.23, 46.5 ], [ -90.23, 46.51 ], [ -90.27, 46.5 ], [ -90.28, 46.52 ], [ -90.32, 46.52 ], [ -90.31, 46.54 ], [ -90.33, 46.55 ], [ -90.39, 46.53 ], [ -90.42, 46.56 ], [ -89.48, 48.01 ], [ -89.34, 47.97 ], [ -88.68, 48.25 ], [ -88.37, 48.31 ], [ -88.0, 48.16 ], [ -87.63, 48.02 ], [ -86.5, 47.57 ] ] ] } },
{ "type": "Feature", "properties": { "GEOIDFQ": "0400000US05", "NAME": "Arkansas" }, "geometry": { "type": "MultiPolygon", "coordinates": [ [ [ [ -90.92, 34.09 ], [ -90.89, 34.1 ], [ -90.87, 34.09 ], [ -90.89, 34.03 ], [ -90.99, 34.02 ], [ -90.96, 33.98 ], [ -90.98, 33.96 ], [ -91.0, 33.97 ], [ -91.02, 34.0 ], [ -91.05, 33.99 ], [ -91.08, 34.01 ], [ -91.09, 33.99 ], [ -91.09, 33.96 ], [ -91.01, 33.94 ], [ -91.07, 33.86 ], [ -91.05, 33.82 ], [ -91.0, 33.8 ], [ -90.99, 33.78 ], [ -91.02, 33.76 ], [ -91.05, 33.78 ], [ -91.11, 33.77 ], [ -91.13, 33.78 ], [ -91.14, 33.77 ], [ -91.15, 33.73 ], [ -91.13, 33.71 ], [ -91.1, 33.7 ], [ -91.06, 33.72 ], [ -91.03, 33.69 ], [ -91.03, 33.67 ], [ -91.09, 33.66 ], [ -91.13, 33.67 ], [ -91.16, 33.71 ], [ -91.21, 33.7 ], [ -91.23, 33.68 ], [ -91.22, 33.66 ], [ -91.14, 33.63 ], [ -91.13, 33.61 ], [ -91.16, 33.57 ], [ -91.23, 33.56 ], [ -91.22, 33.53 ], [ -91.18, 33.5 ], [ -91.23, 33.46 ], [ -91.24, 33.44 ], [ -91.21, 33.43 ], [ -91.18, 33.44 ], [ -91.17, 33.5 ], [ -91.13, 33.48 ], [ -91.12, 33.45 ], [ -91.13, 33.43 ], [ -91.2, 33.42 ], [ -91.21, 33.41 ], [ -91.18, 33.38 ], [ -91.15, 33.38 ], [ -91.1, 33.41 ], [ -91.09, 33.45 ], [ -91.06, 33.45 ], [ -91.06, 33.42 ], [ -91.14, 33.35 ], [ -91.14, 33.3 ], [ -91.11, 33.24 ], [ -91.08, 33.28 ], [ -91.06, 33.29 ], [ -91.04, 33.28 ], [ -91.07, 33.23 ], [ -91.1, 33.22 ], [ -91.08, 33.18 ], [ -91.09, 33.14 ], [ -91.13, 33.13 ], [ -91.18, 33.14 ], [ -91.2, 33.12 ], [ -91.2, 33.11 ], [ -91.12, 33.06 ], [ -91.13, 33.03 ], [ -91.16, 33.02 ], [ -91.17, 33.0 ], [ -94.04, 33.02 ], [ -94.04, 33.55 ], [ -94.07, 33.55 ], [ -94.06, 33.56 ], [ -94.07, 33.57 ], [ -94.12, 33.57 ], [ -94.13, 33.55 ], [ -94.14, 33.57 ], [ -94.15, 33.57 ], [ -94.14, 33.58 ], [ -94.16, 33.58 ], [ -94.18, 33.59 ], [ -94.22, 33.58 ], [ -94.19, 33.57 ], [ -94.2, 33.56 ], [ -94.21, 33.57 ], [ -94.23, 33.55 ], [ -94.25, 33.56 ], [ -94.24, 33.59 ], [ -94.28, 33.56 ], [ -94.29, 33.56 ], [ -94.29, 33.58 ], [ -94.31, 33.55 ], [ -94.33, 33.55 ], [ -94.34, 33.57 ], [ -94.35, 33.54 ], [ -94.38, 33.54 ], [ -94.4, 33.56 ], [ -94.38, 33.57 ], [ -94.38, 33.58 ], [ -94.41, 33.57 ], [ -94.43, 33.59 ], [ -94.47, 33.6 ], [ -94.45, 33.62 ], [ -94.46, 33.63 ], [ -94.45, 33.64 ], [ -94.49, 33.64 ], [ -94.43, 35.39 ], [ -94.62, 36.5 ], [ -90.15, 36.5 ], [ -90.16, 36.48 ], [ -90.14, 36.47 ], [ -90.13, 36.45 ], [ -90.14, 36.41 ], [ -90.08, 36.4 ], [ -90.06, 36.38 ], [ -90.08, 36.32 ], [ -90.06, 36.3 ], [ -90.08, 36.27 ], [ -90.12, 36.26 ], [ -90.13, 36.23 ], [ -90.22, 36.18 ], [ -90.24, 36.14 ], [ -90.29, 36.11 ], [ -90.32, 36.09 ], [ -90.32, 36.07 ], [ -90.38, 36.0 ], [ -89.73, 36.0 ], [ -89.72, 35.96 ], [ -89.65, 35.92 ], [ -89.64, 35.89 ], [ -89.67, 35.87 ], [ -89.72, 35.91 ], [ -89.74, 35.91 ], [ -89.77, 35.89 ], [ -89.77, 35.87 ], [ -89.7, 35.84 ], [ -89.7, 35.82 ], [ -89.73, 35.8 ], [ -89.78, 35.81 ], [ -89.8, 35.79 ], [ -89.8, 35.76 ], [ -89.83, 35.75 ], [ -89.91, 35.76 ], [ -89.96, 35.73 ], [ -89.96, 35.69 ], [ -89.93, 35.66 ], [ -89.89, 35.65 ], [ -89.86, 35.67 ], [ -89.85, 35.66 ], [ -89.86, 35.63 ], [ -89.96, 35.59 ], [ -89.94, 35.56 ], [ -89.91, 35.55 ], [ -89.9, 35.52 ], [ -89.92, 35.51 ], [ -89.96, 35.52 ], [ -89.96, 35.54 ], [ -89.99, 35.56 ], [ -90.03, 35.55 ], [ -90.05, 35.5 ], [ -90.01, 35.46 ], [ -90.0, 35.43 ], [ -90.05, 35.41 ], [ -90.06, 35.4 ], [ -90.07, 35.41 ], [ -90.07, 35.47 ], [ -90.11, 35.48 ], [ -90.13, 35.44 ], [ -90.17, 35.42 ], [ -90.18, 35.39 ], [ -90.17, 35.37 ], [ -90.14, 35.38 ], [ -90.15, 35.4 ], [ -90.13, 35.41 ], [ -90.08, 35.38 ], [ -90.11, 35.3 ], [ -90.16, 35.3 ], [ -90.17, 35.28 ], [ -90.15, 35.25 ], [ -90.11, 35.26 ], [ -90.09, 35.25 ], [ -90.08, 35.21 ], [ -90.1, 35.19 ], [ -90.12, 35.2 ], [ -90.12, 35.19 ], [ -90.07, 35.16 ], [ -90.07, 35.14 ], [ -90.09, 35.12 ], [ -90.14, 35.13 ], [ -90.17, 35.12 ], [ -90.19, 35.07 ], [ -90.18, 35.05 ], [ -90.21, 35.03 ], [ -90.3, 35.04 ], [ -90.31, 34.99 ], [ -90.25, 34.95 ], [ -90.24, 34.92 ], [ -90.26, 34.89 ], [ -90.32, 34.87 ], [ -90.3, 34.86 ], [ -90.31, 34.85 ], [ -90.34, 34.86 ], [ -90.39, 34.83 ], [ -90.44, 34.83 ], [ -90.45, 34.84 ], [ -90.43, 34.87 ], [ -90.44, 34.88 ], [ -90.46, 34.89 ], [ -90.48, 34.88 ], [ -90.48, 34.86 ], [ -90.46, 34.82 ], [ -90.48, 34.79 ], [ -90.45, 34.74 ], [ -90.48, 34.72 ], [ -90.52, 34.73 ], [ -90.49, 34.77 ], [ -90.51, 34.8 ], [ -90.54, 34.8 ], [ -90.54, 34.75 ], [ -90.57, 34.73 ], [ -90.57, 34.71 ], [ -90.53, 34.7 ], [ -90.47, 34.71 ], [ -90.46, 34.68 ], [ -90.51, 34.64 ], [ -90.53, 34.63 ], [ -90.55, 34.65 ], [ -90.54, 34.68 ], [ -90.57, 34.69 ], [ -90.59, 34.62 ], [ -90.54, 34.55 ], [ -90.59, 34.49 ], [ -90.58, 34.41 ], [ -90.66, 34.38 ], [ -90.67, 34.36 ], [ -90.66, 34.32 ], [ -90.67, 34.31 ], [ -90.69, 34.32 ], [ -90.68, 34.37 ], [ -90.72, 34.36 ], [ -90.76, 34.36 ], [ -90.77, 34.35 ], [ -90.74, 34.31 ], [ -90.74, 34.29 ], [ -90.77, 34.27 ], [ -90.83, 34.28 ], [ -90.85, 34.21 ], [ -90.89, 34.22 ], [ -90.91, 34.24 ], [ -90.93, 34.24 ], [ -90.93, 34.22 ], [ -90.91, 34.2 ], [ -90.89, 34.18 ], [ -90.82, 34.18 ], [ -90.81, 34.16 ], [ -90.85, 34.14 ], [ -90.91, 34.17 ], [ -90.96, 34.14 ], [ -90.96, 34.12 ], [ -90.92, 34.09 ] ] ], [ [ [ -90.04, 35.4 ], [ -90.05, 35.39 ], [ -90.06, 35.4 ], [ -90.04, 35.4 ] ] ] ] } },
{ "type": "Feature", "properties": { "GEOIDFQ": "0400000US28", "NAME": "Mississippi" }, "geometry": { "type": "Polygon", "coordinates": [ [ [ -88.47, 31.89 ], [ -88.39, 30.16 ], [ -88.46, 30.15 ], [ -88.55, 30.18 ], [ -88.59, 30.17 ], [ -88.77, 30.19 ], [ -88.82, 30.22 ], [ -88.9, 30.17 ], [ -88.89, 30.14 ], [ -89.1, 30.17 ], [ -89.18, 30.21 ], [ -89.26, 30.18 ], [ -89.42, 30.18 ], [ -89.49, 30.16 ], [ -89.51, 30.16 ], [ -89.53, 30.2 ], [ -89.58, 30.18 ], [ -89.62, 30.22 ], [ -89.61, 30.24 ], [ -89.65, 30.29 ], [ -89.63, 30.31 ], [ -89.63, 30.34 ], [ -89.66, 30.36 ], [ -89.68, 30.41 ], [ -89.68, 30.45 ], [ -89.72, 30.49 ], [ -89.76, 30.5 ], [ -89.78, 30.54 ], [ -89.79, 30.54 ], [ -89.79, 30.55 ], [ -89.8, 30.55 ], [ -89.8, 30.56 ], [ -89.79, 30.56 ], [ -89.79, 30.57 ], [ -89.81, 30.57 ], [ -89.81, 30.61 ], [ -89.83, 30.62 ], [ -89.81, 30.64 ], [ -89.85, 30.66 ], [ -89.85, 30.67 ], [ -89.84, 30.67 ], [ -89.84, 30.69 ], [ -89.84, 30.72 ], [ -89.83, 30.72 ], [ -89.83, 30.73 ], [ -89.84, 30.73 ], [ -89.83, 30.74 ], [ -89.83, 30.75 ], [ -89.84, 30.77 ], [ -89.82, 30.8 ], [ -89.8, 30.8 ], [ -89.8, 30.82 ], [ -89.78, 30.82 ], [ -89.79, 30.85 ], [ -89.77, 30.85 ], [ -89.77, 30.9 ], [ -89.76, 30.9 ], [ -89.76, 30.91 ], [ -89.74, 30.92 ], [ -89.76, 30.94 ], [ -89.73, 30.97 ], [ -89.73, 31.0 ], [ -91.64, 31.0 ], [ -91.58, 31.02 ], [ -91.56, 31.05 ], [ -91.63, 31.12 ], [ -91.59, 31.19 ], [ -91.65, 31.26 ], [ -91.64, 31.27 ], [ -91.56, 31.26 ], [ -91.52, 31.28 ], [ -91.51, 31.32 ], [ -91.55, 31.35 ], [ -91.55, 31.38 ], [ -91.57, 31.38 ], [ -91.58, 31.41 ], [ -91.54, 31.43 ], [ -91.52, 31.38 ], [ -91.5, 31.36 ], [ -91.47, 31.37 ], [ -91.47, 31.4 ], [ -91.52, 31.45 ], [ -91.52, 31.52 ], [ -91.45, 31.54 ], [ -91.41, 31.58 ], [ -91.4, 31.59 ], [ -91.42, 31.6 ], [ -91.49, 31.59 ], [ -91.52, 31.61 ], [ -91.52, 31.63 ], [ -91.5, 31.65 ], [ -91.44, 31.61 ], [ -91.4, 31.62 ], [ -91.4, 31.71 ], [ -91.37, 31.75 ], [ -91.28, 31.74 ], [ -91.26, 31.75 ], [ -91.26, 31.77 ], [ -91.28, 31.77 ], [ -91.37, 31.76 ], [ -91.35, 31.84 ], [ -91.29, 31.86 ], [ -91.28, 31.82 ], [ -91.25, 31.81 ], [ -91.24, 31.83 ], [ -91.27, 31.86 ], [ -91.18, 31.92 ], [ -91.19, 31.94 ], [ -91.18, 31.97 ], [ -91.16, 31.98 ], [ -91.1, 31.99 ], [ -91.08, 32.02 ], [ -91.09, 32.04 ], [ -91.15, 32.05 ], [ -91.16, 32.07 ], [ -91.14, 32.08 ], [ -91.1, 32.05 ], [ -91.08, 32.05 ], [ -91.08, 32.08 ], [ -91.04, 32.1 ], [ -91.0, 32.15 ], [ -91.0, 32.16 ], [ -91.06, 32.18 ], [ -91.05, 32.12 ], [ -91.16, 32.13 ], [ -91.17, 32.15 ], [ -91.16, 32.2 ], [ -91.13, 32.21 ], [ -91.11, 32.21 ], [ -91.08, 32.23 ], [ -91.06, 32.22 ], [ -91.04, 32.24 ], [ -91.0, 32.22 ], [ -90.99, 32.19 ], [ -90.97, 32.25 ], [ -90.98, 32.27 ], [ -90.98, 32.29 ], [ -90.96, 32.3 ], [ -90.95, 32.28 ], [ -90.92, 32.3 ], [ -90.88, 32.37 ], [ -90.89, 32.37 ], [ -90.91, 32.34 ], [ -90.99, 32.35 ], [ -91.0, 32.38 ], [ -90.99, 32.4 ], [ -90.97, 32.42 ], [ -90.97, 32.44 ], [ -91.0, 32.45 ], [ -91.03, 32.43 ], [ -91.05, 32.44 ], [ -91.09, 32.46 ], [ -91.12, 32.48 ], [ -91.09, 32.55 ], [ -91.04, 32.49 ], [ -91.0, 32.48 ], [ -90.99, 32.5 ], [ -91.08, 32.56 ], [ -91.01, 32.6 ], [ -91.02, 32.64 ], [ -91.04, 32.64 ], [ -91.05, 32.61 ], [ -91.12, 32.58 ], [ -91.15, 32.62 ], [ -91.15, 32.64 ], [ -91.05, 32.72 ], [ -91.17, 32.75 ], [ -91.16, 32.81 ], [ -91.15, 32.84 ], [ -91.11, 32.86 ], [ -91.06, 32.9 ], [ -91.09, 32.98 ], [ -91.11, 32.99 ], [ -91.14, 32.98 ], [ -91.13, 32.93 ], [ -91.15, 32.9 ], [ -91.2, 32.91 ], [ -91.21, 32.93 ], [ -91.16, 33.02 ], [ -91.13, 33.03 ], [ -91.12, 33.05 ], [ -91.2, 33.11 ], [ -91.2, 33.13 ], [ -91.18, 33.14 ], [ -91.13, 33.13 ], [ -91.09, 33.14 ], [ -91.08, 33.18 ], [ -91.1, 33.22 ], [ -91.07, 33.23 ], [ -91.04, 33.27 ], [ -91.05, 33.28 ], [ -91.08, 33.28 ], [ -91.1, 33.24 ], [ -91.14, 33.3 ], [ -91.14, 33.35 ], [ -91.07, 33.42 ], [ -91.06, 33.45 ], [ -91.09, 33.45 ], [ -91.1, 33.41 ], [ -91.15, 33.38 ], [ -91.18, 33.38 ], [ -91.21, 33.41 ], [ -91.2, 33.42 ], [ -91.13, 33.43 ], [ -91.12, 33.45 ], [ -91.13, 33.48 ], [ -91.17, 33.5 ], [ -91.18, 33.44 ], [ -91.21, 33.43 ], [ -91.24, 33.44 ], [ -91.23, 33.46 ], [ -91.18, 33.5 ], [ -91.22, 33.53 ], [ -91.23, 33.56 ], [ -91.16, 33.57 ], [ -91.13, 33.61 ], [ -91.16, 33.64 ], [ -91.22, 33.66 ], [ -91.23, 33.69 ], [ -91.21, 33.7 ], [ -91.16, 33.71 ], [ -91.13, 33.67 ], [ -91.09, 33.66 ], [ -91.03, 33.67 ], [ -91.03, 33.69 ], [ -91.06, 33.71 ], [ -91.12, 33.71 ], [ -91.15, 33.73 ], [ -91.13, 33.78 ], [ -91.11, 33.77 ], [ -91.05, 33.78 ], [ -91.02, 33.76 ], [ -90.99, 33.78 ], [ -91.0, 33.8 ], [ -91.05, 33.82 ], [ -91.07, 33.84 ], [ -91.07, 33.87 ], [ -91.01, 33.93 ], [ -91.09, 33.96 ], [ -91.09, 34.01 ], [ -91.05, 33.99 ], [ -91.02, 34.0 ], [ -91.0, 33.97 ], [ -90.97, 33.96 ], [ -90.96, 33.98 ], [ -90.99, 34.02 ], [ -90.89, 34.03 ], [ -90.87, 34.08 ], [ -90.88, 34.1 ], [ -90.92, 34.09 ], [ -90.95, 34.11 ], [ -90.96, 34.14 ], [ -90.91, 34.17 ], [ -90.85, 34.14 ], [ -90.81, 34.16 ], [ -90.82, 34.18 ], [ -90.91, 34.19 ], [ -90.93, 34.22 ], [ -90.94, 34.24 ], [ -90.91, 34.24 ], [ -90.89, 34.22 ], [ -90.85, 34.21 ], [ -90.83, 34.28 ], [ -90.77, 34.27 ], [ -90.74, 34.29 ], [ -90.74, 34.31 ], [ -90.77, 34.35 ], [ -90.76, 34.36 ], [ -90.72, 34.36 ], [ -90.68, 34.37 ], [ -90.69, 34.32 ], [ -90.67, 34.31 ], [ -90.66, 34.32 ], [ -90.67, 34.36 ], [ -90.66, 34.38 ], [ -90.59, 34.41 ], [ -90.58, 34.43 ], [ -90.59, 34.49 ], [ -90.54, 34.55 ], [ -90.59, 34.62 ], [ -90.57, 34.69 ], [ -90.54, 34.68 ], [ -90.55, 34.65 ], [ -90.53, 34.63 ], [ -90.51, 34.64 ], [ -90.46, 34.68 ], [ -90.47, 34.71 ], [ -90.53, 34.7 ], [ -90.57, 34.71 ], [ -90.57, 34.73 ], [ -90.55, 34.74 ], [ -90.54, 34.75 ], [ -90.54, 34.79 ], [ -90.51, 34.8 ], [ -90.49, 34.77 ], [ -90.52, 34.73 ], [ -90.47, 34.72 ], [ -90.45, 34.74 ], [ -90.48, 34.79 ], [ -90.46, 34.82 ], [ -90.48, 34.86 ], [ -90.48, 34.89 ], [ -90.46, 34.89 ], [ -90.44, 34.88 ], [ -90.43, 34.87 ], [ -90.45, 34.84 ], [ -90.44, 34.83 ], [ -90.39, 34.83 ], [ -90.34, 34.86 ], [ -90.31, 34.85 ], [ -90.32, 34.87 ], [ -90.25, 34.9 ], [ -90.24, 34.93 ], [ -90.25, 34.95 ], [ -90.3, 34.98 ], [ -90.31, 35.0 ], [ -88.2, 35.0 ], [ -88.15, 34.92 ], [ -88.1, 34.89 ], [ -88.47, 31.89 ] ] ] } },
{ "type": "Feature", "properties": { "GEOIDFQ": "0400000US29", "NAME": "Missouri" }, "geometry": { "type": "Polygon", "coordinates": [ [ [ -91.73, 40.61 ], [ -91.69, 40.58 ], [ -91.69, 40.56 ], [ -91.62, 40.54 ], [ -91.62, 40.51 ], [ -91.59, 40.49 ], [ -91.57, 40.47 ], [ -91.53, 40.46 ], [ -91.52, 40.41 ], [ -91.49, 40.4 ], [ -91.49, 40.38 ], [ -91.46, 40.39 ], [ -91.46, 40.38 ], [ -91.44, 40.39 ], [ -91.42, 40.38 ], [ -91.46, 40.34 ], [ -91.49, 40.28 ], [ -91.51, 40.24 ], [ -91.51, 40.13 ], [ -91.49, 40.04 ], [ -91.42, 39.93 ], [ -91.45, 39.88 ], [ -91.44, 39.85 ], [ -91.36, 39.79 ], [ -91.37, 39.73 ], [ -91.23, 39.62 ], [ -91.18, 39.6 ], [ -91.15, 39.55 ], [ -91.1, 39.54 ], [ -91.04, 39.45 ], [ -90.94, 39.4 ], [ -90.73, 39.26 ], [ -90.71, 39.15 ], [ -90.68, 39.1 ], [ -90.71, 39.05 ], [ -90.68, 38.99 ], [ -90.66, 38.93 ], [ -90.62, 38.89 ], [ -90.56, 38.87 ], [ -90.51, 38.9 ], [ -90.47, 38.96 ], [ -90.44, 38.97 ], [ -90.31, 38.92 ], [ -90.25, 38.92 ], [ -90.11, 38.85 ], [ -90.12, 38.8 ], [ -90.17, 38.77 ], [ -90.21, 38.72 ], [ -90.18, 38.66 ], [ -90.18, 38.61 ], [ -90.26, 38.53 ], [ -90.29, 38.43 ], [ -90.34, 38.39 ], [ -90.37, 38.33 ], [ -90.36, 38.22 ], [ -90.33, 38.19 ], [ -90.27, 38.16 ], [ -90.22, 38.1 ], [ -90.18, 38.07 ], [ -90.16, 38.07 ], [ -90.13, 38.06 ], [ -90.11, 38.03 ], [ -90.06, 38.02 ], [ -90.0, 37.96 ], [ -89.94, 37.97 ], [ -89.92, 37.96 ], [ -89.97, 37.93 ], [ -89.95, 37.88 ], [ -89.9, 37.87 ], [ -89.84, 37.91 ], [ -89.8, 37.88 ], [ -89.79, 37.85 ], [ -89.74, 37.85 ], [ -89.67, 37.8 ], [ -89.66, 37.75 ], [ -89.62, 37.75 ], [ -89.58, 37.71 ], [ -89.52, 37.69 ], [ -89.52, 37.64 ], [ -89.48, 37.59 ], [ -89.49, 37.58 ], [ -89.52, 37.58 ], [ -89.52, 37.54 ], [ -89.44, 37.44 ], [ -89.42, 37.39 ], [ -89.43, 37.35 ], [ -89.49, 37.33 ], [ -89.52, 37.29 ], [ -89.49, 37.25 ], [ -89.46, 37.25 ], [ -89.47, 37.22 ], [ -89.46, 37.19 ], [ -89.38, 37.09 ], [ -89.38, 37.05 ], [ -89.28, 36.99 ], [ -89.26, 37.02 ], [ -89.3, 37.05 ], [ -89.31, 37.07 ], [ -89.26, 37.06 ], [ -89.25, 37.07 ], [ -89.23, 37.04 ], [ -89.2, 37.02 ], [ -89.19, 36.97 ], [ -89.13, 36.98 ], [ -89.1, 36.96 ], [ -89.14, 36.85 ], [ -89.17, 36.84 ], [ -89.18, 36.83 ], [ -89.17, 36.8 ], [ -89.12, 36.79 ], [ -89.12, 36.77 ], [ -89.13, 36.75 ], [ -89.17, 36.76 ], [ -89.2, 36.74 ], [ -89.2, 36.72 ], [ -89.16, 36.67 ], [ -89.2, 36.63 ], [ -89.22, 36.58 ], [ -89.26, 36.57 ], [ -89.32, 36.63 ], [ -89.37, 36.63 ], [ -89.42, 36.5 ], [ -89.46, 36.46 ], [ -89.49, 36.47 ], [ -89.47, 36.53 ], [ -89.48, 36.57 ], [ -89.53, 36.58 ], [ -89.57, 36.57 ], [ -89.56, 36.52 ], [ -89.52, 36.48 ], [ -89.55, 36.43 ], [ -89.51, 36.37 ], [ -89.53, 36.34 ], [ -89.61, 36.34 ], [ -89.62, 36.32 ], [ -89.58, 36.29 ], [ -89.54, 36.28 ], [ -89.53, 36.25 ], [ -89.6, 36.24 ], [ -89.65, 36.25 ], [ -89.7, 36.25 ], [ -89.69, 36.22 ], [ -89.61, 36.17 ], [ -89.59, 36.14 ], [ -89.6, 36.12 ], [ -89.68, 36.08 ], [ -89.71, 36.0 ], [ -90.38, 36.0 ], [ -90.32, 36.07 ], [ -90.32, 36.09 ], [ -90.29, 36.11 ], [ -90.24, 36.14 ], [ -90.22, 36.18 ], [ -90.13, 36.23 ], [ -90.12, 36.26 ], [ -90.08, 36.27 ], [ -90.06, 36.3 ], [ -90.08, 36.32 ], [ -90.06, 36.38 ], [ -90.08, 36.4 ], [ -90.14, 36.41 ], [ -90.13, 36.45 ], [ -90.14, 36.47 ], [ -90.16, 36.48 ], [ -90.15, 36.5 ], [ -94.62, 36.5 ], [ -94.61, 39.12 ], [ -94.59, 39.15 ], [ -94.61, 39.16 ], [ -94.66, 39.16 ], [ -94.66, 39.18 ], [ -94.68, 39.18 ], [ -94.74, 39.17 ], [ -94.78, 39.21 ], [ -94.83, 39.22 ], [ -94.83, 39.26 ], [ -94.88, 39.28 ], [ -94.91, 39.31 ], [ -94.91, 39.35 ], [ -94.88, 39.37 ], [ -94.89, 39.39 ], [ -94.94, 39.39 ], [ -94.98, 39.44 ], [ -95.04, 39.47 ], [ -95.05, 39.5 ], [ -95.11, 39.54 ], [ -95.1, 39.58 ], [ -95.07, 39.58 ], [ -95.05, 39.59 ], [ -95.05, 39.63 ], [ -95.03, 39.67 ], [ -94.97, 39.69 ], [ -94.96, 39.74 ], [ -94.95, 39.75 ], [ -94.9, 39.72 ], [ -94.86, 39.74 ], [ -94.87, 39.77 ], [ -94.91, 39.76 ], [ -94.93, 39.77 ], [ -94.93, 39.79 ], [ -94.88, 39.79 ], [ -94.88, 39.81 ], [ -94.88, 39.83 ], [ -94.92, 39.84 ], [ -94.94, 39.85 ], [ -94.93, 39.89 ], [ -94.96, 39.9 ], [ -95.01, 39.9 ], [ -95.04, 39.86 ], [ -95.08, 39.86 ], [ -95.12, 39.87 ], [ -95.15, 39.91 ], [ -95.2, 39.91 ], [ -95.21, 39.94 ], [ -95.25, 39.95 ], [ -95.31, 39.99 ], [ -95.32, 40.01 ], [ -95.35, 40.03 ], [ -95.39, 40.03 ], [ -95.41, 40.04 ], [ -95.42, 40.06 ], [ -95.39, 40.12 ], [ -95.43, 40.13 ], [ -95.44, 40.16 ], [ -95.48, 40.19 ], [ -95.48, 40.24 ], [ -95.55, 40.26 ], [ -95.56, 40.3 ], [ -95.61, 40.31 ], [ -95.66, 40.31 ], [ -95.62, 40.34 ], [ -95.66, 40.41 ], [ -95.66, 40.44 ], [ -95.69, 40.47 ], [ -95.7, 40.51 ], [ -95.66, 40.52 ], [ -95.66, 40.55 ], [ -95.68, 40.56 ], [ -95.69, 40.56 ], [ -95.71, 40.52 ], [ -95.76, 40.53 ], [ -95.77, 40.58 ], [ -95.76, 40.59 ], [ -94.49, 40.57 ], [ -93.37, 40.58 ], [ -91.73, 40.61 ] ] ] } },
{ "type": "Feature", "properties": { "GEOIDFQ": "0400000US30", "NAME": "Montana" }, "geometry": { "type": "Polygon", "coordinates": [ [ [ -104.05, 49.0 ], [ -104.04, 45.0 ], [ -105.91, 45.0 ], [ -106.13, 44.99 ], [ -109.1, 45.01 ], [ -110.7, 44.99 ], [ -110.79, 45.0 ], [ -111.05, 45.0 ], [ -111.06, 44.48 ], [ -111.13, 44.5 ], [ -111.14, 44.52 ], [ -111.13, 44.53 ], [ -111.18, 44.55 ], [ -111.18, 44.57 ], [ -111.23, 44.58 ], [ -111.24, 44.61 ], [ -111.22, 44.62 ], [ -111.25, 44.65 ], [ -111.28, 44.65 ], [ -111.27, 44.67 ], [ -111.32, 44.73 ], [ -111.35, 44.73 ], [ -111.38, 44.75 ], [ -111.41, 44.71 ], [ -111.44, 44.72 ], [ -111.49, 44.71 ], [ -111.47, 44.67 ], [ -111.49, 44.64 ], [ -111.5, 44.65 ], [ -111.52, 44.64 ], [ -111.5, 44.63 ], [ -111.52, 44.61 ], [ -111.52, 44.59 ], [ -111.5, 44.57 ], [ -111.51, 44.56 ], [ -111.47, 44.56 ], [ -111.47, 44.54 ], [ -111.51, 44.54 ], [ -111.55, 44.56 ], [ -111.59, 44.56 ], [ -111.61, 44.55 ], [ -111.7, 44.56 ], [ -111.72, 44.54 ], [ -111.75, 44.54 ], [ -111.76, 44.53 ], [ -111.8, 44.53 ], [ -111.81, 44.51 ], [ -111.82, 44.51 ], [ -111.87, 44.57 ], [ -111.95, 44.56 ], [ -111.98, 44.54 ], [ -112.03, 44.55 ], [ -112.03, 44.53 ], [ -112.07, 44.54 ], [ -112.11, 44.52 ], [ -112.14, 44.54 ], [ -112.18, 44.53 ], [ -112.22, 44.54 ], [ -112.23, 44.56 ], [ -112.29, 44.57 ], [ -112.32, 44.54 ], [ -112.35, 44.54 ], [ -112.36, 44.49 ], [ -112.39, 44.45 ], [ -112.41, 44.46 ], [ -112.43, 44.45 ], [ -112.47, 44.48 ], [ -112.5, 44.46 ], [ -112.54, 44.48 ], [ -112.66, 44.49 ], [ -112.72, 44.5 ], [ -112.74, 44.49 ], [ -112.78, 44.48 ], [ -112.84, 44.42 ], [ -112.81, 44.4 ], [ -112.81, 44.38 ], [ -112.85, 44.36 ], [ -112.88, 44.38 ], [ -112.89, 44.41 ], [ -112.9, 44.4 ], [ -112.95, 44.41 ], [ -113.0, 44.45 ], [ -113.03, 44.5 ], [ -113.01, 44.53 ], [ -113.05, 44.54 ], [ -113.04, 44.56 ], [ -113.09, 44.6 ], [ -113.05, 44.63 ], [ -113.07, 44.68 ], [ -113.1, 44.7 ], [ -113.1, 44.73 ], [ -113.13, 44.75 ], [ -113.13, 44.77 ], [ -113.16, 44.78 ], [ -113.25, 44.82 ], [ -113.34, 44.78 ], [ -113.35, 44.79 ], [ -113.36, 44.82 ], [ -113.38, 44.84 ], [ -113.42, 44.84 ], [ -113.43, 44.85 ], [ -113.46, 44.87 ], [ -113.5, 44.94 ], [ -113.44, 44.96 ], [ -113.44, 45.01 ], [ -113.45, 45.06 ], [ -113.49, 45.06 ], [ -113.49, 45.08 ], [ -113.52, 45.09 ], [ -113.51, 45.12 ], [ -113.55, 45.11 ], [ -113.57, 45.12 ], [ -113.57, 45.15 ], [ -113.59, 45.16 ], [ -113.59, 45.18 ], [ -113.69, 45.26 ], [ -113.68, 45.28 ], [ -113.74, 45.33 ], [ -113.73, 45.39 ], [ -113.78, 45.41 ], [ -113.76, 45.43 ], [ -113.78, 45.45 ], [ -113.76, 45.48 ], [ -113.77, 45.52 ], [ -113.83, 45.52 ], [ -113.82, 45.57 ], [ -113.8, 45.58 ], [ -113.81, 45.6 ], [ -113.86, 45.62 ], [ -113.9, 45.62 ], [ -113.9, 45.64 ], [ -113.92, 45.66 ], [ -113.94, 45.69 ], [ -113.96, 45.69 ], [ -113.97, 45.7 ], [ -113.99, 45.71 ], [ -114.02, 45.7 ], [ -114.03, 45.68 ], [ -114.02, 45.65 ], [ -114.07, 45.63 ], [ -114.09, 45.59 ], [ -114.12, 45.58 ], [ -114.14, 45.56 ], [ -114.18, 45.55 ], [ -114.19, 45.54 ], [ -114.25, 45.55 ], [ -114.27, 45.48 ], [ -114.33, 45.46 ], [ -114.35, 45.46 ], [ -114.37, 45.49 ], [ -114.43, 45.51 ], [ -114.43, 45.53 ], [ -114.46, 45.55 ], [ -114.46, 45.56 ], [ -114.5, 45.56 ], [ -114.53, 45.57 ], [ -114.56, 45.56 ], [ -114.54, 45.61 ], [ -114.56, 45.64 ], [ -114.51, 45.66 ], [ -114.5, 45.68 ], [ -114.52, 45.68 ], [ -114.5, 45.7 ], [ -114.5, 45.72 ], [ -114.55, 45.74 ], [ -114.54, 45.76 ], [ -114.57, 45.77 ], [ -114.51, 45.83 ], [ -114.51, 45.85 ], [ -114.47, 45.85 ], [ -114.44, 45.86 ], [ -114.41, 45.85 ], [ -114.39, 45.88 ], [ -114.43, 45.94 ], [ -114.4, 45.96 ], [ -114.41, 45.98 ], [ -114.46, 46.0 ], [ -114.48, 45.99 ], [ -114.48, 46.03 ], [ -114.51, 46.03 ], [ -114.49, 46.05 ], [ -114.47, 46.06 ], [ -114.46, 46.1 ], [ -114.47, 46.11 ], [ -114.52, 46.13 ], [ -114.53, 46.15 ], [ -114.51, 46.17 ], [ -114.48, 46.16 ], [ -114.44, 46.17 ], [ -114.45, 46.23 ], [ -114.47, 46.27 ], [ -114.43, 46.29 ], [ -114.43, 46.31 ], [ -114.41, 46.36 ], [ -114.42, 46.39 ], [ -114.38, 46.41 ], [ -114.38, 46.43 ], [ -114.37, 46.44 ], [ -114.38, 46.45 ], [ -114.38, 46.46 ], [ -114.4, 46.48 ], [ -114.4, 46.5 ], [ -114.36, 46.51 ], [ -114.34, 46.52 ], [ -114.35, 46.55 ], [ -114.33, 46.58 ], [ -114.34, 46.59 ], [ -114.32, 46.61 ], [ -114.32, 46.65 ], [ -114.36, 46.67 ], [ -114.42, 46.66 ], [ -114.47, 46.63 ], [ -114.54, 46.65 ], [ -114.58, 46.63 ], [ -114.61, 46.64 ], [ -114.64, 46.67 ], [ -114.62, 46.71 ], [ -114.67, 46.74 ], [ -114.7, 46.74 ], [ -114.71, 46.72 ], [ -114.77, 46.7 ], [ -114.79, 46.71 ], [ -114.77, 46.75 ], [ -114.78, 46.78 ], [ -114.83, 46.78 ], [ -114.87, 46.81 ], [ -114.9, 46.8 ], [ -114.9, 46.82 ], [ -114.92, 46.83 ], [ -114.93, 46.85 ], [ -114.95, 46.86 ], [ -114.93, 46.88 ], [ -114.93, 46.92 ], [ -114.96, 46.93 ], [ -115.0, 46.97 ], [ -115.05, 46.97 ], [ -115.07, 47.03 ], [ -115.13, 47.07 ], [ -115.14, 47.1 ], [ -115.17, 47.11 ], [ -115.2, 47.14 ], [ -115.24, 47.15 ], [ -115.26, 47.18 ], [ -115.3, 47.19 ], [ -115.29, 47.21 ], [ -115.32, 47.24 ], [ -115.32, 47.26 ], [ -115.41, 47.26 ], [ -115.43, 47.28 ], [ -115.46, 47.28 ], [ -115.47, 47.29 ], [ -115.48, 47.28 ], [ -115.53, 47.3 ], [ -115.55, 47.35 ], [ -115.58, 47.36 ], [ -115.58, 47.37 ], [ -115.62, 47.38 ], [ -115.64, 47.38 ], [ -115.66, 47.4 ], [ -115.72, 47.43 ], [ -115.76, 47.42 ], [ -115.75, 47.44 ], [ -115.72, 47.45 ], [ -115.65, 47.46 ], [ -115.63, 47.48 ], [ -115.69, 47.48 ], [ -115.71, 47.52 ], [ -115.7, 47.53 ], [ -115.76, 47.55 ], [ -115.69, 47.6 ], [ -115.69, 47.62 ], [ -115.74, 47.65 ], [ -115.72, 47.7 ], [ -115.75, 47.72 ], [ -115.78, 47.72 ], [ -115.8, 47.76 ], [ -115.83, 47.76 ], [ -115.85, 47.83 ], [ -115.88, 47.85 ], [ -115.9, 47.84 ], [ -115.92, 47.85 ], [ -116.02, 47.96 ], [ -116.05, 47.98 ], [ -116.05, 49.0 ], [ -104.05, 49.0 ] ] ] } },
{ "type": "Feature", "properties": { "GEOIDFQ": "0400000US20", "NAME": "Kansas" }, "geometry": { "type": "Polygon", "coordinates": [ [ [ -94.62, 37.0 ], [ -100.11, 37.0 ], [ -102.04, 36.99 ], [ -102.05, 40.0 ], [ -95.31, 40.0 ], [ -95.25, 39.95 ], [ -95.21, 39.94 ], [ -95.2, 39.9 ], [ -95.15, 39.91 ], [ -95.14, 39.88 ], [ -95.09, 39.86 ], [ -95.04, 39.87 ], [ -95.01, 39.9 ], [ -94.95, 39.9 ], [ -94.93, 39.88 ], [ -94.94, 39.85 ], [ -94.88, 39.82 ], [ -94.88, 39.8 ], [ -94.93, 39.79 ], [ -94.93, 39.77 ], [ -94.91, 39.76 ], [ -94.87, 39.77 ], [ -94.86, 39.74 ], [ -94.9, 39.72 ], [ -94.95, 39.75 ], [ -94.96, 39.74 ], [ -94.97, 39.69 ], [ -95.03, 39.67 ], [ -95.05, 39.63 ], [ -95.05, 39.59 ], [ -95.07, 39.58 ], [ -95.1, 39.58 ], [ -95.11, 39.54 ], [ -95.05, 39.5 ], [ -95.04, 39.46 ], [ -94.98, 39.44 ], [ -94.94, 39.39 ], [ -94.89, 39.39 ], [ -94.88, 39.37 ], [ -94.91, 39.35 ], [ -94.91, 39.31 ], [ -94.88, 39.28 ], [ -94.83, 39.26 ], [ -94.83, 39.22 ], [ -94.78, 39.21 ], [ -94.74, 39.17 ], [ -94.68, 39.18 ], [ -94.66, 39.18 ], [ -94.66, 39.16 ], [ -94.61, 39.16 ], [ -94.59, 39.15 ], [ -94.61, 39.12 ], [ -94.62, 37.0 ] ] ] } },
{ "type": "Feature", "properties": { "GEOIDFQ": "0400000US18", "NAME": "Indiana" }, "geometry": { "type": "Polygon", "coordinates": [ [ [ -86.36, 38.2 ], [ -86.38, 38.18 ], [ -86.37, 38.16 ], [ -86.32, 38.15 ], [ -86.33, 38.13 ], [ -86.38, 38.13 ], [ -86.4, 38.1 ], [ -86.43, 38.13 ], [ -86.46, 38.12 ], [ -86.46, 38.1 ], [ -86.43, 38.08 ], [ -86.45, 38.05 ], [ -86.52, 38.04 ], [ -86.52, 37.97 ], [ -86.51, 37.93 ], [ -86.53, 37.92 ], [ -86.59, 37.92 ], [ -86.6, 37.87 ], [ -86.64, 37.84 ], [ -86.66, 37.85 ], [ -86.65, 37.91 ], [ -86.68, 37.92 ], [ -86.73, 37.89 ], [ -86.79, 37.99 ], [ -86.82, 38.0 ], [ -86.86, 37.98 ], [ -86.92, 37.94 ], [ -86.98, 37.93 ], [ -87.03, 37.91 ], [ -87.07, 37.81 ], [ -87.11, 37.78 ], [ -87.13, 37.79 ], [ -87.16, 37.84 ], [ -87.22, 37.85 ], [ -87.39, 37.94 ], [ -87.45, 37.94 ], [ -87.51, 37.91 ], [ -87.56, 37.93 ], [ -87.59, 37.98 ], [ -87.6, 37.97 ], [ -87.63, 37.93 ], [ -87.58, 37.88 ], [ -87.62, 37.83 ], [ -87.68, 37.83 ], [ -87.68, 37.86 ], [ -87.66, 37.89 ], [ -87.68, 37.9 ], [ -87.83, 37.88 ], [ -87.88, 37.92 ], [ -87.89, 37.93 ], [ -87.94, 37.89 ], [ -87.9, 37.82 ], [ -87.95, 37.77 ], [ -88.04, 37.81 ], [ -88.07, 37.8 ], [ -88.09, 37.82 ], [ -88.08, 37.83 ], [ -88.04, 37.82 ], [ -88.03, 37.83 ], [ -88.07, 37.85 ], [ -88.1, 37.9 ], [ -88.01, 37.89 ], [ -88.02, 37.91 ], [ -88.07, 37.93 ], [ -88.06, 37.93 ], [ -88.03, 37.93 ], [ -88.04, 37.96 ], [ -88.01, 37.97 ], [ -88.03, 38.01 ], [ -88.01, 38.03 ], [ -88.03, 38.03 ], [ -88.04, 38.05 ], [ -87.98, 38.06 ], [ -87.96, 38.09 ], [ -87.96, 38.1 ], [ -88.01, 38.08 ], [ -88.02, 38.1 ], [ -87.98, 38.11 ], [ -87.97, 38.13 ], [ -87.95, 38.13 ], [ -87.91, 38.16 ], [ -87.92, 38.17 ], [ -87.93, 38.16 ], [ -87.94, 38.17 ], [ -87.98, 38.2 ], [ -87.99, 38.26 ], [ -87.96, 38.24 ], [ -87.93, 38.3 ], [ -87.91, 38.3 ], [ -87.92, 38.27 ], [ -87.91, 38.27 ], [ -87.87, 38.31 ], [ -87.86, 38.28 ], [ -87.84, 38.28 ], [ -87.82, 38.35 ], [ -87.78, 38.37 ], [ -87.75, 38.41 ], [ -87.73, 38.45 ], [ -87.76, 38.46 ], [ -87.75, 38.47 ], [ -87.69, 38.49 ], [ -87.67, 38.51 ], [ -87.65, 38.51 ], [ -87.67, 38.55 ], [ -87.65, 38.56 ], [ -87.64, 38.59 ], [ -87.61, 38.59 ], [ -87.63, 38.61 ], [ -87.62, 38.64 ], [ -87.59, 38.67 ], [ -87.53, 38.68 ], [ -87.5, 38.74 ], [ -87.5, 38.77 ], [ -87.51, 38.77 ], [ -87.5, 38.78 ], [ -87.53, 38.82 ], [ -87.53, 38.85 ], [ -87.55, 38.86 ], [ -87.53, 38.88 ], [ -87.54, 38.89 ], [ -87.53, 38.9 ], [ -87.52, 38.9 ], [ -87.53, 38.92 ], [ -87.51, 38.95 ], [ -87.53, 38.97 ], [ -87.58, 38.99 ], [ -87.56, 38.99 ], [ -87.58, 39.0 ], [ -87.57, 39.06 ], [ -87.62, 39.09 ], [ -87.62, 39.1 ], [ -87.65, 39.11 ], [ -87.64, 39.12 ], [ -87.66, 39.14 ], [ -87.64, 39.16 ], [ -87.64, 39.17 ], [ -87.62, 39.17 ], [ -87.62, 39.19 ], [ -87.59, 39.2 ], [ -87.57, 39.22 ], [ -87.57, 39.25 ], [ -87.59, 39.25 ], [ -87.6, 39.26 ], [ -87.61, 39.28 ], [ -87.6, 39.3 ], [ -87.62, 39.31 ], [ -87.58, 39.34 ], [ -87.53, 39.35 ], [ -87.52, 41.76 ], [ -84.81, 41.76 ], [ -84.8, 40.31 ], [ -84.82, 39.11 ], [ -84.9, 39.06 ], [ -84.83, 38.97 ], [ -84.88, 38.91 ], [ -84.79, 38.88 ], [ -84.79, 38.86 ], [ -84.83, 38.83 ], [ -84.81, 38.79 ], [ -84.89, 38.79 ], [ -84.94, 38.78 ], [ -84.99, 38.78 ], [ -85.17, 38.69 ], [ -85.21, 38.7 ], [ -85.25, 38.73 ], [ -85.27, 38.74 ], [ -85.44, 38.73 ], [ -85.46, 38.69 ], [ -85.44, 38.66 ], [ -85.42, 38.54 ], [ -85.47, 38.51 ], [ -85.51, 38.46 ], [ -85.61, 38.44 ], [ -85.65, 38.33 ], [ -85.68, 38.3 ], [ -85.74, 38.27 ], [ -85.78, 38.29 ], [ -85.83, 38.28 ], [ -85.84, 38.23 ], [ -85.91, 38.17 ], [ -85.91, 38.09 ], [ -85.93, 38.02 ], [ -85.95, 38.01 ], [ -86.03, 37.99 ], [ -86.04, 37.96 ], [ -86.09, 38.01 ], [ -86.18, 38.01 ], [ -86.27, 38.06 ], [ -86.28, 38.09 ], [ -86.27, 38.14 ], [ -86.36, 38.2 ] ] ] } },
{ "type": "Feature", "properties": { "GEOIDFQ": "0400000US72", "NAME": "Puerto Rico" }, "geometry": { "type": "MultiPolygon", "coordinates": [ [ [ [ -67.98, 18.2 ], [ -67.94, 18.21 ], [ -67.92, 18.2 ], [ -67.89, 18.17 ], [ -67.83, 18.16 ], [ -67.79, 18.12 ], [ -67.8, 18.06 ], [ -67.83, 18.02 ], [ -67.87, 18.0 ], [ -67.95, 18.02 ], [ -67.99, 18.06 ], [ -67.99, 18.12 ], [ -68.0, 18.17 ], [ -67.98, 18.2 ] ] ], [ [ [ -67.52, 18.42 ], [ -67.47, 18.44 ], [ -67.43, 18.41 ], [ -67.42, 18.37 ], [ -67.45, 18.34 ], [ -67.49, 18.33 ], [ -67.53, 18.35 ], [ -67.54, 18.39 ], [ -67.52, 18.42 ] ] ], [ [ [ -66.39, 17.87 ], [ -66.42, 17.88 ], [ -66.53, 17.83 ], [ -66.56, 17.84 ], [ -66.58, 17.86 ], [ -66.57, 17.91 ], [ -66.64, 17.91 ], [ -66.68, 17.9 ], [ -66.71, 17.91 ], [ -66.79, 17.92 ], [ -66.89, 17.89 ], [ -66.92, 17.88 ], [ -67.14, 17.9 ], [ -67.17, 17.88 ], [ -67.21, 17.89 ], [ -67.26, 17.93 ], [ -67.27, 17.98 ], [ -67.26, 18.08 ], [ -67.24, 18.12 ], [ -67.24, 18.18 ], [ -67.21, 18.21 ], [ -67.23, 18.25 ], [ -67.27, 18.26 ], [ -67.29, 18.28 ], [ -67.32, 18.34 ], [ -67.32, 18.38 ], [ -67.3, 18.4 ], [ -67.21, 18.44 ], [ -67.22, 18.5 ], [ -67.18, 18.54 ], [ -67.09, 18.57 ], [ -66.91, 18.53 ], [ -66.8, 18.54 ], [ -66.73, 18.53 ], [ -66.61, 18.54 ], [ -66.48, 18.52 ], [ -66.4, 18.54 ], [ -66.21, 18.52 ], [ -65.99, 18.52 ], [ -65.76, 18.47 ], [ -65.68, 18.42 ], [ -65.62, 18.45 ], [ -65.46, 18.39 ], [ -65.42, 18.39 ], [ -65.4, 18.42 ], [ -65.37, 18.42 ], [ -65.3, 18.39 ], [ -65.22, 18.4 ], [ -65.18, 18.36 ], [ -65.17, 18.3 ], [ -65.21, 18.24 ], [ -65.3, 18.23 ], [ -65.42, 18.29 ], [ -65.46, 18.29 ], [ -65.47, 18.24 ], [ -65.49, 18.23 ], [ -65.53, 18.22 ], [ -65.55, 18.18 ], [ -65.52, 18.21 ], [ -65.46, 18.22 ], [ -65.43, 18.21 ], [ -65.27, 18.2 ], [ -65.23, 18.17 ], [ -65.22, 18.14 ], [ -65.22, 18.11 ], [ -65.25, 18.08 ], [ -65.44, 18.04 ], [ -65.5, 18.04 ], [ -65.55, 18.03 ], [ -65.59, 18.05 ], [ -65.62, 18.08 ], [ -65.63, 18.12 ], [ -65.62, 18.15 ], [ -65.72, 18.11 ], [ -65.75, 18.04 ], [ -65.78, 18.02 ], [ -65.8, 17.98 ], [ -65.85, 17.94 ], [ -65.97, 17.92 ], [ -66.02, 17.89 ], [ -66.08, 17.91 ], [ -66.12, 17.88 ], [ -66.18, 17.88 ], [ -66.22, 17.86 ], [ -66.32, 17.88 ], [ -66.39, 17.87 ] ] ] ] } },
{ "type": "Feature", "properties": { "GEOIDFQ": "0400000US46", "NAME": "South Dakota" }, "geometry": { "type": "Polygon", "coordinates": [ [ [ -96.56, 45.94 ], [ -96.58, 45.82 ], [ -96.63, 45.79 ], [ -96.66, 45.74 ], [ -96.84, 45.65 ], [ -96.86, 45.61 ], [ -96.76, 45.52 ], [ -96.73, 45.46 ], [ -96.69, 45.42 ], [ -96.62, 45.41 ], [ -96.52, 45.38 ], [ -96.49, 45.36 ], [ -96.45, 45.3 ], [ -96.45, 43.5 ], [ -96.6, 43.5 ], [ -96.58, 43.48 ], [ -96.6, 43.45 ], [ -96.59, 43.43 ], [ -96.57, 43.43 ], [ -96.57, 43.42 ], [ -96.52, 43.39 ], [ -96.53, 43.3 ], [ -96.59, 43.3 ], [ -96.58, 43.29 ], [ -96.59, 43.27 ], [ -96.55, 43.26 ], [ -96.55, 43.25 ], [ -96.57, 43.23 ], [ -96.52, 43.22 ], [ -96.48, 43.22 ], [ -96.47, 43.15 ], [ -96.44, 43.12 ], [ -96.46, 43.09 ], [ -96.46, 43.06 ], [ -96.52, 43.04 ], [ -96.49, 43.01 ], [ -96.52, 42.98 ], [ -96.5, 42.96 ], [ -96.52, 42.93 ], [ -96.54, 42.92 ], [ -96.54, 42.9 ], [ -96.53, 42.89 ], [ -96.54, 42.88 ], [ -96.55, 42.84 ], [ -96.56, 42.83 ], [ -96.58, 42.84 ], [ -96.6, 42.79 ], [ -96.64, 42.77 ], [ -96.62, 42.75 ], [ -96.64, 42.74 ], [ -96.62, 42.73 ], [ -96.63, 42.71 ], [ -96.58, 42.68 ], [ -96.58, 42.67 ], [ -96.57, 42.68 ], [ -96.56, 42.66 ], [ -96.54, 42.66 ], [ -96.52, 42.63 ], [ -96.53, 42.61 ], [ -96.51, 42.61 ], [ -96.49, 42.58 ], [ -96.5, 42.56 ], [ -96.48, 42.56 ], [ -96.48, 42.53 ], [ -96.49, 42.52 ], [ -96.48, 42.51 ], [ -96.48, 42.49 ], [ -96.5, 42.48 ], [ -96.55, 42.52 ], [ -96.61, 42.51 ], [ -96.63, 42.52 ], [ -96.64, 42.56 ], [ -96.68, 42.58 ], [ -96.71, 42.61 ], [ -96.69, 42.66 ], [ -96.73, 42.67 ], [ -96.79, 42.67 ], [ -96.81, 42.7 ], [ -96.91, 42.73 ], [ -96.96, 42.72 ], [ -96.98, 42.76 ], [ -97.13, 42.77 ], [ -97.15, 42.8 ], [ -97.21, 42.81 ], [ -97.22, 42.85 ], [ -97.24, 42.85 ], [ -97.29, 42.86 ], [ -97.31, 42.87 ], [ -97.36, 42.85 ], [ -97.41, 42.87 ], [ -97.44, 42.85 ], [ -97.5, 42.86 ], [ -97.56, 42.85 ], [ -97.61, 42.86 ], [ -97.69, 42.84 ], [ -97.77, 42.85 ], [ -97.84, 42.87 ], [ -97.88, 42.86 ], [ -97.89, 42.82 ], [ -97.94, 42.78 ], [ -98.04, 42.76 ], [ -98.15, 42.84 ], [ -98.19, 42.84 ], [ -98.25, 42.87 ], [ -98.33, 42.89 ], [ -98.42, 42.93 ], [ -98.44, 42.93 ], [ -98.5, 43.0 ], [ -104.05, 43.0 ], [ -104.06, 45.0 ], [ -104.04, 45.0 ], [ -104.05, 45.95 ], [ -96.56, 45.94 ] ] ] } },
{ "type": "Feature", "properties": { "GEOIDFQ": "0400000US08", "NAME": "Colorado" }, "geometry": { "type": "Polygon", "coordinates": [ [ [ -109.05, 37.0 ], [ -109.04, 38.16 ], [ -109.06, 38.28 ], [ -109.05, 41.0 ], [ -102.05, 41.0 ], [ -102.04, 36.99 ], [ -109.05, 37.0 ] ] ] } },
{ "type": "Feature", "properties": { "GEOIDFQ": "0400000US42", "NAME": "Pennsylvania" }, "geometry": { "type": "Polygon", "coordinates": [ [ [ -75.71, 39.8 ], [ -75.77, 39.72 ], [ -80.52, 39.72 ], [ -80.52, 42.33 ], [ -80.08, 42.39 ], [ -79.76, 42.52 ], [ -79.76, 42.0 ], [ -75.34, 41.99 ], [ -75.34, 41.97 ], [ -75.28, 41.94 ], [ -75.26, 41.86 ], [ -75.24, 41.87 ], [ -75.22, 41.86 ], [ -75.2, 41.87 ], [ -75.19, 41.86 ], [ -75.17, 41.87 ], [ -75.16, 41.85 ], [ -75.12, 41.85 ], [ -75.11, 41.82 ], [ -75.07, 41.81 ], [ -75.1, 41.77 ], [ -75.07, 41.77 ], [ -75.05, 41.75 ], [ -75.05, 41.71 ], [ -75.07, 41.71 ], [ -75.05, 41.69 ], [ -75.04, 41.62 ], [ -75.07, 41.61 ], [ -75.02, 41.55 ], [ -75.02, 41.53 ], [ -75.0, 41.52 ], [ -75.0, 41.51 ], [ -74.98, 41.51 ], [ -74.98, 41.48 ], [ -74.91, 41.48 ], [ -74.89, 41.46 ], [ -74.89, 41.44 ], [ -74.86, 41.44 ], [ -74.83, 41.43 ], [ -74.81, 41.44 ], [ -74.79, 41.42 ], [ -74.74, 41.43 ], [ -74.74, 41.4 ], [ -74.69, 41.37 ], [ -74.72, 41.35 ], [ -74.76, 41.35 ], [ -74.77, 41.33 ], [ -74.8, 41.32 ], [ -74.79, 41.31 ], [ -74.83, 41.29 ], [ -74.86, 41.24 ], [ -74.86, 41.22 ], [ -74.88, 41.18 ], [ -74.92, 41.14 ], [ -74.98, 41.11 ], [ -74.99, 41.09 ], [ -74.97, 41.09 ], [ -75.01, 41.07 ], [ -75.03, 41.04 ], [ -75.13, 40.99 ], [ -75.13, 40.97 ], [ -75.12, 40.97 ], [ -75.05, 40.87 ], [ -75.07, 40.85 ], [ -75.1, 40.85 ], [ -75.08, 40.82 ], [ -75.11, 40.79 ], [ -75.13, 40.77 ], [ -75.17, 40.78 ], [ -75.2, 40.75 ], [ -75.18, 40.73 ], [ -75.2, 40.69 ], [ -75.18, 40.68 ], [ -75.2, 40.65 ], [ -75.19, 40.62 ], [ -75.2, 40.62 ], [ -75.19, 40.58 ], [ -75.17, 40.56 ], [ -75.12, 40.57 ], [ -75.07, 40.54 ], [ -75.07, 40.46 ], [ -75.06, 40.42 ], [ -75.03, 40.4 ], [ -75.0, 40.41 ], [ -74.97, 40.4 ], [ -74.94, 40.34 ], [ -74.87, 40.3 ], [ -74.84, 40.25 ], [ -74.77, 40.22 ], [ -74.72, 40.15 ], [ -74.78, 40.12 ], [ -74.82, 40.13 ], [ -74.86, 40.08 ], [ -74.94, 40.07 ], [ -75.05, 40.01 ], [ -75.07, 39.98 ], [ -75.13, 39.96 ], [ -75.13, 39.91 ], [ -75.14, 39.88 ], [ -75.19, 39.88 ], [ -75.26, 39.85 ], [ -75.34, 39.85 ], [ -75.42, 39.8 ], [ -75.5, 39.83 ], [ -75.59, 39.84 ], [ -75.71, 39.8 ] ] ] } },
{ "type": "Feature", "properties": { "GEOIDFQ": "0400000US53", "NAME": "Washington" }, "geometry": { "type": "Polygon", "coordinates": [ [ [ -118.99, 46.0 ], [ -119.03, 45.97 ], [ -119.13, 45.93 ], [ -119.2, 45.93 ], [ -119.26, 45.94 ], [ -119.49, 45.91 ], [ -119.57, 45.93 ], [ -119.62, 45.91 ], [ -119.67, 45.86 ], [ -119.97, 45.82 ], [ -120.07, 45.79 ], [ -120.17, 45.76 ], [ -120.21, 45.73 ], [ -120.48, 45.69 ], [ -120.56, 45.74 ], [ -120.64, 45.75 ], [ -120.69, 45.72 ], [ -120.86, 45.67 ], [ -120.9, 45.64 ], [ -120.91, 45.64 ], [ -120.94, 45.66 ], [ -120.98, 45.65 ], [ -121.06, 45.65 ], [ -121.15, 45.61 ], [ -121.18, 45.61 ], [ -121.2, 45.62 ], [ -121.22, 45.67 ], [ -121.34, 45.7 ], [ -121.42, 45.69 ], [ -121.53, 45.73 ], [ -121.71, 45.69 ], [ -121.81, 45.71 ], [ -121.87, 45.69 ], [ -121.91, 45.65 ], [ -121.96, 45.64 ], [ -121.98, 45.62 ], [ -122.04, 45.61 ], [ -122.1, 45.58 ], [ -122.18, 45.58 ], [ -122.27, 45.54 ], [ -122.33, 45.55 ], [ -122.35, 45.57 ], [ -122.38, 45.58 ], [ -122.44, 45.56 ], [ -122.55, 45.6 ], [ -122.68, 45.62 ], [ -122.76, 45.66 ], [ -122.77, 45.68 ], [ -122.76, 45.75 ], [ -122.8, 45.81 ], [ -122.78, 45.87 ], [ -122.81, 45.91 ], [ -122.81, 45.96 ], [ -122.88, 46.03 ], [ -122.88, 46.06 ], [ -122.9, 46.08 ], [ -123.12, 46.19 ], [ -123.17, 46.19 ], [ -123.28, 46.14 ], [ -123.37, 46.15 ], [ -123.43, 46.18 ], [ -123.43, 46.23 ], [ -123.45, 46.25 ], [ -123.47, 46.27 ], [ -123.5, 46.27 ], [ -123.55, 46.26 ], [ -123.69, 46.25 ], [ -123.74, 46.27 ], [ -123.87, 46.23 ], [ -123.93, 46.24 ], [ -123.97, 46.27 ], [ -124.0, 46.27 ], [ -124.02, 46.3 ], [ -124.04, 46.3 ], [ -124.04, 46.26 ], [ -124.16, 46.26 ], [ -124.13, 46.41 ], [ -124.15, 46.67 ], [ -124.19, 46.84 ], [ -124.25, 46.92 ], [ -124.24, 47.06 ], [ -124.27, 47.17 ], [ -124.31, 47.25 ], [ -124.35, 47.28 ], [ -124.36, 47.31 ], [ -124.39, 47.33 ], [ -124.41, 47.37 ], [ -124.42, 47.41 ], [ -124.41, 47.43 ], [ -124.46, 47.62 ], [ -124.51, 47.62 ], [ -124.56, 47.65 ], [ -124.57, 47.68 ], [ -124.54, 47.72 ], [ -124.64, 47.82 ], [ -124.7, 47.85 ], [ -124.72, 47.89 ], [ -124.75, 47.91 ], [ -124.76, 47.94 ], [ -124.8, 47.98 ], [ -124.79, 48.09 ], [ -124.82, 48.13 ], [ -124.85, 48.18 ], [ -124.83, 48.21 ], [ -124.78, 48.23 ], [ -124.79, 48.27 ], [ -124.76, 48.3 ], [ -124.82, 48.39 ], [ -124.8, 48.42 ], [ -124.75, 48.45 ], [ -124.77, 48.47 ], [ -124.77, 48.5 ], [ -124.75, 48.5 ], [ -124.01, 48.3 ], [ -123.68, 48.24 ], [ -123.54, 48.22 ], [ -123.25, 48.28 ], [ -123.12, 48.42 ], [ -123.16, 48.45 ], [ -123.22, 48.55 ], [ -123.27, 48.69 ], [ -123.01, 48.77 ], [ -123.01, 48.83 ], [ -123.32, 49.0 ], [ -117.03, 49.0 ], [ -117.04, 47.96 ], [ -117.03, 46.42 ], [ -117.06, 46.35 ], [ -117.02, 46.34 ], [ -117.02, 46.31 ], [ -116.99, 46.3 ], [ -116.99, 46.28 ], [ -116.96, 46.23 ], [ -116.97, 46.2 ], [ -116.92, 46.17 ], [ -116.96, 46.1 ], [ -116.98, 46.09 ], [ -116.94, 46.06 ], [ -116.92, 46.0 ], [ -118.99, 46.0 ] ] ] } },
{ "type": "Feature", "properties": { "GEOIDFQ": "0400000US22", "NAME": "Louisiana" }, "geometry": { "type": "Polygon", "coordinates": [ [ [ -91.17, 33.0 ], [ -91.21, 32.93 ], [ -91.2, 32.91 ], [ -91.17, 32.9 ], [ -91.13, 32.92 ], [ -91.14, 32.98 ], [ -91.11, 32.99 ], [ -91.09, 32.98 ], [ -91.06, 32.9 ], [ -91.11, 32.86 ], [ -91.15, 32.84 ], [ -91.16, 32.81 ], [ -91.17, 32.75 ], [ -91.05, 32.72 ], [ -91.15, 32.64 ], [ -91.15, 32.62 ], [ -91.12, 32.58 ], [ -91.05, 32.61 ], [ -91.04, 32.64 ], [ -91.02, 32.64 ], [ -91.01, 32.6 ], [ -91.08, 32.56 ], [ -90.99, 32.5 ], [ -91.0, 32.48 ], [ -91.04, 32.49 ], [ -91.09, 32.55 ], [ -91.12, 32.48 ], [ -91.09, 32.46 ], [ -91.05, 32.44 ], [ -91.03, 32.43 ], [ -91.0, 32.45 ], [ -90.97, 32.44 ], [ -90.97, 32.42 ], [ -90.99, 32.4 ], [ -91.0, 32.38 ], [ -90.99, 32.35 ], [ -90.91, 32.34 ], [ -90.89, 32.37 ], [ -90.88, 32.37 ], [ -90.92, 32.3 ], [ -90.95, 32.28 ], [ -90.96, 32.3 ], [ -90.98, 32.29 ], [ -90.98, 32.27 ], [ -90.97, 32.25 ], [ -90.99, 32.19 ], [ -91.0, 32.22 ], [ -91.04, 32.24 ], [ -91.06, 32.22 ], [ -91.08, 32.23 ], [ -91.11, 32.21 ], [ -91.13, 32.21 ], [ -91.16, 32.2 ], [ -91.17, 32.15 ], [ -91.16, 32.13 ], [ -91.05, 32.12 ], [ -91.06, 32.18 ], [ -91.0, 32.16 ], [ -91.0, 32.15 ], [ -91.04, 32.1 ], [ -91.08, 32.08 ], [ -91.08, 32.05 ], [ -91.1, 32.05 ], [ -91.14, 32.08 ], [ -91.16, 32.07 ], [ -91.15, 32.05 ], [ -91.09, 32.04 ], [ -91.08, 32.02 ], [ -91.1, 31.99 ], [ -91.16, 31.98 ], [ -91.18, 31.97 ], [ -91.19, 31.94 ], [ -91.18, 31.92 ], [ -91.27, 31.86 ], [ -91.24, 31.83 ], [ -91.25, 31.81 ], [ -91.28, 31.82 ], [ -91.29, 31.86 ], [ -91.35, 31.84 ], [ -91.37, 31.76 ], [ -91.28, 31.77 ], [ -91.26, 31.77 ], [ -91.26, 31.75 ], [ -91.28, 31.74 ], [ -91.37, 31.75 ], [ -91.4, 31.71 ], [ -91.4, 31.62 ], [ -91.44, 31.61 ], [ -91.5, 31.65 ], [ -91.52, 31.63 ], [ -91.52, 31.61 ], [ -91.49, 31.59 ], [ -91.42, 31.6 ], [ -91.4, 31.59 ], [ -91.41, 31.58 ], [ -91.45, 31.54 ], [ -91.52, 31.52 ], [ -91.52, 31.45 ], [ -91.47, 31.4 ], [ -91.47, 31.37 ], [ -91.5, 31.36 ], [ -91.52, 31.38 ], [ -91.54, 31.43 ], [ -91.58, 31.41 ], [ -91.57, 31.38 ], [ -91.55, 31.38 ], [ -91.55, 31.35 ], [ -91.51, 31.32 ], [ -91.52, 31.28 ], [ -91.56, 31.26 ], [ -91.64, 31.27 ], [ -91.65, 31.26 ], [ -91.59, 31.19 ], [ -91.63, 31.12 ], [ -91.56, 31.05 ], [ -91.58, 31.02 ], [ -91.64, 31.0 ], [ -89.73, 31.0 ], [ -89.74, 30.98 ], [ -89.73, 30.97 ], [ -89.76, 30.94 ], [ -89.74, 30.92 ], [ -89.76, 30.91 ], [ -89.76, 30.9 ], [ -89.77, 30.9 ], [ -89.77, 30.85 ], [ -89.79, 30.85 ], [ -89.78, 30.82 ], [ -89.8, 30.82 ], [ -89.8, 30.8 ], [ -89.82, 30.8 ], [ -89.84, 30.77 ], [ -89.83, 30.75 ], [ -89.83, 30.74 ], [ -89.84, 30.73 ], [ -89.83, 30.73 ], [ -89.83, 30.72 ], [ -89.84, 30.72 ], [ -89.84, 30.69 ], [ -89.84, 30.67 ], [ -89.85, 30.67 ], [ -89.85, 30.66 ], [ -89.81, 30.64 ], [ -89.83, 30.62 ], [ -89.81, 30.61 ], [ -89.81, 30.57 ], [ -89.79, 30.57 ], [ -89.8, 30.56 ], [ -89.8, 30.55 ], [ -89.79, 30.55 ], [ -89.78, 30.54 ], [ -89.76, 30.5 ], [ -89.72, 30.49 ], [ -89.68, 30.45 ], [ -89.68, 30.41 ], [ -89.66, 30.36 ], [ -89.63, 30.34 ], [ -89.63, 30.31 ], [ -89.65, 30.29 ], [ -89.61, 30.24 ], [ -89.61, 30.22 ], [ -89.57, 30.18 ], [ -89.53, 30.19 ], [ -89.51, 30.16 ], [ -89.42, 30.18 ], [ -89.26, 30.18 ], [ -89.18, 30.21 ], [ -89.1, 30.17 ], [ -88.85, 30.14 ], [ -88.77, 29.98 ], [ -88.77, 29.84 ], [ -88.82, 29.71 ], [ -89.04, 29.49 ], [ -89.12, 29.46 ], [ -89.14, 29.43 ], [ -89.14, 29.38 ], [ -89.08, 29.3 ], [ -88.94, 29.25 ], [ -88.91, 29.21 ], [ -88.92, 29.12 ], [ -89.0, 29.09 ], [ -89.01, 29.03 ], [ -89.05, 29.01 ], [ -89.11, 28.93 ], [ -89.15, 28.92 ], [ -89.19, 28.93 ], [ -89.23, 28.99 ], [ -89.28, 28.98 ], [ -89.4, 28.86 ], [ -89.46, 28.86 ], [ -89.49, 28.91 ], [ -89.47, 28.97 ], [ -89.47, 29.11 ], [ -89.52, 29.17 ], [ -89.61, 29.2 ], [ -90.03, 29.14 ], [ -90.16, 29.05 ], [ -90.34, 29.0 ], [ -90.41, 29.0 ], [ -90.55, 29.04 ], [ -90.75, 28.99 ], [ -90.93, 28.99 ], [ -90.99, 29.01 ], [ -91.02, 29.05 ], [ -91.01, 29.09 ], [ -90.96, 29.11 ], [ -90.97, 29.12 ], [ -91.1, 29.14 ], [ -91.16, 29.17 ], [ -91.29, 29.2 ], [ -91.42, 29.3 ], [ -91.64, 29.38 ], [ -91.71, 29.36 ], [ -91.78, 29.4 ], [ -91.83, 29.36 ], [ -91.88, 29.36 ], [ -91.91, 29.39 ], [ -91.91, 29.42 ], [ -92.02, 29.47 ], [ -92.08, 29.53 ], [ -92.15, 29.53 ], [ -92.23, 29.49 ], [ -92.29, 29.48 ], [ -92.62, 29.53 ], [ -92.77, 29.57 ], [ -93.03, 29.68 ], [ -93.22, 29.73 ], [ -93.29, 29.72 ], [ -93.34, 29.7 ], [ -93.43, 29.72 ], [ -93.71, 29.69 ], [ -93.77, 29.67 ], [ -93.77, 29.62 ], [ -93.81, 29.6 ], [ -93.84, 29.69 ], [ -93.87, 29.74 ], [ -93.89, 29.74 ], [ -93.89, 29.77 ], [ -93.93, 29.79 ], [ -93.93, 29.81 ], [ -93.84, 29.88 ], [ -93.79, 29.99 ], [ -93.74, 30.02 ], [ -93.72, 30.07 ], [ -93.72, 30.08 ], [ -93.7, 30.14 ], [ -93.69, 30.14 ], [ -93.7, 30.15 ], [ -93.71, 30.15 ], [ -93.7, 30.18 ], [ -93.72, 30.21 ], [ -93.7, 30.24 ], [ -93.7, 30.29 ], [ -93.74, 30.3 ], [ -93.75, 30.33 ], [ -93.77, 30.33 ], [ -93.75, 30.36 ], [ -93.76, 30.39 ], [ -93.72, 30.42 ], [ -93.7, 30.44 ], [ -93.72, 30.48 ], [ -93.71, 30.52 ], [ -93.74, 30.54 ], [ -93.71, 30.59 ], [ -93.68, 30.59 ], [ -93.68, 30.64 ], [ -93.63, 30.68 ], [ -93.62, 30.72 ], [ -93.61, 30.72 ], [ -93.62, 30.73 ], [ -93.61, 30.76 ], [ -93.59, 30.76 ], [ -93.58, 30.8 ], [ -93.56, 30.81 ], [ -93.55, 30.82 ], [ -93.57, 30.84 ], [ -93.56, 30.87 ], [ -93.57, 30.88 ], [ -93.55, 30.9 ], [ -93.56, 30.91 ], [ -93.53, 30.94 ], [ -93.53, 30.96 ], [ -93.57, 30.97 ], [ -93.56, 30.99 ], [ -93.58, 31.0 ], [ -93.57, 31.01 ], [ -93.54, 31.01 ], [ -93.51, 31.03 ], [ -93.53, 31.05 ], [ -93.52, 31.06 ], [ -93.53, 31.07 ], [ -93.55, 31.08 ], [ -93.55, 31.09 ], [ -93.56, 31.09 ], [ -93.54, 31.12 ], [ -93.55, 31.16 ], [ -93.54, 31.16 ], [ -93.53, 31.18 ], [ -93.55, 31.19 ], [ -93.59, 31.17 ], [ -93.61, 31.2 ], [ -93.6, 31.23 ], [ -93.62, 31.23 ], [ -93.62, 31.27 ], [ -93.64, 31.27 ], [ -93.69, 31.31 ], [ -93.67, 31.35 ], [ -93.64, 31.37 ], [ -93.67, 31.37 ], [ -93.67, 31.4 ], [ -93.7, 31.41 ], [ -93.69, 31.44 ], [ -93.71, 31.44 ], [ -93.7, 31.46 ], [ -93.75, 31.47 ], [ -93.75, 31.48 ], [ -93.72, 31.49 ], [ -93.71, 31.51 ], [ -93.74, 31.52 ], [ -93.75, 31.53 ], [ -93.79, 31.53 ], [ -93.83, 31.59 ], [ -93.84, 31.61 ], [ -93.82, 31.61 ], [ -93.83, 31.62 ], [ -93.81, 31.65 ], [ -93.83, 31.67 ], [ -93.79, 31.7 ], [ -93.82, 31.71 ], [ -93.81, 31.73 ], [ -93.84, 31.75 ], [ -93.82, 31.78 ], [ -93.84, 31.78 ], [ -93.84, 31.8 ], [ -93.87, 31.81 ], [ -93.89, 31.86 ], [ -93.88, 31.87 ], [ -93.9, 31.87 ], [ -93.9, 31.9 ], [ -93.93, 31.89 ], [ -93.93, 31.91 ], [ -93.97, 31.92 ], [ -94.02, 31.99 ], [ -94.04, 31.99 ], [ -94.04, 33.02 ], [ -91.17, 33.0 ] ], [ [ -93.71, 30.05 ], [ -93.7, 30.06 ], [ -93.72, 30.07 ], [ -93.71, 30.05 ] ] ] } },
{ "type": "Feature", "properties": { "GEOIDFQ": "0400000US69", "NAME": "Commonwealth of the Northern Mariana Islands" }, "geometry": { "type": "MultiPolygon", "coordinates": [ [ [ [ 145.11, 14.22 ], [ 145.24, 14.27 ], [ 145.35, 14.24 ], [ 145.37, 14.2 ], [ 145.34, 14.11 ], [ 145.3, 14.09 ], [ 145.27, 14.06 ], [ 145.18, 14.04 ], [ 145.08, 14.06 ], [ 145.06, 14.13 ], [ 145.11, 14.22 ] ] ], [ [ [ 145.65, 15.14 ], [ 145.67, 15.16 ], [ 145.71, 15.28 ], [ 145.78, 15.35 ], [ 145.85, 15.35 ], [ 145.9, 15.31 ], [ 145.91, 15.27 ], [ 145.88, 15.19 ], [ 145.88, 15.14 ], [ 145.84, 15.12 ], [ 145.8, 15.08 ], [ 145.75, 15.07 ], [ 145.75, 14.97 ], [ 145.73, 14.92 ], [ 145.68, 14.86 ], [ 145.65, 14.86 ], [ 145.59, 14.78 ], [ 145.53, 14.77 ], [ 145.48, 14.8 ], [ 145.47, 14.85 ], [ 145.49, 14.9 ], [ 145.56, 14.93 ], [ 145.52, 14.97 ], [ 145.51, 15.03 ], [ 145.54, 15.09 ], [ 145.59, 15.13 ], [ 145.65, 15.14 ] ] ], [ [ [ 145.8, 17.68 ], [ 145.86, 17.69 ], [ 145.89, 17.68 ], [ 145.92, 17.65 ], [ 145.92, 17.57 ], [ 145.9, 17.53 ], [ 145.87, 17.52 ], [ 145.82, 17.51 ], [ 145.78, 17.54 ], [ 145.75, 17.56 ], [ 145.75, 17.6 ], [ 145.8, 17.68 ] ] ], [ [ [ 145.69, 18.18 ], [ 145.72, 18.21 ], [ 145.77, 18.24 ], [ 145.86, 18.22 ], [ 145.89, 18.16 ], [ 145.88, 18.09 ], [ 145.84, 18.05 ], [ 145.74, 17.99 ], [ 145.72, 17.99 ], [ 145.66, 18.01 ], [ 145.64, 18.06 ], [ 145.69, 18.18 ] ] ], [ [ [ 145.61, 18.87 ], [ 145.68, 18.88 ], [ 145.71, 18.87 ], [ 145.75, 18.83 ], [ 145.77, 18.75 ], [ 145.74, 18.69 ], [ 145.68, 18.66 ], [ 145.66, 18.66 ], [ 145.61, 18.68 ], [ 145.56, 18.78 ], [ 145.61, 18.87 ] ] ], [ [ [ 145.36, 19.76 ], [ 145.4, 19.76 ], [ 145.44, 19.76 ], [ 145.47, 19.73 ], [ 145.5, 19.68 ], [ 145.45, 19.6 ], [ 145.4, 19.59 ], [ 145.33, 19.62 ], [ 145.31, 19.7 ], [ 145.36, 19.76 ] ] ], [ [ [ 145.16, 20.09 ], [ 145.23, 20.1 ], [ 145.29, 20.08 ], [ 145.31, 20.03 ], [ 145.28, 19.97 ], [ 145.25, 19.95 ], [ 145.21, 19.95 ], [ 145.18, 19.95 ], [ 145.14, 19.99 ], [ 145.13, 20.04 ], [ 145.16, 20.09 ] ] ], [ [ [ 146.05, 16.09 ], [ 146.09, 16.1 ], [ 146.14, 16.07 ], [ 146.15, 16.02 ], [ 146.13, 15.98 ], [ 146.09, 15.95 ], [ 146.04, 15.95 ], [ 146.01, 15.97 ], [ 146.0, 16.03 ], [ 146.05, 16.09 ] ] ], [ [ [ 145.8, 17.39 ], [ 145.85, 17.4 ], [ 145.9, 17.39 ], [ 145.94, 17.34 ], [ 145.91, 17.27 ], [ 145.89, 17.24 ], [ 145.85, 17.23 ], [ 145.81, 17.24 ], [ 145.77, 17.27 ], [ 145.76, 17.34 ], [ 145.8, 17.39 ] ] ], [ [ [ 145.72, 16.76 ], [ 145.79, 16.79 ], [ 145.82, 16.78 ], [ 145.87, 16.74 ], [ 145.87, 16.69 ], [ 145.84, 16.65 ], [ 145.76, 16.63 ], [ 145.71, 16.67 ], [ 145.7, 16.72 ], [ 145.72, 16.76 ] ] ], [ [ [ 145.57, 16.4 ], [ 145.63, 16.44 ], [ 145.68, 16.45 ], [ 145.75, 16.44 ], [ 145.77, 16.41 ], [ 145.78, 16.36 ], [ 145.77, 16.32 ], [ 145.73, 16.29 ], [ 145.69, 16.27 ], [ 145.65, 16.27 ], [ 145.58, 16.31 ], [ 145.56, 16.37 ], [ 145.57, 16.4 ] ] ], [ [ [ 144.85, 20.61 ], [ 144.92, 20.61 ], [ 144.97, 20.58 ], [ 144.98, 20.53 ], [ 144.93, 20.47 ], [ 144.86, 20.47 ], [ 144.83, 20.49 ], [ 144.82, 20.56 ], [ 144.85, 20.61 ] ] ] ] } },
{ "type": "Feature", "properties": { "GEOIDFQ": "0400000US66", "NAME": "Guam" }, "geometry": { "type": "Polygon", "coordinates": [ [ [ 144.58, 13.48 ], [ 144.61, 13.51 ], [ 144.73, 13.53 ], [ 144.75, 13.55 ], [ 144.79, 13.65 ], [ 144.84, 13.7 ], [ 144.89, 13.7 ], [ 144.94, 13.65 ], [ 144.98, 13.64 ], [ 145.0, 13.62 ], [ 145.01, 13.59 ], [ 144.97, 13.5 ], [ 144.83, 13.38 ], [ 144.82, 13.28 ], [ 144.74, 13.2 ], [ 144.64, 13.18 ], [ 144.6, 13.21 ], [ 144.59, 13.24 ], [ 144.61, 13.27 ], [ 144.58, 13.34 ], [ 144.59, 13.39 ], [ 144.56, 13.45 ], [ 144.58, 13.48 ] ] ] } },
{ "type": "Feature", "properties": { "GEOIDFQ": "0400000US23", "NAME": "Maine" }, "geometry": { "type": "Polygon", "coordinates": [ [ [ -67.72, 45.66 ], [ -67.73, 45.69 ], [ -67.65, 45.61 ], [ -67.64, 45.63 ], [ -67.61, 45.61 ], [ -67.52, 45.59 ], [ -67.5, 45.59 ], [ -67.49, 45.6 ], [ -67.46, 45.6 ], [ -67.43, 45.58 ], [ -67.42, 45.55 ], [ -67.43, 45.53 ], [ -67.42, 45.5 ], [ -67.45, 45.51 ], [ -67.45, 45.5 ], [ -67.46, 45.51 ], [ -67.47, 45.5 ], [ -67.5, 45.49 ], [ -67.47, 45.43 ], [ -67.42, 45.38 ], [ -67.43, 45.36 ], [ -67.43, 45.34 ], [ -67.46, 45.33 ], [ -67.46, 45.3 ], [ -67.49, 45.28 ], [ -67.44, 45.23 ], [ -67.43, 45.19 ], [ -67.4, 45.18 ], [ -67.41, 45.16 ], [ -67.35, 45.13 ], [ -67.3, 45.15 ], [ -67.3, 45.16 ], [ -67.28, 45.19 ], [ -67.23, 45.16 ], [ -67.21, 45.17 ], [ -67.16, 45.16 ], [ -67.11, 45.11 ], [ -67.02, 44.95 ], [ -66.97, 44.91 ], [ -66.98, 44.87 ], [ -66.97, 44.84 ], [ -66.89, 44.79 ], [ -66.9, 44.78 ], [ -66.95, 44.76 ], [ -67.1, 44.63 ], [ -67.22, 44.56 ], [ -67.3, 44.55 ], [ -67.34, 44.52 ], [ -67.44, 44.51 ], [ -67.44, 44.48 ], [ -67.47, 44.45 ], [ -67.57, 44.4 ], [ -67.63, 44.38 ], [ -67.67, 44.39 ], [ -67.72, 44.39 ], [ -67.77, 44.41 ], [ -67.81, 44.39 ], [ -67.8, 44.36 ], [ -67.82, 44.33 ], [ -67.87, 44.32 ], [ -67.93, 44.34 ], [ -68.0, 44.28 ], [ -68.13, 44.26 ], [ -68.12, 44.23 ], [ -68.17, 44.19 ], [ -68.18, 44.13 ], [ -68.2, 44.1 ], [ -68.26, 44.09 ], [ -68.31, 44.05 ], [ -68.37, 44.05 ], [ -68.44, 44.05 ], [ -68.48, 44.03 ], [ -68.49, 44.01 ], [ -68.57, 43.96 ], [ -68.66, 43.95 ], [ -68.72, 43.96 ], [ -68.74, 43.94 ], [ -68.71, 43.94 ], [ -68.68, 43.92 ], [ -68.66, 43.89 ], [ -68.67, 43.87 ], [ -68.79, 43.8 ], [ -68.79, 43.77 ], [ -68.83, 43.74 ], [ -68.87, 43.73 ], [ -68.93, 43.75 ], [ -68.95, 43.78 ], [ -69.01, 43.8 ], [ -69.02, 43.84 ], [ -69.06, 43.86 ], [ -69.08, 43.83 ], [ -69.15, 43.8 ], [ -69.2, 43.8 ], [ -69.24, 43.83 ], [ -69.26, 43.82 ], [ -69.23, 43.78 ], [ -69.24, 43.75 ], [ -69.28, 43.71 ], [ -69.34, 43.7 ], [ -69.39, 43.74 ], [ -69.4, 43.76 ], [ -69.39, 43.8 ], [ -69.41, 43.81 ], [ -69.51, 43.78 ], [ -69.52, 43.73 ], [ -69.55, 43.71 ], [ -69.62, 43.7 ], [ -69.66, 43.71 ], [ -69.73, 43.66 ], [ -69.86, 43.65 ], [ -70.16, 43.52 ], [ -70.28, 43.41 ], [ -70.32, 43.39 ], [ -70.37, 43.32 ], [ -70.42, 43.3 ], [ -70.49, 43.29 ], [ -70.52, 43.25 ], [ -70.51, 43.22 ], [ -70.52, 43.15 ], [ -70.49, 43.17 ], [ -70.44, 43.17 ], [ -70.41, 43.14 ], [ -70.4, 43.11 ], [ -70.42, 43.09 ], [ -70.46, 43.07 ], [ -70.49, 43.07 ], [ -70.53, 43.09 ], [ -70.54, 43.13 ], [ -70.58, 43.1 ], [ -70.6, 43.06 ], [ -70.55, 43.04 ], [ -70.53, 43.01 ], [ -70.54, 42.94 ], [ -70.58, 42.92 ], [ -70.61, 42.98 ], [ -70.7, 43.05 ], [ -70.71, 43.08 ], [ -70.76, 43.08 ], [ -70.83, 43.13 ], [ -70.83, 43.19 ], [ -70.81, 43.23 ], [ -70.91, 43.29 ], [ -70.9, 43.3 ], [ -70.93, 43.34 ], [ -70.96, 43.33 ], [ -70.99, 43.38 ], [ -70.99, 43.41 ], [ -70.96, 43.44 ], [ -70.96, 43.47 ], [ -70.98, 43.48 ], [ -70.95, 43.51 ], [ -70.96, 43.54 ], [ -70.95, 43.55 ], [ -70.97, 43.57 ], [ -71.03, 44.7 ], [ -71.08, 45.31 ], [ -71.01, 45.32 ], [ -71.01, 45.35 ], [ -70.98, 45.33 ], [ -70.95, 45.34 ], [ -70.92, 45.31 ], [ -70.92, 45.28 ], [ -70.9, 45.24 ], [ -70.86, 45.23 ], [ -70.84, 45.23 ], [ -70.85, 45.26 ], [ -70.83, 45.28 ], [ -70.84, 45.29 ], [ -70.81, 45.31 ], [ -70.82, 45.34 ], [ -70.8, 45.37 ], [ -70.83, 45.4 ], [ -70.8, 45.43 ], [ -70.75, 45.43 ], [ -70.71, 45.39 ], [ -70.68, 45.39 ], [ -70.65, 45.38 ], [ -70.63, 45.38 ], [ -70.62, 45.4 ], [ -70.64, 45.41 ], [ -70.63, 45.43 ], [ -70.65, 45.44 ], [ -70.68, 45.45 ], [ -70.69, 45.47 ], [ -70.72, 45.49 ], [ -70.72, 45.51 ], [ -70.68, 45.55 ], [ -70.69, 45.57 ], [ -70.64, 45.61 ], [ -70.59, 45.63 ], [ -70.56, 45.67 ], [ -70.53, 45.67 ], [ -70.47, 45.71 ], [ -70.44, 45.7 ], [ -70.4, 45.72 ], [ -70.38, 45.73 ], [ -70.42, 45.8 ], [ -70.4, 45.8 ], [ -70.37, 45.84 ], [ -70.31, 45.86 ], [ -70.26, 45.89 ], [ -70.26, 45.92 ], [ -70.24, 45.94 ], [ -70.28, 45.97 ], [ -70.32, 45.96 ], [ -70.28, 46.0 ], [ -70.3, 46.0 ], [ -70.32, 46.02 ], [ -70.28, 46.06 ], [ -70.31, 46.06 ], [ -70.3, 46.08 ], [ -70.29, 46.1 ], [ -70.25, 46.1 ], [ -70.24, 46.15 ], [ -70.29, 46.19 ], [ -70.23, 46.29 ], [ -70.21, 46.3 ], [ -70.21, 46.33 ], [ -70.19, 46.35 ], [ -70.13, 46.37 ], [ -70.1, 46.41 ], [ -70.06, 46.42 ], [ -70.0, 46.7 ], [ -69.22, 47.46 ], [ -69.12, 47.44 ], [ -69.09, 47.42 ], [ -69.06, 47.43 ], [ -69.05, 47.42 ], [ -69.04, 47.43 ], [ -69.03, 47.41 ], [ -69.05, 47.38 ], [ -69.05, 47.26 ], [ -68.9, 47.18 ], [ -68.81, 47.22 ], [ -68.72, 47.24 ], [ -68.62, 47.24 ], [ -68.59, 47.26 ], [ -68.6, 47.27 ], [ -68.58, 47.29 ], [ -68.55, 47.28 ], [ -68.52, 47.3 ], [ -68.48, 47.3 ], [ -68.45, 47.28 ], [ -68.38, 47.29 ], [ -68.38, 47.32 ], [ -68.36, 47.35 ], [ -68.23, 47.36 ], [ -68.21, 47.34 ], [ -68.15, 47.33 ], [ -68.14, 47.3 ], [ -67.96, 47.2 ], [ -67.88, 47.1 ], [ -67.79, 47.07 ], [ -67.78, 45.94 ], [ -67.75, 45.92 ], [ -67.8, 45.88 ], [ -67.8, 45.86 ], [ -67.76, 45.82 ], [ -67.78, 45.82 ], [ -67.81, 45.79 ], [ -67.81, 45.76 ], [ -67.78, 45.73 ], [ -67.81, 45.73 ], [ -67.8, 45.7 ], [ -67.82, 45.69 ], [ -67.81, 45.68 ], [ -67.72, 45.66 ] ] ] } }
]
}
